2 1 1 129 257 AND
2 1 2 257 258 AND
2 1 130 131 259 AND
2 1 258 259 260 AND
2 1 3 131 261 AND
2 1 4 261 262 AND
2 1 5 262 263 AND
2 1 260 263 264 AND
2 1 5 132 265 AND
2 1 133 134 266 AND
2 1 265 266 267 AND
2 1 264 267 268 AND
2 1 6 134 269 AND
2 1 7 269 270 AND
2 1 8 270 271 AND
2 1 268 271 272 AND
2 1 8 135 273 AND
2 1 136 137 274 AND
2 1 273 274 275 AND
2 1 272 275 276 AND
2 1 9 137 277 AND
2 1 10 277 278 AND
2 1 11 278 279 AND
2 1 276 279 280 AND
2 1 11 138 281 AND
2 1 139 140 282 AND
2 1 281 282 283 AND
2 1 280 283 284 AND
2 1 12 140 285 AND
2 1 13 285 286 AND
2 1 14 286 287 AND
2 1 284 287 288 AND
2 1 14 141 289 AND
2 1 142 143 290 AND
2 1 289 290 291 AND
2 1 288 291 292 AND
2 1 15 143 293 AND
2 1 16 293 294 AND
2 1 17 294 295 AND
2 1 292 295 296 AND
2 1 17 144 297 AND
2 1 145 146 298 AND
2 1 297 298 299 AND
2 1 296 299 300 AND
2 1 18 146 301 AND
2 1 19 301 302 AND
2 1 20 302 303 AND
2 1 300 303 304 AND
2 1 20 147 305 AND
2 1 148 149 306 AND
2 1 305 306 307 AND
2 1 304 307 308 AND
2 1 21 149 309 AND
2 1 22 309 310 AND
2 1 23 310 311 AND
2 1 308 311 312 AND
2 1 23 150 313 AND
2 1 151 152 314 AND
2 1 313 314 315 AND
2 1 312 315 316 AND
2 1 24 152 317 AND
2 1 25 317 318 AND
2 1 26 318 319 AND
2 1 316 319 320 AND
2 1 26 153 321 AND
2 1 154 155 322 AND
2 1 321 322 323 AND
2 1 320 323 324 AND
2 1 27 155 325 AND
2 1 28 325 326 AND
2 1 29 326 327 AND
2 1 324 327 328 AND
2 1 29 156 329 AND
2 1 157 158 330 AND
2 1 329 330 331 AND
2 1 328 331 332 AND
2 1 30 158 333 AND
2 1 31 333 334 AND
2 1 32 334 335 AND
2 1 332 335 336 AND
2 1 32 159 337 AND
2 1 160 161 338 AND
2 1 337 338 339 AND
2 1 336 339 340 AND
2 1 33 161 341 AND
2 1 34 341 342 AND
2 1 35 342 343 AND
2 1 340 343 344 AND
2 1 35 162 345 AND
2 1 163 164 346 AND
2 1 345 346 347 AND
2 1 344 347 348 AND
2 1 36 164 349 AND
2 1 37 349 350 AND
2 1 38 350 351 AND
2 1 348 351 352 AND
2 1 38 165 353 AND
2 1 166 167 354 AND
2 1 353 354 355 AND
2 1 352 355 356 AND
2 1 39 167 357 AND
2 1 40 357 358 AND
2 1 41 358 359 AND
2 1 356 359 360 AND
2 1 41 168 361 AND
2 1 169 170 362 AND
2 1 361 362 363 AND
2 1 360 363 364 AND
2 1 42 170 365 AND
2 1 43 365 366 AND
2 1 44 366 367 AND
2 1 364 367 368 AND
2 1 44 171 369 AND
2 1 172 173 370 AND
2 1 369 370 371 AND
2 1 368 371 372 AND
2 1 45 173 373 AND
2 1 46 373 374 AND
2 1 47 374 375 AND
2 1 372 375 376 AND
2 1 47 174 377 AND
2 1 175 176 378 AND
2 1 377 378 379 AND
2 1 376 379 380 AND
2 1 48 176 381 AND
2 1 49 381 382 AND
2 1 50 382 383 AND
2 1 380 383 384 AND
2 1 50 177 385 AND
2 1 178 179 386 AND
2 1 385 386 387 AND
2 1 384 387 388 AND
2 1 51 179 389 AND
2 1 52 389 390 AND
2 1 53 390 391 AND
2 1 388 391 392 AND
2 1 53 180 393 AND
2 1 181 182 394 AND
2 1 393 394 395 AND
2 1 392 395 396 AND
2 1 54 182 397 AND
2 1 55 397 398 AND
2 1 56 398 399 AND
2 1 396 399 400 AND
2 1 56 183 401 AND
2 1 184 185 402 AND
2 1 401 402 403 AND
2 1 400 403 404 AND
2 1 57 185 405 AND
2 1 58 405 406 AND
2 1 59 406 407 AND
2 1 404 407 408 AND
2 1 59 186 409 AND
2 1 187 188 410 AND
2 1 409 410 411 AND
2 1 408 411 412 AND
2 1 60 188 413 AND
2 1 61 413 414 AND
2 1 62 414 415 AND
2 1 412 415 416 AND
2 1 62 189 417 AND
2 1 190 191 418 AND
2 1 417 418 419 AND
2 1 416 419 420 AND
2 1 63 191 421 AND
2 1 64 421 422 AND
2 1 65 422 423 AND
2 1 420 423 424 AND
2 1 65 192 425 AND
2 1 193 194 426 AND
2 1 425 426 427 AND
2 1 424 427 428 AND
2 1 66 194 429 AND
2 1 67 429 430 AND
2 1 68 430 431 AND
2 1 428 431 432 AND
2 1 68 195 433 AND
2 1 196 197 434 AND
2 1 433 434 435 AND
2 1 432 435 436 AND
2 1 69 197 437 AND
2 1 70 437 438 AND
2 1 71 438 439 AND
2 1 436 439 440 AND
2 1 71 198 441 AND
2 1 199 200 442 AND
2 1 441 442 443 AND
2 1 440 443 444 AND
2 1 72 200 445 AND
2 1 73 445 446 AND
2 1 74 446 447 AND
2 1 444 447 448 AND
2 1 74 201 449 AND
2 1 202 203 450 AND
2 1 449 450 451 AND
2 1 448 451 452 AND
2 1 75 203 453 AND
2 1 76 453 454 AND
2 1 77 454 455 AND
2 1 452 455 456 AND
2 1 77 204 457 AND
2 1 205 206 458 AND
2 1 457 458 459 AND
2 1 456 459 460 AND
2 1 78 206 461 AND
2 1 79 461 462 AND
2 1 80 462 463 AND
2 1 460 463 464 AND
2 1 80 207 465 AND
2 1 208 209 466 AND
2 1 465 466 467 AND
2 1 464 467 468 AND
2 1 81 209 469 AND
2 1 82 469 470 AND
2 1 83 470 471 AND
2 1 468 471 472 AND
2 1 83 210 473 AND
2 1 211 212 474 AND
2 1 473 474 475 AND
2 1 472 475 476 AND
2 1 84 212 477 AND
2 1 85 477 478 AND
2 1 86 478 479 AND
2 1 476 479 480 AND
2 1 86 213 481 AND
2 1 214 215 482 AND
2 1 481 482 483 AND
2 1 480 483 484 AND
2 1 87 215 485 AND
2 1 88 485 486 AND
2 1 89 486 487 AND
2 1 484 487 488 AND
2 1 89 216 489 AND
2 1 217 218 490 AND
2 1 489 490 491 AND
2 1 488 491 492 AND
2 1 90 218 493 AND
2 1 91 493 494 AND
2 1 92 494 495 AND
2 1 492 495 496 AND
2 1 92 219 497 AND
2 1 220 221 498 AND
2 1 497 498 499 AND
2 1 496 499 500 AND
2 1 93 221 501 AND
2 1 94 501 502 AND
2 1 95 502 503 AND
2 1 500 503 504 AND
2 1 95 222 505 AND
2 1 223 224 506 AND
2 1 505 506 507 AND
2 1 504 507 508 AND
2 1 96 224 509 AND
2 1 97 509 510 AND
2 1 98 510 511 AND
2 1 508 511 512 AND
2 1 98 225 513 AND
2 1 226 227 514 AND
2 1 513 514 515 AND
2 1 512 515 516 AND
2 1 99 227 517 AND
2 1 100 517 518 AND
2 1 101 518 519 AND
2 1 516 519 520 AND
2 1 101 228 521 AND
2 1 229 230 522 AND
2 1 521 522 523 AND
2 1 520 523 524 AND
2 1 102 230 525 AND
2 1 103 525 526 AND
2 1 104 526 527 AND
2 1 524 527 528 AND
2 1 104 231 529 AND
2 1 232 233 530 AND
2 1 529 530 531 AND
2 1 528 531 532 AND
2 1 105 233 533 AND
2 1 106 533 534 AND
2 1 107 534 535 AND
2 1 532 535 536 AND
2 1 107 234 537 AND
2 1 235 236 538 AND
2 1 537 538 539 AND
2 1 536 539 540 AND
2 1 108 236 541 AND
2 1 109 541 542 AND
2 1 110 542 543 AND
2 1 540 543 544 AND
2 1 110 237 545 AND
2 1 238 239 546 AND
2 1 545 546 547 AND
2 1 544 547 548 AND
2 1 111 239 549 AND
2 1 112 549 550 AND
2 1 113 550 551 AND
2 1 548 551 552 AND
2 1 113 240 553 AND
2 1 241 242 554 AND
2 1 553 554 555 AND
2 1 552 555 556 AND
2 1 114 242 557 AND
2 1 115 557 558 AND
2 1 116 558 559 AND
2 1 556 559 560 AND
2 1 116 243 561 AND
2 1 244 245 562 AND
2 1 561 562 563 AND
2 1 560 563 564 AND
2 1 117 245 565 AND
2 1 118 565 566 AND
2 1 119 566 567 AND
2 1 564 567 568 AND
2 1 119 246 569 AND
2 1 247 248 570 AND
2 1 569 570 571 AND
2 1 568 571 572 AND
2 1 120 248 573 AND
2 1 121 573 574 AND
2 1 122 574 575 AND
2 1 572 575 576 AND
2 1 122 249 577 AND
2 1 250 251 578 AND
2 1 577 578 579 AND
2 1 576 579 580 AND
2 1 123 251 581 AND
2 1 124 581 582 AND
2 1 125 582 583 AND
2 1 580 583 584 AND
2 1 125 252 585 AND
2 1 253 254 586 AND
2 1 585 586 587 AND
2 1 584 587 588 AND
2 1 126 254 589 AND
2 1 127 589 590 AND
2 1 0 590 591 AND
2 1 588 591 592 AND
2 1 0 255 593 AND
2 1 128 593 594 AND
2 1 592 594 595 AND
2 1 2 130 596 AND
2 1 3 596 597 AND
2 1 131 132 598 AND
2 1 597 598 599 AND
2 1 4 132 600 AND
2 1 5 600 601 AND
2 1 6 601 602 AND
2 1 599 602 603 AND
2 1 6 133 604 AND
2 1 134 135 605 AND
2 1 604 605 606 AND
2 1 603 606 607 AND
2 1 7 135 608 AND
2 1 8 608 609 AND
2 1 9 609 610 AND
2 1 607 610 611 AND
2 1 9 136 612 AND
2 1 137 138 613 AND
2 1 612 613 614 AND
2 1 611 614 615 AND
2 1 10 138 616 AND
2 1 11 616 617 AND
2 1 12 617 618 AND
2 1 615 618 619 AND
2 1 12 139 620 AND
2 1 140 141 621 AND
2 1 620 621 622 AND
2 1 619 622 623 AND
2 1 13 141 624 AND
2 1 14 624 625 AND
2 1 15 625 626 AND
2 1 623 626 627 AND
2 1 15 142 628 AND
2 1 143 144 629 AND
2 1 628 629 630 AND
2 1 627 630 631 AND
2 1 16 144 632 AND
2 1 17 632 633 AND
2 1 18 633 634 AND
2 1 631 634 635 AND
2 1 18 145 636 AND
2 1 146 147 637 AND
2 1 636 637 638 AND
2 1 635 638 639 AND
2 1 19 147 640 AND
2 1 20 640 641 AND
2 1 21 641 642 AND
2 1 639 642 643 AND
2 1 21 148 644 AND
2 1 149 150 645 AND
2 1 644 645 646 AND
2 1 643 646 647 AND
2 1 22 150 648 AND
2 1 23 648 649 AND
2 1 24 649 650 AND
2 1 647 650 651 AND
2 1 24 151 652 AND
2 1 152 153 653 AND
2 1 652 653 654 AND
2 1 651 654 655 AND
2 1 25 153 656 AND
2 1 26 656 657 AND
2 1 27 657 658 AND
2 1 655 658 659 AND
2 1 27 154 660 AND
2 1 155 156 661 AND
2 1 660 661 662 AND
2 1 659 662 663 AND
2 1 28 156 664 AND
2 1 29 664 665 AND
2 1 30 665 666 AND
2 1 663 666 667 AND
2 1 30 157 668 AND
2 1 158 159 669 AND
2 1 668 669 670 AND
2 1 667 670 671 AND
2 1 31 159 672 AND
2 1 32 672 673 AND
2 1 33 673 674 AND
2 1 671 674 675 AND
2 1 33 160 676 AND
2 1 161 162 677 AND
2 1 676 677 678 AND
2 1 675 678 679 AND
2 1 34 162 680 AND
2 1 35 680 681 AND
2 1 36 681 682 AND
2 1 679 682 683 AND
2 1 36 163 684 AND
2 1 164 165 685 AND
2 1 684 685 686 AND
2 1 683 686 687 AND
2 1 37 165 688 AND
2 1 38 688 689 AND
2 1 39 689 690 AND
2 1 687 690 691 AND
2 1 39 166 692 AND
2 1 167 168 693 AND
2 1 692 693 694 AND
2 1 691 694 695 AND
2 1 40 168 696 AND
2 1 41 696 697 AND
2 1 42 697 698 AND
2 1 695 698 699 AND
2 1 42 169 700 AND
2 1 170 171 701 AND
2 1 700 701 702 AND
2 1 699 702 703 AND
2 1 43 171 704 AND
2 1 44 704 705 AND
2 1 45 705 706 AND
2 1 703 706 707 AND
2 1 45 172 708 AND
2 1 173 174 709 AND
2 1 708 709 710 AND
2 1 707 710 711 AND
2 1 46 174 712 AND
2 1 47 712 713 AND
2 1 48 713 714 AND
2 1 711 714 715 AND
2 1 48 175 716 AND
2 1 176 177 717 AND
2 1 716 717 718 AND
2 1 715 718 719 AND
2 1 49 177 720 AND
2 1 50 720 721 AND
2 1 51 721 722 AND
2 1 719 722 723 AND
2 1 51 178 724 AND
2 1 179 180 725 AND
2 1 724 725 726 AND
2 1 723 726 727 AND
2 1 52 180 728 AND
2 1 53 728 729 AND
2 1 54 729 730 AND
2 1 727 730 731 AND
2 1 54 181 732 AND
2 1 182 183 733 AND
2 1 732 733 734 AND
2 1 731 734 735 AND
2 1 55 183 736 AND
2 1 56 736 737 AND
2 1 57 737 738 AND
2 1 735 738 739 AND
2 1 57 184 740 AND
2 1 185 186 741 AND
2 1 740 741 742 AND
2 1 739 742 743 AND
2 1 58 186 744 AND
2 1 59 744 745 AND
2 1 60 745 746 AND
2 1 743 746 747 AND
2 1 60 187 748 AND
2 1 188 189 749 AND
2 1 748 749 750 AND
2 1 747 750 751 AND
2 1 61 189 752 AND
2 1 62 752 753 AND
2 1 63 753 754 AND
2 1 751 754 755 AND
2 1 63 190 756 AND
2 1 191 192 757 AND
2 1 756 757 758 AND
2 1 755 758 759 AND
2 1 64 192 760 AND
2 1 65 760 761 AND
2 1 66 761 762 AND
2 1 759 762 763 AND
2 1 66 193 764 AND
2 1 194 195 765 AND
2 1 764 765 766 AND
2 1 763 766 767 AND
2 1 67 195 768 AND
2 1 68 768 769 AND
2 1 69 769 770 AND
2 1 767 770 771 AND
2 1 69 196 772 AND
2 1 197 198 773 AND
2 1 772 773 774 AND
2 1 771 774 775 AND
2 1 70 198 776 AND
2 1 71 776 777 AND
2 1 72 777 778 AND
2 1 775 778 779 AND
2 1 72 199 780 AND
2 1 200 201 781 AND
2 1 780 781 782 AND
2 1 779 782 783 AND
2 1 73 201 784 AND
2 1 74 784 785 AND
2 1 75 785 786 AND
2 1 783 786 787 AND
2 1 75 202 788 AND
2 1 203 204 789 AND
2 1 788 789 790 AND
2 1 787 790 791 AND
2 1 76 204 792 AND
2 1 77 792 793 AND
2 1 78 793 794 AND
2 1 791 794 795 AND
2 1 78 205 796 AND
2 1 206 207 797 AND
2 1 796 797 798 AND
2 1 795 798 799 AND
2 1 79 207 800 AND
2 1 80 800 801 AND
2 1 81 801 802 AND
2 1 799 802 803 AND
2 1 81 208 804 AND
2 1 209 210 805 AND
2 1 804 805 806 AND
2 1 803 806 807 AND
2 1 82 210 808 AND
2 1 83 808 809 AND
2 1 84 809 810 AND
2 1 807 810 811 AND
2 1 84 211 812 AND
2 1 212 213 813 AND
2 1 812 813 814 AND
2 1 811 814 815 AND
2 1 85 213 816 AND
2 1 86 816 817 AND
2 1 87 817 818 AND
2 1 815 818 819 AND
2 1 87 214 820 AND
2 1 215 216 821 AND
2 1 820 821 822 AND
2 1 819 822 823 AND
2 1 88 216 824 AND
2 1 89 824 825 AND
2 1 90 825 826 AND
2 1 823 826 827 AND
2 1 90 217 828 AND
2 1 218 219 829 AND
2 1 828 829 830 AND
2 1 827 830 831 AND
2 1 91 219 832 AND
2 1 92 832 833 AND
2 1 93 833 834 AND
2 1 831 834 835 AND
2 1 93 220 836 AND
2 1 221 222 837 AND
2 1 836 837 838 AND
2 1 835 838 839 AND
2 1 94 222 840 AND
2 1 95 840 841 AND
2 1 96 841 842 AND
2 1 839 842 843 AND
2 1 96 223 844 AND
2 1 224 225 845 AND
2 1 844 845 846 AND
2 1 843 846 847 AND
2 1 97 225 848 AND
2 1 98 848 849 AND
2 1 99 849 850 AND
2 1 847 850 851 AND
2 1 99 226 852 AND
2 1 227 228 853 AND
2 1 852 853 854 AND
2 1 851 854 855 AND
2 1 100 228 856 AND
2 1 101 856 857 AND
2 1 102 857 858 AND
2 1 855 858 859 AND
2 1 102 229 860 AND
2 1 230 231 861 AND
2 1 860 861 862 AND
2 1 859 862 863 AND
2 1 103 231 864 AND
2 1 104 864 865 AND
2 1 105 865 866 AND
2 1 863 866 867 AND
2 1 105 232 868 AND
2 1 233 234 869 AND
2 1 868 869 870 AND
2 1 867 870 871 AND
2 1 106 234 872 AND
2 1 107 872 873 AND
2 1 108 873 874 AND
2 1 871 874 875 AND
2 1 108 235 876 AND
2 1 236 237 877 AND
2 1 876 877 878 AND
2 1 875 878 879 AND
2 1 109 237 880 AND
2 1 110 880 881 AND
2 1 111 881 882 AND
2 1 879 882 883 AND
2 1 111 238 884 AND
2 1 239 240 885 AND
2 1 884 885 886 AND
2 1 883 886 887 AND
2 1 112 240 888 AND
2 1 113 888 889 AND
2 1 114 889 890 AND
2 1 887 890 891 AND
2 1 114 241 892 AND
2 1 242 243 893 AND
2 1 892 893 894 AND
2 1 891 894 895 AND
2 1 115 243 896 AND
2 1 116 896 897 AND
2 1 117 897 898 AND
2 1 895 898 899 AND
2 1 117 244 900 AND
2 1 245 246 901 AND
2 1 900 901 902 AND
2 1 899 902 903 AND
2 1 118 246 904 AND
2 1 119 904 905 AND
2 1 120 905 906 AND
2 1 903 906 907 AND
2 1 120 247 908 AND
2 1 248 249 909 AND
2 1 908 909 910 AND
2 1 907 910 911 AND
2 1 121 249 912 AND
2 1 122 912 913 AND
2 1 123 913 914 AND
2 1 911 914 915 AND
2 1 123 250 916 AND
2 1 251 252 917 AND
2 1 916 917 918 AND
2 1 915 918 919 AND
2 1 124 252 920 AND
2 1 125 920 921 AND
2 1 126 921 922 AND
2 1 919 922 923 AND
2 1 126 253 924 AND
2 1 254 255 925 AND
2 1 924 925 926 AND
2 1 923 926 927 AND
2 1 127 255 928 AND
2 1 0 928 929 AND
2 1 1 929 930 AND
2 1 927 930 931 AND
2 1 1 128 932 AND
2 1 129 932 933 AND
2 1 931 933 934 AND
2 1 132 133 935 AND
2 1 262 935 936 AND
2 1 5 133 937 AND
2 1 6 937 938 AND
2 1 7 938 939 AND
2 1 936 939 940 AND
2 1 7 134 941 AND
2 1 135 136 942 AND
2 1 941 942 943 AND
2 1 940 943 944 AND
2 1 8 136 945 AND
2 1 9 945 946 AND
2 1 10 946 947 AND
2 1 944 947 948 AND
2 1 10 137 949 AND
2 1 138 139 950 AND
2 1 949 950 951 AND
2 1 948 951 952 AND
2 1 11 139 953 AND
2 1 12 953 954 AND
2 1 13 954 955 AND
2 1 952 955 956 AND
2 1 13 140 957 AND
2 1 141 142 958 AND
2 1 957 958 959 AND
2 1 956 959 960 AND
2 1 14 142 961 AND
2 1 15 961 962 AND
2 1 16 962 963 AND
2 1 960 963 964 AND
2 1 16 143 965 AND
2 1 144 145 966 AND
2 1 965 966 967 AND
2 1 964 967 968 AND
2 1 17 145 969 AND
2 1 18 969 970 AND
2 1 19 970 971 AND
2 1 968 971 972 AND
2 1 19 146 973 AND
2 1 147 148 974 AND
2 1 973 974 975 AND
2 1 972 975 976 AND
2 1 20 148 977 AND
2 1 21 977 978 AND
2 1 22 978 979 AND
2 1 976 979 980 AND
2 1 22 149 981 AND
2 1 150 151 982 AND
2 1 981 982 983 AND
2 1 980 983 984 AND
2 1 23 151 985 AND
2 1 24 985 986 AND
2 1 25 986 987 AND
2 1 984 987 988 AND
2 1 25 152 989 AND
2 1 153 154 990 AND
2 1 989 990 991 AND
2 1 988 991 992 AND
2 1 26 154 993 AND
2 1 27 993 994 AND
2 1 28 994 995 AND
2 1 992 995 996 AND
2 1 28 155 997 AND
2 1 156 157 998 AND
2 1 997 998 999 AND
2 1 996 999 1000 AND
2 1 29 157 1001 AND
2 1 30 1001 1002 AND
2 1 31 1002 1003 AND
2 1 1000 1003 1004 AND
2 1 31 158 1005 AND
2 1 159 160 1006 AND
2 1 1005 1006 1007 AND
2 1 1004 1007 1008 AND
2 1 32 160 1009 AND
2 1 33 1009 1010 AND
2 1 34 1010 1011 AND
2 1 1008 1011 1012 AND
2 1 34 161 1013 AND
2 1 162 163 1014 AND
2 1 1013 1014 1015 AND
2 1 1012 1015 1016 AND
2 1 35 163 1017 AND
2 1 36 1017 1018 AND
2 1 37 1018 1019 AND
2 1 1016 1019 1020 AND
2 1 37 164 1021 AND
2 1 165 166 1022 AND
2 1 1021 1022 1023 AND
2 1 1020 1023 1024 AND
2 1 38 166 1025 AND
2 1 39 1025 1026 AND
2 1 40 1026 1027 AND
2 1 1024 1027 1028 AND
2 1 40 167 1029 AND
2 1 168 169 1030 AND
2 1 1029 1030 1031 AND
2 1 1028 1031 1032 AND
2 1 41 169 1033 AND
2 1 42 1033 1034 AND
2 1 43 1034 1035 AND
2 1 1032 1035 1036 AND
2 1 43 170 1037 AND
2 1 171 172 1038 AND
2 1 1037 1038 1039 AND
2 1 1036 1039 1040 AND
2 1 44 172 1041 AND
2 1 45 1041 1042 AND
2 1 46 1042 1043 AND
2 1 1040 1043 1044 AND
2 1 46 173 1045 AND
2 1 174 175 1046 AND
2 1 1045 1046 1047 AND
2 1 1044 1047 1048 AND
2 1 47 175 1049 AND
2 1 48 1049 1050 AND
2 1 49 1050 1051 AND
2 1 1048 1051 1052 AND
2 1 49 176 1053 AND
2 1 177 178 1054 AND
2 1 1053 1054 1055 AND
2 1 1052 1055 1056 AND
2 1 50 178 1057 AND
2 1 51 1057 1058 AND
2 1 52 1058 1059 AND
2 1 1056 1059 1060 AND
2 1 52 179 1061 AND
2 1 180 181 1062 AND
2 1 1061 1062 1063 AND
2 1 1060 1063 1064 AND
2 1 53 181 1065 AND
2 1 54 1065 1066 AND
2 1 55 1066 1067 AND
2 1 1064 1067 1068 AND
2 1 55 182 1069 AND
2 1 183 184 1070 AND
2 1 1069 1070 1071 AND
2 1 1068 1071 1072 AND
2 1 56 184 1073 AND
2 1 57 1073 1074 AND
2 1 58 1074 1075 AND
2 1 1072 1075 1076 AND
2 1 58 185 1077 AND
2 1 186 187 1078 AND
2 1 1077 1078 1079 AND
2 1 1076 1079 1080 AND
2 1 59 187 1081 AND
2 1 60 1081 1082 AND
2 1 61 1082 1083 AND
2 1 1080 1083 1084 AND
2 1 61 188 1085 AND
2 1 189 190 1086 AND
2 1 1085 1086 1087 AND
2 1 1084 1087 1088 AND
2 1 62 190 1089 AND
2 1 63 1089 1090 AND
2 1 64 1090 1091 AND
2 1 1088 1091 1092 AND
2 1 64 191 1093 AND
2 1 192 193 1094 AND
2 1 1093 1094 1095 AND
2 1 1092 1095 1096 AND
2 1 65 193 1097 AND
2 1 66 1097 1098 AND
2 1 67 1098 1099 AND
2 1 1096 1099 1100 AND
2 1 67 194 1101 AND
2 1 195 196 1102 AND
2 1 1101 1102 1103 AND
2 1 1100 1103 1104 AND
2 1 68 196 1105 AND
2 1 69 1105 1106 AND
2 1 70 1106 1107 AND
2 1 1104 1107 1108 AND
2 1 70 197 1109 AND
2 1 198 199 1110 AND
2 1 1109 1110 1111 AND
2 1 1108 1111 1112 AND
2 1 71 199 1113 AND
2 1 72 1113 1114 AND
2 1 73 1114 1115 AND
2 1 1112 1115 1116 AND
2 1 73 200 1117 AND
2 1 201 202 1118 AND
2 1 1117 1118 1119 AND
2 1 1116 1119 1120 AND
2 1 74 202 1121 AND
2 1 75 1121 1122 AND
2 1 76 1122 1123 AND
2 1 1120 1123 1124 AND
2 1 76 203 1125 AND
2 1 204 205 1126 AND
2 1 1125 1126 1127 AND
2 1 1124 1127 1128 AND
2 1 77 205 1129 AND
2 1 78 1129 1130 AND
2 1 79 1130 1131 AND
2 1 1128 1131 1132 AND
2 1 79 206 1133 AND
2 1 207 208 1134 AND
2 1 1133 1134 1135 AND
2 1 1132 1135 1136 AND
2 1 80 208 1137 AND
2 1 81 1137 1138 AND
2 1 82 1138 1139 AND
2 1 1136 1139 1140 AND
2 1 82 209 1141 AND
2 1 210 211 1142 AND
2 1 1141 1142 1143 AND
2 1 1140 1143 1144 AND
2 1 83 211 1145 AND
2 1 84 1145 1146 AND
2 1 85 1146 1147 AND
2 1 1144 1147 1148 AND
2 1 85 212 1149 AND
2 1 213 214 1150 AND
2 1 1149 1150 1151 AND
2 1 1148 1151 1152 AND
2 1 86 214 1153 AND
2 1 87 1153 1154 AND
2 1 88 1154 1155 AND
2 1 1152 1155 1156 AND
2 1 88 215 1157 AND
2 1 216 217 1158 AND
2 1 1157 1158 1159 AND
2 1 1156 1159 1160 AND
2 1 89 217 1161 AND
2 1 90 1161 1162 AND
2 1 91 1162 1163 AND
2 1 1160 1163 1164 AND
2 1 91 218 1165 AND
2 1 219 220 1166 AND
2 1 1165 1166 1167 AND
2 1 1164 1167 1168 AND
2 1 92 220 1169 AND
2 1 93 1169 1170 AND
2 1 94 1170 1171 AND
2 1 1168 1171 1172 AND
2 1 94 221 1173 AND
2 1 222 223 1174 AND
2 1 1173 1174 1175 AND
2 1 1172 1175 1176 AND
2 1 95 223 1177 AND
2 1 96 1177 1178 AND
2 1 97 1178 1179 AND
2 1 1176 1179 1180 AND
2 1 97 224 1181 AND
2 1 225 226 1182 AND
2 1 1181 1182 1183 AND
2 1 1180 1183 1184 AND
2 1 98 226 1185 AND
2 1 99 1185 1186 AND
2 1 100 1186 1187 AND
2 1 1184 1187 1188 AND
2 1 100 227 1189 AND
2 1 228 229 1190 AND
2 1 1189 1190 1191 AND
2 1 1188 1191 1192 AND
2 1 101 229 1193 AND
2 1 102 1193 1194 AND
2 1 103 1194 1195 AND
2 1 1192 1195 1196 AND
2 1 103 230 1197 AND
2 1 231 232 1198 AND
2 1 1197 1198 1199 AND
2 1 1196 1199 1200 AND
2 1 104 232 1201 AND
2 1 105 1201 1202 AND
2 1 106 1202 1203 AND
2 1 1200 1203 1204 AND
2 1 106 233 1205 AND
2 1 234 235 1206 AND
2 1 1205 1206 1207 AND
2 1 1204 1207 1208 AND
2 1 107 235 1209 AND
2 1 108 1209 1210 AND
2 1 109 1210 1211 AND
2 1 1208 1211 1212 AND
2 1 109 236 1213 AND
2 1 237 238 1214 AND
2 1 1213 1214 1215 AND
2 1 1212 1215 1216 AND
2 1 110 238 1217 AND
2 1 111 1217 1218 AND
2 1 112 1218 1219 AND
2 1 1216 1219 1220 AND
2 1 112 239 1221 AND
2 1 240 241 1222 AND
2 1 1221 1222 1223 AND
2 1 1220 1223 1224 AND
2 1 113 241 1225 AND
2 1 114 1225 1226 AND
2 1 115 1226 1227 AND
2 1 1224 1227 1228 AND
2 1 115 242 1229 AND
2 1 243 244 1230 AND
2 1 1229 1230 1231 AND
2 1 1228 1231 1232 AND
2 1 116 244 1233 AND
2 1 117 1233 1234 AND
2 1 118 1234 1235 AND
2 1 1232 1235 1236 AND
2 1 118 245 1237 AND
2 1 246 247 1238 AND
2 1 1237 1238 1239 AND
2 1 1236 1239 1240 AND
2 1 119 247 1241 AND
2 1 120 1241 1242 AND
2 1 121 1242 1243 AND
2 1 1240 1243 1244 AND
2 1 121 248 1245 AND
2 1 249 250 1246 AND
2 1 1245 1246 1247 AND
2 1 1244 1247 1248 AND
2 1 122 250 1249 AND
2 1 123 1249 1250 AND
2 1 124 1250 1251 AND
2 1 1248 1251 1252 AND
2 1 124 251 1253 AND
2 1 252 253 1254 AND
2 1 1253 1254 1255 AND
2 1 1252 1255 1256 AND
2 1 125 253 1257 AND
2 1 126 1257 1258 AND
2 1 127 1258 1259 AND
2 1 1256 1259 1260 AND
2 1 127 254 1261 AND
2 1 128 255 1262 AND
2 1 1261 1262 1263 AND
2 1 1260 1263 1264 AND
2 1 0 128 1265 AND
2 1 1 1265 1266 AND
2 1 2 1266 1267 AND
2 1 1264 1267 1268 AND
2 1 2 129 1269 AND
2 1 130 1269 1270 AND
2 1 1268 1270 1271 AND
2 1 266 601 1272 AND
2 1 271 1272 1273 AND
2 1 275 1273 1274 AND
2 1 279 1274 1275 AND
2 1 283 1275 1276 AND
2 1 287 1276 1277 AND
2 1 291 1277 1278 AND
2 1 295 1278 1279 AND
2 1 299 1279 1280 AND
2 1 303 1280 1281 AND
2 1 307 1281 1282 AND
2 1 311 1282 1283 AND
2 1 315 1283 1284 AND
2 1 319 1284 1285 AND
2 1 323 1285 1286 AND
2 1 327 1286 1287 AND
2 1 331 1287 1288 AND
2 1 335 1288 1289 AND
2 1 339 1289 1290 AND
2 1 343 1290 1291 AND
2 1 347 1291 1292 AND
2 1 351 1292 1293 AND
2 1 355 1293 1294 AND
2 1 359 1294 1295 AND
2 1 363 1295 1296 AND
2 1 367 1296 1297 AND
2 1 371 1297 1298 AND
2 1 375 1298 1299 AND
2 1 379 1299 1300 AND
2 1 383 1300 1301 AND
2 1 387 1301 1302 AND
2 1 391 1302 1303 AND
2 1 395 1303 1304 AND
2 1 399 1304 1305 AND
2 1 403 1305 1306 AND
2 1 407 1306 1307 AND
2 1 411 1307 1308 AND
2 1 415 1308 1309 AND
2 1 419 1309 1310 AND
2 1 423 1310 1311 AND
2 1 427 1311 1312 AND
2 1 431 1312 1313 AND
2 1 435 1313 1314 AND
2 1 439 1314 1315 AND
2 1 443 1315 1316 AND
2 1 447 1316 1317 AND
2 1 451 1317 1318 AND
2 1 455 1318 1319 AND
2 1 459 1319 1320 AND
2 1 463 1320 1321 AND
2 1 467 1321 1322 AND
2 1 471 1322 1323 AND
2 1 475 1323 1324 AND
2 1 479 1324 1325 AND
2 1 483 1325 1326 AND
2 1 487 1326 1327 AND
2 1 491 1327 1328 AND
2 1 495 1328 1329 AND
2 1 499 1329 1330 AND
2 1 503 1330 1331 AND
2 1 507 1331 1332 AND
2 1 511 1332 1333 AND
2 1 515 1333 1334 AND
2 1 519 1334 1335 AND
2 1 523 1335 1336 AND
2 1 527 1336 1337 AND
2 1 531 1337 1338 AND
2 1 535 1338 1339 AND
2 1 539 1339 1340 AND
2 1 543 1340 1341 AND
2 1 547 1341 1342 AND
2 1 551 1342 1343 AND
2 1 555 1343 1344 AND
2 1 559 1344 1345 AND
2 1 563 1345 1346 AND
2 1 567 1346 1347 AND
2 1 571 1347 1348 AND
2 1 575 1348 1349 AND
2 1 579 1349 1350 AND
2 1 583 1350 1351 AND
2 1 587 1351 1352 AND
2 1 591 1352 1353 AND
2 1 128 129 1354 AND
2 1 593 1354 1355 AND
2 1 1353 1355 1356 AND
2 1 3 258 1357 AND
2 1 1356 1357 1358 AND
2 1 3 130 1359 AND
2 1 131 1359 1360 AND
2 1 1358 1360 1361 AND
2 1 605 938 1362 AND
2 1 610 1362 1363 AND
2 1 614 1363 1364 AND
2 1 618 1364 1365 AND
2 1 622 1365 1366 AND
2 1 626 1366 1367 AND
2 1 630 1367 1368 AND
2 1 634 1368 1369 AND
2 1 638 1369 1370 AND
2 1 642 1370 1371 AND
2 1 646 1371 1372 AND
2 1 650 1372 1373 AND
2 1 654 1373 1374 AND
2 1 658 1374 1375 AND
2 1 662 1375 1376 AND
2 1 666 1376 1377 AND
2 1 670 1377 1378 AND
2 1 674 1378 1379 AND
2 1 678 1379 1380 AND
2 1 682 1380 1381 AND
2 1 686 1381 1382 AND
2 1 690 1382 1383 AND
2 1 694 1383 1384 AND
2 1 698 1384 1385 AND
2 1 702 1385 1386 AND
2 1 706 1386 1387 AND
2 1 710 1387 1388 AND
2 1 714 1388 1389 AND
2 1 718 1389 1390 AND
2 1 722 1390 1391 AND
2 1 726 1391 1392 AND
2 1 730 1392 1393 AND
2 1 734 1393 1394 AND
2 1 738 1394 1395 AND
2 1 742 1395 1396 AND
2 1 746 1396 1397 AND
2 1 750 1397 1398 AND
2 1 754 1398 1399 AND
2 1 758 1399 1400 AND
2 1 762 1400 1401 AND
2 1 766 1401 1402 AND
2 1 770 1402 1403 AND
2 1 774 1403 1404 AND
2 1 778 1404 1405 AND
2 1 782 1405 1406 AND
2 1 786 1406 1407 AND
2 1 790 1407 1408 AND
2 1 794 1408 1409 AND
2 1 798 1409 1410 AND
2 1 802 1410 1411 AND
2 1 806 1411 1412 AND
2 1 810 1412 1413 AND
2 1 814 1413 1414 AND
2 1 818 1414 1415 AND
2 1 822 1415 1416 AND
2 1 826 1416 1417 AND
2 1 830 1417 1418 AND
2 1 834 1418 1419 AND
2 1 838 1419 1420 AND
2 1 842 1420 1421 AND
2 1 846 1421 1422 AND
2 1 850 1422 1423 AND
2 1 854 1423 1424 AND
2 1 858 1424 1425 AND
2 1 862 1425 1426 AND
2 1 866 1426 1427 AND
2 1 870 1427 1428 AND
2 1 874 1428 1429 AND
2 1 878 1429 1430 AND
2 1 882 1430 1431 AND
2 1 886 1431 1432 AND
2 1 890 1432 1433 AND
2 1 894 1433 1434 AND
2 1 898 1434 1435 AND
2 1 902 1435 1436 AND
2 1 906 1436 1437 AND
2 1 910 1437 1438 AND
2 1 914 1438 1439 AND
2 1 918 1439 1440 AND
2 1 922 1440 1441 AND
2 1 926 1441 1442 AND
2 1 930 1442 1443 AND
2 1 129 130 1444 AND
2 1 932 1444 1445 AND
2 1 1443 1445 1446 AND
2 1 4 597 1447 AND
2 1 1446 1447 1448 AND
2 1 4 131 1449 AND
2 1 132 1449 1450 AND
2 1 1448 1450 1451 AND
2 1 270 942 1452 AND
2 1 947 1452 1453 AND
2 1 951 1453 1454 AND
2 1 955 1454 1455 AND
2 1 959 1455 1456 AND
2 1 963 1456 1457 AND
2 1 967 1457 1458 AND
2 1 971 1458 1459 AND
2 1 975 1459 1460 AND
2 1 979 1460 1461 AND
2 1 983 1461 1462 AND
2 1 987 1462 1463 AND
2 1 991 1463 1464 AND
2 1 995 1464 1465 AND
2 1 999 1465 1466 AND
2 1 1003 1466 1467 AND
2 1 1007 1467 1468 AND
2 1 1011 1468 1469 AND
2 1 1015 1469 1470 AND
2 1 1019 1470 1471 AND
2 1 1023 1471 1472 AND
2 1 1027 1472 1473 AND
2 1 1031 1473 1474 AND
2 1 1035 1474 1475 AND
2 1 1039 1475 1476 AND
2 1 1043 1476 1477 AND
2 1 1047 1477 1478 AND
2 1 1051 1478 1479 AND
2 1 1055 1479 1480 AND
2 1 1059 1480 1481 AND
2 1 1063 1481 1482 AND
2 1 1067 1482 1483 AND
2 1 1071 1483 1484 AND
2 1 1075 1484 1485 AND
2 1 1079 1485 1486 AND
2 1 1083 1486 1487 AND
2 1 1087 1487 1488 AND
2 1 1091 1488 1489 AND
2 1 1095 1489 1490 AND
2 1 1099 1490 1491 AND
2 1 1103 1491 1492 AND
2 1 1107 1492 1493 AND
2 1 1111 1493 1494 AND
2 1 1115 1494 1495 AND
2 1 1119 1495 1496 AND
2 1 1123 1496 1497 AND
2 1 1127 1497 1498 AND
2 1 1131 1498 1499 AND
2 1 1135 1499 1500 AND
2 1 1139 1500 1501 AND
2 1 1143 1501 1502 AND
2 1 1147 1502 1503 AND
2 1 1151 1503 1504 AND
2 1 1155 1504 1505 AND
2 1 1159 1505 1506 AND
2 1 1163 1506 1507 AND
2 1 1167 1507 1508 AND
2 1 1171 1508 1509 AND
2 1 1175 1509 1510 AND
2 1 1179 1510 1511 AND
2 1 1183 1511 1512 AND
2 1 1187 1512 1513 AND
2 1 1191 1513 1514 AND
2 1 1195 1514 1515 AND
2 1 1199 1515 1516 AND
2 1 1203 1516 1517 AND
2 1 1207 1517 1518 AND
2 1 1211 1518 1519 AND
2 1 1215 1519 1520 AND
2 1 1219 1520 1521 AND
2 1 1223 1521 1522 AND
2 1 1227 1522 1523 AND
2 1 1231 1523 1524 AND
2 1 1235 1524 1525 AND
2 1 1239 1525 1526 AND
2 1 1243 1526 1527 AND
2 1 1247 1527 1528 AND
2 1 1251 1528 1529 AND
2 1 1255 1529 1530 AND
2 1 1259 1530 1531 AND
2 1 1263 1531 1532 AND
2 1 1267 1532 1533 AND
2 1 259 1269 1534 AND
2 1 1533 1534 1535 AND
2 1 263 1535 1536 AND
2 1 133 265 1537 AND
2 1 1536 1537 1538 AND
2 1 274 609 1539 AND
2 1 279 1539 1540 AND
2 1 283 1540 1541 AND
2 1 287 1541 1542 AND
2 1 291 1542 1543 AND
2 1 295 1543 1544 AND
2 1 299 1544 1545 AND
2 1 303 1545 1546 AND
2 1 307 1546 1547 AND
2 1 311 1547 1548 AND
2 1 315 1548 1549 AND
2 1 319 1549 1550 AND
2 1 323 1550 1551 AND
2 1 327 1551 1552 AND
2 1 331 1552 1553 AND
2 1 335 1553 1554 AND
2 1 339 1554 1555 AND
2 1 343 1555 1556 AND
2 1 347 1556 1557 AND
2 1 351 1557 1558 AND
2 1 355 1558 1559 AND
2 1 359 1559 1560 AND
2 1 363 1560 1561 AND
2 1 367 1561 1562 AND
2 1 371 1562 1563 AND
2 1 375 1563 1564 AND
2 1 379 1564 1565 AND
2 1 383 1565 1566 AND
2 1 387 1566 1567 AND
2 1 391 1567 1568 AND
2 1 395 1568 1569 AND
2 1 399 1569 1570 AND
2 1 403 1570 1571 AND
2 1 407 1571 1572 AND
2 1 411 1572 1573 AND
2 1 415 1573 1574 AND
2 1 419 1574 1575 AND
2 1 423 1575 1576 AND
2 1 427 1576 1577 AND
2 1 431 1577 1578 AND
2 1 435 1578 1579 AND
2 1 439 1579 1580 AND
2 1 443 1580 1581 AND
2 1 447 1581 1582 AND
2 1 451 1582 1583 AND
2 1 455 1583 1584 AND
2 1 459 1584 1585 AND
2 1 463 1585 1586 AND
2 1 467 1586 1587 AND
2 1 471 1587 1588 AND
2 1 475 1588 1589 AND
2 1 479 1589 1590 AND
2 1 483 1590 1591 AND
2 1 487 1591 1592 AND
2 1 491 1592 1593 AND
2 1 495 1593 1594 AND
2 1 499 1594 1595 AND
2 1 503 1595 1596 AND
2 1 507 1596 1597 AND
2 1 511 1597 1598 AND
2 1 515 1598 1599 AND
2 1 519 1599 1600 AND
2 1 523 1600 1601 AND
2 1 527 1601 1602 AND
2 1 531 1602 1603 AND
2 1 535 1603 1604 AND
2 1 539 1604 1605 AND
2 1 543 1605 1606 AND
2 1 547 1606 1607 AND
2 1 551 1607 1608 AND
2 1 555 1608 1609 AND
2 1 559 1609 1610 AND
2 1 563 1610 1611 AND
2 1 567 1611 1612 AND
2 1 571 1612 1613 AND
2 1 575 1613 1614 AND
2 1 579 1614 1615 AND
2 1 583 1615 1616 AND
2 1 587 1616 1617 AND
2 1 591 1617 1618 AND
2 1 1355 1618 1619 AND
2 1 1357 1619 1620 AND
2 1 598 1359 1621 AND
2 1 1620 1621 1622 AND
2 1 602 1622 1623 AND
2 1 134 604 1624 AND
2 1 1623 1624 1625 AND
2 1 613 946 1626 AND
2 1 618 1626 1627 AND
2 1 622 1627 1628 AND
2 1 626 1628 1629 AND
2 1 630 1629 1630 AND
2 1 634 1630 1631 AND
2 1 638 1631 1632 AND
2 1 642 1632 1633 AND
2 1 646 1633 1634 AND
2 1 650 1634 1635 AND
2 1 654 1635 1636 AND
2 1 658 1636 1637 AND
2 1 662 1637 1638 AND
2 1 666 1638 1639 AND
2 1 670 1639 1640 AND
2 1 674 1640 1641 AND
2 1 678 1641 1642 AND
2 1 682 1642 1643 AND
2 1 686 1643 1644 AND
2 1 690 1644 1645 AND
2 1 694 1645 1646 AND
2 1 698 1646 1647 AND
2 1 702 1647 1648 AND
2 1 706 1648 1649 AND
2 1 710 1649 1650 AND
2 1 714 1650 1651 AND
2 1 718 1651 1652 AND
2 1 722 1652 1653 AND
2 1 726 1653 1654 AND
2 1 730 1654 1655 AND
2 1 734 1655 1656 AND
2 1 738 1656 1657 AND
2 1 742 1657 1658 AND
2 1 746 1658 1659 AND
2 1 750 1659 1660 AND
2 1 754 1660 1661 AND
2 1 758 1661 1662 AND
2 1 762 1662 1663 AND
2 1 766 1663 1664 AND
2 1 770 1664 1665 AND
2 1 774 1665 1666 AND
2 1 778 1666 1667 AND
2 1 782 1667 1668 AND
2 1 786 1668 1669 AND
2 1 790 1669 1670 AND
2 1 794 1670 1671 AND
2 1 798 1671 1672 AND
2 1 802 1672 1673 AND
2 1 806 1673 1674 AND
2 1 810 1674 1675 AND
2 1 814 1675 1676 AND
2 1 818 1676 1677 AND
2 1 822 1677 1678 AND
2 1 826 1678 1679 AND
2 1 830 1679 1680 AND
2 1 834 1680 1681 AND
2 1 838 1681 1682 AND
2 1 842 1682 1683 AND
2 1 846 1683 1684 AND
2 1 850 1684 1685 AND
2 1 854 1685 1686 AND
2 1 858 1686 1687 AND
2 1 862 1687 1688 AND
2 1 866 1688 1689 AND
2 1 870 1689 1690 AND
2 1 874 1690 1691 AND
2 1 878 1691 1692 AND
2 1 882 1692 1693 AND
2 1 886 1693 1694 AND
2 1 890 1694 1695 AND
2 1 894 1695 1696 AND
2 1 898 1696 1697 AND
2 1 902 1697 1698 AND
2 1 906 1698 1699 AND
2 1 910 1699 1700 AND
2 1 914 1700 1701 AND
2 1 918 1701 1702 AND
2 1 922 1702 1703 AND
2 1 926 1703 1704 AND
2 1 930 1704 1705 AND
2 1 1445 1705 1706 AND
2 1 1447 1706 1707 AND
2 1 935 1449 1708 AND
2 1 1707 1708 1709 AND
2 1 939 1709 1710 AND
2 1 135 941 1711 AND
2 1 1710 1711 1712 AND
2 1 278 950 1713 AND
2 1 955 1713 1714 AND
2 1 959 1714 1715 AND
2 1 963 1715 1716 AND
2 1 967 1716 1717 AND
2 1 971 1717 1718 AND
2 1 975 1718 1719 AND
2 1 979 1719 1720 AND
2 1 983 1720 1721 AND
2 1 987 1721 1722 AND
2 1 991 1722 1723 AND
2 1 995 1723 1724 AND
2 1 999 1724 1725 AND
2 1 1003 1725 1726 AND
2 1 1007 1726 1727 AND
2 1 1011 1727 1728 AND
2 1 1015 1728 1729 AND
2 1 1019 1729 1730 AND
2 1 1023 1730 1731 AND
2 1 1027 1731 1732 AND
2 1 1031 1732 1733 AND
2 1 1035 1733 1734 AND
2 1 1039 1734 1735 AND
2 1 1043 1735 1736 AND
2 1 1047 1736 1737 AND
2 1 1051 1737 1738 AND
2 1 1055 1738 1739 AND
2 1 1059 1739 1740 AND
2 1 1063 1740 1741 AND
2 1 1067 1741 1742 AND
2 1 1071 1742 1743 AND
2 1 1075 1743 1744 AND
2 1 1079 1744 1745 AND
2 1 1083 1745 1746 AND
2 1 1087 1746 1747 AND
2 1 1091 1747 1748 AND
2 1 1095 1748 1749 AND
2 1 1099 1749 1750 AND
2 1 1103 1750 1751 AND
2 1 1107 1751 1752 AND
2 1 1111 1752 1753 AND
2 1 1115 1753 1754 AND
2 1 1119 1754 1755 AND
2 1 1123 1755 1756 AND
2 1 1127 1756 1757 AND
2 1 1131 1757 1758 AND
2 1 1135 1758 1759 AND
2 1 1139 1759 1760 AND
2 1 1143 1760 1761 AND
2 1 1147 1761 1762 AND
2 1 1151 1762 1763 AND
2 1 1155 1763 1764 AND
2 1 1159 1764 1765 AND
2 1 1163 1765 1766 AND
2 1 1167 1766 1767 AND
2 1 1171 1767 1768 AND
2 1 1175 1768 1769 AND
2 1 1179 1769 1770 AND
2 1 1183 1770 1771 AND
2 1 1187 1771 1772 AND
2 1 1191 1772 1773 AND
2 1 1195 1773 1774 AND
2 1 1199 1774 1775 AND
2 1 1203 1775 1776 AND
2 1 1207 1776 1777 AND
2 1 1211 1777 1778 AND
2 1 1215 1778 1779 AND
2 1 1219 1779 1780 AND
2 1 1223 1780 1781 AND
2 1 1227 1781 1782 AND
2 1 1231 1782 1783 AND
2 1 1235 1783 1784 AND
2 1 1239 1784 1785 AND
2 1 1243 1785 1786 AND
2 1 1247 1786 1787 AND
2 1 1251 1787 1788 AND
2 1 1255 1788 1789 AND
2 1 1259 1789 1790 AND
2 1 1263 1790 1791 AND
2 1 1267 1791 1792 AND
2 1 1534 1792 1793 AND
2 1 263 1793 1794 AND
2 1 267 1794 1795 AND
2 1 271 1795 1796 AND
2 1 136 273 1797 AND
2 1 1796 1797 1798 AND
2 1 282 617 1799 AND
2 1 287 1799 1800 AND
2 1 291 1800 1801 AND
2 1 295 1801 1802 AND
2 1 299 1802 1803 AND
2 1 303 1803 1804 AND
2 1 307 1804 1805 AND
2 1 311 1805 1806 AND
2 1 315 1806 1807 AND
2 1 319 1807 1808 AND
2 1 323 1808 1809 AND
2 1 327 1809 1810 AND
2 1 331 1810 1811 AND
2 1 335 1811 1812 AND
2 1 339 1812 1813 AND
2 1 343 1813 1814 AND
2 1 347 1814 1815 AND
2 1 351 1815 1816 AND
2 1 355 1816 1817 AND
2 1 359 1817 1818 AND
2 1 363 1818 1819 AND
2 1 367 1819 1820 AND
2 1 371 1820 1821 AND
2 1 375 1821 1822 AND
2 1 379 1822 1823 AND
2 1 383 1823 1824 AND
2 1 387 1824 1825 AND
2 1 391 1825 1826 AND
2 1 395 1826 1827 AND
2 1 399 1827 1828 AND
2 1 403 1828 1829 AND
2 1 407 1829 1830 AND
2 1 411 1830 1831 AND
2 1 415 1831 1832 AND
2 1 419 1832 1833 AND
2 1 423 1833 1834 AND
2 1 427 1834 1835 AND
2 1 431 1835 1836 AND
2 1 435 1836 1837 AND
2 1 439 1837 1838 AND
2 1 443 1838 1839 AND
2 1 447 1839 1840 AND
2 1 451 1840 1841 AND
2 1 455 1841 1842 AND
2 1 459 1842 1843 AND
2 1 463 1843 1844 AND
2 1 467 1844 1845 AND
2 1 471 1845 1846 AND
2 1 475 1846 1847 AND
2 1 479 1847 1848 AND
2 1 483 1848 1849 AND
2 1 487 1849 1850 AND
2 1 491 1850 1851 AND
2 1 495 1851 1852 AND
2 1 499 1852 1853 AND
2 1 503 1853 1854 AND
2 1 507 1854 1855 AND
2 1 511 1855 1856 AND
2 1 515 1856 1857 AND
2 1 519 1857 1858 AND
2 1 523 1858 1859 AND
2 1 527 1859 1860 AND
2 1 531 1860 1861 AND
2 1 535 1861 1862 AND
2 1 539 1862 1863 AND
2 1 543 1863 1864 AND
2 1 547 1864 1865 AND
2 1 551 1865 1866 AND
2 1 555 1866 1867 AND
2 1 559 1867 1868 AND
2 1 563 1868 1869 AND
2 1 567 1869 1870 AND
2 1 571 1870 1871 AND
2 1 575 1871 1872 AND
2 1 579 1872 1873 AND
2 1 583 1873 1874 AND
2 1 587 1874 1875 AND
2 1 591 1875 1876 AND
2 1 1355 1876 1877 AND
2 1 1357 1877 1878 AND
2 1 1621 1878 1879 AND
2 1 602 1879 1880 AND
2 1 606 1880 1881 AND
2 1 610 1881 1882 AND
2 1 137 612 1883 AND
2 1 1882 1883 1884 AND
2 1 621 954 1885 AND
2 1 626 1885 1886 AND
2 1 630 1886 1887 AND
2 1 634 1887 1888 AND
2 1 638 1888 1889 AND
2 1 642 1889 1890 AND
2 1 646 1890 1891 AND
2 1 650 1891 1892 AND
2 1 654 1892 1893 AND
2 1 658 1893 1894 AND
2 1 662 1894 1895 AND
2 1 666 1895 1896 AND
2 1 670 1896 1897 AND
2 1 674 1897 1898 AND
2 1 678 1898 1899 AND
2 1 682 1899 1900 AND
2 1 686 1900 1901 AND
2 1 690 1901 1902 AND
2 1 694 1902 1903 AND
2 1 698 1903 1904 AND
2 1 702 1904 1905 AND
2 1 706 1905 1906 AND
2 1 710 1906 1907 AND
2 1 714 1907 1908 AND
2 1 718 1908 1909 AND
2 1 722 1909 1910 AND
2 1 726 1910 1911 AND
2 1 730 1911 1912 AND
2 1 734 1912 1913 AND
2 1 738 1913 1914 AND
2 1 742 1914 1915 AND
2 1 746 1915 1916 AND
2 1 750 1916 1917 AND
2 1 754 1917 1918 AND
2 1 758 1918 1919 AND
2 1 762 1919 1920 AND
2 1 766 1920 1921 AND
2 1 770 1921 1922 AND
2 1 774 1922 1923 AND
2 1 778 1923 1924 AND
2 1 782 1924 1925 AND
2 1 786 1925 1926 AND
2 1 790 1926 1927 AND
2 1 794 1927 1928 AND
2 1 798 1928 1929 AND
2 1 802 1929 1930 AND
2 1 806 1930 1931 AND
2 1 810 1931 1932 AND
2 1 814 1932 1933 AND
2 1 818 1933 1934 AND
2 1 822 1934 1935 AND
2 1 826 1935 1936 AND
2 1 830 1936 1937 AND
2 1 834 1937 1938 AND
2 1 838 1938 1939 AND
2 1 842 1939 1940 AND
2 1 846 1940 1941 AND
2 1 850 1941 1942 AND
2 1 854 1942 1943 AND
2 1 858 1943 1944 AND
2 1 862 1944 1945 AND
2 1 866 1945 1946 AND
2 1 870 1946 1947 AND
2 1 874 1947 1948 AND
2 1 878 1948 1949 AND
2 1 882 1949 1950 AND
2 1 886 1950 1951 AND
2 1 890 1951 1952 AND
2 1 894 1952 1953 AND
2 1 898 1953 1954 AND
2 1 902 1954 1955 AND
2 1 906 1955 1956 AND
2 1 910 1956 1957 AND
2 1 914 1957 1958 AND
2 1 918 1958 1959 AND
2 1 922 1959 1960 AND
2 1 926 1960 1961 AND
2 1 930 1961 1962 AND
2 1 1445 1962 1963 AND
2 1 1447 1963 1964 AND
2 1 1708 1964 1965 AND
2 1 939 1965 1966 AND
2 1 943 1966 1967 AND
2 1 947 1967 1968 AND
2 1 138 949 1969 AND
2 1 1968 1969 1970 AND
2 1 286 958 1971 AND
2 1 963 1971 1972 AND
2 1 967 1972 1973 AND
2 1 971 1973 1974 AND
2 1 975 1974 1975 AND
2 1 979 1975 1976 AND
2 1 983 1976 1977 AND
2 1 987 1977 1978 AND
2 1 991 1978 1979 AND
2 1 995 1979 1980 AND
2 1 999 1980 1981 AND
2 1 1003 1981 1982 AND
2 1 1007 1982 1983 AND
2 1 1011 1983 1984 AND
2 1 1015 1984 1985 AND
2 1 1019 1985 1986 AND
2 1 1023 1986 1987 AND
2 1 1027 1987 1988 AND
2 1 1031 1988 1989 AND
2 1 1035 1989 1990 AND
2 1 1039 1990 1991 AND
2 1 1043 1991 1992 AND
2 1 1047 1992 1993 AND
2 1 1051 1993 1994 AND
2 1 1055 1994 1995 AND
2 1 1059 1995 1996 AND
2 1 1063 1996 1997 AND
2 1 1067 1997 1998 AND
2 1 1071 1998 1999 AND
2 1 1075 1999 2000 AND
2 1 1079 2000 2001 AND
2 1 1083 2001 2002 AND
2 1 1087 2002 2003 AND
2 1 1091 2003 2004 AND
2 1 1095 2004 2005 AND
2 1 1099 2005 2006 AND
2 1 1103 2006 2007 AND
2 1 1107 2007 2008 AND
2 1 1111 2008 2009 AND
2 1 1115 2009 2010 AND
2 1 1119 2010 2011 AND
2 1 1123 2011 2012 AND
2 1 1127 2012 2013 AND
2 1 1131 2013 2014 AND
2 1 1135 2014 2015 AND
2 1 1139 2015 2016 AND
2 1 1143 2016 2017 AND
2 1 1147 2017 2018 AND
2 1 1151 2018 2019 AND
2 1 1155 2019 2020 AND
2 1 1159 2020 2021 AND
2 1 1163 2021 2022 AND
2 1 1167 2022 2023 AND
2 1 1171 2023 2024 AND
2 1 1175 2024 2025 AND
2 1 1179 2025 2026 AND
2 1 1183 2026 2027 AND
2 1 1187 2027 2028 AND
2 1 1191 2028 2029 AND
2 1 1195 2029 2030 AND
2 1 1199 2030 2031 AND
2 1 1203 2031 2032 AND
2 1 1207 2032 2033 AND
2 1 1211 2033 2034 AND
2 1 1215 2034 2035 AND
2 1 1219 2035 2036 AND
2 1 1223 2036 2037 AND
2 1 1227 2037 2038 AND
2 1 1231 2038 2039 AND
2 1 1235 2039 2040 AND
2 1 1239 2040 2041 AND
2 1 1243 2041 2042 AND
2 1 1247 2042 2043 AND
2 1 1251 2043 2044 AND
2 1 1255 2044 2045 AND
2 1 1259 2045 2046 AND
2 1 1263 2046 2047 AND
2 1 1267 2047 2048 AND
2 1 1534 2048 2049 AND
2 1 263 2049 2050 AND
2 1 267 2050 2051 AND
2 1 271 2051 2052 AND
2 1 275 2052 2053 AND
2 1 279 2053 2054 AND
2 1 139 281 2055 AND
2 1 2054 2055 2056 AND
2 1 290 625 2057 AND
2 1 295 2057 2058 AND
2 1 299 2058 2059 AND
2 1 303 2059 2060 AND
2 1 307 2060 2061 AND
2 1 311 2061 2062 AND
2 1 315 2062 2063 AND
2 1 319 2063 2064 AND
2 1 323 2064 2065 AND
2 1 327 2065 2066 AND
2 1 331 2066 2067 AND
2 1 335 2067 2068 AND
2 1 339 2068 2069 AND
2 1 343 2069 2070 AND
2 1 347 2070 2071 AND
2 1 351 2071 2072 AND
2 1 355 2072 2073 AND
2 1 359 2073 2074 AND
2 1 363 2074 2075 AND
2 1 367 2075 2076 AND
2 1 371 2076 2077 AND
2 1 375 2077 2078 AND
2 1 379 2078 2079 AND
2 1 383 2079 2080 AND
2 1 387 2080 2081 AND
2 1 391 2081 2082 AND
2 1 395 2082 2083 AND
2 1 399 2083 2084 AND
2 1 403 2084 2085 AND
2 1 407 2085 2086 AND
2 1 411 2086 2087 AND
2 1 415 2087 2088 AND
2 1 419 2088 2089 AND
2 1 423 2089 2090 AND
2 1 427 2090 2091 AND
2 1 431 2091 2092 AND
2 1 435 2092 2093 AND
2 1 439 2093 2094 AND
2 1 443 2094 2095 AND
2 1 447 2095 2096 AND
2 1 451 2096 2097 AND
2 1 455 2097 2098 AND
2 1 459 2098 2099 AND
2 1 463 2099 2100 AND
2 1 467 2100 2101 AND
2 1 471 2101 2102 AND
2 1 475 2102 2103 AND
2 1 479 2103 2104 AND
2 1 483 2104 2105 AND
2 1 487 2105 2106 AND
2 1 491 2106 2107 AND
2 1 495 2107 2108 AND
2 1 499 2108 2109 AND
2 1 503 2109 2110 AND
2 1 507 2110 2111 AND
2 1 511 2111 2112 AND
2 1 515 2112 2113 AND
2 1 519 2113 2114 AND
2 1 523 2114 2115 AND
2 1 527 2115 2116 AND
2 1 531 2116 2117 AND
2 1 535 2117 2118 AND
2 1 539 2118 2119 AND
2 1 543 2119 2120 AND
2 1 547 2120 2121 AND
2 1 551 2121 2122 AND
2 1 555 2122 2123 AND
2 1 559 2123 2124 AND
2 1 563 2124 2125 AND
2 1 567 2125 2126 AND
2 1 571 2126 2127 AND
2 1 575 2127 2128 AND
2 1 579 2128 2129 AND
2 1 583 2129 2130 AND
2 1 587 2130 2131 AND
2 1 591 2131 2132 AND
2 1 1355 2132 2133 AND
2 1 1357 2133 2134 AND
2 1 1621 2134 2135 AND
2 1 602 2135 2136 AND
2 1 606 2136 2137 AND
2 1 610 2137 2138 AND
2 1 614 2138 2139 AND
2 1 618 2139 2140 AND
2 1 140 620 2141 AND
2 1 2140 2141 2142 AND
2 1 629 962 2143 AND
2 1 634 2143 2144 AND
2 1 638 2144 2145 AND
2 1 642 2145 2146 AND
2 1 646 2146 2147 AND
2 1 650 2147 2148 AND
2 1 654 2148 2149 AND
2 1 658 2149 2150 AND
2 1 662 2150 2151 AND
2 1 666 2151 2152 AND
2 1 670 2152 2153 AND
2 1 674 2153 2154 AND
2 1 678 2154 2155 AND
2 1 682 2155 2156 AND
2 1 686 2156 2157 AND
2 1 690 2157 2158 AND
2 1 694 2158 2159 AND
2 1 698 2159 2160 AND
2 1 702 2160 2161 AND
2 1 706 2161 2162 AND
2 1 710 2162 2163 AND
2 1 714 2163 2164 AND
2 1 718 2164 2165 AND
2 1 722 2165 2166 AND
2 1 726 2166 2167 AND
2 1 730 2167 2168 AND
2 1 734 2168 2169 AND
2 1 738 2169 2170 AND
2 1 742 2170 2171 AND
2 1 746 2171 2172 AND
2 1 750 2172 2173 AND
2 1 754 2173 2174 AND
2 1 758 2174 2175 AND
2 1 762 2175 2176 AND
2 1 766 2176 2177 AND
2 1 770 2177 2178 AND
2 1 774 2178 2179 AND
2 1 778 2179 2180 AND
2 1 782 2180 2181 AND
2 1 786 2181 2182 AND
2 1 790 2182 2183 AND
2 1 794 2183 2184 AND
2 1 798 2184 2185 AND
2 1 802 2185 2186 AND
2 1 806 2186 2187 AND
2 1 810 2187 2188 AND
2 1 814 2188 2189 AND
2 1 818 2189 2190 AND
2 1 822 2190 2191 AND
2 1 826 2191 2192 AND
2 1 830 2192 2193 AND
2 1 834 2193 2194 AND
2 1 838 2194 2195 AND
2 1 842 2195 2196 AND
2 1 846 2196 2197 AND
2 1 850 2197 2198 AND
2 1 854 2198 2199 AND
2 1 858 2199 2200 AND
2 1 862 2200 2201 AND
2 1 866 2201 2202 AND
2 1 870 2202 2203 AND
2 1 874 2203 2204 AND
2 1 878 2204 2205 AND
2 1 882 2205 2206 AND
2 1 886 2206 2207 AND
2 1 890 2207 2208 AND
2 1 894 2208 2209 AND
2 1 898 2209 2210 AND
2 1 902 2210 2211 AND
2 1 906 2211 2212 AND
2 1 910 2212 2213 AND
2 1 914 2213 2214 AND
2 1 918 2214 2215 AND
2 1 922 2215 2216 AND
2 1 926 2216 2217 AND
2 1 930 2217 2218 AND
2 1 1445 2218 2219 AND
2 1 1447 2219 2220 AND
2 1 1708 2220 2221 AND
2 1 939 2221 2222 AND
2 1 943 2222 2223 AND
2 1 947 2223 2224 AND
2 1 951 2224 2225 AND
2 1 955 2225 2226 AND
2 1 141 957 2227 AND
2 1 2226 2227 2228 AND
2 1 294 966 2229 AND
2 1 971 2229 2230 AND
2 1 975 2230 2231 AND
2 1 979 2231 2232 AND
2 1 983 2232 2233 AND
2 1 987 2233 2234 AND
2 1 991 2234 2235 AND
2 1 995 2235 2236 AND
2 1 999 2236 2237 AND
2 1 1003 2237 2238 AND
2 1 1007 2238 2239 AND
2 1 1011 2239 2240 AND
2 1 1015 2240 2241 AND
2 1 1019 2241 2242 AND
2 1 1023 2242 2243 AND
2 1 1027 2243 2244 AND
2 1 1031 2244 2245 AND
2 1 1035 2245 2246 AND
2 1 1039 2246 2247 AND
2 1 1043 2247 2248 AND
2 1 1047 2248 2249 AND
2 1 1051 2249 2250 AND
2 1 1055 2250 2251 AND
2 1 1059 2251 2252 AND
2 1 1063 2252 2253 AND
2 1 1067 2253 2254 AND
2 1 1071 2254 2255 AND
2 1 1075 2255 2256 AND
2 1 1079 2256 2257 AND
2 1 1083 2257 2258 AND
2 1 1087 2258 2259 AND
2 1 1091 2259 2260 AND
2 1 1095 2260 2261 AND
2 1 1099 2261 2262 AND
2 1 1103 2262 2263 AND
2 1 1107 2263 2264 AND
2 1 1111 2264 2265 AND
2 1 1115 2265 2266 AND
2 1 1119 2266 2267 AND
2 1 1123 2267 2268 AND
2 1 1127 2268 2269 AND
2 1 1131 2269 2270 AND
2 1 1135 2270 2271 AND
2 1 1139 2271 2272 AND
2 1 1143 2272 2273 AND
2 1 1147 2273 2274 AND
2 1 1151 2274 2275 AND
2 1 1155 2275 2276 AND
2 1 1159 2276 2277 AND
2 1 1163 2277 2278 AND
2 1 1167 2278 2279 AND
2 1 1171 2279 2280 AND
2 1 1175 2280 2281 AND
2 1 1179 2281 2282 AND
2 1 1183 2282 2283 AND
2 1 1187 2283 2284 AND
2 1 1191 2284 2285 AND
2 1 1195 2285 2286 AND
2 1 1199 2286 2287 AND
2 1 1203 2287 2288 AND
2 1 1207 2288 2289 AND
2 1 1211 2289 2290 AND
2 1 1215 2290 2291 AND
2 1 1219 2291 2292 AND
2 1 1223 2292 2293 AND
2 1 1227 2293 2294 AND
2 1 1231 2294 2295 AND
2 1 1235 2295 2296 AND
2 1 1239 2296 2297 AND
2 1 1243 2297 2298 AND
2 1 1247 2298 2299 AND
2 1 1251 2299 2300 AND
2 1 1255 2300 2301 AND
2 1 1259 2301 2302 AND
2 1 1263 2302 2303 AND
2 1 1267 2303 2304 AND
2 1 1534 2304 2305 AND
2 1 263 2305 2306 AND
2 1 267 2306 2307 AND
2 1 271 2307 2308 AND
2 1 275 2308 2309 AND
2 1 279 2309 2310 AND
2 1 283 2310 2311 AND
2 1 287 2311 2312 AND
2 1 142 289 2313 AND
2 1 2312 2313 2314 AND
2 1 298 633 2315 AND
2 1 303 2315 2316 AND
2 1 307 2316 2317 AND
2 1 311 2317 2318 AND
2 1 315 2318 2319 AND
2 1 319 2319 2320 AND
2 1 323 2320 2321 AND
2 1 327 2321 2322 AND
2 1 331 2322 2323 AND
2 1 335 2323 2324 AND
2 1 339 2324 2325 AND
2 1 343 2325 2326 AND
2 1 347 2326 2327 AND
2 1 351 2327 2328 AND
2 1 355 2328 2329 AND
2 1 359 2329 2330 AND
2 1 363 2330 2331 AND
2 1 367 2331 2332 AND
2 1 371 2332 2333 AND
2 1 375 2333 2334 AND
2 1 379 2334 2335 AND
2 1 383 2335 2336 AND
2 1 387 2336 2337 AND
2 1 391 2337 2338 AND
2 1 395 2338 2339 AND
2 1 399 2339 2340 AND
2 1 403 2340 2341 AND
2 1 407 2341 2342 AND
2 1 411 2342 2343 AND
2 1 415 2343 2344 AND
2 1 419 2344 2345 AND
2 1 423 2345 2346 AND
2 1 427 2346 2347 AND
2 1 431 2347 2348 AND
2 1 435 2348 2349 AND
2 1 439 2349 2350 AND
2 1 443 2350 2351 AND
2 1 447 2351 2352 AND
2 1 451 2352 2353 AND
2 1 455 2353 2354 AND
2 1 459 2354 2355 AND
2 1 463 2355 2356 AND
2 1 467 2356 2357 AND
2 1 471 2357 2358 AND
2 1 475 2358 2359 AND
2 1 479 2359 2360 AND
2 1 483 2360 2361 AND
2 1 487 2361 2362 AND
2 1 491 2362 2363 AND
2 1 495 2363 2364 AND
2 1 499 2364 2365 AND
2 1 503 2365 2366 AND
2 1 507 2366 2367 AND
2 1 511 2367 2368 AND
2 1 515 2368 2369 AND
2 1 519 2369 2370 AND
2 1 523 2370 2371 AND
2 1 527 2371 2372 AND
2 1 531 2372 2373 AND
2 1 535 2373 2374 AND
2 1 539 2374 2375 AND
2 1 543 2375 2376 AND
2 1 547 2376 2377 AND
2 1 551 2377 2378 AND
2 1 555 2378 2379 AND
2 1 559 2379 2380 AND
2 1 563 2380 2381 AND
2 1 567 2381 2382 AND
2 1 571 2382 2383 AND
2 1 575 2383 2384 AND
2 1 579 2384 2385 AND
2 1 583 2385 2386 AND
2 1 587 2386 2387 AND
2 1 591 2387 2388 AND
2 1 1355 2388 2389 AND
2 1 1357 2389 2390 AND
2 1 1621 2390 2391 AND
2 1 602 2391 2392 AND
2 1 606 2392 2393 AND
2 1 610 2393 2394 AND
2 1 614 2394 2395 AND
2 1 618 2395 2396 AND
2 1 622 2396 2397 AND
2 1 626 2397 2398 AND
2 1 143 628 2399 AND
2 1 2398 2399 2400 AND
2 1 637 970 2401 AND
2 1 642 2401 2402 AND
2 1 646 2402 2403 AND
2 1 650 2403 2404 AND
2 1 654 2404 2405 AND
2 1 658 2405 2406 AND
2 1 662 2406 2407 AND
2 1 666 2407 2408 AND
2 1 670 2408 2409 AND
2 1 674 2409 2410 AND
2 1 678 2410 2411 AND
2 1 682 2411 2412 AND
2 1 686 2412 2413 AND
2 1 690 2413 2414 AND
2 1 694 2414 2415 AND
2 1 698 2415 2416 AND
2 1 702 2416 2417 AND
2 1 706 2417 2418 AND
2 1 710 2418 2419 AND
2 1 714 2419 2420 AND
2 1 718 2420 2421 AND
2 1 722 2421 2422 AND
2 1 726 2422 2423 AND
2 1 730 2423 2424 AND
2 1 734 2424 2425 AND
2 1 738 2425 2426 AND
2 1 742 2426 2427 AND
2 1 746 2427 2428 AND
2 1 750 2428 2429 AND
2 1 754 2429 2430 AND
2 1 758 2430 2431 AND
2 1 762 2431 2432 AND
2 1 766 2432 2433 AND
2 1 770 2433 2434 AND
2 1 774 2434 2435 AND
2 1 778 2435 2436 AND
2 1 782 2436 2437 AND
2 1 786 2437 2438 AND
2 1 790 2438 2439 AND
2 1 794 2439 2440 AND
2 1 798 2440 2441 AND
2 1 802 2441 2442 AND
2 1 806 2442 2443 AND
2 1 810 2443 2444 AND
2 1 814 2444 2445 AND
2 1 818 2445 2446 AND
2 1 822 2446 2447 AND
2 1 826 2447 2448 AND
2 1 830 2448 2449 AND
2 1 834 2449 2450 AND
2 1 838 2450 2451 AND
2 1 842 2451 2452 AND
2 1 846 2452 2453 AND
2 1 850 2453 2454 AND
2 1 854 2454 2455 AND
2 1 858 2455 2456 AND
2 1 862 2456 2457 AND
2 1 866 2457 2458 AND
2 1 870 2458 2459 AND
2 1 874 2459 2460 AND
2 1 878 2460 2461 AND
2 1 882 2461 2462 AND
2 1 886 2462 2463 AND
2 1 890 2463 2464 AND
2 1 894 2464 2465 AND
2 1 898 2465 2466 AND
2 1 902 2466 2467 AND
2 1 906 2467 2468 AND
2 1 910 2468 2469 AND
2 1 914 2469 2470 AND
2 1 918 2470 2471 AND
2 1 922 2471 2472 AND
2 1 926 2472 2473 AND
2 1 930 2473 2474 AND
2 1 1445 2474 2475 AND
2 1 1447 2475 2476 AND
2 1 1708 2476 2477 AND
2 1 939 2477 2478 AND
2 1 943 2478 2479 AND
2 1 947 2479 2480 AND
2 1 951 2480 2481 AND
2 1 955 2481 2482 AND
2 1 959 2482 2483 AND
2 1 963 2483 2484 AND
2 1 144 965 2485 AND
2 1 2484 2485 2486 AND
2 1 302 974 2487 AND
2 1 979 2487 2488 AND
2 1 983 2488 2489 AND
2 1 987 2489 2490 AND
2 1 991 2490 2491 AND
2 1 995 2491 2492 AND
2 1 999 2492 2493 AND
2 1 1003 2493 2494 AND
2 1 1007 2494 2495 AND
2 1 1011 2495 2496 AND
2 1 1015 2496 2497 AND
2 1 1019 2497 2498 AND
2 1 1023 2498 2499 AND
2 1 1027 2499 2500 AND
2 1 1031 2500 2501 AND
2 1 1035 2501 2502 AND
2 1 1039 2502 2503 AND
2 1 1043 2503 2504 AND
2 1 1047 2504 2505 AND
2 1 1051 2505 2506 AND
2 1 1055 2506 2507 AND
2 1 1059 2507 2508 AND
2 1 1063 2508 2509 AND
2 1 1067 2509 2510 AND
2 1 1071 2510 2511 AND
2 1 1075 2511 2512 AND
2 1 1079 2512 2513 AND
2 1 1083 2513 2514 AND
2 1 1087 2514 2515 AND
2 1 1091 2515 2516 AND
2 1 1095 2516 2517 AND
2 1 1099 2517 2518 AND
2 1 1103 2518 2519 AND
2 1 1107 2519 2520 AND
2 1 1111 2520 2521 AND
2 1 1115 2521 2522 AND
2 1 1119 2522 2523 AND
2 1 1123 2523 2524 AND
2 1 1127 2524 2525 AND
2 1 1131 2525 2526 AND
2 1 1135 2526 2527 AND
2 1 1139 2527 2528 AND
2 1 1143 2528 2529 AND
2 1 1147 2529 2530 AND
2 1 1151 2530 2531 AND
2 1 1155 2531 2532 AND
2 1 1159 2532 2533 AND
2 1 1163 2533 2534 AND
2 1 1167 2534 2535 AND
2 1 1171 2535 2536 AND
2 1 1175 2536 2537 AND
2 1 1179 2537 2538 AND
2 1 1183 2538 2539 AND
2 1 1187 2539 2540 AND
2 1 1191 2540 2541 AND
2 1 1195 2541 2542 AND
2 1 1199 2542 2543 AND
2 1 1203 2543 2544 AND
2 1 1207 2544 2545 AND
2 1 1211 2545 2546 AND
2 1 1215 2546 2547 AND
2 1 1219 2547 2548 AND
2 1 1223 2548 2549 AND
2 1 1227 2549 2550 AND
2 1 1231 2550 2551 AND
2 1 1235 2551 2552 AND
2 1 1239 2552 2553 AND
2 1 1243 2553 2554 AND
2 1 1247 2554 2555 AND
2 1 1251 2555 2556 AND
2 1 1255 2556 2557 AND
2 1 1259 2557 2558 AND
2 1 1263 2558 2559 AND
2 1 1267 2559 2560 AND
2 1 1534 2560 2561 AND
2 1 263 2561 2562 AND
2 1 267 2562 2563 AND
2 1 271 2563 2564 AND
2 1 275 2564 2565 AND
2 1 279 2565 2566 AND
2 1 283 2566 2567 AND
2 1 287 2567 2568 AND
2 1 291 2568 2569 AND
2 1 295 2569 2570 AND
2 1 145 297 2571 AND
2 1 2570 2571 2572 AND
2 1 306 641 2573 AND
2 1 311 2573 2574 AND
2 1 315 2574 2575 AND
2 1 319 2575 2576 AND
2 1 323 2576 2577 AND
2 1 327 2577 2578 AND
2 1 331 2578 2579 AND
2 1 335 2579 2580 AND
2 1 339 2580 2581 AND
2 1 343 2581 2582 AND
2 1 347 2582 2583 AND
2 1 351 2583 2584 AND
2 1 355 2584 2585 AND
2 1 359 2585 2586 AND
2 1 363 2586 2587 AND
2 1 367 2587 2588 AND
2 1 371 2588 2589 AND
2 1 375 2589 2590 AND
2 1 379 2590 2591 AND
2 1 383 2591 2592 AND
2 1 387 2592 2593 AND
2 1 391 2593 2594 AND
2 1 395 2594 2595 AND
2 1 399 2595 2596 AND
2 1 403 2596 2597 AND
2 1 407 2597 2598 AND
2 1 411 2598 2599 AND
2 1 415 2599 2600 AND
2 1 419 2600 2601 AND
2 1 423 2601 2602 AND
2 1 427 2602 2603 AND
2 1 431 2603 2604 AND
2 1 435 2604 2605 AND
2 1 439 2605 2606 AND
2 1 443 2606 2607 AND
2 1 447 2607 2608 AND
2 1 451 2608 2609 AND
2 1 455 2609 2610 AND
2 1 459 2610 2611 AND
2 1 463 2611 2612 AND
2 1 467 2612 2613 AND
2 1 471 2613 2614 AND
2 1 475 2614 2615 AND
2 1 479 2615 2616 AND
2 1 483 2616 2617 AND
2 1 487 2617 2618 AND
2 1 491 2618 2619 AND
2 1 495 2619 2620 AND
2 1 499 2620 2621 AND
2 1 503 2621 2622 AND
2 1 507 2622 2623 AND
2 1 511 2623 2624 AND
2 1 515 2624 2625 AND
2 1 519 2625 2626 AND
2 1 523 2626 2627 AND
2 1 527 2627 2628 AND
2 1 531 2628 2629 AND
2 1 535 2629 2630 AND
2 1 539 2630 2631 AND
2 1 543 2631 2632 AND
2 1 547 2632 2633 AND
2 1 551 2633 2634 AND
2 1 555 2634 2635 AND
2 1 559 2635 2636 AND
2 1 563 2636 2637 AND
2 1 567 2637 2638 AND
2 1 571 2638 2639 AND
2 1 575 2639 2640 AND
2 1 579 2640 2641 AND
2 1 583 2641 2642 AND
2 1 587 2642 2643 AND
2 1 591 2643 2644 AND
2 1 1355 2644 2645 AND
2 1 1357 2645 2646 AND
2 1 1621 2646 2647 AND
2 1 602 2647 2648 AND
2 1 606 2648 2649 AND
2 1 610 2649 2650 AND
2 1 614 2650 2651 AND
2 1 618 2651 2652 AND
2 1 622 2652 2653 AND
2 1 626 2653 2654 AND
2 1 630 2654 2655 AND
2 1 634 2655 2656 AND
2 1 146 636 2657 AND
2 1 2656 2657 2658 AND
2 1 645 978 2659 AND
2 1 650 2659 2660 AND
2 1 654 2660 2661 AND
2 1 658 2661 2662 AND
2 1 662 2662 2663 AND
2 1 666 2663 2664 AND
2 1 670 2664 2665 AND
2 1 674 2665 2666 AND
2 1 678 2666 2667 AND
2 1 682 2667 2668 AND
2 1 686 2668 2669 AND
2 1 690 2669 2670 AND
2 1 694 2670 2671 AND
2 1 698 2671 2672 AND
2 1 702 2672 2673 AND
2 1 706 2673 2674 AND
2 1 710 2674 2675 AND
2 1 714 2675 2676 AND
2 1 718 2676 2677 AND
2 1 722 2677 2678 AND
2 1 726 2678 2679 AND
2 1 730 2679 2680 AND
2 1 734 2680 2681 AND
2 1 738 2681 2682 AND
2 1 742 2682 2683 AND
2 1 746 2683 2684 AND
2 1 750 2684 2685 AND
2 1 754 2685 2686 AND
2 1 758 2686 2687 AND
2 1 762 2687 2688 AND
2 1 766 2688 2689 AND
2 1 770 2689 2690 AND
2 1 774 2690 2691 AND
2 1 778 2691 2692 AND
2 1 782 2692 2693 AND
2 1 786 2693 2694 AND
2 1 790 2694 2695 AND
2 1 794 2695 2696 AND
2 1 798 2696 2697 AND
2 1 802 2697 2698 AND
2 1 806 2698 2699 AND
2 1 810 2699 2700 AND
2 1 814 2700 2701 AND
2 1 818 2701 2702 AND
2 1 822 2702 2703 AND
2 1 826 2703 2704 AND
2 1 830 2704 2705 AND
2 1 834 2705 2706 AND
2 1 838 2706 2707 AND
2 1 842 2707 2708 AND
2 1 846 2708 2709 AND
2 1 850 2709 2710 AND
2 1 854 2710 2711 AND
2 1 858 2711 2712 AND
2 1 862 2712 2713 AND
2 1 866 2713 2714 AND
2 1 870 2714 2715 AND
2 1 874 2715 2716 AND
2 1 878 2716 2717 AND
2 1 882 2717 2718 AND
2 1 886 2718 2719 AND
2 1 890 2719 2720 AND
2 1 894 2720 2721 AND
2 1 898 2721 2722 AND
2 1 902 2722 2723 AND
2 1 906 2723 2724 AND
2 1 910 2724 2725 AND
2 1 914 2725 2726 AND
2 1 918 2726 2727 AND
2 1 922 2727 2728 AND
2 1 926 2728 2729 AND
2 1 930 2729 2730 AND
2 1 1445 2730 2731 AND
2 1 1447 2731 2732 AND
2 1 1708 2732 2733 AND
2 1 939 2733 2734 AND
2 1 943 2734 2735 AND
2 1 947 2735 2736 AND
2 1 951 2736 2737 AND
2 1 955 2737 2738 AND
2 1 959 2738 2739 AND
2 1 963 2739 2740 AND
2 1 967 2740 2741 AND
2 1 971 2741 2742 AND
2 1 147 973 2743 AND
2 1 2742 2743 2744 AND
2 1 310 982 2745 AND
2 1 987 2745 2746 AND
2 1 991 2746 2747 AND
2 1 995 2747 2748 AND
2 1 999 2748 2749 AND
2 1 1003 2749 2750 AND
2 1 1007 2750 2751 AND
2 1 1011 2751 2752 AND
2 1 1015 2752 2753 AND
2 1 1019 2753 2754 AND
2 1 1023 2754 2755 AND
2 1 1027 2755 2756 AND
2 1 1031 2756 2757 AND
2 1 1035 2757 2758 AND
2 1 1039 2758 2759 AND
2 1 1043 2759 2760 AND
2 1 1047 2760 2761 AND
2 1 1051 2761 2762 AND
2 1 1055 2762 2763 AND
2 1 1059 2763 2764 AND
2 1 1063 2764 2765 AND
2 1 1067 2765 2766 AND
2 1 1071 2766 2767 AND
2 1 1075 2767 2768 AND
2 1 1079 2768 2769 AND
2 1 1083 2769 2770 AND
2 1 1087 2770 2771 AND
2 1 1091 2771 2772 AND
2 1 1095 2772 2773 AND
2 1 1099 2773 2774 AND
2 1 1103 2774 2775 AND
2 1 1107 2775 2776 AND
2 1 1111 2776 2777 AND
2 1 1115 2777 2778 AND
2 1 1119 2778 2779 AND
2 1 1123 2779 2780 AND
2 1 1127 2780 2781 AND
2 1 1131 2781 2782 AND
2 1 1135 2782 2783 AND
2 1 1139 2783 2784 AND
2 1 1143 2784 2785 AND
2 1 1147 2785 2786 AND
2 1 1151 2786 2787 AND
2 1 1155 2787 2788 AND
2 1 1159 2788 2789 AND
2 1 1163 2789 2790 AND
2 1 1167 2790 2791 AND
2 1 1171 2791 2792 AND
2 1 1175 2792 2793 AND
2 1 1179 2793 2794 AND
2 1 1183 2794 2795 AND
2 1 1187 2795 2796 AND
2 1 1191 2796 2797 AND
2 1 1195 2797 2798 AND
2 1 1199 2798 2799 AND
2 1 1203 2799 2800 AND
2 1 1207 2800 2801 AND
2 1 1211 2801 2802 AND
2 1 1215 2802 2803 AND
2 1 1219 2803 2804 AND
2 1 1223 2804 2805 AND
2 1 1227 2805 2806 AND
2 1 1231 2806 2807 AND
2 1 1235 2807 2808 AND
2 1 1239 2808 2809 AND
2 1 1243 2809 2810 AND
2 1 1247 2810 2811 AND
2 1 1251 2811 2812 AND
2 1 1255 2812 2813 AND
2 1 1259 2813 2814 AND
2 1 1263 2814 2815 AND
2 1 1267 2815 2816 AND
2 1 1534 2816 2817 AND
2 1 263 2817 2818 AND
2 1 267 2818 2819 AND
2 1 271 2819 2820 AND
2 1 275 2820 2821 AND
2 1 279 2821 2822 AND
2 1 283 2822 2823 AND
2 1 287 2823 2824 AND
2 1 291 2824 2825 AND
2 1 295 2825 2826 AND
2 1 299 2826 2827 AND
2 1 303 2827 2828 AND
2 1 148 305 2829 AND
2 1 2828 2829 2830 AND
2 1 314 649 2831 AND
2 1 319 2831 2832 AND
2 1 323 2832 2833 AND
2 1 327 2833 2834 AND
2 1 331 2834 2835 AND
2 1 335 2835 2836 AND
2 1 339 2836 2837 AND
2 1 343 2837 2838 AND
2 1 347 2838 2839 AND
2 1 351 2839 2840 AND
2 1 355 2840 2841 AND
2 1 359 2841 2842 AND
2 1 363 2842 2843 AND
2 1 367 2843 2844 AND
2 1 371 2844 2845 AND
2 1 375 2845 2846 AND
2 1 379 2846 2847 AND
2 1 383 2847 2848 AND
2 1 387 2848 2849 AND
2 1 391 2849 2850 AND
2 1 395 2850 2851 AND
2 1 399 2851 2852 AND
2 1 403 2852 2853 AND
2 1 407 2853 2854 AND
2 1 411 2854 2855 AND
2 1 415 2855 2856 AND
2 1 419 2856 2857 AND
2 1 423 2857 2858 AND
2 1 427 2858 2859 AND
2 1 431 2859 2860 AND
2 1 435 2860 2861 AND
2 1 439 2861 2862 AND
2 1 443 2862 2863 AND
2 1 447 2863 2864 AND
2 1 451 2864 2865 AND
2 1 455 2865 2866 AND
2 1 459 2866 2867 AND
2 1 463 2867 2868 AND
2 1 467 2868 2869 AND
2 1 471 2869 2870 AND
2 1 475 2870 2871 AND
2 1 479 2871 2872 AND
2 1 483 2872 2873 AND
2 1 487 2873 2874 AND
2 1 491 2874 2875 AND
2 1 495 2875 2876 AND
2 1 499 2876 2877 AND
2 1 503 2877 2878 AND
2 1 507 2878 2879 AND
2 1 511 2879 2880 AND
2 1 515 2880 2881 AND
2 1 519 2881 2882 AND
2 1 523 2882 2883 AND
2 1 527 2883 2884 AND
2 1 531 2884 2885 AND
2 1 535 2885 2886 AND
2 1 539 2886 2887 AND
2 1 543 2887 2888 AND
2 1 547 2888 2889 AND
2 1 551 2889 2890 AND
2 1 555 2890 2891 AND
2 1 559 2891 2892 AND
2 1 563 2892 2893 AND
2 1 567 2893 2894 AND
2 1 571 2894 2895 AND
2 1 575 2895 2896 AND
2 1 579 2896 2897 AND
2 1 583 2897 2898 AND
2 1 587 2898 2899 AND
2 1 591 2899 2900 AND
2 1 1355 2900 2901 AND
2 1 1357 2901 2902 AND
2 1 1621 2902 2903 AND
2 1 602 2903 2904 AND
2 1 606 2904 2905 AND
2 1 610 2905 2906 AND
2 1 614 2906 2907 AND
2 1 618 2907 2908 AND
2 1 622 2908 2909 AND
2 1 626 2909 2910 AND
2 1 630 2910 2911 AND
2 1 634 2911 2912 AND
2 1 638 2912 2913 AND
2 1 642 2913 2914 AND
2 1 149 644 2915 AND
2 1 2914 2915 2916 AND
2 1 653 986 2917 AND
2 1 658 2917 2918 AND
2 1 662 2918 2919 AND
2 1 666 2919 2920 AND
2 1 670 2920 2921 AND
2 1 674 2921 2922 AND
2 1 678 2922 2923 AND
2 1 682 2923 2924 AND
2 1 686 2924 2925 AND
2 1 690 2925 2926 AND
2 1 694 2926 2927 AND
2 1 698 2927 2928 AND
2 1 702 2928 2929 AND
2 1 706 2929 2930 AND
2 1 710 2930 2931 AND
2 1 714 2931 2932 AND
2 1 718 2932 2933 AND
2 1 722 2933 2934 AND
2 1 726 2934 2935 AND
2 1 730 2935 2936 AND
2 1 734 2936 2937 AND
2 1 738 2937 2938 AND
2 1 742 2938 2939 AND
2 1 746 2939 2940 AND
2 1 750 2940 2941 AND
2 1 754 2941 2942 AND
2 1 758 2942 2943 AND
2 1 762 2943 2944 AND
2 1 766 2944 2945 AND
2 1 770 2945 2946 AND
2 1 774 2946 2947 AND
2 1 778 2947 2948 AND
2 1 782 2948 2949 AND
2 1 786 2949 2950 AND
2 1 790 2950 2951 AND
2 1 794 2951 2952 AND
2 1 798 2952 2953 AND
2 1 802 2953 2954 AND
2 1 806 2954 2955 AND
2 1 810 2955 2956 AND
2 1 814 2956 2957 AND
2 1 818 2957 2958 AND
2 1 822 2958 2959 AND
2 1 826 2959 2960 AND
2 1 830 2960 2961 AND
2 1 834 2961 2962 AND
2 1 838 2962 2963 AND
2 1 842 2963 2964 AND
2 1 846 2964 2965 AND
2 1 850 2965 2966 AND
2 1 854 2966 2967 AND
2 1 858 2967 2968 AND
2 1 862 2968 2969 AND
2 1 866 2969 2970 AND
2 1 870 2970 2971 AND
2 1 874 2971 2972 AND
2 1 878 2972 2973 AND
2 1 882 2973 2974 AND
2 1 886 2974 2975 AND
2 1 890 2975 2976 AND
2 1 894 2976 2977 AND
2 1 898 2977 2978 AND
2 1 902 2978 2979 AND
2 1 906 2979 2980 AND
2 1 910 2980 2981 AND
2 1 914 2981 2982 AND
2 1 918 2982 2983 AND
2 1 922 2983 2984 AND
2 1 926 2984 2985 AND
2 1 930 2985 2986 AND
2 1 1445 2986 2987 AND
2 1 1447 2987 2988 AND
2 1 1708 2988 2989 AND
2 1 939 2989 2990 AND
2 1 943 2990 2991 AND
2 1 947 2991 2992 AND
2 1 951 2992 2993 AND
2 1 955 2993 2994 AND
2 1 959 2994 2995 AND
2 1 963 2995 2996 AND
2 1 967 2996 2997 AND
2 1 971 2997 2998 AND
2 1 975 2998 2999 AND
2 1 979 2999 3000 AND
2 1 150 981 3001 AND
2 1 3000 3001 3002 AND
2 1 318 990 3003 AND
2 1 995 3003 3004 AND
2 1 999 3004 3005 AND
2 1 1003 3005 3006 AND
2 1 1007 3006 3007 AND
2 1 1011 3007 3008 AND
2 1 1015 3008 3009 AND
2 1 1019 3009 3010 AND
2 1 1023 3010 3011 AND
2 1 1027 3011 3012 AND
2 1 1031 3012 3013 AND
2 1 1035 3013 3014 AND
2 1 1039 3014 3015 AND
2 1 1043 3015 3016 AND
2 1 1047 3016 3017 AND
2 1 1051 3017 3018 AND
2 1 1055 3018 3019 AND
2 1 1059 3019 3020 AND
2 1 1063 3020 3021 AND
2 1 1067 3021 3022 AND
2 1 1071 3022 3023 AND
2 1 1075 3023 3024 AND
2 1 1079 3024 3025 AND
2 1 1083 3025 3026 AND
2 1 1087 3026 3027 AND
2 1 1091 3027 3028 AND
2 1 1095 3028 3029 AND
2 1 1099 3029 3030 AND
2 1 1103 3030 3031 AND
2 1 1107 3031 3032 AND
2 1 1111 3032 3033 AND
2 1 1115 3033 3034 AND
2 1 1119 3034 3035 AND
2 1 1123 3035 3036 AND
2 1 1127 3036 3037 AND
2 1 1131 3037 3038 AND
2 1 1135 3038 3039 AND
2 1 1139 3039 3040 AND
2 1 1143 3040 3041 AND
2 1 1147 3041 3042 AND
2 1 1151 3042 3043 AND
2 1 1155 3043 3044 AND
2 1 1159 3044 3045 AND
2 1 1163 3045 3046 AND
2 1 1167 3046 3047 AND
2 1 1171 3047 3048 AND
2 1 1175 3048 3049 AND
2 1 1179 3049 3050 AND
2 1 1183 3050 3051 AND
2 1 1187 3051 3052 AND
2 1 1191 3052 3053 AND
2 1 1195 3053 3054 AND
2 1 1199 3054 3055 AND
2 1 1203 3055 3056 AND
2 1 1207 3056 3057 AND
2 1 1211 3057 3058 AND
2 1 1215 3058 3059 AND
2 1 1219 3059 3060 AND
2 1 1223 3060 3061 AND
2 1 1227 3061 3062 AND
2 1 1231 3062 3063 AND
2 1 1235 3063 3064 AND
2 1 1239 3064 3065 AND
2 1 1243 3065 3066 AND
2 1 1247 3066 3067 AND
2 1 1251 3067 3068 AND
2 1 1255 3068 3069 AND
2 1 1259 3069 3070 AND
2 1 1263 3070 3071 AND
2 1 1267 3071 3072 AND
2 1 1534 3072 3073 AND
2 1 263 3073 3074 AND
2 1 267 3074 3075 AND
2 1 271 3075 3076 AND
2 1 275 3076 3077 AND
2 1 279 3077 3078 AND
2 1 283 3078 3079 AND
2 1 287 3079 3080 AND
2 1 291 3080 3081 AND
2 1 295 3081 3082 AND
2 1 299 3082 3083 AND
2 1 303 3083 3084 AND
2 1 307 3084 3085 AND
2 1 311 3085 3086 AND
2 1 151 313 3087 AND
2 1 3086 3087 3088 AND
2 1 322 657 3089 AND
2 1 327 3089 3090 AND
2 1 331 3090 3091 AND
2 1 335 3091 3092 AND
2 1 339 3092 3093 AND
2 1 343 3093 3094 AND
2 1 347 3094 3095 AND
2 1 351 3095 3096 AND
2 1 355 3096 3097 AND
2 1 359 3097 3098 AND
2 1 363 3098 3099 AND
2 1 367 3099 3100 AND
2 1 371 3100 3101 AND
2 1 375 3101 3102 AND
2 1 379 3102 3103 AND
2 1 383 3103 3104 AND
2 1 387 3104 3105 AND
2 1 391 3105 3106 AND
2 1 395 3106 3107 AND
2 1 399 3107 3108 AND
2 1 403 3108 3109 AND
2 1 407 3109 3110 AND
2 1 411 3110 3111 AND
2 1 415 3111 3112 AND
2 1 419 3112 3113 AND
2 1 423 3113 3114 AND
2 1 427 3114 3115 AND
2 1 431 3115 3116 AND
2 1 435 3116 3117 AND
2 1 439 3117 3118 AND
2 1 443 3118 3119 AND
2 1 447 3119 3120 AND
2 1 451 3120 3121 AND
2 1 455 3121 3122 AND
2 1 459 3122 3123 AND
2 1 463 3123 3124 AND
2 1 467 3124 3125 AND
2 1 471 3125 3126 AND
2 1 475 3126 3127 AND
2 1 479 3127 3128 AND
2 1 483 3128 3129 AND
2 1 487 3129 3130 AND
2 1 491 3130 3131 AND
2 1 495 3131 3132 AND
2 1 499 3132 3133 AND
2 1 503 3133 3134 AND
2 1 507 3134 3135 AND
2 1 511 3135 3136 AND
2 1 515 3136 3137 AND
2 1 519 3137 3138 AND
2 1 523 3138 3139 AND
2 1 527 3139 3140 AND
2 1 531 3140 3141 AND
2 1 535 3141 3142 AND
2 1 539 3142 3143 AND
2 1 543 3143 3144 AND
2 1 547 3144 3145 AND
2 1 551 3145 3146 AND
2 1 555 3146 3147 AND
2 1 559 3147 3148 AND
2 1 563 3148 3149 AND
2 1 567 3149 3150 AND
2 1 571 3150 3151 AND
2 1 575 3151 3152 AND
2 1 579 3152 3153 AND
2 1 583 3153 3154 AND
2 1 587 3154 3155 AND
2 1 591 3155 3156 AND
2 1 1355 3156 3157 AND
2 1 1357 3157 3158 AND
2 1 1621 3158 3159 AND
2 1 602 3159 3160 AND
2 1 606 3160 3161 AND
2 1 610 3161 3162 AND
2 1 614 3162 3163 AND
2 1 618 3163 3164 AND
2 1 622 3164 3165 AND
2 1 626 3165 3166 AND
2 1 630 3166 3167 AND
2 1 634 3167 3168 AND
2 1 638 3168 3169 AND
2 1 642 3169 3170 AND
2 1 646 3170 3171 AND
2 1 650 3171 3172 AND
2 1 152 652 3173 AND
2 1 3172 3173 3174 AND
2 1 661 994 3175 AND
2 1 666 3175 3176 AND
2 1 670 3176 3177 AND
2 1 674 3177 3178 AND
2 1 678 3178 3179 AND
2 1 682 3179 3180 AND
2 1 686 3180 3181 AND
2 1 690 3181 3182 AND
2 1 694 3182 3183 AND
2 1 698 3183 3184 AND
2 1 702 3184 3185 AND
2 1 706 3185 3186 AND
2 1 710 3186 3187 AND
2 1 714 3187 3188 AND
2 1 718 3188 3189 AND
2 1 722 3189 3190 AND
2 1 726 3190 3191 AND
2 1 730 3191 3192 AND
2 1 734 3192 3193 AND
2 1 738 3193 3194 AND
2 1 742 3194 3195 AND
2 1 746 3195 3196 AND
2 1 750 3196 3197 AND
2 1 754 3197 3198 AND
2 1 758 3198 3199 AND
2 1 762 3199 3200 AND
2 1 766 3200 3201 AND
2 1 770 3201 3202 AND
2 1 774 3202 3203 AND
2 1 778 3203 3204 AND
2 1 782 3204 3205 AND
2 1 786 3205 3206 AND
2 1 790 3206 3207 AND
2 1 794 3207 3208 AND
2 1 798 3208 3209 AND
2 1 802 3209 3210 AND
2 1 806 3210 3211 AND
2 1 810 3211 3212 AND
2 1 814 3212 3213 AND
2 1 818 3213 3214 AND
2 1 822 3214 3215 AND
2 1 826 3215 3216 AND
2 1 830 3216 3217 AND
2 1 834 3217 3218 AND
2 1 838 3218 3219 AND
2 1 842 3219 3220 AND
2 1 846 3220 3221 AND
2 1 850 3221 3222 AND
2 1 854 3222 3223 AND
2 1 858 3223 3224 AND
2 1 862 3224 3225 AND
2 1 866 3225 3226 AND
2 1 870 3226 3227 AND
2 1 874 3227 3228 AND
2 1 878 3228 3229 AND
2 1 882 3229 3230 AND
2 1 886 3230 3231 AND
2 1 890 3231 3232 AND
2 1 894 3232 3233 AND
2 1 898 3233 3234 AND
2 1 902 3234 3235 AND
2 1 906 3235 3236 AND
2 1 910 3236 3237 AND
2 1 914 3237 3238 AND
2 1 918 3238 3239 AND
2 1 922 3239 3240 AND
2 1 926 3240 3241 AND
2 1 930 3241 3242 AND
2 1 1445 3242 3243 AND
2 1 1447 3243 3244 AND
2 1 1708 3244 3245 AND
2 1 939 3245 3246 AND
2 1 943 3246 3247 AND
2 1 947 3247 3248 AND
2 1 951 3248 3249 AND
2 1 955 3249 3250 AND
2 1 959 3250 3251 AND
2 1 963 3251 3252 AND
2 1 967 3252 3253 AND
2 1 971 3253 3254 AND
2 1 975 3254 3255 AND
2 1 979 3255 3256 AND
2 1 983 3256 3257 AND
2 1 987 3257 3258 AND
2 1 153 989 3259 AND
2 1 3258 3259 3260 AND
2 1 326 998 3261 AND
2 1 1003 3261 3262 AND
2 1 1007 3262 3263 AND
2 1 1011 3263 3264 AND
2 1 1015 3264 3265 AND
2 1 1019 3265 3266 AND
2 1 1023 3266 3267 AND
2 1 1027 3267 3268 AND
2 1 1031 3268 3269 AND
2 1 1035 3269 3270 AND
2 1 1039 3270 3271 AND
2 1 1043 3271 3272 AND
2 1 1047 3272 3273 AND
2 1 1051 3273 3274 AND
2 1 1055 3274 3275 AND
2 1 1059 3275 3276 AND
2 1 1063 3276 3277 AND
2 1 1067 3277 3278 AND
2 1 1071 3278 3279 AND
2 1 1075 3279 3280 AND
2 1 1079 3280 3281 AND
2 1 1083 3281 3282 AND
2 1 1087 3282 3283 AND
2 1 1091 3283 3284 AND
2 1 1095 3284 3285 AND
2 1 1099 3285 3286 AND
2 1 1103 3286 3287 AND
2 1 1107 3287 3288 AND
2 1 1111 3288 3289 AND
2 1 1115 3289 3290 AND
2 1 1119 3290 3291 AND
2 1 1123 3291 3292 AND
2 1 1127 3292 3293 AND
2 1 1131 3293 3294 AND
2 1 1135 3294 3295 AND
2 1 1139 3295 3296 AND
2 1 1143 3296 3297 AND
2 1 1147 3297 3298 AND
2 1 1151 3298 3299 AND
2 1 1155 3299 3300 AND
2 1 1159 3300 3301 AND
2 1 1163 3301 3302 AND
2 1 1167 3302 3303 AND
2 1 1171 3303 3304 AND
2 1 1175 3304 3305 AND
2 1 1179 3305 3306 AND
2 1 1183 3306 3307 AND
2 1 1187 3307 3308 AND
2 1 1191 3308 3309 AND
2 1 1195 3309 3310 AND
2 1 1199 3310 3311 AND
2 1 1203 3311 3312 AND
2 1 1207 3312 3313 AND
2 1 1211 3313 3314 AND
2 1 1215 3314 3315 AND
2 1 1219 3315 3316 AND
2 1 1223 3316 3317 AND
2 1 1227 3317 3318 AND
2 1 1231 3318 3319 AND
2 1 1235 3319 3320 AND
2 1 1239 3320 3321 AND
2 1 1243 3321 3322 AND
2 1 1247 3322 3323 AND
2 1 1251 3323 3324 AND
2 1 1255 3324 3325 AND
2 1 1259 3325 3326 AND
2 1 1263 3326 3327 AND
2 1 1267 3327 3328 AND
2 1 1534 3328 3329 AND
2 1 263 3329 3330 AND
2 1 267 3330 3331 AND
2 1 271 3331 3332 AND
2 1 275 3332 3333 AND
2 1 279 3333 3334 AND
2 1 283 3334 3335 AND
2 1 287 3335 3336 AND
2 1 291 3336 3337 AND
2 1 295 3337 3338 AND
2 1 299 3338 3339 AND
2 1 303 3339 3340 AND
2 1 307 3340 3341 AND
2 1 311 3341 3342 AND
2 1 315 3342 3343 AND
2 1 319 3343 3344 AND
2 1 154 321 3345 AND
2 1 3344 3345 3346 AND
2 1 330 665 3347 AND
2 1 335 3347 3348 AND
2 1 339 3348 3349 AND
2 1 343 3349 3350 AND
2 1 347 3350 3351 AND
2 1 351 3351 3352 AND
2 1 355 3352 3353 AND
2 1 359 3353 3354 AND
2 1 363 3354 3355 AND
2 1 367 3355 3356 AND
2 1 371 3356 3357 AND
2 1 375 3357 3358 AND
2 1 379 3358 3359 AND
2 1 383 3359 3360 AND
2 1 387 3360 3361 AND
2 1 391 3361 3362 AND
2 1 395 3362 3363 AND
2 1 399 3363 3364 AND
2 1 403 3364 3365 AND
2 1 407 3365 3366 AND
2 1 411 3366 3367 AND
2 1 415 3367 3368 AND
2 1 419 3368 3369 AND
2 1 423 3369 3370 AND
2 1 427 3370 3371 AND
2 1 431 3371 3372 AND
2 1 435 3372 3373 AND
2 1 439 3373 3374 AND
2 1 443 3374 3375 AND
2 1 447 3375 3376 AND
2 1 451 3376 3377 AND
2 1 455 3377 3378 AND
2 1 459 3378 3379 AND
2 1 463 3379 3380 AND
2 1 467 3380 3381 AND
2 1 471 3381 3382 AND
2 1 475 3382 3383 AND
2 1 479 3383 3384 AND
2 1 483 3384 3385 AND
2 1 487 3385 3386 AND
2 1 491 3386 3387 AND
2 1 495 3387 3388 AND
2 1 499 3388 3389 AND
2 1 503 3389 3390 AND
2 1 507 3390 3391 AND
2 1 511 3391 3392 AND
2 1 515 3392 3393 AND
2 1 519 3393 3394 AND
2 1 523 3394 3395 AND
2 1 527 3395 3396 AND
2 1 531 3396 3397 AND
2 1 535 3397 3398 AND
2 1 539 3398 3399 AND
2 1 543 3399 3400 AND
2 1 547 3400 3401 AND
2 1 551 3401 3402 AND
2 1 555 3402 3403 AND
2 1 559 3403 3404 AND
2 1 563 3404 3405 AND
2 1 567 3405 3406 AND
2 1 571 3406 3407 AND
2 1 575 3407 3408 AND
2 1 579 3408 3409 AND
2 1 583 3409 3410 AND
2 1 587 3410 3411 AND
2 1 591 3411 3412 AND
2 1 1355 3412 3413 AND
2 1 1357 3413 3414 AND
2 1 1621 3414 3415 AND
2 1 602 3415 3416 AND
2 1 606 3416 3417 AND
2 1 610 3417 3418 AND
2 1 614 3418 3419 AND
2 1 618 3419 3420 AND
2 1 622 3420 3421 AND
2 1 626 3421 3422 AND
2 1 630 3422 3423 AND
2 1 634 3423 3424 AND
2 1 638 3424 3425 AND
2 1 642 3425 3426 AND
2 1 646 3426 3427 AND
2 1 650 3427 3428 AND
2 1 654 3428 3429 AND
2 1 658 3429 3430 AND
2 1 155 660 3431 AND
2 1 3430 3431 3432 AND
2 1 669 1002 3433 AND
2 1 674 3433 3434 AND
2 1 678 3434 3435 AND
2 1 682 3435 3436 AND
2 1 686 3436 3437 AND
2 1 690 3437 3438 AND
2 1 694 3438 3439 AND
2 1 698 3439 3440 AND
2 1 702 3440 3441 AND
2 1 706 3441 3442 AND
2 1 710 3442 3443 AND
2 1 714 3443 3444 AND
2 1 718 3444 3445 AND
2 1 722 3445 3446 AND
2 1 726 3446 3447 AND
2 1 730 3447 3448 AND
2 1 734 3448 3449 AND
2 1 738 3449 3450 AND
2 1 742 3450 3451 AND
2 1 746 3451 3452 AND
2 1 750 3452 3453 AND
2 1 754 3453 3454 AND
2 1 758 3454 3455 AND
2 1 762 3455 3456 AND
2 1 766 3456 3457 AND
2 1 770 3457 3458 AND
2 1 774 3458 3459 AND
2 1 778 3459 3460 AND
2 1 782 3460 3461 AND
2 1 786 3461 3462 AND
2 1 790 3462 3463 AND
2 1 794 3463 3464 AND
2 1 798 3464 3465 AND
2 1 802 3465 3466 AND
2 1 806 3466 3467 AND
2 1 810 3467 3468 AND
2 1 814 3468 3469 AND
2 1 818 3469 3470 AND
2 1 822 3470 3471 AND
2 1 826 3471 3472 AND
2 1 830 3472 3473 AND
2 1 834 3473 3474 AND
2 1 838 3474 3475 AND
2 1 842 3475 3476 AND
2 1 846 3476 3477 AND
2 1 850 3477 3478 AND
2 1 854 3478 3479 AND
2 1 858 3479 3480 AND
2 1 862 3480 3481 AND
2 1 866 3481 3482 AND
2 1 870 3482 3483 AND
2 1 874 3483 3484 AND
2 1 878 3484 3485 AND
2 1 882 3485 3486 AND
2 1 886 3486 3487 AND
2 1 890 3487 3488 AND
2 1 894 3488 3489 AND
2 1 898 3489 3490 AND
2 1 902 3490 3491 AND
2 1 906 3491 3492 AND
2 1 910 3492 3493 AND
2 1 914 3493 3494 AND
2 1 918 3494 3495 AND
2 1 922 3495 3496 AND
2 1 926 3496 3497 AND
2 1 930 3497 3498 AND
2 1 1445 3498 3499 AND
2 1 1447 3499 3500 AND
2 1 1708 3500 3501 AND
2 1 939 3501 3502 AND
2 1 943 3502 3503 AND
2 1 947 3503 3504 AND
2 1 951 3504 3505 AND
2 1 955 3505 3506 AND
2 1 959 3506 3507 AND
2 1 963 3507 3508 AND
2 1 967 3508 3509 AND
2 1 971 3509 3510 AND
2 1 975 3510 3511 AND
2 1 979 3511 3512 AND
2 1 983 3512 3513 AND
2 1 987 3513 3514 AND
2 1 991 3514 3515 AND
2 1 995 3515 3516 AND
2 1 156 997 3517 AND
2 1 3516 3517 3518 AND
2 1 334 1006 3519 AND
2 1 1011 3519 3520 AND
2 1 1015 3520 3521 AND
2 1 1019 3521 3522 AND
2 1 1023 3522 3523 AND
2 1 1027 3523 3524 AND
2 1 1031 3524 3525 AND
2 1 1035 3525 3526 AND
2 1 1039 3526 3527 AND
2 1 1043 3527 3528 AND
2 1 1047 3528 3529 AND
2 1 1051 3529 3530 AND
2 1 1055 3530 3531 AND
2 1 1059 3531 3532 AND
2 1 1063 3532 3533 AND
2 1 1067 3533 3534 AND
2 1 1071 3534 3535 AND
2 1 1075 3535 3536 AND
2 1 1079 3536 3537 AND
2 1 1083 3537 3538 AND
2 1 1087 3538 3539 AND
2 1 1091 3539 3540 AND
2 1 1095 3540 3541 AND
2 1 1099 3541 3542 AND
2 1 1103 3542 3543 AND
2 1 1107 3543 3544 AND
2 1 1111 3544 3545 AND
2 1 1115 3545 3546 AND
2 1 1119 3546 3547 AND
2 1 1123 3547 3548 AND
2 1 1127 3548 3549 AND
2 1 1131 3549 3550 AND
2 1 1135 3550 3551 AND
2 1 1139 3551 3552 AND
2 1 1143 3552 3553 AND
2 1 1147 3553 3554 AND
2 1 1151 3554 3555 AND
2 1 1155 3555 3556 AND
2 1 1159 3556 3557 AND
2 1 1163 3557 3558 AND
2 1 1167 3558 3559 AND
2 1 1171 3559 3560 AND
2 1 1175 3560 3561 AND
2 1 1179 3561 3562 AND
2 1 1183 3562 3563 AND
2 1 1187 3563 3564 AND
2 1 1191 3564 3565 AND
2 1 1195 3565 3566 AND
2 1 1199 3566 3567 AND
2 1 1203 3567 3568 AND
2 1 1207 3568 3569 AND
2 1 1211 3569 3570 AND
2 1 1215 3570 3571 AND
2 1 1219 3571 3572 AND
2 1 1223 3572 3573 AND
2 1 1227 3573 3574 AND
2 1 1231 3574 3575 AND
2 1 1235 3575 3576 AND
2 1 1239 3576 3577 AND
2 1 1243 3577 3578 AND
2 1 1247 3578 3579 AND
2 1 1251 3579 3580 AND
2 1 1255 3580 3581 AND
2 1 1259 3581 3582 AND
2 1 1263 3582 3583 AND
2 1 1267 3583 3584 AND
2 1 1534 3584 3585 AND
2 1 263 3585 3586 AND
2 1 267 3586 3587 AND
2 1 271 3587 3588 AND
2 1 275 3588 3589 AND
2 1 279 3589 3590 AND
2 1 283 3590 3591 AND
2 1 287 3591 3592 AND
2 1 291 3592 3593 AND
2 1 295 3593 3594 AND
2 1 299 3594 3595 AND
2 1 303 3595 3596 AND
2 1 307 3596 3597 AND
2 1 311 3597 3598 AND
2 1 315 3598 3599 AND
2 1 319 3599 3600 AND
2 1 323 3600 3601 AND
2 1 327 3601 3602 AND
2 1 157 329 3603 AND
2 1 3602 3603 3604 AND
2 1 338 673 3605 AND
2 1 343 3605 3606 AND
2 1 347 3606 3607 AND
2 1 351 3607 3608 AND
2 1 355 3608 3609 AND
2 1 359 3609 3610 AND
2 1 363 3610 3611 AND
2 1 367 3611 3612 AND
2 1 371 3612 3613 AND
2 1 375 3613 3614 AND
2 1 379 3614 3615 AND
2 1 383 3615 3616 AND
2 1 387 3616 3617 AND
2 1 391 3617 3618 AND
2 1 395 3618 3619 AND
2 1 399 3619 3620 AND
2 1 403 3620 3621 AND
2 1 407 3621 3622 AND
2 1 411 3622 3623 AND
2 1 415 3623 3624 AND
2 1 419 3624 3625 AND
2 1 423 3625 3626 AND
2 1 427 3626 3627 AND
2 1 431 3627 3628 AND
2 1 435 3628 3629 AND
2 1 439 3629 3630 AND
2 1 443 3630 3631 AND
2 1 447 3631 3632 AND
2 1 451 3632 3633 AND
2 1 455 3633 3634 AND
2 1 459 3634 3635 AND
2 1 463 3635 3636 AND
2 1 467 3636 3637 AND
2 1 471 3637 3638 AND
2 1 475 3638 3639 AND
2 1 479 3639 3640 AND
2 1 483 3640 3641 AND
2 1 487 3641 3642 AND
2 1 491 3642 3643 AND
2 1 495 3643 3644 AND
2 1 499 3644 3645 AND
2 1 503 3645 3646 AND
2 1 507 3646 3647 AND
2 1 511 3647 3648 AND
2 1 515 3648 3649 AND
2 1 519 3649 3650 AND
2 1 523 3650 3651 AND
2 1 527 3651 3652 AND
2 1 531 3652 3653 AND
2 1 535 3653 3654 AND
2 1 539 3654 3655 AND
2 1 543 3655 3656 AND
2 1 547 3656 3657 AND
2 1 551 3657 3658 AND
2 1 555 3658 3659 AND
2 1 559 3659 3660 AND
2 1 563 3660 3661 AND
2 1 567 3661 3662 AND
2 1 571 3662 3663 AND
2 1 575 3663 3664 AND
2 1 579 3664 3665 AND
2 1 583 3665 3666 AND
2 1 587 3666 3667 AND
2 1 591 3667 3668 AND
2 1 1355 3668 3669 AND
2 1 1357 3669 3670 AND
2 1 1621 3670 3671 AND
2 1 602 3671 3672 AND
2 1 606 3672 3673 AND
2 1 610 3673 3674 AND
2 1 614 3674 3675 AND
2 1 618 3675 3676 AND
2 1 622 3676 3677 AND
2 1 626 3677 3678 AND
2 1 630 3678 3679 AND
2 1 634 3679 3680 AND
2 1 638 3680 3681 AND
2 1 642 3681 3682 AND
2 1 646 3682 3683 AND
2 1 650 3683 3684 AND
2 1 654 3684 3685 AND
2 1 658 3685 3686 AND
2 1 662 3686 3687 AND
2 1 666 3687 3688 AND
2 1 158 668 3689 AND
2 1 3688 3689 3690 AND
2 1 677 1010 3691 AND
2 1 682 3691 3692 AND
2 1 686 3692 3693 AND
2 1 690 3693 3694 AND
2 1 694 3694 3695 AND
2 1 698 3695 3696 AND
2 1 702 3696 3697 AND
2 1 706 3697 3698 AND
2 1 710 3698 3699 AND
2 1 714 3699 3700 AND
2 1 718 3700 3701 AND
2 1 722 3701 3702 AND
2 1 726 3702 3703 AND
2 1 730 3703 3704 AND
2 1 734 3704 3705 AND
2 1 738 3705 3706 AND
2 1 742 3706 3707 AND
2 1 746 3707 3708 AND
2 1 750 3708 3709 AND
2 1 754 3709 3710 AND
2 1 758 3710 3711 AND
2 1 762 3711 3712 AND
2 1 766 3712 3713 AND
2 1 770 3713 3714 AND
2 1 774 3714 3715 AND
2 1 778 3715 3716 AND
2 1 782 3716 3717 AND
2 1 786 3717 3718 AND
2 1 790 3718 3719 AND
2 1 794 3719 3720 AND
2 1 798 3720 3721 AND
2 1 802 3721 3722 AND
2 1 806 3722 3723 AND
2 1 810 3723 3724 AND
2 1 814 3724 3725 AND
2 1 818 3725 3726 AND
2 1 822 3726 3727 AND
2 1 826 3727 3728 AND
2 1 830 3728 3729 AND
2 1 834 3729 3730 AND
2 1 838 3730 3731 AND
2 1 842 3731 3732 AND
2 1 846 3732 3733 AND
2 1 850 3733 3734 AND
2 1 854 3734 3735 AND
2 1 858 3735 3736 AND
2 1 862 3736 3737 AND
2 1 866 3737 3738 AND
2 1 870 3738 3739 AND
2 1 874 3739 3740 AND
2 1 878 3740 3741 AND
2 1 882 3741 3742 AND
2 1 886 3742 3743 AND
2 1 890 3743 3744 AND
2 1 894 3744 3745 AND
2 1 898 3745 3746 AND
2 1 902 3746 3747 AND
2 1 906 3747 3748 AND
2 1 910 3748 3749 AND
2 1 914 3749 3750 AND
2 1 918 3750 3751 AND
2 1 922 3751 3752 AND
2 1 926 3752 3753 AND
2 1 930 3753 3754 AND
2 1 1445 3754 3755 AND
2 1 1447 3755 3756 AND
2 1 1708 3756 3757 AND
2 1 939 3757 3758 AND
2 1 943 3758 3759 AND
2 1 947 3759 3760 AND
2 1 951 3760 3761 AND
2 1 955 3761 3762 AND
2 1 959 3762 3763 AND
2 1 963 3763 3764 AND
2 1 967 3764 3765 AND
2 1 971 3765 3766 AND
2 1 975 3766 3767 AND
2 1 979 3767 3768 AND
2 1 983 3768 3769 AND
2 1 987 3769 3770 AND
2 1 991 3770 3771 AND
2 1 995 3771 3772 AND
2 1 999 3772 3773 AND
2 1 1003 3773 3774 AND
2 1 159 1005 3775 AND
2 1 3774 3775 3776 AND
2 1 342 1014 3777 AND
2 1 1019 3777 3778 AND
2 1 1023 3778 3779 AND
2 1 1027 3779 3780 AND
2 1 1031 3780 3781 AND
2 1 1035 3781 3782 AND
2 1 1039 3782 3783 AND
2 1 1043 3783 3784 AND
2 1 1047 3784 3785 AND
2 1 1051 3785 3786 AND
2 1 1055 3786 3787 AND
2 1 1059 3787 3788 AND
2 1 1063 3788 3789 AND
2 1 1067 3789 3790 AND
2 1 1071 3790 3791 AND
2 1 1075 3791 3792 AND
2 1 1079 3792 3793 AND
2 1 1083 3793 3794 AND
2 1 1087 3794 3795 AND
2 1 1091 3795 3796 AND
2 1 1095 3796 3797 AND
2 1 1099 3797 3798 AND
2 1 1103 3798 3799 AND
2 1 1107 3799 3800 AND
2 1 1111 3800 3801 AND
2 1 1115 3801 3802 AND
2 1 1119 3802 3803 AND
2 1 1123 3803 3804 AND
2 1 1127 3804 3805 AND
2 1 1131 3805 3806 AND
2 1 1135 3806 3807 AND
2 1 1139 3807 3808 AND
2 1 1143 3808 3809 AND
2 1 1147 3809 3810 AND
2 1 1151 3810 3811 AND
2 1 1155 3811 3812 AND
2 1 1159 3812 3813 AND
2 1 1163 3813 3814 AND
2 1 1167 3814 3815 AND
2 1 1171 3815 3816 AND
2 1 1175 3816 3817 AND
2 1 1179 3817 3818 AND
2 1 1183 3818 3819 AND
2 1 1187 3819 3820 AND
2 1 1191 3820 3821 AND
2 1 1195 3821 3822 AND
2 1 1199 3822 3823 AND
2 1 1203 3823 3824 AND
2 1 1207 3824 3825 AND
2 1 1211 3825 3826 AND
2 1 1215 3826 3827 AND
2 1 1219 3827 3828 AND
2 1 1223 3828 3829 AND
2 1 1227 3829 3830 AND
2 1 1231 3830 3831 AND
2 1 1235 3831 3832 AND
2 1 1239 3832 3833 AND
2 1 1243 3833 3834 AND
2 1 1247 3834 3835 AND
2 1 1251 3835 3836 AND
2 1 1255 3836 3837 AND
2 1 1259 3837 3838 AND
2 1 1263 3838 3839 AND
2 1 1267 3839 3840 AND
2 1 1534 3840 3841 AND
2 1 263 3841 3842 AND
2 1 267 3842 3843 AND
2 1 271 3843 3844 AND
2 1 275 3844 3845 AND
2 1 279 3845 3846 AND
2 1 283 3846 3847 AND
2 1 287 3847 3848 AND
2 1 291 3848 3849 AND
2 1 295 3849 3850 AND
2 1 299 3850 3851 AND
2 1 303 3851 3852 AND
2 1 307 3852 3853 AND
2 1 311 3853 3854 AND
2 1 315 3854 3855 AND
2 1 319 3855 3856 AND
2 1 323 3856 3857 AND
2 1 327 3857 3858 AND
2 1 331 3858 3859 AND
2 1 335 3859 3860 AND
2 1 160 337 3861 AND
2 1 3860 3861 3862 AND
2 1 346 681 3863 AND
2 1 351 3863 3864 AND
2 1 355 3864 3865 AND
2 1 359 3865 3866 AND
2 1 363 3866 3867 AND
2 1 367 3867 3868 AND
2 1 371 3868 3869 AND
2 1 375 3869 3870 AND
2 1 379 3870 3871 AND
2 1 383 3871 3872 AND
2 1 387 3872 3873 AND
2 1 391 3873 3874 AND
2 1 395 3874 3875 AND
2 1 399 3875 3876 AND
2 1 403 3876 3877 AND
2 1 407 3877 3878 AND
2 1 411 3878 3879 AND
2 1 415 3879 3880 AND
2 1 419 3880 3881 AND
2 1 423 3881 3882 AND
2 1 427 3882 3883 AND
2 1 431 3883 3884 AND
2 1 435 3884 3885 AND
2 1 439 3885 3886 AND
2 1 443 3886 3887 AND
2 1 447 3887 3888 AND
2 1 451 3888 3889 AND
2 1 455 3889 3890 AND
2 1 459 3890 3891 AND
2 1 463 3891 3892 AND
2 1 467 3892 3893 AND
2 1 471 3893 3894 AND
2 1 475 3894 3895 AND
2 1 479 3895 3896 AND
2 1 483 3896 3897 AND
2 1 487 3897 3898 AND
2 1 491 3898 3899 AND
2 1 495 3899 3900 AND
2 1 499 3900 3901 AND
2 1 503 3901 3902 AND
2 1 507 3902 3903 AND
2 1 511 3903 3904 AND
2 1 515 3904 3905 AND
2 1 519 3905 3906 AND
2 1 523 3906 3907 AND
2 1 527 3907 3908 AND
2 1 531 3908 3909 AND
2 1 535 3909 3910 AND
2 1 539 3910 3911 AND
2 1 543 3911 3912 AND
2 1 547 3912 3913 AND
2 1 551 3913 3914 AND
2 1 555 3914 3915 AND
2 1 559 3915 3916 AND
2 1 563 3916 3917 AND
2 1 567 3917 3918 AND
2 1 571 3918 3919 AND
2 1 575 3919 3920 AND
2 1 579 3920 3921 AND
2 1 583 3921 3922 AND
2 1 587 3922 3923 AND
2 1 591 3923 3924 AND
2 1 1355 3924 3925 AND
2 1 1357 3925 3926 AND
2 1 1621 3926 3927 AND
2 1 602 3927 3928 AND
2 1 606 3928 3929 AND
2 1 610 3929 3930 AND
2 1 614 3930 3931 AND
2 1 618 3931 3932 AND
2 1 622 3932 3933 AND
2 1 626 3933 3934 AND
2 1 630 3934 3935 AND
2 1 634 3935 3936 AND
2 1 638 3936 3937 AND
2 1 642 3937 3938 AND
2 1 646 3938 3939 AND
2 1 650 3939 3940 AND
2 1 654 3940 3941 AND
2 1 658 3941 3942 AND
2 1 662 3942 3943 AND
2 1 666 3943 3944 AND
2 1 670 3944 3945 AND
2 1 674 3945 3946 AND
2 1 161 676 3947 AND
2 1 3946 3947 3948 AND
2 1 685 1018 3949 AND
2 1 690 3949 3950 AND
2 1 694 3950 3951 AND
2 1 698 3951 3952 AND
2 1 702 3952 3953 AND
2 1 706 3953 3954 AND
2 1 710 3954 3955 AND
2 1 714 3955 3956 AND
2 1 718 3956 3957 AND
2 1 722 3957 3958 AND
2 1 726 3958 3959 AND
2 1 730 3959 3960 AND
2 1 734 3960 3961 AND
2 1 738 3961 3962 AND
2 1 742 3962 3963 AND
2 1 746 3963 3964 AND
2 1 750 3964 3965 AND
2 1 754 3965 3966 AND
2 1 758 3966 3967 AND
2 1 762 3967 3968 AND
2 1 766 3968 3969 AND
2 1 770 3969 3970 AND
2 1 774 3970 3971 AND
2 1 778 3971 3972 AND
2 1 782 3972 3973 AND
2 1 786 3973 3974 AND
2 1 790 3974 3975 AND
2 1 794 3975 3976 AND
2 1 798 3976 3977 AND
2 1 802 3977 3978 AND
2 1 806 3978 3979 AND
2 1 810 3979 3980 AND
2 1 814 3980 3981 AND
2 1 818 3981 3982 AND
2 1 822 3982 3983 AND
2 1 826 3983 3984 AND
2 1 830 3984 3985 AND
2 1 834 3985 3986 AND
2 1 838 3986 3987 AND
2 1 842 3987 3988 AND
2 1 846 3988 3989 AND
2 1 850 3989 3990 AND
2 1 854 3990 3991 AND
2 1 858 3991 3992 AND
2 1 862 3992 3993 AND
2 1 866 3993 3994 AND
2 1 870 3994 3995 AND
2 1 874 3995 3996 AND
2 1 878 3996 3997 AND
2 1 882 3997 3998 AND
2 1 886 3998 3999 AND
2 1 890 3999 4000 AND
2 1 894 4000 4001 AND
2 1 898 4001 4002 AND
2 1 902 4002 4003 AND
2 1 906 4003 4004 AND
2 1 910 4004 4005 AND
2 1 914 4005 4006 AND
2 1 918 4006 4007 AND
2 1 922 4007 4008 AND
2 1 926 4008 4009 AND
2 1 930 4009 4010 AND
2 1 1445 4010 4011 AND
2 1 1447 4011 4012 AND
2 1 1708 4012 4013 AND
2 1 939 4013 4014 AND
2 1 943 4014 4015 AND
2 1 947 4015 4016 AND
2 1 951 4016 4017 AND
2 1 955 4017 4018 AND
2 1 959 4018 4019 AND
2 1 963 4019 4020 AND
2 1 967 4020 4021 AND
2 1 971 4021 4022 AND
2 1 975 4022 4023 AND
2 1 979 4023 4024 AND
2 1 983 4024 4025 AND
2 1 987 4025 4026 AND
2 1 991 4026 4027 AND
2 1 995 4027 4028 AND
2 1 999 4028 4029 AND
2 1 1003 4029 4030 AND
2 1 1007 4030 4031 AND
2 1 1011 4031 4032 AND
2 1 162 1013 4033 AND
2 1 4032 4033 4034 AND
2 1 350 1022 4035 AND
2 1 1027 4035 4036 AND
2 1 1031 4036 4037 AND
2 1 1035 4037 4038 AND
2 1 1039 4038 4039 AND
2 1 1043 4039 4040 AND
2 1 1047 4040 4041 AND
2 1 1051 4041 4042 AND
2 1 1055 4042 4043 AND
2 1 1059 4043 4044 AND
2 1 1063 4044 4045 AND
2 1 1067 4045 4046 AND
2 1 1071 4046 4047 AND
2 1 1075 4047 4048 AND
2 1 1079 4048 4049 AND
2 1 1083 4049 4050 AND
2 1 1087 4050 4051 AND
2 1 1091 4051 4052 AND
2 1 1095 4052 4053 AND
2 1 1099 4053 4054 AND
2 1 1103 4054 4055 AND
2 1 1107 4055 4056 AND
2 1 1111 4056 4057 AND
2 1 1115 4057 4058 AND
2 1 1119 4058 4059 AND
2 1 1123 4059 4060 AND
2 1 1127 4060 4061 AND
2 1 1131 4061 4062 AND
2 1 1135 4062 4063 AND
2 1 1139 4063 4064 AND
2 1 1143 4064 4065 AND
2 1 1147 4065 4066 AND
2 1 1151 4066 4067 AND
2 1 1155 4067 4068 AND
2 1 1159 4068 4069 AND
2 1 1163 4069 4070 AND
2 1 1167 4070 4071 AND
2 1 1171 4071 4072 AND
2 1 1175 4072 4073 AND
2 1 1179 4073 4074 AND
2 1 1183 4074 4075 AND
2 1 1187 4075 4076 AND
2 1 1191 4076 4077 AND
2 1 1195 4077 4078 AND
2 1 1199 4078 4079 AND
2 1 1203 4079 4080 AND
2 1 1207 4080 4081 AND
2 1 1211 4081 4082 AND
2 1 1215 4082 4083 AND
2 1 1219 4083 4084 AND
2 1 1223 4084 4085 AND
2 1 1227 4085 4086 AND
2 1 1231 4086 4087 AND
2 1 1235 4087 4088 AND
2 1 1239 4088 4089 AND
2 1 1243 4089 4090 AND
2 1 1247 4090 4091 AND
2 1 1251 4091 4092 AND
2 1 1255 4092 4093 AND
2 1 1259 4093 4094 AND
2 1 1263 4094 4095 AND
2 1 1267 4095 4096 AND
2 1 1534 4096 4097 AND
2 1 263 4097 4098 AND
2 1 267 4098 4099 AND
2 1 271 4099 4100 AND
2 1 275 4100 4101 AND
2 1 279 4101 4102 AND
2 1 283 4102 4103 AND
2 1 287 4103 4104 AND
2 1 291 4104 4105 AND
2 1 295 4105 4106 AND
2 1 299 4106 4107 AND
2 1 303 4107 4108 AND
2 1 307 4108 4109 AND
2 1 311 4109 4110 AND
2 1 315 4110 4111 AND
2 1 319 4111 4112 AND
2 1 323 4112 4113 AND
2 1 327 4113 4114 AND
2 1 331 4114 4115 AND
2 1 335 4115 4116 AND
2 1 339 4116 4117 AND
2 1 343 4117 4118 AND
2 1 163 345 4119 AND
2 1 4118 4119 4120 AND
2 1 354 689 4121 AND
2 1 359 4121 4122 AND
2 1 363 4122 4123 AND
2 1 367 4123 4124 AND
2 1 371 4124 4125 AND
2 1 375 4125 4126 AND
2 1 379 4126 4127 AND
2 1 383 4127 4128 AND
2 1 387 4128 4129 AND
2 1 391 4129 4130 AND
2 1 395 4130 4131 AND
2 1 399 4131 4132 AND
2 1 403 4132 4133 AND
2 1 407 4133 4134 AND
2 1 411 4134 4135 AND
2 1 415 4135 4136 AND
2 1 419 4136 4137 AND
2 1 423 4137 4138 AND
2 1 427 4138 4139 AND
2 1 431 4139 4140 AND
2 1 435 4140 4141 AND
2 1 439 4141 4142 AND
2 1 443 4142 4143 AND
2 1 447 4143 4144 AND
2 1 451 4144 4145 AND
2 1 455 4145 4146 AND
2 1 459 4146 4147 AND
2 1 463 4147 4148 AND
2 1 467 4148 4149 AND
2 1 471 4149 4150 AND
2 1 475 4150 4151 AND
2 1 479 4151 4152 AND
2 1 483 4152 4153 AND
2 1 487 4153 4154 AND
2 1 491 4154 4155 AND
2 1 495 4155 4156 AND
2 1 499 4156 4157 AND
2 1 503 4157 4158 AND
2 1 507 4158 4159 AND
2 1 511 4159 4160 AND
2 1 515 4160 4161 AND
2 1 519 4161 4162 AND
2 1 523 4162 4163 AND
2 1 527 4163 4164 AND
2 1 531 4164 4165 AND
2 1 535 4165 4166 AND
2 1 539 4166 4167 AND
2 1 543 4167 4168 AND
2 1 547 4168 4169 AND
2 1 551 4169 4170 AND
2 1 555 4170 4171 AND
2 1 559 4171 4172 AND
2 1 563 4172 4173 AND
2 1 567 4173 4174 AND
2 1 571 4174 4175 AND
2 1 575 4175 4176 AND
2 1 579 4176 4177 AND
2 1 583 4177 4178 AND
2 1 587 4178 4179 AND
2 1 591 4179 4180 AND
2 1 1355 4180 4181 AND
2 1 1357 4181 4182 AND
2 1 1621 4182 4183 AND
2 1 602 4183 4184 AND
2 1 606 4184 4185 AND
2 1 610 4185 4186 AND
2 1 614 4186 4187 AND
2 1 618 4187 4188 AND
2 1 622 4188 4189 AND
2 1 626 4189 4190 AND
2 1 630 4190 4191 AND
2 1 634 4191 4192 AND
2 1 638 4192 4193 AND
2 1 642 4193 4194 AND
2 1 646 4194 4195 AND
2 1 650 4195 4196 AND
2 1 654 4196 4197 AND
2 1 658 4197 4198 AND
2 1 662 4198 4199 AND
2 1 666 4199 4200 AND
2 1 670 4200 4201 AND
2 1 674 4201 4202 AND
2 1 678 4202 4203 AND
2 1 682 4203 4204 AND
2 1 164 684 4205 AND
2 1 4204 4205 4206 AND
2 1 693 1026 4207 AND
2 1 698 4207 4208 AND
2 1 702 4208 4209 AND
2 1 706 4209 4210 AND
2 1 710 4210 4211 AND
2 1 714 4211 4212 AND
2 1 718 4212 4213 AND
2 1 722 4213 4214 AND
2 1 726 4214 4215 AND
2 1 730 4215 4216 AND
2 1 734 4216 4217 AND
2 1 738 4217 4218 AND
2 1 742 4218 4219 AND
2 1 746 4219 4220 AND
2 1 750 4220 4221 AND
2 1 754 4221 4222 AND
2 1 758 4222 4223 AND
2 1 762 4223 4224 AND
2 1 766 4224 4225 AND
2 1 770 4225 4226 AND
2 1 774 4226 4227 AND
2 1 778 4227 4228 AND
2 1 782 4228 4229 AND
2 1 786 4229 4230 AND
2 1 790 4230 4231 AND
2 1 794 4231 4232 AND
2 1 798 4232 4233 AND
2 1 802 4233 4234 AND
2 1 806 4234 4235 AND
2 1 810 4235 4236 AND
2 1 814 4236 4237 AND
2 1 818 4237 4238 AND
2 1 822 4238 4239 AND
2 1 826 4239 4240 AND
2 1 830 4240 4241 AND
2 1 834 4241 4242 AND
2 1 838 4242 4243 AND
2 1 842 4243 4244 AND
2 1 846 4244 4245 AND
2 1 850 4245 4246 AND
2 1 854 4246 4247 AND
2 1 858 4247 4248 AND
2 1 862 4248 4249 AND
2 1 866 4249 4250 AND
2 1 870 4250 4251 AND
2 1 874 4251 4252 AND
2 1 878 4252 4253 AND
2 1 882 4253 4254 AND
2 1 886 4254 4255 AND
2 1 890 4255 4256 AND
2 1 894 4256 4257 AND
2 1 898 4257 4258 AND
2 1 902 4258 4259 AND
2 1 906 4259 4260 AND
2 1 910 4260 4261 AND
2 1 914 4261 4262 AND
2 1 918 4262 4263 AND
2 1 922 4263 4264 AND
2 1 926 4264 4265 AND
2 1 930 4265 4266 AND
2 1 1445 4266 4267 AND
2 1 1447 4267 4268 AND
2 1 1708 4268 4269 AND
2 1 939 4269 4270 AND
2 1 943 4270 4271 AND
2 1 947 4271 4272 AND
2 1 951 4272 4273 AND
2 1 955 4273 4274 AND
2 1 959 4274 4275 AND
2 1 963 4275 4276 AND
2 1 967 4276 4277 AND
2 1 971 4277 4278 AND
2 1 975 4278 4279 AND
2 1 979 4279 4280 AND
2 1 983 4280 4281 AND
2 1 987 4281 4282 AND
2 1 991 4282 4283 AND
2 1 995 4283 4284 AND
2 1 999 4284 4285 AND
2 1 1003 4285 4286 AND
2 1 1007 4286 4287 AND
2 1 1011 4287 4288 AND
2 1 1015 4288 4289 AND
2 1 1019 4289 4290 AND
2 1 165 1021 4291 AND
2 1 4290 4291 4292 AND
2 1 358 1030 4293 AND
2 1 1035 4293 4294 AND
2 1 1039 4294 4295 AND
2 1 1043 4295 4296 AND
2 1 1047 4296 4297 AND
2 1 1051 4297 4298 AND
2 1 1055 4298 4299 AND
2 1 1059 4299 4300 AND
2 1 1063 4300 4301 AND
2 1 1067 4301 4302 AND
2 1 1071 4302 4303 AND
2 1 1075 4303 4304 AND
2 1 1079 4304 4305 AND
2 1 1083 4305 4306 AND
2 1 1087 4306 4307 AND
2 1 1091 4307 4308 AND
2 1 1095 4308 4309 AND
2 1 1099 4309 4310 AND
2 1 1103 4310 4311 AND
2 1 1107 4311 4312 AND
2 1 1111 4312 4313 AND
2 1 1115 4313 4314 AND
2 1 1119 4314 4315 AND
2 1 1123 4315 4316 AND
2 1 1127 4316 4317 AND
2 1 1131 4317 4318 AND
2 1 1135 4318 4319 AND
2 1 1139 4319 4320 AND
2 1 1143 4320 4321 AND
2 1 1147 4321 4322 AND
2 1 1151 4322 4323 AND
2 1 1155 4323 4324 AND
2 1 1159 4324 4325 AND
2 1 1163 4325 4326 AND
2 1 1167 4326 4327 AND
2 1 1171 4327 4328 AND
2 1 1175 4328 4329 AND
2 1 1179 4329 4330 AND
2 1 1183 4330 4331 AND
2 1 1187 4331 4332 AND
2 1 1191 4332 4333 AND
2 1 1195 4333 4334 AND
2 1 1199 4334 4335 AND
2 1 1203 4335 4336 AND
2 1 1207 4336 4337 AND
2 1 1211 4337 4338 AND
2 1 1215 4338 4339 AND
2 1 1219 4339 4340 AND
2 1 1223 4340 4341 AND
2 1 1227 4341 4342 AND
2 1 1231 4342 4343 AND
2 1 1235 4343 4344 AND
2 1 1239 4344 4345 AND
2 1 1243 4345 4346 AND
2 1 1247 4346 4347 AND
2 1 1251 4347 4348 AND
2 1 1255 4348 4349 AND
2 1 1259 4349 4350 AND
2 1 1263 4350 4351 AND
2 1 1267 4351 4352 AND
2 1 1534 4352 4353 AND
2 1 263 4353 4354 AND
2 1 267 4354 4355 AND
2 1 271 4355 4356 AND
2 1 275 4356 4357 AND
2 1 279 4357 4358 AND
2 1 283 4358 4359 AND
2 1 287 4359 4360 AND
2 1 291 4360 4361 AND
2 1 295 4361 4362 AND
2 1 299 4362 4363 AND
2 1 303 4363 4364 AND
2 1 307 4364 4365 AND
2 1 311 4365 4366 AND
2 1 315 4366 4367 AND
2 1 319 4367 4368 AND
2 1 323 4368 4369 AND
2 1 327 4369 4370 AND
2 1 331 4370 4371 AND
2 1 335 4371 4372 AND
2 1 339 4372 4373 AND
2 1 343 4373 4374 AND
2 1 347 4374 4375 AND
2 1 351 4375 4376 AND
2 1 166 353 4377 AND
2 1 4376 4377 4378 AND
2 1 362 697 4379 AND
2 1 367 4379 4380 AND
2 1 371 4380 4381 AND
2 1 375 4381 4382 AND
2 1 379 4382 4383 AND
2 1 383 4383 4384 AND
2 1 387 4384 4385 AND
2 1 391 4385 4386 AND
2 1 395 4386 4387 AND
2 1 399 4387 4388 AND
2 1 403 4388 4389 AND
2 1 407 4389 4390 AND
2 1 411 4390 4391 AND
2 1 415 4391 4392 AND
2 1 419 4392 4393 AND
2 1 423 4393 4394 AND
2 1 427 4394 4395 AND
2 1 431 4395 4396 AND
2 1 435 4396 4397 AND
2 1 439 4397 4398 AND
2 1 443 4398 4399 AND
2 1 447 4399 4400 AND
2 1 451 4400 4401 AND
2 1 455 4401 4402 AND
2 1 459 4402 4403 AND
2 1 463 4403 4404 AND
2 1 467 4404 4405 AND
2 1 471 4405 4406 AND
2 1 475 4406 4407 AND
2 1 479 4407 4408 AND
2 1 483 4408 4409 AND
2 1 487 4409 4410 AND
2 1 491 4410 4411 AND
2 1 495 4411 4412 AND
2 1 499 4412 4413 AND
2 1 503 4413 4414 AND
2 1 507 4414 4415 AND
2 1 511 4415 4416 AND
2 1 515 4416 4417 AND
2 1 519 4417 4418 AND
2 1 523 4418 4419 AND
2 1 527 4419 4420 AND
2 1 531 4420 4421 AND
2 1 535 4421 4422 AND
2 1 539 4422 4423 AND
2 1 543 4423 4424 AND
2 1 547 4424 4425 AND
2 1 551 4425 4426 AND
2 1 555 4426 4427 AND
2 1 559 4427 4428 AND
2 1 563 4428 4429 AND
2 1 567 4429 4430 AND
2 1 571 4430 4431 AND
2 1 575 4431 4432 AND
2 1 579 4432 4433 AND
2 1 583 4433 4434 AND
2 1 587 4434 4435 AND
2 1 591 4435 4436 AND
2 1 1355 4436 4437 AND
2 1 1357 4437 4438 AND
2 1 1621 4438 4439 AND
2 1 602 4439 4440 AND
2 1 606 4440 4441 AND
2 1 610 4441 4442 AND
2 1 614 4442 4443 AND
2 1 618 4443 4444 AND
2 1 622 4444 4445 AND
2 1 626 4445 4446 AND
2 1 630 4446 4447 AND
2 1 634 4447 4448 AND
2 1 638 4448 4449 AND
2 1 642 4449 4450 AND
2 1 646 4450 4451 AND
2 1 650 4451 4452 AND
2 1 654 4452 4453 AND
2 1 658 4453 4454 AND
2 1 662 4454 4455 AND
2 1 666 4455 4456 AND
2 1 670 4456 4457 AND
2 1 674 4457 4458 AND
2 1 678 4458 4459 AND
2 1 682 4459 4460 AND
2 1 686 4460 4461 AND
2 1 690 4461 4462 AND
2 1 167 692 4463 AND
2 1 4462 4463 4464 AND
2 1 701 1034 4465 AND
2 1 706 4465 4466 AND
2 1 710 4466 4467 AND
2 1 714 4467 4468 AND
2 1 718 4468 4469 AND
2 1 722 4469 4470 AND
2 1 726 4470 4471 AND
2 1 730 4471 4472 AND
2 1 734 4472 4473 AND
2 1 738 4473 4474 AND
2 1 742 4474 4475 AND
2 1 746 4475 4476 AND
2 1 750 4476 4477 AND
2 1 754 4477 4478 AND
2 1 758 4478 4479 AND
2 1 762 4479 4480 AND
2 1 766 4480 4481 AND
2 1 770 4481 4482 AND
2 1 774 4482 4483 AND
2 1 778 4483 4484 AND
2 1 782 4484 4485 AND
2 1 786 4485 4486 AND
2 1 790 4486 4487 AND
2 1 794 4487 4488 AND
2 1 798 4488 4489 AND
2 1 802 4489 4490 AND
2 1 806 4490 4491 AND
2 1 810 4491 4492 AND
2 1 814 4492 4493 AND
2 1 818 4493 4494 AND
2 1 822 4494 4495 AND
2 1 826 4495 4496 AND
2 1 830 4496 4497 AND
2 1 834 4497 4498 AND
2 1 838 4498 4499 AND
2 1 842 4499 4500 AND
2 1 846 4500 4501 AND
2 1 850 4501 4502 AND
2 1 854 4502 4503 AND
2 1 858 4503 4504 AND
2 1 862 4504 4505 AND
2 1 866 4505 4506 AND
2 1 870 4506 4507 AND
2 1 874 4507 4508 AND
2 1 878 4508 4509 AND
2 1 882 4509 4510 AND
2 1 886 4510 4511 AND
2 1 890 4511 4512 AND
2 1 894 4512 4513 AND
2 1 898 4513 4514 AND
2 1 902 4514 4515 AND
2 1 906 4515 4516 AND
2 1 910 4516 4517 AND
2 1 914 4517 4518 AND
2 1 918 4518 4519 AND
2 1 922 4519 4520 AND
2 1 926 4520 4521 AND
2 1 930 4521 4522 AND
2 1 1445 4522 4523 AND
2 1 1447 4523 4524 AND
2 1 1708 4524 4525 AND
2 1 939 4525 4526 AND
2 1 943 4526 4527 AND
2 1 947 4527 4528 AND
2 1 951 4528 4529 AND
2 1 955 4529 4530 AND
2 1 959 4530 4531 AND
2 1 963 4531 4532 AND
2 1 967 4532 4533 AND
2 1 971 4533 4534 AND
2 1 975 4534 4535 AND
2 1 979 4535 4536 AND
2 1 983 4536 4537 AND
2 1 987 4537 4538 AND
2 1 991 4538 4539 AND
2 1 995 4539 4540 AND
2 1 999 4540 4541 AND
2 1 1003 4541 4542 AND
2 1 1007 4542 4543 AND
2 1 1011 4543 4544 AND
2 1 1015 4544 4545 AND
2 1 1019 4545 4546 AND
2 1 1023 4546 4547 AND
2 1 1027 4547 4548 AND
2 1 168 1029 4549 AND
2 1 4548 4549 4550 AND
2 1 366 1038 4551 AND
2 1 1043 4551 4552 AND
2 1 1047 4552 4553 AND
2 1 1051 4553 4554 AND
2 1 1055 4554 4555 AND
2 1 1059 4555 4556 AND
2 1 1063 4556 4557 AND
2 1 1067 4557 4558 AND
2 1 1071 4558 4559 AND
2 1 1075 4559 4560 AND
2 1 1079 4560 4561 AND
2 1 1083 4561 4562 AND
2 1 1087 4562 4563 AND
2 1 1091 4563 4564 AND
2 1 1095 4564 4565 AND
2 1 1099 4565 4566 AND
2 1 1103 4566 4567 AND
2 1 1107 4567 4568 AND
2 1 1111 4568 4569 AND
2 1 1115 4569 4570 AND
2 1 1119 4570 4571 AND
2 1 1123 4571 4572 AND
2 1 1127 4572 4573 AND
2 1 1131 4573 4574 AND
2 1 1135 4574 4575 AND
2 1 1139 4575 4576 AND
2 1 1143 4576 4577 AND
2 1 1147 4577 4578 AND
2 1 1151 4578 4579 AND
2 1 1155 4579 4580 AND
2 1 1159 4580 4581 AND
2 1 1163 4581 4582 AND
2 1 1167 4582 4583 AND
2 1 1171 4583 4584 AND
2 1 1175 4584 4585 AND
2 1 1179 4585 4586 AND
2 1 1183 4586 4587 AND
2 1 1187 4587 4588 AND
2 1 1191 4588 4589 AND
2 1 1195 4589 4590 AND
2 1 1199 4590 4591 AND
2 1 1203 4591 4592 AND
2 1 1207 4592 4593 AND
2 1 1211 4593 4594 AND
2 1 1215 4594 4595 AND
2 1 1219 4595 4596 AND
2 1 1223 4596 4597 AND
2 1 1227 4597 4598 AND
2 1 1231 4598 4599 AND
2 1 1235 4599 4600 AND
2 1 1239 4600 4601 AND
2 1 1243 4601 4602 AND
2 1 1247 4602 4603 AND
2 1 1251 4603 4604 AND
2 1 1255 4604 4605 AND
2 1 1259 4605 4606 AND
2 1 1263 4606 4607 AND
2 1 1267 4607 4608 AND
2 1 1534 4608 4609 AND
2 1 263 4609 4610 AND
2 1 267 4610 4611 AND
2 1 271 4611 4612 AND
2 1 275 4612 4613 AND
2 1 279 4613 4614 AND
2 1 283 4614 4615 AND
2 1 287 4615 4616 AND
2 1 291 4616 4617 AND
2 1 295 4617 4618 AND
2 1 299 4618 4619 AND
2 1 303 4619 4620 AND
2 1 307 4620 4621 AND
2 1 311 4621 4622 AND
2 1 315 4622 4623 AND
2 1 319 4623 4624 AND
2 1 323 4624 4625 AND
2 1 327 4625 4626 AND
2 1 331 4626 4627 AND
2 1 335 4627 4628 AND
2 1 339 4628 4629 AND
2 1 343 4629 4630 AND
2 1 347 4630 4631 AND
2 1 351 4631 4632 AND
2 1 355 4632 4633 AND
2 1 359 4633 4634 AND
2 1 169 361 4635 AND
2 1 4634 4635 4636 AND
2 1 370 705 4637 AND
2 1 375 4637 4638 AND
2 1 379 4638 4639 AND
2 1 383 4639 4640 AND
2 1 387 4640 4641 AND
2 1 391 4641 4642 AND
2 1 395 4642 4643 AND
2 1 399 4643 4644 AND
2 1 403 4644 4645 AND
2 1 407 4645 4646 AND
2 1 411 4646 4647 AND
2 1 415 4647 4648 AND
2 1 419 4648 4649 AND
2 1 423 4649 4650 AND
2 1 427 4650 4651 AND
2 1 431 4651 4652 AND
2 1 435 4652 4653 AND
2 1 439 4653 4654 AND
2 1 443 4654 4655 AND
2 1 447 4655 4656 AND
2 1 451 4656 4657 AND
2 1 455 4657 4658 AND
2 1 459 4658 4659 AND
2 1 463 4659 4660 AND
2 1 467 4660 4661 AND
2 1 471 4661 4662 AND
2 1 475 4662 4663 AND
2 1 479 4663 4664 AND
2 1 483 4664 4665 AND
2 1 487 4665 4666 AND
2 1 491 4666 4667 AND
2 1 495 4667 4668 AND
2 1 499 4668 4669 AND
2 1 503 4669 4670 AND
2 1 507 4670 4671 AND
2 1 511 4671 4672 AND
2 1 515 4672 4673 AND
2 1 519 4673 4674 AND
2 1 523 4674 4675 AND
2 1 527 4675 4676 AND
2 1 531 4676 4677 AND
2 1 535 4677 4678 AND
2 1 539 4678 4679 AND
2 1 543 4679 4680 AND
2 1 547 4680 4681 AND
2 1 551 4681 4682 AND
2 1 555 4682 4683 AND
2 1 559 4683 4684 AND
2 1 563 4684 4685 AND
2 1 567 4685 4686 AND
2 1 571 4686 4687 AND
2 1 575 4687 4688 AND
2 1 579 4688 4689 AND
2 1 583 4689 4690 AND
2 1 587 4690 4691 AND
2 1 591 4691 4692 AND
2 1 1355 4692 4693 AND
2 1 1357 4693 4694 AND
2 1 1621 4694 4695 AND
2 1 602 4695 4696 AND
2 1 606 4696 4697 AND
2 1 610 4697 4698 AND
2 1 614 4698 4699 AND
2 1 618 4699 4700 AND
2 1 622 4700 4701 AND
2 1 626 4701 4702 AND
2 1 630 4702 4703 AND
2 1 634 4703 4704 AND
2 1 638 4704 4705 AND
2 1 642 4705 4706 AND
2 1 646 4706 4707 AND
2 1 650 4707 4708 AND
2 1 654 4708 4709 AND
2 1 658 4709 4710 AND
2 1 662 4710 4711 AND
2 1 666 4711 4712 AND
2 1 670 4712 4713 AND
2 1 674 4713 4714 AND
2 1 678 4714 4715 AND
2 1 682 4715 4716 AND
2 1 686 4716 4717 AND
2 1 690 4717 4718 AND
2 1 694 4718 4719 AND
2 1 698 4719 4720 AND
2 1 170 700 4721 AND
2 1 4720 4721 4722 AND
2 1 709 1042 4723 AND
2 1 714 4723 4724 AND
2 1 718 4724 4725 AND
2 1 722 4725 4726 AND
2 1 726 4726 4727 AND
2 1 730 4727 4728 AND
2 1 734 4728 4729 AND
2 1 738 4729 4730 AND
2 1 742 4730 4731 AND
2 1 746 4731 4732 AND
2 1 750 4732 4733 AND
2 1 754 4733 4734 AND
2 1 758 4734 4735 AND
2 1 762 4735 4736 AND
2 1 766 4736 4737 AND
2 1 770 4737 4738 AND
2 1 774 4738 4739 AND
2 1 778 4739 4740 AND
2 1 782 4740 4741 AND
2 1 786 4741 4742 AND
2 1 790 4742 4743 AND
2 1 794 4743 4744 AND
2 1 798 4744 4745 AND
2 1 802 4745 4746 AND
2 1 806 4746 4747 AND
2 1 810 4747 4748 AND
2 1 814 4748 4749 AND
2 1 818 4749 4750 AND
2 1 822 4750 4751 AND
2 1 826 4751 4752 AND
2 1 830 4752 4753 AND
2 1 834 4753 4754 AND
2 1 838 4754 4755 AND
2 1 842 4755 4756 AND
2 1 846 4756 4757 AND
2 1 850 4757 4758 AND
2 1 854 4758 4759 AND
2 1 858 4759 4760 AND
2 1 862 4760 4761 AND
2 1 866 4761 4762 AND
2 1 870 4762 4763 AND
2 1 874 4763 4764 AND
2 1 878 4764 4765 AND
2 1 882 4765 4766 AND
2 1 886 4766 4767 AND
2 1 890 4767 4768 AND
2 1 894 4768 4769 AND
2 1 898 4769 4770 AND
2 1 902 4770 4771 AND
2 1 906 4771 4772 AND
2 1 910 4772 4773 AND
2 1 914 4773 4774 AND
2 1 918 4774 4775 AND
2 1 922 4775 4776 AND
2 1 926 4776 4777 AND
2 1 930 4777 4778 AND
2 1 1445 4778 4779 AND
2 1 1447 4779 4780 AND
2 1 1708 4780 4781 AND
2 1 939 4781 4782 AND
2 1 943 4782 4783 AND
2 1 947 4783 4784 AND
2 1 951 4784 4785 AND
2 1 955 4785 4786 AND
2 1 959 4786 4787 AND
2 1 963 4787 4788 AND
2 1 967 4788 4789 AND
2 1 971 4789 4790 AND
2 1 975 4790 4791 AND
2 1 979 4791 4792 AND
2 1 983 4792 4793 AND
2 1 987 4793 4794 AND
2 1 991 4794 4795 AND
2 1 995 4795 4796 AND
2 1 999 4796 4797 AND
2 1 1003 4797 4798 AND
2 1 1007 4798 4799 AND
2 1 1011 4799 4800 AND
2 1 1015 4800 4801 AND
2 1 1019 4801 4802 AND
2 1 1023 4802 4803 AND
2 1 1027 4803 4804 AND
2 1 1031 4804 4805 AND
2 1 1035 4805 4806 AND
2 1 171 1037 4807 AND
2 1 4806 4807 4808 AND
2 1 374 1046 4809 AND
2 1 1051 4809 4810 AND
2 1 1055 4810 4811 AND
2 1 1059 4811 4812 AND
2 1 1063 4812 4813 AND
2 1 1067 4813 4814 AND
2 1 1071 4814 4815 AND
2 1 1075 4815 4816 AND
2 1 1079 4816 4817 AND
2 1 1083 4817 4818 AND
2 1 1087 4818 4819 AND
2 1 1091 4819 4820 AND
2 1 1095 4820 4821 AND
2 1 1099 4821 4822 AND
2 1 1103 4822 4823 AND
2 1 1107 4823 4824 AND
2 1 1111 4824 4825 AND
2 1 1115 4825 4826 AND
2 1 1119 4826 4827 AND
2 1 1123 4827 4828 AND
2 1 1127 4828 4829 AND
2 1 1131 4829 4830 AND
2 1 1135 4830 4831 AND
2 1 1139 4831 4832 AND
2 1 1143 4832 4833 AND
2 1 1147 4833 4834 AND
2 1 1151 4834 4835 AND
2 1 1155 4835 4836 AND
2 1 1159 4836 4837 AND
2 1 1163 4837 4838 AND
2 1 1167 4838 4839 AND
2 1 1171 4839 4840 AND
2 1 1175 4840 4841 AND
2 1 1179 4841 4842 AND
2 1 1183 4842 4843 AND
2 1 1187 4843 4844 AND
2 1 1191 4844 4845 AND
2 1 1195 4845 4846 AND
2 1 1199 4846 4847 AND
2 1 1203 4847 4848 AND
2 1 1207 4848 4849 AND
2 1 1211 4849 4850 AND
2 1 1215 4850 4851 AND
2 1 1219 4851 4852 AND
2 1 1223 4852 4853 AND
2 1 1227 4853 4854 AND
2 1 1231 4854 4855 AND
2 1 1235 4855 4856 AND
2 1 1239 4856 4857 AND
2 1 1243 4857 4858 AND
2 1 1247 4858 4859 AND
2 1 1251 4859 4860 AND
2 1 1255 4860 4861 AND
2 1 1259 4861 4862 AND
2 1 1263 4862 4863 AND
2 1 1267 4863 4864 AND
2 1 1534 4864 4865 AND
2 1 263 4865 4866 AND
2 1 267 4866 4867 AND
2 1 271 4867 4868 AND
2 1 275 4868 4869 AND
2 1 279 4869 4870 AND
2 1 283 4870 4871 AND
2 1 287 4871 4872 AND
2 1 291 4872 4873 AND
2 1 295 4873 4874 AND
2 1 299 4874 4875 AND
2 1 303 4875 4876 AND
2 1 307 4876 4877 AND
2 1 311 4877 4878 AND
2 1 315 4878 4879 AND
2 1 319 4879 4880 AND
2 1 323 4880 4881 AND
2 1 327 4881 4882 AND
2 1 331 4882 4883 AND
2 1 335 4883 4884 AND
2 1 339 4884 4885 AND
2 1 343 4885 4886 AND
2 1 347 4886 4887 AND
2 1 351 4887 4888 AND
2 1 355 4888 4889 AND
2 1 359 4889 4890 AND
2 1 363 4890 4891 AND
2 1 367 4891 4892 AND
2 1 172 369 4893 AND
2 1 4892 4893 4894 AND
2 1 378 713 4895 AND
2 1 383 4895 4896 AND
2 1 387 4896 4897 AND
2 1 391 4897 4898 AND
2 1 395 4898 4899 AND
2 1 399 4899 4900 AND
2 1 403 4900 4901 AND
2 1 407 4901 4902 AND
2 1 411 4902 4903 AND
2 1 415 4903 4904 AND
2 1 419 4904 4905 AND
2 1 423 4905 4906 AND
2 1 427 4906 4907 AND
2 1 431 4907 4908 AND
2 1 435 4908 4909 AND
2 1 439 4909 4910 AND
2 1 443 4910 4911 AND
2 1 447 4911 4912 AND
2 1 451 4912 4913 AND
2 1 455 4913 4914 AND
2 1 459 4914 4915 AND
2 1 463 4915 4916 AND
2 1 467 4916 4917 AND
2 1 471 4917 4918 AND
2 1 475 4918 4919 AND
2 1 479 4919 4920 AND
2 1 483 4920 4921 AND
2 1 487 4921 4922 AND
2 1 491 4922 4923 AND
2 1 495 4923 4924 AND
2 1 499 4924 4925 AND
2 1 503 4925 4926 AND
2 1 507 4926 4927 AND
2 1 511 4927 4928 AND
2 1 515 4928 4929 AND
2 1 519 4929 4930 AND
2 1 523 4930 4931 AND
2 1 527 4931 4932 AND
2 1 531 4932 4933 AND
2 1 535 4933 4934 AND
2 1 539 4934 4935 AND
2 1 543 4935 4936 AND
2 1 547 4936 4937 AND
2 1 551 4937 4938 AND
2 1 555 4938 4939 AND
2 1 559 4939 4940 AND
2 1 563 4940 4941 AND
2 1 567 4941 4942 AND
2 1 571 4942 4943 AND
2 1 575 4943 4944 AND
2 1 579 4944 4945 AND
2 1 583 4945 4946 AND
2 1 587 4946 4947 AND
2 1 591 4947 4948 AND
2 1 1355 4948 4949 AND
2 1 1357 4949 4950 AND
2 1 1621 4950 4951 AND
2 1 602 4951 4952 AND
2 1 606 4952 4953 AND
2 1 610 4953 4954 AND
2 1 614 4954 4955 AND
2 1 618 4955 4956 AND
2 1 622 4956 4957 AND
2 1 626 4957 4958 AND
2 1 630 4958 4959 AND
2 1 634 4959 4960 AND
2 1 638 4960 4961 AND
2 1 642 4961 4962 AND
2 1 646 4962 4963 AND
2 1 650 4963 4964 AND
2 1 654 4964 4965 AND
2 1 658 4965 4966 AND
2 1 662 4966 4967 AND
2 1 666 4967 4968 AND
2 1 670 4968 4969 AND
2 1 674 4969 4970 AND
2 1 678 4970 4971 AND
2 1 682 4971 4972 AND
2 1 686 4972 4973 AND
2 1 690 4973 4974 AND
2 1 694 4974 4975 AND
2 1 698 4975 4976 AND
2 1 702 4976 4977 AND
2 1 706 4977 4978 AND
2 1 173 708 4979 AND
2 1 4978 4979 4980 AND
2 1 717 1050 4981 AND
2 1 722 4981 4982 AND
2 1 726 4982 4983 AND
2 1 730 4983 4984 AND
2 1 734 4984 4985 AND
2 1 738 4985 4986 AND
2 1 742 4986 4987 AND
2 1 746 4987 4988 AND
2 1 750 4988 4989 AND
2 1 754 4989 4990 AND
2 1 758 4990 4991 AND
2 1 762 4991 4992 AND
2 1 766 4992 4993 AND
2 1 770 4993 4994 AND
2 1 774 4994 4995 AND
2 1 778 4995 4996 AND
2 1 782 4996 4997 AND
2 1 786 4997 4998 AND
2 1 790 4998 4999 AND
2 1 794 4999 5000 AND
2 1 798 5000 5001 AND
2 1 802 5001 5002 AND
2 1 806 5002 5003 AND
2 1 810 5003 5004 AND
2 1 814 5004 5005 AND
2 1 818 5005 5006 AND
2 1 822 5006 5007 AND
2 1 826 5007 5008 AND
2 1 830 5008 5009 AND
2 1 834 5009 5010 AND
2 1 838 5010 5011 AND
2 1 842 5011 5012 AND
2 1 846 5012 5013 AND
2 1 850 5013 5014 AND
2 1 854 5014 5015 AND
2 1 858 5015 5016 AND
2 1 862 5016 5017 AND
2 1 866 5017 5018 AND
2 1 870 5018 5019 AND
2 1 874 5019 5020 AND
2 1 878 5020 5021 AND
2 1 882 5021 5022 AND
2 1 886 5022 5023 AND
2 1 890 5023 5024 AND
2 1 894 5024 5025 AND
2 1 898 5025 5026 AND
2 1 902 5026 5027 AND
2 1 906 5027 5028 AND
2 1 910 5028 5029 AND
2 1 914 5029 5030 AND
2 1 918 5030 5031 AND
2 1 922 5031 5032 AND
2 1 926 5032 5033 AND
2 1 930 5033 5034 AND
2 1 1445 5034 5035 AND
2 1 1447 5035 5036 AND
2 1 1708 5036 5037 AND
2 1 939 5037 5038 AND
2 1 943 5038 5039 AND
2 1 947 5039 5040 AND
2 1 951 5040 5041 AND
2 1 955 5041 5042 AND
2 1 959 5042 5043 AND
2 1 963 5043 5044 AND
2 1 967 5044 5045 AND
2 1 971 5045 5046 AND
2 1 975 5046 5047 AND
2 1 979 5047 5048 AND
2 1 983 5048 5049 AND
2 1 987 5049 5050 AND
2 1 991 5050 5051 AND
2 1 995 5051 5052 AND
2 1 999 5052 5053 AND
2 1 1003 5053 5054 AND
2 1 1007 5054 5055 AND
2 1 1011 5055 5056 AND
2 1 1015 5056 5057 AND
2 1 1019 5057 5058 AND
2 1 1023 5058 5059 AND
2 1 1027 5059 5060 AND
2 1 1031 5060 5061 AND
2 1 1035 5061 5062 AND
2 1 1039 5062 5063 AND
2 1 1043 5063 5064 AND
2 1 174 1045 5065 AND
2 1 5064 5065 5066 AND
2 1 382 1054 5067 AND
2 1 1059 5067 5068 AND
2 1 1063 5068 5069 AND
2 1 1067 5069 5070 AND
2 1 1071 5070 5071 AND
2 1 1075 5071 5072 AND
2 1 1079 5072 5073 AND
2 1 1083 5073 5074 AND
2 1 1087 5074 5075 AND
2 1 1091 5075 5076 AND
2 1 1095 5076 5077 AND
2 1 1099 5077 5078 AND
2 1 1103 5078 5079 AND
2 1 1107 5079 5080 AND
2 1 1111 5080 5081 AND
2 1 1115 5081 5082 AND
2 1 1119 5082 5083 AND
2 1 1123 5083 5084 AND
2 1 1127 5084 5085 AND
2 1 1131 5085 5086 AND
2 1 1135 5086 5087 AND
2 1 1139 5087 5088 AND
2 1 1143 5088 5089 AND
2 1 1147 5089 5090 AND
2 1 1151 5090 5091 AND
2 1 1155 5091 5092 AND
2 1 1159 5092 5093 AND
2 1 1163 5093 5094 AND
2 1 1167 5094 5095 AND
2 1 1171 5095 5096 AND
2 1 1175 5096 5097 AND
2 1 1179 5097 5098 AND
2 1 1183 5098 5099 AND
2 1 1187 5099 5100 AND
2 1 1191 5100 5101 AND
2 1 1195 5101 5102 AND
2 1 1199 5102 5103 AND
2 1 1203 5103 5104 AND
2 1 1207 5104 5105 AND
2 1 1211 5105 5106 AND
2 1 1215 5106 5107 AND
2 1 1219 5107 5108 AND
2 1 1223 5108 5109 AND
2 1 1227 5109 5110 AND
2 1 1231 5110 5111 AND
2 1 1235 5111 5112 AND
2 1 1239 5112 5113 AND
2 1 1243 5113 5114 AND
2 1 1247 5114 5115 AND
2 1 1251 5115 5116 AND
2 1 1255 5116 5117 AND
2 1 1259 5117 5118 AND
2 1 1263 5118 5119 AND
2 1 1267 5119 5120 AND
2 1 1534 5120 5121 AND
2 1 263 5121 5122 AND
2 1 267 5122 5123 AND
2 1 271 5123 5124 AND
2 1 275 5124 5125 AND
2 1 279 5125 5126 AND
2 1 283 5126 5127 AND
2 1 287 5127 5128 AND
2 1 291 5128 5129 AND
2 1 295 5129 5130 AND
2 1 299 5130 5131 AND
2 1 303 5131 5132 AND
2 1 307 5132 5133 AND
2 1 311 5133 5134 AND
2 1 315 5134 5135 AND
2 1 319 5135 5136 AND
2 1 323 5136 5137 AND
2 1 327 5137 5138 AND
2 1 331 5138 5139 AND
2 1 335 5139 5140 AND
2 1 339 5140 5141 AND
2 1 343 5141 5142 AND
2 1 347 5142 5143 AND
2 1 351 5143 5144 AND
2 1 355 5144 5145 AND
2 1 359 5145 5146 AND
2 1 363 5146 5147 AND
2 1 367 5147 5148 AND
2 1 371 5148 5149 AND
2 1 375 5149 5150 AND
2 1 175 377 5151 AND
2 1 5150 5151 5152 AND
2 1 386 721 5153 AND
2 1 391 5153 5154 AND
2 1 395 5154 5155 AND
2 1 399 5155 5156 AND
2 1 403 5156 5157 AND
2 1 407 5157 5158 AND
2 1 411 5158 5159 AND
2 1 415 5159 5160 AND
2 1 419 5160 5161 AND
2 1 423 5161 5162 AND
2 1 427 5162 5163 AND
2 1 431 5163 5164 AND
2 1 435 5164 5165 AND
2 1 439 5165 5166 AND
2 1 443 5166 5167 AND
2 1 447 5167 5168 AND
2 1 451 5168 5169 AND
2 1 455 5169 5170 AND
2 1 459 5170 5171 AND
2 1 463 5171 5172 AND
2 1 467 5172 5173 AND
2 1 471 5173 5174 AND
2 1 475 5174 5175 AND
2 1 479 5175 5176 AND
2 1 483 5176 5177 AND
2 1 487 5177 5178 AND
2 1 491 5178 5179 AND
2 1 495 5179 5180 AND
2 1 499 5180 5181 AND
2 1 503 5181 5182 AND
2 1 507 5182 5183 AND
2 1 511 5183 5184 AND
2 1 515 5184 5185 AND
2 1 519 5185 5186 AND
2 1 523 5186 5187 AND
2 1 527 5187 5188 AND
2 1 531 5188 5189 AND
2 1 535 5189 5190 AND
2 1 539 5190 5191 AND
2 1 543 5191 5192 AND
2 1 547 5192 5193 AND
2 1 551 5193 5194 AND
2 1 555 5194 5195 AND
2 1 559 5195 5196 AND
2 1 563 5196 5197 AND
2 1 567 5197 5198 AND
2 1 571 5198 5199 AND
2 1 575 5199 5200 AND
2 1 579 5200 5201 AND
2 1 583 5201 5202 AND
2 1 587 5202 5203 AND
2 1 591 5203 5204 AND
2 1 1355 5204 5205 AND
2 1 1357 5205 5206 AND
2 1 1621 5206 5207 AND
2 1 602 5207 5208 AND
2 1 606 5208 5209 AND
2 1 610 5209 5210 AND
2 1 614 5210 5211 AND
2 1 618 5211 5212 AND
2 1 622 5212 5213 AND
2 1 626 5213 5214 AND
2 1 630 5214 5215 AND
2 1 634 5215 5216 AND
2 1 638 5216 5217 AND
2 1 642 5217 5218 AND
2 1 646 5218 5219 AND
2 1 650 5219 5220 AND
2 1 654 5220 5221 AND
2 1 658 5221 5222 AND
2 1 662 5222 5223 AND
2 1 666 5223 5224 AND
2 1 670 5224 5225 AND
2 1 674 5225 5226 AND
2 1 678 5226 5227 AND
2 1 682 5227 5228 AND
2 1 686 5228 5229 AND
2 1 690 5229 5230 AND
2 1 694 5230 5231 AND
2 1 698 5231 5232 AND
2 1 702 5232 5233 AND
2 1 706 5233 5234 AND
2 1 710 5234 5235 AND
2 1 714 5235 5236 AND
2 1 176 716 5237 AND
2 1 5236 5237 5238 AND
2 1 725 1058 5239 AND
2 1 730 5239 5240 AND
2 1 734 5240 5241 AND
2 1 738 5241 5242 AND
2 1 742 5242 5243 AND
2 1 746 5243 5244 AND
2 1 750 5244 5245 AND
2 1 754 5245 5246 AND
2 1 758 5246 5247 AND
2 1 762 5247 5248 AND
2 1 766 5248 5249 AND
2 1 770 5249 5250 AND
2 1 774 5250 5251 AND
2 1 778 5251 5252 AND
2 1 782 5252 5253 AND
2 1 786 5253 5254 AND
2 1 790 5254 5255 AND
2 1 794 5255 5256 AND
2 1 798 5256 5257 AND
2 1 802 5257 5258 AND
2 1 806 5258 5259 AND
2 1 810 5259 5260 AND
2 1 814 5260 5261 AND
2 1 818 5261 5262 AND
2 1 822 5262 5263 AND
2 1 826 5263 5264 AND
2 1 830 5264 5265 AND
2 1 834 5265 5266 AND
2 1 838 5266 5267 AND
2 1 842 5267 5268 AND
2 1 846 5268 5269 AND
2 1 850 5269 5270 AND
2 1 854 5270 5271 AND
2 1 858 5271 5272 AND
2 1 862 5272 5273 AND
2 1 866 5273 5274 AND
2 1 870 5274 5275 AND
2 1 874 5275 5276 AND
2 1 878 5276 5277 AND
2 1 882 5277 5278 AND
2 1 886 5278 5279 AND
2 1 890 5279 5280 AND
2 1 894 5280 5281 AND
2 1 898 5281 5282 AND
2 1 902 5282 5283 AND
2 1 906 5283 5284 AND
2 1 910 5284 5285 AND
2 1 914 5285 5286 AND
2 1 918 5286 5287 AND
2 1 922 5287 5288 AND
2 1 926 5288 5289 AND
2 1 930 5289 5290 AND
2 1 1445 5290 5291 AND
2 1 1447 5291 5292 AND
2 1 1708 5292 5293 AND
2 1 939 5293 5294 AND
2 1 943 5294 5295 AND
2 1 947 5295 5296 AND
2 1 951 5296 5297 AND
2 1 955 5297 5298 AND
2 1 959 5298 5299 AND
2 1 963 5299 5300 AND
2 1 967 5300 5301 AND
2 1 971 5301 5302 AND
2 1 975 5302 5303 AND
2 1 979 5303 5304 AND
2 1 983 5304 5305 AND
2 1 987 5305 5306 AND
2 1 991 5306 5307 AND
2 1 995 5307 5308 AND
2 1 999 5308 5309 AND
2 1 1003 5309 5310 AND
2 1 1007 5310 5311 AND
2 1 1011 5311 5312 AND
2 1 1015 5312 5313 AND
2 1 1019 5313 5314 AND
2 1 1023 5314 5315 AND
2 1 1027 5315 5316 AND
2 1 1031 5316 5317 AND
2 1 1035 5317 5318 AND
2 1 1039 5318 5319 AND
2 1 1043 5319 5320 AND
2 1 1047 5320 5321 AND
2 1 1051 5321 5322 AND
2 1 177 1053 5323 AND
2 1 5322 5323 5324 AND
2 1 390 1062 5325 AND
2 1 1067 5325 5326 AND
2 1 1071 5326 5327 AND
2 1 1075 5327 5328 AND
2 1 1079 5328 5329 AND
2 1 1083 5329 5330 AND
2 1 1087 5330 5331 AND
2 1 1091 5331 5332 AND
2 1 1095 5332 5333 AND
2 1 1099 5333 5334 AND
2 1 1103 5334 5335 AND
2 1 1107 5335 5336 AND
2 1 1111 5336 5337 AND
2 1 1115 5337 5338 AND
2 1 1119 5338 5339 AND
2 1 1123 5339 5340 AND
2 1 1127 5340 5341 AND
2 1 1131 5341 5342 AND
2 1 1135 5342 5343 AND
2 1 1139 5343 5344 AND
2 1 1143 5344 5345 AND
2 1 1147 5345 5346 AND
2 1 1151 5346 5347 AND
2 1 1155 5347 5348 AND
2 1 1159 5348 5349 AND
2 1 1163 5349 5350 AND
2 1 1167 5350 5351 AND
2 1 1171 5351 5352 AND
2 1 1175 5352 5353 AND
2 1 1179 5353 5354 AND
2 1 1183 5354 5355 AND
2 1 1187 5355 5356 AND
2 1 1191 5356 5357 AND
2 1 1195 5357 5358 AND
2 1 1199 5358 5359 AND
2 1 1203 5359 5360 AND
2 1 1207 5360 5361 AND
2 1 1211 5361 5362 AND
2 1 1215 5362 5363 AND
2 1 1219 5363 5364 AND
2 1 1223 5364 5365 AND
2 1 1227 5365 5366 AND
2 1 1231 5366 5367 AND
2 1 1235 5367 5368 AND
2 1 1239 5368 5369 AND
2 1 1243 5369 5370 AND
2 1 1247 5370 5371 AND
2 1 1251 5371 5372 AND
2 1 1255 5372 5373 AND
2 1 1259 5373 5374 AND
2 1 1263 5374 5375 AND
2 1 1267 5375 5376 AND
2 1 1534 5376 5377 AND
2 1 263 5377 5378 AND
2 1 267 5378 5379 AND
2 1 271 5379 5380 AND
2 1 275 5380 5381 AND
2 1 279 5381 5382 AND
2 1 283 5382 5383 AND
2 1 287 5383 5384 AND
2 1 291 5384 5385 AND
2 1 295 5385 5386 AND
2 1 299 5386 5387 AND
2 1 303 5387 5388 AND
2 1 307 5388 5389 AND
2 1 311 5389 5390 AND
2 1 315 5390 5391 AND
2 1 319 5391 5392 AND
2 1 323 5392 5393 AND
2 1 327 5393 5394 AND
2 1 331 5394 5395 AND
2 1 335 5395 5396 AND
2 1 339 5396 5397 AND
2 1 343 5397 5398 AND
2 1 347 5398 5399 AND
2 1 351 5399 5400 AND
2 1 355 5400 5401 AND
2 1 359 5401 5402 AND
2 1 363 5402 5403 AND
2 1 367 5403 5404 AND
2 1 371 5404 5405 AND
2 1 375 5405 5406 AND
2 1 379 5406 5407 AND
2 1 383 5407 5408 AND
2 1 178 385 5409 AND
2 1 5408 5409 5410 AND
2 1 394 729 5411 AND
2 1 399 5411 5412 AND
2 1 403 5412 5413 AND
2 1 407 5413 5414 AND
2 1 411 5414 5415 AND
2 1 415 5415 5416 AND
2 1 419 5416 5417 AND
2 1 423 5417 5418 AND
2 1 427 5418 5419 AND
2 1 431 5419 5420 AND
2 1 435 5420 5421 AND
2 1 439 5421 5422 AND
2 1 443 5422 5423 AND
2 1 447 5423 5424 AND
2 1 451 5424 5425 AND
2 1 455 5425 5426 AND
2 1 459 5426 5427 AND
2 1 463 5427 5428 AND
2 1 467 5428 5429 AND
2 1 471 5429 5430 AND
2 1 475 5430 5431 AND
2 1 479 5431 5432 AND
2 1 483 5432 5433 AND
2 1 487 5433 5434 AND
2 1 491 5434 5435 AND
2 1 495 5435 5436 AND
2 1 499 5436 5437 AND
2 1 503 5437 5438 AND
2 1 507 5438 5439 AND
2 1 511 5439 5440 AND
2 1 515 5440 5441 AND
2 1 519 5441 5442 AND
2 1 523 5442 5443 AND
2 1 527 5443 5444 AND
2 1 531 5444 5445 AND
2 1 535 5445 5446 AND
2 1 539 5446 5447 AND
2 1 543 5447 5448 AND
2 1 547 5448 5449 AND
2 1 551 5449 5450 AND
2 1 555 5450 5451 AND
2 1 559 5451 5452 AND
2 1 563 5452 5453 AND
2 1 567 5453 5454 AND
2 1 571 5454 5455 AND
2 1 575 5455 5456 AND
2 1 579 5456 5457 AND
2 1 583 5457 5458 AND
2 1 587 5458 5459 AND
2 1 591 5459 5460 AND
2 1 1355 5460 5461 AND
2 1 1357 5461 5462 AND
2 1 1621 5462 5463 AND
2 1 602 5463 5464 AND
2 1 606 5464 5465 AND
2 1 610 5465 5466 AND
2 1 614 5466 5467 AND
2 1 618 5467 5468 AND
2 1 622 5468 5469 AND
2 1 626 5469 5470 AND
2 1 630 5470 5471 AND
2 1 634 5471 5472 AND
2 1 638 5472 5473 AND
2 1 642 5473 5474 AND
2 1 646 5474 5475 AND
2 1 650 5475 5476 AND
2 1 654 5476 5477 AND
2 1 658 5477 5478 AND
2 1 662 5478 5479 AND
2 1 666 5479 5480 AND
2 1 670 5480 5481 AND
2 1 674 5481 5482 AND
2 1 678 5482 5483 AND
2 1 682 5483 5484 AND
2 1 686 5484 5485 AND
2 1 690 5485 5486 AND
2 1 694 5486 5487 AND
2 1 698 5487 5488 AND
2 1 702 5488 5489 AND
2 1 706 5489 5490 AND
2 1 710 5490 5491 AND
2 1 714 5491 5492 AND
2 1 718 5492 5493 AND
2 1 722 5493 5494 AND
2 1 179 724 5495 AND
2 1 5494 5495 5496 AND
2 1 733 1066 5497 AND
2 1 738 5497 5498 AND
2 1 742 5498 5499 AND
2 1 746 5499 5500 AND
2 1 750 5500 5501 AND
2 1 754 5501 5502 AND
2 1 758 5502 5503 AND
2 1 762 5503 5504 AND
2 1 766 5504 5505 AND
2 1 770 5505 5506 AND
2 1 774 5506 5507 AND
2 1 778 5507 5508 AND
2 1 782 5508 5509 AND
2 1 786 5509 5510 AND
2 1 790 5510 5511 AND
2 1 794 5511 5512 AND
2 1 798 5512 5513 AND
2 1 802 5513 5514 AND
2 1 806 5514 5515 AND
2 1 810 5515 5516 AND
2 1 814 5516 5517 AND
2 1 818 5517 5518 AND
2 1 822 5518 5519 AND
2 1 826 5519 5520 AND
2 1 830 5520 5521 AND
2 1 834 5521 5522 AND
2 1 838 5522 5523 AND
2 1 842 5523 5524 AND
2 1 846 5524 5525 AND
2 1 850 5525 5526 AND
2 1 854 5526 5527 AND
2 1 858 5527 5528 AND
2 1 862 5528 5529 AND
2 1 866 5529 5530 AND
2 1 870 5530 5531 AND
2 1 874 5531 5532 AND
2 1 878 5532 5533 AND
2 1 882 5533 5534 AND
2 1 886 5534 5535 AND
2 1 890 5535 5536 AND
2 1 894 5536 5537 AND
2 1 898 5537 5538 AND
2 1 902 5538 5539 AND
2 1 906 5539 5540 AND
2 1 910 5540 5541 AND
2 1 914 5541 5542 AND
2 1 918 5542 5543 AND
2 1 922 5543 5544 AND
2 1 926 5544 5545 AND
2 1 930 5545 5546 AND
2 1 1445 5546 5547 AND
2 1 1447 5547 5548 AND
2 1 1708 5548 5549 AND
2 1 939 5549 5550 AND
2 1 943 5550 5551 AND
2 1 947 5551 5552 AND
2 1 951 5552 5553 AND
2 1 955 5553 5554 AND
2 1 959 5554 5555 AND
2 1 963 5555 5556 AND
2 1 967 5556 5557 AND
2 1 971 5557 5558 AND
2 1 975 5558 5559 AND
2 1 979 5559 5560 AND
2 1 983 5560 5561 AND
2 1 987 5561 5562 AND
2 1 991 5562 5563 AND
2 1 995 5563 5564 AND
2 1 999 5564 5565 AND
2 1 1003 5565 5566 AND
2 1 1007 5566 5567 AND
2 1 1011 5567 5568 AND
2 1 1015 5568 5569 AND
2 1 1019 5569 5570 AND
2 1 1023 5570 5571 AND
2 1 1027 5571 5572 AND
2 1 1031 5572 5573 AND
2 1 1035 5573 5574 AND
2 1 1039 5574 5575 AND
2 1 1043 5575 5576 AND
2 1 1047 5576 5577 AND
2 1 1051 5577 5578 AND
2 1 1055 5578 5579 AND
2 1 1059 5579 5580 AND
2 1 180 1061 5581 AND
2 1 5580 5581 5582 AND
2 1 398 1070 5583 AND
2 1 1075 5583 5584 AND
2 1 1079 5584 5585 AND
2 1 1083 5585 5586 AND
2 1 1087 5586 5587 AND
2 1 1091 5587 5588 AND
2 1 1095 5588 5589 AND
2 1 1099 5589 5590 AND
2 1 1103 5590 5591 AND
2 1 1107 5591 5592 AND
2 1 1111 5592 5593 AND
2 1 1115 5593 5594 AND
2 1 1119 5594 5595 AND
2 1 1123 5595 5596 AND
2 1 1127 5596 5597 AND
2 1 1131 5597 5598 AND
2 1 1135 5598 5599 AND
2 1 1139 5599 5600 AND
2 1 1143 5600 5601 AND
2 1 1147 5601 5602 AND
2 1 1151 5602 5603 AND
2 1 1155 5603 5604 AND
2 1 1159 5604 5605 AND
2 1 1163 5605 5606 AND
2 1 1167 5606 5607 AND
2 1 1171 5607 5608 AND
2 1 1175 5608 5609 AND
2 1 1179 5609 5610 AND
2 1 1183 5610 5611 AND
2 1 1187 5611 5612 AND
2 1 1191 5612 5613 AND
2 1 1195 5613 5614 AND
2 1 1199 5614 5615 AND
2 1 1203 5615 5616 AND
2 1 1207 5616 5617 AND
2 1 1211 5617 5618 AND
2 1 1215 5618 5619 AND
2 1 1219 5619 5620 AND
2 1 1223 5620 5621 AND
2 1 1227 5621 5622 AND
2 1 1231 5622 5623 AND
2 1 1235 5623 5624 AND
2 1 1239 5624 5625 AND
2 1 1243 5625 5626 AND
2 1 1247 5626 5627 AND
2 1 1251 5627 5628 AND
2 1 1255 5628 5629 AND
2 1 1259 5629 5630 AND
2 1 1263 5630 5631 AND
2 1 1267 5631 5632 AND
2 1 1534 5632 5633 AND
2 1 263 5633 5634 AND
2 1 267 5634 5635 AND
2 1 271 5635 5636 AND
2 1 275 5636 5637 AND
2 1 279 5637 5638 AND
2 1 283 5638 5639 AND
2 1 287 5639 5640 AND
2 1 291 5640 5641 AND
2 1 295 5641 5642 AND
2 1 299 5642 5643 AND
2 1 303 5643 5644 AND
2 1 307 5644 5645 AND
2 1 311 5645 5646 AND
2 1 315 5646 5647 AND
2 1 319 5647 5648 AND
2 1 323 5648 5649 AND
2 1 327 5649 5650 AND
2 1 331 5650 5651 AND
2 1 335 5651 5652 AND
2 1 339 5652 5653 AND
2 1 343 5653 5654 AND
2 1 347 5654 5655 AND
2 1 351 5655 5656 AND
2 1 355 5656 5657 AND
2 1 359 5657 5658 AND
2 1 363 5658 5659 AND
2 1 367 5659 5660 AND
2 1 371 5660 5661 AND
2 1 375 5661 5662 AND
2 1 379 5662 5663 AND
2 1 383 5663 5664 AND
2 1 387 5664 5665 AND
2 1 391 5665 5666 AND
2 1 181 393 5667 AND
2 1 5666 5667 5668 AND
2 1 402 737 5669 AND
2 1 407 5669 5670 AND
2 1 411 5670 5671 AND
2 1 415 5671 5672 AND
2 1 419 5672 5673 AND
2 1 423 5673 5674 AND
2 1 427 5674 5675 AND
2 1 431 5675 5676 AND
2 1 435 5676 5677 AND
2 1 439 5677 5678 AND
2 1 443 5678 5679 AND
2 1 447 5679 5680 AND
2 1 451 5680 5681 AND
2 1 455 5681 5682 AND
2 1 459 5682 5683 AND
2 1 463 5683 5684 AND
2 1 467 5684 5685 AND
2 1 471 5685 5686 AND
2 1 475 5686 5687 AND
2 1 479 5687 5688 AND
2 1 483 5688 5689 AND
2 1 487 5689 5690 AND
2 1 491 5690 5691 AND
2 1 495 5691 5692 AND
2 1 499 5692 5693 AND
2 1 503 5693 5694 AND
2 1 507 5694 5695 AND
2 1 511 5695 5696 AND
2 1 515 5696 5697 AND
2 1 519 5697 5698 AND
2 1 523 5698 5699 AND
2 1 527 5699 5700 AND
2 1 531 5700 5701 AND
2 1 535 5701 5702 AND
2 1 539 5702 5703 AND
2 1 543 5703 5704 AND
2 1 547 5704 5705 AND
2 1 551 5705 5706 AND
2 1 555 5706 5707 AND
2 1 559 5707 5708 AND
2 1 563 5708 5709 AND
2 1 567 5709 5710 AND
2 1 571 5710 5711 AND
2 1 575 5711 5712 AND
2 1 579 5712 5713 AND
2 1 583 5713 5714 AND
2 1 587 5714 5715 AND
2 1 591 5715 5716 AND
2 1 1355 5716 5717 AND
2 1 1357 5717 5718 AND
2 1 1621 5718 5719 AND
2 1 602 5719 5720 AND
2 1 606 5720 5721 AND
2 1 610 5721 5722 AND
2 1 614 5722 5723 AND
2 1 618 5723 5724 AND
2 1 622 5724 5725 AND
2 1 626 5725 5726 AND
2 1 630 5726 5727 AND
2 1 634 5727 5728 AND
2 1 638 5728 5729 AND
2 1 642 5729 5730 AND
2 1 646 5730 5731 AND
2 1 650 5731 5732 AND
2 1 654 5732 5733 AND
2 1 658 5733 5734 AND
2 1 662 5734 5735 AND
2 1 666 5735 5736 AND
2 1 670 5736 5737 AND
2 1 674 5737 5738 AND
2 1 678 5738 5739 AND
2 1 682 5739 5740 AND
2 1 686 5740 5741 AND
2 1 690 5741 5742 AND
2 1 694 5742 5743 AND
2 1 698 5743 5744 AND
2 1 702 5744 5745 AND
2 1 706 5745 5746 AND
2 1 710 5746 5747 AND
2 1 714 5747 5748 AND
2 1 718 5748 5749 AND
2 1 722 5749 5750 AND
2 1 726 5750 5751 AND
2 1 730 5751 5752 AND
2 1 182 732 5753 AND
2 1 5752 5753 5754 AND
2 1 741 1074 5755 AND
2 1 746 5755 5756 AND
2 1 750 5756 5757 AND
2 1 754 5757 5758 AND
2 1 758 5758 5759 AND
2 1 762 5759 5760 AND
2 1 766 5760 5761 AND
2 1 770 5761 5762 AND
2 1 774 5762 5763 AND
2 1 778 5763 5764 AND
2 1 782 5764 5765 AND
2 1 786 5765 5766 AND
2 1 790 5766 5767 AND
2 1 794 5767 5768 AND
2 1 798 5768 5769 AND
2 1 802 5769 5770 AND
2 1 806 5770 5771 AND
2 1 810 5771 5772 AND
2 1 814 5772 5773 AND
2 1 818 5773 5774 AND
2 1 822 5774 5775 AND
2 1 826 5775 5776 AND
2 1 830 5776 5777 AND
2 1 834 5777 5778 AND
2 1 838 5778 5779 AND
2 1 842 5779 5780 AND
2 1 846 5780 5781 AND
2 1 850 5781 5782 AND
2 1 854 5782 5783 AND
2 1 858 5783 5784 AND
2 1 862 5784 5785 AND
2 1 866 5785 5786 AND
2 1 870 5786 5787 AND
2 1 874 5787 5788 AND
2 1 878 5788 5789 AND
2 1 882 5789 5790 AND
2 1 886 5790 5791 AND
2 1 890 5791 5792 AND
2 1 894 5792 5793 AND
2 1 898 5793 5794 AND
2 1 902 5794 5795 AND
2 1 906 5795 5796 AND
2 1 910 5796 5797 AND
2 1 914 5797 5798 AND
2 1 918 5798 5799 AND
2 1 922 5799 5800 AND
2 1 926 5800 5801 AND
2 1 930 5801 5802 AND
2 1 1445 5802 5803 AND
2 1 1447 5803 5804 AND
2 1 1708 5804 5805 AND
2 1 939 5805 5806 AND
2 1 943 5806 5807 AND
2 1 947 5807 5808 AND
2 1 951 5808 5809 AND
2 1 955 5809 5810 AND
2 1 959 5810 5811 AND
2 1 963 5811 5812 AND
2 1 967 5812 5813 AND
2 1 971 5813 5814 AND
2 1 975 5814 5815 AND
2 1 979 5815 5816 AND
2 1 983 5816 5817 AND
2 1 987 5817 5818 AND
2 1 991 5818 5819 AND
2 1 995 5819 5820 AND
2 1 999 5820 5821 AND
2 1 1003 5821 5822 AND
2 1 1007 5822 5823 AND
2 1 1011 5823 5824 AND
2 1 1015 5824 5825 AND
2 1 1019 5825 5826 AND
2 1 1023 5826 5827 AND
2 1 1027 5827 5828 AND
2 1 1031 5828 5829 AND
2 1 1035 5829 5830 AND
2 1 1039 5830 5831 AND
2 1 1043 5831 5832 AND
2 1 1047 5832 5833 AND
2 1 1051 5833 5834 AND
2 1 1055 5834 5835 AND
2 1 1059 5835 5836 AND
2 1 1063 5836 5837 AND
2 1 1067 5837 5838 AND
2 1 183 1069 5839 AND
2 1 5838 5839 5840 AND
2 1 406 1078 5841 AND
2 1 1083 5841 5842 AND
2 1 1087 5842 5843 AND
2 1 1091 5843 5844 AND
2 1 1095 5844 5845 AND
2 1 1099 5845 5846 AND
2 1 1103 5846 5847 AND
2 1 1107 5847 5848 AND
2 1 1111 5848 5849 AND
2 1 1115 5849 5850 AND
2 1 1119 5850 5851 AND
2 1 1123 5851 5852 AND
2 1 1127 5852 5853 AND
2 1 1131 5853 5854 AND
2 1 1135 5854 5855 AND
2 1 1139 5855 5856 AND
2 1 1143 5856 5857 AND
2 1 1147 5857 5858 AND
2 1 1151 5858 5859 AND
2 1 1155 5859 5860 AND
2 1 1159 5860 5861 AND
2 1 1163 5861 5862 AND
2 1 1167 5862 5863 AND
2 1 1171 5863 5864 AND
2 1 1175 5864 5865 AND
2 1 1179 5865 5866 AND
2 1 1183 5866 5867 AND
2 1 1187 5867 5868 AND
2 1 1191 5868 5869 AND
2 1 1195 5869 5870 AND
2 1 1199 5870 5871 AND
2 1 1203 5871 5872 AND
2 1 1207 5872 5873 AND
2 1 1211 5873 5874 AND
2 1 1215 5874 5875 AND
2 1 1219 5875 5876 AND
2 1 1223 5876 5877 AND
2 1 1227 5877 5878 AND
2 1 1231 5878 5879 AND
2 1 1235 5879 5880 AND
2 1 1239 5880 5881 AND
2 1 1243 5881 5882 AND
2 1 1247 5882 5883 AND
2 1 1251 5883 5884 AND
2 1 1255 5884 5885 AND
2 1 1259 5885 5886 AND
2 1 1263 5886 5887 AND
2 1 1267 5887 5888 AND
2 1 1534 5888 5889 AND
2 1 263 5889 5890 AND
2 1 267 5890 5891 AND
2 1 271 5891 5892 AND
2 1 275 5892 5893 AND
2 1 279 5893 5894 AND
2 1 283 5894 5895 AND
2 1 287 5895 5896 AND
2 1 291 5896 5897 AND
2 1 295 5897 5898 AND
2 1 299 5898 5899 AND
2 1 303 5899 5900 AND
2 1 307 5900 5901 AND
2 1 311 5901 5902 AND
2 1 315 5902 5903 AND
2 1 319 5903 5904 AND
2 1 323 5904 5905 AND
2 1 327 5905 5906 AND
2 1 331 5906 5907 AND
2 1 335 5907 5908 AND
2 1 339 5908 5909 AND
2 1 343 5909 5910 AND
2 1 347 5910 5911 AND
2 1 351 5911 5912 AND
2 1 355 5912 5913 AND
2 1 359 5913 5914 AND
2 1 363 5914 5915 AND
2 1 367 5915 5916 AND
2 1 371 5916 5917 AND
2 1 375 5917 5918 AND
2 1 379 5918 5919 AND
2 1 383 5919 5920 AND
2 1 387 5920 5921 AND
2 1 391 5921 5922 AND
2 1 395 5922 5923 AND
2 1 399 5923 5924 AND
2 1 184 401 5925 AND
2 1 5924 5925 5926 AND
2 1 410 745 5927 AND
2 1 415 5927 5928 AND
2 1 419 5928 5929 AND
2 1 423 5929 5930 AND
2 1 427 5930 5931 AND
2 1 431 5931 5932 AND
2 1 435 5932 5933 AND
2 1 439 5933 5934 AND
2 1 443 5934 5935 AND
2 1 447 5935 5936 AND
2 1 451 5936 5937 AND
2 1 455 5937 5938 AND
2 1 459 5938 5939 AND
2 1 463 5939 5940 AND
2 1 467 5940 5941 AND
2 1 471 5941 5942 AND
2 1 475 5942 5943 AND
2 1 479 5943 5944 AND
2 1 483 5944 5945 AND
2 1 487 5945 5946 AND
2 1 491 5946 5947 AND
2 1 495 5947 5948 AND
2 1 499 5948 5949 AND
2 1 503 5949 5950 AND
2 1 507 5950 5951 AND
2 1 511 5951 5952 AND
2 1 515 5952 5953 AND
2 1 519 5953 5954 AND
2 1 523 5954 5955 AND
2 1 527 5955 5956 AND
2 1 531 5956 5957 AND
2 1 535 5957 5958 AND
2 1 539 5958 5959 AND
2 1 543 5959 5960 AND
2 1 547 5960 5961 AND
2 1 551 5961 5962 AND
2 1 555 5962 5963 AND
2 1 559 5963 5964 AND
2 1 563 5964 5965 AND
2 1 567 5965 5966 AND
2 1 571 5966 5967 AND
2 1 575 5967 5968 AND
2 1 579 5968 5969 AND
2 1 583 5969 5970 AND
2 1 587 5970 5971 AND
2 1 591 5971 5972 AND
2 1 1355 5972 5973 AND
2 1 1357 5973 5974 AND
2 1 1621 5974 5975 AND
2 1 602 5975 5976 AND
2 1 606 5976 5977 AND
2 1 610 5977 5978 AND
2 1 614 5978 5979 AND
2 1 618 5979 5980 AND
2 1 622 5980 5981 AND
2 1 626 5981 5982 AND
2 1 630 5982 5983 AND
2 1 634 5983 5984 AND
2 1 638 5984 5985 AND
2 1 642 5985 5986 AND
2 1 646 5986 5987 AND
2 1 650 5987 5988 AND
2 1 654 5988 5989 AND
2 1 658 5989 5990 AND
2 1 662 5990 5991 AND
2 1 666 5991 5992 AND
2 1 670 5992 5993 AND
2 1 674 5993 5994 AND
2 1 678 5994 5995 AND
2 1 682 5995 5996 AND
2 1 686 5996 5997 AND
2 1 690 5997 5998 AND
2 1 694 5998 5999 AND
2 1 698 5999 6000 AND
2 1 702 6000 6001 AND
2 1 706 6001 6002 AND
2 1 710 6002 6003 AND
2 1 714 6003 6004 AND
2 1 718 6004 6005 AND
2 1 722 6005 6006 AND
2 1 726 6006 6007 AND
2 1 730 6007 6008 AND
2 1 734 6008 6009 AND
2 1 738 6009 6010 AND
2 1 185 740 6011 AND
2 1 6010 6011 6012 AND
2 1 749 1082 6013 AND
2 1 754 6013 6014 AND
2 1 758 6014 6015 AND
2 1 762 6015 6016 AND
2 1 766 6016 6017 AND
2 1 770 6017 6018 AND
2 1 774 6018 6019 AND
2 1 778 6019 6020 AND
2 1 782 6020 6021 AND
2 1 786 6021 6022 AND
2 1 790 6022 6023 AND
2 1 794 6023 6024 AND
2 1 798 6024 6025 AND
2 1 802 6025 6026 AND
2 1 806 6026 6027 AND
2 1 810 6027 6028 AND
2 1 814 6028 6029 AND
2 1 818 6029 6030 AND
2 1 822 6030 6031 AND
2 1 826 6031 6032 AND
2 1 830 6032 6033 AND
2 1 834 6033 6034 AND
2 1 838 6034 6035 AND
2 1 842 6035 6036 AND
2 1 846 6036 6037 AND
2 1 850 6037 6038 AND
2 1 854 6038 6039 AND
2 1 858 6039 6040 AND
2 1 862 6040 6041 AND
2 1 866 6041 6042 AND
2 1 870 6042 6043 AND
2 1 874 6043 6044 AND
2 1 878 6044 6045 AND
2 1 882 6045 6046 AND
2 1 886 6046 6047 AND
2 1 890 6047 6048 AND
2 1 894 6048 6049 AND
2 1 898 6049 6050 AND
2 1 902 6050 6051 AND
2 1 906 6051 6052 AND
2 1 910 6052 6053 AND
2 1 914 6053 6054 AND
2 1 918 6054 6055 AND
2 1 922 6055 6056 AND
2 1 926 6056 6057 AND
2 1 930 6057 6058 AND
2 1 1445 6058 6059 AND
2 1 1447 6059 6060 AND
2 1 1708 6060 6061 AND
2 1 939 6061 6062 AND
2 1 943 6062 6063 AND
2 1 947 6063 6064 AND
2 1 951 6064 6065 AND
2 1 955 6065 6066 AND
2 1 959 6066 6067 AND
2 1 963 6067 6068 AND
2 1 967 6068 6069 AND
2 1 971 6069 6070 AND
2 1 975 6070 6071 AND
2 1 979 6071 6072 AND
2 1 983 6072 6073 AND
2 1 987 6073 6074 AND
2 1 991 6074 6075 AND
2 1 995 6075 6076 AND
2 1 999 6076 6077 AND
2 1 1003 6077 6078 AND
2 1 1007 6078 6079 AND
2 1 1011 6079 6080 AND
2 1 1015 6080 6081 AND
2 1 1019 6081 6082 AND
2 1 1023 6082 6083 AND
2 1 1027 6083 6084 AND
2 1 1031 6084 6085 AND
2 1 1035 6085 6086 AND
2 1 1039 6086 6087 AND
2 1 1043 6087 6088 AND
2 1 1047 6088 6089 AND
2 1 1051 6089 6090 AND
2 1 1055 6090 6091 AND
2 1 1059 6091 6092 AND
2 1 1063 6092 6093 AND
2 1 1067 6093 6094 AND
2 1 1071 6094 6095 AND
2 1 1075 6095 6096 AND
2 1 186 1077 6097 AND
2 1 6096 6097 6098 AND
2 1 414 1086 6099 AND
2 1 1091 6099 6100 AND
2 1 1095 6100 6101 AND
2 1 1099 6101 6102 AND
2 1 1103 6102 6103 AND
2 1 1107 6103 6104 AND
2 1 1111 6104 6105 AND
2 1 1115 6105 6106 AND
2 1 1119 6106 6107 AND
2 1 1123 6107 6108 AND
2 1 1127 6108 6109 AND
2 1 1131 6109 6110 AND
2 1 1135 6110 6111 AND
2 1 1139 6111 6112 AND
2 1 1143 6112 6113 AND
2 1 1147 6113 6114 AND
2 1 1151 6114 6115 AND
2 1 1155 6115 6116 AND
2 1 1159 6116 6117 AND
2 1 1163 6117 6118 AND
2 1 1167 6118 6119 AND
2 1 1171 6119 6120 AND
2 1 1175 6120 6121 AND
2 1 1179 6121 6122 AND
2 1 1183 6122 6123 AND
2 1 1187 6123 6124 AND
2 1 1191 6124 6125 AND
2 1 1195 6125 6126 AND
2 1 1199 6126 6127 AND
2 1 1203 6127 6128 AND
2 1 1207 6128 6129 AND
2 1 1211 6129 6130 AND
2 1 1215 6130 6131 AND
2 1 1219 6131 6132 AND
2 1 1223 6132 6133 AND
2 1 1227 6133 6134 AND
2 1 1231 6134 6135 AND
2 1 1235 6135 6136 AND
2 1 1239 6136 6137 AND
2 1 1243 6137 6138 AND
2 1 1247 6138 6139 AND
2 1 1251 6139 6140 AND
2 1 1255 6140 6141 AND
2 1 1259 6141 6142 AND
2 1 1263 6142 6143 AND
2 1 1267 6143 6144 AND
2 1 1534 6144 6145 AND
2 1 263 6145 6146 AND
2 1 267 6146 6147 AND
2 1 271 6147 6148 AND
2 1 275 6148 6149 AND
2 1 279 6149 6150 AND
2 1 283 6150 6151 AND
2 1 287 6151 6152 AND
2 1 291 6152 6153 AND
2 1 295 6153 6154 AND
2 1 299 6154 6155 AND
2 1 303 6155 6156 AND
2 1 307 6156 6157 AND
2 1 311 6157 6158 AND
2 1 315 6158 6159 AND
2 1 319 6159 6160 AND
2 1 323 6160 6161 AND
2 1 327 6161 6162 AND
2 1 331 6162 6163 AND
2 1 335 6163 6164 AND
2 1 339 6164 6165 AND
2 1 343 6165 6166 AND
2 1 347 6166 6167 AND
2 1 351 6167 6168 AND
2 1 355 6168 6169 AND
2 1 359 6169 6170 AND
2 1 363 6170 6171 AND
2 1 367 6171 6172 AND
2 1 371 6172 6173 AND
2 1 375 6173 6174 AND
2 1 379 6174 6175 AND
2 1 383 6175 6176 AND
2 1 387 6176 6177 AND
2 1 391 6177 6178 AND
2 1 395 6178 6179 AND
2 1 399 6179 6180 AND
2 1 403 6180 6181 AND
2 1 407 6181 6182 AND
2 1 187 409 6183 AND
2 1 6182 6183 6184 AND
2 1 418 753 6185 AND
2 1 423 6185 6186 AND
2 1 427 6186 6187 AND
2 1 431 6187 6188 AND
2 1 435 6188 6189 AND
2 1 439 6189 6190 AND
2 1 443 6190 6191 AND
2 1 447 6191 6192 AND
2 1 451 6192 6193 AND
2 1 455 6193 6194 AND
2 1 459 6194 6195 AND
2 1 463 6195 6196 AND
2 1 467 6196 6197 AND
2 1 471 6197 6198 AND
2 1 475 6198 6199 AND
2 1 479 6199 6200 AND
2 1 483 6200 6201 AND
2 1 487 6201 6202 AND
2 1 491 6202 6203 AND
2 1 495 6203 6204 AND
2 1 499 6204 6205 AND
2 1 503 6205 6206 AND
2 1 507 6206 6207 AND
2 1 511 6207 6208 AND
2 1 515 6208 6209 AND
2 1 519 6209 6210 AND
2 1 523 6210 6211 AND
2 1 527 6211 6212 AND
2 1 531 6212 6213 AND
2 1 535 6213 6214 AND
2 1 539 6214 6215 AND
2 1 543 6215 6216 AND
2 1 547 6216 6217 AND
2 1 551 6217 6218 AND
2 1 555 6218 6219 AND
2 1 559 6219 6220 AND
2 1 563 6220 6221 AND
2 1 567 6221 6222 AND
2 1 571 6222 6223 AND
2 1 575 6223 6224 AND
2 1 579 6224 6225 AND
2 1 583 6225 6226 AND
2 1 587 6226 6227 AND
2 1 591 6227 6228 AND
2 1 1355 6228 6229 AND
2 1 1357 6229 6230 AND
2 1 1621 6230 6231 AND
2 1 602 6231 6232 AND
2 1 606 6232 6233 AND
2 1 610 6233 6234 AND
2 1 614 6234 6235 AND
2 1 618 6235 6236 AND
2 1 622 6236 6237 AND
2 1 626 6237 6238 AND
2 1 630 6238 6239 AND
2 1 634 6239 6240 AND
2 1 638 6240 6241 AND
2 1 642 6241 6242 AND
2 1 646 6242 6243 AND
2 1 650 6243 6244 AND
2 1 654 6244 6245 AND
2 1 658 6245 6246 AND
2 1 662 6246 6247 AND
2 1 666 6247 6248 AND
2 1 670 6248 6249 AND
2 1 674 6249 6250 AND
2 1 678 6250 6251 AND
2 1 682 6251 6252 AND
2 1 686 6252 6253 AND
2 1 690 6253 6254 AND
2 1 694 6254 6255 AND
2 1 698 6255 6256 AND
2 1 702 6256 6257 AND
2 1 706 6257 6258 AND
2 1 710 6258 6259 AND
2 1 714 6259 6260 AND
2 1 718 6260 6261 AND
2 1 722 6261 6262 AND
2 1 726 6262 6263 AND
2 1 730 6263 6264 AND
2 1 734 6264 6265 AND
2 1 738 6265 6266 AND
2 1 742 6266 6267 AND
2 1 746 6267 6268 AND
2 1 188 748 6269 AND
2 1 6268 6269 6270 AND
2 1 757 1090 6271 AND
2 1 762 6271 6272 AND
2 1 766 6272 6273 AND
2 1 770 6273 6274 AND
2 1 774 6274 6275 AND
2 1 778 6275 6276 AND
2 1 782 6276 6277 AND
2 1 786 6277 6278 AND
2 1 790 6278 6279 AND
2 1 794 6279 6280 AND
2 1 798 6280 6281 AND
2 1 802 6281 6282 AND
2 1 806 6282 6283 AND
2 1 810 6283 6284 AND
2 1 814 6284 6285 AND
2 1 818 6285 6286 AND
2 1 822 6286 6287 AND
2 1 826 6287 6288 AND
2 1 830 6288 6289 AND
2 1 834 6289 6290 AND
2 1 838 6290 6291 AND
2 1 842 6291 6292 AND
2 1 846 6292 6293 AND
2 1 850 6293 6294 AND
2 1 854 6294 6295 AND
2 1 858 6295 6296 AND
2 1 862 6296 6297 AND
2 1 866 6297 6298 AND
2 1 870 6298 6299 AND
2 1 874 6299 6300 AND
2 1 878 6300 6301 AND
2 1 882 6301 6302 AND
2 1 886 6302 6303 AND
2 1 890 6303 6304 AND
2 1 894 6304 6305 AND
2 1 898 6305 6306 AND
2 1 902 6306 6307 AND
2 1 906 6307 6308 AND
2 1 910 6308 6309 AND
2 1 914 6309 6310 AND
2 1 918 6310 6311 AND
2 1 922 6311 6312 AND
2 1 926 6312 6313 AND
2 1 930 6313 6314 AND
2 1 1445 6314 6315 AND
2 1 1447 6315 6316 AND
2 1 1708 6316 6317 AND
2 1 939 6317 6318 AND
2 1 943 6318 6319 AND
2 1 947 6319 6320 AND
2 1 951 6320 6321 AND
2 1 955 6321 6322 AND
2 1 959 6322 6323 AND
2 1 963 6323 6324 AND
2 1 967 6324 6325 AND
2 1 971 6325 6326 AND
2 1 975 6326 6327 AND
2 1 979 6327 6328 AND
2 1 983 6328 6329 AND
2 1 987 6329 6330 AND
2 1 991 6330 6331 AND
2 1 995 6331 6332 AND
2 1 999 6332 6333 AND
2 1 1003 6333 6334 AND
2 1 1007 6334 6335 AND
2 1 1011 6335 6336 AND
2 1 1015 6336 6337 AND
2 1 1019 6337 6338 AND
2 1 1023 6338 6339 AND
2 1 1027 6339 6340 AND
2 1 1031 6340 6341 AND
2 1 1035 6341 6342 AND
2 1 1039 6342 6343 AND
2 1 1043 6343 6344 AND
2 1 1047 6344 6345 AND
2 1 1051 6345 6346 AND
2 1 1055 6346 6347 AND
2 1 1059 6347 6348 AND
2 1 1063 6348 6349 AND
2 1 1067 6349 6350 AND
2 1 1071 6350 6351 AND
2 1 1075 6351 6352 AND
2 1 1079 6352 6353 AND
2 1 1083 6353 6354 AND
2 1 189 1085 6355 AND
2 1 6354 6355 6356 AND
2 1 422 1094 6357 AND
2 1 1099 6357 6358 AND
2 1 1103 6358 6359 AND
2 1 1107 6359 6360 AND
2 1 1111 6360 6361 AND
2 1 1115 6361 6362 AND
2 1 1119 6362 6363 AND
2 1 1123 6363 6364 AND
2 1 1127 6364 6365 AND
2 1 1131 6365 6366 AND
2 1 1135 6366 6367 AND
2 1 1139 6367 6368 AND
2 1 1143 6368 6369 AND
2 1 1147 6369 6370 AND
2 1 1151 6370 6371 AND
2 1 1155 6371 6372 AND
2 1 1159 6372 6373 AND
2 1 1163 6373 6374 AND
2 1 1167 6374 6375 AND
2 1 1171 6375 6376 AND
2 1 1175 6376 6377 AND
2 1 1179 6377 6378 AND
2 1 1183 6378 6379 AND
2 1 1187 6379 6380 AND
2 1 1191 6380 6381 AND
2 1 1195 6381 6382 AND
2 1 1199 6382 6383 AND
2 1 1203 6383 6384 AND
2 1 1207 6384 6385 AND
2 1 1211 6385 6386 AND
2 1 1215 6386 6387 AND
2 1 1219 6387 6388 AND
2 1 1223 6388 6389 AND
2 1 1227 6389 6390 AND
2 1 1231 6390 6391 AND
2 1 1235 6391 6392 AND
2 1 1239 6392 6393 AND
2 1 1243 6393 6394 AND
2 1 1247 6394 6395 AND
2 1 1251 6395 6396 AND
2 1 1255 6396 6397 AND
2 1 1259 6397 6398 AND
2 1 1263 6398 6399 AND
2 1 1267 6399 6400 AND
2 1 1534 6400 6401 AND
2 1 263 6401 6402 AND
2 1 267 6402 6403 AND
2 1 271 6403 6404 AND
2 1 275 6404 6405 AND
2 1 279 6405 6406 AND
2 1 283 6406 6407 AND
2 1 287 6407 6408 AND
2 1 291 6408 6409 AND
2 1 295 6409 6410 AND
2 1 299 6410 6411 AND
2 1 303 6411 6412 AND
2 1 307 6412 6413 AND
2 1 311 6413 6414 AND
2 1 315 6414 6415 AND
2 1 319 6415 6416 AND
2 1 323 6416 6417 AND
2 1 327 6417 6418 AND
2 1 331 6418 6419 AND
2 1 335 6419 6420 AND
2 1 339 6420 6421 AND
2 1 343 6421 6422 AND
2 1 347 6422 6423 AND
2 1 351 6423 6424 AND
2 1 355 6424 6425 AND
2 1 359 6425 6426 AND
2 1 363 6426 6427 AND
2 1 367 6427 6428 AND
2 1 371 6428 6429 AND
2 1 375 6429 6430 AND
2 1 379 6430 6431 AND
2 1 383 6431 6432 AND
2 1 387 6432 6433 AND
2 1 391 6433 6434 AND
2 1 395 6434 6435 AND
2 1 399 6435 6436 AND
2 1 403 6436 6437 AND
2 1 407 6437 6438 AND
2 1 411 6438 6439 AND
2 1 415 6439 6440 AND
2 1 190 417 6441 AND
2 1 6440 6441 6442 AND
2 1 426 761 6443 AND
2 1 431 6443 6444 AND
2 1 435 6444 6445 AND
2 1 439 6445 6446 AND
2 1 443 6446 6447 AND
2 1 447 6447 6448 AND
2 1 451 6448 6449 AND
2 1 455 6449 6450 AND
2 1 459 6450 6451 AND
2 1 463 6451 6452 AND
2 1 467 6452 6453 AND
2 1 471 6453 6454 AND
2 1 475 6454 6455 AND
2 1 479 6455 6456 AND
2 1 483 6456 6457 AND
2 1 487 6457 6458 AND
2 1 491 6458 6459 AND
2 1 495 6459 6460 AND
2 1 499 6460 6461 AND
2 1 503 6461 6462 AND
2 1 507 6462 6463 AND
2 1 511 6463 6464 AND
2 1 515 6464 6465 AND
2 1 519 6465 6466 AND
2 1 523 6466 6467 AND
2 1 527 6467 6468 AND
2 1 531 6468 6469 AND
2 1 535 6469 6470 AND
2 1 539 6470 6471 AND
2 1 543 6471 6472 AND
2 1 547 6472 6473 AND
2 1 551 6473 6474 AND
2 1 555 6474 6475 AND
2 1 559 6475 6476 AND
2 1 563 6476 6477 AND
2 1 567 6477 6478 AND
2 1 571 6478 6479 AND
2 1 575 6479 6480 AND
2 1 579 6480 6481 AND
2 1 583 6481 6482 AND
2 1 587 6482 6483 AND
2 1 591 6483 6484 AND
2 1 1355 6484 6485 AND
2 1 1357 6485 6486 AND
2 1 1621 6486 6487 AND
2 1 602 6487 6488 AND
2 1 606 6488 6489 AND
2 1 610 6489 6490 AND
2 1 614 6490 6491 AND
2 1 618 6491 6492 AND
2 1 622 6492 6493 AND
2 1 626 6493 6494 AND
2 1 630 6494 6495 AND
2 1 634 6495 6496 AND
2 1 638 6496 6497 AND
2 1 642 6497 6498 AND
2 1 646 6498 6499 AND
2 1 650 6499 6500 AND
2 1 654 6500 6501 AND
2 1 658 6501 6502 AND
2 1 662 6502 6503 AND
2 1 666 6503 6504 AND
2 1 670 6504 6505 AND
2 1 674 6505 6506 AND
2 1 678 6506 6507 AND
2 1 682 6507 6508 AND
2 1 686 6508 6509 AND
2 1 690 6509 6510 AND
2 1 694 6510 6511 AND
2 1 698 6511 6512 AND
2 1 702 6512 6513 AND
2 1 706 6513 6514 AND
2 1 710 6514 6515 AND
2 1 714 6515 6516 AND
2 1 718 6516 6517 AND
2 1 722 6517 6518 AND
2 1 726 6518 6519 AND
2 1 730 6519 6520 AND
2 1 734 6520 6521 AND
2 1 738 6521 6522 AND
2 1 742 6522 6523 AND
2 1 746 6523 6524 AND
2 1 750 6524 6525 AND
2 1 754 6525 6526 AND
2 1 191 756 6527 AND
2 1 6526 6527 6528 AND
2 1 765 1098 6529 AND
2 1 770 6529 6530 AND
2 1 774 6530 6531 AND
2 1 778 6531 6532 AND
2 1 782 6532 6533 AND
2 1 786 6533 6534 AND
2 1 790 6534 6535 AND
2 1 794 6535 6536 AND
2 1 798 6536 6537 AND
2 1 802 6537 6538 AND
2 1 806 6538 6539 AND
2 1 810 6539 6540 AND
2 1 814 6540 6541 AND
2 1 818 6541 6542 AND
2 1 822 6542 6543 AND
2 1 826 6543 6544 AND
2 1 830 6544 6545 AND
2 1 834 6545 6546 AND
2 1 838 6546 6547 AND
2 1 842 6547 6548 AND
2 1 846 6548 6549 AND
2 1 850 6549 6550 AND
2 1 854 6550 6551 AND
2 1 858 6551 6552 AND
2 1 862 6552 6553 AND
2 1 866 6553 6554 AND
2 1 870 6554 6555 AND
2 1 874 6555 6556 AND
2 1 878 6556 6557 AND
2 1 882 6557 6558 AND
2 1 886 6558 6559 AND
2 1 890 6559 6560 AND
2 1 894 6560 6561 AND
2 1 898 6561 6562 AND
2 1 902 6562 6563 AND
2 1 906 6563 6564 AND
2 1 910 6564 6565 AND
2 1 914 6565 6566 AND
2 1 918 6566 6567 AND
2 1 922 6567 6568 AND
2 1 926 6568 6569 AND
2 1 930 6569 6570 AND
2 1 1445 6570 6571 AND
2 1 1447 6571 6572 AND
2 1 1708 6572 6573 AND
2 1 939 6573 6574 AND
2 1 943 6574 6575 AND
2 1 947 6575 6576 AND
2 1 951 6576 6577 AND
2 1 955 6577 6578 AND
2 1 959 6578 6579 AND
2 1 963 6579 6580 AND
2 1 967 6580 6581 AND
2 1 971 6581 6582 AND
2 1 975 6582 6583 AND
2 1 979 6583 6584 AND
2 1 983 6584 6585 AND
2 1 987 6585 6586 AND
2 1 991 6586 6587 AND
2 1 995 6587 6588 AND
2 1 999 6588 6589 AND
2 1 1003 6589 6590 AND
2 1 1007 6590 6591 AND
2 1 1011 6591 6592 AND
2 1 1015 6592 6593 AND
2 1 1019 6593 6594 AND
2 1 1023 6594 6595 AND
2 1 1027 6595 6596 AND
2 1 1031 6596 6597 AND
2 1 1035 6597 6598 AND
2 1 1039 6598 6599 AND
2 1 1043 6599 6600 AND
2 1 1047 6600 6601 AND
2 1 1051 6601 6602 AND
2 1 1055 6602 6603 AND
2 1 1059 6603 6604 AND
2 1 1063 6604 6605 AND
2 1 1067 6605 6606 AND
2 1 1071 6606 6607 AND
2 1 1075 6607 6608 AND
2 1 1079 6608 6609 AND
2 1 1083 6609 6610 AND
2 1 1087 6610 6611 AND
2 1 1091 6611 6612 AND
2 1 192 1093 6613 AND
2 1 6612 6613 6614 AND
2 1 430 1102 6615 AND
2 1 1107 6615 6616 AND
2 1 1111 6616 6617 AND
2 1 1115 6617 6618 AND
2 1 1119 6618 6619 AND
2 1 1123 6619 6620 AND
2 1 1127 6620 6621 AND
2 1 1131 6621 6622 AND
2 1 1135 6622 6623 AND
2 1 1139 6623 6624 AND
2 1 1143 6624 6625 AND
2 1 1147 6625 6626 AND
2 1 1151 6626 6627 AND
2 1 1155 6627 6628 AND
2 1 1159 6628 6629 AND
2 1 1163 6629 6630 AND
2 1 1167 6630 6631 AND
2 1 1171 6631 6632 AND
2 1 1175 6632 6633 AND
2 1 1179 6633 6634 AND
2 1 1183 6634 6635 AND
2 1 1187 6635 6636 AND
2 1 1191 6636 6637 AND
2 1 1195 6637 6638 AND
2 1 1199 6638 6639 AND
2 1 1203 6639 6640 AND
2 1 1207 6640 6641 AND
2 1 1211 6641 6642 AND
2 1 1215 6642 6643 AND
2 1 1219 6643 6644 AND
2 1 1223 6644 6645 AND
2 1 1227 6645 6646 AND
2 1 1231 6646 6647 AND
2 1 1235 6647 6648 AND
2 1 1239 6648 6649 AND
2 1 1243 6649 6650 AND
2 1 1247 6650 6651 AND
2 1 1251 6651 6652 AND
2 1 1255 6652 6653 AND
2 1 1259 6653 6654 AND
2 1 1263 6654 6655 AND
2 1 1267 6655 6656 AND
2 1 1534 6656 6657 AND
2 1 263 6657 6658 AND
2 1 267 6658 6659 AND
2 1 271 6659 6660 AND
2 1 275 6660 6661 AND
2 1 279 6661 6662 AND
2 1 283 6662 6663 AND
2 1 287 6663 6664 AND
2 1 291 6664 6665 AND
2 1 295 6665 6666 AND
2 1 299 6666 6667 AND
2 1 303 6667 6668 AND
2 1 307 6668 6669 AND
2 1 311 6669 6670 AND
2 1 315 6670 6671 AND
2 1 319 6671 6672 AND
2 1 323 6672 6673 AND
2 1 327 6673 6674 AND
2 1 331 6674 6675 AND
2 1 335 6675 6676 AND
2 1 339 6676 6677 AND
2 1 343 6677 6678 AND
2 1 347 6678 6679 AND
2 1 351 6679 6680 AND
2 1 355 6680 6681 AND
2 1 359 6681 6682 AND
2 1 363 6682 6683 AND
2 1 367 6683 6684 AND
2 1 371 6684 6685 AND
2 1 375 6685 6686 AND
2 1 379 6686 6687 AND
2 1 383 6687 6688 AND
2 1 387 6688 6689 AND
2 1 391 6689 6690 AND
2 1 395 6690 6691 AND
2 1 399 6691 6692 AND
2 1 403 6692 6693 AND
2 1 407 6693 6694 AND
2 1 411 6694 6695 AND
2 1 415 6695 6696 AND
2 1 419 6696 6697 AND
2 1 423 6697 6698 AND
2 1 193 425 6699 AND
2 1 6698 6699 6700 AND
2 1 434 769 6701 AND
2 1 439 6701 6702 AND
2 1 443 6702 6703 AND
2 1 447 6703 6704 AND
2 1 451 6704 6705 AND
2 1 455 6705 6706 AND
2 1 459 6706 6707 AND
2 1 463 6707 6708 AND
2 1 467 6708 6709 AND
2 1 471 6709 6710 AND
2 1 475 6710 6711 AND
2 1 479 6711 6712 AND
2 1 483 6712 6713 AND
2 1 487 6713 6714 AND
2 1 491 6714 6715 AND
2 1 495 6715 6716 AND
2 1 499 6716 6717 AND
2 1 503 6717 6718 AND
2 1 507 6718 6719 AND
2 1 511 6719 6720 AND
2 1 515 6720 6721 AND
2 1 519 6721 6722 AND
2 1 523 6722 6723 AND
2 1 527 6723 6724 AND
2 1 531 6724 6725 AND
2 1 535 6725 6726 AND
2 1 539 6726 6727 AND
2 1 543 6727 6728 AND
2 1 547 6728 6729 AND
2 1 551 6729 6730 AND
2 1 555 6730 6731 AND
2 1 559 6731 6732 AND
2 1 563 6732 6733 AND
2 1 567 6733 6734 AND
2 1 571 6734 6735 AND
2 1 575 6735 6736 AND
2 1 579 6736 6737 AND
2 1 583 6737 6738 AND
2 1 587 6738 6739 AND
2 1 591 6739 6740 AND
2 1 1355 6740 6741 AND
2 1 1357 6741 6742 AND
2 1 1621 6742 6743 AND
2 1 602 6743 6744 AND
2 1 606 6744 6745 AND
2 1 610 6745 6746 AND
2 1 614 6746 6747 AND
2 1 618 6747 6748 AND
2 1 622 6748 6749 AND
2 1 626 6749 6750 AND
2 1 630 6750 6751 AND
2 1 634 6751 6752 AND
2 1 638 6752 6753 AND
2 1 642 6753 6754 AND
2 1 646 6754 6755 AND
2 1 650 6755 6756 AND
2 1 654 6756 6757 AND
2 1 658 6757 6758 AND
2 1 662 6758 6759 AND
2 1 666 6759 6760 AND
2 1 670 6760 6761 AND
2 1 674 6761 6762 AND
2 1 678 6762 6763 AND
2 1 682 6763 6764 AND
2 1 686 6764 6765 AND
2 1 690 6765 6766 AND
2 1 694 6766 6767 AND
2 1 698 6767 6768 AND
2 1 702 6768 6769 AND
2 1 706 6769 6770 AND
2 1 710 6770 6771 AND
2 1 714 6771 6772 AND
2 1 718 6772 6773 AND
2 1 722 6773 6774 AND
2 1 726 6774 6775 AND
2 1 730 6775 6776 AND
2 1 734 6776 6777 AND
2 1 738 6777 6778 AND
2 1 742 6778 6779 AND
2 1 746 6779 6780 AND
2 1 750 6780 6781 AND
2 1 754 6781 6782 AND
2 1 758 6782 6783 AND
2 1 762 6783 6784 AND
2 1 194 764 6785 AND
2 1 6784 6785 6786 AND
2 1 773 1106 6787 AND
2 1 778 6787 6788 AND
2 1 782 6788 6789 AND
2 1 786 6789 6790 AND
2 1 790 6790 6791 AND
2 1 794 6791 6792 AND
2 1 798 6792 6793 AND
2 1 802 6793 6794 AND
2 1 806 6794 6795 AND
2 1 810 6795 6796 AND
2 1 814 6796 6797 AND
2 1 818 6797 6798 AND
2 1 822 6798 6799 AND
2 1 826 6799 6800 AND
2 1 830 6800 6801 AND
2 1 834 6801 6802 AND
2 1 838 6802 6803 AND
2 1 842 6803 6804 AND
2 1 846 6804 6805 AND
2 1 850 6805 6806 AND
2 1 854 6806 6807 AND
2 1 858 6807 6808 AND
2 1 862 6808 6809 AND
2 1 866 6809 6810 AND
2 1 870 6810 6811 AND
2 1 874 6811 6812 AND
2 1 878 6812 6813 AND
2 1 882 6813 6814 AND
2 1 886 6814 6815 AND
2 1 890 6815 6816 AND
2 1 894 6816 6817 AND
2 1 898 6817 6818 AND
2 1 902 6818 6819 AND
2 1 906 6819 6820 AND
2 1 910 6820 6821 AND
2 1 914 6821 6822 AND
2 1 918 6822 6823 AND
2 1 922 6823 6824 AND
2 1 926 6824 6825 AND
2 1 930 6825 6826 AND
2 1 1445 6826 6827 AND
2 1 1447 6827 6828 AND
2 1 1708 6828 6829 AND
2 1 939 6829 6830 AND
2 1 943 6830 6831 AND
2 1 947 6831 6832 AND
2 1 951 6832 6833 AND
2 1 955 6833 6834 AND
2 1 959 6834 6835 AND
2 1 963 6835 6836 AND
2 1 967 6836 6837 AND
2 1 971 6837 6838 AND
2 1 975 6838 6839 AND
2 1 979 6839 6840 AND
2 1 983 6840 6841 AND
2 1 987 6841 6842 AND
2 1 991 6842 6843 AND
2 1 995 6843 6844 AND
2 1 999 6844 6845 AND
2 1 1003 6845 6846 AND
2 1 1007 6846 6847 AND
2 1 1011 6847 6848 AND
2 1 1015 6848 6849 AND
2 1 1019 6849 6850 AND
2 1 1023 6850 6851 AND
2 1 1027 6851 6852 AND
2 1 1031 6852 6853 AND
2 1 1035 6853 6854 AND
2 1 1039 6854 6855 AND
2 1 1043 6855 6856 AND
2 1 1047 6856 6857 AND
2 1 1051 6857 6858 AND
2 1 1055 6858 6859 AND
2 1 1059 6859 6860 AND
2 1 1063 6860 6861 AND
2 1 1067 6861 6862 AND
2 1 1071 6862 6863 AND
2 1 1075 6863 6864 AND
2 1 1079 6864 6865 AND
2 1 1083 6865 6866 AND
2 1 1087 6866 6867 AND
2 1 1091 6867 6868 AND
2 1 1095 6868 6869 AND
2 1 1099 6869 6870 AND
2 1 195 1101 6871 AND
2 1 6870 6871 6872 AND
2 1 438 1110 6873 AND
2 1 1115 6873 6874 AND
2 1 1119 6874 6875 AND
2 1 1123 6875 6876 AND
2 1 1127 6876 6877 AND
2 1 1131 6877 6878 AND
2 1 1135 6878 6879 AND
2 1 1139 6879 6880 AND
2 1 1143 6880 6881 AND
2 1 1147 6881 6882 AND
2 1 1151 6882 6883 AND
2 1 1155 6883 6884 AND
2 1 1159 6884 6885 AND
2 1 1163 6885 6886 AND
2 1 1167 6886 6887 AND
2 1 1171 6887 6888 AND
2 1 1175 6888 6889 AND
2 1 1179 6889 6890 AND
2 1 1183 6890 6891 AND
2 1 1187 6891 6892 AND
2 1 1191 6892 6893 AND
2 1 1195 6893 6894 AND
2 1 1199 6894 6895 AND
2 1 1203 6895 6896 AND
2 1 1207 6896 6897 AND
2 1 1211 6897 6898 AND
2 1 1215 6898 6899 AND
2 1 1219 6899 6900 AND
2 1 1223 6900 6901 AND
2 1 1227 6901 6902 AND
2 1 1231 6902 6903 AND
2 1 1235 6903 6904 AND
2 1 1239 6904 6905 AND
2 1 1243 6905 6906 AND
2 1 1247 6906 6907 AND
2 1 1251 6907 6908 AND
2 1 1255 6908 6909 AND
2 1 1259 6909 6910 AND
2 1 1263 6910 6911 AND
2 1 1267 6911 6912 AND
2 1 1534 6912 6913 AND
2 1 263 6913 6914 AND
2 1 267 6914 6915 AND
2 1 271 6915 6916 AND
2 1 275 6916 6917 AND
2 1 279 6917 6918 AND
2 1 283 6918 6919 AND
2 1 287 6919 6920 AND
2 1 291 6920 6921 AND
2 1 295 6921 6922 AND
2 1 299 6922 6923 AND
2 1 303 6923 6924 AND
2 1 307 6924 6925 AND
2 1 311 6925 6926 AND
2 1 315 6926 6927 AND
2 1 319 6927 6928 AND
2 1 323 6928 6929 AND
2 1 327 6929 6930 AND
2 1 331 6930 6931 AND
2 1 335 6931 6932 AND
2 1 339 6932 6933 AND
2 1 343 6933 6934 AND
2 1 347 6934 6935 AND
2 1 351 6935 6936 AND
2 1 355 6936 6937 AND
2 1 359 6937 6938 AND
2 1 363 6938 6939 AND
2 1 367 6939 6940 AND
2 1 371 6940 6941 AND
2 1 375 6941 6942 AND
2 1 379 6942 6943 AND
2 1 383 6943 6944 AND
2 1 387 6944 6945 AND
2 1 391 6945 6946 AND
2 1 395 6946 6947 AND
2 1 399 6947 6948 AND
2 1 403 6948 6949 AND
2 1 407 6949 6950 AND
2 1 411 6950 6951 AND
2 1 415 6951 6952 AND
2 1 419 6952 6953 AND
2 1 423 6953 6954 AND
2 1 427 6954 6955 AND
2 1 431 6955 6956 AND
2 1 196 433 6957 AND
2 1 6956 6957 6958 AND
2 1 442 777 6959 AND
2 1 447 6959 6960 AND
2 1 451 6960 6961 AND
2 1 455 6961 6962 AND
2 1 459 6962 6963 AND
2 1 463 6963 6964 AND
2 1 467 6964 6965 AND
2 1 471 6965 6966 AND
2 1 475 6966 6967 AND
2 1 479 6967 6968 AND
2 1 483 6968 6969 AND
2 1 487 6969 6970 AND
2 1 491 6970 6971 AND
2 1 495 6971 6972 AND
2 1 499 6972 6973 AND
2 1 503 6973 6974 AND
2 1 507 6974 6975 AND
2 1 511 6975 6976 AND
2 1 515 6976 6977 AND
2 1 519 6977 6978 AND
2 1 523 6978 6979 AND
2 1 527 6979 6980 AND
2 1 531 6980 6981 AND
2 1 535 6981 6982 AND
2 1 539 6982 6983 AND
2 1 543 6983 6984 AND
2 1 547 6984 6985 AND
2 1 551 6985 6986 AND
2 1 555 6986 6987 AND
2 1 559 6987 6988 AND
2 1 563 6988 6989 AND
2 1 567 6989 6990 AND
2 1 571 6990 6991 AND
2 1 575 6991 6992 AND
2 1 579 6992 6993 AND
2 1 583 6993 6994 AND
2 1 587 6994 6995 AND
2 1 591 6995 6996 AND
2 1 1355 6996 6997 AND
2 1 1357 6997 6998 AND
2 1 1621 6998 6999 AND
2 1 602 6999 7000 AND
2 1 606 7000 7001 AND
2 1 610 7001 7002 AND
2 1 614 7002 7003 AND
2 1 618 7003 7004 AND
2 1 622 7004 7005 AND
2 1 626 7005 7006 AND
2 1 630 7006 7007 AND
2 1 634 7007 7008 AND
2 1 638 7008 7009 AND
2 1 642 7009 7010 AND
2 1 646 7010 7011 AND
2 1 650 7011 7012 AND
2 1 654 7012 7013 AND
2 1 658 7013 7014 AND
2 1 662 7014 7015 AND
2 1 666 7015 7016 AND
2 1 670 7016 7017 AND
2 1 674 7017 7018 AND
2 1 678 7018 7019 AND
2 1 682 7019 7020 AND
2 1 686 7020 7021 AND
2 1 690 7021 7022 AND
2 1 694 7022 7023 AND
2 1 698 7023 7024 AND
2 1 702 7024 7025 AND
2 1 706 7025 7026 AND
2 1 710 7026 7027 AND
2 1 714 7027 7028 AND
2 1 718 7028 7029 AND
2 1 722 7029 7030 AND
2 1 726 7030 7031 AND
2 1 730 7031 7032 AND
2 1 734 7032 7033 AND
2 1 738 7033 7034 AND
2 1 742 7034 7035 AND
2 1 746 7035 7036 AND
2 1 750 7036 7037 AND
2 1 754 7037 7038 AND
2 1 758 7038 7039 AND
2 1 762 7039 7040 AND
2 1 766 7040 7041 AND
2 1 770 7041 7042 AND
2 1 197 772 7043 AND
2 1 7042 7043 7044 AND
2 1 781 1114 7045 AND
2 1 786 7045 7046 AND
2 1 790 7046 7047 AND
2 1 794 7047 7048 AND
2 1 798 7048 7049 AND
2 1 802 7049 7050 AND
2 1 806 7050 7051 AND
2 1 810 7051 7052 AND
2 1 814 7052 7053 AND
2 1 818 7053 7054 AND
2 1 822 7054 7055 AND
2 1 826 7055 7056 AND
2 1 830 7056 7057 AND
2 1 834 7057 7058 AND
2 1 838 7058 7059 AND
2 1 842 7059 7060 AND
2 1 846 7060 7061 AND
2 1 850 7061 7062 AND
2 1 854 7062 7063 AND
2 1 858 7063 7064 AND
2 1 862 7064 7065 AND
2 1 866 7065 7066 AND
2 1 870 7066 7067 AND
2 1 874 7067 7068 AND
2 1 878 7068 7069 AND
2 1 882 7069 7070 AND
2 1 886 7070 7071 AND
2 1 890 7071 7072 AND
2 1 894 7072 7073 AND
2 1 898 7073 7074 AND
2 1 902 7074 7075 AND
2 1 906 7075 7076 AND
2 1 910 7076 7077 AND
2 1 914 7077 7078 AND
2 1 918 7078 7079 AND
2 1 922 7079 7080 AND
2 1 926 7080 7081 AND
2 1 930 7081 7082 AND
2 1 1445 7082 7083 AND
2 1 1447 7083 7084 AND
2 1 1708 7084 7085 AND
2 1 939 7085 7086 AND
2 1 943 7086 7087 AND
2 1 947 7087 7088 AND
2 1 951 7088 7089 AND
2 1 955 7089 7090 AND
2 1 959 7090 7091 AND
2 1 963 7091 7092 AND
2 1 967 7092 7093 AND
2 1 971 7093 7094 AND
2 1 975 7094 7095 AND
2 1 979 7095 7096 AND
2 1 983 7096 7097 AND
2 1 987 7097 7098 AND
2 1 991 7098 7099 AND
2 1 995 7099 7100 AND
2 1 999 7100 7101 AND
2 1 1003 7101 7102 AND
2 1 1007 7102 7103 AND
2 1 1011 7103 7104 AND
2 1 1015 7104 7105 AND
2 1 1019 7105 7106 AND
2 1 1023 7106 7107 AND
2 1 1027 7107 7108 AND
2 1 1031 7108 7109 AND
2 1 1035 7109 7110 AND
2 1 1039 7110 7111 AND
2 1 1043 7111 7112 AND
2 1 1047 7112 7113 AND
2 1 1051 7113 7114 AND
2 1 1055 7114 7115 AND
2 1 1059 7115 7116 AND
2 1 1063 7116 7117 AND
2 1 1067 7117 7118 AND
2 1 1071 7118 7119 AND
2 1 1075 7119 7120 AND
2 1 1079 7120 7121 AND
2 1 1083 7121 7122 AND
2 1 1087 7122 7123 AND
2 1 1091 7123 7124 AND
2 1 1095 7124 7125 AND
2 1 1099 7125 7126 AND
2 1 1103 7126 7127 AND
2 1 1107 7127 7128 AND
2 1 198 1109 7129 AND
2 1 7128 7129 7130 AND
2 1 446 1118 7131 AND
2 1 1123 7131 7132 AND
2 1 1127 7132 7133 AND
2 1 1131 7133 7134 AND
2 1 1135 7134 7135 AND
2 1 1139 7135 7136 AND
2 1 1143 7136 7137 AND
2 1 1147 7137 7138 AND
2 1 1151 7138 7139 AND
2 1 1155 7139 7140 AND
2 1 1159 7140 7141 AND
2 1 1163 7141 7142 AND
2 1 1167 7142 7143 AND
2 1 1171 7143 7144 AND
2 1 1175 7144 7145 AND
2 1 1179 7145 7146 AND
2 1 1183 7146 7147 AND
2 1 1187 7147 7148 AND
2 1 1191 7148 7149 AND
2 1 1195 7149 7150 AND
2 1 1199 7150 7151 AND
2 1 1203 7151 7152 AND
2 1 1207 7152 7153 AND
2 1 1211 7153 7154 AND
2 1 1215 7154 7155 AND
2 1 1219 7155 7156 AND
2 1 1223 7156 7157 AND
2 1 1227 7157 7158 AND
2 1 1231 7158 7159 AND
2 1 1235 7159 7160 AND
2 1 1239 7160 7161 AND
2 1 1243 7161 7162 AND
2 1 1247 7162 7163 AND
2 1 1251 7163 7164 AND
2 1 1255 7164 7165 AND
2 1 1259 7165 7166 AND
2 1 1263 7166 7167 AND
2 1 1267 7167 7168 AND
2 1 1534 7168 7169 AND
2 1 263 7169 7170 AND
2 1 267 7170 7171 AND
2 1 271 7171 7172 AND
2 1 275 7172 7173 AND
2 1 279 7173 7174 AND
2 1 283 7174 7175 AND
2 1 287 7175 7176 AND
2 1 291 7176 7177 AND
2 1 295 7177 7178 AND
2 1 299 7178 7179 AND
2 1 303 7179 7180 AND
2 1 307 7180 7181 AND
2 1 311 7181 7182 AND
2 1 315 7182 7183 AND
2 1 319 7183 7184 AND
2 1 323 7184 7185 AND
2 1 327 7185 7186 AND
2 1 331 7186 7187 AND
2 1 335 7187 7188 AND
2 1 339 7188 7189 AND
2 1 343 7189 7190 AND
2 1 347 7190 7191 AND
2 1 351 7191 7192 AND
2 1 355 7192 7193 AND
2 1 359 7193 7194 AND
2 1 363 7194 7195 AND
2 1 367 7195 7196 AND
2 1 371 7196 7197 AND
2 1 375 7197 7198 AND
2 1 379 7198 7199 AND
2 1 383 7199 7200 AND
2 1 387 7200 7201 AND
2 1 391 7201 7202 AND
2 1 395 7202 7203 AND
2 1 399 7203 7204 AND
2 1 403 7204 7205 AND
2 1 407 7205 7206 AND
2 1 411 7206 7207 AND
2 1 415 7207 7208 AND
2 1 419 7208 7209 AND
2 1 423 7209 7210 AND
2 1 427 7210 7211 AND
2 1 431 7211 7212 AND
2 1 435 7212 7213 AND
2 1 439 7213 7214 AND
2 1 199 441 7215 AND
2 1 7214 7215 7216 AND
2 1 450 785 7217 AND
2 1 455 7217 7218 AND
2 1 459 7218 7219 AND
2 1 463 7219 7220 AND
2 1 467 7220 7221 AND
2 1 471 7221 7222 AND
2 1 475 7222 7223 AND
2 1 479 7223 7224 AND
2 1 483 7224 7225 AND
2 1 487 7225 7226 AND
2 1 491 7226 7227 AND
2 1 495 7227 7228 AND
2 1 499 7228 7229 AND
2 1 503 7229 7230 AND
2 1 507 7230 7231 AND
2 1 511 7231 7232 AND
2 1 515 7232 7233 AND
2 1 519 7233 7234 AND
2 1 523 7234 7235 AND
2 1 527 7235 7236 AND
2 1 531 7236 7237 AND
2 1 535 7237 7238 AND
2 1 539 7238 7239 AND
2 1 543 7239 7240 AND
2 1 547 7240 7241 AND
2 1 551 7241 7242 AND
2 1 555 7242 7243 AND
2 1 559 7243 7244 AND
2 1 563 7244 7245 AND
2 1 567 7245 7246 AND
2 1 571 7246 7247 AND
2 1 575 7247 7248 AND
2 1 579 7248 7249 AND
2 1 583 7249 7250 AND
2 1 587 7250 7251 AND
2 1 591 7251 7252 AND
2 1 1355 7252 7253 AND
2 1 1357 7253 7254 AND
2 1 1621 7254 7255 AND
2 1 602 7255 7256 AND
2 1 606 7256 7257 AND
2 1 610 7257 7258 AND
2 1 614 7258 7259 AND
2 1 618 7259 7260 AND
2 1 622 7260 7261 AND
2 1 626 7261 7262 AND
2 1 630 7262 7263 AND
2 1 634 7263 7264 AND
2 1 638 7264 7265 AND
2 1 642 7265 7266 AND
2 1 646 7266 7267 AND
2 1 650 7267 7268 AND
2 1 654 7268 7269 AND
2 1 658 7269 7270 AND
2 1 662 7270 7271 AND
2 1 666 7271 7272 AND
2 1 670 7272 7273 AND
2 1 674 7273 7274 AND
2 1 678 7274 7275 AND
2 1 682 7275 7276 AND
2 1 686 7276 7277 AND
2 1 690 7277 7278 AND
2 1 694 7278 7279 AND
2 1 698 7279 7280 AND
2 1 702 7280 7281 AND
2 1 706 7281 7282 AND
2 1 710 7282 7283 AND
2 1 714 7283 7284 AND
2 1 718 7284 7285 AND
2 1 722 7285 7286 AND
2 1 726 7286 7287 AND
2 1 730 7287 7288 AND
2 1 734 7288 7289 AND
2 1 738 7289 7290 AND
2 1 742 7290 7291 AND
2 1 746 7291 7292 AND
2 1 750 7292 7293 AND
2 1 754 7293 7294 AND
2 1 758 7294 7295 AND
2 1 762 7295 7296 AND
2 1 766 7296 7297 AND
2 1 770 7297 7298 AND
2 1 774 7298 7299 AND
2 1 778 7299 7300 AND
2 1 200 780 7301 AND
2 1 7300 7301 7302 AND
2 1 789 1122 7303 AND
2 1 794 7303 7304 AND
2 1 798 7304 7305 AND
2 1 802 7305 7306 AND
2 1 806 7306 7307 AND
2 1 810 7307 7308 AND
2 1 814 7308 7309 AND
2 1 818 7309 7310 AND
2 1 822 7310 7311 AND
2 1 826 7311 7312 AND
2 1 830 7312 7313 AND
2 1 834 7313 7314 AND
2 1 838 7314 7315 AND
2 1 842 7315 7316 AND
2 1 846 7316 7317 AND
2 1 850 7317 7318 AND
2 1 854 7318 7319 AND
2 1 858 7319 7320 AND
2 1 862 7320 7321 AND
2 1 866 7321 7322 AND
2 1 870 7322 7323 AND
2 1 874 7323 7324 AND
2 1 878 7324 7325 AND
2 1 882 7325 7326 AND
2 1 886 7326 7327 AND
2 1 890 7327 7328 AND
2 1 894 7328 7329 AND
2 1 898 7329 7330 AND
2 1 902 7330 7331 AND
2 1 906 7331 7332 AND
2 1 910 7332 7333 AND
2 1 914 7333 7334 AND
2 1 918 7334 7335 AND
2 1 922 7335 7336 AND
2 1 926 7336 7337 AND
2 1 930 7337 7338 AND
2 1 1445 7338 7339 AND
2 1 1447 7339 7340 AND
2 1 1708 7340 7341 AND
2 1 939 7341 7342 AND
2 1 943 7342 7343 AND
2 1 947 7343 7344 AND
2 1 951 7344 7345 AND
2 1 955 7345 7346 AND
2 1 959 7346 7347 AND
2 1 963 7347 7348 AND
2 1 967 7348 7349 AND
2 1 971 7349 7350 AND
2 1 975 7350 7351 AND
2 1 979 7351 7352 AND
2 1 983 7352 7353 AND
2 1 987 7353 7354 AND
2 1 991 7354 7355 AND
2 1 995 7355 7356 AND
2 1 999 7356 7357 AND
2 1 1003 7357 7358 AND
2 1 1007 7358 7359 AND
2 1 1011 7359 7360 AND
2 1 1015 7360 7361 AND
2 1 1019 7361 7362 AND
2 1 1023 7362 7363 AND
2 1 1027 7363 7364 AND
2 1 1031 7364 7365 AND
2 1 1035 7365 7366 AND
2 1 1039 7366 7367 AND
2 1 1043 7367 7368 AND
2 1 1047 7368 7369 AND
2 1 1051 7369 7370 AND
2 1 1055 7370 7371 AND
2 1 1059 7371 7372 AND
2 1 1063 7372 7373 AND
2 1 1067 7373 7374 AND
2 1 1071 7374 7375 AND
2 1 1075 7375 7376 AND
2 1 1079 7376 7377 AND
2 1 1083 7377 7378 AND
2 1 1087 7378 7379 AND
2 1 1091 7379 7380 AND
2 1 1095 7380 7381 AND
2 1 1099 7381 7382 AND
2 1 1103 7382 7383 AND
2 1 1107 7383 7384 AND
2 1 1111 7384 7385 AND
2 1 1115 7385 7386 AND
2 1 201 1117 7387 AND
2 1 7386 7387 7388 AND
2 1 454 1126 7389 AND
2 1 1131 7389 7390 AND
2 1 1135 7390 7391 AND
2 1 1139 7391 7392 AND
2 1 1143 7392 7393 AND
2 1 1147 7393 7394 AND
2 1 1151 7394 7395 AND
2 1 1155 7395 7396 AND
2 1 1159 7396 7397 AND
2 1 1163 7397 7398 AND
2 1 1167 7398 7399 AND
2 1 1171 7399 7400 AND
2 1 1175 7400 7401 AND
2 1 1179 7401 7402 AND
2 1 1183 7402 7403 AND
2 1 1187 7403 7404 AND
2 1 1191 7404 7405 AND
2 1 1195 7405 7406 AND
2 1 1199 7406 7407 AND
2 1 1203 7407 7408 AND
2 1 1207 7408 7409 AND
2 1 1211 7409 7410 AND
2 1 1215 7410 7411 AND
2 1 1219 7411 7412 AND
2 1 1223 7412 7413 AND
2 1 1227 7413 7414 AND
2 1 1231 7414 7415 AND
2 1 1235 7415 7416 AND
2 1 1239 7416 7417 AND
2 1 1243 7417 7418 AND
2 1 1247 7418 7419 AND
2 1 1251 7419 7420 AND
2 1 1255 7420 7421 AND
2 1 1259 7421 7422 AND
2 1 1263 7422 7423 AND
2 1 1267 7423 7424 AND
2 1 1534 7424 7425 AND
2 1 263 7425 7426 AND
2 1 267 7426 7427 AND
2 1 271 7427 7428 AND
2 1 275 7428 7429 AND
2 1 279 7429 7430 AND
2 1 283 7430 7431 AND
2 1 287 7431 7432 AND
2 1 291 7432 7433 AND
2 1 295 7433 7434 AND
2 1 299 7434 7435 AND
2 1 303 7435 7436 AND
2 1 307 7436 7437 AND
2 1 311 7437 7438 AND
2 1 315 7438 7439 AND
2 1 319 7439 7440 AND
2 1 323 7440 7441 AND
2 1 327 7441 7442 AND
2 1 331 7442 7443 AND
2 1 335 7443 7444 AND
2 1 339 7444 7445 AND
2 1 343 7445 7446 AND
2 1 347 7446 7447 AND
2 1 351 7447 7448 AND
2 1 355 7448 7449 AND
2 1 359 7449 7450 AND
2 1 363 7450 7451 AND
2 1 367 7451 7452 AND
2 1 371 7452 7453 AND
2 1 375 7453 7454 AND
2 1 379 7454 7455 AND
2 1 383 7455 7456 AND
2 1 387 7456 7457 AND
2 1 391 7457 7458 AND
2 1 395 7458 7459 AND
2 1 399 7459 7460 AND
2 1 403 7460 7461 AND
2 1 407 7461 7462 AND
2 1 411 7462 7463 AND
2 1 415 7463 7464 AND
2 1 419 7464 7465 AND
2 1 423 7465 7466 AND
2 1 427 7466 7467 AND
2 1 431 7467 7468 AND
2 1 435 7468 7469 AND
2 1 439 7469 7470 AND
2 1 443 7470 7471 AND
2 1 447 7471 7472 AND
2 1 202 449 7473 AND
2 1 7472 7473 7474 AND
2 1 458 793 7475 AND
2 1 463 7475 7476 AND
2 1 467 7476 7477 AND
2 1 471 7477 7478 AND
2 1 475 7478 7479 AND
2 1 479 7479 7480 AND
2 1 483 7480 7481 AND
2 1 487 7481 7482 AND
2 1 491 7482 7483 AND
2 1 495 7483 7484 AND
2 1 499 7484 7485 AND
2 1 503 7485 7486 AND
2 1 507 7486 7487 AND
2 1 511 7487 7488 AND
2 1 515 7488 7489 AND
2 1 519 7489 7490 AND
2 1 523 7490 7491 AND
2 1 527 7491 7492 AND
2 1 531 7492 7493 AND
2 1 535 7493 7494 AND
2 1 539 7494 7495 AND
2 1 543 7495 7496 AND
2 1 547 7496 7497 AND
2 1 551 7497 7498 AND
2 1 555 7498 7499 AND
2 1 559 7499 7500 AND
2 1 563 7500 7501 AND
2 1 567 7501 7502 AND
2 1 571 7502 7503 AND
2 1 575 7503 7504 AND
2 1 579 7504 7505 AND
2 1 583 7505 7506 AND
2 1 587 7506 7507 AND
2 1 591 7507 7508 AND
2 1 1355 7508 7509 AND
2 1 1357 7509 7510 AND
2 1 1621 7510 7511 AND
2 1 602 7511 7512 AND
2 1 606 7512 7513 AND
2 1 610 7513 7514 AND
2 1 614 7514 7515 AND
2 1 618 7515 7516 AND
2 1 622 7516 7517 AND
2 1 626 7517 7518 AND
2 1 630 7518 7519 AND
2 1 634 7519 7520 AND
2 1 638 7520 7521 AND
2 1 642 7521 7522 AND
2 1 646 7522 7523 AND
2 1 650 7523 7524 AND
2 1 654 7524 7525 AND
2 1 658 7525 7526 AND
2 1 662 7526 7527 AND
2 1 666 7527 7528 AND
2 1 670 7528 7529 AND
2 1 674 7529 7530 AND
2 1 678 7530 7531 AND
2 1 682 7531 7532 AND
2 1 686 7532 7533 AND
2 1 690 7533 7534 AND
2 1 694 7534 7535 AND
2 1 698 7535 7536 AND
2 1 702 7536 7537 AND
2 1 706 7537 7538 AND
2 1 710 7538 7539 AND
2 1 714 7539 7540 AND
2 1 718 7540 7541 AND
2 1 722 7541 7542 AND
2 1 726 7542 7543 AND
2 1 730 7543 7544 AND
2 1 734 7544 7545 AND
2 1 738 7545 7546 AND
2 1 742 7546 7547 AND
2 1 746 7547 7548 AND
2 1 750 7548 7549 AND
2 1 754 7549 7550 AND
2 1 758 7550 7551 AND
2 1 762 7551 7552 AND
2 1 766 7552 7553 AND
2 1 770 7553 7554 AND
2 1 774 7554 7555 AND
2 1 778 7555 7556 AND
2 1 782 7556 7557 AND
2 1 786 7557 7558 AND
2 1 203 788 7559 AND
2 1 7558 7559 7560 AND
2 1 797 1130 7561 AND
2 1 802 7561 7562 AND
2 1 806 7562 7563 AND
2 1 810 7563 7564 AND
2 1 814 7564 7565 AND
2 1 818 7565 7566 AND
2 1 822 7566 7567 AND
2 1 826 7567 7568 AND
2 1 830 7568 7569 AND
2 1 834 7569 7570 AND
2 1 838 7570 7571 AND
2 1 842 7571 7572 AND
2 1 846 7572 7573 AND
2 1 850 7573 7574 AND
2 1 854 7574 7575 AND
2 1 858 7575 7576 AND
2 1 862 7576 7577 AND
2 1 866 7577 7578 AND
2 1 870 7578 7579 AND
2 1 874 7579 7580 AND
2 1 878 7580 7581 AND
2 1 882 7581 7582 AND
2 1 886 7582 7583 AND
2 1 890 7583 7584 AND
2 1 894 7584 7585 AND
2 1 898 7585 7586 AND
2 1 902 7586 7587 AND
2 1 906 7587 7588 AND
2 1 910 7588 7589 AND
2 1 914 7589 7590 AND
2 1 918 7590 7591 AND
2 1 922 7591 7592 AND
2 1 926 7592 7593 AND
2 1 930 7593 7594 AND
2 1 1445 7594 7595 AND
2 1 1447 7595 7596 AND
2 1 1708 7596 7597 AND
2 1 939 7597 7598 AND
2 1 943 7598 7599 AND
2 1 947 7599 7600 AND
2 1 951 7600 7601 AND
2 1 955 7601 7602 AND
2 1 959 7602 7603 AND
2 1 963 7603 7604 AND
2 1 967 7604 7605 AND
2 1 971 7605 7606 AND
2 1 975 7606 7607 AND
2 1 979 7607 7608 AND
2 1 983 7608 7609 AND
2 1 987 7609 7610 AND
2 1 991 7610 7611 AND
2 1 995 7611 7612 AND
2 1 999 7612 7613 AND
2 1 1003 7613 7614 AND
2 1 1007 7614 7615 AND
2 1 1011 7615 7616 AND
2 1 1015 7616 7617 AND
2 1 1019 7617 7618 AND
2 1 1023 7618 7619 AND
2 1 1027 7619 7620 AND
2 1 1031 7620 7621 AND
2 1 1035 7621 7622 AND
2 1 1039 7622 7623 AND
2 1 1043 7623 7624 AND
2 1 1047 7624 7625 AND
2 1 1051 7625 7626 AND
2 1 1055 7626 7627 AND
2 1 1059 7627 7628 AND
2 1 1063 7628 7629 AND
2 1 1067 7629 7630 AND
2 1 1071 7630 7631 AND
2 1 1075 7631 7632 AND
2 1 1079 7632 7633 AND
2 1 1083 7633 7634 AND
2 1 1087 7634 7635 AND
2 1 1091 7635 7636 AND
2 1 1095 7636 7637 AND
2 1 1099 7637 7638 AND
2 1 1103 7638 7639 AND
2 1 1107 7639 7640 AND
2 1 1111 7640 7641 AND
2 1 1115 7641 7642 AND
2 1 1119 7642 7643 AND
2 1 1123 7643 7644 AND
2 1 204 1125 7645 AND
2 1 7644 7645 7646 AND
2 1 462 1134 7647 AND
2 1 1139 7647 7648 AND
2 1 1143 7648 7649 AND
2 1 1147 7649 7650 AND
2 1 1151 7650 7651 AND
2 1 1155 7651 7652 AND
2 1 1159 7652 7653 AND
2 1 1163 7653 7654 AND
2 1 1167 7654 7655 AND
2 1 1171 7655 7656 AND
2 1 1175 7656 7657 AND
2 1 1179 7657 7658 AND
2 1 1183 7658 7659 AND
2 1 1187 7659 7660 AND
2 1 1191 7660 7661 AND
2 1 1195 7661 7662 AND
2 1 1199 7662 7663 AND
2 1 1203 7663 7664 AND
2 1 1207 7664 7665 AND
2 1 1211 7665 7666 AND
2 1 1215 7666 7667 AND
2 1 1219 7667 7668 AND
2 1 1223 7668 7669 AND
2 1 1227 7669 7670 AND
2 1 1231 7670 7671 AND
2 1 1235 7671 7672 AND
2 1 1239 7672 7673 AND
2 1 1243 7673 7674 AND
2 1 1247 7674 7675 AND
2 1 1251 7675 7676 AND
2 1 1255 7676 7677 AND
2 1 1259 7677 7678 AND
2 1 1263 7678 7679 AND
2 1 1267 7679 7680 AND
2 1 1534 7680 7681 AND
2 1 263 7681 7682 AND
2 1 267 7682 7683 AND
2 1 271 7683 7684 AND
2 1 275 7684 7685 AND
2 1 279 7685 7686 AND
2 1 283 7686 7687 AND
2 1 287 7687 7688 AND
2 1 291 7688 7689 AND
2 1 295 7689 7690 AND
2 1 299 7690 7691 AND
2 1 303 7691 7692 AND
2 1 307 7692 7693 AND
2 1 311 7693 7694 AND
2 1 315 7694 7695 AND
2 1 319 7695 7696 AND
2 1 323 7696 7697 AND
2 1 327 7697 7698 AND
2 1 331 7698 7699 AND
2 1 335 7699 7700 AND
2 1 339 7700 7701 AND
2 1 343 7701 7702 AND
2 1 347 7702 7703 AND
2 1 351 7703 7704 AND
2 1 355 7704 7705 AND
2 1 359 7705 7706 AND
2 1 363 7706 7707 AND
2 1 367 7707 7708 AND
2 1 371 7708 7709 AND
2 1 375 7709 7710 AND
2 1 379 7710 7711 AND
2 1 383 7711 7712 AND
2 1 387 7712 7713 AND
2 1 391 7713 7714 AND
2 1 395 7714 7715 AND
2 1 399 7715 7716 AND
2 1 403 7716 7717 AND
2 1 407 7717 7718 AND
2 1 411 7718 7719 AND
2 1 415 7719 7720 AND
2 1 419 7720 7721 AND
2 1 423 7721 7722 AND
2 1 427 7722 7723 AND
2 1 431 7723 7724 AND
2 1 435 7724 7725 AND
2 1 439 7725 7726 AND
2 1 443 7726 7727 AND
2 1 447 7727 7728 AND
2 1 451 7728 7729 AND
2 1 455 7729 7730 AND
2 1 205 457 7731 AND
2 1 7730 7731 7732 AND
2 1 466 801 7733 AND
2 1 471 7733 7734 AND
2 1 475 7734 7735 AND
2 1 479 7735 7736 AND
2 1 483 7736 7737 AND
2 1 487 7737 7738 AND
2 1 491 7738 7739 AND
2 1 495 7739 7740 AND
2 1 499 7740 7741 AND
2 1 503 7741 7742 AND
2 1 507 7742 7743 AND
2 1 511 7743 7744 AND
2 1 515 7744 7745 AND
2 1 519 7745 7746 AND
2 1 523 7746 7747 AND
2 1 527 7747 7748 AND
2 1 531 7748 7749 AND
2 1 535 7749 7750 AND
2 1 539 7750 7751 AND
2 1 543 7751 7752 AND
2 1 547 7752 7753 AND
2 1 551 7753 7754 AND
2 1 555 7754 7755 AND
2 1 559 7755 7756 AND
2 1 563 7756 7757 AND
2 1 567 7757 7758 AND
2 1 571 7758 7759 AND
2 1 575 7759 7760 AND
2 1 579 7760 7761 AND
2 1 583 7761 7762 AND
2 1 587 7762 7763 AND
2 1 591 7763 7764 AND
2 1 1355 7764 7765 AND
2 1 1357 7765 7766 AND
2 1 1621 7766 7767 AND
2 1 602 7767 7768 AND
2 1 606 7768 7769 AND
2 1 610 7769 7770 AND
2 1 614 7770 7771 AND
2 1 618 7771 7772 AND
2 1 622 7772 7773 AND
2 1 626 7773 7774 AND
2 1 630 7774 7775 AND
2 1 634 7775 7776 AND
2 1 638 7776 7777 AND
2 1 642 7777 7778 AND
2 1 646 7778 7779 AND
2 1 650 7779 7780 AND
2 1 654 7780 7781 AND
2 1 658 7781 7782 AND
2 1 662 7782 7783 AND
2 1 666 7783 7784 AND
2 1 670 7784 7785 AND
2 1 674 7785 7786 AND
2 1 678 7786 7787 AND
2 1 682 7787 7788 AND
2 1 686 7788 7789 AND
2 1 690 7789 7790 AND
2 1 694 7790 7791 AND
2 1 698 7791 7792 AND
2 1 702 7792 7793 AND
2 1 706 7793 7794 AND
2 1 710 7794 7795 AND
2 1 714 7795 7796 AND
2 1 718 7796 7797 AND
2 1 722 7797 7798 AND
2 1 726 7798 7799 AND
2 1 730 7799 7800 AND
2 1 734 7800 7801 AND
2 1 738 7801 7802 AND
2 1 742 7802 7803 AND
2 1 746 7803 7804 AND
2 1 750 7804 7805 AND
2 1 754 7805 7806 AND
2 1 758 7806 7807 AND
2 1 762 7807 7808 AND
2 1 766 7808 7809 AND
2 1 770 7809 7810 AND
2 1 774 7810 7811 AND
2 1 778 7811 7812 AND
2 1 782 7812 7813 AND
2 1 786 7813 7814 AND
2 1 790 7814 7815 AND
2 1 794 7815 7816 AND
2 1 206 796 7817 AND
2 1 7816 7817 7818 AND
2 1 805 1138 7819 AND
2 1 810 7819 7820 AND
2 1 814 7820 7821 AND
2 1 818 7821 7822 AND
2 1 822 7822 7823 AND
2 1 826 7823 7824 AND
2 1 830 7824 7825 AND
2 1 834 7825 7826 AND
2 1 838 7826 7827 AND
2 1 842 7827 7828 AND
2 1 846 7828 7829 AND
2 1 850 7829 7830 AND
2 1 854 7830 7831 AND
2 1 858 7831 7832 AND
2 1 862 7832 7833 AND
2 1 866 7833 7834 AND
2 1 870 7834 7835 AND
2 1 874 7835 7836 AND
2 1 878 7836 7837 AND
2 1 882 7837 7838 AND
2 1 886 7838 7839 AND
2 1 890 7839 7840 AND
2 1 894 7840 7841 AND
2 1 898 7841 7842 AND
2 1 902 7842 7843 AND
2 1 906 7843 7844 AND
2 1 910 7844 7845 AND
2 1 914 7845 7846 AND
2 1 918 7846 7847 AND
2 1 922 7847 7848 AND
2 1 926 7848 7849 AND
2 1 930 7849 7850 AND
2 1 1445 7850 7851 AND
2 1 1447 7851 7852 AND
2 1 1708 7852 7853 AND
2 1 939 7853 7854 AND
2 1 943 7854 7855 AND
2 1 947 7855 7856 AND
2 1 951 7856 7857 AND
2 1 955 7857 7858 AND
2 1 959 7858 7859 AND
2 1 963 7859 7860 AND
2 1 967 7860 7861 AND
2 1 971 7861 7862 AND
2 1 975 7862 7863 AND
2 1 979 7863 7864 AND
2 1 983 7864 7865 AND
2 1 987 7865 7866 AND
2 1 991 7866 7867 AND
2 1 995 7867 7868 AND
2 1 999 7868 7869 AND
2 1 1003 7869 7870 AND
2 1 1007 7870 7871 AND
2 1 1011 7871 7872 AND
2 1 1015 7872 7873 AND
2 1 1019 7873 7874 AND
2 1 1023 7874 7875 AND
2 1 1027 7875 7876 AND
2 1 1031 7876 7877 AND
2 1 1035 7877 7878 AND
2 1 1039 7878 7879 AND
2 1 1043 7879 7880 AND
2 1 1047 7880 7881 AND
2 1 1051 7881 7882 AND
2 1 1055 7882 7883 AND
2 1 1059 7883 7884 AND
2 1 1063 7884 7885 AND
2 1 1067 7885 7886 AND
2 1 1071 7886 7887 AND
2 1 1075 7887 7888 AND
2 1 1079 7888 7889 AND
2 1 1083 7889 7890 AND
2 1 1087 7890 7891 AND
2 1 1091 7891 7892 AND
2 1 1095 7892 7893 AND
2 1 1099 7893 7894 AND
2 1 1103 7894 7895 AND
2 1 1107 7895 7896 AND
2 1 1111 7896 7897 AND
2 1 1115 7897 7898 AND
2 1 1119 7898 7899 AND
2 1 1123 7899 7900 AND
2 1 1127 7900 7901 AND
2 1 1131 7901 7902 AND
2 1 207 1133 7903 AND
2 1 7902 7903 7904 AND
2 1 470 1142 7905 AND
2 1 1147 7905 7906 AND
2 1 1151 7906 7907 AND
2 1 1155 7907 7908 AND
2 1 1159 7908 7909 AND
2 1 1163 7909 7910 AND
2 1 1167 7910 7911 AND
2 1 1171 7911 7912 AND
2 1 1175 7912 7913 AND
2 1 1179 7913 7914 AND
2 1 1183 7914 7915 AND
2 1 1187 7915 7916 AND
2 1 1191 7916 7917 AND
2 1 1195 7917 7918 AND
2 1 1199 7918 7919 AND
2 1 1203 7919 7920 AND
2 1 1207 7920 7921 AND
2 1 1211 7921 7922 AND
2 1 1215 7922 7923 AND
2 1 1219 7923 7924 AND
2 1 1223 7924 7925 AND
2 1 1227 7925 7926 AND
2 1 1231 7926 7927 AND
2 1 1235 7927 7928 AND
2 1 1239 7928 7929 AND
2 1 1243 7929 7930 AND
2 1 1247 7930 7931 AND
2 1 1251 7931 7932 AND
2 1 1255 7932 7933 AND
2 1 1259 7933 7934 AND
2 1 1263 7934 7935 AND
2 1 1267 7935 7936 AND
2 1 1534 7936 7937 AND
2 1 263 7937 7938 AND
2 1 267 7938 7939 AND
2 1 271 7939 7940 AND
2 1 275 7940 7941 AND
2 1 279 7941 7942 AND
2 1 283 7942 7943 AND
2 1 287 7943 7944 AND
2 1 291 7944 7945 AND
2 1 295 7945 7946 AND
2 1 299 7946 7947 AND
2 1 303 7947 7948 AND
2 1 307 7948 7949 AND
2 1 311 7949 7950 AND
2 1 315 7950 7951 AND
2 1 319 7951 7952 AND
2 1 323 7952 7953 AND
2 1 327 7953 7954 AND
2 1 331 7954 7955 AND
2 1 335 7955 7956 AND
2 1 339 7956 7957 AND
2 1 343 7957 7958 AND
2 1 347 7958 7959 AND
2 1 351 7959 7960 AND
2 1 355 7960 7961 AND
2 1 359 7961 7962 AND
2 1 363 7962 7963 AND
2 1 367 7963 7964 AND
2 1 371 7964 7965 AND
2 1 375 7965 7966 AND
2 1 379 7966 7967 AND
2 1 383 7967 7968 AND
2 1 387 7968 7969 AND
2 1 391 7969 7970 AND
2 1 395 7970 7971 AND
2 1 399 7971 7972 AND
2 1 403 7972 7973 AND
2 1 407 7973 7974 AND
2 1 411 7974 7975 AND
2 1 415 7975 7976 AND
2 1 419 7976 7977 AND
2 1 423 7977 7978 AND
2 1 427 7978 7979 AND
2 1 431 7979 7980 AND
2 1 435 7980 7981 AND
2 1 439 7981 7982 AND
2 1 443 7982 7983 AND
2 1 447 7983 7984 AND
2 1 451 7984 7985 AND
2 1 455 7985 7986 AND
2 1 459 7986 7987 AND
2 1 463 7987 7988 AND
2 1 208 465 7989 AND
2 1 7988 7989 7990 AND
2 1 474 809 7991 AND
2 1 479 7991 7992 AND
2 1 483 7992 7993 AND
2 1 487 7993 7994 AND
2 1 491 7994 7995 AND
2 1 495 7995 7996 AND
2 1 499 7996 7997 AND
2 1 503 7997 7998 AND
2 1 507 7998 7999 AND
2 1 511 7999 8000 AND
2 1 515 8000 8001 AND
2 1 519 8001 8002 AND
2 1 523 8002 8003 AND
2 1 527 8003 8004 AND
2 1 531 8004 8005 AND
2 1 535 8005 8006 AND
2 1 539 8006 8007 AND
2 1 543 8007 8008 AND
2 1 547 8008 8009 AND
2 1 551 8009 8010 AND
2 1 555 8010 8011 AND
2 1 559 8011 8012 AND
2 1 563 8012 8013 AND
2 1 567 8013 8014 AND
2 1 571 8014 8015 AND
2 1 575 8015 8016 AND
2 1 579 8016 8017 AND
2 1 583 8017 8018 AND
2 1 587 8018 8019 AND
2 1 591 8019 8020 AND
2 1 1355 8020 8021 AND
2 1 1357 8021 8022 AND
2 1 1621 8022 8023 AND
2 1 602 8023 8024 AND
2 1 606 8024 8025 AND
2 1 610 8025 8026 AND
2 1 614 8026 8027 AND
2 1 618 8027 8028 AND
2 1 622 8028 8029 AND
2 1 626 8029 8030 AND
2 1 630 8030 8031 AND
2 1 634 8031 8032 AND
2 1 638 8032 8033 AND
2 1 642 8033 8034 AND
2 1 646 8034 8035 AND
2 1 650 8035 8036 AND
2 1 654 8036 8037 AND
2 1 658 8037 8038 AND
2 1 662 8038 8039 AND
2 1 666 8039 8040 AND
2 1 670 8040 8041 AND
2 1 674 8041 8042 AND
2 1 678 8042 8043 AND
2 1 682 8043 8044 AND
2 1 686 8044 8045 AND
2 1 690 8045 8046 AND
2 1 694 8046 8047 AND
2 1 698 8047 8048 AND
2 1 702 8048 8049 AND
2 1 706 8049 8050 AND
2 1 710 8050 8051 AND
2 1 714 8051 8052 AND
2 1 718 8052 8053 AND
2 1 722 8053 8054 AND
2 1 726 8054 8055 AND
2 1 730 8055 8056 AND
2 1 734 8056 8057 AND
2 1 738 8057 8058 AND
2 1 742 8058 8059 AND
2 1 746 8059 8060 AND
2 1 750 8060 8061 AND
2 1 754 8061 8062 AND
2 1 758 8062 8063 AND
2 1 762 8063 8064 AND
2 1 766 8064 8065 AND
2 1 770 8065 8066 AND
2 1 774 8066 8067 AND
2 1 778 8067 8068 AND
2 1 782 8068 8069 AND
2 1 786 8069 8070 AND
2 1 790 8070 8071 AND
2 1 794 8071 8072 AND
2 1 798 8072 8073 AND
2 1 802 8073 8074 AND
2 1 209 804 8075 AND
2 1 8074 8075 8076 AND
2 1 813 1146 8077 AND
2 1 818 8077 8078 AND
2 1 822 8078 8079 AND
2 1 826 8079 8080 AND
2 1 830 8080 8081 AND
2 1 834 8081 8082 AND
2 1 838 8082 8083 AND
2 1 842 8083 8084 AND
2 1 846 8084 8085 AND
2 1 850 8085 8086 AND
2 1 854 8086 8087 AND
2 1 858 8087 8088 AND
2 1 862 8088 8089 AND
2 1 866 8089 8090 AND
2 1 870 8090 8091 AND
2 1 874 8091 8092 AND
2 1 878 8092 8093 AND
2 1 882 8093 8094 AND
2 1 886 8094 8095 AND
2 1 890 8095 8096 AND
2 1 894 8096 8097 AND
2 1 898 8097 8098 AND
2 1 902 8098 8099 AND
2 1 906 8099 8100 AND
2 1 910 8100 8101 AND
2 1 914 8101 8102 AND
2 1 918 8102 8103 AND
2 1 922 8103 8104 AND
2 1 926 8104 8105 AND
2 1 930 8105 8106 AND
2 1 1445 8106 8107 AND
2 1 1447 8107 8108 AND
2 1 1708 8108 8109 AND
2 1 939 8109 8110 AND
2 1 943 8110 8111 AND
2 1 947 8111 8112 AND
2 1 951 8112 8113 AND
2 1 955 8113 8114 AND
2 1 959 8114 8115 AND
2 1 963 8115 8116 AND
2 1 967 8116 8117 AND
2 1 971 8117 8118 AND
2 1 975 8118 8119 AND
2 1 979 8119 8120 AND
2 1 983 8120 8121 AND
2 1 987 8121 8122 AND
2 1 991 8122 8123 AND
2 1 995 8123 8124 AND
2 1 999 8124 8125 AND
2 1 1003 8125 8126 AND
2 1 1007 8126 8127 AND
2 1 1011 8127 8128 AND
2 1 1015 8128 8129 AND
2 1 1019 8129 8130 AND
2 1 1023 8130 8131 AND
2 1 1027 8131 8132 AND
2 1 1031 8132 8133 AND
2 1 1035 8133 8134 AND
2 1 1039 8134 8135 AND
2 1 1043 8135 8136 AND
2 1 1047 8136 8137 AND
2 1 1051 8137 8138 AND
2 1 1055 8138 8139 AND
2 1 1059 8139 8140 AND
2 1 1063 8140 8141 AND
2 1 1067 8141 8142 AND
2 1 1071 8142 8143 AND
2 1 1075 8143 8144 AND
2 1 1079 8144 8145 AND
2 1 1083 8145 8146 AND
2 1 1087 8146 8147 AND
2 1 1091 8147 8148 AND
2 1 1095 8148 8149 AND
2 1 1099 8149 8150 AND
2 1 1103 8150 8151 AND
2 1 1107 8151 8152 AND
2 1 1111 8152 8153 AND
2 1 1115 8153 8154 AND
2 1 1119 8154 8155 AND
2 1 1123 8155 8156 AND
2 1 1127 8156 8157 AND
2 1 1131 8157 8158 AND
2 1 1135 8158 8159 AND
2 1 1139 8159 8160 AND
2 1 210 1141 8161 AND
2 1 8160 8161 8162 AND
2 1 478 1150 8163 AND
2 1 1155 8163 8164 AND
2 1 1159 8164 8165 AND
2 1 1163 8165 8166 AND
2 1 1167 8166 8167 AND
2 1 1171 8167 8168 AND
2 1 1175 8168 8169 AND
2 1 1179 8169 8170 AND
2 1 1183 8170 8171 AND
2 1 1187 8171 8172 AND
2 1 1191 8172 8173 AND
2 1 1195 8173 8174 AND
2 1 1199 8174 8175 AND
2 1 1203 8175 8176 AND
2 1 1207 8176 8177 AND
2 1 1211 8177 8178 AND
2 1 1215 8178 8179 AND
2 1 1219 8179 8180 AND
2 1 1223 8180 8181 AND
2 1 1227 8181 8182 AND
2 1 1231 8182 8183 AND
2 1 1235 8183 8184 AND
2 1 1239 8184 8185 AND
2 1 1243 8185 8186 AND
2 1 1247 8186 8187 AND
2 1 1251 8187 8188 AND
2 1 1255 8188 8189 AND
2 1 1259 8189 8190 AND
2 1 1263 8190 8191 AND
2 1 1267 8191 8192 AND
2 1 1534 8192 8193 AND
2 1 263 8193 8194 AND
2 1 267 8194 8195 AND
2 1 271 8195 8196 AND
2 1 275 8196 8197 AND
2 1 279 8197 8198 AND
2 1 283 8198 8199 AND
2 1 287 8199 8200 AND
2 1 291 8200 8201 AND
2 1 295 8201 8202 AND
2 1 299 8202 8203 AND
2 1 303 8203 8204 AND
2 1 307 8204 8205 AND
2 1 311 8205 8206 AND
2 1 315 8206 8207 AND
2 1 319 8207 8208 AND
2 1 323 8208 8209 AND
2 1 327 8209 8210 AND
2 1 331 8210 8211 AND
2 1 335 8211 8212 AND
2 1 339 8212 8213 AND
2 1 343 8213 8214 AND
2 1 347 8214 8215 AND
2 1 351 8215 8216 AND
2 1 355 8216 8217 AND
2 1 359 8217 8218 AND
2 1 363 8218 8219 AND
2 1 367 8219 8220 AND
2 1 371 8220 8221 AND
2 1 375 8221 8222 AND
2 1 379 8222 8223 AND
2 1 383 8223 8224 AND
2 1 387 8224 8225 AND
2 1 391 8225 8226 AND
2 1 395 8226 8227 AND
2 1 399 8227 8228 AND
2 1 403 8228 8229 AND
2 1 407 8229 8230 AND
2 1 411 8230 8231 AND
2 1 415 8231 8232 AND
2 1 419 8232 8233 AND
2 1 423 8233 8234 AND
2 1 427 8234 8235 AND
2 1 431 8235 8236 AND
2 1 435 8236 8237 AND
2 1 439 8237 8238 AND
2 1 443 8238 8239 AND
2 1 447 8239 8240 AND
2 1 451 8240 8241 AND
2 1 455 8241 8242 AND
2 1 459 8242 8243 AND
2 1 463 8243 8244 AND
2 1 467 8244 8245 AND
2 1 471 8245 8246 AND
2 1 211 473 8247 AND
2 1 8246 8247 8248 AND
2 1 482 817 8249 AND
2 1 487 8249 8250 AND
2 1 491 8250 8251 AND
2 1 495 8251 8252 AND
2 1 499 8252 8253 AND
2 1 503 8253 8254 AND
2 1 507 8254 8255 AND
2 1 511 8255 8256 AND
2 1 515 8256 8257 AND
2 1 519 8257 8258 AND
2 1 523 8258 8259 AND
2 1 527 8259 8260 AND
2 1 531 8260 8261 AND
2 1 535 8261 8262 AND
2 1 539 8262 8263 AND
2 1 543 8263 8264 AND
2 1 547 8264 8265 AND
2 1 551 8265 8266 AND
2 1 555 8266 8267 AND
2 1 559 8267 8268 AND
2 1 563 8268 8269 AND
2 1 567 8269 8270 AND
2 1 571 8270 8271 AND
2 1 575 8271 8272 AND
2 1 579 8272 8273 AND
2 1 583 8273 8274 AND
2 1 587 8274 8275 AND
2 1 591 8275 8276 AND
2 1 1355 8276 8277 AND
2 1 1357 8277 8278 AND
2 1 1621 8278 8279 AND
2 1 602 8279 8280 AND
2 1 606 8280 8281 AND
2 1 610 8281 8282 AND
2 1 614 8282 8283 AND
2 1 618 8283 8284 AND
2 1 622 8284 8285 AND
2 1 626 8285 8286 AND
2 1 630 8286 8287 AND
2 1 634 8287 8288 AND
2 1 638 8288 8289 AND
2 1 642 8289 8290 AND
2 1 646 8290 8291 AND
2 1 650 8291 8292 AND
2 1 654 8292 8293 AND
2 1 658 8293 8294 AND
2 1 662 8294 8295 AND
2 1 666 8295 8296 AND
2 1 670 8296 8297 AND
2 1 674 8297 8298 AND
2 1 678 8298 8299 AND
2 1 682 8299 8300 AND
2 1 686 8300 8301 AND
2 1 690 8301 8302 AND
2 1 694 8302 8303 AND
2 1 698 8303 8304 AND
2 1 702 8304 8305 AND
2 1 706 8305 8306 AND
2 1 710 8306 8307 AND
2 1 714 8307 8308 AND
2 1 718 8308 8309 AND
2 1 722 8309 8310 AND
2 1 726 8310 8311 AND
2 1 730 8311 8312 AND
2 1 734 8312 8313 AND
2 1 738 8313 8314 AND
2 1 742 8314 8315 AND
2 1 746 8315 8316 AND
2 1 750 8316 8317 AND
2 1 754 8317 8318 AND
2 1 758 8318 8319 AND
2 1 762 8319 8320 AND
2 1 766 8320 8321 AND
2 1 770 8321 8322 AND
2 1 774 8322 8323 AND
2 1 778 8323 8324 AND
2 1 782 8324 8325 AND
2 1 786 8325 8326 AND
2 1 790 8326 8327 AND
2 1 794 8327 8328 AND
2 1 798 8328 8329 AND
2 1 802 8329 8330 AND
2 1 806 8330 8331 AND
2 1 810 8331 8332 AND
2 1 212 812 8333 AND
2 1 8332 8333 8334 AND
2 1 821 1154 8335 AND
2 1 826 8335 8336 AND
2 1 830 8336 8337 AND
2 1 834 8337 8338 AND
2 1 838 8338 8339 AND
2 1 842 8339 8340 AND
2 1 846 8340 8341 AND
2 1 850 8341 8342 AND
2 1 854 8342 8343 AND
2 1 858 8343 8344 AND
2 1 862 8344 8345 AND
2 1 866 8345 8346 AND
2 1 870 8346 8347 AND
2 1 874 8347 8348 AND
2 1 878 8348 8349 AND
2 1 882 8349 8350 AND
2 1 886 8350 8351 AND
2 1 890 8351 8352 AND
2 1 894 8352 8353 AND
2 1 898 8353 8354 AND
2 1 902 8354 8355 AND
2 1 906 8355 8356 AND
2 1 910 8356 8357 AND
2 1 914 8357 8358 AND
2 1 918 8358 8359 AND
2 1 922 8359 8360 AND
2 1 926 8360 8361 AND
2 1 930 8361 8362 AND
2 1 1445 8362 8363 AND
2 1 1447 8363 8364 AND
2 1 1708 8364 8365 AND
2 1 939 8365 8366 AND
2 1 943 8366 8367 AND
2 1 947 8367 8368 AND
2 1 951 8368 8369 AND
2 1 955 8369 8370 AND
2 1 959 8370 8371 AND
2 1 963 8371 8372 AND
2 1 967 8372 8373 AND
2 1 971 8373 8374 AND
2 1 975 8374 8375 AND
2 1 979 8375 8376 AND
2 1 983 8376 8377 AND
2 1 987 8377 8378 AND
2 1 991 8378 8379 AND
2 1 995 8379 8380 AND
2 1 999 8380 8381 AND
2 1 1003 8381 8382 AND
2 1 1007 8382 8383 AND
2 1 1011 8383 8384 AND
2 1 1015 8384 8385 AND
2 1 1019 8385 8386 AND
2 1 1023 8386 8387 AND
2 1 1027 8387 8388 AND
2 1 1031 8388 8389 AND
2 1 1035 8389 8390 AND
2 1 1039 8390 8391 AND
2 1 1043 8391 8392 AND
2 1 1047 8392 8393 AND
2 1 1051 8393 8394 AND
2 1 1055 8394 8395 AND
2 1 1059 8395 8396 AND
2 1 1063 8396 8397 AND
2 1 1067 8397 8398 AND
2 1 1071 8398 8399 AND
2 1 1075 8399 8400 AND
2 1 1079 8400 8401 AND
2 1 1083 8401 8402 AND
2 1 1087 8402 8403 AND
2 1 1091 8403 8404 AND
2 1 1095 8404 8405 AND
2 1 1099 8405 8406 AND
2 1 1103 8406 8407 AND
2 1 1107 8407 8408 AND
2 1 1111 8408 8409 AND
2 1 1115 8409 8410 AND
2 1 1119 8410 8411 AND
2 1 1123 8411 8412 AND
2 1 1127 8412 8413 AND
2 1 1131 8413 8414 AND
2 1 1135 8414 8415 AND
2 1 1139 8415 8416 AND
2 1 1143 8416 8417 AND
2 1 1147 8417 8418 AND
2 1 213 1149 8419 AND
2 1 8418 8419 8420 AND
2 1 486 1158 8421 AND
2 1 1163 8421 8422 AND
2 1 1167 8422 8423 AND
2 1 1171 8423 8424 AND
2 1 1175 8424 8425 AND
2 1 1179 8425 8426 AND
2 1 1183 8426 8427 AND
2 1 1187 8427 8428 AND
2 1 1191 8428 8429 AND
2 1 1195 8429 8430 AND
2 1 1199 8430 8431 AND
2 1 1203 8431 8432 AND
2 1 1207 8432 8433 AND
2 1 1211 8433 8434 AND
2 1 1215 8434 8435 AND
2 1 1219 8435 8436 AND
2 1 1223 8436 8437 AND
2 1 1227 8437 8438 AND
2 1 1231 8438 8439 AND
2 1 1235 8439 8440 AND
2 1 1239 8440 8441 AND
2 1 1243 8441 8442 AND
2 1 1247 8442 8443 AND
2 1 1251 8443 8444 AND
2 1 1255 8444 8445 AND
2 1 1259 8445 8446 AND
2 1 1263 8446 8447 AND
2 1 1267 8447 8448 AND
2 1 1534 8448 8449 AND
2 1 263 8449 8450 AND
2 1 267 8450 8451 AND
2 1 271 8451 8452 AND
2 1 275 8452 8453 AND
2 1 279 8453 8454 AND
2 1 283 8454 8455 AND
2 1 287 8455 8456 AND
2 1 291 8456 8457 AND
2 1 295 8457 8458 AND
2 1 299 8458 8459 AND
2 1 303 8459 8460 AND
2 1 307 8460 8461 AND
2 1 311 8461 8462 AND
2 1 315 8462 8463 AND
2 1 319 8463 8464 AND
2 1 323 8464 8465 AND
2 1 327 8465 8466 AND
2 1 331 8466 8467 AND
2 1 335 8467 8468 AND
2 1 339 8468 8469 AND
2 1 343 8469 8470 AND
2 1 347 8470 8471 AND
2 1 351 8471 8472 AND
2 1 355 8472 8473 AND
2 1 359 8473 8474 AND
2 1 363 8474 8475 AND
2 1 367 8475 8476 AND
2 1 371 8476 8477 AND
2 1 375 8477 8478 AND
2 1 379 8478 8479 AND
2 1 383 8479 8480 AND
2 1 387 8480 8481 AND
2 1 391 8481 8482 AND
2 1 395 8482 8483 AND
2 1 399 8483 8484 AND
2 1 403 8484 8485 AND
2 1 407 8485 8486 AND
2 1 411 8486 8487 AND
2 1 415 8487 8488 AND
2 1 419 8488 8489 AND
2 1 423 8489 8490 AND
2 1 427 8490 8491 AND
2 1 431 8491 8492 AND
2 1 435 8492 8493 AND
2 1 439 8493 8494 AND
2 1 443 8494 8495 AND
2 1 447 8495 8496 AND
2 1 451 8496 8497 AND
2 1 455 8497 8498 AND
2 1 459 8498 8499 AND
2 1 463 8499 8500 AND
2 1 467 8500 8501 AND
2 1 471 8501 8502 AND
2 1 475 8502 8503 AND
2 1 479 8503 8504 AND
2 1 214 481 8505 AND
2 1 8504 8505 8506 AND
2 1 490 825 8507 AND
2 1 495 8507 8508 AND
2 1 499 8508 8509 AND
2 1 503 8509 8510 AND
2 1 507 8510 8511 AND
2 1 511 8511 8512 AND
2 1 515 8512 8513 AND
2 1 519 8513 8514 AND
2 1 523 8514 8515 AND
2 1 527 8515 8516 AND
2 1 531 8516 8517 AND
2 1 535 8517 8518 AND
2 1 539 8518 8519 AND
2 1 543 8519 8520 AND
2 1 547 8520 8521 AND
2 1 551 8521 8522 AND
2 1 555 8522 8523 AND
2 1 559 8523 8524 AND
2 1 563 8524 8525 AND
2 1 567 8525 8526 AND
2 1 571 8526 8527 AND
2 1 575 8527 8528 AND
2 1 579 8528 8529 AND
2 1 583 8529 8530 AND
2 1 587 8530 8531 AND
2 1 591 8531 8532 AND
2 1 1355 8532 8533 AND
2 1 1357 8533 8534 AND
2 1 1621 8534 8535 AND
2 1 602 8535 8536 AND
2 1 606 8536 8537 AND
2 1 610 8537 8538 AND
2 1 614 8538 8539 AND
2 1 618 8539 8540 AND
2 1 622 8540 8541 AND
2 1 626 8541 8542 AND
2 1 630 8542 8543 AND
2 1 634 8543 8544 AND
2 1 638 8544 8545 AND
2 1 642 8545 8546 AND
2 1 646 8546 8547 AND
2 1 650 8547 8548 AND
2 1 654 8548 8549 AND
2 1 658 8549 8550 AND
2 1 662 8550 8551 AND
2 1 666 8551 8552 AND
2 1 670 8552 8553 AND
2 1 674 8553 8554 AND
2 1 678 8554 8555 AND
2 1 682 8555 8556 AND
2 1 686 8556 8557 AND
2 1 690 8557 8558 AND
2 1 694 8558 8559 AND
2 1 698 8559 8560 AND
2 1 702 8560 8561 AND
2 1 706 8561 8562 AND
2 1 710 8562 8563 AND
2 1 714 8563 8564 AND
2 1 718 8564 8565 AND
2 1 722 8565 8566 AND
2 1 726 8566 8567 AND
2 1 730 8567 8568 AND
2 1 734 8568 8569 AND
2 1 738 8569 8570 AND
2 1 742 8570 8571 AND
2 1 746 8571 8572 AND
2 1 750 8572 8573 AND
2 1 754 8573 8574 AND
2 1 758 8574 8575 AND
2 1 762 8575 8576 AND
2 1 766 8576 8577 AND
2 1 770 8577 8578 AND
2 1 774 8578 8579 AND
2 1 778 8579 8580 AND
2 1 782 8580 8581 AND
2 1 786 8581 8582 AND
2 1 790 8582 8583 AND
2 1 794 8583 8584 AND
2 1 798 8584 8585 AND
2 1 802 8585 8586 AND
2 1 806 8586 8587 AND
2 1 810 8587 8588 AND
2 1 814 8588 8589 AND
2 1 818 8589 8590 AND
2 1 215 820 8591 AND
2 1 8590 8591 8592 AND
2 1 829 1162 8593 AND
2 1 834 8593 8594 AND
2 1 838 8594 8595 AND
2 1 842 8595 8596 AND
2 1 846 8596 8597 AND
2 1 850 8597 8598 AND
2 1 854 8598 8599 AND
2 1 858 8599 8600 AND
2 1 862 8600 8601 AND
2 1 866 8601 8602 AND
2 1 870 8602 8603 AND
2 1 874 8603 8604 AND
2 1 878 8604 8605 AND
2 1 882 8605 8606 AND
2 1 886 8606 8607 AND
2 1 890 8607 8608 AND
2 1 894 8608 8609 AND
2 1 898 8609 8610 AND
2 1 902 8610 8611 AND
2 1 906 8611 8612 AND
2 1 910 8612 8613 AND
2 1 914 8613 8614 AND
2 1 918 8614 8615 AND
2 1 922 8615 8616 AND
2 1 926 8616 8617 AND
2 1 930 8617 8618 AND
2 1 1445 8618 8619 AND
2 1 1447 8619 8620 AND
2 1 1708 8620 8621 AND
2 1 939 8621 8622 AND
2 1 943 8622 8623 AND
2 1 947 8623 8624 AND
2 1 951 8624 8625 AND
2 1 955 8625 8626 AND
2 1 959 8626 8627 AND
2 1 963 8627 8628 AND
2 1 967 8628 8629 AND
2 1 971 8629 8630 AND
2 1 975 8630 8631 AND
2 1 979 8631 8632 AND
2 1 983 8632 8633 AND
2 1 987 8633 8634 AND
2 1 991 8634 8635 AND
2 1 995 8635 8636 AND
2 1 999 8636 8637 AND
2 1 1003 8637 8638 AND
2 1 1007 8638 8639 AND
2 1 1011 8639 8640 AND
2 1 1015 8640 8641 AND
2 1 1019 8641 8642 AND
2 1 1023 8642 8643 AND
2 1 1027 8643 8644 AND
2 1 1031 8644 8645 AND
2 1 1035 8645 8646 AND
2 1 1039 8646 8647 AND
2 1 1043 8647 8648 AND
2 1 1047 8648 8649 AND
2 1 1051 8649 8650 AND
2 1 1055 8650 8651 AND
2 1 1059 8651 8652 AND
2 1 1063 8652 8653 AND
2 1 1067 8653 8654 AND
2 1 1071 8654 8655 AND
2 1 1075 8655 8656 AND
2 1 1079 8656 8657 AND
2 1 1083 8657 8658 AND
2 1 1087 8658 8659 AND
2 1 1091 8659 8660 AND
2 1 1095 8660 8661 AND
2 1 1099 8661 8662 AND
2 1 1103 8662 8663 AND
2 1 1107 8663 8664 AND
2 1 1111 8664 8665 AND
2 1 1115 8665 8666 AND
2 1 1119 8666 8667 AND
2 1 1123 8667 8668 AND
2 1 1127 8668 8669 AND
2 1 1131 8669 8670 AND
2 1 1135 8670 8671 AND
2 1 1139 8671 8672 AND
2 1 1143 8672 8673 AND
2 1 1147 8673 8674 AND
2 1 1151 8674 8675 AND
2 1 1155 8675 8676 AND
2 1 216 1157 8677 AND
2 1 8676 8677 8678 AND
2 1 494 1166 8679 AND
2 1 1171 8679 8680 AND
2 1 1175 8680 8681 AND
2 1 1179 8681 8682 AND
2 1 1183 8682 8683 AND
2 1 1187 8683 8684 AND
2 1 1191 8684 8685 AND
2 1 1195 8685 8686 AND
2 1 1199 8686 8687 AND
2 1 1203 8687 8688 AND
2 1 1207 8688 8689 AND
2 1 1211 8689 8690 AND
2 1 1215 8690 8691 AND
2 1 1219 8691 8692 AND
2 1 1223 8692 8693 AND
2 1 1227 8693 8694 AND
2 1 1231 8694 8695 AND
2 1 1235 8695 8696 AND
2 1 1239 8696 8697 AND
2 1 1243 8697 8698 AND
2 1 1247 8698 8699 AND
2 1 1251 8699 8700 AND
2 1 1255 8700 8701 AND
2 1 1259 8701 8702 AND
2 1 1263 8702 8703 AND
2 1 1267 8703 8704 AND
2 1 1534 8704 8705 AND
2 1 263 8705 8706 AND
2 1 267 8706 8707 AND
2 1 271 8707 8708 AND
2 1 275 8708 8709 AND
2 1 279 8709 8710 AND
2 1 283 8710 8711 AND
2 1 287 8711 8712 AND
2 1 291 8712 8713 AND
2 1 295 8713 8714 AND
2 1 299 8714 8715 AND
2 1 303 8715 8716 AND
2 1 307 8716 8717 AND
2 1 311 8717 8718 AND
2 1 315 8718 8719 AND
2 1 319 8719 8720 AND
2 1 323 8720 8721 AND
2 1 327 8721 8722 AND
2 1 331 8722 8723 AND
2 1 335 8723 8724 AND
2 1 339 8724 8725 AND
2 1 343 8725 8726 AND
2 1 347 8726 8727 AND
2 1 351 8727 8728 AND
2 1 355 8728 8729 AND
2 1 359 8729 8730 AND
2 1 363 8730 8731 AND
2 1 367 8731 8732 AND
2 1 371 8732 8733 AND
2 1 375 8733 8734 AND
2 1 379 8734 8735 AND
2 1 383 8735 8736 AND
2 1 387 8736 8737 AND
2 1 391 8737 8738 AND
2 1 395 8738 8739 AND
2 1 399 8739 8740 AND
2 1 403 8740 8741 AND
2 1 407 8741 8742 AND
2 1 411 8742 8743 AND
2 1 415 8743 8744 AND
2 1 419 8744 8745 AND
2 1 423 8745 8746 AND
2 1 427 8746 8747 AND
2 1 431 8747 8748 AND
2 1 435 8748 8749 AND
2 1 439 8749 8750 AND
2 1 443 8750 8751 AND
2 1 447 8751 8752 AND
2 1 451 8752 8753 AND
2 1 455 8753 8754 AND
2 1 459 8754 8755 AND
2 1 463 8755 8756 AND
2 1 467 8756 8757 AND
2 1 471 8757 8758 AND
2 1 475 8758 8759 AND
2 1 479 8759 8760 AND
2 1 483 8760 8761 AND
2 1 487 8761 8762 AND
2 1 217 489 8763 AND
2 1 8762 8763 8764 AND
2 1 498 833 8765 AND
2 1 503 8765 8766 AND
2 1 507 8766 8767 AND
2 1 511 8767 8768 AND
2 1 515 8768 8769 AND
2 1 519 8769 8770 AND
2 1 523 8770 8771 AND
2 1 527 8771 8772 AND
2 1 531 8772 8773 AND
2 1 535 8773 8774 AND
2 1 539 8774 8775 AND
2 1 543 8775 8776 AND
2 1 547 8776 8777 AND
2 1 551 8777 8778 AND
2 1 555 8778 8779 AND
2 1 559 8779 8780 AND
2 1 563 8780 8781 AND
2 1 567 8781 8782 AND
2 1 571 8782 8783 AND
2 1 575 8783 8784 AND
2 1 579 8784 8785 AND
2 1 583 8785 8786 AND
2 1 587 8786 8787 AND
2 1 591 8787 8788 AND
2 1 1355 8788 8789 AND
2 1 1357 8789 8790 AND
2 1 1621 8790 8791 AND
2 1 602 8791 8792 AND
2 1 606 8792 8793 AND
2 1 610 8793 8794 AND
2 1 614 8794 8795 AND
2 1 618 8795 8796 AND
2 1 622 8796 8797 AND
2 1 626 8797 8798 AND
2 1 630 8798 8799 AND
2 1 634 8799 8800 AND
2 1 638 8800 8801 AND
2 1 642 8801 8802 AND
2 1 646 8802 8803 AND
2 1 650 8803 8804 AND
2 1 654 8804 8805 AND
2 1 658 8805 8806 AND
2 1 662 8806 8807 AND
2 1 666 8807 8808 AND
2 1 670 8808 8809 AND
2 1 674 8809 8810 AND
2 1 678 8810 8811 AND
2 1 682 8811 8812 AND
2 1 686 8812 8813 AND
2 1 690 8813 8814 AND
2 1 694 8814 8815 AND
2 1 698 8815 8816 AND
2 1 702 8816 8817 AND
2 1 706 8817 8818 AND
2 1 710 8818 8819 AND
2 1 714 8819 8820 AND
2 1 718 8820 8821 AND
2 1 722 8821 8822 AND
2 1 726 8822 8823 AND
2 1 730 8823 8824 AND
2 1 734 8824 8825 AND
2 1 738 8825 8826 AND
2 1 742 8826 8827 AND
2 1 746 8827 8828 AND
2 1 750 8828 8829 AND
2 1 754 8829 8830 AND
2 1 758 8830 8831 AND
2 1 762 8831 8832 AND
2 1 766 8832 8833 AND
2 1 770 8833 8834 AND
2 1 774 8834 8835 AND
2 1 778 8835 8836 AND
2 1 782 8836 8837 AND
2 1 786 8837 8838 AND
2 1 790 8838 8839 AND
2 1 794 8839 8840 AND
2 1 798 8840 8841 AND
2 1 802 8841 8842 AND
2 1 806 8842 8843 AND
2 1 810 8843 8844 AND
2 1 814 8844 8845 AND
2 1 818 8845 8846 AND
2 1 822 8846 8847 AND
2 1 826 8847 8848 AND
2 1 218 828 8849 AND
2 1 8848 8849 8850 AND
2 1 837 1170 8851 AND
2 1 842 8851 8852 AND
2 1 846 8852 8853 AND
2 1 850 8853 8854 AND
2 1 854 8854 8855 AND
2 1 858 8855 8856 AND
2 1 862 8856 8857 AND
2 1 866 8857 8858 AND
2 1 870 8858 8859 AND
2 1 874 8859 8860 AND
2 1 878 8860 8861 AND
2 1 882 8861 8862 AND
2 1 886 8862 8863 AND
2 1 890 8863 8864 AND
2 1 894 8864 8865 AND
2 1 898 8865 8866 AND
2 1 902 8866 8867 AND
2 1 906 8867 8868 AND
2 1 910 8868 8869 AND
2 1 914 8869 8870 AND
2 1 918 8870 8871 AND
2 1 922 8871 8872 AND
2 1 926 8872 8873 AND
2 1 930 8873 8874 AND
2 1 1445 8874 8875 AND
2 1 1447 8875 8876 AND
2 1 1708 8876 8877 AND
2 1 939 8877 8878 AND
2 1 943 8878 8879 AND
2 1 947 8879 8880 AND
2 1 951 8880 8881 AND
2 1 955 8881 8882 AND
2 1 959 8882 8883 AND
2 1 963 8883 8884 AND
2 1 967 8884 8885 AND
2 1 971 8885 8886 AND
2 1 975 8886 8887 AND
2 1 979 8887 8888 AND
2 1 983 8888 8889 AND
2 1 987 8889 8890 AND
2 1 991 8890 8891 AND
2 1 995 8891 8892 AND
2 1 999 8892 8893 AND
2 1 1003 8893 8894 AND
2 1 1007 8894 8895 AND
2 1 1011 8895 8896 AND
2 1 1015 8896 8897 AND
2 1 1019 8897 8898 AND
2 1 1023 8898 8899 AND
2 1 1027 8899 8900 AND
2 1 1031 8900 8901 AND
2 1 1035 8901 8902 AND
2 1 1039 8902 8903 AND
2 1 1043 8903 8904 AND
2 1 1047 8904 8905 AND
2 1 1051 8905 8906 AND
2 1 1055 8906 8907 AND
2 1 1059 8907 8908 AND
2 1 1063 8908 8909 AND
2 1 1067 8909 8910 AND
2 1 1071 8910 8911 AND
2 1 1075 8911 8912 AND
2 1 1079 8912 8913 AND
2 1 1083 8913 8914 AND
2 1 1087 8914 8915 AND
2 1 1091 8915 8916 AND
2 1 1095 8916 8917 AND
2 1 1099 8917 8918 AND
2 1 1103 8918 8919 AND
2 1 1107 8919 8920 AND
2 1 1111 8920 8921 AND
2 1 1115 8921 8922 AND
2 1 1119 8922 8923 AND
2 1 1123 8923 8924 AND
2 1 1127 8924 8925 AND
2 1 1131 8925 8926 AND
2 1 1135 8926 8927 AND
2 1 1139 8927 8928 AND
2 1 1143 8928 8929 AND
2 1 1147 8929 8930 AND
2 1 1151 8930 8931 AND
2 1 1155 8931 8932 AND
2 1 1159 8932 8933 AND
2 1 1163 8933 8934 AND
2 1 219 1165 8935 AND
2 1 8934 8935 8936 AND
2 1 502 1174 8937 AND
2 1 1179 8937 8938 AND
2 1 1183 8938 8939 AND
2 1 1187 8939 8940 AND
2 1 1191 8940 8941 AND
2 1 1195 8941 8942 AND
2 1 1199 8942 8943 AND
2 1 1203 8943 8944 AND
2 1 1207 8944 8945 AND
2 1 1211 8945 8946 AND
2 1 1215 8946 8947 AND
2 1 1219 8947 8948 AND
2 1 1223 8948 8949 AND
2 1 1227 8949 8950 AND
2 1 1231 8950 8951 AND
2 1 1235 8951 8952 AND
2 1 1239 8952 8953 AND
2 1 1243 8953 8954 AND
2 1 1247 8954 8955 AND
2 1 1251 8955 8956 AND
2 1 1255 8956 8957 AND
2 1 1259 8957 8958 AND
2 1 1263 8958 8959 AND
2 1 1267 8959 8960 AND
2 1 1534 8960 8961 AND
2 1 263 8961 8962 AND
2 1 267 8962 8963 AND
2 1 271 8963 8964 AND
2 1 275 8964 8965 AND
2 1 279 8965 8966 AND
2 1 283 8966 8967 AND
2 1 287 8967 8968 AND
2 1 291 8968 8969 AND
2 1 295 8969 8970 AND
2 1 299 8970 8971 AND
2 1 303 8971 8972 AND
2 1 307 8972 8973 AND
2 1 311 8973 8974 AND
2 1 315 8974 8975 AND
2 1 319 8975 8976 AND
2 1 323 8976 8977 AND
2 1 327 8977 8978 AND
2 1 331 8978 8979 AND
2 1 335 8979 8980 AND
2 1 339 8980 8981 AND
2 1 343 8981 8982 AND
2 1 347 8982 8983 AND
2 1 351 8983 8984 AND
2 1 355 8984 8985 AND
2 1 359 8985 8986 AND
2 1 363 8986 8987 AND
2 1 367 8987 8988 AND
2 1 371 8988 8989 AND
2 1 375 8989 8990 AND
2 1 379 8990 8991 AND
2 1 383 8991 8992 AND
2 1 387 8992 8993 AND
2 1 391 8993 8994 AND
2 1 395 8994 8995 AND
2 1 399 8995 8996 AND
2 1 403 8996 8997 AND
2 1 407 8997 8998 AND
2 1 411 8998 8999 AND
2 1 415 8999 9000 AND
2 1 419 9000 9001 AND
2 1 423 9001 9002 AND
2 1 427 9002 9003 AND
2 1 431 9003 9004 AND
2 1 435 9004 9005 AND
2 1 439 9005 9006 AND
2 1 443 9006 9007 AND
2 1 447 9007 9008 AND
2 1 451 9008 9009 AND
2 1 455 9009 9010 AND
2 1 459 9010 9011 AND
2 1 463 9011 9012 AND
2 1 467 9012 9013 AND
2 1 471 9013 9014 AND
2 1 475 9014 9015 AND
2 1 479 9015 9016 AND
2 1 483 9016 9017 AND
2 1 487 9017 9018 AND
2 1 491 9018 9019 AND
2 1 495 9019 9020 AND
2 1 220 497 9021 AND
2 1 9020 9021 9022 AND
2 1 506 841 9023 AND
2 1 511 9023 9024 AND
2 1 515 9024 9025 AND
2 1 519 9025 9026 AND
2 1 523 9026 9027 AND
2 1 527 9027 9028 AND
2 1 531 9028 9029 AND
2 1 535 9029 9030 AND
2 1 539 9030 9031 AND
2 1 543 9031 9032 AND
2 1 547 9032 9033 AND
2 1 551 9033 9034 AND
2 1 555 9034 9035 AND
2 1 559 9035 9036 AND
2 1 563 9036 9037 AND
2 1 567 9037 9038 AND
2 1 571 9038 9039 AND
2 1 575 9039 9040 AND
2 1 579 9040 9041 AND
2 1 583 9041 9042 AND
2 1 587 9042 9043 AND
2 1 591 9043 9044 AND
2 1 1355 9044 9045 AND
2 1 1357 9045 9046 AND
2 1 1621 9046 9047 AND
2 1 602 9047 9048 AND
2 1 606 9048 9049 AND
2 1 610 9049 9050 AND
2 1 614 9050 9051 AND
2 1 618 9051 9052 AND
2 1 622 9052 9053 AND
2 1 626 9053 9054 AND
2 1 630 9054 9055 AND
2 1 634 9055 9056 AND
2 1 638 9056 9057 AND
2 1 642 9057 9058 AND
2 1 646 9058 9059 AND
2 1 650 9059 9060 AND
2 1 654 9060 9061 AND
2 1 658 9061 9062 AND
2 1 662 9062 9063 AND
2 1 666 9063 9064 AND
2 1 670 9064 9065 AND
2 1 674 9065 9066 AND
2 1 678 9066 9067 AND
2 1 682 9067 9068 AND
2 1 686 9068 9069 AND
2 1 690 9069 9070 AND
2 1 694 9070 9071 AND
2 1 698 9071 9072 AND
2 1 702 9072 9073 AND
2 1 706 9073 9074 AND
2 1 710 9074 9075 AND
2 1 714 9075 9076 AND
2 1 718 9076 9077 AND
2 1 722 9077 9078 AND
2 1 726 9078 9079 AND
2 1 730 9079 9080 AND
2 1 734 9080 9081 AND
2 1 738 9081 9082 AND
2 1 742 9082 9083 AND
2 1 746 9083 9084 AND
2 1 750 9084 9085 AND
2 1 754 9085 9086 AND
2 1 758 9086 9087 AND
2 1 762 9087 9088 AND
2 1 766 9088 9089 AND
2 1 770 9089 9090 AND
2 1 774 9090 9091 AND
2 1 778 9091 9092 AND
2 1 782 9092 9093 AND
2 1 786 9093 9094 AND
2 1 790 9094 9095 AND
2 1 794 9095 9096 AND
2 1 798 9096 9097 AND
2 1 802 9097 9098 AND
2 1 806 9098 9099 AND
2 1 810 9099 9100 AND
2 1 814 9100 9101 AND
2 1 818 9101 9102 AND
2 1 822 9102 9103 AND
2 1 826 9103 9104 AND
2 1 830 9104 9105 AND
2 1 834 9105 9106 AND
2 1 221 836 9107 AND
2 1 9106 9107 9108 AND
2 1 845 1178 9109 AND
2 1 850 9109 9110 AND
2 1 854 9110 9111 AND
2 1 858 9111 9112 AND
2 1 862 9112 9113 AND
2 1 866 9113 9114 AND
2 1 870 9114 9115 AND
2 1 874 9115 9116 AND
2 1 878 9116 9117 AND
2 1 882 9117 9118 AND
2 1 886 9118 9119 AND
2 1 890 9119 9120 AND
2 1 894 9120 9121 AND
2 1 898 9121 9122 AND
2 1 902 9122 9123 AND
2 1 906 9123 9124 AND
2 1 910 9124 9125 AND
2 1 914 9125 9126 AND
2 1 918 9126 9127 AND
2 1 922 9127 9128 AND
2 1 926 9128 9129 AND
2 1 930 9129 9130 AND
2 1 1445 9130 9131 AND
2 1 1447 9131 9132 AND
2 1 1708 9132 9133 AND
2 1 939 9133 9134 AND
2 1 943 9134 9135 AND
2 1 947 9135 9136 AND
2 1 951 9136 9137 AND
2 1 955 9137 9138 AND
2 1 959 9138 9139 AND
2 1 963 9139 9140 AND
2 1 967 9140 9141 AND
2 1 971 9141 9142 AND
2 1 975 9142 9143 AND
2 1 979 9143 9144 AND
2 1 983 9144 9145 AND
2 1 987 9145 9146 AND
2 1 991 9146 9147 AND
2 1 995 9147 9148 AND
2 1 999 9148 9149 AND
2 1 1003 9149 9150 AND
2 1 1007 9150 9151 AND
2 1 1011 9151 9152 AND
2 1 1015 9152 9153 AND
2 1 1019 9153 9154 AND
2 1 1023 9154 9155 AND
2 1 1027 9155 9156 AND
2 1 1031 9156 9157 AND
2 1 1035 9157 9158 AND
2 1 1039 9158 9159 AND
2 1 1043 9159 9160 AND
2 1 1047 9160 9161 AND
2 1 1051 9161 9162 AND
2 1 1055 9162 9163 AND
2 1 1059 9163 9164 AND
2 1 1063 9164 9165 AND
2 1 1067 9165 9166 AND
2 1 1071 9166 9167 AND
2 1 1075 9167 9168 AND
2 1 1079 9168 9169 AND
2 1 1083 9169 9170 AND
2 1 1087 9170 9171 AND
2 1 1091 9171 9172 AND
2 1 1095 9172 9173 AND
2 1 1099 9173 9174 AND
2 1 1103 9174 9175 AND
2 1 1107 9175 9176 AND
2 1 1111 9176 9177 AND
2 1 1115 9177 9178 AND
2 1 1119 9178 9179 AND
2 1 1123 9179 9180 AND
2 1 1127 9180 9181 AND
2 1 1131 9181 9182 AND
2 1 1135 9182 9183 AND
2 1 1139 9183 9184 AND
2 1 1143 9184 9185 AND
2 1 1147 9185 9186 AND
2 1 1151 9186 9187 AND
2 1 1155 9187 9188 AND
2 1 1159 9188 9189 AND
2 1 1163 9189 9190 AND
2 1 1167 9190 9191 AND
2 1 1171 9191 9192 AND
2 1 222 1173 9193 AND
2 1 9192 9193 9194 AND
2 1 510 1182 9195 AND
2 1 1187 9195 9196 AND
2 1 1191 9196 9197 AND
2 1 1195 9197 9198 AND
2 1 1199 9198 9199 AND
2 1 1203 9199 9200 AND
2 1 1207 9200 9201 AND
2 1 1211 9201 9202 AND
2 1 1215 9202 9203 AND
2 1 1219 9203 9204 AND
2 1 1223 9204 9205 AND
2 1 1227 9205 9206 AND
2 1 1231 9206 9207 AND
2 1 1235 9207 9208 AND
2 1 1239 9208 9209 AND
2 1 1243 9209 9210 AND
2 1 1247 9210 9211 AND
2 1 1251 9211 9212 AND
2 1 1255 9212 9213 AND
2 1 1259 9213 9214 AND
2 1 1263 9214 9215 AND
2 1 1267 9215 9216 AND
2 1 1534 9216 9217 AND
2 1 263 9217 9218 AND
2 1 267 9218 9219 AND
2 1 271 9219 9220 AND
2 1 275 9220 9221 AND
2 1 279 9221 9222 AND
2 1 283 9222 9223 AND
2 1 287 9223 9224 AND
2 1 291 9224 9225 AND
2 1 295 9225 9226 AND
2 1 299 9226 9227 AND
2 1 303 9227 9228 AND
2 1 307 9228 9229 AND
2 1 311 9229 9230 AND
2 1 315 9230 9231 AND
2 1 319 9231 9232 AND
2 1 323 9232 9233 AND
2 1 327 9233 9234 AND
2 1 331 9234 9235 AND
2 1 335 9235 9236 AND
2 1 339 9236 9237 AND
2 1 343 9237 9238 AND
2 1 347 9238 9239 AND
2 1 351 9239 9240 AND
2 1 355 9240 9241 AND
2 1 359 9241 9242 AND
2 1 363 9242 9243 AND
2 1 367 9243 9244 AND
2 1 371 9244 9245 AND
2 1 375 9245 9246 AND
2 1 379 9246 9247 AND
2 1 383 9247 9248 AND
2 1 387 9248 9249 AND
2 1 391 9249 9250 AND
2 1 395 9250 9251 AND
2 1 399 9251 9252 AND
2 1 403 9252 9253 AND
2 1 407 9253 9254 AND
2 1 411 9254 9255 AND
2 1 415 9255 9256 AND
2 1 419 9256 9257 AND
2 1 423 9257 9258 AND
2 1 427 9258 9259 AND
2 1 431 9259 9260 AND
2 1 435 9260 9261 AND
2 1 439 9261 9262 AND
2 1 443 9262 9263 AND
2 1 447 9263 9264 AND
2 1 451 9264 9265 AND
2 1 455 9265 9266 AND
2 1 459 9266 9267 AND
2 1 463 9267 9268 AND
2 1 467 9268 9269 AND
2 1 471 9269 9270 AND
2 1 475 9270 9271 AND
2 1 479 9271 9272 AND
2 1 483 9272 9273 AND
2 1 487 9273 9274 AND
2 1 491 9274 9275 AND
2 1 495 9275 9276 AND
2 1 499 9276 9277 AND
2 1 503 9277 9278 AND
2 1 223 505 9279 AND
2 1 9278 9279 9280 AND
2 1 514 849 9281 AND
2 1 519 9281 9282 AND
2 1 523 9282 9283 AND
2 1 527 9283 9284 AND
2 1 531 9284 9285 AND
2 1 535 9285 9286 AND
2 1 539 9286 9287 AND
2 1 543 9287 9288 AND
2 1 547 9288 9289 AND
2 1 551 9289 9290 AND
2 1 555 9290 9291 AND
2 1 559 9291 9292 AND
2 1 563 9292 9293 AND
2 1 567 9293 9294 AND
2 1 571 9294 9295 AND
2 1 575 9295 9296 AND
2 1 579 9296 9297 AND
2 1 583 9297 9298 AND
2 1 587 9298 9299 AND
2 1 591 9299 9300 AND
2 1 1355 9300 9301 AND
2 1 1357 9301 9302 AND
2 1 1621 9302 9303 AND
2 1 602 9303 9304 AND
2 1 606 9304 9305 AND
2 1 610 9305 9306 AND
2 1 614 9306 9307 AND
2 1 618 9307 9308 AND
2 1 622 9308 9309 AND
2 1 626 9309 9310 AND
2 1 630 9310 9311 AND
2 1 634 9311 9312 AND
2 1 638 9312 9313 AND
2 1 642 9313 9314 AND
2 1 646 9314 9315 AND
2 1 650 9315 9316 AND
2 1 654 9316 9317 AND
2 1 658 9317 9318 AND
2 1 662 9318 9319 AND
2 1 666 9319 9320 AND
2 1 670 9320 9321 AND
2 1 674 9321 9322 AND
2 1 678 9322 9323 AND
2 1 682 9323 9324 AND
2 1 686 9324 9325 AND
2 1 690 9325 9326 AND
2 1 694 9326 9327 AND
2 1 698 9327 9328 AND
2 1 702 9328 9329 AND
2 1 706 9329 9330 AND
2 1 710 9330 9331 AND
2 1 714 9331 9332 AND
2 1 718 9332 9333 AND
2 1 722 9333 9334 AND
2 1 726 9334 9335 AND
2 1 730 9335 9336 AND
2 1 734 9336 9337 AND
2 1 738 9337 9338 AND
2 1 742 9338 9339 AND
2 1 746 9339 9340 AND
2 1 750 9340 9341 AND
2 1 754 9341 9342 AND
2 1 758 9342 9343 AND
2 1 762 9343 9344 AND
2 1 766 9344 9345 AND
2 1 770 9345 9346 AND
2 1 774 9346 9347 AND
2 1 778 9347 9348 AND
2 1 782 9348 9349 AND
2 1 786 9349 9350 AND
2 1 790 9350 9351 AND
2 1 794 9351 9352 AND
2 1 798 9352 9353 AND
2 1 802 9353 9354 AND
2 1 806 9354 9355 AND
2 1 810 9355 9356 AND
2 1 814 9356 9357 AND
2 1 818 9357 9358 AND
2 1 822 9358 9359 AND
2 1 826 9359 9360 AND
2 1 830 9360 9361 AND
2 1 834 9361 9362 AND
2 1 838 9362 9363 AND
2 1 842 9363 9364 AND
2 1 224 844 9365 AND
2 1 9364 9365 9366 AND
2 1 853 1186 9367 AND
2 1 858 9367 9368 AND
2 1 862 9368 9369 AND
2 1 866 9369 9370 AND
2 1 870 9370 9371 AND
2 1 874 9371 9372 AND
2 1 878 9372 9373 AND
2 1 882 9373 9374 AND
2 1 886 9374 9375 AND
2 1 890 9375 9376 AND
2 1 894 9376 9377 AND
2 1 898 9377 9378 AND
2 1 902 9378 9379 AND
2 1 906 9379 9380 AND
2 1 910 9380 9381 AND
2 1 914 9381 9382 AND
2 1 918 9382 9383 AND
2 1 922 9383 9384 AND
2 1 926 9384 9385 AND
2 1 930 9385 9386 AND
2 1 1445 9386 9387 AND
2 1 1447 9387 9388 AND
2 1 1708 9388 9389 AND
2 1 939 9389 9390 AND
2 1 943 9390 9391 AND
2 1 947 9391 9392 AND
2 1 951 9392 9393 AND
2 1 955 9393 9394 AND
2 1 959 9394 9395 AND
2 1 963 9395 9396 AND
2 1 967 9396 9397 AND
2 1 971 9397 9398 AND
2 1 975 9398 9399 AND
2 1 979 9399 9400 AND
2 1 983 9400 9401 AND
2 1 987 9401 9402 AND
2 1 991 9402 9403 AND
2 1 995 9403 9404 AND
2 1 999 9404 9405 AND
2 1 1003 9405 9406 AND
2 1 1007 9406 9407 AND
2 1 1011 9407 9408 AND
2 1 1015 9408 9409 AND
2 1 1019 9409 9410 AND
2 1 1023 9410 9411 AND
2 1 1027 9411 9412 AND
2 1 1031 9412 9413 AND
2 1 1035 9413 9414 AND
2 1 1039 9414 9415 AND
2 1 1043 9415 9416 AND
2 1 1047 9416 9417 AND
2 1 1051 9417 9418 AND
2 1 1055 9418 9419 AND
2 1 1059 9419 9420 AND
2 1 1063 9420 9421 AND
2 1 1067 9421 9422 AND
2 1 1071 9422 9423 AND
2 1 1075 9423 9424 AND
2 1 1079 9424 9425 AND
2 1 1083 9425 9426 AND
2 1 1087 9426 9427 AND
2 1 1091 9427 9428 AND
2 1 1095 9428 9429 AND
2 1 1099 9429 9430 AND
2 1 1103 9430 9431 AND
2 1 1107 9431 9432 AND
2 1 1111 9432 9433 AND
2 1 1115 9433 9434 AND
2 1 1119 9434 9435 AND
2 1 1123 9435 9436 AND
2 1 1127 9436 9437 AND
2 1 1131 9437 9438 AND
2 1 1135 9438 9439 AND
2 1 1139 9439 9440 AND
2 1 1143 9440 9441 AND
2 1 1147 9441 9442 AND
2 1 1151 9442 9443 AND
2 1 1155 9443 9444 AND
2 1 1159 9444 9445 AND
2 1 1163 9445 9446 AND
2 1 1167 9446 9447 AND
2 1 1171 9447 9448 AND
2 1 1175 9448 9449 AND
2 1 1179 9449 9450 AND
2 1 225 1181 9451 AND
2 1 9450 9451 9452 AND
2 1 518 1190 9453 AND
2 1 1195 9453 9454 AND
2 1 1199 9454 9455 AND
2 1 1203 9455 9456 AND
2 1 1207 9456 9457 AND
2 1 1211 9457 9458 AND
2 1 1215 9458 9459 AND
2 1 1219 9459 9460 AND
2 1 1223 9460 9461 AND
2 1 1227 9461 9462 AND
2 1 1231 9462 9463 AND
2 1 1235 9463 9464 AND
2 1 1239 9464 9465 AND
2 1 1243 9465 9466 AND
2 1 1247 9466 9467 AND
2 1 1251 9467 9468 AND
2 1 1255 9468 9469 AND
2 1 1259 9469 9470 AND
2 1 1263 9470 9471 AND
2 1 1267 9471 9472 AND
2 1 1534 9472 9473 AND
2 1 263 9473 9474 AND
2 1 267 9474 9475 AND
2 1 271 9475 9476 AND
2 1 275 9476 9477 AND
2 1 279 9477 9478 AND
2 1 283 9478 9479 AND
2 1 287 9479 9480 AND
2 1 291 9480 9481 AND
2 1 295 9481 9482 AND
2 1 299 9482 9483 AND
2 1 303 9483 9484 AND
2 1 307 9484 9485 AND
2 1 311 9485 9486 AND
2 1 315 9486 9487 AND
2 1 319 9487 9488 AND
2 1 323 9488 9489 AND
2 1 327 9489 9490 AND
2 1 331 9490 9491 AND
2 1 335 9491 9492 AND
2 1 339 9492 9493 AND
2 1 343 9493 9494 AND
2 1 347 9494 9495 AND
2 1 351 9495 9496 AND
2 1 355 9496 9497 AND
2 1 359 9497 9498 AND
2 1 363 9498 9499 AND
2 1 367 9499 9500 AND
2 1 371 9500 9501 AND
2 1 375 9501 9502 AND
2 1 379 9502 9503 AND
2 1 383 9503 9504 AND
2 1 387 9504 9505 AND
2 1 391 9505 9506 AND
2 1 395 9506 9507 AND
2 1 399 9507 9508 AND
2 1 403 9508 9509 AND
2 1 407 9509 9510 AND
2 1 411 9510 9511 AND
2 1 415 9511 9512 AND
2 1 419 9512 9513 AND
2 1 423 9513 9514 AND
2 1 427 9514 9515 AND
2 1 431 9515 9516 AND
2 1 435 9516 9517 AND
2 1 439 9517 9518 AND
2 1 443 9518 9519 AND
2 1 447 9519 9520 AND
2 1 451 9520 9521 AND
2 1 455 9521 9522 AND
2 1 459 9522 9523 AND
2 1 463 9523 9524 AND
2 1 467 9524 9525 AND
2 1 471 9525 9526 AND
2 1 475 9526 9527 AND
2 1 479 9527 9528 AND
2 1 483 9528 9529 AND
2 1 487 9529 9530 AND
2 1 491 9530 9531 AND
2 1 495 9531 9532 AND
2 1 499 9532 9533 AND
2 1 503 9533 9534 AND
2 1 507 9534 9535 AND
2 1 511 9535 9536 AND
2 1 226 513 9537 AND
2 1 9536 9537 9538 AND
2 1 522 857 9539 AND
2 1 527 9539 9540 AND
2 1 531 9540 9541 AND
2 1 535 9541 9542 AND
2 1 539 9542 9543 AND
2 1 543 9543 9544 AND
2 1 547 9544 9545 AND
2 1 551 9545 9546 AND
2 1 555 9546 9547 AND
2 1 559 9547 9548 AND
2 1 563 9548 9549 AND
2 1 567 9549 9550 AND
2 1 571 9550 9551 AND
2 1 575 9551 9552 AND
2 1 579 9552 9553 AND
2 1 583 9553 9554 AND
2 1 587 9554 9555 AND
2 1 591 9555 9556 AND
2 1 1355 9556 9557 AND
2 1 1357 9557 9558 AND
2 1 1621 9558 9559 AND
2 1 602 9559 9560 AND
2 1 606 9560 9561 AND
2 1 610 9561 9562 AND
2 1 614 9562 9563 AND
2 1 618 9563 9564 AND
2 1 622 9564 9565 AND
2 1 626 9565 9566 AND
2 1 630 9566 9567 AND
2 1 634 9567 9568 AND
2 1 638 9568 9569 AND
2 1 642 9569 9570 AND
2 1 646 9570 9571 AND
2 1 650 9571 9572 AND
2 1 654 9572 9573 AND
2 1 658 9573 9574 AND
2 1 662 9574 9575 AND
2 1 666 9575 9576 AND
2 1 670 9576 9577 AND
2 1 674 9577 9578 AND
2 1 678 9578 9579 AND
2 1 682 9579 9580 AND
2 1 686 9580 9581 AND
2 1 690 9581 9582 AND
2 1 694 9582 9583 AND
2 1 698 9583 9584 AND
2 1 702 9584 9585 AND
2 1 706 9585 9586 AND
2 1 710 9586 9587 AND
2 1 714 9587 9588 AND
2 1 718 9588 9589 AND
2 1 722 9589 9590 AND
2 1 726 9590 9591 AND
2 1 730 9591 9592 AND
2 1 734 9592 9593 AND
2 1 738 9593 9594 AND
2 1 742 9594 9595 AND
2 1 746 9595 9596 AND
2 1 750 9596 9597 AND
2 1 754 9597 9598 AND
2 1 758 9598 9599 AND
2 1 762 9599 9600 AND
2 1 766 9600 9601 AND
2 1 770 9601 9602 AND
2 1 774 9602 9603 AND
2 1 778 9603 9604 AND
2 1 782 9604 9605 AND
2 1 786 9605 9606 AND
2 1 790 9606 9607 AND
2 1 794 9607 9608 AND
2 1 798 9608 9609 AND
2 1 802 9609 9610 AND
2 1 806 9610 9611 AND
2 1 810 9611 9612 AND
2 1 814 9612 9613 AND
2 1 818 9613 9614 AND
2 1 822 9614 9615 AND
2 1 826 9615 9616 AND
2 1 830 9616 9617 AND
2 1 834 9617 9618 AND
2 1 838 9618 9619 AND
2 1 842 9619 9620 AND
2 1 846 9620 9621 AND
2 1 850 9621 9622 AND
2 1 227 852 9623 AND
2 1 9622 9623 9624 AND
2 1 861 1194 9625 AND
2 1 866 9625 9626 AND
2 1 870 9626 9627 AND
2 1 874 9627 9628 AND
2 1 878 9628 9629 AND
2 1 882 9629 9630 AND
2 1 886 9630 9631 AND
2 1 890 9631 9632 AND
2 1 894 9632 9633 AND
2 1 898 9633 9634 AND
2 1 902 9634 9635 AND
2 1 906 9635 9636 AND
2 1 910 9636 9637 AND
2 1 914 9637 9638 AND
2 1 918 9638 9639 AND
2 1 922 9639 9640 AND
2 1 926 9640 9641 AND
2 1 930 9641 9642 AND
2 1 1445 9642 9643 AND
2 1 1447 9643 9644 AND
2 1 1708 9644 9645 AND
2 1 939 9645 9646 AND
2 1 943 9646 9647 AND
2 1 947 9647 9648 AND
2 1 951 9648 9649 AND
2 1 955 9649 9650 AND
2 1 959 9650 9651 AND
2 1 963 9651 9652 AND
2 1 967 9652 9653 AND
2 1 971 9653 9654 AND
2 1 975 9654 9655 AND
2 1 979 9655 9656 AND
2 1 983 9656 9657 AND
2 1 987 9657 9658 AND
2 1 991 9658 9659 AND
2 1 995 9659 9660 AND
2 1 999 9660 9661 AND
2 1 1003 9661 9662 AND
2 1 1007 9662 9663 AND
2 1 1011 9663 9664 AND
2 1 1015 9664 9665 AND
2 1 1019 9665 9666 AND
2 1 1023 9666 9667 AND
2 1 1027 9667 9668 AND
2 1 1031 9668 9669 AND
2 1 1035 9669 9670 AND
2 1 1039 9670 9671 AND
2 1 1043 9671 9672 AND
2 1 1047 9672 9673 AND
2 1 1051 9673 9674 AND
2 1 1055 9674 9675 AND
2 1 1059 9675 9676 AND
2 1 1063 9676 9677 AND
2 1 1067 9677 9678 AND
2 1 1071 9678 9679 AND
2 1 1075 9679 9680 AND
2 1 1079 9680 9681 AND
2 1 1083 9681 9682 AND
2 1 1087 9682 9683 AND
2 1 1091 9683 9684 AND
2 1 1095 9684 9685 AND
2 1 1099 9685 9686 AND
2 1 1103 9686 9687 AND
2 1 1107 9687 9688 AND
2 1 1111 9688 9689 AND
2 1 1115 9689 9690 AND
2 1 1119 9690 9691 AND
2 1 1123 9691 9692 AND
2 1 1127 9692 9693 AND
2 1 1131 9693 9694 AND
2 1 1135 9694 9695 AND
2 1 1139 9695 9696 AND
2 1 1143 9696 9697 AND
2 1 1147 9697 9698 AND
2 1 1151 9698 9699 AND
2 1 1155 9699 9700 AND
2 1 1159 9700 9701 AND
2 1 1163 9701 9702 AND
2 1 1167 9702 9703 AND
2 1 1171 9703 9704 AND
2 1 1175 9704 9705 AND
2 1 1179 9705 9706 AND
2 1 1183 9706 9707 AND
2 1 1187 9707 9708 AND
2 1 228 1189 9709 AND
2 1 9708 9709 9710 AND
2 1 526 1198 9711 AND
2 1 1203 9711 9712 AND
2 1 1207 9712 9713 AND
2 1 1211 9713 9714 AND
2 1 1215 9714 9715 AND
2 1 1219 9715 9716 AND
2 1 1223 9716 9717 AND
2 1 1227 9717 9718 AND
2 1 1231 9718 9719 AND
2 1 1235 9719 9720 AND
2 1 1239 9720 9721 AND
2 1 1243 9721 9722 AND
2 1 1247 9722 9723 AND
2 1 1251 9723 9724 AND
2 1 1255 9724 9725 AND
2 1 1259 9725 9726 AND
2 1 1263 9726 9727 AND
2 1 1267 9727 9728 AND
2 1 1534 9728 9729 AND
2 1 263 9729 9730 AND
2 1 267 9730 9731 AND
2 1 271 9731 9732 AND
2 1 275 9732 9733 AND
2 1 279 9733 9734 AND
2 1 283 9734 9735 AND
2 1 287 9735 9736 AND
2 1 291 9736 9737 AND
2 1 295 9737 9738 AND
2 1 299 9738 9739 AND
2 1 303 9739 9740 AND
2 1 307 9740 9741 AND
2 1 311 9741 9742 AND
2 1 315 9742 9743 AND
2 1 319 9743 9744 AND
2 1 323 9744 9745 AND
2 1 327 9745 9746 AND
2 1 331 9746 9747 AND
2 1 335 9747 9748 AND
2 1 339 9748 9749 AND
2 1 343 9749 9750 AND
2 1 347 9750 9751 AND
2 1 351 9751 9752 AND
2 1 355 9752 9753 AND
2 1 359 9753 9754 AND
2 1 363 9754 9755 AND
2 1 367 9755 9756 AND
2 1 371 9756 9757 AND
2 1 375 9757 9758 AND
2 1 379 9758 9759 AND
2 1 383 9759 9760 AND
2 1 387 9760 9761 AND
2 1 391 9761 9762 AND
2 1 395 9762 9763 AND
2 1 399 9763 9764 AND
2 1 403 9764 9765 AND
2 1 407 9765 9766 AND
2 1 411 9766 9767 AND
2 1 415 9767 9768 AND
2 1 419 9768 9769 AND
2 1 423 9769 9770 AND
2 1 427 9770 9771 AND
2 1 431 9771 9772 AND
2 1 435 9772 9773 AND
2 1 439 9773 9774 AND
2 1 443 9774 9775 AND
2 1 447 9775 9776 AND
2 1 451 9776 9777 AND
2 1 455 9777 9778 AND
2 1 459 9778 9779 AND
2 1 463 9779 9780 AND
2 1 467 9780 9781 AND
2 1 471 9781 9782 AND
2 1 475 9782 9783 AND
2 1 479 9783 9784 AND
2 1 483 9784 9785 AND
2 1 487 9785 9786 AND
2 1 491 9786 9787 AND
2 1 495 9787 9788 AND
2 1 499 9788 9789 AND
2 1 503 9789 9790 AND
2 1 507 9790 9791 AND
2 1 511 9791 9792 AND
2 1 515 9792 9793 AND
2 1 519 9793 9794 AND
2 1 229 521 9795 AND
2 1 9794 9795 9796 AND
2 1 530 865 9797 AND
2 1 535 9797 9798 AND
2 1 539 9798 9799 AND
2 1 543 9799 9800 AND
2 1 547 9800 9801 AND
2 1 551 9801 9802 AND
2 1 555 9802 9803 AND
2 1 559 9803 9804 AND
2 1 563 9804 9805 AND
2 1 567 9805 9806 AND
2 1 571 9806 9807 AND
2 1 575 9807 9808 AND
2 1 579 9808 9809 AND
2 1 583 9809 9810 AND
2 1 587 9810 9811 AND
2 1 591 9811 9812 AND
2 1 1355 9812 9813 AND
2 1 1357 9813 9814 AND
2 1 1621 9814 9815 AND
2 1 602 9815 9816 AND
2 1 606 9816 9817 AND
2 1 610 9817 9818 AND
2 1 614 9818 9819 AND
2 1 618 9819 9820 AND
2 1 622 9820 9821 AND
2 1 626 9821 9822 AND
2 1 630 9822 9823 AND
2 1 634 9823 9824 AND
2 1 638 9824 9825 AND
2 1 642 9825 9826 AND
2 1 646 9826 9827 AND
2 1 650 9827 9828 AND
2 1 654 9828 9829 AND
2 1 658 9829 9830 AND
2 1 662 9830 9831 AND
2 1 666 9831 9832 AND
2 1 670 9832 9833 AND
2 1 674 9833 9834 AND
2 1 678 9834 9835 AND
2 1 682 9835 9836 AND
2 1 686 9836 9837 AND
2 1 690 9837 9838 AND
2 1 694 9838 9839 AND
2 1 698 9839 9840 AND
2 1 702 9840 9841 AND
2 1 706 9841 9842 AND
2 1 710 9842 9843 AND
2 1 714 9843 9844 AND
2 1 718 9844 9845 AND
2 1 722 9845 9846 AND
2 1 726 9846 9847 AND
2 1 730 9847 9848 AND
2 1 734 9848 9849 AND
2 1 738 9849 9850 AND
2 1 742 9850 9851 AND
2 1 746 9851 9852 AND
2 1 750 9852 9853 AND
2 1 754 9853 9854 AND
2 1 758 9854 9855 AND
2 1 762 9855 9856 AND
2 1 766 9856 9857 AND
2 1 770 9857 9858 AND
2 1 774 9858 9859 AND
2 1 778 9859 9860 AND
2 1 782 9860 9861 AND
2 1 786 9861 9862 AND
2 1 790 9862 9863 AND
2 1 794 9863 9864 AND
2 1 798 9864 9865 AND
2 1 802 9865 9866 AND
2 1 806 9866 9867 AND
2 1 810 9867 9868 AND
2 1 814 9868 9869 AND
2 1 818 9869 9870 AND
2 1 822 9870 9871 AND
2 1 826 9871 9872 AND
2 1 830 9872 9873 AND
2 1 834 9873 9874 AND
2 1 838 9874 9875 AND
2 1 842 9875 9876 AND
2 1 846 9876 9877 AND
2 1 850 9877 9878 AND
2 1 854 9878 9879 AND
2 1 858 9879 9880 AND
2 1 230 860 9881 AND
2 1 9880 9881 9882 AND
2 1 869 1202 9883 AND
2 1 874 9883 9884 AND
2 1 878 9884 9885 AND
2 1 882 9885 9886 AND
2 1 886 9886 9887 AND
2 1 890 9887 9888 AND
2 1 894 9888 9889 AND
2 1 898 9889 9890 AND
2 1 902 9890 9891 AND
2 1 906 9891 9892 AND
2 1 910 9892 9893 AND
2 1 914 9893 9894 AND
2 1 918 9894 9895 AND
2 1 922 9895 9896 AND
2 1 926 9896 9897 AND
2 1 930 9897 9898 AND
2 1 1445 9898 9899 AND
2 1 1447 9899 9900 AND
2 1 1708 9900 9901 AND
2 1 939 9901 9902 AND
2 1 943 9902 9903 AND
2 1 947 9903 9904 AND
2 1 951 9904 9905 AND
2 1 955 9905 9906 AND
2 1 959 9906 9907 AND
2 1 963 9907 9908 AND
2 1 967 9908 9909 AND
2 1 971 9909 9910 AND
2 1 975 9910 9911 AND
2 1 979 9911 9912 AND
2 1 983 9912 9913 AND
2 1 987 9913 9914 AND
2 1 991 9914 9915 AND
2 1 995 9915 9916 AND
2 1 999 9916 9917 AND
2 1 1003 9917 9918 AND
2 1 1007 9918 9919 AND
2 1 1011 9919 9920 AND
2 1 1015 9920 9921 AND
2 1 1019 9921 9922 AND
2 1 1023 9922 9923 AND
2 1 1027 9923 9924 AND
2 1 1031 9924 9925 AND
2 1 1035 9925 9926 AND
2 1 1039 9926 9927 AND
2 1 1043 9927 9928 AND
2 1 1047 9928 9929 AND
2 1 1051 9929 9930 AND
2 1 1055 9930 9931 AND
2 1 1059 9931 9932 AND
2 1 1063 9932 9933 AND
2 1 1067 9933 9934 AND
2 1 1071 9934 9935 AND
2 1 1075 9935 9936 AND
2 1 1079 9936 9937 AND
2 1 1083 9937 9938 AND
2 1 1087 9938 9939 AND
2 1 1091 9939 9940 AND
2 1 1095 9940 9941 AND
2 1 1099 9941 9942 AND
2 1 1103 9942 9943 AND
2 1 1107 9943 9944 AND
2 1 1111 9944 9945 AND
2 1 1115 9945 9946 AND
2 1 1119 9946 9947 AND
2 1 1123 9947 9948 AND
2 1 1127 9948 9949 AND
2 1 1131 9949 9950 AND
2 1 1135 9950 9951 AND
2 1 1139 9951 9952 AND
2 1 1143 9952 9953 AND
2 1 1147 9953 9954 AND
2 1 1151 9954 9955 AND
2 1 1155 9955 9956 AND
2 1 1159 9956 9957 AND
2 1 1163 9957 9958 AND
2 1 1167 9958 9959 AND
2 1 1171 9959 9960 AND
2 1 1175 9960 9961 AND
2 1 1179 9961 9962 AND
2 1 1183 9962 9963 AND
2 1 1187 9963 9964 AND
2 1 1191 9964 9965 AND
2 1 1195 9965 9966 AND
2 1 231 1197 9967 AND
2 1 9966 9967 9968 AND
2 1 534 1206 9969 AND
2 1 1211 9969 9970 AND
2 1 1215 9970 9971 AND
2 1 1219 9971 9972 AND
2 1 1223 9972 9973 AND
2 1 1227 9973 9974 AND
2 1 1231 9974 9975 AND
2 1 1235 9975 9976 AND
2 1 1239 9976 9977 AND
2 1 1243 9977 9978 AND
2 1 1247 9978 9979 AND
2 1 1251 9979 9980 AND
2 1 1255 9980 9981 AND
2 1 1259 9981 9982 AND
2 1 1263 9982 9983 AND
2 1 1267 9983 9984 AND
2 1 1534 9984 9985 AND
2 1 263 9985 9986 AND
2 1 267 9986 9987 AND
2 1 271 9987 9988 AND
2 1 275 9988 9989 AND
2 1 279 9989 9990 AND
2 1 283 9990 9991 AND
2 1 287 9991 9992 AND
2 1 291 9992 9993 AND
2 1 295 9993 9994 AND
2 1 299 9994 9995 AND
2 1 303 9995 9996 AND
2 1 307 9996 9997 AND
2 1 311 9997 9998 AND
2 1 315 9998 9999 AND
2 1 319 9999 10000 AND
2 1 323 10000 10001 AND
2 1 327 10001 10002 AND
2 1 331 10002 10003 AND
2 1 335 10003 10004 AND
2 1 339 10004 10005 AND
2 1 343 10005 10006 AND
2 1 347 10006 10007 AND
2 1 351 10007 10008 AND
2 1 355 10008 10009 AND
2 1 359 10009 10010 AND
2 1 363 10010 10011 AND
2 1 367 10011 10012 AND
2 1 371 10012 10013 AND
2 1 375 10013 10014 AND
2 1 379 10014 10015 AND
2 1 383 10015 10016 AND
2 1 387 10016 10017 AND
2 1 391 10017 10018 AND
2 1 395 10018 10019 AND
2 1 399 10019 10020 AND
2 1 403 10020 10021 AND
2 1 407 10021 10022 AND
2 1 411 10022 10023 AND
2 1 415 10023 10024 AND
2 1 419 10024 10025 AND
2 1 423 10025 10026 AND
2 1 427 10026 10027 AND
2 1 431 10027 10028 AND
2 1 435 10028 10029 AND
2 1 439 10029 10030 AND
2 1 443 10030 10031 AND
2 1 447 10031 10032 AND
2 1 451 10032 10033 AND
2 1 455 10033 10034 AND
2 1 459 10034 10035 AND
2 1 463 10035 10036 AND
2 1 467 10036 10037 AND
2 1 471 10037 10038 AND
2 1 475 10038 10039 AND
2 1 479 10039 10040 AND
2 1 483 10040 10041 AND
2 1 487 10041 10042 AND
2 1 491 10042 10043 AND
2 1 495 10043 10044 AND
2 1 499 10044 10045 AND
2 1 503 10045 10046 AND
2 1 507 10046 10047 AND
2 1 511 10047 10048 AND
2 1 515 10048 10049 AND
2 1 519 10049 10050 AND
2 1 523 10050 10051 AND
2 1 527 10051 10052 AND
2 1 232 529 10053 AND
2 1 10052 10053 10054 AND
2 1 538 873 10055 AND
2 1 543 10055 10056 AND
2 1 547 10056 10057 AND
2 1 551 10057 10058 AND
2 1 555 10058 10059 AND
2 1 559 10059 10060 AND
2 1 563 10060 10061 AND
2 1 567 10061 10062 AND
2 1 571 10062 10063 AND
2 1 575 10063 10064 AND
2 1 579 10064 10065 AND
2 1 583 10065 10066 AND
2 1 587 10066 10067 AND
2 1 591 10067 10068 AND
2 1 1355 10068 10069 AND
2 1 1357 10069 10070 AND
2 1 1621 10070 10071 AND
2 1 602 10071 10072 AND
2 1 606 10072 10073 AND
2 1 610 10073 10074 AND
2 1 614 10074 10075 AND
2 1 618 10075 10076 AND
2 1 622 10076 10077 AND
2 1 626 10077 10078 AND
2 1 630 10078 10079 AND
2 1 634 10079 10080 AND
2 1 638 10080 10081 AND
2 1 642 10081 10082 AND
2 1 646 10082 10083 AND
2 1 650 10083 10084 AND
2 1 654 10084 10085 AND
2 1 658 10085 10086 AND
2 1 662 10086 10087 AND
2 1 666 10087 10088 AND
2 1 670 10088 10089 AND
2 1 674 10089 10090 AND
2 1 678 10090 10091 AND
2 1 682 10091 10092 AND
2 1 686 10092 10093 AND
2 1 690 10093 10094 AND
2 1 694 10094 10095 AND
2 1 698 10095 10096 AND
2 1 702 10096 10097 AND
2 1 706 10097 10098 AND
2 1 710 10098 10099 AND
2 1 714 10099 10100 AND
2 1 718 10100 10101 AND
2 1 722 10101 10102 AND
2 1 726 10102 10103 AND
2 1 730 10103 10104 AND
2 1 734 10104 10105 AND
2 1 738 10105 10106 AND
2 1 742 10106 10107 AND
2 1 746 10107 10108 AND
2 1 750 10108 10109 AND
2 1 754 10109 10110 AND
2 1 758 10110 10111 AND
2 1 762 10111 10112 AND
2 1 766 10112 10113 AND
2 1 770 10113 10114 AND
2 1 774 10114 10115 AND
2 1 778 10115 10116 AND
2 1 782 10116 10117 AND
2 1 786 10117 10118 AND
2 1 790 10118 10119 AND
2 1 794 10119 10120 AND
2 1 798 10120 10121 AND
2 1 802 10121 10122 AND
2 1 806 10122 10123 AND
2 1 810 10123 10124 AND
2 1 814 10124 10125 AND
2 1 818 10125 10126 AND
2 1 822 10126 10127 AND
2 1 826 10127 10128 AND
2 1 830 10128 10129 AND
2 1 834 10129 10130 AND
2 1 838 10130 10131 AND
2 1 842 10131 10132 AND
2 1 846 10132 10133 AND
2 1 850 10133 10134 AND
2 1 854 10134 10135 AND
2 1 858 10135 10136 AND
2 1 862 10136 10137 AND
2 1 866 10137 10138 AND
2 1 233 868 10139 AND
2 1 10138 10139 10140 AND
2 1 877 1210 10141 AND
2 1 882 10141 10142 AND
2 1 886 10142 10143 AND
2 1 890 10143 10144 AND
2 1 894 10144 10145 AND
2 1 898 10145 10146 AND
2 1 902 10146 10147 AND
2 1 906 10147 10148 AND
2 1 910 10148 10149 AND
2 1 914 10149 10150 AND
2 1 918 10150 10151 AND
2 1 922 10151 10152 AND
2 1 926 10152 10153 AND
2 1 930 10153 10154 AND
2 1 1445 10154 10155 AND
2 1 1447 10155 10156 AND
2 1 1708 10156 10157 AND
2 1 939 10157 10158 AND
2 1 943 10158 10159 AND
2 1 947 10159 10160 AND
2 1 951 10160 10161 AND
2 1 955 10161 10162 AND
2 1 959 10162 10163 AND
2 1 963 10163 10164 AND
2 1 967 10164 10165 AND
2 1 971 10165 10166 AND
2 1 975 10166 10167 AND
2 1 979 10167 10168 AND
2 1 983 10168 10169 AND
2 1 987 10169 10170 AND
2 1 991 10170 10171 AND
2 1 995 10171 10172 AND
2 1 999 10172 10173 AND
2 1 1003 10173 10174 AND
2 1 1007 10174 10175 AND
2 1 1011 10175 10176 AND
2 1 1015 10176 10177 AND
2 1 1019 10177 10178 AND
2 1 1023 10178 10179 AND
2 1 1027 10179 10180 AND
2 1 1031 10180 10181 AND
2 1 1035 10181 10182 AND
2 1 1039 10182 10183 AND
2 1 1043 10183 10184 AND
2 1 1047 10184 10185 AND
2 1 1051 10185 10186 AND
2 1 1055 10186 10187 AND
2 1 1059 10187 10188 AND
2 1 1063 10188 10189 AND
2 1 1067 10189 10190 AND
2 1 1071 10190 10191 AND
2 1 1075 10191 10192 AND
2 1 1079 10192 10193 AND
2 1 1083 10193 10194 AND
2 1 1087 10194 10195 AND
2 1 1091 10195 10196 AND
2 1 1095 10196 10197 AND
2 1 1099 10197 10198 AND
2 1 1103 10198 10199 AND
2 1 1107 10199 10200 AND
2 1 1111 10200 10201 AND
2 1 1115 10201 10202 AND
2 1 1119 10202 10203 AND
2 1 1123 10203 10204 AND
2 1 1127 10204 10205 AND
2 1 1131 10205 10206 AND
2 1 1135 10206 10207 AND
2 1 1139 10207 10208 AND
2 1 1143 10208 10209 AND
2 1 1147 10209 10210 AND
2 1 1151 10210 10211 AND
2 1 1155 10211 10212 AND
2 1 1159 10212 10213 AND
2 1 1163 10213 10214 AND
2 1 1167 10214 10215 AND
2 1 1171 10215 10216 AND
2 1 1175 10216 10217 AND
2 1 1179 10217 10218 AND
2 1 1183 10218 10219 AND
2 1 1187 10219 10220 AND
2 1 1191 10220 10221 AND
2 1 1195 10221 10222 AND
2 1 1199 10222 10223 AND
2 1 1203 10223 10224 AND
2 1 234 1205 10225 AND
2 1 10224 10225 10226 AND
2 1 542 1214 10227 AND
2 1 1219 10227 10228 AND
2 1 1223 10228 10229 AND
2 1 1227 10229 10230 AND
2 1 1231 10230 10231 AND
2 1 1235 10231 10232 AND
2 1 1239 10232 10233 AND
2 1 1243 10233 10234 AND
2 1 1247 10234 10235 AND
2 1 1251 10235 10236 AND
2 1 1255 10236 10237 AND
2 1 1259 10237 10238 AND
2 1 1263 10238 10239 AND
2 1 1267 10239 10240 AND
2 1 1534 10240 10241 AND
2 1 263 10241 10242 AND
2 1 267 10242 10243 AND
2 1 271 10243 10244 AND
2 1 275 10244 10245 AND
2 1 279 10245 10246 AND
2 1 283 10246 10247 AND
2 1 287 10247 10248 AND
2 1 291 10248 10249 AND
2 1 295 10249 10250 AND
2 1 299 10250 10251 AND
2 1 303 10251 10252 AND
2 1 307 10252 10253 AND
2 1 311 10253 10254 AND
2 1 315 10254 10255 AND
2 1 319 10255 10256 AND
2 1 323 10256 10257 AND
2 1 327 10257 10258 AND
2 1 331 10258 10259 AND
2 1 335 10259 10260 AND
2 1 339 10260 10261 AND
2 1 343 10261 10262 AND
2 1 347 10262 10263 AND
2 1 351 10263 10264 AND
2 1 355 10264 10265 AND
2 1 359 10265 10266 AND
2 1 363 10266 10267 AND
2 1 367 10267 10268 AND
2 1 371 10268 10269 AND
2 1 375 10269 10270 AND
2 1 379 10270 10271 AND
2 1 383 10271 10272 AND
2 1 387 10272 10273 AND
2 1 391 10273 10274 AND
2 1 395 10274 10275 AND
2 1 399 10275 10276 AND
2 1 403 10276 10277 AND
2 1 407 10277 10278 AND
2 1 411 10278 10279 AND
2 1 415 10279 10280 AND
2 1 419 10280 10281 AND
2 1 423 10281 10282 AND
2 1 427 10282 10283 AND
2 1 431 10283 10284 AND
2 1 435 10284 10285 AND
2 1 439 10285 10286 AND
2 1 443 10286 10287 AND
2 1 447 10287 10288 AND
2 1 451 10288 10289 AND
2 1 455 10289 10290 AND
2 1 459 10290 10291 AND
2 1 463 10291 10292 AND
2 1 467 10292 10293 AND
2 1 471 10293 10294 AND
2 1 475 10294 10295 AND
2 1 479 10295 10296 AND
2 1 483 10296 10297 AND
2 1 487 10297 10298 AND
2 1 491 10298 10299 AND
2 1 495 10299 10300 AND
2 1 499 10300 10301 AND
2 1 503 10301 10302 AND
2 1 507 10302 10303 AND
2 1 511 10303 10304 AND
2 1 515 10304 10305 AND
2 1 519 10305 10306 AND
2 1 523 10306 10307 AND
2 1 527 10307 10308 AND
2 1 531 10308 10309 AND
2 1 535 10309 10310 AND
2 1 235 537 10311 AND
2 1 10310 10311 10312 AND
2 1 546 881 10313 AND
2 1 551 10313 10314 AND
2 1 555 10314 10315 AND
2 1 559 10315 10316 AND
2 1 563 10316 10317 AND
2 1 567 10317 10318 AND
2 1 571 10318 10319 AND
2 1 575 10319 10320 AND
2 1 579 10320 10321 AND
2 1 583 10321 10322 AND
2 1 587 10322 10323 AND
2 1 591 10323 10324 AND
2 1 1355 10324 10325 AND
2 1 1357 10325 10326 AND
2 1 1621 10326 10327 AND
2 1 602 10327 10328 AND
2 1 606 10328 10329 AND
2 1 610 10329 10330 AND
2 1 614 10330 10331 AND
2 1 618 10331 10332 AND
2 1 622 10332 10333 AND
2 1 626 10333 10334 AND
2 1 630 10334 10335 AND
2 1 634 10335 10336 AND
2 1 638 10336 10337 AND
2 1 642 10337 10338 AND
2 1 646 10338 10339 AND
2 1 650 10339 10340 AND
2 1 654 10340 10341 AND
2 1 658 10341 10342 AND
2 1 662 10342 10343 AND
2 1 666 10343 10344 AND
2 1 670 10344 10345 AND
2 1 674 10345 10346 AND
2 1 678 10346 10347 AND
2 1 682 10347 10348 AND
2 1 686 10348 10349 AND
2 1 690 10349 10350 AND
2 1 694 10350 10351 AND
2 1 698 10351 10352 AND
2 1 702 10352 10353 AND
2 1 706 10353 10354 AND
2 1 710 10354 10355 AND
2 1 714 10355 10356 AND
2 1 718 10356 10357 AND
2 1 722 10357 10358 AND
2 1 726 10358 10359 AND
2 1 730 10359 10360 AND
2 1 734 10360 10361 AND
2 1 738 10361 10362 AND
2 1 742 10362 10363 AND
2 1 746 10363 10364 AND
2 1 750 10364 10365 AND
2 1 754 10365 10366 AND
2 1 758 10366 10367 AND
2 1 762 10367 10368 AND
2 1 766 10368 10369 AND
2 1 770 10369 10370 AND
2 1 774 10370 10371 AND
2 1 778 10371 10372 AND
2 1 782 10372 10373 AND
2 1 786 10373 10374 AND
2 1 790 10374 10375 AND
2 1 794 10375 10376 AND
2 1 798 10376 10377 AND
2 1 802 10377 10378 AND
2 1 806 10378 10379 AND
2 1 810 10379 10380 AND
2 1 814 10380 10381 AND
2 1 818 10381 10382 AND
2 1 822 10382 10383 AND
2 1 826 10383 10384 AND
2 1 830 10384 10385 AND
2 1 834 10385 10386 AND
2 1 838 10386 10387 AND
2 1 842 10387 10388 AND
2 1 846 10388 10389 AND
2 1 850 10389 10390 AND
2 1 854 10390 10391 AND
2 1 858 10391 10392 AND
2 1 862 10392 10393 AND
2 1 866 10393 10394 AND
2 1 870 10394 10395 AND
2 1 874 10395 10396 AND
2 1 236 876 10397 AND
2 1 10396 10397 10398 AND
2 1 885 1218 10399 AND
2 1 890 10399 10400 AND
2 1 894 10400 10401 AND
2 1 898 10401 10402 AND
2 1 902 10402 10403 AND
2 1 906 10403 10404 AND
2 1 910 10404 10405 AND
2 1 914 10405 10406 AND
2 1 918 10406 10407 AND
2 1 922 10407 10408 AND
2 1 926 10408 10409 AND
2 1 930 10409 10410 AND
2 1 1445 10410 10411 AND
2 1 1447 10411 10412 AND
2 1 1708 10412 10413 AND
2 1 939 10413 10414 AND
2 1 943 10414 10415 AND
2 1 947 10415 10416 AND
2 1 951 10416 10417 AND
2 1 955 10417 10418 AND
2 1 959 10418 10419 AND
2 1 963 10419 10420 AND
2 1 967 10420 10421 AND
2 1 971 10421 10422 AND
2 1 975 10422 10423 AND
2 1 979 10423 10424 AND
2 1 983 10424 10425 AND
2 1 987 10425 10426 AND
2 1 991 10426 10427 AND
2 1 995 10427 10428 AND
2 1 999 10428 10429 AND
2 1 1003 10429 10430 AND
2 1 1007 10430 10431 AND
2 1 1011 10431 10432 AND
2 1 1015 10432 10433 AND
2 1 1019 10433 10434 AND
2 1 1023 10434 10435 AND
2 1 1027 10435 10436 AND
2 1 1031 10436 10437 AND
2 1 1035 10437 10438 AND
2 1 1039 10438 10439 AND
2 1 1043 10439 10440 AND
2 1 1047 10440 10441 AND
2 1 1051 10441 10442 AND
2 1 1055 10442 10443 AND
2 1 1059 10443 10444 AND
2 1 1063 10444 10445 AND
2 1 1067 10445 10446 AND
2 1 1071 10446 10447 AND
2 1 1075 10447 10448 AND
2 1 1079 10448 10449 AND
2 1 1083 10449 10450 AND
2 1 1087 10450 10451 AND
2 1 1091 10451 10452 AND
2 1 1095 10452 10453 AND
2 1 1099 10453 10454 AND
2 1 1103 10454 10455 AND
2 1 1107 10455 10456 AND
2 1 1111 10456 10457 AND
2 1 1115 10457 10458 AND
2 1 1119 10458 10459 AND
2 1 1123 10459 10460 AND
2 1 1127 10460 10461 AND
2 1 1131 10461 10462 AND
2 1 1135 10462 10463 AND
2 1 1139 10463 10464 AND
2 1 1143 10464 10465 AND
2 1 1147 10465 10466 AND
2 1 1151 10466 10467 AND
2 1 1155 10467 10468 AND
2 1 1159 10468 10469 AND
2 1 1163 10469 10470 AND
2 1 1167 10470 10471 AND
2 1 1171 10471 10472 AND
2 1 1175 10472 10473 AND
2 1 1179 10473 10474 AND
2 1 1183 10474 10475 AND
2 1 1187 10475 10476 AND
2 1 1191 10476 10477 AND
2 1 1195 10477 10478 AND
2 1 1199 10478 10479 AND
2 1 1203 10479 10480 AND
2 1 1207 10480 10481 AND
2 1 1211 10481 10482 AND
2 1 237 1213 10483 AND
2 1 10482 10483 10484 AND
2 1 550 1222 10485 AND
2 1 1227 10485 10486 AND
2 1 1231 10486 10487 AND
2 1 1235 10487 10488 AND
2 1 1239 10488 10489 AND
2 1 1243 10489 10490 AND
2 1 1247 10490 10491 AND
2 1 1251 10491 10492 AND
2 1 1255 10492 10493 AND
2 1 1259 10493 10494 AND
2 1 1263 10494 10495 AND
2 1 1267 10495 10496 AND
2 1 1534 10496 10497 AND
2 1 263 10497 10498 AND
2 1 267 10498 10499 AND
2 1 271 10499 10500 AND
2 1 275 10500 10501 AND
2 1 279 10501 10502 AND
2 1 283 10502 10503 AND
2 1 287 10503 10504 AND
2 1 291 10504 10505 AND
2 1 295 10505 10506 AND
2 1 299 10506 10507 AND
2 1 303 10507 10508 AND
2 1 307 10508 10509 AND
2 1 311 10509 10510 AND
2 1 315 10510 10511 AND
2 1 319 10511 10512 AND
2 1 323 10512 10513 AND
2 1 327 10513 10514 AND
2 1 331 10514 10515 AND
2 1 335 10515 10516 AND
2 1 339 10516 10517 AND
2 1 343 10517 10518 AND
2 1 347 10518 10519 AND
2 1 351 10519 10520 AND
2 1 355 10520 10521 AND
2 1 359 10521 10522 AND
2 1 363 10522 10523 AND
2 1 367 10523 10524 AND
2 1 371 10524 10525 AND
2 1 375 10525 10526 AND
2 1 379 10526 10527 AND
2 1 383 10527 10528 AND
2 1 387 10528 10529 AND
2 1 391 10529 10530 AND
2 1 395 10530 10531 AND
2 1 399 10531 10532 AND
2 1 403 10532 10533 AND
2 1 407 10533 10534 AND
2 1 411 10534 10535 AND
2 1 415 10535 10536 AND
2 1 419 10536 10537 AND
2 1 423 10537 10538 AND
2 1 427 10538 10539 AND
2 1 431 10539 10540 AND
2 1 435 10540 10541 AND
2 1 439 10541 10542 AND
2 1 443 10542 10543 AND
2 1 447 10543 10544 AND
2 1 451 10544 10545 AND
2 1 455 10545 10546 AND
2 1 459 10546 10547 AND
2 1 463 10547 10548 AND
2 1 467 10548 10549 AND
2 1 471 10549 10550 AND
2 1 475 10550 10551 AND
2 1 479 10551 10552 AND
2 1 483 10552 10553 AND
2 1 487 10553 10554 AND
2 1 491 10554 10555 AND
2 1 495 10555 10556 AND
2 1 499 10556 10557 AND
2 1 503 10557 10558 AND
2 1 507 10558 10559 AND
2 1 511 10559 10560 AND
2 1 515 10560 10561 AND
2 1 519 10561 10562 AND
2 1 523 10562 10563 AND
2 1 527 10563 10564 AND
2 1 531 10564 10565 AND
2 1 535 10565 10566 AND
2 1 539 10566 10567 AND
2 1 543 10567 10568 AND
2 1 238 545 10569 AND
2 1 10568 10569 10570 AND
2 1 554 889 10571 AND
2 1 559 10571 10572 AND
2 1 563 10572 10573 AND
2 1 567 10573 10574 AND
2 1 571 10574 10575 AND
2 1 575 10575 10576 AND
2 1 579 10576 10577 AND
2 1 583 10577 10578 AND
2 1 587 10578 10579 AND
2 1 591 10579 10580 AND
2 1 1355 10580 10581 AND
2 1 1357 10581 10582 AND
2 1 1621 10582 10583 AND
2 1 602 10583 10584 AND
2 1 606 10584 10585 AND
2 1 610 10585 10586 AND
2 1 614 10586 10587 AND
2 1 618 10587 10588 AND
2 1 622 10588 10589 AND
2 1 626 10589 10590 AND
2 1 630 10590 10591 AND
2 1 634 10591 10592 AND
2 1 638 10592 10593 AND
2 1 642 10593 10594 AND
2 1 646 10594 10595 AND
2 1 650 10595 10596 AND
2 1 654 10596 10597 AND
2 1 658 10597 10598 AND
2 1 662 10598 10599 AND
2 1 666 10599 10600 AND
2 1 670 10600 10601 AND
2 1 674 10601 10602 AND
2 1 678 10602 10603 AND
2 1 682 10603 10604 AND
2 1 686 10604 10605 AND
2 1 690 10605 10606 AND
2 1 694 10606 10607 AND
2 1 698 10607 10608 AND
2 1 702 10608 10609 AND
2 1 706 10609 10610 AND
2 1 710 10610 10611 AND
2 1 714 10611 10612 AND
2 1 718 10612 10613 AND
2 1 722 10613 10614 AND
2 1 726 10614 10615 AND
2 1 730 10615 10616 AND
2 1 734 10616 10617 AND
2 1 738 10617 10618 AND
2 1 742 10618 10619 AND
2 1 746 10619 10620 AND
2 1 750 10620 10621 AND
2 1 754 10621 10622 AND
2 1 758 10622 10623 AND
2 1 762 10623 10624 AND
2 1 766 10624 10625 AND
2 1 770 10625 10626 AND
2 1 774 10626 10627 AND
2 1 778 10627 10628 AND
2 1 782 10628 10629 AND
2 1 786 10629 10630 AND
2 1 790 10630 10631 AND
2 1 794 10631 10632 AND
2 1 798 10632 10633 AND
2 1 802 10633 10634 AND
2 1 806 10634 10635 AND
2 1 810 10635 10636 AND
2 1 814 10636 10637 AND
2 1 818 10637 10638 AND
2 1 822 10638 10639 AND
2 1 826 10639 10640 AND
2 1 830 10640 10641 AND
2 1 834 10641 10642 AND
2 1 838 10642 10643 AND
2 1 842 10643 10644 AND
2 1 846 10644 10645 AND
2 1 850 10645 10646 AND
2 1 854 10646 10647 AND
2 1 858 10647 10648 AND
2 1 862 10648 10649 AND
2 1 866 10649 10650 AND
2 1 870 10650 10651 AND
2 1 874 10651 10652 AND
2 1 878 10652 10653 AND
2 1 882 10653 10654 AND
2 1 239 884 10655 AND
2 1 10654 10655 10656 AND
2 1 893 1226 10657 AND
2 1 898 10657 10658 AND
2 1 902 10658 10659 AND
2 1 906 10659 10660 AND
2 1 910 10660 10661 AND
2 1 914 10661 10662 AND
2 1 918 10662 10663 AND
2 1 922 10663 10664 AND
2 1 926 10664 10665 AND
2 1 930 10665 10666 AND
2 1 1445 10666 10667 AND
2 1 1447 10667 10668 AND
2 1 1708 10668 10669 AND
2 1 939 10669 10670 AND
2 1 943 10670 10671 AND
2 1 947 10671 10672 AND
2 1 951 10672 10673 AND
2 1 955 10673 10674 AND
2 1 959 10674 10675 AND
2 1 963 10675 10676 AND
2 1 967 10676 10677 AND
2 1 971 10677 10678 AND
2 1 975 10678 10679 AND
2 1 979 10679 10680 AND
2 1 983 10680 10681 AND
2 1 987 10681 10682 AND
2 1 991 10682 10683 AND
2 1 995 10683 10684 AND
2 1 999 10684 10685 AND
2 1 1003 10685 10686 AND
2 1 1007 10686 10687 AND
2 1 1011 10687 10688 AND
2 1 1015 10688 10689 AND
2 1 1019 10689 10690 AND
2 1 1023 10690 10691 AND
2 1 1027 10691 10692 AND
2 1 1031 10692 10693 AND
2 1 1035 10693 10694 AND
2 1 1039 10694 10695 AND
2 1 1043 10695 10696 AND
2 1 1047 10696 10697 AND
2 1 1051 10697 10698 AND
2 1 1055 10698 10699 AND
2 1 1059 10699 10700 AND
2 1 1063 10700 10701 AND
2 1 1067 10701 10702 AND
2 1 1071 10702 10703 AND
2 1 1075 10703 10704 AND
2 1 1079 10704 10705 AND
2 1 1083 10705 10706 AND
2 1 1087 10706 10707 AND
2 1 1091 10707 10708 AND
2 1 1095 10708 10709 AND
2 1 1099 10709 10710 AND
2 1 1103 10710 10711 AND
2 1 1107 10711 10712 AND
2 1 1111 10712 10713 AND
2 1 1115 10713 10714 AND
2 1 1119 10714 10715 AND
2 1 1123 10715 10716 AND
2 1 1127 10716 10717 AND
2 1 1131 10717 10718 AND
2 1 1135 10718 10719 AND
2 1 1139 10719 10720 AND
2 1 1143 10720 10721 AND
2 1 1147 10721 10722 AND
2 1 1151 10722 10723 AND
2 1 1155 10723 10724 AND
2 1 1159 10724 10725 AND
2 1 1163 10725 10726 AND
2 1 1167 10726 10727 AND
2 1 1171 10727 10728 AND
2 1 1175 10728 10729 AND
2 1 1179 10729 10730 AND
2 1 1183 10730 10731 AND
2 1 1187 10731 10732 AND
2 1 1191 10732 10733 AND
2 1 1195 10733 10734 AND
2 1 1199 10734 10735 AND
2 1 1203 10735 10736 AND
2 1 1207 10736 10737 AND
2 1 1211 10737 10738 AND
2 1 1215 10738 10739 AND
2 1 1219 10739 10740 AND
2 1 240 1221 10741 AND
2 1 10740 10741 10742 AND
2 1 558 1230 10743 AND
2 1 1235 10743 10744 AND
2 1 1239 10744 10745 AND
2 1 1243 10745 10746 AND
2 1 1247 10746 10747 AND
2 1 1251 10747 10748 AND
2 1 1255 10748 10749 AND
2 1 1259 10749 10750 AND
2 1 1263 10750 10751 AND
2 1 1267 10751 10752 AND
2 1 1534 10752 10753 AND
2 1 263 10753 10754 AND
2 1 267 10754 10755 AND
2 1 271 10755 10756 AND
2 1 275 10756 10757 AND
2 1 279 10757 10758 AND
2 1 283 10758 10759 AND
2 1 287 10759 10760 AND
2 1 291 10760 10761 AND
2 1 295 10761 10762 AND
2 1 299 10762 10763 AND
2 1 303 10763 10764 AND
2 1 307 10764 10765 AND
2 1 311 10765 10766 AND
2 1 315 10766 10767 AND
2 1 319 10767 10768 AND
2 1 323 10768 10769 AND
2 1 327 10769 10770 AND
2 1 331 10770 10771 AND
2 1 335 10771 10772 AND
2 1 339 10772 10773 AND
2 1 343 10773 10774 AND
2 1 347 10774 10775 AND
2 1 351 10775 10776 AND
2 1 355 10776 10777 AND
2 1 359 10777 10778 AND
2 1 363 10778 10779 AND
2 1 367 10779 10780 AND
2 1 371 10780 10781 AND
2 1 375 10781 10782 AND
2 1 379 10782 10783 AND
2 1 383 10783 10784 AND
2 1 387 10784 10785 AND
2 1 391 10785 10786 AND
2 1 395 10786 10787 AND
2 1 399 10787 10788 AND
2 1 403 10788 10789 AND
2 1 407 10789 10790 AND
2 1 411 10790 10791 AND
2 1 415 10791 10792 AND
2 1 419 10792 10793 AND
2 1 423 10793 10794 AND
2 1 427 10794 10795 AND
2 1 431 10795 10796 AND
2 1 435 10796 10797 AND
2 1 439 10797 10798 AND
2 1 443 10798 10799 AND
2 1 447 10799 10800 AND
2 1 451 10800 10801 AND
2 1 455 10801 10802 AND
2 1 459 10802 10803 AND
2 1 463 10803 10804 AND
2 1 467 10804 10805 AND
2 1 471 10805 10806 AND
2 1 475 10806 10807 AND
2 1 479 10807 10808 AND
2 1 483 10808 10809 AND
2 1 487 10809 10810 AND
2 1 491 10810 10811 AND
2 1 495 10811 10812 AND
2 1 499 10812 10813 AND
2 1 503 10813 10814 AND
2 1 507 10814 10815 AND
2 1 511 10815 10816 AND
2 1 515 10816 10817 AND
2 1 519 10817 10818 AND
2 1 523 10818 10819 AND
2 1 527 10819 10820 AND
2 1 531 10820 10821 AND
2 1 535 10821 10822 AND
2 1 539 10822 10823 AND
2 1 543 10823 10824 AND
2 1 547 10824 10825 AND
2 1 551 10825 10826 AND
2 1 241 553 10827 AND
2 1 10826 10827 10828 AND
2 1 562 897 10829 AND
2 1 567 10829 10830 AND
2 1 571 10830 10831 AND
2 1 575 10831 10832 AND
2 1 579 10832 10833 AND
2 1 583 10833 10834 AND
2 1 587 10834 10835 AND
2 1 591 10835 10836 AND
2 1 1355 10836 10837 AND
2 1 1357 10837 10838 AND
2 1 1621 10838 10839 AND
2 1 602 10839 10840 AND
2 1 606 10840 10841 AND
2 1 610 10841 10842 AND
2 1 614 10842 10843 AND
2 1 618 10843 10844 AND
2 1 622 10844 10845 AND
2 1 626 10845 10846 AND
2 1 630 10846 10847 AND
2 1 634 10847 10848 AND
2 1 638 10848 10849 AND
2 1 642 10849 10850 AND
2 1 646 10850 10851 AND
2 1 650 10851 10852 AND
2 1 654 10852 10853 AND
2 1 658 10853 10854 AND
2 1 662 10854 10855 AND
2 1 666 10855 10856 AND
2 1 670 10856 10857 AND
2 1 674 10857 10858 AND
2 1 678 10858 10859 AND
2 1 682 10859 10860 AND
2 1 686 10860 10861 AND
2 1 690 10861 10862 AND
2 1 694 10862 10863 AND
2 1 698 10863 10864 AND
2 1 702 10864 10865 AND
2 1 706 10865 10866 AND
2 1 710 10866 10867 AND
2 1 714 10867 10868 AND
2 1 718 10868 10869 AND
2 1 722 10869 10870 AND
2 1 726 10870 10871 AND
2 1 730 10871 10872 AND
2 1 734 10872 10873 AND
2 1 738 10873 10874 AND
2 1 742 10874 10875 AND
2 1 746 10875 10876 AND
2 1 750 10876 10877 AND
2 1 754 10877 10878 AND
2 1 758 10878 10879 AND
2 1 762 10879 10880 AND
2 1 766 10880 10881 AND
2 1 770 10881 10882 AND
2 1 774 10882 10883 AND
2 1 778 10883 10884 AND
2 1 782 10884 10885 AND
2 1 786 10885 10886 AND
2 1 790 10886 10887 AND
2 1 794 10887 10888 AND
2 1 798 10888 10889 AND
2 1 802 10889 10890 AND
2 1 806 10890 10891 AND
2 1 810 10891 10892 AND
2 1 814 10892 10893 AND
2 1 818 10893 10894 AND
2 1 822 10894 10895 AND
2 1 826 10895 10896 AND
2 1 830 10896 10897 AND
2 1 834 10897 10898 AND
2 1 838 10898 10899 AND
2 1 842 10899 10900 AND
2 1 846 10900 10901 AND
2 1 850 10901 10902 AND
2 1 854 10902 10903 AND
2 1 858 10903 10904 AND
2 1 862 10904 10905 AND
2 1 866 10905 10906 AND
2 1 870 10906 10907 AND
2 1 874 10907 10908 AND
2 1 878 10908 10909 AND
2 1 882 10909 10910 AND
2 1 886 10910 10911 AND
2 1 890 10911 10912 AND
2 1 242 892 10913 AND
2 1 10912 10913 10914 AND
2 1 901 1234 10915 AND
2 1 906 10915 10916 AND
2 1 910 10916 10917 AND
2 1 914 10917 10918 AND
2 1 918 10918 10919 AND
2 1 922 10919 10920 AND
2 1 926 10920 10921 AND
2 1 930 10921 10922 AND
2 1 1445 10922 10923 AND
2 1 1447 10923 10924 AND
2 1 1708 10924 10925 AND
2 1 939 10925 10926 AND
2 1 943 10926 10927 AND
2 1 947 10927 10928 AND
2 1 951 10928 10929 AND
2 1 955 10929 10930 AND
2 1 959 10930 10931 AND
2 1 963 10931 10932 AND
2 1 967 10932 10933 AND
2 1 971 10933 10934 AND
2 1 975 10934 10935 AND
2 1 979 10935 10936 AND
2 1 983 10936 10937 AND
2 1 987 10937 10938 AND
2 1 991 10938 10939 AND
2 1 995 10939 10940 AND
2 1 999 10940 10941 AND
2 1 1003 10941 10942 AND
2 1 1007 10942 10943 AND
2 1 1011 10943 10944 AND
2 1 1015 10944 10945 AND
2 1 1019 10945 10946 AND
2 1 1023 10946 10947 AND
2 1 1027 10947 10948 AND
2 1 1031 10948 10949 AND
2 1 1035 10949 10950 AND
2 1 1039 10950 10951 AND
2 1 1043 10951 10952 AND
2 1 1047 10952 10953 AND
2 1 1051 10953 10954 AND
2 1 1055 10954 10955 AND
2 1 1059 10955 10956 AND
2 1 1063 10956 10957 AND
2 1 1067 10957 10958 AND
2 1 1071 10958 10959 AND
2 1 1075 10959 10960 AND
2 1 1079 10960 10961 AND
2 1 1083 10961 10962 AND
2 1 1087 10962 10963 AND
2 1 1091 10963 10964 AND
2 1 1095 10964 10965 AND
2 1 1099 10965 10966 AND
2 1 1103 10966 10967 AND
2 1 1107 10967 10968 AND
2 1 1111 10968 10969 AND
2 1 1115 10969 10970 AND
2 1 1119 10970 10971 AND
2 1 1123 10971 10972 AND
2 1 1127 10972 10973 AND
2 1 1131 10973 10974 AND
2 1 1135 10974 10975 AND
2 1 1139 10975 10976 AND
2 1 1143 10976 10977 AND
2 1 1147 10977 10978 AND
2 1 1151 10978 10979 AND
2 1 1155 10979 10980 AND
2 1 1159 10980 10981 AND
2 1 1163 10981 10982 AND
2 1 1167 10982 10983 AND
2 1 1171 10983 10984 AND
2 1 1175 10984 10985 AND
2 1 1179 10985 10986 AND
2 1 1183 10986 10987 AND
2 1 1187 10987 10988 AND
2 1 1191 10988 10989 AND
2 1 1195 10989 10990 AND
2 1 1199 10990 10991 AND
2 1 1203 10991 10992 AND
2 1 1207 10992 10993 AND
2 1 1211 10993 10994 AND
2 1 1215 10994 10995 AND
2 1 1219 10995 10996 AND
2 1 1223 10996 10997 AND
2 1 1227 10997 10998 AND
2 1 243 1229 10999 AND
2 1 10998 10999 11000 AND
2 1 566 1238 11001 AND
2 1 1243 11001 11002 AND
2 1 1247 11002 11003 AND
2 1 1251 11003 11004 AND
2 1 1255 11004 11005 AND
2 1 1259 11005 11006 AND
2 1 1263 11006 11007 AND
2 1 1267 11007 11008 AND
2 1 1534 11008 11009 AND
2 1 263 11009 11010 AND
2 1 267 11010 11011 AND
2 1 271 11011 11012 AND
2 1 275 11012 11013 AND
2 1 279 11013 11014 AND
2 1 283 11014 11015 AND
2 1 287 11015 11016 AND
2 1 291 11016 11017 AND
2 1 295 11017 11018 AND
2 1 299 11018 11019 AND
2 1 303 11019 11020 AND
2 1 307 11020 11021 AND
2 1 311 11021 11022 AND
2 1 315 11022 11023 AND
2 1 319 11023 11024 AND
2 1 323 11024 11025 AND
2 1 327 11025 11026 AND
2 1 331 11026 11027 AND
2 1 335 11027 11028 AND
2 1 339 11028 11029 AND
2 1 343 11029 11030 AND
2 1 347 11030 11031 AND
2 1 351 11031 11032 AND
2 1 355 11032 11033 AND
2 1 359 11033 11034 AND
2 1 363 11034 11035 AND
2 1 367 11035 11036 AND
2 1 371 11036 11037 AND
2 1 375 11037 11038 AND
2 1 379 11038 11039 AND
2 1 383 11039 11040 AND
2 1 387 11040 11041 AND
2 1 391 11041 11042 AND
2 1 395 11042 11043 AND
2 1 399 11043 11044 AND
2 1 403 11044 11045 AND
2 1 407 11045 11046 AND
2 1 411 11046 11047 AND
2 1 415 11047 11048 AND
2 1 419 11048 11049 AND
2 1 423 11049 11050 AND
2 1 427 11050 11051 AND
2 1 431 11051 11052 AND
2 1 435 11052 11053 AND
2 1 439 11053 11054 AND
2 1 443 11054 11055 AND
2 1 447 11055 11056 AND
2 1 451 11056 11057 AND
2 1 455 11057 11058 AND
2 1 459 11058 11059 AND
2 1 463 11059 11060 AND
2 1 467 11060 11061 AND
2 1 471 11061 11062 AND
2 1 475 11062 11063 AND
2 1 479 11063 11064 AND
2 1 483 11064 11065 AND
2 1 487 11065 11066 AND
2 1 491 11066 11067 AND
2 1 495 11067 11068 AND
2 1 499 11068 11069 AND
2 1 503 11069 11070 AND
2 1 507 11070 11071 AND
2 1 511 11071 11072 AND
2 1 515 11072 11073 AND
2 1 519 11073 11074 AND
2 1 523 11074 11075 AND
2 1 527 11075 11076 AND
2 1 531 11076 11077 AND
2 1 535 11077 11078 AND
2 1 539 11078 11079 AND
2 1 543 11079 11080 AND
2 1 547 11080 11081 AND
2 1 551 11081 11082 AND
2 1 555 11082 11083 AND
2 1 559 11083 11084 AND
2 1 244 561 11085 AND
2 1 11084 11085 11086 AND
2 1 570 905 11087 AND
2 1 575 11087 11088 AND
2 1 579 11088 11089 AND
2 1 583 11089 11090 AND
2 1 587 11090 11091 AND
2 1 591 11091 11092 AND
2 1 1355 11092 11093 AND
2 1 1357 11093 11094 AND
2 1 1621 11094 11095 AND
2 1 602 11095 11096 AND
2 1 606 11096 11097 AND
2 1 610 11097 11098 AND
2 1 614 11098 11099 AND
2 1 618 11099 11100 AND
2 1 622 11100 11101 AND
2 1 626 11101 11102 AND
2 1 630 11102 11103 AND
2 1 634 11103 11104 AND
2 1 638 11104 11105 AND
2 1 642 11105 11106 AND
2 1 646 11106 11107 AND
2 1 650 11107 11108 AND
2 1 654 11108 11109 AND
2 1 658 11109 11110 AND
2 1 662 11110 11111 AND
2 1 666 11111 11112 AND
2 1 670 11112 11113 AND
2 1 674 11113 11114 AND
2 1 678 11114 11115 AND
2 1 682 11115 11116 AND
2 1 686 11116 11117 AND
2 1 690 11117 11118 AND
2 1 694 11118 11119 AND
2 1 698 11119 11120 AND
2 1 702 11120 11121 AND
2 1 706 11121 11122 AND
2 1 710 11122 11123 AND
2 1 714 11123 11124 AND
2 1 718 11124 11125 AND
2 1 722 11125 11126 AND
2 1 726 11126 11127 AND
2 1 730 11127 11128 AND
2 1 734 11128 11129 AND
2 1 738 11129 11130 AND
2 1 742 11130 11131 AND
2 1 746 11131 11132 AND
2 1 750 11132 11133 AND
2 1 754 11133 11134 AND
2 1 758 11134 11135 AND
2 1 762 11135 11136 AND
2 1 766 11136 11137 AND
2 1 770 11137 11138 AND
2 1 774 11138 11139 AND
2 1 778 11139 11140 AND
2 1 782 11140 11141 AND
2 1 786 11141 11142 AND
2 1 790 11142 11143 AND
2 1 794 11143 11144 AND
2 1 798 11144 11145 AND
2 1 802 11145 11146 AND
2 1 806 11146 11147 AND
2 1 810 11147 11148 AND
2 1 814 11148 11149 AND
2 1 818 11149 11150 AND
2 1 822 11150 11151 AND
2 1 826 11151 11152 AND
2 1 830 11152 11153 AND
2 1 834 11153 11154 AND
2 1 838 11154 11155 AND
2 1 842 11155 11156 AND
2 1 846 11156 11157 AND
2 1 850 11157 11158 AND
2 1 854 11158 11159 AND
2 1 858 11159 11160 AND
2 1 862 11160 11161 AND
2 1 866 11161 11162 AND
2 1 870 11162 11163 AND
2 1 874 11163 11164 AND
2 1 878 11164 11165 AND
2 1 882 11165 11166 AND
2 1 886 11166 11167 AND
2 1 890 11167 11168 AND
2 1 894 11168 11169 AND
2 1 898 11169 11170 AND
2 1 245 900 11171 AND
2 1 11170 11171 11172 AND
2 1 909 1242 11173 AND
2 1 914 11173 11174 AND
2 1 918 11174 11175 AND
2 1 922 11175 11176 AND
2 1 926 11176 11177 AND
2 1 930 11177 11178 AND
2 1 1445 11178 11179 AND
2 1 1447 11179 11180 AND
2 1 1708 11180 11181 AND
2 1 939 11181 11182 AND
2 1 943 11182 11183 AND
2 1 947 11183 11184 AND
2 1 951 11184 11185 AND
2 1 955 11185 11186 AND
2 1 959 11186 11187 AND
2 1 963 11187 11188 AND
2 1 967 11188 11189 AND
2 1 971 11189 11190 AND
2 1 975 11190 11191 AND
2 1 979 11191 11192 AND
2 1 983 11192 11193 AND
2 1 987 11193 11194 AND
2 1 991 11194 11195 AND
2 1 995 11195 11196 AND
2 1 999 11196 11197 AND
2 1 1003 11197 11198 AND
2 1 1007 11198 11199 AND
2 1 1011 11199 11200 AND
2 1 1015 11200 11201 AND
2 1 1019 11201 11202 AND
2 1 1023 11202 11203 AND
2 1 1027 11203 11204 AND
2 1 1031 11204 11205 AND
2 1 1035 11205 11206 AND
2 1 1039 11206 11207 AND
2 1 1043 11207 11208 AND
2 1 1047 11208 11209 AND
2 1 1051 11209 11210 AND
2 1 1055 11210 11211 AND
2 1 1059 11211 11212 AND
2 1 1063 11212 11213 AND
2 1 1067 11213 11214 AND
2 1 1071 11214 11215 AND
2 1 1075 11215 11216 AND
2 1 1079 11216 11217 AND
2 1 1083 11217 11218 AND
2 1 1087 11218 11219 AND
2 1 1091 11219 11220 AND
2 1 1095 11220 11221 AND
2 1 1099 11221 11222 AND
2 1 1103 11222 11223 AND
2 1 1107 11223 11224 AND
2 1 1111 11224 11225 AND
2 1 1115 11225 11226 AND
2 1 1119 11226 11227 AND
2 1 1123 11227 11228 AND
2 1 1127 11228 11229 AND
2 1 1131 11229 11230 AND
2 1 1135 11230 11231 AND
2 1 1139 11231 11232 AND
2 1 1143 11232 11233 AND
2 1 1147 11233 11234 AND
2 1 1151 11234 11235 AND
2 1 1155 11235 11236 AND
2 1 1159 11236 11237 AND
2 1 1163 11237 11238 AND
2 1 1167 11238 11239 AND
2 1 1171 11239 11240 AND
2 1 1175 11240 11241 AND
2 1 1179 11241 11242 AND
2 1 1183 11242 11243 AND
2 1 1187 11243 11244 AND
2 1 1191 11244 11245 AND
2 1 1195 11245 11246 AND
2 1 1199 11246 11247 AND
2 1 1203 11247 11248 AND
2 1 1207 11248 11249 AND
2 1 1211 11249 11250 AND
2 1 1215 11250 11251 AND
2 1 1219 11251 11252 AND
2 1 1223 11252 11253 AND
2 1 1227 11253 11254 AND
2 1 1231 11254 11255 AND
2 1 1235 11255 11256 AND
2 1 246 1237 11257 AND
2 1 11256 11257 11258 AND
2 1 574 1246 11259 AND
2 1 1251 11259 11260 AND
2 1 1255 11260 11261 AND
2 1 1259 11261 11262 AND
2 1 1263 11262 11263 AND
2 1 1267 11263 11264 AND
2 1 1534 11264 11265 AND
2 1 263 11265 11266 AND
2 1 267 11266 11267 AND
2 1 271 11267 11268 AND
2 1 275 11268 11269 AND
2 1 279 11269 11270 AND
2 1 283 11270 11271 AND
2 1 287 11271 11272 AND
2 1 291 11272 11273 AND
2 1 295 11273 11274 AND
2 1 299 11274 11275 AND
2 1 303 11275 11276 AND
2 1 307 11276 11277 AND
2 1 311 11277 11278 AND
2 1 315 11278 11279 AND
2 1 319 11279 11280 AND
2 1 323 11280 11281 AND
2 1 327 11281 11282 AND
2 1 331 11282 11283 AND
2 1 335 11283 11284 AND
2 1 339 11284 11285 AND
2 1 343 11285 11286 AND
2 1 347 11286 11287 AND
2 1 351 11287 11288 AND
2 1 355 11288 11289 AND
2 1 359 11289 11290 AND
2 1 363 11290 11291 AND
2 1 367 11291 11292 AND
2 1 371 11292 11293 AND
2 1 375 11293 11294 AND
2 1 379 11294 11295 AND
2 1 383 11295 11296 AND
2 1 387 11296 11297 AND
2 1 391 11297 11298 AND
2 1 395 11298 11299 AND
2 1 399 11299 11300 AND
2 1 403 11300 11301 AND
2 1 407 11301 11302 AND
2 1 411 11302 11303 AND
2 1 415 11303 11304 AND
2 1 419 11304 11305 AND
2 1 423 11305 11306 AND
2 1 427 11306 11307 AND
2 1 431 11307 11308 AND
2 1 435 11308 11309 AND
2 1 439 11309 11310 AND
2 1 443 11310 11311 AND
2 1 447 11311 11312 AND
2 1 451 11312 11313 AND
2 1 455 11313 11314 AND
2 1 459 11314 11315 AND
2 1 463 11315 11316 AND
2 1 467 11316 11317 AND
2 1 471 11317 11318 AND
2 1 475 11318 11319 AND
2 1 479 11319 11320 AND
2 1 483 11320 11321 AND
2 1 487 11321 11322 AND
2 1 491 11322 11323 AND
2 1 495 11323 11324 AND
2 1 499 11324 11325 AND
2 1 503 11325 11326 AND
2 1 507 11326 11327 AND
2 1 511 11327 11328 AND
2 1 515 11328 11329 AND
2 1 519 11329 11330 AND
2 1 523 11330 11331 AND
2 1 527 11331 11332 AND
2 1 531 11332 11333 AND
2 1 535 11333 11334 AND
2 1 539 11334 11335 AND
2 1 543 11335 11336 AND
2 1 547 11336 11337 AND
2 1 551 11337 11338 AND
2 1 555 11338 11339 AND
2 1 559 11339 11340 AND
2 1 563 11340 11341 AND
2 1 567 11341 11342 AND
2 1 247 569 11343 AND
2 1 11342 11343 11344 AND
2 1 578 913 11345 AND
2 1 583 11345 11346 AND
2 1 587 11346 11347 AND
2 1 591 11347 11348 AND
2 1 1355 11348 11349 AND
2 1 1357 11349 11350 AND
2 1 1621 11350 11351 AND
2 1 602 11351 11352 AND
2 1 606 11352 11353 AND
2 1 610 11353 11354 AND
2 1 614 11354 11355 AND
2 1 618 11355 11356 AND
2 1 622 11356 11357 AND
2 1 626 11357 11358 AND
2 1 630 11358 11359 AND
2 1 634 11359 11360 AND
2 1 638 11360 11361 AND
2 1 642 11361 11362 AND
2 1 646 11362 11363 AND
2 1 650 11363 11364 AND
2 1 654 11364 11365 AND
2 1 658 11365 11366 AND
2 1 662 11366 11367 AND
2 1 666 11367 11368 AND
2 1 670 11368 11369 AND
2 1 674 11369 11370 AND
2 1 678 11370 11371 AND
2 1 682 11371 11372 AND
2 1 686 11372 11373 AND
2 1 690 11373 11374 AND
2 1 694 11374 11375 AND
2 1 698 11375 11376 AND
2 1 702 11376 11377 AND
2 1 706 11377 11378 AND
2 1 710 11378 11379 AND
2 1 714 11379 11380 AND
2 1 718 11380 11381 AND
2 1 722 11381 11382 AND
2 1 726 11382 11383 AND
2 1 730 11383 11384 AND
2 1 734 11384 11385 AND
2 1 738 11385 11386 AND
2 1 742 11386 11387 AND
2 1 746 11387 11388 AND
2 1 750 11388 11389 AND
2 1 754 11389 11390 AND
2 1 758 11390 11391 AND
2 1 762 11391 11392 AND
2 1 766 11392 11393 AND
2 1 770 11393 11394 AND
2 1 774 11394 11395 AND
2 1 778 11395 11396 AND
2 1 782 11396 11397 AND
2 1 786 11397 11398 AND
2 1 790 11398 11399 AND
2 1 794 11399 11400 AND
2 1 798 11400 11401 AND
2 1 802 11401 11402 AND
2 1 806 11402 11403 AND
2 1 810 11403 11404 AND
2 1 814 11404 11405 AND
2 1 818 11405 11406 AND
2 1 822 11406 11407 AND
2 1 826 11407 11408 AND
2 1 830 11408 11409 AND
2 1 834 11409 11410 AND
2 1 838 11410 11411 AND
2 1 842 11411 11412 AND
2 1 846 11412 11413 AND
2 1 850 11413 11414 AND
2 1 854 11414 11415 AND
2 1 858 11415 11416 AND
2 1 862 11416 11417 AND
2 1 866 11417 11418 AND
2 1 870 11418 11419 AND
2 1 874 11419 11420 AND
2 1 878 11420 11421 AND
2 1 882 11421 11422 AND
2 1 886 11422 11423 AND
2 1 890 11423 11424 AND
2 1 894 11424 11425 AND
2 1 898 11425 11426 AND
2 1 902 11426 11427 AND
2 1 906 11427 11428 AND
2 1 248 908 11429 AND
2 1 11428 11429 11430 AND
2 1 917 1250 11431 AND
2 1 922 11431 11432 AND
2 1 926 11432 11433 AND
2 1 930 11433 11434 AND
2 1 1445 11434 11435 AND
2 1 1447 11435 11436 AND
2 1 1708 11436 11437 AND
2 1 939 11437 11438 AND
2 1 943 11438 11439 AND
2 1 947 11439 11440 AND
2 1 951 11440 11441 AND
2 1 955 11441 11442 AND
2 1 959 11442 11443 AND
2 1 963 11443 11444 AND
2 1 967 11444 11445 AND
2 1 971 11445 11446 AND
2 1 975 11446 11447 AND
2 1 979 11447 11448 AND
2 1 983 11448 11449 AND
2 1 987 11449 11450 AND
2 1 991 11450 11451 AND
2 1 995 11451 11452 AND
2 1 999 11452 11453 AND
2 1 1003 11453 11454 AND
2 1 1007 11454 11455 AND
2 1 1011 11455 11456 AND
2 1 1015 11456 11457 AND
2 1 1019 11457 11458 AND
2 1 1023 11458 11459 AND
2 1 1027 11459 11460 AND
2 1 1031 11460 11461 AND
2 1 1035 11461 11462 AND
2 1 1039 11462 11463 AND
2 1 1043 11463 11464 AND
2 1 1047 11464 11465 AND
2 1 1051 11465 11466 AND
2 1 1055 11466 11467 AND
2 1 1059 11467 11468 AND
2 1 1063 11468 11469 AND
2 1 1067 11469 11470 AND
2 1 1071 11470 11471 AND
2 1 1075 11471 11472 AND
2 1 1079 11472 11473 AND
2 1 1083 11473 11474 AND
2 1 1087 11474 11475 AND
2 1 1091 11475 11476 AND
2 1 1095 11476 11477 AND
2 1 1099 11477 11478 AND
2 1 1103 11478 11479 AND
2 1 1107 11479 11480 AND
2 1 1111 11480 11481 AND
2 1 1115 11481 11482 AND
2 1 1119 11482 11483 AND
2 1 1123 11483 11484 AND
2 1 1127 11484 11485 AND
2 1 1131 11485 11486 AND
2 1 1135 11486 11487 AND
2 1 1139 11487 11488 AND
2 1 1143 11488 11489 AND
2 1 1147 11489 11490 AND
2 1 1151 11490 11491 AND
2 1 1155 11491 11492 AND
2 1 1159 11492 11493 AND
2 1 1163 11493 11494 AND
2 1 1167 11494 11495 AND
2 1 1171 11495 11496 AND
2 1 1175 11496 11497 AND
2 1 1179 11497 11498 AND
2 1 1183 11498 11499 AND
2 1 1187 11499 11500 AND
2 1 1191 11500 11501 AND
2 1 1195 11501 11502 AND
2 1 1199 11502 11503 AND
2 1 1203 11503 11504 AND
2 1 1207 11504 11505 AND
2 1 1211 11505 11506 AND
2 1 1215 11506 11507 AND
2 1 1219 11507 11508 AND
2 1 1223 11508 11509 AND
2 1 1227 11509 11510 AND
2 1 1231 11510 11511 AND
2 1 1235 11511 11512 AND
2 1 1239 11512 11513 AND
2 1 1243 11513 11514 AND
2 1 249 1245 11515 AND
2 1 11514 11515 11516 AND
2 1 582 1254 11517 AND
2 1 1259 11517 11518 AND
2 1 1263 11518 11519 AND
2 1 1267 11519 11520 AND
2 1 1534 11520 11521 AND
2 1 263 11521 11522 AND
2 1 267 11522 11523 AND
2 1 271 11523 11524 AND
2 1 275 11524 11525 AND
2 1 279 11525 11526 AND
2 1 283 11526 11527 AND
2 1 287 11527 11528 AND
2 1 291 11528 11529 AND
2 1 295 11529 11530 AND
2 1 299 11530 11531 AND
2 1 303 11531 11532 AND
2 1 307 11532 11533 AND
2 1 311 11533 11534 AND
2 1 315 11534 11535 AND
2 1 319 11535 11536 AND
2 1 323 11536 11537 AND
2 1 327 11537 11538 AND
2 1 331 11538 11539 AND
2 1 335 11539 11540 AND
2 1 339 11540 11541 AND
2 1 343 11541 11542 AND
2 1 347 11542 11543 AND
2 1 351 11543 11544 AND
2 1 355 11544 11545 AND
2 1 359 11545 11546 AND
2 1 363 11546 11547 AND
2 1 367 11547 11548 AND
2 1 371 11548 11549 AND
2 1 375 11549 11550 AND
2 1 379 11550 11551 AND
2 1 383 11551 11552 AND
2 1 387 11552 11553 AND
2 1 391 11553 11554 AND
2 1 395 11554 11555 AND
2 1 399 11555 11556 AND
2 1 403 11556 11557 AND
2 1 407 11557 11558 AND
2 1 411 11558 11559 AND
2 1 415 11559 11560 AND
2 1 419 11560 11561 AND
2 1 423 11561 11562 AND
2 1 427 11562 11563 AND
2 1 431 11563 11564 AND
2 1 435 11564 11565 AND
2 1 439 11565 11566 AND
2 1 443 11566 11567 AND
2 1 447 11567 11568 AND
2 1 451 11568 11569 AND
2 1 455 11569 11570 AND
2 1 459 11570 11571 AND
2 1 463 11571 11572 AND
2 1 467 11572 11573 AND
2 1 471 11573 11574 AND
2 1 475 11574 11575 AND
2 1 479 11575 11576 AND
2 1 483 11576 11577 AND
2 1 487 11577 11578 AND
2 1 491 11578 11579 AND
2 1 495 11579 11580 AND
2 1 499 11580 11581 AND
2 1 503 11581 11582 AND
2 1 507 11582 11583 AND
2 1 511 11583 11584 AND
2 1 515 11584 11585 AND
2 1 519 11585 11586 AND
2 1 523 11586 11587 AND
2 1 527 11587 11588 AND
2 1 531 11588 11589 AND
2 1 535 11589 11590 AND
2 1 539 11590 11591 AND
2 1 543 11591 11592 AND
2 1 547 11592 11593 AND
2 1 551 11593 11594 AND
2 1 555 11594 11595 AND
2 1 559 11595 11596 AND
2 1 563 11596 11597 AND
2 1 567 11597 11598 AND
2 1 571 11598 11599 AND
2 1 575 11599 11600 AND
2 1 250 577 11601 AND
2 1 11600 11601 11602 AND
2 1 586 921 11603 AND
2 1 591 11603 11604 AND
2 1 1355 11604 11605 AND
2 1 1357 11605 11606 AND
2 1 1621 11606 11607 AND
2 1 602 11607 11608 AND
2 1 606 11608 11609 AND
2 1 610 11609 11610 AND
2 1 614 11610 11611 AND
2 1 618 11611 11612 AND
2 1 622 11612 11613 AND
2 1 626 11613 11614 AND
2 1 630 11614 11615 AND
2 1 634 11615 11616 AND
2 1 638 11616 11617 AND
2 1 642 11617 11618 AND
2 1 646 11618 11619 AND
2 1 650 11619 11620 AND
2 1 654 11620 11621 AND
2 1 658 11621 11622 AND
2 1 662 11622 11623 AND
2 1 666 11623 11624 AND
2 1 670 11624 11625 AND
2 1 674 11625 11626 AND
2 1 678 11626 11627 AND
2 1 682 11627 11628 AND
2 1 686 11628 11629 AND
2 1 690 11629 11630 AND
2 1 694 11630 11631 AND
2 1 698 11631 11632 AND
2 1 702 11632 11633 AND
2 1 706 11633 11634 AND
2 1 710 11634 11635 AND
2 1 714 11635 11636 AND
2 1 718 11636 11637 AND
2 1 722 11637 11638 AND
2 1 726 11638 11639 AND
2 1 730 11639 11640 AND
2 1 734 11640 11641 AND
2 1 738 11641 11642 AND
2 1 742 11642 11643 AND
2 1 746 11643 11644 AND
2 1 750 11644 11645 AND
2 1 754 11645 11646 AND
2 1 758 11646 11647 AND
2 1 762 11647 11648 AND
2 1 766 11648 11649 AND
2 1 770 11649 11650 AND
2 1 774 11650 11651 AND
2 1 778 11651 11652 AND
2 1 782 11652 11653 AND
2 1 786 11653 11654 AND
2 1 790 11654 11655 AND
2 1 794 11655 11656 AND
2 1 798 11656 11657 AND
2 1 802 11657 11658 AND
2 1 806 11658 11659 AND
2 1 810 11659 11660 AND
2 1 814 11660 11661 AND
2 1 818 11661 11662 AND
2 1 822 11662 11663 AND
2 1 826 11663 11664 AND
2 1 830 11664 11665 AND
2 1 834 11665 11666 AND
2 1 838 11666 11667 AND
2 1 842 11667 11668 AND
2 1 846 11668 11669 AND
2 1 850 11669 11670 AND
2 1 854 11670 11671 AND
2 1 858 11671 11672 AND
2 1 862 11672 11673 AND
2 1 866 11673 11674 AND
2 1 870 11674 11675 AND
2 1 874 11675 11676 AND
2 1 878 11676 11677 AND
2 1 882 11677 11678 AND
2 1 886 11678 11679 AND
2 1 890 11679 11680 AND
2 1 894 11680 11681 AND
2 1 898 11681 11682 AND
2 1 902 11682 11683 AND
2 1 906 11683 11684 AND
2 1 910 11684 11685 AND
2 1 914 11685 11686 AND
2 1 251 916 11687 AND
2 1 11686 11687 11688 AND
2 1 925 1258 11689 AND
2 1 930 11689 11690 AND
2 1 1445 11690 11691 AND
2 1 1447 11691 11692 AND
2 1 1708 11692 11693 AND
2 1 939 11693 11694 AND
2 1 943 11694 11695 AND
2 1 947 11695 11696 AND
2 1 951 11696 11697 AND
2 1 955 11697 11698 AND
2 1 959 11698 11699 AND
2 1 963 11699 11700 AND
2 1 967 11700 11701 AND
2 1 971 11701 11702 AND
2 1 975 11702 11703 AND
2 1 979 11703 11704 AND
2 1 983 11704 11705 AND
2 1 987 11705 11706 AND
2 1 991 11706 11707 AND
2 1 995 11707 11708 AND
2 1 999 11708 11709 AND
2 1 1003 11709 11710 AND
2 1 1007 11710 11711 AND
2 1 1011 11711 11712 AND
2 1 1015 11712 11713 AND
2 1 1019 11713 11714 AND
2 1 1023 11714 11715 AND
2 1 1027 11715 11716 AND
2 1 1031 11716 11717 AND
2 1 1035 11717 11718 AND
2 1 1039 11718 11719 AND
2 1 1043 11719 11720 AND
2 1 1047 11720 11721 AND
2 1 1051 11721 11722 AND
2 1 1055 11722 11723 AND
2 1 1059 11723 11724 AND
2 1 1063 11724 11725 AND
2 1 1067 11725 11726 AND
2 1 1071 11726 11727 AND
2 1 1075 11727 11728 AND
2 1 1079 11728 11729 AND
2 1 1083 11729 11730 AND
2 1 1087 11730 11731 AND
2 1 1091 11731 11732 AND
2 1 1095 11732 11733 AND
2 1 1099 11733 11734 AND
2 1 1103 11734 11735 AND
2 1 1107 11735 11736 AND
2 1 1111 11736 11737 AND
2 1 1115 11737 11738 AND
2 1 1119 11738 11739 AND
2 1 1123 11739 11740 AND
2 1 1127 11740 11741 AND
2 1 1131 11741 11742 AND
2 1 1135 11742 11743 AND
2 1 1139 11743 11744 AND
2 1 1143 11744 11745 AND
2 1 1147 11745 11746 AND
2 1 1151 11746 11747 AND
2 1 1155 11747 11748 AND
2 1 1159 11748 11749 AND
2 1 1163 11749 11750 AND
2 1 1167 11750 11751 AND
2 1 1171 11751 11752 AND
2 1 1175 11752 11753 AND
2 1 1179 11753 11754 AND
2 1 1183 11754 11755 AND
2 1 1187 11755 11756 AND
2 1 1191 11756 11757 AND
2 1 1195 11757 11758 AND
2 1 1199 11758 11759 AND
2 1 1203 11759 11760 AND
2 1 1207 11760 11761 AND
2 1 1211 11761 11762 AND
2 1 1215 11762 11763 AND
2 1 1219 11763 11764 AND
2 1 1223 11764 11765 AND
2 1 1227 11765 11766 AND
2 1 1231 11766 11767 AND
2 1 1235 11767 11768 AND
2 1 1239 11768 11769 AND
2 1 1243 11769 11770 AND
2 1 1247 11770 11771 AND
2 1 1251 11771 11772 AND
2 1 252 1253 11773 AND
2 1 11772 11773 11774 AND
2 1 590 1262 11775 AND
2 1 1267 11775 11776 AND
2 1 1534 11776 11777 AND
2 1 263 11777 11778 AND
2 1 267 11778 11779 AND
2 1 271 11779 11780 AND
2 1 275 11780 11781 AND
2 1 279 11781 11782 AND
2 1 283 11782 11783 AND
2 1 287 11783 11784 AND
2 1 291 11784 11785 AND
2 1 295 11785 11786 AND
2 1 299 11786 11787 AND
2 1 303 11787 11788 AND
2 1 307 11788 11789 AND
2 1 311 11789 11790 AND
2 1 315 11790 11791 AND
2 1 319 11791 11792 AND
2 1 323 11792 11793 AND
2 1 327 11793 11794 AND
2 1 331 11794 11795 AND
2 1 335 11795 11796 AND
2 1 339 11796 11797 AND
2 1 343 11797 11798 AND
2 1 347 11798 11799 AND
2 1 351 11799 11800 AND
2 1 355 11800 11801 AND
2 1 359 11801 11802 AND
2 1 363 11802 11803 AND
2 1 367 11803 11804 AND
2 1 371 11804 11805 AND
2 1 375 11805 11806 AND
2 1 379 11806 11807 AND
2 1 383 11807 11808 AND
2 1 387 11808 11809 AND
2 1 391 11809 11810 AND
2 1 395 11810 11811 AND
2 1 399 11811 11812 AND
2 1 403 11812 11813 AND
2 1 407 11813 11814 AND
2 1 411 11814 11815 AND
2 1 415 11815 11816 AND
2 1 419 11816 11817 AND
2 1 423 11817 11818 AND
2 1 427 11818 11819 AND
2 1 431 11819 11820 AND
2 1 435 11820 11821 AND
2 1 439 11821 11822 AND
2 1 443 11822 11823 AND
2 1 447 11823 11824 AND
2 1 451 11824 11825 AND
2 1 455 11825 11826 AND
2 1 459 11826 11827 AND
2 1 463 11827 11828 AND
2 1 467 11828 11829 AND
2 1 471 11829 11830 AND
2 1 475 11830 11831 AND
2 1 479 11831 11832 AND
2 1 483 11832 11833 AND
2 1 487 11833 11834 AND
2 1 491 11834 11835 AND
2 1 495 11835 11836 AND
2 1 499 11836 11837 AND
2 1 503 11837 11838 AND
2 1 507 11838 11839 AND
2 1 511 11839 11840 AND
2 1 515 11840 11841 AND
2 1 519 11841 11842 AND
2 1 523 11842 11843 AND
2 1 527 11843 11844 AND
2 1 531 11844 11845 AND
2 1 535 11845 11846 AND
2 1 539 11846 11847 AND
2 1 543 11847 11848 AND
2 1 547 11848 11849 AND
2 1 551 11849 11850 AND
2 1 555 11850 11851 AND
2 1 559 11851 11852 AND
2 1 563 11852 11853 AND
2 1 567 11853 11854 AND
2 1 571 11854 11855 AND
2 1 575 11855 11856 AND
2 1 579 11856 11857 AND
2 1 583 11857 11858 AND
2 1 253 585 11859 AND
2 1 11858 11859 11860 AND
2 1 929 1354 11861 AND
2 1 1357 11861 11862 AND
2 1 1621 11862 11863 AND
2 1 602 11863 11864 AND
2 1 606 11864 11865 AND
2 1 610 11865 11866 AND
2 1 614 11866 11867 AND
2 1 618 11867 11868 AND
2 1 622 11868 11869 AND
2 1 626 11869 11870 AND
2 1 630 11870 11871 AND
2 1 634 11871 11872 AND
2 1 638 11872 11873 AND
2 1 642 11873 11874 AND
2 1 646 11874 11875 AND
2 1 650 11875 11876 AND
2 1 654 11876 11877 AND
2 1 658 11877 11878 AND
2 1 662 11878 11879 AND
2 1 666 11879 11880 AND
2 1 670 11880 11881 AND
2 1 674 11881 11882 AND
2 1 678 11882 11883 AND
2 1 682 11883 11884 AND
2 1 686 11884 11885 AND
2 1 690 11885 11886 AND
2 1 694 11886 11887 AND
2 1 698 11887 11888 AND
2 1 702 11888 11889 AND
2 1 706 11889 11890 AND
2 1 710 11890 11891 AND
2 1 714 11891 11892 AND
2 1 718 11892 11893 AND
2 1 722 11893 11894 AND
2 1 726 11894 11895 AND
2 1 730 11895 11896 AND
2 1 734 11896 11897 AND
2 1 738 11897 11898 AND
2 1 742 11898 11899 AND
2 1 746 11899 11900 AND
2 1 750 11900 11901 AND
2 1 754 11901 11902 AND
2 1 758 11902 11903 AND
2 1 762 11903 11904 AND
2 1 766 11904 11905 AND
2 1 770 11905 11906 AND
2 1 774 11906 11907 AND
2 1 778 11907 11908 AND
2 1 782 11908 11909 AND
2 1 786 11909 11910 AND
2 1 790 11910 11911 AND
2 1 794 11911 11912 AND
2 1 798 11912 11913 AND
2 1 802 11913 11914 AND
2 1 806 11914 11915 AND
2 1 810 11915 11916 AND
2 1 814 11916 11917 AND
2 1 818 11917 11918 AND
2 1 822 11918 11919 AND
2 1 826 11919 11920 AND
2 1 830 11920 11921 AND
2 1 834 11921 11922 AND
2 1 838 11922 11923 AND
2 1 842 11923 11924 AND
2 1 846 11924 11925 AND
2 1 850 11925 11926 AND
2 1 854 11926 11927 AND
2 1 858 11927 11928 AND
2 1 862 11928 11929 AND
2 1 866 11929 11930 AND
2 1 870 11930 11931 AND
2 1 874 11931 11932 AND
2 1 878 11932 11933 AND
2 1 882 11933 11934 AND
2 1 886 11934 11935 AND
2 1 890 11935 11936 AND
2 1 894 11936 11937 AND
2 1 898 11937 11938 AND
2 1 902 11938 11939 AND
2 1 906 11939 11940 AND
2 1 910 11940 11941 AND
2 1 914 11941 11942 AND
2 1 918 11942 11943 AND
2 1 922 11943 11944 AND
2 1 254 924 11945 AND
2 1 11944 11945 11946 AND
2 1 1266 1444 11947 AND
2 1 1447 11947 11948 AND
2 1 1708 11948 11949 AND
2 1 939 11949 11950 AND
2 1 943 11950 11951 AND
2 1 947 11951 11952 AND
2 1 951 11952 11953 AND
2 1 955 11953 11954 AND
2 1 959 11954 11955 AND
2 1 963 11955 11956 AND
2 1 967 11956 11957 AND
2 1 971 11957 11958 AND
2 1 975 11958 11959 AND
2 1 979 11959 11960 AND
2 1 983 11960 11961 AND
2 1 987 11961 11962 AND
2 1 991 11962 11963 AND
2 1 995 11963 11964 AND
2 1 999 11964 11965 AND
2 1 1003 11965 11966 AND
2 1 1007 11966 11967 AND
2 1 1011 11967 11968 AND
2 1 1015 11968 11969 AND
2 1 1019 11969 11970 AND
2 1 1023 11970 11971 AND
2 1 1027 11971 11972 AND
2 1 1031 11972 11973 AND
2 1 1035 11973 11974 AND
2 1 1039 11974 11975 AND
2 1 1043 11975 11976 AND
2 1 1047 11976 11977 AND
2 1 1051 11977 11978 AND
2 1 1055 11978 11979 AND
2 1 1059 11979 11980 AND
2 1 1063 11980 11981 AND
2 1 1067 11981 11982 AND
2 1 1071 11982 11983 AND
2 1 1075 11983 11984 AND
2 1 1079 11984 11985 AND
2 1 1083 11985 11986 AND
2 1 1087 11986 11987 AND
2 1 1091 11987 11988 AND
2 1 1095 11988 11989 AND
2 1 1099 11989 11990 AND
2 1 1103 11990 11991 AND
2 1 1107 11991 11992 AND
2 1 1111 11992 11993 AND
2 1 1115 11993 11994 AND
2 1 1119 11994 11995 AND
2 1 1123 11995 11996 AND
2 1 1127 11996 11997 AND
2 1 1131 11997 11998 AND
2 1 1135 11998 11999 AND
2 1 1139 11999 12000 AND
2 1 1143 12000 12001 AND
2 1 1147 12001 12002 AND
2 1 1151 12002 12003 AND
2 1 1155 12003 12004 AND
2 1 1159 12004 12005 AND
2 1 1163 12005 12006 AND
2 1 1167 12006 12007 AND
2 1 1171 12007 12008 AND
2 1 1175 12008 12009 AND
2 1 1179 12009 12010 AND
2 1 1183 12010 12011 AND
2 1 1187 12011 12012 AND
2 1 1191 12012 12013 AND
2 1 1195 12013 12014 AND
2 1 1199 12014 12015 AND
2 1 1203 12015 12016 AND
2 1 1207 12016 12017 AND
2 1 1211 12017 12018 AND
2 1 1215 12018 12019 AND
2 1 1219 12019 12020 AND
2 1 1223 12020 12021 AND
2 1 1227 12021 12022 AND
2 1 1231 12022 12023 AND
2 1 1235 12023 12024 AND
2 1 1239 12024 12025 AND
2 1 1243 12025 12026 AND
2 1 1247 12026 12027 AND
2 1 1251 12027 12028 AND
2 1 1255 12028 12029 AND
2 1 1259 12029 12030 AND
2 1 255 1261 12031 AND
2 1 12030 12031 12032 AND
2 1 578 605 12043 AND
2 1 621 637 12044 AND
2 1 12043 12044 12075 AND
2 1 514 530 12041 AND
2 1 546 562 12042 AND
2 1 12041 12042 12076 AND
2 1 12075 12076 12083 AND
2 1 717 733 12047 AND
2 1 749 765 12048 AND
2 1 12047 12048 12073 AND
2 1 653 669 12045 AND
2 1 685 701 12046 AND
2 1 12045 12046 12074 AND
2 1 12073 12074 12084 AND
2 1 12083 12084 12091 AND
2 1 322 338 12035 AND
2 1 354 370 12036 AND
2 1 12035 12036 12079 AND
2 1 259 274 12033 AND
2 1 290 306 12034 AND
2 1 12033 12034 12080 AND
2 1 12079 12080 12081 AND
2 1 450 466 12039 AND
2 1 482 498 12040 AND
2 1 12039 12040 12077 AND
2 1 386 402 12037 AND
2 1 418 434 12038 AND
2 1 12037 12038 12078 AND
2 1 12077 12078 12082 AND
2 1 12081 12082 12092 AND
2 1 12091 12092 12093 AND
2 1 1094 1110 12059 AND
2 1 1126 1142 12060 AND
2 1 12059 12060 12067 AND
2 1 1030 1046 12057 AND
2 1 1062 1078 12058 AND
2 1 12057 12058 12068 AND
2 1 12067 12068 12087 AND
2 1 1222 1238 12063 AND
2 1 1254 1354 12064 AND
2 1 12063 12064 12065 AND
2 1 1158 1174 12061 AND
2 1 1190 1206 12062 AND
2 1 12061 12062 12066 AND
2 1 12065 12066 12088 AND
2 1 12087 12088 12089 AND
2 1 845 861 12051 AND
2 1 877 893 12052 AND
2 1 12051 12052 12071 AND
2 1 781 797 12049 AND
2 1 813 829 12050 AND
2 1 12049 12050 12072 AND
2 1 12071 12072 12085 AND
2 1 966 982 12055 AND
2 1 998 1014 12056 AND
2 1 12055 12056 12069 AND
2 1 909 925 12053 AND
2 1 935 950 12054 AND
2 1 12053 12054 12070 AND
2 1 12069 12070 12086 AND
2 1 12085 12086 12090 AND
2 1 12089 12090 12094 AND
2 1 12093 12094 12095 AND