2 1 63 64 129 AND
2 1 64 65 130 AND
2 1 66 67 131 AND
2 1 130 131 132 AND
2 1 129 132 133 AND
2 1 72 73 134 AND
2 1 74 75 135 AND
2 1 134 135 136 AND
2 1 68 69 137 AND
2 1 70 71 138 AND
2 1 137 138 139 AND
2 1 136 139 140 AND
2 1 80 81 141 AND
2 1 82 83 142 AND
2 1 141 142 143 AND
2 1 76 77 144 AND
2 1 78 79 145 AND
2 1 144 145 146 AND
2 1 143 146 147 AND
2 1 140 147 148 AND
2 1 133 148 149 AND
2 1 124 125 150 AND
2 1 126 127 151 AND
2 1 150 151 152 AND
2 1 120 121 153 AND
2 1 122 123 154 AND
2 1 153 154 155 AND
2 1 116 117 156 AND
2 1 118 119 157 AND
2 1 156 157 158 AND
2 1 155 158 159 AND
2 1 152 159 160 AND
2 1 104 105 161 AND
2 1 106 107 162 AND
2 1 161 162 163 AND
2 1 100 101 164 AND
2 1 102 103 165 AND
2 1 164 165 166 AND
2 1 163 166 167 AND
2 1 112 113 168 AND
2 1 114 115 169 AND
2 1 168 169 170 AND
2 1 108 109 171 AND
2 1 110 111 172 AND
2 1 171 172 173 AND
2 1 170 173 174 AND
2 1 167 174 175 AND
2 1 88 89 176 AND
2 1 90 91 177 AND
2 1 176 177 178 AND
2 1 84 85 179 AND
2 1 86 87 180 AND
2 1 179 180 181 AND
2 1 178 181 182 AND
2 1 96 97 183 AND
2 1 98 99 184 AND
2 1 183 184 185 AND
2 1 92 93 186 AND
2 1 94 95 187 AND
2 1 186 187 188 AND
2 1 185 188 189 AND
2 1 182 189 190 AND
2 1 175 190 191 AND
2 1 160 191 192 AND
2 1 149 192 193 AND
2 1 62 64 194 AND
2 1 65 194 195 AND
2 1 63 195 196 AND
2 1 193 196 197 AND
2 1 65 194 198 AND
2 1 197 198 199 AND
2 1 63 193 200 AND
2 1 194 65 201 XOR
2 1 131 139 202 AND
2 1 136 146 203 AND
2 1 202 203 204 AND
2 1 201 204 205 AND
2 1 158 170 206 AND
2 1 152 155 207 AND
2 1 206 207 208 AND
2 1 166 185 209 AND
2 1 163 173 210 AND
2 1 209 210 211 AND
2 1 143 181 212 AND
2 1 178 188 213 AND
2 1 212 213 214 AND
2 1 211 214 215 AND
2 1 208 215 216 AND
2 1 205 216 217 AND
2 1 200 217 218 AND
2 1 199 218 219 AND
2 1 203 212 220 AND
2 1 202 220 221 AND
2 1 201 207 222 AND
2 1 206 210 223 AND
2 1 209 213 224 AND
2 1 223 224 225 AND
2 1 222 225 226 AND
2 1 221 226 227 AND
2 1 199 227 228 AND
2 1 200 228 229 AND
2 1 219 229 230 AND
2 1 61 64 231 AND
2 1 65 231 232 AND
2 1 85 86 233 AND
2 1 87 88 234 AND
2 1 233 234 235 AND
2 1 81 82 236 AND
2 1 83 84 237 AND
2 1 236 237 238 AND
2 1 235 238 239 AND
2 1 93 94 240 AND
2 1 95 96 241 AND
2 1 240 241 242 AND
2 1 89 90 243 AND
2 1 91 92 244 AND
2 1 243 244 245 AND
2 1 242 245 246 AND
2 1 239 246 247 AND
2 1 69 70 248 AND
2 1 71 72 249 AND
2 1 248 249 250 AND
2 1 64 66 251 AND
2 1 67 68 252 AND
2 1 251 252 253 AND
2 1 250 253 254 AND
2 1 77 78 255 AND
2 1 79 80 256 AND
2 1 255 256 257 AND
2 1 73 74 258 AND
2 1 75 76 259 AND
2 1 258 259 260 AND
2 1 257 260 261 AND
2 1 254 261 262 AND
2 1 247 262 263 AND
2 1 117 118 264 AND
2 1 119 120 265 AND
2 1 264 265 266 AND
2 1 113 114 267 AND
2 1 115 116 268 AND
2 1 267 268 269 AND
2 1 266 269 270 AND
2 1 125 126 271 AND
2 1 127 271 272 AND
2 1 121 122 273 AND
2 1 123 124 274 AND
2 1 273 274 275 AND
2 1 272 275 276 AND
2 1 270 276 277 AND
2 1 101 102 278 AND
2 1 103 104 279 AND
2 1 278 279 280 AND
2 1 97 98 281 AND
2 1 99 100 282 AND
2 1 281 282 283 AND
2 1 280 283 284 AND
2 1 109 110 285 AND
2 1 111 112 286 AND
2 1 285 286 287 AND
2 1 105 106 288 AND
2 1 107 108 289 AND
2 1 288 289 290 AND
2 1 287 290 291 AND
2 1 284 291 292 AND
2 1 277 292 293 AND
2 1 263 293 294 AND
2 1 199 294 295 AND
2 1 62 295 296 AND
2 1 131 194 297 AND
2 1 139 297 298 AND
2 1 203 298 299 AND
2 1 214 299 300 AND
2 1 208 211 301 AND
2 1 300 301 302 AND
2 1 199 302 303 AND
2 1 296 303 304 AND
2 1 232 304 305 AND
2 1 65 231 306 AND
2 1 305 306 307 AND
2 1 66 219 308 AND
2 1 229 308 309 AND
2 1 66 230 310 AND
2 1 309 310 311 AND
2 1 307 311 312 AND
2 1 66 312 313 AND
2 1 304 306 314 AND
2 1 232 309 315 AND
2 1 314 315 316 AND
2 1 310 316 317 AND
2 1 250 252 318 AND
2 1 261 318 319 AND
2 1 247 319 320 AND
2 1 293 320 321 AND
2 1 317 321 322 AND
2 1 313 322 323 AND
2 1 230 323 324 AND
2 1 309 321 325 AND
2 1 310 325 326 AND
2 1 307 326 327 AND
2 1 324 327 376 AND
2 1 67 327 328 AND
2 1 324 328 329 AND
2 1 239 261 330 AND
2 1 318 330 331 AND
2 1 231 65 332 XOR
2 1 276 332 333 AND
2 1 270 291 334 AND
2 1 246 284 335 AND
2 1 334 335 336 AND
2 1 333 336 337 AND
2 1 331 337 338 AND
2 1 317 338 339 AND
2 1 304 339 340 AND
2 1 319 332 341 AND
2 1 247 292 342 AND
2 1 277 342 343 AND
2 1 341 343 344 AND
2 1 303 344 345 AND
2 1 296 345 346 AND
2 1 317 346 347 AND
2 1 340 347 348 AND
2 1 66 348 349 AND
2 1 64 67 352 AND
2 1 139 352 353 AND
2 1 203 353 354 AND
2 1 214 354 355 AND
2 1 301 355 356 AND
2 1 317 356 357 AND
2 1 61 357 358 AND
2 1 231 252 359 AND
2 1 250 359 360 AND
2 1 261 360 361 AND
2 1 247 361 362 AND
2 1 293 362 363 AND
2 1 317 363 364 AND
2 1 358 364 365 AND
2 1 60 64 366 AND
2 1 65 366 369 AND
2 1 365 369 371 AND
2 1 66 347 350 AND
2 1 340 350 351 AND
2 1 65 366 367 AND
2 1 351 367 372 AND
2 1 371 372 373 AND
2 1 349 373 374 AND
2 1 329 374 375 AND
2 1 67 376 377 AND
2 1 375 377 378 AND
2 1 148 190 379 AND
2 1 160 175 380 AND
2 1 379 380 381 AND
2 1 378 381 384 AND
2 1 376 384 385 AND
2 1 377 381 382 AND
2 1 374 382 383 AND
2 1 68 383 386 AND
2 1 385 386 387 AND
2 1 365 367 368 AND
2 1 368 369 370 AND
2 1 349 351 388 AND
2 1 370 388 389 AND
2 1 373 381 390 AND
2 1 389 390 391 AND
2 1 378 391 392 AND
2 1 66 389 393 AND
2 1 381 393 394 AND
2 1 378 394 395 AND
2 1 348 395 396 AND
2 1 392 396 397 AND
2 1 67 397 398 AND
2 1 67 392 399 AND
2 1 396 399 400 AND
2 1 159 174 404 AND
2 1 167 189 405 AND
2 1 404 405 406 AND
2 1 147 182 401 AND
2 1 366 65 402 XOR
2 1 152 402 403 AND
2 1 140 403 407 AND
2 1 401 407 408 AND
2 1 406 408 409 AND
2 1 378 409 410 AND
2 1 365 410 411 AND
2 1 148 402 412 AND
2 1 192 412 413 AND
2 1 364 413 414 AND
2 1 358 414 415 AND
2 1 378 415 416 AND
2 1 411 416 417 AND
2 1 66 417 418 AND
2 1 66 416 419 AND
2 1 411 419 420 AND
2 1 59 64 421 AND
2 1 65 421 422 AND
2 1 420 422 439 AND
2 1 64 68 423 AND
2 1 250 423 424 AND
2 1 261 424 425 AND
2 1 247 425 426 AND
2 1 293 426 427 AND
2 1 378 427 428 AND
2 1 60 428 429 AND
2 1 139 366 430 AND
2 1 203 430 431 AND
2 1 214 431 432 AND
2 1 301 432 433 AND
2 1 378 433 434 AND
2 1 429 434 435 AND
2 1 65 421 437 AND
2 1 435 437 440 AND
2 1 439 440 441 AND
2 1 418 441 442 AND
2 1 400 442 443 AND
2 1 398 443 444 AND
2 1 387 444 445 AND
2 1 383 385 446 AND
2 1 68 446 447 AND
2 1 445 447 448 AND
2 1 398 400 449 AND
2 1 418 449 450 AND
2 1 441 450 451 AND
2 1 235 245 452 AND
2 1 242 283 453 AND
2 1 452 453 454 AND
2 1 250 260 455 AND
2 1 238 257 456 AND
2 1 455 456 457 AND
2 1 454 457 458 AND
2 1 266 275 459 AND
2 1 272 459 460 AND
2 1 280 290 461 AND
2 1 269 287 462 AND
2 1 461 462 463 AND
2 1 460 463 464 AND
2 1 458 464 465 AND
2 1 451 465 466 AND
2 1 443 466 467 AND
2 1 448 467 468 AND
2 1 67 451 469 AND
2 1 465 469 470 AND
2 1 448 470 471 AND
2 1 397 471 472 AND
2 1 468 472 473 AND
2 1 473 68 474 XOR
2 1 422 435 436 AND
2 1 436 437 438 AND
2 1 418 420 475 AND
2 1 438 475 476 AND
2 1 441 465 477 AND
2 1 476 477 478 AND
2 1 448 478 479 AND
2 1 66 476 480 AND
2 1 465 480 481 AND
2 1 448 481 482 AND
2 1 417 482 483 AND
2 1 479 483 484 AND
2 1 484 67 485 XOR
2 1 459 462 489 AND
2 1 453 461 490 AND
2 1 489 490 491 AND
2 1 452 456 486 AND
2 1 421 65 487 XOR
2 1 272 487 488 AND
2 1 455 488 492 AND
2 1 486 492 493 AND
2 1 491 493 494 AND
2 1 448 494 495 AND
2 1 435 495 496 AND
2 1 457 487 497 AND
2 1 454 463 498 AND
2 1 460 498 499 AND
2 1 497 499 500 AND
2 1 434 500 501 AND
2 1 429 501 502 AND
2 1 448 502 503 AND
2 1 496 503 504 AND
2 1 66 504 505 AND
2 1 58 64 521 AND
2 1 65 521 524 AND
2 1 64 69 506 AND
2 1 138 506 507 AND
2 1 136 507 508 AND
2 1 147 508 509 AND
2 1 190 509 510 AND
2 1 380 510 511 AND
2 1 448 511 512 AND
2 1 59 512 513 AND
2 1 250 421 514 AND
2 1 261 514 515 AND
2 1 247 515 516 AND
2 1 293 516 517 AND
2 1 448 517 518 AND
2 1 513 518 519 AND
2 1 65 521 525 AND
2 1 519 525 526 AND
2 1 524 526 527 AND
2 1 504 66 528 XOR
2 1 527 528 529 AND
2 1 505 529 530 AND
2 1 485 530 531 AND
2 1 67 484 532 AND
2 1 531 532 533 AND
2 1 474 533 534 AND
2 1 68 473 535 AND
2 1 534 535 536 AND
2 1 387 447 537 AND
2 1 398 537 538 AND
2 1 443 538 539 AND
2 1 447 465 540 AND
2 1 539 540 541 AND
2 1 445 541 542 AND
2 1 68 539 543 AND
2 1 465 543 544 AND
2 1 448 544 545 AND
2 1 446 545 546 AND
2 1 542 546 547 AND
2 1 547 69 548 XOR
2 1 136 138 549 AND
2 1 147 549 550 AND
2 1 190 550 551 AND
2 1 380 551 552 AND
2 1 548 552 553 AND
2 1 536 553 554 AND
2 1 465 547 555 AND
2 1 554 555 556 AND
2 1 533 474 557 XOR
2 1 556 557 558 AND
2 1 473 555 559 AND
2 1 554 559 560 AND
2 1 558 560 561 AND
2 1 548 536 562 XOR
2 1 556 562 563 AND
2 1 465 547 564 AND
2 1 554 564 565 AND
2 1 563 565 566 AND
2 1 70 566 567 AND
2 1 69 561 568 AND
2 1 530 485 569 XOR
2 1 556 569 570 AND
2 1 484 555 571 AND
2 1 554 571 572 AND
2 1 570 572 573 AND
2 1 68 573 574 AND
2 1 519 65 520 XOR
2 1 520 521 522 AND
2 1 65 519 523 AND
2 1 522 523 575 AND
2 1 575 528 576 XOR
2 1 556 576 577 AND
2 1 504 555 578 AND
2 1 554 578 579 AND
2 1 577 579 580 AND
2 1 67 580 581 AND
2 1 521 65 582 XOR
2 1 582 519 583 XOR
2 1 556 583 584 AND
2 1 519 555 585 AND
2 1 554 585 586 AND
2 1 584 586 587 AND
2 1 66 587 588 AND
2 1 65 58 593 XOR
2 1 64 556 589 AND
2 1 593 589 594 XOR
2 1 57 64 595 AND
2 1 594 595 596 AND
2 1 589 58 590 XOR
2 1 65 590 597 AND
2 1 596 597 598 AND
2 1 587 66 599 XOR
2 1 598 599 600 AND
2 1 588 600 601 AND
2 1 580 67 602 XOR
2 1 601 602 603 AND
2 1 581 603 604 AND
2 1 573 68 605 XOR
2 1 604 605 606 AND
2 1 574 606 607 AND
2 1 561 69 608 XOR
2 1 607 608 609 AND
2 1 568 609 610 AND
2 1 566 70 611 XOR
2 1 610 611 612 AND
2 1 567 612 613 AND
2 1 249 260 614 AND
2 1 456 614 615 AND
2 1 454 615 616 AND
2 1 464 616 617 AND
2 1 613 617 618 AND
2 1 561 618 619 AND
2 1 608 607 620 XOR
2 1 617 620 621 AND
2 1 613 621 622 AND
2 1 619 622 623 AND
2 1 566 618 624 AND
2 1 611 610 625 XOR
2 1 618 625 626 AND
2 1 624 626 627 AND
2 1 71 627 628 AND
2 1 70 623 629 AND
2 1 573 618 630 AND
2 1 605 604 631 XOR
2 1 617 631 632 AND
2 1 613 632 633 AND
2 1 630 633 634 AND
2 1 69 634 635 AND
2 1 580 618 636 AND
2 1 602 601 637 XOR
2 1 617 637 638 AND
2 1 613 638 639 AND
2 1 636 639 640 AND
2 1 68 640 641 AND
2 1 587 618 642 AND
2 1 599 598 643 XOR
2 1 617 643 644 AND
2 1 613 644 645 AND
2 1 642 645 646 AND
2 1 67 646 647 AND
2 1 590 618 648 AND
2 1 65 590 591 AND
2 1 65 590 592 AND
2 1 591 592 649 AND
2 1 649 595 650 XOR
2 1 617 650 651 AND
2 1 613 651 652 AND
2 1 648 652 653 AND
2 1 66 653 654 AND
2 1 56 64 673 AND
2 1 65 673 676 AND
2 1 64 71 655 AND
2 1 136 655 656 AND
2 1 147 656 657 AND
2 1 190 657 658 AND
2 1 380 658 659 AND
2 1 613 659 660 AND
2 1 57 660 661 AND
2 1 249 595 662 AND
2 1 260 662 663 AND
2 1 456 663 664 AND
2 1 454 664 665 AND
2 1 464 665 666 AND
2 1 613 666 667 AND
2 1 661 667 668 AND
2 1 65 673 677 AND
2 1 668 677 678 AND
2 1 676 678 679 AND
2 1 653 66 680 XOR
2 1 679 680 681 AND
2 1 654 681 682 AND
2 1 646 67 683 XOR
2 1 682 683 684 AND
2 1 647 684 685 AND
2 1 640 68 686 XOR
2 1 685 686 687 AND
2 1 641 687 688 AND
2 1 634 69 689 XOR
2 1 688 689 690 AND
2 1 635 690 691 AND
2 1 623 70 692 XOR
2 1 691 692 693 AND
2 1 629 693 694 AND
2 1 627 71 695 XOR
2 1 694 695 696 AND
2 1 628 696 697 AND
2 1 203 214 698 AND
2 1 301 698 699 AND
2 1 697 699 700 AND
2 1 623 700 701 AND
2 1 692 691 702 XOR
2 1 699 702 703 AND
2 1 697 703 704 AND
2 1 701 704 705 AND
2 1 71 705 706 AND
2 1 634 700 707 AND
2 1 689 688 708 XOR
2 1 699 708 709 AND
2 1 697 709 710 AND
2 1 707 710 711 AND
2 1 70 711 712 AND
2 1 640 700 713 AND
2 1 686 685 714 XOR
2 1 699 714 715 AND
2 1 697 715 716 AND
2 1 713 716 717 AND
2 1 69 717 718 AND
2 1 646 700 719 AND
2 1 683 682 720 XOR
2 1 699 720 721 AND
2 1 697 721 722 AND
2 1 719 722 723 AND
2 1 68 723 724 AND
2 1 653 700 725 AND
2 1 65 668 669 AND
2 1 65 667 670 AND
2 1 661 670 671 AND
2 1 669 671 672 AND
2 1 672 673 674 AND
2 1 65 668 675 AND
2 1 674 675 726 AND
2 1 726 680 727 XOR
2 1 699 727 728 AND
2 1 697 728 729 AND
2 1 725 729 730 AND
2 1 67 730 731 AND
2 1 668 700 732 AND
2 1 673 672 733 XOR
2 1 699 733 734 AND
2 1 697 734 735 AND
2 1 732 735 736 AND
2 1 66 736 737 AND
2 1 55 64 752 AND
2 1 65 752 755 AND
2 1 64 72 738 AND
2 1 260 738 739 AND
2 1 456 739 740 AND
2 1 454 740 741 AND
2 1 464 741 742 AND
2 1 697 742 743 AND
2 1 56 743 744 AND
2 1 136 673 745 AND
2 1 147 745 746 AND
2 1 190 746 747 AND
2 1 380 747 748 AND
2 1 697 748 749 AND
2 1 744 749 750 AND
2 1 65 752 756 AND
2 1 750 756 757 AND
2 1 755 757 758 AND
2 1 736 66 759 XOR
2 1 758 759 760 AND
2 1 737 760 761 AND
2 1 730 67 762 XOR
2 1 761 762 763 AND
2 1 731 763 764 AND
2 1 723 68 765 XOR
2 1 764 765 766 AND
2 1 724 766 767 AND
2 1 717 69 768 XOR
2 1 767 768 769 AND
2 1 718 769 770 AND
2 1 711 70 771 XOR
2 1 770 771 772 AND
2 1 712 772 773 AND
2 1 705 71 774 XOR
2 1 773 774 775 AND
2 1 706 775 776 AND
2 1 627 700 777 AND
2 1 695 694 778 XOR
2 1 700 778 779 AND
2 1 777 779 780 AND
2 1 72 780 781 AND
2 1 72 777 782 AND
2 1 779 782 783 AND
2 1 247 261 784 AND
2 1 293 784 785 AND
2 1 783 785 786 AND
2 1 781 786 787 AND
2 1 776 787 788 AND
2 1 699 780 789 AND
2 1 788 789 790 AND
2 1 774 773 791 XOR
2 1 790 791 792 AND
2 1 705 789 793 AND
2 1 788 793 794 AND
2 1 792 794 795 AND
2 1 781 783 796 AND
2 1 796 776 797 XOR
2 1 790 797 798 AND
2 1 627 699 799 AND
2 1 788 799 800 AND
2 1 798 800 801 AND
2 1 73 801 802 AND
2 1 72 795 803 AND
2 1 771 770 804 XOR
2 1 790 804 805 AND
2 1 711 789 806 AND
2 1 788 806 807 AND
2 1 805 807 808 AND
2 1 71 808 809 AND
2 1 768 767 810 XOR
2 1 790 810 811 AND
2 1 717 789 812 AND
2 1 788 812 813 AND
2 1 811 813 814 AND
2 1 70 814 815 AND
2 1 765 764 816 XOR
2 1 790 816 817 AND
2 1 723 789 818 AND
2 1 788 818 819 AND
2 1 817 819 820 AND
2 1 69 820 821 AND
2 1 762 761 822 XOR
2 1 790 822 823 AND
2 1 730 789 824 AND
2 1 788 824 825 AND
2 1 823 825 826 AND
2 1 68 826 827 AND
2 1 750 65 751 XOR
2 1 751 752 753 AND
2 1 65 750 754 AND
2 1 753 754 828 AND
2 1 828 759 829 XOR
2 1 790 829 830 AND
2 1 736 789 831 AND
2 1 788 831 832 AND
2 1 830 832 833 AND
2 1 67 833 834 AND
2 1 752 65 835 XOR
2 1 835 750 836 XOR
2 1 790 836 837 AND
2 1 750 789 838 AND
2 1 788 838 839 AND
2 1 837 839 840 AND
2 1 66 840 841 AND
2 1 65 55 846 XOR
2 1 64 790 842 AND
2 1 846 842 847 XOR
2 1 54 64 848 AND
2 1 847 848 849 AND
2 1 842 55 843 XOR
2 1 65 843 850 AND
2 1 849 850 851 AND
2 1 840 66 852 XOR
2 1 851 852 853 AND
2 1 841 853 854 AND
2 1 833 67 855 XOR
2 1 854 855 856 AND
2 1 834 856 857 AND
2 1 826 68 858 XOR
2 1 857 858 859 AND
2 1 827 859 860 AND
2 1 820 69 861 XOR
2 1 860 861 862 AND
2 1 821 862 863 AND
2 1 814 70 864 XOR
2 1 863 864 865 AND
2 1 815 865 866 AND
2 1 808 71 867 XOR
2 1 866 867 868 AND
2 1 809 868 869 AND
2 1 795 72 870 XOR
2 1 869 870 871 AND
2 1 803 871 872 AND
2 1 801 73 873 XOR
2 1 872 873 874 AND
2 1 802 874 875 AND
2 1 135 146 876 AND
2 1 214 876 877 AND
2 1 301 877 878 AND
2 1 875 878 879 AND
2 1 795 879 880 AND
2 1 870 869 881 XOR
2 1 878 881 882 AND
2 1 875 882 883 AND
2 1 880 883 884 AND
2 1 801 879 885 AND
2 1 873 872 886 XOR
2 1 879 886 887 AND
2 1 885 887 888 AND
2 1 74 888 889 AND
2 1 73 884 890 AND
2 1 808 879 891 AND
2 1 867 866 892 XOR
2 1 878 892 893 AND
2 1 875 893 894 AND
2 1 891 894 895 AND
2 1 72 895 896 AND
2 1 814 879 897 AND
2 1 864 863 898 XOR
2 1 878 898 899 AND
2 1 875 899 900 AND
2 1 897 900 901 AND
2 1 71 901 902 AND
2 1 820 879 903 AND
2 1 861 860 904 XOR
2 1 878 904 905 AND
2 1 875 905 906 AND
2 1 903 906 907 AND
2 1 70 907 908 AND
2 1 826 879 909 AND
2 1 858 857 910 XOR
2 1 878 910 911 AND
2 1 875 911 912 AND
2 1 909 912 913 AND
2 1 69 913 914 AND
2 1 833 879 915 AND
2 1 855 854 916 XOR
2 1 878 916 917 AND
2 1 875 917 918 AND
2 1 915 918 919 AND
2 1 68 919 920 AND
2 1 840 879 921 AND
2 1 852 851 922 XOR
2 1 878 922 923 AND
2 1 875 923 924 AND
2 1 921 924 925 AND
2 1 67 925 926 AND
2 1 843 879 927 AND
2 1 65 843 844 AND
2 1 65 843 845 AND
2 1 844 845 928 AND
2 1 928 848 929 XOR
2 1 878 929 930 AND
2 1 875 930 931 AND
2 1 927 931 932 AND
2 1 66 932 933 AND
2 1 53 64 951 AND
2 1 65 951 954 AND
2 1 64 74 934 AND
2 1 259 934 935 AND
2 1 257 935 936 AND
2 1 247 936 937 AND
2 1 293 937 938 AND
2 1 875 938 939 AND
2 1 54 939 940 AND
2 1 135 848 941 AND
2 1 146 941 942 AND
2 1 214 942 943 AND
2 1 301 943 944 AND
2 1 875 944 945 AND
2 1 940 945 946 AND
2 1 65 951 955 AND
2 1 946 955 956 AND
2 1 954 956 957 AND
2 1 932 66 958 XOR
2 1 957 958 959 AND
2 1 933 959 960 AND
2 1 925 67 961 XOR
2 1 960 961 962 AND
2 1 926 962 963 AND
2 1 919 68 964 XOR
2 1 963 964 965 AND
2 1 920 965 966 AND
2 1 913 69 967 XOR
2 1 966 967 968 AND
2 1 914 968 969 AND
2 1 907 70 970 XOR
2 1 969 970 971 AND
2 1 908 971 972 AND
2 1 901 71 973 XOR
2 1 972 973 974 AND
2 1 902 974 975 AND
2 1 895 72 976 XOR
2 1 975 976 977 AND
2 1 896 977 978 AND
2 1 884 73 979 XOR
2 1 978 979 980 AND
2 1 890 980 981 AND
2 1 888 74 982 XOR
2 1 981 982 983 AND
2 1 889 983 984 AND
2 1 257 259 985 AND
2 1 247 985 986 AND
2 1 293 986 987 AND
2 1 984 987 988 AND
2 1 884 988 989 AND
2 1 979 978 990 XOR
2 1 987 990 991 AND
2 1 984 991 992 AND
2 1 989 992 993 AND
2 1 74 993 994 AND
2 1 895 988 995 AND
2 1 976 975 996 XOR
2 1 987 996 997 AND
2 1 984 997 998 AND
2 1 995 998 999 AND
2 1 73 999 1000 AND
2 1 901 988 1001 AND
2 1 973 972 1002 XOR
2 1 987 1002 1003 AND
2 1 984 1003 1004 AND
2 1 1001 1004 1005 AND
2 1 72 1005 1006 AND
2 1 907 988 1007 AND
2 1 970 969 1008 XOR
2 1 987 1008 1009 AND
2 1 984 1009 1010 AND
2 1 1007 1010 1011 AND
2 1 71 1011 1012 AND
2 1 913 988 1013 AND
2 1 967 966 1014 XOR
2 1 987 1014 1015 AND
2 1 984 1015 1016 AND
2 1 1013 1016 1017 AND
2 1 70 1017 1018 AND
2 1 919 988 1019 AND
2 1 964 963 1020 XOR
2 1 987 1020 1021 AND
2 1 984 1021 1022 AND
2 1 1019 1022 1023 AND
2 1 69 1023 1024 AND
2 1 925 988 1025 AND
2 1 961 960 1026 XOR
2 1 987 1026 1027 AND
2 1 984 1027 1028 AND
2 1 1025 1028 1029 AND
2 1 68 1029 1030 AND
2 1 932 988 1031 AND
2 1 65 946 947 AND
2 1 65 945 948 AND
2 1 940 948 949 AND
2 1 947 949 950 AND
2 1 950 951 952 AND
2 1 65 946 953 AND
2 1 952 953 1032 AND
2 1 1032 958 1033 XOR
2 1 987 1033 1034 AND
2 1 984 1034 1035 AND
2 1 1031 1035 1036 AND
2 1 67 1036 1037 AND
2 1 946 988 1038 AND
2 1 951 950 1039 XOR
2 1 987 1039 1040 AND
2 1 984 1040 1041 AND
2 1 1038 1041 1042 AND
2 1 66 1042 1043 AND
2 1 52 64 1057 AND
2 1 65 1057 1060 AND
2 1 64 75 1044 AND
2 1 146 1044 1045 AND
2 1 214 1045 1046 AND
2 1 301 1046 1047 AND
2 1 984 1047 1048 AND
2 1 53 1048 1049 AND
2 1 259 951 1050 AND
2 1 257 1050 1051 AND
2 1 247 1051 1052 AND
2 1 293 1052 1053 AND
2 1 984 1053 1054 AND
2 1 1049 1054 1055 AND
2 1 65 1057 1061 AND
2 1 1055 1061 1062 AND
2 1 1060 1062 1063 AND
2 1 1042 66 1064 XOR
2 1 1063 1064 1065 AND
2 1 1043 1065 1066 AND
2 1 1036 67 1067 XOR
2 1 1066 1067 1068 AND
2 1 1037 1068 1069 AND
2 1 1029 68 1070 XOR
2 1 1069 1070 1071 AND
2 1 1030 1071 1072 AND
2 1 1023 69 1073 XOR
2 1 1072 1073 1074 AND
2 1 1024 1074 1075 AND
2 1 1017 70 1076 XOR
2 1 1075 1076 1077 AND
2 1 1018 1077 1078 AND
2 1 1011 71 1079 XOR
2 1 1078 1079 1080 AND
2 1 1012 1080 1081 AND
2 1 1005 72 1082 XOR
2 1 1081 1082 1083 AND
2 1 1006 1083 1084 AND
2 1 999 73 1085 XOR
2 1 1084 1085 1086 AND
2 1 1000 1086 1087 AND
2 1 993 74 1088 XOR
2 1 1087 1088 1089 AND
2 1 994 1089 1090 AND
2 1 888 988 1091 AND
2 1 982 981 1092 XOR
2 1 988 1092 1093 AND
2 1 1091 1093 1094 AND
2 1 75 1094 1095 AND
2 1 75 1091 1096 AND
2 1 1093 1096 1097 AND
2 1 147 190 1098 AND
2 1 380 1098 1099 AND
2 1 1097 1099 1100 AND
2 1 1095 1100 1101 AND
2 1 1090 1101 1102 AND
2 1 987 1094 1103 AND
2 1 1102 1103 1104 AND
2 1 1088 1087 1105 XOR
2 1 1104 1105 1106 AND
2 1 993 1103 1107 AND
2 1 1102 1107 1108 AND
2 1 1106 1108 1109 AND
2 1 1095 1097 1110 AND
2 1 1110 1090 1111 XOR
2 1 1104 1111 1112 AND
2 1 888 987 1113 AND
2 1 1102 1113 1114 AND
2 1 1112 1114 1115 AND
2 1 76 1115 1116 AND
2 1 75 1109 1117 AND
2 1 1085 1084 1118 XOR
2 1 1104 1118 1119 AND
2 1 999 1103 1120 AND
2 1 1102 1120 1121 AND
2 1 1119 1121 1122 AND
2 1 74 1122 1123 AND
2 1 1082 1081 1124 XOR
2 1 1104 1124 1125 AND
2 1 1005 1103 1126 AND
2 1 1102 1126 1127 AND
2 1 1125 1127 1128 AND
2 1 73 1128 1129 AND
2 1 1079 1078 1130 XOR
2 1 1104 1130 1131 AND
2 1 1011 1103 1132 AND
2 1 1102 1132 1133 AND
2 1 1131 1133 1134 AND
2 1 72 1134 1135 AND
2 1 1076 1075 1136 XOR
2 1 1104 1136 1137 AND
2 1 1017 1103 1138 AND
2 1 1102 1138 1139 AND
2 1 1137 1139 1140 AND
2 1 71 1140 1141 AND
2 1 1073 1072 1142 XOR
2 1 1104 1142 1143 AND
2 1 1023 1103 1144 AND
2 1 1102 1144 1145 AND
2 1 1143 1145 1146 AND
2 1 70 1146 1147 AND
2 1 1070 1069 1148 XOR
2 1 1104 1148 1149 AND
2 1 1029 1103 1150 AND
2 1 1102 1150 1151 AND
2 1 1149 1151 1152 AND
2 1 69 1152 1153 AND
2 1 1067 1066 1154 XOR
2 1 1104 1154 1155 AND
2 1 1036 1103 1156 AND
2 1 1102 1156 1157 AND
2 1 1155 1157 1158 AND
2 1 68 1158 1159 AND
2 1 1055 65 1056 XOR
2 1 1056 1057 1058 AND
2 1 65 1055 1059 AND
2 1 1058 1059 1160 AND
2 1 1160 1064 1161 XOR
2 1 1104 1161 1162 AND
2 1 1042 1103 1163 AND
2 1 1102 1163 1164 AND
2 1 1162 1164 1165 AND
2 1 67 1165 1166 AND
2 1 1057 65 1167 XOR
2 1 1167 1055 1168 XOR
2 1 1104 1168 1169 AND
2 1 1055 1103 1170 AND
2 1 1102 1170 1171 AND
2 1 1169 1171 1172 AND
2 1 66 1172 1173 AND
2 1 65 52 1178 XOR
2 1 64 1104 1174 AND
2 1 1178 1174 1179 XOR
2 1 51 64 1180 AND
2 1 1179 1180 1181 AND
2 1 1174 52 1175 XOR
2 1 65 1175 1182 AND
2 1 1181 1182 1183 AND
2 1 1172 66 1184 XOR
2 1 1183 1184 1185 AND
2 1 1173 1185 1186 AND
2 1 1165 67 1187 XOR
2 1 1186 1187 1188 AND
2 1 1166 1188 1189 AND
2 1 1158 68 1190 XOR
2 1 1189 1190 1191 AND
2 1 1159 1191 1192 AND
2 1 1152 69 1193 XOR
2 1 1192 1193 1194 AND
2 1 1153 1194 1195 AND
2 1 1146 70 1196 XOR
2 1 1195 1196 1197 AND
2 1 1147 1197 1198 AND
2 1 1140 71 1199 XOR
2 1 1198 1199 1200 AND
2 1 1141 1200 1201 AND
2 1 1134 72 1202 XOR
2 1 1201 1202 1203 AND
2 1 1135 1203 1204 AND
2 1 1128 73 1205 XOR
2 1 1204 1205 1206 AND
2 1 1129 1206 1207 AND
2 1 1122 74 1208 XOR
2 1 1207 1208 1209 AND
2 1 1123 1209 1210 AND
2 1 1109 75 1211 XOR
2 1 1210 1211 1212 AND
2 1 1117 1212 1213 AND
2 1 1115 76 1214 XOR
2 1 1213 1214 1215 AND
2 1 1116 1215 1216 AND
2 1 454 456 1217 AND
2 1 464 1217 1218 AND
2 1 1216 1218 1219 AND
2 1 1109 1219 1220 AND
2 1 1211 1210 1221 XOR
2 1 1218 1221 1222 AND
2 1 1216 1222 1223 AND
2 1 1220 1223 1224 AND
2 1 1115 1219 1225 AND
2 1 1214 1213 1226 XOR
2 1 1219 1226 1227 AND
2 1 1225 1227 1228 AND
2 1 77 1228 1229 AND
2 1 76 1224 1230 AND
2 1 1122 1219 1231 AND
2 1 1208 1207 1232 XOR
2 1 1218 1232 1233 AND
2 1 1216 1233 1234 AND
2 1 1231 1234 1235 AND
2 1 75 1235 1236 AND
2 1 1128 1219 1237 AND
2 1 1205 1204 1238 XOR
2 1 1218 1238 1239 AND
2 1 1216 1239 1240 AND
2 1 1237 1240 1241 AND
2 1 74 1241 1242 AND
2 1 1134 1219 1243 AND
2 1 1202 1201 1244 XOR
2 1 1218 1244 1245 AND
2 1 1216 1245 1246 AND
2 1 1243 1246 1247 AND
2 1 73 1247 1248 AND
2 1 1140 1219 1249 AND
2 1 1199 1198 1250 XOR
2 1 1218 1250 1251 AND
2 1 1216 1251 1252 AND
2 1 1249 1252 1253 AND
2 1 72 1253 1254 AND
2 1 1146 1219 1255 AND
2 1 1196 1195 1256 XOR
2 1 1218 1256 1257 AND
2 1 1216 1257 1258 AND
2 1 1255 1258 1259 AND
2 1 71 1259 1260 AND
2 1 1152 1219 1261 AND
2 1 1193 1192 1262 XOR
2 1 1218 1262 1263 AND
2 1 1216 1263 1264 AND
2 1 1261 1264 1265 AND
2 1 70 1265 1266 AND
2 1 1158 1219 1267 AND
2 1 1190 1189 1268 XOR
2 1 1218 1268 1269 AND
2 1 1216 1269 1270 AND
2 1 1267 1270 1271 AND
2 1 69 1271 1272 AND
2 1 1165 1219 1273 AND
2 1 1187 1186 1274 XOR
2 1 1218 1274 1275 AND
2 1 1216 1275 1276 AND
2 1 1273 1276 1277 AND
2 1 68 1277 1278 AND
2 1 1172 1219 1279 AND
2 1 1184 1183 1280 XOR
2 1 1218 1280 1281 AND
2 1 1216 1281 1282 AND
2 1 1279 1282 1283 AND
2 1 67 1283 1284 AND
2 1 1175 1219 1285 AND
2 1 65 1175 1176 AND
2 1 65 1175 1177 AND
2 1 1176 1177 1286 AND
2 1 1286 1180 1287 XOR
2 1 1218 1287 1288 AND
2 1 1216 1288 1289 AND
2 1 1285 1289 1290 AND
2 1 66 1290 1291 AND
2 1 50 64 1308 AND
2 1 65 1308 1311 AND
2 1 64 77 1292 AND
2 1 145 1292 1293 AND
2 1 143 1293 1294 AND
2 1 190 1294 1295 AND
2 1 380 1295 1296 AND
2 1 1216 1296 1297 AND
2 1 51 1297 1298 AND
2 1 257 1180 1299 AND
2 1 247 1299 1300 AND
2 1 293 1300 1301 AND
2 1 1216 1301 1302 AND
2 1 1298 1302 1303 AND
2 1 65 1308 1312 AND
2 1 1303 1312 1313 AND
2 1 1311 1313 1314 AND
2 1 1290 66 1315 XOR
2 1 1314 1315 1316 AND
2 1 1291 1316 1317 AND
2 1 1283 67 1318 XOR
2 1 1317 1318 1319 AND
2 1 1284 1319 1320 AND
2 1 1277 68 1321 XOR
2 1 1320 1321 1322 AND
2 1 1278 1322 1323 AND
2 1 1271 69 1324 XOR
2 1 1323 1324 1325 AND
2 1 1272 1325 1326 AND
2 1 1265 70 1327 XOR
2 1 1326 1327 1328 AND
2 1 1266 1328 1329 AND
2 1 1259 71 1330 XOR
2 1 1329 1330 1331 AND
2 1 1260 1331 1332 AND
2 1 1253 72 1333 XOR
2 1 1332 1333 1334 AND
2 1 1254 1334 1335 AND
2 1 1247 73 1336 XOR
2 1 1335 1336 1337 AND
2 1 1248 1337 1338 AND
2 1 1241 74 1339 XOR
2 1 1338 1339 1340 AND
2 1 1242 1340 1341 AND
2 1 1235 75 1342 XOR
2 1 1341 1342 1343 AND
2 1 1236 1343 1344 AND
2 1 1224 76 1345 XOR
2 1 1344 1345 1346 AND
2 1 1230 1346 1347 AND
2 1 1228 77 1348 XOR
2 1 1347 1348 1349 AND
2 1 1229 1349 1350 AND
2 1 143 145 1351 AND
2 1 190 1351 1352 AND
2 1 380 1352 1353 AND
2 1 1350 1353 1354 AND
2 1 1224 1354 1355 AND
2 1 1345 1344 1356 XOR
2 1 1353 1356 1357 AND
2 1 1350 1357 1358 AND
2 1 1355 1358 1359 AND
2 1 77 1359 1360 AND
2 1 1235 1354 1361 AND
2 1 1342 1341 1362 XOR
2 1 1353 1362 1363 AND
2 1 1350 1363 1364 AND
2 1 1361 1364 1365 AND
2 1 76 1365 1366 AND
2 1 1241 1354 1367 AND
2 1 1339 1338 1368 XOR
2 1 1353 1368 1369 AND
2 1 1350 1369 1370 AND
2 1 1367 1370 1371 AND
2 1 75 1371 1372 AND
2 1 1247 1354 1373 AND
2 1 1336 1335 1374 XOR
2 1 1353 1374 1375 AND
2 1 1350 1375 1376 AND
2 1 1373 1376 1377 AND
2 1 74 1377 1378 AND
2 1 1253 1354 1379 AND
2 1 1333 1332 1380 XOR
2 1 1353 1380 1381 AND
2 1 1350 1381 1382 AND
2 1 1379 1382 1383 AND
2 1 73 1383 1384 AND
2 1 1259 1354 1385 AND
2 1 1330 1329 1386 XOR
2 1 1353 1386 1387 AND
2 1 1350 1387 1388 AND
2 1 1385 1388 1389 AND
2 1 72 1389 1390 AND
2 1 1265 1354 1391 AND
2 1 1327 1326 1392 XOR
2 1 1353 1392 1393 AND
2 1 1350 1393 1394 AND
2 1 1391 1394 1395 AND
2 1 71 1395 1396 AND
2 1 1271 1354 1397 AND
2 1 1324 1323 1398 XOR
2 1 1353 1398 1399 AND
2 1 1350 1399 1400 AND
2 1 1397 1400 1401 AND
2 1 70 1401 1402 AND
2 1 1277 1354 1403 AND
2 1 1321 1320 1404 XOR
2 1 1353 1404 1405 AND
2 1 1350 1405 1406 AND
2 1 1403 1406 1407 AND
2 1 69 1407 1408 AND
2 1 1283 1354 1409 AND
2 1 1318 1317 1410 XOR
2 1 1353 1410 1411 AND
2 1 1350 1411 1412 AND
2 1 1409 1412 1413 AND
2 1 68 1413 1414 AND
2 1 1290 1354 1415 AND
2 1 65 1303 1304 AND
2 1 65 1302 1305 AND
2 1 1298 1305 1306 AND
2 1 1304 1306 1307 AND
2 1 1307 1308 1309 AND
2 1 65 1303 1310 AND
2 1 1309 1310 1416 AND
2 1 1416 1315 1417 XOR
2 1 1353 1417 1418 AND
2 1 1350 1418 1419 AND
2 1 1415 1419 1420 AND
2 1 67 1420 1421 AND
2 1 1303 1354 1422 AND
2 1 1308 1307 1423 XOR
2 1 1353 1423 1424 AND
2 1 1350 1424 1425 AND
2 1 1422 1425 1426 AND
2 1 66 1426 1427 AND
2 1 49 64 1442 AND
2 1 65 1442 1445 AND
2 1 64 78 1428 AND
2 1 256 1428 1429 AND
2 1 238 1429 1430 AND
2 1 454 1430 1431 AND
2 1 464 1431 1432 AND
2 1 1350 1432 1433 AND
2 1 50 1433 1434 AND
2 1 145 1308 1435 AND
2 1 143 1435 1436 AND
2 1 190 1436 1437 AND
2 1 380 1437 1438 AND
2 1 1350 1438 1439 AND
2 1 1434 1439 1440 AND
2 1 65 1442 1446 AND
2 1 1440 1446 1447 AND
2 1 1445 1447 1448 AND
2 1 1426 66 1449 XOR
2 1 1448 1449 1450 AND
2 1 1427 1450 1451 AND
2 1 1420 67 1452 XOR
2 1 1451 1452 1453 AND
2 1 1421 1453 1454 AND
2 1 1413 68 1455 XOR
2 1 1454 1455 1456 AND
2 1 1414 1456 1457 AND
2 1 1407 69 1458 XOR
2 1 1457 1458 1459 AND
2 1 1408 1459 1460 AND
2 1 1401 70 1461 XOR
2 1 1460 1461 1462 AND
2 1 1402 1462 1463 AND
2 1 1395 71 1464 XOR
2 1 1463 1464 1465 AND
2 1 1396 1465 1466 AND
2 1 1389 72 1467 XOR
2 1 1466 1467 1468 AND
2 1 1390 1468 1469 AND
2 1 1383 73 1470 XOR
2 1 1469 1470 1471 AND
2 1 1384 1471 1472 AND
2 1 1377 74 1473 XOR
2 1 1472 1473 1474 AND
2 1 1378 1474 1475 AND
2 1 1371 75 1476 XOR
2 1 1475 1476 1477 AND
2 1 1372 1477 1478 AND
2 1 1365 76 1479 XOR
2 1 1478 1479 1480 AND
2 1 1366 1480 1481 AND
2 1 1359 77 1482 XOR
2 1 1481 1482 1483 AND
2 1 1360 1483 1484 AND
2 1 1228 1354 1485 AND
2 1 1348 1347 1486 XOR
2 1 1354 1486 1487 AND
2 1 1485 1487 1488 AND
2 1 78 1488 1489 AND
2 1 78 1485 1490 AND
2 1 1487 1490 1491 AND
2 1 238 256 1492 AND
2 1 454 1492 1493 AND
2 1 464 1493 1494 AND
2 1 1491 1494 1495 AND
2 1 1489 1495 1496 AND
2 1 1484 1496 1497 AND
2 1 1353 1488 1498 AND
2 1 1497 1498 1499 AND
2 1 1482 1481 1500 XOR
2 1 1499 1500 1501 AND
2 1 1359 1498 1502 AND
2 1 1497 1502 1503 AND
2 1 1501 1503 1504 AND
2 1 1489 1491 1505 AND
2 1 1505 1484 1506 XOR
2 1 1499 1506 1507 AND
2 1 1228 1353 1508 AND
2 1 1497 1508 1509 AND
2 1 1507 1509 1510 AND
2 1 79 1510 1511 AND
2 1 78 1504 1512 AND
2 1 1479 1478 1513 XOR
2 1 1499 1513 1514 AND
2 1 1365 1498 1515 AND
2 1 1497 1515 1516 AND
2 1 1514 1516 1517 AND
2 1 77 1517 1518 AND
2 1 1476 1475 1519 XOR
2 1 1499 1519 1520 AND
2 1 1371 1498 1521 AND
2 1 1497 1521 1522 AND
2 1 1520 1522 1523 AND
2 1 76 1523 1524 AND
2 1 1473 1472 1525 XOR
2 1 1499 1525 1526 AND
2 1 1377 1498 1527 AND
2 1 1497 1527 1528 AND
2 1 1526 1528 1529 AND
2 1 75 1529 1530 AND
2 1 1470 1469 1531 XOR
2 1 1499 1531 1532 AND
2 1 1383 1498 1533 AND
2 1 1497 1533 1534 AND
2 1 1532 1534 1535 AND
2 1 74 1535 1536 AND
2 1 1467 1466 1537 XOR
2 1 1499 1537 1538 AND
2 1 1389 1498 1539 AND
2 1 1497 1539 1540 AND
2 1 1538 1540 1541 AND
2 1 73 1541 1542 AND
2 1 1464 1463 1543 XOR
2 1 1499 1543 1544 AND
2 1 1395 1498 1545 AND
2 1 1497 1545 1546 AND
2 1 1544 1546 1547 AND
2 1 72 1547 1548 AND
2 1 1461 1460 1549 XOR
2 1 1499 1549 1550 AND
2 1 1401 1498 1551 AND
2 1 1497 1551 1552 AND
2 1 1550 1552 1553 AND
2 1 71 1553 1554 AND
2 1 1458 1457 1555 XOR
2 1 1499 1555 1556 AND
2 1 1407 1498 1557 AND
2 1 1497 1557 1558 AND
2 1 1556 1558 1559 AND
2 1 70 1559 1560 AND
2 1 1455 1454 1561 XOR
2 1 1499 1561 1562 AND
2 1 1413 1498 1563 AND
2 1 1497 1563 1564 AND
2 1 1562 1564 1565 AND
2 1 69 1565 1566 AND
2 1 1452 1451 1567 XOR
2 1 1499 1567 1568 AND
2 1 1420 1498 1569 AND
2 1 1497 1569 1570 AND
2 1 1568 1570 1571 AND
2 1 68 1571 1572 AND
2 1 1440 65 1441 XOR
2 1 1441 1442 1443 AND
2 1 65 1440 1444 AND
2 1 1443 1444 1573 AND
2 1 1573 1449 1574 XOR
2 1 1499 1574 1575 AND
2 1 1426 1498 1576 AND
2 1 1497 1576 1577 AND
2 1 1575 1577 1578 AND
2 1 67 1578 1579 AND
2 1 1442 65 1580 XOR
2 1 1580 1440 1581 XOR
2 1 1499 1581 1582 AND
2 1 1440 1498 1583 AND
2 1 1497 1583 1584 AND
2 1 1582 1584 1585 AND
2 1 66 1585 1586 AND
2 1 65 49 1591 XOR
2 1 64 1499 1587 AND
2 1 1591 1587 1592 XOR
2 1 48 64 1593 AND
2 1 1592 1593 1594 AND
2 1 1587 49 1588 XOR
2 1 65 1588 1595 AND
2 1 1594 1595 1596 AND
2 1 1585 66 1597 XOR
2 1 1596 1597 1598 AND
2 1 1586 1598 1599 AND
2 1 1578 67 1600 XOR
2 1 1599 1600 1601 AND
2 1 1579 1601 1602 AND
2 1 1571 68 1603 XOR
2 1 1602 1603 1604 AND
2 1 1572 1604 1605 AND
2 1 1565 69 1606 XOR
2 1 1605 1606 1607 AND
2 1 1566 1607 1608 AND
2 1 1559 70 1609 XOR
2 1 1608 1609 1610 AND
2 1 1560 1610 1611 AND
2 1 1553 71 1612 XOR
2 1 1611 1612 1613 AND
2 1 1554 1613 1614 AND
2 1 1547 72 1615 XOR
2 1 1614 1615 1616 AND
2 1 1548 1616 1617 AND
2 1 1541 73 1618 XOR
2 1 1617 1618 1619 AND
2 1 1542 1619 1620 AND
2 1 1535 74 1621 XOR
2 1 1620 1621 1622 AND
2 1 1536 1622 1623 AND
2 1 1529 75 1624 XOR
2 1 1623 1624 1625 AND
2 1 1530 1625 1626 AND
2 1 1523 76 1627 XOR
2 1 1626 1627 1628 AND
2 1 1524 1628 1629 AND
2 1 1517 77 1630 XOR
2 1 1629 1630 1631 AND
2 1 1518 1631 1632 AND
2 1 1504 78 1633 XOR
2 1 1632 1633 1634 AND
2 1 1512 1634 1635 AND
2 1 1510 79 1636 XOR
2 1 1635 1636 1637 AND
2 1 1511 1637 1638 AND
2 1 216 1638 1639 AND
2 1 1504 1639 1640 AND
2 1 1633 1632 1641 XOR
2 1 216 1641 1642 AND
2 1 1638 1642 1643 AND
2 1 1640 1643 1644 AND
2 1 1510 1639 1645 AND
2 1 1636 1635 1646 XOR
2 1 1639 1646 1647 AND
2 1 1645 1647 1648 AND
2 1 80 1648 1649 AND
2 1 79 1644 1650 AND
2 1 1517 1639 1651 AND
2 1 1630 1629 1652 XOR
2 1 216 1652 1653 AND
2 1 1638 1653 1654 AND
2 1 1651 1654 1655 AND
2 1 78 1655 1656 AND
2 1 1523 1639 1657 AND
2 1 1627 1626 1658 XOR
2 1 216 1658 1659 AND
2 1 1638 1659 1660 AND
2 1 1657 1660 1661 AND
2 1 77 1661 1662 AND
2 1 1529 1639 1663 AND
2 1 1624 1623 1664 XOR
2 1 216 1664 1665 AND
2 1 1638 1665 1666 AND
2 1 1663 1666 1667 AND
2 1 76 1667 1668 AND
2 1 1535 1639 1669 AND
2 1 1621 1620 1670 XOR
2 1 216 1670 1671 AND
2 1 1638 1671 1672 AND
2 1 1669 1672 1673 AND
2 1 75 1673 1674 AND
2 1 1541 1639 1675 AND
2 1 1618 1617 1676 XOR
2 1 216 1676 1677 AND
2 1 1638 1677 1678 AND
2 1 1675 1678 1679 AND
2 1 74 1679 1680 AND
2 1 1547 1639 1681 AND
2 1 1615 1614 1682 XOR
2 1 216 1682 1683 AND
2 1 1638 1683 1684 AND
2 1 1681 1684 1685 AND
2 1 73 1685 1686 AND
2 1 1553 1639 1687 AND
2 1 1612 1611 1688 XOR
2 1 216 1688 1689 AND
2 1 1638 1689 1690 AND
2 1 1687 1690 1691 AND
2 1 72 1691 1692 AND
2 1 1559 1639 1693 AND
2 1 1609 1608 1694 XOR
2 1 216 1694 1695 AND
2 1 1638 1695 1696 AND
2 1 1693 1696 1697 AND
2 1 71 1697 1698 AND
2 1 1565 1639 1699 AND
2 1 1606 1605 1700 XOR
2 1 216 1700 1701 AND
2 1 1638 1701 1702 AND
2 1 1699 1702 1703 AND
2 1 70 1703 1704 AND
2 1 1571 1639 1705 AND
2 1 1603 1602 1706 XOR
2 1 216 1706 1707 AND
2 1 1638 1707 1708 AND
2 1 1705 1708 1709 AND
2 1 69 1709 1710 AND
2 1 1578 1639 1711 AND
2 1 1600 1599 1712 XOR
2 1 216 1712 1713 AND
2 1 1638 1713 1714 AND
2 1 1711 1714 1715 AND
2 1 68 1715 1716 AND
2 1 1585 1639 1717 AND
2 1 1597 1596 1718 XOR
2 1 216 1718 1719 AND
2 1 1638 1719 1720 AND
2 1 1717 1720 1721 AND
2 1 67 1721 1722 AND
2 1 1588 1639 1723 AND
2 1 65 1588 1589 AND
2 1 65 1588 1590 AND
2 1 1589 1590 1724 AND
2 1 1724 1593 1725 XOR
2 1 216 1725 1726 AND
2 1 1638 1726 1727 AND
2 1 1723 1727 1728 AND
2 1 66 1728 1729 AND
2 1 47 64 1745 AND
2 1 65 1745 1748 AND
2 1 64 80 1730 AND
2 1 238 1730 1731 AND
2 1 454 1731 1732 AND
2 1 464 1732 1733 AND
2 1 1638 1733 1734 AND
2 1 48 1734 1735 AND
2 1 143 1593 1736 AND
2 1 190 1736 1737 AND
2 1 380 1737 1738 AND
2 1 1638 1738 1739 AND
2 1 1735 1739 1740 AND
2 1 65 1745 1749 AND
2 1 1740 1749 1750 AND
2 1 1748 1750 1751 AND
2 1 1728 66 1752 XOR
2 1 1751 1752 1753 AND
2 1 1729 1753 1754 AND
2 1 1721 67 1755 XOR
2 1 1754 1755 1756 AND
2 1 1722 1756 1757 AND
2 1 1715 68 1758 XOR
2 1 1757 1758 1759 AND
2 1 1716 1759 1760 AND
2 1 1709 69 1761 XOR
2 1 1760 1761 1762 AND
2 1 1710 1762 1763 AND
2 1 1703 70 1764 XOR
2 1 1763 1764 1765 AND
2 1 1704 1765 1766 AND
2 1 1697 71 1767 XOR
2 1 1766 1767 1768 AND
2 1 1698 1768 1769 AND
2 1 1691 72 1770 XOR
2 1 1769 1770 1771 AND
2 1 1692 1771 1772 AND
2 1 1685 73 1773 XOR
2 1 1772 1773 1774 AND
2 1 1686 1774 1775 AND
2 1 1679 74 1776 XOR
2 1 1775 1776 1777 AND
2 1 1680 1777 1778 AND
2 1 1673 75 1779 XOR
2 1 1778 1779 1780 AND
2 1 1674 1780 1781 AND
2 1 1667 76 1782 XOR
2 1 1781 1782 1783 AND
2 1 1668 1783 1784 AND
2 1 1661 77 1785 XOR
2 1 1784 1785 1786 AND
2 1 1662 1786 1787 AND
2 1 1655 78 1788 XOR
2 1 1787 1788 1789 AND
2 1 1656 1789 1790 AND
2 1 1644 79 1791 XOR
2 1 1790 1791 1792 AND
2 1 1650 1792 1793 AND
2 1 1648 80 1794 XOR
2 1 1793 1794 1795 AND
2 1 1649 1795 1796 AND
2 1 343 1796 1797 AND
2 1 1644 1797 1798 AND
2 1 1791 1790 1799 XOR
2 1 343 1799 1800 AND
2 1 1796 1800 1801 AND
2 1 1798 1801 1802 AND
2 1 80 1802 1803 AND
2 1 1655 1797 1804 AND
2 1 1788 1787 1805 XOR
2 1 343 1805 1806 AND
2 1 1796 1806 1807 AND
2 1 1804 1807 1808 AND
2 1 79 1808 1809 AND
2 1 1661 1797 1810 AND
2 1 1785 1784 1811 XOR
2 1 343 1811 1812 AND
2 1 1796 1812 1813 AND
2 1 1810 1813 1814 AND
2 1 78 1814 1815 AND
2 1 1667 1797 1816 AND
2 1 1782 1781 1817 XOR
2 1 343 1817 1818 AND
2 1 1796 1818 1819 AND
2 1 1816 1819 1820 AND
2 1 77 1820 1821 AND
2 1 1673 1797 1822 AND
2 1 1779 1778 1823 XOR
2 1 343 1823 1824 AND
2 1 1796 1824 1825 AND
2 1 1822 1825 1826 AND
2 1 76 1826 1827 AND
2 1 1679 1797 1828 AND
2 1 1776 1775 1829 XOR
2 1 343 1829 1830 AND
2 1 1796 1830 1831 AND
2 1 1828 1831 1832 AND
2 1 75 1832 1833 AND
2 1 1685 1797 1834 AND
2 1 1773 1772 1835 XOR
2 1 343 1835 1836 AND
2 1 1796 1836 1837 AND
2 1 1834 1837 1838 AND
2 1 74 1838 1839 AND
2 1 1691 1797 1840 AND
2 1 1770 1769 1841 XOR
2 1 343 1841 1842 AND
2 1 1796 1842 1843 AND
2 1 1840 1843 1844 AND
2 1 73 1844 1845 AND
2 1 1697 1797 1846 AND
2 1 1767 1766 1847 XOR
2 1 343 1847 1848 AND
2 1 1796 1848 1849 AND
2 1 1846 1849 1850 AND
2 1 72 1850 1851 AND
2 1 1703 1797 1852 AND
2 1 1764 1763 1853 XOR
2 1 343 1853 1854 AND
2 1 1796 1854 1855 AND
2 1 1852 1855 1856 AND
2 1 71 1856 1857 AND
2 1 1709 1797 1858 AND
2 1 1761 1760 1859 XOR
2 1 343 1859 1860 AND
2 1 1796 1860 1861 AND
2 1 1858 1861 1862 AND
2 1 70 1862 1863 AND
2 1 1715 1797 1864 AND
2 1 1758 1757 1865 XOR
2 1 343 1865 1866 AND
2 1 1796 1866 1867 AND
2 1 1864 1867 1868 AND
2 1 69 1868 1869 AND
2 1 1721 1797 1870 AND
2 1 1755 1754 1871 XOR
2 1 343 1871 1872 AND
2 1 1796 1872 1873 AND
2 1 1870 1873 1874 AND
2 1 68 1874 1875 AND
2 1 1728 1797 1876 AND
2 1 65 1740 1741 AND
2 1 65 1739 1742 AND
2 1 1735 1742 1743 AND
2 1 1741 1743 1744 AND
2 1 1744 1745 1746 AND
2 1 65 1740 1747 AND
2 1 1746 1747 1877 AND
2 1 1877 1752 1878 XOR
2 1 343 1878 1879 AND
2 1 1796 1879 1880 AND
2 1 1876 1880 1881 AND
2 1 67 1881 1882 AND
2 1 1740 1797 1883 AND
2 1 1745 1744 1884 XOR
2 1 343 1884 1885 AND
2 1 1796 1885 1886 AND
2 1 1883 1886 1887 AND
2 1 66 1887 1888 AND
2 1 46 64 1903 AND
2 1 65 1903 1906 AND
2 1 64 81 1889 AND
2 1 142 1889 1890 AND
2 1 181 1890 1891 AND
2 1 213 1891 1892 AND
2 1 211 1892 1893 AND
2 1 208 1893 1894 AND
2 1 1796 1894 1895 AND
2 1 47 1895 1896 AND
2 1 238 1745 1897 AND
2 1 454 1897 1898 AND
2 1 464 1898 1899 AND
2 1 1796 1899 1900 AND
2 1 1896 1900 1901 AND
2 1 65 1903 1907 AND
2 1 1901 1907 1908 AND
2 1 1906 1908 1909 AND
2 1 1887 66 1910 XOR
2 1 1909 1910 1911 AND
2 1 1888 1911 1912 AND
2 1 1881 67 1913 XOR
2 1 1912 1913 1914 AND
2 1 1882 1914 1915 AND
2 1 1874 68 1916 XOR
2 1 1915 1916 1917 AND
2 1 1875 1917 1918 AND
2 1 1868 69 1919 XOR
2 1 1918 1919 1920 AND
2 1 1869 1920 1921 AND
2 1 1862 70 1922 XOR
2 1 1921 1922 1923 AND
2 1 1863 1923 1924 AND
2 1 1856 71 1925 XOR
2 1 1924 1925 1926 AND
2 1 1857 1926 1927 AND
2 1 1850 72 1928 XOR
2 1 1927 1928 1929 AND
2 1 1851 1929 1930 AND
2 1 1844 73 1931 XOR
2 1 1930 1931 1932 AND
2 1 1845 1932 1933 AND
2 1 1838 74 1934 XOR
2 1 1933 1934 1935 AND
2 1 1839 1935 1936 AND
2 1 1832 75 1937 XOR
2 1 1936 1937 1938 AND
2 1 1833 1938 1939 AND
2 1 1826 76 1940 XOR
2 1 1939 1940 1941 AND
2 1 1827 1941 1942 AND
2 1 1820 77 1943 XOR
2 1 1942 1943 1944 AND
2 1 1821 1944 1945 AND
2 1 1814 78 1946 XOR
2 1 1945 1946 1947 AND
2 1 1815 1947 1948 AND
2 1 1808 79 1949 XOR
2 1 1948 1949 1950 AND
2 1 1809 1950 1951 AND
2 1 1802 80 1952 XOR
2 1 1951 1952 1953 AND
2 1 1803 1953 1954 AND
2 1 1648 1797 1955 AND
2 1 1794 1793 1956 XOR
2 1 1797 1956 1957 AND
2 1 1955 1957 1958 AND
2 1 81 1958 1959 AND
2 1 81 1955 1960 AND
2 1 1957 1960 1961 AND
2 1 142 181 1962 AND
2 1 213 1962 1963 AND
2 1 211 1963 1964 AND
2 1 208 1964 1965 AND
2 1 1961 1965 1966 AND
2 1 1959 1966 1967 AND
2 1 1954 1967 1968 AND
2 1 343 1958 1969 AND
2 1 1968 1969 1970 AND
2 1 1952 1951 1971 XOR
2 1 1970 1971 1972 AND
2 1 1802 1969 1973 AND
2 1 1968 1973 1974 AND
2 1 1972 1974 1975 AND
2 1 1959 1961 1976 AND
2 1 1976 1954 1977 XOR
2 1 1970 1977 1978 AND
2 1 343 1648 1979 AND
2 1 1968 1979 1980 AND
2 1 1978 1980 1981 AND
2 1 82 1981 1982 AND
2 1 81 1975 1983 AND
2 1 1949 1948 1984 XOR
2 1 1970 1984 1985 AND
2 1 1808 1969 1986 AND
2 1 1968 1986 1987 AND
2 1 1985 1987 1988 AND
2 1 80 1988 1989 AND
2 1 1946 1945 1990 XOR
2 1 1970 1990 1991 AND
2 1 1814 1969 1992 AND
2 1 1968 1992 1993 AND
2 1 1991 1993 1994 AND
2 1 79 1994 1995 AND
2 1 1943 1942 1996 XOR
2 1 1970 1996 1997 AND
2 1 1820 1969 1998 AND
2 1 1968 1998 1999 AND
2 1 1997 1999 2000 AND
2 1 78 2000 2001 AND
2 1 1940 1939 2002 XOR
2 1 1970 2002 2003 AND
2 1 1826 1969 2004 AND
2 1 1968 2004 2005 AND
2 1 2003 2005 2006 AND
2 1 77 2006 2007 AND
2 1 1937 1936 2008 XOR
2 1 1970 2008 2009 AND
2 1 1832 1969 2010 AND
2 1 1968 2010 2011 AND
2 1 2009 2011 2012 AND
2 1 76 2012 2013 AND
2 1 1934 1933 2014 XOR
2 1 1970 2014 2015 AND
2 1 1838 1969 2016 AND
2 1 1968 2016 2017 AND
2 1 2015 2017 2018 AND
2 1 75 2018 2019 AND
2 1 1931 1930 2020 XOR
2 1 1970 2020 2021 AND
2 1 1844 1969 2022 AND
2 1 1968 2022 2023 AND
2 1 2021 2023 2024 AND
2 1 74 2024 2025 AND
2 1 1928 1927 2026 XOR
2 1 1970 2026 2027 AND
2 1 1850 1969 2028 AND
2 1 1968 2028 2029 AND
2 1 2027 2029 2030 AND
2 1 73 2030 2031 AND
2 1 1925 1924 2032 XOR
2 1 1970 2032 2033 AND
2 1 1856 1969 2034 AND
2 1 1968 2034 2035 AND
2 1 2033 2035 2036 AND
2 1 72 2036 2037 AND
2 1 1922 1921 2038 XOR
2 1 1970 2038 2039 AND
2 1 1862 1969 2040 AND
2 1 1968 2040 2041 AND
2 1 2039 2041 2042 AND
2 1 71 2042 2043 AND
2 1 1919 1918 2044 XOR
2 1 1970 2044 2045 AND
2 1 1868 1969 2046 AND
2 1 1968 2046 2047 AND
2 1 2045 2047 2048 AND
2 1 70 2048 2049 AND
2 1 1916 1915 2050 XOR
2 1 1970 2050 2051 AND
2 1 1874 1969 2052 AND
2 1 1968 2052 2053 AND
2 1 2051 2053 2054 AND
2 1 69 2054 2055 AND
2 1 1913 1912 2056 XOR
2 1 1970 2056 2057 AND
2 1 1881 1969 2058 AND
2 1 1968 2058 2059 AND
2 1 2057 2059 2060 AND
2 1 68 2060 2061 AND
2 1 1901 65 1902 XOR
2 1 1902 1903 1904 AND
2 1 65 1901 1905 AND
2 1 1904 1905 2062 AND
2 1 2062 1910 2063 XOR
2 1 1970 2063 2064 AND
2 1 1887 1969 2065 AND
2 1 1968 2065 2066 AND
2 1 2064 2066 2067 AND
2 1 67 2067 2068 AND
2 1 1903 65 2069 XOR
2 1 2069 1901 2070 XOR
2 1 1970 2070 2071 AND
2 1 1901 1969 2072 AND
2 1 1968 2072 2073 AND
2 1 2071 2073 2074 AND
2 1 66 2074 2075 AND
2 1 65 46 2080 XOR
2 1 64 1970 2076 AND
2 1 2080 2076 2081 XOR
2 1 45 64 2082 AND
2 1 2081 2082 2083 AND
2 1 2076 46 2077 XOR
2 1 65 2077 2084 AND
2 1 2083 2084 2085 AND
2 1 2074 66 2086 XOR
2 1 2085 2086 2087 AND
2 1 2075 2087 2088 AND
2 1 2067 67 2089 XOR
2 1 2088 2089 2090 AND
2 1 2068 2090 2091 AND
2 1 2060 68 2092 XOR
2 1 2091 2092 2093 AND
2 1 2061 2093 2094 AND
2 1 2054 69 2095 XOR
2 1 2094 2095 2096 AND
2 1 2055 2096 2097 AND
2 1 2048 70 2098 XOR
2 1 2097 2098 2099 AND
2 1 2049 2099 2100 AND
2 1 2042 71 2101 XOR
2 1 2100 2101 2102 AND
2 1 2043 2102 2103 AND
2 1 2036 72 2104 XOR
2 1 2103 2104 2105 AND
2 1 2037 2105 2106 AND
2 1 2030 73 2107 XOR
2 1 2106 2107 2108 AND
2 1 2031 2108 2109 AND
2 1 2024 74 2110 XOR
2 1 2109 2110 2111 AND
2 1 2025 2111 2112 AND
2 1 2018 75 2113 XOR
2 1 2112 2113 2114 AND
2 1 2019 2114 2115 AND
2 1 2012 76 2116 XOR
2 1 2115 2116 2117 AND
2 1 2013 2117 2118 AND
2 1 2006 77 2119 XOR
2 1 2118 2119 2120 AND
2 1 2007 2120 2121 AND
2 1 2000 78 2122 XOR
2 1 2121 2122 2123 AND
2 1 2001 2123 2124 AND
2 1 1994 79 2125 XOR
2 1 2124 2125 2126 AND
2 1 1995 2126 2127 AND
2 1 1988 80 2128 XOR
2 1 2127 2128 2129 AND
2 1 1989 2129 2130 AND
2 1 1975 81 2131 XOR
2 1 2130 2131 2132 AND
2 1 1983 2132 2133 AND
2 1 1981 82 2134 XOR
2 1 2133 2134 2135 AND
2 1 1982 2135 2136 AND
2 1 235 237 2137 AND
2 1 246 2137 2138 AND
2 1 292 2138 2139 AND
2 1 277 2139 2140 AND
2 1 2136 2140 2141 AND
2 1 1975 2141 2142 AND
2 1 2131 2130 2143 XOR
2 1 2140 2143 2144 AND
2 1 2136 2144 2145 AND
2 1 2142 2145 2146 AND
2 1 1981 2141 2147 AND
2 1 2134 2133 2148 XOR
2 1 2141 2148 2149 AND
2 1 2147 2149 2150 AND
2 1 83 2150 2151 AND
2 1 82 2146 2152 AND
2 1 1988 2141 2153 AND
2 1 2128 2127 2154 XOR
2 1 2140 2154 2155 AND
2 1 2136 2155 2156 AND
2 1 2153 2156 2157 AND
2 1 81 2157 2158 AND
2 1 1994 2141 2159 AND
2 1 2125 2124 2160 XOR
2 1 2140 2160 2161 AND
2 1 2136 2161 2162 AND
2 1 2159 2162 2163 AND
2 1 80 2163 2164 AND
2 1 2000 2141 2165 AND
2 1 2122 2121 2166 XOR
2 1 2140 2166 2167 AND
2 1 2136 2167 2168 AND
2 1 2165 2168 2169 AND
2 1 79 2169 2170 AND
2 1 2006 2141 2171 AND
2 1 2119 2118 2172 XOR
2 1 2140 2172 2173 AND
2 1 2136 2173 2174 AND
2 1 2171 2174 2175 AND
2 1 78 2175 2176 AND
2 1 2012 2141 2177 AND
2 1 2116 2115 2178 XOR
2 1 2140 2178 2179 AND
2 1 2136 2179 2180 AND
2 1 2177 2180 2181 AND
2 1 77 2181 2182 AND
2 1 2018 2141 2183 AND
2 1 2113 2112 2184 XOR
2 1 2140 2184 2185 AND
2 1 2136 2185 2186 AND
2 1 2183 2186 2187 AND
2 1 76 2187 2188 AND
2 1 2024 2141 2189 AND
2 1 2110 2109 2190 XOR
2 1 2140 2190 2191 AND
2 1 2136 2191 2192 AND
2 1 2189 2192 2193 AND
2 1 75 2193 2194 AND
2 1 2030 2141 2195 AND
2 1 2107 2106 2196 XOR
2 1 2140 2196 2197 AND
2 1 2136 2197 2198 AND
2 1 2195 2198 2199 AND
2 1 74 2199 2200 AND
2 1 2036 2141 2201 AND
2 1 2104 2103 2202 XOR
2 1 2140 2202 2203 AND
2 1 2136 2203 2204 AND
2 1 2201 2204 2205 AND
2 1 73 2205 2206 AND
2 1 2042 2141 2207 AND
2 1 2101 2100 2208 XOR
2 1 2140 2208 2209 AND
2 1 2136 2209 2210 AND
2 1 2207 2210 2211 AND
2 1 72 2211 2212 AND
2 1 2048 2141 2213 AND
2 1 2098 2097 2214 XOR
2 1 2140 2214 2215 AND
2 1 2136 2215 2216 AND
2 1 2213 2216 2217 AND
2 1 71 2217 2218 AND
2 1 2054 2141 2219 AND
2 1 2095 2094 2220 XOR
2 1 2140 2220 2221 AND
2 1 2136 2221 2222 AND
2 1 2219 2222 2223 AND
2 1 70 2223 2224 AND
2 1 2060 2141 2225 AND
2 1 2092 2091 2226 XOR
2 1 2140 2226 2227 AND
2 1 2136 2227 2228 AND
2 1 2225 2228 2229 AND
2 1 69 2229 2230 AND
2 1 2067 2141 2231 AND
2 1 2089 2088 2232 XOR
2 1 2140 2232 2233 AND
2 1 2136 2233 2234 AND
2 1 2231 2234 2235 AND
2 1 68 2235 2236 AND
2 1 2074 2141 2237 AND
2 1 2086 2085 2238 XOR
2 1 2140 2238 2239 AND
2 1 2136 2239 2240 AND
2 1 2237 2240 2241 AND
2 1 67 2241 2242 AND
2 1 2077 2141 2243 AND
2 1 65 2077 2078 AND
2 1 65 2077 2079 AND
2 1 2078 2079 2244 AND
2 1 2244 2082 2245 XOR
2 1 2140 2245 2246 AND
2 1 2136 2246 2247 AND
2 1 2243 2247 2248 AND
2 1 66 2248 2249 AND
2 1 44 64 2268 AND
2 1 65 2268 2271 AND
2 1 64 83 2250 AND
2 1 181 2250 2251 AND
2 1 213 2251 2252 AND
2 1 211 2252 2253 AND
2 1 208 2253 2254 AND
2 1 2136 2254 2255 AND
2 1 45 2255 2256 AND
2 1 237 2082 2257 AND
2 1 235 2257 2258 AND
2 1 246 2258 2259 AND
2 1 292 2259 2260 AND
2 1 277 2260 2261 AND
2 1 2136 2261 2262 AND
2 1 2256 2262 2263 AND
2 1 65 2268 2272 AND
2 1 2263 2272 2273 AND
2 1 2271 2273 2274 AND
2 1 2248 66 2275 XOR
2 1 2274 2275 2276 AND
2 1 2249 2276 2277 AND
2 1 2241 67 2278 XOR
2 1 2277 2278 2279 AND
2 1 2242 2279 2280 AND
2 1 2235 68 2281 XOR
2 1 2280 2281 2282 AND
2 1 2236 2282 2283 AND
2 1 2229 69 2284 XOR
2 1 2283 2284 2285 AND
2 1 2230 2285 2286 AND
2 1 2223 70 2287 XOR
2 1 2286 2287 2288 AND
2 1 2224 2288 2289 AND
2 1 2217 71 2290 XOR
2 1 2289 2290 2291 AND
2 1 2218 2291 2292 AND
2 1 2211 72 2293 XOR
2 1 2292 2293 2294 AND
2 1 2212 2294 2295 AND
2 1 2205 73 2296 XOR
2 1 2295 2296 2297 AND
2 1 2206 2297 2298 AND
2 1 2199 74 2299 XOR
2 1 2298 2299 2300 AND
2 1 2200 2300 2301 AND
2 1 2193 75 2302 XOR
2 1 2301 2302 2303 AND
2 1 2194 2303 2304 AND
2 1 2187 76 2305 XOR
2 1 2304 2305 2306 AND
2 1 2188 2306 2307 AND
2 1 2181 77 2308 XOR
2 1 2307 2308 2309 AND
2 1 2182 2309 2310 AND
2 1 2175 78 2311 XOR
2 1 2310 2311 2312 AND
2 1 2176 2312 2313 AND
2 1 2169 79 2314 XOR
2 1 2313 2314 2315 AND
2 1 2170 2315 2316 AND
2 1 2163 80 2317 XOR
2 1 2316 2317 2318 AND
2 1 2164 2318 2319 AND
2 1 2157 81 2320 XOR
2 1 2319 2320 2321 AND
2 1 2158 2321 2322 AND
2 1 2146 82 2323 XOR
2 1 2322 2323 2324 AND
2 1 2152 2324 2325 AND
2 1 2150 83 2326 XOR
2 1 2325 2326 2327 AND
2 1 2151 2327 2328 AND
2 1 192 2328 2329 AND
2 1 2146 2329 2330 AND
2 1 2323 2322 2331 XOR
2 1 192 2331 2332 AND
2 1 2328 2332 2333 AND
2 1 2330 2333 2334 AND
2 1 83 2334 2335 AND
2 1 2157 2329 2336 AND
2 1 2320 2319 2337 XOR
2 1 192 2337 2338 AND
2 1 2328 2338 2339 AND
2 1 2336 2339 2340 AND
2 1 82 2340 2341 AND
2 1 2163 2329 2342 AND
2 1 2317 2316 2343 XOR
2 1 192 2343 2344 AND
2 1 2328 2344 2345 AND
2 1 2342 2345 2346 AND
2 1 81 2346 2347 AND
2 1 2169 2329 2348 AND
2 1 2314 2313 2349 XOR
2 1 192 2349 2350 AND
2 1 2328 2350 2351 AND
2 1 2348 2351 2352 AND
2 1 80 2352 2353 AND
2 1 2175 2329 2354 AND
2 1 2311 2310 2355 XOR
2 1 192 2355 2356 AND
2 1 2328 2356 2357 AND
2 1 2354 2357 2358 AND
2 1 79 2358 2359 AND
2 1 2181 2329 2360 AND
2 1 2308 2307 2361 XOR
2 1 192 2361 2362 AND
2 1 2328 2362 2363 AND
2 1 2360 2363 2364 AND
2 1 78 2364 2365 AND
2 1 2187 2329 2366 AND
2 1 2305 2304 2367 XOR
2 1 192 2367 2368 AND
2 1 2328 2368 2369 AND
2 1 2366 2369 2370 AND
2 1 77 2370 2371 AND
2 1 2193 2329 2372 AND
2 1 2302 2301 2373 XOR
2 1 192 2373 2374 AND
2 1 2328 2374 2375 AND
2 1 2372 2375 2376 AND
2 1 76 2376 2377 AND
2 1 2199 2329 2378 AND
2 1 2299 2298 2379 XOR
2 1 192 2379 2380 AND
2 1 2328 2380 2381 AND
2 1 2378 2381 2382 AND
2 1 75 2382 2383 AND
2 1 2205 2329 2384 AND
2 1 2296 2295 2385 XOR
2 1 192 2385 2386 AND
2 1 2328 2386 2387 AND
2 1 2384 2387 2388 AND
2 1 74 2388 2389 AND
2 1 2211 2329 2390 AND
2 1 2293 2292 2391 XOR
2 1 192 2391 2392 AND
2 1 2328 2392 2393 AND
2 1 2390 2393 2394 AND
2 1 73 2394 2395 AND
2 1 2217 2329 2396 AND
2 1 2290 2289 2397 XOR
2 1 192 2397 2398 AND
2 1 2328 2398 2399 AND
2 1 2396 2399 2400 AND
2 1 72 2400 2401 AND
2 1 2223 2329 2402 AND
2 1 2287 2286 2403 XOR
2 1 192 2403 2404 AND
2 1 2328 2404 2405 AND
2 1 2402 2405 2406 AND
2 1 71 2406 2407 AND
2 1 2229 2329 2408 AND
2 1 2284 2283 2409 XOR
2 1 192 2409 2410 AND
2 1 2328 2410 2411 AND
2 1 2408 2411 2412 AND
2 1 70 2412 2413 AND
2 1 2235 2329 2414 AND
2 1 2281 2280 2415 XOR
2 1 192 2415 2416 AND
2 1 2328 2416 2417 AND
2 1 2414 2417 2418 AND
2 1 69 2418 2419 AND
2 1 2241 2329 2420 AND
2 1 2278 2277 2421 XOR
2 1 192 2421 2422 AND
2 1 2328 2422 2423 AND
2 1 2420 2423 2424 AND
2 1 68 2424 2425 AND
2 1 2248 2329 2426 AND
2 1 65 2263 2264 AND
2 1 65 2262 2265 AND
2 1 2256 2265 2266 AND
2 1 2264 2266 2267 AND
2 1 2267 2268 2269 AND
2 1 65 2263 2270 AND
2 1 2269 2270 2427 AND
2 1 2427 2275 2428 XOR
2 1 192 2428 2429 AND
2 1 2328 2429 2430 AND
2 1 2426 2430 2431 AND
2 1 67 2431 2432 AND
2 1 2263 2329 2433 AND
2 1 2268 2267 2434 XOR
2 1 192 2434 2435 AND
2 1 2328 2435 2436 AND
2 1 2433 2436 2437 AND
2 1 66 2437 2438 AND
2 1 43 64 2453 AND
2 1 65 2453 2456 AND
2 1 64 84 2439 AND
2 1 235 2439 2440 AND
2 1 246 2440 2441 AND
2 1 292 2441 2442 AND
2 1 277 2442 2443 AND
2 1 2328 2443 2444 AND
2 1 44 2444 2445 AND
2 1 181 2268 2446 AND
2 1 213 2446 2447 AND
2 1 211 2447 2448 AND
2 1 208 2448 2449 AND
2 1 2328 2449 2450 AND
2 1 2445 2450 2451 AND
2 1 65 2453 2457 AND
2 1 2451 2457 2458 AND
2 1 2456 2458 2459 AND
2 1 2437 66 2460 XOR
2 1 2459 2460 2461 AND
2 1 2438 2461 2462 AND
2 1 2431 67 2463 XOR
2 1 2462 2463 2464 AND
2 1 2432 2464 2465 AND
2 1 2424 68 2466 XOR
2 1 2465 2466 2467 AND
2 1 2425 2467 2468 AND
2 1 2418 69 2469 XOR
2 1 2468 2469 2470 AND
2 1 2419 2470 2471 AND
2 1 2412 70 2472 XOR
2 1 2471 2472 2473 AND
2 1 2413 2473 2474 AND
2 1 2406 71 2475 XOR
2 1 2474 2475 2476 AND
2 1 2407 2476 2477 AND
2 1 2400 72 2478 XOR
2 1 2477 2478 2479 AND
2 1 2401 2479 2480 AND
2 1 2394 73 2481 XOR
2 1 2480 2481 2482 AND
2 1 2395 2482 2483 AND
2 1 2388 74 2484 XOR
2 1 2483 2484 2485 AND
2 1 2389 2485 2486 AND
2 1 2382 75 2487 XOR
2 1 2486 2487 2488 AND
2 1 2383 2488 2489 AND
2 1 2376 76 2490 XOR
2 1 2489 2490 2491 AND
2 1 2377 2491 2492 AND
2 1 2370 77 2493 XOR
2 1 2492 2493 2494 AND
2 1 2371 2494 2495 AND
2 1 2364 78 2496 XOR
2 1 2495 2496 2497 AND
2 1 2365 2497 2498 AND
2 1 2358 79 2499 XOR
2 1 2498 2499 2500 AND
2 1 2359 2500 2501 AND
2 1 2352 80 2502 XOR
2 1 2501 2502 2503 AND
2 1 2353 2503 2504 AND
2 1 2346 81 2505 XOR
2 1 2504 2505 2506 AND
2 1 2347 2506 2507 AND
2 1 2340 82 2508 XOR
2 1 2507 2508 2509 AND
2 1 2341 2509 2510 AND
2 1 2334 83 2511 XOR
2 1 2510 2511 2512 AND
2 1 2335 2512 2513 AND
2 1 2150 2329 2514 AND
2 1 2326 2325 2515 XOR
2 1 2329 2515 2516 AND
2 1 2514 2516 2517 AND
2 1 84 2517 2518 AND
2 1 84 2514 2519 AND
2 1 2516 2519 2520 AND
2 1 499 2520 2521 AND
2 1 2518 2521 2522 AND
2 1 2513 2522 2523 AND
2 1 192 2517 2524 AND
2 1 2523 2524 2525 AND
2 1 2511 2510 2526 XOR
2 1 2525 2526 2527 AND
2 1 2334 2524 2528 AND
2 1 2523 2528 2529 AND
2 1 2527 2529 2530 AND
2 1 2518 2520 2531 AND
2 1 2531 2513 2532 XOR
2 1 2525 2532 2533 AND
2 1 192 2150 2534 AND
2 1 2523 2534 2535 AND
2 1 2533 2535 2536 AND
2 1 85 2536 2537 AND
2 1 84 2530 2538 AND
2 1 2508 2507 2539 XOR
2 1 2525 2539 2540 AND
2 1 2340 2524 2541 AND
2 1 2523 2541 2542 AND
2 1 2540 2542 2543 AND
2 1 83 2543 2544 AND
2 1 2505 2504 2545 XOR
2 1 2525 2545 2546 AND
2 1 2346 2524 2547 AND
2 1 2523 2547 2548 AND
2 1 2546 2548 2549 AND
2 1 82 2549 2550 AND
2 1 2502 2501 2551 XOR
2 1 2525 2551 2552 AND
2 1 2352 2524 2553 AND
2 1 2523 2553 2554 AND
2 1 2552 2554 2555 AND
2 1 81 2555 2556 AND
2 1 2499 2498 2557 XOR
2 1 2525 2557 2558 AND
2 1 2358 2524 2559 AND
2 1 2523 2559 2560 AND
2 1 2558 2560 2561 AND
2 1 80 2561 2562 AND
2 1 2496 2495 2563 XOR
2 1 2525 2563 2564 AND
2 1 2364 2524 2565 AND
2 1 2523 2565 2566 AND
2 1 2564 2566 2567 AND
2 1 79 2567 2568 AND
2 1 2493 2492 2569 XOR
2 1 2525 2569 2570 AND
2 1 2370 2524 2571 AND
2 1 2523 2571 2572 AND
2 1 2570 2572 2573 AND
2 1 78 2573 2574 AND
2 1 2490 2489 2575 XOR
2 1 2525 2575 2576 AND
2 1 2376 2524 2577 AND
2 1 2523 2577 2578 AND
2 1 2576 2578 2579 AND
2 1 77 2579 2580 AND
2 1 2487 2486 2581 XOR
2 1 2525 2581 2582 AND
2 1 2382 2524 2583 AND
2 1 2523 2583 2584 AND
2 1 2582 2584 2585 AND
2 1 76 2585 2586 AND
2 1 2484 2483 2587 XOR
2 1 2525 2587 2588 AND
2 1 2388 2524 2589 AND
2 1 2523 2589 2590 AND
2 1 2588 2590 2591 AND
2 1 75 2591 2592 AND
2 1 2481 2480 2593 XOR
2 1 2525 2593 2594 AND
2 1 2394 2524 2595 AND
2 1 2523 2595 2596 AND
2 1 2594 2596 2597 AND
2 1 74 2597 2598 AND
2 1 2478 2477 2599 XOR
2 1 2525 2599 2600 AND
2 1 2400 2524 2601 AND
2 1 2523 2601 2602 AND
2 1 2600 2602 2603 AND
2 1 73 2603 2604 AND
2 1 2475 2474 2605 XOR
2 1 2525 2605 2606 AND
2 1 2406 2524 2607 AND
2 1 2523 2607 2608 AND
2 1 2606 2608 2609 AND
2 1 72 2609 2610 AND
2 1 2472 2471 2611 XOR
2 1 2525 2611 2612 AND
2 1 2412 2524 2613 AND
2 1 2523 2613 2614 AND
2 1 2612 2614 2615 AND
2 1 71 2615 2616 AND
2 1 2469 2468 2617 XOR
2 1 2525 2617 2618 AND
2 1 2418 2524 2619 AND
2 1 2523 2619 2620 AND
2 1 2618 2620 2621 AND
2 1 70 2621 2622 AND
2 1 2466 2465 2623 XOR
2 1 2525 2623 2624 AND
2 1 2424 2524 2625 AND
2 1 2523 2625 2626 AND
2 1 2624 2626 2627 AND
2 1 69 2627 2628 AND
2 1 2463 2462 2629 XOR
2 1 2525 2629 2630 AND
2 1 2431 2524 2631 AND
2 1 2523 2631 2632 AND
2 1 2630 2632 2633 AND
2 1 68 2633 2634 AND
2 1 2451 65 2452 XOR
2 1 2452 2453 2454 AND
2 1 65 2451 2455 AND
2 1 2454 2455 2635 AND
2 1 2635 2460 2636 XOR
2 1 2525 2636 2637 AND
2 1 2437 2524 2638 AND
2 1 2523 2638 2639 AND
2 1 2637 2639 2640 AND
2 1 67 2640 2641 AND
2 1 2453 65 2642 XOR
2 1 2642 2451 2643 XOR
2 1 2525 2643 2644 AND
2 1 2451 2524 2645 AND
2 1 2523 2645 2646 AND
2 1 2644 2646 2647 AND
2 1 66 2647 2648 AND
2 1 65 43 2653 XOR
2 1 64 2525 2649 AND
2 1 2653 2649 2654 XOR
2 1 42 64 2655 AND
2 1 2654 2655 2656 AND
2 1 2649 43 2650 XOR
2 1 65 2650 2657 AND
2 1 2656 2657 2658 AND
2 1 2647 66 2659 XOR
2 1 2658 2659 2660 AND
2 1 2648 2660 2661 AND
2 1 2640 67 2662 XOR
2 1 2661 2662 2663 AND
2 1 2641 2663 2664 AND
2 1 2633 68 2665 XOR
2 1 2664 2665 2666 AND
2 1 2634 2666 2667 AND
2 1 2627 69 2668 XOR
2 1 2667 2668 2669 AND
2 1 2628 2669 2670 AND
2 1 2621 70 2671 XOR
2 1 2670 2671 2672 AND
2 1 2622 2672 2673 AND
2 1 2615 71 2674 XOR
2 1 2673 2674 2675 AND
2 1 2616 2675 2676 AND
2 1 2609 72 2677 XOR
2 1 2676 2677 2678 AND
2 1 2610 2678 2679 AND
2 1 2603 73 2680 XOR
2 1 2679 2680 2681 AND
2 1 2604 2681 2682 AND
2 1 2597 74 2683 XOR
2 1 2682 2683 2684 AND
2 1 2598 2684 2685 AND
2 1 2591 75 2686 XOR
2 1 2685 2686 2687 AND
2 1 2592 2687 2688 AND
2 1 2585 76 2689 XOR
2 1 2688 2689 2690 AND
2 1 2586 2690 2691 AND
2 1 2579 77 2692 XOR
2 1 2691 2692 2693 AND
2 1 2580 2693 2694 AND
2 1 2573 78 2695 XOR
2 1 2694 2695 2696 AND
2 1 2574 2696 2697 AND
2 1 2567 79 2698 XOR
2 1 2697 2698 2699 AND
2 1 2568 2699 2700 AND
2 1 2561 80 2701 XOR
2 1 2700 2701 2702 AND
2 1 2562 2702 2703 AND
2 1 2555 81 2704 XOR
2 1 2703 2704 2705 AND
2 1 2556 2705 2706 AND
2 1 2549 82 2707 XOR
2 1 2706 2707 2708 AND
2 1 2550 2708 2709 AND
2 1 2543 83 2710 XOR
2 1 2709 2710 2711 AND
2 1 2544 2711 2712 AND
2 1 2530 84 2713 XOR
2 1 2712 2713 2714 AND
2 1 2538 2714 2715 AND
2 1 2536 85 2716 XOR
2 1 2715 2716 2717 AND
2 1 2537 2717 2718 AND
2 1 178 180 2719 AND
2 1 189 2719 2720 AND
2 1 175 2720 2721 AND
2 1 160 2721 2722 AND
2 1 2718 2722 2723 AND
2 1 2530 2723 2724 AND
2 1 2713 2712 2725 XOR
2 1 2722 2725 2726 AND
2 1 2718 2726 2727 AND
2 1 2724 2727 2728 AND
2 1 2536 2723 2729 AND
2 1 2716 2715 2730 XOR
2 1 2723 2730 2731 AND
2 1 2729 2731 2732 AND
2 1 86 2732 2733 AND
2 1 85 2728 2734 AND
2 1 2543 2723 2735 AND
2 1 2710 2709 2736 XOR
2 1 2722 2736 2737 AND
2 1 2718 2737 2738 AND
2 1 2735 2738 2739 AND
2 1 84 2739 2740 AND
2 1 2549 2723 2741 AND
2 1 2707 2706 2742 XOR
2 1 2722 2742 2743 AND
2 1 2718 2743 2744 AND
2 1 2741 2744 2745 AND
2 1 83 2745 2746 AND
2 1 2555 2723 2747 AND
2 1 2704 2703 2748 XOR
2 1 2722 2748 2749 AND
2 1 2718 2749 2750 AND
2 1 2747 2750 2751 AND
2 1 82 2751 2752 AND
2 1 2561 2723 2753 AND
2 1 2701 2700 2754 XOR
2 1 2722 2754 2755 AND
2 1 2718 2755 2756 AND
2 1 2753 2756 2757 AND
2 1 81 2757 2758 AND
2 1 2567 2723 2759 AND
2 1 2698 2697 2760 XOR
2 1 2722 2760 2761 AND
2 1 2718 2761 2762 AND
2 1 2759 2762 2763 AND
2 1 80 2763 2764 AND
2 1 2573 2723 2765 AND
2 1 2695 2694 2766 XOR
2 1 2722 2766 2767 AND
2 1 2718 2767 2768 AND
2 1 2765 2768 2769 AND
2 1 79 2769 2770 AND
2 1 2579 2723 2771 AND
2 1 2692 2691 2772 XOR
2 1 2722 2772 2773 AND
2 1 2718 2773 2774 AND
2 1 2771 2774 2775 AND
2 1 78 2775 2776 AND
2 1 2585 2723 2777 AND
2 1 2689 2688 2778 XOR
2 1 2722 2778 2779 AND
2 1 2718 2779 2780 AND
2 1 2777 2780 2781 AND
2 1 77 2781 2782 AND
2 1 2591 2723 2783 AND
2 1 2686 2685 2784 XOR
2 1 2722 2784 2785 AND
2 1 2718 2785 2786 AND
2 1 2783 2786 2787 AND
2 1 76 2787 2788 AND
2 1 2597 2723 2789 AND
2 1 2683 2682 2790 XOR
2 1 2722 2790 2791 AND
2 1 2718 2791 2792 AND
2 1 2789 2792 2793 AND
2 1 75 2793 2794 AND
2 1 2603 2723 2795 AND
2 1 2680 2679 2796 XOR
2 1 2722 2796 2797 AND
2 1 2718 2797 2798 AND
2 1 2795 2798 2799 AND
2 1 74 2799 2800 AND
2 1 2609 2723 2801 AND
2 1 2677 2676 2802 XOR
2 1 2722 2802 2803 AND
2 1 2718 2803 2804 AND
2 1 2801 2804 2805 AND
2 1 73 2805 2806 AND
2 1 2615 2723 2807 AND
2 1 2674 2673 2808 XOR
2 1 2722 2808 2809 AND
2 1 2718 2809 2810 AND
2 1 2807 2810 2811 AND
2 1 72 2811 2812 AND
2 1 2621 2723 2813 AND
2 1 2671 2670 2814 XOR
2 1 2722 2814 2815 AND
2 1 2718 2815 2816 AND
2 1 2813 2816 2817 AND
2 1 71 2817 2818 AND
2 1 2627 2723 2819 AND
2 1 2668 2667 2820 XOR
2 1 2722 2820 2821 AND
2 1 2718 2821 2822 AND
2 1 2819 2822 2823 AND
2 1 70 2823 2824 AND
2 1 2633 2723 2825 AND
2 1 2665 2664 2826 XOR
2 1 2722 2826 2827 AND
2 1 2718 2827 2828 AND
2 1 2825 2828 2829 AND
2 1 69 2829 2830 AND
2 1 2640 2723 2831 AND
2 1 2662 2661 2832 XOR
2 1 2722 2832 2833 AND
2 1 2718 2833 2834 AND
2 1 2831 2834 2835 AND
2 1 68 2835 2836 AND
2 1 2647 2723 2837 AND
2 1 2659 2658 2838 XOR
2 1 2722 2838 2839 AND
2 1 2718 2839 2840 AND
2 1 2837 2840 2841 AND
2 1 67 2841 2842 AND
2 1 2650 2723 2843 AND
2 1 65 2650 2651 AND
2 1 65 2650 2652 AND
2 1 2651 2652 2844 AND
2 1 2844 2655 2845 XOR
2 1 2722 2845 2846 AND
2 1 2718 2846 2847 AND
2 1 2843 2847 2848 AND
2 1 66 2848 2849 AND
2 1 41 64 2869 AND
2 1 65 2869 2872 AND
2 1 64 86 2850 AND
2 1 234 2850 2851 AND
2 1 245 2851 2852 AND
2 1 453 2852 2853 AND
2 1 463 2853 2854 AND
2 1 460 2854 2855 AND
2 1 2718 2855 2856 AND
2 1 42 2856 2857 AND
2 1 180 2655 2858 AND
2 1 178 2858 2859 AND
2 1 189 2859 2860 AND
2 1 175 2860 2861 AND
2 1 160 2861 2862 AND
2 1 2718 2862 2863 AND
2 1 2857 2863 2864 AND
2 1 65 2869 2873 AND
2 1 2864 2873 2874 AND
2 1 2872 2874 2875 AND
2 1 2848 66 2876 XOR
2 1 2875 2876 2877 AND
2 1 2849 2877 2878 AND
2 1 2841 67 2879 XOR
2 1 2878 2879 2880 AND
2 1 2842 2880 2881 AND
2 1 2835 68 2882 XOR
2 1 2881 2882 2883 AND
2 1 2836 2883 2884 AND
2 1 2829 69 2885 XOR
2 1 2884 2885 2886 AND
2 1 2830 2886 2887 AND
2 1 2823 70 2888 XOR
2 1 2887 2888 2889 AND
2 1 2824 2889 2890 AND
2 1 2817 71 2891 XOR
2 1 2890 2891 2892 AND
2 1 2818 2892 2893 AND
2 1 2811 72 2894 XOR
2 1 2893 2894 2895 AND
2 1 2812 2895 2896 AND
2 1 2805 73 2897 XOR
2 1 2896 2897 2898 AND
2 1 2806 2898 2899 AND
2 1 2799 74 2900 XOR
2 1 2899 2900 2901 AND
2 1 2800 2901 2902 AND
2 1 2793 75 2903 XOR
2 1 2902 2903 2904 AND
2 1 2794 2904 2905 AND
2 1 2787 76 2906 XOR
2 1 2905 2906 2907 AND
2 1 2788 2907 2908 AND
2 1 2781 77 2909 XOR
2 1 2908 2909 2910 AND
2 1 2782 2910 2911 AND
2 1 2775 78 2912 XOR
2 1 2911 2912 2913 AND
2 1 2776 2913 2914 AND
2 1 2769 79 2915 XOR
2 1 2914 2915 2916 AND
2 1 2770 2916 2917 AND
2 1 2763 80 2918 XOR
2 1 2917 2918 2919 AND
2 1 2764 2919 2920 AND
2 1 2757 81 2921 XOR
2 1 2920 2921 2922 AND
2 1 2758 2922 2923 AND
2 1 2751 82 2924 XOR
2 1 2923 2924 2925 AND
2 1 2752 2925 2926 AND
2 1 2745 83 2927 XOR
2 1 2926 2927 2928 AND
2 1 2746 2928 2929 AND
2 1 2739 84 2930 XOR
2 1 2929 2930 2931 AND
2 1 2740 2931 2932 AND
2 1 2728 85 2933 XOR
2 1 2932 2933 2934 AND
2 1 2734 2934 2935 AND
2 1 2732 86 2936 XOR
2 1 2935 2936 2937 AND
2 1 2733 2937 2938 AND
2 1 234 245 2939 AND
2 1 453 2939 2940 AND
2 1 463 2940 2941 AND
2 1 460 2941 2942 AND
2 1 2938 2942 2943 AND
2 1 2728 2943 2944 AND
2 1 2933 2932 2945 XOR
2 1 2942 2945 2946 AND
2 1 2938 2946 2947 AND
2 1 2944 2947 2948 AND
2 1 86 2948 2949 AND
2 1 2739 2943 2950 AND
2 1 2930 2929 2951 XOR
2 1 2942 2951 2952 AND
2 1 2938 2952 2953 AND
2 1 2950 2953 2954 AND
2 1 85 2954 2955 AND
2 1 2745 2943 2956 AND
2 1 2927 2926 2957 XOR
2 1 2942 2957 2958 AND
2 1 2938 2958 2959 AND
2 1 2956 2959 2960 AND
2 1 84 2960 2961 AND
2 1 2751 2943 2962 AND
2 1 2924 2923 2963 XOR
2 1 2942 2963 2964 AND
2 1 2938 2964 2965 AND
2 1 2962 2965 2966 AND
2 1 83 2966 2967 AND
2 1 2757 2943 2968 AND
2 1 2921 2920 2969 XOR
2 1 2942 2969 2970 AND
2 1 2938 2970 2971 AND
2 1 2968 2971 2972 AND
2 1 82 2972 2973 AND
2 1 2763 2943 2974 AND
2 1 2918 2917 2975 XOR
2 1 2942 2975 2976 AND
2 1 2938 2976 2977 AND
2 1 2974 2977 2978 AND
2 1 81 2978 2979 AND
2 1 2769 2943 2980 AND
2 1 2915 2914 2981 XOR
2 1 2942 2981 2982 AND
2 1 2938 2982 2983 AND
2 1 2980 2983 2984 AND
2 1 80 2984 2985 AND
2 1 2775 2943 2986 AND
2 1 2912 2911 2987 XOR
2 1 2942 2987 2988 AND
2 1 2938 2988 2989 AND
2 1 2986 2989 2990 AND
2 1 79 2990 2991 AND
2 1 2781 2943 2992 AND
2 1 2909 2908 2993 XOR
2 1 2942 2993 2994 AND
2 1 2938 2994 2995 AND
2 1 2992 2995 2996 AND
2 1 78 2996 2997 AND
2 1 2787 2943 2998 AND
2 1 2906 2905 2999 XOR
2 1 2942 2999 3000 AND
2 1 2938 3000 3001 AND
2 1 2998 3001 3002 AND
2 1 77 3002 3003 AND
2 1 2793 2943 3004 AND
2 1 2903 2902 3005 XOR
2 1 2942 3005 3006 AND
2 1 2938 3006 3007 AND
2 1 3004 3007 3008 AND
2 1 76 3008 3009 AND
2 1 2799 2943 3010 AND
2 1 2900 2899 3011 XOR
2 1 2942 3011 3012 AND
2 1 2938 3012 3013 AND
2 1 3010 3013 3014 AND
2 1 75 3014 3015 AND
2 1 2805 2943 3016 AND
2 1 2897 2896 3017 XOR
2 1 2942 3017 3018 AND
2 1 2938 3018 3019 AND
2 1 3016 3019 3020 AND
2 1 74 3020 3021 AND
2 1 2811 2943 3022 AND
2 1 2894 2893 3023 XOR
2 1 2942 3023 3024 AND
2 1 2938 3024 3025 AND
2 1 3022 3025 3026 AND
2 1 73 3026 3027 AND
2 1 2817 2943 3028 AND
2 1 2891 2890 3029 XOR
2 1 2942 3029 3030 AND
2 1 2938 3030 3031 AND
2 1 3028 3031 3032 AND
2 1 72 3032 3033 AND
2 1 2823 2943 3034 AND
2 1 2888 2887 3035 XOR
2 1 2942 3035 3036 AND
2 1 2938 3036 3037 AND
2 1 3034 3037 3038 AND
2 1 71 3038 3039 AND
2 1 2829 2943 3040 AND
2 1 2885 2884 3041 XOR
2 1 2942 3041 3042 AND
2 1 2938 3042 3043 AND
2 1 3040 3043 3044 AND
2 1 70 3044 3045 AND
2 1 2835 2943 3046 AND
2 1 2882 2881 3047 XOR
2 1 2942 3047 3048 AND
2 1 2938 3048 3049 AND
2 1 3046 3049 3050 AND
2 1 69 3050 3051 AND
2 1 2841 2943 3052 AND
2 1 2879 2878 3053 XOR
2 1 2942 3053 3054 AND
2 1 2938 3054 3055 AND
2 1 3052 3055 3056 AND
2 1 68 3056 3057 AND
2 1 2848 2943 3058 AND
2 1 65 2864 2865 AND
2 1 65 2863 2866 AND
2 1 2857 2866 2867 AND
2 1 2865 2867 2868 AND
2 1 2868 2869 2870 AND
2 1 65 2864 2871 AND
2 1 2870 2871 3059 AND
2 1 3059 2876 3060 XOR
2 1 2942 3060 3061 AND
2 1 2938 3061 3062 AND
2 1 3058 3062 3063 AND
2 1 67 3063 3064 AND
2 1 2864 2943 3065 AND
2 1 2869 2868 3066 XOR
2 1 2942 3066 3067 AND
2 1 2938 3067 3068 AND
2 1 3065 3068 3069 AND
2 1 66 3069 3070 AND
2 1 40 64 3086 AND
2 1 65 3086 3089 AND
2 1 64 87 3071 AND
2 1 178 3071 3072 AND
2 1 189 3072 3073 AND
2 1 175 3073 3074 AND
2 1 160 3074 3075 AND
2 1 2938 3075 3076 AND
2 1 41 3076 3077 AND
2 1 234 2869 3078 AND
2 1 245 3078 3079 AND
2 1 453 3079 3080 AND
2 1 463 3080 3081 AND
2 1 460 3081 3082 AND
2 1 2938 3082 3083 AND
2 1 3077 3083 3084 AND
2 1 65 3086 3090 AND
2 1 3084 3090 3091 AND
2 1 3089 3091 3092 AND
2 1 3069 66 3093 XOR
2 1 3092 3093 3094 AND
2 1 3070 3094 3095 AND
2 1 3063 67 3096 XOR
2 1 3095 3096 3097 AND
2 1 3064 3097 3098 AND
2 1 3056 68 3099 XOR
2 1 3098 3099 3100 AND
2 1 3057 3100 3101 AND
2 1 3050 69 3102 XOR
2 1 3101 3102 3103 AND
2 1 3051 3103 3104 AND
2 1 3044 70 3105 XOR
2 1 3104 3105 3106 AND
2 1 3045 3106 3107 AND
2 1 3038 71 3108 XOR
2 1 3107 3108 3109 AND
2 1 3039 3109 3110 AND
2 1 3032 72 3111 XOR
2 1 3110 3111 3112 AND
2 1 3033 3112 3113 AND
2 1 3026 73 3114 XOR
2 1 3113 3114 3115 AND
2 1 3027 3115 3116 AND
2 1 3020 74 3117 XOR
2 1 3116 3117 3118 AND
2 1 3021 3118 3119 AND
2 1 3014 75 3120 XOR
2 1 3119 3120 3121 AND
2 1 3015 3121 3122 AND
2 1 3008 76 3123 XOR
2 1 3122 3123 3124 AND
2 1 3009 3124 3125 AND
2 1 3002 77 3126 XOR
2 1 3125 3126 3127 AND
2 1 3003 3127 3128 AND
2 1 2996 78 3129 XOR
2 1 3128 3129 3130 AND
2 1 2997 3130 3131 AND
2 1 2990 79 3132 XOR
2 1 3131 3132 3133 AND
2 1 2991 3133 3134 AND
2 1 2984 80 3135 XOR
2 1 3134 3135 3136 AND
2 1 2985 3136 3137 AND
2 1 2978 81 3138 XOR
2 1 3137 3138 3139 AND
2 1 2979 3139 3140 AND
2 1 2972 82 3141 XOR
2 1 3140 3141 3142 AND
2 1 2973 3142 3143 AND
2 1 2966 83 3144 XOR
2 1 3143 3144 3145 AND
2 1 2967 3145 3146 AND
2 1 2960 84 3147 XOR
2 1 3146 3147 3148 AND
2 1 2961 3148 3149 AND
2 1 2954 85 3150 XOR
2 1 3149 3150 3151 AND
2 1 2955 3151 3152 AND
2 1 2948 86 3153 XOR
2 1 3152 3153 3154 AND
2 1 2949 3154 3155 AND
2 1 2732 2943 3156 AND
2 1 2936 2935 3157 XOR
2 1 2943 3157 3158 AND
2 1 3156 3158 3159 AND
2 1 87 3159 3160 AND
2 1 87 3156 3161 AND
2 1 3158 3161 3162 AND
2 1 211 213 3163 AND
2 1 208 3163 3164 AND
2 1 3162 3164 3165 AND
2 1 3160 3165 3166 AND
2 1 3155 3166 3167 AND
2 1 2942 3159 3168 AND
2 1 3167 3168 3169 AND
2 1 3153 3152 3170 XOR
2 1 3169 3170 3171 AND
2 1 2948 3168 3172 AND
2 1 3167 3172 3173 AND
2 1 3171 3173 3174 AND
2 1 3160 3162 3175 AND
2 1 3175 3155 3176 XOR
2 1 3169 3176 3177 AND
2 1 2732 2942 3178 AND
2 1 3167 3178 3179 AND
2 1 3177 3179 3180 AND
2 1 88 3180 3181 AND
2 1 87 3174 3182 AND
2 1 3150 3149 3183 XOR
2 1 3169 3183 3184 AND
2 1 2954 3168 3185 AND
2 1 3167 3185 3186 AND
2 1 3184 3186 3187 AND
2 1 86 3187 3188 AND
2 1 3147 3146 3189 XOR
2 1 3169 3189 3190 AND
2 1 2960 3168 3191 AND
2 1 3167 3191 3192 AND
2 1 3190 3192 3193 AND
2 1 85 3193 3194 AND
2 1 3144 3143 3195 XOR
2 1 3169 3195 3196 AND
2 1 2966 3168 3197 AND
2 1 3167 3197 3198 AND
2 1 3196 3198 3199 AND
2 1 84 3199 3200 AND
2 1 3141 3140 3201 XOR
2 1 3169 3201 3202 AND
2 1 2972 3168 3203 AND
2 1 3167 3203 3204 AND
2 1 3202 3204 3205 AND
2 1 83 3205 3206 AND
2 1 3138 3137 3207 XOR
2 1 3169 3207 3208 AND
2 1 2978 3168 3209 AND
2 1 3167 3209 3210 AND
2 1 3208 3210 3211 AND
2 1 82 3211 3212 AND
2 1 3135 3134 3213 XOR
2 1 3169 3213 3214 AND
2 1 2984 3168 3215 AND
2 1 3167 3215 3216 AND
2 1 3214 3216 3217 AND
2 1 81 3217 3218 AND
2 1 3132 3131 3219 XOR
2 1 3169 3219 3220 AND
2 1 2990 3168 3221 AND
2 1 3167 3221 3222 AND
2 1 3220 3222 3223 AND
2 1 80 3223 3224 AND
2 1 3129 3128 3225 XOR
2 1 3169 3225 3226 AND
2 1 2996 3168 3227 AND
2 1 3167 3227 3228 AND
2 1 3226 3228 3229 AND
2 1 79 3229 3230 AND
2 1 3126 3125 3231 XOR
2 1 3169 3231 3232 AND
2 1 3002 3168 3233 AND
2 1 3167 3233 3234 AND
2 1 3232 3234 3235 AND
2 1 78 3235 3236 AND
2 1 3123 3122 3237 XOR
2 1 3169 3237 3238 AND
2 1 3008 3168 3239 AND
2 1 3167 3239 3240 AND
2 1 3238 3240 3241 AND
2 1 77 3241 3242 AND
2 1 3120 3119 3243 XOR
2 1 3169 3243 3244 AND
2 1 3014 3168 3245 AND
2 1 3167 3245 3246 AND
2 1 3244 3246 3247 AND
2 1 76 3247 3248 AND
2 1 3117 3116 3249 XOR
2 1 3169 3249 3250 AND
2 1 3020 3168 3251 AND
2 1 3167 3251 3252 AND
2 1 3250 3252 3253 AND
2 1 75 3253 3254 AND
2 1 3114 3113 3255 XOR
2 1 3169 3255 3256 AND
2 1 3026 3168 3257 AND
2 1 3167 3257 3258 AND
2 1 3256 3258 3259 AND
2 1 74 3259 3260 AND
2 1 3111 3110 3261 XOR
2 1 3169 3261 3262 AND
2 1 3032 3168 3263 AND
2 1 3167 3263 3264 AND
2 1 3262 3264 3265 AND
2 1 73 3265 3266 AND
2 1 3108 3107 3267 XOR
2 1 3169 3267 3268 AND
2 1 3038 3168 3269 AND
2 1 3167 3269 3270 AND
2 1 3268 3270 3271 AND
2 1 72 3271 3272 AND
2 1 3105 3104 3273 XOR
2 1 3169 3273 3274 AND
2 1 3044 3168 3275 AND
2 1 3167 3275 3276 AND
2 1 3274 3276 3277 AND
2 1 71 3277 3278 AND
2 1 3102 3101 3279 XOR
2 1 3169 3279 3280 AND
2 1 3050 3168 3281 AND
2 1 3167 3281 3282 AND
2 1 3280 3282 3283 AND
2 1 70 3283 3284 AND
2 1 3099 3098 3285 XOR
2 1 3169 3285 3286 AND
2 1 3056 3168 3287 AND
2 1 3167 3287 3288 AND
2 1 3286 3288 3289 AND
2 1 69 3289 3290 AND
2 1 3096 3095 3291 XOR
2 1 3169 3291 3292 AND
2 1 3063 3168 3293 AND
2 1 3167 3293 3294 AND
2 1 3292 3294 3295 AND
2 1 68 3295 3296 AND
2 1 3084 65 3085 XOR
2 1 3085 3086 3087 AND
2 1 65 3084 3088 AND
2 1 3087 3088 3297 AND
2 1 3297 3093 3298 XOR
2 1 3169 3298 3299 AND
2 1 3069 3168 3300 AND
2 1 3167 3300 3301 AND
2 1 3299 3301 3302 AND
2 1 67 3302 3303 AND
2 1 3086 65 3304 XOR
2 1 3304 3084 3305 XOR
2 1 3169 3305 3306 AND
2 1 3084 3168 3307 AND
2 1 3167 3307 3308 AND
2 1 3306 3308 3309 AND
2 1 66 3309 3310 AND
2 1 65 40 3315 XOR
2 1 64 3169 3311 AND
2 1 3315 3311 3316 XOR
2 1 39 64 3317 AND
2 1 3316 3317 3318 AND
2 1 3311 40 3312 XOR
2 1 65 3312 3319 AND
2 1 3318 3319 3320 AND
2 1 3309 66 3321 XOR
2 1 3320 3321 3322 AND
2 1 3310 3322 3323 AND
2 1 3302 67 3324 XOR
2 1 3323 3324 3325 AND
2 1 3303 3325 3326 AND
2 1 3295 68 3327 XOR
2 1 3326 3327 3328 AND
2 1 3296 3328 3329 AND
2 1 3289 69 3330 XOR
2 1 3329 3330 3331 AND
2 1 3290 3331 3332 AND
2 1 3283 70 3333 XOR
2 1 3332 3333 3334 AND
2 1 3284 3334 3335 AND
2 1 3277 71 3336 XOR
2 1 3335 3336 3337 AND
2 1 3278 3337 3338 AND
2 1 3271 72 3339 XOR
2 1 3338 3339 3340 AND
2 1 3272 3340 3341 AND
2 1 3265 73 3342 XOR
2 1 3341 3342 3343 AND
2 1 3266 3343 3344 AND
2 1 3259 74 3345 XOR
2 1 3344 3345 3346 AND
2 1 3260 3346 3347 AND
2 1 3253 75 3348 XOR
2 1 3347 3348 3349 AND
2 1 3254 3349 3350 AND
2 1 3247 76 3351 XOR
2 1 3350 3351 3352 AND
2 1 3248 3352 3353 AND
2 1 3241 77 3354 XOR
2 1 3353 3354 3355 AND
2 1 3242 3355 3356 AND
2 1 3235 78 3357 XOR
2 1 3356 3357 3358 AND
2 1 3236 3358 3359 AND
2 1 3229 79 3360 XOR
2 1 3359 3360 3361 AND
2 1 3230 3361 3362 AND
2 1 3223 80 3363 XOR
2 1 3362 3363 3364 AND
2 1 3224 3364 3365 AND
2 1 3217 81 3366 XOR
2 1 3365 3366 3367 AND
2 1 3218 3367 3368 AND
2 1 3211 82 3369 XOR
2 1 3368 3369 3370 AND
2 1 3212 3370 3371 AND
2 1 3205 83 3372 XOR
2 1 3371 3372 3373 AND
2 1 3206 3373 3374 AND
2 1 3199 84 3375 XOR
2 1 3374 3375 3376 AND
2 1 3200 3376 3377 AND
2 1 3193 85 3378 XOR
2 1 3377 3378 3379 AND
2 1 3194 3379 3380 AND
2 1 3187 86 3381 XOR
2 1 3380 3381 3382 AND
2 1 3188 3382 3383 AND
2 1 3174 87 3384 XOR
2 1 3383 3384 3385 AND
2 1 3182 3385 3386 AND
2 1 3180 88 3387 XOR
2 1 3386 3387 3388 AND
2 1 3181 3388 3389 AND
2 1 246 292 3390 AND
2 1 277 3390 3391 AND
2 1 3389 3391 3392 AND
2 1 3174 3392 3393 AND
2 1 3384 3383 3394 XOR
2 1 3391 3394 3395 AND
2 1 3389 3395 3396 AND
2 1 3393 3396 3397 AND
2 1 3180 3392 3398 AND
2 1 3387 3386 3399 XOR
2 1 3392 3399 3400 AND
2 1 3398 3400 3401 AND
2 1 89 3401 3402 AND
2 1 88 3397 3403 AND
2 1 3187 3392 3404 AND
2 1 3381 3380 3405 XOR
2 1 3391 3405 3406 AND
2 1 3389 3406 3407 AND
2 1 3404 3407 3408 AND
2 1 87 3408 3409 AND
2 1 3193 3392 3410 AND
2 1 3378 3377 3411 XOR
2 1 3391 3411 3412 AND
2 1 3389 3412 3413 AND
2 1 3410 3413 3414 AND
2 1 86 3414 3415 AND
2 1 3199 3392 3416 AND
2 1 3375 3374 3417 XOR
2 1 3391 3417 3418 AND
2 1 3389 3418 3419 AND
2 1 3416 3419 3420 AND
2 1 85 3420 3421 AND
2 1 3205 3392 3422 AND
2 1 3372 3371 3423 XOR
2 1 3391 3423 3424 AND
2 1 3389 3424 3425 AND
2 1 3422 3425 3426 AND
2 1 84 3426 3427 AND
2 1 3211 3392 3428 AND
2 1 3369 3368 3429 XOR
2 1 3391 3429 3430 AND
2 1 3389 3430 3431 AND
2 1 3428 3431 3432 AND
2 1 83 3432 3433 AND
2 1 3217 3392 3434 AND
2 1 3366 3365 3435 XOR
2 1 3391 3435 3436 AND
2 1 3389 3436 3437 AND
2 1 3434 3437 3438 AND
2 1 82 3438 3439 AND
2 1 3223 3392 3440 AND
2 1 3363 3362 3441 XOR
2 1 3391 3441 3442 AND
2 1 3389 3442 3443 AND
2 1 3440 3443 3444 AND
2 1 81 3444 3445 AND
2 1 3229 3392 3446 AND
2 1 3360 3359 3447 XOR
2 1 3391 3447 3448 AND
2 1 3389 3448 3449 AND
2 1 3446 3449 3450 AND
2 1 80 3450 3451 AND
2 1 3235 3392 3452 AND
2 1 3357 3356 3453 XOR
2 1 3391 3453 3454 AND
2 1 3389 3454 3455 AND
2 1 3452 3455 3456 AND
2 1 79 3456 3457 AND
2 1 3241 3392 3458 AND
2 1 3354 3353 3459 XOR
2 1 3391 3459 3460 AND
2 1 3389 3460 3461 AND
2 1 3458 3461 3462 AND
2 1 78 3462 3463 AND
2 1 3247 3392 3464 AND
2 1 3351 3350 3465 XOR
2 1 3391 3465 3466 AND
2 1 3389 3466 3467 AND
2 1 3464 3467 3468 AND
2 1 77 3468 3469 AND
2 1 3253 3392 3470 AND
2 1 3348 3347 3471 XOR
2 1 3391 3471 3472 AND
2 1 3389 3472 3473 AND
2 1 3470 3473 3474 AND
2 1 76 3474 3475 AND
2 1 3259 3392 3476 AND
2 1 3345 3344 3477 XOR
2 1 3391 3477 3478 AND
2 1 3389 3478 3479 AND
2 1 3476 3479 3480 AND
2 1 75 3480 3481 AND
2 1 3265 3392 3482 AND
2 1 3342 3341 3483 XOR
2 1 3391 3483 3484 AND
2 1 3389 3484 3485 AND
2 1 3482 3485 3486 AND
2 1 74 3486 3487 AND
2 1 3271 3392 3488 AND
2 1 3339 3338 3489 XOR
2 1 3391 3489 3490 AND
2 1 3389 3490 3491 AND
2 1 3488 3491 3492 AND
2 1 73 3492 3493 AND
2 1 3277 3392 3494 AND
2 1 3336 3335 3495 XOR
2 1 3391 3495 3496 AND
2 1 3389 3496 3497 AND
2 1 3494 3497 3498 AND
2 1 72 3498 3499 AND
2 1 3283 3392 3500 AND
2 1 3333 3332 3501 XOR
2 1 3391 3501 3502 AND
2 1 3389 3502 3503 AND
2 1 3500 3503 3504 AND
2 1 71 3504 3505 AND
2 1 3289 3392 3506 AND
2 1 3330 3329 3507 XOR
2 1 3391 3507 3508 AND
2 1 3389 3508 3509 AND
2 1 3506 3509 3510 AND
2 1 70 3510 3511 AND
2 1 3295 3392 3512 AND
2 1 3327 3326 3513 XOR
2 1 3391 3513 3514 AND
2 1 3389 3514 3515 AND
2 1 3512 3515 3516 AND
2 1 69 3516 3517 AND
2 1 3302 3392 3518 AND
2 1 3324 3323 3519 XOR
2 1 3391 3519 3520 AND
2 1 3389 3520 3521 AND
2 1 3518 3521 3522 AND
2 1 68 3522 3523 AND
2 1 3309 3392 3524 AND
2 1 3321 3320 3525 XOR
2 1 3391 3525 3526 AND
2 1 3389 3526 3527 AND
2 1 3524 3527 3528 AND
2 1 67 3528 3529 AND
2 1 3312 3392 3530 AND
2 1 65 3312 3313 AND
2 1 65 3312 3314 AND
2 1 3313 3314 3531 AND
2 1 3531 3317 3532 XOR
2 1 3391 3532 3533 AND
2 1 3389 3533 3534 AND
2 1 3530 3534 3535 AND
2 1 66 3535 3536 AND
2 1 38 64 3554 AND
2 1 65 3554 3557 AND
2 1 64 89 3537 AND
2 1 177 3537 3538 AND
2 1 188 3538 3539 AND
2 1 211 3539 3540 AND
2 1 208 3540 3541 AND
2 1 3389 3541 3542 AND
2 1 39 3542 3543 AND
2 1 245 3317 3544 AND
2 1 453 3544 3545 AND
2 1 463 3545 3546 AND
2 1 460 3546 3547 AND
2 1 3389 3547 3548 AND
2 1 3543 3548 3549 AND
2 1 65 3554 3558 AND
2 1 3549 3558 3559 AND
2 1 3557 3559 3560 AND
2 1 3535 66 3561 XOR
2 1 3560 3561 3562 AND
2 1 3536 3562 3563 AND
2 1 3528 67 3564 XOR
2 1 3563 3564 3565 AND
2 1 3529 3565 3566 AND
2 1 3522 68 3567 XOR
2 1 3566 3567 3568 AND
2 1 3523 3568 3569 AND
2 1 3516 69 3570 XOR
2 1 3569 3570 3571 AND
2 1 3517 3571 3572 AND
2 1 3510 70 3573 XOR
2 1 3572 3573 3574 AND
2 1 3511 3574 3575 AND
2 1 3504 71 3576 XOR
2 1 3575 3576 3577 AND
2 1 3505 3577 3578 AND
2 1 3498 72 3579 XOR
2 1 3578 3579 3580 AND
2 1 3499 3580 3581 AND
2 1 3492 73 3582 XOR
2 1 3581 3582 3583 AND
2 1 3493 3583 3584 AND
2 1 3486 74 3585 XOR
2 1 3584 3585 3586 AND
2 1 3487 3586 3587 AND
2 1 3480 75 3588 XOR
2 1 3587 3588 3589 AND
2 1 3481 3589 3590 AND
2 1 3474 76 3591 XOR
2 1 3590 3591 3592 AND
2 1 3475 3592 3593 AND
2 1 3468 77 3594 XOR
2 1 3593 3594 3595 AND
2 1 3469 3595 3596 AND
2 1 3462 78 3597 XOR
2 1 3596 3597 3598 AND
2 1 3463 3598 3599 AND
2 1 3456 79 3600 XOR
2 1 3599 3600 3601 AND
2 1 3457 3601 3602 AND
2 1 3450 80 3603 XOR
2 1 3602 3603 3604 AND
2 1 3451 3604 3605 AND
2 1 3444 81 3606 XOR
2 1 3605 3606 3607 AND
2 1 3445 3607 3608 AND
2 1 3438 82 3609 XOR
2 1 3608 3609 3610 AND
2 1 3439 3610 3611 AND
2 1 3432 83 3612 XOR
2 1 3611 3612 3613 AND
2 1 3433 3613 3614 AND
2 1 3426 84 3615 XOR
2 1 3614 3615 3616 AND
2 1 3427 3616 3617 AND
2 1 3420 85 3618 XOR
2 1 3617 3618 3619 AND
2 1 3421 3619 3620 AND
2 1 3414 86 3621 XOR
2 1 3620 3621 3622 AND
2 1 3415 3622 3623 AND
2 1 3408 87 3624 XOR
2 1 3623 3624 3625 AND
2 1 3409 3625 3626 AND
2 1 3397 88 3627 XOR
2 1 3626 3627 3628 AND
2 1 3403 3628 3629 AND
2 1 3401 89 3630 XOR
2 1 3629 3630 3631 AND
2 1 3402 3631 3632 AND
2 1 177 188 3633 AND
2 1 211 3633 3634 AND
2 1 208 3634 3635 AND
2 1 3632 3635 3636 AND
2 1 3397 3636 3637 AND
2 1 3627 3626 3638 XOR
2 1 3635 3638 3639 AND
2 1 3632 3639 3640 AND
2 1 3637 3640 3641 AND
2 1 89 3641 3642 AND
2 1 3408 3636 3643 AND
2 1 3624 3623 3644 XOR
2 1 3635 3644 3645 AND
2 1 3632 3645 3646 AND
2 1 3643 3646 3647 AND
2 1 88 3647 3648 AND
2 1 3414 3636 3649 AND
2 1 3621 3620 3650 XOR
2 1 3635 3650 3651 AND
2 1 3632 3651 3652 AND
2 1 3649 3652 3653 AND
2 1 87 3653 3654 AND
2 1 3420 3636 3655 AND
2 1 3618 3617 3656 XOR
2 1 3635 3656 3657 AND
2 1 3632 3657 3658 AND
2 1 3655 3658 3659 AND
2 1 86 3659 3660 AND
2 1 3426 3636 3661 AND
2 1 3615 3614 3662 XOR
2 1 3635 3662 3663 AND
2 1 3632 3663 3664 AND
2 1 3661 3664 3665 AND
2 1 85 3665 3666 AND
2 1 3432 3636 3667 AND
2 1 3612 3611 3668 XOR
2 1 3635 3668 3669 AND
2 1 3632 3669 3670 AND
2 1 3667 3670 3671 AND
2 1 84 3671 3672 AND
2 1 3438 3636 3673 AND
2 1 3609 3608 3674 XOR
2 1 3635 3674 3675 AND
2 1 3632 3675 3676 AND
2 1 3673 3676 3677 AND
2 1 83 3677 3678 AND
2 1 3444 3636 3679 AND
2 1 3606 3605 3680 XOR
2 1 3635 3680 3681 AND
2 1 3632 3681 3682 AND
2 1 3679 3682 3683 AND
2 1 82 3683 3684 AND
2 1 3450 3636 3685 AND
2 1 3603 3602 3686 XOR
2 1 3635 3686 3687 AND
2 1 3632 3687 3688 AND
2 1 3685 3688 3689 AND
2 1 81 3689 3690 AND
2 1 3456 3636 3691 AND
2 1 3600 3599 3692 XOR
2 1 3635 3692 3693 AND
2 1 3632 3693 3694 AND
2 1 3691 3694 3695 AND
2 1 80 3695 3696 AND
2 1 3462 3636 3697 AND
2 1 3597 3596 3698 XOR
2 1 3635 3698 3699 AND
2 1 3632 3699 3700 AND
2 1 3697 3700 3701 AND
2 1 79 3701 3702 AND
2 1 3468 3636 3703 AND
2 1 3594 3593 3704 XOR
2 1 3635 3704 3705 AND
2 1 3632 3705 3706 AND
2 1 3703 3706 3707 AND
2 1 78 3707 3708 AND
2 1 3474 3636 3709 AND
2 1 3591 3590 3710 XOR
2 1 3635 3710 3711 AND
2 1 3632 3711 3712 AND
2 1 3709 3712 3713 AND
2 1 77 3713 3714 AND
2 1 3480 3636 3715 AND
2 1 3588 3587 3716 XOR
2 1 3635 3716 3717 AND
2 1 3632 3717 3718 AND
2 1 3715 3718 3719 AND
2 1 76 3719 3720 AND
2 1 3486 3636 3721 AND
2 1 3585 3584 3722 XOR
2 1 3635 3722 3723 AND
2 1 3632 3723 3724 AND
2 1 3721 3724 3725 AND
2 1 75 3725 3726 AND
2 1 3492 3636 3727 AND
2 1 3582 3581 3728 XOR
2 1 3635 3728 3729 AND
2 1 3632 3729 3730 AND
2 1 3727 3730 3731 AND
2 1 74 3731 3732 AND
2 1 3498 3636 3733 AND
2 1 3579 3578 3734 XOR
2 1 3635 3734 3735 AND
2 1 3632 3735 3736 AND
2 1 3733 3736 3737 AND
2 1 73 3737 3738 AND
2 1 3504 3636 3739 AND
2 1 3576 3575 3740 XOR
2 1 3635 3740 3741 AND
2 1 3632 3741 3742 AND
2 1 3739 3742 3743 AND
2 1 72 3743 3744 AND
2 1 3510 3636 3745 AND
2 1 3573 3572 3746 XOR
2 1 3635 3746 3747 AND
2 1 3632 3747 3748 AND
2 1 3745 3748 3749 AND
2 1 71 3749 3750 AND
2 1 3516 3636 3751 AND
2 1 3570 3569 3752 XOR
2 1 3635 3752 3753 AND
2 1 3632 3753 3754 AND
2 1 3751 3754 3755 AND
2 1 70 3755 3756 AND
2 1 3522 3636 3757 AND
2 1 3567 3566 3758 XOR
2 1 3635 3758 3759 AND
2 1 3632 3759 3760 AND
2 1 3757 3760 3761 AND
2 1 69 3761 3762 AND
2 1 3528 3636 3763 AND
2 1 3564 3563 3764 XOR
2 1 3635 3764 3765 AND
2 1 3632 3765 3766 AND
2 1 3763 3766 3767 AND
2 1 68 3767 3768 AND
2 1 3535 3636 3769 AND
2 1 65 3549 3550 AND
2 1 65 3548 3551 AND
2 1 3543 3551 3552 AND
2 1 3550 3552 3553 AND
2 1 3553 3554 3555 AND
2 1 65 3549 3556 AND
2 1 3555 3556 3770 AND
2 1 3770 3561 3771 XOR
2 1 3635 3771 3772 AND
2 1 3632 3772 3773 AND
2 1 3769 3773 3774 AND
2 1 67 3774 3775 AND
2 1 3549 3636 3776 AND
2 1 3554 3553 3777 XOR
2 1 3635 3777 3778 AND
2 1 3632 3778 3779 AND
2 1 3776 3779 3780 AND
2 1 66 3780 3781 AND
2 1 37 64 3796 AND
2 1 65 3796 3799 AND
2 1 64 90 3782 AND
2 1 244 3782 3783 AND
2 1 242 3783 3784 AND
2 1 292 3784 3785 AND
2 1 277 3785 3786 AND
2 1 3632 3786 3787 AND
2 1 38 3787 3788 AND
2 1 177 3554 3789 AND
2 1 188 3789 3790 AND
2 1 211 3790 3791 AND
2 1 208 3791 3792 AND
2 1 3632 3792 3793 AND
2 1 3788 3793 3794 AND
2 1 65 3796 3800 AND
2 1 3794 3800 3801 AND
2 1 3799 3801 3802 AND
2 1 3780 66 3803 XOR
2 1 3802 3803 3804 AND
2 1 3781 3804 3805 AND
2 1 3774 67 3806 XOR
2 1 3805 3806 3807 AND
2 1 3775 3807 3808 AND
2 1 3767 68 3809 XOR
2 1 3808 3809 3810 AND
2 1 3768 3810 3811 AND
2 1 3761 69 3812 XOR
2 1 3811 3812 3813 AND
2 1 3762 3813 3814 AND
2 1 3755 70 3815 XOR
2 1 3814 3815 3816 AND
2 1 3756 3816 3817 AND
2 1 3749 71 3818 XOR
2 1 3817 3818 3819 AND
2 1 3750 3819 3820 AND
2 1 3743 72 3821 XOR
2 1 3820 3821 3822 AND
2 1 3744 3822 3823 AND
2 1 3737 73 3824 XOR
2 1 3823 3824 3825 AND
2 1 3738 3825 3826 AND
2 1 3731 74 3827 XOR
2 1 3826 3827 3828 AND
2 1 3732 3828 3829 AND
2 1 3725 75 3830 XOR
2 1 3829 3830 3831 AND
2 1 3726 3831 3832 AND
2 1 3719 76 3833 XOR
2 1 3832 3833 3834 AND
2 1 3720 3834 3835 AND
2 1 3713 77 3836 XOR
2 1 3835 3836 3837 AND
2 1 3714 3837 3838 AND
2 1 3707 78 3839 XOR
2 1 3838 3839 3840 AND
2 1 3708 3840 3841 AND
2 1 3701 79 3842 XOR
2 1 3841 3842 3843 AND
2 1 3702 3843 3844 AND
2 1 3695 80 3845 XOR
2 1 3844 3845 3846 AND
2 1 3696 3846 3847 AND
2 1 3689 81 3848 XOR
2 1 3847 3848 3849 AND
2 1 3690 3849 3850 AND
2 1 3683 82 3851 XOR
2 1 3850 3851 3852 AND
2 1 3684 3852 3853 AND
2 1 3677 83 3854 XOR
2 1 3853 3854 3855 AND
2 1 3678 3855 3856 AND
2 1 3671 84 3857 XOR
2 1 3856 3857 3858 AND
2 1 3672 3858 3859 AND
2 1 3665 85 3860 XOR
2 1 3859 3860 3861 AND
2 1 3666 3861 3862 AND
2 1 3659 86 3863 XOR
2 1 3862 3863 3864 AND
2 1 3660 3864 3865 AND
2 1 3653 87 3866 XOR
2 1 3865 3866 3867 AND
2 1 3654 3867 3868 AND
2 1 3647 88 3869 XOR
2 1 3868 3869 3870 AND
2 1 3648 3870 3871 AND
2 1 3641 89 3872 XOR
2 1 3871 3872 3873 AND
2 1 3642 3873 3874 AND
2 1 3401 3636 3875 AND
2 1 3630 3629 3876 XOR
2 1 3636 3876 3877 AND
2 1 3875 3877 3878 AND
2 1 90 3878 3879 AND
2 1 90 3875 3880 AND
2 1 3877 3880 3881 AND
2 1 242 244 3882 AND
2 1 292 3882 3883 AND
2 1 277 3883 3884 AND
2 1 3881 3884 3885 AND
2 1 3879 3885 3886 AND
2 1 3874 3886 3887 AND
2 1 3635 3878 3888 AND
2 1 3887 3888 3889 AND
2 1 3872 3871 3890 XOR
2 1 3889 3890 3891 AND
2 1 3641 3888 3892 AND
2 1 3887 3892 3893 AND
2 1 3891 3893 3894 AND
2 1 3879 3881 3895 AND
2 1 3895 3874 3896 XOR
2 1 3889 3896 3897 AND
2 1 3401 3635 3898 AND
2 1 3887 3898 3899 AND
2 1 3897 3899 3900 AND
2 1 91 3900 3901 AND
2 1 90 3894 3902 AND
2 1 3869 3868 3903 XOR
2 1 3889 3903 3904 AND
2 1 3647 3888 3905 AND
2 1 3887 3905 3906 AND
2 1 3904 3906 3907 AND
2 1 89 3907 3908 AND
2 1 3866 3865 3909 XOR
2 1 3889 3909 3910 AND
2 1 3653 3888 3911 AND
2 1 3887 3911 3912 AND
2 1 3910 3912 3913 AND
2 1 88 3913 3914 AND
2 1 3863 3862 3915 XOR
2 1 3889 3915 3916 AND
2 1 3659 3888 3917 AND
2 1 3887 3917 3918 AND
2 1 3916 3918 3919 AND
2 1 87 3919 3920 AND
2 1 3860 3859 3921 XOR
2 1 3889 3921 3922 AND
2 1 3665 3888 3923 AND
2 1 3887 3923 3924 AND
2 1 3922 3924 3925 AND
2 1 86 3925 3926 AND
2 1 3857 3856 3927 XOR
2 1 3889 3927 3928 AND
2 1 3671 3888 3929 AND
2 1 3887 3929 3930 AND
2 1 3928 3930 3931 AND
2 1 85 3931 3932 AND
2 1 3854 3853 3933 XOR
2 1 3889 3933 3934 AND
2 1 3677 3888 3935 AND
2 1 3887 3935 3936 AND
2 1 3934 3936 3937 AND
2 1 84 3937 3938 AND
2 1 3851 3850 3939 XOR
2 1 3889 3939 3940 AND
2 1 3683 3888 3941 AND
2 1 3887 3941 3942 AND
2 1 3940 3942 3943 AND
2 1 83 3943 3944 AND
2 1 3848 3847 3945 XOR
2 1 3889 3945 3946 AND
2 1 3689 3888 3947 AND
2 1 3887 3947 3948 AND
2 1 3946 3948 3949 AND
2 1 82 3949 3950 AND
2 1 3845 3844 3951 XOR
2 1 3889 3951 3952 AND
2 1 3695 3888 3953 AND
2 1 3887 3953 3954 AND
2 1 3952 3954 3955 AND
2 1 81 3955 3956 AND
2 1 3842 3841 3957 XOR
2 1 3889 3957 3958 AND
2 1 3701 3888 3959 AND
2 1 3887 3959 3960 AND
2 1 3958 3960 3961 AND
2 1 80 3961 3962 AND
2 1 3839 3838 3963 XOR
2 1 3889 3963 3964 AND
2 1 3707 3888 3965 AND
2 1 3887 3965 3966 AND
2 1 3964 3966 3967 AND
2 1 79 3967 3968 AND
2 1 3836 3835 3969 XOR
2 1 3889 3969 3970 AND
2 1 3713 3888 3971 AND
2 1 3887 3971 3972 AND
2 1 3970 3972 3973 AND
2 1 78 3973 3974 AND
2 1 3833 3832 3975 XOR
2 1 3889 3975 3976 AND
2 1 3719 3888 3977 AND
2 1 3887 3977 3978 AND
2 1 3976 3978 3979 AND
2 1 77 3979 3980 AND
2 1 3830 3829 3981 XOR
2 1 3889 3981 3982 AND
2 1 3725 3888 3983 AND
2 1 3887 3983 3984 AND
2 1 3982 3984 3985 AND
2 1 76 3985 3986 AND
2 1 3827 3826 3987 XOR
2 1 3889 3987 3988 AND
2 1 3731 3888 3989 AND
2 1 3887 3989 3990 AND
2 1 3988 3990 3991 AND
2 1 75 3991 3992 AND
2 1 3824 3823 3993 XOR
2 1 3889 3993 3994 AND
2 1 3737 3888 3995 AND
2 1 3887 3995 3996 AND
2 1 3994 3996 3997 AND
2 1 74 3997 3998 AND
2 1 3821 3820 3999 XOR
2 1 3889 3999 4000 AND
2 1 3743 3888 4001 AND
2 1 3887 4001 4002 AND
2 1 4000 4002 4003 AND
2 1 73 4003 4004 AND
2 1 3818 3817 4005 XOR
2 1 3889 4005 4006 AND
2 1 3749 3888 4007 AND
2 1 3887 4007 4008 AND
2 1 4006 4008 4009 AND
2 1 72 4009 4010 AND
2 1 3815 3814 4011 XOR
2 1 3889 4011 4012 AND
2 1 3755 3888 4013 AND
2 1 3887 4013 4014 AND
2 1 4012 4014 4015 AND
2 1 71 4015 4016 AND
2 1 3812 3811 4017 XOR
2 1 3889 4017 4018 AND
2 1 3761 3888 4019 AND
2 1 3887 4019 4020 AND
2 1 4018 4020 4021 AND
2 1 70 4021 4022 AND
2 1 3809 3808 4023 XOR
2 1 3889 4023 4024 AND
2 1 3767 3888 4025 AND
2 1 3887 4025 4026 AND
2 1 4024 4026 4027 AND
2 1 69 4027 4028 AND
2 1 3806 3805 4029 XOR
2 1 3889 4029 4030 AND
2 1 3774 3888 4031 AND
2 1 3887 4031 4032 AND
2 1 4030 4032 4033 AND
2 1 68 4033 4034 AND
2 1 3794 65 3795 XOR
2 1 3795 3796 3797 AND
2 1 65 3794 3798 AND
2 1 3797 3798 4035 AND
2 1 4035 3803 4036 XOR
2 1 3889 4036 4037 AND
2 1 3780 3888 4038 AND
2 1 3887 4038 4039 AND
2 1 4037 4039 4040 AND
2 1 67 4040 4041 AND
2 1 3796 65 4042 XOR
2 1 4042 3794 4043 XOR
2 1 3889 4043 4044 AND
2 1 3794 3888 4045 AND
2 1 3887 4045 4046 AND
2 1 4044 4046 4047 AND
2 1 66 4047 4048 AND
2 1 65 37 4053 XOR
2 1 64 3889 4049 AND
2 1 4053 4049 4054 XOR
2 1 36 64 4055 AND
2 1 4054 4055 4056 AND
2 1 4049 37 4050 XOR
2 1 65 4050 4057 AND
2 1 4056 4057 4058 AND
2 1 4047 66 4059 XOR
2 1 4058 4059 4060 AND
2 1 4048 4060 4061 AND
2 1 4040 67 4062 XOR
2 1 4061 4062 4063 AND
2 1 4041 4063 4064 AND
2 1 4033 68 4065 XOR
2 1 4064 4065 4066 AND
2 1 4034 4066 4067 AND
2 1 4027 69 4068 XOR
2 1 4067 4068 4069 AND
2 1 4028 4069 4070 AND
2 1 4021 70 4071 XOR
2 1 4070 4071 4072 AND
2 1 4022 4072 4073 AND
2 1 4015 71 4074 XOR
2 1 4073 4074 4075 AND
2 1 4016 4075 4076 AND
2 1 4009 72 4077 XOR
2 1 4076 4077 4078 AND
2 1 4010 4078 4079 AND
2 1 4003 73 4080 XOR
2 1 4079 4080 4081 AND
2 1 4004 4081 4082 AND
2 1 3997 74 4083 XOR
2 1 4082 4083 4084 AND
2 1 3998 4084 4085 AND
2 1 3991 75 4086 XOR
2 1 4085 4086 4087 AND
2 1 3992 4087 4088 AND
2 1 3985 76 4089 XOR
2 1 4088 4089 4090 AND
2 1 3986 4090 4091 AND
2 1 3979 77 4092 XOR
2 1 4091 4092 4093 AND
2 1 3980 4093 4094 AND
2 1 3973 78 4095 XOR
2 1 4094 4095 4096 AND
2 1 3974 4096 4097 AND
2 1 3967 79 4098 XOR
2 1 4097 4098 4099 AND
2 1 3968 4099 4100 AND
2 1 3961 80 4101 XOR
2 1 4100 4101 4102 AND
2 1 3962 4102 4103 AND
2 1 3955 81 4104 XOR
2 1 4103 4104 4105 AND
2 1 3956 4105 4106 AND
2 1 3949 82 4107 XOR
2 1 4106 4107 4108 AND
2 1 3950 4108 4109 AND
2 1 3943 83 4110 XOR
2 1 4109 4110 4111 AND
2 1 3944 4111 4112 AND
2 1 3937 84 4113 XOR
2 1 4112 4113 4114 AND
2 1 3938 4114 4115 AND
2 1 3931 85 4116 XOR
2 1 4115 4116 4117 AND
2 1 3932 4117 4118 AND
2 1 3925 86 4119 XOR
2 1 4118 4119 4120 AND
2 1 3926 4120 4121 AND
2 1 3919 87 4122 XOR
2 1 4121 4122 4123 AND
2 1 3920 4123 4124 AND
2 1 3913 88 4125 XOR
2 1 4124 4125 4126 AND
2 1 3914 4126 4127 AND
2 1 3907 89 4128 XOR
2 1 4127 4128 4129 AND
2 1 3908 4129 4130 AND
2 1 3894 90 4131 XOR
2 1 4130 4131 4132 AND
2 1 3902 4132 4133 AND
2 1 3900 91 4134 XOR
2 1 4133 4134 4135 AND
2 1 3901 4135 4136 AND
2 1 175 189 4137 AND
2 1 160 4137 4138 AND
2 1 4136 4138 4139 AND
2 1 3894 4139 4140 AND
2 1 4131 4130 4141 XOR
2 1 4138 4141 4142 AND
2 1 4136 4142 4143 AND
2 1 4140 4143 4144 AND
2 1 3900 4139 4145 AND
2 1 4134 4133 4146 XOR
2 1 4139 4146 4147 AND
2 1 4145 4147 4148 AND
2 1 92 4148 4149 AND
2 1 91 4144 4150 AND
2 1 3907 4139 4151 AND
2 1 4128 4127 4152 XOR
2 1 4138 4152 4153 AND
2 1 4136 4153 4154 AND
2 1 4151 4154 4155 AND
2 1 90 4155 4156 AND
2 1 3913 4139 4157 AND
2 1 4125 4124 4158 XOR
2 1 4138 4158 4159 AND
2 1 4136 4159 4160 AND
2 1 4157 4160 4161 AND
2 1 89 4161 4162 AND
2 1 3919 4139 4163 AND
2 1 4122 4121 4164 XOR
2 1 4138 4164 4165 AND
2 1 4136 4165 4166 AND
2 1 4163 4166 4167 AND
2 1 88 4167 4168 AND
2 1 3925 4139 4169 AND
2 1 4119 4118 4170 XOR
2 1 4138 4170 4171 AND
2 1 4136 4171 4172 AND
2 1 4169 4172 4173 AND
2 1 87 4173 4174 AND
2 1 3931 4139 4175 AND
2 1 4116 4115 4176 XOR
2 1 4138 4176 4177 AND
2 1 4136 4177 4178 AND
2 1 4175 4178 4179 AND
2 1 86 4179 4180 AND
2 1 3937 4139 4181 AND
2 1 4113 4112 4182 XOR
2 1 4138 4182 4183 AND
2 1 4136 4183 4184 AND
2 1 4181 4184 4185 AND
2 1 85 4185 4186 AND
2 1 3943 4139 4187 AND
2 1 4110 4109 4188 XOR
2 1 4138 4188 4189 AND
2 1 4136 4189 4190 AND
2 1 4187 4190 4191 AND
2 1 84 4191 4192 AND
2 1 3949 4139 4193 AND
2 1 4107 4106 4194 XOR
2 1 4138 4194 4195 AND
2 1 4136 4195 4196 AND
2 1 4193 4196 4197 AND
2 1 83 4197 4198 AND
2 1 3955 4139 4199 AND
2 1 4104 4103 4200 XOR
2 1 4138 4200 4201 AND
2 1 4136 4201 4202 AND
2 1 4199 4202 4203 AND
2 1 82 4203 4204 AND
2 1 3961 4139 4205 AND
2 1 4101 4100 4206 XOR
2 1 4138 4206 4207 AND
2 1 4136 4207 4208 AND
2 1 4205 4208 4209 AND
2 1 81 4209 4210 AND
2 1 3967 4139 4211 AND
2 1 4098 4097 4212 XOR
2 1 4138 4212 4213 AND
2 1 4136 4213 4214 AND
2 1 4211 4214 4215 AND
2 1 80 4215 4216 AND
2 1 3973 4139 4217 AND
2 1 4095 4094 4218 XOR
2 1 4138 4218 4219 AND
2 1 4136 4219 4220 AND
2 1 4217 4220 4221 AND
2 1 79 4221 4222 AND
2 1 3979 4139 4223 AND
2 1 4092 4091 4224 XOR
2 1 4138 4224 4225 AND
2 1 4136 4225 4226 AND
2 1 4223 4226 4227 AND
2 1 78 4227 4228 AND
2 1 3985 4139 4229 AND
2 1 4089 4088 4230 XOR
2 1 4138 4230 4231 AND
2 1 4136 4231 4232 AND
2 1 4229 4232 4233 AND
2 1 77 4233 4234 AND
2 1 3991 4139 4235 AND
2 1 4086 4085 4236 XOR
2 1 4138 4236 4237 AND
2 1 4136 4237 4238 AND
2 1 4235 4238 4239 AND
2 1 76 4239 4240 AND
2 1 3997 4139 4241 AND
2 1 4083 4082 4242 XOR
2 1 4138 4242 4243 AND
2 1 4136 4243 4244 AND
2 1 4241 4244 4245 AND
2 1 75 4245 4246 AND
2 1 4003 4139 4247 AND
2 1 4080 4079 4248 XOR
2 1 4138 4248 4249 AND
2 1 4136 4249 4250 AND
2 1 4247 4250 4251 AND
2 1 74 4251 4252 AND
2 1 4009 4139 4253 AND
2 1 4077 4076 4254 XOR
2 1 4138 4254 4255 AND
2 1 4136 4255 4256 AND
2 1 4253 4256 4257 AND
2 1 73 4257 4258 AND
2 1 4015 4139 4259 AND
2 1 4074 4073 4260 XOR
2 1 4138 4260 4261 AND
2 1 4136 4261 4262 AND
2 1 4259 4262 4263 AND
2 1 72 4263 4264 AND
2 1 4021 4139 4265 AND
2 1 4071 4070 4266 XOR
2 1 4138 4266 4267 AND
2 1 4136 4267 4268 AND
2 1 4265 4268 4269 AND
2 1 71 4269 4270 AND
2 1 4027 4139 4271 AND
2 1 4068 4067 4272 XOR
2 1 4138 4272 4273 AND
2 1 4136 4273 4274 AND
2 1 4271 4274 4275 AND
2 1 70 4275 4276 AND
2 1 4033 4139 4277 AND
2 1 4065 4064 4278 XOR
2 1 4138 4278 4279 AND
2 1 4136 4279 4280 AND
2 1 4277 4280 4281 AND
2 1 69 4281 4282 AND
2 1 4040 4139 4283 AND
2 1 4062 4061 4284 XOR
2 1 4138 4284 4285 AND
2 1 4136 4285 4286 AND
2 1 4283 4286 4287 AND
2 1 68 4287 4288 AND
2 1 4047 4139 4289 AND
2 1 4059 4058 4290 XOR
2 1 4138 4290 4291 AND
2 1 4136 4291 4292 AND
2 1 4289 4292 4293 AND
2 1 67 4293 4294 AND
2 1 4050 4139 4295 AND
2 1 65 4050 4051 AND
2 1 65 4050 4052 AND
2 1 4051 4052 4296 AND
2 1 4296 4055 4297 XOR
2 1 4138 4297 4298 AND
2 1 4136 4298 4299 AND
2 1 4295 4299 4300 AND
2 1 66 4300 4301 AND
2 1 35 64 4317 AND
2 1 65 4317 4320 AND
2 1 64 92 4302 AND
2 1 242 4302 4303 AND
2 1 292 4303 4304 AND
2 1 277 4304 4305 AND
2 1 4136 4305 4306 AND
2 1 36 4306 4307 AND
2 1 188 4055 4308 AND
2 1 211 4308 4309 AND
2 1 208 4309 4310 AND
2 1 4136 4310 4311 AND
2 1 4307 4311 4312 AND
2 1 65 4317 4321 AND
2 1 4312 4321 4322 AND
2 1 4320 4322 4323 AND
2 1 4300 66 4324 XOR
2 1 4323 4324 4325 AND
2 1 4301 4325 4326 AND
2 1 4293 67 4327 XOR
2 1 4326 4327 4328 AND
2 1 4294 4328 4329 AND
2 1 4287 68 4330 XOR
2 1 4329 4330 4331 AND
2 1 4288 4331 4332 AND
2 1 4281 69 4333 XOR
2 1 4332 4333 4334 AND
2 1 4282 4334 4335 AND
2 1 4275 70 4336 XOR
2 1 4335 4336 4337 AND
2 1 4276 4337 4338 AND
2 1 4269 71 4339 XOR
2 1 4338 4339 4340 AND
2 1 4270 4340 4341 AND
2 1 4263 72 4342 XOR
2 1 4341 4342 4343 AND
2 1 4264 4343 4344 AND
2 1 4257 73 4345 XOR
2 1 4344 4345 4346 AND
2 1 4258 4346 4347 AND
2 1 4251 74 4348 XOR
2 1 4347 4348 4349 AND
2 1 4252 4349 4350 AND
2 1 4245 75 4351 XOR
2 1 4350 4351 4352 AND
2 1 4246 4352 4353 AND
2 1 4239 76 4354 XOR
2 1 4353 4354 4355 AND
2 1 4240 4355 4356 AND
2 1 4233 77 4357 XOR
2 1 4356 4357 4358 AND
2 1 4234 4358 4359 AND
2 1 4227 78 4360 XOR
2 1 4359 4360 4361 AND
2 1 4228 4361 4362 AND
2 1 4221 79 4363 XOR
2 1 4362 4363 4364 AND
2 1 4222 4364 4365 AND
2 1 4215 80 4366 XOR
2 1 4365 4366 4367 AND
2 1 4216 4367 4368 AND
2 1 4209 81 4369 XOR
2 1 4368 4369 4370 AND
2 1 4210 4370 4371 AND
2 1 4203 82 4372 XOR
2 1 4371 4372 4373 AND
2 1 4204 4373 4374 AND
2 1 4197 83 4375 XOR
2 1 4374 4375 4376 AND
2 1 4198 4376 4377 AND
2 1 4191 84 4378 XOR
2 1 4377 4378 4379 AND
2 1 4192 4379 4380 AND
2 1 4185 85 4381 XOR
2 1 4380 4381 4382 AND
2 1 4186 4382 4383 AND
2 1 4179 86 4384 XOR
2 1 4383 4384 4385 AND
2 1 4180 4385 4386 AND
2 1 4173 87 4387 XOR
2 1 4386 4387 4388 AND
2 1 4174 4388 4389 AND
2 1 4167 88 4390 XOR
2 1 4389 4390 4391 AND
2 1 4168 4391 4392 AND
2 1 4161 89 4393 XOR
2 1 4392 4393 4394 AND
2 1 4162 4394 4395 AND
2 1 4155 90 4396 XOR
2 1 4395 4396 4397 AND
2 1 4156 4397 4398 AND
2 1 4144 91 4399 XOR
2 1 4398 4399 4400 AND
2 1 4150 4400 4401 AND
2 1 4148 92 4402 XOR
2 1 4401 4402 4403 AND
2 1 4149 4403 4404 AND
2 1 453 463 4405 AND
2 1 460 4405 4406 AND
2 1 4404 4406 4407 AND
2 1 4144 4407 4408 AND
2 1 4399 4398 4409 XOR
2 1 4406 4409 4410 AND
2 1 4404 4410 4411 AND
2 1 4408 4411 4412 AND
2 1 92 4412 4413 AND
2 1 4155 4407 4414 AND
2 1 4396 4395 4415 XOR
2 1 4406 4415 4416 AND
2 1 4404 4416 4417 AND
2 1 4414 4417 4418 AND
2 1 91 4418 4419 AND
2 1 4161 4407 4420 AND
2 1 4393 4392 4421 XOR
2 1 4406 4421 4422 AND
2 1 4404 4422 4423 AND
2 1 4420 4423 4424 AND
2 1 90 4424 4425 AND
2 1 4167 4407 4426 AND
2 1 4390 4389 4427 XOR
2 1 4406 4427 4428 AND
2 1 4404 4428 4429 AND
2 1 4426 4429 4430 AND
2 1 89 4430 4431 AND
2 1 4173 4407 4432 AND
2 1 4387 4386 4433 XOR
2 1 4406 4433 4434 AND
2 1 4404 4434 4435 AND
2 1 4432 4435 4436 AND
2 1 88 4436 4437 AND
2 1 4179 4407 4438 AND
2 1 4384 4383 4439 XOR
2 1 4406 4439 4440 AND
2 1 4404 4440 4441 AND
2 1 4438 4441 4442 AND
2 1 87 4442 4443 AND
2 1 4185 4407 4444 AND
2 1 4381 4380 4445 XOR
2 1 4406 4445 4446 AND
2 1 4404 4446 4447 AND
2 1 4444 4447 4448 AND
2 1 86 4448 4449 AND
2 1 4191 4407 4450 AND
2 1 4378 4377 4451 XOR
2 1 4406 4451 4452 AND
2 1 4404 4452 4453 AND
2 1 4450 4453 4454 AND
2 1 85 4454 4455 AND
2 1 4197 4407 4456 AND
2 1 4375 4374 4457 XOR
2 1 4406 4457 4458 AND
2 1 4404 4458 4459 AND
2 1 4456 4459 4460 AND
2 1 84 4460 4461 AND
2 1 4203 4407 4462 AND
2 1 4372 4371 4463 XOR
2 1 4406 4463 4464 AND
2 1 4404 4464 4465 AND
2 1 4462 4465 4466 AND
2 1 83 4466 4467 AND
2 1 4209 4407 4468 AND
2 1 4369 4368 4469 XOR
2 1 4406 4469 4470 AND
2 1 4404 4470 4471 AND
2 1 4468 4471 4472 AND
2 1 82 4472 4473 AND
2 1 4215 4407 4474 AND
2 1 4366 4365 4475 XOR
2 1 4406 4475 4476 AND
2 1 4404 4476 4477 AND
2 1 4474 4477 4478 AND
2 1 81 4478 4479 AND
2 1 4221 4407 4480 AND
2 1 4363 4362 4481 XOR
2 1 4406 4481 4482 AND
2 1 4404 4482 4483 AND
2 1 4480 4483 4484 AND
2 1 80 4484 4485 AND
2 1 4227 4407 4486 AND
2 1 4360 4359 4487 XOR
2 1 4406 4487 4488 AND
2 1 4404 4488 4489 AND
2 1 4486 4489 4490 AND
2 1 79 4490 4491 AND
2 1 4233 4407 4492 AND
2 1 4357 4356 4493 XOR
2 1 4406 4493 4494 AND
2 1 4404 4494 4495 AND
2 1 4492 4495 4496 AND
2 1 78 4496 4497 AND
2 1 4239 4407 4498 AND
2 1 4354 4353 4499 XOR
2 1 4406 4499 4500 AND
2 1 4404 4500 4501 AND
2 1 4498 4501 4502 AND
2 1 77 4502 4503 AND
2 1 4245 4407 4504 AND
2 1 4351 4350 4505 XOR
2 1 4406 4505 4506 AND
2 1 4404 4506 4507 AND
2 1 4504 4507 4508 AND
2 1 76 4508 4509 AND
2 1 4251 4407 4510 AND
2 1 4348 4347 4511 XOR
2 1 4406 4511 4512 AND
2 1 4404 4512 4513 AND
2 1 4510 4513 4514 AND
2 1 75 4514 4515 AND
2 1 4257 4407 4516 AND
2 1 4345 4344 4517 XOR
2 1 4406 4517 4518 AND
2 1 4404 4518 4519 AND
2 1 4516 4519 4520 AND
2 1 74 4520 4521 AND
2 1 4263 4407 4522 AND
2 1 4342 4341 4523 XOR
2 1 4406 4523 4524 AND
2 1 4404 4524 4525 AND
2 1 4522 4525 4526 AND
2 1 73 4526 4527 AND
2 1 4269 4407 4528 AND
2 1 4339 4338 4529 XOR
2 1 4406 4529 4530 AND
2 1 4404 4530 4531 AND
2 1 4528 4531 4532 AND
2 1 72 4532 4533 AND
2 1 4275 4407 4534 AND
2 1 4336 4335 4535 XOR
2 1 4406 4535 4536 AND
2 1 4404 4536 4537 AND
2 1 4534 4537 4538 AND
2 1 71 4538 4539 AND
2 1 4281 4407 4540 AND
2 1 4333 4332 4541 XOR
2 1 4406 4541 4542 AND
2 1 4404 4542 4543 AND
2 1 4540 4543 4544 AND
2 1 70 4544 4545 AND
2 1 4287 4407 4546 AND
2 1 4330 4329 4547 XOR
2 1 4406 4547 4548 AND
2 1 4404 4548 4549 AND
2 1 4546 4549 4550 AND
2 1 69 4550 4551 AND
2 1 4293 4407 4552 AND
2 1 4327 4326 4553 XOR
2 1 4406 4553 4554 AND
2 1 4404 4554 4555 AND
2 1 4552 4555 4556 AND
2 1 68 4556 4557 AND
2 1 4300 4407 4558 AND
2 1 65 4312 4313 AND
2 1 65 4311 4314 AND
2 1 4307 4314 4315 AND
2 1 4313 4315 4316 AND
2 1 4316 4317 4318 AND
2 1 65 4312 4319 AND
2 1 4318 4319 4559 AND
2 1 4559 4324 4560 XOR
2 1 4406 4560 4561 AND
2 1 4404 4561 4562 AND
2 1 4558 4562 4563 AND
2 1 67 4563 4564 AND
2 1 4312 4407 4565 AND
2 1 4317 4316 4566 XOR
2 1 4406 4566 4567 AND
2 1 4404 4567 4568 AND
2 1 4565 4568 4569 AND
2 1 66 4569 4570 AND
2 1 34 64 4584 AND
2 1 65 4584 4587 AND
2 1 64 93 4571 AND
2 1 187 4571 4572 AND
2 1 185 4572 4573 AND
2 1 175 4573 4574 AND
2 1 160 4574 4575 AND
2 1 4404 4575 4576 AND
2 1 35 4576 4577 AND
2 1 242 4317 4578 AND
2 1 292 4578 4579 AND
2 1 277 4579 4580 AND
2 1 4404 4580 4581 AND
2 1 4577 4581 4582 AND
2 1 65 4584 4588 AND
2 1 4582 4588 4589 AND
2 1 4587 4589 4590 AND
2 1 4569 66 4591 XOR
2 1 4590 4591 4592 AND
2 1 4570 4592 4593 AND
2 1 4563 67 4594 XOR
2 1 4593 4594 4595 AND
2 1 4564 4595 4596 AND
2 1 4556 68 4597 XOR
2 1 4596 4597 4598 AND
2 1 4557 4598 4599 AND
2 1 4550 69 4600 XOR
2 1 4599 4600 4601 AND
2 1 4551 4601 4602 AND
2 1 4544 70 4603 XOR
2 1 4602 4603 4604 AND
2 1 4545 4604 4605 AND
2 1 4538 71 4606 XOR
2 1 4605 4606 4607 AND
2 1 4539 4607 4608 AND
2 1 4532 72 4609 XOR
2 1 4608 4609 4610 AND
2 1 4533 4610 4611 AND
2 1 4526 73 4612 XOR
2 1 4611 4612 4613 AND
2 1 4527 4613 4614 AND
2 1 4520 74 4615 XOR
2 1 4614 4615 4616 AND
2 1 4521 4616 4617 AND
2 1 4514 75 4618 XOR
2 1 4617 4618 4619 AND
2 1 4515 4619 4620 AND
2 1 4508 76 4621 XOR
2 1 4620 4621 4622 AND
2 1 4509 4622 4623 AND
2 1 4502 77 4624 XOR
2 1 4623 4624 4625 AND
2 1 4503 4625 4626 AND
2 1 4496 78 4627 XOR
2 1 4626 4627 4628 AND
2 1 4497 4628 4629 AND
2 1 4490 79 4630 XOR
2 1 4629 4630 4631 AND
2 1 4491 4631 4632 AND
2 1 4484 80 4633 XOR
2 1 4632 4633 4634 AND
2 1 4485 4634 4635 AND
2 1 4478 81 4636 XOR
2 1 4635 4636 4637 AND
2 1 4479 4637 4638 AND
2 1 4472 82 4639 XOR
2 1 4638 4639 4640 AND
2 1 4473 4640 4641 AND
2 1 4466 83 4642 XOR
2 1 4641 4642 4643 AND
2 1 4467 4643 4644 AND
2 1 4460 84 4645 XOR
2 1 4644 4645 4646 AND
2 1 4461 4646 4647 AND
2 1 4454 85 4648 XOR
2 1 4647 4648 4649 AND
2 1 4455 4649 4650 AND
2 1 4448 86 4651 XOR
2 1 4650 4651 4652 AND
2 1 4449 4652 4653 AND
2 1 4442 87 4654 XOR
2 1 4653 4654 4655 AND
2 1 4443 4655 4656 AND
2 1 4436 88 4657 XOR
2 1 4656 4657 4658 AND
2 1 4437 4658 4659 AND
2 1 4430 89 4660 XOR
2 1 4659 4660 4661 AND
2 1 4431 4661 4662 AND
2 1 4424 90 4663 XOR
2 1 4662 4663 4664 AND
2 1 4425 4664 4665 AND
2 1 4418 91 4666 XOR
2 1 4665 4666 4667 AND
2 1 4419 4667 4668 AND
2 1 4412 92 4669 XOR
2 1 4668 4669 4670 AND
2 1 4413 4670 4671 AND
2 1 4148 4407 4672 AND
2 1 4402 4401 4673 XOR
2 1 4407 4673 4674 AND
2 1 4672 4674 4675 AND
2 1 93 4675 4676 AND
2 1 93 4672 4677 AND
2 1 4674 4677 4678 AND
2 1 185 187 4679 AND
2 1 175 4679 4680 AND
2 1 160 4680 4681 AND
2 1 4678 4681 4682 AND
2 1 4676 4682 4683 AND
2 1 4671 4683 4684 AND
2 1 4406 4675 4685 AND
2 1 4684 4685 4686 AND
2 1 4669 4668 4687 XOR
2 1 4686 4687 4688 AND
2 1 4412 4685 4689 AND
2 1 4684 4689 4690 AND
2 1 4688 4690 4691 AND
2 1 4676 4678 4692 AND
2 1 4692 4671 4693 XOR
2 1 4686 4693 4694 AND
2 1 4148 4406 4695 AND
2 1 4684 4695 4696 AND
2 1 4694 4696 4697 AND
2 1 94 4697 4698 AND
2 1 93 4691 4699 AND
2 1 4666 4665 4700 XOR
2 1 4686 4700 4701 AND
2 1 4418 4685 4702 AND
2 1 4684 4702 4703 AND
2 1 4701 4703 4704 AND
2 1 92 4704 4705 AND
2 1 4663 4662 4706 XOR
2 1 4686 4706 4707 AND
2 1 4424 4685 4708 AND
2 1 4684 4708 4709 AND
2 1 4707 4709 4710 AND
2 1 91 4710 4711 AND
2 1 4660 4659 4712 XOR
2 1 4686 4712 4713 AND
2 1 4430 4685 4714 AND
2 1 4684 4714 4715 AND
2 1 4713 4715 4716 AND
2 1 90 4716 4717 AND
2 1 4657 4656 4718 XOR
2 1 4686 4718 4719 AND
2 1 4436 4685 4720 AND
2 1 4684 4720 4721 AND
2 1 4719 4721 4722 AND
2 1 89 4722 4723 AND
2 1 4654 4653 4724 XOR
2 1 4686 4724 4725 AND
2 1 4442 4685 4726 AND
2 1 4684 4726 4727 AND
2 1 4725 4727 4728 AND
2 1 88 4728 4729 AND
2 1 4651 4650 4730 XOR
2 1 4686 4730 4731 AND
2 1 4448 4685 4732 AND
2 1 4684 4732 4733 AND
2 1 4731 4733 4734 AND
2 1 87 4734 4735 AND
2 1 4648 4647 4736 XOR
2 1 4686 4736 4737 AND
2 1 4454 4685 4738 AND
2 1 4684 4738 4739 AND
2 1 4737 4739 4740 AND
2 1 86 4740 4741 AND
2 1 4645 4644 4742 XOR
2 1 4686 4742 4743 AND
2 1 4460 4685 4744 AND
2 1 4684 4744 4745 AND
2 1 4743 4745 4746 AND
2 1 85 4746 4747 AND
2 1 4642 4641 4748 XOR
2 1 4686 4748 4749 AND
2 1 4466 4685 4750 AND
2 1 4684 4750 4751 AND
2 1 4749 4751 4752 AND
2 1 84 4752 4753 AND
2 1 4639 4638 4754 XOR
2 1 4686 4754 4755 AND
2 1 4472 4685 4756 AND
2 1 4684 4756 4757 AND
2 1 4755 4757 4758 AND
2 1 83 4758 4759 AND
2 1 4636 4635 4760 XOR
2 1 4686 4760 4761 AND
2 1 4478 4685 4762 AND
2 1 4684 4762 4763 AND
2 1 4761 4763 4764 AND
2 1 82 4764 4765 AND
2 1 4633 4632 4766 XOR
2 1 4686 4766 4767 AND
2 1 4484 4685 4768 AND
2 1 4684 4768 4769 AND
2 1 4767 4769 4770 AND
2 1 81 4770 4771 AND
2 1 4630 4629 4772 XOR
2 1 4686 4772 4773 AND
2 1 4490 4685 4774 AND
2 1 4684 4774 4775 AND
2 1 4773 4775 4776 AND
2 1 80 4776 4777 AND
2 1 4627 4626 4778 XOR
2 1 4686 4778 4779 AND
2 1 4496 4685 4780 AND
2 1 4684 4780 4781 AND
2 1 4779 4781 4782 AND
2 1 79 4782 4783 AND
2 1 4624 4623 4784 XOR
2 1 4686 4784 4785 AND
2 1 4502 4685 4786 AND
2 1 4684 4786 4787 AND
2 1 4785 4787 4788 AND
2 1 78 4788 4789 AND
2 1 4621 4620 4790 XOR
2 1 4686 4790 4791 AND
2 1 4508 4685 4792 AND
2 1 4684 4792 4793 AND
2 1 4791 4793 4794 AND
2 1 77 4794 4795 AND
2 1 4618 4617 4796 XOR
2 1 4686 4796 4797 AND
2 1 4514 4685 4798 AND
2 1 4684 4798 4799 AND
2 1 4797 4799 4800 AND
2 1 76 4800 4801 AND
2 1 4615 4614 4802 XOR
2 1 4686 4802 4803 AND
2 1 4520 4685 4804 AND
2 1 4684 4804 4805 AND
2 1 4803 4805 4806 AND
2 1 75 4806 4807 AND
2 1 4612 4611 4808 XOR
2 1 4686 4808 4809 AND
2 1 4526 4685 4810 AND
2 1 4684 4810 4811 AND
2 1 4809 4811 4812 AND
2 1 74 4812 4813 AND
2 1 4609 4608 4814 XOR
2 1 4686 4814 4815 AND
2 1 4532 4685 4816 AND
2 1 4684 4816 4817 AND
2 1 4815 4817 4818 AND
2 1 73 4818 4819 AND
2 1 4606 4605 4820 XOR
2 1 4686 4820 4821 AND
2 1 4538 4685 4822 AND
2 1 4684 4822 4823 AND
2 1 4821 4823 4824 AND
2 1 72 4824 4825 AND
2 1 4603 4602 4826 XOR
2 1 4686 4826 4827 AND
2 1 4544 4685 4828 AND
2 1 4684 4828 4829 AND
2 1 4827 4829 4830 AND
2 1 71 4830 4831 AND
2 1 4600 4599 4832 XOR
2 1 4686 4832 4833 AND
2 1 4550 4685 4834 AND
2 1 4684 4834 4835 AND
2 1 4833 4835 4836 AND
2 1 70 4836 4837 AND
2 1 4597 4596 4838 XOR
2 1 4686 4838 4839 AND
2 1 4556 4685 4840 AND
2 1 4684 4840 4841 AND
2 1 4839 4841 4842 AND
2 1 69 4842 4843 AND
2 1 4594 4593 4844 XOR
2 1 4686 4844 4845 AND
2 1 4563 4685 4846 AND
2 1 4684 4846 4847 AND
2 1 4845 4847 4848 AND
2 1 68 4848 4849 AND
2 1 4582 65 4583 XOR
2 1 4583 4584 4585 AND
2 1 65 4582 4586 AND
2 1 4585 4586 4850 AND
2 1 4850 4591 4851 XOR
2 1 4686 4851 4852 AND
2 1 4569 4685 4853 AND
2 1 4684 4853 4854 AND
2 1 4852 4854 4855 AND
2 1 67 4855 4856 AND
2 1 4584 65 4857 XOR
2 1 4857 4582 4858 XOR
2 1 4686 4858 4859 AND
2 1 4582 4685 4860 AND
2 1 4684 4860 4861 AND
2 1 4859 4861 4862 AND
2 1 66 4862 4863 AND
2 1 65 34 4868 XOR
2 1 64 4686 4864 AND
2 1 4868 4864 4869 XOR
2 1 33 64 4870 AND
2 1 4869 4870 4871 AND
2 1 4864 34 4865 XOR
2 1 65 4865 4872 AND
2 1 4871 4872 4873 AND
2 1 4862 66 4874 XOR
2 1 4873 4874 4875 AND
2 1 4863 4875 4876 AND
2 1 4855 67 4877 XOR
2 1 4876 4877 4878 AND
2 1 4856 4878 4879 AND
2 1 4848 68 4880 XOR
2 1 4879 4880 4881 AND
2 1 4849 4881 4882 AND
2 1 4842 69 4883 XOR
2 1 4882 4883 4884 AND
2 1 4843 4884 4885 AND
2 1 4836 70 4886 XOR
2 1 4885 4886 4887 AND
2 1 4837 4887 4888 AND
2 1 4830 71 4889 XOR
2 1 4888 4889 4890 AND
2 1 4831 4890 4891 AND
2 1 4824 72 4892 XOR
2 1 4891 4892 4893 AND
2 1 4825 4893 4894 AND
2 1 4818 73 4895 XOR
2 1 4894 4895 4896 AND
2 1 4819 4896 4897 AND
2 1 4812 74 4898 XOR
2 1 4897 4898 4899 AND
2 1 4813 4899 4900 AND
2 1 4806 75 4901 XOR
2 1 4900 4901 4902 AND
2 1 4807 4902 4903 AND
2 1 4800 76 4904 XOR
2 1 4903 4904 4905 AND
2 1 4801 4905 4906 AND
2 1 4794 77 4907 XOR
2 1 4906 4907 4908 AND
2 1 4795 4908 4909 AND
2 1 4788 78 4910 XOR
2 1 4909 4910 4911 AND
2 1 4789 4911 4912 AND
2 1 4782 79 4913 XOR
2 1 4912 4913 4914 AND
2 1 4783 4914 4915 AND
2 1 4776 80 4916 XOR
2 1 4915 4916 4917 AND
2 1 4777 4917 4918 AND
2 1 4770 81 4919 XOR
2 1 4918 4919 4920 AND
2 1 4771 4920 4921 AND
2 1 4764 82 4922 XOR
2 1 4921 4922 4923 AND
2 1 4765 4923 4924 AND
2 1 4758 83 4925 XOR
2 1 4924 4925 4926 AND
2 1 4759 4926 4927 AND
2 1 4752 84 4928 XOR
2 1 4927 4928 4929 AND
2 1 4753 4929 4930 AND
2 1 4746 85 4931 XOR
2 1 4930 4931 4932 AND
2 1 4747 4932 4933 AND
2 1 4740 86 4934 XOR
2 1 4933 4934 4935 AND
2 1 4741 4935 4936 AND
2 1 4734 87 4937 XOR
2 1 4936 4937 4938 AND
2 1 4735 4938 4939 AND
2 1 4728 88 4940 XOR
2 1 4939 4940 4941 AND
2 1 4729 4941 4942 AND
2 1 4722 89 4943 XOR
2 1 4942 4943 4944 AND
2 1 4723 4944 4945 AND
2 1 4716 90 4946 XOR
2 1 4945 4946 4947 AND
2 1 4717 4947 4948 AND
2 1 4710 91 4949 XOR
2 1 4948 4949 4950 AND
2 1 4711 4950 4951 AND
2 1 4704 92 4952 XOR
2 1 4951 4952 4953 AND
2 1 4705 4953 4954 AND
2 1 4691 93 4955 XOR
2 1 4954 4955 4956 AND
2 1 4699 4956 4957 AND
2 1 4697 94 4958 XOR
2 1 4957 4958 4959 AND
2 1 4698 4959 4960 AND
2 1 241 283 4961 AND
2 1 463 4961 4962 AND
2 1 460 4962 4963 AND
2 1 4960 4963 4964 AND
2 1 4691 4964 4965 AND
2 1 4955 4954 4966 XOR
2 1 4963 4966 4967 AND
2 1 4960 4967 4968 AND
2 1 4965 4968 4969 AND
2 1 4697 4964 4970 AND
2 1 4958 4957 4971 XOR
2 1 4964 4971 4972 AND
2 1 4970 4972 4973 AND
2 1 95 4973 4974 AND
2 1 94 4969 4975 AND
2 1 4704 4964 4976 AND
2 1 4952 4951 4977 XOR
2 1 4963 4977 4978 AND
2 1 4960 4978 4979 AND
2 1 4976 4979 4980 AND
2 1 93 4980 4981 AND
2 1 4710 4964 4982 AND
2 1 4949 4948 4983 XOR
2 1 4963 4983 4984 AND
2 1 4960 4984 4985 AND
2 1 4982 4985 4986 AND
2 1 92 4986 4987 AND
2 1 4716 4964 4988 AND
2 1 4946 4945 4989 XOR
2 1 4963 4989 4990 AND
2 1 4960 4990 4991 AND
2 1 4988 4991 4992 AND
2 1 91 4992 4993 AND
2 1 4722 4964 4994 AND
2 1 4943 4942 4995 XOR
2 1 4963 4995 4996 AND
2 1 4960 4996 4997 AND
2 1 4994 4997 4998 AND
2 1 90 4998 4999 AND
2 1 4728 4964 5000 AND
2 1 4940 4939 5001 XOR
2 1 4963 5001 5002 AND
2 1 4960 5002 5003 AND
2 1 5000 5003 5004 AND
2 1 89 5004 5005 AND
2 1 4734 4964 5006 AND
2 1 4937 4936 5007 XOR
2 1 4963 5007 5008 AND
2 1 4960 5008 5009 AND
2 1 5006 5009 5010 AND
2 1 88 5010 5011 AND
2 1 4740 4964 5012 AND
2 1 4934 4933 5013 XOR
2 1 4963 5013 5014 AND
2 1 4960 5014 5015 AND
2 1 5012 5015 5016 AND
2 1 87 5016 5017 AND
2 1 4746 4964 5018 AND
2 1 4931 4930 5019 XOR
2 1 4963 5019 5020 AND
2 1 4960 5020 5021 AND
2 1 5018 5021 5022 AND
2 1 86 5022 5023 AND
2 1 4752 4964 5024 AND
2 1 4928 4927 5025 XOR
2 1 4963 5025 5026 AND
2 1 4960 5026 5027 AND
2 1 5024 5027 5028 AND
2 1 85 5028 5029 AND
2 1 4758 4964 5030 AND
2 1 4925 4924 5031 XOR
2 1 4963 5031 5032 AND
2 1 4960 5032 5033 AND
2 1 5030 5033 5034 AND
2 1 84 5034 5035 AND
2 1 4764 4964 5036 AND
2 1 4922 4921 5037 XOR
2 1 4963 5037 5038 AND
2 1 4960 5038 5039 AND
2 1 5036 5039 5040 AND
2 1 83 5040 5041 AND
2 1 4770 4964 5042 AND
2 1 4919 4918 5043 XOR
2 1 4963 5043 5044 AND
2 1 4960 5044 5045 AND
2 1 5042 5045 5046 AND
2 1 82 5046 5047 AND
2 1 4776 4964 5048 AND
2 1 4916 4915 5049 XOR
2 1 4963 5049 5050 AND
2 1 4960 5050 5051 AND
2 1 5048 5051 5052 AND
2 1 81 5052 5053 AND
2 1 4782 4964 5054 AND
2 1 4913 4912 5055 XOR
2 1 4963 5055 5056 AND
2 1 4960 5056 5057 AND
2 1 5054 5057 5058 AND
2 1 80 5058 5059 AND
2 1 4788 4964 5060 AND
2 1 4910 4909 5061 XOR
2 1 4963 5061 5062 AND
2 1 4960 5062 5063 AND
2 1 5060 5063 5064 AND
2 1 79 5064 5065 AND
2 1 4794 4964 5066 AND
2 1 4907 4906 5067 XOR
2 1 4963 5067 5068 AND
2 1 4960 5068 5069 AND
2 1 5066 5069 5070 AND
2 1 78 5070 5071 AND
2 1 4800 4964 5072 AND
2 1 4904 4903 5073 XOR
2 1 4963 5073 5074 AND
2 1 4960 5074 5075 AND
2 1 5072 5075 5076 AND
2 1 77 5076 5077 AND
2 1 4806 4964 5078 AND
2 1 4901 4900 5079 XOR
2 1 4963 5079 5080 AND
2 1 4960 5080 5081 AND
2 1 5078 5081 5082 AND
2 1 76 5082 5083 AND
2 1 4812 4964 5084 AND
2 1 4898 4897 5085 XOR
2 1 4963 5085 5086 AND
2 1 4960 5086 5087 AND
2 1 5084 5087 5088 AND
2 1 75 5088 5089 AND
2 1 4818 4964 5090 AND
2 1 4895 4894 5091 XOR
2 1 4963 5091 5092 AND
2 1 4960 5092 5093 AND
2 1 5090 5093 5094 AND
2 1 74 5094 5095 AND
2 1 4824 4964 5096 AND
2 1 4892 4891 5097 XOR
2 1 4963 5097 5098 AND
2 1 4960 5098 5099 AND
2 1 5096 5099 5100 AND
2 1 73 5100 5101 AND
2 1 4830 4964 5102 AND
2 1 4889 4888 5103 XOR
2 1 4963 5103 5104 AND
2 1 4960 5104 5105 AND
2 1 5102 5105 5106 AND
2 1 72 5106 5107 AND
2 1 4836 4964 5108 AND
2 1 4886 4885 5109 XOR
2 1 4963 5109 5110 AND
2 1 4960 5110 5111 AND
2 1 5108 5111 5112 AND
2 1 71 5112 5113 AND
2 1 4842 4964 5114 AND
2 1 4883 4882 5115 XOR
2 1 4963 5115 5116 AND
2 1 4960 5116 5117 AND
2 1 5114 5117 5118 AND
2 1 70 5118 5119 AND
2 1 4848 4964 5120 AND
2 1 4880 4879 5121 XOR
2 1 4963 5121 5122 AND
2 1 4960 5122 5123 AND
2 1 5120 5123 5124 AND
2 1 69 5124 5125 AND
2 1 4855 4964 5126 AND
2 1 4877 4876 5127 XOR
2 1 4963 5127 5128 AND
2 1 4960 5128 5129 AND
2 1 5126 5129 5130 AND
2 1 68 5130 5131 AND
2 1 4862 4964 5132 AND
2 1 4874 4873 5133 XOR
2 1 4963 5133 5134 AND
2 1 4960 5134 5135 AND
2 1 5132 5135 5136 AND
2 1 67 5136 5137 AND
2 1 4865 4964 5138 AND
2 1 65 4865 4866 AND
2 1 65 4865 4867 AND
2 1 4866 4867 5139 AND
2 1 5139 4870 5140 XOR
2 1 4963 5140 5141 AND
2 1 4960 5141 5142 AND
2 1 5138 5142 5143 AND
2 1 66 5143 5144 AND
2 1 32 64 5161 AND
2 1 65 5161 5164 AND
2 1 64 95 5145 AND
2 1 185 5145 5146 AND
2 1 175 5146 5147 AND
2 1 160 5147 5148 AND
2 1 4960 5148 5149 AND
2 1 33 5149 5150 AND
2 1 241 4870 5151 AND
2 1 283 5151 5152 AND
2 1 463 5152 5153 AND
2 1 460 5153 5154 AND
2 1 4960 5154 5155 AND
2 1 5150 5155 5156 AND
2 1 65 5161 5165 AND
2 1 5156 5165 5166 AND
2 1 5164 5166 5167 AND
2 1 5143 66 5168 XOR
2 1 5167 5168 5169 AND
2 1 5144 5169 5170 AND
2 1 5136 67 5171 XOR
2 1 5170 5171 5172 AND
2 1 5137 5172 5173 AND
2 1 5130 68 5174 XOR
2 1 5173 5174 5175 AND
2 1 5131 5175 5176 AND
2 1 5124 69 5177 XOR
2 1 5176 5177 5178 AND
2 1 5125 5178 5179 AND
2 1 5118 70 5180 XOR
2 1 5179 5180 5181 AND
2 1 5119 5181 5182 AND
2 1 5112 71 5183 XOR
2 1 5182 5183 5184 AND
2 1 5113 5184 5185 AND
2 1 5106 72 5186 XOR
2 1 5185 5186 5187 AND
2 1 5107 5187 5188 AND
2 1 5100 73 5189 XOR
2 1 5188 5189 5190 AND
2 1 5101 5190 5191 AND
2 1 5094 74 5192 XOR
2 1 5191 5192 5193 AND
2 1 5095 5193 5194 AND
2 1 5088 75 5195 XOR
2 1 5194 5195 5196 AND
2 1 5089 5196 5197 AND
2 1 5082 76 5198 XOR
2 1 5197 5198 5199 AND
2 1 5083 5199 5200 AND
2 1 5076 77 5201 XOR
2 1 5200 5201 5202 AND
2 1 5077 5202 5203 AND
2 1 5070 78 5204 XOR
2 1 5203 5204 5205 AND
2 1 5071 5205 5206 AND
2 1 5064 79 5207 XOR
2 1 5206 5207 5208 AND
2 1 5065 5208 5209 AND
2 1 5058 80 5210 XOR
2 1 5209 5210 5211 AND
2 1 5059 5211 5212 AND
2 1 5052 81 5213 XOR
2 1 5212 5213 5214 AND
2 1 5053 5214 5215 AND
2 1 5046 82 5216 XOR
2 1 5215 5216 5217 AND
2 1 5047 5217 5218 AND
2 1 5040 83 5219 XOR
2 1 5218 5219 5220 AND
2 1 5041 5220 5221 AND
2 1 5034 84 5222 XOR
2 1 5221 5222 5223 AND
2 1 5035 5223 5224 AND
2 1 5028 85 5225 XOR
2 1 5224 5225 5226 AND
2 1 5029 5226 5227 AND
2 1 5022 86 5228 XOR
2 1 5227 5228 5229 AND
2 1 5023 5229 5230 AND
2 1 5016 87 5231 XOR
2 1 5230 5231 5232 AND
2 1 5017 5232 5233 AND
2 1 5010 88 5234 XOR
2 1 5233 5234 5235 AND
2 1 5011 5235 5236 AND
2 1 5004 89 5237 XOR
2 1 5236 5237 5238 AND
2 1 5005 5238 5239 AND
2 1 4998 90 5240 XOR
2 1 5239 5240 5241 AND
2 1 4999 5241 5242 AND
2 1 4992 91 5243 XOR
2 1 5242 5243 5244 AND
2 1 4993 5244 5245 AND
2 1 4986 92 5246 XOR
2 1 5245 5246 5247 AND
2 1 4987 5247 5248 AND
2 1 4980 93 5249 XOR
2 1 5248 5249 5250 AND
2 1 4981 5250 5251 AND
2 1 4969 94 5252 XOR
2 1 5251 5252 5253 AND
2 1 4975 5253 5254 AND
2 1 4973 95 5255 XOR
2 1 5254 5255 5256 AND
2 1 4974 5256 5257 AND
2 1 301 5257 5258 AND
2 1 4969 5258 5259 AND
2 1 5252 5251 5260 XOR
2 1 301 5260 5261 AND
2 1 5257 5261 5262 AND
2 1 5259 5262 5263 AND
2 1 95 5263 5264 AND
2 1 4980 5258 5265 AND
2 1 5249 5248 5266 XOR
2 1 301 5266 5267 AND
2 1 5257 5267 5268 AND
2 1 5265 5268 5269 AND
2 1 94 5269 5270 AND
2 1 4986 5258 5271 AND
2 1 5246 5245 5272 XOR
2 1 301 5272 5273 AND
2 1 5257 5273 5274 AND
2 1 5271 5274 5275 AND
2 1 93 5275 5276 AND
2 1 4992 5258 5277 AND
2 1 5243 5242 5278 XOR
2 1 301 5278 5279 AND
2 1 5257 5279 5280 AND
2 1 5277 5280 5281 AND
2 1 92 5281 5282 AND
2 1 4998 5258 5283 AND
2 1 5240 5239 5284 XOR
2 1 301 5284 5285 AND
2 1 5257 5285 5286 AND
2 1 5283 5286 5287 AND
2 1 91 5287 5288 AND
2 1 5004 5258 5289 AND
2 1 5237 5236 5290 XOR
2 1 301 5290 5291 AND
2 1 5257 5291 5292 AND
2 1 5289 5292 5293 AND
2 1 90 5293 5294 AND
2 1 5010 5258 5295 AND
2 1 5234 5233 5296 XOR
2 1 301 5296 5297 AND
2 1 5257 5297 5298 AND
2 1 5295 5298 5299 AND
2 1 89 5299 5300 AND
2 1 5016 5258 5301 AND
2 1 5231 5230 5302 XOR
2 1 301 5302 5303 AND
2 1 5257 5303 5304 AND
2 1 5301 5304 5305 AND
2 1 88 5305 5306 AND
2 1 5022 5258 5307 AND
2 1 5228 5227 5308 XOR
2 1 301 5308 5309 AND
2 1 5257 5309 5310 AND
2 1 5307 5310 5311 AND
2 1 87 5311 5312 AND
2 1 5028 5258 5313 AND
2 1 5225 5224 5314 XOR
2 1 301 5314 5315 AND
2 1 5257 5315 5316 AND
2 1 5313 5316 5317 AND
2 1 86 5317 5318 AND
2 1 5034 5258 5319 AND
2 1 5222 5221 5320 XOR
2 1 301 5320 5321 AND
2 1 5257 5321 5322 AND
2 1 5319 5322 5323 AND
2 1 85 5323 5324 AND
2 1 5040 5258 5325 AND
2 1 5219 5218 5326 XOR
2 1 301 5326 5327 AND
2 1 5257 5327 5328 AND
2 1 5325 5328 5329 AND
2 1 84 5329 5330 AND
2 1 5046 5258 5331 AND
2 1 5216 5215 5332 XOR
2 1 301 5332 5333 AND
2 1 5257 5333 5334 AND
2 1 5331 5334 5335 AND
2 1 83 5335 5336 AND
2 1 5052 5258 5337 AND
2 1 5213 5212 5338 XOR
2 1 301 5338 5339 AND
2 1 5257 5339 5340 AND
2 1 5337 5340 5341 AND
2 1 82 5341 5342 AND
2 1 5058 5258 5343 AND
2 1 5210 5209 5344 XOR
2 1 301 5344 5345 AND
2 1 5257 5345 5346 AND
2 1 5343 5346 5347 AND
2 1 81 5347 5348 AND
2 1 5064 5258 5349 AND
2 1 5207 5206 5350 XOR
2 1 301 5350 5351 AND
2 1 5257 5351 5352 AND
2 1 5349 5352 5353 AND
2 1 80 5353 5354 AND
2 1 5070 5258 5355 AND
2 1 5204 5203 5356 XOR
2 1 301 5356 5357 AND
2 1 5257 5357 5358 AND
2 1 5355 5358 5359 AND
2 1 79 5359 5360 AND
2 1 5076 5258 5361 AND
2 1 5201 5200 5362 XOR
2 1 301 5362 5363 AND
2 1 5257 5363 5364 AND
2 1 5361 5364 5365 AND
2 1 78 5365 5366 AND
2 1 5082 5258 5367 AND
2 1 5198 5197 5368 XOR
2 1 301 5368 5369 AND
2 1 5257 5369 5370 AND
2 1 5367 5370 5371 AND
2 1 77 5371 5372 AND
2 1 5088 5258 5373 AND
2 1 5195 5194 5374 XOR
2 1 301 5374 5375 AND
2 1 5257 5375 5376 AND
2 1 5373 5376 5377 AND
2 1 76 5377 5378 AND
2 1 5094 5258 5379 AND
2 1 5192 5191 5380 XOR
2 1 301 5380 5381 AND
2 1 5257 5381 5382 AND
2 1 5379 5382 5383 AND
2 1 75 5383 5384 AND
2 1 5100 5258 5385 AND
2 1 5189 5188 5386 XOR
2 1 301 5386 5387 AND
2 1 5257 5387 5388 AND
2 1 5385 5388 5389 AND
2 1 74 5389 5390 AND
2 1 5106 5258 5391 AND
2 1 5186 5185 5392 XOR
2 1 301 5392 5393 AND
2 1 5257 5393 5394 AND
2 1 5391 5394 5395 AND
2 1 73 5395 5396 AND
2 1 5112 5258 5397 AND
2 1 5183 5182 5398 XOR
2 1 301 5398 5399 AND
2 1 5257 5399 5400 AND
2 1 5397 5400 5401 AND
2 1 72 5401 5402 AND
2 1 5118 5258 5403 AND
2 1 5180 5179 5404 XOR
2 1 301 5404 5405 AND
2 1 5257 5405 5406 AND
2 1 5403 5406 5407 AND
2 1 71 5407 5408 AND
2 1 5124 5258 5409 AND
2 1 5177 5176 5410 XOR
2 1 301 5410 5411 AND
2 1 5257 5411 5412 AND
2 1 5409 5412 5413 AND
2 1 70 5413 5414 AND
2 1 5130 5258 5415 AND
2 1 5174 5173 5416 XOR
2 1 301 5416 5417 AND
2 1 5257 5417 5418 AND
2 1 5415 5418 5419 AND
2 1 69 5419 5420 AND
2 1 5136 5258 5421 AND
2 1 5171 5170 5422 XOR
2 1 301 5422 5423 AND
2 1 5257 5423 5424 AND
2 1 5421 5424 5425 AND
2 1 68 5425 5426 AND
2 1 5143 5258 5427 AND
2 1 65 5156 5157 AND
2 1 65 5155 5158 AND
2 1 5150 5158 5159 AND
2 1 5157 5159 5160 AND
2 1 5160 5161 5162 AND
2 1 65 5156 5163 AND
2 1 5162 5163 5428 AND
2 1 5428 5168 5429 XOR
2 1 301 5429 5430 AND
2 1 5257 5430 5431 AND
2 1 5427 5431 5432 AND
2 1 67 5432 5433 AND
2 1 5156 5258 5434 AND
2 1 5161 5160 5435 XOR
2 1 301 5435 5436 AND
2 1 5257 5436 5437 AND
2 1 5434 5437 5438 AND
2 1 66 5438 5439 AND
2 1 31 64 5452 AND
2 1 65 5452 5455 AND
2 1 64 96 5440 AND
2 1 283 5440 5441 AND
2 1 463 5441 5442 AND
2 1 460 5442 5443 AND
2 1 5257 5443 5444 AND
2 1 32 5444 5445 AND
2 1 185 5161 5446 AND
2 1 175 5446 5447 AND
2 1 160 5447 5448 AND
2 1 5257 5448 5449 AND
2 1 5445 5449 5450 AND
2 1 65 5452 5456 AND
2 1 5450 5456 5457 AND
2 1 5455 5457 5458 AND
2 1 5438 66 5459 XOR
2 1 5458 5459 5460 AND
2 1 5439 5460 5461 AND
2 1 5432 67 5462 XOR
2 1 5461 5462 5463 AND
2 1 5433 5463 5464 AND
2 1 5425 68 5465 XOR
2 1 5464 5465 5466 AND
2 1 5426 5466 5467 AND
2 1 5419 69 5468 XOR
2 1 5467 5468 5469 AND
2 1 5420 5469 5470 AND
2 1 5413 70 5471 XOR
2 1 5470 5471 5472 AND
2 1 5414 5472 5473 AND
2 1 5407 71 5474 XOR
2 1 5473 5474 5475 AND
2 1 5408 5475 5476 AND
2 1 5401 72 5477 XOR
2 1 5476 5477 5478 AND
2 1 5402 5478 5479 AND
2 1 5395 73 5480 XOR
2 1 5479 5480 5481 AND
2 1 5396 5481 5482 AND
2 1 5389 74 5483 XOR
2 1 5482 5483 5484 AND
2 1 5390 5484 5485 AND
2 1 5383 75 5486 XOR
2 1 5485 5486 5487 AND
2 1 5384 5487 5488 AND
2 1 5377 76 5489 XOR
2 1 5488 5489 5490 AND
2 1 5378 5490 5491 AND
2 1 5371 77 5492 XOR
2 1 5491 5492 5493 AND
2 1 5372 5493 5494 AND
2 1 5365 78 5495 XOR
2 1 5494 5495 5496 AND
2 1 5366 5496 5497 AND
2 1 5359 79 5498 XOR
2 1 5497 5498 5499 AND
2 1 5360 5499 5500 AND
2 1 5353 80 5501 XOR
2 1 5500 5501 5502 AND
2 1 5354 5502 5503 AND
2 1 5347 81 5504 XOR
2 1 5503 5504 5505 AND
2 1 5348 5505 5506 AND
2 1 5341 82 5507 XOR
2 1 5506 5507 5508 AND
2 1 5342 5508 5509 AND
2 1 5335 83 5510 XOR
2 1 5509 5510 5511 AND
2 1 5336 5511 5512 AND
2 1 5329 84 5513 XOR
2 1 5512 5513 5514 AND
2 1 5330 5514 5515 AND
2 1 5323 85 5516 XOR
2 1 5515 5516 5517 AND
2 1 5324 5517 5518 AND
2 1 5317 86 5519 XOR
2 1 5518 5519 5520 AND
2 1 5318 5520 5521 AND
2 1 5311 87 5522 XOR
2 1 5521 5522 5523 AND
2 1 5312 5523 5524 AND
2 1 5305 88 5525 XOR
2 1 5524 5525 5526 AND
2 1 5306 5526 5527 AND
2 1 5299 89 5528 XOR
2 1 5527 5528 5529 AND
2 1 5300 5529 5530 AND
2 1 5293 90 5531 XOR
2 1 5530 5531 5532 AND
2 1 5294 5532 5533 AND
2 1 5287 91 5534 XOR
2 1 5533 5534 5535 AND
2 1 5288 5535 5536 AND
2 1 5281 92 5537 XOR
2 1 5536 5537 5538 AND
2 1 5282 5538 5539 AND
2 1 5275 93 5540 XOR
2 1 5539 5540 5541 AND
2 1 5276 5541 5542 AND
2 1 5269 94 5543 XOR
2 1 5542 5543 5544 AND
2 1 5270 5544 5545 AND
2 1 5263 95 5546 XOR
2 1 5545 5546 5547 AND
2 1 5264 5547 5548 AND
2 1 4973 5258 5549 AND
2 1 5255 5254 5550 XOR
2 1 5258 5550 5551 AND
2 1 5549 5551 5552 AND
2 1 96 5552 5553 AND
2 1 96 5549 5554 AND
2 1 5551 5554 5555 AND
2 1 293 5555 5556 AND
2 1 5553 5556 5557 AND
2 1 5548 5557 5558 AND
2 1 301 5552 5559 AND
2 1 5558 5559 5560 AND
2 1 5546 5545 5561 XOR
2 1 5560 5561 5562 AND
2 1 5263 5559 5563 AND
2 1 5558 5563 5564 AND
2 1 5562 5564 5565 AND
2 1 5553 5555 5566 AND
2 1 5566 5548 5567 XOR
2 1 5560 5567 5568 AND
2 1 301 4973 5569 AND
2 1 5558 5569 5570 AND
2 1 5568 5570 5571 AND
2 1 97 5571 5572 AND
2 1 96 5565 5573 AND
2 1 5543 5542 5574 XOR
2 1 5560 5574 5575 AND
2 1 5269 5559 5576 AND
2 1 5558 5576 5577 AND
2 1 5575 5577 5578 AND
2 1 95 5578 5579 AND
2 1 5540 5539 5580 XOR
2 1 5560 5580 5581 AND
2 1 5275 5559 5582 AND
2 1 5558 5582 5583 AND
2 1 5581 5583 5584 AND
2 1 94 5584 5585 AND
2 1 5537 5536 5586 XOR
2 1 5560 5586 5587 AND
2 1 5281 5559 5588 AND
2 1 5558 5588 5589 AND
2 1 5587 5589 5590 AND
2 1 93 5590 5591 AND
2 1 5534 5533 5592 XOR
2 1 5560 5592 5593 AND
2 1 5287 5559 5594 AND
2 1 5558 5594 5595 AND
2 1 5593 5595 5596 AND
2 1 92 5596 5597 AND
2 1 5531 5530 5598 XOR
2 1 5560 5598 5599 AND
2 1 5293 5559 5600 AND
2 1 5558 5600 5601 AND
2 1 5599 5601 5602 AND
2 1 91 5602 5603 AND
2 1 5528 5527 5604 XOR
2 1 5560 5604 5605 AND
2 1 5299 5559 5606 AND
2 1 5558 5606 5607 AND
2 1 5605 5607 5608 AND
2 1 90 5608 5609 AND
2 1 5525 5524 5610 XOR
2 1 5560 5610 5611 AND
2 1 5305 5559 5612 AND
2 1 5558 5612 5613 AND
2 1 5611 5613 5614 AND
2 1 89 5614 5615 AND
2 1 5522 5521 5616 XOR
2 1 5560 5616 5617 AND
2 1 5311 5559 5618 AND
2 1 5558 5618 5619 AND
2 1 5617 5619 5620 AND
2 1 88 5620 5621 AND
2 1 5519 5518 5622 XOR
2 1 5560 5622 5623 AND
2 1 5317 5559 5624 AND
2 1 5558 5624 5625 AND
2 1 5623 5625 5626 AND
2 1 87 5626 5627 AND
2 1 5516 5515 5628 XOR
2 1 5560 5628 5629 AND
2 1 5323 5559 5630 AND
2 1 5558 5630 5631 AND
2 1 5629 5631 5632 AND
2 1 86 5632 5633 AND
2 1 5513 5512 5634 XOR
2 1 5560 5634 5635 AND
2 1 5329 5559 5636 AND
2 1 5558 5636 5637 AND
2 1 5635 5637 5638 AND
2 1 85 5638 5639 AND
2 1 5510 5509 5640 XOR
2 1 5560 5640 5641 AND
2 1 5335 5559 5642 AND
2 1 5558 5642 5643 AND
2 1 5641 5643 5644 AND
2 1 84 5644 5645 AND
2 1 5507 5506 5646 XOR
2 1 5560 5646 5647 AND
2 1 5341 5559 5648 AND
2 1 5558 5648 5649 AND
2 1 5647 5649 5650 AND
2 1 83 5650 5651 AND
2 1 5504 5503 5652 XOR
2 1 5560 5652 5653 AND
2 1 5347 5559 5654 AND
2 1 5558 5654 5655 AND
2 1 5653 5655 5656 AND
2 1 82 5656 5657 AND
2 1 5501 5500 5658 XOR
2 1 5560 5658 5659 AND
2 1 5353 5559 5660 AND
2 1 5558 5660 5661 AND
2 1 5659 5661 5662 AND
2 1 81 5662 5663 AND
2 1 5498 5497 5664 XOR
2 1 5560 5664 5665 AND
2 1 5359 5559 5666 AND
2 1 5558 5666 5667 AND
2 1 5665 5667 5668 AND
2 1 80 5668 5669 AND
2 1 5495 5494 5670 XOR
2 1 5560 5670 5671 AND
2 1 5365 5559 5672 AND
2 1 5558 5672 5673 AND
2 1 5671 5673 5674 AND
2 1 79 5674 5675 AND
2 1 5492 5491 5676 XOR
2 1 5560 5676 5677 AND
2 1 5371 5559 5678 AND
2 1 5558 5678 5679 AND
2 1 5677 5679 5680 AND
2 1 78 5680 5681 AND
2 1 5489 5488 5682 XOR
2 1 5560 5682 5683 AND
2 1 5377 5559 5684 AND
2 1 5558 5684 5685 AND
2 1 5683 5685 5686 AND
2 1 77 5686 5687 AND
2 1 5486 5485 5688 XOR
2 1 5560 5688 5689 AND
2 1 5383 5559 5690 AND
2 1 5558 5690 5691 AND
2 1 5689 5691 5692 AND
2 1 76 5692 5693 AND
2 1 5483 5482 5694 XOR
2 1 5560 5694 5695 AND
2 1 5389 5559 5696 AND
2 1 5558 5696 5697 AND
2 1 5695 5697 5698 AND
2 1 75 5698 5699 AND
2 1 5480 5479 5700 XOR
2 1 5560 5700 5701 AND
2 1 5395 5559 5702 AND
2 1 5558 5702 5703 AND
2 1 5701 5703 5704 AND
2 1 74 5704 5705 AND
2 1 5477 5476 5706 XOR
2 1 5560 5706 5707 AND
2 1 5401 5559 5708 AND
2 1 5558 5708 5709 AND
2 1 5707 5709 5710 AND
2 1 73 5710 5711 AND
2 1 5474 5473 5712 XOR
2 1 5560 5712 5713 AND
2 1 5407 5559 5714 AND
2 1 5558 5714 5715 AND
2 1 5713 5715 5716 AND
2 1 72 5716 5717 AND
2 1 5471 5470 5718 XOR
2 1 5560 5718 5719 AND
2 1 5413 5559 5720 AND
2 1 5558 5720 5721 AND
2 1 5719 5721 5722 AND
2 1 71 5722 5723 AND
2 1 5468 5467 5724 XOR
2 1 5560 5724 5725 AND
2 1 5419 5559 5726 AND
2 1 5558 5726 5727 AND
2 1 5725 5727 5728 AND
2 1 70 5728 5729 AND
2 1 5465 5464 5730 XOR
2 1 5560 5730 5731 AND
2 1 5425 5559 5732 AND
2 1 5558 5732 5733 AND
2 1 5731 5733 5734 AND
2 1 69 5734 5735 AND
2 1 5462 5461 5736 XOR
2 1 5560 5736 5737 AND
2 1 5432 5559 5738 AND
2 1 5558 5738 5739 AND
2 1 5737 5739 5740 AND
2 1 68 5740 5741 AND
2 1 5450 65 5451 XOR
2 1 5451 5452 5453 AND
2 1 65 5450 5454 AND
2 1 5453 5454 5742 AND
2 1 5742 5459 5743 XOR
2 1 5560 5743 5744 AND
2 1 5438 5559 5745 AND
2 1 5558 5745 5746 AND
2 1 5744 5746 5747 AND
2 1 67 5747 5748 AND
2 1 5452 65 5749 XOR
2 1 5749 5450 5750 XOR
2 1 5560 5750 5751 AND
2 1 5450 5559 5752 AND
2 1 5558 5752 5753 AND
2 1 5751 5753 5754 AND
2 1 66 5754 5755 AND
2 1 65 31 5760 XOR
2 1 64 5560 5756 AND
2 1 5760 5756 5761 XOR
2 1 30 64 5762 AND
2 1 5761 5762 5763 AND
2 1 5756 31 5757 XOR
2 1 65 5757 5764 AND
2 1 5763 5764 5765 AND
2 1 5754 66 5766 XOR
2 1 5765 5766 5767 AND
2 1 5755 5767 5768 AND
2 1 5747 67 5769 XOR
2 1 5768 5769 5770 AND
2 1 5748 5770 5771 AND
2 1 5740 68 5772 XOR
2 1 5771 5772 5773 AND
2 1 5741 5773 5774 AND
2 1 5734 69 5775 XOR
2 1 5774 5775 5776 AND
2 1 5735 5776 5777 AND
2 1 5728 70 5778 XOR
2 1 5777 5778 5779 AND
2 1 5729 5779 5780 AND
2 1 5722 71 5781 XOR
2 1 5780 5781 5782 AND
2 1 5723 5782 5783 AND
2 1 5716 72 5784 XOR
2 1 5783 5784 5785 AND
2 1 5717 5785 5786 AND
2 1 5710 73 5787 XOR
2 1 5786 5787 5788 AND
2 1 5711 5788 5789 AND
2 1 5704 74 5790 XOR
2 1 5789 5790 5791 AND
2 1 5705 5791 5792 AND
2 1 5698 75 5793 XOR
2 1 5792 5793 5794 AND
2 1 5699 5794 5795 AND
2 1 5692 76 5796 XOR
2 1 5795 5796 5797 AND
2 1 5693 5797 5798 AND
2 1 5686 77 5799 XOR
2 1 5798 5799 5800 AND
2 1 5687 5800 5801 AND
2 1 5680 78 5802 XOR
2 1 5801 5802 5803 AND
2 1 5681 5803 5804 AND
2 1 5674 79 5805 XOR
2 1 5804 5805 5806 AND
2 1 5675 5806 5807 AND
2 1 5668 80 5808 XOR
2 1 5807 5808 5809 AND
2 1 5669 5809 5810 AND
2 1 5662 81 5811 XOR
2 1 5810 5811 5812 AND
2 1 5663 5812 5813 AND
2 1 5656 82 5814 XOR
2 1 5813 5814 5815 AND
2 1 5657 5815 5816 AND
2 1 5650 83 5817 XOR
2 1 5816 5817 5818 AND
2 1 5651 5818 5819 AND
2 1 5644 84 5820 XOR
2 1 5819 5820 5821 AND
2 1 5645 5821 5822 AND
2 1 5638 85 5823 XOR
2 1 5822 5823 5824 AND
2 1 5639 5824 5825 AND
2 1 5632 86 5826 XOR
2 1 5825 5826 5827 AND
2 1 5633 5827 5828 AND
2 1 5626 87 5829 XOR
2 1 5828 5829 5830 AND
2 1 5627 5830 5831 AND
2 1 5620 88 5832 XOR
2 1 5831 5832 5833 AND
2 1 5621 5833 5834 AND
2 1 5614 89 5835 XOR
2 1 5834 5835 5836 AND
2 1 5615 5836 5837 AND
2 1 5608 90 5838 XOR
2 1 5837 5838 5839 AND
2 1 5609 5839 5840 AND
2 1 5602 91 5841 XOR
2 1 5840 5841 5842 AND
2 1 5603 5842 5843 AND
2 1 5596 92 5844 XOR
2 1 5843 5844 5845 AND
2 1 5597 5845 5846 AND
2 1 5590 93 5847 XOR
2 1 5846 5847 5848 AND
2 1 5591 5848 5849 AND
2 1 5584 94 5850 XOR
2 1 5849 5850 5851 AND
2 1 5585 5851 5852 AND
2 1 5578 95 5853 XOR
2 1 5852 5853 5854 AND
2 1 5579 5854 5855 AND
2 1 5565 96 5856 XOR
2 1 5855 5856 5857 AND
2 1 5573 5857 5858 AND
2 1 5571 97 5859 XOR
2 1 5858 5859 5860 AND
2 1 5572 5860 5861 AND
2 1 166 184 5862 AND
2 1 210 5862 5863 AND
2 1 208 5863 5864 AND
2 1 5861 5864 5865 AND
2 1 5565 5865 5866 AND
2 1 5856 5855 5867 XOR
2 1 5864 5867 5868 AND
2 1 5861 5868 5869 AND
2 1 5866 5869 5870 AND
2 1 5571 5865 5871 AND
2 1 5859 5858 5872 XOR
2 1 5865 5872 5873 AND
2 1 5871 5873 5874 AND
2 1 98 5874 5875 AND
2 1 97 5870 5876 AND
2 1 5578 5865 5877 AND
2 1 5853 5852 5878 XOR
2 1 5864 5878 5879 AND
2 1 5861 5879 5880 AND
2 1 5877 5880 5881 AND
2 1 96 5881 5882 AND
2 1 5584 5865 5883 AND
2 1 5850 5849 5884 XOR
2 1 5864 5884 5885 AND
2 1 5861 5885 5886 AND
2 1 5883 5886 5887 AND
2 1 95 5887 5888 AND
2 1 5590 5865 5889 AND
2 1 5847 5846 5890 XOR
2 1 5864 5890 5891 AND
2 1 5861 5891 5892 AND
2 1 5889 5892 5893 AND
2 1 94 5893 5894 AND
2 1 5596 5865 5895 AND
2 1 5844 5843 5896 XOR
2 1 5864 5896 5897 AND
2 1 5861 5897 5898 AND
2 1 5895 5898 5899 AND
2 1 93 5899 5900 AND
2 1 5602 5865 5901 AND
2 1 5841 5840 5902 XOR
2 1 5864 5902 5903 AND
2 1 5861 5903 5904 AND
2 1 5901 5904 5905 AND
2 1 92 5905 5906 AND
2 1 5608 5865 5907 AND
2 1 5838 5837 5908 XOR
2 1 5864 5908 5909 AND
2 1 5861 5909 5910 AND
2 1 5907 5910 5911 AND
2 1 91 5911 5912 AND
2 1 5614 5865 5913 AND
2 1 5835 5834 5914 XOR
2 1 5864 5914 5915 AND
2 1 5861 5915 5916 AND
2 1 5913 5916 5917 AND
2 1 90 5917 5918 AND
2 1 5620 5865 5919 AND
2 1 5832 5831 5920 XOR
2 1 5864 5920 5921 AND
2 1 5861 5921 5922 AND
2 1 5919 5922 5923 AND
2 1 89 5923 5924 AND
2 1 5626 5865 5925 AND
2 1 5829 5828 5926 XOR
2 1 5864 5926 5927 AND
2 1 5861 5927 5928 AND
2 1 5925 5928 5929 AND
2 1 88 5929 5930 AND
2 1 5632 5865 5931 AND
2 1 5826 5825 5932 XOR
2 1 5864 5932 5933 AND
2 1 5861 5933 5934 AND
2 1 5931 5934 5935 AND
2 1 87 5935 5936 AND
2 1 5638 5865 5937 AND
2 1 5823 5822 5938 XOR
2 1 5864 5938 5939 AND
2 1 5861 5939 5940 AND
2 1 5937 5940 5941 AND
2 1 86 5941 5942 AND
2 1 5644 5865 5943 AND
2 1 5820 5819 5944 XOR
2 1 5864 5944 5945 AND
2 1 5861 5945 5946 AND
2 1 5943 5946 5947 AND
2 1 85 5947 5948 AND
2 1 5650 5865 5949 AND
2 1 5817 5816 5950 XOR
2 1 5864 5950 5951 AND
2 1 5861 5951 5952 AND
2 1 5949 5952 5953 AND
2 1 84 5953 5954 AND
2 1 5656 5865 5955 AND
2 1 5814 5813 5956 XOR
2 1 5864 5956 5957 AND
2 1 5861 5957 5958 AND
2 1 5955 5958 5959 AND
2 1 83 5959 5960 AND
2 1 5662 5865 5961 AND
2 1 5811 5810 5962 XOR
2 1 5864 5962 5963 AND
2 1 5861 5963 5964 AND
2 1 5961 5964 5965 AND
2 1 82 5965 5966 AND
2 1 5668 5865 5967 AND
2 1 5808 5807 5968 XOR
2 1 5864 5968 5969 AND
2 1 5861 5969 5970 AND
2 1 5967 5970 5971 AND
2 1 81 5971 5972 AND
2 1 5674 5865 5973 AND
2 1 5805 5804 5974 XOR
2 1 5864 5974 5975 AND
2 1 5861 5975 5976 AND
2 1 5973 5976 5977 AND
2 1 80 5977 5978 AND
2 1 5680 5865 5979 AND
2 1 5802 5801 5980 XOR
2 1 5864 5980 5981 AND
2 1 5861 5981 5982 AND
2 1 5979 5982 5983 AND
2 1 79 5983 5984 AND
2 1 5686 5865 5985 AND
2 1 5799 5798 5986 XOR
2 1 5864 5986 5987 AND
2 1 5861 5987 5988 AND
2 1 5985 5988 5989 AND
2 1 78 5989 5990 AND
2 1 5692 5865 5991 AND
2 1 5796 5795 5992 XOR
2 1 5864 5992 5993 AND
2 1 5861 5993 5994 AND
2 1 5991 5994 5995 AND
2 1 77 5995 5996 AND
2 1 5698 5865 5997 AND
2 1 5793 5792 5998 XOR
2 1 5864 5998 5999 AND
2 1 5861 5999 6000 AND
2 1 5997 6000 6001 AND
2 1 76 6001 6002 AND
2 1 5704 5865 6003 AND
2 1 5790 5789 6004 XOR
2 1 5864 6004 6005 AND
2 1 5861 6005 6006 AND
2 1 6003 6006 6007 AND
2 1 75 6007 6008 AND
2 1 5710 5865 6009 AND
2 1 5787 5786 6010 XOR
2 1 5864 6010 6011 AND
2 1 5861 6011 6012 AND
2 1 6009 6012 6013 AND
2 1 74 6013 6014 AND
2 1 5716 5865 6015 AND
2 1 5784 5783 6016 XOR
2 1 5864 6016 6017 AND
2 1 5861 6017 6018 AND
2 1 6015 6018 6019 AND
2 1 73 6019 6020 AND
2 1 5722 5865 6021 AND
2 1 5781 5780 6022 XOR
2 1 5864 6022 6023 AND
2 1 5861 6023 6024 AND
2 1 6021 6024 6025 AND
2 1 72 6025 6026 AND
2 1 5728 5865 6027 AND
2 1 5778 5777 6028 XOR
2 1 5864 6028 6029 AND
2 1 5861 6029 6030 AND
2 1 6027 6030 6031 AND
2 1 71 6031 6032 AND
2 1 5734 5865 6033 AND
2 1 5775 5774 6034 XOR
2 1 5864 6034 6035 AND
2 1 5861 6035 6036 AND
2 1 6033 6036 6037 AND
2 1 70 6037 6038 AND
2 1 5740 5865 6039 AND
2 1 5772 5771 6040 XOR
2 1 5864 6040 6041 AND
2 1 5861 6041 6042 AND
2 1 6039 6042 6043 AND
2 1 69 6043 6044 AND
2 1 5747 5865 6045 AND
2 1 5769 5768 6046 XOR
2 1 5864 6046 6047 AND
2 1 5861 6047 6048 AND
2 1 6045 6048 6049 AND
2 1 68 6049 6050 AND
2 1 5754 5865 6051 AND
2 1 5766 5765 6052 XOR
2 1 5864 6052 6053 AND
2 1 5861 6053 6054 AND
2 1 6051 6054 6055 AND
2 1 67 6055 6056 AND
2 1 5757 5865 6057 AND
2 1 65 5757 5758 AND
2 1 65 5757 5759 AND
2 1 5758 5759 6058 AND
2 1 6058 5762 6059 XOR
2 1 5864 6059 6060 AND
2 1 5861 6060 6061 AND
2 1 6057 6061 6062 AND
2 1 66 6062 6063 AND
2 1 29 64 6081 AND
2 1 65 6081 6084 AND
2 1 64 98 6064 AND
2 1 282 6064 6065 AND
2 1 280 6065 6066 AND
2 1 291 6066 6067 AND
2 1 277 6067 6068 AND
2 1 5861 6068 6069 AND
2 1 30 6069 6070 AND
2 1 184 5762 6071 AND
2 1 166 6071 6072 AND
2 1 210 6072 6073 AND
2 1 208 6073 6074 AND
2 1 5861 6074 6075 AND
2 1 6070 6075 6076 AND
2 1 65 6081 6085 AND
2 1 6076 6085 6086 AND
2 1 6084 6086 6087 AND
2 1 6062 66 6088 XOR
2 1 6087 6088 6089 AND
2 1 6063 6089 6090 AND
2 1 6055 67 6091 XOR
2 1 6090 6091 6092 AND
2 1 6056 6092 6093 AND
2 1 6049 68 6094 XOR
2 1 6093 6094 6095 AND
2 1 6050 6095 6096 AND
2 1 6043 69 6097 XOR
2 1 6096 6097 6098 AND
2 1 6044 6098 6099 AND
2 1 6037 70 6100 XOR
2 1 6099 6100 6101 AND
2 1 6038 6101 6102 AND
2 1 6031 71 6103 XOR
2 1 6102 6103 6104 AND
2 1 6032 6104 6105 AND
2 1 6025 72 6106 XOR
2 1 6105 6106 6107 AND
2 1 6026 6107 6108 AND
2 1 6019 73 6109 XOR
2 1 6108 6109 6110 AND
2 1 6020 6110 6111 AND
2 1 6013 74 6112 XOR
2 1 6111 6112 6113 AND
2 1 6014 6113 6114 AND
2 1 6007 75 6115 XOR
2 1 6114 6115 6116 AND
2 1 6008 6116 6117 AND
2 1 6001 76 6118 XOR
2 1 6117 6118 6119 AND
2 1 6002 6119 6120 AND
2 1 5995 77 6121 XOR
2 1 6120 6121 6122 AND
2 1 5996 6122 6123 AND
2 1 5989 78 6124 XOR
2 1 6123 6124 6125 AND
2 1 5990 6125 6126 AND
2 1 5983 79 6127 XOR
2 1 6126 6127 6128 AND
2 1 5984 6128 6129 AND
2 1 5977 80 6130 XOR
2 1 6129 6130 6131 AND
2 1 5978 6131 6132 AND
2 1 5971 81 6133 XOR
2 1 6132 6133 6134 AND
2 1 5972 6134 6135 AND
2 1 5965 82 6136 XOR
2 1 6135 6136 6137 AND
2 1 5966 6137 6138 AND
2 1 5959 83 6139 XOR
2 1 6138 6139 6140 AND
2 1 5960 6140 6141 AND
2 1 5953 84 6142 XOR
2 1 6141 6142 6143 AND
2 1 5954 6143 6144 AND
2 1 5947 85 6145 XOR
2 1 6144 6145 6146 AND
2 1 5948 6146 6147 AND
2 1 5941 86 6148 XOR
2 1 6147 6148 6149 AND
2 1 5942 6149 6150 AND
2 1 5935 87 6151 XOR
2 1 6150 6151 6152 AND
2 1 5936 6152 6153 AND
2 1 5929 88 6154 XOR
2 1 6153 6154 6155 AND
2 1 5930 6155 6156 AND
2 1 5923 89 6157 XOR
2 1 6156 6157 6158 AND
2 1 5924 6158 6159 AND
2 1 5917 90 6160 XOR
2 1 6159 6160 6161 AND
2 1 5918 6161 6162 AND
2 1 5911 91 6163 XOR
2 1 6162 6163 6164 AND
2 1 5912 6164 6165 AND
2 1 5905 92 6166 XOR
2 1 6165 6166 6167 AND
2 1 5906 6167 6168 AND
2 1 5899 93 6169 XOR
2 1 6168 6169 6170 AND
2 1 5900 6170 6171 AND
2 1 5893 94 6172 XOR
2 1 6171 6172 6173 AND
2 1 5894 6173 6174 AND
2 1 5887 95 6175 XOR
2 1 6174 6175 6176 AND
2 1 5888 6176 6177 AND
2 1 5881 96 6178 XOR
2 1 6177 6178 6179 AND
2 1 5882 6179 6180 AND
2 1 5870 97 6181 XOR
2 1 6180 6181 6182 AND
2 1 5876 6182 6183 AND
2 1 5874 98 6184 XOR
2 1 6183 6184 6185 AND
2 1 5875 6185 6186 AND
2 1 280 282 6187 AND
2 1 291 6187 6188 AND
2 1 277 6188 6189 AND
2 1 6186 6189 6190 AND
2 1 5870 6190 6191 AND
2 1 6181 6180 6192 XOR
2 1 6189 6192 6193 AND
2 1 6186 6193 6194 AND
2 1 6191 6194 6195 AND
2 1 98 6195 6196 AND
2 1 5881 6190 6197 AND
2 1 6178 6177 6198 XOR
2 1 6189 6198 6199 AND
2 1 6186 6199 6200 AND
2 1 6197 6200 6201 AND
2 1 97 6201 6202 AND
2 1 5887 6190 6203 AND
2 1 6175 6174 6204 XOR
2 1 6189 6204 6205 AND
2 1 6186 6205 6206 AND
2 1 6203 6206 6207 AND
2 1 96 6207 6208 AND
2 1 5893 6190 6209 AND
2 1 6172 6171 6210 XOR
2 1 6189 6210 6211 AND
2 1 6186 6211 6212 AND
2 1 6209 6212 6213 AND
2 1 95 6213 6214 AND
2 1 5899 6190 6215 AND
2 1 6169 6168 6216 XOR
2 1 6189 6216 6217 AND
2 1 6186 6217 6218 AND
2 1 6215 6218 6219 AND
2 1 94 6219 6220 AND
2 1 5905 6190 6221 AND
2 1 6166 6165 6222 XOR
2 1 6189 6222 6223 AND
2 1 6186 6223 6224 AND
2 1 6221 6224 6225 AND
2 1 93 6225 6226 AND
2 1 5911 6190 6227 AND
2 1 6163 6162 6228 XOR
2 1 6189 6228 6229 AND
2 1 6186 6229 6230 AND
2 1 6227 6230 6231 AND
2 1 92 6231 6232 AND
2 1 5917 6190 6233 AND
2 1 6160 6159 6234 XOR
2 1 6189 6234 6235 AND
2 1 6186 6235 6236 AND
2 1 6233 6236 6237 AND
2 1 91 6237 6238 AND
2 1 5923 6190 6239 AND
2 1 6157 6156 6240 XOR
2 1 6189 6240 6241 AND
2 1 6186 6241 6242 AND
2 1 6239 6242 6243 AND
2 1 90 6243 6244 AND
2 1 5929 6190 6245 AND
2 1 6154 6153 6246 XOR
2 1 6189 6246 6247 AND
2 1 6186 6247 6248 AND
2 1 6245 6248 6249 AND
2 1 89 6249 6250 AND
2 1 5935 6190 6251 AND
2 1 6151 6150 6252 XOR
2 1 6189 6252 6253 AND
2 1 6186 6253 6254 AND
2 1 6251 6254 6255 AND
2 1 88 6255 6256 AND
2 1 5941 6190 6257 AND
2 1 6148 6147 6258 XOR
2 1 6189 6258 6259 AND
2 1 6186 6259 6260 AND
2 1 6257 6260 6261 AND
2 1 87 6261 6262 AND
2 1 5947 6190 6263 AND
2 1 6145 6144 6264 XOR
2 1 6189 6264 6265 AND
2 1 6186 6265 6266 AND
2 1 6263 6266 6267 AND
2 1 86 6267 6268 AND
2 1 5953 6190 6269 AND
2 1 6142 6141 6270 XOR
2 1 6189 6270 6271 AND
2 1 6186 6271 6272 AND
2 1 6269 6272 6273 AND
2 1 85 6273 6274 AND
2 1 5959 6190 6275 AND
2 1 6139 6138 6276 XOR
2 1 6189 6276 6277 AND
2 1 6186 6277 6278 AND
2 1 6275 6278 6279 AND
2 1 84 6279 6280 AND
2 1 5965 6190 6281 AND
2 1 6136 6135 6282 XOR
2 1 6189 6282 6283 AND
2 1 6186 6283 6284 AND
2 1 6281 6284 6285 AND
2 1 83 6285 6286 AND
2 1 5971 6190 6287 AND
2 1 6133 6132 6288 XOR
2 1 6189 6288 6289 AND
2 1 6186 6289 6290 AND
2 1 6287 6290 6291 AND
2 1 82 6291 6292 AND
2 1 5977 6190 6293 AND
2 1 6130 6129 6294 XOR
2 1 6189 6294 6295 AND
2 1 6186 6295 6296 AND
2 1 6293 6296 6297 AND
2 1 81 6297 6298 AND
2 1 5983 6190 6299 AND
2 1 6127 6126 6300 XOR
2 1 6189 6300 6301 AND
2 1 6186 6301 6302 AND
2 1 6299 6302 6303 AND
2 1 80 6303 6304 AND
2 1 5989 6190 6305 AND
2 1 6124 6123 6306 XOR
2 1 6189 6306 6307 AND
2 1 6186 6307 6308 AND
2 1 6305 6308 6309 AND
2 1 79 6309 6310 AND
2 1 5995 6190 6311 AND
2 1 6121 6120 6312 XOR
2 1 6189 6312 6313 AND
2 1 6186 6313 6314 AND
2 1 6311 6314 6315 AND
2 1 78 6315 6316 AND
2 1 6001 6190 6317 AND
2 1 6118 6117 6318 XOR
2 1 6189 6318 6319 AND
2 1 6186 6319 6320 AND
2 1 6317 6320 6321 AND
2 1 77 6321 6322 AND
2 1 6007 6190 6323 AND
2 1 6115 6114 6324 XOR
2 1 6189 6324 6325 AND
2 1 6186 6325 6326 AND
2 1 6323 6326 6327 AND
2 1 76 6327 6328 AND
2 1 6013 6190 6329 AND
2 1 6112 6111 6330 XOR
2 1 6189 6330 6331 AND
2 1 6186 6331 6332 AND
2 1 6329 6332 6333 AND
2 1 75 6333 6334 AND
2 1 6019 6190 6335 AND
2 1 6109 6108 6336 XOR
2 1 6189 6336 6337 AND
2 1 6186 6337 6338 AND
2 1 6335 6338 6339 AND
2 1 74 6339 6340 AND
2 1 6025 6190 6341 AND
2 1 6106 6105 6342 XOR
2 1 6189 6342 6343 AND
2 1 6186 6343 6344 AND
2 1 6341 6344 6345 AND
2 1 73 6345 6346 AND
2 1 6031 6190 6347 AND
2 1 6103 6102 6348 XOR
2 1 6189 6348 6349 AND
2 1 6186 6349 6350 AND
2 1 6347 6350 6351 AND
2 1 72 6351 6352 AND
2 1 6037 6190 6353 AND
2 1 6100 6099 6354 XOR
2 1 6189 6354 6355 AND
2 1 6186 6355 6356 AND
2 1 6353 6356 6357 AND
2 1 71 6357 6358 AND
2 1 6043 6190 6359 AND
2 1 6097 6096 6360 XOR
2 1 6189 6360 6361 AND
2 1 6186 6361 6362 AND
2 1 6359 6362 6363 AND
2 1 70 6363 6364 AND
2 1 6049 6190 6365 AND
2 1 6094 6093 6366 XOR
2 1 6189 6366 6367 AND
2 1 6186 6367 6368 AND
2 1 6365 6368 6369 AND
2 1 69 6369 6370 AND
2 1 6055 6190 6371 AND
2 1 6091 6090 6372 XOR
2 1 6189 6372 6373 AND
2 1 6186 6373 6374 AND
2 1 6371 6374 6375 AND
2 1 68 6375 6376 AND
2 1 6062 6190 6377 AND
2 1 65 6076 6077 AND
2 1 65 6075 6078 AND
2 1 6070 6078 6079 AND
2 1 6077 6079 6080 AND
2 1 6080 6081 6082 AND
2 1 65 6076 6083 AND
2 1 6082 6083 6378 AND
2 1 6378 6088 6379 XOR
2 1 6189 6379 6380 AND
2 1 6186 6380 6381 AND
2 1 6377 6381 6382 AND
2 1 67 6382 6383 AND
2 1 6076 6190 6384 AND
2 1 6081 6080 6385 XOR
2 1 6189 6385 6386 AND
2 1 6186 6386 6387 AND
2 1 6384 6387 6388 AND
2 1 66 6388 6389 AND
2 1 28 64 6403 AND
2 1 65 6403 6406 AND
2 1 64 99 6390 AND
2 1 166 6390 6391 AND
2 1 210 6391 6392 AND
2 1 208 6392 6393 AND
2 1 6186 6393 6394 AND
2 1 29 6394 6395 AND
2 1 282 6081 6396 AND
2 1 280 6396 6397 AND
2 1 291 6397 6398 AND
2 1 277 6398 6399 AND
2 1 6186 6399 6400 AND
2 1 6395 6400 6401 AND
2 1 65 6403 6407 AND
2 1 6401 6407 6408 AND
2 1 6406 6408 6409 AND
2 1 6388 66 6410 XOR
2 1 6409 6410 6411 AND
2 1 6389 6411 6412 AND
2 1 6382 67 6413 XOR
2 1 6412 6413 6414 AND
2 1 6383 6414 6415 AND
2 1 6375 68 6416 XOR
2 1 6415 6416 6417 AND
2 1 6376 6417 6418 AND
2 1 6369 69 6419 XOR
2 1 6418 6419 6420 AND
2 1 6370 6420 6421 AND
2 1 6363 70 6422 XOR
2 1 6421 6422 6423 AND
2 1 6364 6423 6424 AND
2 1 6357 71 6425 XOR
2 1 6424 6425 6426 AND
2 1 6358 6426 6427 AND
2 1 6351 72 6428 XOR
2 1 6427 6428 6429 AND
2 1 6352 6429 6430 AND
2 1 6345 73 6431 XOR
2 1 6430 6431 6432 AND
2 1 6346 6432 6433 AND
2 1 6339 74 6434 XOR
2 1 6433 6434 6435 AND
2 1 6340 6435 6436 AND
2 1 6333 75 6437 XOR
2 1 6436 6437 6438 AND
2 1 6334 6438 6439 AND
2 1 6327 76 6440 XOR
2 1 6439 6440 6441 AND
2 1 6328 6441 6442 AND
2 1 6321 77 6443 XOR
2 1 6442 6443 6444 AND
2 1 6322 6444 6445 AND
2 1 6315 78 6446 XOR
2 1 6445 6446 6447 AND
2 1 6316 6447 6448 AND
2 1 6309 79 6449 XOR
2 1 6448 6449 6450 AND
2 1 6310 6450 6451 AND
2 1 6303 80 6452 XOR
2 1 6451 6452 6453 AND
2 1 6304 6453 6454 AND
2 1 6297 81 6455 XOR
2 1 6454 6455 6456 AND
2 1 6298 6456 6457 AND
2 1 6291 82 6458 XOR
2 1 6457 6458 6459 AND
2 1 6292 6459 6460 AND
2 1 6285 83 6461 XOR
2 1 6460 6461 6462 AND
2 1 6286 6462 6463 AND
2 1 6279 84 6464 XOR
2 1 6463 6464 6465 AND
2 1 6280 6465 6466 AND
2 1 6273 85 6467 XOR
2 1 6466 6467 6468 AND
2 1 6274 6468 6469 AND
2 1 6267 86 6470 XOR
2 1 6469 6470 6471 AND
2 1 6268 6471 6472 AND
2 1 6261 87 6473 XOR
2 1 6472 6473 6474 AND
2 1 6262 6474 6475 AND
2 1 6255 88 6476 XOR
2 1 6475 6476 6477 AND
2 1 6256 6477 6478 AND
2 1 6249 89 6479 XOR
2 1 6478 6479 6480 AND
2 1 6250 6480 6481 AND
2 1 6243 90 6482 XOR
2 1 6481 6482 6483 AND
2 1 6244 6483 6484 AND
2 1 6237 91 6485 XOR
2 1 6484 6485 6486 AND
2 1 6238 6486 6487 AND
2 1 6231 92 6488 XOR
2 1 6487 6488 6489 AND
2 1 6232 6489 6490 AND
2 1 6225 93 6491 XOR
2 1 6490 6491 6492 AND
2 1 6226 6492 6493 AND
2 1 6219 94 6494 XOR
2 1 6493 6494 6495 AND
2 1 6220 6495 6496 AND
2 1 6213 95 6497 XOR
2 1 6496 6497 6498 AND
2 1 6214 6498 6499 AND
2 1 6207 96 6500 XOR
2 1 6499 6500 6501 AND
2 1 6208 6501 6502 AND
2 1 6201 97 6503 XOR
2 1 6502 6503 6504 AND
2 1 6202 6504 6505 AND
2 1 6195 98 6506 XOR
2 1 6505 6506 6507 AND
2 1 6196 6507 6508 AND
2 1 5874 6190 6509 AND
2 1 6184 6183 6510 XOR
2 1 6190 6510 6511 AND
2 1 6509 6511 6512 AND
2 1 99 6512 6513 AND
2 1 99 6509 6514 AND
2 1 6511 6514 6515 AND
2 1 380 6515 6516 AND
2 1 6513 6516 6517 AND
2 1 6508 6517 6518 AND
2 1 6189 6512 6519 AND
2 1 6518 6519 6520 AND
2 1 6506 6505 6521 XOR
2 1 6520 6521 6522 AND
2 1 6195 6519 6523 AND
2 1 6518 6523 6524 AND
2 1 6522 6524 6525 AND
2 1 6513 6515 6526 AND
2 1 6526 6508 6527 XOR
2 1 6520 6527 6528 AND
2 1 5874 6189 6529 AND
2 1 6518 6529 6530 AND
2 1 6528 6530 6531 AND
2 1 100 6531 6532 AND
2 1 99 6525 6533 AND
2 1 6503 6502 6534 XOR
2 1 6520 6534 6535 AND
2 1 6201 6519 6536 AND
2 1 6518 6536 6537 AND
2 1 6535 6537 6538 AND
2 1 98 6538 6539 AND
2 1 6500 6499 6540 XOR
2 1 6520 6540 6541 AND
2 1 6207 6519 6542 AND
2 1 6518 6542 6543 AND
2 1 6541 6543 6544 AND
2 1 97 6544 6545 AND
2 1 6497 6496 6546 XOR
2 1 6520 6546 6547 AND
2 1 6213 6519 6548 AND
2 1 6518 6548 6549 AND
2 1 6547 6549 6550 AND
2 1 96 6550 6551 AND
2 1 6494 6493 6552 XOR
2 1 6520 6552 6553 AND
2 1 6219 6519 6554 AND
2 1 6518 6554 6555 AND
2 1 6553 6555 6556 AND
2 1 95 6556 6557 AND
2 1 6491 6490 6558 XOR
2 1 6520 6558 6559 AND
2 1 6225 6519 6560 AND
2 1 6518 6560 6561 AND
2 1 6559 6561 6562 AND
2 1 94 6562 6563 AND
2 1 6488 6487 6564 XOR
2 1 6520 6564 6565 AND
2 1 6231 6519 6566 AND
2 1 6518 6566 6567 AND
2 1 6565 6567 6568 AND
2 1 93 6568 6569 AND
2 1 6485 6484 6570 XOR
2 1 6520 6570 6571 AND
2 1 6237 6519 6572 AND
2 1 6518 6572 6573 AND
2 1 6571 6573 6574 AND
2 1 92 6574 6575 AND
2 1 6482 6481 6576 XOR
2 1 6520 6576 6577 AND
2 1 6243 6519 6578 AND
2 1 6518 6578 6579 AND
2 1 6577 6579 6580 AND
2 1 91 6580 6581 AND
2 1 6479 6478 6582 XOR
2 1 6520 6582 6583 AND
2 1 6249 6519 6584 AND
2 1 6518 6584 6585 AND
2 1 6583 6585 6586 AND
2 1 90 6586 6587 AND
2 1 6476 6475 6588 XOR
2 1 6520 6588 6589 AND
2 1 6255 6519 6590 AND
2 1 6518 6590 6591 AND
2 1 6589 6591 6592 AND
2 1 89 6592 6593 AND
2 1 6473 6472 6594 XOR
2 1 6520 6594 6595 AND
2 1 6261 6519 6596 AND
2 1 6518 6596 6597 AND
2 1 6595 6597 6598 AND
2 1 88 6598 6599 AND
2 1 6470 6469 6600 XOR
2 1 6520 6600 6601 AND
2 1 6267 6519 6602 AND
2 1 6518 6602 6603 AND
2 1 6601 6603 6604 AND
2 1 87 6604 6605 AND
2 1 6467 6466 6606 XOR
2 1 6520 6606 6607 AND
2 1 6273 6519 6608 AND
2 1 6518 6608 6609 AND
2 1 6607 6609 6610 AND
2 1 86 6610 6611 AND
2 1 6464 6463 6612 XOR
2 1 6520 6612 6613 AND
2 1 6279 6519 6614 AND
2 1 6518 6614 6615 AND
2 1 6613 6615 6616 AND
2 1 85 6616 6617 AND
2 1 6461 6460 6618 XOR
2 1 6520 6618 6619 AND
2 1 6285 6519 6620 AND
2 1 6518 6620 6621 AND
2 1 6619 6621 6622 AND
2 1 84 6622 6623 AND
2 1 6458 6457 6624 XOR
2 1 6520 6624 6625 AND
2 1 6291 6519 6626 AND
2 1 6518 6626 6627 AND
2 1 6625 6627 6628 AND
2 1 83 6628 6629 AND
2 1 6455 6454 6630 XOR
2 1 6520 6630 6631 AND
2 1 6297 6519 6632 AND
2 1 6518 6632 6633 AND
2 1 6631 6633 6634 AND
2 1 82 6634 6635 AND
2 1 6452 6451 6636 XOR
2 1 6520 6636 6637 AND
2 1 6303 6519 6638 AND
2 1 6518 6638 6639 AND
2 1 6637 6639 6640 AND
2 1 81 6640 6641 AND
2 1 6449 6448 6642 XOR
2 1 6520 6642 6643 AND
2 1 6309 6519 6644 AND
2 1 6518 6644 6645 AND
2 1 6643 6645 6646 AND
2 1 80 6646 6647 AND
2 1 6446 6445 6648 XOR
2 1 6520 6648 6649 AND
2 1 6315 6519 6650 AND
2 1 6518 6650 6651 AND
2 1 6649 6651 6652 AND
2 1 79 6652 6653 AND
2 1 6443 6442 6654 XOR
2 1 6520 6654 6655 AND
2 1 6321 6519 6656 AND
2 1 6518 6656 6657 AND
2 1 6655 6657 6658 AND
2 1 78 6658 6659 AND
2 1 6440 6439 6660 XOR
2 1 6520 6660 6661 AND
2 1 6327 6519 6662 AND
2 1 6518 6662 6663 AND
2 1 6661 6663 6664 AND
2 1 77 6664 6665 AND
2 1 6437 6436 6666 XOR
2 1 6520 6666 6667 AND
2 1 6333 6519 6668 AND
2 1 6518 6668 6669 AND
2 1 6667 6669 6670 AND
2 1 76 6670 6671 AND
2 1 6434 6433 6672 XOR
2 1 6520 6672 6673 AND
2 1 6339 6519 6674 AND
2 1 6518 6674 6675 AND
2 1 6673 6675 6676 AND
2 1 75 6676 6677 AND
2 1 6431 6430 6678 XOR
2 1 6520 6678 6679 AND
2 1 6345 6519 6680 AND
2 1 6518 6680 6681 AND
2 1 6679 6681 6682 AND
2 1 74 6682 6683 AND
2 1 6428 6427 6684 XOR
2 1 6520 6684 6685 AND
2 1 6351 6519 6686 AND
2 1 6518 6686 6687 AND
2 1 6685 6687 6688 AND
2 1 73 6688 6689 AND
2 1 6425 6424 6690 XOR
2 1 6520 6690 6691 AND
2 1 6357 6519 6692 AND
2 1 6518 6692 6693 AND
2 1 6691 6693 6694 AND
2 1 72 6694 6695 AND
2 1 6422 6421 6696 XOR
2 1 6520 6696 6697 AND
2 1 6363 6519 6698 AND
2 1 6518 6698 6699 AND
2 1 6697 6699 6700 AND
2 1 71 6700 6701 AND
2 1 6419 6418 6702 XOR
2 1 6520 6702 6703 AND
2 1 6369 6519 6704 AND
2 1 6518 6704 6705 AND
2 1 6703 6705 6706 AND
2 1 70 6706 6707 AND
2 1 6416 6415 6708 XOR
2 1 6520 6708 6709 AND
2 1 6375 6519 6710 AND
2 1 6518 6710 6711 AND
2 1 6709 6711 6712 AND
2 1 69 6712 6713 AND
2 1 6413 6412 6714 XOR
2 1 6520 6714 6715 AND
2 1 6382 6519 6716 AND
2 1 6518 6716 6717 AND
2 1 6715 6717 6718 AND
2 1 68 6718 6719 AND
2 1 6401 65 6402 XOR
2 1 6402 6403 6404 AND
2 1 65 6401 6405 AND
2 1 6404 6405 6720 AND
2 1 6720 6410 6721 XOR
2 1 6520 6721 6722 AND
2 1 6388 6519 6723 AND
2 1 6518 6723 6724 AND
2 1 6722 6724 6725 AND
2 1 67 6725 6726 AND
2 1 6403 65 6727 XOR
2 1 6727 6401 6728 XOR
2 1 6520 6728 6729 AND
2 1 6401 6519 6730 AND
2 1 6518 6730 6731 AND
2 1 6729 6731 6732 AND
2 1 66 6732 6733 AND
2 1 65 28 6738 XOR
2 1 64 6520 6734 AND
2 1 6738 6734 6739 XOR
2 1 27 64 6740 AND
2 1 6739 6740 6741 AND
2 1 6734 28 6735 XOR
2 1 65 6735 6742 AND
2 1 6741 6742 6743 AND
2 1 6732 66 6744 XOR
2 1 6743 6744 6745 AND
2 1 6733 6745 6746 AND
2 1 6725 67 6747 XOR
2 1 6746 6747 6748 AND
2 1 6726 6748 6749 AND
2 1 6718 68 6750 XOR
2 1 6749 6750 6751 AND
2 1 6719 6751 6752 AND
2 1 6712 69 6753 XOR
2 1 6752 6753 6754 AND
2 1 6713 6754 6755 AND
2 1 6706 70 6756 XOR
2 1 6755 6756 6757 AND
2 1 6707 6757 6758 AND
2 1 6700 71 6759 XOR
2 1 6758 6759 6760 AND
2 1 6701 6760 6761 AND
2 1 6694 72 6762 XOR
2 1 6761 6762 6763 AND
2 1 6695 6763 6764 AND
2 1 6688 73 6765 XOR
2 1 6764 6765 6766 AND
2 1 6689 6766 6767 AND
2 1 6682 74 6768 XOR
2 1 6767 6768 6769 AND
2 1 6683 6769 6770 AND
2 1 6676 75 6771 XOR
2 1 6770 6771 6772 AND
2 1 6677 6772 6773 AND
2 1 6670 76 6774 XOR
2 1 6773 6774 6775 AND
2 1 6671 6775 6776 AND
2 1 6664 77 6777 XOR
2 1 6776 6777 6778 AND
2 1 6665 6778 6779 AND
2 1 6658 78 6780 XOR
2 1 6779 6780 6781 AND
2 1 6659 6781 6782 AND
2 1 6652 79 6783 XOR
2 1 6782 6783 6784 AND
2 1 6653 6784 6785 AND
2 1 6646 80 6786 XOR
2 1 6785 6786 6787 AND
2 1 6647 6787 6788 AND
2 1 6640 81 6789 XOR
2 1 6788 6789 6790 AND
2 1 6641 6790 6791 AND
2 1 6634 82 6792 XOR
2 1 6791 6792 6793 AND
2 1 6635 6793 6794 AND
2 1 6628 83 6795 XOR
2 1 6794 6795 6796 AND
2 1 6629 6796 6797 AND
2 1 6622 84 6798 XOR
2 1 6797 6798 6799 AND
2 1 6623 6799 6800 AND
2 1 6616 85 6801 XOR
2 1 6800 6801 6802 AND
2 1 6617 6802 6803 AND
2 1 6610 86 6804 XOR
2 1 6803 6804 6805 AND
2 1 6611 6805 6806 AND
2 1 6604 87 6807 XOR
2 1 6806 6807 6808 AND
2 1 6605 6808 6809 AND
2 1 6598 88 6810 XOR
2 1 6809 6810 6811 AND
2 1 6599 6811 6812 AND
2 1 6592 89 6813 XOR
2 1 6812 6813 6814 AND
2 1 6593 6814 6815 AND
2 1 6586 90 6816 XOR
2 1 6815 6816 6817 AND
2 1 6587 6817 6818 AND
2 1 6580 91 6819 XOR
2 1 6818 6819 6820 AND
2 1 6581 6820 6821 AND
2 1 6574 92 6822 XOR
2 1 6821 6822 6823 AND
2 1 6575 6823 6824 AND
2 1 6568 93 6825 XOR
2 1 6824 6825 6826 AND
2 1 6569 6826 6827 AND
2 1 6562 94 6828 XOR
2 1 6827 6828 6829 AND
2 1 6563 6829 6830 AND
2 1 6556 95 6831 XOR
2 1 6830 6831 6832 AND
2 1 6557 6832 6833 AND
2 1 6550 96 6834 XOR
2 1 6833 6834 6835 AND
2 1 6551 6835 6836 AND
2 1 6544 97 6837 XOR
2 1 6836 6837 6838 AND
2 1 6545 6838 6839 AND
2 1 6538 98 6840 XOR
2 1 6839 6840 6841 AND
2 1 6539 6841 6842 AND
2 1 6525 99 6843 XOR
2 1 6842 6843 6844 AND
2 1 6533 6844 6845 AND
2 1 6531 100 6846 XOR
2 1 6845 6846 6847 AND
2 1 6532 6847 6848 AND
2 1 464 6848 6849 AND
2 1 6525 6849 6850 AND
2 1 6843 6842 6851 XOR
2 1 464 6851 6852 AND
2 1 6848 6852 6853 AND
2 1 6850 6853 6854 AND
2 1 6531 6849 6855 AND
2 1 6846 6845 6856 XOR
2 1 6849 6856 6857 AND
2 1 6855 6857 6858 AND
2 1 101 6858 6859 AND
2 1 100 6854 6860 AND
2 1 6538 6849 6861 AND
2 1 6840 6839 6862 XOR
2 1 464 6862 6863 AND
2 1 6848 6863 6864 AND
2 1 6861 6864 6865 AND
2 1 99 6865 6866 AND
2 1 6544 6849 6867 AND
2 1 6837 6836 6868 XOR
2 1 464 6868 6869 AND
2 1 6848 6869 6870 AND
2 1 6867 6870 6871 AND
2 1 98 6871 6872 AND
2 1 6550 6849 6873 AND
2 1 6834 6833 6874 XOR
2 1 464 6874 6875 AND
2 1 6848 6875 6876 AND
2 1 6873 6876 6877 AND
2 1 97 6877 6878 AND
2 1 6556 6849 6879 AND
2 1 6831 6830 6880 XOR
2 1 464 6880 6881 AND
2 1 6848 6881 6882 AND
2 1 6879 6882 6883 AND
2 1 96 6883 6884 AND
2 1 6562 6849 6885 AND
2 1 6828 6827 6886 XOR
2 1 464 6886 6887 AND
2 1 6848 6887 6888 AND
2 1 6885 6888 6889 AND
2 1 95 6889 6890 AND
2 1 6568 6849 6891 AND
2 1 6825 6824 6892 XOR
2 1 464 6892 6893 AND
2 1 6848 6893 6894 AND
2 1 6891 6894 6895 AND
2 1 94 6895 6896 AND
2 1 6574 6849 6897 AND
2 1 6822 6821 6898 XOR
2 1 464 6898 6899 AND
2 1 6848 6899 6900 AND
2 1 6897 6900 6901 AND
2 1 93 6901 6902 AND
2 1 6580 6849 6903 AND
2 1 6819 6818 6904 XOR
2 1 464 6904 6905 AND
2 1 6848 6905 6906 AND
2 1 6903 6906 6907 AND
2 1 92 6907 6908 AND
2 1 6586 6849 6909 AND
2 1 6816 6815 6910 XOR
2 1 464 6910 6911 AND
2 1 6848 6911 6912 AND
2 1 6909 6912 6913 AND
2 1 91 6913 6914 AND
2 1 6592 6849 6915 AND
2 1 6813 6812 6916 XOR
2 1 464 6916 6917 AND
2 1 6848 6917 6918 AND
2 1 6915 6918 6919 AND
2 1 90 6919 6920 AND
2 1 6598 6849 6921 AND
2 1 6810 6809 6922 XOR
2 1 464 6922 6923 AND
2 1 6848 6923 6924 AND
2 1 6921 6924 6925 AND
2 1 89 6925 6926 AND
2 1 6604 6849 6927 AND
2 1 6807 6806 6928 XOR
2 1 464 6928 6929 AND
2 1 6848 6929 6930 AND
2 1 6927 6930 6931 AND
2 1 88 6931 6932 AND
2 1 6610 6849 6933 AND
2 1 6804 6803 6934 XOR
2 1 464 6934 6935 AND
2 1 6848 6935 6936 AND
2 1 6933 6936 6937 AND
2 1 87 6937 6938 AND
2 1 6616 6849 6939 AND
2 1 6801 6800 6940 XOR
2 1 464 6940 6941 AND
2 1 6848 6941 6942 AND
2 1 6939 6942 6943 AND
2 1 86 6943 6944 AND
2 1 6622 6849 6945 AND
2 1 6798 6797 6946 XOR
2 1 464 6946 6947 AND
2 1 6848 6947 6948 AND
2 1 6945 6948 6949 AND
2 1 85 6949 6950 AND
2 1 6628 6849 6951 AND
2 1 6795 6794 6952 XOR
2 1 464 6952 6953 AND
2 1 6848 6953 6954 AND
2 1 6951 6954 6955 AND
2 1 84 6955 6956 AND
2 1 6634 6849 6957 AND
2 1 6792 6791 6958 XOR
2 1 464 6958 6959 AND
2 1 6848 6959 6960 AND
2 1 6957 6960 6961 AND
2 1 83 6961 6962 AND
2 1 6640 6849 6963 AND
2 1 6789 6788 6964 XOR
2 1 464 6964 6965 AND
2 1 6848 6965 6966 AND
2 1 6963 6966 6967 AND
2 1 82 6967 6968 AND
2 1 6646 6849 6969 AND
2 1 6786 6785 6970 XOR
2 1 464 6970 6971 AND
2 1 6848 6971 6972 AND
2 1 6969 6972 6973 AND
2 1 81 6973 6974 AND
2 1 6652 6849 6975 AND
2 1 6783 6782 6976 XOR
2 1 464 6976 6977 AND
2 1 6848 6977 6978 AND
2 1 6975 6978 6979 AND
2 1 80 6979 6980 AND
2 1 6658 6849 6981 AND
2 1 6780 6779 6982 XOR
2 1 464 6982 6983 AND
2 1 6848 6983 6984 AND
2 1 6981 6984 6985 AND
2 1 79 6985 6986 AND
2 1 6664 6849 6987 AND
2 1 6777 6776 6988 XOR
2 1 464 6988 6989 AND
2 1 6848 6989 6990 AND
2 1 6987 6990 6991 AND
2 1 78 6991 6992 AND
2 1 6670 6849 6993 AND
2 1 6774 6773 6994 XOR
2 1 464 6994 6995 AND
2 1 6848 6995 6996 AND
2 1 6993 6996 6997 AND
2 1 77 6997 6998 AND
2 1 6676 6849 6999 AND
2 1 6771 6770 7000 XOR
2 1 464 7000 7001 AND
2 1 6848 7001 7002 AND
2 1 6999 7002 7003 AND
2 1 76 7003 7004 AND
2 1 6682 6849 7005 AND
2 1 6768 6767 7006 XOR
2 1 464 7006 7007 AND
2 1 6848 7007 7008 AND
2 1 7005 7008 7009 AND
2 1 75 7009 7010 AND
2 1 6688 6849 7011 AND
2 1 6765 6764 7012 XOR
2 1 464 7012 7013 AND
2 1 6848 7013 7014 AND
2 1 7011 7014 7015 AND
2 1 74 7015 7016 AND
2 1 6694 6849 7017 AND
2 1 6762 6761 7018 XOR
2 1 464 7018 7019 AND
2 1 6848 7019 7020 AND
2 1 7017 7020 7021 AND
2 1 73 7021 7022 AND
2 1 6700 6849 7023 AND
2 1 6759 6758 7024 XOR
2 1 464 7024 7025 AND
2 1 6848 7025 7026 AND
2 1 7023 7026 7027 AND
2 1 72 7027 7028 AND
2 1 6706 6849 7029 AND
2 1 6756 6755 7030 XOR
2 1 464 7030 7031 AND
2 1 6848 7031 7032 AND
2 1 7029 7032 7033 AND
2 1 71 7033 7034 AND
2 1 6712 6849 7035 AND
2 1 6753 6752 7036 XOR
2 1 464 7036 7037 AND
2 1 6848 7037 7038 AND
2 1 7035 7038 7039 AND
2 1 70 7039 7040 AND
2 1 6718 6849 7041 AND
2 1 6750 6749 7042 XOR
2 1 464 7042 7043 AND
2 1 6848 7043 7044 AND
2 1 7041 7044 7045 AND
2 1 69 7045 7046 AND
2 1 6725 6849 7047 AND
2 1 6747 6746 7048 XOR
2 1 464 7048 7049 AND
2 1 6848 7049 7050 AND
2 1 7047 7050 7051 AND
2 1 68 7051 7052 AND
2 1 6732 6849 7053 AND
2 1 6744 6743 7054 XOR
2 1 464 7054 7055 AND
2 1 6848 7055 7056 AND
2 1 7053 7056 7057 AND
2 1 67 7057 7058 AND
2 1 6735 6849 7059 AND
2 1 65 6735 6736 AND
2 1 65 6735 6737 AND
2 1 6736 6737 7060 AND
2 1 7060 6740 7061 XOR
2 1 464 7061 7062 AND
2 1 6848 7062 7063 AND
2 1 7059 7063 7064 AND
2 1 66 7064 7065 AND
2 1 26 64 7082 AND
2 1 65 7082 7085 AND
2 1 64 101 7066 AND
2 1 165 7066 7067 AND
2 1 163 7067 7068 AND
2 1 174 7068 7069 AND
2 1 160 7069 7070 AND
2 1 6848 7070 7071 AND
2 1 27 7071 7072 AND
2 1 280 6740 7073 AND
2 1 291 7073 7074 AND
2 1 277 7074 7075 AND
2 1 6848 7075 7076 AND
2 1 7072 7076 7077 AND
2 1 65 7082 7086 AND
2 1 7077 7086 7087 AND
2 1 7085 7087 7088 AND
2 1 7064 66 7089 XOR
2 1 7088 7089 7090 AND
2 1 7065 7090 7091 AND
2 1 7057 67 7092 XOR
2 1 7091 7092 7093 AND
2 1 7058 7093 7094 AND
2 1 7051 68 7095 XOR
2 1 7094 7095 7096 AND
2 1 7052 7096 7097 AND
2 1 7045 69 7098 XOR
2 1 7097 7098 7099 AND
2 1 7046 7099 7100 AND
2 1 7039 70 7101 XOR
2 1 7100 7101 7102 AND
2 1 7040 7102 7103 AND
2 1 7033 71 7104 XOR
2 1 7103 7104 7105 AND
2 1 7034 7105 7106 AND
2 1 7027 72 7107 XOR
2 1 7106 7107 7108 AND
2 1 7028 7108 7109 AND
2 1 7021 73 7110 XOR
2 1 7109 7110 7111 AND
2 1 7022 7111 7112 AND
2 1 7015 74 7113 XOR
2 1 7112 7113 7114 AND
2 1 7016 7114 7115 AND
2 1 7009 75 7116 XOR
2 1 7115 7116 7117 AND
2 1 7010 7117 7118 AND
2 1 7003 76 7119 XOR
2 1 7118 7119 7120 AND
2 1 7004 7120 7121 AND
2 1 6997 77 7122 XOR
2 1 7121 7122 7123 AND
2 1 6998 7123 7124 AND
2 1 6991 78 7125 XOR
2 1 7124 7125 7126 AND
2 1 6992 7126 7127 AND
2 1 6985 79 7128 XOR
2 1 7127 7128 7129 AND
2 1 6986 7129 7130 AND
2 1 6979 80 7131 XOR
2 1 7130 7131 7132 AND
2 1 6980 7132 7133 AND
2 1 6973 81 7134 XOR
2 1 7133 7134 7135 AND
2 1 6974 7135 7136 AND
2 1 6967 82 7137 XOR
2 1 7136 7137 7138 AND
2 1 6968 7138 7139 AND
2 1 6961 83 7140 XOR
2 1 7139 7140 7141 AND
2 1 6962 7141 7142 AND
2 1 6955 84 7143 XOR
2 1 7142 7143 7144 AND
2 1 6956 7144 7145 AND
2 1 6949 85 7146 XOR
2 1 7145 7146 7147 AND
2 1 6950 7147 7148 AND
2 1 6943 86 7149 XOR
2 1 7148 7149 7150 AND
2 1 6944 7150 7151 AND
2 1 6937 87 7152 XOR
2 1 7151 7152 7153 AND
2 1 6938 7153 7154 AND
2 1 6931 88 7155 XOR
2 1 7154 7155 7156 AND
2 1 6932 7156 7157 AND
2 1 6925 89 7158 XOR
2 1 7157 7158 7159 AND
2 1 6926 7159 7160 AND
2 1 6919 90 7161 XOR
2 1 7160 7161 7162 AND
2 1 6920 7162 7163 AND
2 1 6913 91 7164 XOR
2 1 7163 7164 7165 AND
2 1 6914 7165 7166 AND
2 1 6907 92 7167 XOR
2 1 7166 7167 7168 AND
2 1 6908 7168 7169 AND
2 1 6901 93 7170 XOR
2 1 7169 7170 7171 AND
2 1 6902 7171 7172 AND
2 1 6895 94 7173 XOR
2 1 7172 7173 7174 AND
2 1 6896 7174 7175 AND
2 1 6889 95 7176 XOR
2 1 7175 7176 7177 AND
2 1 6890 7177 7178 AND
2 1 6883 96 7179 XOR
2 1 7178 7179 7180 AND
2 1 6884 7180 7181 AND
2 1 6877 97 7182 XOR
2 1 7181 7182 7183 AND
2 1 6878 7183 7184 AND
2 1 6871 98 7185 XOR
2 1 7184 7185 7186 AND
2 1 6872 7186 7187 AND
2 1 6865 99 7188 XOR
2 1 7187 7188 7189 AND
2 1 6866 7189 7190 AND
2 1 6854 100 7191 XOR
2 1 7190 7191 7192 AND
2 1 6860 7192 7193 AND
2 1 6858 101 7194 XOR
2 1 7193 7194 7195 AND
2 1 6859 7195 7196 AND
2 1 163 165 7197 AND
2 1 174 7197 7198 AND
2 1 160 7198 7199 AND
2 1 7196 7199 7200 AND
2 1 6854 7200 7201 AND
2 1 7191 7190 7202 XOR
2 1 7199 7202 7203 AND
2 1 7196 7203 7204 AND
2 1 7201 7204 7205 AND
2 1 101 7205 7206 AND
2 1 6865 7200 7207 AND
2 1 7188 7187 7208 XOR
2 1 7199 7208 7209 AND
2 1 7196 7209 7210 AND
2 1 7207 7210 7211 AND
2 1 100 7211 7212 AND
2 1 6871 7200 7213 AND
2 1 7185 7184 7214 XOR
2 1 7199 7214 7215 AND
2 1 7196 7215 7216 AND
2 1 7213 7216 7217 AND
2 1 99 7217 7218 AND
2 1 6877 7200 7219 AND
2 1 7182 7181 7220 XOR
2 1 7199 7220 7221 AND
2 1 7196 7221 7222 AND
2 1 7219 7222 7223 AND
2 1 98 7223 7224 AND
2 1 6883 7200 7225 AND
2 1 7179 7178 7226 XOR
2 1 7199 7226 7227 AND
2 1 7196 7227 7228 AND
2 1 7225 7228 7229 AND
2 1 97 7229 7230 AND
2 1 6889 7200 7231 AND
2 1 7176 7175 7232 XOR
2 1 7199 7232 7233 AND
2 1 7196 7233 7234 AND
2 1 7231 7234 7235 AND
2 1 96 7235 7236 AND
2 1 6895 7200 7237 AND
2 1 7173 7172 7238 XOR
2 1 7199 7238 7239 AND
2 1 7196 7239 7240 AND
2 1 7237 7240 7241 AND
2 1 95 7241 7242 AND
2 1 6901 7200 7243 AND
2 1 7170 7169 7244 XOR
2 1 7199 7244 7245 AND
2 1 7196 7245 7246 AND
2 1 7243 7246 7247 AND
2 1 94 7247 7248 AND
2 1 6907 7200 7249 AND
2 1 7167 7166 7250 XOR
2 1 7199 7250 7251 AND
2 1 7196 7251 7252 AND
2 1 7249 7252 7253 AND
2 1 93 7253 7254 AND
2 1 6913 7200 7255 AND
2 1 7164 7163 7256 XOR
2 1 7199 7256 7257 AND
2 1 7196 7257 7258 AND
2 1 7255 7258 7259 AND
2 1 92 7259 7260 AND
2 1 6919 7200 7261 AND
2 1 7161 7160 7262 XOR
2 1 7199 7262 7263 AND
2 1 7196 7263 7264 AND
2 1 7261 7264 7265 AND
2 1 91 7265 7266 AND
2 1 6925 7200 7267 AND
2 1 7158 7157 7268 XOR
2 1 7199 7268 7269 AND
2 1 7196 7269 7270 AND
2 1 7267 7270 7271 AND
2 1 90 7271 7272 AND
2 1 6931 7200 7273 AND
2 1 7155 7154 7274 XOR
2 1 7199 7274 7275 AND
2 1 7196 7275 7276 AND
2 1 7273 7276 7277 AND
2 1 89 7277 7278 AND
2 1 6937 7200 7279 AND
2 1 7152 7151 7280 XOR
2 1 7199 7280 7281 AND
2 1 7196 7281 7282 AND
2 1 7279 7282 7283 AND
2 1 88 7283 7284 AND
2 1 6943 7200 7285 AND
2 1 7149 7148 7286 XOR
2 1 7199 7286 7287 AND
2 1 7196 7287 7288 AND
2 1 7285 7288 7289 AND
2 1 87 7289 7290 AND
2 1 6949 7200 7291 AND
2 1 7146 7145 7292 XOR
2 1 7199 7292 7293 AND
2 1 7196 7293 7294 AND
2 1 7291 7294 7295 AND
2 1 86 7295 7296 AND
2 1 6955 7200 7297 AND
2 1 7143 7142 7298 XOR
2 1 7199 7298 7299 AND
2 1 7196 7299 7300 AND
2 1 7297 7300 7301 AND
2 1 85 7301 7302 AND
2 1 6961 7200 7303 AND
2 1 7140 7139 7304 XOR
2 1 7199 7304 7305 AND
2 1 7196 7305 7306 AND
2 1 7303 7306 7307 AND
2 1 84 7307 7308 AND
2 1 6967 7200 7309 AND
2 1 7137 7136 7310 XOR
2 1 7199 7310 7311 AND
2 1 7196 7311 7312 AND
2 1 7309 7312 7313 AND
2 1 83 7313 7314 AND
2 1 6973 7200 7315 AND
2 1 7134 7133 7316 XOR
2 1 7199 7316 7317 AND
2 1 7196 7317 7318 AND
2 1 7315 7318 7319 AND
2 1 82 7319 7320 AND
2 1 6979 7200 7321 AND
2 1 7131 7130 7322 XOR
2 1 7199 7322 7323 AND
2 1 7196 7323 7324 AND
2 1 7321 7324 7325 AND
2 1 81 7325 7326 AND
2 1 6985 7200 7327 AND
2 1 7128 7127 7328 XOR
2 1 7199 7328 7329 AND
2 1 7196 7329 7330 AND
2 1 7327 7330 7331 AND
2 1 80 7331 7332 AND
2 1 6991 7200 7333 AND
2 1 7125 7124 7334 XOR
2 1 7199 7334 7335 AND
2 1 7196 7335 7336 AND
2 1 7333 7336 7337 AND
2 1 79 7337 7338 AND
2 1 6997 7200 7339 AND
2 1 7122 7121 7340 XOR
2 1 7199 7340 7341 AND
2 1 7196 7341 7342 AND
2 1 7339 7342 7343 AND
2 1 78 7343 7344 AND
2 1 7003 7200 7345 AND
2 1 7119 7118 7346 XOR
2 1 7199 7346 7347 AND
2 1 7196 7347 7348 AND
2 1 7345 7348 7349 AND
2 1 77 7349 7350 AND
2 1 7009 7200 7351 AND
2 1 7116 7115 7352 XOR
2 1 7199 7352 7353 AND
2 1 7196 7353 7354 AND
2 1 7351 7354 7355 AND
2 1 76 7355 7356 AND
2 1 7015 7200 7357 AND
2 1 7113 7112 7358 XOR
2 1 7199 7358 7359 AND
2 1 7196 7359 7360 AND
2 1 7357 7360 7361 AND
2 1 75 7361 7362 AND
2 1 7021 7200 7363 AND
2 1 7110 7109 7364 XOR
2 1 7199 7364 7365 AND
2 1 7196 7365 7366 AND
2 1 7363 7366 7367 AND
2 1 74 7367 7368 AND
2 1 7027 7200 7369 AND
2 1 7107 7106 7370 XOR
2 1 7199 7370 7371 AND
2 1 7196 7371 7372 AND
2 1 7369 7372 7373 AND
2 1 73 7373 7374 AND
2 1 7033 7200 7375 AND
2 1 7104 7103 7376 XOR
2 1 7199 7376 7377 AND
2 1 7196 7377 7378 AND
2 1 7375 7378 7379 AND
2 1 72 7379 7380 AND
2 1 7039 7200 7381 AND
2 1 7101 7100 7382 XOR
2 1 7199 7382 7383 AND
2 1 7196 7383 7384 AND
2 1 7381 7384 7385 AND
2 1 71 7385 7386 AND
2 1 7045 7200 7387 AND
2 1 7098 7097 7388 XOR
2 1 7199 7388 7389 AND
2 1 7196 7389 7390 AND
2 1 7387 7390 7391 AND
2 1 70 7391 7392 AND
2 1 7051 7200 7393 AND
2 1 7095 7094 7394 XOR
2 1 7199 7394 7395 AND
2 1 7196 7395 7396 AND
2 1 7393 7396 7397 AND
2 1 69 7397 7398 AND
2 1 7057 7200 7399 AND
2 1 7092 7091 7400 XOR
2 1 7199 7400 7401 AND
2 1 7196 7401 7402 AND
2 1 7399 7402 7403 AND
2 1 68 7403 7404 AND
2 1 7064 7200 7405 AND
2 1 65 7077 7078 AND
2 1 65 7076 7079 AND
2 1 7072 7079 7080 AND
2 1 7078 7080 7081 AND
2 1 7081 7082 7083 AND
2 1 65 7077 7084 AND
2 1 7083 7084 7406 AND
2 1 7406 7089 7407 XOR
2 1 7199 7407 7408 AND
2 1 7196 7408 7409 AND
2 1 7405 7409 7410 AND
2 1 67 7410 7411 AND
2 1 7077 7200 7412 AND
2 1 7082 7081 7413 XOR
2 1 7199 7413 7414 AND
2 1 7196 7414 7415 AND
2 1 7412 7415 7416 AND
2 1 66 7416 7417 AND
2 1 25 64 7432 AND
2 1 65 7432 7435 AND
2 1 64 102 7418 AND
2 1 279 7418 7419 AND
2 1 290 7419 7420 AND
2 1 462 7420 7421 AND
2 1 460 7421 7422 AND
2 1 7196 7422 7423 AND
2 1 26 7423 7424 AND
2 1 165 7082 7425 AND
2 1 163 7425 7426 AND
2 1 174 7426 7427 AND
2 1 160 7427 7428 AND
2 1 7196 7428 7429 AND
2 1 7424 7429 7430 AND
2 1 65 7432 7436 AND
2 1 7430 7436 7437 AND
2 1 7435 7437 7438 AND
2 1 7416 66 7439 XOR
2 1 7438 7439 7440 AND
2 1 7417 7440 7441 AND
2 1 7410 67 7442 XOR
2 1 7441 7442 7443 AND
2 1 7411 7443 7444 AND
2 1 7403 68 7445 XOR
2 1 7444 7445 7446 AND
2 1 7404 7446 7447 AND
2 1 7397 69 7448 XOR
2 1 7447 7448 7449 AND
2 1 7398 7449 7450 AND
2 1 7391 70 7451 XOR
2 1 7450 7451 7452 AND
2 1 7392 7452 7453 AND
2 1 7385 71 7454 XOR
2 1 7453 7454 7455 AND
2 1 7386 7455 7456 AND
2 1 7379 72 7457 XOR
2 1 7456 7457 7458 AND
2 1 7380 7458 7459 AND
2 1 7373 73 7460 XOR
2 1 7459 7460 7461 AND
2 1 7374 7461 7462 AND
2 1 7367 74 7463 XOR
2 1 7462 7463 7464 AND
2 1 7368 7464 7465 AND
2 1 7361 75 7466 XOR
2 1 7465 7466 7467 AND
2 1 7362 7467 7468 AND
2 1 7355 76 7469 XOR
2 1 7468 7469 7470 AND
2 1 7356 7470 7471 AND
2 1 7349 77 7472 XOR
2 1 7471 7472 7473 AND
2 1 7350 7473 7474 AND
2 1 7343 78 7475 XOR
2 1 7474 7475 7476 AND
2 1 7344 7476 7477 AND
2 1 7337 79 7478 XOR
2 1 7477 7478 7479 AND
2 1 7338 7479 7480 AND
2 1 7331 80 7481 XOR
2 1 7480 7481 7482 AND
2 1 7332 7482 7483 AND
2 1 7325 81 7484 XOR
2 1 7483 7484 7485 AND
2 1 7326 7485 7486 AND
2 1 7319 82 7487 XOR
2 1 7486 7487 7488 AND
2 1 7320 7488 7489 AND
2 1 7313 83 7490 XOR
2 1 7489 7490 7491 AND
2 1 7314 7491 7492 AND
2 1 7307 84 7493 XOR
2 1 7492 7493 7494 AND
2 1 7308 7494 7495 AND
2 1 7301 85 7496 XOR
2 1 7495 7496 7497 AND
2 1 7302 7497 7498 AND
2 1 7295 86 7499 XOR
2 1 7498 7499 7500 AND
2 1 7296 7500 7501 AND
2 1 7289 87 7502 XOR
2 1 7501 7502 7503 AND
2 1 7290 7503 7504 AND
2 1 7283 88 7505 XOR
2 1 7504 7505 7506 AND
2 1 7284 7506 7507 AND
2 1 7277 89 7508 XOR
2 1 7507 7508 7509 AND
2 1 7278 7509 7510 AND
2 1 7271 90 7511 XOR
2 1 7510 7511 7512 AND
2 1 7272 7512 7513 AND
2 1 7265 91 7514 XOR
2 1 7513 7514 7515 AND
2 1 7266 7515 7516 AND
2 1 7259 92 7517 XOR
2 1 7516 7517 7518 AND
2 1 7260 7518 7519 AND
2 1 7253 93 7520 XOR
2 1 7519 7520 7521 AND
2 1 7254 7521 7522 AND
2 1 7247 94 7523 XOR
2 1 7522 7523 7524 AND
2 1 7248 7524 7525 AND
2 1 7241 95 7526 XOR
2 1 7525 7526 7527 AND
2 1 7242 7527 7528 AND
2 1 7235 96 7529 XOR
2 1 7528 7529 7530 AND
2 1 7236 7530 7531 AND
2 1 7229 97 7532 XOR
2 1 7531 7532 7533 AND
2 1 7230 7533 7534 AND
2 1 7223 98 7535 XOR
2 1 7534 7535 7536 AND
2 1 7224 7536 7537 AND
2 1 7217 99 7538 XOR
2 1 7537 7538 7539 AND
2 1 7218 7539 7540 AND
2 1 7211 100 7541 XOR
2 1 7540 7541 7542 AND
2 1 7212 7542 7543 AND
2 1 7205 101 7544 XOR
2 1 7543 7544 7545 AND
2 1 7206 7545 7546 AND
2 1 6858 7200 7547 AND
2 1 7194 7193 7548 XOR
2 1 7200 7548 7549 AND
2 1 7547 7549 7550 AND
2 1 102 7550 7551 AND
2 1 102 7547 7552 AND
2 1 7549 7552 7553 AND
2 1 279 290 7554 AND
2 1 462 7554 7555 AND
2 1 460 7555 7556 AND
2 1 7553 7556 7557 AND
2 1 7551 7557 7558 AND
2 1 7546 7558 7559 AND
2 1 7199 7550 7560 AND
2 1 7559 7560 7561 AND
2 1 7544 7543 7562 XOR
2 1 7561 7562 7563 AND
2 1 7205 7560 7564 AND
2 1 7559 7564 7565 AND
2 1 7563 7565 7566 AND
2 1 7551 7553 7567 AND
2 1 7567 7546 7568 XOR
2 1 7561 7568 7569 AND
2 1 6858 7199 7570 AND
2 1 7559 7570 7571 AND
2 1 7569 7571 7572 AND
2 1 103 7572 7573 AND
2 1 102 7566 7574 AND
2 1 7541 7540 7575 XOR
2 1 7561 7575 7576 AND
2 1 7211 7560 7577 AND
2 1 7559 7577 7578 AND
2 1 7576 7578 7579 AND
2 1 101 7579 7580 AND
2 1 7538 7537 7581 XOR
2 1 7561 7581 7582 AND
2 1 7217 7560 7583 AND
2 1 7559 7583 7584 AND
2 1 7582 7584 7585 AND
2 1 100 7585 7586 AND
2 1 7535 7534 7587 XOR
2 1 7561 7587 7588 AND
2 1 7223 7560 7589 AND
2 1 7559 7589 7590 AND
2 1 7588 7590 7591 AND
2 1 99 7591 7592 AND
2 1 7532 7531 7593 XOR
2 1 7561 7593 7594 AND
2 1 7229 7560 7595 AND
2 1 7559 7595 7596 AND
2 1 7594 7596 7597 AND
2 1 98 7597 7598 AND
2 1 7529 7528 7599 XOR
2 1 7561 7599 7600 AND
2 1 7235 7560 7601 AND
2 1 7559 7601 7602 AND
2 1 7600 7602 7603 AND
2 1 97 7603 7604 AND
2 1 7526 7525 7605 XOR
2 1 7561 7605 7606 AND
2 1 7241 7560 7607 AND
2 1 7559 7607 7608 AND
2 1 7606 7608 7609 AND
2 1 96 7609 7610 AND
2 1 7523 7522 7611 XOR
2 1 7561 7611 7612 AND
2 1 7247 7560 7613 AND
2 1 7559 7613 7614 AND
2 1 7612 7614 7615 AND
2 1 95 7615 7616 AND
2 1 7520 7519 7617 XOR
2 1 7561 7617 7618 AND
2 1 7253 7560 7619 AND
2 1 7559 7619 7620 AND
2 1 7618 7620 7621 AND
2 1 94 7621 7622 AND
2 1 7517 7516 7623 XOR
2 1 7561 7623 7624 AND
2 1 7259 7560 7625 AND
2 1 7559 7625 7626 AND
2 1 7624 7626 7627 AND
2 1 93 7627 7628 AND
2 1 7514 7513 7629 XOR
2 1 7561 7629 7630 AND
2 1 7265 7560 7631 AND
2 1 7559 7631 7632 AND
2 1 7630 7632 7633 AND
2 1 92 7633 7634 AND
2 1 7511 7510 7635 XOR
2 1 7561 7635 7636 AND
2 1 7271 7560 7637 AND
2 1 7559 7637 7638 AND
2 1 7636 7638 7639 AND
2 1 91 7639 7640 AND
2 1 7508 7507 7641 XOR
2 1 7561 7641 7642 AND
2 1 7277 7560 7643 AND
2 1 7559 7643 7644 AND
2 1 7642 7644 7645 AND
2 1 90 7645 7646 AND
2 1 7505 7504 7647 XOR
2 1 7561 7647 7648 AND
2 1 7283 7560 7649 AND
2 1 7559 7649 7650 AND
2 1 7648 7650 7651 AND
2 1 89 7651 7652 AND
2 1 7502 7501 7653 XOR
2 1 7561 7653 7654 AND
2 1 7289 7560 7655 AND
2 1 7559 7655 7656 AND
2 1 7654 7656 7657 AND
2 1 88 7657 7658 AND
2 1 7499 7498 7659 XOR
2 1 7561 7659 7660 AND
2 1 7295 7560 7661 AND
2 1 7559 7661 7662 AND
2 1 7660 7662 7663 AND
2 1 87 7663 7664 AND
2 1 7496 7495 7665 XOR
2 1 7561 7665 7666 AND
2 1 7301 7560 7667 AND
2 1 7559 7667 7668 AND
2 1 7666 7668 7669 AND
2 1 86 7669 7670 AND
2 1 7493 7492 7671 XOR
2 1 7561 7671 7672 AND
2 1 7307 7560 7673 AND
2 1 7559 7673 7674 AND
2 1 7672 7674 7675 AND
2 1 85 7675 7676 AND
2 1 7490 7489 7677 XOR
2 1 7561 7677 7678 AND
2 1 7313 7560 7679 AND
2 1 7559 7679 7680 AND
2 1 7678 7680 7681 AND
2 1 84 7681 7682 AND
2 1 7487 7486 7683 XOR
2 1 7561 7683 7684 AND
2 1 7319 7560 7685 AND
2 1 7559 7685 7686 AND
2 1 7684 7686 7687 AND
2 1 83 7687 7688 AND
2 1 7484 7483 7689 XOR
2 1 7561 7689 7690 AND
2 1 7325 7560 7691 AND
2 1 7559 7691 7692 AND
2 1 7690 7692 7693 AND
2 1 82 7693 7694 AND
2 1 7481 7480 7695 XOR
2 1 7561 7695 7696 AND
2 1 7331 7560 7697 AND
2 1 7559 7697 7698 AND
2 1 7696 7698 7699 AND
2 1 81 7699 7700 AND
2 1 7478 7477 7701 XOR
2 1 7561 7701 7702 AND
2 1 7337 7560 7703 AND
2 1 7559 7703 7704 AND
2 1 7702 7704 7705 AND
2 1 80 7705 7706 AND
2 1 7475 7474 7707 XOR
2 1 7561 7707 7708 AND
2 1 7343 7560 7709 AND
2 1 7559 7709 7710 AND
2 1 7708 7710 7711 AND
2 1 79 7711 7712 AND
2 1 7472 7471 7713 XOR
2 1 7561 7713 7714 AND
2 1 7349 7560 7715 AND
2 1 7559 7715 7716 AND
2 1 7714 7716 7717 AND
2 1 78 7717 7718 AND
2 1 7469 7468 7719 XOR
2 1 7561 7719 7720 AND
2 1 7355 7560 7721 AND
2 1 7559 7721 7722 AND
2 1 7720 7722 7723 AND
2 1 77 7723 7724 AND
2 1 7466 7465 7725 XOR
2 1 7561 7725 7726 AND
2 1 7361 7560 7727 AND
2 1 7559 7727 7728 AND
2 1 7726 7728 7729 AND
2 1 76 7729 7730 AND
2 1 7463 7462 7731 XOR
2 1 7561 7731 7732 AND
2 1 7367 7560 7733 AND
2 1 7559 7733 7734 AND
2 1 7732 7734 7735 AND
2 1 75 7735 7736 AND
2 1 7460 7459 7737 XOR
2 1 7561 7737 7738 AND
2 1 7373 7560 7739 AND
2 1 7559 7739 7740 AND
2 1 7738 7740 7741 AND
2 1 74 7741 7742 AND
2 1 7457 7456 7743 XOR
2 1 7561 7743 7744 AND
2 1 7379 7560 7745 AND
2 1 7559 7745 7746 AND
2 1 7744 7746 7747 AND
2 1 73 7747 7748 AND
2 1 7454 7453 7749 XOR
2 1 7561 7749 7750 AND
2 1 7385 7560 7751 AND
2 1 7559 7751 7752 AND
2 1 7750 7752 7753 AND
2 1 72 7753 7754 AND
2 1 7451 7450 7755 XOR
2 1 7561 7755 7756 AND
2 1 7391 7560 7757 AND
2 1 7559 7757 7758 AND
2 1 7756 7758 7759 AND
2 1 71 7759 7760 AND
2 1 7448 7447 7761 XOR
2 1 7561 7761 7762 AND
2 1 7397 7560 7763 AND
2 1 7559 7763 7764 AND
2 1 7762 7764 7765 AND
2 1 70 7765 7766 AND
2 1 7445 7444 7767 XOR
2 1 7561 7767 7768 AND
2 1 7403 7560 7769 AND
2 1 7559 7769 7770 AND
2 1 7768 7770 7771 AND
2 1 69 7771 7772 AND
2 1 7442 7441 7773 XOR
2 1 7561 7773 7774 AND
2 1 7410 7560 7775 AND
2 1 7559 7775 7776 AND
2 1 7774 7776 7777 AND
2 1 68 7777 7778 AND
2 1 7430 65 7431 XOR
2 1 7431 7432 7433 AND
2 1 65 7430 7434 AND
2 1 7433 7434 7779 AND
2 1 7779 7439 7780 XOR
2 1 7561 7780 7781 AND
2 1 7416 7560 7782 AND
2 1 7559 7782 7783 AND
2 1 7781 7783 7784 AND
2 1 67 7784 7785 AND
2 1 7432 65 7786 XOR
2 1 7786 7430 7787 XOR
2 1 7561 7787 7788 AND
2 1 7430 7560 7789 AND
2 1 7559 7789 7790 AND
2 1 7788 7790 7791 AND
2 1 66 7791 7792 AND
2 1 65 25 7797 XOR
2 1 64 7561 7793 AND
2 1 7797 7793 7798 XOR
2 1 24 64 7799 AND
2 1 7798 7799 7800 AND
2 1 7793 25 7794 XOR
2 1 65 7794 7801 AND
2 1 7800 7801 7802 AND
2 1 7791 66 7803 XOR
2 1 7802 7803 7804 AND
2 1 7792 7804 7805 AND
2 1 7784 67 7806 XOR
2 1 7805 7806 7807 AND
2 1 7785 7807 7808 AND
2 1 7777 68 7809 XOR
2 1 7808 7809 7810 AND
2 1 7778 7810 7811 AND
2 1 7771 69 7812 XOR
2 1 7811 7812 7813 AND
2 1 7772 7813 7814 AND
2 1 7765 70 7815 XOR
2 1 7814 7815 7816 AND
2 1 7766 7816 7817 AND
2 1 7759 71 7818 XOR
2 1 7817 7818 7819 AND
2 1 7760 7819 7820 AND
2 1 7753 72 7821 XOR
2 1 7820 7821 7822 AND
2 1 7754 7822 7823 AND
2 1 7747 73 7824 XOR
2 1 7823 7824 7825 AND
2 1 7748 7825 7826 AND
2 1 7741 74 7827 XOR
2 1 7826 7827 7828 AND
2 1 7742 7828 7829 AND
2 1 7735 75 7830 XOR
2 1 7829 7830 7831 AND
2 1 7736 7831 7832 AND
2 1 7729 76 7833 XOR
2 1 7832 7833 7834 AND
2 1 7730 7834 7835 AND
2 1 7723 77 7836 XOR
2 1 7835 7836 7837 AND
2 1 7724 7837 7838 AND
2 1 7717 78 7839 XOR
2 1 7838 7839 7840 AND
2 1 7718 7840 7841 AND
2 1 7711 79 7842 XOR
2 1 7841 7842 7843 AND
2 1 7712 7843 7844 AND
2 1 7705 80 7845 XOR
2 1 7844 7845 7846 AND
2 1 7706 7846 7847 AND
2 1 7699 81 7848 XOR
2 1 7847 7848 7849 AND
2 1 7700 7849 7850 AND
2 1 7693 82 7851 XOR
2 1 7850 7851 7852 AND
2 1 7694 7852 7853 AND
2 1 7687 83 7854 XOR
2 1 7853 7854 7855 AND
2 1 7688 7855 7856 AND
2 1 7681 84 7857 XOR
2 1 7856 7857 7858 AND
2 1 7682 7858 7859 AND
2 1 7675 85 7860 XOR
2 1 7859 7860 7861 AND
2 1 7676 7861 7862 AND
2 1 7669 86 7863 XOR
2 1 7862 7863 7864 AND
2 1 7670 7864 7865 AND
2 1 7663 87 7866 XOR
2 1 7865 7866 7867 AND
2 1 7664 7867 7868 AND
2 1 7657 88 7869 XOR
2 1 7868 7869 7870 AND
2 1 7658 7870 7871 AND
2 1 7651 89 7872 XOR
2 1 7871 7872 7873 AND
2 1 7652 7873 7874 AND
2 1 7645 90 7875 XOR
2 1 7874 7875 7876 AND
2 1 7646 7876 7877 AND
2 1 7639 91 7878 XOR
2 1 7877 7878 7879 AND
2 1 7640 7879 7880 AND
2 1 7633 92 7881 XOR
2 1 7880 7881 7882 AND
2 1 7634 7882 7883 AND
2 1 7627 93 7884 XOR
2 1 7883 7884 7885 AND
2 1 7628 7885 7886 AND
2 1 7621 94 7887 XOR
2 1 7886 7887 7888 AND
2 1 7622 7888 7889 AND
2 1 7615 95 7890 XOR
2 1 7889 7890 7891 AND
2 1 7616 7891 7892 AND
2 1 7609 96 7893 XOR
2 1 7892 7893 7894 AND
2 1 7610 7894 7895 AND
2 1 7603 97 7896 XOR
2 1 7895 7896 7897 AND
2 1 7604 7897 7898 AND
2 1 7597 98 7899 XOR
2 1 7898 7899 7900 AND
2 1 7598 7900 7901 AND
2 1 7591 99 7902 XOR
2 1 7901 7902 7903 AND
2 1 7592 7903 7904 AND
2 1 7585 100 7905 XOR
2 1 7904 7905 7906 AND
2 1 7586 7906 7907 AND
2 1 7579 101 7908 XOR
2 1 7907 7908 7909 AND
2 1 7580 7909 7910 AND
2 1 7566 102 7911 XOR
2 1 7910 7911 7912 AND
2 1 7574 7912 7913 AND
2 1 7572 103 7914 XOR
2 1 7913 7914 7915 AND
2 1 7573 7915 7916 AND
2 1 208 210 7917 AND
2 1 7916 7917 7918 AND
2 1 7566 7918 7919 AND
2 1 7911 7910 7920 XOR
2 1 7917 7920 7921 AND
2 1 7916 7921 7922 AND
2 1 7919 7922 7923 AND
2 1 7572 7918 7924 AND
2 1 7914 7913 7925 XOR
2 1 7918 7925 7926 AND
2 1 7924 7926 7927 AND
2 1 104 7927 7928 AND
2 1 103 7923 7929 AND
2 1 7579 7918 7930 AND
2 1 7908 7907 7931 XOR
2 1 7917 7931 7932 AND
2 1 7916 7932 7933 AND
2 1 7930 7933 7934 AND
2 1 102 7934 7935 AND
2 1 7585 7918 7936 AND
2 1 7905 7904 7937 XOR
2 1 7917 7937 7938 AND
2 1 7916 7938 7939 AND
2 1 7936 7939 7940 AND
2 1 101 7940 7941 AND
2 1 7591 7918 7942 AND
2 1 7902 7901 7943 XOR
2 1 7917 7943 7944 AND
2 1 7916 7944 7945 AND
2 1 7942 7945 7946 AND
2 1 100 7946 7947 AND
2 1 7597 7918 7948 AND
2 1 7899 7898 7949 XOR
2 1 7917 7949 7950 AND
2 1 7916 7950 7951 AND
2 1 7948 7951 7952 AND
2 1 99 7952 7953 AND
2 1 7603 7918 7954 AND
2 1 7896 7895 7955 XOR
2 1 7917 7955 7956 AND
2 1 7916 7956 7957 AND
2 1 7954 7957 7958 AND
2 1 98 7958 7959 AND
2 1 7609 7918 7960 AND
2 1 7893 7892 7961 XOR
2 1 7917 7961 7962 AND
2 1 7916 7962 7963 AND
2 1 7960 7963 7964 AND
2 1 97 7964 7965 AND
2 1 7615 7918 7966 AND
2 1 7890 7889 7967 XOR
2 1 7917 7967 7968 AND
2 1 7916 7968 7969 AND
2 1 7966 7969 7970 AND
2 1 96 7970 7971 AND
2 1 7621 7918 7972 AND
2 1 7887 7886 7973 XOR
2 1 7917 7973 7974 AND
2 1 7916 7974 7975 AND
2 1 7972 7975 7976 AND
2 1 95 7976 7977 AND
2 1 7627 7918 7978 AND
2 1 7884 7883 7979 XOR
2 1 7917 7979 7980 AND
2 1 7916 7980 7981 AND
2 1 7978 7981 7982 AND
2 1 94 7982 7983 AND
2 1 7633 7918 7984 AND
2 1 7881 7880 7985 XOR
2 1 7917 7985 7986 AND
2 1 7916 7986 7987 AND
2 1 7984 7987 7988 AND
2 1 93 7988 7989 AND
2 1 7639 7918 7990 AND
2 1 7878 7877 7991 XOR
2 1 7917 7991 7992 AND
2 1 7916 7992 7993 AND
2 1 7990 7993 7994 AND
2 1 92 7994 7995 AND
2 1 7645 7918 7996 AND
2 1 7875 7874 7997 XOR
2 1 7917 7997 7998 AND
2 1 7916 7998 7999 AND
2 1 7996 7999 8000 AND
2 1 91 8000 8001 AND
2 1 7651 7918 8002 AND
2 1 7872 7871 8003 XOR
2 1 7917 8003 8004 AND
2 1 7916 8004 8005 AND
2 1 8002 8005 8006 AND
2 1 90 8006 8007 AND
2 1 7657 7918 8008 AND
2 1 7869 7868 8009 XOR
2 1 7917 8009 8010 AND
2 1 7916 8010 8011 AND
2 1 8008 8011 8012 AND
2 1 89 8012 8013 AND
2 1 7663 7918 8014 AND
2 1 7866 7865 8015 XOR
2 1 7917 8015 8016 AND
2 1 7916 8016 8017 AND
2 1 8014 8017 8018 AND
2 1 88 8018 8019 AND
2 1 7669 7918 8020 AND
2 1 7863 7862 8021 XOR
2 1 7917 8021 8022 AND
2 1 7916 8022 8023 AND
2 1 8020 8023 8024 AND
2 1 87 8024 8025 AND
2 1 7675 7918 8026 AND
2 1 7860 7859 8027 XOR
2 1 7917 8027 8028 AND
2 1 7916 8028 8029 AND
2 1 8026 8029 8030 AND
2 1 86 8030 8031 AND
2 1 7681 7918 8032 AND
2 1 7857 7856 8033 XOR
2 1 7917 8033 8034 AND
2 1 7916 8034 8035 AND
2 1 8032 8035 8036 AND
2 1 85 8036 8037 AND
2 1 7687 7918 8038 AND
2 1 7854 7853 8039 XOR
2 1 7917 8039 8040 AND
2 1 7916 8040 8041 AND
2 1 8038 8041 8042 AND
2 1 84 8042 8043 AND
2 1 7693 7918 8044 AND
2 1 7851 7850 8045 XOR
2 1 7917 8045 8046 AND
2 1 7916 8046 8047 AND
2 1 8044 8047 8048 AND
2 1 83 8048 8049 AND
2 1 7699 7918 8050 AND
2 1 7848 7847 8051 XOR
2 1 7917 8051 8052 AND
2 1 7916 8052 8053 AND
2 1 8050 8053 8054 AND
2 1 82 8054 8055 AND
2 1 7705 7918 8056 AND
2 1 7845 7844 8057 XOR
2 1 7917 8057 8058 AND
2 1 7916 8058 8059 AND
2 1 8056 8059 8060 AND
2 1 81 8060 8061 AND
2 1 7711 7918 8062 AND
2 1 7842 7841 8063 XOR
2 1 7917 8063 8064 AND
2 1 7916 8064 8065 AND
2 1 8062 8065 8066 AND
2 1 80 8066 8067 AND
2 1 7717 7918 8068 AND
2 1 7839 7838 8069 XOR
2 1 7917 8069 8070 AND
2 1 7916 8070 8071 AND
2 1 8068 8071 8072 AND
2 1 79 8072 8073 AND
2 1 7723 7918 8074 AND
2 1 7836 7835 8075 XOR
2 1 7917 8075 8076 AND
2 1 7916 8076 8077 AND
2 1 8074 8077 8078 AND
2 1 78 8078 8079 AND
2 1 7729 7918 8080 AND
2 1 7833 7832 8081 XOR
2 1 7917 8081 8082 AND
2 1 7916 8082 8083 AND
2 1 8080 8083 8084 AND
2 1 77 8084 8085 AND
2 1 7735 7918 8086 AND
2 1 7830 7829 8087 XOR
2 1 7917 8087 8088 AND
2 1 7916 8088 8089 AND
2 1 8086 8089 8090 AND
2 1 76 8090 8091 AND
2 1 7741 7918 8092 AND
2 1 7827 7826 8093 XOR
2 1 7917 8093 8094 AND
2 1 7916 8094 8095 AND
2 1 8092 8095 8096 AND
2 1 75 8096 8097 AND
2 1 7747 7918 8098 AND
2 1 7824 7823 8099 XOR
2 1 7917 8099 8100 AND
2 1 7916 8100 8101 AND
2 1 8098 8101 8102 AND
2 1 74 8102 8103 AND
2 1 7753 7918 8104 AND
2 1 7821 7820 8105 XOR
2 1 7917 8105 8106 AND
2 1 7916 8106 8107 AND
2 1 8104 8107 8108 AND
2 1 73 8108 8109 AND
2 1 7759 7918 8110 AND
2 1 7818 7817 8111 XOR
2 1 7917 8111 8112 AND
2 1 7916 8112 8113 AND
2 1 8110 8113 8114 AND
2 1 72 8114 8115 AND
2 1 7765 7918 8116 AND
2 1 7815 7814 8117 XOR
2 1 7917 8117 8118 AND
2 1 7916 8118 8119 AND
2 1 8116 8119 8120 AND
2 1 71 8120 8121 AND
2 1 7771 7918 8122 AND
2 1 7812 7811 8123 XOR
2 1 7917 8123 8124 AND
2 1 7916 8124 8125 AND
2 1 8122 8125 8126 AND
2 1 70 8126 8127 AND
2 1 7777 7918 8128 AND
2 1 7809 7808 8129 XOR
2 1 7917 8129 8130 AND
2 1 7916 8130 8131 AND
2 1 8128 8131 8132 AND
2 1 69 8132 8133 AND
2 1 7784 7918 8134 AND
2 1 7806 7805 8135 XOR
2 1 7917 8135 8136 AND
2 1 7916 8136 8137 AND
2 1 8134 8137 8138 AND
2 1 68 8138 8139 AND
2 1 7791 7918 8140 AND
2 1 7803 7802 8141 XOR
2 1 7917 8141 8142 AND
2 1 7916 8142 8143 AND
2 1 8140 8143 8144 AND
2 1 67 8144 8145 AND
2 1 7794 7918 8146 AND
2 1 65 7794 7795 AND
2 1 65 7794 7796 AND
2 1 7795 7796 8147 AND
2 1 8147 7799 8148 XOR
2 1 7917 8148 8149 AND
2 1 7916 8149 8150 AND
2 1 8146 8150 8151 AND
2 1 66 8151 8152 AND
2 1 23 64 8168 AND
2 1 65 8168 8171 AND
2 1 64 104 8153 AND
2 1 290 8153 8154 AND
2 1 462 8154 8155 AND
2 1 460 8155 8156 AND
2 1 7916 8156 8157 AND
2 1 24 8157 8158 AND
2 1 163 7799 8159 AND
2 1 174 8159 8160 AND
2 1 160 8160 8161 AND
2 1 7916 8161 8162 AND
2 1 8158 8162 8163 AND
2 1 65 8168 8172 AND
2 1 8163 8172 8173 AND
2 1 8171 8173 8174 AND
2 1 8151 66 8175 XOR
2 1 8174 8175 8176 AND
2 1 8152 8176 8177 AND
2 1 8144 67 8178 XOR
2 1 8177 8178 8179 AND
2 1 8145 8179 8180 AND
2 1 8138 68 8181 XOR
2 1 8180 8181 8182 AND
2 1 8139 8182 8183 AND
2 1 8132 69 8184 XOR
2 1 8183 8184 8185 AND
2 1 8133 8185 8186 AND
2 1 8126 70 8187 XOR
2 1 8186 8187 8188 AND
2 1 8127 8188 8189 AND
2 1 8120 71 8190 XOR
2 1 8189 8190 8191 AND
2 1 8121 8191 8192 AND
2 1 8114 72 8193 XOR
2 1 8192 8193 8194 AND
2 1 8115 8194 8195 AND
2 1 8108 73 8196 XOR
2 1 8195 8196 8197 AND
2 1 8109 8197 8198 AND
2 1 8102 74 8199 XOR
2 1 8198 8199 8200 AND
2 1 8103 8200 8201 AND
2 1 8096 75 8202 XOR
2 1 8201 8202 8203 AND
2 1 8097 8203 8204 AND
2 1 8090 76 8205 XOR
2 1 8204 8205 8206 AND
2 1 8091 8206 8207 AND
2 1 8084 77 8208 XOR
2 1 8207 8208 8209 AND
2 1 8085 8209 8210 AND
2 1 8078 78 8211 XOR
2 1 8210 8211 8212 AND
2 1 8079 8212 8213 AND
2 1 8072 79 8214 XOR
2 1 8213 8214 8215 AND
2 1 8073 8215 8216 AND
2 1 8066 80 8217 XOR
2 1 8216 8217 8218 AND
2 1 8067 8218 8219 AND
2 1 8060 81 8220 XOR
2 1 8219 8220 8221 AND
2 1 8061 8221 8222 AND
2 1 8054 82 8223 XOR
2 1 8222 8223 8224 AND
2 1 8055 8224 8225 AND
2 1 8048 83 8226 XOR
2 1 8225 8226 8227 AND
2 1 8049 8227 8228 AND
2 1 8042 84 8229 XOR
2 1 8228 8229 8230 AND
2 1 8043 8230 8231 AND
2 1 8036 85 8232 XOR
2 1 8231 8232 8233 AND
2 1 8037 8233 8234 AND
2 1 8030 86 8235 XOR
2 1 8234 8235 8236 AND
2 1 8031 8236 8237 AND
2 1 8024 87 8238 XOR
2 1 8237 8238 8239 AND
2 1 8025 8239 8240 AND
2 1 8018 88 8241 XOR
2 1 8240 8241 8242 AND
2 1 8019 8242 8243 AND
2 1 8012 89 8244 XOR
2 1 8243 8244 8245 AND
2 1 8013 8245 8246 AND
2 1 8006 90 8247 XOR
2 1 8246 8247 8248 AND
2 1 8007 8248 8249 AND
2 1 8000 91 8250 XOR
2 1 8249 8250 8251 AND
2 1 8001 8251 8252 AND
2 1 7994 92 8253 XOR
2 1 8252 8253 8254 AND
2 1 7995 8254 8255 AND
2 1 7988 93 8256 XOR
2 1 8255 8256 8257 AND
2 1 7989 8257 8258 AND
2 1 7982 94 8259 XOR
2 1 8258 8259 8260 AND
2 1 7983 8260 8261 AND
2 1 7976 95 8262 XOR
2 1 8261 8262 8263 AND
2 1 7977 8263 8264 AND
2 1 7970 96 8265 XOR
2 1 8264 8265 8266 AND
2 1 7971 8266 8267 AND
2 1 7964 97 8268 XOR
2 1 8267 8268 8269 AND
2 1 7965 8269 8270 AND
2 1 7958 98 8271 XOR
2 1 8270 8271 8272 AND
2 1 7959 8272 8273 AND
2 1 7952 99 8274 XOR
2 1 8273 8274 8275 AND
2 1 7953 8275 8276 AND
2 1 7946 100 8277 XOR
2 1 8276 8277 8278 AND
2 1 7947 8278 8279 AND
2 1 7940 101 8280 XOR
2 1 8279 8280 8281 AND
2 1 7941 8281 8282 AND
2 1 7934 102 8283 XOR
2 1 8282 8283 8284 AND
2 1 7935 8284 8285 AND
2 1 7923 103 8286 XOR
2 1 8285 8286 8287 AND
2 1 7929 8287 8288 AND
2 1 7927 104 8289 XOR
2 1 8288 8289 8290 AND
2 1 7928 8290 8291 AND
2 1 277 291 8292 AND
2 1 8291 8292 8293 AND
2 1 7923 8293 8294 AND
2 1 8286 8285 8295 XOR
2 1 8292 8295 8296 AND
2 1 8291 8296 8297 AND
2 1 8294 8297 8298 AND
2 1 104 8298 8299 AND
2 1 7934 8293 8300 AND
2 1 8283 8282 8301 XOR
2 1 8292 8301 8302 AND
2 1 8291 8302 8303 AND
2 1 8300 8303 8304 AND
2 1 103 8304 8305 AND
2 1 7940 8293 8306 AND
2 1 8280 8279 8307 XOR
2 1 8292 8307 8308 AND
2 1 8291 8308 8309 AND
2 1 8306 8309 8310 AND
2 1 102 8310 8311 AND
2 1 7946 8293 8312 AND
2 1 8277 8276 8313 XOR
2 1 8292 8313 8314 AND
2 1 8291 8314 8315 AND
2 1 8312 8315 8316 AND
2 1 101 8316 8317 AND
2 1 7952 8293 8318 AND
2 1 8274 8273 8319 XOR
2 1 8292 8319 8320 AND
2 1 8291 8320 8321 AND
2 1 8318 8321 8322 AND
2 1 100 8322 8323 AND
2 1 7958 8293 8324 AND
2 1 8271 8270 8325 XOR
2 1 8292 8325 8326 AND
2 1 8291 8326 8327 AND
2 1 8324 8327 8328 AND
2 1 99 8328 8329 AND
2 1 7964 8293 8330 AND
2 1 8268 8267 8331 XOR
2 1 8292 8331 8332 AND
2 1 8291 8332 8333 AND
2 1 8330 8333 8334 AND
2 1 98 8334 8335 AND
2 1 7970 8293 8336 AND
2 1 8265 8264 8337 XOR
2 1 8292 8337 8338 AND
2 1 8291 8338 8339 AND
2 1 8336 8339 8340 AND
2 1 97 8340 8341 AND
2 1 7976 8293 8342 AND
2 1 8262 8261 8343 XOR
2 1 8292 8343 8344 AND
2 1 8291 8344 8345 AND
2 1 8342 8345 8346 AND
2 1 96 8346 8347 AND
2 1 7982 8293 8348 AND
2 1 8259 8258 8349 XOR
2 1 8292 8349 8350 AND
2 1 8291 8350 8351 AND
2 1 8348 8351 8352 AND
2 1 95 8352 8353 AND
2 1 7988 8293 8354 AND
2 1 8256 8255 8355 XOR
2 1 8292 8355 8356 AND
2 1 8291 8356 8357 AND
2 1 8354 8357 8358 AND
2 1 94 8358 8359 AND
2 1 7994 8293 8360 AND
2 1 8253 8252 8361 XOR
2 1 8292 8361 8362 AND
2 1 8291 8362 8363 AND
2 1 8360 8363 8364 AND
2 1 93 8364 8365 AND
2 1 8000 8293 8366 AND
2 1 8250 8249 8367 XOR
2 1 8292 8367 8368 AND
2 1 8291 8368 8369 AND
2 1 8366 8369 8370 AND
2 1 92 8370 8371 AND
2 1 8006 8293 8372 AND
2 1 8247 8246 8373 XOR
2 1 8292 8373 8374 AND
2 1 8291 8374 8375 AND
2 1 8372 8375 8376 AND
2 1 91 8376 8377 AND
2 1 8012 8293 8378 AND
2 1 8244 8243 8379 XOR
2 1 8292 8379 8380 AND
2 1 8291 8380 8381 AND
2 1 8378 8381 8382 AND
2 1 90 8382 8383 AND
2 1 8018 8293 8384 AND
2 1 8241 8240 8385 XOR
2 1 8292 8385 8386 AND
2 1 8291 8386 8387 AND
2 1 8384 8387 8388 AND
2 1 89 8388 8389 AND
2 1 8024 8293 8390 AND
2 1 8238 8237 8391 XOR
2 1 8292 8391 8392 AND
2 1 8291 8392 8393 AND
2 1 8390 8393 8394 AND
2 1 88 8394 8395 AND
2 1 8030 8293 8396 AND
2 1 8235 8234 8397 XOR
2 1 8292 8397 8398 AND
2 1 8291 8398 8399 AND
2 1 8396 8399 8400 AND
2 1 87 8400 8401 AND
2 1 8036 8293 8402 AND
2 1 8232 8231 8403 XOR
2 1 8292 8403 8404 AND
2 1 8291 8404 8405 AND
2 1 8402 8405 8406 AND
2 1 86 8406 8407 AND
2 1 8042 8293 8408 AND
2 1 8229 8228 8409 XOR
2 1 8292 8409 8410 AND
2 1 8291 8410 8411 AND
2 1 8408 8411 8412 AND
2 1 85 8412 8413 AND
2 1 8048 8293 8414 AND
2 1 8226 8225 8415 XOR
2 1 8292 8415 8416 AND
2 1 8291 8416 8417 AND
2 1 8414 8417 8418 AND
2 1 84 8418 8419 AND
2 1 8054 8293 8420 AND
2 1 8223 8222 8421 XOR
2 1 8292 8421 8422 AND
2 1 8291 8422 8423 AND
2 1 8420 8423 8424 AND
2 1 83 8424 8425 AND
2 1 8060 8293 8426 AND
2 1 8220 8219 8427 XOR
2 1 8292 8427 8428 AND
2 1 8291 8428 8429 AND
2 1 8426 8429 8430 AND
2 1 82 8430 8431 AND
2 1 8066 8293 8432 AND
2 1 8217 8216 8433 XOR
2 1 8292 8433 8434 AND
2 1 8291 8434 8435 AND
2 1 8432 8435 8436 AND
2 1 81 8436 8437 AND
2 1 8072 8293 8438 AND
2 1 8214 8213 8439 XOR
2 1 8292 8439 8440 AND
2 1 8291 8440 8441 AND
2 1 8438 8441 8442 AND
2 1 80 8442 8443 AND
2 1 8078 8293 8444 AND
2 1 8211 8210 8445 XOR
2 1 8292 8445 8446 AND
2 1 8291 8446 8447 AND
2 1 8444 8447 8448 AND
2 1 79 8448 8449 AND
2 1 8084 8293 8450 AND
2 1 8208 8207 8451 XOR
2 1 8292 8451 8452 AND
2 1 8291 8452 8453 AND
2 1 8450 8453 8454 AND
2 1 78 8454 8455 AND
2 1 8090 8293 8456 AND
2 1 8205 8204 8457 XOR
2 1 8292 8457 8458 AND
2 1 8291 8458 8459 AND
2 1 8456 8459 8460 AND
2 1 77 8460 8461 AND
2 1 8096 8293 8462 AND
2 1 8202 8201 8463 XOR
2 1 8292 8463 8464 AND
2 1 8291 8464 8465 AND
2 1 8462 8465 8466 AND
2 1 76 8466 8467 AND
2 1 8102 8293 8468 AND
2 1 8199 8198 8469 XOR
2 1 8292 8469 8470 AND
2 1 8291 8470 8471 AND
2 1 8468 8471 8472 AND
2 1 75 8472 8473 AND
2 1 8108 8293 8474 AND
2 1 8196 8195 8475 XOR
2 1 8292 8475 8476 AND
2 1 8291 8476 8477 AND
2 1 8474 8477 8478 AND
2 1 74 8478 8479 AND
2 1 8114 8293 8480 AND
2 1 8193 8192 8481 XOR
2 1 8292 8481 8482 AND
2 1 8291 8482 8483 AND
2 1 8480 8483 8484 AND
2 1 73 8484 8485 AND
2 1 8120 8293 8486 AND
2 1 8190 8189 8487 XOR
2 1 8292 8487 8488 AND
2 1 8291 8488 8489 AND
2 1 8486 8489 8490 AND
2 1 72 8490 8491 AND
2 1 8126 8293 8492 AND
2 1 8187 8186 8493 XOR
2 1 8292 8493 8494 AND
2 1 8291 8494 8495 AND
2 1 8492 8495 8496 AND
2 1 71 8496 8497 AND
2 1 8132 8293 8498 AND
2 1 8184 8183 8499 XOR
2 1 8292 8499 8500 AND
2 1 8291 8500 8501 AND
2 1 8498 8501 8502 AND
2 1 70 8502 8503 AND
2 1 8138 8293 8504 AND
2 1 8181 8180 8505 XOR
2 1 8292 8505 8506 AND
2 1 8291 8506 8507 AND
2 1 8504 8507 8508 AND
2 1 69 8508 8509 AND
2 1 8144 8293 8510 AND
2 1 8178 8177 8511 XOR
2 1 8292 8511 8512 AND
2 1 8291 8512 8513 AND
2 1 8510 8513 8514 AND
2 1 68 8514 8515 AND
2 1 8151 8293 8516 AND
2 1 65 8163 8164 AND
2 1 65 8162 8165 AND
2 1 8158 8165 8166 AND
2 1 8164 8166 8167 AND
2 1 8167 8168 8169 AND
2 1 65 8163 8170 AND
2 1 8169 8170 8517 AND
2 1 8517 8175 8518 XOR
2 1 8292 8518 8519 AND
2 1 8291 8519 8520 AND
2 1 8516 8520 8521 AND
2 1 67 8521 8522 AND
2 1 8163 8293 8523 AND
2 1 8168 8167 8524 XOR
2 1 8292 8524 8525 AND
2 1 8291 8525 8526 AND
2 1 8523 8526 8527 AND
2 1 66 8527 8528 AND
2 1 22 64 8541 AND
2 1 65 8541 8544 AND
2 1 64 105 8529 AND
2 1 162 8529 8530 AND
2 1 173 8530 8531 AND
2 1 208 8531 8532 AND
2 1 8291 8532 8533 AND
2 1 23 8533 8534 AND
2 1 290 8168 8535 AND
2 1 462 8535 8536 AND
2 1 460 8536 8537 AND
2 1 8291 8537 8538 AND
2 1 8534 8538 8539 AND
2 1 65 8541 8545 AND
2 1 8539 8545 8546 AND
2 1 8544 8546 8547 AND
2 1 8527 66 8548 XOR
2 1 8547 8548 8549 AND
2 1 8528 8549 8550 AND
2 1 8521 67 8551 XOR
2 1 8550 8551 8552 AND
2 1 8522 8552 8553 AND
2 1 8514 68 8554 XOR
2 1 8553 8554 8555 AND
2 1 8515 8555 8556 AND
2 1 8508 69 8557 XOR
2 1 8556 8557 8558 AND
2 1 8509 8558 8559 AND
2 1 8502 70 8560 XOR
2 1 8559 8560 8561 AND
2 1 8503 8561 8562 AND
2 1 8496 71 8563 XOR
2 1 8562 8563 8564 AND
2 1 8497 8564 8565 AND
2 1 8490 72 8566 XOR
2 1 8565 8566 8567 AND
2 1 8491 8567 8568 AND
2 1 8484 73 8569 XOR
2 1 8568 8569 8570 AND
2 1 8485 8570 8571 AND
2 1 8478 74 8572 XOR
2 1 8571 8572 8573 AND
2 1 8479 8573 8574 AND
2 1 8472 75 8575 XOR
2 1 8574 8575 8576 AND
2 1 8473 8576 8577 AND
2 1 8466 76 8578 XOR
2 1 8577 8578 8579 AND
2 1 8467 8579 8580 AND
2 1 8460 77 8581 XOR
2 1 8580 8581 8582 AND
2 1 8461 8582 8583 AND
2 1 8454 78 8584 XOR
2 1 8583 8584 8585 AND
2 1 8455 8585 8586 AND
2 1 8448 79 8587 XOR
2 1 8586 8587 8588 AND
2 1 8449 8588 8589 AND
2 1 8442 80 8590 XOR
2 1 8589 8590 8591 AND
2 1 8443 8591 8592 AND
2 1 8436 81 8593 XOR
2 1 8592 8593 8594 AND
2 1 8437 8594 8595 AND
2 1 8430 82 8596 XOR
2 1 8595 8596 8597 AND
2 1 8431 8597 8598 AND
2 1 8424 83 8599 XOR
2 1 8598 8599 8600 AND
2 1 8425 8600 8601 AND
2 1 8418 84 8602 XOR
2 1 8601 8602 8603 AND
2 1 8419 8603 8604 AND
2 1 8412 85 8605 XOR
2 1 8604 8605 8606 AND
2 1 8413 8606 8607 AND
2 1 8406 86 8608 XOR
2 1 8607 8608 8609 AND
2 1 8407 8609 8610 AND
2 1 8400 87 8611 XOR
2 1 8610 8611 8612 AND
2 1 8401 8612 8613 AND
2 1 8394 88 8614 XOR
2 1 8613 8614 8615 AND
2 1 8395 8615 8616 AND
2 1 8388 89 8617 XOR
2 1 8616 8617 8618 AND
2 1 8389 8618 8619 AND
2 1 8382 90 8620 XOR
2 1 8619 8620 8621 AND
2 1 8383 8621 8622 AND
2 1 8376 91 8623 XOR
2 1 8622 8623 8624 AND
2 1 8377 8624 8625 AND
2 1 8370 92 8626 XOR
2 1 8625 8626 8627 AND
2 1 8371 8627 8628 AND
2 1 8364 93 8629 XOR
2 1 8628 8629 8630 AND
2 1 8365 8630 8631 AND
2 1 8358 94 8632 XOR
2 1 8631 8632 8633 AND
2 1 8359 8633 8634 AND
2 1 8352 95 8635 XOR
2 1 8634 8635 8636 AND
2 1 8353 8636 8637 AND
2 1 8346 96 8638 XOR
2 1 8637 8638 8639 AND
2 1 8347 8639 8640 AND
2 1 8340 97 8641 XOR
2 1 8640 8641 8642 AND
2 1 8341 8642 8643 AND
2 1 8334 98 8644 XOR
2 1 8643 8644 8645 AND
2 1 8335 8645 8646 AND
2 1 8328 99 8647 XOR
2 1 8646 8647 8648 AND
2 1 8329 8648 8649 AND
2 1 8322 100 8650 XOR
2 1 8649 8650 8651 AND
2 1 8323 8651 8652 AND
2 1 8316 101 8653 XOR
2 1 8652 8653 8654 AND
2 1 8317 8654 8655 AND
2 1 8310 102 8656 XOR
2 1 8655 8656 8657 AND
2 1 8311 8657 8658 AND
2 1 8304 103 8659 XOR
2 1 8658 8659 8660 AND
2 1 8305 8660 8661 AND
2 1 8298 104 8662 XOR
2 1 8661 8662 8663 AND
2 1 8299 8663 8664 AND
2 1 7927 8293 8665 AND
2 1 8289 8288 8666 XOR
2 1 8293 8666 8667 AND
2 1 8665 8667 8668 AND
2 1 105 8668 8669 AND
2 1 105 8665 8670 AND
2 1 8667 8670 8671 AND
2 1 162 173 8672 AND
2 1 208 8672 8673 AND
2 1 8671 8673 8674 AND
2 1 8669 8674 8675 AND
2 1 8664 8675 8676 AND
2 1 8292 8668 8677 AND
2 1 8676 8677 8678 AND
2 1 8662 8661 8679 XOR
2 1 8678 8679 8680 AND
2 1 8298 8677 8681 AND
2 1 8676 8681 8682 AND
2 1 8680 8682 8683 AND
2 1 8669 8671 8684 AND
2 1 8684 8664 8685 XOR
2 1 8678 8685 8686 AND
2 1 7927 8292 8687 AND
2 1 8676 8687 8688 AND
2 1 8686 8688 8689 AND
2 1 106 8689 8690 AND
2 1 105 8683 8691 AND
2 1 8659 8658 8692 XOR
2 1 8678 8692 8693 AND
2 1 8304 8677 8694 AND
2 1 8676 8694 8695 AND
2 1 8693 8695 8696 AND
2 1 104 8696 8697 AND
2 1 8656 8655 8698 XOR
2 1 8678 8698 8699 AND
2 1 8310 8677 8700 AND
2 1 8676 8700 8701 AND
2 1 8699 8701 8702 AND
2 1 103 8702 8703 AND
2 1 8653 8652 8704 XOR
2 1 8678 8704 8705 AND
2 1 8316 8677 8706 AND
2 1 8676 8706 8707 AND
2 1 8705 8707 8708 AND
2 1 102 8708 8709 AND
2 1 8650 8649 8710 XOR
2 1 8678 8710 8711 AND
2 1 8322 8677 8712 AND
2 1 8676 8712 8713 AND
2 1 8711 8713 8714 AND
2 1 101 8714 8715 AND
2 1 8647 8646 8716 XOR
2 1 8678 8716 8717 AND
2 1 8328 8677 8718 AND
2 1 8676 8718 8719 AND
2 1 8717 8719 8720 AND
2 1 100 8720 8721 AND
2 1 8644 8643 8722 XOR
2 1 8678 8722 8723 AND
2 1 8334 8677 8724 AND
2 1 8676 8724 8725 AND
2 1 8723 8725 8726 AND
2 1 99 8726 8727 AND
2 1 8641 8640 8728 XOR
2 1 8678 8728 8729 AND
2 1 8340 8677 8730 AND
2 1 8676 8730 8731 AND
2 1 8729 8731 8732 AND
2 1 98 8732 8733 AND
2 1 8638 8637 8734 XOR
2 1 8678 8734 8735 AND
2 1 8346 8677 8736 AND
2 1 8676 8736 8737 AND
2 1 8735 8737 8738 AND
2 1 97 8738 8739 AND
2 1 8635 8634 8740 XOR
2 1 8678 8740 8741 AND
2 1 8352 8677 8742 AND
2 1 8676 8742 8743 AND
2 1 8741 8743 8744 AND
2 1 96 8744 8745 AND
2 1 8632 8631 8746 XOR
2 1 8678 8746 8747 AND
2 1 8358 8677 8748 AND
2 1 8676 8748 8749 AND
2 1 8747 8749 8750 AND
2 1 95 8750 8751 AND
2 1 8629 8628 8752 XOR
2 1 8678 8752 8753 AND
2 1 8364 8677 8754 AND
2 1 8676 8754 8755 AND
2 1 8753 8755 8756 AND
2 1 94 8756 8757 AND
2 1 8626 8625 8758 XOR
2 1 8678 8758 8759 AND
2 1 8370 8677 8760 AND
2 1 8676 8760 8761 AND
2 1 8759 8761 8762 AND
2 1 93 8762 8763 AND
2 1 8623 8622 8764 XOR
2 1 8678 8764 8765 AND
2 1 8376 8677 8766 AND
2 1 8676 8766 8767 AND
2 1 8765 8767 8768 AND
2 1 92 8768 8769 AND
2 1 8620 8619 8770 XOR
2 1 8678 8770 8771 AND
2 1 8382 8677 8772 AND
2 1 8676 8772 8773 AND
2 1 8771 8773 8774 AND
2 1 91 8774 8775 AND
2 1 8617 8616 8776 XOR
2 1 8678 8776 8777 AND
2 1 8388 8677 8778 AND
2 1 8676 8778 8779 AND
2 1 8777 8779 8780 AND
2 1 90 8780 8781 AND
2 1 8614 8613 8782 XOR
2 1 8678 8782 8783 AND
2 1 8394 8677 8784 AND
2 1 8676 8784 8785 AND
2 1 8783 8785 8786 AND
2 1 89 8786 8787 AND
2 1 8611 8610 8788 XOR
2 1 8678 8788 8789 AND
2 1 8400 8677 8790 AND
2 1 8676 8790 8791 AND
2 1 8789 8791 8792 AND
2 1 88 8792 8793 AND
2 1 8608 8607 8794 XOR
2 1 8678 8794 8795 AND
2 1 8406 8677 8796 AND
2 1 8676 8796 8797 AND
2 1 8795 8797 8798 AND
2 1 87 8798 8799 AND
2 1 8605 8604 8800 XOR
2 1 8678 8800 8801 AND
2 1 8412 8677 8802 AND
2 1 8676 8802 8803 AND
2 1 8801 8803 8804 AND
2 1 86 8804 8805 AND
2 1 8602 8601 8806 XOR
2 1 8678 8806 8807 AND
2 1 8418 8677 8808 AND
2 1 8676 8808 8809 AND
2 1 8807 8809 8810 AND
2 1 85 8810 8811 AND
2 1 8599 8598 8812 XOR
2 1 8678 8812 8813 AND
2 1 8424 8677 8814 AND
2 1 8676 8814 8815 AND
2 1 8813 8815 8816 AND
2 1 84 8816 8817 AND
2 1 8596 8595 8818 XOR
2 1 8678 8818 8819 AND
2 1 8430 8677 8820 AND
2 1 8676 8820 8821 AND
2 1 8819 8821 8822 AND
2 1 83 8822 8823 AND
2 1 8593 8592 8824 XOR
2 1 8678 8824 8825 AND
2 1 8436 8677 8826 AND
2 1 8676 8826 8827 AND
2 1 8825 8827 8828 AND
2 1 82 8828 8829 AND
2 1 8590 8589 8830 XOR
2 1 8678 8830 8831 AND
2 1 8442 8677 8832 AND
2 1 8676 8832 8833 AND
2 1 8831 8833 8834 AND
2 1 81 8834 8835 AND
2 1 8587 8586 8836 XOR
2 1 8678 8836 8837 AND
2 1 8448 8677 8838 AND
2 1 8676 8838 8839 AND
2 1 8837 8839 8840 AND
2 1 80 8840 8841 AND
2 1 8584 8583 8842 XOR
2 1 8678 8842 8843 AND
2 1 8454 8677 8844 AND
2 1 8676 8844 8845 AND
2 1 8843 8845 8846 AND
2 1 79 8846 8847 AND
2 1 8581 8580 8848 XOR
2 1 8678 8848 8849 AND
2 1 8460 8677 8850 AND
2 1 8676 8850 8851 AND
2 1 8849 8851 8852 AND
2 1 78 8852 8853 AND
2 1 8578 8577 8854 XOR
2 1 8678 8854 8855 AND
2 1 8466 8677 8856 AND
2 1 8676 8856 8857 AND
2 1 8855 8857 8858 AND
2 1 77 8858 8859 AND
2 1 8575 8574 8860 XOR
2 1 8678 8860 8861 AND
2 1 8472 8677 8862 AND
2 1 8676 8862 8863 AND
2 1 8861 8863 8864 AND
2 1 76 8864 8865 AND
2 1 8572 8571 8866 XOR
2 1 8678 8866 8867 AND
2 1 8478 8677 8868 AND
2 1 8676 8868 8869 AND
2 1 8867 8869 8870 AND
2 1 75 8870 8871 AND
2 1 8569 8568 8872 XOR
2 1 8678 8872 8873 AND
2 1 8484 8677 8874 AND
2 1 8676 8874 8875 AND
2 1 8873 8875 8876 AND
2 1 74 8876 8877 AND
2 1 8566 8565 8878 XOR
2 1 8678 8878 8879 AND
2 1 8490 8677 8880 AND
2 1 8676 8880 8881 AND
2 1 8879 8881 8882 AND
2 1 73 8882 8883 AND
2 1 8563 8562 8884 XOR
2 1 8678 8884 8885 AND
2 1 8496 8677 8886 AND
2 1 8676 8886 8887 AND
2 1 8885 8887 8888 AND
2 1 72 8888 8889 AND
2 1 8560 8559 8890 XOR
2 1 8678 8890 8891 AND
2 1 8502 8677 8892 AND
2 1 8676 8892 8893 AND
2 1 8891 8893 8894 AND
2 1 71 8894 8895 AND
2 1 8557 8556 8896 XOR
2 1 8678 8896 8897 AND
2 1 8508 8677 8898 AND
2 1 8676 8898 8899 AND
2 1 8897 8899 8900 AND
2 1 70 8900 8901 AND
2 1 8554 8553 8902 XOR
2 1 8678 8902 8903 AND
2 1 8514 8677 8904 AND
2 1 8676 8904 8905 AND
2 1 8903 8905 8906 AND
2 1 69 8906 8907 AND
2 1 8551 8550 8908 XOR
2 1 8678 8908 8909 AND
2 1 8521 8677 8910 AND
2 1 8676 8910 8911 AND
2 1 8909 8911 8912 AND
2 1 68 8912 8913 AND
2 1 8539 65 8540 XOR
2 1 8540 8541 8542 AND
2 1 65 8539 8543 AND
2 1 8542 8543 8914 AND
2 1 8914 8548 8915 XOR
2 1 8678 8915 8916 AND
2 1 8527 8677 8917 AND
2 1 8676 8917 8918 AND
2 1 8916 8918 8919 AND
2 1 67 8919 8920 AND
2 1 8541 65 8921 XOR
2 1 8921 8539 8922 XOR
2 1 8678 8922 8923 AND
2 1 8539 8677 8924 AND
2 1 8676 8924 8925 AND
2 1 8923 8925 8926 AND
2 1 66 8926 8927 AND
2 1 65 22 8932 XOR
2 1 64 8678 8928 AND
2 1 8932 8928 8933 XOR
2 1 21 64 8934 AND
2 1 8933 8934 8935 AND
2 1 8928 22 8929 XOR
2 1 65 8929 8936 AND
2 1 8935 8936 8937 AND
2 1 8926 66 8938 XOR
2 1 8937 8938 8939 AND
2 1 8927 8939 8940 AND
2 1 8919 67 8941 XOR
2 1 8940 8941 8942 AND
2 1 8920 8942 8943 AND
2 1 8912 68 8944 XOR
2 1 8943 8944 8945 AND
2 1 8913 8945 8946 AND
2 1 8906 69 8947 XOR
2 1 8946 8947 8948 AND
2 1 8907 8948 8949 AND
2 1 8900 70 8950 XOR
2 1 8949 8950 8951 AND
2 1 8901 8951 8952 AND
2 1 8894 71 8953 XOR
2 1 8952 8953 8954 AND
2 1 8895 8954 8955 AND
2 1 8888 72 8956 XOR
2 1 8955 8956 8957 AND
2 1 8889 8957 8958 AND
2 1 8882 73 8959 XOR
2 1 8958 8959 8960 AND
2 1 8883 8960 8961 AND
2 1 8876 74 8962 XOR
2 1 8961 8962 8963 AND
2 1 8877 8963 8964 AND
2 1 8870 75 8965 XOR
2 1 8964 8965 8966 AND
2 1 8871 8966 8967 AND
2 1 8864 76 8968 XOR
2 1 8967 8968 8969 AND
2 1 8865 8969 8970 AND
2 1 8858 77 8971 XOR
2 1 8970 8971 8972 AND
2 1 8859 8972 8973 AND
2 1 8852 78 8974 XOR
2 1 8973 8974 8975 AND
2 1 8853 8975 8976 AND
2 1 8846 79 8977 XOR
2 1 8976 8977 8978 AND
2 1 8847 8978 8979 AND
2 1 8840 80 8980 XOR
2 1 8979 8980 8981 AND
2 1 8841 8981 8982 AND
2 1 8834 81 8983 XOR
2 1 8982 8983 8984 AND
2 1 8835 8984 8985 AND
2 1 8828 82 8986 XOR
2 1 8985 8986 8987 AND
2 1 8829 8987 8988 AND
2 1 8822 83 8989 XOR
2 1 8988 8989 8990 AND
2 1 8823 8990 8991 AND
2 1 8816 84 8992 XOR
2 1 8991 8992 8993 AND
2 1 8817 8993 8994 AND
2 1 8810 85 8995 XOR
2 1 8994 8995 8996 AND
2 1 8811 8996 8997 AND
2 1 8804 86 8998 XOR
2 1 8997 8998 8999 AND
2 1 8805 8999 9000 AND
2 1 8798 87 9001 XOR
2 1 9000 9001 9002 AND
2 1 8799 9002 9003 AND
2 1 8792 88 9004 XOR
2 1 9003 9004 9005 AND
2 1 8793 9005 9006 AND
2 1 8786 89 9007 XOR
2 1 9006 9007 9008 AND
2 1 8787 9008 9009 AND
2 1 8780 90 9010 XOR
2 1 9009 9010 9011 AND
2 1 8781 9011 9012 AND
2 1 8774 91 9013 XOR
2 1 9012 9013 9014 AND
2 1 8775 9014 9015 AND
2 1 8768 92 9016 XOR
2 1 9015 9016 9017 AND
2 1 8769 9017 9018 AND
2 1 8762 93 9019 XOR
2 1 9018 9019 9020 AND
2 1 8763 9020 9021 AND
2 1 8756 94 9022 XOR
2 1 9021 9022 9023 AND
2 1 8757 9023 9024 AND
2 1 8750 95 9025 XOR
2 1 9024 9025 9026 AND
2 1 8751 9026 9027 AND
2 1 8744 96 9028 XOR
2 1 9027 9028 9029 AND
2 1 8745 9029 9030 AND
2 1 8738 97 9031 XOR
2 1 9030 9031 9032 AND
2 1 8739 9032 9033 AND
2 1 8732 98 9034 XOR
2 1 9033 9034 9035 AND
2 1 8733 9035 9036 AND
2 1 8726 99 9037 XOR
2 1 9036 9037 9038 AND
2 1 8727 9038 9039 AND
2 1 8720 100 9040 XOR
2 1 9039 9040 9041 AND
2 1 8721 9041 9042 AND
2 1 8714 101 9043 XOR
2 1 9042 9043 9044 AND
2 1 8715 9044 9045 AND
2 1 8708 102 9046 XOR
2 1 9045 9046 9047 AND
2 1 8709 9047 9048 AND
2 1 8702 103 9049 XOR
2 1 9048 9049 9050 AND
2 1 8703 9050 9051 AND
2 1 8696 104 9052 XOR
2 1 9051 9052 9053 AND
2 1 8697 9053 9054 AND
2 1 8683 105 9055 XOR
2 1 9054 9055 9056 AND
2 1 8691 9056 9057 AND
2 1 8689 106 9058 XOR
2 1 9057 9058 9059 AND
2 1 8690 9059 9060 AND
2 1 287 289 9061 AND
2 1 277 9061 9062 AND
2 1 9060 9062 9063 AND
2 1 8683 9063 9064 AND
2 1 9055 9054 9065 XOR
2 1 9062 9065 9066 AND
2 1 9060 9066 9067 AND
2 1 9064 9067 9068 AND
2 1 106 9068 9069 AND
2 1 8696 9063 9070 AND
2 1 9052 9051 9071 XOR
2 1 9062 9071 9072 AND
2 1 9060 9072 9073 AND
2 1 9070 9073 9074 AND
2 1 105 9074 9075 AND
2 1 8702 9063 9076 AND
2 1 9049 9048 9077 XOR
2 1 9062 9077 9078 AND
2 1 9060 9078 9079 AND
2 1 9076 9079 9080 AND
2 1 104 9080 9081 AND
2 1 8708 9063 9082 AND
2 1 9046 9045 9083 XOR
2 1 9062 9083 9084 AND
2 1 9060 9084 9085 AND
2 1 9082 9085 9086 AND
2 1 103 9086 9087 AND
2 1 8714 9063 9088 AND
2 1 9043 9042 9089 XOR
2 1 9062 9089 9090 AND
2 1 9060 9090 9091 AND
2 1 9088 9091 9092 AND
2 1 102 9092 9093 AND
2 1 8720 9063 9094 AND
2 1 9040 9039 9095 XOR
2 1 9062 9095 9096 AND
2 1 9060 9096 9097 AND
2 1 9094 9097 9098 AND
2 1 101 9098 9099 AND
2 1 8726 9063 9100 AND
2 1 9037 9036 9101 XOR
2 1 9062 9101 9102 AND
2 1 9060 9102 9103 AND
2 1 9100 9103 9104 AND
2 1 100 9104 9105 AND
2 1 8732 9063 9106 AND
2 1 9034 9033 9107 XOR
2 1 9062 9107 9108 AND
2 1 9060 9108 9109 AND
2 1 9106 9109 9110 AND
2 1 99 9110 9111 AND
2 1 8738 9063 9112 AND
2 1 9031 9030 9113 XOR
2 1 9062 9113 9114 AND
2 1 9060 9114 9115 AND
2 1 9112 9115 9116 AND
2 1 98 9116 9117 AND
2 1 8744 9063 9118 AND
2 1 9028 9027 9119 XOR
2 1 9062 9119 9120 AND
2 1 9060 9120 9121 AND
2 1 9118 9121 9122 AND
2 1 97 9122 9123 AND
2 1 8750 9063 9124 AND
2 1 9025 9024 9125 XOR
2 1 9062 9125 9126 AND
2 1 9060 9126 9127 AND
2 1 9124 9127 9128 AND
2 1 96 9128 9129 AND
2 1 8756 9063 9130 AND
2 1 9022 9021 9131 XOR
2 1 9062 9131 9132 AND
2 1 9060 9132 9133 AND
2 1 9130 9133 9134 AND
2 1 95 9134 9135 AND
2 1 8762 9063 9136 AND
2 1 9019 9018 9137 XOR
2 1 9062 9137 9138 AND
2 1 9060 9138 9139 AND
2 1 9136 9139 9140 AND
2 1 94 9140 9141 AND
2 1 8768 9063 9142 AND
2 1 9016 9015 9143 XOR
2 1 9062 9143 9144 AND
2 1 9060 9144 9145 AND
2 1 9142 9145 9146 AND
2 1 93 9146 9147 AND
2 1 8774 9063 9148 AND
2 1 9013 9012 9149 XOR
2 1 9062 9149 9150 AND
2 1 9060 9150 9151 AND
2 1 9148 9151 9152 AND
2 1 92 9152 9153 AND
2 1 8780 9063 9154 AND
2 1 9010 9009 9155 XOR
2 1 9062 9155 9156 AND
2 1 9060 9156 9157 AND
2 1 9154 9157 9158 AND
2 1 91 9158 9159 AND
2 1 8786 9063 9160 AND
2 1 9007 9006 9161 XOR
2 1 9062 9161 9162 AND
2 1 9060 9162 9163 AND
2 1 9160 9163 9164 AND
2 1 90 9164 9165 AND
2 1 8792 9063 9166 AND
2 1 9004 9003 9167 XOR
2 1 9062 9167 9168 AND
2 1 9060 9168 9169 AND
2 1 9166 9169 9170 AND
2 1 89 9170 9171 AND
2 1 8798 9063 9172 AND
2 1 9001 9000 9173 XOR
2 1 9062 9173 9174 AND
2 1 9060 9174 9175 AND
2 1 9172 9175 9176 AND
2 1 88 9176 9177 AND
2 1 8804 9063 9178 AND
2 1 8998 8997 9179 XOR
2 1 9062 9179 9180 AND
2 1 9060 9180 9181 AND
2 1 9178 9181 9182 AND
2 1 87 9182 9183 AND
2 1 8810 9063 9184 AND
2 1 8995 8994 9185 XOR
2 1 9062 9185 9186 AND
2 1 9060 9186 9187 AND
2 1 9184 9187 9188 AND
2 1 86 9188 9189 AND
2 1 8816 9063 9190 AND
2 1 8992 8991 9191 XOR
2 1 9062 9191 9192 AND
2 1 9060 9192 9193 AND
2 1 9190 9193 9194 AND
2 1 85 9194 9195 AND
2 1 8822 9063 9196 AND
2 1 8989 8988 9197 XOR
2 1 9062 9197 9198 AND
2 1 9060 9198 9199 AND
2 1 9196 9199 9200 AND
2 1 84 9200 9201 AND
2 1 8828 9063 9202 AND
2 1 8986 8985 9203 XOR
2 1 9062 9203 9204 AND
2 1 9060 9204 9205 AND
2 1 9202 9205 9206 AND
2 1 83 9206 9207 AND
2 1 8834 9063 9208 AND
2 1 8983 8982 9209 XOR
2 1 9062 9209 9210 AND
2 1 9060 9210 9211 AND
2 1 9208 9211 9212 AND
2 1 82 9212 9213 AND
2 1 8840 9063 9214 AND
2 1 8980 8979 9215 XOR
2 1 9062 9215 9216 AND
2 1 9060 9216 9217 AND
2 1 9214 9217 9218 AND
2 1 81 9218 9219 AND
2 1 8846 9063 9220 AND
2 1 8977 8976 9221 XOR
2 1 9062 9221 9222 AND
2 1 9060 9222 9223 AND
2 1 9220 9223 9224 AND
2 1 80 9224 9225 AND
2 1 8852 9063 9226 AND
2 1 8974 8973 9227 XOR
2 1 9062 9227 9228 AND
2 1 9060 9228 9229 AND
2 1 9226 9229 9230 AND
2 1 79 9230 9231 AND
2 1 8858 9063 9232 AND
2 1 8971 8970 9233 XOR
2 1 9062 9233 9234 AND
2 1 9060 9234 9235 AND
2 1 9232 9235 9236 AND
2 1 78 9236 9237 AND
2 1 8864 9063 9238 AND
2 1 8968 8967 9239 XOR
2 1 9062 9239 9240 AND
2 1 9060 9240 9241 AND
2 1 9238 9241 9242 AND
2 1 77 9242 9243 AND
2 1 8870 9063 9244 AND
2 1 8965 8964 9245 XOR
2 1 9062 9245 9246 AND
2 1 9060 9246 9247 AND
2 1 9244 9247 9248 AND
2 1 76 9248 9249 AND
2 1 8876 9063 9250 AND
2 1 8962 8961 9251 XOR
2 1 9062 9251 9252 AND
2 1 9060 9252 9253 AND
2 1 9250 9253 9254 AND
2 1 75 9254 9255 AND
2 1 8882 9063 9256 AND
2 1 8959 8958 9257 XOR
2 1 9062 9257 9258 AND
2 1 9060 9258 9259 AND
2 1 9256 9259 9260 AND
2 1 74 9260 9261 AND
2 1 8888 9063 9262 AND
2 1 8956 8955 9263 XOR
2 1 9062 9263 9264 AND
2 1 9060 9264 9265 AND
2 1 9262 9265 9266 AND
2 1 73 9266 9267 AND
2 1 8894 9063 9268 AND
2 1 8953 8952 9269 XOR
2 1 9062 9269 9270 AND
2 1 9060 9270 9271 AND
2 1 9268 9271 9272 AND
2 1 72 9272 9273 AND
2 1 8900 9063 9274 AND
2 1 8950 8949 9275 XOR
2 1 9062 9275 9276 AND
2 1 9060 9276 9277 AND
2 1 9274 9277 9278 AND
2 1 71 9278 9279 AND
2 1 8906 9063 9280 AND
2 1 8947 8946 9281 XOR
2 1 9062 9281 9282 AND
2 1 9060 9282 9283 AND
2 1 9280 9283 9284 AND
2 1 70 9284 9285 AND
2 1 8912 9063 9286 AND
2 1 8944 8943 9287 XOR
2 1 9062 9287 9288 AND
2 1 9060 9288 9289 AND
2 1 9286 9289 9290 AND
2 1 69 9290 9291 AND
2 1 8919 9063 9292 AND
2 1 8941 8940 9293 XOR
2 1 9062 9293 9294 AND
2 1 9060 9294 9295 AND
2 1 9292 9295 9296 AND
2 1 68 9296 9297 AND
2 1 8926 9063 9298 AND
2 1 8938 8937 9299 XOR
2 1 9062 9299 9300 AND
2 1 9060 9300 9301 AND
2 1 9298 9301 9302 AND
2 1 67 9302 9303 AND
2 1 8929 9063 9304 AND
2 1 65 8929 8930 AND
2 1 65 8929 8931 AND
2 1 8930 8931 9305 AND
2 1 9305 8934 9306 XOR
2 1 9062 9306 9307 AND
2 1 9060 9307 9308 AND
2 1 9304 9308 9309 AND
2 1 66 9309 9310 AND
2 1 20 64 9322 AND
2 1 65 9322 9325 AND
2 1 64 107 9311 AND
2 1 173 9311 9312 AND
2 1 208 9312 9313 AND
2 1 9060 9313 9314 AND
2 1 21 9314 9315 AND
2 1 289 8934 9316 AND
2 1 287 9316 9317 AND
2 1 277 9317 9318 AND
2 1 9060 9318 9319 AND
2 1 9315 9319 9320 AND
2 1 65 9322 9326 AND
2 1 9320 9326 9327 AND
2 1 9325 9327 9328 AND
2 1 9309 66 9329 XOR
2 1 9328 9329 9330 AND
2 1 9310 9330 9331 AND
2 1 9302 67 9332 XOR
2 1 9331 9332 9333 AND
2 1 9303 9333 9334 AND
2 1 9296 68 9335 XOR
2 1 9334 9335 9336 AND
2 1 9297 9336 9337 AND
2 1 9290 69 9338 XOR
2 1 9337 9338 9339 AND
2 1 9291 9339 9340 AND
2 1 9284 70 9341 XOR
2 1 9340 9341 9342 AND
2 1 9285 9342 9343 AND
2 1 9278 71 9344 XOR
2 1 9343 9344 9345 AND
2 1 9279 9345 9346 AND
2 1 9272 72 9347 XOR
2 1 9346 9347 9348 AND
2 1 9273 9348 9349 AND
2 1 9266 73 9350 XOR
2 1 9349 9350 9351 AND
2 1 9267 9351 9352 AND
2 1 9260 74 9353 XOR
2 1 9352 9353 9354 AND
2 1 9261 9354 9355 AND
2 1 9254 75 9356 XOR
2 1 9355 9356 9357 AND
2 1 9255 9357 9358 AND
2 1 9248 76 9359 XOR
2 1 9358 9359 9360 AND
2 1 9249 9360 9361 AND
2 1 9242 77 9362 XOR
2 1 9361 9362 9363 AND
2 1 9243 9363 9364 AND
2 1 9236 78 9365 XOR
2 1 9364 9365 9366 AND
2 1 9237 9366 9367 AND
2 1 9230 79 9368 XOR
2 1 9367 9368 9369 AND
2 1 9231 9369 9370 AND
2 1 9224 80 9371 XOR
2 1 9370 9371 9372 AND
2 1 9225 9372 9373 AND
2 1 9218 81 9374 XOR
2 1 9373 9374 9375 AND
2 1 9219 9375 9376 AND
2 1 9212 82 9377 XOR
2 1 9376 9377 9378 AND
2 1 9213 9378 9379 AND
2 1 9206 83 9380 XOR
2 1 9379 9380 9381 AND
2 1 9207 9381 9382 AND
2 1 9200 84 9383 XOR
2 1 9382 9383 9384 AND
2 1 9201 9384 9385 AND
2 1 9194 85 9386 XOR
2 1 9385 9386 9387 AND
2 1 9195 9387 9388 AND
2 1 9188 86 9389 XOR
2 1 9388 9389 9390 AND
2 1 9189 9390 9391 AND
2 1 9182 87 9392 XOR
2 1 9391 9392 9393 AND
2 1 9183 9393 9394 AND
2 1 9176 88 9395 XOR
2 1 9394 9395 9396 AND
2 1 9177 9396 9397 AND
2 1 9170 89 9398 XOR
2 1 9397 9398 9399 AND
2 1 9171 9399 9400 AND
2 1 9164 90 9401 XOR
2 1 9400 9401 9402 AND
2 1 9165 9402 9403 AND
2 1 9158 91 9404 XOR
2 1 9403 9404 9405 AND
2 1 9159 9405 9406 AND
2 1 9152 92 9407 XOR
2 1 9406 9407 9408 AND
2 1 9153 9408 9409 AND
2 1 9146 93 9410 XOR
2 1 9409 9410 9411 AND
2 1 9147 9411 9412 AND
2 1 9140 94 9413 XOR
2 1 9412 9413 9414 AND
2 1 9141 9414 9415 AND
2 1 9134 95 9416 XOR
2 1 9415 9416 9417 AND
2 1 9135 9417 9418 AND
2 1 9128 96 9419 XOR
2 1 9418 9419 9420 AND
2 1 9129 9420 9421 AND
2 1 9122 97 9422 XOR
2 1 9421 9422 9423 AND
2 1 9123 9423 9424 AND
2 1 9116 98 9425 XOR
2 1 9424 9425 9426 AND
2 1 9117 9426 9427 AND
2 1 9110 99 9428 XOR
2 1 9427 9428 9429 AND
2 1 9111 9429 9430 AND
2 1 9104 100 9431 XOR
2 1 9430 9431 9432 AND
2 1 9105 9432 9433 AND
2 1 9098 101 9434 XOR
2 1 9433 9434 9435 AND
2 1 9099 9435 9436 AND
2 1 9092 102 9437 XOR
2 1 9436 9437 9438 AND
2 1 9093 9438 9439 AND
2 1 9086 103 9440 XOR
2 1 9439 9440 9441 AND
2 1 9087 9441 9442 AND
2 1 9080 104 9443 XOR
2 1 9442 9443 9444 AND
2 1 9081 9444 9445 AND
2 1 9074 105 9446 XOR
2 1 9445 9446 9447 AND
2 1 9075 9447 9448 AND
2 1 9068 106 9449 XOR
2 1 9448 9449 9450 AND
2 1 9069 9450 9451 AND
2 1 8689 9063 9452 AND
2 1 9058 9057 9453 XOR
2 1 9063 9453 9454 AND
2 1 9452 9454 9455 AND
2 1 107 9455 9456 AND
2 1 107 9452 9457 AND
2 1 9454 9457 9458 AND
2 1 160 174 9459 AND
2 1 9458 9459 9460 AND
2 1 9456 9460 9461 AND
2 1 9451 9461 9462 AND
2 1 9062 9455 9463 AND
2 1 9462 9463 9464 AND
2 1 9449 9448 9465 XOR
2 1 9464 9465 9466 AND
2 1 9068 9463 9467 AND
2 1 9462 9467 9468 AND
2 1 9466 9468 9469 AND
2 1 107 9469 9470 AND
2 1 9446 9445 9471 XOR
2 1 9464 9471 9472 AND
2 1 9074 9463 9473 AND
2 1 9462 9473 9474 AND
2 1 9472 9474 9475 AND
2 1 106 9475 9476 AND
2 1 9443 9442 9477 XOR
2 1 9464 9477 9478 AND
2 1 9080 9463 9479 AND
2 1 9462 9479 9480 AND
2 1 9478 9480 9481 AND
2 1 105 9481 9482 AND
2 1 9440 9439 9483 XOR
2 1 9464 9483 9484 AND
2 1 9086 9463 9485 AND
2 1 9462 9485 9486 AND
2 1 9484 9486 9487 AND
2 1 104 9487 9488 AND
2 1 9437 9436 9489 XOR
2 1 9464 9489 9490 AND
2 1 9092 9463 9491 AND
2 1 9462 9491 9492 AND
2 1 9490 9492 9493 AND
2 1 103 9493 9494 AND
2 1 9434 9433 9495 XOR
2 1 9464 9495 9496 AND
2 1 9098 9463 9497 AND
2 1 9462 9497 9498 AND
2 1 9496 9498 9499 AND
2 1 102 9499 9500 AND
2 1 9431 9430 9501 XOR
2 1 9464 9501 9502 AND
2 1 9104 9463 9503 AND
2 1 9462 9503 9504 AND
2 1 9502 9504 9505 AND
2 1 101 9505 9506 AND
2 1 9428 9427 9507 XOR
2 1 9464 9507 9508 AND
2 1 9110 9463 9509 AND
2 1 9462 9509 9510 AND
2 1 9508 9510 9511 AND
2 1 100 9511 9512 AND
2 1 9425 9424 9513 XOR
2 1 9464 9513 9514 AND
2 1 9116 9463 9515 AND
2 1 9462 9515 9516 AND
2 1 9514 9516 9517 AND
2 1 99 9517 9518 AND
2 1 9422 9421 9519 XOR
2 1 9464 9519 9520 AND
2 1 9122 9463 9521 AND
2 1 9462 9521 9522 AND
2 1 9520 9522 9523 AND
2 1 98 9523 9524 AND
2 1 9419 9418 9525 XOR
2 1 9464 9525 9526 AND
2 1 9128 9463 9527 AND
2 1 9462 9527 9528 AND
2 1 9526 9528 9529 AND
2 1 97 9529 9530 AND
2 1 9416 9415 9531 XOR
2 1 9464 9531 9532 AND
2 1 9134 9463 9533 AND
2 1 9462 9533 9534 AND
2 1 9532 9534 9535 AND
2 1 96 9535 9536 AND
2 1 9413 9412 9537 XOR
2 1 9464 9537 9538 AND
2 1 9140 9463 9539 AND
2 1 9462 9539 9540 AND
2 1 9538 9540 9541 AND
2 1 95 9541 9542 AND
2 1 9410 9409 9543 XOR
2 1 9464 9543 9544 AND
2 1 9146 9463 9545 AND
2 1 9462 9545 9546 AND
2 1 9544 9546 9547 AND
2 1 94 9547 9548 AND
2 1 9407 9406 9549 XOR
2 1 9464 9549 9550 AND
2 1 9152 9463 9551 AND
2 1 9462 9551 9552 AND
2 1 9550 9552 9553 AND
2 1 93 9553 9554 AND
2 1 9404 9403 9555 XOR
2 1 9464 9555 9556 AND
2 1 9158 9463 9557 AND
2 1 9462 9557 9558 AND
2 1 9556 9558 9559 AND
2 1 92 9559 9560 AND
2 1 9401 9400 9561 XOR
2 1 9464 9561 9562 AND
2 1 9164 9463 9563 AND
2 1 9462 9563 9564 AND
2 1 9562 9564 9565 AND
2 1 91 9565 9566 AND
2 1 9398 9397 9567 XOR
2 1 9464 9567 9568 AND
2 1 9170 9463 9569 AND
2 1 9462 9569 9570 AND
2 1 9568 9570 9571 AND
2 1 90 9571 9572 AND
2 1 9395 9394 9573 XOR
2 1 9464 9573 9574 AND
2 1 9176 9463 9575 AND
2 1 9462 9575 9576 AND
2 1 9574 9576 9577 AND
2 1 89 9577 9578 AND
2 1 9392 9391 9579 XOR
2 1 9464 9579 9580 AND
2 1 9182 9463 9581 AND
2 1 9462 9581 9582 AND
2 1 9580 9582 9583 AND
2 1 88 9583 9584 AND
2 1 9389 9388 9585 XOR
2 1 9464 9585 9586 AND
2 1 9188 9463 9587 AND
2 1 9462 9587 9588 AND
2 1 9586 9588 9589 AND
2 1 87 9589 9590 AND
2 1 9386 9385 9591 XOR
2 1 9464 9591 9592 AND
2 1 9194 9463 9593 AND
2 1 9462 9593 9594 AND
2 1 9592 9594 9595 AND
2 1 86 9595 9596 AND
2 1 9383 9382 9597 XOR
2 1 9464 9597 9598 AND
2 1 9200 9463 9599 AND
2 1 9462 9599 9600 AND
2 1 9598 9600 9601 AND
2 1 85 9601 9602 AND
2 1 9380 9379 9603 XOR
2 1 9464 9603 9604 AND
2 1 9206 9463 9605 AND
2 1 9462 9605 9606 AND
2 1 9604 9606 9607 AND
2 1 84 9607 9608 AND
2 1 9377 9376 9609 XOR
2 1 9464 9609 9610 AND
2 1 9212 9463 9611 AND
2 1 9462 9611 9612 AND
2 1 9610 9612 9613 AND
2 1 83 9613 9614 AND
2 1 9374 9373 9615 XOR
2 1 9464 9615 9616 AND
2 1 9218 9463 9617 AND
2 1 9462 9617 9618 AND
2 1 9616 9618 9619 AND
2 1 82 9619 9620 AND
2 1 9371 9370 9621 XOR
2 1 9464 9621 9622 AND
2 1 9224 9463 9623 AND
2 1 9462 9623 9624 AND
2 1 9622 9624 9625 AND
2 1 81 9625 9626 AND
2 1 9368 9367 9627 XOR
2 1 9464 9627 9628 AND
2 1 9230 9463 9629 AND
2 1 9462 9629 9630 AND
2 1 9628 9630 9631 AND
2 1 80 9631 9632 AND
2 1 9365 9364 9633 XOR
2 1 9464 9633 9634 AND
2 1 9236 9463 9635 AND
2 1 9462 9635 9636 AND
2 1 9634 9636 9637 AND
2 1 79 9637 9638 AND
2 1 9362 9361 9639 XOR
2 1 9464 9639 9640 AND
2 1 9242 9463 9641 AND
2 1 9462 9641 9642 AND
2 1 9640 9642 9643 AND
2 1 78 9643 9644 AND
2 1 9359 9358 9645 XOR
2 1 9464 9645 9646 AND
2 1 9248 9463 9647 AND
2 1 9462 9647 9648 AND
2 1 9646 9648 9649 AND
2 1 77 9649 9650 AND
2 1 9356 9355 9651 XOR
2 1 9464 9651 9652 AND
2 1 9254 9463 9653 AND
2 1 9462 9653 9654 AND
2 1 9652 9654 9655 AND
2 1 76 9655 9656 AND
2 1 9353 9352 9657 XOR
2 1 9464 9657 9658 AND
2 1 9260 9463 9659 AND
2 1 9462 9659 9660 AND
2 1 9658 9660 9661 AND
2 1 75 9661 9662 AND
2 1 9350 9349 9663 XOR
2 1 9464 9663 9664 AND
2 1 9266 9463 9665 AND
2 1 9462 9665 9666 AND
2 1 9664 9666 9667 AND
2 1 74 9667 9668 AND
2 1 9347 9346 9669 XOR
2 1 9464 9669 9670 AND
2 1 9272 9463 9671 AND
2 1 9462 9671 9672 AND
2 1 9670 9672 9673 AND
2 1 73 9673 9674 AND
2 1 9344 9343 9675 XOR
2 1 9464 9675 9676 AND
2 1 9278 9463 9677 AND
2 1 9462 9677 9678 AND
2 1 9676 9678 9679 AND
2 1 72 9679 9680 AND
2 1 9341 9340 9681 XOR
2 1 9464 9681 9682 AND
2 1 9284 9463 9683 AND
2 1 9462 9683 9684 AND
2 1 9682 9684 9685 AND
2 1 71 9685 9686 AND
2 1 9338 9337 9687 XOR
2 1 9464 9687 9688 AND
2 1 9290 9463 9689 AND
2 1 9462 9689 9690 AND
2 1 9688 9690 9691 AND
2 1 70 9691 9692 AND
2 1 9335 9334 9693 XOR
2 1 9464 9693 9694 AND
2 1 9296 9463 9695 AND
2 1 9462 9695 9696 AND
2 1 9694 9696 9697 AND
2 1 69 9697 9698 AND
2 1 9332 9331 9699 XOR
2 1 9464 9699 9700 AND
2 1 9302 9463 9701 AND
2 1 9462 9701 9702 AND
2 1 9700 9702 9703 AND
2 1 68 9703 9704 AND
2 1 9320 65 9321 XOR
2 1 9321 9322 9323 AND
2 1 65 9320 9324 AND
2 1 9323 9324 9705 AND
2 1 9705 9329 9706 XOR
2 1 9464 9706 9707 AND
2 1 9309 9463 9708 AND
2 1 9462 9708 9709 AND
2 1 9707 9709 9710 AND
2 1 67 9710 9711 AND
2 1 9322 65 9712 XOR
2 1 9712 9320 9713 XOR
2 1 9464 9713 9714 AND
2 1 9320 9463 9715 AND
2 1 9462 9715 9716 AND
2 1 9714 9716 9717 AND
2 1 66 9717 9718 AND
2 1 65 20 9723 XOR
2 1 64 9464 9719 AND
2 1 9723 9719 9724 XOR
2 1 19 64 9725 AND
2 1 9724 9725 9726 AND
2 1 9719 20 9722 XOR
2 1 65 9722 9727 AND
2 1 9726 9727 9728 AND
2 1 9717 66 9729 XOR
2 1 9728 9729 9730 AND
2 1 9718 9730 9731 AND
2 1 9710 67 9732 XOR
2 1 9731 9732 9733 AND
2 1 9711 9733 9734 AND
2 1 9703 68 9735 XOR
2 1 9734 9735 9736 AND
2 1 9704 9736 9737 AND
2 1 9697 69 9738 XOR
2 1 9737 9738 9739 AND
2 1 9698 9739 9740 AND
2 1 9691 70 9741 XOR
2 1 9740 9741 9742 AND
2 1 9692 9742 9743 AND
2 1 9685 71 9744 XOR
2 1 9743 9744 9745 AND
2 1 9686 9745 9746 AND
2 1 9679 72 9747 XOR
2 1 9746 9747 9748 AND
2 1 9680 9748 9749 AND
2 1 9673 73 9750 XOR
2 1 9749 9750 9751 AND
2 1 9674 9751 9752 AND
2 1 9667 74 9753 XOR
2 1 9752 9753 9754 AND
2 1 9668 9754 9755 AND
2 1 9661 75 9756 XOR
2 1 9755 9756 9757 AND
2 1 9662 9757 9758 AND
2 1 9655 76 9759 XOR
2 1 9758 9759 9760 AND
2 1 9656 9760 9761 AND
2 1 9649 77 9762 XOR
2 1 9761 9762 9763 AND
2 1 9650 9763 9764 AND
2 1 9643 78 9765 XOR
2 1 9764 9765 9766 AND
2 1 9644 9766 9767 AND
2 1 9637 79 9768 XOR
2 1 9767 9768 9769 AND
2 1 9638 9769 9770 AND
2 1 9631 80 9771 XOR
2 1 9770 9771 9772 AND
2 1 9632 9772 9773 AND
2 1 9625 81 9774 XOR
2 1 9773 9774 9775 AND
2 1 9626 9775 9776 AND
2 1 9619 82 9777 XOR
2 1 9776 9777 9778 AND
2 1 9620 9778 9779 AND
2 1 9613 83 9780 XOR
2 1 9779 9780 9781 AND
2 1 9614 9781 9782 AND
2 1 9607 84 9783 XOR
2 1 9782 9783 9784 AND
2 1 9608 9784 9785 AND
2 1 9601 85 9786 XOR
2 1 9785 9786 9787 AND
2 1 9602 9787 9788 AND
2 1 9595 86 9789 XOR
2 1 9788 9789 9790 AND
2 1 9596 9790 9791 AND
2 1 9589 87 9792 XOR
2 1 9791 9792 9793 AND
2 1 9590 9793 9794 AND
2 1 9583 88 9795 XOR
2 1 9794 9795 9796 AND
2 1 9584 9796 9797 AND
2 1 9577 89 9798 XOR
2 1 9797 9798 9799 AND
2 1 9578 9799 9800 AND
2 1 9571 90 9801 XOR
2 1 9800 9801 9802 AND
2 1 9572 9802 9803 AND
2 1 9565 91 9804 XOR
2 1 9803 9804 9805 AND
2 1 9566 9805 9806 AND
2 1 9559 92 9807 XOR
2 1 9806 9807 9808 AND
2 1 9560 9808 9809 AND
2 1 9553 93 9810 XOR
2 1 9809 9810 9811 AND
2 1 9554 9811 9812 AND
2 1 9547 94 9813 XOR
2 1 9812 9813 9814 AND
2 1 9548 9814 9815 AND
2 1 9541 95 9816 XOR
2 1 9815 9816 9817 AND
2 1 9542 9817 9818 AND
2 1 9535 96 9819 XOR
2 1 9818 9819 9820 AND
2 1 9536 9820 9821 AND
2 1 9529 97 9822 XOR
2 1 9821 9822 9823 AND
2 1 9530 9823 9824 AND
2 1 9523 98 9825 XOR
2 1 9824 9825 9826 AND
2 1 9524 9826 9827 AND
2 1 9517 99 9828 XOR
2 1 9827 9828 9829 AND
2 1 9518 9829 9830 AND
2 1 9511 100 9831 XOR
2 1 9830 9831 9832 AND
2 1 9512 9832 9833 AND
2 1 9505 101 9834 XOR
2 1 9833 9834 9835 AND
2 1 9506 9835 9836 AND
2 1 9499 102 9837 XOR
2 1 9836 9837 9838 AND
2 1 9500 9838 9839 AND
2 1 9493 103 9840 XOR
2 1 9839 9840 9841 AND
2 1 9494 9841 9842 AND
2 1 9487 104 9843 XOR
2 1 9842 9843 9844 AND
2 1 9488 9844 9845 AND
2 1 9481 105 9846 XOR
2 1 9845 9846 9847 AND
2 1 9482 9847 9848 AND
2 1 9475 106 9849 XOR
2 1 9848 9849 9850 AND
2 1 9476 9850 9851 AND
2 1 9469 107 9852 XOR
2 1 9851 9852 9853 AND
2 1 9470 9853 9854 AND
2 1 9456 9458 9855 AND
2 1 9855 9451 9856 XOR
2 1 9464 9856 9857 AND
2 1 8689 9062 9858 AND
2 1 9462 9858 9859 AND
2 1 9857 9859 9860 AND
2 1 108 9860 9861 AND
2 1 108 9859 9862 AND
2 1 9857 9862 9863 AND
2 1 460 462 9864 AND
2 1 9863 9864 9865 AND
2 1 9861 9865 9866 AND
2 1 9854 9866 9867 AND
2 1 9459 9860 9868 AND
2 1 9867 9868 9869 AND
2 1 9852 9851 9870 XOR
2 1 9869 9870 9871 AND
2 1 9469 9868 9872 AND
2 1 9867 9872 9873 AND
2 1 9871 9873 9874 AND
2 1 9861 9863 9875 AND
2 1 9875 9854 9876 XOR
2 1 9869 9876 9877 AND
2 1 9459 9860 9878 AND
2 1 9867 9878 9879 AND
2 1 9877 9879 9880 AND
2 1 109 9880 9881 AND
2 1 108 9874 9882 AND
2 1 9849 9848 9883 XOR
2 1 9869 9883 9884 AND
2 1 9475 9868 9885 AND
2 1 9867 9885 9886 AND
2 1 9884 9886 9887 AND
2 1 107 9887 9888 AND
2 1 9846 9845 9889 XOR
2 1 9869 9889 9890 AND
2 1 9481 9868 9891 AND
2 1 9867 9891 9892 AND
2 1 9890 9892 9893 AND
2 1 106 9893 9894 AND
2 1 9843 9842 9895 XOR
2 1 9869 9895 9896 AND
2 1 9487 9868 9897 AND
2 1 9867 9897 9898 AND
2 1 9896 9898 9899 AND
2 1 105 9899 9900 AND
2 1 9840 9839 9901 XOR
2 1 9869 9901 9902 AND
2 1 9493 9868 9903 AND
2 1 9867 9903 9904 AND
2 1 9902 9904 9905 AND
2 1 104 9905 9906 AND
2 1 9837 9836 9907 XOR
2 1 9869 9907 9908 AND
2 1 9499 9868 9909 AND
2 1 9867 9909 9910 AND
2 1 9908 9910 9911 AND
2 1 103 9911 9912 AND
2 1 9834 9833 9913 XOR
2 1 9869 9913 9914 AND
2 1 9505 9868 9915 AND
2 1 9867 9915 9916 AND
2 1 9914 9916 9917 AND
2 1 102 9917 9918 AND
2 1 9831 9830 9919 XOR
2 1 9869 9919 9920 AND
2 1 9511 9868 9921 AND
2 1 9867 9921 9922 AND
2 1 9920 9922 9923 AND
2 1 101 9923 9924 AND
2 1 9828 9827 9925 XOR
2 1 9869 9925 9926 AND
2 1 9517 9868 9927 AND
2 1 9867 9927 9928 AND
2 1 9926 9928 9929 AND
2 1 100 9929 9930 AND
2 1 9825 9824 9931 XOR
2 1 9869 9931 9932 AND
2 1 9523 9868 9933 AND
2 1 9867 9933 9934 AND
2 1 9932 9934 9935 AND
2 1 99 9935 9936 AND
2 1 9822 9821 9937 XOR
2 1 9869 9937 9938 AND
2 1 9529 9868 9939 AND
2 1 9867 9939 9940 AND
2 1 9938 9940 9941 AND
2 1 98 9941 9942 AND
2 1 9819 9818 9943 XOR
2 1 9869 9943 9944 AND
2 1 9535 9868 9945 AND
2 1 9867 9945 9946 AND
2 1 9944 9946 9947 AND
2 1 97 9947 9948 AND
2 1 9816 9815 9949 XOR
2 1 9869 9949 9950 AND
2 1 9541 9868 9951 AND
2 1 9867 9951 9952 AND
2 1 9950 9952 9953 AND
2 1 96 9953 9954 AND
2 1 9813 9812 9955 XOR
2 1 9869 9955 9956 AND
2 1 9547 9868 9957 AND
2 1 9867 9957 9958 AND
2 1 9956 9958 9959 AND
2 1 95 9959 9960 AND
2 1 9810 9809 9961 XOR
2 1 9869 9961 9962 AND
2 1 9553 9868 9963 AND
2 1 9867 9963 9964 AND
2 1 9962 9964 9965 AND
2 1 94 9965 9966 AND
2 1 9807 9806 9967 XOR
2 1 9869 9967 9968 AND
2 1 9559 9868 9969 AND
2 1 9867 9969 9970 AND
2 1 9968 9970 9971 AND
2 1 93 9971 9972 AND
2 1 9804 9803 9973 XOR
2 1 9869 9973 9974 AND
2 1 9565 9868 9975 AND
2 1 9867 9975 9976 AND
2 1 9974 9976 9977 AND
2 1 92 9977 9978 AND
2 1 9801 9800 9979 XOR
2 1 9869 9979 9980 AND
2 1 9571 9868 9981 AND
2 1 9867 9981 9982 AND
2 1 9980 9982 9983 AND
2 1 91 9983 9984 AND
2 1 9798 9797 9985 XOR
2 1 9869 9985 9986 AND
2 1 9577 9868 9987 AND
2 1 9867 9987 9988 AND
2 1 9986 9988 9989 AND
2 1 90 9989 9990 AND
2 1 9795 9794 9991 XOR
2 1 9869 9991 9992 AND
2 1 9583 9868 9993 AND
2 1 9867 9993 9994 AND
2 1 9992 9994 9995 AND
2 1 89 9995 9996 AND
2 1 9792 9791 9997 XOR
2 1 9869 9997 9998 AND
2 1 9589 9868 9999 AND
2 1 9867 9999 10000 AND
2 1 9998 10000 10001 AND
2 1 88 10001 10002 AND
2 1 9789 9788 10003 XOR
2 1 9869 10003 10004 AND
2 1 9595 9868 10005 AND
2 1 9867 10005 10006 AND
2 1 10004 10006 10007 AND
2 1 87 10007 10008 AND
2 1 9786 9785 10009 XOR
2 1 9869 10009 10010 AND
2 1 9601 9868 10011 AND
2 1 9867 10011 10012 AND
2 1 10010 10012 10013 AND
2 1 86 10013 10014 AND
2 1 9783 9782 10015 XOR
2 1 9869 10015 10016 AND
2 1 9607 9868 10017 AND
2 1 9867 10017 10018 AND
2 1 10016 10018 10019 AND
2 1 85 10019 10020 AND
2 1 9780 9779 10021 XOR
2 1 9869 10021 10022 AND
2 1 9613 9868 10023 AND
2 1 9867 10023 10024 AND
2 1 10022 10024 10025 AND
2 1 84 10025 10026 AND
2 1 9777 9776 10027 XOR
2 1 9869 10027 10028 AND
2 1 9619 9868 10029 AND
2 1 9867 10029 10030 AND
2 1 10028 10030 10031 AND
2 1 83 10031 10032 AND
2 1 9774 9773 10033 XOR
2 1 9869 10033 10034 AND
2 1 9625 9868 10035 AND
2 1 9867 10035 10036 AND
2 1 10034 10036 10037 AND
2 1 82 10037 10038 AND
2 1 9771 9770 10039 XOR
2 1 9869 10039 10040 AND
2 1 9631 9868 10041 AND
2 1 9867 10041 10042 AND
2 1 10040 10042 10043 AND
2 1 81 10043 10044 AND
2 1 9768 9767 10045 XOR
2 1 9869 10045 10046 AND
2 1 9637 9868 10047 AND
2 1 9867 10047 10048 AND
2 1 10046 10048 10049 AND
2 1 80 10049 10050 AND
2 1 9765 9764 10051 XOR
2 1 9869 10051 10052 AND
2 1 9643 9868 10053 AND
2 1 9867 10053 10054 AND
2 1 10052 10054 10055 AND
2 1 79 10055 10056 AND
2 1 9762 9761 10057 XOR
2 1 9869 10057 10058 AND
2 1 9649 9868 10059 AND
2 1 9867 10059 10060 AND
2 1 10058 10060 10061 AND
2 1 78 10061 10062 AND
2 1 9759 9758 10063 XOR
2 1 9869 10063 10064 AND
2 1 9655 9868 10065 AND
2 1 9867 10065 10066 AND
2 1 10064 10066 10067 AND
2 1 77 10067 10068 AND
2 1 9756 9755 10069 XOR
2 1 9869 10069 10070 AND
2 1 9661 9868 10071 AND
2 1 9867 10071 10072 AND
2 1 10070 10072 10073 AND
2 1 76 10073 10074 AND
2 1 9753 9752 10075 XOR
2 1 9869 10075 10076 AND
2 1 9667 9868 10077 AND
2 1 9867 10077 10078 AND
2 1 10076 10078 10079 AND
2 1 75 10079 10080 AND
2 1 9750 9749 10081 XOR
2 1 9869 10081 10082 AND
2 1 9673 9868 10083 AND
2 1 9867 10083 10084 AND
2 1 10082 10084 10085 AND
2 1 74 10085 10086 AND
2 1 9747 9746 10087 XOR
2 1 9869 10087 10088 AND
2 1 9679 9868 10089 AND
2 1 9867 10089 10090 AND
2 1 10088 10090 10091 AND
2 1 73 10091 10092 AND
2 1 9744 9743 10093 XOR
2 1 9869 10093 10094 AND
2 1 9685 9868 10095 AND
2 1 9867 10095 10096 AND
2 1 10094 10096 10097 AND
2 1 72 10097 10098 AND
2 1 9741 9740 10099 XOR
2 1 9869 10099 10100 AND
2 1 9691 9868 10101 AND
2 1 9867 10101 10102 AND
2 1 10100 10102 10103 AND
2 1 71 10103 10104 AND
2 1 9738 9737 10105 XOR
2 1 9869 10105 10106 AND
2 1 9697 9868 10107 AND
2 1 9867 10107 10108 AND
2 1 10106 10108 10109 AND
2 1 70 10109 10110 AND
2 1 9735 9734 10111 XOR
2 1 9869 10111 10112 AND
2 1 9703 9868 10113 AND
2 1 9867 10113 10114 AND
2 1 10112 10114 10115 AND
2 1 69 10115 10116 AND
2 1 9732 9731 10117 XOR
2 1 9869 10117 10118 AND
2 1 9710 9868 10119 AND
2 1 9867 10119 10120 AND
2 1 10118 10120 10121 AND
2 1 68 10121 10122 AND
2 1 9729 9728 10123 XOR
2 1 9869 10123 10124 AND
2 1 9717 9868 10125 AND
2 1 9867 10125 10126 AND
2 1 10124 10126 10127 AND
2 1 67 10127 10128 AND
2 1 9725 65 10130 XOR
2 1 20 9719 9720 AND
2 1 9322 9464 9721 AND
2 1 9720 9721 10129 AND
2 1 10130 10129 10131 XOR
2 1 9869 10131 10132 AND
2 1 9722 9868 10133 AND
2 1 9867 10133 10134 AND
2 1 10132 10134 10135 AND
2 1 66 10135 10136 AND
2 1 65 19 10141 XOR
2 1 64 9869 10137 AND
2 1 10141 10137 10142 XOR
2 1 18 64 10143 AND
2 1 10142 10143 10144 AND
2 1 10137 19 10138 XOR
2 1 65 10138 10145 AND
2 1 10144 10145 10146 AND
2 1 10135 66 10147 XOR
2 1 10146 10147 10148 AND
2 1 10136 10148 10149 AND
2 1 10127 67 10150 XOR
2 1 10149 10150 10151 AND
2 1 10128 10151 10152 AND
2 1 10121 68 10153 XOR
2 1 10152 10153 10154 AND
2 1 10122 10154 10155 AND
2 1 10115 69 10156 XOR
2 1 10155 10156 10157 AND
2 1 10116 10157 10158 AND
2 1 10109 70 10159 XOR
2 1 10158 10159 10160 AND
2 1 10110 10160 10161 AND
2 1 10103 71 10162 XOR
2 1 10161 10162 10163 AND
2 1 10104 10163 10164 AND
2 1 10097 72 10165 XOR
2 1 10164 10165 10166 AND
2 1 10098 10166 10167 AND
2 1 10091 73 10168 XOR
2 1 10167 10168 10169 AND
2 1 10092 10169 10170 AND
2 1 10085 74 10171 XOR
2 1 10170 10171 10172 AND
2 1 10086 10172 10173 AND
2 1 10079 75 10174 XOR
2 1 10173 10174 10175 AND
2 1 10080 10175 10176 AND
2 1 10073 76 10177 XOR
2 1 10176 10177 10178 AND
2 1 10074 10178 10179 AND
2 1 10067 77 10180 XOR
2 1 10179 10180 10181 AND
2 1 10068 10181 10182 AND
2 1 10061 78 10183 XOR
2 1 10182 10183 10184 AND
2 1 10062 10184 10185 AND
2 1 10055 79 10186 XOR
2 1 10185 10186 10187 AND
2 1 10056 10187 10188 AND
2 1 10049 80 10189 XOR
2 1 10188 10189 10190 AND
2 1 10050 10190 10191 AND
2 1 10043 81 10192 XOR
2 1 10191 10192 10193 AND
2 1 10044 10193 10194 AND
2 1 10037 82 10195 XOR
2 1 10194 10195 10196 AND
2 1 10038 10196 10197 AND
2 1 10031 83 10198 XOR
2 1 10197 10198 10199 AND
2 1 10032 10199 10200 AND
2 1 10025 84 10201 XOR
2 1 10200 10201 10202 AND
2 1 10026 10202 10203 AND
2 1 10019 85 10204 XOR
2 1 10203 10204 10205 AND
2 1 10020 10205 10206 AND
2 1 10013 86 10207 XOR
2 1 10206 10207 10208 AND
2 1 10014 10208 10209 AND
2 1 10007 87 10210 XOR
2 1 10209 10210 10211 AND
2 1 10008 10211 10212 AND
2 1 10001 88 10213 XOR
2 1 10212 10213 10214 AND
2 1 10002 10214 10215 AND
2 1 9995 89 10216 XOR
2 1 10215 10216 10217 AND
2 1 9996 10217 10218 AND
2 1 9989 90 10219 XOR
2 1 10218 10219 10220 AND
2 1 9990 10220 10221 AND
2 1 9983 91 10222 XOR
2 1 10221 10222 10223 AND
2 1 9984 10223 10224 AND
2 1 9977 92 10225 XOR
2 1 10224 10225 10226 AND
2 1 9978 10226 10227 AND
2 1 9971 93 10228 XOR
2 1 10227 10228 10229 AND
2 1 9972 10229 10230 AND
2 1 9965 94 10231 XOR
2 1 10230 10231 10232 AND
2 1 9966 10232 10233 AND
2 1 9959 95 10234 XOR
2 1 10233 10234 10235 AND
2 1 9960 10235 10236 AND
2 1 9953 96 10237 XOR
2 1 10236 10237 10238 AND
2 1 9954 10238 10239 AND
2 1 9947 97 10240 XOR
2 1 10239 10240 10241 AND
2 1 9948 10241 10242 AND
2 1 9941 98 10243 XOR
2 1 10242 10243 10244 AND
2 1 9942 10244 10245 AND
2 1 9935 99 10246 XOR
2 1 10245 10246 10247 AND
2 1 9936 10247 10248 AND
2 1 9929 100 10249 XOR
2 1 10248 10249 10250 AND
2 1 9930 10250 10251 AND
2 1 9923 101 10252 XOR
2 1 10251 10252 10253 AND
2 1 9924 10253 10254 AND
2 1 9917 102 10255 XOR
2 1 10254 10255 10256 AND
2 1 9918 10256 10257 AND
2 1 9911 103 10258 XOR
2 1 10257 10258 10259 AND
2 1 9912 10259 10260 AND
2 1 9905 104 10261 XOR
2 1 10260 10261 10262 AND
2 1 9906 10262 10263 AND
2 1 9899 105 10264 XOR
2 1 10263 10264 10265 AND
2 1 9900 10265 10266 AND
2 1 9893 106 10267 XOR
2 1 10266 10267 10268 AND
2 1 9894 10268 10269 AND
2 1 9887 107 10270 XOR
2 1 10269 10270 10271 AND
2 1 9888 10271 10272 AND
2 1 9874 108 10273 XOR
2 1 10272 10273 10274 AND
2 1 9882 10274 10275 AND
2 1 9880 109 10276 XOR
2 1 10275 10276 10277 AND
2 1 9881 10277 10278 AND
2 1 170 172 10279 AND
2 1 160 10279 10280 AND
2 1 10278 10280 10281 AND
2 1 9874 10281 10282 AND
2 1 10273 10272 10283 XOR
2 1 10280 10283 10284 AND
2 1 10278 10284 10285 AND
2 1 10282 10285 10286 AND
2 1 109 10286 10287 AND
2 1 9887 10281 10288 AND
2 1 10270 10269 10289 XOR
2 1 10280 10289 10290 AND
2 1 10278 10290 10291 AND
2 1 10288 10291 10292 AND
2 1 108 10292 10293 AND
2 1 9893 10281 10294 AND
2 1 10267 10266 10295 XOR
2 1 10280 10295 10296 AND
2 1 10278 10296 10297 AND
2 1 10294 10297 10298 AND
2 1 107 10298 10299 AND
2 1 9899 10281 10300 AND
2 1 10264 10263 10301 XOR
2 1 10280 10301 10302 AND
2 1 10278 10302 10303 AND
2 1 10300 10303 10304 AND
2 1 106 10304 10305 AND
2 1 9905 10281 10306 AND
2 1 10261 10260 10307 XOR
2 1 10280 10307 10308 AND
2 1 10278 10308 10309 AND
2 1 10306 10309 10310 AND
2 1 105 10310 10311 AND
2 1 9911 10281 10312 AND
2 1 10258 10257 10313 XOR
2 1 10280 10313 10314 AND
2 1 10278 10314 10315 AND
2 1 10312 10315 10316 AND
2 1 104 10316 10317 AND
2 1 9917 10281 10318 AND
2 1 10255 10254 10319 XOR
2 1 10280 10319 10320 AND
2 1 10278 10320 10321 AND
2 1 10318 10321 10322 AND
2 1 103 10322 10323 AND
2 1 9923 10281 10324 AND
2 1 10252 10251 10325 XOR
2 1 10280 10325 10326 AND
2 1 10278 10326 10327 AND
2 1 10324 10327 10328 AND
2 1 102 10328 10329 AND
2 1 9929 10281 10330 AND
2 1 10249 10248 10331 XOR
2 1 10280 10331 10332 AND
2 1 10278 10332 10333 AND
2 1 10330 10333 10334 AND
2 1 101 10334 10335 AND
2 1 9935 10281 10336 AND
2 1 10246 10245 10337 XOR
2 1 10280 10337 10338 AND
2 1 10278 10338 10339 AND
2 1 10336 10339 10340 AND
2 1 100 10340 10341 AND
2 1 9941 10281 10342 AND
2 1 10243 10242 10343 XOR
2 1 10280 10343 10344 AND
2 1 10278 10344 10345 AND
2 1 10342 10345 10346 AND
2 1 99 10346 10347 AND
2 1 9947 10281 10348 AND
2 1 10240 10239 10349 XOR
2 1 10280 10349 10350 AND
2 1 10278 10350 10351 AND
2 1 10348 10351 10352 AND
2 1 98 10352 10353 AND
2 1 9953 10281 10354 AND
2 1 10237 10236 10355 XOR
2 1 10280 10355 10356 AND
2 1 10278 10356 10357 AND
2 1 10354 10357 10358 AND
2 1 97 10358 10359 AND
2 1 9959 10281 10360 AND
2 1 10234 10233 10361 XOR
2 1 10280 10361 10362 AND
2 1 10278 10362 10363 AND
2 1 10360 10363 10364 AND
2 1 96 10364 10365 AND
2 1 9965 10281 10366 AND
2 1 10231 10230 10367 XOR
2 1 10280 10367 10368 AND
2 1 10278 10368 10369 AND
2 1 10366 10369 10370 AND
2 1 95 10370 10371 AND
2 1 9971 10281 10372 AND
2 1 10228 10227 10373 XOR
2 1 10280 10373 10374 AND
2 1 10278 10374 10375 AND
2 1 10372 10375 10376 AND
2 1 94 10376 10377 AND
2 1 9977 10281 10378 AND
2 1 10225 10224 10379 XOR
2 1 10280 10379 10380 AND
2 1 10278 10380 10381 AND
2 1 10378 10381 10382 AND
2 1 93 10382 10383 AND
2 1 9983 10281 10384 AND
2 1 10222 10221 10385 XOR
2 1 10280 10385 10386 AND
2 1 10278 10386 10387 AND
2 1 10384 10387 10388 AND
2 1 92 10388 10389 AND
2 1 9989 10281 10390 AND
2 1 10219 10218 10391 XOR
2 1 10280 10391 10392 AND
2 1 10278 10392 10393 AND
2 1 10390 10393 10394 AND
2 1 91 10394 10395 AND
2 1 9995 10281 10396 AND
2 1 10216 10215 10397 XOR
2 1 10280 10397 10398 AND
2 1 10278 10398 10399 AND
2 1 10396 10399 10400 AND
2 1 90 10400 10401 AND
2 1 10001 10281 10402 AND
2 1 10213 10212 10403 XOR
2 1 10280 10403 10404 AND
2 1 10278 10404 10405 AND
2 1 10402 10405 10406 AND
2 1 89 10406 10407 AND
2 1 10007 10281 10408 AND
2 1 10210 10209 10409 XOR
2 1 10280 10409 10410 AND
2 1 10278 10410 10411 AND
2 1 10408 10411 10412 AND
2 1 88 10412 10413 AND
2 1 10013 10281 10414 AND
2 1 10207 10206 10415 XOR
2 1 10280 10415 10416 AND
2 1 10278 10416 10417 AND
2 1 10414 10417 10418 AND
2 1 87 10418 10419 AND
2 1 10019 10281 10420 AND
2 1 10204 10203 10421 XOR
2 1 10280 10421 10422 AND
2 1 10278 10422 10423 AND
2 1 10420 10423 10424 AND
2 1 86 10424 10425 AND
2 1 10025 10281 10426 AND
2 1 10201 10200 10427 XOR
2 1 10280 10427 10428 AND
2 1 10278 10428 10429 AND
2 1 10426 10429 10430 AND
2 1 85 10430 10431 AND
2 1 10031 10281 10432 AND
2 1 10198 10197 10433 XOR
2 1 10280 10433 10434 AND
2 1 10278 10434 10435 AND
2 1 10432 10435 10436 AND
2 1 84 10436 10437 AND
2 1 10037 10281 10438 AND
2 1 10195 10194 10439 XOR
2 1 10280 10439 10440 AND
2 1 10278 10440 10441 AND
2 1 10438 10441 10442 AND
2 1 83 10442 10443 AND
2 1 10043 10281 10444 AND
2 1 10192 10191 10445 XOR
2 1 10280 10445 10446 AND
2 1 10278 10446 10447 AND
2 1 10444 10447 10448 AND
2 1 82 10448 10449 AND
2 1 10049 10281 10450 AND
2 1 10189 10188 10451 XOR
2 1 10280 10451 10452 AND
2 1 10278 10452 10453 AND
2 1 10450 10453 10454 AND
2 1 81 10454 10455 AND
2 1 10055 10281 10456 AND
2 1 10186 10185 10457 XOR
2 1 10280 10457 10458 AND
2 1 10278 10458 10459 AND
2 1 10456 10459 10460 AND
2 1 80 10460 10461 AND
2 1 10061 10281 10462 AND
2 1 10183 10182 10463 XOR
2 1 10280 10463 10464 AND
2 1 10278 10464 10465 AND
2 1 10462 10465 10466 AND
2 1 79 10466 10467 AND
2 1 10067 10281 10468 AND
2 1 10180 10179 10469 XOR
2 1 10280 10469 10470 AND
2 1 10278 10470 10471 AND
2 1 10468 10471 10472 AND
2 1 78 10472 10473 AND
2 1 10073 10281 10474 AND
2 1 10177 10176 10475 XOR
2 1 10280 10475 10476 AND
2 1 10278 10476 10477 AND
2 1 10474 10477 10478 AND
2 1 77 10478 10479 AND
2 1 10079 10281 10480 AND
2 1 10174 10173 10481 XOR
2 1 10280 10481 10482 AND
2 1 10278 10482 10483 AND
2 1 10480 10483 10484 AND
2 1 76 10484 10485 AND
2 1 10085 10281 10486 AND
2 1 10171 10170 10487 XOR
2 1 10280 10487 10488 AND
2 1 10278 10488 10489 AND
2 1 10486 10489 10490 AND
2 1 75 10490 10491 AND
2 1 10091 10281 10492 AND
2 1 10168 10167 10493 XOR
2 1 10280 10493 10494 AND
2 1 10278 10494 10495 AND
2 1 10492 10495 10496 AND
2 1 74 10496 10497 AND
2 1 10097 10281 10498 AND
2 1 10165 10164 10499 XOR
2 1 10280 10499 10500 AND
2 1 10278 10500 10501 AND
2 1 10498 10501 10502 AND
2 1 73 10502 10503 AND
2 1 10103 10281 10504 AND
2 1 10162 10161 10505 XOR
2 1 10280 10505 10506 AND
2 1 10278 10506 10507 AND
2 1 10504 10507 10508 AND
2 1 72 10508 10509 AND
2 1 10109 10281 10510 AND
2 1 10159 10158 10511 XOR
2 1 10280 10511 10512 AND
2 1 10278 10512 10513 AND
2 1 10510 10513 10514 AND
2 1 71 10514 10515 AND
2 1 10115 10281 10516 AND
2 1 10156 10155 10517 XOR
2 1 10280 10517 10518 AND
2 1 10278 10518 10519 AND
2 1 10516 10519 10520 AND
2 1 70 10520 10521 AND
2 1 10121 10281 10522 AND
2 1 10153 10152 10523 XOR
2 1 10280 10523 10524 AND
2 1 10278 10524 10525 AND
2 1 10522 10525 10526 AND
2 1 69 10526 10527 AND
2 1 10127 10281 10528 AND
2 1 10150 10149 10529 XOR
2 1 10280 10529 10530 AND
2 1 10278 10530 10531 AND
2 1 10528 10531 10532 AND
2 1 68 10532 10533 AND
2 1 10135 10281 10534 AND
2 1 10147 10146 10535 XOR
2 1 10280 10535 10536 AND
2 1 10278 10536 10537 AND
2 1 10534 10537 10538 AND
2 1 67 10538 10539 AND
2 1 10138 10281 10540 AND
2 1 65 10138 10139 AND
2 1 65 10138 10140 AND
2 1 10139 10140 10541 AND
2 1 10541 10143 10542 XOR
2 1 10280 10542 10543 AND
2 1 10278 10543 10544 AND
2 1 10540 10544 10545 AND
2 1 66 10545 10546 AND
2 1 17 64 10559 AND
2 1 65 10559 10562 AND
2 1 64 110 10547 AND
2 1 286 10547 10548 AND
2 1 269 10548 10549 AND
2 1 460 10549 10550 AND
2 1 10278 10550 10551 AND
2 1 18 10551 10552 AND
2 1 172 10143 10553 AND
2 1 170 10553 10554 AND
2 1 160 10554 10555 AND
2 1 10278 10555 10556 AND
2 1 10552 10556 10557 AND
2 1 65 10559 10563 AND
2 1 10557 10563 10564 AND
2 1 10562 10564 10565 AND
2 1 10545 66 10566 XOR
2 1 10565 10566 10567 AND
2 1 10546 10567 10568 AND
2 1 10538 67 10569 XOR
2 1 10568 10569 10570 AND
2 1 10539 10570 10571 AND
2 1 10532 68 10572 XOR
2 1 10571 10572 10573 AND
2 1 10533 10573 10574 AND
2 1 10526 69 10575 XOR
2 1 10574 10575 10576 AND
2 1 10527 10576 10577 AND
2 1 10520 70 10578 XOR
2 1 10577 10578 10579 AND
2 1 10521 10579 10580 AND
2 1 10514 71 10581 XOR
2 1 10580 10581 10582 AND
2 1 10515 10582 10583 AND
2 1 10508 72 10584 XOR
2 1 10583 10584 10585 AND
2 1 10509 10585 10586 AND
2 1 10502 73 10587 XOR
2 1 10586 10587 10588 AND
2 1 10503 10588 10589 AND
2 1 10496 74 10590 XOR
2 1 10589 10590 10591 AND
2 1 10497 10591 10592 AND
2 1 10490 75 10593 XOR
2 1 10592 10593 10594 AND
2 1 10491 10594 10595 AND
2 1 10484 76 10596 XOR
2 1 10595 10596 10597 AND
2 1 10485 10597 10598 AND
2 1 10478 77 10599 XOR
2 1 10598 10599 10600 AND
2 1 10479 10600 10601 AND
2 1 10472 78 10602 XOR
2 1 10601 10602 10603 AND
2 1 10473 10603 10604 AND
2 1 10466 79 10605 XOR
2 1 10604 10605 10606 AND
2 1 10467 10606 10607 AND
2 1 10460 80 10608 XOR
2 1 10607 10608 10609 AND
2 1 10461 10609 10610 AND
2 1 10454 81 10611 XOR
2 1 10610 10611 10612 AND
2 1 10455 10612 10613 AND
2 1 10448 82 10614 XOR
2 1 10613 10614 10615 AND
2 1 10449 10615 10616 AND
2 1 10442 83 10617 XOR
2 1 10616 10617 10618 AND
2 1 10443 10618 10619 AND
2 1 10436 84 10620 XOR
2 1 10619 10620 10621 AND
2 1 10437 10621 10622 AND
2 1 10430 85 10623 XOR
2 1 10622 10623 10624 AND
2 1 10431 10624 10625 AND
2 1 10424 86 10626 XOR
2 1 10625 10626 10627 AND
2 1 10425 10627 10628 AND
2 1 10418 87 10629 XOR
2 1 10628 10629 10630 AND
2 1 10419 10630 10631 AND
2 1 10412 88 10632 XOR
2 1 10631 10632 10633 AND
2 1 10413 10633 10634 AND
2 1 10406 89 10635 XOR
2 1 10634 10635 10636 AND
2 1 10407 10636 10637 AND
2 1 10400 90 10638 XOR
2 1 10637 10638 10639 AND
2 1 10401 10639 10640 AND
2 1 10394 91 10641 XOR
2 1 10640 10641 10642 AND
2 1 10395 10642 10643 AND
2 1 10388 92 10644 XOR
2 1 10643 10644 10645 AND
2 1 10389 10645 10646 AND
2 1 10382 93 10647 XOR
2 1 10646 10647 10648 AND
2 1 10383 10648 10649 AND
2 1 10376 94 10650 XOR
2 1 10649 10650 10651 AND
2 1 10377 10651 10652 AND
2 1 10370 95 10653 XOR
2 1 10652 10653 10654 AND
2 1 10371 10654 10655 AND
2 1 10364 96 10656 XOR
2 1 10655 10656 10657 AND
2 1 10365 10657 10658 AND
2 1 10358 97 10659 XOR
2 1 10658 10659 10660 AND
2 1 10359 10660 10661 AND
2 1 10352 98 10662 XOR
2 1 10661 10662 10663 AND
2 1 10353 10663 10664 AND
2 1 10346 99 10665 XOR
2 1 10664 10665 10666 AND
2 1 10347 10666 10667 AND
2 1 10340 100 10668 XOR
2 1 10667 10668 10669 AND
2 1 10341 10669 10670 AND
2 1 10334 101 10671 XOR
2 1 10670 10671 10672 AND
2 1 10335 10672 10673 AND
2 1 10328 102 10674 XOR
2 1 10673 10674 10675 AND
2 1 10329 10675 10676 AND
2 1 10322 103 10677 XOR
2 1 10676 10677 10678 AND
2 1 10323 10678 10679 AND
2 1 10316 104 10680 XOR
2 1 10679 10680 10681 AND
2 1 10317 10681 10682 AND
2 1 10310 105 10683 XOR
2 1 10682 10683 10684 AND
2 1 10311 10684 10685 AND
2 1 10304 106 10686 XOR
2 1 10685 10686 10687 AND
2 1 10305 10687 10688 AND
2 1 10298 107 10689 XOR
2 1 10688 10689 10690 AND
2 1 10299 10690 10691 AND
2 1 10292 108 10692 XOR
2 1 10691 10692 10693 AND
2 1 10293 10693 10694 AND
2 1 10286 109 10695 XOR
2 1 10694 10695 10696 AND
2 1 10287 10696 10697 AND
2 1 9880 10281 10698 AND
2 1 10276 10275 10699 XOR
2 1 10281 10699 10700 AND
2 1 10698 10700 10701 AND
2 1 110 10701 10702 AND
2 1 110 10698 10703 AND
2 1 10700 10703 10704 AND
2 1 269 286 10705 AND
2 1 460 10705 10706 AND
2 1 10704 10706 10707 AND
2 1 10702 10707 10708 AND
2 1 10697 10708 10709 AND
2 1 10280 10701 10710 AND
2 1 10709 10710 10711 AND
2 1 10695 10694 10712 XOR
2 1 10711 10712 10713 AND
2 1 10286 10710 10714 AND
2 1 10709 10714 10715 AND
2 1 10713 10715 10716 AND
2 1 110 10716 10717 AND
2 1 10692 10691 10718 XOR
2 1 10711 10718 10719 AND
2 1 10292 10710 10720 AND
2 1 10709 10720 10721 AND
2 1 10719 10721 10722 AND
2 1 109 10722 10723 AND
2 1 10689 10688 10724 XOR
2 1 10711 10724 10725 AND
2 1 10298 10710 10726 AND
2 1 10709 10726 10727 AND
2 1 10725 10727 10728 AND
2 1 108 10728 10729 AND
2 1 10686 10685 10730 XOR
2 1 10711 10730 10731 AND
2 1 10304 10710 10732 AND
2 1 10709 10732 10733 AND
2 1 10731 10733 10734 AND
2 1 107 10734 10735 AND
2 1 10683 10682 10736 XOR
2 1 10711 10736 10737 AND
2 1 10310 10710 10738 AND
2 1 10709 10738 10739 AND
2 1 10737 10739 10740 AND
2 1 106 10740 10741 AND
2 1 10680 10679 10742 XOR
2 1 10711 10742 10743 AND
2 1 10316 10710 10744 AND
2 1 10709 10744 10745 AND
2 1 10743 10745 10746 AND
2 1 105 10746 10747 AND
2 1 10677 10676 10748 XOR
2 1 10711 10748 10749 AND
2 1 10322 10710 10750 AND
2 1 10709 10750 10751 AND
2 1 10749 10751 10752 AND
2 1 104 10752 10753 AND
2 1 10674 10673 10754 XOR
2 1 10711 10754 10755 AND
2 1 10328 10710 10756 AND
2 1 10709 10756 10757 AND
2 1 10755 10757 10758 AND
2 1 103 10758 10759 AND
2 1 10671 10670 10760 XOR
2 1 10711 10760 10761 AND
2 1 10334 10710 10762 AND
2 1 10709 10762 10763 AND
2 1 10761 10763 10764 AND
2 1 102 10764 10765 AND
2 1 10668 10667 10766 XOR
2 1 10711 10766 10767 AND
2 1 10340 10710 10768 AND
2 1 10709 10768 10769 AND
2 1 10767 10769 10770 AND
2 1 101 10770 10771 AND
2 1 10665 10664 10772 XOR
2 1 10711 10772 10773 AND
2 1 10346 10710 10774 AND
2 1 10709 10774 10775 AND
2 1 10773 10775 10776 AND
2 1 100 10776 10777 AND
2 1 10662 10661 10778 XOR
2 1 10711 10778 10779 AND
2 1 10352 10710 10780 AND
2 1 10709 10780 10781 AND
2 1 10779 10781 10782 AND
2 1 99 10782 10783 AND
2 1 10659 10658 10784 XOR
2 1 10711 10784 10785 AND
2 1 10358 10710 10786 AND
2 1 10709 10786 10787 AND
2 1 10785 10787 10788 AND
2 1 98 10788 10789 AND
2 1 10656 10655 10790 XOR
2 1 10711 10790 10791 AND
2 1 10364 10710 10792 AND
2 1 10709 10792 10793 AND
2 1 10791 10793 10794 AND
2 1 97 10794 10795 AND
2 1 10653 10652 10796 XOR
2 1 10711 10796 10797 AND
2 1 10370 10710 10798 AND
2 1 10709 10798 10799 AND
2 1 10797 10799 10800 AND
2 1 96 10800 10801 AND
2 1 10650 10649 10802 XOR
2 1 10711 10802 10803 AND
2 1 10376 10710 10804 AND
2 1 10709 10804 10805 AND
2 1 10803 10805 10806 AND
2 1 95 10806 10807 AND
2 1 10647 10646 10808 XOR
2 1 10711 10808 10809 AND
2 1 10382 10710 10810 AND
2 1 10709 10810 10811 AND
2 1 10809 10811 10812 AND
2 1 94 10812 10813 AND
2 1 10644 10643 10814 XOR
2 1 10711 10814 10815 AND
2 1 10388 10710 10816 AND
2 1 10709 10816 10817 AND
2 1 10815 10817 10818 AND
2 1 93 10818 10819 AND
2 1 10641 10640 10820 XOR
2 1 10711 10820 10821 AND
2 1 10394 10710 10822 AND
2 1 10709 10822 10823 AND
2 1 10821 10823 10824 AND
2 1 92 10824 10825 AND
2 1 10638 10637 10826 XOR
2 1 10711 10826 10827 AND
2 1 10400 10710 10828 AND
2 1 10709 10828 10829 AND
2 1 10827 10829 10830 AND
2 1 91 10830 10831 AND
2 1 10635 10634 10832 XOR
2 1 10711 10832 10833 AND
2 1 10406 10710 10834 AND
2 1 10709 10834 10835 AND
2 1 10833 10835 10836 AND
2 1 90 10836 10837 AND
2 1 10632 10631 10838 XOR
2 1 10711 10838 10839 AND
2 1 10412 10710 10840 AND
2 1 10709 10840 10841 AND
2 1 10839 10841 10842 AND
2 1 89 10842 10843 AND
2 1 10629 10628 10844 XOR
2 1 10711 10844 10845 AND
2 1 10418 10710 10846 AND
2 1 10709 10846 10847 AND
2 1 10845 10847 10848 AND
2 1 88 10848 10849 AND
2 1 10626 10625 10850 XOR
2 1 10711 10850 10851 AND
2 1 10424 10710 10852 AND
2 1 10709 10852 10853 AND
2 1 10851 10853 10854 AND
2 1 87 10854 10855 AND
2 1 10623 10622 10856 XOR
2 1 10711 10856 10857 AND
2 1 10430 10710 10858 AND
2 1 10709 10858 10859 AND
2 1 10857 10859 10860 AND
2 1 86 10860 10861 AND
2 1 10620 10619 10862 XOR
2 1 10711 10862 10863 AND
2 1 10436 10710 10864 AND
2 1 10709 10864 10865 AND
2 1 10863 10865 10866 AND
2 1 85 10866 10867 AND
2 1 10617 10616 10868 XOR
2 1 10711 10868 10869 AND
2 1 10442 10710 10870 AND
2 1 10709 10870 10871 AND
2 1 10869 10871 10872 AND
2 1 84 10872 10873 AND
2 1 10614 10613 10874 XOR
2 1 10711 10874 10875 AND
2 1 10448 10710 10876 AND
2 1 10709 10876 10877 AND
2 1 10875 10877 10878 AND
2 1 83 10878 10879 AND
2 1 10611 10610 10880 XOR
2 1 10711 10880 10881 AND
2 1 10454 10710 10882 AND
2 1 10709 10882 10883 AND
2 1 10881 10883 10884 AND
2 1 82 10884 10885 AND
2 1 10608 10607 10886 XOR
2 1 10711 10886 10887 AND
2 1 10460 10710 10888 AND
2 1 10709 10888 10889 AND
2 1 10887 10889 10890 AND
2 1 81 10890 10891 AND
2 1 10605 10604 10892 XOR
2 1 10711 10892 10893 AND
2 1 10466 10710 10894 AND
2 1 10709 10894 10895 AND
2 1 10893 10895 10896 AND
2 1 80 10896 10897 AND
2 1 10602 10601 10898 XOR
2 1 10711 10898 10899 AND
2 1 10472 10710 10900 AND
2 1 10709 10900 10901 AND
2 1 10899 10901 10902 AND
2 1 79 10902 10903 AND
2 1 10599 10598 10904 XOR
2 1 10711 10904 10905 AND
2 1 10478 10710 10906 AND
2 1 10709 10906 10907 AND
2 1 10905 10907 10908 AND
2 1 78 10908 10909 AND
2 1 10596 10595 10910 XOR
2 1 10711 10910 10911 AND
2 1 10484 10710 10912 AND
2 1 10709 10912 10913 AND
2 1 10911 10913 10914 AND
2 1 77 10914 10915 AND
2 1 10593 10592 10916 XOR
2 1 10711 10916 10917 AND
2 1 10490 10710 10918 AND
2 1 10709 10918 10919 AND
2 1 10917 10919 10920 AND
2 1 76 10920 10921 AND
2 1 10590 10589 10922 XOR
2 1 10711 10922 10923 AND
2 1 10496 10710 10924 AND
2 1 10709 10924 10925 AND
2 1 10923 10925 10926 AND
2 1 75 10926 10927 AND
2 1 10587 10586 10928 XOR
2 1 10711 10928 10929 AND
2 1 10502 10710 10930 AND
2 1 10709 10930 10931 AND
2 1 10929 10931 10932 AND
2 1 74 10932 10933 AND
2 1 10584 10583 10934 XOR
2 1 10711 10934 10935 AND
2 1 10508 10710 10936 AND
2 1 10709 10936 10937 AND
2 1 10935 10937 10938 AND
2 1 73 10938 10939 AND
2 1 10581 10580 10940 XOR
2 1 10711 10940 10941 AND
2 1 10514 10710 10942 AND
2 1 10709 10942 10943 AND
2 1 10941 10943 10944 AND
2 1 72 10944 10945 AND
2 1 10578 10577 10946 XOR
2 1 10711 10946 10947 AND
2 1 10520 10710 10948 AND
2 1 10709 10948 10949 AND
2 1 10947 10949 10950 AND
2 1 71 10950 10951 AND
2 1 10575 10574 10952 XOR
2 1 10711 10952 10953 AND
2 1 10526 10710 10954 AND
2 1 10709 10954 10955 AND
2 1 10953 10955 10956 AND
2 1 70 10956 10957 AND
2 1 10572 10571 10958 XOR
2 1 10711 10958 10959 AND
2 1 10532 10710 10960 AND
2 1 10709 10960 10961 AND
2 1 10959 10961 10962 AND
2 1 69 10962 10963 AND
2 1 10569 10568 10964 XOR
2 1 10711 10964 10965 AND
2 1 10538 10710 10966 AND
2 1 10709 10966 10967 AND
2 1 10965 10967 10968 AND
2 1 68 10968 10969 AND
2 1 10557 65 10558 XOR
2 1 10558 10559 10560 AND
2 1 65 10557 10561 AND
2 1 10560 10561 10970 AND
2 1 10970 10566 10971 XOR
2 1 10711 10971 10972 AND
2 1 10545 10710 10973 AND
2 1 10709 10973 10974 AND
2 1 10972 10974 10975 AND
2 1 67 10975 10976 AND
2 1 10559 65 10977 XOR
2 1 10977 10557 10978 XOR
2 1 10711 10978 10979 AND
2 1 10557 10710 10980 AND
2 1 10709 10980 10981 AND
2 1 10979 10981 10982 AND
2 1 66 10982 10983 AND
2 1 65 17 10988 XOR
2 1 64 10711 10984 AND
2 1 10988 10984 10989 XOR
2 1 16 64 10990 AND
2 1 10989 10990 10991 AND
2 1 10984 17 10987 XOR
2 1 65 10987 10992 AND
2 1 10991 10992 10993 AND
2 1 10982 66 10994 XOR
2 1 10993 10994 10995 AND
2 1 10983 10995 10996 AND
2 1 10975 67 10997 XOR
2 1 10996 10997 10998 AND
2 1 10976 10998 10999 AND
2 1 10968 68 11000 XOR
2 1 10999 11000 11001 AND
2 1 10969 11001 11002 AND
2 1 10962 69 11003 XOR
2 1 11002 11003 11004 AND
2 1 10963 11004 11005 AND
2 1 10956 70 11006 XOR
2 1 11005 11006 11007 AND
2 1 10957 11007 11008 AND
2 1 10950 71 11009 XOR
2 1 11008 11009 11010 AND
2 1 10951 11010 11011 AND
2 1 10944 72 11012 XOR
2 1 11011 11012 11013 AND
2 1 10945 11013 11014 AND
2 1 10938 73 11015 XOR
2 1 11014 11015 11016 AND
2 1 10939 11016 11017 AND
2 1 10932 74 11018 XOR
2 1 11017 11018 11019 AND
2 1 10933 11019 11020 AND
2 1 10926 75 11021 XOR
2 1 11020 11021 11022 AND
2 1 10927 11022 11023 AND
2 1 10920 76 11024 XOR
2 1 11023 11024 11025 AND
2 1 10921 11025 11026 AND
2 1 10914 77 11027 XOR
2 1 11026 11027 11028 AND
2 1 10915 11028 11029 AND
2 1 10908 78 11030 XOR
2 1 11029 11030 11031 AND
2 1 10909 11031 11032 AND
2 1 10902 79 11033 XOR
2 1 11032 11033 11034 AND
2 1 10903 11034 11035 AND
2 1 10896 80 11036 XOR
2 1 11035 11036 11037 AND
2 1 10897 11037 11038 AND
2 1 10890 81 11039 XOR
2 1 11038 11039 11040 AND
2 1 10891 11040 11041 AND
2 1 10884 82 11042 XOR
2 1 11041 11042 11043 AND
2 1 10885 11043 11044 AND
2 1 10878 83 11045 XOR
2 1 11044 11045 11046 AND
2 1 10879 11046 11047 AND
2 1 10872 84 11048 XOR
2 1 11047 11048 11049 AND
2 1 10873 11049 11050 AND
2 1 10866 85 11051 XOR
2 1 11050 11051 11052 AND
2 1 10867 11052 11053 AND
2 1 10860 86 11054 XOR
2 1 11053 11054 11055 AND
2 1 10861 11055 11056 AND
2 1 10854 87 11057 XOR
2 1 11056 11057 11058 AND
2 1 10855 11058 11059 AND
2 1 10848 88 11060 XOR
2 1 11059 11060 11061 AND
2 1 10849 11061 11062 AND
2 1 10842 89 11063 XOR
2 1 11062 11063 11064 AND
2 1 10843 11064 11065 AND
2 1 10836 90 11066 XOR
2 1 11065 11066 11067 AND
2 1 10837 11067 11068 AND
2 1 10830 91 11069 XOR
2 1 11068 11069 11070 AND
2 1 10831 11070 11071 AND
2 1 10824 92 11072 XOR
2 1 11071 11072 11073 AND
2 1 10825 11073 11074 AND
2 1 10818 93 11075 XOR
2 1 11074 11075 11076 AND
2 1 10819 11076 11077 AND
2 1 10812 94 11078 XOR
2 1 11077 11078 11079 AND
2 1 10813 11079 11080 AND
2 1 10806 95 11081 XOR
2 1 11080 11081 11082 AND
2 1 10807 11082 11083 AND
2 1 10800 96 11084 XOR
2 1 11083 11084 11085 AND
2 1 10801 11085 11086 AND
2 1 10794 97 11087 XOR
2 1 11086 11087 11088 AND
2 1 10795 11088 11089 AND
2 1 10788 98 11090 XOR
2 1 11089 11090 11091 AND
2 1 10789 11091 11092 AND
2 1 10782 99 11093 XOR
2 1 11092 11093 11094 AND
2 1 10783 11094 11095 AND
2 1 10776 100 11096 XOR
2 1 11095 11096 11097 AND
2 1 10777 11097 11098 AND
2 1 10770 101 11099 XOR
2 1 11098 11099 11100 AND
2 1 10771 11100 11101 AND
2 1 10764 102 11102 XOR
2 1 11101 11102 11103 AND
2 1 10765 11103 11104 AND
2 1 10758 103 11105 XOR
2 1 11104 11105 11106 AND
2 1 10759 11106 11107 AND
2 1 10752 104 11108 XOR
2 1 11107 11108 11109 AND
2 1 10753 11109 11110 AND
2 1 10746 105 11111 XOR
2 1 11110 11111 11112 AND
2 1 10747 11112 11113 AND
2 1 10740 106 11114 XOR
2 1 11113 11114 11115 AND
2 1 10741 11115 11116 AND
2 1 10734 107 11117 XOR
2 1 11116 11117 11118 AND
2 1 10735 11118 11119 AND
2 1 10728 108 11120 XOR
2 1 11119 11120 11121 AND
2 1 10729 11121 11122 AND
2 1 10722 109 11123 XOR
2 1 11122 11123 11124 AND
2 1 10723 11124 11125 AND
2 1 10716 110 11126 XOR
2 1 11125 11126 11127 AND
2 1 10717 11127 11128 AND
2 1 10702 10704 11129 AND
2 1 11129 10697 11130 XOR
2 1 10711 11130 11131 AND
2 1 9880 10280 11132 AND
2 1 10709 11132 11133 AND
2 1 11131 11133 11134 AND
2 1 111 11134 11135 AND
2 1 111 11133 11136 AND
2 1 11131 11136 11137 AND
2 1 208 11137 11138 AND
2 1 11135 11138 11139 AND
2 1 11128 11139 11140 AND
2 1 10706 11134 11141 AND
2 1 11140 11141 11142 AND
2 1 11126 11125 11143 XOR
2 1 11142 11143 11144 AND
2 1 10716 11141 11145 AND
2 1 11140 11145 11146 AND
2 1 11144 11146 11147 AND
2 1 11135 11137 11148 AND
2 1 11148 11128 11149 XOR
2 1 11142 11149 11150 AND
2 1 10706 11134 11151 AND
2 1 11140 11151 11152 AND
2 1 11150 11152 11153 AND
2 1 112 11153 11154 AND
2 1 111 11147 11155 AND
2 1 11123 11122 11156 XOR
2 1 11142 11156 11157 AND
2 1 10722 11141 11158 AND
2 1 11140 11158 11159 AND
2 1 11157 11159 11160 AND
2 1 110 11160 11161 AND
2 1 11120 11119 11162 XOR
2 1 11142 11162 11163 AND
2 1 10728 11141 11164 AND
2 1 11140 11164 11165 AND
2 1 11163 11165 11166 AND
2 1 109 11166 11167 AND
2 1 11117 11116 11168 XOR
2 1 11142 11168 11169 AND
2 1 10734 11141 11170 AND
2 1 11140 11170 11171 AND
2 1 11169 11171 11172 AND
2 1 108 11172 11173 AND
2 1 11114 11113 11174 XOR
2 1 11142 11174 11175 AND
2 1 10740 11141 11176 AND
2 1 11140 11176 11177 AND
2 1 11175 11177 11178 AND
2 1 107 11178 11179 AND
2 1 11111 11110 11180 XOR
2 1 11142 11180 11181 AND
2 1 10746 11141 11182 AND
2 1 11140 11182 11183 AND
2 1 11181 11183 11184 AND
2 1 106 11184 11185 AND
2 1 11108 11107 11186 XOR
2 1 11142 11186 11187 AND
2 1 10752 11141 11188 AND
2 1 11140 11188 11189 AND
2 1 11187 11189 11190 AND
2 1 105 11190 11191 AND
2 1 11105 11104 11192 XOR
2 1 11142 11192 11193 AND
2 1 10758 11141 11194 AND
2 1 11140 11194 11195 AND
2 1 11193 11195 11196 AND
2 1 104 11196 11197 AND
2 1 11102 11101 11198 XOR
2 1 11142 11198 11199 AND
2 1 10764 11141 11200 AND
2 1 11140 11200 11201 AND
2 1 11199 11201 11202 AND
2 1 103 11202 11203 AND
2 1 11099 11098 11204 XOR
2 1 11142 11204 11205 AND
2 1 10770 11141 11206 AND
2 1 11140 11206 11207 AND
2 1 11205 11207 11208 AND
2 1 102 11208 11209 AND
2 1 11096 11095 11210 XOR
2 1 11142 11210 11211 AND
2 1 10776 11141 11212 AND
2 1 11140 11212 11213 AND
2 1 11211 11213 11214 AND
2 1 101 11214 11215 AND
2 1 11093 11092 11216 XOR
2 1 11142 11216 11217 AND
2 1 10782 11141 11218 AND
2 1 11140 11218 11219 AND
2 1 11217 11219 11220 AND
2 1 100 11220 11221 AND
2 1 11090 11089 11222 XOR
2 1 11142 11222 11223 AND
2 1 10788 11141 11224 AND
2 1 11140 11224 11225 AND
2 1 11223 11225 11226 AND
2 1 99 11226 11227 AND
2 1 11087 11086 11228 XOR
2 1 11142 11228 11229 AND
2 1 10794 11141 11230 AND
2 1 11140 11230 11231 AND
2 1 11229 11231 11232 AND
2 1 98 11232 11233 AND
2 1 11084 11083 11234 XOR
2 1 11142 11234 11235 AND
2 1 10800 11141 11236 AND
2 1 11140 11236 11237 AND
2 1 11235 11237 11238 AND
2 1 97 11238 11239 AND
2 1 11081 11080 11240 XOR
2 1 11142 11240 11241 AND
2 1 10806 11141 11242 AND
2 1 11140 11242 11243 AND
2 1 11241 11243 11244 AND
2 1 96 11244 11245 AND
2 1 11078 11077 11246 XOR
2 1 11142 11246 11247 AND
2 1 10812 11141 11248 AND
2 1 11140 11248 11249 AND
2 1 11247 11249 11250 AND
2 1 95 11250 11251 AND
2 1 11075 11074 11252 XOR
2 1 11142 11252 11253 AND
2 1 10818 11141 11254 AND
2 1 11140 11254 11255 AND
2 1 11253 11255 11256 AND
2 1 94 11256 11257 AND
2 1 11072 11071 11258 XOR
2 1 11142 11258 11259 AND
2 1 10824 11141 11260 AND
2 1 11140 11260 11261 AND
2 1 11259 11261 11262 AND
2 1 93 11262 11263 AND
2 1 11069 11068 11264 XOR
2 1 11142 11264 11265 AND
2 1 10830 11141 11266 AND
2 1 11140 11266 11267 AND
2 1 11265 11267 11268 AND
2 1 92 11268 11269 AND
2 1 11066 11065 11270 XOR
2 1 11142 11270 11271 AND
2 1 10836 11141 11272 AND
2 1 11140 11272 11273 AND
2 1 11271 11273 11274 AND
2 1 91 11274 11275 AND
2 1 11063 11062 11276 XOR
2 1 11142 11276 11277 AND
2 1 10842 11141 11278 AND
2 1 11140 11278 11279 AND
2 1 11277 11279 11280 AND
2 1 90 11280 11281 AND
2 1 11060 11059 11282 XOR
2 1 11142 11282 11283 AND
2 1 10848 11141 11284 AND
2 1 11140 11284 11285 AND
2 1 11283 11285 11286 AND
2 1 89 11286 11287 AND
2 1 11057 11056 11288 XOR
2 1 11142 11288 11289 AND
2 1 10854 11141 11290 AND
2 1 11140 11290 11291 AND
2 1 11289 11291 11292 AND
2 1 88 11292 11293 AND
2 1 11054 11053 11294 XOR
2 1 11142 11294 11295 AND
2 1 10860 11141 11296 AND
2 1 11140 11296 11297 AND
2 1 11295 11297 11298 AND
2 1 87 11298 11299 AND
2 1 11051 11050 11300 XOR
2 1 11142 11300 11301 AND
2 1 10866 11141 11302 AND
2 1 11140 11302 11303 AND
2 1 11301 11303 11304 AND
2 1 86 11304 11305 AND
2 1 11048 11047 11306 XOR
2 1 11142 11306 11307 AND
2 1 10872 11141 11308 AND
2 1 11140 11308 11309 AND
2 1 11307 11309 11310 AND
2 1 85 11310 11311 AND
2 1 11045 11044 11312 XOR
2 1 11142 11312 11313 AND
2 1 10878 11141 11314 AND
2 1 11140 11314 11315 AND
2 1 11313 11315 11316 AND
2 1 84 11316 11317 AND
2 1 11042 11041 11318 XOR
2 1 11142 11318 11319 AND
2 1 10884 11141 11320 AND
2 1 11140 11320 11321 AND
2 1 11319 11321 11322 AND
2 1 83 11322 11323 AND
2 1 11039 11038 11324 XOR
2 1 11142 11324 11325 AND
2 1 10890 11141 11326 AND
2 1 11140 11326 11327 AND
2 1 11325 11327 11328 AND
2 1 82 11328 11329 AND
2 1 11036 11035 11330 XOR
2 1 11142 11330 11331 AND
2 1 10896 11141 11332 AND
2 1 11140 11332 11333 AND
2 1 11331 11333 11334 AND
2 1 81 11334 11335 AND
2 1 11033 11032 11336 XOR
2 1 11142 11336 11337 AND
2 1 10902 11141 11338 AND
2 1 11140 11338 11339 AND
2 1 11337 11339 11340 AND
2 1 80 11340 11341 AND
2 1 11030 11029 11342 XOR
2 1 11142 11342 11343 AND
2 1 10908 11141 11344 AND
2 1 11140 11344 11345 AND
2 1 11343 11345 11346 AND
2 1 79 11346 11347 AND
2 1 11027 11026 11348 XOR
2 1 11142 11348 11349 AND
2 1 10914 11141 11350 AND
2 1 11140 11350 11351 AND
2 1 11349 11351 11352 AND
2 1 78 11352 11353 AND
2 1 11024 11023 11354 XOR
2 1 11142 11354 11355 AND
2 1 10920 11141 11356 AND
2 1 11140 11356 11357 AND
2 1 11355 11357 11358 AND
2 1 77 11358 11359 AND
2 1 11021 11020 11360 XOR
2 1 11142 11360 11361 AND
2 1 10926 11141 11362 AND
2 1 11140 11362 11363 AND
2 1 11361 11363 11364 AND
2 1 76 11364 11365 AND
2 1 11018 11017 11366 XOR
2 1 11142 11366 11367 AND
2 1 10932 11141 11368 AND
2 1 11140 11368 11369 AND
2 1 11367 11369 11370 AND
2 1 75 11370 11371 AND
2 1 11015 11014 11372 XOR
2 1 11142 11372 11373 AND
2 1 10938 11141 11374 AND
2 1 11140 11374 11375 AND
2 1 11373 11375 11376 AND
2 1 74 11376 11377 AND
2 1 11012 11011 11378 XOR
2 1 11142 11378 11379 AND
2 1 10944 11141 11380 AND
2 1 11140 11380 11381 AND
2 1 11379 11381 11382 AND
2 1 73 11382 11383 AND
2 1 11009 11008 11384 XOR
2 1 11142 11384 11385 AND
2 1 10950 11141 11386 AND
2 1 11140 11386 11387 AND
2 1 11385 11387 11388 AND
2 1 72 11388 11389 AND
2 1 11006 11005 11390 XOR
2 1 11142 11390 11391 AND
2 1 10956 11141 11392 AND
2 1 11140 11392 11393 AND
2 1 11391 11393 11394 AND
2 1 71 11394 11395 AND
2 1 11003 11002 11396 XOR
2 1 11142 11396 11397 AND
2 1 10962 11141 11398 AND
2 1 11140 11398 11399 AND
2 1 11397 11399 11400 AND
2 1 70 11400 11401 AND
2 1 11000 10999 11402 XOR
2 1 11142 11402 11403 AND
2 1 10968 11141 11404 AND
2 1 11140 11404 11405 AND
2 1 11403 11405 11406 AND
2 1 69 11406 11407 AND
2 1 10997 10996 11408 XOR
2 1 11142 11408 11409 AND
2 1 10975 11141 11410 AND
2 1 11140 11410 11411 AND
2 1 11409 11411 11412 AND
2 1 68 11412 11413 AND
2 1 10994 10993 11414 XOR
2 1 11142 11414 11415 AND
2 1 10982 11141 11416 AND
2 1 11140 11416 11417 AND
2 1 11415 11417 11418 AND
2 1 67 11418 11419 AND
2 1 10990 65 11421 XOR
2 1 17 10984 10985 AND
2 1 10559 10711 10986 AND
2 1 10985 10986 11420 AND
2 1 11421 11420 11422 XOR
2 1 11142 11422 11423 AND
2 1 10987 11141 11424 AND
2 1 11140 11424 11425 AND
2 1 11423 11425 11426 AND
2 1 66 11426 11427 AND
2 1 65 16 11432 XOR
2 1 64 11142 11428 AND
2 1 11432 11428 11433 XOR
2 1 15 64 11434 AND
2 1 11433 11434 11435 AND
2 1 11428 16 11429 XOR
2 1 65 11429 11436 AND
2 1 11435 11436 11437 AND
2 1 11426 66 11438 XOR
2 1 11437 11438 11439 AND
2 1 11427 11439 11440 AND
2 1 11418 67 11441 XOR
2 1 11440 11441 11442 AND
2 1 11419 11442 11443 AND
2 1 11412 68 11444 XOR
2 1 11443 11444 11445 AND
2 1 11413 11445 11446 AND
2 1 11406 69 11447 XOR
2 1 11446 11447 11448 AND
2 1 11407 11448 11449 AND
2 1 11400 70 11450 XOR
2 1 11449 11450 11451 AND
2 1 11401 11451 11452 AND
2 1 11394 71 11453 XOR
2 1 11452 11453 11454 AND
2 1 11395 11454 11455 AND
2 1 11388 72 11456 XOR
2 1 11455 11456 11457 AND
2 1 11389 11457 11458 AND
2 1 11382 73 11459 XOR
2 1 11458 11459 11460 AND
2 1 11383 11460 11461 AND
2 1 11376 74 11462 XOR
2 1 11461 11462 11463 AND
2 1 11377 11463 11464 AND
2 1 11370 75 11465 XOR
2 1 11464 11465 11466 AND
2 1 11371 11466 11467 AND
2 1 11364 76 11468 XOR
2 1 11467 11468 11469 AND
2 1 11365 11469 11470 AND
2 1 11358 77 11471 XOR
2 1 11470 11471 11472 AND
2 1 11359 11472 11473 AND
2 1 11352 78 11474 XOR
2 1 11473 11474 11475 AND
2 1 11353 11475 11476 AND
2 1 11346 79 11477 XOR
2 1 11476 11477 11478 AND
2 1 11347 11478 11479 AND
2 1 11340 80 11480 XOR
2 1 11479 11480 11481 AND
2 1 11341 11481 11482 AND
2 1 11334 81 11483 XOR
2 1 11482 11483 11484 AND
2 1 11335 11484 11485 AND
2 1 11328 82 11486 XOR
2 1 11485 11486 11487 AND
2 1 11329 11487 11488 AND
2 1 11322 83 11489 XOR
2 1 11488 11489 11490 AND
2 1 11323 11490 11491 AND
2 1 11316 84 11492 XOR
2 1 11491 11492 11493 AND
2 1 11317 11493 11494 AND
2 1 11310 85 11495 XOR
2 1 11494 11495 11496 AND
2 1 11311 11496 11497 AND
2 1 11304 86 11498 XOR
2 1 11497 11498 11499 AND
2 1 11305 11499 11500 AND
2 1 11298 87 11501 XOR
2 1 11500 11501 11502 AND
2 1 11299 11502 11503 AND
2 1 11292 88 11504 XOR
2 1 11503 11504 11505 AND
2 1 11293 11505 11506 AND
2 1 11286 89 11507 XOR
2 1 11506 11507 11508 AND
2 1 11287 11508 11509 AND
2 1 11280 90 11510 XOR
2 1 11509 11510 11511 AND
2 1 11281 11511 11512 AND
2 1 11274 91 11513 XOR
2 1 11512 11513 11514 AND
2 1 11275 11514 11515 AND
2 1 11268 92 11516 XOR
2 1 11515 11516 11517 AND
2 1 11269 11517 11518 AND
2 1 11262 93 11519 XOR
2 1 11518 11519 11520 AND
2 1 11263 11520 11521 AND
2 1 11256 94 11522 XOR
2 1 11521 11522 11523 AND
2 1 11257 11523 11524 AND
2 1 11250 95 11525 XOR
2 1 11524 11525 11526 AND
2 1 11251 11526 11527 AND
2 1 11244 96 11528 XOR
2 1 11527 11528 11529 AND
2 1 11245 11529 11530 AND
2 1 11238 97 11531 XOR
2 1 11530 11531 11532 AND
2 1 11239 11532 11533 AND
2 1 11232 98 11534 XOR
2 1 11533 11534 11535 AND
2 1 11233 11535 11536 AND
2 1 11226 99 11537 XOR
2 1 11536 11537 11538 AND
2 1 11227 11538 11539 AND
2 1 11220 100 11540 XOR
2 1 11539 11540 11541 AND
2 1 11221 11541 11542 AND
2 1 11214 101 11543 XOR
2 1 11542 11543 11544 AND
2 1 11215 11544 11545 AND
2 1 11208 102 11546 XOR
2 1 11545 11546 11547 AND
2 1 11209 11547 11548 AND
2 1 11202 103 11549 XOR
2 1 11548 11549 11550 AND
2 1 11203 11550 11551 AND
2 1 11196 104 11552 XOR
2 1 11551 11552 11553 AND
2 1 11197 11553 11554 AND
2 1 11190 105 11555 XOR
2 1 11554 11555 11556 AND
2 1 11191 11556 11557 AND
2 1 11184 106 11558 XOR
2 1 11557 11558 11559 AND
2 1 11185 11559 11560 AND
2 1 11178 107 11561 XOR
2 1 11560 11561 11562 AND
2 1 11179 11562 11563 AND
2 1 11172 108 11564 XOR
2 1 11563 11564 11565 AND
2 1 11173 11565 11566 AND
2 1 11166 109 11567 XOR
2 1 11566 11567 11568 AND
2 1 11167 11568 11569 AND
2 1 11160 110 11570 XOR
2 1 11569 11570 11571 AND
2 1 11161 11571 11572 AND
2 1 11147 111 11573 XOR
2 1 11572 11573 11574 AND
2 1 11155 11574 11575 AND
2 1 11153 112 11576 XOR
2 1 11575 11576 11577 AND
2 1 11154 11577 11578 AND
2 1 277 11578 11579 AND
2 1 11147 11579 11580 AND
2 1 11573 11572 11581 XOR
2 1 277 11581 11582 AND
2 1 11578 11582 11583 AND
2 1 11580 11583 11584 AND
2 1 112 11584 11585 AND
2 1 11160 11579 11586 AND
2 1 11570 11569 11587 XOR
2 1 277 11587 11588 AND
2 1 11578 11588 11589 AND
2 1 11586 11589 11590 AND
2 1 111 11590 11591 AND
2 1 11166 11579 11592 AND
2 1 11567 11566 11593 XOR
2 1 277 11593 11594 AND
2 1 11578 11594 11595 AND
2 1 11592 11595 11596 AND
2 1 110 11596 11597 AND
2 1 11172 11579 11598 AND
2 1 11564 11563 11599 XOR
2 1 277 11599 11600 AND
2 1 11578 11600 11601 AND
2 1 11598 11601 11602 AND
2 1 109 11602 11603 AND
2 1 11178 11579 11604 AND
2 1 11561 11560 11605 XOR
2 1 277 11605 11606 AND
2 1 11578 11606 11607 AND
2 1 11604 11607 11608 AND
2 1 108 11608 11609 AND
2 1 11184 11579 11610 AND
2 1 11558 11557 11611 XOR
2 1 277 11611 11612 AND
2 1 11578 11612 11613 AND
2 1 11610 11613 11614 AND
2 1 107 11614 11615 AND
2 1 11190 11579 11616 AND
2 1 11555 11554 11617 XOR
2 1 277 11617 11618 AND
2 1 11578 11618 11619 AND
2 1 11616 11619 11620 AND
2 1 106 11620 11621 AND
2 1 11196 11579 11622 AND
2 1 11552 11551 11623 XOR
2 1 277 11623 11624 AND
2 1 11578 11624 11625 AND
2 1 11622 11625 11626 AND
2 1 105 11626 11627 AND
2 1 11202 11579 11628 AND
2 1 11549 11548 11629 XOR
2 1 277 11629 11630 AND
2 1 11578 11630 11631 AND
2 1 11628 11631 11632 AND
2 1 104 11632 11633 AND
2 1 11208 11579 11634 AND
2 1 11546 11545 11635 XOR
2 1 277 11635 11636 AND
2 1 11578 11636 11637 AND
2 1 11634 11637 11638 AND
2 1 103 11638 11639 AND
2 1 11214 11579 11640 AND
2 1 11543 11542 11641 XOR
2 1 277 11641 11642 AND
2 1 11578 11642 11643 AND
2 1 11640 11643 11644 AND
2 1 102 11644 11645 AND
2 1 11220 11579 11646 AND
2 1 11540 11539 11647 XOR
2 1 277 11647 11648 AND
2 1 11578 11648 11649 AND
2 1 11646 11649 11650 AND
2 1 101 11650 11651 AND
2 1 11226 11579 11652 AND
2 1 11537 11536 11653 XOR
2 1 277 11653 11654 AND
2 1 11578 11654 11655 AND
2 1 11652 11655 11656 AND
2 1 100 11656 11657 AND
2 1 11232 11579 11658 AND
2 1 11534 11533 11659 XOR
2 1 277 11659 11660 AND
2 1 11578 11660 11661 AND
2 1 11658 11661 11662 AND
2 1 99 11662 11663 AND
2 1 11238 11579 11664 AND
2 1 11531 11530 11665 XOR
2 1 277 11665 11666 AND
2 1 11578 11666 11667 AND
2 1 11664 11667 11668 AND
2 1 98 11668 11669 AND
2 1 11244 11579 11670 AND
2 1 11528 11527 11671 XOR
2 1 277 11671 11672 AND
2 1 11578 11672 11673 AND
2 1 11670 11673 11674 AND
2 1 97 11674 11675 AND
2 1 11250 11579 11676 AND
2 1 11525 11524 11677 XOR
2 1 277 11677 11678 AND
2 1 11578 11678 11679 AND
2 1 11676 11679 11680 AND
2 1 96 11680 11681 AND
2 1 11256 11579 11682 AND
2 1 11522 11521 11683 XOR
2 1 277 11683 11684 AND
2 1 11578 11684 11685 AND
2 1 11682 11685 11686 AND
2 1 95 11686 11687 AND
2 1 11262 11579 11688 AND
2 1 11519 11518 11689 XOR
2 1 277 11689 11690 AND
2 1 11578 11690 11691 AND
2 1 11688 11691 11692 AND
2 1 94 11692 11693 AND
2 1 11268 11579 11694 AND
2 1 11516 11515 11695 XOR
2 1 277 11695 11696 AND
2 1 11578 11696 11697 AND
2 1 11694 11697 11698 AND
2 1 93 11698 11699 AND
2 1 11274 11579 11700 AND
2 1 11513 11512 11701 XOR
2 1 277 11701 11702 AND
2 1 11578 11702 11703 AND
2 1 11700 11703 11704 AND
2 1 92 11704 11705 AND
2 1 11280 11579 11706 AND
2 1 11510 11509 11707 XOR
2 1 277 11707 11708 AND
2 1 11578 11708 11709 AND
2 1 11706 11709 11710 AND
2 1 91 11710 11711 AND
2 1 11286 11579 11712 AND
2 1 11507 11506 11713 XOR
2 1 277 11713 11714 AND
2 1 11578 11714 11715 AND
2 1 11712 11715 11716 AND
2 1 90 11716 11717 AND
2 1 11292 11579 11718 AND
2 1 11504 11503 11719 XOR
2 1 277 11719 11720 AND
2 1 11578 11720 11721 AND
2 1 11718 11721 11722 AND
2 1 89 11722 11723 AND
2 1 11298 11579 11724 AND
2 1 11501 11500 11725 XOR
2 1 277 11725 11726 AND
2 1 11578 11726 11727 AND
2 1 11724 11727 11728 AND
2 1 88 11728 11729 AND
2 1 11304 11579 11730 AND
2 1 11498 11497 11731 XOR
2 1 277 11731 11732 AND
2 1 11578 11732 11733 AND
2 1 11730 11733 11734 AND
2 1 87 11734 11735 AND
2 1 11310 11579 11736 AND
2 1 11495 11494 11737 XOR
2 1 277 11737 11738 AND
2 1 11578 11738 11739 AND
2 1 11736 11739 11740 AND
2 1 86 11740 11741 AND
2 1 11316 11579 11742 AND
2 1 11492 11491 11743 XOR
2 1 277 11743 11744 AND
2 1 11578 11744 11745 AND
2 1 11742 11745 11746 AND
2 1 85 11746 11747 AND
2 1 11322 11579 11748 AND
2 1 11489 11488 11749 XOR
2 1 277 11749 11750 AND
2 1 11578 11750 11751 AND
2 1 11748 11751 11752 AND
2 1 84 11752 11753 AND
2 1 11328 11579 11754 AND
2 1 11486 11485 11755 XOR
2 1 277 11755 11756 AND
2 1 11578 11756 11757 AND
2 1 11754 11757 11758 AND
2 1 83 11758 11759 AND
2 1 11334 11579 11760 AND
2 1 11483 11482 11761 XOR
2 1 277 11761 11762 AND
2 1 11578 11762 11763 AND
2 1 11760 11763 11764 AND
2 1 82 11764 11765 AND
2 1 11340 11579 11766 AND
2 1 11480 11479 11767 XOR
2 1 277 11767 11768 AND
2 1 11578 11768 11769 AND
2 1 11766 11769 11770 AND
2 1 81 11770 11771 AND
2 1 11346 11579 11772 AND
2 1 11477 11476 11773 XOR
2 1 277 11773 11774 AND
2 1 11578 11774 11775 AND
2 1 11772 11775 11776 AND
2 1 80 11776 11777 AND
2 1 11352 11579 11778 AND
2 1 11474 11473 11779 XOR
2 1 277 11779 11780 AND
2 1 11578 11780 11781 AND
2 1 11778 11781 11782 AND
2 1 79 11782 11783 AND
2 1 11358 11579 11784 AND
2 1 11471 11470 11785 XOR
2 1 277 11785 11786 AND
2 1 11578 11786 11787 AND
2 1 11784 11787 11788 AND
2 1 78 11788 11789 AND
2 1 11364 11579 11790 AND
2 1 11468 11467 11791 XOR
2 1 277 11791 11792 AND
2 1 11578 11792 11793 AND
2 1 11790 11793 11794 AND
2 1 77 11794 11795 AND
2 1 11370 11579 11796 AND
2 1 11465 11464 11797 XOR
2 1 277 11797 11798 AND
2 1 11578 11798 11799 AND
2 1 11796 11799 11800 AND
2 1 76 11800 11801 AND
2 1 11376 11579 11802 AND
2 1 11462 11461 11803 XOR
2 1 277 11803 11804 AND
2 1 11578 11804 11805 AND
2 1 11802 11805 11806 AND
2 1 75 11806 11807 AND
2 1 11382 11579 11808 AND
2 1 11459 11458 11809 XOR
2 1 277 11809 11810 AND
2 1 11578 11810 11811 AND
2 1 11808 11811 11812 AND
2 1 74 11812 11813 AND
2 1 11388 11579 11814 AND
2 1 11456 11455 11815 XOR
2 1 277 11815 11816 AND
2 1 11578 11816 11817 AND
2 1 11814 11817 11818 AND
2 1 73 11818 11819 AND
2 1 11394 11579 11820 AND
2 1 11453 11452 11821 XOR
2 1 277 11821 11822 AND
2 1 11578 11822 11823 AND
2 1 11820 11823 11824 AND
2 1 72 11824 11825 AND
2 1 11400 11579 11826 AND
2 1 11450 11449 11827 XOR
2 1 277 11827 11828 AND
2 1 11578 11828 11829 AND
2 1 11826 11829 11830 AND
2 1 71 11830 11831 AND
2 1 11406 11579 11832 AND
2 1 11447 11446 11833 XOR
2 1 277 11833 11834 AND
2 1 11578 11834 11835 AND
2 1 11832 11835 11836 AND
2 1 70 11836 11837 AND
2 1 11412 11579 11838 AND
2 1 11444 11443 11839 XOR
2 1 277 11839 11840 AND
2 1 11578 11840 11841 AND
2 1 11838 11841 11842 AND
2 1 69 11842 11843 AND
2 1 11418 11579 11844 AND
2 1 11441 11440 11845 XOR
2 1 277 11845 11846 AND
2 1 11578 11846 11847 AND
2 1 11844 11847 11848 AND
2 1 68 11848 11849 AND
2 1 11426 11579 11850 AND
2 1 11438 11437 11851 XOR
2 1 277 11851 11852 AND
2 1 11578 11852 11853 AND
2 1 11850 11853 11854 AND
2 1 67 11854 11855 AND
2 1 11429 11579 11856 AND
2 1 65 11429 11430 AND
2 1 65 11429 11431 AND
2 1 11430 11431 11857 AND
2 1 11857 11434 11858 XOR
2 1 277 11858 11859 AND
2 1 11578 11859 11860 AND
2 1 11856 11860 11861 AND
2 1 66 11861 11862 AND
2 1 14 64 11874 AND
2 1 65 11874 11877 AND
2 1 64 113 11863 AND
2 1 169 11863 11864 AND
2 1 158 11864 11865 AND
2 1 207 11865 11866 AND
2 1 11578 11866 11867 AND
2 1 15 11867 11868 AND
2 1 269 11434 11869 AND
2 1 460 11869 11870 AND
2 1 11578 11870 11871 AND
2 1 11868 11871 11872 AND
2 1 65 11874 11878 AND
2 1 11872 11878 11879 AND
2 1 11877 11879 11880 AND
2 1 11861 66 11881 XOR
2 1 11880 11881 11882 AND
2 1 11862 11882 11883 AND
2 1 11854 67 11884 XOR
2 1 11883 11884 11885 AND
2 1 11855 11885 11886 AND
2 1 11848 68 11887 XOR
2 1 11886 11887 11888 AND
2 1 11849 11888 11889 AND
2 1 11842 69 11890 XOR
2 1 11889 11890 11891 AND
2 1 11843 11891 11892 AND
2 1 11836 70 11893 XOR
2 1 11892 11893 11894 AND
2 1 11837 11894 11895 AND
2 1 11830 71 11896 XOR
2 1 11895 11896 11897 AND
2 1 11831 11897 11898 AND
2 1 11824 72 11899 XOR
2 1 11898 11899 11900 AND
2 1 11825 11900 11901 AND
2 1 11818 73 11902 XOR
2 1 11901 11902 11903 AND
2 1 11819 11903 11904 AND
2 1 11812 74 11905 XOR
2 1 11904 11905 11906 AND
2 1 11813 11906 11907 AND
2 1 11806 75 11908 XOR
2 1 11907 11908 11909 AND
2 1 11807 11909 11910 AND
2 1 11800 76 11911 XOR
2 1 11910 11911 11912 AND
2 1 11801 11912 11913 AND
2 1 11794 77 11914 XOR
2 1 11913 11914 11915 AND
2 1 11795 11915 11916 AND
2 1 11788 78 11917 XOR
2 1 11916 11917 11918 AND
2 1 11789 11918 11919 AND
2 1 11782 79 11920 XOR
2 1 11919 11920 11921 AND
2 1 11783 11921 11922 AND
2 1 11776 80 11923 XOR
2 1 11922 11923 11924 AND
2 1 11777 11924 11925 AND
2 1 11770 81 11926 XOR
2 1 11925 11926 11927 AND
2 1 11771 11927 11928 AND
2 1 11764 82 11929 XOR
2 1 11928 11929 11930 AND
2 1 11765 11930 11931 AND
2 1 11758 83 11932 XOR
2 1 11931 11932 11933 AND
2 1 11759 11933 11934 AND
2 1 11752 84 11935 XOR
2 1 11934 11935 11936 AND
2 1 11753 11936 11937 AND
2 1 11746 85 11938 XOR
2 1 11937 11938 11939 AND
2 1 11747 11939 11940 AND
2 1 11740 86 11941 XOR
2 1 11940 11941 11942 AND
2 1 11741 11942 11943 AND
2 1 11734 87 11944 XOR
2 1 11943 11944 11945 AND
2 1 11735 11945 11946 AND
2 1 11728 88 11947 XOR
2 1 11946 11947 11948 AND
2 1 11729 11948 11949 AND
2 1 11722 89 11950 XOR
2 1 11949 11950 11951 AND
2 1 11723 11951 11952 AND
2 1 11716 90 11953 XOR
2 1 11952 11953 11954 AND
2 1 11717 11954 11955 AND
2 1 11710 91 11956 XOR
2 1 11955 11956 11957 AND
2 1 11711 11957 11958 AND
2 1 11704 92 11959 XOR
2 1 11958 11959 11960 AND
2 1 11705 11960 11961 AND
2 1 11698 93 11962 XOR
2 1 11961 11962 11963 AND
2 1 11699 11963 11964 AND
2 1 11692 94 11965 XOR
2 1 11964 11965 11966 AND
2 1 11693 11966 11967 AND
2 1 11686 95 11968 XOR
2 1 11967 11968 11969 AND
2 1 11687 11969 11970 AND
2 1 11680 96 11971 XOR
2 1 11970 11971 11972 AND
2 1 11681 11972 11973 AND
2 1 11674 97 11974 XOR
2 1 11973 11974 11975 AND
2 1 11675 11975 11976 AND
2 1 11668 98 11977 XOR
2 1 11976 11977 11978 AND
2 1 11669 11978 11979 AND
2 1 11662 99 11980 XOR
2 1 11979 11980 11981 AND
2 1 11663 11981 11982 AND
2 1 11656 100 11983 XOR
2 1 11982 11983 11984 AND
2 1 11657 11984 11985 AND
2 1 11650 101 11986 XOR
2 1 11985 11986 11987 AND
2 1 11651 11987 11988 AND
2 1 11644 102 11989 XOR
2 1 11988 11989 11990 AND
2 1 11645 11990 11991 AND
2 1 11638 103 11992 XOR
2 1 11991 11992 11993 AND
2 1 11639 11993 11994 AND
2 1 11632 104 11995 XOR
2 1 11994 11995 11996 AND
2 1 11633 11996 11997 AND
2 1 11626 105 11998 XOR
2 1 11997 11998 11999 AND
2 1 11627 11999 12000 AND
2 1 11620 106 12001 XOR
2 1 12000 12001 12002 AND
2 1 11621 12002 12003 AND
2 1 11614 107 12004 XOR
2 1 12003 12004 12005 AND
2 1 11615 12005 12006 AND
2 1 11608 108 12007 XOR
2 1 12006 12007 12008 AND
2 1 11609 12008 12009 AND
2 1 11602 109 12010 XOR
2 1 12009 12010 12011 AND
2 1 11603 12011 12012 AND
2 1 11596 110 12013 XOR
2 1 12012 12013 12014 AND
2 1 11597 12014 12015 AND
2 1 11590 111 12016 XOR
2 1 12015 12016 12017 AND
2 1 11591 12017 12018 AND
2 1 11584 112 12019 XOR
2 1 12018 12019 12020 AND
2 1 11585 12020 12021 AND
2 1 11153 11579 12022 AND
2 1 11576 11575 12023 XOR
2 1 11579 12023 12024 AND
2 1 12022 12024 12025 AND
2 1 113 12025 12026 AND
2 1 113 12022 12027 AND
2 1 12024 12027 12028 AND
2 1 158 169 12029 AND
2 1 207 12029 12030 AND
2 1 12028 12030 12031 AND
2 1 12026 12031 12032 AND
2 1 12021 12032 12033 AND
2 1 277 12025 12034 AND
2 1 12033 12034 12035 AND
2 1 12019 12018 12036 XOR
2 1 12035 12036 12037 AND
2 1 11584 12034 12038 AND
2 1 12033 12038 12039 AND
2 1 12037 12039 12040 AND
2 1 113 12040 12041 AND
2 1 12016 12015 12042 XOR
2 1 12035 12042 12043 AND
2 1 11590 12034 12044 AND
2 1 12033 12044 12045 AND
2 1 12043 12045 12046 AND
2 1 112 12046 12047 AND
2 1 12013 12012 12048 XOR
2 1 12035 12048 12049 AND
2 1 11596 12034 12050 AND
2 1 12033 12050 12051 AND
2 1 12049 12051 12052 AND
2 1 111 12052 12053 AND
2 1 12010 12009 12054 XOR
2 1 12035 12054 12055 AND
2 1 11602 12034 12056 AND
2 1 12033 12056 12057 AND
2 1 12055 12057 12058 AND
2 1 110 12058 12059 AND
2 1 12007 12006 12060 XOR
2 1 12035 12060 12061 AND
2 1 11608 12034 12062 AND
2 1 12033 12062 12063 AND
2 1 12061 12063 12064 AND
2 1 109 12064 12065 AND
2 1 12004 12003 12066 XOR
2 1 12035 12066 12067 AND
2 1 11614 12034 12068 AND
2 1 12033 12068 12069 AND
2 1 12067 12069 12070 AND
2 1 108 12070 12071 AND
2 1 12001 12000 12072 XOR
2 1 12035 12072 12073 AND
2 1 11620 12034 12074 AND
2 1 12033 12074 12075 AND
2 1 12073 12075 12076 AND
2 1 107 12076 12077 AND
2 1 11998 11997 12078 XOR
2 1 12035 12078 12079 AND
2 1 11626 12034 12080 AND
2 1 12033 12080 12081 AND
2 1 12079 12081 12082 AND
2 1 106 12082 12083 AND
2 1 11995 11994 12084 XOR
2 1 12035 12084 12085 AND
2 1 11632 12034 12086 AND
2 1 12033 12086 12087 AND
2 1 12085 12087 12088 AND
2 1 105 12088 12089 AND
2 1 11992 11991 12090 XOR
2 1 12035 12090 12091 AND
2 1 11638 12034 12092 AND
2 1 12033 12092 12093 AND
2 1 12091 12093 12094 AND
2 1 104 12094 12095 AND
2 1 11989 11988 12096 XOR
2 1 12035 12096 12097 AND
2 1 11644 12034 12098 AND
2 1 12033 12098 12099 AND
2 1 12097 12099 12100 AND
2 1 103 12100 12101 AND
2 1 11986 11985 12102 XOR
2 1 12035 12102 12103 AND
2 1 11650 12034 12104 AND
2 1 12033 12104 12105 AND
2 1 12103 12105 12106 AND
2 1 102 12106 12107 AND
2 1 11983 11982 12108 XOR
2 1 12035 12108 12109 AND
2 1 11656 12034 12110 AND
2 1 12033 12110 12111 AND
2 1 12109 12111 12112 AND
2 1 101 12112 12113 AND
2 1 11980 11979 12114 XOR
2 1 12035 12114 12115 AND
2 1 11662 12034 12116 AND
2 1 12033 12116 12117 AND
2 1 12115 12117 12118 AND
2 1 100 12118 12119 AND
2 1 11977 11976 12120 XOR
2 1 12035 12120 12121 AND
2 1 11668 12034 12122 AND
2 1 12033 12122 12123 AND
2 1 12121 12123 12124 AND
2 1 99 12124 12125 AND
2 1 11974 11973 12126 XOR
2 1 12035 12126 12127 AND
2 1 11674 12034 12128 AND
2 1 12033 12128 12129 AND
2 1 12127 12129 12130 AND
2 1 98 12130 12131 AND
2 1 11971 11970 12132 XOR
2 1 12035 12132 12133 AND
2 1 11680 12034 12134 AND
2 1 12033 12134 12135 AND
2 1 12133 12135 12136 AND
2 1 97 12136 12137 AND
2 1 11968 11967 12138 XOR
2 1 12035 12138 12139 AND
2 1 11686 12034 12140 AND
2 1 12033 12140 12141 AND
2 1 12139 12141 12142 AND
2 1 96 12142 12143 AND
2 1 11965 11964 12144 XOR
2 1 12035 12144 12145 AND
2 1 11692 12034 12146 AND
2 1 12033 12146 12147 AND
2 1 12145 12147 12148 AND
2 1 95 12148 12149 AND
2 1 11962 11961 12150 XOR
2 1 12035 12150 12151 AND
2 1 11698 12034 12152 AND
2 1 12033 12152 12153 AND
2 1 12151 12153 12154 AND
2 1 94 12154 12155 AND
2 1 11959 11958 12156 XOR
2 1 12035 12156 12157 AND
2 1 11704 12034 12158 AND
2 1 12033 12158 12159 AND
2 1 12157 12159 12160 AND
2 1 93 12160 12161 AND
2 1 11956 11955 12162 XOR
2 1 12035 12162 12163 AND
2 1 11710 12034 12164 AND
2 1 12033 12164 12165 AND
2 1 12163 12165 12166 AND
2 1 92 12166 12167 AND
2 1 11953 11952 12168 XOR
2 1 12035 12168 12169 AND
2 1 11716 12034 12170 AND
2 1 12033 12170 12171 AND
2 1 12169 12171 12172 AND
2 1 91 12172 12173 AND
2 1 11950 11949 12174 XOR
2 1 12035 12174 12175 AND
2 1 11722 12034 12176 AND
2 1 12033 12176 12177 AND
2 1 12175 12177 12178 AND
2 1 90 12178 12179 AND
2 1 11947 11946 12180 XOR
2 1 12035 12180 12181 AND
2 1 11728 12034 12182 AND
2 1 12033 12182 12183 AND
2 1 12181 12183 12184 AND
2 1 89 12184 12185 AND
2 1 11944 11943 12186 XOR
2 1 12035 12186 12187 AND
2 1 11734 12034 12188 AND
2 1 12033 12188 12189 AND
2 1 12187 12189 12190 AND
2 1 88 12190 12191 AND
2 1 11941 11940 12192 XOR
2 1 12035 12192 12193 AND
2 1 11740 12034 12194 AND
2 1 12033 12194 12195 AND
2 1 12193 12195 12196 AND
2 1 87 12196 12197 AND
2 1 11938 11937 12198 XOR
2 1 12035 12198 12199 AND
2 1 11746 12034 12200 AND
2 1 12033 12200 12201 AND
2 1 12199 12201 12202 AND
2 1 86 12202 12203 AND
2 1 11935 11934 12204 XOR
2 1 12035 12204 12205 AND
2 1 11752 12034 12206 AND
2 1 12033 12206 12207 AND
2 1 12205 12207 12208 AND
2 1 85 12208 12209 AND
2 1 11932 11931 12210 XOR
2 1 12035 12210 12211 AND
2 1 11758 12034 12212 AND
2 1 12033 12212 12213 AND
2 1 12211 12213 12214 AND
2 1 84 12214 12215 AND
2 1 11929 11928 12216 XOR
2 1 12035 12216 12217 AND
2 1 11764 12034 12218 AND
2 1 12033 12218 12219 AND
2 1 12217 12219 12220 AND
2 1 83 12220 12221 AND
2 1 11926 11925 12222 XOR
2 1 12035 12222 12223 AND
2 1 11770 12034 12224 AND
2 1 12033 12224 12225 AND
2 1 12223 12225 12226 AND
2 1 82 12226 12227 AND
2 1 11923 11922 12228 XOR
2 1 12035 12228 12229 AND
2 1 11776 12034 12230 AND
2 1 12033 12230 12231 AND
2 1 12229 12231 12232 AND
2 1 81 12232 12233 AND
2 1 11920 11919 12234 XOR
2 1 12035 12234 12235 AND
2 1 11782 12034 12236 AND
2 1 12033 12236 12237 AND
2 1 12235 12237 12238 AND
2 1 80 12238 12239 AND
2 1 11917 11916 12240 XOR
2 1 12035 12240 12241 AND
2 1 11788 12034 12242 AND
2 1 12033 12242 12243 AND
2 1 12241 12243 12244 AND
2 1 79 12244 12245 AND
2 1 11914 11913 12246 XOR
2 1 12035 12246 12247 AND
2 1 11794 12034 12248 AND
2 1 12033 12248 12249 AND
2 1 12247 12249 12250 AND
2 1 78 12250 12251 AND
2 1 11911 11910 12252 XOR
2 1 12035 12252 12253 AND
2 1 11800 12034 12254 AND
2 1 12033 12254 12255 AND
2 1 12253 12255 12256 AND
2 1 77 12256 12257 AND
2 1 11908 11907 12258 XOR
2 1 12035 12258 12259 AND
2 1 11806 12034 12260 AND
2 1 12033 12260 12261 AND
2 1 12259 12261 12262 AND
2 1 76 12262 12263 AND
2 1 11905 11904 12264 XOR
2 1 12035 12264 12265 AND
2 1 11812 12034 12266 AND
2 1 12033 12266 12267 AND
2 1 12265 12267 12268 AND
2 1 75 12268 12269 AND
2 1 11902 11901 12270 XOR
2 1 12035 12270 12271 AND
2 1 11818 12034 12272 AND
2 1 12033 12272 12273 AND
2 1 12271 12273 12274 AND
2 1 74 12274 12275 AND
2 1 11899 11898 12276 XOR
2 1 12035 12276 12277 AND
2 1 11824 12034 12278 AND
2 1 12033 12278 12279 AND
2 1 12277 12279 12280 AND
2 1 73 12280 12281 AND
2 1 11896 11895 12282 XOR
2 1 12035 12282 12283 AND
2 1 11830 12034 12284 AND
2 1 12033 12284 12285 AND
2 1 12283 12285 12286 AND
2 1 72 12286 12287 AND
2 1 11893 11892 12288 XOR
2 1 12035 12288 12289 AND
2 1 11836 12034 12290 AND
2 1 12033 12290 12291 AND
2 1 12289 12291 12292 AND
2 1 71 12292 12293 AND
2 1 11890 11889 12294 XOR
2 1 12035 12294 12295 AND
2 1 11842 12034 12296 AND
2 1 12033 12296 12297 AND
2 1 12295 12297 12298 AND
2 1 70 12298 12299 AND
2 1 11887 11886 12300 XOR
2 1 12035 12300 12301 AND
2 1 11848 12034 12302 AND
2 1 12033 12302 12303 AND
2 1 12301 12303 12304 AND
2 1 69 12304 12305 AND
2 1 11884 11883 12306 XOR
2 1 12035 12306 12307 AND
2 1 11854 12034 12308 AND
2 1 12033 12308 12309 AND
2 1 12307 12309 12310 AND
2 1 68 12310 12311 AND
2 1 11872 65 11873 XOR
2 1 11873 11874 11875 AND
2 1 65 11872 11876 AND
2 1 11875 11876 12312 AND
2 1 12312 11881 12313 XOR
2 1 12035 12313 12314 AND
2 1 11861 12034 12315 AND
2 1 12033 12315 12316 AND
2 1 12314 12316 12317 AND
2 1 67 12317 12318 AND
2 1 11874 65 12319 XOR
2 1 12319 11872 12320 XOR
2 1 12035 12320 12321 AND
2 1 11872 12034 12322 AND
2 1 12033 12322 12323 AND
2 1 12321 12323 12324 AND
2 1 66 12324 12325 AND
2 1 65 14 12330 XOR
2 1 64 12035 12326 AND
2 1 12330 12326 12331 XOR
2 1 13 64 12332 AND
2 1 12331 12332 12333 AND
2 1 12326 14 12329 XOR
2 1 65 12329 12334 AND
2 1 12333 12334 12335 AND
2 1 12324 66 12336 XOR
2 1 12335 12336 12337 AND
2 1 12325 12337 12338 AND
2 1 12317 67 12339 XOR
2 1 12338 12339 12340 AND
2 1 12318 12340 12341 AND
2 1 12310 68 12342 XOR
2 1 12341 12342 12343 AND
2 1 12311 12343 12344 AND
2 1 12304 69 12345 XOR
2 1 12344 12345 12346 AND
2 1 12305 12346 12347 AND
2 1 12298 70 12348 XOR
2 1 12347 12348 12349 AND
2 1 12299 12349 12350 AND
2 1 12292 71 12351 XOR
2 1 12350 12351 12352 AND
2 1 12293 12352 12353 AND
2 1 12286 72 12354 XOR
2 1 12353 12354 12355 AND
2 1 12287 12355 12356 AND
2 1 12280 73 12357 XOR
2 1 12356 12357 12358 AND
2 1 12281 12358 12359 AND
2 1 12274 74 12360 XOR
2 1 12359 12360 12361 AND
2 1 12275 12361 12362 AND
2 1 12268 75 12363 XOR
2 1 12362 12363 12364 AND
2 1 12269 12364 12365 AND
2 1 12262 76 12366 XOR
2 1 12365 12366 12367 AND
2 1 12263 12367 12368 AND
2 1 12256 77 12369 XOR
2 1 12368 12369 12370 AND
2 1 12257 12370 12371 AND
2 1 12250 78 12372 XOR
2 1 12371 12372 12373 AND
2 1 12251 12373 12374 AND
2 1 12244 79 12375 XOR
2 1 12374 12375 12376 AND
2 1 12245 12376 12377 AND
2 1 12238 80 12378 XOR
2 1 12377 12378 12379 AND
2 1 12239 12379 12380 AND
2 1 12232 81 12381 XOR
2 1 12380 12381 12382 AND
2 1 12233 12382 12383 AND
2 1 12226 82 12384 XOR
2 1 12383 12384 12385 AND
2 1 12227 12385 12386 AND
2 1 12220 83 12387 XOR
2 1 12386 12387 12388 AND
2 1 12221 12388 12389 AND
2 1 12214 84 12390 XOR
2 1 12389 12390 12391 AND
2 1 12215 12391 12392 AND
2 1 12208 85 12393 XOR
2 1 12392 12393 12394 AND
2 1 12209 12394 12395 AND
2 1 12202 86 12396 XOR
2 1 12395 12396 12397 AND
2 1 12203 12397 12398 AND
2 1 12196 87 12399 XOR
2 1 12398 12399 12400 AND
2 1 12197 12400 12401 AND
2 1 12190 88 12402 XOR
2 1 12401 12402 12403 AND
2 1 12191 12403 12404 AND
2 1 12184 89 12405 XOR
2 1 12404 12405 12406 AND
2 1 12185 12406 12407 AND
2 1 12178 90 12408 XOR
2 1 12407 12408 12409 AND
2 1 12179 12409 12410 AND
2 1 12172 91 12411 XOR
2 1 12410 12411 12412 AND
2 1 12173 12412 12413 AND
2 1 12166 92 12414 XOR
2 1 12413 12414 12415 AND
2 1 12167 12415 12416 AND
2 1 12160 93 12417 XOR
2 1 12416 12417 12418 AND
2 1 12161 12418 12419 AND
2 1 12154 94 12420 XOR
2 1 12419 12420 12421 AND
2 1 12155 12421 12422 AND
2 1 12148 95 12423 XOR
2 1 12422 12423 12424 AND
2 1 12149 12424 12425 AND
2 1 12142 96 12426 XOR
2 1 12425 12426 12427 AND
2 1 12143 12427 12428 AND
2 1 12136 97 12429 XOR
2 1 12428 12429 12430 AND
2 1 12137 12430 12431 AND
2 1 12130 98 12432 XOR
2 1 12431 12432 12433 AND
2 1 12131 12433 12434 AND
2 1 12124 99 12435 XOR
2 1 12434 12435 12436 AND
2 1 12125 12436 12437 AND
2 1 12118 100 12438 XOR
2 1 12437 12438 12439 AND
2 1 12119 12439 12440 AND
2 1 12112 101 12441 XOR
2 1 12440 12441 12442 AND
2 1 12113 12442 12443 AND
2 1 12106 102 12444 XOR
2 1 12443 12444 12445 AND
2 1 12107 12445 12446 AND
2 1 12100 103 12447 XOR
2 1 12446 12447 12448 AND
2 1 12101 12448 12449 AND
2 1 12094 104 12450 XOR
2 1 12449 12450 12451 AND
2 1 12095 12451 12452 AND
2 1 12088 105 12453 XOR
2 1 12452 12453 12454 AND
2 1 12089 12454 12455 AND
2 1 12082 106 12456 XOR
2 1 12455 12456 12457 AND
2 1 12083 12457 12458 AND
2 1 12076 107 12459 XOR
2 1 12458 12459 12460 AND
2 1 12077 12460 12461 AND
2 1 12070 108 12462 XOR
2 1 12461 12462 12463 AND
2 1 12071 12463 12464 AND
2 1 12064 109 12465 XOR
2 1 12464 12465 12466 AND
2 1 12065 12466 12467 AND
2 1 12058 110 12468 XOR
2 1 12467 12468 12469 AND
2 1 12059 12469 12470 AND
2 1 12052 111 12471 XOR
2 1 12470 12471 12472 AND
2 1 12053 12472 12473 AND
2 1 12046 112 12474 XOR
2 1 12473 12474 12475 AND
2 1 12047 12475 12476 AND
2 1 12040 113 12477 XOR
2 1 12476 12477 12478 AND
2 1 12041 12478 12479 AND
2 1 12026 12028 12480 AND
2 1 12480 12021 12481 XOR
2 1 12035 12481 12482 AND
2 1 277 11153 12483 AND
2 1 12033 12483 12484 AND
2 1 12482 12484 12485 AND
2 1 114 12485 12486 AND
2 1 114 12484 12487 AND
2 1 12482 12487 12488 AND
2 1 266 268 12489 AND
2 1 276 12489 12490 AND
2 1 12488 12490 12491 AND
2 1 12486 12491 12492 AND
2 1 12479 12492 12493 AND
2 1 12030 12485 12494 AND
2 1 12493 12494 12495 AND
2 1 12477 12476 12496 XOR
2 1 12495 12496 12497 AND
2 1 12040 12494 12498 AND
2 1 12493 12498 12499 AND
2 1 12497 12499 12500 AND
2 1 12486 12488 12501 AND
2 1 12501 12479 12502 XOR
2 1 12495 12502 12503 AND
2 1 12030 12485 12504 AND
2 1 12493 12504 12505 AND
2 1 12503 12505 12506 AND
2 1 115 12506 12507 AND
2 1 114 12500 12508 AND
2 1 12474 12473 12509 XOR
2 1 12495 12509 12510 AND
2 1 12046 12494 12511 AND
2 1 12493 12511 12512 AND
2 1 12510 12512 12513 AND
2 1 113 12513 12514 AND
2 1 12471 12470 12515 XOR
2 1 12495 12515 12516 AND
2 1 12052 12494 12517 AND
2 1 12493 12517 12518 AND
2 1 12516 12518 12519 AND
2 1 112 12519 12520 AND
2 1 12468 12467 12521 XOR
2 1 12495 12521 12522 AND
2 1 12058 12494 12523 AND
2 1 12493 12523 12524 AND
2 1 12522 12524 12525 AND
2 1 111 12525 12526 AND
2 1 12465 12464 12527 XOR
2 1 12495 12527 12528 AND
2 1 12064 12494 12529 AND
2 1 12493 12529 12530 AND
2 1 12528 12530 12531 AND
2 1 110 12531 12532 AND
2 1 12462 12461 12533 XOR
2 1 12495 12533 12534 AND
2 1 12070 12494 12535 AND
2 1 12493 12535 12536 AND
2 1 12534 12536 12537 AND
2 1 109 12537 12538 AND
2 1 12459 12458 12539 XOR
2 1 12495 12539 12540 AND
2 1 12076 12494 12541 AND
2 1 12493 12541 12542 AND
2 1 12540 12542 12543 AND
2 1 108 12543 12544 AND
2 1 12456 12455 12545 XOR
2 1 12495 12545 12546 AND
2 1 12082 12494 12547 AND
2 1 12493 12547 12548 AND
2 1 12546 12548 12549 AND
2 1 107 12549 12550 AND
2 1 12453 12452 12551 XOR
2 1 12495 12551 12552 AND
2 1 12088 12494 12553 AND
2 1 12493 12553 12554 AND
2 1 12552 12554 12555 AND
2 1 106 12555 12556 AND
2 1 12450 12449 12557 XOR
2 1 12495 12557 12558 AND
2 1 12094 12494 12559 AND
2 1 12493 12559 12560 AND
2 1 12558 12560 12561 AND
2 1 105 12561 12562 AND
2 1 12447 12446 12563 XOR
2 1 12495 12563 12564 AND
2 1 12100 12494 12565 AND
2 1 12493 12565 12566 AND
2 1 12564 12566 12567 AND
2 1 104 12567 12568 AND
2 1 12444 12443 12569 XOR
2 1 12495 12569 12570 AND
2 1 12106 12494 12571 AND
2 1 12493 12571 12572 AND
2 1 12570 12572 12573 AND
2 1 103 12573 12574 AND
2 1 12441 12440 12575 XOR
2 1 12495 12575 12576 AND
2 1 12112 12494 12577 AND
2 1 12493 12577 12578 AND
2 1 12576 12578 12579 AND
2 1 102 12579 12580 AND
2 1 12438 12437 12581 XOR
2 1 12495 12581 12582 AND
2 1 12118 12494 12583 AND
2 1 12493 12583 12584 AND
2 1 12582 12584 12585 AND
2 1 101 12585 12586 AND
2 1 12435 12434 12587 XOR
2 1 12495 12587 12588 AND
2 1 12124 12494 12589 AND
2 1 12493 12589 12590 AND
2 1 12588 12590 12591 AND
2 1 100 12591 12592 AND
2 1 12432 12431 12593 XOR
2 1 12495 12593 12594 AND
2 1 12130 12494 12595 AND
2 1 12493 12595 12596 AND
2 1 12594 12596 12597 AND
2 1 99 12597 12598 AND
2 1 12429 12428 12599 XOR
2 1 12495 12599 12600 AND
2 1 12136 12494 12601 AND
2 1 12493 12601 12602 AND
2 1 12600 12602 12603 AND
2 1 98 12603 12604 AND
2 1 12426 12425 12605 XOR
2 1 12495 12605 12606 AND
2 1 12142 12494 12607 AND
2 1 12493 12607 12608 AND
2 1 12606 12608 12609 AND
2 1 97 12609 12610 AND
2 1 12423 12422 12611 XOR
2 1 12495 12611 12612 AND
2 1 12148 12494 12613 AND
2 1 12493 12613 12614 AND
2 1 12612 12614 12615 AND
2 1 96 12615 12616 AND
2 1 12420 12419 12617 XOR
2 1 12495 12617 12618 AND
2 1 12154 12494 12619 AND
2 1 12493 12619 12620 AND
2 1 12618 12620 12621 AND
2 1 95 12621 12622 AND
2 1 12417 12416 12623 XOR
2 1 12495 12623 12624 AND
2 1 12160 12494 12625 AND
2 1 12493 12625 12626 AND
2 1 12624 12626 12627 AND
2 1 94 12627 12628 AND
2 1 12414 12413 12629 XOR
2 1 12495 12629 12630 AND
2 1 12166 12494 12631 AND
2 1 12493 12631 12632 AND
2 1 12630 12632 12633 AND
2 1 93 12633 12634 AND
2 1 12411 12410 12635 XOR
2 1 12495 12635 12636 AND
2 1 12172 12494 12637 AND
2 1 12493 12637 12638 AND
2 1 12636 12638 12639 AND
2 1 92 12639 12640 AND
2 1 12408 12407 12641 XOR
2 1 12495 12641 12642 AND
2 1 12178 12494 12643 AND
2 1 12493 12643 12644 AND
2 1 12642 12644 12645 AND
2 1 91 12645 12646 AND
2 1 12405 12404 12647 XOR
2 1 12495 12647 12648 AND
2 1 12184 12494 12649 AND
2 1 12493 12649 12650 AND
2 1 12648 12650 12651 AND
2 1 90 12651 12652 AND
2 1 12402 12401 12653 XOR
2 1 12495 12653 12654 AND
2 1 12190 12494 12655 AND
2 1 12493 12655 12656 AND
2 1 12654 12656 12657 AND
2 1 89 12657 12658 AND
2 1 12399 12398 12659 XOR
2 1 12495 12659 12660 AND
2 1 12196 12494 12661 AND
2 1 12493 12661 12662 AND
2 1 12660 12662 12663 AND
2 1 88 12663 12664 AND
2 1 12396 12395 12665 XOR
2 1 12495 12665 12666 AND
2 1 12202 12494 12667 AND
2 1 12493 12667 12668 AND
2 1 12666 12668 12669 AND
2 1 87 12669 12670 AND
2 1 12393 12392 12671 XOR
2 1 12495 12671 12672 AND
2 1 12208 12494 12673 AND
2 1 12493 12673 12674 AND
2 1 12672 12674 12675 AND
2 1 86 12675 12676 AND
2 1 12390 12389 12677 XOR
2 1 12495 12677 12678 AND
2 1 12214 12494 12679 AND
2 1 12493 12679 12680 AND
2 1 12678 12680 12681 AND
2 1 85 12681 12682 AND
2 1 12387 12386 12683 XOR
2 1 12495 12683 12684 AND
2 1 12220 12494 12685 AND
2 1 12493 12685 12686 AND
2 1 12684 12686 12687 AND
2 1 84 12687 12688 AND
2 1 12384 12383 12689 XOR
2 1 12495 12689 12690 AND
2 1 12226 12494 12691 AND
2 1 12493 12691 12692 AND
2 1 12690 12692 12693 AND
2 1 83 12693 12694 AND
2 1 12381 12380 12695 XOR
2 1 12495 12695 12696 AND
2 1 12232 12494 12697 AND
2 1 12493 12697 12698 AND
2 1 12696 12698 12699 AND
2 1 82 12699 12700 AND
2 1 12378 12377 12701 XOR
2 1 12495 12701 12702 AND
2 1 12238 12494 12703 AND
2 1 12493 12703 12704 AND
2 1 12702 12704 12705 AND
2 1 81 12705 12706 AND
2 1 12375 12374 12707 XOR
2 1 12495 12707 12708 AND
2 1 12244 12494 12709 AND
2 1 12493 12709 12710 AND
2 1 12708 12710 12711 AND
2 1 80 12711 12712 AND
2 1 12372 12371 12713 XOR
2 1 12495 12713 12714 AND
2 1 12250 12494 12715 AND
2 1 12493 12715 12716 AND
2 1 12714 12716 12717 AND
2 1 79 12717 12718 AND
2 1 12369 12368 12719 XOR
2 1 12495 12719 12720 AND
2 1 12256 12494 12721 AND
2 1 12493 12721 12722 AND
2 1 12720 12722 12723 AND
2 1 78 12723 12724 AND
2 1 12366 12365 12725 XOR
2 1 12495 12725 12726 AND
2 1 12262 12494 12727 AND
2 1 12493 12727 12728 AND
2 1 12726 12728 12729 AND
2 1 77 12729 12730 AND
2 1 12363 12362 12731 XOR
2 1 12495 12731 12732 AND
2 1 12268 12494 12733 AND
2 1 12493 12733 12734 AND
2 1 12732 12734 12735 AND
2 1 76 12735 12736 AND
2 1 12360 12359 12737 XOR
2 1 12495 12737 12738 AND
2 1 12274 12494 12739 AND
2 1 12493 12739 12740 AND
2 1 12738 12740 12741 AND
2 1 75 12741 12742 AND
2 1 12357 12356 12743 XOR
2 1 12495 12743 12744 AND
2 1 12280 12494 12745 AND
2 1 12493 12745 12746 AND
2 1 12744 12746 12747 AND
2 1 74 12747 12748 AND
2 1 12354 12353 12749 XOR
2 1 12495 12749 12750 AND
2 1 12286 12494 12751 AND
2 1 12493 12751 12752 AND
2 1 12750 12752 12753 AND
2 1 73 12753 12754 AND
2 1 12351 12350 12755 XOR
2 1 12495 12755 12756 AND
2 1 12292 12494 12757 AND
2 1 12493 12757 12758 AND
2 1 12756 12758 12759 AND
2 1 72 12759 12760 AND
2 1 12348 12347 12761 XOR
2 1 12495 12761 12762 AND
2 1 12298 12494 12763 AND
2 1 12493 12763 12764 AND
2 1 12762 12764 12765 AND
2 1 71 12765 12766 AND
2 1 12345 12344 12767 XOR
2 1 12495 12767 12768 AND
2 1 12304 12494 12769 AND
2 1 12493 12769 12770 AND
2 1 12768 12770 12771 AND
2 1 70 12771 12772 AND
2 1 12342 12341 12773 XOR
2 1 12495 12773 12774 AND
2 1 12310 12494 12775 AND
2 1 12493 12775 12776 AND
2 1 12774 12776 12777 AND
2 1 69 12777 12778 AND
2 1 12339 12338 12779 XOR
2 1 12495 12779 12780 AND
2 1 12317 12494 12781 AND
2 1 12493 12781 12782 AND
2 1 12780 12782 12783 AND
2 1 68 12783 12784 AND
2 1 12336 12335 12785 XOR
2 1 12495 12785 12786 AND
2 1 12324 12494 12787 AND
2 1 12493 12787 12788 AND
2 1 12786 12788 12789 AND
2 1 67 12789 12790 AND
2 1 12332 65 12792 XOR
2 1 14 12326 12327 AND
2 1 11874 12035 12328 AND
2 1 12327 12328 12791 AND
2 1 12792 12791 12793 XOR
2 1 12495 12793 12794 AND
2 1 12329 12494 12795 AND
2 1 12493 12795 12796 AND
2 1 12794 12796 12797 AND
2 1 66 12797 12798 AND
2 1 65 13 12803 XOR
2 1 64 12495 12799 AND
2 1 12803 12799 12804 XOR
2 1 12 64 12805 AND
2 1 12804 12805 12806 AND
2 1 12799 13 12800 XOR
2 1 65 12800 12807 AND
2 1 12806 12807 12808 AND
2 1 12797 66 12809 XOR
2 1 12808 12809 12810 AND
2 1 12798 12810 12811 AND
2 1 12789 67 12812 XOR
2 1 12811 12812 12813 AND
2 1 12790 12813 12814 AND
2 1 12783 68 12815 XOR
2 1 12814 12815 12816 AND
2 1 12784 12816 12817 AND
2 1 12777 69 12818 XOR
2 1 12817 12818 12819 AND
2 1 12778 12819 12820 AND
2 1 12771 70 12821 XOR
2 1 12820 12821 12822 AND
2 1 12772 12822 12823 AND
2 1 12765 71 12824 XOR
2 1 12823 12824 12825 AND
2 1 12766 12825 12826 AND
2 1 12759 72 12827 XOR
2 1 12826 12827 12828 AND
2 1 12760 12828 12829 AND
2 1 12753 73 12830 XOR
2 1 12829 12830 12831 AND
2 1 12754 12831 12832 AND
2 1 12747 74 12833 XOR
2 1 12832 12833 12834 AND
2 1 12748 12834 12835 AND
2 1 12741 75 12836 XOR
2 1 12835 12836 12837 AND
2 1 12742 12837 12838 AND
2 1 12735 76 12839 XOR
2 1 12838 12839 12840 AND
2 1 12736 12840 12841 AND
2 1 12729 77 12842 XOR
2 1 12841 12842 12843 AND
2 1 12730 12843 12844 AND
2 1 12723 78 12845 XOR
2 1 12844 12845 12846 AND
2 1 12724 12846 12847 AND
2 1 12717 79 12848 XOR
2 1 12847 12848 12849 AND
2 1 12718 12849 12850 AND
2 1 12711 80 12851 XOR
2 1 12850 12851 12852 AND
2 1 12712 12852 12853 AND
2 1 12705 81 12854 XOR
2 1 12853 12854 12855 AND
2 1 12706 12855 12856 AND
2 1 12699 82 12857 XOR
2 1 12856 12857 12858 AND
2 1 12700 12858 12859 AND
2 1 12693 83 12860 XOR
2 1 12859 12860 12861 AND
2 1 12694 12861 12862 AND
2 1 12687 84 12863 XOR
2 1 12862 12863 12864 AND
2 1 12688 12864 12865 AND
2 1 12681 85 12866 XOR
2 1 12865 12866 12867 AND
2 1 12682 12867 12868 AND
2 1 12675 86 12869 XOR
2 1 12868 12869 12870 AND
2 1 12676 12870 12871 AND
2 1 12669 87 12872 XOR
2 1 12871 12872 12873 AND
2 1 12670 12873 12874 AND
2 1 12663 88 12875 XOR
2 1 12874 12875 12876 AND
2 1 12664 12876 12877 AND
2 1 12657 89 12878 XOR
2 1 12877 12878 12879 AND
2 1 12658 12879 12880 AND
2 1 12651 90 12881 XOR
2 1 12880 12881 12882 AND
2 1 12652 12882 12883 AND
2 1 12645 91 12884 XOR
2 1 12883 12884 12885 AND
2 1 12646 12885 12886 AND
2 1 12639 92 12887 XOR
2 1 12886 12887 12888 AND
2 1 12640 12888 12889 AND
2 1 12633 93 12890 XOR
2 1 12889 12890 12891 AND
2 1 12634 12891 12892 AND
2 1 12627 94 12893 XOR
2 1 12892 12893 12894 AND
2 1 12628 12894 12895 AND
2 1 12621 95 12896 XOR
2 1 12895 12896 12897 AND
2 1 12622 12897 12898 AND
2 1 12615 96 12899 XOR
2 1 12898 12899 12900 AND
2 1 12616 12900 12901 AND
2 1 12609 97 12902 XOR
2 1 12901 12902 12903 AND
2 1 12610 12903 12904 AND
2 1 12603 98 12905 XOR
2 1 12904 12905 12906 AND
2 1 12604 12906 12907 AND
2 1 12597 99 12908 XOR
2 1 12907 12908 12909 AND
2 1 12598 12909 12910 AND
2 1 12591 100 12911 XOR
2 1 12910 12911 12912 AND
2 1 12592 12912 12913 AND
2 1 12585 101 12914 XOR
2 1 12913 12914 12915 AND
2 1 12586 12915 12916 AND
2 1 12579 102 12917 XOR
2 1 12916 12917 12918 AND
2 1 12580 12918 12919 AND
2 1 12573 103 12920 XOR
2 1 12919 12920 12921 AND
2 1 12574 12921 12922 AND
2 1 12567 104 12923 XOR
2 1 12922 12923 12924 AND
2 1 12568 12924 12925 AND
2 1 12561 105 12926 XOR
2 1 12925 12926 12927 AND
2 1 12562 12927 12928 AND
2 1 12555 106 12929 XOR
2 1 12928 12929 12930 AND
2 1 12556 12930 12931 AND
2 1 12549 107 12932 XOR
2 1 12931 12932 12933 AND
2 1 12550 12933 12934 AND
2 1 12543 108 12935 XOR
2 1 12934 12935 12936 AND
2 1 12544 12936 12937 AND
2 1 12537 109 12938 XOR
2 1 12937 12938 12939 AND
2 1 12538 12939 12940 AND
2 1 12531 110 12941 XOR
2 1 12940 12941 12942 AND
2 1 12532 12942 12943 AND
2 1 12525 111 12944 XOR
2 1 12943 12944 12945 AND
2 1 12526 12945 12946 AND
2 1 12519 112 12947 XOR
2 1 12946 12947 12948 AND
2 1 12520 12948 12949 AND
2 1 12513 113 12950 XOR
2 1 12949 12950 12951 AND
2 1 12514 12951 12952 AND
2 1 12500 114 12953 XOR
2 1 12952 12953 12954 AND
2 1 12508 12954 12955 AND
2 1 12506 115 12956 XOR
2 1 12955 12956 12957 AND
2 1 12507 12957 12958 AND
2 1 160 12958 12959 AND
2 1 12500 12959 12960 AND
2 1 12953 12952 12961 XOR
2 1 160 12961 12962 AND
2 1 12958 12962 12963 AND
2 1 12960 12963 12964 AND
2 1 115 12964 12965 AND
2 1 12513 12959 12966 AND
2 1 12950 12949 12967 XOR
2 1 160 12967 12968 AND
2 1 12958 12968 12969 AND
2 1 12966 12969 12970 AND
2 1 114 12970 12971 AND
2 1 12519 12959 12972 AND
2 1 12947 12946 12973 XOR
2 1 160 12973 12974 AND
2 1 12958 12974 12975 AND
2 1 12972 12975 12976 AND
2 1 113 12976 12977 AND
2 1 12525 12959 12978 AND
2 1 12944 12943 12979 XOR
2 1 160 12979 12980 AND
2 1 12958 12980 12981 AND
2 1 12978 12981 12982 AND
2 1 112 12982 12983 AND
2 1 12531 12959 12984 AND
2 1 12941 12940 12985 XOR
2 1 160 12985 12986 AND
2 1 12958 12986 12987 AND
2 1 12984 12987 12988 AND
2 1 111 12988 12989 AND
2 1 12537 12959 12990 AND
2 1 12938 12937 12991 XOR
2 1 160 12991 12992 AND
2 1 12958 12992 12993 AND
2 1 12990 12993 12994 AND
2 1 110 12994 12995 AND
2 1 12543 12959 12996 AND
2 1 12935 12934 12997 XOR
2 1 160 12997 12998 AND
2 1 12958 12998 12999 AND
2 1 12996 12999 13000 AND
2 1 109 13000 13001 AND
2 1 12549 12959 13002 AND
2 1 12932 12931 13003 XOR
2 1 160 13003 13004 AND
2 1 12958 13004 13005 AND
2 1 13002 13005 13006 AND
2 1 108 13006 13007 AND
2 1 12555 12959 13008 AND
2 1 12929 12928 13009 XOR
2 1 160 13009 13010 AND
2 1 12958 13010 13011 AND
2 1 13008 13011 13012 AND
2 1 107 13012 13013 AND
2 1 12561 12959 13014 AND
2 1 12926 12925 13015 XOR
2 1 160 13015 13016 AND
2 1 12958 13016 13017 AND
2 1 13014 13017 13018 AND
2 1 106 13018 13019 AND
2 1 12567 12959 13020 AND
2 1 12923 12922 13021 XOR
2 1 160 13021 13022 AND
2 1 12958 13022 13023 AND
2 1 13020 13023 13024 AND
2 1 105 13024 13025 AND
2 1 12573 12959 13026 AND
2 1 12920 12919 13027 XOR
2 1 160 13027 13028 AND
2 1 12958 13028 13029 AND
2 1 13026 13029 13030 AND
2 1 104 13030 13031 AND
2 1 12579 12959 13032 AND
2 1 12917 12916 13033 XOR
2 1 160 13033 13034 AND
2 1 12958 13034 13035 AND
2 1 13032 13035 13036 AND
2 1 103 13036 13037 AND
2 1 12585 12959 13038 AND
2 1 12914 12913 13039 XOR
2 1 160 13039 13040 AND
2 1 12958 13040 13041 AND
2 1 13038 13041 13042 AND
2 1 102 13042 13043 AND
2 1 12591 12959 13044 AND
2 1 12911 12910 13045 XOR
2 1 160 13045 13046 AND
2 1 12958 13046 13047 AND
2 1 13044 13047 13048 AND
2 1 101 13048 13049 AND
2 1 12597 12959 13050 AND
2 1 12908 12907 13051 XOR
2 1 160 13051 13052 AND
2 1 12958 13052 13053 AND
2 1 13050 13053 13054 AND
2 1 100 13054 13055 AND
2 1 12603 12959 13056 AND
2 1 12905 12904 13057 XOR
2 1 160 13057 13058 AND
2 1 12958 13058 13059 AND
2 1 13056 13059 13060 AND
2 1 99 13060 13061 AND
2 1 12609 12959 13062 AND
2 1 12902 12901 13063 XOR
2 1 160 13063 13064 AND
2 1 12958 13064 13065 AND
2 1 13062 13065 13066 AND
2 1 98 13066 13067 AND
2 1 12615 12959 13068 AND
2 1 12899 12898 13069 XOR
2 1 160 13069 13070 AND
2 1 12958 13070 13071 AND
2 1 13068 13071 13072 AND
2 1 97 13072 13073 AND
2 1 12621 12959 13074 AND
2 1 12896 12895 13075 XOR
2 1 160 13075 13076 AND
2 1 12958 13076 13077 AND
2 1 13074 13077 13078 AND
2 1 96 13078 13079 AND
2 1 12627 12959 13080 AND
2 1 12893 12892 13081 XOR
2 1 160 13081 13082 AND
2 1 12958 13082 13083 AND
2 1 13080 13083 13084 AND
2 1 95 13084 13085 AND
2 1 12633 12959 13086 AND
2 1 12890 12889 13087 XOR
2 1 160 13087 13088 AND
2 1 12958 13088 13089 AND
2 1 13086 13089 13090 AND
2 1 94 13090 13091 AND
2 1 12639 12959 13092 AND
2 1 12887 12886 13093 XOR
2 1 160 13093 13094 AND
2 1 12958 13094 13095 AND
2 1 13092 13095 13096 AND
2 1 93 13096 13097 AND
2 1 12645 12959 13098 AND
2 1 12884 12883 13099 XOR
2 1 160 13099 13100 AND
2 1 12958 13100 13101 AND
2 1 13098 13101 13102 AND
2 1 92 13102 13103 AND
2 1 12651 12959 13104 AND
2 1 12881 12880 13105 XOR
2 1 160 13105 13106 AND
2 1 12958 13106 13107 AND
2 1 13104 13107 13108 AND
2 1 91 13108 13109 AND
2 1 12657 12959 13110 AND
2 1 12878 12877 13111 XOR
2 1 160 13111 13112 AND
2 1 12958 13112 13113 AND
2 1 13110 13113 13114 AND
2 1 90 13114 13115 AND
2 1 12663 12959 13116 AND
2 1 12875 12874 13117 XOR
2 1 160 13117 13118 AND
2 1 12958 13118 13119 AND
2 1 13116 13119 13120 AND
2 1 89 13120 13121 AND
2 1 12669 12959 13122 AND
2 1 12872 12871 13123 XOR
2 1 160 13123 13124 AND
2 1 12958 13124 13125 AND
2 1 13122 13125 13126 AND
2 1 88 13126 13127 AND
2 1 12675 12959 13128 AND
2 1 12869 12868 13129 XOR
2 1 160 13129 13130 AND
2 1 12958 13130 13131 AND
2 1 13128 13131 13132 AND
2 1 87 13132 13133 AND
2 1 12681 12959 13134 AND
2 1 12866 12865 13135 XOR
2 1 160 13135 13136 AND
2 1 12958 13136 13137 AND
2 1 13134 13137 13138 AND
2 1 86 13138 13139 AND
2 1 12687 12959 13140 AND
2 1 12863 12862 13141 XOR
2 1 160 13141 13142 AND
2 1 12958 13142 13143 AND
2 1 13140 13143 13144 AND
2 1 85 13144 13145 AND
2 1 12693 12959 13146 AND
2 1 12860 12859 13147 XOR
2 1 160 13147 13148 AND
2 1 12958 13148 13149 AND
2 1 13146 13149 13150 AND
2 1 84 13150 13151 AND
2 1 12699 12959 13152 AND
2 1 12857 12856 13153 XOR
2 1 160 13153 13154 AND
2 1 12958 13154 13155 AND
2 1 13152 13155 13156 AND
2 1 83 13156 13157 AND
2 1 12705 12959 13158 AND
2 1 12854 12853 13159 XOR
2 1 160 13159 13160 AND
2 1 12958 13160 13161 AND
2 1 13158 13161 13162 AND
2 1 82 13162 13163 AND
2 1 12711 12959 13164 AND
2 1 12851 12850 13165 XOR
2 1 160 13165 13166 AND
2 1 12958 13166 13167 AND
2 1 13164 13167 13168 AND
2 1 81 13168 13169 AND
2 1 12717 12959 13170 AND
2 1 12848 12847 13171 XOR
2 1 160 13171 13172 AND
2 1 12958 13172 13173 AND
2 1 13170 13173 13174 AND
2 1 80 13174 13175 AND
2 1 12723 12959 13176 AND
2 1 12845 12844 13177 XOR
2 1 160 13177 13178 AND
2 1 12958 13178 13179 AND
2 1 13176 13179 13180 AND
2 1 79 13180 13181 AND
2 1 12729 12959 13182 AND
2 1 12842 12841 13183 XOR
2 1 160 13183 13184 AND
2 1 12958 13184 13185 AND
2 1 13182 13185 13186 AND
2 1 78 13186 13187 AND
2 1 12735 12959 13188 AND
2 1 12839 12838 13189 XOR
2 1 160 13189 13190 AND
2 1 12958 13190 13191 AND
2 1 13188 13191 13192 AND
2 1 77 13192 13193 AND
2 1 12741 12959 13194 AND
2 1 12836 12835 13195 XOR
2 1 160 13195 13196 AND
2 1 12958 13196 13197 AND
2 1 13194 13197 13198 AND
2 1 76 13198 13199 AND
2 1 12747 12959 13200 AND
2 1 12833 12832 13201 XOR
2 1 160 13201 13202 AND
2 1 12958 13202 13203 AND
2 1 13200 13203 13204 AND
2 1 75 13204 13205 AND
2 1 12753 12959 13206 AND
2 1 12830 12829 13207 XOR
2 1 160 13207 13208 AND
2 1 12958 13208 13209 AND
2 1 13206 13209 13210 AND
2 1 74 13210 13211 AND
2 1 12759 12959 13212 AND
2 1 12827 12826 13213 XOR
2 1 160 13213 13214 AND
2 1 12958 13214 13215 AND
2 1 13212 13215 13216 AND
2 1 73 13216 13217 AND
2 1 12765 12959 13218 AND
2 1 12824 12823 13219 XOR
2 1 160 13219 13220 AND
2 1 12958 13220 13221 AND
2 1 13218 13221 13222 AND
2 1 72 13222 13223 AND
2 1 12771 12959 13224 AND
2 1 12821 12820 13225 XOR
2 1 160 13225 13226 AND
2 1 12958 13226 13227 AND
2 1 13224 13227 13228 AND
2 1 71 13228 13229 AND
2 1 12777 12959 13230 AND
2 1 12818 12817 13231 XOR
2 1 160 13231 13232 AND
2 1 12958 13232 13233 AND
2 1 13230 13233 13234 AND
2 1 70 13234 13235 AND
2 1 12783 12959 13236 AND
2 1 12815 12814 13237 XOR
2 1 160 13237 13238 AND
2 1 12958 13238 13239 AND
2 1 13236 13239 13240 AND
2 1 69 13240 13241 AND
2 1 12789 12959 13242 AND
2 1 12812 12811 13243 XOR
2 1 160 13243 13244 AND
2 1 12958 13244 13245 AND
2 1 13242 13245 13246 AND
2 1 68 13246 13247 AND
2 1 12797 12959 13248 AND
2 1 12809 12808 13249 XOR
2 1 160 13249 13250 AND
2 1 12958 13250 13251 AND
2 1 13248 13251 13252 AND
2 1 67 13252 13253 AND
2 1 12800 12959 13254 AND
2 1 65 12800 12801 AND
2 1 65 12800 12802 AND
2 1 12801 12802 13255 AND
2 1 13255 12805 13256 XOR
2 1 160 13256 13257 AND
2 1 12958 13257 13258 AND
2 1 13254 13258 13259 AND
2 1 66 13259 13260 AND
2 1 11 64 13271 AND
2 1 65 13271 13274 AND
2 1 64 116 13261 AND
2 1 266 13261 13262 AND
2 1 276 13262 13263 AND
2 1 12958 13263 13264 AND
2 1 12 13264 13265 AND
2 1 158 12805 13266 AND
2 1 207 13266 13267 AND
2 1 12958 13267 13268 AND
2 1 13265 13268 13269 AND
2 1 65 13271 13275 AND
2 1 13269 13275 13276 AND
2 1 13274 13276 13277 AND
2 1 13259 66 13278 XOR
2 1 13277 13278 13279 AND
2 1 13260 13279 13280 AND
2 1 13252 67 13281 XOR
2 1 13280 13281 13282 AND
2 1 13253 13282 13283 AND
2 1 13246 68 13284 XOR
2 1 13283 13284 13285 AND
2 1 13247 13285 13286 AND
2 1 13240 69 13287 XOR
2 1 13286 13287 13288 AND
2 1 13241 13288 13289 AND
2 1 13234 70 13290 XOR
2 1 13289 13290 13291 AND
2 1 13235 13291 13292 AND
2 1 13228 71 13293 XOR
2 1 13292 13293 13294 AND
2 1 13229 13294 13295 AND
2 1 13222 72 13296 XOR
2 1 13295 13296 13297 AND
2 1 13223 13297 13298 AND
2 1 13216 73 13299 XOR
2 1 13298 13299 13300 AND
2 1 13217 13300 13301 AND
2 1 13210 74 13302 XOR
2 1 13301 13302 13303 AND
2 1 13211 13303 13304 AND
2 1 13204 75 13305 XOR
2 1 13304 13305 13306 AND
2 1 13205 13306 13307 AND
2 1 13198 76 13308 XOR
2 1 13307 13308 13309 AND
2 1 13199 13309 13310 AND
2 1 13192 77 13311 XOR
2 1 13310 13311 13312 AND
2 1 13193 13312 13313 AND
2 1 13186 78 13314 XOR
2 1 13313 13314 13315 AND
2 1 13187 13315 13316 AND
2 1 13180 79 13317 XOR
2 1 13316 13317 13318 AND
2 1 13181 13318 13319 AND
2 1 13174 80 13320 XOR
2 1 13319 13320 13321 AND
2 1 13175 13321 13322 AND
2 1 13168 81 13323 XOR
2 1 13322 13323 13324 AND
2 1 13169 13324 13325 AND
2 1 13162 82 13326 XOR
2 1 13325 13326 13327 AND
2 1 13163 13327 13328 AND
2 1 13156 83 13329 XOR
2 1 13328 13329 13330 AND
2 1 13157 13330 13331 AND
2 1 13150 84 13332 XOR
2 1 13331 13332 13333 AND
2 1 13151 13333 13334 AND
2 1 13144 85 13335 XOR
2 1 13334 13335 13336 AND
2 1 13145 13336 13337 AND
2 1 13138 86 13338 XOR
2 1 13337 13338 13339 AND
2 1 13139 13339 13340 AND
2 1 13132 87 13341 XOR
2 1 13340 13341 13342 AND
2 1 13133 13342 13343 AND
2 1 13126 88 13344 XOR
2 1 13343 13344 13345 AND
2 1 13127 13345 13346 AND
2 1 13120 89 13347 XOR
2 1 13346 13347 13348 AND
2 1 13121 13348 13349 AND
2 1 13114 90 13350 XOR
2 1 13349 13350 13351 AND
2 1 13115 13351 13352 AND
2 1 13108 91 13353 XOR
2 1 13352 13353 13354 AND
2 1 13109 13354 13355 AND
2 1 13102 92 13356 XOR
2 1 13355 13356 13357 AND
2 1 13103 13357 13358 AND
2 1 13096 93 13359 XOR
2 1 13358 13359 13360 AND
2 1 13097 13360 13361 AND
2 1 13090 94 13362 XOR
2 1 13361 13362 13363 AND
2 1 13091 13363 13364 AND
2 1 13084 95 13365 XOR
2 1 13364 13365 13366 AND
2 1 13085 13366 13367 AND
2 1 13078 96 13368 XOR
2 1 13367 13368 13369 AND
2 1 13079 13369 13370 AND
2 1 13072 97 13371 XOR
2 1 13370 13371 13372 AND
2 1 13073 13372 13373 AND
2 1 13066 98 13374 XOR
2 1 13373 13374 13375 AND
2 1 13067 13375 13376 AND
2 1 13060 99 13377 XOR
2 1 13376 13377 13378 AND
2 1 13061 13378 13379 AND
2 1 13054 100 13380 XOR
2 1 13379 13380 13381 AND
2 1 13055 13381 13382 AND
2 1 13048 101 13383 XOR
2 1 13382 13383 13384 AND
2 1 13049 13384 13385 AND
2 1 13042 102 13386 XOR
2 1 13385 13386 13387 AND
2 1 13043 13387 13388 AND
2 1 13036 103 13389 XOR
2 1 13388 13389 13390 AND
2 1 13037 13390 13391 AND
2 1 13030 104 13392 XOR
2 1 13391 13392 13393 AND
2 1 13031 13393 13394 AND
2 1 13024 105 13395 XOR
2 1 13394 13395 13396 AND
2 1 13025 13396 13397 AND
2 1 13018 106 13398 XOR
2 1 13397 13398 13399 AND
2 1 13019 13399 13400 AND
2 1 13012 107 13401 XOR
2 1 13400 13401 13402 AND
2 1 13013 13402 13403 AND
2 1 13006 108 13404 XOR
2 1 13403 13404 13405 AND
2 1 13007 13405 13406 AND
2 1 13000 109 13407 XOR
2 1 13406 13407 13408 AND
2 1 13001 13408 13409 AND
2 1 12994 110 13410 XOR
2 1 13409 13410 13411 AND
2 1 12995 13411 13412 AND
2 1 12988 111 13413 XOR
2 1 13412 13413 13414 AND
2 1 12989 13414 13415 AND
2 1 12982 112 13416 XOR
2 1 13415 13416 13417 AND
2 1 12983 13417 13418 AND
2 1 12976 113 13419 XOR
2 1 13418 13419 13420 AND
2 1 12977 13420 13421 AND
2 1 12970 114 13422 XOR
2 1 13421 13422 13423 AND
2 1 12971 13423 13424 AND
2 1 12964 115 13425 XOR
2 1 13424 13425 13426 AND
2 1 12965 13426 13427 AND
2 1 12506 12959 13428 AND
2 1 12956 12955 13429 XOR
2 1 12959 13429 13430 AND
2 1 13428 13430 13431 AND
2 1 116 13431 13432 AND
2 1 116 13428 13433 AND
2 1 13430 13433 13434 AND
2 1 460 13434 13435 AND
2 1 13432 13435 13436 AND
2 1 13427 13436 13437 AND
2 1 160 13431 13438 AND
2 1 13437 13438 13439 AND
2 1 13425 13424 13440 XOR
2 1 13439 13440 13441 AND
2 1 12964 13438 13442 AND
2 1 13437 13442 13443 AND
2 1 13441 13443 13444 AND
2 1 116 13444 13445 AND
2 1 13422 13421 13446 XOR
2 1 13439 13446 13447 AND
2 1 12970 13438 13448 AND
2 1 13437 13448 13449 AND
2 1 13447 13449 13450 AND
2 1 115 13450 13451 AND
2 1 13419 13418 13452 XOR
2 1 13439 13452 13453 AND
2 1 12976 13438 13454 AND
2 1 13437 13454 13455 AND
2 1 13453 13455 13456 AND
2 1 114 13456 13457 AND
2 1 13416 13415 13458 XOR
2 1 13439 13458 13459 AND
2 1 12982 13438 13460 AND
2 1 13437 13460 13461 AND
2 1 13459 13461 13462 AND
2 1 113 13462 13463 AND
2 1 13413 13412 13464 XOR
2 1 13439 13464 13465 AND
2 1 12988 13438 13466 AND
2 1 13437 13466 13467 AND
2 1 13465 13467 13468 AND
2 1 112 13468 13469 AND
2 1 13410 13409 13470 XOR
2 1 13439 13470 13471 AND
2 1 12994 13438 13472 AND
2 1 13437 13472 13473 AND
2 1 13471 13473 13474 AND
2 1 111 13474 13475 AND
2 1 13407 13406 13476 XOR
2 1 13439 13476 13477 AND
2 1 13000 13438 13478 AND
2 1 13437 13478 13479 AND
2 1 13477 13479 13480 AND
2 1 110 13480 13481 AND
2 1 13404 13403 13482 XOR
2 1 13439 13482 13483 AND
2 1 13006 13438 13484 AND
2 1 13437 13484 13485 AND
2 1 13483 13485 13486 AND
2 1 109 13486 13487 AND
2 1 13401 13400 13488 XOR
2 1 13439 13488 13489 AND
2 1 13012 13438 13490 AND
2 1 13437 13490 13491 AND
2 1 13489 13491 13492 AND
2 1 108 13492 13493 AND
2 1 13398 13397 13494 XOR
2 1 13439 13494 13495 AND
2 1 13018 13438 13496 AND
2 1 13437 13496 13497 AND
2 1 13495 13497 13498 AND
2 1 107 13498 13499 AND
2 1 13395 13394 13500 XOR
2 1 13439 13500 13501 AND
2 1 13024 13438 13502 AND
2 1 13437 13502 13503 AND
2 1 13501 13503 13504 AND
2 1 106 13504 13505 AND
2 1 13392 13391 13506 XOR
2 1 13439 13506 13507 AND
2 1 13030 13438 13508 AND
2 1 13437 13508 13509 AND
2 1 13507 13509 13510 AND
2 1 105 13510 13511 AND
2 1 13389 13388 13512 XOR
2 1 13439 13512 13513 AND
2 1 13036 13438 13514 AND
2 1 13437 13514 13515 AND
2 1 13513 13515 13516 AND
2 1 104 13516 13517 AND
2 1 13386 13385 13518 XOR
2 1 13439 13518 13519 AND
2 1 13042 13438 13520 AND
2 1 13437 13520 13521 AND
2 1 13519 13521 13522 AND
2 1 103 13522 13523 AND
2 1 13383 13382 13524 XOR
2 1 13439 13524 13525 AND
2 1 13048 13438 13526 AND
2 1 13437 13526 13527 AND
2 1 13525 13527 13528 AND
2 1 102 13528 13529 AND
2 1 13380 13379 13530 XOR
2 1 13439 13530 13531 AND
2 1 13054 13438 13532 AND
2 1 13437 13532 13533 AND
2 1 13531 13533 13534 AND
2 1 101 13534 13535 AND
2 1 13377 13376 13536 XOR
2 1 13439 13536 13537 AND
2 1 13060 13438 13538 AND
2 1 13437 13538 13539 AND
2 1 13537 13539 13540 AND
2 1 100 13540 13541 AND
2 1 13374 13373 13542 XOR
2 1 13439 13542 13543 AND
2 1 13066 13438 13544 AND
2 1 13437 13544 13545 AND
2 1 13543 13545 13546 AND
2 1 99 13546 13547 AND
2 1 13371 13370 13548 XOR
2 1 13439 13548 13549 AND
2 1 13072 13438 13550 AND
2 1 13437 13550 13551 AND
2 1 13549 13551 13552 AND
2 1 98 13552 13553 AND
2 1 13368 13367 13554 XOR
2 1 13439 13554 13555 AND
2 1 13078 13438 13556 AND
2 1 13437 13556 13557 AND
2 1 13555 13557 13558 AND
2 1 97 13558 13559 AND
2 1 13365 13364 13560 XOR
2 1 13439 13560 13561 AND
2 1 13084 13438 13562 AND
2 1 13437 13562 13563 AND
2 1 13561 13563 13564 AND
2 1 96 13564 13565 AND
2 1 13362 13361 13566 XOR
2 1 13439 13566 13567 AND
2 1 13090 13438 13568 AND
2 1 13437 13568 13569 AND
2 1 13567 13569 13570 AND
2 1 95 13570 13571 AND
2 1 13359 13358 13572 XOR
2 1 13439 13572 13573 AND
2 1 13096 13438 13574 AND
2 1 13437 13574 13575 AND
2 1 13573 13575 13576 AND
2 1 94 13576 13577 AND
2 1 13356 13355 13578 XOR
2 1 13439 13578 13579 AND
2 1 13102 13438 13580 AND
2 1 13437 13580 13581 AND
2 1 13579 13581 13582 AND
2 1 93 13582 13583 AND
2 1 13353 13352 13584 XOR
2 1 13439 13584 13585 AND
2 1 13108 13438 13586 AND
2 1 13437 13586 13587 AND
2 1 13585 13587 13588 AND
2 1 92 13588 13589 AND
2 1 13350 13349 13590 XOR
2 1 13439 13590 13591 AND
2 1 13114 13438 13592 AND
2 1 13437 13592 13593 AND
2 1 13591 13593 13594 AND
2 1 91 13594 13595 AND
2 1 13347 13346 13596 XOR
2 1 13439 13596 13597 AND
2 1 13120 13438 13598 AND
2 1 13437 13598 13599 AND
2 1 13597 13599 13600 AND
2 1 90 13600 13601 AND
2 1 13344 13343 13602 XOR
2 1 13439 13602 13603 AND
2 1 13126 13438 13604 AND
2 1 13437 13604 13605 AND
2 1 13603 13605 13606 AND
2 1 89 13606 13607 AND
2 1 13341 13340 13608 XOR
2 1 13439 13608 13609 AND
2 1 13132 13438 13610 AND
2 1 13437 13610 13611 AND
2 1 13609 13611 13612 AND
2 1 88 13612 13613 AND
2 1 13338 13337 13614 XOR
2 1 13439 13614 13615 AND
2 1 13138 13438 13616 AND
2 1 13437 13616 13617 AND
2 1 13615 13617 13618 AND
2 1 87 13618 13619 AND
2 1 13335 13334 13620 XOR
2 1 13439 13620 13621 AND
2 1 13144 13438 13622 AND
2 1 13437 13622 13623 AND
2 1 13621 13623 13624 AND
2 1 86 13624 13625 AND
2 1 13332 13331 13626 XOR
2 1 13439 13626 13627 AND
2 1 13150 13438 13628 AND
2 1 13437 13628 13629 AND
2 1 13627 13629 13630 AND
2 1 85 13630 13631 AND
2 1 13329 13328 13632 XOR
2 1 13439 13632 13633 AND
2 1 13156 13438 13634 AND
2 1 13437 13634 13635 AND
2 1 13633 13635 13636 AND
2 1 84 13636 13637 AND
2 1 13326 13325 13638 XOR
2 1 13439 13638 13639 AND
2 1 13162 13438 13640 AND
2 1 13437 13640 13641 AND
2 1 13639 13641 13642 AND
2 1 83 13642 13643 AND
2 1 13323 13322 13644 XOR
2 1 13439 13644 13645 AND
2 1 13168 13438 13646 AND
2 1 13437 13646 13647 AND
2 1 13645 13647 13648 AND
2 1 82 13648 13649 AND
2 1 13320 13319 13650 XOR
2 1 13439 13650 13651 AND
2 1 13174 13438 13652 AND
2 1 13437 13652 13653 AND
2 1 13651 13653 13654 AND
2 1 81 13654 13655 AND
2 1 13317 13316 13656 XOR
2 1 13439 13656 13657 AND
2 1 13180 13438 13658 AND
2 1 13437 13658 13659 AND
2 1 13657 13659 13660 AND
2 1 80 13660 13661 AND
2 1 13314 13313 13662 XOR
2 1 13439 13662 13663 AND
2 1 13186 13438 13664 AND
2 1 13437 13664 13665 AND
2 1 13663 13665 13666 AND
2 1 79 13666 13667 AND
2 1 13311 13310 13668 XOR
2 1 13439 13668 13669 AND
2 1 13192 13438 13670 AND
2 1 13437 13670 13671 AND
2 1 13669 13671 13672 AND
2 1 78 13672 13673 AND
2 1 13308 13307 13674 XOR
2 1 13439 13674 13675 AND
2 1 13198 13438 13676 AND
2 1 13437 13676 13677 AND
2 1 13675 13677 13678 AND
2 1 77 13678 13679 AND
2 1 13305 13304 13680 XOR
2 1 13439 13680 13681 AND
2 1 13204 13438 13682 AND
2 1 13437 13682 13683 AND
2 1 13681 13683 13684 AND
2 1 76 13684 13685 AND
2 1 13302 13301 13686 XOR
2 1 13439 13686 13687 AND
2 1 13210 13438 13688 AND
2 1 13437 13688 13689 AND
2 1 13687 13689 13690 AND
2 1 75 13690 13691 AND
2 1 13299 13298 13692 XOR
2 1 13439 13692 13693 AND
2 1 13216 13438 13694 AND
2 1 13437 13694 13695 AND
2 1 13693 13695 13696 AND
2 1 74 13696 13697 AND
2 1 13296 13295 13698 XOR
2 1 13439 13698 13699 AND
2 1 13222 13438 13700 AND
2 1 13437 13700 13701 AND
2 1 13699 13701 13702 AND
2 1 73 13702 13703 AND
2 1 13293 13292 13704 XOR
2 1 13439 13704 13705 AND
2 1 13228 13438 13706 AND
2 1 13437 13706 13707 AND
2 1 13705 13707 13708 AND
2 1 72 13708 13709 AND
2 1 13290 13289 13710 XOR
2 1 13439 13710 13711 AND
2 1 13234 13438 13712 AND
2 1 13437 13712 13713 AND
2 1 13711 13713 13714 AND
2 1 71 13714 13715 AND
2 1 13287 13286 13716 XOR
2 1 13439 13716 13717 AND
2 1 13240 13438 13718 AND
2 1 13437 13718 13719 AND
2 1 13717 13719 13720 AND
2 1 70 13720 13721 AND
2 1 13284 13283 13722 XOR
2 1 13439 13722 13723 AND
2 1 13246 13438 13724 AND
2 1 13437 13724 13725 AND
2 1 13723 13725 13726 AND
2 1 69 13726 13727 AND
2 1 13281 13280 13728 XOR
2 1 13439 13728 13729 AND
2 1 13252 13438 13730 AND
2 1 13437 13730 13731 AND
2 1 13729 13731 13732 AND
2 1 68 13732 13733 AND
2 1 13269 65 13270 XOR
2 1 13270 13271 13272 AND
2 1 65 13269 13273 AND
2 1 13272 13273 13734 AND
2 1 13734 13278 13735 XOR
2 1 13439 13735 13736 AND
2 1 13259 13438 13737 AND
2 1 13437 13737 13738 AND
2 1 13736 13738 13739 AND
2 1 67 13739 13740 AND
2 1 13271 65 13741 XOR
2 1 13741 13269 13742 XOR
2 1 13439 13742 13743 AND
2 1 13269 13438 13744 AND
2 1 13437 13744 13745 AND
2 1 13743 13745 13746 AND
2 1 66 13746 13747 AND
2 1 65 11 13752 XOR
2 1 64 13439 13748 AND
2 1 13752 13748 13753 XOR
2 1 10 64 13754 AND
2 1 13753 13754 13755 AND
2 1 13748 11 13751 XOR
2 1 65 13751 13756 AND
2 1 13755 13756 13757 AND
2 1 13746 66 13758 XOR
2 1 13757 13758 13759 AND
2 1 13747 13759 13760 AND
2 1 13739 67 13761 XOR
2 1 13760 13761 13762 AND
2 1 13740 13762 13763 AND
2 1 13732 68 13764 XOR
2 1 13763 13764 13765 AND
2 1 13733 13765 13766 AND
2 1 13726 69 13767 XOR
2 1 13766 13767 13768 AND
2 1 13727 13768 13769 AND
2 1 13720 70 13770 XOR
2 1 13769 13770 13771 AND
2 1 13721 13771 13772 AND
2 1 13714 71 13773 XOR
2 1 13772 13773 13774 AND
2 1 13715 13774 13775 AND
2 1 13708 72 13776 XOR
2 1 13775 13776 13777 AND
2 1 13709 13777 13778 AND
2 1 13702 73 13779 XOR
2 1 13778 13779 13780 AND
2 1 13703 13780 13781 AND
2 1 13696 74 13782 XOR
2 1 13781 13782 13783 AND
2 1 13697 13783 13784 AND
2 1 13690 75 13785 XOR
2 1 13784 13785 13786 AND
2 1 13691 13786 13787 AND
2 1 13684 76 13788 XOR
2 1 13787 13788 13789 AND
2 1 13685 13789 13790 AND
2 1 13678 77 13791 XOR
2 1 13790 13791 13792 AND
2 1 13679 13792 13793 AND
2 1 13672 78 13794 XOR
2 1 13793 13794 13795 AND
2 1 13673 13795 13796 AND
2 1 13666 79 13797 XOR
2 1 13796 13797 13798 AND
2 1 13667 13798 13799 AND
2 1 13660 80 13800 XOR
2 1 13799 13800 13801 AND
2 1 13661 13801 13802 AND
2 1 13654 81 13803 XOR
2 1 13802 13803 13804 AND
2 1 13655 13804 13805 AND
2 1 13648 82 13806 XOR
2 1 13805 13806 13807 AND
2 1 13649 13807 13808 AND
2 1 13642 83 13809 XOR
2 1 13808 13809 13810 AND
2 1 13643 13810 13811 AND
2 1 13636 84 13812 XOR
2 1 13811 13812 13813 AND
2 1 13637 13813 13814 AND
2 1 13630 85 13815 XOR
2 1 13814 13815 13816 AND
2 1 13631 13816 13817 AND
2 1 13624 86 13818 XOR
2 1 13817 13818 13819 AND
2 1 13625 13819 13820 AND
2 1 13618 87 13821 XOR
2 1 13820 13821 13822 AND
2 1 13619 13822 13823 AND
2 1 13612 88 13824 XOR
2 1 13823 13824 13825 AND
2 1 13613 13825 13826 AND
2 1 13606 89 13827 XOR
2 1 13826 13827 13828 AND
2 1 13607 13828 13829 AND
2 1 13600 90 13830 XOR
2 1 13829 13830 13831 AND
2 1 13601 13831 13832 AND
2 1 13594 91 13833 XOR
2 1 13832 13833 13834 AND
2 1 13595 13834 13835 AND
2 1 13588 92 13836 XOR
2 1 13835 13836 13837 AND
2 1 13589 13837 13838 AND
2 1 13582 93 13839 XOR
2 1 13838 13839 13840 AND
2 1 13583 13840 13841 AND
2 1 13576 94 13842 XOR
2 1 13841 13842 13843 AND
2 1 13577 13843 13844 AND
2 1 13570 95 13845 XOR
2 1 13844 13845 13846 AND
2 1 13571 13846 13847 AND
2 1 13564 96 13848 XOR
2 1 13847 13848 13849 AND
2 1 13565 13849 13850 AND
2 1 13558 97 13851 XOR
2 1 13850 13851 13852 AND
2 1 13559 13852 13853 AND
2 1 13552 98 13854 XOR
2 1 13853 13854 13855 AND
2 1 13553 13855 13856 AND
2 1 13546 99 13857 XOR
2 1 13856 13857 13858 AND
2 1 13547 13858 13859 AND
2 1 13540 100 13860 XOR
2 1 13859 13860 13861 AND
2 1 13541 13861 13862 AND
2 1 13534 101 13863 XOR
2 1 13862 13863 13864 AND
2 1 13535 13864 13865 AND
2 1 13528 102 13866 XOR
2 1 13865 13866 13867 AND
2 1 13529 13867 13868 AND
2 1 13522 103 13869 XOR
2 1 13868 13869 13870 AND
2 1 13523 13870 13871 AND
2 1 13516 104 13872 XOR
2 1 13871 13872 13873 AND
2 1 13517 13873 13874 AND
2 1 13510 105 13875 XOR
2 1 13874 13875 13876 AND
2 1 13511 13876 13877 AND
2 1 13504 106 13878 XOR
2 1 13877 13878 13879 AND
2 1 13505 13879 13880 AND
2 1 13498 107 13881 XOR
2 1 13880 13881 13882 AND
2 1 13499 13882 13883 AND
2 1 13492 108 13884 XOR
2 1 13883 13884 13885 AND
2 1 13493 13885 13886 AND
2 1 13486 109 13887 XOR
2 1 13886 13887 13888 AND
2 1 13487 13888 13889 AND
2 1 13480 110 13890 XOR
2 1 13889 13890 13891 AND
2 1 13481 13891 13892 AND
2 1 13474 111 13893 XOR
2 1 13892 13893 13894 AND
2 1 13475 13894 13895 AND
2 1 13468 112 13896 XOR
2 1 13895 13896 13897 AND
2 1 13469 13897 13898 AND
2 1 13462 113 13899 XOR
2 1 13898 13899 13900 AND
2 1 13463 13900 13901 AND
2 1 13456 114 13902 XOR
2 1 13901 13902 13903 AND
2 1 13457 13903 13904 AND
2 1 13450 115 13905 XOR
2 1 13904 13905 13906 AND
2 1 13451 13906 13907 AND
2 1 13444 116 13908 XOR
2 1 13907 13908 13909 AND
2 1 13445 13909 13910 AND
2 1 13432 13434 13911 AND
2 1 13911 13427 13912 XOR
2 1 13439 13912 13913 AND
2 1 160 12506 13914 AND
2 1 13437 13914 13915 AND
2 1 13913 13915 13916 AND
2 1 117 13916 13917 AND
2 1 117 13915 13918 AND
2 1 13913 13918 13919 AND
2 1 155 157 13920 AND
2 1 152 13920 13921 AND
2 1 13919 13921 13922 AND
2 1 13917 13922 13923 AND
2 1 13910 13923 13924 AND
2 1 460 13916 13925 AND
2 1 13924 13925 13926 AND
2 1 13908 13907 13927 XOR
2 1 13926 13927 13928 AND
2 1 13444 13925 13929 AND
2 1 13924 13929 13930 AND
2 1 13928 13930 13931 AND
2 1 13917 13919 13932 AND
2 1 13932 13910 13933 XOR
2 1 13926 13933 13934 AND
2 1 460 13916 13935 AND
2 1 13924 13935 13936 AND
2 1 13934 13936 13937 AND
2 1 118 13937 13938 AND
2 1 117 13931 13939 AND
2 1 13905 13904 13940 XOR
2 1 13926 13940 13941 AND
2 1 13450 13925 13942 AND
2 1 13924 13942 13943 AND
2 1 13941 13943 13944 AND
2 1 116 13944 13945 AND
2 1 13902 13901 13946 XOR
2 1 13926 13946 13947 AND
2 1 13456 13925 13948 AND
2 1 13924 13948 13949 AND
2 1 13947 13949 13950 AND
2 1 115 13950 13951 AND
2 1 13899 13898 13952 XOR
2 1 13926 13952 13953 AND
2 1 13462 13925 13954 AND
2 1 13924 13954 13955 AND
2 1 13953 13955 13956 AND
2 1 114 13956 13957 AND
2 1 13896 13895 13958 XOR
2 1 13926 13958 13959 AND
2 1 13468 13925 13960 AND
2 1 13924 13960 13961 AND
2 1 13959 13961 13962 AND
2 1 113 13962 13963 AND
2 1 13893 13892 13964 XOR
2 1 13926 13964 13965 AND
2 1 13474 13925 13966 AND
2 1 13924 13966 13967 AND
2 1 13965 13967 13968 AND
2 1 112 13968 13969 AND
2 1 13890 13889 13970 XOR
2 1 13926 13970 13971 AND
2 1 13480 13925 13972 AND
2 1 13924 13972 13973 AND
2 1 13971 13973 13974 AND
2 1 111 13974 13975 AND
2 1 13887 13886 13976 XOR
2 1 13926 13976 13977 AND
2 1 13486 13925 13978 AND
2 1 13924 13978 13979 AND
2 1 13977 13979 13980 AND
2 1 110 13980 13981 AND
2 1 13884 13883 13982 XOR
2 1 13926 13982 13983 AND
2 1 13492 13925 13984 AND
2 1 13924 13984 13985 AND
2 1 13983 13985 13986 AND
2 1 109 13986 13987 AND
2 1 13881 13880 13988 XOR
2 1 13926 13988 13989 AND
2 1 13498 13925 13990 AND
2 1 13924 13990 13991 AND
2 1 13989 13991 13992 AND
2 1 108 13992 13993 AND
2 1 13878 13877 13994 XOR
2 1 13926 13994 13995 AND
2 1 13504 13925 13996 AND
2 1 13924 13996 13997 AND
2 1 13995 13997 13998 AND
2 1 107 13998 13999 AND
2 1 13875 13874 14000 XOR
2 1 13926 14000 14001 AND
2 1 13510 13925 14002 AND
2 1 13924 14002 14003 AND
2 1 14001 14003 14004 AND
2 1 106 14004 14005 AND
2 1 13872 13871 14006 XOR
2 1 13926 14006 14007 AND
2 1 13516 13925 14008 AND
2 1 13924 14008 14009 AND
2 1 14007 14009 14010 AND
2 1 105 14010 14011 AND
2 1 13869 13868 14012 XOR
2 1 13926 14012 14013 AND
2 1 13522 13925 14014 AND
2 1 13924 14014 14015 AND
2 1 14013 14015 14016 AND
2 1 104 14016 14017 AND
2 1 13866 13865 14018 XOR
2 1 13926 14018 14019 AND
2 1 13528 13925 14020 AND
2 1 13924 14020 14021 AND
2 1 14019 14021 14022 AND
2 1 103 14022 14023 AND
2 1 13863 13862 14024 XOR
2 1 13926 14024 14025 AND
2 1 13534 13925 14026 AND
2 1 13924 14026 14027 AND
2 1 14025 14027 14028 AND
2 1 102 14028 14029 AND
2 1 13860 13859 14030 XOR
2 1 13926 14030 14031 AND
2 1 13540 13925 14032 AND
2 1 13924 14032 14033 AND
2 1 14031 14033 14034 AND
2 1 101 14034 14035 AND
2 1 13857 13856 14036 XOR
2 1 13926 14036 14037 AND
2 1 13546 13925 14038 AND
2 1 13924 14038 14039 AND
2 1 14037 14039 14040 AND
2 1 100 14040 14041 AND
2 1 13854 13853 14042 XOR
2 1 13926 14042 14043 AND
2 1 13552 13925 14044 AND
2 1 13924 14044 14045 AND
2 1 14043 14045 14046 AND
2 1 99 14046 14047 AND
2 1 13851 13850 14048 XOR
2 1 13926 14048 14049 AND
2 1 13558 13925 14050 AND
2 1 13924 14050 14051 AND
2 1 14049 14051 14052 AND
2 1 98 14052 14053 AND
2 1 13848 13847 14054 XOR
2 1 13926 14054 14055 AND
2 1 13564 13925 14056 AND
2 1 13924 14056 14057 AND
2 1 14055 14057 14058 AND
2 1 97 14058 14059 AND
2 1 13845 13844 14060 XOR
2 1 13926 14060 14061 AND
2 1 13570 13925 14062 AND
2 1 13924 14062 14063 AND
2 1 14061 14063 14064 AND
2 1 96 14064 14065 AND
2 1 13842 13841 14066 XOR
2 1 13926 14066 14067 AND
2 1 13576 13925 14068 AND
2 1 13924 14068 14069 AND
2 1 14067 14069 14070 AND
2 1 95 14070 14071 AND
2 1 13839 13838 14072 XOR
2 1 13926 14072 14073 AND
2 1 13582 13925 14074 AND
2 1 13924 14074 14075 AND
2 1 14073 14075 14076 AND
2 1 94 14076 14077 AND
2 1 13836 13835 14078 XOR
2 1 13926 14078 14079 AND
2 1 13588 13925 14080 AND
2 1 13924 14080 14081 AND
2 1 14079 14081 14082 AND
2 1 93 14082 14083 AND
2 1 13833 13832 14084 XOR
2 1 13926 14084 14085 AND
2 1 13594 13925 14086 AND
2 1 13924 14086 14087 AND
2 1 14085 14087 14088 AND
2 1 92 14088 14089 AND
2 1 13830 13829 14090 XOR
2 1 13926 14090 14091 AND
2 1 13600 13925 14092 AND
2 1 13924 14092 14093 AND
2 1 14091 14093 14094 AND
2 1 91 14094 14095 AND
2 1 13827 13826 14096 XOR
2 1 13926 14096 14097 AND
2 1 13606 13925 14098 AND
2 1 13924 14098 14099 AND
2 1 14097 14099 14100 AND
2 1 90 14100 14101 AND
2 1 13824 13823 14102 XOR
2 1 13926 14102 14103 AND
2 1 13612 13925 14104 AND
2 1 13924 14104 14105 AND
2 1 14103 14105 14106 AND
2 1 89 14106 14107 AND
2 1 13821 13820 14108 XOR
2 1 13926 14108 14109 AND
2 1 13618 13925 14110 AND
2 1 13924 14110 14111 AND
2 1 14109 14111 14112 AND
2 1 88 14112 14113 AND
2 1 13818 13817 14114 XOR
2 1 13926 14114 14115 AND
2 1 13624 13925 14116 AND
2 1 13924 14116 14117 AND
2 1 14115 14117 14118 AND
2 1 87 14118 14119 AND
2 1 13815 13814 14120 XOR
2 1 13926 14120 14121 AND
2 1 13630 13925 14122 AND
2 1 13924 14122 14123 AND
2 1 14121 14123 14124 AND
2 1 86 14124 14125 AND
2 1 13812 13811 14126 XOR
2 1 13926 14126 14127 AND
2 1 13636 13925 14128 AND
2 1 13924 14128 14129 AND
2 1 14127 14129 14130 AND
2 1 85 14130 14131 AND
2 1 13809 13808 14132 XOR
2 1 13926 14132 14133 AND
2 1 13642 13925 14134 AND
2 1 13924 14134 14135 AND
2 1 14133 14135 14136 AND
2 1 84 14136 14137 AND
2 1 13806 13805 14138 XOR
2 1 13926 14138 14139 AND
2 1 13648 13925 14140 AND
2 1 13924 14140 14141 AND
2 1 14139 14141 14142 AND
2 1 83 14142 14143 AND
2 1 13803 13802 14144 XOR
2 1 13926 14144 14145 AND
2 1 13654 13925 14146 AND
2 1 13924 14146 14147 AND
2 1 14145 14147 14148 AND
2 1 82 14148 14149 AND
2 1 13800 13799 14150 XOR
2 1 13926 14150 14151 AND
2 1 13660 13925 14152 AND
2 1 13924 14152 14153 AND
2 1 14151 14153 14154 AND
2 1 81 14154 14155 AND
2 1 13797 13796 14156 XOR
2 1 13926 14156 14157 AND
2 1 13666 13925 14158 AND
2 1 13924 14158 14159 AND
2 1 14157 14159 14160 AND
2 1 80 14160 14161 AND
2 1 13794 13793 14162 XOR
2 1 13926 14162 14163 AND
2 1 13672 13925 14164 AND
2 1 13924 14164 14165 AND
2 1 14163 14165 14166 AND
2 1 79 14166 14167 AND
2 1 13791 13790 14168 XOR
2 1 13926 14168 14169 AND
2 1 13678 13925 14170 AND
2 1 13924 14170 14171 AND
2 1 14169 14171 14172 AND
2 1 78 14172 14173 AND
2 1 13788 13787 14174 XOR
2 1 13926 14174 14175 AND
2 1 13684 13925 14176 AND
2 1 13924 14176 14177 AND
2 1 14175 14177 14178 AND
2 1 77 14178 14179 AND
2 1 13785 13784 14180 XOR
2 1 13926 14180 14181 AND
2 1 13690 13925 14182 AND
2 1 13924 14182 14183 AND
2 1 14181 14183 14184 AND
2 1 76 14184 14185 AND
2 1 13782 13781 14186 XOR
2 1 13926 14186 14187 AND
2 1 13696 13925 14188 AND
2 1 13924 14188 14189 AND
2 1 14187 14189 14190 AND
2 1 75 14190 14191 AND
2 1 13779 13778 14192 XOR
2 1 13926 14192 14193 AND
2 1 13702 13925 14194 AND
2 1 13924 14194 14195 AND
2 1 14193 14195 14196 AND
2 1 74 14196 14197 AND
2 1 13776 13775 14198 XOR
2 1 13926 14198 14199 AND
2 1 13708 13925 14200 AND
2 1 13924 14200 14201 AND
2 1 14199 14201 14202 AND
2 1 73 14202 14203 AND
2 1 13773 13772 14204 XOR
2 1 13926 14204 14205 AND
2 1 13714 13925 14206 AND
2 1 13924 14206 14207 AND
2 1 14205 14207 14208 AND
2 1 72 14208 14209 AND
2 1 13770 13769 14210 XOR
2 1 13926 14210 14211 AND
2 1 13720 13925 14212 AND
2 1 13924 14212 14213 AND
2 1 14211 14213 14214 AND
2 1 71 14214 14215 AND
2 1 13767 13766 14216 XOR
2 1 13926 14216 14217 AND
2 1 13726 13925 14218 AND
2 1 13924 14218 14219 AND
2 1 14217 14219 14220 AND
2 1 70 14220 14221 AND
2 1 13764 13763 14222 XOR
2 1 13926 14222 14223 AND
2 1 13732 13925 14224 AND
2 1 13924 14224 14225 AND
2 1 14223 14225 14226 AND
2 1 69 14226 14227 AND
2 1 13761 13760 14228 XOR
2 1 13926 14228 14229 AND
2 1 13739 13925 14230 AND
2 1 13924 14230 14231 AND
2 1 14229 14231 14232 AND
2 1 68 14232 14233 AND
2 1 13758 13757 14234 XOR
2 1 13926 14234 14235 AND
2 1 13746 13925 14236 AND
2 1 13924 14236 14237 AND
2 1 14235 14237 14238 AND
2 1 67 14238 14239 AND
2 1 13754 65 14241 XOR
2 1 11 13748 13749 AND
2 1 13271 13439 13750 AND
2 1 13749 13750 14240 AND
2 1 14241 14240 14242 XOR
2 1 13926 14242 14243 AND
2 1 13751 13925 14244 AND
2 1 13924 14244 14245 AND
2 1 14243 14245 14246 AND
2 1 66 14246 14247 AND
2 1 65 10 14252 XOR
2 1 64 13926 14248 AND
2 1 14252 14248 14253 XOR
2 1 9 64 14254 AND
2 1 14253 14254 14255 AND
2 1 14248 10 14249 XOR
2 1 65 14249 14256 AND
2 1 14255 14256 14257 AND
2 1 14246 66 14258 XOR
2 1 14257 14258 14259 AND
2 1 14247 14259 14260 AND
2 1 14238 67 14261 XOR
2 1 14260 14261 14262 AND
2 1 14239 14262 14263 AND
2 1 14232 68 14264 XOR
2 1 14263 14264 14265 AND
2 1 14233 14265 14266 AND
2 1 14226 69 14267 XOR
2 1 14266 14267 14268 AND
2 1 14227 14268 14269 AND
2 1 14220 70 14270 XOR
2 1 14269 14270 14271 AND
2 1 14221 14271 14272 AND
2 1 14214 71 14273 XOR
2 1 14272 14273 14274 AND
2 1 14215 14274 14275 AND
2 1 14208 72 14276 XOR
2 1 14275 14276 14277 AND
2 1 14209 14277 14278 AND
2 1 14202 73 14279 XOR
2 1 14278 14279 14280 AND
2 1 14203 14280 14281 AND
2 1 14196 74 14282 XOR
2 1 14281 14282 14283 AND
2 1 14197 14283 14284 AND
2 1 14190 75 14285 XOR
2 1 14284 14285 14286 AND
2 1 14191 14286 14287 AND
2 1 14184 76 14288 XOR
2 1 14287 14288 14289 AND
2 1 14185 14289 14290 AND
2 1 14178 77 14291 XOR
2 1 14290 14291 14292 AND
2 1 14179 14292 14293 AND
2 1 14172 78 14294 XOR
2 1 14293 14294 14295 AND
2 1 14173 14295 14296 AND
2 1 14166 79 14297 XOR
2 1 14296 14297 14298 AND
2 1 14167 14298 14299 AND
2 1 14160 80 14300 XOR
2 1 14299 14300 14301 AND
2 1 14161 14301 14302 AND
2 1 14154 81 14303 XOR
2 1 14302 14303 14304 AND
2 1 14155 14304 14305 AND
2 1 14148 82 14306 XOR
2 1 14305 14306 14307 AND
2 1 14149 14307 14308 AND
2 1 14142 83 14309 XOR
2 1 14308 14309 14310 AND
2 1 14143 14310 14311 AND
2 1 14136 84 14312 XOR
2 1 14311 14312 14313 AND
2 1 14137 14313 14314 AND
2 1 14130 85 14315 XOR
2 1 14314 14315 14316 AND
2 1 14131 14316 14317 AND
2 1 14124 86 14318 XOR
2 1 14317 14318 14319 AND
2 1 14125 14319 14320 AND
2 1 14118 87 14321 XOR
2 1 14320 14321 14322 AND
2 1 14119 14322 14323 AND
2 1 14112 88 14324 XOR
2 1 14323 14324 14325 AND
2 1 14113 14325 14326 AND
2 1 14106 89 14327 XOR
2 1 14326 14327 14328 AND
2 1 14107 14328 14329 AND
2 1 14100 90 14330 XOR
2 1 14329 14330 14331 AND
2 1 14101 14331 14332 AND
2 1 14094 91 14333 XOR
2 1 14332 14333 14334 AND
2 1 14095 14334 14335 AND
2 1 14088 92 14336 XOR
2 1 14335 14336 14337 AND
2 1 14089 14337 14338 AND
2 1 14082 93 14339 XOR
2 1 14338 14339 14340 AND
2 1 14083 14340 14341 AND
2 1 14076 94 14342 XOR
2 1 14341 14342 14343 AND
2 1 14077 14343 14344 AND
2 1 14070 95 14345 XOR
2 1 14344 14345 14346 AND
2 1 14071 14346 14347 AND
2 1 14064 96 14348 XOR
2 1 14347 14348 14349 AND
2 1 14065 14349 14350 AND
2 1 14058 97 14351 XOR
2 1 14350 14351 14352 AND
2 1 14059 14352 14353 AND
2 1 14052 98 14354 XOR
2 1 14353 14354 14355 AND
2 1 14053 14355 14356 AND
2 1 14046 99 14357 XOR
2 1 14356 14357 14358 AND
2 1 14047 14358 14359 AND
2 1 14040 100 14360 XOR
2 1 14359 14360 14361 AND
2 1 14041 14361 14362 AND
2 1 14034 101 14363 XOR
2 1 14362 14363 14364 AND
2 1 14035 14364 14365 AND
2 1 14028 102 14366 XOR
2 1 14365 14366 14367 AND
2 1 14029 14367 14368 AND
2 1 14022 103 14369 XOR
2 1 14368 14369 14370 AND
2 1 14023 14370 14371 AND
2 1 14016 104 14372 XOR
2 1 14371 14372 14373 AND
2 1 14017 14373 14374 AND
2 1 14010 105 14375 XOR
2 1 14374 14375 14376 AND
2 1 14011 14376 14377 AND
2 1 14004 106 14378 XOR
2 1 14377 14378 14379 AND
2 1 14005 14379 14380 AND
2 1 13998 107 14381 XOR
2 1 14380 14381 14382 AND
2 1 13999 14382 14383 AND
2 1 13992 108 14384 XOR
2 1 14383 14384 14385 AND
2 1 13993 14385 14386 AND
2 1 13986 109 14387 XOR
2 1 14386 14387 14388 AND
2 1 13987 14388 14389 AND
2 1 13980 110 14390 XOR
2 1 14389 14390 14391 AND
2 1 13981 14391 14392 AND
2 1 13974 111 14393 XOR
2 1 14392 14393 14394 AND
2 1 13975 14394 14395 AND
2 1 13968 112 14396 XOR
2 1 14395 14396 14397 AND
2 1 13969 14397 14398 AND
2 1 13962 113 14399 XOR
2 1 14398 14399 14400 AND
2 1 13963 14400 14401 AND
2 1 13956 114 14402 XOR
2 1 14401 14402 14403 AND
2 1 13957 14403 14404 AND
2 1 13950 115 14405 XOR
2 1 14404 14405 14406 AND
2 1 13951 14406 14407 AND
2 1 13944 116 14408 XOR
2 1 14407 14408 14409 AND
2 1 13945 14409 14410 AND
2 1 13931 117 14411 XOR
2 1 14410 14411 14412 AND
2 1 13939 14412 14413 AND
2 1 13937 118 14414 XOR
2 1 14413 14414 14415 AND
2 1 13938 14415 14416 AND
2 1 265 275 14417 AND
2 1 272 14417 14418 AND
2 1 14416 14418 14419 AND
2 1 13931 14419 14420 AND
2 1 14411 14410 14421 XOR
2 1 14418 14421 14422 AND
2 1 14416 14422 14423 AND
2 1 14420 14423 14424 AND
2 1 118 14424 14425 AND
2 1 13944 14419 14426 AND
2 1 14408 14407 14427 XOR
2 1 14418 14427 14428 AND
2 1 14416 14428 14429 AND
2 1 14426 14429 14430 AND
2 1 117 14430 14431 AND
2 1 13950 14419 14432 AND
2 1 14405 14404 14433 XOR
2 1 14418 14433 14434 AND
2 1 14416 14434 14435 AND
2 1 14432 14435 14436 AND
2 1 116 14436 14437 AND
2 1 13956 14419 14438 AND
2 1 14402 14401 14439 XOR
2 1 14418 14439 14440 AND
2 1 14416 14440 14441 AND
2 1 14438 14441 14442 AND
2 1 115 14442 14443 AND
2 1 13962 14419 14444 AND
2 1 14399 14398 14445 XOR
2 1 14418 14445 14446 AND
2 1 14416 14446 14447 AND
2 1 14444 14447 14448 AND
2 1 114 14448 14449 AND
2 1 13968 14419 14450 AND
2 1 14396 14395 14451 XOR
2 1 14418 14451 14452 AND
2 1 14416 14452 14453 AND
2 1 14450 14453 14454 AND
2 1 113 14454 14455 AND
2 1 13974 14419 14456 AND
2 1 14393 14392 14457 XOR
2 1 14418 14457 14458 AND
2 1 14416 14458 14459 AND
2 1 14456 14459 14460 AND
2 1 112 14460 14461 AND
2 1 13980 14419 14462 AND
2 1 14390 14389 14463 XOR
2 1 14418 14463 14464 AND
2 1 14416 14464 14465 AND
2 1 14462 14465 14466 AND
2 1 111 14466 14467 AND
2 1 13986 14419 14468 AND
2 1 14387 14386 14469 XOR
2 1 14418 14469 14470 AND
2 1 14416 14470 14471 AND
2 1 14468 14471 14472 AND
2 1 110 14472 14473 AND
2 1 13992 14419 14474 AND
2 1 14384 14383 14475 XOR
2 1 14418 14475 14476 AND
2 1 14416 14476 14477 AND
2 1 14474 14477 14478 AND
2 1 109 14478 14479 AND
2 1 13998 14419 14480 AND
2 1 14381 14380 14481 XOR
2 1 14418 14481 14482 AND
2 1 14416 14482 14483 AND
2 1 14480 14483 14484 AND
2 1 108 14484 14485 AND
2 1 14004 14419 14486 AND
2 1 14378 14377 14487 XOR
2 1 14418 14487 14488 AND
2 1 14416 14488 14489 AND
2 1 14486 14489 14490 AND
2 1 107 14490 14491 AND
2 1 14010 14419 14492 AND
2 1 14375 14374 14493 XOR
2 1 14418 14493 14494 AND
2 1 14416 14494 14495 AND
2 1 14492 14495 14496 AND
2 1 106 14496 14497 AND
2 1 14016 14419 14498 AND
2 1 14372 14371 14499 XOR
2 1 14418 14499 14500 AND
2 1 14416 14500 14501 AND
2 1 14498 14501 14502 AND
2 1 105 14502 14503 AND
2 1 14022 14419 14504 AND
2 1 14369 14368 14505 XOR
2 1 14418 14505 14506 AND
2 1 14416 14506 14507 AND
2 1 14504 14507 14508 AND
2 1 104 14508 14509 AND
2 1 14028 14419 14510 AND
2 1 14366 14365 14511 XOR
2 1 14418 14511 14512 AND
2 1 14416 14512 14513 AND
2 1 14510 14513 14514 AND
2 1 103 14514 14515 AND
2 1 14034 14419 14516 AND
2 1 14363 14362 14517 XOR
2 1 14418 14517 14518 AND
2 1 14416 14518 14519 AND
2 1 14516 14519 14520 AND
2 1 102 14520 14521 AND
2 1 14040 14419 14522 AND
2 1 14360 14359 14523 XOR
2 1 14418 14523 14524 AND
2 1 14416 14524 14525 AND
2 1 14522 14525 14526 AND
2 1 101 14526 14527 AND
2 1 14046 14419 14528 AND
2 1 14357 14356 14529 XOR
2 1 14418 14529 14530 AND
2 1 14416 14530 14531 AND
2 1 14528 14531 14532 AND
2 1 100 14532 14533 AND
2 1 14052 14419 14534 AND
2 1 14354 14353 14535 XOR
2 1 14418 14535 14536 AND
2 1 14416 14536 14537 AND
2 1 14534 14537 14538 AND
2 1 99 14538 14539 AND
2 1 14058 14419 14540 AND
2 1 14351 14350 14541 XOR
2 1 14418 14541 14542 AND
2 1 14416 14542 14543 AND
2 1 14540 14543 14544 AND
2 1 98 14544 14545 AND
2 1 14064 14419 14546 AND
2 1 14348 14347 14547 XOR
2 1 14418 14547 14548 AND
2 1 14416 14548 14549 AND
2 1 14546 14549 14550 AND
2 1 97 14550 14551 AND
2 1 14070 14419 14552 AND
2 1 14345 14344 14553 XOR
2 1 14418 14553 14554 AND
2 1 14416 14554 14555 AND
2 1 14552 14555 14556 AND
2 1 96 14556 14557 AND
2 1 14076 14419 14558 AND
2 1 14342 14341 14559 XOR
2 1 14418 14559 14560 AND
2 1 14416 14560 14561 AND
2 1 14558 14561 14562 AND
2 1 95 14562 14563 AND
2 1 14082 14419 14564 AND
2 1 14339 14338 14565 XOR
2 1 14418 14565 14566 AND
2 1 14416 14566 14567 AND
2 1 14564 14567 14568 AND
2 1 94 14568 14569 AND
2 1 14088 14419 14570 AND
2 1 14336 14335 14571 XOR
2 1 14418 14571 14572 AND
2 1 14416 14572 14573 AND
2 1 14570 14573 14574 AND
2 1 93 14574 14575 AND
2 1 14094 14419 14576 AND
2 1 14333 14332 14577 XOR
2 1 14418 14577 14578 AND
2 1 14416 14578 14579 AND
2 1 14576 14579 14580 AND
2 1 92 14580 14581 AND
2 1 14100 14419 14582 AND
2 1 14330 14329 14583 XOR
2 1 14418 14583 14584 AND
2 1 14416 14584 14585 AND
2 1 14582 14585 14586 AND
2 1 91 14586 14587 AND
2 1 14106 14419 14588 AND
2 1 14327 14326 14589 XOR
2 1 14418 14589 14590 AND
2 1 14416 14590 14591 AND
2 1 14588 14591 14592 AND
2 1 90 14592 14593 AND
2 1 14112 14419 14594 AND
2 1 14324 14323 14595 XOR
2 1 14418 14595 14596 AND
2 1 14416 14596 14597 AND
2 1 14594 14597 14598 AND
2 1 89 14598 14599 AND
2 1 14118 14419 14600 AND
2 1 14321 14320 14601 XOR
2 1 14418 14601 14602 AND
2 1 14416 14602 14603 AND
2 1 14600 14603 14604 AND
2 1 88 14604 14605 AND
2 1 14124 14419 14606 AND
2 1 14318 14317 14607 XOR
2 1 14418 14607 14608 AND
2 1 14416 14608 14609 AND
2 1 14606 14609 14610 AND
2 1 87 14610 14611 AND
2 1 14130 14419 14612 AND
2 1 14315 14314 14613 XOR
2 1 14418 14613 14614 AND
2 1 14416 14614 14615 AND
2 1 14612 14615 14616 AND
2 1 86 14616 14617 AND
2 1 14136 14419 14618 AND
2 1 14312 14311 14619 XOR
2 1 14418 14619 14620 AND
2 1 14416 14620 14621 AND
2 1 14618 14621 14622 AND
2 1 85 14622 14623 AND
2 1 14142 14419 14624 AND
2 1 14309 14308 14625 XOR
2 1 14418 14625 14626 AND
2 1 14416 14626 14627 AND
2 1 14624 14627 14628 AND
2 1 84 14628 14629 AND
2 1 14148 14419 14630 AND
2 1 14306 14305 14631 XOR
2 1 14418 14631 14632 AND
2 1 14416 14632 14633 AND
2 1 14630 14633 14634 AND
2 1 83 14634 14635 AND
2 1 14154 14419 14636 AND
2 1 14303 14302 14637 XOR
2 1 14418 14637 14638 AND
2 1 14416 14638 14639 AND
2 1 14636 14639 14640 AND
2 1 82 14640 14641 AND
2 1 14160 14419 14642 AND
2 1 14300 14299 14643 XOR
2 1 14418 14643 14644 AND
2 1 14416 14644 14645 AND
2 1 14642 14645 14646 AND
2 1 81 14646 14647 AND
2 1 14166 14419 14648 AND
2 1 14297 14296 14649 XOR
2 1 14418 14649 14650 AND
2 1 14416 14650 14651 AND
2 1 14648 14651 14652 AND
2 1 80 14652 14653 AND
2 1 14172 14419 14654 AND
2 1 14294 14293 14655 XOR
2 1 14418 14655 14656 AND
2 1 14416 14656 14657 AND
2 1 14654 14657 14658 AND
2 1 79 14658 14659 AND
2 1 14178 14419 14660 AND
2 1 14291 14290 14661 XOR
2 1 14418 14661 14662 AND
2 1 14416 14662 14663 AND
2 1 14660 14663 14664 AND
2 1 78 14664 14665 AND
2 1 14184 14419 14666 AND
2 1 14288 14287 14667 XOR
2 1 14418 14667 14668 AND
2 1 14416 14668 14669 AND
2 1 14666 14669 14670 AND
2 1 77 14670 14671 AND
2 1 14190 14419 14672 AND
2 1 14285 14284 14673 XOR
2 1 14418 14673 14674 AND
2 1 14416 14674 14675 AND
2 1 14672 14675 14676 AND
2 1 76 14676 14677 AND
2 1 14196 14419 14678 AND
2 1 14282 14281 14679 XOR
2 1 14418 14679 14680 AND
2 1 14416 14680 14681 AND
2 1 14678 14681 14682 AND
2 1 75 14682 14683 AND
2 1 14202 14419 14684 AND
2 1 14279 14278 14685 XOR
2 1 14418 14685 14686 AND
2 1 14416 14686 14687 AND
2 1 14684 14687 14688 AND
2 1 74 14688 14689 AND
2 1 14208 14419 14690 AND
2 1 14276 14275 14691 XOR
2 1 14418 14691 14692 AND
2 1 14416 14692 14693 AND
2 1 14690 14693 14694 AND
2 1 73 14694 14695 AND
2 1 14214 14419 14696 AND
2 1 14273 14272 14697 XOR
2 1 14418 14697 14698 AND
2 1 14416 14698 14699 AND
2 1 14696 14699 14700 AND
2 1 72 14700 14701 AND
2 1 14220 14419 14702 AND
2 1 14270 14269 14703 XOR
2 1 14418 14703 14704 AND
2 1 14416 14704 14705 AND
2 1 14702 14705 14706 AND
2 1 71 14706 14707 AND
2 1 14226 14419 14708 AND
2 1 14267 14266 14709 XOR
2 1 14418 14709 14710 AND
2 1 14416 14710 14711 AND
2 1 14708 14711 14712 AND
2 1 70 14712 14713 AND
2 1 14232 14419 14714 AND
2 1 14264 14263 14715 XOR
2 1 14418 14715 14716 AND
2 1 14416 14716 14717 AND
2 1 14714 14717 14718 AND
2 1 69 14718 14719 AND
2 1 14238 14419 14720 AND
2 1 14261 14260 14721 XOR
2 1 14418 14721 14722 AND
2 1 14416 14722 14723 AND
2 1 14720 14723 14724 AND
2 1 68 14724 14725 AND
2 1 14246 14419 14726 AND
2 1 14258 14257 14727 XOR
2 1 14418 14727 14728 AND
2 1 14416 14728 14729 AND
2 1 14726 14729 14730 AND
2 1 67 14730 14731 AND
2 1 14249 14419 14732 AND
2 1 65 14249 14250 AND
2 1 65 14249 14251 AND
2 1 14250 14251 14733 AND
2 1 14733 14254 14734 XOR
2 1 14418 14734 14735 AND
2 1 14416 14735 14736 AND
2 1 14732 14736 14737 AND
2 1 66 14737 14738 AND
2 1 8 64 14750 AND
2 1 65 14750 14753 AND
2 1 64 119 14739 AND
2 1 155 14739 14740 AND
2 1 152 14740 14741 AND
2 1 14416 14741 14742 AND
2 1 9 14742 14743 AND
2 1 265 14254 14744 AND
2 1 275 14744 14745 AND
2 1 272 14745 14746 AND
2 1 14416 14746 14747 AND
2 1 14743 14747 14748 AND
2 1 65 14750 14754 AND
2 1 14748 14754 14755 AND
2 1 14753 14755 14756 AND
2 1 14737 66 14757 XOR
2 1 14756 14757 14758 AND
2 1 14738 14758 14759 AND
2 1 14730 67 14760 XOR
2 1 14759 14760 14761 AND
2 1 14731 14761 14762 AND
2 1 14724 68 14763 XOR
2 1 14762 14763 14764 AND
2 1 14725 14764 14765 AND
2 1 14718 69 14766 XOR
2 1 14765 14766 14767 AND
2 1 14719 14767 14768 AND
2 1 14712 70 14769 XOR
2 1 14768 14769 14770 AND
2 1 14713 14770 14771 AND
2 1 14706 71 14772 XOR
2 1 14771 14772 14773 AND
2 1 14707 14773 14774 AND
2 1 14700 72 14775 XOR
2 1 14774 14775 14776 AND
2 1 14701 14776 14777 AND
2 1 14694 73 14778 XOR
2 1 14777 14778 14779 AND
2 1 14695 14779 14780 AND
2 1 14688 74 14781 XOR
2 1 14780 14781 14782 AND
2 1 14689 14782 14783 AND
2 1 14682 75 14784 XOR
2 1 14783 14784 14785 AND
2 1 14683 14785 14786 AND
2 1 14676 76 14787 XOR
2 1 14786 14787 14788 AND
2 1 14677 14788 14789 AND
2 1 14670 77 14790 XOR
2 1 14789 14790 14791 AND
2 1 14671 14791 14792 AND
2 1 14664 78 14793 XOR
2 1 14792 14793 14794 AND
2 1 14665 14794 14795 AND
2 1 14658 79 14796 XOR
2 1 14795 14796 14797 AND
2 1 14659 14797 14798 AND
2 1 14652 80 14799 XOR
2 1 14798 14799 14800 AND
2 1 14653 14800 14801 AND
2 1 14646 81 14802 XOR
2 1 14801 14802 14803 AND
2 1 14647 14803 14804 AND
2 1 14640 82 14805 XOR
2 1 14804 14805 14806 AND
2 1 14641 14806 14807 AND
2 1 14634 83 14808 XOR
2 1 14807 14808 14809 AND
2 1 14635 14809 14810 AND
2 1 14628 84 14811 XOR
2 1 14810 14811 14812 AND
2 1 14629 14812 14813 AND
2 1 14622 85 14814 XOR
2 1 14813 14814 14815 AND
2 1 14623 14815 14816 AND
2 1 14616 86 14817 XOR
2 1 14816 14817 14818 AND
2 1 14617 14818 14819 AND
2 1 14610 87 14820 XOR
2 1 14819 14820 14821 AND
2 1 14611 14821 14822 AND
2 1 14604 88 14823 XOR
2 1 14822 14823 14824 AND
2 1 14605 14824 14825 AND
2 1 14598 89 14826 XOR
2 1 14825 14826 14827 AND
2 1 14599 14827 14828 AND
2 1 14592 90 14829 XOR
2 1 14828 14829 14830 AND
2 1 14593 14830 14831 AND
2 1 14586 91 14832 XOR
2 1 14831 14832 14833 AND
2 1 14587 14833 14834 AND
2 1 14580 92 14835 XOR
2 1 14834 14835 14836 AND
2 1 14581 14836 14837 AND
2 1 14574 93 14838 XOR
2 1 14837 14838 14839 AND
2 1 14575 14839 14840 AND
2 1 14568 94 14841 XOR
2 1 14840 14841 14842 AND
2 1 14569 14842 14843 AND
2 1 14562 95 14844 XOR
2 1 14843 14844 14845 AND
2 1 14563 14845 14846 AND
2 1 14556 96 14847 XOR
2 1 14846 14847 14848 AND
2 1 14557 14848 14849 AND
2 1 14550 97 14850 XOR
2 1 14849 14850 14851 AND
2 1 14551 14851 14852 AND
2 1 14544 98 14853 XOR
2 1 14852 14853 14854 AND
2 1 14545 14854 14855 AND
2 1 14538 99 14856 XOR
2 1 14855 14856 14857 AND
2 1 14539 14857 14858 AND
2 1 14532 100 14859 XOR
2 1 14858 14859 14860 AND
2 1 14533 14860 14861 AND
2 1 14526 101 14862 XOR
2 1 14861 14862 14863 AND
2 1 14527 14863 14864 AND
2 1 14520 102 14865 XOR
2 1 14864 14865 14866 AND
2 1 14521 14866 14867 AND
2 1 14514 103 14868 XOR
2 1 14867 14868 14869 AND
2 1 14515 14869 14870 AND
2 1 14508 104 14871 XOR
2 1 14870 14871 14872 AND
2 1 14509 14872 14873 AND
2 1 14502 105 14874 XOR
2 1 14873 14874 14875 AND
2 1 14503 14875 14876 AND
2 1 14496 106 14877 XOR
2 1 14876 14877 14878 AND
2 1 14497 14878 14879 AND
2 1 14490 107 14880 XOR
2 1 14879 14880 14881 AND
2 1 14491 14881 14882 AND
2 1 14484 108 14883 XOR
2 1 14882 14883 14884 AND
2 1 14485 14884 14885 AND
2 1 14478 109 14886 XOR
2 1 14885 14886 14887 AND
2 1 14479 14887 14888 AND
2 1 14472 110 14889 XOR
2 1 14888 14889 14890 AND
2 1 14473 14890 14891 AND
2 1 14466 111 14892 XOR
2 1 14891 14892 14893 AND
2 1 14467 14893 14894 AND
2 1 14460 112 14895 XOR
2 1 14894 14895 14896 AND
2 1 14461 14896 14897 AND
2 1 14454 113 14898 XOR
2 1 14897 14898 14899 AND
2 1 14455 14899 14900 AND
2 1 14448 114 14901 XOR
2 1 14900 14901 14902 AND
2 1 14449 14902 14903 AND
2 1 14442 115 14904 XOR
2 1 14903 14904 14905 AND
2 1 14443 14905 14906 AND
2 1 14436 116 14907 XOR
2 1 14906 14907 14908 AND
2 1 14437 14908 14909 AND
2 1 14430 117 14910 XOR
2 1 14909 14910 14911 AND
2 1 14431 14911 14912 AND
2 1 14424 118 14913 XOR
2 1 14912 14913 14914 AND
2 1 14425 14914 14915 AND
2 1 13937 14419 14916 AND
2 1 14414 14413 14917 XOR
2 1 14419 14917 14918 AND
2 1 14916 14918 14919 AND
2 1 119 14919 14920 AND
2 1 119 14916 14921 AND
2 1 14918 14921 14922 AND
2 1 207 14922 14923 AND
2 1 14920 14923 14924 AND
2 1 14915 14924 14925 AND
2 1 14418 14919 14926 AND
2 1 14925 14926 14927 AND
2 1 14913 14912 14928 XOR
2 1 14927 14928 14929 AND
2 1 14424 14926 14930 AND
2 1 14925 14930 14931 AND
2 1 14929 14931 14932 AND
2 1 119 14932 14933 AND
2 1 14910 14909 14934 XOR
2 1 14927 14934 14935 AND
2 1 14430 14926 14936 AND
2 1 14925 14936 14937 AND
2 1 14935 14937 14938 AND
2 1 118 14938 14939 AND
2 1 14907 14906 14940 XOR
2 1 14927 14940 14941 AND
2 1 14436 14926 14942 AND
2 1 14925 14942 14943 AND
2 1 14941 14943 14944 AND
2 1 117 14944 14945 AND
2 1 14904 14903 14946 XOR
2 1 14927 14946 14947 AND
2 1 14442 14926 14948 AND
2 1 14925 14948 14949 AND
2 1 14947 14949 14950 AND
2 1 116 14950 14951 AND
2 1 14901 14900 14952 XOR
2 1 14927 14952 14953 AND
2 1 14448 14926 14954 AND
2 1 14925 14954 14955 AND
2 1 14953 14955 14956 AND
2 1 115 14956 14957 AND
2 1 14898 14897 14958 XOR
2 1 14927 14958 14959 AND
2 1 14454 14926 14960 AND
2 1 14925 14960 14961 AND
2 1 14959 14961 14962 AND
2 1 114 14962 14963 AND
2 1 14895 14894 14964 XOR
2 1 14927 14964 14965 AND
2 1 14460 14926 14966 AND
2 1 14925 14966 14967 AND
2 1 14965 14967 14968 AND
2 1 113 14968 14969 AND
2 1 14892 14891 14970 XOR
2 1 14927 14970 14971 AND
2 1 14466 14926 14972 AND
2 1 14925 14972 14973 AND
2 1 14971 14973 14974 AND
2 1 112 14974 14975 AND
2 1 14889 14888 14976 XOR
2 1 14927 14976 14977 AND
2 1 14472 14926 14978 AND
2 1 14925 14978 14979 AND
2 1 14977 14979 14980 AND
2 1 111 14980 14981 AND
2 1 14886 14885 14982 XOR
2 1 14927 14982 14983 AND
2 1 14478 14926 14984 AND
2 1 14925 14984 14985 AND
2 1 14983 14985 14986 AND
2 1 110 14986 14987 AND
2 1 14883 14882 14988 XOR
2 1 14927 14988 14989 AND
2 1 14484 14926 14990 AND
2 1 14925 14990 14991 AND
2 1 14989 14991 14992 AND
2 1 109 14992 14993 AND
2 1 14880 14879 14994 XOR
2 1 14927 14994 14995 AND
2 1 14490 14926 14996 AND
2 1 14925 14996 14997 AND
2 1 14995 14997 14998 AND
2 1 108 14998 14999 AND
2 1 14877 14876 15000 XOR
2 1 14927 15000 15001 AND
2 1 14496 14926 15002 AND
2 1 14925 15002 15003 AND
2 1 15001 15003 15004 AND
2 1 107 15004 15005 AND
2 1 14874 14873 15006 XOR
2 1 14927 15006 15007 AND
2 1 14502 14926 15008 AND
2 1 14925 15008 15009 AND
2 1 15007 15009 15010 AND
2 1 106 15010 15011 AND
2 1 14871 14870 15012 XOR
2 1 14927 15012 15013 AND
2 1 14508 14926 15014 AND
2 1 14925 15014 15015 AND
2 1 15013 15015 15016 AND
2 1 105 15016 15017 AND
2 1 14868 14867 15018 XOR
2 1 14927 15018 15019 AND
2 1 14514 14926 15020 AND
2 1 14925 15020 15021 AND
2 1 15019 15021 15022 AND
2 1 104 15022 15023 AND
2 1 14865 14864 15024 XOR
2 1 14927 15024 15025 AND
2 1 14520 14926 15026 AND
2 1 14925 15026 15027 AND
2 1 15025 15027 15028 AND
2 1 103 15028 15029 AND
2 1 14862 14861 15030 XOR
2 1 14927 15030 15031 AND
2 1 14526 14926 15032 AND
2 1 14925 15032 15033 AND
2 1 15031 15033 15034 AND
2 1 102 15034 15035 AND
2 1 14859 14858 15036 XOR
2 1 14927 15036 15037 AND
2 1 14532 14926 15038 AND
2 1 14925 15038 15039 AND
2 1 15037 15039 15040 AND
2 1 101 15040 15041 AND
2 1 14856 14855 15042 XOR
2 1 14927 15042 15043 AND
2 1 14538 14926 15044 AND
2 1 14925 15044 15045 AND
2 1 15043 15045 15046 AND
2 1 100 15046 15047 AND
2 1 14853 14852 15048 XOR
2 1 14927 15048 15049 AND
2 1 14544 14926 15050 AND
2 1 14925 15050 15051 AND
2 1 15049 15051 15052 AND
2 1 99 15052 15053 AND
2 1 14850 14849 15054 XOR
2 1 14927 15054 15055 AND
2 1 14550 14926 15056 AND
2 1 14925 15056 15057 AND
2 1 15055 15057 15058 AND
2 1 98 15058 15059 AND
2 1 14847 14846 15060 XOR
2 1 14927 15060 15061 AND
2 1 14556 14926 15062 AND
2 1 14925 15062 15063 AND
2 1 15061 15063 15064 AND
2 1 97 15064 15065 AND
2 1 14844 14843 15066 XOR
2 1 14927 15066 15067 AND
2 1 14562 14926 15068 AND
2 1 14925 15068 15069 AND
2 1 15067 15069 15070 AND
2 1 96 15070 15071 AND
2 1 14841 14840 15072 XOR
2 1 14927 15072 15073 AND
2 1 14568 14926 15074 AND
2 1 14925 15074 15075 AND
2 1 15073 15075 15076 AND
2 1 95 15076 15077 AND
2 1 14838 14837 15078 XOR
2 1 14927 15078 15079 AND
2 1 14574 14926 15080 AND
2 1 14925 15080 15081 AND
2 1 15079 15081 15082 AND
2 1 94 15082 15083 AND
2 1 14835 14834 15084 XOR
2 1 14927 15084 15085 AND
2 1 14580 14926 15086 AND
2 1 14925 15086 15087 AND
2 1 15085 15087 15088 AND
2 1 93 15088 15089 AND
2 1 14832 14831 15090 XOR
2 1 14927 15090 15091 AND
2 1 14586 14926 15092 AND
2 1 14925 15092 15093 AND
2 1 15091 15093 15094 AND
2 1 92 15094 15095 AND
2 1 14829 14828 15096 XOR
2 1 14927 15096 15097 AND
2 1 14592 14926 15098 AND
2 1 14925 15098 15099 AND
2 1 15097 15099 15100 AND
2 1 91 15100 15101 AND
2 1 14826 14825 15102 XOR
2 1 14927 15102 15103 AND
2 1 14598 14926 15104 AND
2 1 14925 15104 15105 AND
2 1 15103 15105 15106 AND
2 1 90 15106 15107 AND
2 1 14823 14822 15108 XOR
2 1 14927 15108 15109 AND
2 1 14604 14926 15110 AND
2 1 14925 15110 15111 AND
2 1 15109 15111 15112 AND
2 1 89 15112 15113 AND
2 1 14820 14819 15114 XOR
2 1 14927 15114 15115 AND
2 1 14610 14926 15116 AND
2 1 14925 15116 15117 AND
2 1 15115 15117 15118 AND
2 1 88 15118 15119 AND
2 1 14817 14816 15120 XOR
2 1 14927 15120 15121 AND
2 1 14616 14926 15122 AND
2 1 14925 15122 15123 AND
2 1 15121 15123 15124 AND
2 1 87 15124 15125 AND
2 1 14814 14813 15126 XOR
2 1 14927 15126 15127 AND
2 1 14622 14926 15128 AND
2 1 14925 15128 15129 AND
2 1 15127 15129 15130 AND
2 1 86 15130 15131 AND
2 1 14811 14810 15132 XOR
2 1 14927 15132 15133 AND
2 1 14628 14926 15134 AND
2 1 14925 15134 15135 AND
2 1 15133 15135 15136 AND
2 1 85 15136 15137 AND
2 1 14808 14807 15138 XOR
2 1 14927 15138 15139 AND
2 1 14634 14926 15140 AND
2 1 14925 15140 15141 AND
2 1 15139 15141 15142 AND
2 1 84 15142 15143 AND
2 1 14805 14804 15144 XOR
2 1 14927 15144 15145 AND
2 1 14640 14926 15146 AND
2 1 14925 15146 15147 AND
2 1 15145 15147 15148 AND
2 1 83 15148 15149 AND
2 1 14802 14801 15150 XOR
2 1 14927 15150 15151 AND
2 1 14646 14926 15152 AND
2 1 14925 15152 15153 AND
2 1 15151 15153 15154 AND
2 1 82 15154 15155 AND
2 1 14799 14798 15156 XOR
2 1 14927 15156 15157 AND
2 1 14652 14926 15158 AND
2 1 14925 15158 15159 AND
2 1 15157 15159 15160 AND
2 1 81 15160 15161 AND
2 1 14796 14795 15162 XOR
2 1 14927 15162 15163 AND
2 1 14658 14926 15164 AND
2 1 14925 15164 15165 AND
2 1 15163 15165 15166 AND
2 1 80 15166 15167 AND
2 1 14793 14792 15168 XOR
2 1 14927 15168 15169 AND
2 1 14664 14926 15170 AND
2 1 14925 15170 15171 AND
2 1 15169 15171 15172 AND
2 1 79 15172 15173 AND
2 1 14790 14789 15174 XOR
2 1 14927 15174 15175 AND
2 1 14670 14926 15176 AND
2 1 14925 15176 15177 AND
2 1 15175 15177 15178 AND
2 1 78 15178 15179 AND
2 1 14787 14786 15180 XOR
2 1 14927 15180 15181 AND
2 1 14676 14926 15182 AND
2 1 14925 15182 15183 AND
2 1 15181 15183 15184 AND
2 1 77 15184 15185 AND
2 1 14784 14783 15186 XOR
2 1 14927 15186 15187 AND
2 1 14682 14926 15188 AND
2 1 14925 15188 15189 AND
2 1 15187 15189 15190 AND
2 1 76 15190 15191 AND
2 1 14781 14780 15192 XOR
2 1 14927 15192 15193 AND
2 1 14688 14926 15194 AND
2 1 14925 15194 15195 AND
2 1 15193 15195 15196 AND
2 1 75 15196 15197 AND
2 1 14778 14777 15198 XOR
2 1 14927 15198 15199 AND
2 1 14694 14926 15200 AND
2 1 14925 15200 15201 AND
2 1 15199 15201 15202 AND
2 1 74 15202 15203 AND
2 1 14775 14774 15204 XOR
2 1 14927 15204 15205 AND
2 1 14700 14926 15206 AND
2 1 14925 15206 15207 AND
2 1 15205 15207 15208 AND
2 1 73 15208 15209 AND
2 1 14772 14771 15210 XOR
2 1 14927 15210 15211 AND
2 1 14706 14926 15212 AND
2 1 14925 15212 15213 AND
2 1 15211 15213 15214 AND
2 1 72 15214 15215 AND
2 1 14769 14768 15216 XOR
2 1 14927 15216 15217 AND
2 1 14712 14926 15218 AND
2 1 14925 15218 15219 AND
2 1 15217 15219 15220 AND
2 1 71 15220 15221 AND
2 1 14766 14765 15222 XOR
2 1 14927 15222 15223 AND
2 1 14718 14926 15224 AND
2 1 14925 15224 15225 AND
2 1 15223 15225 15226 AND
2 1 70 15226 15227 AND
2 1 14763 14762 15228 XOR
2 1 14927 15228 15229 AND
2 1 14724 14926 15230 AND
2 1 14925 15230 15231 AND
2 1 15229 15231 15232 AND
2 1 69 15232 15233 AND
2 1 14760 14759 15234 XOR
2 1 14927 15234 15235 AND
2 1 14730 14926 15236 AND
2 1 14925 15236 15237 AND
2 1 15235 15237 15238 AND
2 1 68 15238 15239 AND
2 1 14748 65 14749 XOR
2 1 14749 14750 14751 AND
2 1 65 14748 14752 AND
2 1 14751 14752 15240 AND
2 1 15240 14757 15241 XOR
2 1 14927 15241 15242 AND
2 1 14737 14926 15243 AND
2 1 14925 15243 15244 AND
2 1 15242 15244 15245 AND
2 1 67 15245 15246 AND
2 1 14750 65 15247 XOR
2 1 15247 14748 15248 XOR
2 1 14927 15248 15249 AND
2 1 14748 14926 15250 AND
2 1 14925 15250 15251 AND
2 1 15249 15251 15252 AND
2 1 66 15252 15253 AND
2 1 65 8 15258 XOR
2 1 64 14927 15254 AND
2 1 15258 15254 15259 XOR
2 1 7 64 15260 AND
2 1 15259 15260 15261 AND
2 1 15254 8 15257 XOR
2 1 65 15257 15262 AND
2 1 15261 15262 15263 AND
2 1 15252 66 15264 XOR
2 1 15263 15264 15265 AND
2 1 15253 15265 15266 AND
2 1 15245 67 15267 XOR
2 1 15266 15267 15268 AND
2 1 15246 15268 15269 AND
2 1 15238 68 15270 XOR
2 1 15269 15270 15271 AND
2 1 15239 15271 15272 AND
2 1 15232 69 15273 XOR
2 1 15272 15273 15274 AND
2 1 15233 15274 15275 AND
2 1 15226 70 15276 XOR
2 1 15275 15276 15277 AND
2 1 15227 15277 15278 AND
2 1 15220 71 15279 XOR
2 1 15278 15279 15280 AND
2 1 15221 15280 15281 AND
2 1 15214 72 15282 XOR
2 1 15281 15282 15283 AND
2 1 15215 15283 15284 AND
2 1 15208 73 15285 XOR
2 1 15284 15285 15286 AND
2 1 15209 15286 15287 AND
2 1 15202 74 15288 XOR
2 1 15287 15288 15289 AND
2 1 15203 15289 15290 AND
2 1 15196 75 15291 XOR
2 1 15290 15291 15292 AND
2 1 15197 15292 15293 AND
2 1 15190 76 15294 XOR
2 1 15293 15294 15295 AND
2 1 15191 15295 15296 AND
2 1 15184 77 15297 XOR
2 1 15296 15297 15298 AND
2 1 15185 15298 15299 AND
2 1 15178 78 15300 XOR
2 1 15299 15300 15301 AND
2 1 15179 15301 15302 AND
2 1 15172 79 15303 XOR
2 1 15302 15303 15304 AND
2 1 15173 15304 15305 AND
2 1 15166 80 15306 XOR
2 1 15305 15306 15307 AND
2 1 15167 15307 15308 AND
2 1 15160 81 15309 XOR
2 1 15308 15309 15310 AND
2 1 15161 15310 15311 AND
2 1 15154 82 15312 XOR
2 1 15311 15312 15313 AND
2 1 15155 15313 15314 AND
2 1 15148 83 15315 XOR
2 1 15314 15315 15316 AND
2 1 15149 15316 15317 AND
2 1 15142 84 15318 XOR
2 1 15317 15318 15319 AND
2 1 15143 15319 15320 AND
2 1 15136 85 15321 XOR
2 1 15320 15321 15322 AND
2 1 15137 15322 15323 AND
2 1 15130 86 15324 XOR
2 1 15323 15324 15325 AND
2 1 15131 15325 15326 AND
2 1 15124 87 15327 XOR
2 1 15326 15327 15328 AND
2 1 15125 15328 15329 AND
2 1 15118 88 15330 XOR
2 1 15329 15330 15331 AND
2 1 15119 15331 15332 AND
2 1 15112 89 15333 XOR
2 1 15332 15333 15334 AND
2 1 15113 15334 15335 AND
2 1 15106 90 15336 XOR
2 1 15335 15336 15337 AND
2 1 15107 15337 15338 AND
2 1 15100 91 15339 XOR
2 1 15338 15339 15340 AND
2 1 15101 15340 15341 AND
2 1 15094 92 15342 XOR
2 1 15341 15342 15343 AND
2 1 15095 15343 15344 AND
2 1 15088 93 15345 XOR
2 1 15344 15345 15346 AND
2 1 15089 15346 15347 AND
2 1 15082 94 15348 XOR
2 1 15347 15348 15349 AND
2 1 15083 15349 15350 AND
2 1 15076 95 15351 XOR
2 1 15350 15351 15352 AND
2 1 15077 15352 15353 AND
2 1 15070 96 15354 XOR
2 1 15353 15354 15355 AND
2 1 15071 15355 15356 AND
2 1 15064 97 15357 XOR
2 1 15356 15357 15358 AND
2 1 15065 15358 15359 AND
2 1 15058 98 15360 XOR
2 1 15359 15360 15361 AND
2 1 15059 15361 15362 AND
2 1 15052 99 15363 XOR
2 1 15362 15363 15364 AND
2 1 15053 15364 15365 AND
2 1 15046 100 15366 XOR
2 1 15365 15366 15367 AND
2 1 15047 15367 15368 AND
2 1 15040 101 15369 XOR
2 1 15368 15369 15370 AND
2 1 15041 15370 15371 AND
2 1 15034 102 15372 XOR
2 1 15371 15372 15373 AND
2 1 15035 15373 15374 AND
2 1 15028 103 15375 XOR
2 1 15374 15375 15376 AND
2 1 15029 15376 15377 AND
2 1 15022 104 15378 XOR
2 1 15377 15378 15379 AND
2 1 15023 15379 15380 AND
2 1 15016 105 15381 XOR
2 1 15380 15381 15382 AND
2 1 15017 15382 15383 AND
2 1 15010 106 15384 XOR
2 1 15383 15384 15385 AND
2 1 15011 15385 15386 AND
2 1 15004 107 15387 XOR
2 1 15386 15387 15388 AND
2 1 15005 15388 15389 AND
2 1 14998 108 15390 XOR
2 1 15389 15390 15391 AND
2 1 14999 15391 15392 AND
2 1 14992 109 15393 XOR
2 1 15392 15393 15394 AND
2 1 14993 15394 15395 AND
2 1 14986 110 15396 XOR
2 1 15395 15396 15397 AND
2 1 14987 15397 15398 AND
2 1 14980 111 15399 XOR
2 1 15398 15399 15400 AND
2 1 14981 15400 15401 AND
2 1 14974 112 15402 XOR
2 1 15401 15402 15403 AND
2 1 14975 15403 15404 AND
2 1 14968 113 15405 XOR
2 1 15404 15405 15406 AND
2 1 14969 15406 15407 AND
2 1 14962 114 15408 XOR
2 1 15407 15408 15409 AND
2 1 14963 15409 15410 AND
2 1 14956 115 15411 XOR
2 1 15410 15411 15412 AND
2 1 14957 15412 15413 AND
2 1 14950 116 15414 XOR
2 1 15413 15414 15415 AND
2 1 14951 15415 15416 AND
2 1 14944 117 15417 XOR
2 1 15416 15417 15418 AND
2 1 14945 15418 15419 AND
2 1 14938 118 15420 XOR
2 1 15419 15420 15421 AND
2 1 14939 15421 15422 AND
2 1 14932 119 15423 XOR
2 1 15422 15423 15424 AND
2 1 14933 15424 15425 AND
2 1 14920 14922 15426 AND
2 1 15426 14915 15427 XOR
2 1 14927 15427 15428 AND
2 1 13937 14418 15429 AND
2 1 14925 15429 15430 AND
2 1 15428 15430 15431 AND
2 1 120 15431 15432 AND
2 1 120 15430 15433 AND
2 1 15428 15433 15434 AND
2 1 276 15434 15435 AND
2 1 15432 15435 15436 AND
2 1 15425 15436 15437 AND
2 1 207 15431 15438 AND
2 1 15437 15438 15439 AND
2 1 15423 15422 15440 XOR
2 1 15439 15440 15441 AND
2 1 14932 15438 15442 AND
2 1 15437 15442 15443 AND
2 1 15441 15443 15444 AND
2 1 15432 15434 15445 AND
2 1 15445 15425 15446 XOR
2 1 15439 15446 15447 AND
2 1 207 15431 15448 AND
2 1 15437 15448 15449 AND
2 1 15447 15449 15450 AND
2 1 121 15450 15451 AND
2 1 120 15444 15452 AND
2 1 15420 15419 15453 XOR
2 1 15439 15453 15454 AND
2 1 14938 15438 15455 AND
2 1 15437 15455 15456 AND
2 1 15454 15456 15457 AND
2 1 119 15457 15458 AND
2 1 15417 15416 15459 XOR
2 1 15439 15459 15460 AND
2 1 14944 15438 15461 AND
2 1 15437 15461 15462 AND
2 1 15460 15462 15463 AND
2 1 118 15463 15464 AND
2 1 15414 15413 15465 XOR
2 1 15439 15465 15466 AND
2 1 14950 15438 15467 AND
2 1 15437 15467 15468 AND
2 1 15466 15468 15469 AND
2 1 117 15469 15470 AND
2 1 15411 15410 15471 XOR
2 1 15439 15471 15472 AND
2 1 14956 15438 15473 AND
2 1 15437 15473 15474 AND
2 1 15472 15474 15475 AND
2 1 116 15475 15476 AND
2 1 15408 15407 15477 XOR
2 1 15439 15477 15478 AND
2 1 14962 15438 15479 AND
2 1 15437 15479 15480 AND
2 1 15478 15480 15481 AND
2 1 115 15481 15482 AND
2 1 15405 15404 15483 XOR
2 1 15439 15483 15484 AND
2 1 14968 15438 15485 AND
2 1 15437 15485 15486 AND
2 1 15484 15486 15487 AND
2 1 114 15487 15488 AND
2 1 15402 15401 15489 XOR
2 1 15439 15489 15490 AND
2 1 14974 15438 15491 AND
2 1 15437 15491 15492 AND
2 1 15490 15492 15493 AND
2 1 113 15493 15494 AND
2 1 15399 15398 15495 XOR
2 1 15439 15495 15496 AND
2 1 14980 15438 15497 AND
2 1 15437 15497 15498 AND
2 1 15496 15498 15499 AND
2 1 112 15499 15500 AND
2 1 15396 15395 15501 XOR
2 1 15439 15501 15502 AND
2 1 14986 15438 15503 AND
2 1 15437 15503 15504 AND
2 1 15502 15504 15505 AND
2 1 111 15505 15506 AND
2 1 15393 15392 15507 XOR
2 1 15439 15507 15508 AND
2 1 14992 15438 15509 AND
2 1 15437 15509 15510 AND
2 1 15508 15510 15511 AND
2 1 110 15511 15512 AND
2 1 15390 15389 15513 XOR
2 1 15439 15513 15514 AND
2 1 14998 15438 15515 AND
2 1 15437 15515 15516 AND
2 1 15514 15516 15517 AND
2 1 109 15517 15518 AND
2 1 15387 15386 15519 XOR
2 1 15439 15519 15520 AND
2 1 15004 15438 15521 AND
2 1 15437 15521 15522 AND
2 1 15520 15522 15523 AND
2 1 108 15523 15524 AND
2 1 15384 15383 15525 XOR
2 1 15439 15525 15526 AND
2 1 15010 15438 15527 AND
2 1 15437 15527 15528 AND
2 1 15526 15528 15529 AND
2 1 107 15529 15530 AND
2 1 15381 15380 15531 XOR
2 1 15439 15531 15532 AND
2 1 15016 15438 15533 AND
2 1 15437 15533 15534 AND
2 1 15532 15534 15535 AND
2 1 106 15535 15536 AND
2 1 15378 15377 15537 XOR
2 1 15439 15537 15538 AND
2 1 15022 15438 15539 AND
2 1 15437 15539 15540 AND
2 1 15538 15540 15541 AND
2 1 105 15541 15542 AND
2 1 15375 15374 15543 XOR
2 1 15439 15543 15544 AND
2 1 15028 15438 15545 AND
2 1 15437 15545 15546 AND
2 1 15544 15546 15547 AND
2 1 104 15547 15548 AND
2 1 15372 15371 15549 XOR
2 1 15439 15549 15550 AND
2 1 15034 15438 15551 AND
2 1 15437 15551 15552 AND
2 1 15550 15552 15553 AND
2 1 103 15553 15554 AND
2 1 15369 15368 15555 XOR
2 1 15439 15555 15556 AND
2 1 15040 15438 15557 AND
2 1 15437 15557 15558 AND
2 1 15556 15558 15559 AND
2 1 102 15559 15560 AND
2 1 15366 15365 15561 XOR
2 1 15439 15561 15562 AND
2 1 15046 15438 15563 AND
2 1 15437 15563 15564 AND
2 1 15562 15564 15565 AND
2 1 101 15565 15566 AND
2 1 15363 15362 15567 XOR
2 1 15439 15567 15568 AND
2 1 15052 15438 15569 AND
2 1 15437 15569 15570 AND
2 1 15568 15570 15571 AND
2 1 100 15571 15572 AND
2 1 15360 15359 15573 XOR
2 1 15439 15573 15574 AND
2 1 15058 15438 15575 AND
2 1 15437 15575 15576 AND
2 1 15574 15576 15577 AND
2 1 99 15577 15578 AND
2 1 15357 15356 15579 XOR
2 1 15439 15579 15580 AND
2 1 15064 15438 15581 AND
2 1 15437 15581 15582 AND
2 1 15580 15582 15583 AND
2 1 98 15583 15584 AND
2 1 15354 15353 15585 XOR
2 1 15439 15585 15586 AND
2 1 15070 15438 15587 AND
2 1 15437 15587 15588 AND
2 1 15586 15588 15589 AND
2 1 97 15589 15590 AND
2 1 15351 15350 15591 XOR
2 1 15439 15591 15592 AND
2 1 15076 15438 15593 AND
2 1 15437 15593 15594 AND
2 1 15592 15594 15595 AND
2 1 96 15595 15596 AND
2 1 15348 15347 15597 XOR
2 1 15439 15597 15598 AND
2 1 15082 15438 15599 AND
2 1 15437 15599 15600 AND
2 1 15598 15600 15601 AND
2 1 95 15601 15602 AND
2 1 15345 15344 15603 XOR
2 1 15439 15603 15604 AND
2 1 15088 15438 15605 AND
2 1 15437 15605 15606 AND
2 1 15604 15606 15607 AND
2 1 94 15607 15608 AND
2 1 15342 15341 15609 XOR
2 1 15439 15609 15610 AND
2 1 15094 15438 15611 AND
2 1 15437 15611 15612 AND
2 1 15610 15612 15613 AND
2 1 93 15613 15614 AND
2 1 15339 15338 15615 XOR
2 1 15439 15615 15616 AND
2 1 15100 15438 15617 AND
2 1 15437 15617 15618 AND
2 1 15616 15618 15619 AND
2 1 92 15619 15620 AND
2 1 15336 15335 15621 XOR
2 1 15439 15621 15622 AND
2 1 15106 15438 15623 AND
2 1 15437 15623 15624 AND
2 1 15622 15624 15625 AND
2 1 91 15625 15626 AND
2 1 15333 15332 15627 XOR
2 1 15439 15627 15628 AND
2 1 15112 15438 15629 AND
2 1 15437 15629 15630 AND
2 1 15628 15630 15631 AND
2 1 90 15631 15632 AND
2 1 15330 15329 15633 XOR
2 1 15439 15633 15634 AND
2 1 15118 15438 15635 AND
2 1 15437 15635 15636 AND
2 1 15634 15636 15637 AND
2 1 89 15637 15638 AND
2 1 15327 15326 15639 XOR
2 1 15439 15639 15640 AND
2 1 15124 15438 15641 AND
2 1 15437 15641 15642 AND
2 1 15640 15642 15643 AND
2 1 88 15643 15644 AND
2 1 15324 15323 15645 XOR
2 1 15439 15645 15646 AND
2 1 15130 15438 15647 AND
2 1 15437 15647 15648 AND
2 1 15646 15648 15649 AND
2 1 87 15649 15650 AND
2 1 15321 15320 15651 XOR
2 1 15439 15651 15652 AND
2 1 15136 15438 15653 AND
2 1 15437 15653 15654 AND
2 1 15652 15654 15655 AND
2 1 86 15655 15656 AND
2 1 15318 15317 15657 XOR
2 1 15439 15657 15658 AND
2 1 15142 15438 15659 AND
2 1 15437 15659 15660 AND
2 1 15658 15660 15661 AND
2 1 85 15661 15662 AND
2 1 15315 15314 15663 XOR
2 1 15439 15663 15664 AND
2 1 15148 15438 15665 AND
2 1 15437 15665 15666 AND
2 1 15664 15666 15667 AND
2 1 84 15667 15668 AND
2 1 15312 15311 15669 XOR
2 1 15439 15669 15670 AND
2 1 15154 15438 15671 AND
2 1 15437 15671 15672 AND
2 1 15670 15672 15673 AND
2 1 83 15673 15674 AND
2 1 15309 15308 15675 XOR
2 1 15439 15675 15676 AND
2 1 15160 15438 15677 AND
2 1 15437 15677 15678 AND
2 1 15676 15678 15679 AND
2 1 82 15679 15680 AND
2 1 15306 15305 15681 XOR
2 1 15439 15681 15682 AND
2 1 15166 15438 15683 AND
2 1 15437 15683 15684 AND
2 1 15682 15684 15685 AND
2 1 81 15685 15686 AND
2 1 15303 15302 15687 XOR
2 1 15439 15687 15688 AND
2 1 15172 15438 15689 AND
2 1 15437 15689 15690 AND
2 1 15688 15690 15691 AND
2 1 80 15691 15692 AND
2 1 15300 15299 15693 XOR
2 1 15439 15693 15694 AND
2 1 15178 15438 15695 AND
2 1 15437 15695 15696 AND
2 1 15694 15696 15697 AND
2 1 79 15697 15698 AND
2 1 15297 15296 15699 XOR
2 1 15439 15699 15700 AND
2 1 15184 15438 15701 AND
2 1 15437 15701 15702 AND
2 1 15700 15702 15703 AND
2 1 78 15703 15704 AND
2 1 15294 15293 15705 XOR
2 1 15439 15705 15706 AND
2 1 15190 15438 15707 AND
2 1 15437 15707 15708 AND
2 1 15706 15708 15709 AND
2 1 77 15709 15710 AND
2 1 15291 15290 15711 XOR
2 1 15439 15711 15712 AND
2 1 15196 15438 15713 AND
2 1 15437 15713 15714 AND
2 1 15712 15714 15715 AND
2 1 76 15715 15716 AND
2 1 15288 15287 15717 XOR
2 1 15439 15717 15718 AND
2 1 15202 15438 15719 AND
2 1 15437 15719 15720 AND
2 1 15718 15720 15721 AND
2 1 75 15721 15722 AND
2 1 15285 15284 15723 XOR
2 1 15439 15723 15724 AND
2 1 15208 15438 15725 AND
2 1 15437 15725 15726 AND
2 1 15724 15726 15727 AND
2 1 74 15727 15728 AND
2 1 15282 15281 15729 XOR
2 1 15439 15729 15730 AND
2 1 15214 15438 15731 AND
2 1 15437 15731 15732 AND
2 1 15730 15732 15733 AND
2 1 73 15733 15734 AND
2 1 15279 15278 15735 XOR
2 1 15439 15735 15736 AND
2 1 15220 15438 15737 AND
2 1 15437 15737 15738 AND
2 1 15736 15738 15739 AND
2 1 72 15739 15740 AND
2 1 15276 15275 15741 XOR
2 1 15439 15741 15742 AND
2 1 15226 15438 15743 AND
2 1 15437 15743 15744 AND
2 1 15742 15744 15745 AND
2 1 71 15745 15746 AND
2 1 15273 15272 15747 XOR
2 1 15439 15747 15748 AND
2 1 15232 15438 15749 AND
2 1 15437 15749 15750 AND
2 1 15748 15750 15751 AND
2 1 70 15751 15752 AND
2 1 15270 15269 15753 XOR
2 1 15439 15753 15754 AND
2 1 15238 15438 15755 AND
2 1 15437 15755 15756 AND
2 1 15754 15756 15757 AND
2 1 69 15757 15758 AND
2 1 15267 15266 15759 XOR
2 1 15439 15759 15760 AND
2 1 15245 15438 15761 AND
2 1 15437 15761 15762 AND
2 1 15760 15762 15763 AND
2 1 68 15763 15764 AND
2 1 15264 15263 15765 XOR
2 1 15439 15765 15766 AND
2 1 15252 15438 15767 AND
2 1 15437 15767 15768 AND
2 1 15766 15768 15769 AND
2 1 67 15769 15770 AND
2 1 15260 65 15772 XOR
2 1 8 15254 15255 AND
2 1 14750 14927 15256 AND
2 1 15255 15256 15771 AND
2 1 15772 15771 15773 XOR
2 1 15439 15773 15774 AND
2 1 15257 15438 15775 AND
2 1 15437 15775 15776 AND
2 1 15774 15776 15777 AND
2 1 66 15777 15778 AND
2 1 65 7 15783 XOR
2 1 64 15439 15779 AND
2 1 15783 15779 15784 XOR
2 1 6 64 15785 AND
2 1 15784 15785 15786 AND
2 1 15779 7 15780 XOR
2 1 65 15780 15787 AND
2 1 15786 15787 15788 AND
2 1 15777 66 15789 XOR
2 1 15788 15789 15790 AND
2 1 15778 15790 15791 AND
2 1 15769 67 15792 XOR
2 1 15791 15792 15793 AND
2 1 15770 15793 15794 AND
2 1 15763 68 15795 XOR
2 1 15794 15795 15796 AND
2 1 15764 15796 15797 AND
2 1 15757 69 15798 XOR
2 1 15797 15798 15799 AND
2 1 15758 15799 15800 AND
2 1 15751 70 15801 XOR
2 1 15800 15801 15802 AND
2 1 15752 15802 15803 AND
2 1 15745 71 15804 XOR
2 1 15803 15804 15805 AND
2 1 15746 15805 15806 AND
2 1 15739 72 15807 XOR
2 1 15806 15807 15808 AND
2 1 15740 15808 15809 AND
2 1 15733 73 15810 XOR
2 1 15809 15810 15811 AND
2 1 15734 15811 15812 AND
2 1 15727 74 15813 XOR
2 1 15812 15813 15814 AND
2 1 15728 15814 15815 AND
2 1 15721 75 15816 XOR
2 1 15815 15816 15817 AND
2 1 15722 15817 15818 AND
2 1 15715 76 15819 XOR
2 1 15818 15819 15820 AND
2 1 15716 15820 15821 AND
2 1 15709 77 15822 XOR
2 1 15821 15822 15823 AND
2 1 15710 15823 15824 AND
2 1 15703 78 15825 XOR
2 1 15824 15825 15826 AND
2 1 15704 15826 15827 AND
2 1 15697 79 15828 XOR
2 1 15827 15828 15829 AND
2 1 15698 15829 15830 AND
2 1 15691 80 15831 XOR
2 1 15830 15831 15832 AND
2 1 15692 15832 15833 AND
2 1 15685 81 15834 XOR
2 1 15833 15834 15835 AND
2 1 15686 15835 15836 AND
2 1 15679 82 15837 XOR
2 1 15836 15837 15838 AND
2 1 15680 15838 15839 AND
2 1 15673 83 15840 XOR
2 1 15839 15840 15841 AND
2 1 15674 15841 15842 AND
2 1 15667 84 15843 XOR
2 1 15842 15843 15844 AND
2 1 15668 15844 15845 AND
2 1 15661 85 15846 XOR
2 1 15845 15846 15847 AND
2 1 15662 15847 15848 AND
2 1 15655 86 15849 XOR
2 1 15848 15849 15850 AND
2 1 15656 15850 15851 AND
2 1 15649 87 15852 XOR
2 1 15851 15852 15853 AND
2 1 15650 15853 15854 AND
2 1 15643 88 15855 XOR
2 1 15854 15855 15856 AND
2 1 15644 15856 15857 AND
2 1 15637 89 15858 XOR
2 1 15857 15858 15859 AND
2 1 15638 15859 15860 AND
2 1 15631 90 15861 XOR
2 1 15860 15861 15862 AND
2 1 15632 15862 15863 AND
2 1 15625 91 15864 XOR
2 1 15863 15864 15865 AND
2 1 15626 15865 15866 AND
2 1 15619 92 15867 XOR
2 1 15866 15867 15868 AND
2 1 15620 15868 15869 AND
2 1 15613 93 15870 XOR
2 1 15869 15870 15871 AND
2 1 15614 15871 15872 AND
2 1 15607 94 15873 XOR
2 1 15872 15873 15874 AND
2 1 15608 15874 15875 AND
2 1 15601 95 15876 XOR
2 1 15875 15876 15877 AND
2 1 15602 15877 15878 AND
2 1 15595 96 15879 XOR
2 1 15878 15879 15880 AND
2 1 15596 15880 15881 AND
2 1 15589 97 15882 XOR
2 1 15881 15882 15883 AND
2 1 15590 15883 15884 AND
2 1 15583 98 15885 XOR
2 1 15884 15885 15886 AND
2 1 15584 15886 15887 AND
2 1 15577 99 15888 XOR
2 1 15887 15888 15889 AND
2 1 15578 15889 15890 AND
2 1 15571 100 15891 XOR
2 1 15890 15891 15892 AND
2 1 15572 15892 15893 AND
2 1 15565 101 15894 XOR
2 1 15893 15894 15895 AND
2 1 15566 15895 15896 AND
2 1 15559 102 15897 XOR
2 1 15896 15897 15898 AND
2 1 15560 15898 15899 AND
2 1 15553 103 15900 XOR
2 1 15899 15900 15901 AND
2 1 15554 15901 15902 AND
2 1 15547 104 15903 XOR
2 1 15902 15903 15904 AND
2 1 15548 15904 15905 AND
2 1 15541 105 15906 XOR
2 1 15905 15906 15907 AND
2 1 15542 15907 15908 AND
2 1 15535 106 15909 XOR
2 1 15908 15909 15910 AND
2 1 15536 15910 15911 AND
2 1 15529 107 15912 XOR
2 1 15911 15912 15913 AND
2 1 15530 15913 15914 AND
2 1 15523 108 15915 XOR
2 1 15914 15915 15916 AND
2 1 15524 15916 15917 AND
2 1 15517 109 15918 XOR
2 1 15917 15918 15919 AND
2 1 15518 15919 15920 AND
2 1 15511 110 15921 XOR
2 1 15920 15921 15922 AND
2 1 15512 15922 15923 AND
2 1 15505 111 15924 XOR
2 1 15923 15924 15925 AND
2 1 15506 15925 15926 AND
2 1 15499 112 15927 XOR
2 1 15926 15927 15928 AND
2 1 15500 15928 15929 AND
2 1 15493 113 15930 XOR
2 1 15929 15930 15931 AND
2 1 15494 15931 15932 AND
2 1 15487 114 15933 XOR
2 1 15932 15933 15934 AND
2 1 15488 15934 15935 AND
2 1 15481 115 15936 XOR
2 1 15935 15936 15937 AND
2 1 15482 15937 15938 AND
2 1 15475 116 15939 XOR
2 1 15938 15939 15940 AND
2 1 15476 15940 15941 AND
2 1 15469 117 15942 XOR
2 1 15941 15942 15943 AND
2 1 15470 15943 15944 AND
2 1 15463 118 15945 XOR
2 1 15944 15945 15946 AND
2 1 15464 15946 15947 AND
2 1 15457 119 15948 XOR
2 1 15947 15948 15949 AND
2 1 15458 15949 15950 AND
2 1 15444 120 15951 XOR
2 1 15950 15951 15952 AND
2 1 15452 15952 15953 AND
2 1 15450 121 15954 XOR
2 1 15953 15954 15955 AND
2 1 15451 15955 15956 AND
2 1 152 154 15957 AND
2 1 15956 15957 15958 AND
2 1 15444 15958 15959 AND
2 1 15951 15950 15960 XOR
2 1 15957 15960 15961 AND
2 1 15956 15961 15962 AND
2 1 15959 15962 15963 AND
2 1 121 15963 15964 AND
2 1 15457 15958 15965 AND
2 1 15948 15947 15966 XOR
2 1 15957 15966 15967 AND
2 1 15956 15967 15968 AND
2 1 15965 15968 15969 AND
2 1 120 15969 15970 AND
2 1 15463 15958 15971 AND
2 1 15945 15944 15972 XOR
2 1 15957 15972 15973 AND
2 1 15956 15973 15974 AND
2 1 15971 15974 15975 AND
2 1 119 15975 15976 AND
2 1 15469 15958 15977 AND
2 1 15942 15941 15978 XOR
2 1 15957 15978 15979 AND
2 1 15956 15979 15980 AND
2 1 15977 15980 15981 AND
2 1 118 15981 15982 AND
2 1 15475 15958 15983 AND
2 1 15939 15938 15984 XOR
2 1 15957 15984 15985 AND
2 1 15956 15985 15986 AND
2 1 15983 15986 15987 AND
2 1 117 15987 15988 AND
2 1 15481 15958 15989 AND
2 1 15936 15935 15990 XOR
2 1 15957 15990 15991 AND
2 1 15956 15991 15992 AND
2 1 15989 15992 15993 AND
2 1 116 15993 15994 AND
2 1 15487 15958 15995 AND
2 1 15933 15932 15996 XOR
2 1 15957 15996 15997 AND
2 1 15956 15997 15998 AND
2 1 15995 15998 15999 AND
2 1 115 15999 16000 AND
2 1 15493 15958 16001 AND
2 1 15930 15929 16002 XOR
2 1 15957 16002 16003 AND
2 1 15956 16003 16004 AND
2 1 16001 16004 16005 AND
2 1 114 16005 16006 AND
2 1 15499 15958 16007 AND
2 1 15927 15926 16008 XOR
2 1 15957 16008 16009 AND
2 1 15956 16009 16010 AND
2 1 16007 16010 16011 AND
2 1 113 16011 16012 AND
2 1 15505 15958 16013 AND
2 1 15924 15923 16014 XOR
2 1 15957 16014 16015 AND
2 1 15956 16015 16016 AND
2 1 16013 16016 16017 AND
2 1 112 16017 16018 AND
2 1 15511 15958 16019 AND
2 1 15921 15920 16020 XOR
2 1 15957 16020 16021 AND
2 1 15956 16021 16022 AND
2 1 16019 16022 16023 AND
2 1 111 16023 16024 AND
2 1 15517 15958 16025 AND
2 1 15918 15917 16026 XOR
2 1 15957 16026 16027 AND
2 1 15956 16027 16028 AND
2 1 16025 16028 16029 AND
2 1 110 16029 16030 AND
2 1 15523 15958 16031 AND
2 1 15915 15914 16032 XOR
2 1 15957 16032 16033 AND
2 1 15956 16033 16034 AND
2 1 16031 16034 16035 AND
2 1 109 16035 16036 AND
2 1 15529 15958 16037 AND
2 1 15912 15911 16038 XOR
2 1 15957 16038 16039 AND
2 1 15956 16039 16040 AND
2 1 16037 16040 16041 AND
2 1 108 16041 16042 AND
2 1 15535 15958 16043 AND
2 1 15909 15908 16044 XOR
2 1 15957 16044 16045 AND
2 1 15956 16045 16046 AND
2 1 16043 16046 16047 AND
2 1 107 16047 16048 AND
2 1 15541 15958 16049 AND
2 1 15906 15905 16050 XOR
2 1 15957 16050 16051 AND
2 1 15956 16051 16052 AND
2 1 16049 16052 16053 AND
2 1 106 16053 16054 AND
2 1 15547 15958 16055 AND
2 1 15903 15902 16056 XOR
2 1 15957 16056 16057 AND
2 1 15956 16057 16058 AND
2 1 16055 16058 16059 AND
2 1 105 16059 16060 AND
2 1 15553 15958 16061 AND
2 1 15900 15899 16062 XOR
2 1 15957 16062 16063 AND
2 1 15956 16063 16064 AND
2 1 16061 16064 16065 AND
2 1 104 16065 16066 AND
2 1 15559 15958 16067 AND
2 1 15897 15896 16068 XOR
2 1 15957 16068 16069 AND
2 1 15956 16069 16070 AND
2 1 16067 16070 16071 AND
2 1 103 16071 16072 AND
2 1 15565 15958 16073 AND
2 1 15894 15893 16074 XOR
2 1 15957 16074 16075 AND
2 1 15956 16075 16076 AND
2 1 16073 16076 16077 AND
2 1 102 16077 16078 AND
2 1 15571 15958 16079 AND
2 1 15891 15890 16080 XOR
2 1 15957 16080 16081 AND
2 1 15956 16081 16082 AND
2 1 16079 16082 16083 AND
2 1 101 16083 16084 AND
2 1 15577 15958 16085 AND
2 1 15888 15887 16086 XOR
2 1 15957 16086 16087 AND
2 1 15956 16087 16088 AND
2 1 16085 16088 16089 AND
2 1 100 16089 16090 AND
2 1 15583 15958 16091 AND
2 1 15885 15884 16092 XOR
2 1 15957 16092 16093 AND
2 1 15956 16093 16094 AND
2 1 16091 16094 16095 AND
2 1 99 16095 16096 AND
2 1 15589 15958 16097 AND
2 1 15882 15881 16098 XOR
2 1 15957 16098 16099 AND
2 1 15956 16099 16100 AND
2 1 16097 16100 16101 AND
2 1 98 16101 16102 AND
2 1 15595 15958 16103 AND
2 1 15879 15878 16104 XOR
2 1 15957 16104 16105 AND
2 1 15956 16105 16106 AND
2 1 16103 16106 16107 AND
2 1 97 16107 16108 AND
2 1 15601 15958 16109 AND
2 1 15876 15875 16110 XOR
2 1 15957 16110 16111 AND
2 1 15956 16111 16112 AND
2 1 16109 16112 16113 AND
2 1 96 16113 16114 AND
2 1 15607 15958 16115 AND
2 1 15873 15872 16116 XOR
2 1 15957 16116 16117 AND
2 1 15956 16117 16118 AND
2 1 16115 16118 16119 AND
2 1 95 16119 16120 AND
2 1 15613 15958 16121 AND
2 1 15870 15869 16122 XOR
2 1 15957 16122 16123 AND
2 1 15956 16123 16124 AND
2 1 16121 16124 16125 AND
2 1 94 16125 16126 AND
2 1 15619 15958 16127 AND
2 1 15867 15866 16128 XOR
2 1 15957 16128 16129 AND
2 1 15956 16129 16130 AND
2 1 16127 16130 16131 AND
2 1 93 16131 16132 AND
2 1 15625 15958 16133 AND
2 1 15864 15863 16134 XOR
2 1 15957 16134 16135 AND
2 1 15956 16135 16136 AND
2 1 16133 16136 16137 AND
2 1 92 16137 16138 AND
2 1 15631 15958 16139 AND
2 1 15861 15860 16140 XOR
2 1 15957 16140 16141 AND
2 1 15956 16141 16142 AND
2 1 16139 16142 16143 AND
2 1 91 16143 16144 AND
2 1 15637 15958 16145 AND
2 1 15858 15857 16146 XOR
2 1 15957 16146 16147 AND
2 1 15956 16147 16148 AND
2 1 16145 16148 16149 AND
2 1 90 16149 16150 AND
2 1 15643 15958 16151 AND
2 1 15855 15854 16152 XOR
2 1 15957 16152 16153 AND
2 1 15956 16153 16154 AND
2 1 16151 16154 16155 AND
2 1 89 16155 16156 AND
2 1 15649 15958 16157 AND
2 1 15852 15851 16158 XOR
2 1 15957 16158 16159 AND
2 1 15956 16159 16160 AND
2 1 16157 16160 16161 AND
2 1 88 16161 16162 AND
2 1 15655 15958 16163 AND
2 1 15849 15848 16164 XOR
2 1 15957 16164 16165 AND
2 1 15956 16165 16166 AND
2 1 16163 16166 16167 AND
2 1 87 16167 16168 AND
2 1 15661 15958 16169 AND
2 1 15846 15845 16170 XOR
2 1 15957 16170 16171 AND
2 1 15956 16171 16172 AND
2 1 16169 16172 16173 AND
2 1 86 16173 16174 AND
2 1 15667 15958 16175 AND
2 1 15843 15842 16176 XOR
2 1 15957 16176 16177 AND
2 1 15956 16177 16178 AND
2 1 16175 16178 16179 AND
2 1 85 16179 16180 AND
2 1 15673 15958 16181 AND
2 1 15840 15839 16182 XOR
2 1 15957 16182 16183 AND
2 1 15956 16183 16184 AND
2 1 16181 16184 16185 AND
2 1 84 16185 16186 AND
2 1 15679 15958 16187 AND
2 1 15837 15836 16188 XOR
2 1 15957 16188 16189 AND
2 1 15956 16189 16190 AND
2 1 16187 16190 16191 AND
2 1 83 16191 16192 AND
2 1 15685 15958 16193 AND
2 1 15834 15833 16194 XOR
2 1 15957 16194 16195 AND
2 1 15956 16195 16196 AND
2 1 16193 16196 16197 AND
2 1 82 16197 16198 AND
2 1 15691 15958 16199 AND
2 1 15831 15830 16200 XOR
2 1 15957 16200 16201 AND
2 1 15956 16201 16202 AND
2 1 16199 16202 16203 AND
2 1 81 16203 16204 AND
2 1 15697 15958 16205 AND
2 1 15828 15827 16206 XOR
2 1 15957 16206 16207 AND
2 1 15956 16207 16208 AND
2 1 16205 16208 16209 AND
2 1 80 16209 16210 AND
2 1 15703 15958 16211 AND
2 1 15825 15824 16212 XOR
2 1 15957 16212 16213 AND
2 1 15956 16213 16214 AND
2 1 16211 16214 16215 AND
2 1 79 16215 16216 AND
2 1 15709 15958 16217 AND
2 1 15822 15821 16218 XOR
2 1 15957 16218 16219 AND
2 1 15956 16219 16220 AND
2 1 16217 16220 16221 AND
2 1 78 16221 16222 AND
2 1 15715 15958 16223 AND
2 1 15819 15818 16224 XOR
2 1 15957 16224 16225 AND
2 1 15956 16225 16226 AND
2 1 16223 16226 16227 AND
2 1 77 16227 16228 AND
2 1 15721 15958 16229 AND
2 1 15816 15815 16230 XOR
2 1 15957 16230 16231 AND
2 1 15956 16231 16232 AND
2 1 16229 16232 16233 AND
2 1 76 16233 16234 AND
2 1 15727 15958 16235 AND
2 1 15813 15812 16236 XOR
2 1 15957 16236 16237 AND
2 1 15956 16237 16238 AND
2 1 16235 16238 16239 AND
2 1 75 16239 16240 AND
2 1 15733 15958 16241 AND
2 1 15810 15809 16242 XOR
2 1 15957 16242 16243 AND
2 1 15956 16243 16244 AND
2 1 16241 16244 16245 AND
2 1 74 16245 16246 AND
2 1 15739 15958 16247 AND
2 1 15807 15806 16248 XOR
2 1 15957 16248 16249 AND
2 1 15956 16249 16250 AND
2 1 16247 16250 16251 AND
2 1 73 16251 16252 AND
2 1 15745 15958 16253 AND
2 1 15804 15803 16254 XOR
2 1 15957 16254 16255 AND
2 1 15956 16255 16256 AND
2 1 16253 16256 16257 AND
2 1 72 16257 16258 AND
2 1 15751 15958 16259 AND
2 1 15801 15800 16260 XOR
2 1 15957 16260 16261 AND
2 1 15956 16261 16262 AND
2 1 16259 16262 16263 AND
2 1 71 16263 16264 AND
2 1 15757 15958 16265 AND
2 1 15798 15797 16266 XOR
2 1 15957 16266 16267 AND
2 1 15956 16267 16268 AND
2 1 16265 16268 16269 AND
2 1 70 16269 16270 AND
2 1 15763 15958 16271 AND
2 1 15795 15794 16272 XOR
2 1 15957 16272 16273 AND
2 1 15956 16273 16274 AND
2 1 16271 16274 16275 AND
2 1 69 16275 16276 AND
2 1 15769 15958 16277 AND
2 1 15792 15791 16278 XOR
2 1 15957 16278 16279 AND
2 1 15956 16279 16280 AND
2 1 16277 16280 16281 AND
2 1 68 16281 16282 AND
2 1 15777 15958 16283 AND
2 1 15789 15788 16284 XOR
2 1 15957 16284 16285 AND
2 1 15956 16285 16286 AND
2 1 16283 16286 16287 AND
2 1 67 16287 16288 AND
2 1 15780 15958 16289 AND
2 1 65 15780 15781 AND
2 1 65 15780 15782 AND
2 1 15781 15782 16290 AND
2 1 16290 15785 16291 XOR
2 1 15957 16291 16292 AND
2 1 15956 16292 16293 AND
2 1 16289 16293 16294 AND
2 1 66 16294 16295 AND
2 1 5 64 16306 AND
2 1 65 16306 16309 AND
2 1 64 122 16296 AND
2 1 274 16296 16297 AND
2 1 272 16297 16298 AND
2 1 15956 16298 16299 AND
2 1 6 16299 16300 AND
2 1 154 15785 16301 AND
2 1 152 16301 16302 AND
2 1 15956 16302 16303 AND
2 1 16300 16303 16304 AND
2 1 65 16306 16310 AND
2 1 16304 16310 16311 AND
2 1 16309 16311 16312 AND
2 1 16294 66 16313 XOR
2 1 16312 16313 16314 AND
2 1 16295 16314 16315 AND
2 1 16287 67 16316 XOR
2 1 16315 16316 16317 AND
2 1 16288 16317 16318 AND
2 1 16281 68 16319 XOR
2 1 16318 16319 16320 AND
2 1 16282 16320 16321 AND
2 1 16275 69 16322 XOR
2 1 16321 16322 16323 AND
2 1 16276 16323 16324 AND
2 1 16269 70 16325 XOR
2 1 16324 16325 16326 AND
2 1 16270 16326 16327 AND
2 1 16263 71 16328 XOR
2 1 16327 16328 16329 AND
2 1 16264 16329 16330 AND
2 1 16257 72 16331 XOR
2 1 16330 16331 16332 AND
2 1 16258 16332 16333 AND
2 1 16251 73 16334 XOR
2 1 16333 16334 16335 AND
2 1 16252 16335 16336 AND
2 1 16245 74 16337 XOR
2 1 16336 16337 16338 AND
2 1 16246 16338 16339 AND
2 1 16239 75 16340 XOR
2 1 16339 16340 16341 AND
2 1 16240 16341 16342 AND
2 1 16233 76 16343 XOR
2 1 16342 16343 16344 AND
2 1 16234 16344 16345 AND
2 1 16227 77 16346 XOR
2 1 16345 16346 16347 AND
2 1 16228 16347 16348 AND
2 1 16221 78 16349 XOR
2 1 16348 16349 16350 AND
2 1 16222 16350 16351 AND
2 1 16215 79 16352 XOR
2 1 16351 16352 16353 AND
2 1 16216 16353 16354 AND
2 1 16209 80 16355 XOR
2 1 16354 16355 16356 AND
2 1 16210 16356 16357 AND
2 1 16203 81 16358 XOR
2 1 16357 16358 16359 AND
2 1 16204 16359 16360 AND
2 1 16197 82 16361 XOR
2 1 16360 16361 16362 AND
2 1 16198 16362 16363 AND
2 1 16191 83 16364 XOR
2 1 16363 16364 16365 AND
2 1 16192 16365 16366 AND
2 1 16185 84 16367 XOR
2 1 16366 16367 16368 AND
2 1 16186 16368 16369 AND
2 1 16179 85 16370 XOR
2 1 16369 16370 16371 AND
2 1 16180 16371 16372 AND
2 1 16173 86 16373 XOR
2 1 16372 16373 16374 AND
2 1 16174 16374 16375 AND
2 1 16167 87 16376 XOR
2 1 16375 16376 16377 AND
2 1 16168 16377 16378 AND
2 1 16161 88 16379 XOR
2 1 16378 16379 16380 AND
2 1 16162 16380 16381 AND
2 1 16155 89 16382 XOR
2 1 16381 16382 16383 AND
2 1 16156 16383 16384 AND
2 1 16149 90 16385 XOR
2 1 16384 16385 16386 AND
2 1 16150 16386 16387 AND
2 1 16143 91 16388 XOR
2 1 16387 16388 16389 AND
2 1 16144 16389 16390 AND
2 1 16137 92 16391 XOR
2 1 16390 16391 16392 AND
2 1 16138 16392 16393 AND
2 1 16131 93 16394 XOR
2 1 16393 16394 16395 AND
2 1 16132 16395 16396 AND
2 1 16125 94 16397 XOR
2 1 16396 16397 16398 AND
2 1 16126 16398 16399 AND
2 1 16119 95 16400 XOR
2 1 16399 16400 16401 AND
2 1 16120 16401 16402 AND
2 1 16113 96 16403 XOR
2 1 16402 16403 16404 AND
2 1 16114 16404 16405 AND
2 1 16107 97 16406 XOR
2 1 16405 16406 16407 AND
2 1 16108 16407 16408 AND
2 1 16101 98 16409 XOR
2 1 16408 16409 16410 AND
2 1 16102 16410 16411 AND
2 1 16095 99 16412 XOR
2 1 16411 16412 16413 AND
2 1 16096 16413 16414 AND
2 1 16089 100 16415 XOR
2 1 16414 16415 16416 AND
2 1 16090 16416 16417 AND
2 1 16083 101 16418 XOR
2 1 16417 16418 16419 AND
2 1 16084 16419 16420 AND
2 1 16077 102 16421 XOR
2 1 16420 16421 16422 AND
2 1 16078 16422 16423 AND
2 1 16071 103 16424 XOR
2 1 16423 16424 16425 AND
2 1 16072 16425 16426 AND
2 1 16065 104 16427 XOR
2 1 16426 16427 16428 AND
2 1 16066 16428 16429 AND
2 1 16059 105 16430 XOR
2 1 16429 16430 16431 AND
2 1 16060 16431 16432 AND
2 1 16053 106 16433 XOR
2 1 16432 16433 16434 AND
2 1 16054 16434 16435 AND
2 1 16047 107 16436 XOR
2 1 16435 16436 16437 AND
2 1 16048 16437 16438 AND
2 1 16041 108 16439 XOR
2 1 16438 16439 16440 AND
2 1 16042 16440 16441 AND
2 1 16035 109 16442 XOR
2 1 16441 16442 16443 AND
2 1 16036 16443 16444 AND
2 1 16029 110 16445 XOR
2 1 16444 16445 16446 AND
2 1 16030 16446 16447 AND
2 1 16023 111 16448 XOR
2 1 16447 16448 16449 AND
2 1 16024 16449 16450 AND
2 1 16017 112 16451 XOR
2 1 16450 16451 16452 AND
2 1 16018 16452 16453 AND
2 1 16011 113 16454 XOR
2 1 16453 16454 16455 AND
2 1 16012 16455 16456 AND
2 1 16005 114 16457 XOR
2 1 16456 16457 16458 AND
2 1 16006 16458 16459 AND
2 1 15999 115 16460 XOR
2 1 16459 16460 16461 AND
2 1 16000 16461 16462 AND
2 1 15993 116 16463 XOR
2 1 16462 16463 16464 AND
2 1 15994 16464 16465 AND
2 1 15987 117 16466 XOR
2 1 16465 16466 16467 AND
2 1 15988 16467 16468 AND
2 1 15981 118 16469 XOR
2 1 16468 16469 16470 AND
2 1 15982 16470 16471 AND
2 1 15975 119 16472 XOR
2 1 16471 16472 16473 AND
2 1 15976 16473 16474 AND
2 1 15969 120 16475 XOR
2 1 16474 16475 16476 AND
2 1 15970 16476 16477 AND
2 1 15963 121 16478 XOR
2 1 16477 16478 16479 AND
2 1 15964 16479 16480 AND
2 1 15450 15958 16481 AND
2 1 15954 15953 16482 XOR
2 1 15958 16482 16483 AND
2 1 16481 16483 16484 AND
2 1 122 16484 16485 AND
2 1 122 16481 16486 AND
2 1 16483 16486 16487 AND
2 1 272 274 16488 AND
2 1 16487 16488 16489 AND
2 1 16485 16489 16490 AND
2 1 16480 16490 16491 AND
2 1 15957 16484 16492 AND
2 1 16491 16492 16493 AND
2 1 16478 16477 16494 XOR
2 1 16493 16494 16495 AND
2 1 15963 16492 16496 AND
2 1 16491 16496 16497 AND
2 1 16495 16497 16498 AND
2 1 122 16498 16499 AND
2 1 16475 16474 16500 XOR
2 1 16493 16500 16501 AND
2 1 15969 16492 16502 AND
2 1 16491 16502 16503 AND
2 1 16501 16503 16504 AND
2 1 121 16504 16505 AND
2 1 16472 16471 16506 XOR
2 1 16493 16506 16507 AND
2 1 15975 16492 16508 AND
2 1 16491 16508 16509 AND
2 1 16507 16509 16510 AND
2 1 120 16510 16511 AND
2 1 16469 16468 16512 XOR
2 1 16493 16512 16513 AND
2 1 15981 16492 16514 AND
2 1 16491 16514 16515 AND
2 1 16513 16515 16516 AND
2 1 119 16516 16517 AND
2 1 16466 16465 16518 XOR
2 1 16493 16518 16519 AND
2 1 15987 16492 16520 AND
2 1 16491 16520 16521 AND
2 1 16519 16521 16522 AND
2 1 118 16522 16523 AND
2 1 16463 16462 16524 XOR
2 1 16493 16524 16525 AND
2 1 15993 16492 16526 AND
2 1 16491 16526 16527 AND
2 1 16525 16527 16528 AND
2 1 117 16528 16529 AND
2 1 16460 16459 16530 XOR
2 1 16493 16530 16531 AND
2 1 15999 16492 16532 AND
2 1 16491 16532 16533 AND
2 1 16531 16533 16534 AND
2 1 116 16534 16535 AND
2 1 16457 16456 16536 XOR
2 1 16493 16536 16537 AND
2 1 16005 16492 16538 AND
2 1 16491 16538 16539 AND
2 1 16537 16539 16540 AND
2 1 115 16540 16541 AND
2 1 16454 16453 16542 XOR
2 1 16493 16542 16543 AND
2 1 16011 16492 16544 AND
2 1 16491 16544 16545 AND
2 1 16543 16545 16546 AND
2 1 114 16546 16547 AND
2 1 16451 16450 16548 XOR
2 1 16493 16548 16549 AND
2 1 16017 16492 16550 AND
2 1 16491 16550 16551 AND
2 1 16549 16551 16552 AND
2 1 113 16552 16553 AND
2 1 16448 16447 16554 XOR
2 1 16493 16554 16555 AND
2 1 16023 16492 16556 AND
2 1 16491 16556 16557 AND
2 1 16555 16557 16558 AND
2 1 112 16558 16559 AND
2 1 16445 16444 16560 XOR
2 1 16493 16560 16561 AND
2 1 16029 16492 16562 AND
2 1 16491 16562 16563 AND
2 1 16561 16563 16564 AND
2 1 111 16564 16565 AND
2 1 16442 16441 16566 XOR
2 1 16493 16566 16567 AND
2 1 16035 16492 16568 AND
2 1 16491 16568 16569 AND
2 1 16567 16569 16570 AND
2 1 110 16570 16571 AND
2 1 16439 16438 16572 XOR
2 1 16493 16572 16573 AND
2 1 16041 16492 16574 AND
2 1 16491 16574 16575 AND
2 1 16573 16575 16576 AND
2 1 109 16576 16577 AND
2 1 16436 16435 16578 XOR
2 1 16493 16578 16579 AND
2 1 16047 16492 16580 AND
2 1 16491 16580 16581 AND
2 1 16579 16581 16582 AND
2 1 108 16582 16583 AND
2 1 16433 16432 16584 XOR
2 1 16493 16584 16585 AND
2 1 16053 16492 16586 AND
2 1 16491 16586 16587 AND
2 1 16585 16587 16588 AND
2 1 107 16588 16589 AND
2 1 16430 16429 16590 XOR
2 1 16493 16590 16591 AND
2 1 16059 16492 16592 AND
2 1 16491 16592 16593 AND
2 1 16591 16593 16594 AND
2 1 106 16594 16595 AND
2 1 16427 16426 16596 XOR
2 1 16493 16596 16597 AND
2 1 16065 16492 16598 AND
2 1 16491 16598 16599 AND
2 1 16597 16599 16600 AND
2 1 105 16600 16601 AND
2 1 16424 16423 16602 XOR
2 1 16493 16602 16603 AND
2 1 16071 16492 16604 AND
2 1 16491 16604 16605 AND
2 1 16603 16605 16606 AND
2 1 104 16606 16607 AND
2 1 16421 16420 16608 XOR
2 1 16493 16608 16609 AND
2 1 16077 16492 16610 AND
2 1 16491 16610 16611 AND
2 1 16609 16611 16612 AND
2 1 103 16612 16613 AND
2 1 16418 16417 16614 XOR
2 1 16493 16614 16615 AND
2 1 16083 16492 16616 AND
2 1 16491 16616 16617 AND
2 1 16615 16617 16618 AND
2 1 102 16618 16619 AND
2 1 16415 16414 16620 XOR
2 1 16493 16620 16621 AND
2 1 16089 16492 16622 AND
2 1 16491 16622 16623 AND
2 1 16621 16623 16624 AND
2 1 101 16624 16625 AND
2 1 16412 16411 16626 XOR
2 1 16493 16626 16627 AND
2 1 16095 16492 16628 AND
2 1 16491 16628 16629 AND
2 1 16627 16629 16630 AND
2 1 100 16630 16631 AND
2 1 16409 16408 16632 XOR
2 1 16493 16632 16633 AND
2 1 16101 16492 16634 AND
2 1 16491 16634 16635 AND
2 1 16633 16635 16636 AND
2 1 99 16636 16637 AND
2 1 16406 16405 16638 XOR
2 1 16493 16638 16639 AND
2 1 16107 16492 16640 AND
2 1 16491 16640 16641 AND
2 1 16639 16641 16642 AND
2 1 98 16642 16643 AND
2 1 16403 16402 16644 XOR
2 1 16493 16644 16645 AND
2 1 16113 16492 16646 AND
2 1 16491 16646 16647 AND
2 1 16645 16647 16648 AND
2 1 97 16648 16649 AND
2 1 16400 16399 16650 XOR
2 1 16493 16650 16651 AND
2 1 16119 16492 16652 AND
2 1 16491 16652 16653 AND
2 1 16651 16653 16654 AND
2 1 96 16654 16655 AND
2 1 16397 16396 16656 XOR
2 1 16493 16656 16657 AND
2 1 16125 16492 16658 AND
2 1 16491 16658 16659 AND
2 1 16657 16659 16660 AND
2 1 95 16660 16661 AND
2 1 16394 16393 16662 XOR
2 1 16493 16662 16663 AND
2 1 16131 16492 16664 AND
2 1 16491 16664 16665 AND
2 1 16663 16665 16666 AND
2 1 94 16666 16667 AND
2 1 16391 16390 16668 XOR
2 1 16493 16668 16669 AND
2 1 16137 16492 16670 AND
2 1 16491 16670 16671 AND
2 1 16669 16671 16672 AND
2 1 93 16672 16673 AND
2 1 16388 16387 16674 XOR
2 1 16493 16674 16675 AND
2 1 16143 16492 16676 AND
2 1 16491 16676 16677 AND
2 1 16675 16677 16678 AND
2 1 92 16678 16679 AND
2 1 16385 16384 16680 XOR
2 1 16493 16680 16681 AND
2 1 16149 16492 16682 AND
2 1 16491 16682 16683 AND
2 1 16681 16683 16684 AND
2 1 91 16684 16685 AND
2 1 16382 16381 16686 XOR
2 1 16493 16686 16687 AND
2 1 16155 16492 16688 AND
2 1 16491 16688 16689 AND
2 1 16687 16689 16690 AND
2 1 90 16690 16691 AND
2 1 16379 16378 16692 XOR
2 1 16493 16692 16693 AND
2 1 16161 16492 16694 AND
2 1 16491 16694 16695 AND
2 1 16693 16695 16696 AND
2 1 89 16696 16697 AND
2 1 16376 16375 16698 XOR
2 1 16493 16698 16699 AND
2 1 16167 16492 16700 AND
2 1 16491 16700 16701 AND
2 1 16699 16701 16702 AND
2 1 88 16702 16703 AND
2 1 16373 16372 16704 XOR
2 1 16493 16704 16705 AND
2 1 16173 16492 16706 AND
2 1 16491 16706 16707 AND
2 1 16705 16707 16708 AND
2 1 87 16708 16709 AND
2 1 16370 16369 16710 XOR
2 1 16493 16710 16711 AND
2 1 16179 16492 16712 AND
2 1 16491 16712 16713 AND
2 1 16711 16713 16714 AND
2 1 86 16714 16715 AND
2 1 16367 16366 16716 XOR
2 1 16493 16716 16717 AND
2 1 16185 16492 16718 AND
2 1 16491 16718 16719 AND
2 1 16717 16719 16720 AND
2 1 85 16720 16721 AND
2 1 16364 16363 16722 XOR
2 1 16493 16722 16723 AND
2 1 16191 16492 16724 AND
2 1 16491 16724 16725 AND
2 1 16723 16725 16726 AND
2 1 84 16726 16727 AND
2 1 16361 16360 16728 XOR
2 1 16493 16728 16729 AND
2 1 16197 16492 16730 AND
2 1 16491 16730 16731 AND
2 1 16729 16731 16732 AND
2 1 83 16732 16733 AND
2 1 16358 16357 16734 XOR
2 1 16493 16734 16735 AND
2 1 16203 16492 16736 AND
2 1 16491 16736 16737 AND
2 1 16735 16737 16738 AND
2 1 82 16738 16739 AND
2 1 16355 16354 16740 XOR
2 1 16493 16740 16741 AND
2 1 16209 16492 16742 AND
2 1 16491 16742 16743 AND
2 1 16741 16743 16744 AND
2 1 81 16744 16745 AND
2 1 16352 16351 16746 XOR
2 1 16493 16746 16747 AND
2 1 16215 16492 16748 AND
2 1 16491 16748 16749 AND
2 1 16747 16749 16750 AND
2 1 80 16750 16751 AND
2 1 16349 16348 16752 XOR
2 1 16493 16752 16753 AND
2 1 16221 16492 16754 AND
2 1 16491 16754 16755 AND
2 1 16753 16755 16756 AND
2 1 79 16756 16757 AND
2 1 16346 16345 16758 XOR
2 1 16493 16758 16759 AND
2 1 16227 16492 16760 AND
2 1 16491 16760 16761 AND
2 1 16759 16761 16762 AND
2 1 78 16762 16763 AND
2 1 16343 16342 16764 XOR
2 1 16493 16764 16765 AND
2 1 16233 16492 16766 AND
2 1 16491 16766 16767 AND
2 1 16765 16767 16768 AND
2 1 77 16768 16769 AND
2 1 16340 16339 16770 XOR
2 1 16493 16770 16771 AND
2 1 16239 16492 16772 AND
2 1 16491 16772 16773 AND
2 1 16771 16773 16774 AND
2 1 76 16774 16775 AND
2 1 16337 16336 16776 XOR
2 1 16493 16776 16777 AND
2 1 16245 16492 16778 AND
2 1 16491 16778 16779 AND
2 1 16777 16779 16780 AND
2 1 75 16780 16781 AND
2 1 16334 16333 16782 XOR
2 1 16493 16782 16783 AND
2 1 16251 16492 16784 AND
2 1 16491 16784 16785 AND
2 1 16783 16785 16786 AND
2 1 74 16786 16787 AND
2 1 16331 16330 16788 XOR
2 1 16493 16788 16789 AND
2 1 16257 16492 16790 AND
2 1 16491 16790 16791 AND
2 1 16789 16791 16792 AND
2 1 73 16792 16793 AND
2 1 16328 16327 16794 XOR
2 1 16493 16794 16795 AND
2 1 16263 16492 16796 AND
2 1 16491 16796 16797 AND
2 1 16795 16797 16798 AND
2 1 72 16798 16799 AND
2 1 16325 16324 16800 XOR
2 1 16493 16800 16801 AND
2 1 16269 16492 16802 AND
2 1 16491 16802 16803 AND
2 1 16801 16803 16804 AND
2 1 71 16804 16805 AND
2 1 16322 16321 16806 XOR
2 1 16493 16806 16807 AND
2 1 16275 16492 16808 AND
2 1 16491 16808 16809 AND
2 1 16807 16809 16810 AND
2 1 70 16810 16811 AND
2 1 16319 16318 16812 XOR
2 1 16493 16812 16813 AND
2 1 16281 16492 16814 AND
2 1 16491 16814 16815 AND
2 1 16813 16815 16816 AND
2 1 69 16816 16817 AND
2 1 16316 16315 16818 XOR
2 1 16493 16818 16819 AND
2 1 16287 16492 16820 AND
2 1 16491 16820 16821 AND
2 1 16819 16821 16822 AND
2 1 68 16822 16823 AND
2 1 16304 65 16305 XOR
2 1 16305 16306 16307 AND
2 1 65 16304 16308 AND
2 1 16307 16308 16824 AND
2 1 16824 16313 16825 XOR
2 1 16493 16825 16826 AND
2 1 16294 16492 16827 AND
2 1 16491 16827 16828 AND
2 1 16826 16828 16829 AND
2 1 67 16829 16830 AND
2 1 16306 65 16831 XOR
2 1 16831 16304 16832 XOR
2 1 16493 16832 16833 AND
2 1 16304 16492 16834 AND
2 1 16491 16834 16835 AND
2 1 16833 16835 16836 AND
2 1 66 16836 16837 AND
2 1 65 5 16842 XOR
2 1 64 16493 16838 AND
2 1 16842 16838 16843 XOR
2 1 4 64 16844 AND
2 1 16843 16844 16845 AND
2 1 16838 5 16841 XOR
2 1 65 16841 16846 AND
2 1 16845 16846 16847 AND
2 1 16836 66 16848 XOR
2 1 16847 16848 16849 AND
2 1 16837 16849 16850 AND
2 1 16829 67 16851 XOR
2 1 16850 16851 16852 AND
2 1 16830 16852 16853 AND
2 1 16822 68 16854 XOR
2 1 16853 16854 16855 AND
2 1 16823 16855 16856 AND
2 1 16816 69 16857 XOR
2 1 16856 16857 16858 AND
2 1 16817 16858 16859 AND
2 1 16810 70 16860 XOR
2 1 16859 16860 16861 AND
2 1 16811 16861 16862 AND
2 1 16804 71 16863 XOR
2 1 16862 16863 16864 AND
2 1 16805 16864 16865 AND
2 1 16798 72 16866 XOR
2 1 16865 16866 16867 AND
2 1 16799 16867 16868 AND
2 1 16792 73 16869 XOR
2 1 16868 16869 16870 AND
2 1 16793 16870 16871 AND
2 1 16786 74 16872 XOR
2 1 16871 16872 16873 AND
2 1 16787 16873 16874 AND
2 1 16780 75 16875 XOR
2 1 16874 16875 16876 AND
2 1 16781 16876 16877 AND
2 1 16774 76 16878 XOR
2 1 16877 16878 16879 AND
2 1 16775 16879 16880 AND
2 1 16768 77 16881 XOR
2 1 16880 16881 16882 AND
2 1 16769 16882 16883 AND
2 1 16762 78 16884 XOR
2 1 16883 16884 16885 AND
2 1 16763 16885 16886 AND
2 1 16756 79 16887 XOR
2 1 16886 16887 16888 AND
2 1 16757 16888 16889 AND
2 1 16750 80 16890 XOR
2 1 16889 16890 16891 AND
2 1 16751 16891 16892 AND
2 1 16744 81 16893 XOR
2 1 16892 16893 16894 AND
2 1 16745 16894 16895 AND
2 1 16738 82 16896 XOR
2 1 16895 16896 16897 AND
2 1 16739 16897 16898 AND
2 1 16732 83 16899 XOR
2 1 16898 16899 16900 AND
2 1 16733 16900 16901 AND
2 1 16726 84 16902 XOR
2 1 16901 16902 16903 AND
2 1 16727 16903 16904 AND
2 1 16720 85 16905 XOR
2 1 16904 16905 16906 AND
2 1 16721 16906 16907 AND
2 1 16714 86 16908 XOR
2 1 16907 16908 16909 AND
2 1 16715 16909 16910 AND
2 1 16708 87 16911 XOR
2 1 16910 16911 16912 AND
2 1 16709 16912 16913 AND
2 1 16702 88 16914 XOR
2 1 16913 16914 16915 AND
2 1 16703 16915 16916 AND
2 1 16696 89 16917 XOR
2 1 16916 16917 16918 AND
2 1 16697 16918 16919 AND
2 1 16690 90 16920 XOR
2 1 16919 16920 16921 AND
2 1 16691 16921 16922 AND
2 1 16684 91 16923 XOR
2 1 16922 16923 16924 AND
2 1 16685 16924 16925 AND
2 1 16678 92 16926 XOR
2 1 16925 16926 16927 AND
2 1 16679 16927 16928 AND
2 1 16672 93 16929 XOR
2 1 16928 16929 16930 AND
2 1 16673 16930 16931 AND
2 1 16666 94 16932 XOR
2 1 16931 16932 16933 AND
2 1 16667 16933 16934 AND
2 1 16660 95 16935 XOR
2 1 16934 16935 16936 AND
2 1 16661 16936 16937 AND
2 1 16654 96 16938 XOR
2 1 16937 16938 16939 AND
2 1 16655 16939 16940 AND
2 1 16648 97 16941 XOR
2 1 16940 16941 16942 AND
2 1 16649 16942 16943 AND
2 1 16642 98 16944 XOR
2 1 16943 16944 16945 AND
2 1 16643 16945 16946 AND
2 1 16636 99 16947 XOR
2 1 16946 16947 16948 AND
2 1 16637 16948 16949 AND
2 1 16630 100 16950 XOR
2 1 16949 16950 16951 AND
2 1 16631 16951 16952 AND
2 1 16624 101 16953 XOR
2 1 16952 16953 16954 AND
2 1 16625 16954 16955 AND
2 1 16618 102 16956 XOR
2 1 16955 16956 16957 AND
2 1 16619 16957 16958 AND
2 1 16612 103 16959 XOR
2 1 16958 16959 16960 AND
2 1 16613 16960 16961 AND
2 1 16606 104 16962 XOR
2 1 16961 16962 16963 AND
2 1 16607 16963 16964 AND
2 1 16600 105 16965 XOR
2 1 16964 16965 16966 AND
2 1 16601 16966 16967 AND
2 1 16594 106 16968 XOR
2 1 16967 16968 16969 AND
2 1 16595 16969 16970 AND
2 1 16588 107 16971 XOR
2 1 16970 16971 16972 AND
2 1 16589 16972 16973 AND
2 1 16582 108 16974 XOR
2 1 16973 16974 16975 AND
2 1 16583 16975 16976 AND
2 1 16576 109 16977 XOR
2 1 16976 16977 16978 AND
2 1 16577 16978 16979 AND
2 1 16570 110 16980 XOR
2 1 16979 16980 16981 AND
2 1 16571 16981 16982 AND
2 1 16564 111 16983 XOR
2 1 16982 16983 16984 AND
2 1 16565 16984 16985 AND
2 1 16558 112 16986 XOR
2 1 16985 16986 16987 AND
2 1 16559 16987 16988 AND
2 1 16552 113 16989 XOR
2 1 16988 16989 16990 AND
2 1 16553 16990 16991 AND
2 1 16546 114 16992 XOR
2 1 16991 16992 16993 AND
2 1 16547 16993 16994 AND
2 1 16540 115 16995 XOR
2 1 16994 16995 16996 AND
2 1 16541 16996 16997 AND
2 1 16534 116 16998 XOR
2 1 16997 16998 16999 AND
2 1 16535 16999 17000 AND
2 1 16528 117 17001 XOR
2 1 17000 17001 17002 AND
2 1 16529 17002 17003 AND
2 1 16522 118 17004 XOR
2 1 17003 17004 17005 AND
2 1 16523 17005 17006 AND
2 1 16516 119 17007 XOR
2 1 17006 17007 17008 AND
2 1 16517 17008 17009 AND
2 1 16510 120 17010 XOR
2 1 17009 17010 17011 AND
2 1 16511 17011 17012 AND
2 1 16504 121 17013 XOR
2 1 17012 17013 17014 AND
2 1 16505 17014 17015 AND
2 1 16498 122 17016 XOR
2 1 17015 17016 17017 AND
2 1 16499 17017 17018 AND
2 1 16485 16487 17019 AND
2 1 17019 16480 17020 XOR
2 1 16493 17020 17021 AND
2 1 15450 15957 17022 AND
2 1 16491 17022 17023 AND
2 1 17021 17023 17024 AND
2 1 123 17024 17025 AND
2 1 123 17023 17026 AND
2 1 17021 17026 17027 AND
2 1 152 17027 17028 AND
2 1 17025 17028 17029 AND
2 1 17018 17029 17030 AND
2 1 16488 17024 17031 AND
2 1 17030 17031 17032 AND
2 1 17016 17015 17033 XOR
2 1 17032 17033 17034 AND
2 1 16498 17031 17035 AND
2 1 17030 17035 17036 AND
2 1 17034 17036 17037 AND
2 1 123 17037 17038 AND
2 1 17013 17012 17039 XOR
2 1 17032 17039 17040 AND
2 1 16504 17031 17041 AND
2 1 17030 17041 17042 AND
2 1 17040 17042 17043 AND
2 1 122 17043 17044 AND
2 1 17010 17009 17045 XOR
2 1 17032 17045 17046 AND
2 1 16510 17031 17047 AND
2 1 17030 17047 17048 AND
2 1 17046 17048 17049 AND
2 1 121 17049 17050 AND
2 1 17007 17006 17051 XOR
2 1 17032 17051 17052 AND
2 1 16516 17031 17053 AND
2 1 17030 17053 17054 AND
2 1 17052 17054 17055 AND
2 1 120 17055 17056 AND
2 1 17004 17003 17057 XOR
2 1 17032 17057 17058 AND
2 1 16522 17031 17059 AND
2 1 17030 17059 17060 AND
2 1 17058 17060 17061 AND
2 1 119 17061 17062 AND
2 1 17001 17000 17063 XOR
2 1 17032 17063 17064 AND
2 1 16528 17031 17065 AND
2 1 17030 17065 17066 AND
2 1 17064 17066 17067 AND
2 1 118 17067 17068 AND
2 1 16998 16997 17069 XOR
2 1 17032 17069 17070 AND
2 1 16534 17031 17071 AND
2 1 17030 17071 17072 AND
2 1 17070 17072 17073 AND
2 1 117 17073 17074 AND
2 1 16995 16994 17075 XOR
2 1 17032 17075 17076 AND
2 1 16540 17031 17077 AND
2 1 17030 17077 17078 AND
2 1 17076 17078 17079 AND
2 1 116 17079 17080 AND
2 1 16992 16991 17081 XOR
2 1 17032 17081 17082 AND
2 1 16546 17031 17083 AND
2 1 17030 17083 17084 AND
2 1 17082 17084 17085 AND
2 1 115 17085 17086 AND
2 1 16989 16988 17087 XOR
2 1 17032 17087 17088 AND
2 1 16552 17031 17089 AND
2 1 17030 17089 17090 AND
2 1 17088 17090 17091 AND
2 1 114 17091 17092 AND
2 1 16986 16985 17093 XOR
2 1 17032 17093 17094 AND
2 1 16558 17031 17095 AND
2 1 17030 17095 17096 AND
2 1 17094 17096 17097 AND
2 1 113 17097 17098 AND
2 1 16983 16982 17099 XOR
2 1 17032 17099 17100 AND
2 1 16564 17031 17101 AND
2 1 17030 17101 17102 AND
2 1 17100 17102 17103 AND
2 1 112 17103 17104 AND
2 1 16980 16979 17105 XOR
2 1 17032 17105 17106 AND
2 1 16570 17031 17107 AND
2 1 17030 17107 17108 AND
2 1 17106 17108 17109 AND
2 1 111 17109 17110 AND
2 1 16977 16976 17111 XOR
2 1 17032 17111 17112 AND
2 1 16576 17031 17113 AND
2 1 17030 17113 17114 AND
2 1 17112 17114 17115 AND
2 1 110 17115 17116 AND
2 1 16974 16973 17117 XOR
2 1 17032 17117 17118 AND
2 1 16582 17031 17119 AND
2 1 17030 17119 17120 AND
2 1 17118 17120 17121 AND
2 1 109 17121 17122 AND
2 1 16971 16970 17123 XOR
2 1 17032 17123 17124 AND
2 1 16588 17031 17125 AND
2 1 17030 17125 17126 AND
2 1 17124 17126 17127 AND
2 1 108 17127 17128 AND
2 1 16968 16967 17129 XOR
2 1 17032 17129 17130 AND
2 1 16594 17031 17131 AND
2 1 17030 17131 17132 AND
2 1 17130 17132 17133 AND
2 1 107 17133 17134 AND
2 1 16965 16964 17135 XOR
2 1 17032 17135 17136 AND
2 1 16600 17031 17137 AND
2 1 17030 17137 17138 AND
2 1 17136 17138 17139 AND
2 1 106 17139 17140 AND
2 1 16962 16961 17141 XOR
2 1 17032 17141 17142 AND
2 1 16606 17031 17143 AND
2 1 17030 17143 17144 AND
2 1 17142 17144 17145 AND
2 1 105 17145 17146 AND
2 1 16959 16958 17147 XOR
2 1 17032 17147 17148 AND
2 1 16612 17031 17149 AND
2 1 17030 17149 17150 AND
2 1 17148 17150 17151 AND
2 1 104 17151 17152 AND
2 1 16956 16955 17153 XOR
2 1 17032 17153 17154 AND
2 1 16618 17031 17155 AND
2 1 17030 17155 17156 AND
2 1 17154 17156 17157 AND
2 1 103 17157 17158 AND
2 1 16953 16952 17159 XOR
2 1 17032 17159 17160 AND
2 1 16624 17031 17161 AND
2 1 17030 17161 17162 AND
2 1 17160 17162 17163 AND
2 1 102 17163 17164 AND
2 1 16950 16949 17165 XOR
2 1 17032 17165 17166 AND
2 1 16630 17031 17167 AND
2 1 17030 17167 17168 AND
2 1 17166 17168 17169 AND
2 1 101 17169 17170 AND
2 1 16947 16946 17171 XOR
2 1 17032 17171 17172 AND
2 1 16636 17031 17173 AND
2 1 17030 17173 17174 AND
2 1 17172 17174 17175 AND
2 1 100 17175 17176 AND
2 1 16944 16943 17177 XOR
2 1 17032 17177 17178 AND
2 1 16642 17031 17179 AND
2 1 17030 17179 17180 AND
2 1 17178 17180 17181 AND
2 1 99 17181 17182 AND
2 1 16941 16940 17183 XOR
2 1 17032 17183 17184 AND
2 1 16648 17031 17185 AND
2 1 17030 17185 17186 AND
2 1 17184 17186 17187 AND
2 1 98 17187 17188 AND
2 1 16938 16937 17189 XOR
2 1 17032 17189 17190 AND
2 1 16654 17031 17191 AND
2 1 17030 17191 17192 AND
2 1 17190 17192 17193 AND
2 1 97 17193 17194 AND
2 1 16935 16934 17195 XOR
2 1 17032 17195 17196 AND
2 1 16660 17031 17197 AND
2 1 17030 17197 17198 AND
2 1 17196 17198 17199 AND
2 1 96 17199 17200 AND
2 1 16932 16931 17201 XOR
2 1 17032 17201 17202 AND
2 1 16666 17031 17203 AND
2 1 17030 17203 17204 AND
2 1 17202 17204 17205 AND
2 1 95 17205 17206 AND
2 1 16929 16928 17207 XOR
2 1 17032 17207 17208 AND
2 1 16672 17031 17209 AND
2 1 17030 17209 17210 AND
2 1 17208 17210 17211 AND
2 1 94 17211 17212 AND
2 1 16926 16925 17213 XOR
2 1 17032 17213 17214 AND
2 1 16678 17031 17215 AND
2 1 17030 17215 17216 AND
2 1 17214 17216 17217 AND
2 1 93 17217 17218 AND
2 1 16923 16922 17219 XOR
2 1 17032 17219 17220 AND
2 1 16684 17031 17221 AND
2 1 17030 17221 17222 AND
2 1 17220 17222 17223 AND
2 1 92 17223 17224 AND
2 1 16920 16919 17225 XOR
2 1 17032 17225 17226 AND
2 1 16690 17031 17227 AND
2 1 17030 17227 17228 AND
2 1 17226 17228 17229 AND
2 1 91 17229 17230 AND
2 1 16917 16916 17231 XOR
2 1 17032 17231 17232 AND
2 1 16696 17031 17233 AND
2 1 17030 17233 17234 AND
2 1 17232 17234 17235 AND
2 1 90 17235 17236 AND
2 1 16914 16913 17237 XOR
2 1 17032 17237 17238 AND
2 1 16702 17031 17239 AND
2 1 17030 17239 17240 AND
2 1 17238 17240 17241 AND
2 1 89 17241 17242 AND
2 1 16911 16910 17243 XOR
2 1 17032 17243 17244 AND
2 1 16708 17031 17245 AND
2 1 17030 17245 17246 AND
2 1 17244 17246 17247 AND
2 1 88 17247 17248 AND
2 1 16908 16907 17249 XOR
2 1 17032 17249 17250 AND
2 1 16714 17031 17251 AND
2 1 17030 17251 17252 AND
2 1 17250 17252 17253 AND
2 1 87 17253 17254 AND
2 1 16905 16904 17255 XOR
2 1 17032 17255 17256 AND
2 1 16720 17031 17257 AND
2 1 17030 17257 17258 AND
2 1 17256 17258 17259 AND
2 1 86 17259 17260 AND
2 1 16902 16901 17261 XOR
2 1 17032 17261 17262 AND
2 1 16726 17031 17263 AND
2 1 17030 17263 17264 AND
2 1 17262 17264 17265 AND
2 1 85 17265 17266 AND
2 1 16899 16898 17267 XOR
2 1 17032 17267 17268 AND
2 1 16732 17031 17269 AND
2 1 17030 17269 17270 AND
2 1 17268 17270 17271 AND
2 1 84 17271 17272 AND
2 1 16896 16895 17273 XOR
2 1 17032 17273 17274 AND
2 1 16738 17031 17275 AND
2 1 17030 17275 17276 AND
2 1 17274 17276 17277 AND
2 1 83 17277 17278 AND
2 1 16893 16892 17279 XOR
2 1 17032 17279 17280 AND
2 1 16744 17031 17281 AND
2 1 17030 17281 17282 AND
2 1 17280 17282 17283 AND
2 1 82 17283 17284 AND
2 1 16890 16889 17285 XOR
2 1 17032 17285 17286 AND
2 1 16750 17031 17287 AND
2 1 17030 17287 17288 AND
2 1 17286 17288 17289 AND
2 1 81 17289 17290 AND
2 1 16887 16886 17291 XOR
2 1 17032 17291 17292 AND
2 1 16756 17031 17293 AND
2 1 17030 17293 17294 AND
2 1 17292 17294 17295 AND
2 1 80 17295 17296 AND
2 1 16884 16883 17297 XOR
2 1 17032 17297 17298 AND
2 1 16762 17031 17299 AND
2 1 17030 17299 17300 AND
2 1 17298 17300 17301 AND
2 1 79 17301 17302 AND
2 1 16881 16880 17303 XOR
2 1 17032 17303 17304 AND
2 1 16768 17031 17305 AND
2 1 17030 17305 17306 AND
2 1 17304 17306 17307 AND
2 1 78 17307 17308 AND
2 1 16878 16877 17309 XOR
2 1 17032 17309 17310 AND
2 1 16774 17031 17311 AND
2 1 17030 17311 17312 AND
2 1 17310 17312 17313 AND
2 1 77 17313 17314 AND
2 1 16875 16874 17315 XOR
2 1 17032 17315 17316 AND
2 1 16780 17031 17317 AND
2 1 17030 17317 17318 AND
2 1 17316 17318 17319 AND
2 1 76 17319 17320 AND
2 1 16872 16871 17321 XOR
2 1 17032 17321 17322 AND
2 1 16786 17031 17323 AND
2 1 17030 17323 17324 AND
2 1 17322 17324 17325 AND
2 1 75 17325 17326 AND
2 1 16869 16868 17327 XOR
2 1 17032 17327 17328 AND
2 1 16792 17031 17329 AND
2 1 17030 17329 17330 AND
2 1 17328 17330 17331 AND
2 1 74 17331 17332 AND
2 1 16866 16865 17333 XOR
2 1 17032 17333 17334 AND
2 1 16798 17031 17335 AND
2 1 17030 17335 17336 AND
2 1 17334 17336 17337 AND
2 1 73 17337 17338 AND
2 1 16863 16862 17339 XOR
2 1 17032 17339 17340 AND
2 1 16804 17031 17341 AND
2 1 17030 17341 17342 AND
2 1 17340 17342 17343 AND
2 1 72 17343 17344 AND
2 1 16860 16859 17345 XOR
2 1 17032 17345 17346 AND
2 1 16810 17031 17347 AND
2 1 17030 17347 17348 AND
2 1 17346 17348 17349 AND
2 1 71 17349 17350 AND
2 1 16857 16856 17351 XOR
2 1 17032 17351 17352 AND
2 1 16816 17031 17353 AND
2 1 17030 17353 17354 AND
2 1 17352 17354 17355 AND
2 1 70 17355 17356 AND
2 1 16854 16853 17357 XOR
2 1 17032 17357 17358 AND
2 1 16822 17031 17359 AND
2 1 17030 17359 17360 AND
2 1 17358 17360 17361 AND
2 1 69 17361 17362 AND
2 1 16851 16850 17363 XOR
2 1 17032 17363 17364 AND
2 1 16829 17031 17365 AND
2 1 17030 17365 17366 AND
2 1 17364 17366 17367 AND
2 1 68 17367 17368 AND
2 1 16848 16847 17369 XOR
2 1 17032 17369 17370 AND
2 1 16836 17031 17371 AND
2 1 17030 17371 17372 AND
2 1 17370 17372 17373 AND
2 1 67 17373 17374 AND
2 1 16844 65 17376 XOR
2 1 5 16838 16839 AND
2 1 16306 16493 16840 AND
2 1 16839 16840 17375 AND
2 1 17376 17375 17377 XOR
2 1 17032 17377 17378 AND
2 1 16841 17031 17379 AND
2 1 17030 17379 17380 AND
2 1 17378 17380 17381 AND
2 1 66 17381 17382 AND
2 1 65 4 17387 XOR
2 1 64 17032 17383 AND
2 1 17387 17383 17388 XOR
2 1 3 64 17389 AND
2 1 17388 17389 17390 AND
2 1 17383 4 17386 XOR
2 1 65 17386 17391 AND
2 1 17390 17391 17392 AND
2 1 17381 66 17393 XOR
2 1 17392 17393 17394 AND
2 1 17382 17394 17395 AND
2 1 17373 67 17396 XOR
2 1 17395 17396 17397 AND
2 1 17374 17397 17398 AND
2 1 17367 68 17399 XOR
2 1 17398 17399 17400 AND
2 1 17368 17400 17401 AND
2 1 17361 69 17402 XOR
2 1 17401 17402 17403 AND
2 1 17362 17403 17404 AND
2 1 17355 70 17405 XOR
2 1 17404 17405 17406 AND
2 1 17356 17406 17407 AND
2 1 17349 71 17408 XOR
2 1 17407 17408 17409 AND
2 1 17350 17409 17410 AND
2 1 17343 72 17411 XOR
2 1 17410 17411 17412 AND
2 1 17344 17412 17413 AND
2 1 17337 73 17414 XOR
2 1 17413 17414 17415 AND
2 1 17338 17415 17416 AND
2 1 17331 74 17417 XOR
2 1 17416 17417 17418 AND
2 1 17332 17418 17419 AND
2 1 17325 75 17420 XOR
2 1 17419 17420 17421 AND
2 1 17326 17421 17422 AND
2 1 17319 76 17423 XOR
2 1 17422 17423 17424 AND
2 1 17320 17424 17425 AND
2 1 17313 77 17426 XOR
2 1 17425 17426 17427 AND
2 1 17314 17427 17428 AND
2 1 17307 78 17429 XOR
2 1 17428 17429 17430 AND
2 1 17308 17430 17431 AND
2 1 17301 79 17432 XOR
2 1 17431 17432 17433 AND
2 1 17302 17433 17434 AND
2 1 17295 80 17435 XOR
2 1 17434 17435 17436 AND
2 1 17296 17436 17437 AND
2 1 17289 81 17438 XOR
2 1 17437 17438 17439 AND
2 1 17290 17439 17440 AND
2 1 17283 82 17441 XOR
2 1 17440 17441 17442 AND
2 1 17284 17442 17443 AND
2 1 17277 83 17444 XOR
2 1 17443 17444 17445 AND
2 1 17278 17445 17446 AND
2 1 17271 84 17447 XOR
2 1 17446 17447 17448 AND
2 1 17272 17448 17449 AND
2 1 17265 85 17450 XOR
2 1 17449 17450 17451 AND
2 1 17266 17451 17452 AND
2 1 17259 86 17453 XOR
2 1 17452 17453 17454 AND
2 1 17260 17454 17455 AND
2 1 17253 87 17456 XOR
2 1 17455 17456 17457 AND
2 1 17254 17457 17458 AND
2 1 17247 88 17459 XOR
2 1 17458 17459 17460 AND
2 1 17248 17460 17461 AND
2 1 17241 89 17462 XOR
2 1 17461 17462 17463 AND
2 1 17242 17463 17464 AND
2 1 17235 90 17465 XOR
2 1 17464 17465 17466 AND
2 1 17236 17466 17467 AND
2 1 17229 91 17468 XOR
2 1 17467 17468 17469 AND
2 1 17230 17469 17470 AND
2 1 17223 92 17471 XOR
2 1 17470 17471 17472 AND
2 1 17224 17472 17473 AND
2 1 17217 93 17474 XOR
2 1 17473 17474 17475 AND
2 1 17218 17475 17476 AND
2 1 17211 94 17477 XOR
2 1 17476 17477 17478 AND
2 1 17212 17478 17479 AND
2 1 17205 95 17480 XOR
2 1 17479 17480 17481 AND
2 1 17206 17481 17482 AND
2 1 17199 96 17483 XOR
2 1 17482 17483 17484 AND
2 1 17200 17484 17485 AND
2 1 17193 97 17486 XOR
2 1 17485 17486 17487 AND
2 1 17194 17487 17488 AND
2 1 17187 98 17489 XOR
2 1 17488 17489 17490 AND
2 1 17188 17490 17491 AND
2 1 17181 99 17492 XOR
2 1 17491 17492 17493 AND
2 1 17182 17493 17494 AND
2 1 17175 100 17495 XOR
2 1 17494 17495 17496 AND
2 1 17176 17496 17497 AND
2 1 17169 101 17498 XOR
2 1 17497 17498 17499 AND
2 1 17170 17499 17500 AND
2 1 17163 102 17501 XOR
2 1 17500 17501 17502 AND
2 1 17164 17502 17503 AND
2 1 17157 103 17504 XOR
2 1 17503 17504 17505 AND
2 1 17158 17505 17506 AND
2 1 17151 104 17507 XOR
2 1 17506 17507 17508 AND
2 1 17152 17508 17509 AND
2 1 17145 105 17510 XOR
2 1 17509 17510 17511 AND
2 1 17146 17511 17512 AND
2 1 17139 106 17513 XOR
2 1 17512 17513 17514 AND
2 1 17140 17514 17515 AND
2 1 17133 107 17516 XOR
2 1 17515 17516 17517 AND
2 1 17134 17517 17518 AND
2 1 17127 108 17519 XOR
2 1 17518 17519 17520 AND
2 1 17128 17520 17521 AND
2 1 17121 109 17522 XOR
2 1 17521 17522 17523 AND
2 1 17122 17523 17524 AND
2 1 17115 110 17525 XOR
2 1 17524 17525 17526 AND
2 1 17116 17526 17527 AND
2 1 17109 111 17528 XOR
2 1 17527 17528 17529 AND
2 1 17110 17529 17530 AND
2 1 17103 112 17531 XOR
2 1 17530 17531 17532 AND
2 1 17104 17532 17533 AND
2 1 17097 113 17534 XOR
2 1 17533 17534 17535 AND
2 1 17098 17535 17536 AND
2 1 17091 114 17537 XOR
2 1 17536 17537 17538 AND
2 1 17092 17538 17539 AND
2 1 17085 115 17540 XOR
2 1 17539 17540 17541 AND
2 1 17086 17541 17542 AND
2 1 17079 116 17543 XOR
2 1 17542 17543 17544 AND
2 1 17080 17544 17545 AND
2 1 17073 117 17546 XOR
2 1 17545 17546 17547 AND
2 1 17074 17547 17548 AND
2 1 17067 118 17549 XOR
2 1 17548 17549 17550 AND
2 1 17068 17550 17551 AND
2 1 17061 119 17552 XOR
2 1 17551 17552 17553 AND
2 1 17062 17553 17554 AND
2 1 17055 120 17555 XOR
2 1 17554 17555 17556 AND
2 1 17056 17556 17557 AND
2 1 17049 121 17558 XOR
2 1 17557 17558 17559 AND
2 1 17050 17559 17560 AND
2 1 17043 122 17561 XOR
2 1 17560 17561 17562 AND
2 1 17044 17562 17563 AND
2 1 17037 123 17564 XOR
2 1 17563 17564 17565 AND
2 1 17038 17565 17566 AND
2 1 17025 17027 17567 AND
2 1 17567 17018 17568 XOR
2 1 17032 17568 17569 AND
2 1 16488 17024 17570 AND
2 1 17030 17570 17571 AND
2 1 17569 17571 17572 AND
2 1 124 17572 17573 AND
2 1 124 17571 17574 AND
2 1 17569 17574 17575 AND
2 1 272 17575 17576 AND
2 1 17573 17576 17577 AND
2 1 17566 17577 17578 AND
2 1 152 17572 17579 AND
2 1 17578 17579 17580 AND
2 1 17564 17563 17581 XOR
2 1 17580 17581 17582 AND
2 1 17037 17579 17583 AND
2 1 17578 17583 17584 AND
2 1 17582 17584 17585 AND
2 1 124 17585 17586 AND
2 1 17561 17560 17587 XOR
2 1 17580 17587 17588 AND
2 1 17043 17579 17589 AND
2 1 17578 17589 17590 AND
2 1 17588 17590 17591 AND
2 1 123 17591 17592 AND
2 1 17558 17557 17593 XOR
2 1 17580 17593 17594 AND
2 1 17049 17579 17595 AND
2 1 17578 17595 17596 AND
2 1 17594 17596 17597 AND
2 1 122 17597 17598 AND
2 1 17555 17554 17599 XOR
2 1 17580 17599 17600 AND
2 1 17055 17579 17601 AND
2 1 17578 17601 17602 AND
2 1 17600 17602 17603 AND
2 1 121 17603 17604 AND
2 1 17552 17551 17605 XOR
2 1 17580 17605 17606 AND
2 1 17061 17579 17607 AND
2 1 17578 17607 17608 AND
2 1 17606 17608 17609 AND
2 1 120 17609 17610 AND
2 1 17549 17548 17611 XOR
2 1 17580 17611 17612 AND
2 1 17067 17579 17613 AND
2 1 17578 17613 17614 AND
2 1 17612 17614 17615 AND
2 1 119 17615 17616 AND
2 1 17546 17545 17617 XOR
2 1 17580 17617 17618 AND
2 1 17073 17579 17619 AND
2 1 17578 17619 17620 AND
2 1 17618 17620 17621 AND
2 1 118 17621 17622 AND
2 1 17543 17542 17623 XOR
2 1 17580 17623 17624 AND
2 1 17079 17579 17625 AND
2 1 17578 17625 17626 AND
2 1 17624 17626 17627 AND
2 1 117 17627 17628 AND
2 1 17540 17539 17629 XOR
2 1 17580 17629 17630 AND
2 1 17085 17579 17631 AND
2 1 17578 17631 17632 AND
2 1 17630 17632 17633 AND
2 1 116 17633 17634 AND
2 1 17537 17536 17635 XOR
2 1 17580 17635 17636 AND
2 1 17091 17579 17637 AND
2 1 17578 17637 17638 AND
2 1 17636 17638 17639 AND
2 1 115 17639 17640 AND
2 1 17534 17533 17641 XOR
2 1 17580 17641 17642 AND
2 1 17097 17579 17643 AND
2 1 17578 17643 17644 AND
2 1 17642 17644 17645 AND
2 1 114 17645 17646 AND
2 1 17531 17530 17647 XOR
2 1 17580 17647 17648 AND
2 1 17103 17579 17649 AND
2 1 17578 17649 17650 AND
2 1 17648 17650 17651 AND
2 1 113 17651 17652 AND
2 1 17528 17527 17653 XOR
2 1 17580 17653 17654 AND
2 1 17109 17579 17655 AND
2 1 17578 17655 17656 AND
2 1 17654 17656 17657 AND
2 1 112 17657 17658 AND
2 1 17525 17524 17659 XOR
2 1 17580 17659 17660 AND
2 1 17115 17579 17661 AND
2 1 17578 17661 17662 AND
2 1 17660 17662 17663 AND
2 1 111 17663 17664 AND
2 1 17522 17521 17665 XOR
2 1 17580 17665 17666 AND
2 1 17121 17579 17667 AND
2 1 17578 17667 17668 AND
2 1 17666 17668 17669 AND
2 1 110 17669 17670 AND
2 1 17519 17518 17671 XOR
2 1 17580 17671 17672 AND
2 1 17127 17579 17673 AND
2 1 17578 17673 17674 AND
2 1 17672 17674 17675 AND
2 1 109 17675 17676 AND
2 1 17516 17515 17677 XOR
2 1 17580 17677 17678 AND
2 1 17133 17579 17679 AND
2 1 17578 17679 17680 AND
2 1 17678 17680 17681 AND
2 1 108 17681 17682 AND
2 1 17513 17512 17683 XOR
2 1 17580 17683 17684 AND
2 1 17139 17579 17685 AND
2 1 17578 17685 17686 AND
2 1 17684 17686 17687 AND
2 1 107 17687 17688 AND
2 1 17510 17509 17689 XOR
2 1 17580 17689 17690 AND
2 1 17145 17579 17691 AND
2 1 17578 17691 17692 AND
2 1 17690 17692 17693 AND
2 1 106 17693 17694 AND
2 1 17507 17506 17695 XOR
2 1 17580 17695 17696 AND
2 1 17151 17579 17697 AND
2 1 17578 17697 17698 AND
2 1 17696 17698 17699 AND
2 1 105 17699 17700 AND
2 1 17504 17503 17701 XOR
2 1 17580 17701 17702 AND
2 1 17157 17579 17703 AND
2 1 17578 17703 17704 AND
2 1 17702 17704 17705 AND
2 1 104 17705 17706 AND
2 1 17501 17500 17707 XOR
2 1 17580 17707 17708 AND
2 1 17163 17579 17709 AND
2 1 17578 17709 17710 AND
2 1 17708 17710 17711 AND
2 1 103 17711 17712 AND
2 1 17498 17497 17713 XOR
2 1 17580 17713 17714 AND
2 1 17169 17579 17715 AND
2 1 17578 17715 17716 AND
2 1 17714 17716 17717 AND
2 1 102 17717 17718 AND
2 1 17495 17494 17719 XOR
2 1 17580 17719 17720 AND
2 1 17175 17579 17721 AND
2 1 17578 17721 17722 AND
2 1 17720 17722 17723 AND
2 1 101 17723 17724 AND
2 1 17492 17491 17725 XOR
2 1 17580 17725 17726 AND
2 1 17181 17579 17727 AND
2 1 17578 17727 17728 AND
2 1 17726 17728 17729 AND
2 1 100 17729 17730 AND
2 1 17489 17488 17731 XOR
2 1 17580 17731 17732 AND
2 1 17187 17579 17733 AND
2 1 17578 17733 17734 AND
2 1 17732 17734 17735 AND
2 1 99 17735 17736 AND
2 1 17486 17485 17737 XOR
2 1 17580 17737 17738 AND
2 1 17193 17579 17739 AND
2 1 17578 17739 17740 AND
2 1 17738 17740 17741 AND
2 1 98 17741 17742 AND
2 1 17483 17482 17743 XOR
2 1 17580 17743 17744 AND
2 1 17199 17579 17745 AND
2 1 17578 17745 17746 AND
2 1 17744 17746 17747 AND
2 1 97 17747 17748 AND
2 1 17480 17479 17749 XOR
2 1 17580 17749 17750 AND
2 1 17205 17579 17751 AND
2 1 17578 17751 17752 AND
2 1 17750 17752 17753 AND
2 1 96 17753 17754 AND
2 1 17477 17476 17755 XOR
2 1 17580 17755 17756 AND
2 1 17211 17579 17757 AND
2 1 17578 17757 17758 AND
2 1 17756 17758 17759 AND
2 1 95 17759 17760 AND
2 1 17474 17473 17761 XOR
2 1 17580 17761 17762 AND
2 1 17217 17579 17763 AND
2 1 17578 17763 17764 AND
2 1 17762 17764 17765 AND
2 1 94 17765 17766 AND
2 1 17471 17470 17767 XOR
2 1 17580 17767 17768 AND
2 1 17223 17579 17769 AND
2 1 17578 17769 17770 AND
2 1 17768 17770 17771 AND
2 1 93 17771 17772 AND
2 1 17468 17467 17773 XOR
2 1 17580 17773 17774 AND
2 1 17229 17579 17775 AND
2 1 17578 17775 17776 AND
2 1 17774 17776 17777 AND
2 1 92 17777 17778 AND
2 1 17465 17464 17779 XOR
2 1 17580 17779 17780 AND
2 1 17235 17579 17781 AND
2 1 17578 17781 17782 AND
2 1 17780 17782 17783 AND
2 1 91 17783 17784 AND
2 1 17462 17461 17785 XOR
2 1 17580 17785 17786 AND
2 1 17241 17579 17787 AND
2 1 17578 17787 17788 AND
2 1 17786 17788 17789 AND
2 1 90 17789 17790 AND
2 1 17459 17458 17791 XOR
2 1 17580 17791 17792 AND
2 1 17247 17579 17793 AND
2 1 17578 17793 17794 AND
2 1 17792 17794 17795 AND
2 1 89 17795 17796 AND
2 1 17456 17455 17797 XOR
2 1 17580 17797 17798 AND
2 1 17253 17579 17799 AND
2 1 17578 17799 17800 AND
2 1 17798 17800 17801 AND
2 1 88 17801 17802 AND
2 1 17453 17452 17803 XOR
2 1 17580 17803 17804 AND
2 1 17259 17579 17805 AND
2 1 17578 17805 17806 AND
2 1 17804 17806 17807 AND
2 1 87 17807 17808 AND
2 1 17450 17449 17809 XOR
2 1 17580 17809 17810 AND
2 1 17265 17579 17811 AND
2 1 17578 17811 17812 AND
2 1 17810 17812 17813 AND
2 1 86 17813 17814 AND
2 1 17447 17446 17815 XOR
2 1 17580 17815 17816 AND
2 1 17271 17579 17817 AND
2 1 17578 17817 17818 AND
2 1 17816 17818 17819 AND
2 1 85 17819 17820 AND
2 1 17444 17443 17821 XOR
2 1 17580 17821 17822 AND
2 1 17277 17579 17823 AND
2 1 17578 17823 17824 AND
2 1 17822 17824 17825 AND
2 1 84 17825 17826 AND
2 1 17441 17440 17827 XOR
2 1 17580 17827 17828 AND
2 1 17283 17579 17829 AND
2 1 17578 17829 17830 AND
2 1 17828 17830 17831 AND
2 1 83 17831 17832 AND
2 1 17438 17437 17833 XOR
2 1 17580 17833 17834 AND
2 1 17289 17579 17835 AND
2 1 17578 17835 17836 AND
2 1 17834 17836 17837 AND
2 1 82 17837 17838 AND
2 1 17435 17434 17839 XOR
2 1 17580 17839 17840 AND
2 1 17295 17579 17841 AND
2 1 17578 17841 17842 AND
2 1 17840 17842 17843 AND
2 1 81 17843 17844 AND
2 1 17432 17431 17845 XOR
2 1 17580 17845 17846 AND
2 1 17301 17579 17847 AND
2 1 17578 17847 17848 AND
2 1 17846 17848 17849 AND
2 1 80 17849 17850 AND
2 1 17429 17428 17851 XOR
2 1 17580 17851 17852 AND
2 1 17307 17579 17853 AND
2 1 17578 17853 17854 AND
2 1 17852 17854 17855 AND
2 1 79 17855 17856 AND
2 1 17426 17425 17857 XOR
2 1 17580 17857 17858 AND
2 1 17313 17579 17859 AND
2 1 17578 17859 17860 AND
2 1 17858 17860 17861 AND
2 1 78 17861 17862 AND
2 1 17423 17422 17863 XOR
2 1 17580 17863 17864 AND
2 1 17319 17579 17865 AND
2 1 17578 17865 17866 AND
2 1 17864 17866 17867 AND
2 1 77 17867 17868 AND
2 1 17420 17419 17869 XOR
2 1 17580 17869 17870 AND
2 1 17325 17579 17871 AND
2 1 17578 17871 17872 AND
2 1 17870 17872 17873 AND
2 1 76 17873 17874 AND
2 1 17417 17416 17875 XOR
2 1 17580 17875 17876 AND
2 1 17331 17579 17877 AND
2 1 17578 17877 17878 AND
2 1 17876 17878 17879 AND
2 1 75 17879 17880 AND
2 1 17414 17413 17881 XOR
2 1 17580 17881 17882 AND
2 1 17337 17579 17883 AND
2 1 17578 17883 17884 AND
2 1 17882 17884 17885 AND
2 1 74 17885 17886 AND
2 1 17411 17410 17887 XOR
2 1 17580 17887 17888 AND
2 1 17343 17579 17889 AND
2 1 17578 17889 17890 AND
2 1 17888 17890 17891 AND
2 1 73 17891 17892 AND
2 1 17408 17407 17893 XOR
2 1 17580 17893 17894 AND
2 1 17349 17579 17895 AND
2 1 17578 17895 17896 AND
2 1 17894 17896 17897 AND
2 1 72 17897 17898 AND
2 1 17405 17404 17899 XOR
2 1 17580 17899 17900 AND
2 1 17355 17579 17901 AND
2 1 17578 17901 17902 AND
2 1 17900 17902 17903 AND
2 1 71 17903 17904 AND
2 1 17402 17401 17905 XOR
2 1 17580 17905 17906 AND
2 1 17361 17579 17907 AND
2 1 17578 17907 17908 AND
2 1 17906 17908 17909 AND
2 1 70 17909 17910 AND
2 1 17399 17398 17911 XOR
2 1 17580 17911 17912 AND
2 1 17367 17579 17913 AND
2 1 17578 17913 17914 AND
2 1 17912 17914 17915 AND
2 1 69 17915 17916 AND
2 1 17396 17395 17917 XOR
2 1 17580 17917 17918 AND
2 1 17373 17579 17919 AND
2 1 17578 17919 17920 AND
2 1 17918 17920 17921 AND
2 1 68 17921 17922 AND
2 1 17393 17392 17923 XOR
2 1 17580 17923 17924 AND
2 1 17381 17579 17925 AND
2 1 17578 17925 17926 AND
2 1 17924 17926 17927 AND
2 1 67 17927 17928 AND
2 1 17389 65 17930 XOR
2 1 4 17383 17384 AND
2 1 16844 17032 17385 AND
2 1 17384 17385 17929 AND
2 1 17930 17929 17931 XOR
2 1 17580 17931 17932 AND
2 1 17386 17579 17933 AND
2 1 17578 17933 17934 AND
2 1 17932 17934 17935 AND
2 1 66 17935 17936 AND
2 1 65 3 17941 XOR
2 1 64 17580 17937 AND
2 1 17941 17937 17942 XOR
2 1 2 64 17943 AND
2 1 17942 17943 17944 AND
2 1 17937 3 17940 XOR
2 1 65 17940 17945 AND
2 1 17944 17945 17946 AND
2 1 17935 66 17947 XOR
2 1 17946 17947 17948 AND
2 1 17936 17948 17949 AND
2 1 17927 67 17950 XOR
2 1 17949 17950 17951 AND
2 1 17928 17951 17952 AND
2 1 17921 68 17953 XOR
2 1 17952 17953 17954 AND
2 1 17922 17954 17955 AND
2 1 17915 69 17956 XOR
2 1 17955 17956 17957 AND
2 1 17916 17957 17958 AND
2 1 17909 70 17959 XOR
2 1 17958 17959 17960 AND
2 1 17910 17960 17961 AND
2 1 17903 71 17962 XOR
2 1 17961 17962 17963 AND
2 1 17904 17963 17964 AND
2 1 17897 72 17965 XOR
2 1 17964 17965 17966 AND
2 1 17898 17966 17967 AND
2 1 17891 73 17968 XOR
2 1 17967 17968 17969 AND
2 1 17892 17969 17970 AND
2 1 17885 74 17971 XOR
2 1 17970 17971 17972 AND
2 1 17886 17972 17973 AND
2 1 17879 75 17974 XOR
2 1 17973 17974 17975 AND
2 1 17880 17975 17976 AND
2 1 17873 76 17977 XOR
2 1 17976 17977 17978 AND
2 1 17874 17978 17979 AND
2 1 17867 77 17980 XOR
2 1 17979 17980 17981 AND
2 1 17868 17981 17982 AND
2 1 17861 78 17983 XOR
2 1 17982 17983 17984 AND
2 1 17862 17984 17985 AND
2 1 17855 79 17986 XOR
2 1 17985 17986 17987 AND
2 1 17856 17987 17988 AND
2 1 17849 80 17989 XOR
2 1 17988 17989 17990 AND
2 1 17850 17990 17991 AND
2 1 17843 81 17992 XOR
2 1 17991 17992 17993 AND
2 1 17844 17993 17994 AND
2 1 17837 82 17995 XOR
2 1 17994 17995 17996 AND
2 1 17838 17996 17997 AND
2 1 17831 83 17998 XOR
2 1 17997 17998 17999 AND
2 1 17832 17999 18000 AND
2 1 17825 84 18001 XOR
2 1 18000 18001 18002 AND
2 1 17826 18002 18003 AND
2 1 17819 85 18004 XOR
2 1 18003 18004 18005 AND
2 1 17820 18005 18006 AND
2 1 17813 86 18007 XOR
2 1 18006 18007 18008 AND
2 1 17814 18008 18009 AND
2 1 17807 87 18010 XOR
2 1 18009 18010 18011 AND
2 1 17808 18011 18012 AND
2 1 17801 88 18013 XOR
2 1 18012 18013 18014 AND
2 1 17802 18014 18015 AND
2 1 17795 89 18016 XOR
2 1 18015 18016 18017 AND
2 1 17796 18017 18018 AND
2 1 17789 90 18019 XOR
2 1 18018 18019 18020 AND
2 1 17790 18020 18021 AND
2 1 17783 91 18022 XOR
2 1 18021 18022 18023 AND
2 1 17784 18023 18024 AND
2 1 17777 92 18025 XOR
2 1 18024 18025 18026 AND
2 1 17778 18026 18027 AND
2 1 17771 93 18028 XOR
2 1 18027 18028 18029 AND
2 1 17772 18029 18030 AND
2 1 17765 94 18031 XOR
2 1 18030 18031 18032 AND
2 1 17766 18032 18033 AND
2 1 17759 95 18034 XOR
2 1 18033 18034 18035 AND
2 1 17760 18035 18036 AND
2 1 17753 96 18037 XOR
2 1 18036 18037 18038 AND
2 1 17754 18038 18039 AND
2 1 17747 97 18040 XOR
2 1 18039 18040 18041 AND
2 1 17748 18041 18042 AND
2 1 17741 98 18043 XOR
2 1 18042 18043 18044 AND
2 1 17742 18044 18045 AND
2 1 17735 99 18046 XOR
2 1 18045 18046 18047 AND
2 1 17736 18047 18048 AND
2 1 17729 100 18049 XOR
2 1 18048 18049 18050 AND
2 1 17730 18050 18051 AND
2 1 17723 101 18052 XOR
2 1 18051 18052 18053 AND
2 1 17724 18053 18054 AND
2 1 17717 102 18055 XOR
2 1 18054 18055 18056 AND
2 1 17718 18056 18057 AND
2 1 17711 103 18058 XOR
2 1 18057 18058 18059 AND
2 1 17712 18059 18060 AND
2 1 17705 104 18061 XOR
2 1 18060 18061 18062 AND
2 1 17706 18062 18063 AND
2 1 17699 105 18064 XOR
2 1 18063 18064 18065 AND
2 1 17700 18065 18066 AND
2 1 17693 106 18067 XOR
2 1 18066 18067 18068 AND
2 1 17694 18068 18069 AND
2 1 17687 107 18070 XOR
2 1 18069 18070 18071 AND
2 1 17688 18071 18072 AND
2 1 17681 108 18073 XOR
2 1 18072 18073 18074 AND
2 1 17682 18074 18075 AND
2 1 17675 109 18076 XOR
2 1 18075 18076 18077 AND
2 1 17676 18077 18078 AND
2 1 17669 110 18079 XOR
2 1 18078 18079 18080 AND
2 1 17670 18080 18081 AND
2 1 17663 111 18082 XOR
2 1 18081 18082 18083 AND
2 1 17664 18083 18084 AND
2 1 17657 112 18085 XOR
2 1 18084 18085 18086 AND
2 1 17658 18086 18087 AND
2 1 17651 113 18088 XOR
2 1 18087 18088 18089 AND
2 1 17652 18089 18090 AND
2 1 17645 114 18091 XOR
2 1 18090 18091 18092 AND
2 1 17646 18092 18093 AND
2 1 17639 115 18094 XOR
2 1 18093 18094 18095 AND
2 1 17640 18095 18096 AND
2 1 17633 116 18097 XOR
2 1 18096 18097 18098 AND
2 1 17634 18098 18099 AND
2 1 17627 117 18100 XOR
2 1 18099 18100 18101 AND
2 1 17628 18101 18102 AND
2 1 17621 118 18103 XOR
2 1 18102 18103 18104 AND
2 1 17622 18104 18105 AND
2 1 17615 119 18106 XOR
2 1 18105 18106 18107 AND
2 1 17616 18107 18108 AND
2 1 17609 120 18109 XOR
2 1 18108 18109 18110 AND
2 1 17610 18110 18111 AND
2 1 17603 121 18112 XOR
2 1 18111 18112 18113 AND
2 1 17604 18113 18114 AND
2 1 17597 122 18115 XOR
2 1 18114 18115 18116 AND
2 1 17598 18116 18117 AND
2 1 17591 123 18118 XOR
2 1 18117 18118 18119 AND
2 1 17592 18119 18120 AND
2 1 17585 124 18121 XOR
2 1 18120 18121 18122 AND
2 1 17586 18122 18123 AND
2 1 17573 17575 18124 AND
2 1 18124 17566 18125 XOR
2 1 17580 18125 18126 AND
2 1 152 17572 18127 AND
2 1 17578 18127 18128 AND
2 1 18126 18128 18129 AND
2 1 125 18129 18130 AND
2 1 125 18128 18131 AND
2 1 18126 18131 18132 AND
2 1 151 18132 18133 AND
2 1 18130 18133 18134 AND
2 1 18123 18134 18135 AND
2 1 272 18129 18136 AND
2 1 18135 18136 18137 AND
2 1 18121 18120 18138 XOR
2 1 18137 18138 18139 AND
2 1 17585 18136 18140 AND
2 1 18135 18140 18141 AND
2 1 18139 18141 18142 AND
2 1 125 18142 18143 AND
2 1 18118 18117 18144 XOR
2 1 18137 18144 18145 AND
2 1 17591 18136 18146 AND
2 1 18135 18146 18147 AND
2 1 18145 18147 18148 AND
2 1 124 18148 18149 AND
2 1 18115 18114 18150 XOR
2 1 18137 18150 18151 AND
2 1 17597 18136 18152 AND
2 1 18135 18152 18153 AND
2 1 18151 18153 18154 AND
2 1 123 18154 18155 AND
2 1 18112 18111 18156 XOR
2 1 18137 18156 18157 AND
2 1 17603 18136 18158 AND
2 1 18135 18158 18159 AND
2 1 18157 18159 18160 AND
2 1 122 18160 18161 AND
2 1 18109 18108 18162 XOR
2 1 18137 18162 18163 AND
2 1 17609 18136 18164 AND
2 1 18135 18164 18165 AND
2 1 18163 18165 18166 AND
2 1 121 18166 18167 AND
2 1 18106 18105 18168 XOR
2 1 18137 18168 18169 AND
2 1 17615 18136 18170 AND
2 1 18135 18170 18171 AND
2 1 18169 18171 18172 AND
2 1 120 18172 18173 AND
2 1 18103 18102 18174 XOR
2 1 18137 18174 18175 AND
2 1 17621 18136 18176 AND
2 1 18135 18176 18177 AND
2 1 18175 18177 18178 AND
2 1 119 18178 18179 AND
2 1 18100 18099 18180 XOR
2 1 18137 18180 18181 AND
2 1 17627 18136 18182 AND
2 1 18135 18182 18183 AND
2 1 18181 18183 18184 AND
2 1 118 18184 18185 AND
2 1 18097 18096 18186 XOR
2 1 18137 18186 18187 AND
2 1 17633 18136 18188 AND
2 1 18135 18188 18189 AND
2 1 18187 18189 18190 AND
2 1 117 18190 18191 AND
2 1 18094 18093 18192 XOR
2 1 18137 18192 18193 AND
2 1 17639 18136 18194 AND
2 1 18135 18194 18195 AND
2 1 18193 18195 18196 AND
2 1 116 18196 18197 AND
2 1 18091 18090 18198 XOR
2 1 18137 18198 18199 AND
2 1 17645 18136 18200 AND
2 1 18135 18200 18201 AND
2 1 18199 18201 18202 AND
2 1 115 18202 18203 AND
2 1 18088 18087 18204 XOR
2 1 18137 18204 18205 AND
2 1 17651 18136 18206 AND
2 1 18135 18206 18207 AND
2 1 18205 18207 18208 AND
2 1 114 18208 18209 AND
2 1 18085 18084 18210 XOR
2 1 18137 18210 18211 AND
2 1 17657 18136 18212 AND
2 1 18135 18212 18213 AND
2 1 18211 18213 18214 AND
2 1 113 18214 18215 AND
2 1 18082 18081 18216 XOR
2 1 18137 18216 18217 AND
2 1 17663 18136 18218 AND
2 1 18135 18218 18219 AND
2 1 18217 18219 18220 AND
2 1 112 18220 18221 AND
2 1 18079 18078 18222 XOR
2 1 18137 18222 18223 AND
2 1 17669 18136 18224 AND
2 1 18135 18224 18225 AND
2 1 18223 18225 18226 AND
2 1 111 18226 18227 AND
2 1 18076 18075 18228 XOR
2 1 18137 18228 18229 AND
2 1 17675 18136 18230 AND
2 1 18135 18230 18231 AND
2 1 18229 18231 18232 AND
2 1 110 18232 18233 AND
2 1 18073 18072 18234 XOR
2 1 18137 18234 18235 AND
2 1 17681 18136 18236 AND
2 1 18135 18236 18237 AND
2 1 18235 18237 18238 AND
2 1 109 18238 18239 AND
2 1 18070 18069 18240 XOR
2 1 18137 18240 18241 AND
2 1 17687 18136 18242 AND
2 1 18135 18242 18243 AND
2 1 18241 18243 18244 AND
2 1 108 18244 18245 AND
2 1 18067 18066 18246 XOR
2 1 18137 18246 18247 AND
2 1 17693 18136 18248 AND
2 1 18135 18248 18249 AND
2 1 18247 18249 18250 AND
2 1 107 18250 18251 AND
2 1 18064 18063 18252 XOR
2 1 18137 18252 18253 AND
2 1 17699 18136 18254 AND
2 1 18135 18254 18255 AND
2 1 18253 18255 18256 AND
2 1 106 18256 18257 AND
2 1 18061 18060 18258 XOR
2 1 18137 18258 18259 AND
2 1 17705 18136 18260 AND
2 1 18135 18260 18261 AND
2 1 18259 18261 18262 AND
2 1 105 18262 18263 AND
2 1 18058 18057 18264 XOR
2 1 18137 18264 18265 AND
2 1 17711 18136 18266 AND
2 1 18135 18266 18267 AND
2 1 18265 18267 18268 AND
2 1 104 18268 18269 AND
2 1 18055 18054 18270 XOR
2 1 18137 18270 18271 AND
2 1 17717 18136 18272 AND
2 1 18135 18272 18273 AND
2 1 18271 18273 18274 AND
2 1 103 18274 18275 AND
2 1 18052 18051 18276 XOR
2 1 18137 18276 18277 AND
2 1 17723 18136 18278 AND
2 1 18135 18278 18279 AND
2 1 18277 18279 18280 AND
2 1 102 18280 18281 AND
2 1 18049 18048 18282 XOR
2 1 18137 18282 18283 AND
2 1 17729 18136 18284 AND
2 1 18135 18284 18285 AND
2 1 18283 18285 18286 AND
2 1 101 18286 18287 AND
2 1 18046 18045 18288 XOR
2 1 18137 18288 18289 AND
2 1 17735 18136 18290 AND
2 1 18135 18290 18291 AND
2 1 18289 18291 18292 AND
2 1 100 18292 18293 AND
2 1 18043 18042 18294 XOR
2 1 18137 18294 18295 AND
2 1 17741 18136 18296 AND
2 1 18135 18296 18297 AND
2 1 18295 18297 18298 AND
2 1 99 18298 18299 AND
2 1 18040 18039 18300 XOR
2 1 18137 18300 18301 AND
2 1 17747 18136 18302 AND
2 1 18135 18302 18303 AND
2 1 18301 18303 18304 AND
2 1 98 18304 18305 AND
2 1 18037 18036 18306 XOR
2 1 18137 18306 18307 AND
2 1 17753 18136 18308 AND
2 1 18135 18308 18309 AND
2 1 18307 18309 18310 AND
2 1 97 18310 18311 AND
2 1 18034 18033 18312 XOR
2 1 18137 18312 18313 AND
2 1 17759 18136 18314 AND
2 1 18135 18314 18315 AND
2 1 18313 18315 18316 AND
2 1 96 18316 18317 AND
2 1 18031 18030 18318 XOR
2 1 18137 18318 18319 AND
2 1 17765 18136 18320 AND
2 1 18135 18320 18321 AND
2 1 18319 18321 18322 AND
2 1 95 18322 18323 AND
2 1 18028 18027 18324 XOR
2 1 18137 18324 18325 AND
2 1 17771 18136 18326 AND
2 1 18135 18326 18327 AND
2 1 18325 18327 18328 AND
2 1 94 18328 18329 AND
2 1 18025 18024 18330 XOR
2 1 18137 18330 18331 AND
2 1 17777 18136 18332 AND
2 1 18135 18332 18333 AND
2 1 18331 18333 18334 AND
2 1 93 18334 18335 AND
2 1 18022 18021 18336 XOR
2 1 18137 18336 18337 AND
2 1 17783 18136 18338 AND
2 1 18135 18338 18339 AND
2 1 18337 18339 18340 AND
2 1 92 18340 18341 AND
2 1 18019 18018 18342 XOR
2 1 18137 18342 18343 AND
2 1 17789 18136 18344 AND
2 1 18135 18344 18345 AND
2 1 18343 18345 18346 AND
2 1 91 18346 18347 AND
2 1 18016 18015 18348 XOR
2 1 18137 18348 18349 AND
2 1 17795 18136 18350 AND
2 1 18135 18350 18351 AND
2 1 18349 18351 18352 AND
2 1 90 18352 18353 AND
2 1 18013 18012 18354 XOR
2 1 18137 18354 18355 AND
2 1 17801 18136 18356 AND
2 1 18135 18356 18357 AND
2 1 18355 18357 18358 AND
2 1 89 18358 18359 AND
2 1 18010 18009 18360 XOR
2 1 18137 18360 18361 AND
2 1 17807 18136 18362 AND
2 1 18135 18362 18363 AND
2 1 18361 18363 18364 AND
2 1 88 18364 18365 AND
2 1 18007 18006 18366 XOR
2 1 18137 18366 18367 AND
2 1 17813 18136 18368 AND
2 1 18135 18368 18369 AND
2 1 18367 18369 18370 AND
2 1 87 18370 18371 AND
2 1 18004 18003 18372 XOR
2 1 18137 18372 18373 AND
2 1 17819 18136 18374 AND
2 1 18135 18374 18375 AND
2 1 18373 18375 18376 AND
2 1 86 18376 18377 AND
2 1 18001 18000 18378 XOR
2 1 18137 18378 18379 AND
2 1 17825 18136 18380 AND
2 1 18135 18380 18381 AND
2 1 18379 18381 18382 AND
2 1 85 18382 18383 AND
2 1 17998 17997 18384 XOR
2 1 18137 18384 18385 AND
2 1 17831 18136 18386 AND
2 1 18135 18386 18387 AND
2 1 18385 18387 18388 AND
2 1 84 18388 18389 AND
2 1 17995 17994 18390 XOR
2 1 18137 18390 18391 AND
2 1 17837 18136 18392 AND
2 1 18135 18392 18393 AND
2 1 18391 18393 18394 AND
2 1 83 18394 18395 AND
2 1 17992 17991 18396 XOR
2 1 18137 18396 18397 AND
2 1 17843 18136 18398 AND
2 1 18135 18398 18399 AND
2 1 18397 18399 18400 AND
2 1 82 18400 18401 AND
2 1 17989 17988 18402 XOR
2 1 18137 18402 18403 AND
2 1 17849 18136 18404 AND
2 1 18135 18404 18405 AND
2 1 18403 18405 18406 AND
2 1 81 18406 18407 AND
2 1 17986 17985 18408 XOR
2 1 18137 18408 18409 AND
2 1 17855 18136 18410 AND
2 1 18135 18410 18411 AND
2 1 18409 18411 18412 AND
2 1 80 18412 18413 AND
2 1 17983 17982 18414 XOR
2 1 18137 18414 18415 AND
2 1 17861 18136 18416 AND
2 1 18135 18416 18417 AND
2 1 18415 18417 18418 AND
2 1 79 18418 18419 AND
2 1 17980 17979 18420 XOR
2 1 18137 18420 18421 AND
2 1 17867 18136 18422 AND
2 1 18135 18422 18423 AND
2 1 18421 18423 18424 AND
2 1 78 18424 18425 AND
2 1 17977 17976 18426 XOR
2 1 18137 18426 18427 AND
2 1 17873 18136 18428 AND
2 1 18135 18428 18429 AND
2 1 18427 18429 18430 AND
2 1 77 18430 18431 AND
2 1 17974 17973 18432 XOR
2 1 18137 18432 18433 AND
2 1 17879 18136 18434 AND
2 1 18135 18434 18435 AND
2 1 18433 18435 18436 AND
2 1 76 18436 18437 AND
2 1 17971 17970 18438 XOR
2 1 18137 18438 18439 AND
2 1 17885 18136 18440 AND
2 1 18135 18440 18441 AND
2 1 18439 18441 18442 AND
2 1 75 18442 18443 AND
2 1 17968 17967 18444 XOR
2 1 18137 18444 18445 AND
2 1 17891 18136 18446 AND
2 1 18135 18446 18447 AND
2 1 18445 18447 18448 AND
2 1 74 18448 18449 AND
2 1 17965 17964 18450 XOR
2 1 18137 18450 18451 AND
2 1 17897 18136 18452 AND
2 1 18135 18452 18453 AND
2 1 18451 18453 18454 AND
2 1 73 18454 18455 AND
2 1 17962 17961 18456 XOR
2 1 18137 18456 18457 AND
2 1 17903 18136 18458 AND
2 1 18135 18458 18459 AND
2 1 18457 18459 18460 AND
2 1 72 18460 18461 AND
2 1 17959 17958 18462 XOR
2 1 18137 18462 18463 AND
2 1 17909 18136 18464 AND
2 1 18135 18464 18465 AND
2 1 18463 18465 18466 AND
2 1 71 18466 18467 AND
2 1 17956 17955 18468 XOR
2 1 18137 18468 18469 AND
2 1 17915 18136 18470 AND
2 1 18135 18470 18471 AND
2 1 18469 18471 18472 AND
2 1 70 18472 18473 AND
2 1 17953 17952 18474 XOR
2 1 18137 18474 18475 AND
2 1 17921 18136 18476 AND
2 1 18135 18476 18477 AND
2 1 18475 18477 18478 AND
2 1 69 18478 18479 AND
2 1 17950 17949 18480 XOR
2 1 18137 18480 18481 AND
2 1 17927 18136 18482 AND
2 1 18135 18482 18483 AND
2 1 18481 18483 18484 AND
2 1 68 18484 18485 AND
2 1 17947 17946 18486 XOR
2 1 18137 18486 18487 AND
2 1 17935 18136 18488 AND
2 1 18135 18488 18489 AND
2 1 18487 18489 18490 AND
2 1 67 18490 18491 AND
2 1 17943 65 18493 XOR
2 1 3 17937 17938 AND
2 1 17389 17580 17939 AND
2 1 17938 17939 18492 AND
2 1 18493 18492 18494 XOR
2 1 18137 18494 18495 AND
2 1 17940 18136 18496 AND
2 1 18135 18496 18497 AND
2 1 18495 18497 18498 AND
2 1 66 18498 18499 AND
2 1 65 2 18504 XOR
2 1 64 18137 18500 AND
2 1 18504 18500 18505 XOR
2 1 1 64 18506 AND
2 1 18505 18506 18507 AND
2 1 18500 2 18503 XOR
2 1 65 18503 18508 AND
2 1 18507 18508 18509 AND
2 1 18498 66 18510 XOR
2 1 18509 18510 18511 AND
2 1 18499 18511 18512 AND
2 1 18490 67 18513 XOR
2 1 18512 18513 18514 AND
2 1 18491 18514 18515 AND
2 1 18484 68 18516 XOR
2 1 18515 18516 18517 AND
2 1 18485 18517 18518 AND
2 1 18478 69 18519 XOR
2 1 18518 18519 18520 AND
2 1 18479 18520 18521 AND
2 1 18472 70 18522 XOR
2 1 18521 18522 18523 AND
2 1 18473 18523 18524 AND
2 1 18466 71 18525 XOR
2 1 18524 18525 18526 AND
2 1 18467 18526 18527 AND
2 1 18460 72 18528 XOR
2 1 18527 18528 18529 AND
2 1 18461 18529 18530 AND
2 1 18454 73 18531 XOR
2 1 18530 18531 18532 AND
2 1 18455 18532 18533 AND
2 1 18448 74 18534 XOR
2 1 18533 18534 18535 AND
2 1 18449 18535 18536 AND
2 1 18442 75 18537 XOR
2 1 18536 18537 18538 AND
2 1 18443 18538 18539 AND
2 1 18436 76 18540 XOR
2 1 18539 18540 18541 AND
2 1 18437 18541 18542 AND
2 1 18430 77 18543 XOR
2 1 18542 18543 18544 AND
2 1 18431 18544 18545 AND
2 1 18424 78 18546 XOR
2 1 18545 18546 18547 AND
2 1 18425 18547 18548 AND
2 1 18418 79 18549 XOR
2 1 18548 18549 18550 AND
2 1 18419 18550 18551 AND
2 1 18412 80 18552 XOR
2 1 18551 18552 18553 AND
2 1 18413 18553 18554 AND
2 1 18406 81 18555 XOR
2 1 18554 18555 18556 AND
2 1 18407 18556 18557 AND
2 1 18400 82 18558 XOR
2 1 18557 18558 18559 AND
2 1 18401 18559 18560 AND
2 1 18394 83 18561 XOR
2 1 18560 18561 18562 AND
2 1 18395 18562 18563 AND
2 1 18388 84 18564 XOR
2 1 18563 18564 18565 AND
2 1 18389 18565 18566 AND
2 1 18382 85 18567 XOR
2 1 18566 18567 18568 AND
2 1 18383 18568 18569 AND
2 1 18376 86 18570 XOR
2 1 18569 18570 18571 AND
2 1 18377 18571 18572 AND
2 1 18370 87 18573 XOR
2 1 18572 18573 18574 AND
2 1 18371 18574 18575 AND
2 1 18364 88 18576 XOR
2 1 18575 18576 18577 AND
2 1 18365 18577 18578 AND
2 1 18358 89 18579 XOR
2 1 18578 18579 18580 AND
2 1 18359 18580 18581 AND
2 1 18352 90 18582 XOR
2 1 18581 18582 18583 AND
2 1 18353 18583 18584 AND
2 1 18346 91 18585 XOR
2 1 18584 18585 18586 AND
2 1 18347 18586 18587 AND
2 1 18340 92 18588 XOR
2 1 18587 18588 18589 AND
2 1 18341 18589 18590 AND
2 1 18334 93 18591 XOR
2 1 18590 18591 18592 AND
2 1 18335 18592 18593 AND
2 1 18328 94 18594 XOR
2 1 18593 18594 18595 AND
2 1 18329 18595 18596 AND
2 1 18322 95 18597 XOR
2 1 18596 18597 18598 AND
2 1 18323 18598 18599 AND
2 1 18316 96 18600 XOR
2 1 18599 18600 18601 AND
2 1 18317 18601 18602 AND
2 1 18310 97 18603 XOR
2 1 18602 18603 18604 AND
2 1 18311 18604 18605 AND
2 1 18304 98 18606 XOR
2 1 18605 18606 18607 AND
2 1 18305 18607 18608 AND
2 1 18298 99 18609 XOR
2 1 18608 18609 18610 AND
2 1 18299 18610 18611 AND
2 1 18292 100 18612 XOR
2 1 18611 18612 18613 AND
2 1 18293 18613 18614 AND
2 1 18286 101 18615 XOR
2 1 18614 18615 18616 AND
2 1 18287 18616 18617 AND
2 1 18280 102 18618 XOR
2 1 18617 18618 18619 AND
2 1 18281 18619 18620 AND
2 1 18274 103 18621 XOR
2 1 18620 18621 18622 AND
2 1 18275 18622 18623 AND
2 1 18268 104 18624 XOR
2 1 18623 18624 18625 AND
2 1 18269 18625 18626 AND
2 1 18262 105 18627 XOR
2 1 18626 18627 18628 AND
2 1 18263 18628 18629 AND
2 1 18256 106 18630 XOR
2 1 18629 18630 18631 AND
2 1 18257 18631 18632 AND
2 1 18250 107 18633 XOR
2 1 18632 18633 18634 AND
2 1 18251 18634 18635 AND
2 1 18244 108 18636 XOR
2 1 18635 18636 18637 AND
2 1 18245 18637 18638 AND
2 1 18238 109 18639 XOR
2 1 18638 18639 18640 AND
2 1 18239 18640 18641 AND
2 1 18232 110 18642 XOR
2 1 18641 18642 18643 AND
2 1 18233 18643 18644 AND
2 1 18226 111 18645 XOR
2 1 18644 18645 18646 AND
2 1 18227 18646 18647 AND
2 1 18220 112 18648 XOR
2 1 18647 18648 18649 AND
2 1 18221 18649 18650 AND
2 1 18214 113 18651 XOR
2 1 18650 18651 18652 AND
2 1 18215 18652 18653 AND
2 1 18208 114 18654 XOR
2 1 18653 18654 18655 AND
2 1 18209 18655 18656 AND
2 1 18202 115 18657 XOR
2 1 18656 18657 18658 AND
2 1 18203 18658 18659 AND
2 1 18196 116 18660 XOR
2 1 18659 18660 18661 AND
2 1 18197 18661 18662 AND
2 1 18190 117 18663 XOR
2 1 18662 18663 18664 AND
2 1 18191 18664 18665 AND
2 1 18184 118 18666 XOR
2 1 18665 18666 18667 AND
2 1 18185 18667 18668 AND
2 1 18178 119 18669 XOR
2 1 18668 18669 18670 AND
2 1 18179 18670 18671 AND
2 1 18172 120 18672 XOR
2 1 18671 18672 18673 AND
2 1 18173 18673 18674 AND
2 1 18166 121 18675 XOR
2 1 18674 18675 18676 AND
2 1 18167 18676 18677 AND
2 1 18160 122 18678 XOR
2 1 18677 18678 18679 AND
2 1 18161 18679 18680 AND
2 1 18154 123 18681 XOR
2 1 18680 18681 18682 AND
2 1 18155 18682 18683 AND
2 1 18148 124 18684 XOR
2 1 18683 18684 18685 AND
2 1 18149 18685 18686 AND
2 1 18142 125 18687 XOR
2 1 18686 18687 18688 AND
2 1 18143 18688 18689 AND
2 1 18130 18132 18690 AND
2 1 18690 18123 18691 XOR
2 1 18137 18691 18692 AND
2 1 272 18129 18693 AND
2 1 18135 18693 18694 AND
2 1 18692 18694 18695 AND
2 1 126 18695 18696 AND
2 1 126 18694 18697 AND
2 1 18692 18697 18698 AND
2 1 127 18698 18699 AND
2 1 18696 18699 18700 AND
2 1 18689 18700 18701 AND
2 1 151 18695 18702 AND
2 1 18701 18702 18703 AND
2 1 18696 18698 19385 AND
2 1 19385 18689 19386 XOR
2 1 18703 19386 19387 AND
2 1 151 18695 19388 AND
2 1 18701 19388 19389 AND
2 1 19387 19389 19390 AND
2 1 127 19390 19391 AND
2 1 18678 18677 18709 XOR
2 1 18703 18709 18710 AND
2 1 18160 18702 18711 AND
2 1 18701 18711 18712 AND
2 1 18710 18712 18713 AND
2 1 18660 18659 18724 XOR
2 1 18703 18724 18725 AND
2 1 18196 18702 18726 AND
2 1 18701 18726 18727 AND
2 1 18725 18727 18728 AND
2 1 18642 18641 18739 XOR
2 1 18703 18739 18740 AND
2 1 18232 18702 18741 AND
2 1 18701 18741 18742 AND
2 1 18740 18742 18743 AND
2 1 18624 18623 18754 XOR
2 1 18703 18754 18755 AND
2 1 18268 18702 18756 AND
2 1 18701 18756 18757 AND
2 1 18755 18757 18758 AND
2 1 18606 18605 18769 XOR
2 1 18703 18769 18770 AND
2 1 18304 18702 18771 AND
2 1 18701 18771 18772 AND
2 1 18770 18772 18773 AND
2 1 18588 18587 18784 XOR
2 1 18703 18784 18785 AND
2 1 18340 18702 18786 AND
2 1 18701 18786 18787 AND
2 1 18785 18787 18788 AND
2 1 18570 18569 18799 XOR
2 1 18703 18799 18800 AND
2 1 18376 18702 18801 AND
2 1 18701 18801 18802 AND
2 1 18800 18802 18803 AND
2 1 18552 18551 18814 XOR
2 1 18703 18814 18815 AND
2 1 18412 18702 18816 AND
2 1 18701 18816 18817 AND
2 1 18815 18817 18818 AND
2 1 18534 18533 18829 XOR
2 1 18703 18829 18830 AND
2 1 18448 18702 18831 AND
2 1 18701 18831 18832 AND
2 1 18830 18832 18833 AND
2 1 18516 18515 18844 XOR
2 1 18703 18844 18845 AND
2 1 18484 18702 18846 AND
2 1 18701 18846 18847 AND
2 1 18845 18847 18848 AND
2 1 0 64 18854 AND
2 1 18703 1 18860 XOR
2 1 18854 18860 18861 AND
2 1 65 18861 18862 AND
2 1 64 1 18857 XOR
2 1 64 18702 18855 AND
2 1 18701 18855 18856 AND
2 1 18857 18856 18858 XOR
2 1 18854 18858 18859 AND
2 1 18506 65 18864 XOR
2 1 2 18500 18501 AND
2 1 17943 18137 18502 AND
2 1 18501 18502 18863 AND
2 1 18864 18863 18865 XOR
2 1 18703 18865 18866 AND
2 1 18503 18702 18867 AND
2 1 18701 18867 18868 AND
2 1 18866 18868 18869 AND
2 1 18859 18869 18870 AND
2 1 18862 18870 18871 AND
2 1 66 18871 18872 AND
2 1 18510 18509 18849 XOR
2 1 18703 18849 18850 AND
2 1 18498 18702 18851 AND
2 1 18701 18851 18852 AND
2 1 18850 18852 18853 AND
2 1 18859 18862 18873 AND
2 1 18869 18873 18874 AND
2 1 18853 18874 18877 AND
2 1 18872 18877 18878 AND
2 1 67 18878 18879 AND
2 1 18872 18874 18875 AND
2 1 18853 18875 18876 AND
2 1 18513 18512 18880 XOR
2 1 18703 18880 18881 AND
2 1 18490 18702 18882 AND
2 1 18701 18882 18883 AND
2 1 18881 18883 18884 AND
2 1 18876 18884 18885 AND
2 1 18879 18885 18886 AND
2 1 68 18886 18887 AND
2 1 67 18853 18888 AND
2 1 67 18853 18889 AND
2 1 18875 18889 18890 AND
2 1 18888 18890 18891 AND
2 1 18884 18891 18892 AND
2 1 18887 18892 18893 AND
2 1 18848 18893 18894 AND
2 1 18848 18892 18895 AND
2 1 18887 18895 18896 AND
2 1 69 18896 18897 AND
2 1 18519 18518 18898 XOR
2 1 18703 18898 18899 AND
2 1 18478 18702 18900 AND
2 1 18701 18900 18901 AND
2 1 18899 18901 18902 AND
2 1 18897 18902 18903 AND
2 1 18894 18903 18904 AND
2 1 70 18904 18905 AND
2 1 18522 18521 18839 XOR
2 1 18703 18839 18840 AND
2 1 18472 18702 18841 AND
2 1 18701 18841 18842 AND
2 1 18840 18842 18843 AND
2 1 18894 18897 18906 AND
2 1 18902 18906 18907 AND
2 1 18843 18907 18913 AND
2 1 18905 18913 18914 AND
2 1 71 18914 18915 AND
2 1 70 18902 18908 AND
2 1 70 18902 18909 AND
2 1 18906 18909 18910 AND
2 1 18908 18910 18911 AND
2 1 18843 18911 18912 AND
2 1 18525 18524 18916 XOR
2 1 18703 18916 18917 AND
2 1 18466 18702 18918 AND
2 1 18701 18918 18919 AND
2 1 18917 18919 18920 AND
2 1 18912 18920 18921 AND
2 1 18915 18921 18922 AND
2 1 72 18922 18923 AND
2 1 18528 18527 18834 XOR
2 1 18703 18834 18835 AND
2 1 18460 18702 18836 AND
2 1 18701 18836 18837 AND
2 1 18835 18837 18838 AND
2 1 18912 18915 18924 AND
2 1 18920 18924 18925 AND
2 1 18838 18925 18928 AND
2 1 18923 18928 18929 AND
2 1 73 18929 18930 AND
2 1 18923 18925 18926 AND
2 1 18838 18926 18927 AND
2 1 18531 18530 18931 XOR
2 1 18703 18931 18932 AND
2 1 18454 18702 18933 AND
2 1 18701 18933 18934 AND
2 1 18932 18934 18935 AND
2 1 18927 18935 18936 AND
2 1 18930 18936 18937 AND
2 1 74 18937 18938 AND
2 1 73 18838 18939 AND
2 1 73 18838 18940 AND
2 1 18926 18940 18941 AND
2 1 18939 18941 18942 AND
2 1 18935 18942 18943 AND
2 1 18938 18943 18944 AND
2 1 18833 18944 18945 AND
2 1 18833 18943 18946 AND
2 1 18938 18946 18947 AND
2 1 75 18947 18948 AND
2 1 18537 18536 18949 XOR
2 1 18703 18949 18950 AND
2 1 18442 18702 18951 AND
2 1 18701 18951 18952 AND
2 1 18950 18952 18953 AND
2 1 18948 18953 18954 AND
2 1 18945 18954 18955 AND
2 1 76 18955 18956 AND
2 1 18540 18539 18824 XOR
2 1 18703 18824 18825 AND
2 1 18436 18702 18826 AND
2 1 18701 18826 18827 AND
2 1 18825 18827 18828 AND
2 1 18945 18948 18957 AND
2 1 18953 18957 18958 AND
2 1 18828 18958 18964 AND
2 1 18956 18964 18965 AND
2 1 77 18965 18966 AND
2 1 76 18953 18959 AND
2 1 76 18953 18960 AND
2 1 18957 18960 18961 AND
2 1 18959 18961 18962 AND
2 1 18828 18962 18963 AND
2 1 18543 18542 18967 XOR
2 1 18703 18967 18968 AND
2 1 18430 18702 18969 AND
2 1 18701 18969 18970 AND
2 1 18968 18970 18971 AND
2 1 18963 18971 18972 AND
2 1 18966 18972 18973 AND
2 1 78 18973 18974 AND
2 1 18546 18545 18819 XOR
2 1 18703 18819 18820 AND
2 1 18424 18702 18821 AND
2 1 18701 18821 18822 AND
2 1 18820 18822 18823 AND
2 1 18963 18966 18975 AND
2 1 18971 18975 18976 AND
2 1 18823 18976 18979 AND
2 1 18974 18979 18980 AND
2 1 79 18980 18981 AND
2 1 18974 18976 18977 AND
2 1 18823 18977 18978 AND
2 1 18549 18548 18982 XOR
2 1 18703 18982 18983 AND
2 1 18418 18702 18984 AND
2 1 18701 18984 18985 AND
2 1 18983 18985 18986 AND
2 1 18978 18986 18987 AND
2 1 18981 18987 18988 AND
2 1 80 18988 18989 AND
2 1 79 18823 18990 AND
2 1 79 18823 18991 AND
2 1 18977 18991 18992 AND
2 1 18990 18992 18993 AND
2 1 18986 18993 18994 AND
2 1 18989 18994 18995 AND
2 1 18818 18995 18996 AND
2 1 18818 18994 18997 AND
2 1 18989 18997 18998 AND
2 1 81 18998 18999 AND
2 1 18555 18554 19000 XOR
2 1 18703 19000 19001 AND
2 1 18406 18702 19002 AND
2 1 18701 19002 19003 AND
2 1 19001 19003 19004 AND
2 1 18999 19004 19005 AND
2 1 18996 19005 19006 AND
2 1 82 19006 19007 AND
2 1 18558 18557 18809 XOR
2 1 18703 18809 18810 AND
2 1 18400 18702 18811 AND
2 1 18701 18811 18812 AND
2 1 18810 18812 18813 AND
2 1 18996 18999 19008 AND
2 1 19004 19008 19009 AND
2 1 18813 19009 19015 AND
2 1 19007 19015 19016 AND
2 1 83 19016 19017 AND
2 1 82 19004 19010 AND
2 1 82 19004 19011 AND
2 1 19008 19011 19012 AND
2 1 19010 19012 19013 AND
2 1 18813 19013 19014 AND
2 1 18561 18560 19018 XOR
2 1 18703 19018 19019 AND
2 1 18394 18702 19020 AND
2 1 18701 19020 19021 AND
2 1 19019 19021 19022 AND
2 1 19014 19022 19023 AND
2 1 19017 19023 19024 AND
2 1 84 19024 19025 AND
2 1 18564 18563 18804 XOR
2 1 18703 18804 18805 AND
2 1 18388 18702 18806 AND
2 1 18701 18806 18807 AND
2 1 18805 18807 18808 AND
2 1 19014 19017 19026 AND
2 1 19022 19026 19027 AND
2 1 18808 19027 19030 AND
2 1 19025 19030 19031 AND
2 1 85 19031 19032 AND
2 1 19025 19027 19028 AND
2 1 18808 19028 19029 AND
2 1 18567 18566 19033 XOR
2 1 18703 19033 19034 AND
2 1 18382 18702 19035 AND
2 1 18701 19035 19036 AND
2 1 19034 19036 19037 AND
2 1 19029 19037 19038 AND
2 1 19032 19038 19039 AND
2 1 86 19039 19040 AND
2 1 85 18808 19041 AND
2 1 85 18808 19042 AND
2 1 19028 19042 19043 AND
2 1 19041 19043 19044 AND
2 1 19037 19044 19045 AND
2 1 19040 19045 19046 AND
2 1 18803 19046 19047 AND
2 1 18803 19045 19048 AND
2 1 19040 19048 19049 AND
2 1 87 19049 19050 AND
2 1 18573 18572 19051 XOR
2 1 18703 19051 19052 AND
2 1 18370 18702 19053 AND
2 1 18701 19053 19054 AND
2 1 19052 19054 19055 AND
2 1 19050 19055 19056 AND
2 1 19047 19056 19057 AND
2 1 88 19057 19058 AND
2 1 18576 18575 18794 XOR
2 1 18703 18794 18795 AND
2 1 18364 18702 18796 AND
2 1 18701 18796 18797 AND
2 1 18795 18797 18798 AND
2 1 19047 19050 19059 AND
2 1 19055 19059 19060 AND
2 1 18798 19060 19066 AND
2 1 19058 19066 19067 AND
2 1 89 19067 19068 AND
2 1 88 19055 19061 AND
2 1 88 19055 19062 AND
2 1 19059 19062 19063 AND
2 1 19061 19063 19064 AND
2 1 18798 19064 19065 AND
2 1 18579 18578 19069 XOR
2 1 18703 19069 19070 AND
2 1 18358 18702 19071 AND
2 1 18701 19071 19072 AND
2 1 19070 19072 19073 AND
2 1 19065 19073 19074 AND
2 1 19068 19074 19075 AND
2 1 90 19075 19076 AND
2 1 18582 18581 18789 XOR
2 1 18703 18789 18790 AND
2 1 18352 18702 18791 AND
2 1 18701 18791 18792 AND
2 1 18790 18792 18793 AND
2 1 19065 19068 19077 AND
2 1 19073 19077 19078 AND
2 1 18793 19078 19081 AND
2 1 19076 19081 19082 AND
2 1 91 19082 19083 AND
2 1 19076 19078 19079 AND
2 1 18793 19079 19080 AND
2 1 18585 18584 19084 XOR
2 1 18703 19084 19085 AND
2 1 18346 18702 19086 AND
2 1 18701 19086 19087 AND
2 1 19085 19087 19088 AND
2 1 19080 19088 19089 AND
2 1 19083 19089 19090 AND
2 1 92 19090 19091 AND
2 1 91 18793 19092 AND
2 1 91 18793 19093 AND
2 1 19079 19093 19094 AND
2 1 19092 19094 19095 AND
2 1 19088 19095 19096 AND
2 1 19091 19096 19097 AND
2 1 18788 19097 19098 AND
2 1 18788 19096 19099 AND
2 1 19091 19099 19100 AND
2 1 93 19100 19101 AND
2 1 18591 18590 19102 XOR
2 1 18703 19102 19103 AND
2 1 18334 18702 19104 AND
2 1 18701 19104 19105 AND
2 1 19103 19105 19106 AND
2 1 19101 19106 19107 AND
2 1 19098 19107 19108 AND
2 1 94 19108 19109 AND
2 1 18594 18593 18779 XOR
2 1 18703 18779 18780 AND
2 1 18328 18702 18781 AND
2 1 18701 18781 18782 AND
2 1 18780 18782 18783 AND
2 1 19098 19101 19110 AND
2 1 19106 19110 19111 AND
2 1 18783 19111 19117 AND
2 1 19109 19117 19118 AND
2 1 95 19118 19119 AND
2 1 94 19106 19112 AND
2 1 94 19106 19113 AND
2 1 19110 19113 19114 AND
2 1 19112 19114 19115 AND
2 1 18783 19115 19116 AND
2 1 18597 18596 19120 XOR
2 1 18703 19120 19121 AND
2 1 18322 18702 19122 AND
2 1 18701 19122 19123 AND
2 1 19121 19123 19124 AND
2 1 19116 19124 19125 AND
2 1 19119 19125 19126 AND
2 1 96 19126 19127 AND
2 1 18600 18599 18774 XOR
2 1 18703 18774 18775 AND
2 1 18316 18702 18776 AND
2 1 18701 18776 18777 AND
2 1 18775 18777 18778 AND
2 1 19116 19119 19128 AND
2 1 19124 19128 19129 AND
2 1 18778 19129 19132 AND
2 1 19127 19132 19133 AND
2 1 97 19133 19134 AND
2 1 19127 19129 19130 AND
2 1 18778 19130 19131 AND
2 1 18603 18602 19135 XOR
2 1 18703 19135 19136 AND
2 1 18310 18702 19137 AND
2 1 18701 19137 19138 AND
2 1 19136 19138 19139 AND
2 1 19131 19139 19140 AND
2 1 19134 19140 19141 AND
2 1 98 19141 19142 AND
2 1 97 18778 19143 AND
2 1 97 18778 19144 AND
2 1 19130 19144 19145 AND
2 1 19143 19145 19146 AND
2 1 19139 19146 19147 AND
2 1 19142 19147 19148 AND
2 1 18773 19148 19149 AND
2 1 18773 19147 19150 AND
2 1 19142 19150 19151 AND
2 1 99 19151 19152 AND
2 1 18609 18608 19153 XOR
2 1 18703 19153 19154 AND
2 1 18298 18702 19155 AND
2 1 18701 19155 19156 AND
2 1 19154 19156 19157 AND
2 1 19152 19157 19158 AND
2 1 19149 19158 19159 AND
2 1 100 19159 19160 AND
2 1 18612 18611 18764 XOR
2 1 18703 18764 18765 AND
2 1 18292 18702 18766 AND
2 1 18701 18766 18767 AND
2 1 18765 18767 18768 AND
2 1 19149 19152 19161 AND
2 1 19157 19161 19162 AND
2 1 18768 19162 19168 AND
2 1 19160 19168 19169 AND
2 1 101 19169 19170 AND
2 1 100 19157 19163 AND
2 1 100 19157 19164 AND
2 1 19161 19164 19165 AND
2 1 19163 19165 19166 AND
2 1 18768 19166 19167 AND
2 1 18615 18614 19171 XOR
2 1 18703 19171 19172 AND
2 1 18286 18702 19173 AND
2 1 18701 19173 19174 AND
2 1 19172 19174 19175 AND
2 1 19167 19175 19176 AND
2 1 19170 19176 19177 AND
2 1 102 19177 19178 AND
2 1 18618 18617 18759 XOR
2 1 18703 18759 18760 AND
2 1 18280 18702 18761 AND
2 1 18701 18761 18762 AND
2 1 18760 18762 18763 AND
2 1 19167 19170 19179 AND
2 1 19175 19179 19180 AND
2 1 18763 19180 19183 AND
2 1 19178 19183 19184 AND
2 1 103 19184 19185 AND
2 1 19178 19180 19181 AND
2 1 18763 19181 19182 AND
2 1 18621 18620 19186 XOR
2 1 18703 19186 19187 AND
2 1 18274 18702 19188 AND
2 1 18701 19188 19189 AND
2 1 19187 19189 19190 AND
2 1 19182 19190 19191 AND
2 1 19185 19191 19192 AND
2 1 104 19192 19193 AND
2 1 103 18763 19194 AND
2 1 103 18763 19195 AND
2 1 19181 19195 19196 AND
2 1 19194 19196 19197 AND
2 1 19190 19197 19198 AND
2 1 19193 19198 19199 AND
2 1 18758 19199 19200 AND
2 1 18758 19198 19201 AND
2 1 19193 19201 19202 AND
2 1 105 19202 19203 AND
2 1 18627 18626 19204 XOR
2 1 18703 19204 19205 AND
2 1 18262 18702 19206 AND
2 1 18701 19206 19207 AND
2 1 19205 19207 19208 AND
2 1 19203 19208 19209 AND
2 1 19200 19209 19210 AND
2 1 106 19210 19211 AND
2 1 18630 18629 18749 XOR
2 1 18703 18749 18750 AND
2 1 18256 18702 18751 AND
2 1 18701 18751 18752 AND
2 1 18750 18752 18753 AND
2 1 19200 19203 19212 AND
2 1 19208 19212 19213 AND
2 1 18753 19213 19219 AND
2 1 19211 19219 19220 AND
2 1 107 19220 19221 AND
2 1 106 19208 19214 AND
2 1 106 19208 19215 AND
2 1 19212 19215 19216 AND
2 1 19214 19216 19217 AND
2 1 18753 19217 19218 AND
2 1 18633 18632 19222 XOR
2 1 18703 19222 19223 AND
2 1 18250 18702 19224 AND
2 1 18701 19224 19225 AND
2 1 19223 19225 19226 AND
2 1 19218 19226 19227 AND
2 1 19221 19227 19228 AND
2 1 108 19228 19229 AND
2 1 18636 18635 18744 XOR
2 1 18703 18744 18745 AND
2 1 18244 18702 18746 AND
2 1 18701 18746 18747 AND
2 1 18745 18747 18748 AND
2 1 19218 19221 19230 AND
2 1 19226 19230 19231 AND
2 1 18748 19231 19234 AND
2 1 19229 19234 19235 AND
2 1 109 19235 19236 AND
2 1 19229 19231 19232 AND
2 1 18748 19232 19233 AND
2 1 18639 18638 19237 XOR
2 1 18703 19237 19238 AND
2 1 18238 18702 19239 AND
2 1 18701 19239 19240 AND
2 1 19238 19240 19241 AND
2 1 19233 19241 19242 AND
2 1 19236 19242 19243 AND
2 1 110 19243 19244 AND
2 1 109 18748 19245 AND
2 1 109 18748 19246 AND
2 1 19232 19246 19247 AND
2 1 19245 19247 19248 AND
2 1 19241 19248 19249 AND
2 1 19244 19249 19250 AND
2 1 18743 19250 19251 AND
2 1 18743 19249 19252 AND
2 1 19244 19252 19253 AND
2 1 111 19253 19254 AND
2 1 18645 18644 19255 XOR
2 1 18703 19255 19256 AND
2 1 18226 18702 19257 AND
2 1 18701 19257 19258 AND
2 1 19256 19258 19259 AND
2 1 19254 19259 19260 AND
2 1 19251 19260 19261 AND
2 1 112 19261 19262 AND
2 1 18648 18647 18734 XOR
2 1 18703 18734 18735 AND
2 1 18220 18702 18736 AND
2 1 18701 18736 18737 AND
2 1 18735 18737 18738 AND
2 1 19251 19254 19263 AND
2 1 19259 19263 19264 AND
2 1 18738 19264 19270 AND
2 1 19262 19270 19271 AND
2 1 113 19271 19272 AND
2 1 112 19259 19265 AND
2 1 112 19259 19266 AND
2 1 19263 19266 19267 AND
2 1 19265 19267 19268 AND
2 1 18738 19268 19269 AND
2 1 18651 18650 19273 XOR
2 1 18703 19273 19274 AND
2 1 18214 18702 19275 AND
2 1 18701 19275 19276 AND
2 1 19274 19276 19277 AND
2 1 19269 19277 19278 AND
2 1 19272 19278 19279 AND
2 1 114 19279 19280 AND
2 1 18654 18653 18729 XOR
2 1 18703 18729 18730 AND
2 1 18208 18702 18731 AND
2 1 18701 18731 18732 AND
2 1 18730 18732 18733 AND
2 1 19269 19272 19281 AND
2 1 19277 19281 19282 AND
2 1 18733 19282 19285 AND
2 1 19280 19285 19286 AND
2 1 115 19286 19287 AND
2 1 19280 19282 19283 AND
2 1 18733 19283 19284 AND
2 1 18657 18656 19288 XOR
2 1 18703 19288 19289 AND
2 1 18202 18702 19290 AND
2 1 18701 19290 19291 AND
2 1 19289 19291 19292 AND
2 1 19284 19292 19293 AND
2 1 19287 19293 19294 AND
2 1 116 19294 19295 AND
2 1 115 18733 19296 AND
2 1 115 18733 19297 AND
2 1 19283 19297 19298 AND
2 1 19296 19298 19299 AND
2 1 19292 19299 19300 AND
2 1 19295 19300 19301 AND
2 1 18728 19301 19302 AND
2 1 18728 19300 19303 AND
2 1 19295 19303 19304 AND
2 1 117 19304 19305 AND
2 1 18663 18662 19306 XOR
2 1 18703 19306 19307 AND
2 1 18190 18702 19308 AND
2 1 18701 19308 19309 AND
2 1 19307 19309 19310 AND
2 1 19305 19310 19311 AND
2 1 19302 19311 19312 AND
2 1 118 19312 19313 AND
2 1 18666 18665 18719 XOR
2 1 18703 18719 18720 AND
2 1 18184 18702 18721 AND
2 1 18701 18721 18722 AND
2 1 18720 18722 18723 AND
2 1 19302 19305 19314 AND
2 1 19310 19314 19315 AND
2 1 18723 19315 19321 AND
2 1 19313 19321 19322 AND
2 1 119 19322 19323 AND
2 1 118 19310 19316 AND
2 1 118 19310 19317 AND
2 1 19314 19317 19318 AND
2 1 19316 19318 19319 AND
2 1 18723 19319 19320 AND
2 1 18669 18668 19324 XOR
2 1 18703 19324 19325 AND
2 1 18178 18702 19326 AND
2 1 18701 19326 19327 AND
2 1 19325 19327 19328 AND
2 1 19320 19328 19329 AND
2 1 19323 19329 19330 AND
2 1 120 19330 19331 AND
2 1 18672 18671 18714 XOR
2 1 18703 18714 18715 AND
2 1 18172 18702 18716 AND
2 1 18701 18716 18717 AND
2 1 18715 18717 18718 AND
2 1 19320 19323 19332 AND
2 1 19328 19332 19333 AND
2 1 18718 19333 19336 AND
2 1 19331 19336 19337 AND
2 1 121 19337 19338 AND
2 1 19331 19333 19334 AND
2 1 18718 19334 19335 AND
2 1 18675 18674 19339 XOR
2 1 18703 19339 19340 AND
2 1 18166 18702 19341 AND
2 1 18701 19341 19342 AND
2 1 19340 19342 19343 AND
2 1 19335 19343 19344 AND
2 1 19338 19344 19345 AND
2 1 122 19345 19346 AND
2 1 121 18718 19347 AND
2 1 121 18718 19348 AND
2 1 19334 19348 19349 AND
2 1 19347 19349 19350 AND
2 1 19343 19350 19351 AND
2 1 19346 19351 19352 AND
2 1 18713 19352 19353 AND
2 1 18713 19351 19354 AND
2 1 19346 19354 19355 AND
2 1 123 19355 19356 AND
2 1 18681 18680 19357 XOR
2 1 18703 19357 19358 AND
2 1 18154 18702 19359 AND
2 1 18701 19359 19360 AND
2 1 19358 19360 19361 AND
2 1 19356 19361 19362 AND
2 1 19353 19362 19363 AND
2 1 124 19363 19364 AND
2 1 18684 18683 18704 XOR
2 1 18703 18704 18705 AND
2 1 18148 18702 18706 AND
2 1 18701 18706 18707 AND
2 1 18705 18707 18708 AND
2 1 19353 19356 19365 AND
2 1 19361 19365 19366 AND
2 1 18708 19366 19372 AND
2 1 19364 19372 19373 AND
2 1 125 19373 19374 AND
2 1 124 19361 19367 AND
2 1 124 19361 19368 AND
2 1 19365 19368 19369 AND
2 1 19367 19369 19370 AND
2 1 18708 19370 19371 AND
2 1 18687 18686 19375 XOR
2 1 18703 19375 19376 AND
2 1 18142 18702 19377 AND
2 1 18701 19377 19378 AND
2 1 19376 19378 19379 AND
2 1 19371 19379 19380 AND
2 1 19374 19380 19381 AND
2 1 126 19381 19382 AND
2 1 19371 19374 19383 AND
2 1 19379 19383 19384 AND
2 1 19382 19384 19392 AND
2 1 127 19390 19393 AND
2 1 19392 19393 19394 AND
2 1 19391 19394 19395 AND
2 1 448 465 19396 AND
2 1 204 214 19397 AND
2 1 301 19397 19398 AND
2 1 199 19398 19399 AND
2 1 65 66 19400 AND
2 1 252 19400 19401 AND
2 1 129 19401 19402 AND
2 1 457 19402 19403 AND
2 1 499 19403 19404 AND
2 1 132 139 19405 AND
2 1 203 19405 19406 AND
2 1 214 19406 19407 AND
2 1 301 19407 19408 AND
2 1 196 19408 19409 AND
2 1 198 19409 19410 AND
2 1 63 19408 19411 AND
2 1 217 19411 19412 AND
2 1 19410 19412 19413 AND
2 1 227 19410 19414 AND
2 1 19411 19414 19415 AND
2 1 19413 19415 19416 AND
2 1 294 19410 19417 AND
2 1 62 19417 19418 AND
2 1 302 19410 19419 AND
2 1 19418 19419 19420 AND
2 1 232 19420 19421 AND
2 1 306 19421 19422 AND
2 1 66 19413 19423 AND
2 1 19415 19423 19424 AND
2 1 66 19416 19425 AND
2 1 19424 19425 19426 AND
2 1 19422 19426 19427 AND
2 1 66 19427 19428 AND
2 1 19422 19424 19429 AND
2 1 19425 19429 19430 AND
2 1 321 19430 19431 AND
2 1 19428 19431 19432 AND
2 1 19416 19432 19433 AND
2 1 321 19424 19434 AND
2 1 19425 19434 19435 AND
2 1 19422 19435 19436 AND
2 1 19433 19436 19457 AND
2 1 67 19436 19437 AND
2 1 19433 19437 19438 AND
2 1 338 19430 19439 AND
2 1 19420 19439 19440 AND
2 1 344 19419 19441 AND
2 1 19418 19441 19442 AND
2 1 19430 19442 19443 AND
2 1 19440 19443 19444 AND
2 1 66 19444 19445 AND
2 1 66 19443 19446 AND
2 1 19440 19446 19447 AND
2 1 356 19430 19448 AND
2 1 61 19448 19449 AND
2 1 363 19430 19450 AND
2 1 19449 19450 19451 AND
2 1 367 19451 19452 AND
2 1 369 19452 19453 AND
2 1 19447 19453 19454 AND
2 1 19445 19454 19455 AND
2 1 19438 19455 19456 AND
2 1 67 19457 19458 AND
2 1 19456 19458 19459 AND
2 1 381 19459 19462 AND
2 1 19457 19462 19463 AND
2 1 381 19458 19460 AND
2 1 19455 19460 19461 AND
2 1 68 19461 19464 AND
2 1 19463 19464 19465 AND
2 1 19445 19447 19466 AND
2 1 19453 19466 19467 AND
2 1 381 19454 19468 AND
2 1 19467 19468 19469 AND
2 1 19459 19469 19470 AND
2 1 66 19467 19471 AND
2 1 381 19471 19472 AND
2 1 19459 19472 19473 AND
2 1 19444 19473 19474 AND
2 1 19470 19474 19475 AND
2 1 67 19475 19476 AND
2 1 67 19470 19477 AND
2 1 19474 19477 19478 AND
2 1 409 19459 19479 AND
2 1 19451 19479 19480 AND
2 1 413 19450 19481 AND
2 1 19449 19481 19482 AND
2 1 19459 19482 19483 AND
2 1 19480 19483 19484 AND
2 1 66 19484 19485 AND
2 1 66 19483 19486 AND
2 1 19480 19486 19487 AND
2 1 427 19459 19488 AND
2 1 60 19488 19489 AND
2 1 433 19459 19490 AND
2 1 19489 19490 19491 AND
2 1 422 19491 19492 AND
2 1 437 19492 19493 AND
2 1 19487 19493 19494 AND
2 1 19485 19494 19495 AND
2 1 19478 19495 19496 AND
2 1 19476 19496 19497 AND
2 1 19465 19497 19498 AND
2 1 19461 19463 19499 AND
2 1 68 19499 19500 AND
2 1 19498 19500 19501 AND
2 1 19476 19478 19502 AND
2 1 19485 19502 19503 AND
2 1 19494 19503 19504 AND
2 1 465 19504 19505 AND
2 1 19496 19505 19506 AND
2 1 19501 19506 19507 AND
2 1 67 19504 19508 AND
2 1 465 19508 19509 AND
2 1 19501 19509 19510 AND
2 1 19475 19510 19511 AND
2 1 19507 19511 19512 AND
2 1 19512 68 19513 XOR
2 1 19485 19487 19514 AND
2 1 19493 19514 19515 AND
2 1 465 19494 19516 AND
2 1 19515 19516 19517 AND
2 1 19501 19517 19518 AND
2 1 66 19515 19519 AND
2 1 465 19519 19520 AND
2 1 19501 19520 19521 AND
2 1 19484 19521 19522 AND
2 1 19518 19522 19523 AND
2 1 19523 67 19524 XOR
2 1 494 19501 19525 AND
2 1 19491 19525 19526 AND
2 1 500 19490 19527 AND
2 1 19489 19527 19528 AND
2 1 19501 19528 19529 AND
2 1 19526 19529 19530 AND
2 1 66 19530 19531 AND
2 1 511 19501 19532 AND
2 1 59 19532 19533 AND
2 1 517 19501 19534 AND
2 1 19533 19534 19535 AND
2 1 65 19535 19536 AND
2 1 65 19534 19537 AND
2 1 19533 19537 19538 AND
2 1 19536 19538 19539 AND
2 1 521 19539 19540 AND
2 1 65 19535 19541 AND
2 1 19540 19541 19542 AND
2 1 19530 66 19543 XOR
2 1 19542 19543 19544 AND
2 1 19531 19544 19545 AND
2 1 19524 19545 19546 AND
2 1 67 19523 19547 AND
2 1 19546 19547 19548 AND
2 1 19513 19548 19549 AND
2 1 68 19512 19550 AND
2 1 19549 19550 19551 AND
2 1 19465 19500 19552 AND
2 1 19476 19552 19553 AND
2 1 19496 19553 19554 AND
2 1 465 19500 19555 AND
2 1 19554 19555 19556 AND
2 1 19498 19556 19557 AND
2 1 68 19554 19558 AND
2 1 465 19558 19559 AND
2 1 19501 19559 19560 AND
2 1 19499 19560 19561 AND
2 1 19557 19561 19562 AND
2 1 19562 69 19563 XOR
2 1 552 19563 19564 AND
2 1 19551 19564 19565 AND
2 1 465 19562 19566 AND
2 1 19565 19566 19567 AND
2 1 19548 19513 19568 XOR
2 1 19567 19568 19569 AND
2 1 19512 19566 19570 AND
2 1 19565 19570 19571 AND
2 1 19569 19571 19572 AND
2 1 19563 19551 19573 XOR
2 1 19567 19573 19574 AND
2 1 465 19562 19575 AND
2 1 19565 19575 19576 AND
2 1 19574 19576 19577 AND
2 1 70 19577 19578 AND
2 1 69 19572 19579 AND
2 1 19545 19524 19580 XOR
2 1 19567 19580 19581 AND
2 1 19523 19566 19582 AND
2 1 19565 19582 19583 AND
2 1 19581 19583 19584 AND
2 1 68 19584 19585 AND
2 1 19543 19542 19586 XOR
2 1 19567 19586 19587 AND
2 1 19530 19566 19588 AND
2 1 19565 19588 19589 AND
2 1 19587 19589 19590 AND
2 1 67 19590 19591 AND
2 1 19539 521 19592 XOR
2 1 19567 19592 19593 AND
2 1 19535 19566 19594 AND
2 1 19565 19594 19595 AND
2 1 19593 19595 19596 AND
2 1 66 19596 19597 AND
2 1 64 19567 19598 AND
2 1 19598 593 19602 XOR
2 1 595 19602 19603 AND
2 1 19598 58 19599 XOR
2 1 65 19599 19604 AND
2 1 19603 19604 19605 AND
2 1 19596 66 19606 XOR
2 1 19605 19606 19607 AND
2 1 19597 19607 19608 AND
2 1 19590 67 19609 XOR
2 1 19608 19609 19610 AND
2 1 19591 19610 19611 AND
2 1 19584 68 19612 XOR
2 1 19611 19612 19613 AND
2 1 19585 19613 19614 AND
2 1 19572 69 19615 XOR
2 1 19614 19615 19616 AND
2 1 19579 19616 19617 AND
2 1 19577 70 19618 XOR
2 1 19617 19618 19619 AND
2 1 19578 19619 19620 AND
2 1 617 19620 19621 AND
2 1 19572 19621 19622 AND
2 1 19615 19614 19623 XOR
2 1 617 19623 19624 AND
2 1 19620 19624 19625 AND
2 1 19622 19625 19626 AND
2 1 19577 19621 19627 AND
2 1 19618 19617 19628 XOR
2 1 19621 19628 19629 AND
2 1 19627 19629 19630 AND
2 1 71 19630 19631 AND
2 1 70 19626 19632 AND
2 1 19584 19621 19633 AND
2 1 19612 19611 19634 XOR
2 1 617 19634 19635 AND
2 1 19620 19635 19636 AND
2 1 19633 19636 19637 AND
2 1 69 19637 19638 AND
2 1 19590 19621 19639 AND
2 1 19609 19608 19640 XOR
2 1 617 19640 19641 AND
2 1 19620 19641 19642 AND
2 1 19639 19642 19643 AND
2 1 68 19643 19644 AND
2 1 19596 19621 19645 AND
2 1 19606 19605 19646 XOR
2 1 617 19646 19647 AND
2 1 19620 19647 19648 AND
2 1 19645 19648 19649 AND
2 1 67 19649 19650 AND
2 1 19599 19621 19651 AND
2 1 65 19599 19600 AND
2 1 65 19599 19601 AND
2 1 19600 19601 19652 AND
2 1 19652 595 19653 XOR
2 1 617 19653 19654 AND
2 1 19620 19654 19655 AND
2 1 19651 19655 19656 AND
2 1 66 19656 19657 AND
2 1 659 19620 19658 AND
2 1 57 19658 19659 AND
2 1 666 19620 19660 AND
2 1 19659 19660 19661 AND
2 1 65 19661 19662 AND
2 1 65 19660 19663 AND
2 1 19659 19663 19664 AND
2 1 19662 19664 19665 AND
2 1 673 19665 19666 AND
2 1 65 19661 19667 AND
2 1 19666 19667 19668 AND
2 1 19656 66 19669 XOR
2 1 19668 19669 19670 AND
2 1 19657 19670 19671 AND
2 1 19649 67 19672 XOR
2 1 19671 19672 19673 AND
2 1 19650 19673 19674 AND
2 1 19643 68 19675 XOR
2 1 19674 19675 19676 AND
2 1 19644 19676 19677 AND
2 1 19637 69 19678 XOR
2 1 19677 19678 19679 AND
2 1 19638 19679 19680 AND
2 1 19626 70 19681 XOR
2 1 19680 19681 19682 AND
2 1 19632 19682 19683 AND
2 1 19630 71 19684 XOR
2 1 19683 19684 19685 AND
2 1 19631 19685 19686 AND
2 1 699 19686 19687 AND
2 1 19626 19687 19688 AND
2 1 19681 19680 19689 XOR
2 1 699 19689 19690 AND
2 1 19686 19690 19691 AND
2 1 19688 19691 19692 AND
2 1 71 19692 19693 AND
2 1 19637 19687 19694 AND
2 1 19678 19677 19695 XOR
2 1 699 19695 19696 AND
2 1 19686 19696 19697 AND
2 1 19694 19697 19698 AND
2 1 70 19698 19699 AND
2 1 19643 19687 19700 AND
2 1 19675 19674 19701 XOR
2 1 699 19701 19702 AND
2 1 19686 19702 19703 AND
2 1 19700 19703 19704 AND
2 1 69 19704 19705 AND
2 1 19649 19687 19706 AND
2 1 19672 19671 19707 XOR
2 1 699 19707 19708 AND
2 1 19686 19708 19709 AND
2 1 19706 19709 19710 AND
2 1 68 19710 19711 AND
2 1 19656 19687 19712 AND
2 1 19669 19668 19713 XOR
2 1 699 19713 19714 AND
2 1 19686 19714 19715 AND
2 1 19712 19715 19716 AND
2 1 67 19716 19717 AND
2 1 19661 19687 19718 AND
2 1 19665 673 19719 XOR
2 1 699 19719 19720 AND
2 1 19686 19720 19721 AND
2 1 19718 19721 19722 AND
2 1 66 19722 19723 AND
2 1 742 19686 19724 AND
2 1 56 19724 19725 AND
2 1 748 19686 19726 AND
2 1 19725 19726 19727 AND
2 1 65 19727 19728 AND
2 1 65 19726 19729 AND
2 1 19725 19729 19730 AND
2 1 19728 19730 19731 AND
2 1 752 19731 19732 AND
2 1 65 19727 19733 AND
2 1 19732 19733 19734 AND
2 1 19722 66 19735 XOR
2 1 19734 19735 19736 AND
2 1 19723 19736 19737 AND
2 1 19716 67 19738 XOR
2 1 19737 19738 19739 AND
2 1 19717 19739 19740 AND
2 1 19710 68 19741 XOR
2 1 19740 19741 19742 AND
2 1 19711 19742 19743 AND
2 1 19704 69 19744 XOR
2 1 19743 19744 19745 AND
2 1 19705 19745 19746 AND
2 1 19698 70 19747 XOR
2 1 19746 19747 19748 AND
2 1 19699 19748 19749 AND
2 1 19692 71 19750 XOR
2 1 19749 19750 19751 AND
2 1 19693 19751 19752 AND
2 1 19630 19687 19753 AND
2 1 19684 19683 19754 XOR
2 1 19687 19754 19755 AND
2 1 19753 19755 19756 AND
2 1 72 19756 19757 AND
2 1 72 19753 19758 AND
2 1 19755 19758 19759 AND
2 1 785 19759 19760 AND
2 1 19757 19760 19761 AND
2 1 19752 19761 19762 AND
2 1 699 19756 19763 AND
2 1 19762 19763 19764 AND
2 1 19750 19749 19765 XOR
2 1 19764 19765 19766 AND
2 1 19692 19763 19767 AND
2 1 19762 19767 19768 AND
2 1 19766 19768 19769 AND
2 1 19757 19759 19770 AND
2 1 19770 19752 19771 XOR
2 1 19764 19771 19772 AND
2 1 699 19630 19773 AND
2 1 19762 19773 19774 AND
2 1 19772 19774 19775 AND
2 1 73 19775 19776 AND
2 1 72 19769 19777 AND
2 1 19747 19746 19778 XOR
2 1 19764 19778 19779 AND
2 1 19698 19763 19780 AND
2 1 19762 19780 19781 AND
2 1 19779 19781 19782 AND
2 1 71 19782 19783 AND
2 1 19744 19743 19784 XOR
2 1 19764 19784 19785 AND
2 1 19704 19763 19786 AND
2 1 19762 19786 19787 AND
2 1 19785 19787 19788 AND
2 1 70 19788 19789 AND
2 1 19741 19740 19790 XOR
2 1 19764 19790 19791 AND
2 1 19710 19763 19792 AND
2 1 19762 19792 19793 AND
2 1 19791 19793 19794 AND
2 1 69 19794 19795 AND
2 1 19738 19737 19796 XOR
2 1 19764 19796 19797 AND
2 1 19716 19763 19798 AND
2 1 19762 19798 19799 AND
2 1 19797 19799 19800 AND
2 1 68 19800 19801 AND
2 1 19735 19734 19802 XOR
2 1 19764 19802 19803 AND
2 1 19722 19763 19804 AND
2 1 19762 19804 19805 AND
2 1 19803 19805 19806 AND
2 1 67 19806 19807 AND
2 1 19731 752 19808 XOR
2 1 19764 19808 19809 AND
2 1 19727 19763 19810 AND
2 1 19762 19810 19811 AND
2 1 19809 19811 19812 AND
2 1 66 19812 19813 AND
2 1 64 19764 19814 AND
2 1 19814 846 19818 XOR
2 1 848 19818 19819 AND
2 1 19814 55 19815 XOR
2 1 65 19815 19820 AND
2 1 19819 19820 19821 AND
2 1 19812 66 19822 XOR
2 1 19821 19822 19823 AND
2 1 19813 19823 19824 AND
2 1 19806 67 19825 XOR
2 1 19824 19825 19826 AND
2 1 19807 19826 19827 AND
2 1 19800 68 19828 XOR
2 1 19827 19828 19829 AND
2 1 19801 19829 19830 AND
2 1 19794 69 19831 XOR
2 1 19830 19831 19832 AND
2 1 19795 19832 19833 AND
2 1 19788 70 19834 XOR
2 1 19833 19834 19835 AND
2 1 19789 19835 19836 AND
2 1 19782 71 19837 XOR
2 1 19836 19837 19838 AND
2 1 19783 19838 19839 AND
2 1 19769 72 19840 XOR
2 1 19839 19840 19841 AND
2 1 19777 19841 19842 AND
2 1 19775 73 19843 XOR
2 1 19842 19843 19844 AND
2 1 19776 19844 19845 AND
2 1 878 19845 19846 AND
2 1 19769 19846 19847 AND
2 1 19840 19839 19848 XOR
2 1 878 19848 19849 AND
2 1 19845 19849 19850 AND
2 1 19847 19850 19851 AND
2 1 19775 19846 19852 AND
2 1 19843 19842 19853 XOR
2 1 19846 19853 19854 AND
2 1 19852 19854 19855 AND
2 1 74 19855 19856 AND
2 1 73 19851 19857 AND
2 1 19782 19846 19858 AND
2 1 19837 19836 19859 XOR
2 1 878 19859 19860 AND
2 1 19845 19860 19861 AND
2 1 19858 19861 19862 AND
2 1 72 19862 19863 AND
2 1 19788 19846 19864 AND
2 1 19834 19833 19865 XOR
2 1 878 19865 19866 AND
2 1 19845 19866 19867 AND
2 1 19864 19867 19868 AND
2 1 71 19868 19869 AND
2 1 19794 19846 19870 AND
2 1 19831 19830 19871 XOR
2 1 878 19871 19872 AND
2 1 19845 19872 19873 AND
2 1 19870 19873 19874 AND
2 1 70 19874 19875 AND
2 1 19800 19846 19876 AND
2 1 19828 19827 19877 XOR
2 1 878 19877 19878 AND
2 1 19845 19878 19879 AND
2 1 19876 19879 19880 AND
2 1 69 19880 19881 AND
2 1 19806 19846 19882 AND
2 1 19825 19824 19883 XOR
2 1 878 19883 19884 AND
2 1 19845 19884 19885 AND
2 1 19882 19885 19886 AND
2 1 68 19886 19887 AND
2 1 19812 19846 19888 AND
2 1 19822 19821 19889 XOR
2 1 878 19889 19890 AND
2 1 19845 19890 19891 AND
2 1 19888 19891 19892 AND
2 1 67 19892 19893 AND
2 1 19815 19846 19894 AND
2 1 65 19815 19816 AND
2 1 65 19815 19817 AND
2 1 19816 19817 19895 AND
2 1 19895 848 19896 XOR
2 1 878 19896 19897 AND
2 1 19845 19897 19898 AND
2 1 19894 19898 19899 AND
2 1 66 19899 19900 AND
2 1 938 19845 19901 AND
2 1 54 19901 19902 AND
2 1 944 19845 19903 AND
2 1 19902 19903 19904 AND
2 1 65 19904 19905 AND
2 1 65 19903 19906 AND
2 1 19902 19906 19907 AND
2 1 19905 19907 19908 AND
2 1 951 19908 19909 AND
2 1 65 19904 19910 AND
2 1 19909 19910 19911 AND
2 1 19899 66 19912 XOR
2 1 19911 19912 19913 AND
2 1 19900 19913 19914 AND
2 1 19892 67 19915 XOR
2 1 19914 19915 19916 AND
2 1 19893 19916 19917 AND
2 1 19886 68 19918 XOR
2 1 19917 19918 19919 AND
2 1 19887 19919 19920 AND
2 1 19880 69 19921 XOR
2 1 19920 19921 19922 AND
2 1 19881 19922 19923 AND
2 1 19874 70 19924 XOR
2 1 19923 19924 19925 AND
2 1 19875 19925 19926 AND
2 1 19868 71 19927 XOR
2 1 19926 19927 19928 AND
2 1 19869 19928 19929 AND
2 1 19862 72 19930 XOR
2 1 19929 19930 19931 AND
2 1 19863 19931 19932 AND
2 1 19851 73 19933 XOR
2 1 19932 19933 19934 AND
2 1 19857 19934 19935 AND
2 1 19855 74 19936 XOR
2 1 19935 19936 19937 AND
2 1 19856 19937 19938 AND
2 1 987 19938 19939 AND
2 1 19851 19939 19940 AND
2 1 19933 19932 19941 XOR
2 1 987 19941 19942 AND
2 1 19938 19942 19943 AND
2 1 19940 19943 19944 AND
2 1 74 19944 19945 AND
2 1 19862 19939 19946 AND
2 1 19930 19929 19947 XOR
2 1 987 19947 19948 AND
2 1 19938 19948 19949 AND
2 1 19946 19949 19950 AND
2 1 73 19950 19951 AND
2 1 19868 19939 19952 AND
2 1 19927 19926 19953 XOR
2 1 987 19953 19954 AND
2 1 19938 19954 19955 AND
2 1 19952 19955 19956 AND
2 1 72 19956 19957 AND
2 1 19874 19939 19958 AND
2 1 19924 19923 19959 XOR
2 1 987 19959 19960 AND
2 1 19938 19960 19961 AND
2 1 19958 19961 19962 AND
2 1 71 19962 19963 AND
2 1 19880 19939 19964 AND
2 1 19921 19920 19965 XOR
2 1 987 19965 19966 AND
2 1 19938 19966 19967 AND
2 1 19964 19967 19968 AND
2 1 70 19968 19969 AND
2 1 19886 19939 19970 AND
2 1 19918 19917 19971 XOR
2 1 987 19971 19972 AND
2 1 19938 19972 19973 AND
2 1 19970 19973 19974 AND
2 1 69 19974 19975 AND
2 1 19892 19939 19976 AND
2 1 19915 19914 19977 XOR
2 1 987 19977 19978 AND
2 1 19938 19978 19979 AND
2 1 19976 19979 19980 AND
2 1 68 19980 19981 AND
2 1 19899 19939 19982 AND
2 1 19912 19911 19983 XOR
2 1 987 19983 19984 AND
2 1 19938 19984 19985 AND
2 1 19982 19985 19986 AND
2 1 67 19986 19987 AND
2 1 19904 19939 19988 AND
2 1 19908 951 19989 XOR
2 1 987 19989 19990 AND
2 1 19938 19990 19991 AND
2 1 19988 19991 19992 AND
2 1 66 19992 19993 AND
2 1 1047 19938 19994 AND
2 1 53 19994 19995 AND
2 1 1053 19938 19996 AND
2 1 19995 19996 19997 AND
2 1 65 19997 19998 AND
2 1 65 19996 19999 AND
2 1 19995 19999 20000 AND
2 1 19998 20000 20001 AND
2 1 1057 20001 20002 AND
2 1 65 19997 20003 AND
2 1 20002 20003 20004 AND
2 1 19992 66 20005 XOR
2 1 20004 20005 20006 AND
2 1 19993 20006 20007 AND
2 1 19986 67 20008 XOR
2 1 20007 20008 20009 AND
2 1 19987 20009 20010 AND
2 1 19980 68 20011 XOR
2 1 20010 20011 20012 AND
2 1 19981 20012 20013 AND
2 1 19974 69 20014 XOR
2 1 20013 20014 20015 AND
2 1 19975 20015 20016 AND
2 1 19968 70 20017 XOR
2 1 20016 20017 20018 AND
2 1 19969 20018 20019 AND
2 1 19962 71 20020 XOR
2 1 20019 20020 20021 AND
2 1 19963 20021 20022 AND
2 1 19956 72 20023 XOR
2 1 20022 20023 20024 AND
2 1 19957 20024 20025 AND
2 1 19950 73 20026 XOR
2 1 20025 20026 20027 AND
2 1 19951 20027 20028 AND
2 1 19944 74 20029 XOR
2 1 20028 20029 20030 AND
2 1 19945 20030 20031 AND
2 1 19855 19939 20032 AND
2 1 19936 19935 20033 XOR
2 1 19939 20033 20034 AND
2 1 20032 20034 20035 AND
2 1 75 20035 20036 AND
2 1 75 20032 20037 AND
2 1 20034 20037 20038 AND
2 1 1099 20038 20039 AND
2 1 20036 20039 20040 AND
2 1 20031 20040 20041 AND
2 1 987 20035 20042 AND
2 1 20041 20042 20043 AND
2 1 20029 20028 20044 XOR
2 1 20043 20044 20045 AND
2 1 19944 20042 20046 AND
2 1 20041 20046 20047 AND
2 1 20045 20047 20048 AND
2 1 20036 20038 20049 AND
2 1 20049 20031 20050 XOR
2 1 20043 20050 20051 AND
2 1 987 19855 20052 AND
2 1 20041 20052 20053 AND
2 1 20051 20053 20054 AND
2 1 76 20054 20055 AND
2 1 75 20048 20056 AND
2 1 20026 20025 20057 XOR
2 1 20043 20057 20058 AND
2 1 19950 20042 20059 AND
2 1 20041 20059 20060 AND
2 1 20058 20060 20061 AND
2 1 74 20061 20062 AND
2 1 20023 20022 20063 XOR
2 1 20043 20063 20064 AND
2 1 19956 20042 20065 AND
2 1 20041 20065 20066 AND
2 1 20064 20066 20067 AND
2 1 73 20067 20068 AND
2 1 20020 20019 20069 XOR
2 1 20043 20069 20070 AND
2 1 19962 20042 20071 AND
2 1 20041 20071 20072 AND
2 1 20070 20072 20073 AND
2 1 72 20073 20074 AND
2 1 20017 20016 20075 XOR
2 1 20043 20075 20076 AND
2 1 19968 20042 20077 AND
2 1 20041 20077 20078 AND
2 1 20076 20078 20079 AND
2 1 71 20079 20080 AND
2 1 20014 20013 20081 XOR
2 1 20043 20081 20082 AND
2 1 19974 20042 20083 AND
2 1 20041 20083 20084 AND
2 1 20082 20084 20085 AND
2 1 70 20085 20086 AND
2 1 20011 20010 20087 XOR
2 1 20043 20087 20088 AND
2 1 19980 20042 20089 AND
2 1 20041 20089 20090 AND
2 1 20088 20090 20091 AND
2 1 69 20091 20092 AND
2 1 20008 20007 20093 XOR
2 1 20043 20093 20094 AND
2 1 19986 20042 20095 AND
2 1 20041 20095 20096 AND
2 1 20094 20096 20097 AND
2 1 68 20097 20098 AND
2 1 20005 20004 20099 XOR
2 1 20043 20099 20100 AND
2 1 19992 20042 20101 AND
2 1 20041 20101 20102 AND
2 1 20100 20102 20103 AND
2 1 67 20103 20104 AND
2 1 20001 1057 20105 XOR
2 1 20043 20105 20106 AND
2 1 19997 20042 20107 AND
2 1 20041 20107 20108 AND
2 1 20106 20108 20109 AND
2 1 66 20109 20110 AND
2 1 64 20043 20111 AND
2 1 20111 1178 20115 XOR
2 1 1180 20115 20116 AND
2 1 20111 52 20112 XOR
2 1 65 20112 20117 AND
2 1 20116 20117 20118 AND
2 1 20109 66 20119 XOR
2 1 20118 20119 20120 AND
2 1 20110 20120 20121 AND
2 1 20103 67 20122 XOR
2 1 20121 20122 20123 AND
2 1 20104 20123 20124 AND
2 1 20097 68 20125 XOR
2 1 20124 20125 20126 AND
2 1 20098 20126 20127 AND
2 1 20091 69 20128 XOR
2 1 20127 20128 20129 AND
2 1 20092 20129 20130 AND
2 1 20085 70 20131 XOR
2 1 20130 20131 20132 AND
2 1 20086 20132 20133 AND
2 1 20079 71 20134 XOR
2 1 20133 20134 20135 AND
2 1 20080 20135 20136 AND
2 1 20073 72 20137 XOR
2 1 20136 20137 20138 AND
2 1 20074 20138 20139 AND
2 1 20067 73 20140 XOR
2 1 20139 20140 20141 AND
2 1 20068 20141 20142 AND
2 1 20061 74 20143 XOR
2 1 20142 20143 20144 AND
2 1 20062 20144 20145 AND
2 1 20048 75 20146 XOR
2 1 20145 20146 20147 AND
2 1 20056 20147 20148 AND
2 1 20054 76 20149 XOR
2 1 20148 20149 20150 AND
2 1 20055 20150 20151 AND
2 1 1218 20151 20152 AND
2 1 20048 20152 20153 AND
2 1 20146 20145 20154 XOR
2 1 1218 20154 20155 AND
2 1 20151 20155 20156 AND
2 1 20153 20156 20157 AND
2 1 20054 20152 20158 AND
2 1 20149 20148 20159 XOR
2 1 20152 20159 20160 AND
2 1 20158 20160 20161 AND
2 1 77 20161 20162 AND
2 1 76 20157 20163 AND
2 1 20061 20152 20164 AND
2 1 20143 20142 20165 XOR
2 1 1218 20165 20166 AND
2 1 20151 20166 20167 AND
2 1 20164 20167 20168 AND
2 1 75 20168 20169 AND
2 1 20067 20152 20170 AND
2 1 20140 20139 20171 XOR
2 1 1218 20171 20172 AND
2 1 20151 20172 20173 AND
2 1 20170 20173 20174 AND
2 1 74 20174 20175 AND
2 1 20073 20152 20176 AND
2 1 20137 20136 20177 XOR
2 1 1218 20177 20178 AND
2 1 20151 20178 20179 AND
2 1 20176 20179 20180 AND
2 1 73 20180 20181 AND
2 1 20079 20152 20182 AND
2 1 20134 20133 20183 XOR
2 1 1218 20183 20184 AND
2 1 20151 20184 20185 AND
2 1 20182 20185 20186 AND
2 1 72 20186 20187 AND
2 1 20085 20152 20188 AND
2 1 20131 20130 20189 XOR
2 1 1218 20189 20190 AND
2 1 20151 20190 20191 AND
2 1 20188 20191 20192 AND
2 1 71 20192 20193 AND
2 1 20091 20152 20194 AND
2 1 20128 20127 20195 XOR
2 1 1218 20195 20196 AND
2 1 20151 20196 20197 AND
2 1 20194 20197 20198 AND
2 1 70 20198 20199 AND
2 1 20097 20152 20200 AND
2 1 20125 20124 20201 XOR
2 1 1218 20201 20202 AND
2 1 20151 20202 20203 AND
2 1 20200 20203 20204 AND
2 1 69 20204 20205 AND
2 1 20103 20152 20206 AND
2 1 20122 20121 20207 XOR
2 1 1218 20207 20208 AND
2 1 20151 20208 20209 AND
2 1 20206 20209 20210 AND
2 1 68 20210 20211 AND
2 1 20109 20152 20212 AND
2 1 20119 20118 20213 XOR
2 1 1218 20213 20214 AND
2 1 20151 20214 20215 AND
2 1 20212 20215 20216 AND
2 1 67 20216 20217 AND
2 1 20112 20152 20218 AND
2 1 65 20112 20113 AND
2 1 65 20112 20114 AND
2 1 20113 20114 20219 AND
2 1 20219 1180 20220 XOR
2 1 1218 20220 20221 AND
2 1 20151 20221 20222 AND
2 1 20218 20222 20223 AND
2 1 66 20223 20224 AND
2 1 1296 20151 20225 AND
2 1 51 20225 20226 AND
2 1 1301 20151 20227 AND
2 1 20226 20227 20228 AND
2 1 65 20228 20229 AND
2 1 65 20227 20230 AND
2 1 20226 20230 20231 AND
2 1 20229 20231 20232 AND
2 1 1308 20232 20233 AND
2 1 65 20228 20234 AND
2 1 20233 20234 20235 AND
2 1 20223 66 20236 XOR
2 1 20235 20236 20237 AND
2 1 20224 20237 20238 AND
2 1 20216 67 20239 XOR
2 1 20238 20239 20240 AND
2 1 20217 20240 20241 AND
2 1 20210 68 20242 XOR
2 1 20241 20242 20243 AND
2 1 20211 20243 20244 AND
2 1 20204 69 20245 XOR
2 1 20244 20245 20246 AND
2 1 20205 20246 20247 AND
2 1 20198 70 20248 XOR
2 1 20247 20248 20249 AND
2 1 20199 20249 20250 AND
2 1 20192 71 20251 XOR
2 1 20250 20251 20252 AND
2 1 20193 20252 20253 AND
2 1 20186 72 20254 XOR
2 1 20253 20254 20255 AND
2 1 20187 20255 20256 AND
2 1 20180 73 20257 XOR
2 1 20256 20257 20258 AND
2 1 20181 20258 20259 AND
2 1 20174 74 20260 XOR
2 1 20259 20260 20261 AND
2 1 20175 20261 20262 AND
2 1 20168 75 20263 XOR
2 1 20262 20263 20264 AND
2 1 20169 20264 20265 AND
2 1 20157 76 20266 XOR
2 1 20265 20266 20267 AND
2 1 20163 20267 20268 AND
2 1 20161 77 20269 XOR
2 1 20268 20269 20270 AND
2 1 20162 20270 20271 AND
2 1 1353 20271 20272 AND
2 1 20157 20272 20273 AND
2 1 20266 20265 20274 XOR
2 1 1353 20274 20275 AND
2 1 20271 20275 20276 AND
2 1 20273 20276 20277 AND
2 1 77 20277 20278 AND
2 1 20168 20272 20279 AND
2 1 20263 20262 20280 XOR
2 1 1353 20280 20281 AND
2 1 20271 20281 20282 AND
2 1 20279 20282 20283 AND
2 1 76 20283 20284 AND
2 1 20174 20272 20285 AND
2 1 20260 20259 20286 XOR
2 1 1353 20286 20287 AND
2 1 20271 20287 20288 AND
2 1 20285 20288 20289 AND
2 1 75 20289 20290 AND
2 1 20180 20272 20291 AND
2 1 20257 20256 20292 XOR
2 1 1353 20292 20293 AND
2 1 20271 20293 20294 AND
2 1 20291 20294 20295 AND
2 1 74 20295 20296 AND
2 1 20186 20272 20297 AND
2 1 20254 20253 20298 XOR
2 1 1353 20298 20299 AND
2 1 20271 20299 20300 AND
2 1 20297 20300 20301 AND
2 1 73 20301 20302 AND
2 1 20192 20272 20303 AND
2 1 20251 20250 20304 XOR
2 1 1353 20304 20305 AND
2 1 20271 20305 20306 AND
2 1 20303 20306 20307 AND
2 1 72 20307 20308 AND
2 1 20198 20272 20309 AND
2 1 20248 20247 20310 XOR
2 1 1353 20310 20311 AND
2 1 20271 20311 20312 AND
2 1 20309 20312 20313 AND
2 1 71 20313 20314 AND
2 1 20204 20272 20315 AND
2 1 20245 20244 20316 XOR
2 1 1353 20316 20317 AND
2 1 20271 20317 20318 AND
2 1 20315 20318 20319 AND
2 1 70 20319 20320 AND
2 1 20210 20272 20321 AND
2 1 20242 20241 20322 XOR
2 1 1353 20322 20323 AND
2 1 20271 20323 20324 AND
2 1 20321 20324 20325 AND
2 1 69 20325 20326 AND
2 1 20216 20272 20327 AND
2 1 20239 20238 20328 XOR
2 1 1353 20328 20329 AND
2 1 20271 20329 20330 AND
2 1 20327 20330 20331 AND
2 1 68 20331 20332 AND
2 1 20223 20272 20333 AND
2 1 20236 20235 20334 XOR
2 1 1353 20334 20335 AND
2 1 20271 20335 20336 AND
2 1 20333 20336 20337 AND
2 1 67 20337 20338 AND
2 1 20228 20272 20339 AND
2 1 20232 1308 20340 XOR
2 1 1353 20340 20341 AND
2 1 20271 20341 20342 AND
2 1 20339 20342 20343 AND
2 1 66 20343 20344 AND
2 1 1432 20271 20345 AND
2 1 50 20345 20346 AND
2 1 1438 20271 20347 AND
2 1 20346 20347 20348 AND
2 1 65 20348 20349 AND
2 1 65 20347 20350 AND
2 1 20346 20350 20351 AND
2 1 20349 20351 20352 AND
2 1 1442 20352 20353 AND
2 1 65 20348 20354 AND
2 1 20353 20354 20355 AND
2 1 20343 66 20356 XOR
2 1 20355 20356 20357 AND
2 1 20344 20357 20358 AND
2 1 20337 67 20359 XOR
2 1 20358 20359 20360 AND
2 1 20338 20360 20361 AND
2 1 20331 68 20362 XOR
2 1 20361 20362 20363 AND
2 1 20332 20363 20364 AND
2 1 20325 69 20365 XOR
2 1 20364 20365 20366 AND
2 1 20326 20366 20367 AND
2 1 20319 70 20368 XOR
2 1 20367 20368 20369 AND
2 1 20320 20369 20370 AND
2 1 20313 71 20371 XOR
2 1 20370 20371 20372 AND
2 1 20314 20372 20373 AND
2 1 20307 72 20374 XOR
2 1 20373 20374 20375 AND
2 1 20308 20375 20376 AND
2 1 20301 73 20377 XOR
2 1 20376 20377 20378 AND
2 1 20302 20378 20379 AND
2 1 20295 74 20380 XOR
2 1 20379 20380 20381 AND
2 1 20296 20381 20382 AND
2 1 20289 75 20383 XOR
2 1 20382 20383 20384 AND
2 1 20290 20384 20385 AND
2 1 20283 76 20386 XOR
2 1 20385 20386 20387 AND
2 1 20284 20387 20388 AND
2 1 20277 77 20389 XOR
2 1 20388 20389 20390 AND
2 1 20278 20390 20391 AND
2 1 20161 20272 20392 AND
2 1 20269 20268 20393 XOR
2 1 20272 20393 20394 AND
2 1 20392 20394 20395 AND
2 1 78 20395 20396 AND
2 1 78 20392 20397 AND
2 1 20394 20397 20398 AND
2 1 1494 20398 20399 AND
2 1 20396 20399 20400 AND
2 1 20391 20400 20401 AND
2 1 1353 20395 20402 AND
2 1 20401 20402 20403 AND
2 1 20389 20388 20404 XOR
2 1 20403 20404 20405 AND
2 1 20277 20402 20406 AND
2 1 20401 20406 20407 AND
2 1 20405 20407 20408 AND
2 1 20396 20398 20409 AND
2 1 20409 20391 20410 XOR
2 1 20403 20410 20411 AND
2 1 1353 20161 20412 AND
2 1 20401 20412 20413 AND
2 1 20411 20413 20414 AND
2 1 79 20414 20415 AND
2 1 78 20408 20416 AND
2 1 20386 20385 20417 XOR
2 1 20403 20417 20418 AND
2 1 20283 20402 20419 AND
2 1 20401 20419 20420 AND
2 1 20418 20420 20421 AND
2 1 77 20421 20422 AND
2 1 20383 20382 20423 XOR
2 1 20403 20423 20424 AND
2 1 20289 20402 20425 AND
2 1 20401 20425 20426 AND
2 1 20424 20426 20427 AND
2 1 76 20427 20428 AND
2 1 20380 20379 20429 XOR
2 1 20403 20429 20430 AND
2 1 20295 20402 20431 AND
2 1 20401 20431 20432 AND
2 1 20430 20432 20433 AND
2 1 75 20433 20434 AND
2 1 20377 20376 20435 XOR
2 1 20403 20435 20436 AND
2 1 20301 20402 20437 AND
2 1 20401 20437 20438 AND
2 1 20436 20438 20439 AND
2 1 74 20439 20440 AND
2 1 20374 20373 20441 XOR
2 1 20403 20441 20442 AND
2 1 20307 20402 20443 AND
2 1 20401 20443 20444 AND
2 1 20442 20444 20445 AND
2 1 73 20445 20446 AND
2 1 20371 20370 20447 XOR
2 1 20403 20447 20448 AND
2 1 20313 20402 20449 AND
2 1 20401 20449 20450 AND
2 1 20448 20450 20451 AND
2 1 72 20451 20452 AND
2 1 20368 20367 20453 XOR
2 1 20403 20453 20454 AND
2 1 20319 20402 20455 AND
2 1 20401 20455 20456 AND
2 1 20454 20456 20457 AND
2 1 71 20457 20458 AND
2 1 20365 20364 20459 XOR
2 1 20403 20459 20460 AND
2 1 20325 20402 20461 AND
2 1 20401 20461 20462 AND
2 1 20460 20462 20463 AND
2 1 70 20463 20464 AND
2 1 20362 20361 20465 XOR
2 1 20403 20465 20466 AND
2 1 20331 20402 20467 AND
2 1 20401 20467 20468 AND
2 1 20466 20468 20469 AND
2 1 69 20469 20470 AND
2 1 20359 20358 20471 XOR
2 1 20403 20471 20472 AND
2 1 20337 20402 20473 AND
2 1 20401 20473 20474 AND
2 1 20472 20474 20475 AND
2 1 68 20475 20476 AND
2 1 20356 20355 20477 XOR
2 1 20403 20477 20478 AND
2 1 20343 20402 20479 AND
2 1 20401 20479 20480 AND
2 1 20478 20480 20481 AND
2 1 67 20481 20482 AND
2 1 20352 1442 20483 XOR
2 1 20403 20483 20484 AND
2 1 20348 20402 20485 AND
2 1 20401 20485 20486 AND
2 1 20484 20486 20487 AND
2 1 66 20487 20488 AND
2 1 64 20403 20489 AND
2 1 20489 1591 20493 XOR
2 1 1593 20493 20494 AND
2 1 20489 49 20490 XOR
2 1 65 20490 20495 AND
2 1 20494 20495 20496 AND
2 1 20487 66 20497 XOR
2 1 20496 20497 20498 AND
2 1 20488 20498 20499 AND
2 1 20481 67 20500 XOR
2 1 20499 20500 20501 AND
2 1 20482 20501 20502 AND
2 1 20475 68 20503 XOR
2 1 20502 20503 20504 AND
2 1 20476 20504 20505 AND
2 1 20469 69 20506 XOR
2 1 20505 20506 20507 AND
2 1 20470 20507 20508 AND
2 1 20463 70 20509 XOR
2 1 20508 20509 20510 AND
2 1 20464 20510 20511 AND
2 1 20457 71 20512 XOR
2 1 20511 20512 20513 AND
2 1 20458 20513 20514 AND
2 1 20451 72 20515 XOR
2 1 20514 20515 20516 AND
2 1 20452 20516 20517 AND
2 1 20445 73 20518 XOR
2 1 20517 20518 20519 AND
2 1 20446 20519 20520 AND
2 1 20439 74 20521 XOR
2 1 20520 20521 20522 AND
2 1 20440 20522 20523 AND
2 1 20433 75 20524 XOR
2 1 20523 20524 20525 AND
2 1 20434 20525 20526 AND
2 1 20427 76 20527 XOR
2 1 20526 20527 20528 AND
2 1 20428 20528 20529 AND
2 1 20421 77 20530 XOR
2 1 20529 20530 20531 AND
2 1 20422 20531 20532 AND
2 1 20408 78 20533 XOR
2 1 20532 20533 20534 AND
2 1 20416 20534 20535 AND
2 1 20414 79 20536 XOR
2 1 20535 20536 20537 AND
2 1 20415 20537 20538 AND
2 1 216 20538 20539 AND
2 1 20408 20539 20540 AND
2 1 20533 20532 20541 XOR
2 1 216 20541 20542 AND
2 1 20538 20542 20543 AND
2 1 20540 20543 20544 AND
2 1 20414 20539 20545 AND
2 1 20536 20535 20546 XOR
2 1 20539 20546 20547 AND
2 1 20545 20547 20548 AND
2 1 80 20548 20549 AND
2 1 79 20544 20550 AND
2 1 20421 20539 20551 AND
2 1 20530 20529 20552 XOR
2 1 216 20552 20553 AND
2 1 20538 20553 20554 AND
2 1 20551 20554 20555 AND
2 1 78 20555 20556 AND
2 1 20427 20539 20557 AND
2 1 20527 20526 20558 XOR
2 1 216 20558 20559 AND
2 1 20538 20559 20560 AND
2 1 20557 20560 20561 AND
2 1 77 20561 20562 AND
2 1 20433 20539 20563 AND
2 1 20524 20523 20564 XOR
2 1 216 20564 20565 AND
2 1 20538 20565 20566 AND
2 1 20563 20566 20567 AND
2 1 76 20567 20568 AND
2 1 20439 20539 20569 AND
2 1 20521 20520 20570 XOR
2 1 216 20570 20571 AND
2 1 20538 20571 20572 AND
2 1 20569 20572 20573 AND
2 1 75 20573 20574 AND
2 1 20445 20539 20575 AND
2 1 20518 20517 20576 XOR
2 1 216 20576 20577 AND
2 1 20538 20577 20578 AND
2 1 20575 20578 20579 AND
2 1 74 20579 20580 AND
2 1 20451 20539 20581 AND
2 1 20515 20514 20582 XOR
2 1 216 20582 20583 AND
2 1 20538 20583 20584 AND
2 1 20581 20584 20585 AND
2 1 73 20585 20586 AND
2 1 20457 20539 20587 AND
2 1 20512 20511 20588 XOR
2 1 216 20588 20589 AND
2 1 20538 20589 20590 AND
2 1 20587 20590 20591 AND
2 1 72 20591 20592 AND
2 1 20463 20539 20593 AND
2 1 20509 20508 20594 XOR
2 1 216 20594 20595 AND
2 1 20538 20595 20596 AND
2 1 20593 20596 20597 AND
2 1 71 20597 20598 AND
2 1 20469 20539 20599 AND
2 1 20506 20505 20600 XOR
2 1 216 20600 20601 AND
2 1 20538 20601 20602 AND
2 1 20599 20602 20603 AND
2 1 70 20603 20604 AND
2 1 20475 20539 20605 AND
2 1 20503 20502 20606 XOR
2 1 216 20606 20607 AND
2 1 20538 20607 20608 AND
2 1 20605 20608 20609 AND
2 1 69 20609 20610 AND
2 1 20481 20539 20611 AND
2 1 20500 20499 20612 XOR
2 1 216 20612 20613 AND
2 1 20538 20613 20614 AND
2 1 20611 20614 20615 AND
2 1 68 20615 20616 AND
2 1 20487 20539 20617 AND
2 1 20497 20496 20618 XOR
2 1 216 20618 20619 AND
2 1 20538 20619 20620 AND
2 1 20617 20620 20621 AND
2 1 67 20621 20622 AND
2 1 20490 20539 20623 AND
2 1 65 20490 20491 AND
2 1 65 20490 20492 AND
2 1 20491 20492 20624 AND
2 1 20624 1593 20625 XOR
2 1 216 20625 20626 AND
2 1 20538 20626 20627 AND
2 1 20623 20627 20628 AND
2 1 66 20628 20629 AND
2 1 1733 20538 20630 AND
2 1 48 20630 20631 AND
2 1 1738 20538 20632 AND
2 1 20631 20632 20633 AND
2 1 65 20633 20634 AND
2 1 65 20632 20635 AND
2 1 20631 20635 20636 AND
2 1 20634 20636 20637 AND
2 1 1745 20637 20638 AND
2 1 65 20633 20639 AND
2 1 20638 20639 20640 AND
2 1 20628 66 20641 XOR
2 1 20640 20641 20642 AND
2 1 20629 20642 20643 AND
2 1 20621 67 20644 XOR
2 1 20643 20644 20645 AND
2 1 20622 20645 20646 AND
2 1 20615 68 20647 XOR
2 1 20646 20647 20648 AND
2 1 20616 20648 20649 AND
2 1 20609 69 20650 XOR
2 1 20649 20650 20651 AND
2 1 20610 20651 20652 AND
2 1 20603 70 20653 XOR
2 1 20652 20653 20654 AND
2 1 20604 20654 20655 AND
2 1 20597 71 20656 XOR
2 1 20655 20656 20657 AND
2 1 20598 20657 20658 AND
2 1 20591 72 20659 XOR
2 1 20658 20659 20660 AND
2 1 20592 20660 20661 AND
2 1 20585 73 20662 XOR
2 1 20661 20662 20663 AND
2 1 20586 20663 20664 AND
2 1 20579 74 20665 XOR
2 1 20664 20665 20666 AND
2 1 20580 20666 20667 AND
2 1 20573 75 20668 XOR
2 1 20667 20668 20669 AND
2 1 20574 20669 20670 AND
2 1 20567 76 20671 XOR
2 1 20670 20671 20672 AND
2 1 20568 20672 20673 AND
2 1 20561 77 20674 XOR
2 1 20673 20674 20675 AND
2 1 20562 20675 20676 AND
2 1 20555 78 20677 XOR
2 1 20676 20677 20678 AND
2 1 20556 20678 20679 AND
2 1 20544 79 20680 XOR
2 1 20679 20680 20681 AND
2 1 20550 20681 20682 AND
2 1 20548 80 20683 XOR
2 1 20682 20683 20684 AND
2 1 20549 20684 20685 AND
2 1 343 20685 20686 AND
2 1 20544 20686 20687 AND
2 1 20680 20679 20688 XOR
2 1 343 20688 20689 AND
2 1 20685 20689 20690 AND
2 1 20687 20690 20691 AND
2 1 80 20691 20692 AND
2 1 20555 20686 20693 AND
2 1 20677 20676 20694 XOR
2 1 343 20694 20695 AND
2 1 20685 20695 20696 AND
2 1 20693 20696 20697 AND
2 1 79 20697 20698 AND
2 1 20561 20686 20699 AND
2 1 20674 20673 20700 XOR
2 1 343 20700 20701 AND
2 1 20685 20701 20702 AND
2 1 20699 20702 20703 AND
2 1 78 20703 20704 AND
2 1 20567 20686 20705 AND
2 1 20671 20670 20706 XOR
2 1 343 20706 20707 AND
2 1 20685 20707 20708 AND
2 1 20705 20708 20709 AND
2 1 77 20709 20710 AND
2 1 20573 20686 20711 AND
2 1 20668 20667 20712 XOR
2 1 343 20712 20713 AND
2 1 20685 20713 20714 AND
2 1 20711 20714 20715 AND
2 1 76 20715 20716 AND
2 1 20579 20686 20717 AND
2 1 20665 20664 20718 XOR
2 1 343 20718 20719 AND
2 1 20685 20719 20720 AND
2 1 20717 20720 20721 AND
2 1 75 20721 20722 AND
2 1 20585 20686 20723 AND
2 1 20662 20661 20724 XOR
2 1 343 20724 20725 AND
2 1 20685 20725 20726 AND
2 1 20723 20726 20727 AND
2 1 74 20727 20728 AND
2 1 20591 20686 20729 AND
2 1 20659 20658 20730 XOR
2 1 343 20730 20731 AND
2 1 20685 20731 20732 AND
2 1 20729 20732 20733 AND
2 1 73 20733 20734 AND
2 1 20597 20686 20735 AND
2 1 20656 20655 20736 XOR
2 1 343 20736 20737 AND
2 1 20685 20737 20738 AND
2 1 20735 20738 20739 AND
2 1 72 20739 20740 AND
2 1 20603 20686 20741 AND
2 1 20653 20652 20742 XOR
2 1 343 20742 20743 AND
2 1 20685 20743 20744 AND
2 1 20741 20744 20745 AND
2 1 71 20745 20746 AND
2 1 20609 20686 20747 AND
2 1 20650 20649 20748 XOR
2 1 343 20748 20749 AND
2 1 20685 20749 20750 AND
2 1 20747 20750 20751 AND
2 1 70 20751 20752 AND
2 1 20615 20686 20753 AND
2 1 20647 20646 20754 XOR
2 1 343 20754 20755 AND
2 1 20685 20755 20756 AND
2 1 20753 20756 20757 AND
2 1 69 20757 20758 AND
2 1 20621 20686 20759 AND
2 1 20644 20643 20760 XOR
2 1 343 20760 20761 AND
2 1 20685 20761 20762 AND
2 1 20759 20762 20763 AND
2 1 68 20763 20764 AND
2 1 20628 20686 20765 AND
2 1 20641 20640 20766 XOR
2 1 343 20766 20767 AND
2 1 20685 20767 20768 AND
2 1 20765 20768 20769 AND
2 1 67 20769 20770 AND
2 1 20633 20686 20771 AND
2 1 20637 1745 20772 XOR
2 1 343 20772 20773 AND
2 1 20685 20773 20774 AND
2 1 20771 20774 20775 AND
2 1 66 20775 20776 AND
2 1 1894 20685 20777 AND
2 1 47 20777 20778 AND
2 1 1899 20685 20779 AND
2 1 65 20779 20782 AND
2 1 20778 20782 20783 AND
2 1 1903 20783 20787 AND
2 1 20778 20779 20780 AND
2 1 1907 20780 20788 AND
2 1 20787 20788 20789 AND
2 1 20775 66 20790 XOR
2 1 20789 20790 20791 AND
2 1 20776 20791 20792 AND
2 1 20769 67 20793 XOR
2 1 20792 20793 20794 AND
2 1 20770 20794 20795 AND
2 1 20763 68 20796 XOR
2 1 20795 20796 20797 AND
2 1 20764 20797 20798 AND
2 1 20757 69 20799 XOR
2 1 20798 20799 20800 AND
2 1 20758 20800 20801 AND
2 1 20751 70 20802 XOR
2 1 20801 20802 20803 AND
2 1 20752 20803 20804 AND
2 1 20745 71 20805 XOR
2 1 20804 20805 20806 AND
2 1 20746 20806 20807 AND
2 1 20739 72 20808 XOR
2 1 20807 20808 20809 AND
2 1 20740 20809 20810 AND
2 1 20733 73 20811 XOR
2 1 20810 20811 20812 AND
2 1 20734 20812 20813 AND
2 1 20727 74 20814 XOR
2 1 20813 20814 20815 AND
2 1 20728 20815 20816 AND
2 1 20721 75 20817 XOR
2 1 20816 20817 20818 AND
2 1 20722 20818 20819 AND
2 1 20715 76 20820 XOR
2 1 20819 20820 20821 AND
2 1 20716 20821 20822 AND
2 1 20709 77 20823 XOR
2 1 20822 20823 20824 AND
2 1 20710 20824 20825 AND
2 1 20703 78 20826 XOR
2 1 20825 20826 20827 AND
2 1 20704 20827 20828 AND
2 1 20697 79 20829 XOR
2 1 20828 20829 20830 AND
2 1 20698 20830 20831 AND
2 1 20691 80 20832 XOR
2 1 20831 20832 20833 AND
2 1 20692 20833 20834 AND
2 1 20548 20686 20835 AND
2 1 20683 20682 20836 XOR
2 1 20686 20836 20837 AND
2 1 20835 20837 20838 AND
2 1 81 20838 20839 AND
2 1 81 20835 20840 AND
2 1 20837 20840 20841 AND
2 1 1965 20841 20842 AND
2 1 20839 20842 20843 AND
2 1 20834 20843 20844 AND
2 1 343 20838 20845 AND
2 1 20844 20845 20846 AND
2 1 20832 20831 20847 XOR
2 1 20846 20847 20848 AND
2 1 20691 20845 20849 AND
2 1 20844 20849 20850 AND
2 1 20848 20850 20851 AND
2 1 20839 20841 20852 AND
2 1 20852 20834 20853 XOR
2 1 20846 20853 20854 AND
2 1 343 20548 20855 AND
2 1 20844 20855 20856 AND
2 1 20854 20856 20857 AND
2 1 82 20857 20858 AND
2 1 81 20851 20859 AND
2 1 20829 20828 20860 XOR
2 1 20846 20860 20861 AND
2 1 20697 20845 20862 AND
2 1 20844 20862 20863 AND
2 1 20861 20863 20864 AND
2 1 80 20864 20865 AND
2 1 20826 20825 20866 XOR
2 1 20846 20866 20867 AND
2 1 20703 20845 20868 AND
2 1 20844 20868 20869 AND
2 1 20867 20869 20870 AND
2 1 79 20870 20871 AND
2 1 20823 20822 20872 XOR
2 1 20846 20872 20873 AND
2 1 20709 20845 20874 AND
2 1 20844 20874 20875 AND
2 1 20873 20875 20876 AND
2 1 78 20876 20877 AND
2 1 20820 20819 20878 XOR
2 1 20846 20878 20879 AND
2 1 20715 20845 20880 AND
2 1 20844 20880 20881 AND
2 1 20879 20881 20882 AND
2 1 77 20882 20883 AND
2 1 20817 20816 20884 XOR
2 1 20846 20884 20885 AND
2 1 20721 20845 20886 AND
2 1 20844 20886 20887 AND
2 1 20885 20887 20888 AND
2 1 76 20888 20889 AND
2 1 20814 20813 20890 XOR
2 1 20846 20890 20891 AND
2 1 20727 20845 20892 AND
2 1 20844 20892 20893 AND
2 1 20891 20893 20894 AND
2 1 75 20894 20895 AND
2 1 20811 20810 20896 XOR
2 1 20846 20896 20897 AND
2 1 20733 20845 20898 AND
2 1 20844 20898 20899 AND
2 1 20897 20899 20900 AND
2 1 74 20900 20901 AND
2 1 20808 20807 20902 XOR
2 1 20846 20902 20903 AND
2 1 20739 20845 20904 AND
2 1 20844 20904 20905 AND
2 1 20903 20905 20906 AND
2 1 73 20906 20907 AND
2 1 20805 20804 20908 XOR
2 1 20846 20908 20909 AND
2 1 20745 20845 20910 AND
2 1 20844 20910 20911 AND
2 1 20909 20911 20912 AND
2 1 72 20912 20913 AND
2 1 20802 20801 20914 XOR
2 1 20846 20914 20915 AND
2 1 20751 20845 20916 AND
2 1 20844 20916 20917 AND
2 1 20915 20917 20918 AND
2 1 71 20918 20919 AND
2 1 20799 20798 20920 XOR
2 1 20846 20920 20921 AND
2 1 20757 20845 20922 AND
2 1 20844 20922 20923 AND
2 1 20921 20923 20924 AND
2 1 70 20924 20925 AND
2 1 20796 20795 20926 XOR
2 1 20846 20926 20927 AND
2 1 20763 20845 20928 AND
2 1 20844 20928 20929 AND
2 1 20927 20929 20930 AND
2 1 69 20930 20931 AND
2 1 20793 20792 20932 XOR
2 1 20846 20932 20933 AND
2 1 20769 20845 20934 AND
2 1 20844 20934 20935 AND
2 1 20933 20935 20936 AND
2 1 68 20936 20937 AND
2 1 65 20780 20781 AND
2 1 20781 20783 20784 AND
2 1 1903 20784 20785 AND
2 1 65 20780 20786 AND
2 1 20785 20786 20938 AND
2 1 20938 20790 20939 XOR
2 1 20846 20939 20940 AND
2 1 20775 20845 20941 AND
2 1 20844 20941 20942 AND
2 1 20940 20942 20943 AND
2 1 67 20943 20944 AND
2 1 20784 1903 20945 XOR
2 1 20846 20945 20946 AND
2 1 20780 20845 20947 AND
2 1 20844 20947 20948 AND
2 1 20946 20948 20949 AND
2 1 66 20949 20950 AND
2 1 64 20846 20951 AND
2 1 20951 2080 20955 XOR
2 1 2082 20955 20956 AND
2 1 20951 46 20952 XOR
2 1 65 20952 20957 AND
2 1 20956 20957 20958 AND
2 1 20949 66 20959 XOR
2 1 20958 20959 20960 AND
2 1 20950 20960 20961 AND
2 1 20943 67 20962 XOR
2 1 20961 20962 20963 AND
2 1 20944 20963 20964 AND
2 1 20936 68 20965 XOR
2 1 20964 20965 20966 AND
2 1 20937 20966 20967 AND
2 1 20930 69 20968 XOR
2 1 20967 20968 20969 AND
2 1 20931 20969 20970 AND
2 1 20924 70 20971 XOR
2 1 20970 20971 20972 AND
2 1 20925 20972 20973 AND
2 1 20918 71 20974 XOR
2 1 20973 20974 20975 AND
2 1 20919 20975 20976 AND
2 1 20912 72 20977 XOR
2 1 20976 20977 20978 AND
2 1 20913 20978 20979 AND
2 1 20906 73 20980 XOR
2 1 20979 20980 20981 AND
2 1 20907 20981 20982 AND
2 1 20900 74 20983 XOR
2 1 20982 20983 20984 AND
2 1 20901 20984 20985 AND
2 1 20894 75 20986 XOR
2 1 20985 20986 20987 AND
2 1 20895 20987 20988 AND
2 1 20888 76 20989 XOR
2 1 20988 20989 20990 AND
2 1 20889 20990 20991 AND
2 1 20882 77 20992 XOR
2 1 20991 20992 20993 AND
2 1 20883 20993 20994 AND
2 1 20876 78 20995 XOR
2 1 20994 20995 20996 AND
2 1 20877 20996 20997 AND
2 1 20870 79 20998 XOR
2 1 20997 20998 20999 AND
2 1 20871 20999 21000 AND
2 1 20864 80 21001 XOR
2 1 21000 21001 21002 AND
2 1 20865 21002 21003 AND
2 1 20851 81 21004 XOR
2 1 21003 21004 21005 AND
2 1 20859 21005 21006 AND
2 1 20857 82 21007 XOR
2 1 21006 21007 21008 AND
2 1 20858 21008 21009 AND
2 1 2140 21009 21010 AND
2 1 20851 21010 21011 AND
2 1 21004 21003 21012 XOR
2 1 2140 21012 21013 AND
2 1 21009 21013 21014 AND
2 1 21011 21014 21015 AND
2 1 20857 21010 21016 AND
2 1 21007 21006 21017 XOR
2 1 21010 21017 21018 AND
2 1 21016 21018 21019 AND
2 1 83 21019 21020 AND
2 1 82 21015 21021 AND
2 1 20864 21010 21022 AND
2 1 21001 21000 21023 XOR
2 1 2140 21023 21024 AND
2 1 21009 21024 21025 AND
2 1 21022 21025 21026 AND
2 1 81 21026 21027 AND
2 1 20870 21010 21028 AND
2 1 20998 20997 21029 XOR
2 1 2140 21029 21030 AND
2 1 21009 21030 21031 AND
2 1 21028 21031 21032 AND
2 1 80 21032 21033 AND
2 1 20876 21010 21034 AND
2 1 20995 20994 21035 XOR
2 1 2140 21035 21036 AND
2 1 21009 21036 21037 AND
2 1 21034 21037 21038 AND
2 1 79 21038 21039 AND
2 1 20882 21010 21040 AND
2 1 20992 20991 21041 XOR
2 1 2140 21041 21042 AND
2 1 21009 21042 21043 AND
2 1 21040 21043 21044 AND
2 1 78 21044 21045 AND
2 1 20888 21010 21046 AND
2 1 20989 20988 21047 XOR
2 1 2140 21047 21048 AND
2 1 21009 21048 21049 AND
2 1 21046 21049 21050 AND
2 1 77 21050 21051 AND
2 1 20894 21010 21052 AND
2 1 20986 20985 21053 XOR
2 1 2140 21053 21054 AND
2 1 21009 21054 21055 AND
2 1 21052 21055 21056 AND
2 1 76 21056 21057 AND
2 1 20900 21010 21058 AND
2 1 20983 20982 21059 XOR
2 1 2140 21059 21060 AND
2 1 21009 21060 21061 AND
2 1 21058 21061 21062 AND
2 1 75 21062 21063 AND
2 1 20906 21010 21064 AND
2 1 20980 20979 21065 XOR
2 1 2140 21065 21066 AND
2 1 21009 21066 21067 AND
2 1 21064 21067 21068 AND
2 1 74 21068 21069 AND
2 1 20912 21010 21070 AND
2 1 20977 20976 21071 XOR
2 1 2140 21071 21072 AND
2 1 21009 21072 21073 AND
2 1 21070 21073 21074 AND
2 1 73 21074 21075 AND
2 1 20918 21010 21076 AND
2 1 20974 20973 21077 XOR
2 1 2140 21077 21078 AND
2 1 21009 21078 21079 AND
2 1 21076 21079 21080 AND
2 1 72 21080 21081 AND
2 1 20924 21010 21082 AND
2 1 20971 20970 21083 XOR
2 1 2140 21083 21084 AND
2 1 21009 21084 21085 AND
2 1 21082 21085 21086 AND
2 1 71 21086 21087 AND
2 1 20930 21010 21088 AND
2 1 20968 20967 21089 XOR
2 1 2140 21089 21090 AND
2 1 21009 21090 21091 AND
2 1 21088 21091 21092 AND
2 1 70 21092 21093 AND
2 1 20936 21010 21094 AND
2 1 20965 20964 21095 XOR
2 1 2140 21095 21096 AND
2 1 21009 21096 21097 AND
2 1 21094 21097 21098 AND
2 1 69 21098 21099 AND
2 1 20943 21010 21100 AND
2 1 20962 20961 21101 XOR
2 1 2140 21101 21102 AND
2 1 21009 21102 21103 AND
2 1 21100 21103 21104 AND
2 1 68 21104 21105 AND
2 1 20949 21010 21106 AND
2 1 20959 20958 21107 XOR
2 1 2140 21107 21108 AND
2 1 21009 21108 21109 AND
2 1 21106 21109 21110 AND
2 1 67 21110 21111 AND
2 1 20952 21010 21112 AND
2 1 65 20952 20953 AND
2 1 65 20952 20954 AND
2 1 20953 20954 21113 AND
2 1 21113 2082 21114 XOR
2 1 2140 21114 21115 AND
2 1 21009 21115 21116 AND
2 1 21112 21116 21117 AND
2 1 66 21117 21118 AND
2 1 2254 21009 21119 AND
2 1 45 21119 21120 AND
2 1 2261 21009 21121 AND
2 1 65 21121 21124 AND
2 1 21120 21124 21125 AND
2 1 2268 21125 21129 AND
2 1 21120 21121 21122 AND
2 1 2272 21122 21130 AND
2 1 21129 21130 21131 AND
2 1 21117 66 21132 XOR
2 1 21131 21132 21133 AND
2 1 21118 21133 21134 AND
2 1 21110 67 21135 XOR
2 1 21134 21135 21136 AND
2 1 21111 21136 21137 AND
2 1 21104 68 21138 XOR
2 1 21137 21138 21139 AND
2 1 21105 21139 21140 AND
2 1 21098 69 21141 XOR
2 1 21140 21141 21142 AND
2 1 21099 21142 21143 AND
2 1 21092 70 21144 XOR
2 1 21143 21144 21145 AND
2 1 21093 21145 21146 AND
2 1 21086 71 21147 XOR
2 1 21146 21147 21148 AND
2 1 21087 21148 21149 AND
2 1 21080 72 21150 XOR
2 1 21149 21150 21151 AND
2 1 21081 21151 21152 AND
2 1 21074 73 21153 XOR
2 1 21152 21153 21154 AND
2 1 21075 21154 21155 AND
2 1 21068 74 21156 XOR
2 1 21155 21156 21157 AND
2 1 21069 21157 21158 AND
2 1 21062 75 21159 XOR
2 1 21158 21159 21160 AND
2 1 21063 21160 21161 AND
2 1 21056 76 21162 XOR
2 1 21161 21162 21163 AND
2 1 21057 21163 21164 AND
2 1 21050 77 21165 XOR
2 1 21164 21165 21166 AND
2 1 21051 21166 21167 AND
2 1 21044 78 21168 XOR
2 1 21167 21168 21169 AND
2 1 21045 21169 21170 AND
2 1 21038 79 21171 XOR
2 1 21170 21171 21172 AND
2 1 21039 21172 21173 AND
2 1 21032 80 21174 XOR
2 1 21173 21174 21175 AND
2 1 21033 21175 21176 AND
2 1 21026 81 21177 XOR
2 1 21176 21177 21178 AND
2 1 21027 21178 21179 AND
2 1 21015 82 21180 XOR
2 1 21179 21180 21181 AND
2 1 21021 21181 21182 AND
2 1 21019 83 21183 XOR
2 1 21182 21183 21184 AND
2 1 21020 21184 21185 AND
2 1 192 21185 21186 AND
2 1 21015 21186 21187 AND
2 1 21180 21179 21188 XOR
2 1 192 21188 21189 AND
2 1 21185 21189 21190 AND
2 1 21187 21190 21191 AND
2 1 83 21191 21192 AND
2 1 21026 21186 21193 AND
2 1 21177 21176 21194 XOR
2 1 192 21194 21195 AND
2 1 21185 21195 21196 AND
2 1 21193 21196 21197 AND
2 1 82 21197 21198 AND
2 1 21032 21186 21199 AND
2 1 21174 21173 21200 XOR
2 1 192 21200 21201 AND
2 1 21185 21201 21202 AND
2 1 21199 21202 21203 AND
2 1 81 21203 21204 AND
2 1 21038 21186 21205 AND
2 1 21171 21170 21206 XOR
2 1 192 21206 21207 AND
2 1 21185 21207 21208 AND
2 1 21205 21208 21209 AND
2 1 80 21209 21210 AND
2 1 21044 21186 21211 AND
2 1 21168 21167 21212 XOR
2 1 192 21212 21213 AND
2 1 21185 21213 21214 AND
2 1 21211 21214 21215 AND
2 1 79 21215 21216 AND
2 1 21050 21186 21217 AND
2 1 21165 21164 21218 XOR
2 1 192 21218 21219 AND
2 1 21185 21219 21220 AND
2 1 21217 21220 21221 AND
2 1 78 21221 21222 AND
2 1 21056 21186 21223 AND
2 1 21162 21161 21224 XOR
2 1 192 21224 21225 AND
2 1 21185 21225 21226 AND
2 1 21223 21226 21227 AND
2 1 77 21227 21228 AND
2 1 21062 21186 21229 AND
2 1 21159 21158 21230 XOR
2 1 192 21230 21231 AND
2 1 21185 21231 21232 AND
2 1 21229 21232 21233 AND
2 1 76 21233 21234 AND
2 1 21068 21186 21235 AND
2 1 21156 21155 21236 XOR
2 1 192 21236 21237 AND
2 1 21185 21237 21238 AND
2 1 21235 21238 21239 AND
2 1 75 21239 21240 AND
2 1 21074 21186 21241 AND
2 1 21153 21152 21242 XOR
2 1 192 21242 21243 AND
2 1 21185 21243 21244 AND
2 1 21241 21244 21245 AND
2 1 74 21245 21246 AND
2 1 21080 21186 21247 AND
2 1 21150 21149 21248 XOR
2 1 192 21248 21249 AND
2 1 21185 21249 21250 AND
2 1 21247 21250 21251 AND
2 1 73 21251 21252 AND
2 1 21086 21186 21253 AND
2 1 21147 21146 21254 XOR
2 1 192 21254 21255 AND
2 1 21185 21255 21256 AND
2 1 21253 21256 21257 AND
2 1 72 21257 21258 AND
2 1 21092 21186 21259 AND
2 1 21144 21143 21260 XOR
2 1 192 21260 21261 AND
2 1 21185 21261 21262 AND
2 1 21259 21262 21263 AND
2 1 71 21263 21264 AND
2 1 21098 21186 21265 AND
2 1 21141 21140 21266 XOR
2 1 192 21266 21267 AND
2 1 21185 21267 21268 AND
2 1 21265 21268 21269 AND
2 1 70 21269 21270 AND
2 1 21104 21186 21271 AND
2 1 21138 21137 21272 XOR
2 1 192 21272 21273 AND
2 1 21185 21273 21274 AND
2 1 21271 21274 21275 AND
2 1 69 21275 21276 AND
2 1 21110 21186 21277 AND
2 1 21135 21134 21278 XOR
2 1 192 21278 21279 AND
2 1 21185 21279 21280 AND
2 1 21277 21280 21281 AND
2 1 68 21281 21282 AND
2 1 21117 21186 21283 AND
2 1 65 21122 21123 AND
2 1 21123 21125 21126 AND
2 1 2268 21126 21127 AND
2 1 65 21122 21128 AND
2 1 21127 21128 21284 AND
2 1 21284 21132 21285 XOR
2 1 192 21285 21286 AND
2 1 21185 21286 21287 AND
2 1 21283 21287 21288 AND
2 1 67 21288 21289 AND
2 1 21122 21186 21290 AND
2 1 21126 2268 21291 XOR
2 1 192 21291 21292 AND
2 1 21185 21292 21293 AND
2 1 21290 21293 21294 AND
2 1 66 21294 21295 AND
2 1 2443 21185 21296 AND
2 1 44 21296 21297 AND
2 1 2449 21185 21298 AND
2 1 65 21298 21301 AND
2 1 21297 21301 21302 AND
2 1 2453 21302 21306 AND
2 1 21297 21298 21299 AND
2 1 2457 21299 21307 AND
2 1 21306 21307 21308 AND
2 1 21294 66 21309 XOR
2 1 21308 21309 21310 AND
2 1 21295 21310 21311 AND
2 1 21288 67 21312 XOR
2 1 21311 21312 21313 AND
2 1 21289 21313 21314 AND
2 1 21281 68 21315 XOR
2 1 21314 21315 21316 AND
2 1 21282 21316 21317 AND
2 1 21275 69 21318 XOR
2 1 21317 21318 21319 AND
2 1 21276 21319 21320 AND
2 1 21269 70 21321 XOR
2 1 21320 21321 21322 AND
2 1 21270 21322 21323 AND
2 1 21263 71 21324 XOR
2 1 21323 21324 21325 AND
2 1 21264 21325 21326 AND
2 1 21257 72 21327 XOR
2 1 21326 21327 21328 AND
2 1 21258 21328 21329 AND
2 1 21251 73 21330 XOR
2 1 21329 21330 21331 AND
2 1 21252 21331 21332 AND
2 1 21245 74 21333 XOR
2 1 21332 21333 21334 AND
2 1 21246 21334 21335 AND
2 1 21239 75 21336 XOR
2 1 21335 21336 21337 AND
2 1 21240 21337 21338 AND
2 1 21233 76 21339 XOR
2 1 21338 21339 21340 AND
2 1 21234 21340 21341 AND
2 1 21227 77 21342 XOR
2 1 21341 21342 21343 AND
2 1 21228 21343 21344 AND
2 1 21221 78 21345 XOR
2 1 21344 21345 21346 AND
2 1 21222 21346 21347 AND
2 1 21215 79 21348 XOR
2 1 21347 21348 21349 AND
2 1 21216 21349 21350 AND
2 1 21209 80 21351 XOR
2 1 21350 21351 21352 AND
2 1 21210 21352 21353 AND
2 1 21203 81 21354 XOR
2 1 21353 21354 21355 AND
2 1 21204 21355 21356 AND
2 1 21197 82 21357 XOR
2 1 21356 21357 21358 AND
2 1 21198 21358 21359 AND
2 1 21191 83 21360 XOR
2 1 21359 21360 21361 AND
2 1 21192 21361 21362 AND
2 1 21019 21186 21363 AND
2 1 21183 21182 21364 XOR
2 1 21186 21364 21365 AND
2 1 21363 21365 21366 AND
2 1 84 21366 21367 AND
2 1 84 21363 21368 AND
2 1 21365 21368 21369 AND
2 1 499 21369 21370 AND
2 1 21367 21370 21371 AND
2 1 21362 21371 21372 AND
2 1 192 21366 21373 AND
2 1 21372 21373 21374 AND
2 1 21360 21359 21375 XOR
2 1 21374 21375 21376 AND
2 1 21191 21373 21377 AND
2 1 21372 21377 21378 AND
2 1 21376 21378 21379 AND
2 1 21367 21369 21380 AND
2 1 21380 21362 21381 XOR
2 1 21374 21381 21382 AND
2 1 192 21019 21383 AND
2 1 21372 21383 21384 AND
2 1 21382 21384 21385 AND
2 1 85 21385 21386 AND
2 1 84 21379 21387 AND
2 1 21357 21356 21388 XOR
2 1 21374 21388 21389 AND
2 1 21197 21373 21390 AND
2 1 21372 21390 21391 AND
2 1 21389 21391 21392 AND
2 1 83 21392 21393 AND
2 1 21354 21353 21394 XOR
2 1 21374 21394 21395 AND
2 1 21203 21373 21396 AND
2 1 21372 21396 21397 AND
2 1 21395 21397 21398 AND
2 1 82 21398 21399 AND
2 1 21351 21350 21400 XOR
2 1 21374 21400 21401 AND
2 1 21209 21373 21402 AND
2 1 21372 21402 21403 AND
2 1 21401 21403 21404 AND
2 1 81 21404 21405 AND
2 1 21348 21347 21406 XOR
2 1 21374 21406 21407 AND
2 1 21215 21373 21408 AND
2 1 21372 21408 21409 AND
2 1 21407 21409 21410 AND
2 1 80 21410 21411 AND
2 1 21345 21344 21412 XOR
2 1 21374 21412 21413 AND
2 1 21221 21373 21414 AND
2 1 21372 21414 21415 AND
2 1 21413 21415 21416 AND
2 1 79 21416 21417 AND
2 1 21342 21341 21418 XOR
2 1 21374 21418 21419 AND
2 1 21227 21373 21420 AND
2 1 21372 21420 21421 AND
2 1 21419 21421 21422 AND
2 1 78 21422 21423 AND
2 1 21339 21338 21424 XOR
2 1 21374 21424 21425 AND
2 1 21233 21373 21426 AND
2 1 21372 21426 21427 AND
2 1 21425 21427 21428 AND
2 1 77 21428 21429 AND
2 1 21336 21335 21430 XOR
2 1 21374 21430 21431 AND
2 1 21239 21373 21432 AND
2 1 21372 21432 21433 AND
2 1 21431 21433 21434 AND
2 1 76 21434 21435 AND
2 1 21333 21332 21436 XOR
2 1 21374 21436 21437 AND
2 1 21245 21373 21438 AND
2 1 21372 21438 21439 AND
2 1 21437 21439 21440 AND
2 1 75 21440 21441 AND
2 1 21330 21329 21442 XOR
2 1 21374 21442 21443 AND
2 1 21251 21373 21444 AND
2 1 21372 21444 21445 AND
2 1 21443 21445 21446 AND
2 1 74 21446 21447 AND
2 1 21327 21326 21448 XOR
2 1 21374 21448 21449 AND
2 1 21257 21373 21450 AND
2 1 21372 21450 21451 AND
2 1 21449 21451 21452 AND
2 1 73 21452 21453 AND
2 1 21324 21323 21454 XOR
2 1 21374 21454 21455 AND
2 1 21263 21373 21456 AND
2 1 21372 21456 21457 AND
2 1 21455 21457 21458 AND
2 1 72 21458 21459 AND
2 1 21321 21320 21460 XOR
2 1 21374 21460 21461 AND
2 1 21269 21373 21462 AND
2 1 21372 21462 21463 AND
2 1 21461 21463 21464 AND
2 1 71 21464 21465 AND
2 1 21318 21317 21466 XOR
2 1 21374 21466 21467 AND
2 1 21275 21373 21468 AND
2 1 21372 21468 21469 AND
2 1 21467 21469 21470 AND
2 1 70 21470 21471 AND
2 1 21315 21314 21472 XOR
2 1 21374 21472 21473 AND
2 1 21281 21373 21474 AND
2 1 21372 21474 21475 AND
2 1 21473 21475 21476 AND
2 1 69 21476 21477 AND
2 1 21312 21311 21478 XOR
2 1 21374 21478 21479 AND
2 1 21288 21373 21480 AND
2 1 21372 21480 21481 AND
2 1 21479 21481 21482 AND
2 1 68 21482 21483 AND
2 1 65 21299 21300 AND
2 1 21300 21302 21303 AND
2 1 2453 21303 21304 AND
2 1 65 21299 21305 AND
2 1 21304 21305 21484 AND
2 1 21484 21309 21485 XOR
2 1 21374 21485 21486 AND
2 1 21294 21373 21487 AND
2 1 21372 21487 21488 AND
2 1 21486 21488 21489 AND
2 1 67 21489 21490 AND
2 1 21303 2453 21491 XOR
2 1 21374 21491 21492 AND
2 1 21299 21373 21493 AND
2 1 21372 21493 21494 AND
2 1 21492 21494 21495 AND
2 1 66 21495 21496 AND
2 1 64 21374 21497 AND
2 1 21497 2653 21501 XOR
2 1 2655 21501 21502 AND
2 1 21497 43 21498 XOR
2 1 65 21498 21503 AND
2 1 21502 21503 21504 AND
2 1 21495 66 21505 XOR
2 1 21504 21505 21506 AND
2 1 21496 21506 21507 AND
2 1 21489 67 21508 XOR
2 1 21507 21508 21509 AND
2 1 21490 21509 21510 AND
2 1 21482 68 21511 XOR
2 1 21510 21511 21512 AND
2 1 21483 21512 21513 AND
2 1 21476 69 21514 XOR
2 1 21513 21514 21515 AND
2 1 21477 21515 21516 AND
2 1 21470 70 21517 XOR
2 1 21516 21517 21518 AND
2 1 21471 21518 21519 AND
2 1 21464 71 21520 XOR
2 1 21519 21520 21521 AND
2 1 21465 21521 21522 AND
2 1 21458 72 21523 XOR
2 1 21522 21523 21524 AND
2 1 21459 21524 21525 AND
2 1 21452 73 21526 XOR
2 1 21525 21526 21527 AND
2 1 21453 21527 21528 AND
2 1 21446 74 21529 XOR
2 1 21528 21529 21530 AND
2 1 21447 21530 21531 AND
2 1 21440 75 21532 XOR
2 1 21531 21532 21533 AND
2 1 21441 21533 21534 AND
2 1 21434 76 21535 XOR
2 1 21534 21535 21536 AND
2 1 21435 21536 21537 AND
2 1 21428 77 21538 XOR
2 1 21537 21538 21539 AND
2 1 21429 21539 21540 AND
2 1 21422 78 21541 XOR
2 1 21540 21541 21542 AND
2 1 21423 21542 21543 AND
2 1 21416 79 21544 XOR
2 1 21543 21544 21545 AND
2 1 21417 21545 21546 AND
2 1 21410 80 21547 XOR
2 1 21546 21547 21548 AND
2 1 21411 21548 21549 AND
2 1 21404 81 21550 XOR
2 1 21549 21550 21551 AND
2 1 21405 21551 21552 AND
2 1 21398 82 21553 XOR
2 1 21552 21553 21554 AND
2 1 21399 21554 21555 AND
2 1 21392 83 21556 XOR
2 1 21555 21556 21557 AND
2 1 21393 21557 21558 AND
2 1 21379 84 21559 XOR
2 1 21558 21559 21560 AND
2 1 21387 21560 21561 AND
2 1 21385 85 21562 XOR
2 1 21561 21562 21563 AND
2 1 21386 21563 21564 AND
2 1 2722 21564 21565 AND
2 1 21379 21565 21566 AND
2 1 21559 21558 21567 XOR
2 1 2722 21567 21568 AND
2 1 21564 21568 21569 AND
2 1 21566 21569 21570 AND
2 1 21385 21565 21571 AND
2 1 21562 21561 21572 XOR
2 1 21565 21572 21573 AND
2 1 21571 21573 21574 AND
2 1 86 21574 21575 AND
2 1 85 21570 21576 AND
2 1 21392 21565 21577 AND
2 1 21556 21555 21578 XOR
2 1 2722 21578 21579 AND
2 1 21564 21579 21580 AND
2 1 21577 21580 21581 AND
2 1 84 21581 21582 AND
2 1 21398 21565 21583 AND
2 1 21553 21552 21584 XOR
2 1 2722 21584 21585 AND
2 1 21564 21585 21586 AND
2 1 21583 21586 21587 AND
2 1 83 21587 21588 AND
2 1 21404 21565 21589 AND
2 1 21550 21549 21590 XOR
2 1 2722 21590 21591 AND
2 1 21564 21591 21592 AND
2 1 21589 21592 21593 AND
2 1 82 21593 21594 AND
2 1 21410 21565 21595 AND
2 1 21547 21546 21596 XOR
2 1 2722 21596 21597 AND
2 1 21564 21597 21598 AND
2 1 21595 21598 21599 AND
2 1 81 21599 21600 AND
2 1 21416 21565 21601 AND
2 1 21544 21543 21602 XOR
2 1 2722 21602 21603 AND
2 1 21564 21603 21604 AND
2 1 21601 21604 21605 AND
2 1 80 21605 21606 AND
2 1 21422 21565 21607 AND
2 1 21541 21540 21608 XOR
2 1 2722 21608 21609 AND
2 1 21564 21609 21610 AND
2 1 21607 21610 21611 AND
2 1 79 21611 21612 AND
2 1 21428 21565 21613 AND
2 1 21538 21537 21614 XOR
2 1 2722 21614 21615 AND
2 1 21564 21615 21616 AND
2 1 21613 21616 21617 AND
2 1 78 21617 21618 AND
2 1 21434 21565 21619 AND
2 1 21535 21534 21620 XOR
2 1 2722 21620 21621 AND
2 1 21564 21621 21622 AND
2 1 21619 21622 21623 AND
2 1 77 21623 21624 AND
2 1 21440 21565 21625 AND
2 1 21532 21531 21626 XOR
2 1 2722 21626 21627 AND
2 1 21564 21627 21628 AND
2 1 21625 21628 21629 AND
2 1 76 21629 21630 AND
2 1 21446 21565 21631 AND
2 1 21529 21528 21632 XOR
2 1 2722 21632 21633 AND
2 1 21564 21633 21634 AND
2 1 21631 21634 21635 AND
2 1 75 21635 21636 AND
2 1 21452 21565 21637 AND
2 1 21526 21525 21638 XOR
2 1 2722 21638 21639 AND
2 1 21564 21639 21640 AND
2 1 21637 21640 21641 AND
2 1 74 21641 21642 AND
2 1 21458 21565 21643 AND
2 1 21523 21522 21644 XOR
2 1 2722 21644 21645 AND
2 1 21564 21645 21646 AND
2 1 21643 21646 21647 AND
2 1 73 21647 21648 AND
2 1 21464 21565 21649 AND
2 1 21520 21519 21650 XOR
2 1 2722 21650 21651 AND
2 1 21564 21651 21652 AND
2 1 21649 21652 21653 AND
2 1 72 21653 21654 AND
2 1 21470 21565 21655 AND
2 1 21517 21516 21656 XOR
2 1 2722 21656 21657 AND
2 1 21564 21657 21658 AND
2 1 21655 21658 21659 AND
2 1 71 21659 21660 AND
2 1 21476 21565 21661 AND
2 1 21514 21513 21662 XOR
2 1 2722 21662 21663 AND
2 1 21564 21663 21664 AND
2 1 21661 21664 21665 AND
2 1 70 21665 21666 AND
2 1 21482 21565 21667 AND
2 1 21511 21510 21668 XOR
2 1 2722 21668 21669 AND
2 1 21564 21669 21670 AND
2 1 21667 21670 21671 AND
2 1 69 21671 21672 AND
2 1 21489 21565 21673 AND
2 1 21508 21507 21674 XOR
2 1 2722 21674 21675 AND
2 1 21564 21675 21676 AND
2 1 21673 21676 21677 AND
2 1 68 21677 21678 AND
2 1 21495 21565 21679 AND
2 1 21505 21504 21680 XOR
2 1 2722 21680 21681 AND
2 1 21564 21681 21682 AND
2 1 21679 21682 21683 AND
2 1 67 21683 21684 AND
2 1 21498 21565 21685 AND
2 1 65 21498 21499 AND
2 1 65 21498 21500 AND
2 1 21499 21500 21686 AND
2 1 21686 2655 21687 XOR
2 1 2722 21687 21688 AND
2 1 21564 21688 21689 AND
2 1 21685 21689 21690 AND
2 1 66 21690 21691 AND
2 1 2855 21564 21692 AND
2 1 42 21692 21693 AND
2 1 2862 21564 21694 AND
2 1 65 21694 21697 AND
2 1 21693 21697 21698 AND
2 1 2869 21698 21702 AND
2 1 21693 21694 21695 AND
2 1 2873 21695 21703 AND
2 1 21702 21703 21704 AND
2 1 21690 66 21705 XOR
2 1 21704 21705 21706 AND
2 1 21691 21706 21707 AND
2 1 21683 67 21708 XOR
2 1 21707 21708 21709 AND
2 1 21684 21709 21710 AND
2 1 21677 68 21711 XOR
2 1 21710 21711 21712 AND
2 1 21678 21712 21713 AND
2 1 21671 69 21714 XOR
2 1 21713 21714 21715 AND
2 1 21672 21715 21716 AND
2 1 21665 70 21717 XOR
2 1 21716 21717 21718 AND
2 1 21666 21718 21719 AND
2 1 21659 71 21720 XOR
2 1 21719 21720 21721 AND
2 1 21660 21721 21722 AND
2 1 21653 72 21723 XOR
2 1 21722 21723 21724 AND
2 1 21654 21724 21725 AND
2 1 21647 73 21726 XOR
2 1 21725 21726 21727 AND
2 1 21648 21727 21728 AND
2 1 21641 74 21729 XOR
2 1 21728 21729 21730 AND
2 1 21642 21730 21731 AND
2 1 21635 75 21732 XOR
2 1 21731 21732 21733 AND
2 1 21636 21733 21734 AND
2 1 21629 76 21735 XOR
2 1 21734 21735 21736 AND
2 1 21630 21736 21737 AND
2 1 21623 77 21738 XOR
2 1 21737 21738 21739 AND
2 1 21624 21739 21740 AND
2 1 21617 78 21741 XOR
2 1 21740 21741 21742 AND
2 1 21618 21742 21743 AND
2 1 21611 79 21744 XOR
2 1 21743 21744 21745 AND
2 1 21612 21745 21746 AND
2 1 21605 80 21747 XOR
2 1 21746 21747 21748 AND
2 1 21606 21748 21749 AND
2 1 21599 81 21750 XOR
2 1 21749 21750 21751 AND
2 1 21600 21751 21752 AND
2 1 21593 82 21753 XOR
2 1 21752 21753 21754 AND
2 1 21594 21754 21755 AND
2 1 21587 83 21756 XOR
2 1 21755 21756 21757 AND
2 1 21588 21757 21758 AND
2 1 21581 84 21759 XOR
2 1 21758 21759 21760 AND
2 1 21582 21760 21761 AND
2 1 21570 85 21762 XOR
2 1 21761 21762 21763 AND
2 1 21576 21763 21764 AND
2 1 21574 86 21765 XOR
2 1 21764 21765 21766 AND
2 1 21575 21766 21767 AND
2 1 2942 21767 21768 AND
2 1 21570 21768 21769 AND
2 1 21762 21761 21770 XOR
2 1 2942 21770 21771 AND
2 1 21767 21771 21772 AND
2 1 21769 21772 21773 AND
2 1 86 21773 21774 AND
2 1 21581 21768 21775 AND
2 1 21759 21758 21776 XOR
2 1 2942 21776 21777 AND
2 1 21767 21777 21778 AND
2 1 21775 21778 21779 AND
2 1 85 21779 21780 AND
2 1 21587 21768 21781 AND
2 1 21756 21755 21782 XOR
2 1 2942 21782 21783 AND
2 1 21767 21783 21784 AND
2 1 21781 21784 21785 AND
2 1 84 21785 21786 AND
2 1 21593 21768 21787 AND
2 1 21753 21752 21788 XOR
2 1 2942 21788 21789 AND
2 1 21767 21789 21790 AND
2 1 21787 21790 21791 AND
2 1 83 21791 21792 AND
2 1 21599 21768 21793 AND
2 1 21750 21749 21794 XOR
2 1 2942 21794 21795 AND
2 1 21767 21795 21796 AND
2 1 21793 21796 21797 AND
2 1 82 21797 21798 AND
2 1 21605 21768 21799 AND
2 1 21747 21746 21800 XOR
2 1 2942 21800 21801 AND
2 1 21767 21801 21802 AND
2 1 21799 21802 21803 AND
2 1 81 21803 21804 AND
2 1 21611 21768 21805 AND
2 1 21744 21743 21806 XOR
2 1 2942 21806 21807 AND
2 1 21767 21807 21808 AND
2 1 21805 21808 21809 AND
2 1 80 21809 21810 AND
2 1 21617 21768 21811 AND
2 1 21741 21740 21812 XOR
2 1 2942 21812 21813 AND
2 1 21767 21813 21814 AND
2 1 21811 21814 21815 AND
2 1 79 21815 21816 AND
2 1 21623 21768 21817 AND
2 1 21738 21737 21818 XOR
2 1 2942 21818 21819 AND
2 1 21767 21819 21820 AND
2 1 21817 21820 21821 AND
2 1 78 21821 21822 AND
2 1 21629 21768 21823 AND
2 1 21735 21734 21824 XOR
2 1 2942 21824 21825 AND
2 1 21767 21825 21826 AND
2 1 21823 21826 21827 AND
2 1 77 21827 21828 AND
2 1 21635 21768 21829 AND
2 1 21732 21731 21830 XOR
2 1 2942 21830 21831 AND
2 1 21767 21831 21832 AND
2 1 21829 21832 21833 AND
2 1 76 21833 21834 AND
2 1 21641 21768 21835 AND
2 1 21729 21728 21836 XOR
2 1 2942 21836 21837 AND
2 1 21767 21837 21838 AND
2 1 21835 21838 21839 AND
2 1 75 21839 21840 AND
2 1 21647 21768 21841 AND
2 1 21726 21725 21842 XOR
2 1 2942 21842 21843 AND
2 1 21767 21843 21844 AND
2 1 21841 21844 21845 AND
2 1 74 21845 21846 AND
2 1 21653 21768 21847 AND
2 1 21723 21722 21848 XOR
2 1 2942 21848 21849 AND
2 1 21767 21849 21850 AND
2 1 21847 21850 21851 AND
2 1 73 21851 21852 AND
2 1 21659 21768 21853 AND
2 1 21720 21719 21854 XOR
2 1 2942 21854 21855 AND
2 1 21767 21855 21856 AND
2 1 21853 21856 21857 AND
2 1 72 21857 21858 AND
2 1 21665 21768 21859 AND
2 1 21717 21716 21860 XOR
2 1 2942 21860 21861 AND
2 1 21767 21861 21862 AND
2 1 21859 21862 21863 AND
2 1 71 21863 21864 AND
2 1 21671 21768 21865 AND
2 1 21714 21713 21866 XOR
2 1 2942 21866 21867 AND
2 1 21767 21867 21868 AND
2 1 21865 21868 21869 AND
2 1 70 21869 21870 AND
2 1 21677 21768 21871 AND
2 1 21711 21710 21872 XOR
2 1 2942 21872 21873 AND
2 1 21767 21873 21874 AND
2 1 21871 21874 21875 AND
2 1 69 21875 21876 AND
2 1 21683 21768 21877 AND
2 1 21708 21707 21878 XOR
2 1 2942 21878 21879 AND
2 1 21767 21879 21880 AND
2 1 21877 21880 21881 AND
2 1 68 21881 21882 AND
2 1 21690 21768 21883 AND
2 1 65 21695 21696 AND
2 1 21696 21698 21699 AND
2 1 2869 21699 21700 AND
2 1 65 21695 21701 AND
2 1 21700 21701 21884 AND
2 1 21884 21705 21885 XOR
2 1 2942 21885 21886 AND
2 1 21767 21886 21887 AND
2 1 21883 21887 21888 AND
2 1 67 21888 21889 AND
2 1 21695 21768 21890 AND
2 1 21699 2869 21891 XOR
2 1 2942 21891 21892 AND
2 1 21767 21892 21893 AND
2 1 21890 21893 21894 AND
2 1 66 21894 21895 AND
2 1 3075 21767 21896 AND
2 1 41 21896 21897 AND
2 1 3082 21767 21898 AND
2 1 65 21898 21901 AND
2 1 21897 21901 21902 AND
2 1 3086 21902 21906 AND
2 1 21897 21898 21899 AND
2 1 3090 21899 21907 AND
2 1 21906 21907 21908 AND
2 1 21894 66 21909 XOR
2 1 21908 21909 21910 AND
2 1 21895 21910 21911 AND
2 1 21888 67 21912 XOR
2 1 21911 21912 21913 AND
2 1 21889 21913 21914 AND
2 1 21881 68 21915 XOR
2 1 21914 21915 21916 AND
2 1 21882 21916 21917 AND
2 1 21875 69 21918 XOR
2 1 21917 21918 21919 AND
2 1 21876 21919 21920 AND
2 1 21869 70 21921 XOR
2 1 21920 21921 21922 AND
2 1 21870 21922 21923 AND
2 1 21863 71 21924 XOR
2 1 21923 21924 21925 AND
2 1 21864 21925 21926 AND
2 1 21857 72 21927 XOR
2 1 21926 21927 21928 AND
2 1 21858 21928 21929 AND
2 1 21851 73 21930 XOR
2 1 21929 21930 21931 AND
2 1 21852 21931 21932 AND
2 1 21845 74 21933 XOR
2 1 21932 21933 21934 AND
2 1 21846 21934 21935 AND
2 1 21839 75 21936 XOR
2 1 21935 21936 21937 AND
2 1 21840 21937 21938 AND
2 1 21833 76 21939 XOR
2 1 21938 21939 21940 AND
2 1 21834 21940 21941 AND
2 1 21827 77 21942 XOR
2 1 21941 21942 21943 AND
2 1 21828 21943 21944 AND
2 1 21821 78 21945 XOR
2 1 21944 21945 21946 AND
2 1 21822 21946 21947 AND
2 1 21815 79 21948 XOR
2 1 21947 21948 21949 AND
2 1 21816 21949 21950 AND
2 1 21809 80 21951 XOR
2 1 21950 21951 21952 AND
2 1 21810 21952 21953 AND
2 1 21803 81 21954 XOR
2 1 21953 21954 21955 AND
2 1 21804 21955 21956 AND
2 1 21797 82 21957 XOR
2 1 21956 21957 21958 AND
2 1 21798 21958 21959 AND
2 1 21791 83 21960 XOR
2 1 21959 21960 21961 AND
2 1 21792 21961 21962 AND
2 1 21785 84 21963 XOR
2 1 21962 21963 21964 AND
2 1 21786 21964 21965 AND
2 1 21779 85 21966 XOR
2 1 21965 21966 21967 AND
2 1 21780 21967 21968 AND
2 1 21773 86 21969 XOR
2 1 21968 21969 21970 AND
2 1 21774 21970 21971 AND
2 1 21574 21768 21972 AND
2 1 21765 21764 21973 XOR
2 1 21768 21973 21974 AND
2 1 21972 21974 21975 AND
2 1 87 21975 21976 AND
2 1 87 21972 21977 AND
2 1 21974 21977 21978 AND
2 1 3164 21978 21979 AND
2 1 21976 21979 21980 AND
2 1 21971 21980 21981 AND
2 1 2942 21975 21982 AND
2 1 21981 21982 21983 AND
2 1 21969 21968 21984 XOR
2 1 21983 21984 21985 AND
2 1 21773 21982 21986 AND
2 1 21981 21986 21987 AND
2 1 21985 21987 21988 AND
2 1 21976 21978 21989 AND
2 1 21989 21971 21990 XOR
2 1 21983 21990 21991 AND
2 1 2942 21574 21992 AND
2 1 21981 21992 21993 AND
2 1 21991 21993 21994 AND
2 1 88 21994 21995 AND
2 1 87 21988 21996 AND
2 1 21966 21965 21997 XOR
2 1 21983 21997 21998 AND
2 1 21779 21982 21999 AND
2 1 21981 21999 22000 AND
2 1 21998 22000 22001 AND
2 1 86 22001 22002 AND
2 1 21963 21962 22003 XOR
2 1 21983 22003 22004 AND
2 1 21785 21982 22005 AND
2 1 21981 22005 22006 AND
2 1 22004 22006 22007 AND
2 1 85 22007 22008 AND
2 1 21960 21959 22009 XOR
2 1 21983 22009 22010 AND
2 1 21791 21982 22011 AND
2 1 21981 22011 22012 AND
2 1 22010 22012 22013 AND
2 1 84 22013 22014 AND
2 1 21957 21956 22015 XOR
2 1 21983 22015 22016 AND
2 1 21797 21982 22017 AND
2 1 21981 22017 22018 AND
2 1 22016 22018 22019 AND
2 1 83 22019 22020 AND
2 1 21954 21953 22021 XOR
2 1 21983 22021 22022 AND
2 1 21803 21982 22023 AND
2 1 21981 22023 22024 AND
2 1 22022 22024 22025 AND
2 1 82 22025 22026 AND
2 1 21951 21950 22027 XOR
2 1 21983 22027 22028 AND
2 1 21809 21982 22029 AND
2 1 21981 22029 22030 AND
2 1 22028 22030 22031 AND
2 1 81 22031 22032 AND
2 1 21948 21947 22033 XOR
2 1 21983 22033 22034 AND
2 1 21815 21982 22035 AND
2 1 21981 22035 22036 AND
2 1 22034 22036 22037 AND
2 1 80 22037 22038 AND
2 1 21945 21944 22039 XOR
2 1 21983 22039 22040 AND
2 1 21821 21982 22041 AND
2 1 21981 22041 22042 AND
2 1 22040 22042 22043 AND
2 1 79 22043 22044 AND
2 1 21942 21941 22045 XOR
2 1 21983 22045 22046 AND
2 1 21827 21982 22047 AND
2 1 21981 22047 22048 AND
2 1 22046 22048 22049 AND
2 1 78 22049 22050 AND
2 1 21939 21938 22051 XOR
2 1 21983 22051 22052 AND
2 1 21833 21982 22053 AND
2 1 21981 22053 22054 AND
2 1 22052 22054 22055 AND
2 1 77 22055 22056 AND
2 1 21936 21935 22057 XOR
2 1 21983 22057 22058 AND
2 1 21839 21982 22059 AND
2 1 21981 22059 22060 AND
2 1 22058 22060 22061 AND
2 1 76 22061 22062 AND
2 1 21933 21932 22063 XOR
2 1 21983 22063 22064 AND
2 1 21845 21982 22065 AND
2 1 21981 22065 22066 AND
2 1 22064 22066 22067 AND
2 1 75 22067 22068 AND
2 1 21930 21929 22069 XOR
2 1 21983 22069 22070 AND
2 1 21851 21982 22071 AND
2 1 21981 22071 22072 AND
2 1 22070 22072 22073 AND
2 1 74 22073 22074 AND
2 1 21927 21926 22075 XOR
2 1 21983 22075 22076 AND
2 1 21857 21982 22077 AND
2 1 21981 22077 22078 AND
2 1 22076 22078 22079 AND
2 1 73 22079 22080 AND
2 1 21924 21923 22081 XOR
2 1 21983 22081 22082 AND
2 1 21863 21982 22083 AND
2 1 21981 22083 22084 AND
2 1 22082 22084 22085 AND
2 1 72 22085 22086 AND
2 1 21921 21920 22087 XOR
2 1 21983 22087 22088 AND
2 1 21869 21982 22089 AND
2 1 21981 22089 22090 AND
2 1 22088 22090 22091 AND
2 1 71 22091 22092 AND
2 1 21918 21917 22093 XOR
2 1 21983 22093 22094 AND
2 1 21875 21982 22095 AND
2 1 21981 22095 22096 AND
2 1 22094 22096 22097 AND
2 1 70 22097 22098 AND
2 1 21915 21914 22099 XOR
2 1 21983 22099 22100 AND
2 1 21881 21982 22101 AND
2 1 21981 22101 22102 AND
2 1 22100 22102 22103 AND
2 1 69 22103 22104 AND
2 1 21912 21911 22105 XOR
2 1 21983 22105 22106 AND
2 1 21888 21982 22107 AND
2 1 21981 22107 22108 AND
2 1 22106 22108 22109 AND
2 1 68 22109 22110 AND
2 1 65 21899 21900 AND
2 1 21900 21902 21903 AND
2 1 3086 21903 21904 AND
2 1 65 21899 21905 AND
2 1 21904 21905 22111 AND
2 1 22111 21909 22112 XOR
2 1 21983 22112 22113 AND
2 1 21894 21982 22114 AND
2 1 21981 22114 22115 AND
2 1 22113 22115 22116 AND
2 1 67 22116 22117 AND
2 1 21903 3086 22118 XOR
2 1 21983 22118 22119 AND
2 1 21899 21982 22120 AND
2 1 21981 22120 22121 AND
2 1 22119 22121 22122 AND
2 1 66 22122 22123 AND
2 1 64 21983 22124 AND
2 1 22124 3315 22128 XOR
2 1 3317 22128 22129 AND
2 1 22124 40 22125 XOR
2 1 65 22125 22130 AND
2 1 22129 22130 22131 AND
2 1 22122 66 22132 XOR
2 1 22131 22132 22133 AND
2 1 22123 22133 22134 AND
2 1 22116 67 22135 XOR
2 1 22134 22135 22136 AND
2 1 22117 22136 22137 AND
2 1 22109 68 22138 XOR
2 1 22137 22138 22139 AND
2 1 22110 22139 22140 AND
2 1 22103 69 22141 XOR
2 1 22140 22141 22142 AND
2 1 22104 22142 22143 AND
2 1 22097 70 22144 XOR
2 1 22143 22144 22145 AND
2 1 22098 22145 22146 AND
2 1 22091 71 22147 XOR
2 1 22146 22147 22148 AND
2 1 22092 22148 22149 AND
2 1 22085 72 22150 XOR
2 1 22149 22150 22151 AND
2 1 22086 22151 22152 AND
2 1 22079 73 22153 XOR
2 1 22152 22153 22154 AND
2 1 22080 22154 22155 AND
2 1 22073 74 22156 XOR
2 1 22155 22156 22157 AND
2 1 22074 22157 22158 AND
2 1 22067 75 22159 XOR
2 1 22158 22159 22160 AND
2 1 22068 22160 22161 AND
2 1 22061 76 22162 XOR
2 1 22161 22162 22163 AND
2 1 22062 22163 22164 AND
2 1 22055 77 22165 XOR
2 1 22164 22165 22166 AND
2 1 22056 22166 22167 AND
2 1 22049 78 22168 XOR
2 1 22167 22168 22169 AND
2 1 22050 22169 22170 AND
2 1 22043 79 22171 XOR
2 1 22170 22171 22172 AND
2 1 22044 22172 22173 AND
2 1 22037 80 22174 XOR
2 1 22173 22174 22175 AND
2 1 22038 22175 22176 AND
2 1 22031 81 22177 XOR
2 1 22176 22177 22178 AND
2 1 22032 22178 22179 AND
2 1 22025 82 22180 XOR
2 1 22179 22180 22181 AND
2 1 22026 22181 22182 AND
2 1 22019 83 22183 XOR
2 1 22182 22183 22184 AND
2 1 22020 22184 22185 AND
2 1 22013 84 22186 XOR
2 1 22185 22186 22187 AND
2 1 22014 22187 22188 AND
2 1 22007 85 22189 XOR
2 1 22188 22189 22190 AND
2 1 22008 22190 22191 AND
2 1 22001 86 22192 XOR
2 1 22191 22192 22193 AND
2 1 22002 22193 22194 AND
2 1 21988 87 22195 XOR
2 1 22194 22195 22196 AND
2 1 21996 22196 22197 AND
2 1 21994 88 22198 XOR
2 1 22197 22198 22199 AND
2 1 21995 22199 22200 AND
2 1 3391 22200 22201 AND
2 1 21988 22201 22202 AND
2 1 22195 22194 22203 XOR
2 1 3391 22203 22204 AND
2 1 22200 22204 22205 AND
2 1 22202 22205 22206 AND
2 1 21994 22201 22207 AND
2 1 22198 22197 22208 XOR
2 1 22201 22208 22209 AND
2 1 22207 22209 22210 AND
2 1 89 22210 22211 AND
2 1 88 22206 22212 AND
2 1 22001 22201 22213 AND
2 1 22192 22191 22214 XOR
2 1 3391 22214 22215 AND
2 1 22200 22215 22216 AND
2 1 22213 22216 22217 AND
2 1 87 22217 22218 AND
2 1 22007 22201 22219 AND
2 1 22189 22188 22220 XOR
2 1 3391 22220 22221 AND
2 1 22200 22221 22222 AND
2 1 22219 22222 22223 AND
2 1 86 22223 22224 AND
2 1 22013 22201 22225 AND
2 1 22186 22185 22226 XOR
2 1 3391 22226 22227 AND
2 1 22200 22227 22228 AND
2 1 22225 22228 22229 AND
2 1 85 22229 22230 AND
2 1 22019 22201 22231 AND
2 1 22183 22182 22232 XOR
2 1 3391 22232 22233 AND
2 1 22200 22233 22234 AND
2 1 22231 22234 22235 AND
2 1 84 22235 22236 AND
2 1 22025 22201 22237 AND
2 1 22180 22179 22238 XOR
2 1 3391 22238 22239 AND
2 1 22200 22239 22240 AND
2 1 22237 22240 22241 AND
2 1 83 22241 22242 AND
2 1 22031 22201 22243 AND
2 1 22177 22176 22244 XOR
2 1 3391 22244 22245 AND
2 1 22200 22245 22246 AND
2 1 22243 22246 22247 AND
2 1 82 22247 22248 AND
2 1 22037 22201 22249 AND
2 1 22174 22173 22250 XOR
2 1 3391 22250 22251 AND
2 1 22200 22251 22252 AND
2 1 22249 22252 22253 AND
2 1 81 22253 22254 AND
2 1 22043 22201 22255 AND
2 1 22171 22170 22256 XOR
2 1 3391 22256 22257 AND
2 1 22200 22257 22258 AND
2 1 22255 22258 22259 AND
2 1 80 22259 22260 AND
2 1 22049 22201 22261 AND
2 1 22168 22167 22262 XOR
2 1 3391 22262 22263 AND
2 1 22200 22263 22264 AND
2 1 22261 22264 22265 AND
2 1 79 22265 22266 AND
2 1 22055 22201 22267 AND
2 1 22165 22164 22268 XOR
2 1 3391 22268 22269 AND
2 1 22200 22269 22270 AND
2 1 22267 22270 22271 AND
2 1 78 22271 22272 AND
2 1 22061 22201 22273 AND
2 1 22162 22161 22274 XOR
2 1 3391 22274 22275 AND
2 1 22200 22275 22276 AND
2 1 22273 22276 22277 AND
2 1 77 22277 22278 AND
2 1 22067 22201 22279 AND
2 1 22159 22158 22280 XOR
2 1 3391 22280 22281 AND
2 1 22200 22281 22282 AND
2 1 22279 22282 22283 AND
2 1 76 22283 22284 AND
2 1 22073 22201 22285 AND
2 1 22156 22155 22286 XOR
2 1 3391 22286 22287 AND
2 1 22200 22287 22288 AND
2 1 22285 22288 22289 AND
2 1 75 22289 22290 AND
2 1 22079 22201 22291 AND
2 1 22153 22152 22292 XOR
2 1 3391 22292 22293 AND
2 1 22200 22293 22294 AND
2 1 22291 22294 22295 AND
2 1 74 22295 22296 AND
2 1 22085 22201 22297 AND
2 1 22150 22149 22298 XOR
2 1 3391 22298 22299 AND
2 1 22200 22299 22300 AND
2 1 22297 22300 22301 AND
2 1 73 22301 22302 AND
2 1 22091 22201 22303 AND
2 1 22147 22146 22304 XOR
2 1 3391 22304 22305 AND
2 1 22200 22305 22306 AND
2 1 22303 22306 22307 AND
2 1 72 22307 22308 AND
2 1 22097 22201 22309 AND
2 1 22144 22143 22310 XOR
2 1 3391 22310 22311 AND
2 1 22200 22311 22312 AND
2 1 22309 22312 22313 AND
2 1 71 22313 22314 AND
2 1 22103 22201 22315 AND
2 1 22141 22140 22316 XOR
2 1 3391 22316 22317 AND
2 1 22200 22317 22318 AND
2 1 22315 22318 22319 AND
2 1 70 22319 22320 AND
2 1 22109 22201 22321 AND
2 1 22138 22137 22322 XOR
2 1 3391 22322 22323 AND
2 1 22200 22323 22324 AND
2 1 22321 22324 22325 AND
2 1 69 22325 22326 AND
2 1 22116 22201 22327 AND
2 1 22135 22134 22328 XOR
2 1 3391 22328 22329 AND
2 1 22200 22329 22330 AND
2 1 22327 22330 22331 AND
2 1 68 22331 22332 AND
2 1 22122 22201 22333 AND
2 1 22132 22131 22334 XOR
2 1 3391 22334 22335 AND
2 1 22200 22335 22336 AND
2 1 22333 22336 22337 AND
2 1 67 22337 22338 AND
2 1 22125 22201 22339 AND
2 1 65 22125 22126 AND
2 1 65 22125 22127 AND
2 1 22126 22127 22340 AND
2 1 22340 3317 22341 XOR
2 1 3391 22341 22342 AND
2 1 22200 22342 22343 AND
2 1 22339 22343 22344 AND
2 1 66 22344 22345 AND
2 1 3541 22200 22346 AND
2 1 39 22346 22347 AND
2 1 3547 22200 22348 AND
2 1 65 22348 22351 AND
2 1 22347 22351 22352 AND
2 1 3554 22352 22356 AND
2 1 22347 22348 22349 AND
2 1 3558 22349 22357 AND
2 1 22356 22357 22358 AND
2 1 22344 66 22359 XOR
2 1 22358 22359 22360 AND
2 1 22345 22360 22361 AND
2 1 22337 67 22362 XOR
2 1 22361 22362 22363 AND
2 1 22338 22363 22364 AND
2 1 22331 68 22365 XOR
2 1 22364 22365 22366 AND
2 1 22332 22366 22367 AND
2 1 22325 69 22368 XOR
2 1 22367 22368 22369 AND
2 1 22326 22369 22370 AND
2 1 22319 70 22371 XOR
2 1 22370 22371 22372 AND
2 1 22320 22372 22373 AND
2 1 22313 71 22374 XOR
2 1 22373 22374 22375 AND
2 1 22314 22375 22376 AND
2 1 22307 72 22377 XOR
2 1 22376 22377 22378 AND
2 1 22308 22378 22379 AND
2 1 22301 73 22380 XOR
2 1 22379 22380 22381 AND
2 1 22302 22381 22382 AND
2 1 22295 74 22383 XOR
2 1 22382 22383 22384 AND
2 1 22296 22384 22385 AND
2 1 22289 75 22386 XOR
2 1 22385 22386 22387 AND
2 1 22290 22387 22388 AND
2 1 22283 76 22389 XOR
2 1 22388 22389 22390 AND
2 1 22284 22390 22391 AND
2 1 22277 77 22392 XOR
2 1 22391 22392 22393 AND
2 1 22278 22393 22394 AND
2 1 22271 78 22395 XOR
2 1 22394 22395 22396 AND
2 1 22272 22396 22397 AND
2 1 22265 79 22398 XOR
2 1 22397 22398 22399 AND
2 1 22266 22399 22400 AND
2 1 22259 80 22401 XOR
2 1 22400 22401 22402 AND
2 1 22260 22402 22403 AND
2 1 22253 81 22404 XOR
2 1 22403 22404 22405 AND
2 1 22254 22405 22406 AND
2 1 22247 82 22407 XOR
2 1 22406 22407 22408 AND
2 1 22248 22408 22409 AND
2 1 22241 83 22410 XOR
2 1 22409 22410 22411 AND
2 1 22242 22411 22412 AND
2 1 22235 84 22413 XOR
2 1 22412 22413 22414 AND
2 1 22236 22414 22415 AND
2 1 22229 85 22416 XOR
2 1 22415 22416 22417 AND
2 1 22230 22417 22418 AND
2 1 22223 86 22419 XOR
2 1 22418 22419 22420 AND
2 1 22224 22420 22421 AND
2 1 22217 87 22422 XOR
2 1 22421 22422 22423 AND
2 1 22218 22423 22424 AND
2 1 22206 88 22425 XOR
2 1 22424 22425 22426 AND
2 1 22212 22426 22427 AND
2 1 22210 89 22428 XOR
2 1 22427 22428 22429 AND
2 1 22211 22429 22430 AND
2 1 3635 22430 22431 AND
2 1 22206 22431 22432 AND
2 1 22425 22424 22433 XOR
2 1 3635 22433 22434 AND
2 1 22430 22434 22435 AND
2 1 22432 22435 22436 AND
2 1 89 22436 22437 AND
2 1 22217 22431 22438 AND
2 1 22422 22421 22439 XOR
2 1 3635 22439 22440 AND
2 1 22430 22440 22441 AND
2 1 22438 22441 22442 AND
2 1 88 22442 22443 AND
2 1 22223 22431 22444 AND
2 1 22419 22418 22445 XOR
2 1 3635 22445 22446 AND
2 1 22430 22446 22447 AND
2 1 22444 22447 22448 AND
2 1 87 22448 22449 AND
2 1 22229 22431 22450 AND
2 1 22416 22415 22451 XOR
2 1 3635 22451 22452 AND
2 1 22430 22452 22453 AND
2 1 22450 22453 22454 AND
2 1 86 22454 22455 AND
2 1 22235 22431 22456 AND
2 1 22413 22412 22457 XOR
2 1 3635 22457 22458 AND
2 1 22430 22458 22459 AND
2 1 22456 22459 22460 AND
2 1 85 22460 22461 AND
2 1 22241 22431 22462 AND
2 1 22410 22409 22463 XOR
2 1 3635 22463 22464 AND
2 1 22430 22464 22465 AND
2 1 22462 22465 22466 AND
2 1 84 22466 22467 AND
2 1 22247 22431 22468 AND
2 1 22407 22406 22469 XOR
2 1 3635 22469 22470 AND
2 1 22430 22470 22471 AND
2 1 22468 22471 22472 AND
2 1 83 22472 22473 AND
2 1 22253 22431 22474 AND
2 1 22404 22403 22475 XOR
2 1 3635 22475 22476 AND
2 1 22430 22476 22477 AND
2 1 22474 22477 22478 AND
2 1 82 22478 22479 AND
2 1 22259 22431 22480 AND
2 1 22401 22400 22481 XOR
2 1 3635 22481 22482 AND
2 1 22430 22482 22483 AND
2 1 22480 22483 22484 AND
2 1 81 22484 22485 AND
2 1 22265 22431 22486 AND
2 1 22398 22397 22487 XOR
2 1 3635 22487 22488 AND
2 1 22430 22488 22489 AND
2 1 22486 22489 22490 AND
2 1 80 22490 22491 AND
2 1 22271 22431 22492 AND
2 1 22395 22394 22493 XOR
2 1 3635 22493 22494 AND
2 1 22430 22494 22495 AND
2 1 22492 22495 22496 AND
2 1 79 22496 22497 AND
2 1 22277 22431 22498 AND
2 1 22392 22391 22499 XOR
2 1 3635 22499 22500 AND
2 1 22430 22500 22501 AND
2 1 22498 22501 22502 AND
2 1 78 22502 22503 AND
2 1 22283 22431 22504 AND
2 1 22389 22388 22505 XOR
2 1 3635 22505 22506 AND
2 1 22430 22506 22507 AND
2 1 22504 22507 22508 AND
2 1 77 22508 22509 AND
2 1 22289 22431 22510 AND
2 1 22386 22385 22511 XOR
2 1 3635 22511 22512 AND
2 1 22430 22512 22513 AND
2 1 22510 22513 22514 AND
2 1 76 22514 22515 AND
2 1 22295 22431 22516 AND
2 1 22383 22382 22517 XOR
2 1 3635 22517 22518 AND
2 1 22430 22518 22519 AND
2 1 22516 22519 22520 AND
2 1 75 22520 22521 AND
2 1 22301 22431 22522 AND
2 1 22380 22379 22523 XOR
2 1 3635 22523 22524 AND
2 1 22430 22524 22525 AND
2 1 22522 22525 22526 AND
2 1 74 22526 22527 AND
2 1 22307 22431 22528 AND
2 1 22377 22376 22529 XOR
2 1 3635 22529 22530 AND
2 1 22430 22530 22531 AND
2 1 22528 22531 22532 AND
2 1 73 22532 22533 AND
2 1 22313 22431 22534 AND
2 1 22374 22373 22535 XOR
2 1 3635 22535 22536 AND
2 1 22430 22536 22537 AND
2 1 22534 22537 22538 AND
2 1 72 22538 22539 AND
2 1 22319 22431 22540 AND
2 1 22371 22370 22541 XOR
2 1 3635 22541 22542 AND
2 1 22430 22542 22543 AND
2 1 22540 22543 22544 AND
2 1 71 22544 22545 AND
2 1 22325 22431 22546 AND
2 1 22368 22367 22547 XOR
2 1 3635 22547 22548 AND
2 1 22430 22548 22549 AND
2 1 22546 22549 22550 AND
2 1 70 22550 22551 AND
2 1 22331 22431 22552 AND
2 1 22365 22364 22553 XOR
2 1 3635 22553 22554 AND
2 1 22430 22554 22555 AND
2 1 22552 22555 22556 AND
2 1 69 22556 22557 AND
2 1 22337 22431 22558 AND
2 1 22362 22361 22559 XOR
2 1 3635 22559 22560 AND
2 1 22430 22560 22561 AND
2 1 22558 22561 22562 AND
2 1 68 22562 22563 AND
2 1 22344 22431 22564 AND
2 1 65 22349 22350 AND
2 1 22350 22352 22353 AND
2 1 3554 22353 22354 AND
2 1 65 22349 22355 AND
2 1 22354 22355 22565 AND
2 1 22565 22359 22566 XOR
2 1 3635 22566 22567 AND
2 1 22430 22567 22568 AND
2 1 22564 22568 22569 AND
2 1 67 22569 22570 AND
2 1 22349 22431 22571 AND
2 1 22353 3554 22572 XOR
2 1 3635 22572 22573 AND
2 1 22430 22573 22574 AND
2 1 22571 22574 22575 AND
2 1 66 22575 22576 AND
2 1 3786 22430 22577 AND
2 1 38 22577 22578 AND
2 1 3792 22430 22579 AND
2 1 65 22579 22582 AND
2 1 22578 22582 22583 AND
2 1 3796 22583 22587 AND
2 1 22578 22579 22580 AND
2 1 3800 22580 22588 AND
2 1 22587 22588 22589 AND
2 1 22575 66 22590 XOR
2 1 22589 22590 22591 AND
2 1 22576 22591 22592 AND
2 1 22569 67 22593 XOR
2 1 22592 22593 22594 AND
2 1 22570 22594 22595 AND
2 1 22562 68 22596 XOR
2 1 22595 22596 22597 AND
2 1 22563 22597 22598 AND
2 1 22556 69 22599 XOR
2 1 22598 22599 22600 AND
2 1 22557 22600 22601 AND
2 1 22550 70 22602 XOR
2 1 22601 22602 22603 AND
2 1 22551 22603 22604 AND
2 1 22544 71 22605 XOR
2 1 22604 22605 22606 AND
2 1 22545 22606 22607 AND
2 1 22538 72 22608 XOR
2 1 22607 22608 22609 AND
2 1 22539 22609 22610 AND
2 1 22532 73 22611 XOR
2 1 22610 22611 22612 AND
2 1 22533 22612 22613 AND
2 1 22526 74 22614 XOR
2 1 22613 22614 22615 AND
2 1 22527 22615 22616 AND
2 1 22520 75 22617 XOR
2 1 22616 22617 22618 AND
2 1 22521 22618 22619 AND
2 1 22514 76 22620 XOR
2 1 22619 22620 22621 AND
2 1 22515 22621 22622 AND
2 1 22508 77 22623 XOR
2 1 22622 22623 22624 AND
2 1 22509 22624 22625 AND
2 1 22502 78 22626 XOR
2 1 22625 22626 22627 AND
2 1 22503 22627 22628 AND
2 1 22496 79 22629 XOR
2 1 22628 22629 22630 AND
2 1 22497 22630 22631 AND
2 1 22490 80 22632 XOR
2 1 22631 22632 22633 AND
2 1 22491 22633 22634 AND
2 1 22484 81 22635 XOR
2 1 22634 22635 22636 AND
2 1 22485 22636 22637 AND
2 1 22478 82 22638 XOR
2 1 22637 22638 22639 AND
2 1 22479 22639 22640 AND
2 1 22472 83 22641 XOR
2 1 22640 22641 22642 AND
2 1 22473 22642 22643 AND
2 1 22466 84 22644 XOR
2 1 22643 22644 22645 AND
2 1 22467 22645 22646 AND
2 1 22460 85 22647 XOR
2 1 22646 22647 22648 AND
2 1 22461 22648 22649 AND
2 1 22454 86 22650 XOR
2 1 22649 22650 22651 AND
2 1 22455 22651 22652 AND
2 1 22448 87 22653 XOR
2 1 22652 22653 22654 AND
2 1 22449 22654 22655 AND
2 1 22442 88 22656 XOR
2 1 22655 22656 22657 AND
2 1 22443 22657 22658 AND
2 1 22436 89 22659 XOR
2 1 22658 22659 22660 AND
2 1 22437 22660 22661 AND
2 1 22210 22431 22662 AND
2 1 22428 22427 22663 XOR
2 1 22431 22663 22664 AND
2 1 22662 22664 22665 AND
2 1 90 22665 22666 AND
2 1 90 22662 22667 AND
2 1 22664 22667 22668 AND
2 1 3884 22668 22669 AND
2 1 22666 22669 22670 AND
2 1 22661 22670 22671 AND
2 1 3635 22665 22672 AND
2 1 22671 22672 22673 AND
2 1 22659 22658 22674 XOR
2 1 22673 22674 22675 AND
2 1 22436 22672 22676 AND
2 1 22671 22676 22677 AND
2 1 22675 22677 22678 AND
2 1 22666 22668 22679 AND
2 1 22679 22661 22680 XOR
2 1 22673 22680 22681 AND
2 1 3635 22210 22682 AND
2 1 22671 22682 22683 AND
2 1 22681 22683 22684 AND
2 1 91 22684 22685 AND
2 1 90 22678 22686 AND
2 1 22656 22655 22687 XOR
2 1 22673 22687 22688 AND
2 1 22442 22672 22689 AND
2 1 22671 22689 22690 AND
2 1 22688 22690 22691 AND
2 1 89 22691 22692 AND
2 1 22653 22652 22693 XOR
2 1 22673 22693 22694 AND
2 1 22448 22672 22695 AND
2 1 22671 22695 22696 AND
2 1 22694 22696 22697 AND
2 1 88 22697 22698 AND
2 1 22650 22649 22699 XOR
2 1 22673 22699 22700 AND
2 1 22454 22672 22701 AND
2 1 22671 22701 22702 AND
2 1 22700 22702 22703 AND
2 1 87 22703 22704 AND
2 1 22647 22646 22705 XOR
2 1 22673 22705 22706 AND
2 1 22460 22672 22707 AND
2 1 22671 22707 22708 AND
2 1 22706 22708 22709 AND
2 1 86 22709 22710 AND
2 1 22644 22643 22711 XOR
2 1 22673 22711 22712 AND
2 1 22466 22672 22713 AND
2 1 22671 22713 22714 AND
2 1 22712 22714 22715 AND
2 1 85 22715 22716 AND
2 1 22641 22640 22717 XOR
2 1 22673 22717 22718 AND
2 1 22472 22672 22719 AND
2 1 22671 22719 22720 AND
2 1 22718 22720 22721 AND
2 1 84 22721 22722 AND
2 1 22638 22637 22723 XOR
2 1 22673 22723 22724 AND
2 1 22478 22672 22725 AND
2 1 22671 22725 22726 AND
2 1 22724 22726 22727 AND
2 1 83 22727 22728 AND
2 1 22635 22634 22729 XOR
2 1 22673 22729 22730 AND
2 1 22484 22672 22731 AND
2 1 22671 22731 22732 AND
2 1 22730 22732 22733 AND
2 1 82 22733 22734 AND
2 1 22632 22631 22735 XOR
2 1 22673 22735 22736 AND
2 1 22490 22672 22737 AND
2 1 22671 22737 22738 AND
2 1 22736 22738 22739 AND
2 1 81 22739 22740 AND
2 1 22629 22628 22741 XOR
2 1 22673 22741 22742 AND
2 1 22496 22672 22743 AND
2 1 22671 22743 22744 AND
2 1 22742 22744 22745 AND
2 1 80 22745 22746 AND
2 1 22626 22625 22747 XOR
2 1 22673 22747 22748 AND
2 1 22502 22672 22749 AND
2 1 22671 22749 22750 AND
2 1 22748 22750 22751 AND
2 1 79 22751 22752 AND
2 1 22623 22622 22753 XOR
2 1 22673 22753 22754 AND
2 1 22508 22672 22755 AND
2 1 22671 22755 22756 AND
2 1 22754 22756 22757 AND
2 1 78 22757 22758 AND
2 1 22620 22619 22759 XOR
2 1 22673 22759 22760 AND
2 1 22514 22672 22761 AND
2 1 22671 22761 22762 AND
2 1 22760 22762 22763 AND
2 1 77 22763 22764 AND
2 1 22617 22616 22765 XOR
2 1 22673 22765 22766 AND
2 1 22520 22672 22767 AND
2 1 22671 22767 22768 AND
2 1 22766 22768 22769 AND
2 1 76 22769 22770 AND
2 1 22614 22613 22771 XOR
2 1 22673 22771 22772 AND
2 1 22526 22672 22773 AND
2 1 22671 22773 22774 AND
2 1 22772 22774 22775 AND
2 1 75 22775 22776 AND
2 1 22611 22610 22777 XOR
2 1 22673 22777 22778 AND
2 1 22532 22672 22779 AND
2 1 22671 22779 22780 AND
2 1 22778 22780 22781 AND
2 1 74 22781 22782 AND
2 1 22608 22607 22783 XOR
2 1 22673 22783 22784 AND
2 1 22538 22672 22785 AND
2 1 22671 22785 22786 AND
2 1 22784 22786 22787 AND
2 1 73 22787 22788 AND
2 1 22605 22604 22789 XOR
2 1 22673 22789 22790 AND
2 1 22544 22672 22791 AND
2 1 22671 22791 22792 AND
2 1 22790 22792 22793 AND
2 1 72 22793 22794 AND
2 1 22602 22601 22795 XOR
2 1 22673 22795 22796 AND
2 1 22550 22672 22797 AND
2 1 22671 22797 22798 AND
2 1 22796 22798 22799 AND
2 1 71 22799 22800 AND
2 1 22599 22598 22801 XOR
2 1 22673 22801 22802 AND
2 1 22556 22672 22803 AND
2 1 22671 22803 22804 AND
2 1 22802 22804 22805 AND
2 1 70 22805 22806 AND
2 1 22596 22595 22807 XOR
2 1 22673 22807 22808 AND
2 1 22562 22672 22809 AND
2 1 22671 22809 22810 AND
2 1 22808 22810 22811 AND
2 1 69 22811 22812 AND
2 1 22593 22592 22813 XOR
2 1 22673 22813 22814 AND
2 1 22569 22672 22815 AND
2 1 22671 22815 22816 AND
2 1 22814 22816 22817 AND
2 1 68 22817 22818 AND
2 1 65 22580 22581 AND
2 1 22581 22583 22584 AND
2 1 3796 22584 22585 AND
2 1 65 22580 22586 AND
2 1 22585 22586 22819 AND
2 1 22819 22590 22820 XOR
2 1 22673 22820 22821 AND
2 1 22575 22672 22822 AND
2 1 22671 22822 22823 AND
2 1 22821 22823 22824 AND
2 1 67 22824 22825 AND
2 1 22584 3796 22826 XOR
2 1 22673 22826 22827 AND
2 1 22580 22672 22828 AND
2 1 22671 22828 22829 AND
2 1 22827 22829 22830 AND
2 1 66 22830 22831 AND
2 1 64 22673 22832 AND
2 1 22832 4053 22836 XOR
2 1 4055 22836 22837 AND
2 1 22832 37 22833 XOR
2 1 65 22833 22838 AND
2 1 22837 22838 22839 AND
2 1 22830 66 22840 XOR
2 1 22839 22840 22841 AND
2 1 22831 22841 22842 AND
2 1 22824 67 22843 XOR
2 1 22842 22843 22844 AND
2 1 22825 22844 22845 AND
2 1 22817 68 22846 XOR
2 1 22845 22846 22847 AND
2 1 22818 22847 22848 AND
2 1 22811 69 22849 XOR
2 1 22848 22849 22850 AND
2 1 22812 22850 22851 AND
2 1 22805 70 22852 XOR
2 1 22851 22852 22853 AND
2 1 22806 22853 22854 AND
2 1 22799 71 22855 XOR
2 1 22854 22855 22856 AND
2 1 22800 22856 22857 AND
2 1 22793 72 22858 XOR
2 1 22857 22858 22859 AND
2 1 22794 22859 22860 AND
2 1 22787 73 22861 XOR
2 1 22860 22861 22862 AND
2 1 22788 22862 22863 AND
2 1 22781 74 22864 XOR
2 1 22863 22864 22865 AND
2 1 22782 22865 22866 AND
2 1 22775 75 22867 XOR
2 1 22866 22867 22868 AND
2 1 22776 22868 22869 AND
2 1 22769 76 22870 XOR
2 1 22869 22870 22871 AND
2 1 22770 22871 22872 AND
2 1 22763 77 22873 XOR
2 1 22872 22873 22874 AND
2 1 22764 22874 22875 AND
2 1 22757 78 22876 XOR
2 1 22875 22876 22877 AND
2 1 22758 22877 22878 AND
2 1 22751 79 22879 XOR
2 1 22878 22879 22880 AND
2 1 22752 22880 22881 AND
2 1 22745 80 22882 XOR
2 1 22881 22882 22883 AND
2 1 22746 22883 22884 AND
2 1 22739 81 22885 XOR
2 1 22884 22885 22886 AND
2 1 22740 22886 22887 AND
2 1 22733 82 22888 XOR
2 1 22887 22888 22889 AND
2 1 22734 22889 22890 AND
2 1 22727 83 22891 XOR
2 1 22890 22891 22892 AND
2 1 22728 22892 22893 AND
2 1 22721 84 22894 XOR
2 1 22893 22894 22895 AND
2 1 22722 22895 22896 AND
2 1 22715 85 22897 XOR
2 1 22896 22897 22898 AND
2 1 22716 22898 22899 AND
2 1 22709 86 22900 XOR
2 1 22899 22900 22901 AND
2 1 22710 22901 22902 AND
2 1 22703 87 22903 XOR
2 1 22902 22903 22904 AND
2 1 22704 22904 22905 AND
2 1 22697 88 22906 XOR
2 1 22905 22906 22907 AND
2 1 22698 22907 22908 AND
2 1 22691 89 22909 XOR
2 1 22908 22909 22910 AND
2 1 22692 22910 22911 AND
2 1 22678 90 22912 XOR
2 1 22911 22912 22913 AND
2 1 22686 22913 22914 AND
2 1 22684 91 22915 XOR
2 1 22914 22915 22916 AND
2 1 22685 22916 22917 AND
2 1 4138 22917 22918 AND
2 1 22678 22918 22919 AND
2 1 22912 22911 22920 XOR
2 1 4138 22920 22921 AND
2 1 22917 22921 22922 AND
2 1 22919 22922 22923 AND
2 1 22684 22918 22924 AND
2 1 22915 22914 22925 XOR
2 1 22918 22925 22926 AND
2 1 22924 22926 22927 AND
2 1 92 22927 22928 AND
2 1 91 22923 22929 AND
2 1 22691 22918 22930 AND
2 1 22909 22908 22931 XOR
2 1 4138 22931 22932 AND
2 1 22917 22932 22933 AND
2 1 22930 22933 22934 AND
2 1 90 22934 22935 AND
2 1 22697 22918 22936 AND
2 1 22906 22905 22937 XOR
2 1 4138 22937 22938 AND
2 1 22917 22938 22939 AND
2 1 22936 22939 22940 AND
2 1 89 22940 22941 AND
2 1 22703 22918 22942 AND
2 1 22903 22902 22943 XOR
2 1 4138 22943 22944 AND
2 1 22917 22944 22945 AND
2 1 22942 22945 22946 AND
2 1 88 22946 22947 AND
2 1 22709 22918 22948 AND
2 1 22900 22899 22949 XOR
2 1 4138 22949 22950 AND
2 1 22917 22950 22951 AND
2 1 22948 22951 22952 AND
2 1 87 22952 22953 AND
2 1 22715 22918 22954 AND
2 1 22897 22896 22955 XOR
2 1 4138 22955 22956 AND
2 1 22917 22956 22957 AND
2 1 22954 22957 22958 AND
2 1 86 22958 22959 AND
2 1 22721 22918 22960 AND
2 1 22894 22893 22961 XOR
2 1 4138 22961 22962 AND
2 1 22917 22962 22963 AND
2 1 22960 22963 22964 AND
2 1 85 22964 22965 AND
2 1 22727 22918 22966 AND
2 1 22891 22890 22967 XOR
2 1 4138 22967 22968 AND
2 1 22917 22968 22969 AND
2 1 22966 22969 22970 AND
2 1 84 22970 22971 AND
2 1 22733 22918 22972 AND
2 1 22888 22887 22973 XOR
2 1 4138 22973 22974 AND
2 1 22917 22974 22975 AND
2 1 22972 22975 22976 AND
2 1 83 22976 22977 AND
2 1 22739 22918 22978 AND
2 1 22885 22884 22979 XOR
2 1 4138 22979 22980 AND
2 1 22917 22980 22981 AND
2 1 22978 22981 22982 AND
2 1 82 22982 22983 AND
2 1 22745 22918 22984 AND
2 1 22882 22881 22985 XOR
2 1 4138 22985 22986 AND
2 1 22917 22986 22987 AND
2 1 22984 22987 22988 AND
2 1 81 22988 22989 AND
2 1 22751 22918 22990 AND
2 1 22879 22878 22991 XOR
2 1 4138 22991 22992 AND
2 1 22917 22992 22993 AND
2 1 22990 22993 22994 AND
2 1 80 22994 22995 AND
2 1 22757 22918 22996 AND
2 1 22876 22875 22997 XOR
2 1 4138 22997 22998 AND
2 1 22917 22998 22999 AND
2 1 22996 22999 23000 AND
2 1 79 23000 23001 AND
2 1 22763 22918 23002 AND
2 1 22873 22872 23003 XOR
2 1 4138 23003 23004 AND
2 1 22917 23004 23005 AND
2 1 23002 23005 23006 AND
2 1 78 23006 23007 AND
2 1 22769 22918 23008 AND
2 1 22870 22869 23009 XOR
2 1 4138 23009 23010 AND
2 1 22917 23010 23011 AND
2 1 23008 23011 23012 AND
2 1 77 23012 23013 AND
2 1 22775 22918 23014 AND
2 1 22867 22866 23015 XOR
2 1 4138 23015 23016 AND
2 1 22917 23016 23017 AND
2 1 23014 23017 23018 AND
2 1 76 23018 23019 AND
2 1 22781 22918 23020 AND
2 1 22864 22863 23021 XOR
2 1 4138 23021 23022 AND
2 1 22917 23022 23023 AND
2 1 23020 23023 23024 AND
2 1 75 23024 23025 AND
2 1 22787 22918 23026 AND
2 1 22861 22860 23027 XOR
2 1 4138 23027 23028 AND
2 1 22917 23028 23029 AND
2 1 23026 23029 23030 AND
2 1 74 23030 23031 AND
2 1 22793 22918 23032 AND
2 1 22858 22857 23033 XOR
2 1 4138 23033 23034 AND
2 1 22917 23034 23035 AND
2 1 23032 23035 23036 AND
2 1 73 23036 23037 AND
2 1 22799 22918 23038 AND
2 1 22855 22854 23039 XOR
2 1 4138 23039 23040 AND
2 1 22917 23040 23041 AND
2 1 23038 23041 23042 AND
2 1 72 23042 23043 AND
2 1 22805 22918 23044 AND
2 1 22852 22851 23045 XOR
2 1 4138 23045 23046 AND
2 1 22917 23046 23047 AND
2 1 23044 23047 23048 AND
2 1 71 23048 23049 AND
2 1 22811 22918 23050 AND
2 1 22849 22848 23051 XOR
2 1 4138 23051 23052 AND
2 1 22917 23052 23053 AND
2 1 23050 23053 23054 AND
2 1 70 23054 23055 AND
2 1 22817 22918 23056 AND
2 1 22846 22845 23057 XOR
2 1 4138 23057 23058 AND
2 1 22917 23058 23059 AND
2 1 23056 23059 23060 AND
2 1 69 23060 23061 AND
2 1 22824 22918 23062 AND
2 1 22843 22842 23063 XOR
2 1 4138 23063 23064 AND
2 1 22917 23064 23065 AND
2 1 23062 23065 23066 AND
2 1 68 23066 23067 AND
2 1 22830 22918 23068 AND
2 1 22840 22839 23069 XOR
2 1 4138 23069 23070 AND
2 1 22917 23070 23071 AND
2 1 23068 23071 23072 AND
2 1 67 23072 23073 AND
2 1 22833 22918 23074 AND
2 1 65 22833 22834 AND
2 1 65 22833 22835 AND
2 1 22834 22835 23075 AND
2 1 23075 4055 23076 XOR
2 1 4138 23076 23077 AND
2 1 22917 23077 23078 AND
2 1 23074 23078 23079 AND
2 1 66 23079 23080 AND
2 1 4305 22917 23081 AND
2 1 36 23081 23082 AND
2 1 4310 22917 23083 AND
2 1 65 23083 23086 AND
2 1 23082 23086 23087 AND
2 1 4317 23087 23091 AND
2 1 23082 23083 23084 AND
2 1 4321 23084 23092 AND
2 1 23091 23092 23093 AND
2 1 23079 66 23094 XOR
2 1 23093 23094 23095 AND
2 1 23080 23095 23096 AND
2 1 23072 67 23097 XOR
2 1 23096 23097 23098 AND
2 1 23073 23098 23099 AND
2 1 23066 68 23100 XOR
2 1 23099 23100 23101 AND
2 1 23067 23101 23102 AND
2 1 23060 69 23103 XOR
2 1 23102 23103 23104 AND
2 1 23061 23104 23105 AND
2 1 23054 70 23106 XOR
2 1 23105 23106 23107 AND
2 1 23055 23107 23108 AND
2 1 23048 71 23109 XOR
2 1 23108 23109 23110 AND
2 1 23049 23110 23111 AND
2 1 23042 72 23112 XOR
2 1 23111 23112 23113 AND
2 1 23043 23113 23114 AND
2 1 23036 73 23115 XOR
2 1 23114 23115 23116 AND
2 1 23037 23116 23117 AND
2 1 23030 74 23118 XOR
2 1 23117 23118 23119 AND
2 1 23031 23119 23120 AND
2 1 23024 75 23121 XOR
2 1 23120 23121 23122 AND
2 1 23025 23122 23123 AND
2 1 23018 76 23124 XOR
2 1 23123 23124 23125 AND
2 1 23019 23125 23126 AND
2 1 23012 77 23127 XOR
2 1 23126 23127 23128 AND
2 1 23013 23128 23129 AND
2 1 23006 78 23130 XOR
2 1 23129 23130 23131 AND
2 1 23007 23131 23132 AND
2 1 23000 79 23133 XOR
2 1 23132 23133 23134 AND
2 1 23001 23134 23135 AND
2 1 22994 80 23136 XOR
2 1 23135 23136 23137 AND
2 1 22995 23137 23138 AND
2 1 22988 81 23139 XOR
2 1 23138 23139 23140 AND
2 1 22989 23140 23141 AND
2 1 22982 82 23142 XOR
2 1 23141 23142 23143 AND
2 1 22983 23143 23144 AND
2 1 22976 83 23145 XOR
2 1 23144 23145 23146 AND
2 1 22977 23146 23147 AND
2 1 22970 84 23148 XOR
2 1 23147 23148 23149 AND
2 1 22971 23149 23150 AND
2 1 22964 85 23151 XOR
2 1 23150 23151 23152 AND
2 1 22965 23152 23153 AND
2 1 22958 86 23154 XOR
2 1 23153 23154 23155 AND
2 1 22959 23155 23156 AND
2 1 22952 87 23157 XOR
2 1 23156 23157 23158 AND
2 1 22953 23158 23159 AND
2 1 22946 88 23160 XOR
2 1 23159 23160 23161 AND
2 1 22947 23161 23162 AND
2 1 22940 89 23163 XOR
2 1 23162 23163 23164 AND
2 1 22941 23164 23165 AND
2 1 22934 90 23166 XOR
2 1 23165 23166 23167 AND
2 1 22935 23167 23168 AND
2 1 22923 91 23169 XOR
2 1 23168 23169 23170 AND
2 1 22929 23170 23171 AND
2 1 22927 92 23172 XOR
2 1 23171 23172 23173 AND
2 1 22928 23173 23174 AND
2 1 4406 23174 23175 AND
2 1 22923 23175 23176 AND
2 1 23169 23168 23177 XOR
2 1 4406 23177 23178 AND
2 1 23174 23178 23179 AND
2 1 23176 23179 23180 AND
2 1 92 23180 23181 AND
2 1 22934 23175 23182 AND
2 1 23166 23165 23183 XOR
2 1 4406 23183 23184 AND
2 1 23174 23184 23185 AND
2 1 23182 23185 23186 AND
2 1 91 23186 23187 AND
2 1 22940 23175 23188 AND
2 1 23163 23162 23189 XOR
2 1 4406 23189 23190 AND
2 1 23174 23190 23191 AND
2 1 23188 23191 23192 AND
2 1 90 23192 23193 AND
2 1 22946 23175 23194 AND
2 1 23160 23159 23195 XOR
2 1 4406 23195 23196 AND
2 1 23174 23196 23197 AND
2 1 23194 23197 23198 AND
2 1 89 23198 23199 AND
2 1 22952 23175 23200 AND
2 1 23157 23156 23201 XOR
2 1 4406 23201 23202 AND
2 1 23174 23202 23203 AND
2 1 23200 23203 23204 AND
2 1 88 23204 23205 AND
2 1 22958 23175 23206 AND
2 1 23154 23153 23207 XOR
2 1 4406 23207 23208 AND
2 1 23174 23208 23209 AND
2 1 23206 23209 23210 AND
2 1 87 23210 23211 AND
2 1 22964 23175 23212 AND
2 1 23151 23150 23213 XOR
2 1 4406 23213 23214 AND
2 1 23174 23214 23215 AND
2 1 23212 23215 23216 AND
2 1 86 23216 23217 AND
2 1 22970 23175 23218 AND
2 1 23148 23147 23219 XOR
2 1 4406 23219 23220 AND
2 1 23174 23220 23221 AND
2 1 23218 23221 23222 AND
2 1 85 23222 23223 AND
2 1 22976 23175 23224 AND
2 1 23145 23144 23225 XOR
2 1 4406 23225 23226 AND
2 1 23174 23226 23227 AND
2 1 23224 23227 23228 AND
2 1 84 23228 23229 AND
2 1 22982 23175 23230 AND
2 1 23142 23141 23231 XOR
2 1 4406 23231 23232 AND
2 1 23174 23232 23233 AND
2 1 23230 23233 23234 AND
2 1 83 23234 23235 AND
2 1 22988 23175 23236 AND
2 1 23139 23138 23237 XOR
2 1 4406 23237 23238 AND
2 1 23174 23238 23239 AND
2 1 23236 23239 23240 AND
2 1 82 23240 23241 AND
2 1 22994 23175 23242 AND
2 1 23136 23135 23243 XOR
2 1 4406 23243 23244 AND
2 1 23174 23244 23245 AND
2 1 23242 23245 23246 AND
2 1 81 23246 23247 AND
2 1 23000 23175 23248 AND
2 1 23133 23132 23249 XOR
2 1 4406 23249 23250 AND
2 1 23174 23250 23251 AND
2 1 23248 23251 23252 AND
2 1 80 23252 23253 AND
2 1 23006 23175 23254 AND
2 1 23130 23129 23255 XOR
2 1 4406 23255 23256 AND
2 1 23174 23256 23257 AND
2 1 23254 23257 23258 AND
2 1 79 23258 23259 AND
2 1 23012 23175 23260 AND
2 1 23127 23126 23261 XOR
2 1 4406 23261 23262 AND
2 1 23174 23262 23263 AND
2 1 23260 23263 23264 AND
2 1 78 23264 23265 AND
2 1 23018 23175 23266 AND
2 1 23124 23123 23267 XOR
2 1 4406 23267 23268 AND
2 1 23174 23268 23269 AND
2 1 23266 23269 23270 AND
2 1 77 23270 23271 AND
2 1 23024 23175 23272 AND
2 1 23121 23120 23273 XOR
2 1 4406 23273 23274 AND
2 1 23174 23274 23275 AND
2 1 23272 23275 23276 AND
2 1 76 23276 23277 AND
2 1 23030 23175 23278 AND
2 1 23118 23117 23279 XOR
2 1 4406 23279 23280 AND
2 1 23174 23280 23281 AND
2 1 23278 23281 23282 AND
2 1 75 23282 23283 AND
2 1 23036 23175 23284 AND
2 1 23115 23114 23285 XOR
2 1 4406 23285 23286 AND
2 1 23174 23286 23287 AND
2 1 23284 23287 23288 AND
2 1 74 23288 23289 AND
2 1 23042 23175 23290 AND
2 1 23112 23111 23291 XOR
2 1 4406 23291 23292 AND
2 1 23174 23292 23293 AND
2 1 23290 23293 23294 AND
2 1 73 23294 23295 AND
2 1 23048 23175 23296 AND
2 1 23109 23108 23297 XOR
2 1 4406 23297 23298 AND
2 1 23174 23298 23299 AND
2 1 23296 23299 23300 AND
2 1 72 23300 23301 AND
2 1 23054 23175 23302 AND
2 1 23106 23105 23303 XOR
2 1 4406 23303 23304 AND
2 1 23174 23304 23305 AND
2 1 23302 23305 23306 AND
2 1 71 23306 23307 AND
2 1 23060 23175 23308 AND
2 1 23103 23102 23309 XOR
2 1 4406 23309 23310 AND
2 1 23174 23310 23311 AND
2 1 23308 23311 23312 AND
2 1 70 23312 23313 AND
2 1 23066 23175 23314 AND
2 1 23100 23099 23315 XOR
2 1 4406 23315 23316 AND
2 1 23174 23316 23317 AND
2 1 23314 23317 23318 AND
2 1 69 23318 23319 AND
2 1 23072 23175 23320 AND
2 1 23097 23096 23321 XOR
2 1 4406 23321 23322 AND
2 1 23174 23322 23323 AND
2 1 23320 23323 23324 AND
2 1 68 23324 23325 AND
2 1 23079 23175 23326 AND
2 1 65 23084 23085 AND
2 1 23085 23087 23088 AND
2 1 4317 23088 23089 AND
2 1 65 23084 23090 AND
2 1 23089 23090 23327 AND
2 1 23327 23094 23328 XOR
2 1 4406 23328 23329 AND
2 1 23174 23329 23330 AND
2 1 23326 23330 23331 AND
2 1 67 23331 23332 AND
2 1 23084 23175 23333 AND
2 1 23088 4317 23334 XOR
2 1 4406 23334 23335 AND
2 1 23174 23335 23336 AND
2 1 23333 23336 23337 AND
2 1 66 23337 23338 AND
2 1 4575 23174 23339 AND
2 1 35 23339 23340 AND
2 1 4580 23174 23341 AND
2 1 65 23341 23344 AND
2 1 23340 23344 23345 AND
2 1 4584 23345 23349 AND
2 1 23340 23341 23342 AND
2 1 4588 23342 23350 AND
2 1 23349 23350 23351 AND
2 1 23337 66 23352 XOR
2 1 23351 23352 23353 AND
2 1 23338 23353 23354 AND
2 1 23331 67 23355 XOR
2 1 23354 23355 23356 AND
2 1 23332 23356 23357 AND
2 1 23324 68 23358 XOR
2 1 23357 23358 23359 AND
2 1 23325 23359 23360 AND
2 1 23318 69 23361 XOR
2 1 23360 23361 23362 AND
2 1 23319 23362 23363 AND
2 1 23312 70 23364 XOR
2 1 23363 23364 23365 AND
2 1 23313 23365 23366 AND
2 1 23306 71 23367 XOR
2 1 23366 23367 23368 AND
2 1 23307 23368 23369 AND
2 1 23300 72 23370 XOR
2 1 23369 23370 23371 AND
2 1 23301 23371 23372 AND
2 1 23294 73 23373 XOR
2 1 23372 23373 23374 AND
2 1 23295 23374 23375 AND
2 1 23288 74 23376 XOR
2 1 23375 23376 23377 AND
2 1 23289 23377 23378 AND
2 1 23282 75 23379 XOR
2 1 23378 23379 23380 AND
2 1 23283 23380 23381 AND
2 1 23276 76 23382 XOR
2 1 23381 23382 23383 AND
2 1 23277 23383 23384 AND
2 1 23270 77 23385 XOR
2 1 23384 23385 23386 AND
2 1 23271 23386 23387 AND
2 1 23264 78 23388 XOR
2 1 23387 23388 23389 AND
2 1 23265 23389 23390 AND
2 1 23258 79 23391 XOR
2 1 23390 23391 23392 AND
2 1 23259 23392 23393 AND
2 1 23252 80 23394 XOR
2 1 23393 23394 23395 AND
2 1 23253 23395 23396 AND
2 1 23246 81 23397 XOR
2 1 23396 23397 23398 AND
2 1 23247 23398 23399 AND
2 1 23240 82 23400 XOR
2 1 23399 23400 23401 AND
2 1 23241 23401 23402 AND
2 1 23234 83 23403 XOR
2 1 23402 23403 23404 AND
2 1 23235 23404 23405 AND
2 1 23228 84 23406 XOR
2 1 23405 23406 23407 AND
2 1 23229 23407 23408 AND
2 1 23222 85 23409 XOR
2 1 23408 23409 23410 AND
2 1 23223 23410 23411 AND
2 1 23216 86 23412 XOR
2 1 23411 23412 23413 AND
2 1 23217 23413 23414 AND
2 1 23210 87 23415 XOR
2 1 23414 23415 23416 AND
2 1 23211 23416 23417 AND
2 1 23204 88 23418 XOR
2 1 23417 23418 23419 AND
2 1 23205 23419 23420 AND
2 1 23198 89 23421 XOR
2 1 23420 23421 23422 AND
2 1 23199 23422 23423 AND
2 1 23192 90 23424 XOR
2 1 23423 23424 23425 AND
2 1 23193 23425 23426 AND
2 1 23186 91 23427 XOR
2 1 23426 23427 23428 AND
2 1 23187 23428 23429 AND
2 1 23180 92 23430 XOR
2 1 23429 23430 23431 AND
2 1 23181 23431 23432 AND
2 1 22927 23175 23433 AND
2 1 23172 23171 23434 XOR
2 1 23175 23434 23435 AND
2 1 23433 23435 23436 AND
2 1 93 23436 23437 AND
2 1 93 23433 23438 AND
2 1 23435 23438 23439 AND
2 1 4681 23439 23440 AND
2 1 23437 23440 23441 AND
2 1 23432 23441 23442 AND
2 1 4406 23436 23443 AND
2 1 23442 23443 23444 AND
2 1 23430 23429 23445 XOR
2 1 23444 23445 23446 AND
2 1 23180 23443 23447 AND
2 1 23442 23447 23448 AND
2 1 23446 23448 23449 AND
2 1 23437 23439 23450 AND
2 1 23450 23432 23451 XOR
2 1 23444 23451 23452 AND
2 1 4406 22927 23453 AND
2 1 23442 23453 23454 AND
2 1 23452 23454 23455 AND
2 1 94 23455 23456 AND
2 1 93 23449 23457 AND
2 1 23427 23426 23458 XOR
2 1 23444 23458 23459 AND
2 1 23186 23443 23460 AND
2 1 23442 23460 23461 AND
2 1 23459 23461 23462 AND
2 1 92 23462 23463 AND
2 1 23424 23423 23464 XOR
2 1 23444 23464 23465 AND
2 1 23192 23443 23466 AND
2 1 23442 23466 23467 AND
2 1 23465 23467 23468 AND
2 1 91 23468 23469 AND
2 1 23421 23420 23470 XOR
2 1 23444 23470 23471 AND
2 1 23198 23443 23472 AND
2 1 23442 23472 23473 AND
2 1 23471 23473 23474 AND
2 1 90 23474 23475 AND
2 1 23418 23417 23476 XOR
2 1 23444 23476 23477 AND
2 1 23204 23443 23478 AND
2 1 23442 23478 23479 AND
2 1 23477 23479 23480 AND
2 1 89 23480 23481 AND
2 1 23415 23414 23482 XOR
2 1 23444 23482 23483 AND
2 1 23210 23443 23484 AND
2 1 23442 23484 23485 AND
2 1 23483 23485 23486 AND
2 1 88 23486 23487 AND
2 1 23412 23411 23488 XOR
2 1 23444 23488 23489 AND
2 1 23216 23443 23490 AND
2 1 23442 23490 23491 AND
2 1 23489 23491 23492 AND
2 1 87 23492 23493 AND
2 1 23409 23408 23494 XOR
2 1 23444 23494 23495 AND
2 1 23222 23443 23496 AND
2 1 23442 23496 23497 AND
2 1 23495 23497 23498 AND
2 1 86 23498 23499 AND
2 1 23406 23405 23500 XOR
2 1 23444 23500 23501 AND
2 1 23228 23443 23502 AND
2 1 23442 23502 23503 AND
2 1 23501 23503 23504 AND
2 1 85 23504 23505 AND
2 1 23403 23402 23506 XOR
2 1 23444 23506 23507 AND
2 1 23234 23443 23508 AND
2 1 23442 23508 23509 AND
2 1 23507 23509 23510 AND
2 1 84 23510 23511 AND
2 1 23400 23399 23512 XOR
2 1 23444 23512 23513 AND
2 1 23240 23443 23514 AND
2 1 23442 23514 23515 AND
2 1 23513 23515 23516 AND
2 1 83 23516 23517 AND
2 1 23397 23396 23518 XOR
2 1 23444 23518 23519 AND
2 1 23246 23443 23520 AND
2 1 23442 23520 23521 AND
2 1 23519 23521 23522 AND
2 1 82 23522 23523 AND
2 1 23394 23393 23524 XOR
2 1 23444 23524 23525 AND
2 1 23252 23443 23526 AND
2 1 23442 23526 23527 AND
2 1 23525 23527 23528 AND
2 1 81 23528 23529 AND
2 1 23391 23390 23530 XOR
2 1 23444 23530 23531 AND
2 1 23258 23443 23532 AND
2 1 23442 23532 23533 AND
2 1 23531 23533 23534 AND
2 1 80 23534 23535 AND
2 1 23388 23387 23536 XOR
2 1 23444 23536 23537 AND
2 1 23264 23443 23538 AND
2 1 23442 23538 23539 AND
2 1 23537 23539 23540 AND
2 1 79 23540 23541 AND
2 1 23385 23384 23542 XOR
2 1 23444 23542 23543 AND
2 1 23270 23443 23544 AND
2 1 23442 23544 23545 AND
2 1 23543 23545 23546 AND
2 1 78 23546 23547 AND
2 1 23382 23381 23548 XOR
2 1 23444 23548 23549 AND
2 1 23276 23443 23550 AND
2 1 23442 23550 23551 AND
2 1 23549 23551 23552 AND
2 1 77 23552 23553 AND
2 1 23379 23378 23554 XOR
2 1 23444 23554 23555 AND
2 1 23282 23443 23556 AND
2 1 23442 23556 23557 AND
2 1 23555 23557 23558 AND
2 1 76 23558 23559 AND
2 1 23376 23375 23560 XOR
2 1 23444 23560 23561 AND
2 1 23288 23443 23562 AND
2 1 23442 23562 23563 AND
2 1 23561 23563 23564 AND
2 1 75 23564 23565 AND
2 1 23373 23372 23566 XOR
2 1 23444 23566 23567 AND
2 1 23294 23443 23568 AND
2 1 23442 23568 23569 AND
2 1 23567 23569 23570 AND
2 1 74 23570 23571 AND
2 1 23370 23369 23572 XOR
2 1 23444 23572 23573 AND
2 1 23300 23443 23574 AND
2 1 23442 23574 23575 AND
2 1 23573 23575 23576 AND
2 1 73 23576 23577 AND
2 1 23367 23366 23578 XOR
2 1 23444 23578 23579 AND
2 1 23306 23443 23580 AND
2 1 23442 23580 23581 AND
2 1 23579 23581 23582 AND
2 1 72 23582 23583 AND
2 1 23364 23363 23584 XOR
2 1 23444 23584 23585 AND
2 1 23312 23443 23586 AND
2 1 23442 23586 23587 AND
2 1 23585 23587 23588 AND
2 1 71 23588 23589 AND
2 1 23361 23360 23590 XOR
2 1 23444 23590 23591 AND
2 1 23318 23443 23592 AND
2 1 23442 23592 23593 AND
2 1 23591 23593 23594 AND
2 1 70 23594 23595 AND
2 1 23358 23357 23596 XOR
2 1 23444 23596 23597 AND
2 1 23324 23443 23598 AND
2 1 23442 23598 23599 AND
2 1 23597 23599 23600 AND
2 1 69 23600 23601 AND
2 1 23355 23354 23602 XOR
2 1 23444 23602 23603 AND
2 1 23331 23443 23604 AND
2 1 23442 23604 23605 AND
2 1 23603 23605 23606 AND
2 1 68 23606 23607 AND
2 1 65 23342 23343 AND
2 1 23343 23345 23346 AND
2 1 4584 23346 23347 AND
2 1 65 23342 23348 AND
2 1 23347 23348 23608 AND
2 1 23608 23352 23609 XOR
2 1 23444 23609 23610 AND
2 1 23337 23443 23611 AND
2 1 23442 23611 23612 AND
2 1 23610 23612 23613 AND
2 1 67 23613 23614 AND
2 1 23346 4584 23615 XOR
2 1 23444 23615 23616 AND
2 1 23342 23443 23617 AND
2 1 23442 23617 23618 AND
2 1 23616 23618 23619 AND
2 1 66 23619 23620 AND
2 1 64 23444 23621 AND
2 1 23621 4868 23625 XOR
2 1 4870 23625 23626 AND
2 1 23621 34 23622 XOR
2 1 65 23622 23627 AND
2 1 23626 23627 23628 AND
2 1 23619 66 23629 XOR
2 1 23628 23629 23630 AND
2 1 23620 23630 23631 AND
2 1 23613 67 23632 XOR
2 1 23631 23632 23633 AND
2 1 23614 23633 23634 AND
2 1 23606 68 23635 XOR
2 1 23634 23635 23636 AND
2 1 23607 23636 23637 AND
2 1 23600 69 23638 XOR
2 1 23637 23638 23639 AND
2 1 23601 23639 23640 AND
2 1 23594 70 23641 XOR
2 1 23640 23641 23642 AND
2 1 23595 23642 23643 AND
2 1 23588 71 23644 XOR
2 1 23643 23644 23645 AND
2 1 23589 23645 23646 AND
2 1 23582 72 23647 XOR
2 1 23646 23647 23648 AND
2 1 23583 23648 23649 AND
2 1 23576 73 23650 XOR
2 1 23649 23650 23651 AND
2 1 23577 23651 23652 AND
2 1 23570 74 23653 XOR
2 1 23652 23653 23654 AND
2 1 23571 23654 23655 AND
2 1 23564 75 23656 XOR
2 1 23655 23656 23657 AND
2 1 23565 23657 23658 AND
2 1 23558 76 23659 XOR
2 1 23658 23659 23660 AND
2 1 23559 23660 23661 AND
2 1 23552 77 23662 XOR
2 1 23661 23662 23663 AND
2 1 23553 23663 23664 AND
2 1 23546 78 23665 XOR
2 1 23664 23665 23666 AND
2 1 23547 23666 23667 AND
2 1 23540 79 23668 XOR
2 1 23667 23668 23669 AND
2 1 23541 23669 23670 AND
2 1 23534 80 23671 XOR
2 1 23670 23671 23672 AND
2 1 23535 23672 23673 AND
2 1 23528 81 23674 XOR
2 1 23673 23674 23675 AND
2 1 23529 23675 23676 AND
2 1 23522 82 23677 XOR
2 1 23676 23677 23678 AND
2 1 23523 23678 23679 AND
2 1 23516 83 23680 XOR
2 1 23679 23680 23681 AND
2 1 23517 23681 23682 AND
2 1 23510 84 23683 XOR
2 1 23682 23683 23684 AND
2 1 23511 23684 23685 AND
2 1 23504 85 23686 XOR
2 1 23685 23686 23687 AND
2 1 23505 23687 23688 AND
2 1 23498 86 23689 XOR
2 1 23688 23689 23690 AND
2 1 23499 23690 23691 AND
2 1 23492 87 23692 XOR
2 1 23691 23692 23693 AND
2 1 23493 23693 23694 AND
2 1 23486 88 23695 XOR
2 1 23694 23695 23696 AND
2 1 23487 23696 23697 AND
2 1 23480 89 23698 XOR
2 1 23697 23698 23699 AND
2 1 23481 23699 23700 AND
2 1 23474 90 23701 XOR
2 1 23700 23701 23702 AND
2 1 23475 23702 23703 AND
2 1 23468 91 23704 XOR
2 1 23703 23704 23705 AND
2 1 23469 23705 23706 AND
2 1 23462 92 23707 XOR
2 1 23706 23707 23708 AND
2 1 23463 23708 23709 AND
2 1 23449 93 23710 XOR
2 1 23709 23710 23711 AND
2 1 23457 23711 23712 AND
2 1 23455 94 23713 XOR
2 1 23712 23713 23714 AND
2 1 23456 23714 23715 AND
2 1 4963 23715 23716 AND
2 1 23449 23716 23717 AND
2 1 23710 23709 23718 XOR
2 1 4963 23718 23719 AND
2 1 23715 23719 23720 AND
2 1 23717 23720 23721 AND
2 1 23455 23716 23722 AND
2 1 23713 23712 23723 XOR
2 1 23716 23723 23724 AND
2 1 23722 23724 23725 AND
2 1 95 23725 23726 AND
2 1 94 23721 23727 AND
2 1 23462 23716 23728 AND
2 1 23707 23706 23729 XOR
2 1 4963 23729 23730 AND
2 1 23715 23730 23731 AND
2 1 23728 23731 23732 AND
2 1 93 23732 23733 AND
2 1 23468 23716 23734 AND
2 1 23704 23703 23735 XOR
2 1 4963 23735 23736 AND
2 1 23715 23736 23737 AND
2 1 23734 23737 23738 AND
2 1 92 23738 23739 AND
2 1 23474 23716 23740 AND
2 1 23701 23700 23741 XOR
2 1 4963 23741 23742 AND
2 1 23715 23742 23743 AND
2 1 23740 23743 23744 AND
2 1 91 23744 23745 AND
2 1 23480 23716 23746 AND
2 1 23698 23697 23747 XOR
2 1 4963 23747 23748 AND
2 1 23715 23748 23749 AND
2 1 23746 23749 23750 AND
2 1 90 23750 23751 AND
2 1 23486 23716 23752 AND
2 1 23695 23694 23753 XOR
2 1 4963 23753 23754 AND
2 1 23715 23754 23755 AND
2 1 23752 23755 23756 AND
2 1 89 23756 23757 AND
2 1 23492 23716 23758 AND
2 1 23692 23691 23759 XOR
2 1 4963 23759 23760 AND
2 1 23715 23760 23761 AND
2 1 23758 23761 23762 AND
2 1 88 23762 23763 AND
2 1 23498 23716 23764 AND
2 1 23689 23688 23765 XOR
2 1 4963 23765 23766 AND
2 1 23715 23766 23767 AND
2 1 23764 23767 23768 AND
2 1 87 23768 23769 AND
2 1 23504 23716 23770 AND
2 1 23686 23685 23771 XOR
2 1 4963 23771 23772 AND
2 1 23715 23772 23773 AND
2 1 23770 23773 23774 AND
2 1 86 23774 23775 AND
2 1 23510 23716 23776 AND
2 1 23683 23682 23777 XOR
2 1 4963 23777 23778 AND
2 1 23715 23778 23779 AND
2 1 23776 23779 23780 AND
2 1 85 23780 23781 AND
2 1 23516 23716 23782 AND
2 1 23680 23679 23783 XOR
2 1 4963 23783 23784 AND
2 1 23715 23784 23785 AND
2 1 23782 23785 23786 AND
2 1 84 23786 23787 AND
2 1 23522 23716 23788 AND
2 1 23677 23676 23789 XOR
2 1 4963 23789 23790 AND
2 1 23715 23790 23791 AND
2 1 23788 23791 23792 AND
2 1 83 23792 23793 AND
2 1 23528 23716 23794 AND
2 1 23674 23673 23795 XOR
2 1 4963 23795 23796 AND
2 1 23715 23796 23797 AND
2 1 23794 23797 23798 AND
2 1 82 23798 23799 AND
2 1 23534 23716 23800 AND
2 1 23671 23670 23801 XOR
2 1 4963 23801 23802 AND
2 1 23715 23802 23803 AND
2 1 23800 23803 23804 AND
2 1 81 23804 23805 AND
2 1 23540 23716 23806 AND
2 1 23668 23667 23807 XOR
2 1 4963 23807 23808 AND
2 1 23715 23808 23809 AND
2 1 23806 23809 23810 AND
2 1 80 23810 23811 AND
2 1 23546 23716 23812 AND
2 1 23665 23664 23813 XOR
2 1 4963 23813 23814 AND
2 1 23715 23814 23815 AND
2 1 23812 23815 23816 AND
2 1 79 23816 23817 AND
2 1 23552 23716 23818 AND
2 1 23662 23661 23819 XOR
2 1 4963 23819 23820 AND
2 1 23715 23820 23821 AND
2 1 23818 23821 23822 AND
2 1 78 23822 23823 AND
2 1 23558 23716 23824 AND
2 1 23659 23658 23825 XOR
2 1 4963 23825 23826 AND
2 1 23715 23826 23827 AND
2 1 23824 23827 23828 AND
2 1 77 23828 23829 AND
2 1 23564 23716 23830 AND
2 1 23656 23655 23831 XOR
2 1 4963 23831 23832 AND
2 1 23715 23832 23833 AND
2 1 23830 23833 23834 AND
2 1 76 23834 23835 AND
2 1 23570 23716 23836 AND
2 1 23653 23652 23837 XOR
2 1 4963 23837 23838 AND
2 1 23715 23838 23839 AND
2 1 23836 23839 23840 AND
2 1 75 23840 23841 AND
2 1 23576 23716 23842 AND
2 1 23650 23649 23843 XOR
2 1 4963 23843 23844 AND
2 1 23715 23844 23845 AND
2 1 23842 23845 23846 AND
2 1 74 23846 23847 AND
2 1 23582 23716 23848 AND
2 1 23647 23646 23849 XOR
2 1 4963 23849 23850 AND
2 1 23715 23850 23851 AND
2 1 23848 23851 23852 AND
2 1 73 23852 23853 AND
2 1 23588 23716 23854 AND
2 1 23644 23643 23855 XOR
2 1 4963 23855 23856 AND
2 1 23715 23856 23857 AND
2 1 23854 23857 23858 AND
2 1 72 23858 23859 AND
2 1 23594 23716 23860 AND
2 1 23641 23640 23861 XOR
2 1 4963 23861 23862 AND
2 1 23715 23862 23863 AND
2 1 23860 23863 23864 AND
2 1 71 23864 23865 AND
2 1 23600 23716 23866 AND
2 1 23638 23637 23867 XOR
2 1 4963 23867 23868 AND
2 1 23715 23868 23869 AND
2 1 23866 23869 23870 AND
2 1 70 23870 23871 AND
2 1 23606 23716 23872 AND
2 1 23635 23634 23873 XOR
2 1 4963 23873 23874 AND
2 1 23715 23874 23875 AND
2 1 23872 23875 23876 AND
2 1 69 23876 23877 AND
2 1 23613 23716 23878 AND
2 1 23632 23631 23879 XOR
2 1 4963 23879 23880 AND
2 1 23715 23880 23881 AND
2 1 23878 23881 23882 AND
2 1 68 23882 23883 AND
2 1 23619 23716 23884 AND
2 1 23629 23628 23885 XOR
2 1 4963 23885 23886 AND
2 1 23715 23886 23887 AND
2 1 23884 23887 23888 AND
2 1 67 23888 23889 AND
2 1 23622 23716 23890 AND
2 1 65 23622 23623 AND
2 1 65 23622 23624 AND
2 1 23623 23624 23891 AND
2 1 23891 4870 23892 XOR
2 1 4963 23892 23893 AND
2 1 23715 23893 23894 AND
2 1 23890 23894 23895 AND
2 1 66 23895 23896 AND
2 1 5148 23715 23897 AND
2 1 33 23897 23898 AND
2 1 5154 23715 23899 AND
2 1 65 23899 23902 AND
2 1 23898 23902 23903 AND
2 1 5161 23903 23907 AND
2 1 23898 23899 23900 AND
2 1 5165 23900 23908 AND
2 1 23907 23908 23909 AND
2 1 23895 66 23910 XOR
2 1 23909 23910 23911 AND
2 1 23896 23911 23912 AND
2 1 23888 67 23913 XOR
2 1 23912 23913 23914 AND
2 1 23889 23914 23915 AND
2 1 23882 68 23916 XOR
2 1 23915 23916 23917 AND
2 1 23883 23917 23918 AND
2 1 23876 69 23919 XOR
2 1 23918 23919 23920 AND
2 1 23877 23920 23921 AND
2 1 23870 70 23922 XOR
2 1 23921 23922 23923 AND
2 1 23871 23923 23924 AND
2 1 23864 71 23925 XOR
2 1 23924 23925 23926 AND
2 1 23865 23926 23927 AND
2 1 23858 72 23928 XOR
2 1 23927 23928 23929 AND
2 1 23859 23929 23930 AND
2 1 23852 73 23931 XOR
2 1 23930 23931 23932 AND
2 1 23853 23932 23933 AND
2 1 23846 74 23934 XOR
2 1 23933 23934 23935 AND
2 1 23847 23935 23936 AND
2 1 23840 75 23937 XOR
2 1 23936 23937 23938 AND
2 1 23841 23938 23939 AND
2 1 23834 76 23940 XOR
2 1 23939 23940 23941 AND
2 1 23835 23941 23942 AND
2 1 23828 77 23943 XOR
2 1 23942 23943 23944 AND
2 1 23829 23944 23945 AND
2 1 23822 78 23946 XOR
2 1 23945 23946 23947 AND
2 1 23823 23947 23948 AND
2 1 23816 79 23949 XOR
2 1 23948 23949 23950 AND
2 1 23817 23950 23951 AND
2 1 23810 80 23952 XOR
2 1 23951 23952 23953 AND
2 1 23811 23953 23954 AND
2 1 23804 81 23955 XOR
2 1 23954 23955 23956 AND
2 1 23805 23956 23957 AND
2 1 23798 82 23958 XOR
2 1 23957 23958 23959 AND
2 1 23799 23959 23960 AND
2 1 23792 83 23961 XOR
2 1 23960 23961 23962 AND
2 1 23793 23962 23963 AND
2 1 23786 84 23964 XOR
2 1 23963 23964 23965 AND
2 1 23787 23965 23966 AND
2 1 23780 85 23967 XOR
2 1 23966 23967 23968 AND
2 1 23781 23968 23969 AND
2 1 23774 86 23970 XOR
2 1 23969 23970 23971 AND
2 1 23775 23971 23972 AND
2 1 23768 87 23973 XOR
2 1 23972 23973 23974 AND
2 1 23769 23974 23975 AND
2 1 23762 88 23976 XOR
2 1 23975 23976 23977 AND
2 1 23763 23977 23978 AND
2 1 23756 89 23979 XOR
2 1 23978 23979 23980 AND
2 1 23757 23980 23981 AND
2 1 23750 90 23982 XOR
2 1 23981 23982 23983 AND
2 1 23751 23983 23984 AND
2 1 23744 91 23985 XOR
2 1 23984 23985 23986 AND
2 1 23745 23986 23987 AND
2 1 23738 92 23988 XOR
2 1 23987 23988 23989 AND
2 1 23739 23989 23990 AND
2 1 23732 93 23991 XOR
2 1 23990 23991 23992 AND
2 1 23733 23992 23993 AND
2 1 23721 94 23994 XOR
2 1 23993 23994 23995 AND
2 1 23727 23995 23996 AND
2 1 23725 95 23997 XOR
2 1 23996 23997 23998 AND
2 1 23726 23998 23999 AND
2 1 301 23999 24000 AND
2 1 23721 24000 24001 AND
2 1 23994 23993 24002 XOR
2 1 301 24002 24003 AND
2 1 23999 24003 24004 AND
2 1 24001 24004 24005 AND
2 1 95 24005 24006 AND
2 1 23732 24000 24007 AND
2 1 23991 23990 24008 XOR
2 1 301 24008 24009 AND
2 1 23999 24009 24010 AND
2 1 24007 24010 24011 AND
2 1 94 24011 24012 AND
2 1 23738 24000 24013 AND
2 1 23988 23987 24014 XOR
2 1 301 24014 24015 AND
2 1 23999 24015 24016 AND
2 1 24013 24016 24017 AND
2 1 93 24017 24018 AND
2 1 23744 24000 24019 AND
2 1 23985 23984 24020 XOR
2 1 301 24020 24021 AND
2 1 23999 24021 24022 AND
2 1 24019 24022 24023 AND
2 1 92 24023 24024 AND
2 1 23750 24000 24025 AND
2 1 23982 23981 24026 XOR
2 1 301 24026 24027 AND
2 1 23999 24027 24028 AND
2 1 24025 24028 24029 AND
2 1 91 24029 24030 AND
2 1 23756 24000 24031 AND
2 1 23979 23978 24032 XOR
2 1 301 24032 24033 AND
2 1 23999 24033 24034 AND
2 1 24031 24034 24035 AND
2 1 90 24035 24036 AND
2 1 23762 24000 24037 AND
2 1 23976 23975 24038 XOR
2 1 301 24038 24039 AND
2 1 23999 24039 24040 AND
2 1 24037 24040 24041 AND
2 1 89 24041 24042 AND
2 1 23768 24000 24043 AND
2 1 23973 23972 24044 XOR
2 1 301 24044 24045 AND
2 1 23999 24045 24046 AND
2 1 24043 24046 24047 AND
2 1 88 24047 24048 AND
2 1 23774 24000 24049 AND
2 1 23970 23969 24050 XOR
2 1 301 24050 24051 AND
2 1 23999 24051 24052 AND
2 1 24049 24052 24053 AND
2 1 87 24053 24054 AND
2 1 23780 24000 24055 AND
2 1 23967 23966 24056 XOR
2 1 301 24056 24057 AND
2 1 23999 24057 24058 AND
2 1 24055 24058 24059 AND
2 1 86 24059 24060 AND
2 1 23786 24000 24061 AND
2 1 23964 23963 24062 XOR
2 1 301 24062 24063 AND
2 1 23999 24063 24064 AND
2 1 24061 24064 24065 AND
2 1 85 24065 24066 AND
2 1 23792 24000 24067 AND
2 1 23961 23960 24068 XOR
2 1 301 24068 24069 AND
2 1 23999 24069 24070 AND
2 1 24067 24070 24071 AND
2 1 84 24071 24072 AND
2 1 23798 24000 24073 AND
2 1 23958 23957 24074 XOR
2 1 301 24074 24075 AND
2 1 23999 24075 24076 AND
2 1 24073 24076 24077 AND
2 1 83 24077 24078 AND
2 1 23804 24000 24079 AND
2 1 23955 23954 24080 XOR
2 1 301 24080 24081 AND
2 1 23999 24081 24082 AND
2 1 24079 24082 24083 AND
2 1 82 24083 24084 AND
2 1 23810 24000 24085 AND
2 1 23952 23951 24086 XOR
2 1 301 24086 24087 AND
2 1 23999 24087 24088 AND
2 1 24085 24088 24089 AND
2 1 81 24089 24090 AND
2 1 23816 24000 24091 AND
2 1 23949 23948 24092 XOR
2 1 301 24092 24093 AND
2 1 23999 24093 24094 AND
2 1 24091 24094 24095 AND
2 1 80 24095 24096 AND
2 1 23822 24000 24097 AND
2 1 23946 23945 24098 XOR
2 1 301 24098 24099 AND
2 1 23999 24099 24100 AND
2 1 24097 24100 24101 AND
2 1 79 24101 24102 AND
2 1 23828 24000 24103 AND
2 1 23943 23942 24104 XOR
2 1 301 24104 24105 AND
2 1 23999 24105 24106 AND
2 1 24103 24106 24107 AND
2 1 78 24107 24108 AND
2 1 23834 24000 24109 AND
2 1 23940 23939 24110 XOR
2 1 301 24110 24111 AND
2 1 23999 24111 24112 AND
2 1 24109 24112 24113 AND
2 1 77 24113 24114 AND
2 1 23840 24000 24115 AND
2 1 23937 23936 24116 XOR
2 1 301 24116 24117 AND
2 1 23999 24117 24118 AND
2 1 24115 24118 24119 AND
2 1 76 24119 24120 AND
2 1 23846 24000 24121 AND
2 1 23934 23933 24122 XOR
2 1 301 24122 24123 AND
2 1 23999 24123 24124 AND
2 1 24121 24124 24125 AND
2 1 75 24125 24126 AND
2 1 23852 24000 24127 AND
2 1 23931 23930 24128 XOR
2 1 301 24128 24129 AND
2 1 23999 24129 24130 AND
2 1 24127 24130 24131 AND
2 1 74 24131 24132 AND
2 1 23858 24000 24133 AND
2 1 23928 23927 24134 XOR
2 1 301 24134 24135 AND
2 1 23999 24135 24136 AND
2 1 24133 24136 24137 AND
2 1 73 24137 24138 AND
2 1 23864 24000 24139 AND
2 1 23925 23924 24140 XOR
2 1 301 24140 24141 AND
2 1 23999 24141 24142 AND
2 1 24139 24142 24143 AND
2 1 72 24143 24144 AND
2 1 23870 24000 24145 AND
2 1 23922 23921 24146 XOR
2 1 301 24146 24147 AND
2 1 23999 24147 24148 AND
2 1 24145 24148 24149 AND
2 1 71 24149 24150 AND
2 1 23876 24000 24151 AND
2 1 23919 23918 24152 XOR
2 1 301 24152 24153 AND
2 1 23999 24153 24154 AND
2 1 24151 24154 24155 AND
2 1 70 24155 24156 AND
2 1 23882 24000 24157 AND
2 1 23916 23915 24158 XOR
2 1 301 24158 24159 AND
2 1 23999 24159 24160 AND
2 1 24157 24160 24161 AND
2 1 69 24161 24162 AND
2 1 23888 24000 24163 AND
2 1 23913 23912 24164 XOR
2 1 301 24164 24165 AND
2 1 23999 24165 24166 AND
2 1 24163 24166 24167 AND
2 1 68 24167 24168 AND
2 1 23895 24000 24169 AND
2 1 65 23900 23901 AND
2 1 23901 23903 23904 AND
2 1 5161 23904 23905 AND
2 1 65 23900 23906 AND
2 1 23905 23906 24170 AND
2 1 24170 23910 24171 XOR
2 1 301 24171 24172 AND
2 1 23999 24172 24173 AND
2 1 24169 24173 24174 AND
2 1 67 24174 24175 AND
2 1 23900 24000 24176 AND
2 1 23904 5161 24177 XOR
2 1 301 24177 24178 AND
2 1 23999 24178 24179 AND
2 1 24176 24179 24180 AND
2 1 66 24180 24181 AND
2 1 5443 23999 24182 AND
2 1 32 24182 24183 AND
2 1 5448 23999 24184 AND
2 1 65 24184 24187 AND
2 1 24183 24187 24188 AND
2 1 5452 24188 24192 AND
2 1 24183 24184 24185 AND
2 1 5456 24185 24193 AND
2 1 24192 24193 24194 AND
2 1 24180 66 24195 XOR
2 1 24194 24195 24196 AND
2 1 24181 24196 24197 AND
2 1 24174 67 24198 XOR
2 1 24197 24198 24199 AND
2 1 24175 24199 24200 AND
2 1 24167 68 24201 XOR
2 1 24200 24201 24202 AND
2 1 24168 24202 24203 AND
2 1 24161 69 24204 XOR
2 1 24203 24204 24205 AND
2 1 24162 24205 24206 AND
2 1 24155 70 24207 XOR
2 1 24206 24207 24208 AND
2 1 24156 24208 24209 AND
2 1 24149 71 24210 XOR
2 1 24209 24210 24211 AND
2 1 24150 24211 24212 AND
2 1 24143 72 24213 XOR
2 1 24212 24213 24214 AND
2 1 24144 24214 24215 AND
2 1 24137 73 24216 XOR
2 1 24215 24216 24217 AND
2 1 24138 24217 24218 AND
2 1 24131 74 24219 XOR
2 1 24218 24219 24220 AND
2 1 24132 24220 24221 AND
2 1 24125 75 24222 XOR
2 1 24221 24222 24223 AND
2 1 24126 24223 24224 AND
2 1 24119 76 24225 XOR
2 1 24224 24225 24226 AND
2 1 24120 24226 24227 AND
2 1 24113 77 24228 XOR
2 1 24227 24228 24229 AND
2 1 24114 24229 24230 AND
2 1 24107 78 24231 XOR
2 1 24230 24231 24232 AND
2 1 24108 24232 24233 AND
2 1 24101 79 24234 XOR
2 1 24233 24234 24235 AND
2 1 24102 24235 24236 AND
2 1 24095 80 24237 XOR
2 1 24236 24237 24238 AND
2 1 24096 24238 24239 AND
2 1 24089 81 24240 XOR
2 1 24239 24240 24241 AND
2 1 24090 24241 24242 AND
2 1 24083 82 24243 XOR
2 1 24242 24243 24244 AND
2 1 24084 24244 24245 AND
2 1 24077 83 24246 XOR
2 1 24245 24246 24247 AND
2 1 24078 24247 24248 AND
2 1 24071 84 24249 XOR
2 1 24248 24249 24250 AND
2 1 24072 24250 24251 AND
2 1 24065 85 24252 XOR
2 1 24251 24252 24253 AND
2 1 24066 24253 24254 AND
2 1 24059 86 24255 XOR
2 1 24254 24255 24256 AND
2 1 24060 24256 24257 AND
2 1 24053 87 24258 XOR
2 1 24257 24258 24259 AND
2 1 24054 24259 24260 AND
2 1 24047 88 24261 XOR
2 1 24260 24261 24262 AND
2 1 24048 24262 24263 AND
2 1 24041 89 24264 XOR
2 1 24263 24264 24265 AND
2 1 24042 24265 24266 AND
2 1 24035 90 24267 XOR
2 1 24266 24267 24268 AND
2 1 24036 24268 24269 AND
2 1 24029 91 24270 XOR
2 1 24269 24270 24271 AND
2 1 24030 24271 24272 AND
2 1 24023 92 24273 XOR
2 1 24272 24273 24274 AND
2 1 24024 24274 24275 AND
2 1 24017 93 24276 XOR
2 1 24275 24276 24277 AND
2 1 24018 24277 24278 AND
2 1 24011 94 24279 XOR
2 1 24278 24279 24280 AND
2 1 24012 24280 24281 AND
2 1 24005 95 24282 XOR
2 1 24281 24282 24283 AND
2 1 24006 24283 24284 AND
2 1 23725 24000 24285 AND
2 1 23997 23996 24286 XOR
2 1 24000 24286 24287 AND
2 1 24285 24287 24288 AND
2 1 96 24288 24289 AND
2 1 96 24285 24290 AND
2 1 24287 24290 24291 AND
2 1 293 24291 24292 AND
2 1 24289 24292 24293 AND
2 1 24284 24293 24294 AND
2 1 301 24288 24295 AND
2 1 24294 24295 24296 AND
2 1 24282 24281 24297 XOR
2 1 24296 24297 24298 AND
2 1 24005 24295 24299 AND
2 1 24294 24299 24300 AND
2 1 24298 24300 24301 AND
2 1 24289 24291 24302 AND
2 1 24302 24284 24303 XOR
2 1 24296 24303 24304 AND
2 1 301 23725 24305 AND
2 1 24294 24305 24306 AND
2 1 24304 24306 24307 AND
2 1 97 24307 24308 AND
2 1 96 24301 24309 AND
2 1 24279 24278 24310 XOR
2 1 24296 24310 24311 AND
2 1 24011 24295 24312 AND
2 1 24294 24312 24313 AND
2 1 24311 24313 24314 AND
2 1 95 24314 24315 AND
2 1 24276 24275 24316 XOR
2 1 24296 24316 24317 AND
2 1 24017 24295 24318 AND
2 1 24294 24318 24319 AND
2 1 24317 24319 24320 AND
2 1 94 24320 24321 AND
2 1 24273 24272 24322 XOR
2 1 24296 24322 24323 AND
2 1 24023 24295 24324 AND
2 1 24294 24324 24325 AND
2 1 24323 24325 24326 AND
2 1 93 24326 24327 AND
2 1 24270 24269 24328 XOR
2 1 24296 24328 24329 AND
2 1 24029 24295 24330 AND
2 1 24294 24330 24331 AND
2 1 24329 24331 24332 AND
2 1 92 24332 24333 AND
2 1 24267 24266 24334 XOR
2 1 24296 24334 24335 AND
2 1 24035 24295 24336 AND
2 1 24294 24336 24337 AND
2 1 24335 24337 24338 AND
2 1 91 24338 24339 AND
2 1 24264 24263 24340 XOR
2 1 24296 24340 24341 AND
2 1 24041 24295 24342 AND
2 1 24294 24342 24343 AND
2 1 24341 24343 24344 AND
2 1 90 24344 24345 AND
2 1 24261 24260 24346 XOR
2 1 24296 24346 24347 AND
2 1 24047 24295 24348 AND
2 1 24294 24348 24349 AND
2 1 24347 24349 24350 AND
2 1 89 24350 24351 AND
2 1 24258 24257 24352 XOR
2 1 24296 24352 24353 AND
2 1 24053 24295 24354 AND
2 1 24294 24354 24355 AND
2 1 24353 24355 24356 AND
2 1 88 24356 24357 AND
2 1 24255 24254 24358 XOR
2 1 24296 24358 24359 AND
2 1 24059 24295 24360 AND
2 1 24294 24360 24361 AND
2 1 24359 24361 24362 AND
2 1 87 24362 24363 AND
2 1 24252 24251 24364 XOR
2 1 24296 24364 24365 AND
2 1 24065 24295 24366 AND
2 1 24294 24366 24367 AND
2 1 24365 24367 24368 AND
2 1 86 24368 24369 AND
2 1 24249 24248 24370 XOR
2 1 24296 24370 24371 AND
2 1 24071 24295 24372 AND
2 1 24294 24372 24373 AND
2 1 24371 24373 24374 AND
2 1 85 24374 24375 AND
2 1 24246 24245 24376 XOR
2 1 24296 24376 24377 AND
2 1 24077 24295 24378 AND
2 1 24294 24378 24379 AND
2 1 24377 24379 24380 AND
2 1 84 24380 24381 AND
2 1 24243 24242 24382 XOR
2 1 24296 24382 24383 AND
2 1 24083 24295 24384 AND
2 1 24294 24384 24385 AND
2 1 24383 24385 24386 AND
2 1 83 24386 24387 AND
2 1 24240 24239 24388 XOR
2 1 24296 24388 24389 AND
2 1 24089 24295 24390 AND
2 1 24294 24390 24391 AND
2 1 24389 24391 24392 AND
2 1 82 24392 24393 AND
2 1 24237 24236 24394 XOR
2 1 24296 24394 24395 AND
2 1 24095 24295 24396 AND
2 1 24294 24396 24397 AND
2 1 24395 24397 24398 AND
2 1 81 24398 24399 AND
2 1 24234 24233 24400 XOR
2 1 24296 24400 24401 AND
2 1 24101 24295 24402 AND
2 1 24294 24402 24403 AND
2 1 24401 24403 24404 AND
2 1 80 24404 24405 AND
2 1 24231 24230 24406 XOR
2 1 24296 24406 24407 AND
2 1 24107 24295 24408 AND
2 1 24294 24408 24409 AND
2 1 24407 24409 24410 AND
2 1 79 24410 24411 AND
2 1 24228 24227 24412 XOR
2 1 24296 24412 24413 AND
2 1 24113 24295 24414 AND
2 1 24294 24414 24415 AND
2 1 24413 24415 24416 AND
2 1 78 24416 24417 AND
2 1 24225 24224 24418 XOR
2 1 24296 24418 24419 AND
2 1 24119 24295 24420 AND
2 1 24294 24420 24421 AND
2 1 24419 24421 24422 AND
2 1 77 24422 24423 AND
2 1 24222 24221 24424 XOR
2 1 24296 24424 24425 AND
2 1 24125 24295 24426 AND
2 1 24294 24426 24427 AND
2 1 24425 24427 24428 AND
2 1 76 24428 24429 AND
2 1 24219 24218 24430 XOR
2 1 24296 24430 24431 AND
2 1 24131 24295 24432 AND
2 1 24294 24432 24433 AND
2 1 24431 24433 24434 AND
2 1 75 24434 24435 AND
2 1 24216 24215 24436 XOR
2 1 24296 24436 24437 AND
2 1 24137 24295 24438 AND
2 1 24294 24438 24439 AND
2 1 24437 24439 24440 AND
2 1 74 24440 24441 AND
2 1 24213 24212 24442 XOR
2 1 24296 24442 24443 AND
2 1 24143 24295 24444 AND
2 1 24294 24444 24445 AND
2 1 24443 24445 24446 AND
2 1 73 24446 24447 AND
2 1 24210 24209 24448 XOR
2 1 24296 24448 24449 AND
2 1 24149 24295 24450 AND
2 1 24294 24450 24451 AND
2 1 24449 24451 24452 AND
2 1 72 24452 24453 AND
2 1 24207 24206 24454 XOR
2 1 24296 24454 24455 AND
2 1 24155 24295 24456 AND
2 1 24294 24456 24457 AND
2 1 24455 24457 24458 AND
2 1 71 24458 24459 AND
2 1 24204 24203 24460 XOR
2 1 24296 24460 24461 AND
2 1 24161 24295 24462 AND
2 1 24294 24462 24463 AND
2 1 24461 24463 24464 AND
2 1 70 24464 24465 AND
2 1 24201 24200 24466 XOR
2 1 24296 24466 24467 AND
2 1 24167 24295 24468 AND
2 1 24294 24468 24469 AND
2 1 24467 24469 24470 AND
2 1 69 24470 24471 AND
2 1 24198 24197 24472 XOR
2 1 24296 24472 24473 AND
2 1 24174 24295 24474 AND
2 1 24294 24474 24475 AND
2 1 24473 24475 24476 AND
2 1 68 24476 24477 AND
2 1 65 24185 24186 AND
2 1 24186 24188 24189 AND
2 1 5452 24189 24190 AND
2 1 65 24185 24191 AND
2 1 24190 24191 24478 AND
2 1 24478 24195 24479 XOR
2 1 24296 24479 24480 AND
2 1 24180 24295 24481 AND
2 1 24294 24481 24482 AND
2 1 24480 24482 24483 AND
2 1 67 24483 24484 AND
2 1 24189 5452 24485 XOR
2 1 24296 24485 24486 AND
2 1 24185 24295 24487 AND
2 1 24294 24487 24488 AND
2 1 24486 24488 24489 AND
2 1 66 24489 24490 AND
2 1 64 24296 24491 AND
2 1 24491 5760 24495 XOR
2 1 5762 24495 24496 AND
2 1 24491 31 24492 XOR
2 1 65 24492 24497 AND
2 1 24496 24497 24498 AND
2 1 24489 66 24499 XOR
2 1 24498 24499 24500 AND
2 1 24490 24500 24501 AND
2 1 24483 67 24502 XOR
2 1 24501 24502 24503 AND
2 1 24484 24503 24504 AND
2 1 24476 68 24505 XOR
2 1 24504 24505 24506 AND
2 1 24477 24506 24507 AND
2 1 24470 69 24508 XOR
2 1 24507 24508 24509 AND
2 1 24471 24509 24510 AND
2 1 24464 70 24511 XOR
2 1 24510 24511 24512 AND
2 1 24465 24512 24513 AND
2 1 24458 71 24514 XOR
2 1 24513 24514 24515 AND
2 1 24459 24515 24516 AND
2 1 24452 72 24517 XOR
2 1 24516 24517 24518 AND
2 1 24453 24518 24519 AND
2 1 24446 73 24520 XOR
2 1 24519 24520 24521 AND
2 1 24447 24521 24522 AND
2 1 24440 74 24523 XOR
2 1 24522 24523 24524 AND
2 1 24441 24524 24525 AND
2 1 24434 75 24526 XOR
2 1 24525 24526 24527 AND
2 1 24435 24527 24528 AND
2 1 24428 76 24529 XOR
2 1 24528 24529 24530 AND
2 1 24429 24530 24531 AND
2 1 24422 77 24532 XOR
2 1 24531 24532 24533 AND
2 1 24423 24533 24534 AND
2 1 24416 78 24535 XOR
2 1 24534 24535 24536 AND
2 1 24417 24536 24537 AND
2 1 24410 79 24538 XOR
2 1 24537 24538 24539 AND
2 1 24411 24539 24540 AND
2 1 24404 80 24541 XOR
2 1 24540 24541 24542 AND
2 1 24405 24542 24543 AND
2 1 24398 81 24544 XOR
2 1 24543 24544 24545 AND
2 1 24399 24545 24546 AND
2 1 24392 82 24547 XOR
2 1 24546 24547 24548 AND
2 1 24393 24548 24549 AND
2 1 24386 83 24550 XOR
2 1 24549 24550 24551 AND
2 1 24387 24551 24552 AND
2 1 24380 84 24553 XOR
2 1 24552 24553 24554 AND
2 1 24381 24554 24555 AND
2 1 24374 85 24556 XOR
2 1 24555 24556 24557 AND
2 1 24375 24557 24558 AND
2 1 24368 86 24559 XOR
2 1 24558 24559 24560 AND
2 1 24369 24560 24561 AND
2 1 24362 87 24562 XOR
2 1 24561 24562 24563 AND
2 1 24363 24563 24564 AND
2 1 24356 88 24565 XOR
2 1 24564 24565 24566 AND
2 1 24357 24566 24567 AND
2 1 24350 89 24568 XOR
2 1 24567 24568 24569 AND
2 1 24351 24569 24570 AND
2 1 24344 90 24571 XOR
2 1 24570 24571 24572 AND
2 1 24345 24572 24573 AND
2 1 24338 91 24574 XOR
2 1 24573 24574 24575 AND
2 1 24339 24575 24576 AND
2 1 24332 92 24577 XOR
2 1 24576 24577 24578 AND
2 1 24333 24578 24579 AND
2 1 24326 93 24580 XOR
2 1 24579 24580 24581 AND
2 1 24327 24581 24582 AND
2 1 24320 94 24583 XOR
2 1 24582 24583 24584 AND
2 1 24321 24584 24585 AND
2 1 24314 95 24586 XOR
2 1 24585 24586 24587 AND
2 1 24315 24587 24588 AND
2 1 24301 96 24589 XOR
2 1 24588 24589 24590 AND
2 1 24309 24590 24591 AND
2 1 24307 97 24592 XOR
2 1 24591 24592 24593 AND
2 1 24308 24593 24594 AND
2 1 5864 24594 24595 AND
2 1 24301 24595 24596 AND
2 1 24589 24588 24597 XOR
2 1 5864 24597 24598 AND
2 1 24594 24598 24599 AND
2 1 24596 24599 24600 AND
2 1 24307 24595 24601 AND
2 1 24592 24591 24602 XOR
2 1 24595 24602 24603 AND
2 1 24601 24603 24604 AND
2 1 98 24604 24605 AND
2 1 97 24600 24606 AND
2 1 24314 24595 24607 AND
2 1 24586 24585 24608 XOR
2 1 5864 24608 24609 AND
2 1 24594 24609 24610 AND
2 1 24607 24610 24611 AND
2 1 96 24611 24612 AND
2 1 24320 24595 24613 AND
2 1 24583 24582 24614 XOR
2 1 5864 24614 24615 AND
2 1 24594 24615 24616 AND
2 1 24613 24616 24617 AND
2 1 95 24617 24618 AND
2 1 24326 24595 24619 AND
2 1 24580 24579 24620 XOR
2 1 5864 24620 24621 AND
2 1 24594 24621 24622 AND
2 1 24619 24622 24623 AND
2 1 94 24623 24624 AND
2 1 24332 24595 24625 AND
2 1 24577 24576 24626 XOR
2 1 5864 24626 24627 AND
2 1 24594 24627 24628 AND
2 1 24625 24628 24629 AND
2 1 93 24629 24630 AND
2 1 24338 24595 24631 AND
2 1 24574 24573 24632 XOR
2 1 5864 24632 24633 AND
2 1 24594 24633 24634 AND
2 1 24631 24634 24635 AND
2 1 92 24635 24636 AND
2 1 24344 24595 24637 AND
2 1 24571 24570 24638 XOR
2 1 5864 24638 24639 AND
2 1 24594 24639 24640 AND
2 1 24637 24640 24641 AND
2 1 91 24641 24642 AND
2 1 24350 24595 24643 AND
2 1 24568 24567 24644 XOR
2 1 5864 24644 24645 AND
2 1 24594 24645 24646 AND
2 1 24643 24646 24647 AND
2 1 90 24647 24648 AND
2 1 24356 24595 24649 AND
2 1 24565 24564 24650 XOR
2 1 5864 24650 24651 AND
2 1 24594 24651 24652 AND
2 1 24649 24652 24653 AND
2 1 89 24653 24654 AND
2 1 24362 24595 24655 AND
2 1 24562 24561 24656 XOR
2 1 5864 24656 24657 AND
2 1 24594 24657 24658 AND
2 1 24655 24658 24659 AND
2 1 88 24659 24660 AND
2 1 24368 24595 24661 AND
2 1 24559 24558 24662 XOR
2 1 5864 24662 24663 AND
2 1 24594 24663 24664 AND
2 1 24661 24664 24665 AND
2 1 87 24665 24666 AND
2 1 24374 24595 24667 AND
2 1 24556 24555 24668 XOR
2 1 5864 24668 24669 AND
2 1 24594 24669 24670 AND
2 1 24667 24670 24671 AND
2 1 86 24671 24672 AND
2 1 24380 24595 24673 AND
2 1 24553 24552 24674 XOR
2 1 5864 24674 24675 AND
2 1 24594 24675 24676 AND
2 1 24673 24676 24677 AND
2 1 85 24677 24678 AND
2 1 24386 24595 24679 AND
2 1 24550 24549 24680 XOR
2 1 5864 24680 24681 AND
2 1 24594 24681 24682 AND
2 1 24679 24682 24683 AND
2 1 84 24683 24684 AND
2 1 24392 24595 24685 AND
2 1 24547 24546 24686 XOR
2 1 5864 24686 24687 AND
2 1 24594 24687 24688 AND
2 1 24685 24688 24689 AND
2 1 83 24689 24690 AND
2 1 24398 24595 24691 AND
2 1 24544 24543 24692 XOR
2 1 5864 24692 24693 AND
2 1 24594 24693 24694 AND
2 1 24691 24694 24695 AND
2 1 82 24695 24696 AND
2 1 24404 24595 24697 AND
2 1 24541 24540 24698 XOR
2 1 5864 24698 24699 AND
2 1 24594 24699 24700 AND
2 1 24697 24700 24701 AND
2 1 81 24701 24702 AND
2 1 24410 24595 24703 AND
2 1 24538 24537 24704 XOR
2 1 5864 24704 24705 AND
2 1 24594 24705 24706 AND
2 1 24703 24706 24707 AND
2 1 80 24707 24708 AND
2 1 24416 24595 24709 AND
2 1 24535 24534 24710 XOR
2 1 5864 24710 24711 AND
2 1 24594 24711 24712 AND
2 1 24709 24712 24713 AND
2 1 79 24713 24714 AND
2 1 24422 24595 24715 AND
2 1 24532 24531 24716 XOR
2 1 5864 24716 24717 AND
2 1 24594 24717 24718 AND
2 1 24715 24718 24719 AND
2 1 78 24719 24720 AND
2 1 24428 24595 24721 AND
2 1 24529 24528 24722 XOR
2 1 5864 24722 24723 AND
2 1 24594 24723 24724 AND
2 1 24721 24724 24725 AND
2 1 77 24725 24726 AND
2 1 24434 24595 24727 AND
2 1 24526 24525 24728 XOR
2 1 5864 24728 24729 AND
2 1 24594 24729 24730 AND
2 1 24727 24730 24731 AND
2 1 76 24731 24732 AND
2 1 24440 24595 24733 AND
2 1 24523 24522 24734 XOR
2 1 5864 24734 24735 AND
2 1 24594 24735 24736 AND
2 1 24733 24736 24737 AND
2 1 75 24737 24738 AND
2 1 24446 24595 24739 AND
2 1 24520 24519 24740 XOR
2 1 5864 24740 24741 AND
2 1 24594 24741 24742 AND
2 1 24739 24742 24743 AND
2 1 74 24743 24744 AND
2 1 24452 24595 24745 AND
2 1 24517 24516 24746 XOR
2 1 5864 24746 24747 AND
2 1 24594 24747 24748 AND
2 1 24745 24748 24749 AND
2 1 73 24749 24750 AND
2 1 24458 24595 24751 AND
2 1 24514 24513 24752 XOR
2 1 5864 24752 24753 AND
2 1 24594 24753 24754 AND
2 1 24751 24754 24755 AND
2 1 72 24755 24756 AND
2 1 24464 24595 24757 AND
2 1 24511 24510 24758 XOR
2 1 5864 24758 24759 AND
2 1 24594 24759 24760 AND
2 1 24757 24760 24761 AND
2 1 71 24761 24762 AND
2 1 24470 24595 24763 AND
2 1 24508 24507 24764 XOR
2 1 5864 24764 24765 AND
2 1 24594 24765 24766 AND
2 1 24763 24766 24767 AND
2 1 70 24767 24768 AND
2 1 24476 24595 24769 AND
2 1 24505 24504 24770 XOR
2 1 5864 24770 24771 AND
2 1 24594 24771 24772 AND
2 1 24769 24772 24773 AND
2 1 69 24773 24774 AND
2 1 24483 24595 24775 AND
2 1 24502 24501 24776 XOR
2 1 5864 24776 24777 AND
2 1 24594 24777 24778 AND
2 1 24775 24778 24779 AND
2 1 68 24779 24780 AND
2 1 24489 24595 24781 AND
2 1 24499 24498 24782 XOR
2 1 5864 24782 24783 AND
2 1 24594 24783 24784 AND
2 1 24781 24784 24785 AND
2 1 67 24785 24786 AND
2 1 24492 24595 24787 AND
2 1 65 24492 24493 AND
2 1 65 24492 24494 AND
2 1 24493 24494 24788 AND
2 1 24788 5762 24789 XOR
2 1 5864 24789 24790 AND
2 1 24594 24790 24791 AND
2 1 24787 24791 24792 AND
2 1 66 24792 24793 AND
2 1 6068 24594 24794 AND
2 1 30 24794 24795 AND
2 1 6074 24594 24796 AND
2 1 65 24796 24799 AND
2 1 24795 24799 24800 AND
2 1 6081 24800 24804 AND
2 1 24795 24796 24797 AND
2 1 6085 24797 24805 AND
2 1 24804 24805 24806 AND
2 1 24792 66 24807 XOR
2 1 24806 24807 24808 AND
2 1 24793 24808 24809 AND
2 1 24785 67 24810 XOR
2 1 24809 24810 24811 AND
2 1 24786 24811 24812 AND
2 1 24779 68 24813 XOR
2 1 24812 24813 24814 AND
2 1 24780 24814 24815 AND
2 1 24773 69 24816 XOR
2 1 24815 24816 24817 AND
2 1 24774 24817 24818 AND
2 1 24767 70 24819 XOR
2 1 24818 24819 24820 AND
2 1 24768 24820 24821 AND
2 1 24761 71 24822 XOR
2 1 24821 24822 24823 AND
2 1 24762 24823 24824 AND
2 1 24755 72 24825 XOR
2 1 24824 24825 24826 AND
2 1 24756 24826 24827 AND
2 1 24749 73 24828 XOR
2 1 24827 24828 24829 AND
2 1 24750 24829 24830 AND
2 1 24743 74 24831 XOR
2 1 24830 24831 24832 AND
2 1 24744 24832 24833 AND
2 1 24737 75 24834 XOR
2 1 24833 24834 24835 AND
2 1 24738 24835 24836 AND
2 1 24731 76 24837 XOR
2 1 24836 24837 24838 AND
2 1 24732 24838 24839 AND
2 1 24725 77 24840 XOR
2 1 24839 24840 24841 AND
2 1 24726 24841 24842 AND
2 1 24719 78 24843 XOR
2 1 24842 24843 24844 AND
2 1 24720 24844 24845 AND
2 1 24713 79 24846 XOR
2 1 24845 24846 24847 AND
2 1 24714 24847 24848 AND
2 1 24707 80 24849 XOR
2 1 24848 24849 24850 AND
2 1 24708 24850 24851 AND
2 1 24701 81 24852 XOR
2 1 24851 24852 24853 AND
2 1 24702 24853 24854 AND
2 1 24695 82 24855 XOR
2 1 24854 24855 24856 AND
2 1 24696 24856 24857 AND
2 1 24689 83 24858 XOR
2 1 24857 24858 24859 AND
2 1 24690 24859 24860 AND
2 1 24683 84 24861 XOR
2 1 24860 24861 24862 AND
2 1 24684 24862 24863 AND
2 1 24677 85 24864 XOR
2 1 24863 24864 24865 AND
2 1 24678 24865 24866 AND
2 1 24671 86 24867 XOR
2 1 24866 24867 24868 AND
2 1 24672 24868 24869 AND
2 1 24665 87 24870 XOR
2 1 24869 24870 24871 AND
2 1 24666 24871 24872 AND
2 1 24659 88 24873 XOR
2 1 24872 24873 24874 AND
2 1 24660 24874 24875 AND
2 1 24653 89 24876 XOR
2 1 24875 24876 24877 AND
2 1 24654 24877 24878 AND
2 1 24647 90 24879 XOR
2 1 24878 24879 24880 AND
2 1 24648 24880 24881 AND
2 1 24641 91 24882 XOR
2 1 24881 24882 24883 AND
2 1 24642 24883 24884 AND
2 1 24635 92 24885 XOR
2 1 24884 24885 24886 AND
2 1 24636 24886 24887 AND
2 1 24629 93 24888 XOR
2 1 24887 24888 24889 AND
2 1 24630 24889 24890 AND
2 1 24623 94 24891 XOR
2 1 24890 24891 24892 AND
2 1 24624 24892 24893 AND
2 1 24617 95 24894 XOR
2 1 24893 24894 24895 AND
2 1 24618 24895 24896 AND
2 1 24611 96 24897 XOR
2 1 24896 24897 24898 AND
2 1 24612 24898 24899 AND
2 1 24600 97 24900 XOR
2 1 24899 24900 24901 AND
2 1 24606 24901 24902 AND
2 1 24604 98 24903 XOR
2 1 24902 24903 24904 AND
2 1 24605 24904 24905 AND
2 1 6189 24905 24906 AND
2 1 24600 24906 24907 AND
2 1 24900 24899 24908 XOR
2 1 6189 24908 24909 AND
2 1 24905 24909 24910 AND
2 1 24907 24910 24911 AND
2 1 98 24911 24912 AND
2 1 24611 24906 24913 AND
2 1 24897 24896 24914 XOR
2 1 6189 24914 24915 AND
2 1 24905 24915 24916 AND
2 1 24913 24916 24917 AND
2 1 97 24917 24918 AND
2 1 24617 24906 24919 AND
2 1 24894 24893 24920 XOR
2 1 6189 24920 24921 AND
2 1 24905 24921 24922 AND
2 1 24919 24922 24923 AND
2 1 96 24923 24924 AND
2 1 24623 24906 24925 AND
2 1 24891 24890 24926 XOR
2 1 6189 24926 24927 AND
2 1 24905 24927 24928 AND
2 1 24925 24928 24929 AND
2 1 95 24929 24930 AND
2 1 24629 24906 24931 AND
2 1 24888 24887 24932 XOR
2 1 6189 24932 24933 AND
2 1 24905 24933 24934 AND
2 1 24931 24934 24935 AND
2 1 94 24935 24936 AND
2 1 24635 24906 24937 AND
2 1 24885 24884 24938 XOR
2 1 6189 24938 24939 AND
2 1 24905 24939 24940 AND
2 1 24937 24940 24941 AND
2 1 93 24941 24942 AND
2 1 24641 24906 24943 AND
2 1 24882 24881 24944 XOR
2 1 6189 24944 24945 AND
2 1 24905 24945 24946 AND
2 1 24943 24946 24947 AND
2 1 92 24947 24948 AND
2 1 24647 24906 24949 AND
2 1 24879 24878 24950 XOR
2 1 6189 24950 24951 AND
2 1 24905 24951 24952 AND
2 1 24949 24952 24953 AND
2 1 91 24953 24954 AND
2 1 24653 24906 24955 AND
2 1 24876 24875 24956 XOR
2 1 6189 24956 24957 AND
2 1 24905 24957 24958 AND
2 1 24955 24958 24959 AND
2 1 90 24959 24960 AND
2 1 24659 24906 24961 AND
2 1 24873 24872 24962 XOR
2 1 6189 24962 24963 AND
2 1 24905 24963 24964 AND
2 1 24961 24964 24965 AND
2 1 89 24965 24966 AND
2 1 24665 24906 24967 AND
2 1 24870 24869 24968 XOR
2 1 6189 24968 24969 AND
2 1 24905 24969 24970 AND
2 1 24967 24970 24971 AND
2 1 88 24971 24972 AND
2 1 24671 24906 24973 AND
2 1 24867 24866 24974 XOR
2 1 6189 24974 24975 AND
2 1 24905 24975 24976 AND
2 1 24973 24976 24977 AND
2 1 87 24977 24978 AND
2 1 24677 24906 24979 AND
2 1 24864 24863 24980 XOR
2 1 6189 24980 24981 AND
2 1 24905 24981 24982 AND
2 1 24979 24982 24983 AND
2 1 86 24983 24984 AND
2 1 24683 24906 24985 AND
2 1 24861 24860 24986 XOR
2 1 6189 24986 24987 AND
2 1 24905 24987 24988 AND
2 1 24985 24988 24989 AND
2 1 85 24989 24990 AND
2 1 24689 24906 24991 AND
2 1 24858 24857 24992 XOR
2 1 6189 24992 24993 AND
2 1 24905 24993 24994 AND
2 1 24991 24994 24995 AND
2 1 84 24995 24996 AND
2 1 24695 24906 24997 AND
2 1 24855 24854 24998 XOR
2 1 6189 24998 24999 AND
2 1 24905 24999 25000 AND
2 1 24997 25000 25001 AND
2 1 83 25001 25002 AND
2 1 24701 24906 25003 AND
2 1 24852 24851 25004 XOR
2 1 6189 25004 25005 AND
2 1 24905 25005 25006 AND
2 1 25003 25006 25007 AND
2 1 82 25007 25008 AND
2 1 24707 24906 25009 AND
2 1 24849 24848 25010 XOR
2 1 6189 25010 25011 AND
2 1 24905 25011 25012 AND
2 1 25009 25012 25013 AND
2 1 81 25013 25014 AND
2 1 24713 24906 25015 AND
2 1 24846 24845 25016 XOR
2 1 6189 25016 25017 AND
2 1 24905 25017 25018 AND
2 1 25015 25018 25019 AND
2 1 80 25019 25020 AND
2 1 24719 24906 25021 AND
2 1 24843 24842 25022 XOR
2 1 6189 25022 25023 AND
2 1 24905 25023 25024 AND
2 1 25021 25024 25025 AND
2 1 79 25025 25026 AND
2 1 24725 24906 25027 AND
2 1 24840 24839 25028 XOR
2 1 6189 25028 25029 AND
2 1 24905 25029 25030 AND
2 1 25027 25030 25031 AND
2 1 78 25031 25032 AND
2 1 24731 24906 25033 AND
2 1 24837 24836 25034 XOR
2 1 6189 25034 25035 AND
2 1 24905 25035 25036 AND
2 1 25033 25036 25037 AND
2 1 77 25037 25038 AND
2 1 24737 24906 25039 AND
2 1 24834 24833 25040 XOR
2 1 6189 25040 25041 AND
2 1 24905 25041 25042 AND
2 1 25039 25042 25043 AND
2 1 76 25043 25044 AND
2 1 24743 24906 25045 AND
2 1 24831 24830 25046 XOR
2 1 6189 25046 25047 AND
2 1 24905 25047 25048 AND
2 1 25045 25048 25049 AND
2 1 75 25049 25050 AND
2 1 24749 24906 25051 AND
2 1 24828 24827 25052 XOR
2 1 6189 25052 25053 AND
2 1 24905 25053 25054 AND
2 1 25051 25054 25055 AND
2 1 74 25055 25056 AND
2 1 24755 24906 25057 AND
2 1 24825 24824 25058 XOR
2 1 6189 25058 25059 AND
2 1 24905 25059 25060 AND
2 1 25057 25060 25061 AND
2 1 73 25061 25062 AND
2 1 24761 24906 25063 AND
2 1 24822 24821 25064 XOR
2 1 6189 25064 25065 AND
2 1 24905 25065 25066 AND
2 1 25063 25066 25067 AND
2 1 72 25067 25068 AND
2 1 24767 24906 25069 AND
2 1 24819 24818 25070 XOR
2 1 6189 25070 25071 AND
2 1 24905 25071 25072 AND
2 1 25069 25072 25073 AND
2 1 71 25073 25074 AND
2 1 24773 24906 25075 AND
2 1 24816 24815 25076 XOR
2 1 6189 25076 25077 AND
2 1 24905 25077 25078 AND
2 1 25075 25078 25079 AND
2 1 70 25079 25080 AND
2 1 24779 24906 25081 AND
2 1 24813 24812 25082 XOR
2 1 6189 25082 25083 AND
2 1 24905 25083 25084 AND
2 1 25081 25084 25085 AND
2 1 69 25085 25086 AND
2 1 24785 24906 25087 AND
2 1 24810 24809 25088 XOR
2 1 6189 25088 25089 AND
2 1 24905 25089 25090 AND
2 1 25087 25090 25091 AND
2 1 68 25091 25092 AND
2 1 24792 24906 25093 AND
2 1 65 24797 24798 AND
2 1 24798 24800 24801 AND
2 1 6081 24801 24802 AND
2 1 65 24797 24803 AND
2 1 24802 24803 25094 AND
2 1 25094 24807 25095 XOR
2 1 6189 25095 25096 AND
2 1 24905 25096 25097 AND
2 1 25093 25097 25098 AND
2 1 67 25098 25099 AND
2 1 24797 24906 25100 AND
2 1 24801 6081 25101 XOR
2 1 6189 25101 25102 AND
2 1 24905 25102 25103 AND
2 1 25100 25103 25104 AND
2 1 66 25104 25105 AND
2 1 6393 24905 25106 AND
2 1 29 25106 25107 AND
2 1 6399 24905 25108 AND
2 1 65 25108 25111 AND
2 1 25107 25111 25112 AND
2 1 6403 25112 25116 AND
2 1 25107 25108 25109 AND
2 1 6407 25109 25117 AND
2 1 25116 25117 25118 AND
2 1 25104 66 25119 XOR
2 1 25118 25119 25120 AND
2 1 25105 25120 25121 AND
2 1 25098 67 25122 XOR
2 1 25121 25122 25123 AND
2 1 25099 25123 25124 AND
2 1 25091 68 25125 XOR
2 1 25124 25125 25126 AND
2 1 25092 25126 25127 AND
2 1 25085 69 25128 XOR
2 1 25127 25128 25129 AND
2 1 25086 25129 25130 AND
2 1 25079 70 25131 XOR
2 1 25130 25131 25132 AND
2 1 25080 25132 25133 AND
2 1 25073 71 25134 XOR
2 1 25133 25134 25135 AND
2 1 25074 25135 25136 AND
2 1 25067 72 25137 XOR
2 1 25136 25137 25138 AND
2 1 25068 25138 25139 AND
2 1 25061 73 25140 XOR
2 1 25139 25140 25141 AND
2 1 25062 25141 25142 AND
2 1 25055 74 25143 XOR
2 1 25142 25143 25144 AND
2 1 25056 25144 25145 AND
2 1 25049 75 25146 XOR
2 1 25145 25146 25147 AND
2 1 25050 25147 25148 AND
2 1 25043 76 25149 XOR
2 1 25148 25149 25150 AND
2 1 25044 25150 25151 AND
2 1 25037 77 25152 XOR
2 1 25151 25152 25153 AND
2 1 25038 25153 25154 AND
2 1 25031 78 25155 XOR
2 1 25154 25155 25156 AND
2 1 25032 25156 25157 AND
2 1 25025 79 25158 XOR
2 1 25157 25158 25159 AND
2 1 25026 25159 25160 AND
2 1 25019 80 25161 XOR
2 1 25160 25161 25162 AND
2 1 25020 25162 25163 AND
2 1 25013 81 25164 XOR
2 1 25163 25164 25165 AND
2 1 25014 25165 25166 AND
2 1 25007 82 25167 XOR
2 1 25166 25167 25168 AND
2 1 25008 25168 25169 AND
2 1 25001 83 25170 XOR
2 1 25169 25170 25171 AND
2 1 25002 25171 25172 AND
2 1 24995 84 25173 XOR
2 1 25172 25173 25174 AND
2 1 24996 25174 25175 AND
2 1 24989 85 25176 XOR
2 1 25175 25176 25177 AND
2 1 24990 25177 25178 AND
2 1 24983 86 25179 XOR
2 1 25178 25179 25180 AND
2 1 24984 25180 25181 AND
2 1 24977 87 25182 XOR
2 1 25181 25182 25183 AND
2 1 24978 25183 25184 AND
2 1 24971 88 25185 XOR
2 1 25184 25185 25186 AND
2 1 24972 25186 25187 AND
2 1 24965 89 25188 XOR
2 1 25187 25188 25189 AND
2 1 24966 25189 25190 AND
2 1 24959 90 25191 XOR
2 1 25190 25191 25192 AND
2 1 24960 25192 25193 AND
2 1 24953 91 25194 XOR
2 1 25193 25194 25195 AND
2 1 24954 25195 25196 AND
2 1 24947 92 25197 XOR
2 1 25196 25197 25198 AND
2 1 24948 25198 25199 AND
2 1 24941 93 25200 XOR
2 1 25199 25200 25201 AND
2 1 24942 25201 25202 AND
2 1 24935 94 25203 XOR
2 1 25202 25203 25204 AND
2 1 24936 25204 25205 AND
2 1 24929 95 25206 XOR
2 1 25205 25206 25207 AND
2 1 24930 25207 25208 AND
2 1 24923 96 25209 XOR
2 1 25208 25209 25210 AND
2 1 24924 25210 25211 AND
2 1 24917 97 25212 XOR
2 1 25211 25212 25213 AND
2 1 24918 25213 25214 AND
2 1 24911 98 25215 XOR
2 1 25214 25215 25216 AND
2 1 24912 25216 25217 AND
2 1 24604 24906 25218 AND
2 1 24903 24902 25219 XOR
2 1 24906 25219 25220 AND
2 1 25218 25220 25221 AND
2 1 99 25221 25222 AND
2 1 99 25218 25223 AND
2 1 25220 25223 25224 AND
2 1 380 25224 25225 AND
2 1 25222 25225 25226 AND
2 1 25217 25226 25227 AND
2 1 6189 25221 25228 AND
2 1 25227 25228 25229 AND
2 1 25215 25214 25230 XOR
2 1 25229 25230 25231 AND
2 1 24911 25228 25232 AND
2 1 25227 25232 25233 AND
2 1 25231 25233 25234 AND
2 1 25222 25224 25235 AND
2 1 25235 25217 25236 XOR
2 1 25229 25236 25237 AND
2 1 6189 24604 25238 AND
2 1 25227 25238 25239 AND
2 1 25237 25239 25240 AND
2 1 100 25240 25241 AND
2 1 99 25234 25242 AND
2 1 25212 25211 25243 XOR
2 1 25229 25243 25244 AND
2 1 24917 25228 25245 AND
2 1 25227 25245 25246 AND
2 1 25244 25246 25247 AND
2 1 98 25247 25248 AND
2 1 25209 25208 25249 XOR
2 1 25229 25249 25250 AND
2 1 24923 25228 25251 AND
2 1 25227 25251 25252 AND
2 1 25250 25252 25253 AND
2 1 97 25253 25254 AND
2 1 25206 25205 25255 XOR
2 1 25229 25255 25256 AND
2 1 24929 25228 25257 AND
2 1 25227 25257 25258 AND
2 1 25256 25258 25259 AND
2 1 96 25259 25260 AND
2 1 25203 25202 25261 XOR
2 1 25229 25261 25262 AND
2 1 24935 25228 25263 AND
2 1 25227 25263 25264 AND
2 1 25262 25264 25265 AND
2 1 95 25265 25266 AND
2 1 25200 25199 25267 XOR
2 1 25229 25267 25268 AND
2 1 24941 25228 25269 AND
2 1 25227 25269 25270 AND
2 1 25268 25270 25271 AND
2 1 94 25271 25272 AND
2 1 25197 25196 25273 XOR
2 1 25229 25273 25274 AND
2 1 24947 25228 25275 AND
2 1 25227 25275 25276 AND
2 1 25274 25276 25277 AND
2 1 93 25277 25278 AND
2 1 25194 25193 25279 XOR
2 1 25229 25279 25280 AND
2 1 24953 25228 25281 AND
2 1 25227 25281 25282 AND
2 1 25280 25282 25283 AND
2 1 92 25283 25284 AND
2 1 25191 25190 25285 XOR
2 1 25229 25285 25286 AND
2 1 24959 25228 25287 AND
2 1 25227 25287 25288 AND
2 1 25286 25288 25289 AND
2 1 91 25289 25290 AND
2 1 25188 25187 25291 XOR
2 1 25229 25291 25292 AND
2 1 24965 25228 25293 AND
2 1 25227 25293 25294 AND
2 1 25292 25294 25295 AND
2 1 90 25295 25296 AND
2 1 25185 25184 25297 XOR
2 1 25229 25297 25298 AND
2 1 24971 25228 25299 AND
2 1 25227 25299 25300 AND
2 1 25298 25300 25301 AND
2 1 89 25301 25302 AND
2 1 25182 25181 25303 XOR
2 1 25229 25303 25304 AND
2 1 24977 25228 25305 AND
2 1 25227 25305 25306 AND
2 1 25304 25306 25307 AND
2 1 88 25307 25308 AND
2 1 25179 25178 25309 XOR
2 1 25229 25309 25310 AND
2 1 24983 25228 25311 AND
2 1 25227 25311 25312 AND
2 1 25310 25312 25313 AND
2 1 87 25313 25314 AND
2 1 25176 25175 25315 XOR
2 1 25229 25315 25316 AND
2 1 24989 25228 25317 AND
2 1 25227 25317 25318 AND
2 1 25316 25318 25319 AND
2 1 86 25319 25320 AND
2 1 25173 25172 25321 XOR
2 1 25229 25321 25322 AND
2 1 24995 25228 25323 AND
2 1 25227 25323 25324 AND
2 1 25322 25324 25325 AND
2 1 85 25325 25326 AND
2 1 25170 25169 25327 XOR
2 1 25229 25327 25328 AND
2 1 25001 25228 25329 AND
2 1 25227 25329 25330 AND
2 1 25328 25330 25331 AND
2 1 84 25331 25332 AND
2 1 25167 25166 25333 XOR
2 1 25229 25333 25334 AND
2 1 25007 25228 25335 AND
2 1 25227 25335 25336 AND
2 1 25334 25336 25337 AND
2 1 83 25337 25338 AND
2 1 25164 25163 25339 XOR
2 1 25229 25339 25340 AND
2 1 25013 25228 25341 AND
2 1 25227 25341 25342 AND
2 1 25340 25342 25343 AND
2 1 82 25343 25344 AND
2 1 25161 25160 25345 XOR
2 1 25229 25345 25346 AND
2 1 25019 25228 25347 AND
2 1 25227 25347 25348 AND
2 1 25346 25348 25349 AND
2 1 81 25349 25350 AND
2 1 25158 25157 25351 XOR
2 1 25229 25351 25352 AND
2 1 25025 25228 25353 AND
2 1 25227 25353 25354 AND
2 1 25352 25354 25355 AND
2 1 80 25355 25356 AND
2 1 25155 25154 25357 XOR
2 1 25229 25357 25358 AND
2 1 25031 25228 25359 AND
2 1 25227 25359 25360 AND
2 1 25358 25360 25361 AND
2 1 79 25361 25362 AND
2 1 25152 25151 25363 XOR
2 1 25229 25363 25364 AND
2 1 25037 25228 25365 AND
2 1 25227 25365 25366 AND
2 1 25364 25366 25367 AND
2 1 78 25367 25368 AND
2 1 25149 25148 25369 XOR
2 1 25229 25369 25370 AND
2 1 25043 25228 25371 AND
2 1 25227 25371 25372 AND
2 1 25370 25372 25373 AND
2 1 77 25373 25374 AND
2 1 25146 25145 25375 XOR
2 1 25229 25375 25376 AND
2 1 25049 25228 25377 AND
2 1 25227 25377 25378 AND
2 1 25376 25378 25379 AND
2 1 76 25379 25380 AND
2 1 25143 25142 25381 XOR
2 1 25229 25381 25382 AND
2 1 25055 25228 25383 AND
2 1 25227 25383 25384 AND
2 1 25382 25384 25385 AND
2 1 75 25385 25386 AND
2 1 25140 25139 25387 XOR
2 1 25229 25387 25388 AND
2 1 25061 25228 25389 AND
2 1 25227 25389 25390 AND
2 1 25388 25390 25391 AND
2 1 74 25391 25392 AND
2 1 25137 25136 25393 XOR
2 1 25229 25393 25394 AND
2 1 25067 25228 25395 AND
2 1 25227 25395 25396 AND
2 1 25394 25396 25397 AND
2 1 73 25397 25398 AND
2 1 25134 25133 25399 XOR
2 1 25229 25399 25400 AND
2 1 25073 25228 25401 AND
2 1 25227 25401 25402 AND
2 1 25400 25402 25403 AND
2 1 72 25403 25404 AND
2 1 25131 25130 25405 XOR
2 1 25229 25405 25406 AND
2 1 25079 25228 25407 AND
2 1 25227 25407 25408 AND
2 1 25406 25408 25409 AND
2 1 71 25409 25410 AND
2 1 25128 25127 25411 XOR
2 1 25229 25411 25412 AND
2 1 25085 25228 25413 AND
2 1 25227 25413 25414 AND
2 1 25412 25414 25415 AND
2 1 70 25415 25416 AND
2 1 25125 25124 25417 XOR
2 1 25229 25417 25418 AND
2 1 25091 25228 25419 AND
2 1 25227 25419 25420 AND
2 1 25418 25420 25421 AND
2 1 69 25421 25422 AND
2 1 25122 25121 25423 XOR
2 1 25229 25423 25424 AND
2 1 25098 25228 25425 AND
2 1 25227 25425 25426 AND
2 1 25424 25426 25427 AND
2 1 68 25427 25428 AND
2 1 65 25109 25110 AND
2 1 25110 25112 25113 AND
2 1 6403 25113 25114 AND
2 1 65 25109 25115 AND
2 1 25114 25115 25429 AND
2 1 25429 25119 25430 XOR
2 1 25229 25430 25431 AND
2 1 25104 25228 25432 AND
2 1 25227 25432 25433 AND
2 1 25431 25433 25434 AND
2 1 67 25434 25435 AND
2 1 25113 6403 25436 XOR
2 1 25229 25436 25437 AND
2 1 25109 25228 25438 AND
2 1 25227 25438 25439 AND
2 1 25437 25439 25440 AND
2 1 66 25440 25441 AND
2 1 64 25229 25442 AND
2 1 25442 6738 25446 XOR
2 1 6740 25446 25447 AND
2 1 25442 28 25443 XOR
2 1 65 25443 25448 AND
2 1 25447 25448 25449 AND
2 1 25440 66 25450 XOR
2 1 25449 25450 25451 AND
2 1 25441 25451 25452 AND
2 1 25434 67 25453 XOR
2 1 25452 25453 25454 AND
2 1 25435 25454 25455 AND
2 1 25427 68 25456 XOR
2 1 25455 25456 25457 AND
2 1 25428 25457 25458 AND
2 1 25421 69 25459 XOR
2 1 25458 25459 25460 AND
2 1 25422 25460 25461 AND
2 1 25415 70 25462 XOR
2 1 25461 25462 25463 AND
2 1 25416 25463 25464 AND
2 1 25409 71 25465 XOR
2 1 25464 25465 25466 AND
2 1 25410 25466 25467 AND
2 1 25403 72 25468 XOR
2 1 25467 25468 25469 AND
2 1 25404 25469 25470 AND
2 1 25397 73 25471 XOR
2 1 25470 25471 25472 AND
2 1 25398 25472 25473 AND
2 1 25391 74 25474 XOR
2 1 25473 25474 25475 AND
2 1 25392 25475 25476 AND
2 1 25385 75 25477 XOR
2 1 25476 25477 25478 AND
2 1 25386 25478 25479 AND
2 1 25379 76 25480 XOR
2 1 25479 25480 25481 AND
2 1 25380 25481 25482 AND
2 1 25373 77 25483 XOR
2 1 25482 25483 25484 AND
2 1 25374 25484 25485 AND
2 1 25367 78 25486 XOR
2 1 25485 25486 25487 AND
2 1 25368 25487 25488 AND
2 1 25361 79 25489 XOR
2 1 25488 25489 25490 AND
2 1 25362 25490 25491 AND
2 1 25355 80 25492 XOR
2 1 25491 25492 25493 AND
2 1 25356 25493 25494 AND
2 1 25349 81 25495 XOR
2 1 25494 25495 25496 AND
2 1 25350 25496 25497 AND
2 1 25343 82 25498 XOR
2 1 25497 25498 25499 AND
2 1 25344 25499 25500 AND
2 1 25337 83 25501 XOR
2 1 25500 25501 25502 AND
2 1 25338 25502 25503 AND
2 1 25331 84 25504 XOR
2 1 25503 25504 25505 AND
2 1 25332 25505 25506 AND
2 1 25325 85 25507 XOR
2 1 25506 25507 25508 AND
2 1 25326 25508 25509 AND
2 1 25319 86 25510 XOR
2 1 25509 25510 25511 AND
2 1 25320 25511 25512 AND
2 1 25313 87 25513 XOR
2 1 25512 25513 25514 AND
2 1 25314 25514 25515 AND
2 1 25307 88 25516 XOR
2 1 25515 25516 25517 AND
2 1 25308 25517 25518 AND
2 1 25301 89 25519 XOR
2 1 25518 25519 25520 AND
2 1 25302 25520 25521 AND
2 1 25295 90 25522 XOR
2 1 25521 25522 25523 AND
2 1 25296 25523 25524 AND
2 1 25289 91 25525 XOR
2 1 25524 25525 25526 AND
2 1 25290 25526 25527 AND
2 1 25283 92 25528 XOR
2 1 25527 25528 25529 AND
2 1 25284 25529 25530 AND
2 1 25277 93 25531 XOR
2 1 25530 25531 25532 AND
2 1 25278 25532 25533 AND
2 1 25271 94 25534 XOR
2 1 25533 25534 25535 AND
2 1 25272 25535 25536 AND
2 1 25265 95 25537 XOR
2 1 25536 25537 25538 AND
2 1 25266 25538 25539 AND
2 1 25259 96 25540 XOR
2 1 25539 25540 25541 AND
2 1 25260 25541 25542 AND
2 1 25253 97 25543 XOR
2 1 25542 25543 25544 AND
2 1 25254 25544 25545 AND
2 1 25247 98 25546 XOR
2 1 25545 25546 25547 AND
2 1 25248 25547 25548 AND
2 1 25234 99 25549 XOR
2 1 25548 25549 25550 AND
2 1 25242 25550 25551 AND
2 1 25240 100 25552 XOR
2 1 25551 25552 25553 AND
2 1 25241 25553 25554 AND
2 1 464 25554 25555 AND
2 1 25234 25555 25556 AND
2 1 25549 25548 25557 XOR
2 1 464 25557 25558 AND
2 1 25554 25558 25559 AND
2 1 25556 25559 25560 AND
2 1 25240 25555 25561 AND
2 1 25552 25551 25562 XOR
2 1 25555 25562 25563 AND
2 1 25561 25563 25564 AND
2 1 101 25564 25565 AND
2 1 100 25560 25566 AND
2 1 25247 25555 25567 AND
2 1 25546 25545 25568 XOR
2 1 464 25568 25569 AND
2 1 25554 25569 25570 AND
2 1 25567 25570 25571 AND
2 1 99 25571 25572 AND
2 1 25253 25555 25573 AND
2 1 25543 25542 25574 XOR
2 1 464 25574 25575 AND
2 1 25554 25575 25576 AND
2 1 25573 25576 25577 AND
2 1 98 25577 25578 AND
2 1 25259 25555 25579 AND
2 1 25540 25539 25580 XOR
2 1 464 25580 25581 AND
2 1 25554 25581 25582 AND
2 1 25579 25582 25583 AND
2 1 97 25583 25584 AND
2 1 25265 25555 25585 AND
2 1 25537 25536 25586 XOR
2 1 464 25586 25587 AND
2 1 25554 25587 25588 AND
2 1 25585 25588 25589 AND
2 1 96 25589 25590 AND
2 1 25271 25555 25591 AND
2 1 25534 25533 25592 XOR
2 1 464 25592 25593 AND
2 1 25554 25593 25594 AND
2 1 25591 25594 25595 AND
2 1 95 25595 25596 AND
2 1 25277 25555 25597 AND
2 1 25531 25530 25598 XOR
2 1 464 25598 25599 AND
2 1 25554 25599 25600 AND
2 1 25597 25600 25601 AND
2 1 94 25601 25602 AND
2 1 25283 25555 25603 AND
2 1 25528 25527 25604 XOR
2 1 464 25604 25605 AND
2 1 25554 25605 25606 AND
2 1 25603 25606 25607 AND
2 1 93 25607 25608 AND
2 1 25289 25555 25609 AND
2 1 25525 25524 25610 XOR
2 1 464 25610 25611 AND
2 1 25554 25611 25612 AND
2 1 25609 25612 25613 AND
2 1 92 25613 25614 AND
2 1 25295 25555 25615 AND
2 1 25522 25521 25616 XOR
2 1 464 25616 25617 AND
2 1 25554 25617 25618 AND
2 1 25615 25618 25619 AND
2 1 91 25619 25620 AND
2 1 25301 25555 25621 AND
2 1 25519 25518 25622 XOR
2 1 464 25622 25623 AND
2 1 25554 25623 25624 AND
2 1 25621 25624 25625 AND
2 1 90 25625 25626 AND
2 1 25307 25555 25627 AND
2 1 25516 25515 25628 XOR
2 1 464 25628 25629 AND
2 1 25554 25629 25630 AND
2 1 25627 25630 25631 AND
2 1 89 25631 25632 AND
2 1 25313 25555 25633 AND
2 1 25513 25512 25634 XOR
2 1 464 25634 25635 AND
2 1 25554 25635 25636 AND
2 1 25633 25636 25637 AND
2 1 88 25637 25638 AND
2 1 25319 25555 25639 AND
2 1 25510 25509 25640 XOR
2 1 464 25640 25641 AND
2 1 25554 25641 25642 AND
2 1 25639 25642 25643 AND
2 1 87 25643 25644 AND
2 1 25325 25555 25645 AND
2 1 25507 25506 25646 XOR
2 1 464 25646 25647 AND
2 1 25554 25647 25648 AND
2 1 25645 25648 25649 AND
2 1 86 25649 25650 AND
2 1 25331 25555 25651 AND
2 1 25504 25503 25652 XOR
2 1 464 25652 25653 AND
2 1 25554 25653 25654 AND
2 1 25651 25654 25655 AND
2 1 85 25655 25656 AND
2 1 25337 25555 25657 AND
2 1 25501 25500 25658 XOR
2 1 464 25658 25659 AND
2 1 25554 25659 25660 AND
2 1 25657 25660 25661 AND
2 1 84 25661 25662 AND
2 1 25343 25555 25663 AND
2 1 25498 25497 25664 XOR
2 1 464 25664 25665 AND
2 1 25554 25665 25666 AND
2 1 25663 25666 25667 AND
2 1 83 25667 25668 AND
2 1 25349 25555 25669 AND
2 1 25495 25494 25670 XOR
2 1 464 25670 25671 AND
2 1 25554 25671 25672 AND
2 1 25669 25672 25673 AND
2 1 82 25673 25674 AND
2 1 25355 25555 25675 AND
2 1 25492 25491 25676 XOR
2 1 464 25676 25677 AND
2 1 25554 25677 25678 AND
2 1 25675 25678 25679 AND
2 1 81 25679 25680 AND
2 1 25361 25555 25681 AND
2 1 25489 25488 25682 XOR
2 1 464 25682 25683 AND
2 1 25554 25683 25684 AND
2 1 25681 25684 25685 AND
2 1 80 25685 25686 AND
2 1 25367 25555 25687 AND
2 1 25486 25485 25688 XOR
2 1 464 25688 25689 AND
2 1 25554 25689 25690 AND
2 1 25687 25690 25691 AND
2 1 79 25691 25692 AND
2 1 25373 25555 25693 AND
2 1 25483 25482 25694 XOR
2 1 464 25694 25695 AND
2 1 25554 25695 25696 AND
2 1 25693 25696 25697 AND
2 1 78 25697 25698 AND
2 1 25379 25555 25699 AND
2 1 25480 25479 25700 XOR
2 1 464 25700 25701 AND
2 1 25554 25701 25702 AND
2 1 25699 25702 25703 AND
2 1 77 25703 25704 AND
2 1 25385 25555 25705 AND
2 1 25477 25476 25706 XOR
2 1 464 25706 25707 AND
2 1 25554 25707 25708 AND
2 1 25705 25708 25709 AND
2 1 76 25709 25710 AND
2 1 25391 25555 25711 AND
2 1 25474 25473 25712 XOR
2 1 464 25712 25713 AND
2 1 25554 25713 25714 AND
2 1 25711 25714 25715 AND
2 1 75 25715 25716 AND
2 1 25397 25555 25717 AND
2 1 25471 25470 25718 XOR
2 1 464 25718 25719 AND
2 1 25554 25719 25720 AND
2 1 25717 25720 25721 AND
2 1 74 25721 25722 AND
2 1 25403 25555 25723 AND
2 1 25468 25467 25724 XOR
2 1 464 25724 25725 AND
2 1 25554 25725 25726 AND
2 1 25723 25726 25727 AND
2 1 73 25727 25728 AND
2 1 25409 25555 25729 AND
2 1 25465 25464 25730 XOR
2 1 464 25730 25731 AND
2 1 25554 25731 25732 AND
2 1 25729 25732 25733 AND
2 1 72 25733 25734 AND
2 1 25415 25555 25735 AND
2 1 25462 25461 25736 XOR
2 1 464 25736 25737 AND
2 1 25554 25737 25738 AND
2 1 25735 25738 25739 AND
2 1 71 25739 25740 AND
2 1 25421 25555 25741 AND
2 1 25459 25458 25742 XOR
2 1 464 25742 25743 AND
2 1 25554 25743 25744 AND
2 1 25741 25744 25745 AND
2 1 70 25745 25746 AND
2 1 25427 25555 25747 AND
2 1 25456 25455 25748 XOR
2 1 464 25748 25749 AND
2 1 25554 25749 25750 AND
2 1 25747 25750 25751 AND
2 1 69 25751 25752 AND
2 1 25434 25555 25753 AND
2 1 25453 25452 25754 XOR
2 1 464 25754 25755 AND
2 1 25554 25755 25756 AND
2 1 25753 25756 25757 AND
2 1 68 25757 25758 AND
2 1 25440 25555 25759 AND
2 1 25450 25449 25760 XOR
2 1 464 25760 25761 AND
2 1 25554 25761 25762 AND
2 1 25759 25762 25763 AND
2 1 67 25763 25764 AND
2 1 25443 25555 25765 AND
2 1 65 25443 25444 AND
2 1 65 25443 25445 AND
2 1 25444 25445 25766 AND
2 1 25766 6740 25767 XOR
2 1 464 25767 25768 AND
2 1 25554 25768 25769 AND
2 1 25765 25769 25770 AND
2 1 66 25770 25771 AND
2 1 7070 25554 25772 AND
2 1 27 25772 25773 AND
2 1 7075 25554 25774 AND
2 1 65 25774 25777 AND
2 1 25773 25777 25778 AND
2 1 7082 25778 25782 AND
2 1 25773 25774 25775 AND
2 1 7086 25775 25783 AND
2 1 25782 25783 25784 AND
2 1 25770 66 25785 XOR
2 1 25784 25785 25786 AND
2 1 25771 25786 25787 AND
2 1 25763 67 25788 XOR
2 1 25787 25788 25789 AND
2 1 25764 25789 25790 AND
2 1 25757 68 25791 XOR
2 1 25790 25791 25792 AND
2 1 25758 25792 25793 AND
2 1 25751 69 25794 XOR
2 1 25793 25794 25795 AND
2 1 25752 25795 25796 AND
2 1 25745 70 25797 XOR
2 1 25796 25797 25798 AND
2 1 25746 25798 25799 AND
2 1 25739 71 25800 XOR
2 1 25799 25800 25801 AND
2 1 25740 25801 25802 AND
2 1 25733 72 25803 XOR
2 1 25802 25803 25804 AND
2 1 25734 25804 25805 AND
2 1 25727 73 25806 XOR
2 1 25805 25806 25807 AND
2 1 25728 25807 25808 AND
2 1 25721 74 25809 XOR
2 1 25808 25809 25810 AND
2 1 25722 25810 25811 AND
2 1 25715 75 25812 XOR
2 1 25811 25812 25813 AND
2 1 25716 25813 25814 AND
2 1 25709 76 25815 XOR
2 1 25814 25815 25816 AND
2 1 25710 25816 25817 AND
2 1 25703 77 25818 XOR
2 1 25817 25818 25819 AND
2 1 25704 25819 25820 AND
2 1 25697 78 25821 XOR
2 1 25820 25821 25822 AND
2 1 25698 25822 25823 AND
2 1 25691 79 25824 XOR
2 1 25823 25824 25825 AND
2 1 25692 25825 25826 AND
2 1 25685 80 25827 XOR
2 1 25826 25827 25828 AND
2 1 25686 25828 25829 AND
2 1 25679 81 25830 XOR
2 1 25829 25830 25831 AND
2 1 25680 25831 25832 AND
2 1 25673 82 25833 XOR
2 1 25832 25833 25834 AND
2 1 25674 25834 25835 AND
2 1 25667 83 25836 XOR
2 1 25835 25836 25837 AND
2 1 25668 25837 25838 AND
2 1 25661 84 25839 XOR
2 1 25838 25839 25840 AND
2 1 25662 25840 25841 AND
2 1 25655 85 25842 XOR
2 1 25841 25842 25843 AND
2 1 25656 25843 25844 AND
2 1 25649 86 25845 XOR
2 1 25844 25845 25846 AND
2 1 25650 25846 25847 AND
2 1 25643 87 25848 XOR
2 1 25847 25848 25849 AND
2 1 25644 25849 25850 AND
2 1 25637 88 25851 XOR
2 1 25850 25851 25852 AND
2 1 25638 25852 25853 AND
2 1 25631 89 25854 XOR
2 1 25853 25854 25855 AND
2 1 25632 25855 25856 AND
2 1 25625 90 25857 XOR
2 1 25856 25857 25858 AND
2 1 25626 25858 25859 AND
2 1 25619 91 25860 XOR
2 1 25859 25860 25861 AND
2 1 25620 25861 25862 AND
2 1 25613 92 25863 XOR
2 1 25862 25863 25864 AND
2 1 25614 25864 25865 AND
2 1 25607 93 25866 XOR
2 1 25865 25866 25867 AND
2 1 25608 25867 25868 AND
2 1 25601 94 25869 XOR
2 1 25868 25869 25870 AND
2 1 25602 25870 25871 AND
2 1 25595 95 25872 XOR
2 1 25871 25872 25873 AND
2 1 25596 25873 25874 AND
2 1 25589 96 25875 XOR
2 1 25874 25875 25876 AND
2 1 25590 25876 25877 AND
2 1 25583 97 25878 XOR
2 1 25877 25878 25879 AND
2 1 25584 25879 25880 AND
2 1 25577 98 25881 XOR
2 1 25880 25881 25882 AND
2 1 25578 25882 25883 AND
2 1 25571 99 25884 XOR
2 1 25883 25884 25885 AND
2 1 25572 25885 25886 AND
2 1 25560 100 25887 XOR
2 1 25886 25887 25888 AND
2 1 25566 25888 25889 AND
2 1 25564 101 25890 XOR
2 1 25889 25890 25891 AND
2 1 25565 25891 25892 AND
2 1 7199 25892 25893 AND
2 1 25560 25893 25894 AND
2 1 25887 25886 25895 XOR
2 1 7199 25895 25896 AND
2 1 25892 25896 25897 AND
2 1 25894 25897 25898 AND
2 1 101 25898 25899 AND
2 1 25571 25893 25900 AND
2 1 25884 25883 25901 XOR
2 1 7199 25901 25902 AND
2 1 25892 25902 25903 AND
2 1 25900 25903 25904 AND
2 1 100 25904 25905 AND
2 1 25577 25893 25906 AND
2 1 25881 25880 25907 XOR
2 1 7199 25907 25908 AND
2 1 25892 25908 25909 AND
2 1 25906 25909 25910 AND
2 1 99 25910 25911 AND
2 1 25583 25893 25912 AND
2 1 25878 25877 25913 XOR
2 1 7199 25913 25914 AND
2 1 25892 25914 25915 AND
2 1 25912 25915 25916 AND
2 1 98 25916 25917 AND
2 1 25589 25893 25918 AND
2 1 25875 25874 25919 XOR
2 1 7199 25919 25920 AND
2 1 25892 25920 25921 AND
2 1 25918 25921 25922 AND
2 1 97 25922 25923 AND
2 1 25595 25893 25924 AND
2 1 25872 25871 25925 XOR
2 1 7199 25925 25926 AND
2 1 25892 25926 25927 AND
2 1 25924 25927 25928 AND
2 1 96 25928 25929 AND
2 1 25601 25893 25930 AND
2 1 25869 25868 25931 XOR
2 1 7199 25931 25932 AND
2 1 25892 25932 25933 AND
2 1 25930 25933 25934 AND
2 1 95 25934 25935 AND
2 1 25607 25893 25936 AND
2 1 25866 25865 25937 XOR
2 1 7199 25937 25938 AND
2 1 25892 25938 25939 AND
2 1 25936 25939 25940 AND
2 1 94 25940 25941 AND
2 1 25613 25893 25942 AND
2 1 25863 25862 25943 XOR
2 1 7199 25943 25944 AND
2 1 25892 25944 25945 AND
2 1 25942 25945 25946 AND
2 1 93 25946 25947 AND
2 1 25619 25893 25948 AND
2 1 25860 25859 25949 XOR
2 1 7199 25949 25950 AND
2 1 25892 25950 25951 AND
2 1 25948 25951 25952 AND
2 1 92 25952 25953 AND
2 1 25625 25893 25954 AND
2 1 25857 25856 25955 XOR
2 1 7199 25955 25956 AND
2 1 25892 25956 25957 AND
2 1 25954 25957 25958 AND
2 1 91 25958 25959 AND
2 1 25631 25893 25960 AND
2 1 25854 25853 25961 XOR
2 1 7199 25961 25962 AND
2 1 25892 25962 25963 AND
2 1 25960 25963 25964 AND
2 1 90 25964 25965 AND
2 1 25637 25893 25966 AND
2 1 25851 25850 25967 XOR
2 1 7199 25967 25968 AND
2 1 25892 25968 25969 AND
2 1 25966 25969 25970 AND
2 1 89 25970 25971 AND
2 1 25643 25893 25972 AND
2 1 25848 25847 25973 XOR
2 1 7199 25973 25974 AND
2 1 25892 25974 25975 AND
2 1 25972 25975 25976 AND
2 1 88 25976 25977 AND
2 1 25649 25893 25978 AND
2 1 25845 25844 25979 XOR
2 1 7199 25979 25980 AND
2 1 25892 25980 25981 AND
2 1 25978 25981 25982 AND
2 1 87 25982 25983 AND
2 1 25655 25893 25984 AND
2 1 25842 25841 25985 XOR
2 1 7199 25985 25986 AND
2 1 25892 25986 25987 AND
2 1 25984 25987 25988 AND
2 1 86 25988 25989 AND
2 1 25661 25893 25990 AND
2 1 25839 25838 25991 XOR
2 1 7199 25991 25992 AND
2 1 25892 25992 25993 AND
2 1 25990 25993 25994 AND
2 1 85 25994 25995 AND
2 1 25667 25893 25996 AND
2 1 25836 25835 25997 XOR
2 1 7199 25997 25998 AND
2 1 25892 25998 25999 AND
2 1 25996 25999 26000 AND
2 1 84 26000 26001 AND
2 1 25673 25893 26002 AND
2 1 25833 25832 26003 XOR
2 1 7199 26003 26004 AND
2 1 25892 26004 26005 AND
2 1 26002 26005 26006 AND
2 1 83 26006 26007 AND
2 1 25679 25893 26008 AND
2 1 25830 25829 26009 XOR
2 1 7199 26009 26010 AND
2 1 25892 26010 26011 AND
2 1 26008 26011 26012 AND
2 1 82 26012 26013 AND
2 1 25685 25893 26014 AND
2 1 25827 25826 26015 XOR
2 1 7199 26015 26016 AND
2 1 25892 26016 26017 AND
2 1 26014 26017 26018 AND
2 1 81 26018 26019 AND
2 1 25691 25893 26020 AND
2 1 25824 25823 26021 XOR
2 1 7199 26021 26022 AND
2 1 25892 26022 26023 AND
2 1 26020 26023 26024 AND
2 1 80 26024 26025 AND
2 1 25697 25893 26026 AND
2 1 25821 25820 26027 XOR
2 1 7199 26027 26028 AND
2 1 25892 26028 26029 AND
2 1 26026 26029 26030 AND
2 1 79 26030 26031 AND
2 1 25703 25893 26032 AND
2 1 25818 25817 26033 XOR
2 1 7199 26033 26034 AND
2 1 25892 26034 26035 AND
2 1 26032 26035 26036 AND
2 1 78 26036 26037 AND
2 1 25709 25893 26038 AND
2 1 25815 25814 26039 XOR
2 1 7199 26039 26040 AND
2 1 25892 26040 26041 AND
2 1 26038 26041 26042 AND
2 1 77 26042 26043 AND
2 1 25715 25893 26044 AND
2 1 25812 25811 26045 XOR
2 1 7199 26045 26046 AND
2 1 25892 26046 26047 AND
2 1 26044 26047 26048 AND
2 1 76 26048 26049 AND
2 1 25721 25893 26050 AND
2 1 25809 25808 26051 XOR
2 1 7199 26051 26052 AND
2 1 25892 26052 26053 AND
2 1 26050 26053 26054 AND
2 1 75 26054 26055 AND
2 1 25727 25893 26056 AND
2 1 25806 25805 26057 XOR
2 1 7199 26057 26058 AND
2 1 25892 26058 26059 AND
2 1 26056 26059 26060 AND
2 1 74 26060 26061 AND
2 1 25733 25893 26062 AND
2 1 25803 25802 26063 XOR
2 1 7199 26063 26064 AND
2 1 25892 26064 26065 AND
2 1 26062 26065 26066 AND
2 1 73 26066 26067 AND
2 1 25739 25893 26068 AND
2 1 25800 25799 26069 XOR
2 1 7199 26069 26070 AND
2 1 25892 26070 26071 AND
2 1 26068 26071 26072 AND
2 1 72 26072 26073 AND
2 1 25745 25893 26074 AND
2 1 25797 25796 26075 XOR
2 1 7199 26075 26076 AND
2 1 25892 26076 26077 AND
2 1 26074 26077 26078 AND
2 1 71 26078 26079 AND
2 1 25751 25893 26080 AND
2 1 25794 25793 26081 XOR
2 1 7199 26081 26082 AND
2 1 25892 26082 26083 AND
2 1 26080 26083 26084 AND
2 1 70 26084 26085 AND
2 1 25757 25893 26086 AND
2 1 25791 25790 26087 XOR
2 1 7199 26087 26088 AND
2 1 25892 26088 26089 AND
2 1 26086 26089 26090 AND
2 1 69 26090 26091 AND
2 1 25763 25893 26092 AND
2 1 25788 25787 26093 XOR
2 1 7199 26093 26094 AND
2 1 25892 26094 26095 AND
2 1 26092 26095 26096 AND
2 1 68 26096 26097 AND
2 1 25770 25893 26098 AND
2 1 65 25775 25776 AND
2 1 25776 25778 25779 AND
2 1 7082 25779 25780 AND
2 1 65 25775 25781 AND
2 1 25780 25781 26099 AND
2 1 26099 25785 26100 XOR
2 1 7199 26100 26101 AND
2 1 25892 26101 26102 AND
2 1 26098 26102 26103 AND
2 1 67 26103 26104 AND
2 1 25775 25893 26105 AND
2 1 25779 7082 26106 XOR
2 1 7199 26106 26107 AND
2 1 25892 26107 26108 AND
2 1 26105 26108 26109 AND
2 1 66 26109 26110 AND
2 1 7422 25892 26111 AND
2 1 26 26111 26112 AND
2 1 7428 25892 26113 AND
2 1 65 26113 26116 AND
2 1 26112 26116 26117 AND
2 1 7432 26117 26121 AND
2 1 26112 26113 26114 AND
2 1 7436 26114 26122 AND
2 1 26121 26122 26123 AND
2 1 26109 66 26124 XOR
2 1 26123 26124 26125 AND
2 1 26110 26125 26126 AND
2 1 26103 67 26127 XOR
2 1 26126 26127 26128 AND
2 1 26104 26128 26129 AND
2 1 26096 68 26130 XOR
2 1 26129 26130 26131 AND
2 1 26097 26131 26132 AND
2 1 26090 69 26133 XOR
2 1 26132 26133 26134 AND
2 1 26091 26134 26135 AND
2 1 26084 70 26136 XOR
2 1 26135 26136 26137 AND
2 1 26085 26137 26138 AND
2 1 26078 71 26139 XOR
2 1 26138 26139 26140 AND
2 1 26079 26140 26141 AND
2 1 26072 72 26142 XOR
2 1 26141 26142 26143 AND
2 1 26073 26143 26144 AND
2 1 26066 73 26145 XOR
2 1 26144 26145 26146 AND
2 1 26067 26146 26147 AND
2 1 26060 74 26148 XOR
2 1 26147 26148 26149 AND
2 1 26061 26149 26150 AND
2 1 26054 75 26151 XOR
2 1 26150 26151 26152 AND
2 1 26055 26152 26153 AND
2 1 26048 76 26154 XOR
2 1 26153 26154 26155 AND
2 1 26049 26155 26156 AND
2 1 26042 77 26157 XOR
2 1 26156 26157 26158 AND
2 1 26043 26158 26159 AND
2 1 26036 78 26160 XOR
2 1 26159 26160 26161 AND
2 1 26037 26161 26162 AND
2 1 26030 79 26163 XOR
2 1 26162 26163 26164 AND
2 1 26031 26164 26165 AND
2 1 26024 80 26166 XOR
2 1 26165 26166 26167 AND
2 1 26025 26167 26168 AND
2 1 26018 81 26169 XOR
2 1 26168 26169 26170 AND
2 1 26019 26170 26171 AND
2 1 26012 82 26172 XOR
2 1 26171 26172 26173 AND
2 1 26013 26173 26174 AND
2 1 26006 83 26175 XOR
2 1 26174 26175 26176 AND
2 1 26007 26176 26177 AND
2 1 26000 84 26178 XOR
2 1 26177 26178 26179 AND
2 1 26001 26179 26180 AND
2 1 25994 85 26181 XOR
2 1 26180 26181 26182 AND
2 1 25995 26182 26183 AND
2 1 25988 86 26184 XOR
2 1 26183 26184 26185 AND
2 1 25989 26185 26186 AND
2 1 25982 87 26187 XOR
2 1 26186 26187 26188 AND
2 1 25983 26188 26189 AND
2 1 25976 88 26190 XOR
2 1 26189 26190 26191 AND
2 1 25977 26191 26192 AND
2 1 25970 89 26193 XOR
2 1 26192 26193 26194 AND
2 1 25971 26194 26195 AND
2 1 25964 90 26196 XOR
2 1 26195 26196 26197 AND
2 1 25965 26197 26198 AND
2 1 25958 91 26199 XOR
2 1 26198 26199 26200 AND
2 1 25959 26200 26201 AND
2 1 25952 92 26202 XOR
2 1 26201 26202 26203 AND
2 1 25953 26203 26204 AND
2 1 25946 93 26205 XOR
2 1 26204 26205 26206 AND
2 1 25947 26206 26207 AND
2 1 25940 94 26208 XOR
2 1 26207 26208 26209 AND
2 1 25941 26209 26210 AND
2 1 25934 95 26211 XOR
2 1 26210 26211 26212 AND
2 1 25935 26212 26213 AND
2 1 25928 96 26214 XOR
2 1 26213 26214 26215 AND
2 1 25929 26215 26216 AND
2 1 25922 97 26217 XOR
2 1 26216 26217 26218 AND
2 1 25923 26218 26219 AND
2 1 25916 98 26220 XOR
2 1 26219 26220 26221 AND
2 1 25917 26221 26222 AND
2 1 25910 99 26223 XOR
2 1 26222 26223 26224 AND
2 1 25911 26224 26225 AND
2 1 25904 100 26226 XOR
2 1 26225 26226 26227 AND
2 1 25905 26227 26228 AND
2 1 25898 101 26229 XOR
2 1 26228 26229 26230 AND
2 1 25899 26230 26231 AND
2 1 25564 25893 26232 AND
2 1 25890 25889 26233 XOR
2 1 25893 26233 26234 AND
2 1 26232 26234 26235 AND
2 1 102 26235 26236 AND
2 1 102 26232 26237 AND
2 1 26234 26237 26238 AND
2 1 7556 26238 26239 AND
2 1 26236 26239 26240 AND
2 1 26231 26240 26241 AND
2 1 7199 26235 26242 AND
2 1 26241 26242 26243 AND
2 1 26229 26228 26244 XOR
2 1 26243 26244 26245 AND
2 1 25898 26242 26246 AND
2 1 26241 26246 26247 AND
2 1 26245 26247 26248 AND
2 1 26236 26238 26249 AND
2 1 26249 26231 26250 XOR
2 1 26243 26250 26251 AND
2 1 7199 25564 26252 AND
2 1 26241 26252 26253 AND
2 1 26251 26253 26254 AND
2 1 103 26254 26255 AND
2 1 102 26248 26256 AND
2 1 26226 26225 26257 XOR
2 1 26243 26257 26258 AND
2 1 25904 26242 26259 AND
2 1 26241 26259 26260 AND
2 1 26258 26260 26261 AND
2 1 101 26261 26262 AND
2 1 26223 26222 26263 XOR
2 1 26243 26263 26264 AND
2 1 25910 26242 26265 AND
2 1 26241 26265 26266 AND
2 1 26264 26266 26267 AND
2 1 100 26267 26268 AND
2 1 26220 26219 26269 XOR
2 1 26243 26269 26270 AND
2 1 25916 26242 26271 AND
2 1 26241 26271 26272 AND
2 1 26270 26272 26273 AND
2 1 99 26273 26274 AND
2 1 26217 26216 26275 XOR
2 1 26243 26275 26276 AND
2 1 25922 26242 26277 AND
2 1 26241 26277 26278 AND
2 1 26276 26278 26279 AND
2 1 98 26279 26280 AND
2 1 26214 26213 26281 XOR
2 1 26243 26281 26282 AND
2 1 25928 26242 26283 AND
2 1 26241 26283 26284 AND
2 1 26282 26284 26285 AND
2 1 97 26285 26286 AND
2 1 26211 26210 26287 XOR
2 1 26243 26287 26288 AND
2 1 25934 26242 26289 AND
2 1 26241 26289 26290 AND
2 1 26288 26290 26291 AND
2 1 96 26291 26292 AND
2 1 26208 26207 26293 XOR
2 1 26243 26293 26294 AND
2 1 25940 26242 26295 AND
2 1 26241 26295 26296 AND
2 1 26294 26296 26297 AND
2 1 95 26297 26298 AND
2 1 26205 26204 26299 XOR
2 1 26243 26299 26300 AND
2 1 25946 26242 26301 AND
2 1 26241 26301 26302 AND
2 1 26300 26302 26303 AND
2 1 94 26303 26304 AND
2 1 26202 26201 26305 XOR
2 1 26243 26305 26306 AND
2 1 25952 26242 26307 AND
2 1 26241 26307 26308 AND
2 1 26306 26308 26309 AND
2 1 93 26309 26310 AND
2 1 26199 26198 26311 XOR
2 1 26243 26311 26312 AND
2 1 25958 26242 26313 AND
2 1 26241 26313 26314 AND
2 1 26312 26314 26315 AND
2 1 92 26315 26316 AND
2 1 26196 26195 26317 XOR
2 1 26243 26317 26318 AND
2 1 25964 26242 26319 AND
2 1 26241 26319 26320 AND
2 1 26318 26320 26321 AND
2 1 91 26321 26322 AND
2 1 26193 26192 26323 XOR
2 1 26243 26323 26324 AND
2 1 25970 26242 26325 AND
2 1 26241 26325 26326 AND
2 1 26324 26326 26327 AND
2 1 90 26327 26328 AND
2 1 26190 26189 26329 XOR
2 1 26243 26329 26330 AND
2 1 25976 26242 26331 AND
2 1 26241 26331 26332 AND
2 1 26330 26332 26333 AND
2 1 89 26333 26334 AND
2 1 26187 26186 26335 XOR
2 1 26243 26335 26336 AND
2 1 25982 26242 26337 AND
2 1 26241 26337 26338 AND
2 1 26336 26338 26339 AND
2 1 88 26339 26340 AND
2 1 26184 26183 26341 XOR
2 1 26243 26341 26342 AND
2 1 25988 26242 26343 AND
2 1 26241 26343 26344 AND
2 1 26342 26344 26345 AND
2 1 87 26345 26346 AND
2 1 26181 26180 26347 XOR
2 1 26243 26347 26348 AND
2 1 25994 26242 26349 AND
2 1 26241 26349 26350 AND
2 1 26348 26350 26351 AND
2 1 86 26351 26352 AND
2 1 26178 26177 26353 XOR
2 1 26243 26353 26354 AND
2 1 26000 26242 26355 AND
2 1 26241 26355 26356 AND
2 1 26354 26356 26357 AND
2 1 85 26357 26358 AND
2 1 26175 26174 26359 XOR
2 1 26243 26359 26360 AND
2 1 26006 26242 26361 AND
2 1 26241 26361 26362 AND
2 1 26360 26362 26363 AND
2 1 84 26363 26364 AND
2 1 26172 26171 26365 XOR
2 1 26243 26365 26366 AND
2 1 26012 26242 26367 AND
2 1 26241 26367 26368 AND
2 1 26366 26368 26369 AND
2 1 83 26369 26370 AND
2 1 26169 26168 26371 XOR
2 1 26243 26371 26372 AND
2 1 26018 26242 26373 AND
2 1 26241 26373 26374 AND
2 1 26372 26374 26375 AND
2 1 82 26375 26376 AND
2 1 26166 26165 26377 XOR
2 1 26243 26377 26378 AND
2 1 26024 26242 26379 AND
2 1 26241 26379 26380 AND
2 1 26378 26380 26381 AND
2 1 81 26381 26382 AND
2 1 26163 26162 26383 XOR
2 1 26243 26383 26384 AND
2 1 26030 26242 26385 AND
2 1 26241 26385 26386 AND
2 1 26384 26386 26387 AND
2 1 80 26387 26388 AND
2 1 26160 26159 26389 XOR
2 1 26243 26389 26390 AND
2 1 26036 26242 26391 AND
2 1 26241 26391 26392 AND
2 1 26390 26392 26393 AND
2 1 79 26393 26394 AND
2 1 26157 26156 26395 XOR
2 1 26243 26395 26396 AND
2 1 26042 26242 26397 AND
2 1 26241 26397 26398 AND
2 1 26396 26398 26399 AND
2 1 78 26399 26400 AND
2 1 26154 26153 26401 XOR
2 1 26243 26401 26402 AND
2 1 26048 26242 26403 AND
2 1 26241 26403 26404 AND
2 1 26402 26404 26405 AND
2 1 77 26405 26406 AND
2 1 26151 26150 26407 XOR
2 1 26243 26407 26408 AND
2 1 26054 26242 26409 AND
2 1 26241 26409 26410 AND
2 1 26408 26410 26411 AND
2 1 76 26411 26412 AND
2 1 26148 26147 26413 XOR
2 1 26243 26413 26414 AND
2 1 26060 26242 26415 AND
2 1 26241 26415 26416 AND
2 1 26414 26416 26417 AND
2 1 75 26417 26418 AND
2 1 26145 26144 26419 XOR
2 1 26243 26419 26420 AND
2 1 26066 26242 26421 AND
2 1 26241 26421 26422 AND
2 1 26420 26422 26423 AND
2 1 74 26423 26424 AND
2 1 26142 26141 26425 XOR
2 1 26243 26425 26426 AND
2 1 26072 26242 26427 AND
2 1 26241 26427 26428 AND
2 1 26426 26428 26429 AND
2 1 73 26429 26430 AND
2 1 26139 26138 26431 XOR
2 1 26243 26431 26432 AND
2 1 26078 26242 26433 AND
2 1 26241 26433 26434 AND
2 1 26432 26434 26435 AND
2 1 72 26435 26436 AND
2 1 26136 26135 26437 XOR
2 1 26243 26437 26438 AND
2 1 26084 26242 26439 AND
2 1 26241 26439 26440 AND
2 1 26438 26440 26441 AND
2 1 71 26441 26442 AND
2 1 26133 26132 26443 XOR
2 1 26243 26443 26444 AND
2 1 26090 26242 26445 AND
2 1 26241 26445 26446 AND
2 1 26444 26446 26447 AND
2 1 70 26447 26448 AND
2 1 26130 26129 26449 XOR
2 1 26243 26449 26450 AND
2 1 26096 26242 26451 AND
2 1 26241 26451 26452 AND
2 1 26450 26452 26453 AND
2 1 69 26453 26454 AND
2 1 26127 26126 26455 XOR
2 1 26243 26455 26456 AND
2 1 26103 26242 26457 AND
2 1 26241 26457 26458 AND
2 1 26456 26458 26459 AND
2 1 68 26459 26460 AND
2 1 65 26114 26115 AND
2 1 26115 26117 26118 AND
2 1 7432 26118 26119 AND
2 1 65 26114 26120 AND
2 1 26119 26120 26461 AND
2 1 26461 26124 26462 XOR
2 1 26243 26462 26463 AND
2 1 26109 26242 26464 AND
2 1 26241 26464 26465 AND
2 1 26463 26465 26466 AND
2 1 67 26466 26467 AND
2 1 26118 7432 26468 XOR
2 1 26243 26468 26469 AND
2 1 26114 26242 26470 AND
2 1 26241 26470 26471 AND
2 1 26469 26471 26472 AND
2 1 66 26472 26473 AND
2 1 64 26243 26474 AND
2 1 26474 7797 26478 XOR
2 1 7799 26478 26479 AND
2 1 26474 25 26475 XOR
2 1 65 26475 26480 AND
2 1 26479 26480 26481 AND
2 1 26472 66 26482 XOR
2 1 26481 26482 26483 AND
2 1 26473 26483 26484 AND
2 1 26466 67 26485 XOR
2 1 26484 26485 26486 AND
2 1 26467 26486 26487 AND
2 1 26459 68 26488 XOR
2 1 26487 26488 26489 AND
2 1 26460 26489 26490 AND
2 1 26453 69 26491 XOR
2 1 26490 26491 26492 AND
2 1 26454 26492 26493 AND
2 1 26447 70 26494 XOR
2 1 26493 26494 26495 AND
2 1 26448 26495 26496 AND
2 1 26441 71 26497 XOR
2 1 26496 26497 26498 AND
2 1 26442 26498 26499 AND
2 1 26435 72 26500 XOR
2 1 26499 26500 26501 AND
2 1 26436 26501 26502 AND
2 1 26429 73 26503 XOR
2 1 26502 26503 26504 AND
2 1 26430 26504 26505 AND
2 1 26423 74 26506 XOR
2 1 26505 26506 26507 AND
2 1 26424 26507 26508 AND
2 1 26417 75 26509 XOR
2 1 26508 26509 26510 AND
2 1 26418 26510 26511 AND
2 1 26411 76 26512 XOR
2 1 26511 26512 26513 AND
2 1 26412 26513 26514 AND
2 1 26405 77 26515 XOR
2 1 26514 26515 26516 AND
2 1 26406 26516 26517 AND
2 1 26399 78 26518 XOR
2 1 26517 26518 26519 AND
2 1 26400 26519 26520 AND
2 1 26393 79 26521 XOR
2 1 26520 26521 26522 AND
2 1 26394 26522 26523 AND
2 1 26387 80 26524 XOR
2 1 26523 26524 26525 AND
2 1 26388 26525 26526 AND
2 1 26381 81 26527 XOR
2 1 26526 26527 26528 AND
2 1 26382 26528 26529 AND
2 1 26375 82 26530 XOR
2 1 26529 26530 26531 AND
2 1 26376 26531 26532 AND
2 1 26369 83 26533 XOR
2 1 26532 26533 26534 AND
2 1 26370 26534 26535 AND
2 1 26363 84 26536 XOR
2 1 26535 26536 26537 AND
2 1 26364 26537 26538 AND
2 1 26357 85 26539 XOR
2 1 26538 26539 26540 AND
2 1 26358 26540 26541 AND
2 1 26351 86 26542 XOR
2 1 26541 26542 26543 AND
2 1 26352 26543 26544 AND
2 1 26345 87 26545 XOR
2 1 26544 26545 26546 AND
2 1 26346 26546 26547 AND
2 1 26339 88 26548 XOR
2 1 26547 26548 26549 AND
2 1 26340 26549 26550 AND
2 1 26333 89 26551 XOR
2 1 26550 26551 26552 AND
2 1 26334 26552 26553 AND
2 1 26327 90 26554 XOR
2 1 26553 26554 26555 AND
2 1 26328 26555 26556 AND
2 1 26321 91 26557 XOR
2 1 26556 26557 26558 AND
2 1 26322 26558 26559 AND
2 1 26315 92 26560 XOR
2 1 26559 26560 26561 AND
2 1 26316 26561 26562 AND
2 1 26309 93 26563 XOR
2 1 26562 26563 26564 AND
2 1 26310 26564 26565 AND
2 1 26303 94 26566 XOR
2 1 26565 26566 26567 AND
2 1 26304 26567 26568 AND
2 1 26297 95 26569 XOR
2 1 26568 26569 26570 AND
2 1 26298 26570 26571 AND
2 1 26291 96 26572 XOR
2 1 26571 26572 26573 AND
2 1 26292 26573 26574 AND
2 1 26285 97 26575 XOR
2 1 26574 26575 26576 AND
2 1 26286 26576 26577 AND
2 1 26279 98 26578 XOR
2 1 26577 26578 26579 AND
2 1 26280 26579 26580 AND
2 1 26273 99 26581 XOR
2 1 26580 26581 26582 AND
2 1 26274 26582 26583 AND
2 1 26267 100 26584 XOR
2 1 26583 26584 26585 AND
2 1 26268 26585 26586 AND
2 1 26261 101 26587 XOR
2 1 26586 26587 26588 AND
2 1 26262 26588 26589 AND
2 1 26248 102 26590 XOR
2 1 26589 26590 26591 AND
2 1 26256 26591 26592 AND
2 1 26254 103 26593 XOR
2 1 26592 26593 26594 AND
2 1 26255 26594 26595 AND
2 1 7917 26595 26596 AND
2 1 26248 26596 26597 AND
2 1 26590 26589 26598 XOR
2 1 7917 26598 26599 AND
2 1 26595 26599 26600 AND
2 1 26597 26600 26601 AND
2 1 26254 26596 26602 AND
2 1 26593 26592 26603 XOR
2 1 26596 26603 26604 AND
2 1 26602 26604 26605 AND
2 1 104 26605 26606 AND
2 1 103 26601 26607 AND
2 1 26261 26596 26608 AND
2 1 26587 26586 26609 XOR
2 1 7917 26609 26610 AND
2 1 26595 26610 26611 AND
2 1 26608 26611 26612 AND
2 1 102 26612 26613 AND
2 1 26267 26596 26614 AND
2 1 26584 26583 26615 XOR
2 1 7917 26615 26616 AND
2 1 26595 26616 26617 AND
2 1 26614 26617 26618 AND
2 1 101 26618 26619 AND
2 1 26273 26596 26620 AND
2 1 26581 26580 26621 XOR
2 1 7917 26621 26622 AND
2 1 26595 26622 26623 AND
2 1 26620 26623 26624 AND
2 1 100 26624 26625 AND
2 1 26279 26596 26626 AND
2 1 26578 26577 26627 XOR
2 1 7917 26627 26628 AND
2 1 26595 26628 26629 AND
2 1 26626 26629 26630 AND
2 1 99 26630 26631 AND
2 1 26285 26596 26632 AND
2 1 26575 26574 26633 XOR
2 1 7917 26633 26634 AND
2 1 26595 26634 26635 AND
2 1 26632 26635 26636 AND
2 1 98 26636 26637 AND
2 1 26291 26596 26638 AND
2 1 26572 26571 26639 XOR
2 1 7917 26639 26640 AND
2 1 26595 26640 26641 AND
2 1 26638 26641 26642 AND
2 1 97 26642 26643 AND
2 1 26297 26596 26644 AND
2 1 26569 26568 26645 XOR
2 1 7917 26645 26646 AND
2 1 26595 26646 26647 AND
2 1 26644 26647 26648 AND
2 1 96 26648 26649 AND
2 1 26303 26596 26650 AND
2 1 26566 26565 26651 XOR
2 1 7917 26651 26652 AND
2 1 26595 26652 26653 AND
2 1 26650 26653 26654 AND
2 1 95 26654 26655 AND
2 1 26309 26596 26656 AND
2 1 26563 26562 26657 XOR
2 1 7917 26657 26658 AND
2 1 26595 26658 26659 AND
2 1 26656 26659 26660 AND
2 1 94 26660 26661 AND
2 1 26315 26596 26662 AND
2 1 26560 26559 26663 XOR
2 1 7917 26663 26664 AND
2 1 26595 26664 26665 AND
2 1 26662 26665 26666 AND
2 1 93 26666 26667 AND
2 1 26321 26596 26668 AND
2 1 26557 26556 26669 XOR
2 1 7917 26669 26670 AND
2 1 26595 26670 26671 AND
2 1 26668 26671 26672 AND
2 1 92 26672 26673 AND
2 1 26327 26596 26674 AND
2 1 26554 26553 26675 XOR
2 1 7917 26675 26676 AND
2 1 26595 26676 26677 AND
2 1 26674 26677 26678 AND
2 1 91 26678 26679 AND
2 1 26333 26596 26680 AND
2 1 26551 26550 26681 XOR
2 1 7917 26681 26682 AND
2 1 26595 26682 26683 AND
2 1 26680 26683 26684 AND
2 1 90 26684 26685 AND
2 1 26339 26596 26686 AND
2 1 26548 26547 26687 XOR
2 1 7917 26687 26688 AND
2 1 26595 26688 26689 AND
2 1 26686 26689 26690 AND
2 1 89 26690 26691 AND
2 1 26345 26596 26692 AND
2 1 26545 26544 26693 XOR
2 1 7917 26693 26694 AND
2 1 26595 26694 26695 AND
2 1 26692 26695 26696 AND
2 1 88 26696 26697 AND
2 1 26351 26596 26698 AND
2 1 26542 26541 26699 XOR
2 1 7917 26699 26700 AND
2 1 26595 26700 26701 AND
2 1 26698 26701 26702 AND
2 1 87 26702 26703 AND
2 1 26357 26596 26704 AND
2 1 26539 26538 26705 XOR
2 1 7917 26705 26706 AND
2 1 26595 26706 26707 AND
2 1 26704 26707 26708 AND
2 1 86 26708 26709 AND
2 1 26363 26596 26710 AND
2 1 26536 26535 26711 XOR
2 1 7917 26711 26712 AND
2 1 26595 26712 26713 AND
2 1 26710 26713 26714 AND
2 1 85 26714 26715 AND
2 1 26369 26596 26716 AND
2 1 26533 26532 26717 XOR
2 1 7917 26717 26718 AND
2 1 26595 26718 26719 AND
2 1 26716 26719 26720 AND
2 1 84 26720 26721 AND
2 1 26375 26596 26722 AND
2 1 26530 26529 26723 XOR
2 1 7917 26723 26724 AND
2 1 26595 26724 26725 AND
2 1 26722 26725 26726 AND
2 1 83 26726 26727 AND
2 1 26381 26596 26728 AND
2 1 26527 26526 26729 XOR
2 1 7917 26729 26730 AND
2 1 26595 26730 26731 AND
2 1 26728 26731 26732 AND
2 1 82 26732 26733 AND
2 1 26387 26596 26734 AND
2 1 26524 26523 26735 XOR
2 1 7917 26735 26736 AND
2 1 26595 26736 26737 AND
2 1 26734 26737 26738 AND
2 1 81 26738 26739 AND
2 1 26393 26596 26740 AND
2 1 26521 26520 26741 XOR
2 1 7917 26741 26742 AND
2 1 26595 26742 26743 AND
2 1 26740 26743 26744 AND
2 1 80 26744 26745 AND
2 1 26399 26596 26746 AND
2 1 26518 26517 26747 XOR
2 1 7917 26747 26748 AND
2 1 26595 26748 26749 AND
2 1 26746 26749 26750 AND
2 1 79 26750 26751 AND
2 1 26405 26596 26752 AND
2 1 26515 26514 26753 XOR
2 1 7917 26753 26754 AND
2 1 26595 26754 26755 AND
2 1 26752 26755 26756 AND
2 1 78 26756 26757 AND
2 1 26411 26596 26758 AND
2 1 26512 26511 26759 XOR
2 1 7917 26759 26760 AND
2 1 26595 26760 26761 AND
2 1 26758 26761 26762 AND
2 1 77 26762 26763 AND
2 1 26417 26596 26764 AND
2 1 26509 26508 26765 XOR
2 1 7917 26765 26766 AND
2 1 26595 26766 26767 AND
2 1 26764 26767 26768 AND
2 1 76 26768 26769 AND
2 1 26423 26596 26770 AND
2 1 26506 26505 26771 XOR
2 1 7917 26771 26772 AND
2 1 26595 26772 26773 AND
2 1 26770 26773 26774 AND
2 1 75 26774 26775 AND
2 1 26429 26596 26776 AND
2 1 26503 26502 26777 XOR
2 1 7917 26777 26778 AND
2 1 26595 26778 26779 AND
2 1 26776 26779 26780 AND
2 1 74 26780 26781 AND
2 1 26435 26596 26782 AND
2 1 26500 26499 26783 XOR
2 1 7917 26783 26784 AND
2 1 26595 26784 26785 AND
2 1 26782 26785 26786 AND
2 1 73 26786 26787 AND
2 1 26441 26596 26788 AND
2 1 26497 26496 26789 XOR
2 1 7917 26789 26790 AND
2 1 26595 26790 26791 AND
2 1 26788 26791 26792 AND
2 1 72 26792 26793 AND
2 1 26447 26596 26794 AND
2 1 26494 26493 26795 XOR
2 1 7917 26795 26796 AND
2 1 26595 26796 26797 AND
2 1 26794 26797 26798 AND
2 1 71 26798 26799 AND
2 1 26453 26596 26800 AND
2 1 26491 26490 26801 XOR
2 1 7917 26801 26802 AND
2 1 26595 26802 26803 AND
2 1 26800 26803 26804 AND
2 1 70 26804 26805 AND
2 1 26459 26596 26806 AND
2 1 26488 26487 26807 XOR
2 1 7917 26807 26808 AND
2 1 26595 26808 26809 AND
2 1 26806 26809 26810 AND
2 1 69 26810 26811 AND
2 1 26466 26596 26812 AND
2 1 26485 26484 26813 XOR
2 1 7917 26813 26814 AND
2 1 26595 26814 26815 AND
2 1 26812 26815 26816 AND
2 1 68 26816 26817 AND
2 1 26472 26596 26818 AND
2 1 26482 26481 26819 XOR
2 1 7917 26819 26820 AND
2 1 26595 26820 26821 AND
2 1 26818 26821 26822 AND
2 1 67 26822 26823 AND
2 1 26475 26596 26824 AND
2 1 65 26475 26476 AND
2 1 65 26475 26477 AND
2 1 26476 26477 26825 AND
2 1 26825 7799 26826 XOR
2 1 7917 26826 26827 AND
2 1 26595 26827 26828 AND
2 1 26824 26828 26829 AND
2 1 66 26829 26830 AND
2 1 8156 26595 26831 AND
2 1 24 26831 26832 AND
2 1 8161 26595 26833 AND
2 1 65 26833 26836 AND
2 1 26832 26836 26837 AND
2 1 8168 26837 26841 AND
2 1 26832 26833 26834 AND
2 1 8172 26834 26842 AND
2 1 26841 26842 26843 AND
2 1 26829 66 26844 XOR
2 1 26843 26844 26845 AND
2 1 26830 26845 26846 AND
2 1 26822 67 26847 XOR
2 1 26846 26847 26848 AND
2 1 26823 26848 26849 AND
2 1 26816 68 26850 XOR
2 1 26849 26850 26851 AND
2 1 26817 26851 26852 AND
2 1 26810 69 26853 XOR
2 1 26852 26853 26854 AND
2 1 26811 26854 26855 AND
2 1 26804 70 26856 XOR
2 1 26855 26856 26857 AND
2 1 26805 26857 26858 AND
2 1 26798 71 26859 XOR
2 1 26858 26859 26860 AND
2 1 26799 26860 26861 AND
2 1 26792 72 26862 XOR
2 1 26861 26862 26863 AND
2 1 26793 26863 26864 AND
2 1 26786 73 26865 XOR
2 1 26864 26865 26866 AND
2 1 26787 26866 26867 AND
2 1 26780 74 26868 XOR
2 1 26867 26868 26869 AND
2 1 26781 26869 26870 AND
2 1 26774 75 26871 XOR
2 1 26870 26871 26872 AND
2 1 26775 26872 26873 AND
2 1 26768 76 26874 XOR
2 1 26873 26874 26875 AND
2 1 26769 26875 26876 AND
2 1 26762 77 26877 XOR
2 1 26876 26877 26878 AND
2 1 26763 26878 26879 AND
2 1 26756 78 26880 XOR
2 1 26879 26880 26881 AND
2 1 26757 26881 26882 AND
2 1 26750 79 26883 XOR
2 1 26882 26883 26884 AND
2 1 26751 26884 26885 AND
2 1 26744 80 26886 XOR
2 1 26885 26886 26887 AND
2 1 26745 26887 26888 AND
2 1 26738 81 26889 XOR
2 1 26888 26889 26890 AND
2 1 26739 26890 26891 AND
2 1 26732 82 26892 XOR
2 1 26891 26892 26893 AND
2 1 26733 26893 26894 AND
2 1 26726 83 26895 XOR
2 1 26894 26895 26896 AND
2 1 26727 26896 26897 AND
2 1 26720 84 26898 XOR
2 1 26897 26898 26899 AND
2 1 26721 26899 26900 AND
2 1 26714 85 26901 XOR
2 1 26900 26901 26902 AND
2 1 26715 26902 26903 AND
2 1 26708 86 26904 XOR
2 1 26903 26904 26905 AND
2 1 26709 26905 26906 AND
2 1 26702 87 26907 XOR
2 1 26906 26907 26908 AND
2 1 26703 26908 26909 AND
2 1 26696 88 26910 XOR
2 1 26909 26910 26911 AND
2 1 26697 26911 26912 AND
2 1 26690 89 26913 XOR
2 1 26912 26913 26914 AND
2 1 26691 26914 26915 AND
2 1 26684 90 26916 XOR
2 1 26915 26916 26917 AND
2 1 26685 26917 26918 AND
2 1 26678 91 26919 XOR
2 1 26918 26919 26920 AND
2 1 26679 26920 26921 AND
2 1 26672 92 26922 XOR
2 1 26921 26922 26923 AND
2 1 26673 26923 26924 AND
2 1 26666 93 26925 XOR
2 1 26924 26925 26926 AND
2 1 26667 26926 26927 AND
2 1 26660 94 26928 XOR
2 1 26927 26928 26929 AND
2 1 26661 26929 26930 AND
2 1 26654 95 26931 XOR
2 1 26930 26931 26932 AND
2 1 26655 26932 26933 AND
2 1 26648 96 26934 XOR
2 1 26933 26934 26935 AND
2 1 26649 26935 26936 AND
2 1 26642 97 26937 XOR
2 1 26936 26937 26938 AND
2 1 26643 26938 26939 AND
2 1 26636 98 26940 XOR
2 1 26939 26940 26941 AND
2 1 26637 26941 26942 AND
2 1 26630 99 26943 XOR
2 1 26942 26943 26944 AND
2 1 26631 26944 26945 AND
2 1 26624 100 26946 XOR
2 1 26945 26946 26947 AND
2 1 26625 26947 26948 AND
2 1 26618 101 26949 XOR
2 1 26948 26949 26950 AND
2 1 26619 26950 26951 AND
2 1 26612 102 26952 XOR
2 1 26951 26952 26953 AND
2 1 26613 26953 26954 AND
2 1 26601 103 26955 XOR
2 1 26954 26955 26956 AND
2 1 26607 26956 26957 AND
2 1 26605 104 26958 XOR
2 1 26957 26958 26959 AND
2 1 26606 26959 26960 AND
2 1 8292 26960 26961 AND
2 1 26601 26961 26962 AND
2 1 26955 26954 26963 XOR
2 1 8292 26963 26964 AND
2 1 26960 26964 26965 AND
2 1 26962 26965 26966 AND
2 1 104 26966 26967 AND
2 1 26612 26961 26968 AND
2 1 26952 26951 26969 XOR
2 1 8292 26969 26970 AND
2 1 26960 26970 26971 AND
2 1 26968 26971 26972 AND
2 1 103 26972 26973 AND
2 1 26618 26961 26974 AND
2 1 26949 26948 26975 XOR
2 1 8292 26975 26976 AND
2 1 26960 26976 26977 AND
2 1 26974 26977 26978 AND
2 1 102 26978 26979 AND
2 1 26624 26961 26980 AND
2 1 26946 26945 26981 XOR
2 1 8292 26981 26982 AND
2 1 26960 26982 26983 AND
2 1 26980 26983 26984 AND
2 1 101 26984 26985 AND
2 1 26630 26961 26986 AND
2 1 26943 26942 26987 XOR
2 1 8292 26987 26988 AND
2 1 26960 26988 26989 AND
2 1 26986 26989 26990 AND
2 1 100 26990 26991 AND
2 1 26636 26961 26992 AND
2 1 26940 26939 26993 XOR
2 1 8292 26993 26994 AND
2 1 26960 26994 26995 AND
2 1 26992 26995 26996 AND
2 1 99 26996 26997 AND
2 1 26642 26961 26998 AND
2 1 26937 26936 26999 XOR
2 1 8292 26999 27000 AND
2 1 26960 27000 27001 AND
2 1 26998 27001 27002 AND
2 1 98 27002 27003 AND
2 1 26648 26961 27004 AND
2 1 26934 26933 27005 XOR
2 1 8292 27005 27006 AND
2 1 26960 27006 27007 AND
2 1 27004 27007 27008 AND
2 1 97 27008 27009 AND
2 1 26654 26961 27010 AND
2 1 26931 26930 27011 XOR
2 1 8292 27011 27012 AND
2 1 26960 27012 27013 AND
2 1 27010 27013 27014 AND
2 1 96 27014 27015 AND
2 1 26660 26961 27016 AND
2 1 26928 26927 27017 XOR
2 1 8292 27017 27018 AND
2 1 26960 27018 27019 AND
2 1 27016 27019 27020 AND
2 1 95 27020 27021 AND
2 1 26666 26961 27022 AND
2 1 26925 26924 27023 XOR
2 1 8292 27023 27024 AND
2 1 26960 27024 27025 AND
2 1 27022 27025 27026 AND
2 1 94 27026 27027 AND
2 1 26672 26961 27028 AND
2 1 26922 26921 27029 XOR
2 1 8292 27029 27030 AND
2 1 26960 27030 27031 AND
2 1 27028 27031 27032 AND
2 1 93 27032 27033 AND
2 1 26678 26961 27034 AND
2 1 26919 26918 27035 XOR
2 1 8292 27035 27036 AND
2 1 26960 27036 27037 AND
2 1 27034 27037 27038 AND
2 1 92 27038 27039 AND
2 1 26684 26961 27040 AND
2 1 26916 26915 27041 XOR
2 1 8292 27041 27042 AND
2 1 26960 27042 27043 AND
2 1 27040 27043 27044 AND
2 1 91 27044 27045 AND
2 1 26690 26961 27046 AND
2 1 26913 26912 27047 XOR
2 1 8292 27047 27048 AND
2 1 26960 27048 27049 AND
2 1 27046 27049 27050 AND
2 1 90 27050 27051 AND
2 1 26696 26961 27052 AND
2 1 26910 26909 27053 XOR
2 1 8292 27053 27054 AND
2 1 26960 27054 27055 AND
2 1 27052 27055 27056 AND
2 1 89 27056 27057 AND
2 1 26702 26961 27058 AND
2 1 26907 26906 27059 XOR
2 1 8292 27059 27060 AND
2 1 26960 27060 27061 AND
2 1 27058 27061 27062 AND
2 1 88 27062 27063 AND
2 1 26708 26961 27064 AND
2 1 26904 26903 27065 XOR
2 1 8292 27065 27066 AND
2 1 26960 27066 27067 AND
2 1 27064 27067 27068 AND
2 1 87 27068 27069 AND
2 1 26714 26961 27070 AND
2 1 26901 26900 27071 XOR
2 1 8292 27071 27072 AND
2 1 26960 27072 27073 AND
2 1 27070 27073 27074 AND
2 1 86 27074 27075 AND
2 1 26720 26961 27076 AND
2 1 26898 26897 27077 XOR
2 1 8292 27077 27078 AND
2 1 26960 27078 27079 AND
2 1 27076 27079 27080 AND
2 1 85 27080 27081 AND
2 1 26726 26961 27082 AND
2 1 26895 26894 27083 XOR
2 1 8292 27083 27084 AND
2 1 26960 27084 27085 AND
2 1 27082 27085 27086 AND
2 1 84 27086 27087 AND
2 1 26732 26961 27088 AND
2 1 26892 26891 27089 XOR
2 1 8292 27089 27090 AND
2 1 26960 27090 27091 AND
2 1 27088 27091 27092 AND
2 1 83 27092 27093 AND
2 1 26738 26961 27094 AND
2 1 26889 26888 27095 XOR
2 1 8292 27095 27096 AND
2 1 26960 27096 27097 AND
2 1 27094 27097 27098 AND
2 1 82 27098 27099 AND
2 1 26744 26961 27100 AND
2 1 26886 26885 27101 XOR
2 1 8292 27101 27102 AND
2 1 26960 27102 27103 AND
2 1 27100 27103 27104 AND
2 1 81 27104 27105 AND
2 1 26750 26961 27106 AND
2 1 26883 26882 27107 XOR
2 1 8292 27107 27108 AND
2 1 26960 27108 27109 AND
2 1 27106 27109 27110 AND
2 1 80 27110 27111 AND
2 1 26756 26961 27112 AND
2 1 26880 26879 27113 XOR
2 1 8292 27113 27114 AND
2 1 26960 27114 27115 AND
2 1 27112 27115 27116 AND
2 1 79 27116 27117 AND
2 1 26762 26961 27118 AND
2 1 26877 26876 27119 XOR
2 1 8292 27119 27120 AND
2 1 26960 27120 27121 AND
2 1 27118 27121 27122 AND
2 1 78 27122 27123 AND
2 1 26768 26961 27124 AND
2 1 26874 26873 27125 XOR
2 1 8292 27125 27126 AND
2 1 26960 27126 27127 AND
2 1 27124 27127 27128 AND
2 1 77 27128 27129 AND
2 1 26774 26961 27130 AND
2 1 26871 26870 27131 XOR
2 1 8292 27131 27132 AND
2 1 26960 27132 27133 AND
2 1 27130 27133 27134 AND
2 1 76 27134 27135 AND
2 1 26780 26961 27136 AND
2 1 26868 26867 27137 XOR
2 1 8292 27137 27138 AND
2 1 26960 27138 27139 AND
2 1 27136 27139 27140 AND
2 1 75 27140 27141 AND
2 1 26786 26961 27142 AND
2 1 26865 26864 27143 XOR
2 1 8292 27143 27144 AND
2 1 26960 27144 27145 AND
2 1 27142 27145 27146 AND
2 1 74 27146 27147 AND
2 1 26792 26961 27148 AND
2 1 26862 26861 27149 XOR
2 1 8292 27149 27150 AND
2 1 26960 27150 27151 AND
2 1 27148 27151 27152 AND
2 1 73 27152 27153 AND
2 1 26798 26961 27154 AND
2 1 26859 26858 27155 XOR
2 1 8292 27155 27156 AND
2 1 26960 27156 27157 AND
2 1 27154 27157 27158 AND
2 1 72 27158 27159 AND
2 1 26804 26961 27160 AND
2 1 26856 26855 27161 XOR
2 1 8292 27161 27162 AND
2 1 26960 27162 27163 AND
2 1 27160 27163 27164 AND
2 1 71 27164 27165 AND
2 1 26810 26961 27166 AND
2 1 26853 26852 27167 XOR
2 1 8292 27167 27168 AND
2 1 26960 27168 27169 AND
2 1 27166 27169 27170 AND
2 1 70 27170 27171 AND
2 1 26816 26961 27172 AND
2 1 26850 26849 27173 XOR
2 1 8292 27173 27174 AND
2 1 26960 27174 27175 AND
2 1 27172 27175 27176 AND
2 1 69 27176 27177 AND
2 1 26822 26961 27178 AND
2 1 26847 26846 27179 XOR
2 1 8292 27179 27180 AND
2 1 26960 27180 27181 AND
2 1 27178 27181 27182 AND
2 1 68 27182 27183 AND
2 1 26829 26961 27184 AND
2 1 65 26834 26835 AND
2 1 26835 26837 26838 AND
2 1 8168 26838 26839 AND
2 1 65 26834 26840 AND
2 1 26839 26840 27185 AND
2 1 27185 26844 27186 XOR
2 1 8292 27186 27187 AND
2 1 26960 27187 27188 AND
2 1 27184 27188 27189 AND
2 1 67 27189 27190 AND
2 1 26834 26961 27191 AND
2 1 26838 8168 27192 XOR
2 1 8292 27192 27193 AND
2 1 26960 27193 27194 AND
2 1 27191 27194 27195 AND
2 1 66 27195 27196 AND
2 1 8532 26960 27197 AND
2 1 23 27197 27198 AND
2 1 8537 26960 27199 AND
2 1 65 27199 27202 AND
2 1 27198 27202 27203 AND
2 1 8541 27203 27207 AND
2 1 27198 27199 27200 AND
2 1 8545 27200 27208 AND
2 1 27207 27208 27209 AND
2 1 27195 66 27210 XOR
2 1 27209 27210 27211 AND
2 1 27196 27211 27212 AND
2 1 27189 67 27213 XOR
2 1 27212 27213 27214 AND
2 1 27190 27214 27215 AND
2 1 27182 68 27216 XOR
2 1 27215 27216 27217 AND
2 1 27183 27217 27218 AND
2 1 27176 69 27219 XOR
2 1 27218 27219 27220 AND
2 1 27177 27220 27221 AND
2 1 27170 70 27222 XOR
2 1 27221 27222 27223 AND
2 1 27171 27223 27224 AND
2 1 27164 71 27225 XOR
2 1 27224 27225 27226 AND
2 1 27165 27226 27227 AND
2 1 27158 72 27228 XOR
2 1 27227 27228 27229 AND
2 1 27159 27229 27230 AND
2 1 27152 73 27231 XOR
2 1 27230 27231 27232 AND
2 1 27153 27232 27233 AND
2 1 27146 74 27234 XOR
2 1 27233 27234 27235 AND
2 1 27147 27235 27236 AND
2 1 27140 75 27237 XOR
2 1 27236 27237 27238 AND
2 1 27141 27238 27239 AND
2 1 27134 76 27240 XOR
2 1 27239 27240 27241 AND
2 1 27135 27241 27242 AND
2 1 27128 77 27243 XOR
2 1 27242 27243 27244 AND
2 1 27129 27244 27245 AND
2 1 27122 78 27246 XOR
2 1 27245 27246 27247 AND
2 1 27123 27247 27248 AND
2 1 27116 79 27249 XOR
2 1 27248 27249 27250 AND
2 1 27117 27250 27251 AND
2 1 27110 80 27252 XOR
2 1 27251 27252 27253 AND
2 1 27111 27253 27254 AND
2 1 27104 81 27255 XOR
2 1 27254 27255 27256 AND
2 1 27105 27256 27257 AND
2 1 27098 82 27258 XOR
2 1 27257 27258 27259 AND
2 1 27099 27259 27260 AND
2 1 27092 83 27261 XOR
2 1 27260 27261 27262 AND
2 1 27093 27262 27263 AND
2 1 27086 84 27264 XOR
2 1 27263 27264 27265 AND
2 1 27087 27265 27266 AND
2 1 27080 85 27267 XOR
2 1 27266 27267 27268 AND
2 1 27081 27268 27269 AND
2 1 27074 86 27270 XOR
2 1 27269 27270 27271 AND
2 1 27075 27271 27272 AND
2 1 27068 87 27273 XOR
2 1 27272 27273 27274 AND
2 1 27069 27274 27275 AND
2 1 27062 88 27276 XOR
2 1 27275 27276 27277 AND
2 1 27063 27277 27278 AND
2 1 27056 89 27279 XOR
2 1 27278 27279 27280 AND
2 1 27057 27280 27281 AND
2 1 27050 90 27282 XOR
2 1 27281 27282 27283 AND
2 1 27051 27283 27284 AND
2 1 27044 91 27285 XOR
2 1 27284 27285 27286 AND
2 1 27045 27286 27287 AND
2 1 27038 92 27288 XOR
2 1 27287 27288 27289 AND
2 1 27039 27289 27290 AND
2 1 27032 93 27291 XOR
2 1 27290 27291 27292 AND
2 1 27033 27292 27293 AND
2 1 27026 94 27294 XOR
2 1 27293 27294 27295 AND
2 1 27027 27295 27296 AND
2 1 27020 95 27297 XOR
2 1 27296 27297 27298 AND
2 1 27021 27298 27299 AND
2 1 27014 96 27300 XOR
2 1 27299 27300 27301 AND
2 1 27015 27301 27302 AND
2 1 27008 97 27303 XOR
2 1 27302 27303 27304 AND
2 1 27009 27304 27305 AND
2 1 27002 98 27306 XOR
2 1 27305 27306 27307 AND
2 1 27003 27307 27308 AND
2 1 26996 99 27309 XOR
2 1 27308 27309 27310 AND
2 1 26997 27310 27311 AND
2 1 26990 100 27312 XOR
2 1 27311 27312 27313 AND
2 1 26991 27313 27314 AND
2 1 26984 101 27315 XOR
2 1 27314 27315 27316 AND
2 1 26985 27316 27317 AND
2 1 26978 102 27318 XOR
2 1 27317 27318 27319 AND
2 1 26979 27319 27320 AND
2 1 26972 103 27321 XOR
2 1 27320 27321 27322 AND
2 1 26973 27322 27323 AND
2 1 26966 104 27324 XOR
2 1 27323 27324 27325 AND
2 1 26967 27325 27326 AND
2 1 26605 26961 27327 AND
2 1 26958 26957 27328 XOR
2 1 26961 27328 27329 AND
2 1 27327 27329 27330 AND
2 1 105 27330 27331 AND
2 1 105 27327 27332 AND
2 1 27329 27332 27333 AND
2 1 8673 27333 27334 AND
2 1 27331 27334 27335 AND
2 1 27326 27335 27336 AND
2 1 8292 27330 27337 AND
2 1 27336 27337 27338 AND
2 1 27324 27323 27339 XOR
2 1 27338 27339 27340 AND
2 1 26966 27337 27341 AND
2 1 27336 27341 27342 AND
2 1 27340 27342 27343 AND
2 1 27331 27333 27344 AND
2 1 27344 27326 27345 XOR
2 1 27338 27345 27346 AND
2 1 8292 26605 27347 AND
2 1 27336 27347 27348 AND
2 1 27346 27348 27349 AND
2 1 106 27349 27350 AND
2 1 105 27343 27351 AND
2 1 27321 27320 27352 XOR
2 1 27338 27352 27353 AND
2 1 26972 27337 27354 AND
2 1 27336 27354 27355 AND
2 1 27353 27355 27356 AND
2 1 104 27356 27357 AND
2 1 27318 27317 27358 XOR
2 1 27338 27358 27359 AND
2 1 26978 27337 27360 AND
2 1 27336 27360 27361 AND
2 1 27359 27361 27362 AND
2 1 103 27362 27363 AND
2 1 27315 27314 27364 XOR
2 1 27338 27364 27365 AND
2 1 26984 27337 27366 AND
2 1 27336 27366 27367 AND
2 1 27365 27367 27368 AND
2 1 102 27368 27369 AND
2 1 27312 27311 27370 XOR
2 1 27338 27370 27371 AND
2 1 26990 27337 27372 AND
2 1 27336 27372 27373 AND
2 1 27371 27373 27374 AND
2 1 101 27374 27375 AND
2 1 27309 27308 27376 XOR
2 1 27338 27376 27377 AND
2 1 26996 27337 27378 AND
2 1 27336 27378 27379 AND
2 1 27377 27379 27380 AND
2 1 100 27380 27381 AND
2 1 27306 27305 27382 XOR
2 1 27338 27382 27383 AND
2 1 27002 27337 27384 AND
2 1 27336 27384 27385 AND
2 1 27383 27385 27386 AND
2 1 99 27386 27387 AND
2 1 27303 27302 27388 XOR
2 1 27338 27388 27389 AND
2 1 27008 27337 27390 AND
2 1 27336 27390 27391 AND
2 1 27389 27391 27392 AND
2 1 98 27392 27393 AND
2 1 27300 27299 27394 XOR
2 1 27338 27394 27395 AND
2 1 27014 27337 27396 AND
2 1 27336 27396 27397 AND
2 1 27395 27397 27398 AND
2 1 97 27398 27399 AND
2 1 27297 27296 27400 XOR
2 1 27338 27400 27401 AND
2 1 27020 27337 27402 AND
2 1 27336 27402 27403 AND
2 1 27401 27403 27404 AND
2 1 96 27404 27405 AND
2 1 27294 27293 27406 XOR
2 1 27338 27406 27407 AND
2 1 27026 27337 27408 AND
2 1 27336 27408 27409 AND
2 1 27407 27409 27410 AND
2 1 95 27410 27411 AND
2 1 27291 27290 27412 XOR
2 1 27338 27412 27413 AND
2 1 27032 27337 27414 AND
2 1 27336 27414 27415 AND
2 1 27413 27415 27416 AND
2 1 94 27416 27417 AND
2 1 27288 27287 27418 XOR
2 1 27338 27418 27419 AND
2 1 27038 27337 27420 AND
2 1 27336 27420 27421 AND
2 1 27419 27421 27422 AND
2 1 93 27422 27423 AND
2 1 27285 27284 27424 XOR
2 1 27338 27424 27425 AND
2 1 27044 27337 27426 AND
2 1 27336 27426 27427 AND
2 1 27425 27427 27428 AND
2 1 92 27428 27429 AND
2 1 27282 27281 27430 XOR
2 1 27338 27430 27431 AND
2 1 27050 27337 27432 AND
2 1 27336 27432 27433 AND
2 1 27431 27433 27434 AND
2 1 91 27434 27435 AND
2 1 27279 27278 27436 XOR
2 1 27338 27436 27437 AND
2 1 27056 27337 27438 AND
2 1 27336 27438 27439 AND
2 1 27437 27439 27440 AND
2 1 90 27440 27441 AND
2 1 27276 27275 27442 XOR
2 1 27338 27442 27443 AND
2 1 27062 27337 27444 AND
2 1 27336 27444 27445 AND
2 1 27443 27445 27446 AND
2 1 89 27446 27447 AND
2 1 27273 27272 27448 XOR
2 1 27338 27448 27449 AND
2 1 27068 27337 27450 AND
2 1 27336 27450 27451 AND
2 1 27449 27451 27452 AND
2 1 88 27452 27453 AND
2 1 27270 27269 27454 XOR
2 1 27338 27454 27455 AND
2 1 27074 27337 27456 AND
2 1 27336 27456 27457 AND
2 1 27455 27457 27458 AND
2 1 87 27458 27459 AND
2 1 27267 27266 27460 XOR
2 1 27338 27460 27461 AND
2 1 27080 27337 27462 AND
2 1 27336 27462 27463 AND
2 1 27461 27463 27464 AND
2 1 86 27464 27465 AND
2 1 27264 27263 27466 XOR
2 1 27338 27466 27467 AND
2 1 27086 27337 27468 AND
2 1 27336 27468 27469 AND
2 1 27467 27469 27470 AND
2 1 85 27470 27471 AND
2 1 27261 27260 27472 XOR
2 1 27338 27472 27473 AND
2 1 27092 27337 27474 AND
2 1 27336 27474 27475 AND
2 1 27473 27475 27476 AND
2 1 84 27476 27477 AND
2 1 27258 27257 27478 XOR
2 1 27338 27478 27479 AND
2 1 27098 27337 27480 AND
2 1 27336 27480 27481 AND
2 1 27479 27481 27482 AND
2 1 83 27482 27483 AND
2 1 27255 27254 27484 XOR
2 1 27338 27484 27485 AND
2 1 27104 27337 27486 AND
2 1 27336 27486 27487 AND
2 1 27485 27487 27488 AND
2 1 82 27488 27489 AND
2 1 27252 27251 27490 XOR
2 1 27338 27490 27491 AND
2 1 27110 27337 27492 AND
2 1 27336 27492 27493 AND
2 1 27491 27493 27494 AND
2 1 81 27494 27495 AND
2 1 27249 27248 27496 XOR
2 1 27338 27496 27497 AND
2 1 27116 27337 27498 AND
2 1 27336 27498 27499 AND
2 1 27497 27499 27500 AND
2 1 80 27500 27501 AND
2 1 27246 27245 27502 XOR
2 1 27338 27502 27503 AND
2 1 27122 27337 27504 AND
2 1 27336 27504 27505 AND
2 1 27503 27505 27506 AND
2 1 79 27506 27507 AND
2 1 27243 27242 27508 XOR
2 1 27338 27508 27509 AND
2 1 27128 27337 27510 AND
2 1 27336 27510 27511 AND
2 1 27509 27511 27512 AND
2 1 78 27512 27513 AND
2 1 27240 27239 27514 XOR
2 1 27338 27514 27515 AND
2 1 27134 27337 27516 AND
2 1 27336 27516 27517 AND
2 1 27515 27517 27518 AND
2 1 77 27518 27519 AND
2 1 27237 27236 27520 XOR
2 1 27338 27520 27521 AND
2 1 27140 27337 27522 AND
2 1 27336 27522 27523 AND
2 1 27521 27523 27524 AND
2 1 76 27524 27525 AND
2 1 27234 27233 27526 XOR
2 1 27338 27526 27527 AND
2 1 27146 27337 27528 AND
2 1 27336 27528 27529 AND
2 1 27527 27529 27530 AND
2 1 75 27530 27531 AND
2 1 27231 27230 27532 XOR
2 1 27338 27532 27533 AND
2 1 27152 27337 27534 AND
2 1 27336 27534 27535 AND
2 1 27533 27535 27536 AND
2 1 74 27536 27537 AND
2 1 27228 27227 27538 XOR
2 1 27338 27538 27539 AND
2 1 27158 27337 27540 AND
2 1 27336 27540 27541 AND
2 1 27539 27541 27542 AND
2 1 73 27542 27543 AND
2 1 27225 27224 27544 XOR
2 1 27338 27544 27545 AND
2 1 27164 27337 27546 AND
2 1 27336 27546 27547 AND
2 1 27545 27547 27548 AND
2 1 72 27548 27549 AND
2 1 27222 27221 27550 XOR
2 1 27338 27550 27551 AND
2 1 27170 27337 27552 AND
2 1 27336 27552 27553 AND
2 1 27551 27553 27554 AND
2 1 71 27554 27555 AND
2 1 27219 27218 27556 XOR
2 1 27338 27556 27557 AND
2 1 27176 27337 27558 AND
2 1 27336 27558 27559 AND
2 1 27557 27559 27560 AND
2 1 70 27560 27561 AND
2 1 27216 27215 27562 XOR
2 1 27338 27562 27563 AND
2 1 27182 27337 27564 AND
2 1 27336 27564 27565 AND
2 1 27563 27565 27566 AND
2 1 69 27566 27567 AND
2 1 27213 27212 27568 XOR
2 1 27338 27568 27569 AND
2 1 27189 27337 27570 AND
2 1 27336 27570 27571 AND
2 1 27569 27571 27572 AND
2 1 68 27572 27573 AND
2 1 65 27200 27201 AND
2 1 27201 27203 27204 AND
2 1 8541 27204 27205 AND
2 1 65 27200 27206 AND
2 1 27205 27206 27574 AND
2 1 27574 27210 27575 XOR
2 1 27338 27575 27576 AND
2 1 27195 27337 27577 AND
2 1 27336 27577 27578 AND
2 1 27576 27578 27579 AND
2 1 67 27579 27580 AND
2 1 27204 8541 27581 XOR
2 1 27338 27581 27582 AND
2 1 27200 27337 27583 AND
2 1 27336 27583 27584 AND
2 1 27582 27584 27585 AND
2 1 66 27585 27586 AND
2 1 64 27338 27587 AND
2 1 27587 8932 27591 XOR
2 1 8934 27591 27592 AND
2 1 27587 22 27588 XOR
2 1 65 27588 27593 AND
2 1 27592 27593 27594 AND
2 1 27585 66 27595 XOR
2 1 27594 27595 27596 AND
2 1 27586 27596 27597 AND
2 1 27579 67 27598 XOR
2 1 27597 27598 27599 AND
2 1 27580 27599 27600 AND
2 1 27572 68 27601 XOR
2 1 27600 27601 27602 AND
2 1 27573 27602 27603 AND
2 1 27566 69 27604 XOR
2 1 27603 27604 27605 AND
2 1 27567 27605 27606 AND
2 1 27560 70 27607 XOR
2 1 27606 27607 27608 AND
2 1 27561 27608 27609 AND
2 1 27554 71 27610 XOR
2 1 27609 27610 27611 AND
2 1 27555 27611 27612 AND
2 1 27548 72 27613 XOR
2 1 27612 27613 27614 AND
2 1 27549 27614 27615 AND
2 1 27542 73 27616 XOR
2 1 27615 27616 27617 AND
2 1 27543 27617 27618 AND
2 1 27536 74 27619 XOR
2 1 27618 27619 27620 AND
2 1 27537 27620 27621 AND
2 1 27530 75 27622 XOR
2 1 27621 27622 27623 AND
2 1 27531 27623 27624 AND
2 1 27524 76 27625 XOR
2 1 27624 27625 27626 AND
2 1 27525 27626 27627 AND
2 1 27518 77 27628 XOR
2 1 27627 27628 27629 AND
2 1 27519 27629 27630 AND
2 1 27512 78 27631 XOR
2 1 27630 27631 27632 AND
2 1 27513 27632 27633 AND
2 1 27506 79 27634 XOR
2 1 27633 27634 27635 AND
2 1 27507 27635 27636 AND
2 1 27500 80 27637 XOR
2 1 27636 27637 27638 AND
2 1 27501 27638 27639 AND
2 1 27494 81 27640 XOR
2 1 27639 27640 27641 AND
2 1 27495 27641 27642 AND
2 1 27488 82 27643 XOR
2 1 27642 27643 27644 AND
2 1 27489 27644 27645 AND
2 1 27482 83 27646 XOR
2 1 27645 27646 27647 AND
2 1 27483 27647 27648 AND
2 1 27476 84 27649 XOR
2 1 27648 27649 27650 AND
2 1 27477 27650 27651 AND
2 1 27470 85 27652 XOR
2 1 27651 27652 27653 AND
2 1 27471 27653 27654 AND
2 1 27464 86 27655 XOR
2 1 27654 27655 27656 AND
2 1 27465 27656 27657 AND
2 1 27458 87 27658 XOR
2 1 27657 27658 27659 AND
2 1 27459 27659 27660 AND
2 1 27452 88 27661 XOR
2 1 27660 27661 27662 AND
2 1 27453 27662 27663 AND
2 1 27446 89 27664 XOR
2 1 27663 27664 27665 AND
2 1 27447 27665 27666 AND
2 1 27440 90 27667 XOR
2 1 27666 27667 27668 AND
2 1 27441 27668 27669 AND
2 1 27434 91 27670 XOR
2 1 27669 27670 27671 AND
2 1 27435 27671 27672 AND
2 1 27428 92 27673 XOR
2 1 27672 27673 27674 AND
2 1 27429 27674 27675 AND
2 1 27422 93 27676 XOR
2 1 27675 27676 27677 AND
2 1 27423 27677 27678 AND
2 1 27416 94 27679 XOR
2 1 27678 27679 27680 AND
2 1 27417 27680 27681 AND
2 1 27410 95 27682 XOR
2 1 27681 27682 27683 AND
2 1 27411 27683 27684 AND
2 1 27404 96 27685 XOR
2 1 27684 27685 27686 AND
2 1 27405 27686 27687 AND
2 1 27398 97 27688 XOR
2 1 27687 27688 27689 AND
2 1 27399 27689 27690 AND
2 1 27392 98 27691 XOR
2 1 27690 27691 27692 AND
2 1 27393 27692 27693 AND
2 1 27386 99 27694 XOR
2 1 27693 27694 27695 AND
2 1 27387 27695 27696 AND
2 1 27380 100 27697 XOR
2 1 27696 27697 27698 AND
2 1 27381 27698 27699 AND
2 1 27374 101 27700 XOR
2 1 27699 27700 27701 AND
2 1 27375 27701 27702 AND
2 1 27368 102 27703 XOR
2 1 27702 27703 27704 AND
2 1 27369 27704 27705 AND
2 1 27362 103 27706 XOR
2 1 27705 27706 27707 AND
2 1 27363 27707 27708 AND
2 1 27356 104 27709 XOR
2 1 27708 27709 27710 AND
2 1 27357 27710 27711 AND
2 1 27343 105 27712 XOR
2 1 27711 27712 27713 AND
2 1 27351 27713 27714 AND
2 1 27349 106 27715 XOR
2 1 27714 27715 27716 AND
2 1 27350 27716 27717 AND
2 1 9062 27717 27718 AND
2 1 27343 27718 27719 AND
2 1 27712 27711 27720 XOR
2 1 9062 27720 27721 AND
2 1 27717 27721 27722 AND
2 1 27719 27722 27723 AND
2 1 106 27723 27724 AND
2 1 27356 27718 27725 AND
2 1 27709 27708 27726 XOR
2 1 9062 27726 27727 AND
2 1 27717 27727 27728 AND
2 1 27725 27728 27729 AND
2 1 105 27729 27730 AND
2 1 27362 27718 27731 AND
2 1 27706 27705 27732 XOR
2 1 9062 27732 27733 AND
2 1 27717 27733 27734 AND
2 1 27731 27734 27735 AND
2 1 104 27735 27736 AND
2 1 27368 27718 27737 AND
2 1 27703 27702 27738 XOR
2 1 9062 27738 27739 AND
2 1 27717 27739 27740 AND
2 1 27737 27740 27741 AND
2 1 103 27741 27742 AND
2 1 27374 27718 27743 AND
2 1 27700 27699 27744 XOR
2 1 9062 27744 27745 AND
2 1 27717 27745 27746 AND
2 1 27743 27746 27747 AND
2 1 102 27747 27748 AND
2 1 27380 27718 27749 AND
2 1 27697 27696 27750 XOR
2 1 9062 27750 27751 AND
2 1 27717 27751 27752 AND
2 1 27749 27752 27753 AND
2 1 101 27753 27754 AND
2 1 27386 27718 27755 AND
2 1 27694 27693 27756 XOR
2 1 9062 27756 27757 AND
2 1 27717 27757 27758 AND
2 1 27755 27758 27759 AND
2 1 100 27759 27760 AND
2 1 27392 27718 27761 AND
2 1 27691 27690 27762 XOR
2 1 9062 27762 27763 AND
2 1 27717 27763 27764 AND
2 1 27761 27764 27765 AND
2 1 99 27765 27766 AND
2 1 27398 27718 27767 AND
2 1 27688 27687 27768 XOR
2 1 9062 27768 27769 AND
2 1 27717 27769 27770 AND
2 1 27767 27770 27771 AND
2 1 98 27771 27772 AND
2 1 27404 27718 27773 AND
2 1 27685 27684 27774 XOR
2 1 9062 27774 27775 AND
2 1 27717 27775 27776 AND
2 1 27773 27776 27777 AND
2 1 97 27777 27778 AND
2 1 27410 27718 27779 AND
2 1 27682 27681 27780 XOR
2 1 9062 27780 27781 AND
2 1 27717 27781 27782 AND
2 1 27779 27782 27783 AND
2 1 96 27783 27784 AND
2 1 27416 27718 27785 AND
2 1 27679 27678 27786 XOR
2 1 9062 27786 27787 AND
2 1 27717 27787 27788 AND
2 1 27785 27788 27789 AND
2 1 95 27789 27790 AND
2 1 27422 27718 27791 AND
2 1 27676 27675 27792 XOR
2 1 9062 27792 27793 AND
2 1 27717 27793 27794 AND
2 1 27791 27794 27795 AND
2 1 94 27795 27796 AND
2 1 27428 27718 27797 AND
2 1 27673 27672 27798 XOR
2 1 9062 27798 27799 AND
2 1 27717 27799 27800 AND
2 1 27797 27800 27801 AND
2 1 93 27801 27802 AND
2 1 27434 27718 27803 AND
2 1 27670 27669 27804 XOR
2 1 9062 27804 27805 AND
2 1 27717 27805 27806 AND
2 1 27803 27806 27807 AND
2 1 92 27807 27808 AND
2 1 27440 27718 27809 AND
2 1 27667 27666 27810 XOR
2 1 9062 27810 27811 AND
2 1 27717 27811 27812 AND
2 1 27809 27812 27813 AND
2 1 91 27813 27814 AND
2 1 27446 27718 27815 AND
2 1 27664 27663 27816 XOR
2 1 9062 27816 27817 AND
2 1 27717 27817 27818 AND
2 1 27815 27818 27819 AND
2 1 90 27819 27820 AND
2 1 27452 27718 27821 AND
2 1 27661 27660 27822 XOR
2 1 9062 27822 27823 AND
2 1 27717 27823 27824 AND
2 1 27821 27824 27825 AND
2 1 89 27825 27826 AND
2 1 27458 27718 27827 AND
2 1 27658 27657 27828 XOR
2 1 9062 27828 27829 AND
2 1 27717 27829 27830 AND
2 1 27827 27830 27831 AND
2 1 88 27831 27832 AND
2 1 27464 27718 27833 AND
2 1 27655 27654 27834 XOR
2 1 9062 27834 27835 AND
2 1 27717 27835 27836 AND
2 1 27833 27836 27837 AND
2 1 87 27837 27838 AND
2 1 27470 27718 27839 AND
2 1 27652 27651 27840 XOR
2 1 9062 27840 27841 AND
2 1 27717 27841 27842 AND
2 1 27839 27842 27843 AND
2 1 86 27843 27844 AND
2 1 27476 27718 27845 AND
2 1 27649 27648 27846 XOR
2 1 9062 27846 27847 AND
2 1 27717 27847 27848 AND
2 1 27845 27848 27849 AND
2 1 85 27849 27850 AND
2 1 27482 27718 27851 AND
2 1 27646 27645 27852 XOR
2 1 9062 27852 27853 AND
2 1 27717 27853 27854 AND
2 1 27851 27854 27855 AND
2 1 84 27855 27856 AND
2 1 27488 27718 27857 AND
2 1 27643 27642 27858 XOR
2 1 9062 27858 27859 AND
2 1 27717 27859 27860 AND
2 1 27857 27860 27861 AND
2 1 83 27861 27862 AND
2 1 27494 27718 27863 AND
2 1 27640 27639 27864 XOR
2 1 9062 27864 27865 AND
2 1 27717 27865 27866 AND
2 1 27863 27866 27867 AND
2 1 82 27867 27868 AND
2 1 27500 27718 27869 AND
2 1 27637 27636 27870 XOR
2 1 9062 27870 27871 AND
2 1 27717 27871 27872 AND
2 1 27869 27872 27873 AND
2 1 81 27873 27874 AND
2 1 27506 27718 27875 AND
2 1 27634 27633 27876 XOR
2 1 9062 27876 27877 AND
2 1 27717 27877 27878 AND
2 1 27875 27878 27879 AND
2 1 80 27879 27880 AND
2 1 27512 27718 27881 AND
2 1 27631 27630 27882 XOR
2 1 9062 27882 27883 AND
2 1 27717 27883 27884 AND
2 1 27881 27884 27885 AND
2 1 79 27885 27886 AND
2 1 27518 27718 27887 AND
2 1 27628 27627 27888 XOR
2 1 9062 27888 27889 AND
2 1 27717 27889 27890 AND
2 1 27887 27890 27891 AND
2 1 78 27891 27892 AND
2 1 27524 27718 27893 AND
2 1 27625 27624 27894 XOR
2 1 9062 27894 27895 AND
2 1 27717 27895 27896 AND
2 1 27893 27896 27897 AND
2 1 77 27897 27898 AND
2 1 27530 27718 27899 AND
2 1 27622 27621 27900 XOR
2 1 9062 27900 27901 AND
2 1 27717 27901 27902 AND
2 1 27899 27902 27903 AND
2 1 76 27903 27904 AND
2 1 27536 27718 27905 AND
2 1 27619 27618 27906 XOR
2 1 9062 27906 27907 AND
2 1 27717 27907 27908 AND
2 1 27905 27908 27909 AND
2 1 75 27909 27910 AND
2 1 27542 27718 27911 AND
2 1 27616 27615 27912 XOR
2 1 9062 27912 27913 AND
2 1 27717 27913 27914 AND
2 1 27911 27914 27915 AND
2 1 74 27915 27916 AND
2 1 27548 27718 27917 AND
2 1 27613 27612 27918 XOR
2 1 9062 27918 27919 AND
2 1 27717 27919 27920 AND
2 1 27917 27920 27921 AND
2 1 73 27921 27922 AND
2 1 27554 27718 27923 AND
2 1 27610 27609 27924 XOR
2 1 9062 27924 27925 AND
2 1 27717 27925 27926 AND
2 1 27923 27926 27927 AND
2 1 72 27927 27928 AND
2 1 27560 27718 27929 AND
2 1 27607 27606 27930 XOR
2 1 9062 27930 27931 AND
2 1 27717 27931 27932 AND
2 1 27929 27932 27933 AND
2 1 71 27933 27934 AND
2 1 27566 27718 27935 AND
2 1 27604 27603 27936 XOR
2 1 9062 27936 27937 AND
2 1 27717 27937 27938 AND
2 1 27935 27938 27939 AND
2 1 70 27939 27940 AND
2 1 27572 27718 27941 AND
2 1 27601 27600 27942 XOR
2 1 9062 27942 27943 AND
2 1 27717 27943 27944 AND
2 1 27941 27944 27945 AND
2 1 69 27945 27946 AND
2 1 27579 27718 27947 AND
2 1 27598 27597 27948 XOR
2 1 9062 27948 27949 AND
2 1 27717 27949 27950 AND
2 1 27947 27950 27951 AND
2 1 68 27951 27952 AND
2 1 27585 27718 27953 AND
2 1 27595 27594 27954 XOR
2 1 9062 27954 27955 AND
2 1 27717 27955 27956 AND
2 1 27953 27956 27957 AND
2 1 67 27957 27958 AND
2 1 27588 27718 27959 AND
2 1 65 27588 27589 AND
2 1 65 27588 27590 AND
2 1 27589 27590 27960 AND
2 1 27960 8934 27961 XOR
2 1 9062 27961 27962 AND
2 1 27717 27962 27963 AND
2 1 27959 27963 27964 AND
2 1 66 27964 27965 AND
2 1 9313 27717 27966 AND
2 1 21 27966 27967 AND
2 1 9318 27717 27968 AND
2 1 27967 27968 27969 AND
2 1 9326 27969 27973 AND
2 1 9325 27973 27974 AND
2 1 27964 66 27975 XOR
2 1 27974 27975 27976 AND
2 1 27965 27976 27977 AND
2 1 27957 67 27978 XOR
2 1 27977 27978 27979 AND
2 1 27958 27979 27980 AND
2 1 27951 68 27981 XOR
2 1 27980 27981 27982 AND
2 1 27952 27982 27983 AND
2 1 27945 69 27984 XOR
2 1 27983 27984 27985 AND
2 1 27946 27985 27986 AND
2 1 27939 70 27987 XOR
2 1 27986 27987 27988 AND
2 1 27940 27988 27989 AND
2 1 27933 71 27990 XOR
2 1 27989 27990 27991 AND
2 1 27934 27991 27992 AND
2 1 27927 72 27993 XOR
2 1 27992 27993 27994 AND
2 1 27928 27994 27995 AND
2 1 27921 73 27996 XOR
2 1 27995 27996 27997 AND
2 1 27922 27997 27998 AND
2 1 27915 74 27999 XOR
2 1 27998 27999 28000 AND
2 1 27916 28000 28001 AND
2 1 27909 75 28002 XOR
2 1 28001 28002 28003 AND
2 1 27910 28003 28004 AND
2 1 27903 76 28005 XOR
2 1 28004 28005 28006 AND
2 1 27904 28006 28007 AND
2 1 27897 77 28008 XOR
2 1 28007 28008 28009 AND
2 1 27898 28009 28010 AND
2 1 27891 78 28011 XOR
2 1 28010 28011 28012 AND
2 1 27892 28012 28013 AND
2 1 27885 79 28014 XOR
2 1 28013 28014 28015 AND
2 1 27886 28015 28016 AND
2 1 27879 80 28017 XOR
2 1 28016 28017 28018 AND
2 1 27880 28018 28019 AND
2 1 27873 81 28020 XOR
2 1 28019 28020 28021 AND
2 1 27874 28021 28022 AND
2 1 27867 82 28023 XOR
2 1 28022 28023 28024 AND
2 1 27868 28024 28025 AND
2 1 27861 83 28026 XOR
2 1 28025 28026 28027 AND
2 1 27862 28027 28028 AND
2 1 27855 84 28029 XOR
2 1 28028 28029 28030 AND
2 1 27856 28030 28031 AND
2 1 27849 85 28032 XOR
2 1 28031 28032 28033 AND
2 1 27850 28033 28034 AND
2 1 27843 86 28035 XOR
2 1 28034 28035 28036 AND
2 1 27844 28036 28037 AND
2 1 27837 87 28038 XOR
2 1 28037 28038 28039 AND
2 1 27838 28039 28040 AND
2 1 27831 88 28041 XOR
2 1 28040 28041 28042 AND
2 1 27832 28042 28043 AND
2 1 27825 89 28044 XOR
2 1 28043 28044 28045 AND
2 1 27826 28045 28046 AND
2 1 27819 90 28047 XOR
2 1 28046 28047 28048 AND
2 1 27820 28048 28049 AND
2 1 27813 91 28050 XOR
2 1 28049 28050 28051 AND
2 1 27814 28051 28052 AND
2 1 27807 92 28053 XOR
2 1 28052 28053 28054 AND
2 1 27808 28054 28055 AND
2 1 27801 93 28056 XOR
2 1 28055 28056 28057 AND
2 1 27802 28057 28058 AND
2 1 27795 94 28059 XOR
2 1 28058 28059 28060 AND
2 1 27796 28060 28061 AND
2 1 27789 95 28062 XOR
2 1 28061 28062 28063 AND
2 1 27790 28063 28064 AND
2 1 27783 96 28065 XOR
2 1 28064 28065 28066 AND
2 1 27784 28066 28067 AND
2 1 27777 97 28068 XOR
2 1 28067 28068 28069 AND
2 1 27778 28069 28070 AND
2 1 27771 98 28071 XOR
2 1 28070 28071 28072 AND
2 1 27772 28072 28073 AND
2 1 27765 99 28074 XOR
2 1 28073 28074 28075 AND
2 1 27766 28075 28076 AND
2 1 27759 100 28077 XOR
2 1 28076 28077 28078 AND
2 1 27760 28078 28079 AND
2 1 27753 101 28080 XOR
2 1 28079 28080 28081 AND
2 1 27754 28081 28082 AND
2 1 27747 102 28083 XOR
2 1 28082 28083 28084 AND
2 1 27748 28084 28085 AND
2 1 27741 103 28086 XOR
2 1 28085 28086 28087 AND
2 1 27742 28087 28088 AND
2 1 27735 104 28089 XOR
2 1 28088 28089 28090 AND
2 1 27736 28090 28091 AND
2 1 27729 105 28092 XOR
2 1 28091 28092 28093 AND
2 1 27730 28093 28094 AND
2 1 27723 106 28095 XOR
2 1 28094 28095 28096 AND
2 1 27724 28096 28097 AND
2 1 27349 27718 28098 AND
2 1 27715 27714 28099 XOR
2 1 27718 28099 28100 AND
2 1 28098 28100 28101 AND
2 1 107 28101 28102 AND
2 1 107 28098 28103 AND
2 1 28100 28103 28104 AND
2 1 9459 28104 28105 AND
2 1 28102 28105 28106 AND
2 1 28097 28106 28107 AND
2 1 9062 28101 28108 AND
2 1 28107 28108 28109 AND
2 1 28095 28094 28110 XOR
2 1 28109 28110 28111 AND
2 1 27723 28108 28112 AND
2 1 28107 28112 28113 AND
2 1 28111 28113 28114 AND
2 1 107 28114 28115 AND
2 1 28092 28091 28116 XOR
2 1 28109 28116 28117 AND
2 1 27729 28108 28118 AND
2 1 28107 28118 28119 AND
2 1 28117 28119 28120 AND
2 1 106 28120 28121 AND
2 1 28089 28088 28122 XOR
2 1 28109 28122 28123 AND
2 1 27735 28108 28124 AND
2 1 28107 28124 28125 AND
2 1 28123 28125 28126 AND
2 1 105 28126 28127 AND
2 1 28086 28085 28128 XOR
2 1 28109 28128 28129 AND
2 1 27741 28108 28130 AND
2 1 28107 28130 28131 AND
2 1 28129 28131 28132 AND
2 1 104 28132 28133 AND
2 1 28083 28082 28134 XOR
2 1 28109 28134 28135 AND
2 1 27747 28108 28136 AND
2 1 28107 28136 28137 AND
2 1 28135 28137 28138 AND
2 1 103 28138 28139 AND
2 1 28080 28079 28140 XOR
2 1 28109 28140 28141 AND
2 1 27753 28108 28142 AND
2 1 28107 28142 28143 AND
2 1 28141 28143 28144 AND
2 1 102 28144 28145 AND
2 1 28077 28076 28146 XOR
2 1 28109 28146 28147 AND
2 1 27759 28108 28148 AND
2 1 28107 28148 28149 AND
2 1 28147 28149 28150 AND
2 1 101 28150 28151 AND
2 1 28074 28073 28152 XOR
2 1 28109 28152 28153 AND
2 1 27765 28108 28154 AND
2 1 28107 28154 28155 AND
2 1 28153 28155 28156 AND
2 1 100 28156 28157 AND
2 1 28071 28070 28158 XOR
2 1 28109 28158 28159 AND
2 1 27771 28108 28160 AND
2 1 28107 28160 28161 AND
2 1 28159 28161 28162 AND
2 1 99 28162 28163 AND
2 1 28068 28067 28164 XOR
2 1 28109 28164 28165 AND
2 1 27777 28108 28166 AND
2 1 28107 28166 28167 AND
2 1 28165 28167 28168 AND
2 1 98 28168 28169 AND
2 1 28065 28064 28170 XOR
2 1 28109 28170 28171 AND
2 1 27783 28108 28172 AND
2 1 28107 28172 28173 AND
2 1 28171 28173 28174 AND
2 1 97 28174 28175 AND
2 1 28062 28061 28176 XOR
2 1 28109 28176 28177 AND
2 1 27789 28108 28178 AND
2 1 28107 28178 28179 AND
2 1 28177 28179 28180 AND
2 1 96 28180 28181 AND
2 1 28059 28058 28182 XOR
2 1 28109 28182 28183 AND
2 1 27795 28108 28184 AND
2 1 28107 28184 28185 AND
2 1 28183 28185 28186 AND
2 1 95 28186 28187 AND
2 1 28056 28055 28188 XOR
2 1 28109 28188 28189 AND
2 1 27801 28108 28190 AND
2 1 28107 28190 28191 AND
2 1 28189 28191 28192 AND
2 1 94 28192 28193 AND
2 1 28053 28052 28194 XOR
2 1 28109 28194 28195 AND
2 1 27807 28108 28196 AND
2 1 28107 28196 28197 AND
2 1 28195 28197 28198 AND
2 1 93 28198 28199 AND
2 1 28050 28049 28200 XOR
2 1 28109 28200 28201 AND
2 1 27813 28108 28202 AND
2 1 28107 28202 28203 AND
2 1 28201 28203 28204 AND
2 1 92 28204 28205 AND
2 1 28047 28046 28206 XOR
2 1 28109 28206 28207 AND
2 1 27819 28108 28208 AND
2 1 28107 28208 28209 AND
2 1 28207 28209 28210 AND
2 1 91 28210 28211 AND
2 1 28044 28043 28212 XOR
2 1 28109 28212 28213 AND
2 1 27825 28108 28214 AND
2 1 28107 28214 28215 AND
2 1 28213 28215 28216 AND
2 1 90 28216 28217 AND
2 1 28041 28040 28218 XOR
2 1 28109 28218 28219 AND
2 1 27831 28108 28220 AND
2 1 28107 28220 28221 AND
2 1 28219 28221 28222 AND
2 1 89 28222 28223 AND
2 1 28038 28037 28224 XOR
2 1 28109 28224 28225 AND
2 1 27837 28108 28226 AND
2 1 28107 28226 28227 AND
2 1 28225 28227 28228 AND
2 1 88 28228 28229 AND
2 1 28035 28034 28230 XOR
2 1 28109 28230 28231 AND
2 1 27843 28108 28232 AND
2 1 28107 28232 28233 AND
2 1 28231 28233 28234 AND
2 1 87 28234 28235 AND
2 1 28032 28031 28236 XOR
2 1 28109 28236 28237 AND
2 1 27849 28108 28238 AND
2 1 28107 28238 28239 AND
2 1 28237 28239 28240 AND
2 1 86 28240 28241 AND
2 1 28029 28028 28242 XOR
2 1 28109 28242 28243 AND
2 1 27855 28108 28244 AND
2 1 28107 28244 28245 AND
2 1 28243 28245 28246 AND
2 1 85 28246 28247 AND
2 1 28026 28025 28248 XOR
2 1 28109 28248 28249 AND
2 1 27861 28108 28250 AND
2 1 28107 28250 28251 AND
2 1 28249 28251 28252 AND
2 1 84 28252 28253 AND
2 1 28023 28022 28254 XOR
2 1 28109 28254 28255 AND
2 1 27867 28108 28256 AND
2 1 28107 28256 28257 AND
2 1 28255 28257 28258 AND
2 1 83 28258 28259 AND
2 1 28020 28019 28260 XOR
2 1 28109 28260 28261 AND
2 1 27873 28108 28262 AND
2 1 28107 28262 28263 AND
2 1 28261 28263 28264 AND
2 1 82 28264 28265 AND
2 1 28017 28016 28266 XOR
2 1 28109 28266 28267 AND
2 1 27879 28108 28268 AND
2 1 28107 28268 28269 AND
2 1 28267 28269 28270 AND
2 1 81 28270 28271 AND
2 1 28014 28013 28272 XOR
2 1 28109 28272 28273 AND
2 1 27885 28108 28274 AND
2 1 28107 28274 28275 AND
2 1 28273 28275 28276 AND
2 1 80 28276 28277 AND
2 1 28011 28010 28278 XOR
2 1 28109 28278 28279 AND
2 1 27891 28108 28280 AND
2 1 28107 28280 28281 AND
2 1 28279 28281 28282 AND
2 1 79 28282 28283 AND
2 1 28008 28007 28284 XOR
2 1 28109 28284 28285 AND
2 1 27897 28108 28286 AND
2 1 28107 28286 28287 AND
2 1 28285 28287 28288 AND
2 1 78 28288 28289 AND
2 1 28005 28004 28290 XOR
2 1 28109 28290 28291 AND
2 1 27903 28108 28292 AND
2 1 28107 28292 28293 AND
2 1 28291 28293 28294 AND
2 1 77 28294 28295 AND
2 1 28002 28001 28296 XOR
2 1 28109 28296 28297 AND
2 1 27909 28108 28298 AND
2 1 28107 28298 28299 AND
2 1 28297 28299 28300 AND
2 1 76 28300 28301 AND
2 1 27999 27998 28302 XOR
2 1 28109 28302 28303 AND
2 1 27915 28108 28304 AND
2 1 28107 28304 28305 AND
2 1 28303 28305 28306 AND
2 1 75 28306 28307 AND
2 1 27996 27995 28308 XOR
2 1 28109 28308 28309 AND
2 1 27921 28108 28310 AND
2 1 28107 28310 28311 AND
2 1 28309 28311 28312 AND
2 1 74 28312 28313 AND
2 1 27993 27992 28314 XOR
2 1 28109 28314 28315 AND
2 1 27927 28108 28316 AND
2 1 28107 28316 28317 AND
2 1 28315 28317 28318 AND
2 1 73 28318 28319 AND
2 1 27990 27989 28320 XOR
2 1 28109 28320 28321 AND
2 1 27933 28108 28322 AND
2 1 28107 28322 28323 AND
2 1 28321 28323 28324 AND
2 1 72 28324 28325 AND
2 1 27987 27986 28326 XOR
2 1 28109 28326 28327 AND
2 1 27939 28108 28328 AND
2 1 28107 28328 28329 AND
2 1 28327 28329 28330 AND
2 1 71 28330 28331 AND
2 1 27984 27983 28332 XOR
2 1 28109 28332 28333 AND
2 1 27945 28108 28334 AND
2 1 28107 28334 28335 AND
2 1 28333 28335 28336 AND
2 1 70 28336 28337 AND
2 1 27981 27980 28338 XOR
2 1 28109 28338 28339 AND
2 1 27951 28108 28340 AND
2 1 28107 28340 28341 AND
2 1 28339 28341 28342 AND
2 1 69 28342 28343 AND
2 1 27978 27977 28344 XOR
2 1 28109 28344 28345 AND
2 1 27957 28108 28346 AND
2 1 28107 28346 28347 AND
2 1 28345 28347 28348 AND
2 1 68 28348 28349 AND
2 1 27969 65 27970 XOR
2 1 9322 27970 27971 AND
2 1 65 27969 27972 AND
2 1 27971 27972 28350 AND
2 1 28350 27975 28351 XOR
2 1 28109 28351 28352 AND
2 1 27964 28108 28353 AND
2 1 28107 28353 28354 AND
2 1 28352 28354 28355 AND
2 1 67 28355 28356 AND
2 1 27969 9712 28357 XOR
2 1 28109 28357 28358 AND
2 1 27969 28108 28359 AND
2 1 28107 28359 28360 AND
2 1 28358 28360 28361 AND
2 1 66 28361 28362 AND
2 1 64 28109 28363 AND
2 1 28363 9723 28367 XOR
2 1 9725 28367 28368 AND
2 1 28363 20 28366 XOR
2 1 65 28366 28369 AND
2 1 28368 28369 28370 AND
2 1 28361 66 28371 XOR
2 1 28370 28371 28372 AND
2 1 28362 28372 28373 AND
2 1 28355 67 28374 XOR
2 1 28373 28374 28375 AND
2 1 28356 28375 28376 AND
2 1 28348 68 28377 XOR
2 1 28376 28377 28378 AND
2 1 28349 28378 28379 AND
2 1 28342 69 28380 XOR
2 1 28379 28380 28381 AND
2 1 28343 28381 28382 AND
2 1 28336 70 28383 XOR
2 1 28382 28383 28384 AND
2 1 28337 28384 28385 AND
2 1 28330 71 28386 XOR
2 1 28385 28386 28387 AND
2 1 28331 28387 28388 AND
2 1 28324 72 28389 XOR
2 1 28388 28389 28390 AND
2 1 28325 28390 28391 AND
2 1 28318 73 28392 XOR
2 1 28391 28392 28393 AND
2 1 28319 28393 28394 AND
2 1 28312 74 28395 XOR
2 1 28394 28395 28396 AND
2 1 28313 28396 28397 AND
2 1 28306 75 28398 XOR
2 1 28397 28398 28399 AND
2 1 28307 28399 28400 AND
2 1 28300 76 28401 XOR
2 1 28400 28401 28402 AND
2 1 28301 28402 28403 AND
2 1 28294 77 28404 XOR
2 1 28403 28404 28405 AND
2 1 28295 28405 28406 AND
2 1 28288 78 28407 XOR
2 1 28406 28407 28408 AND
2 1 28289 28408 28409 AND
2 1 28282 79 28410 XOR
2 1 28409 28410 28411 AND
2 1 28283 28411 28412 AND
2 1 28276 80 28413 XOR
2 1 28412 28413 28414 AND
2 1 28277 28414 28415 AND
2 1 28270 81 28416 XOR
2 1 28415 28416 28417 AND
2 1 28271 28417 28418 AND
2 1 28264 82 28419 XOR
2 1 28418 28419 28420 AND
2 1 28265 28420 28421 AND
2 1 28258 83 28422 XOR
2 1 28421 28422 28423 AND
2 1 28259 28423 28424 AND
2 1 28252 84 28425 XOR
2 1 28424 28425 28426 AND
2 1 28253 28426 28427 AND
2 1 28246 85 28428 XOR
2 1 28427 28428 28429 AND
2 1 28247 28429 28430 AND
2 1 28240 86 28431 XOR
2 1 28430 28431 28432 AND
2 1 28241 28432 28433 AND
2 1 28234 87 28434 XOR
2 1 28433 28434 28435 AND
2 1 28235 28435 28436 AND
2 1 28228 88 28437 XOR
2 1 28436 28437 28438 AND
2 1 28229 28438 28439 AND
2 1 28222 89 28440 XOR
2 1 28439 28440 28441 AND
2 1 28223 28441 28442 AND
2 1 28216 90 28443 XOR
2 1 28442 28443 28444 AND
2 1 28217 28444 28445 AND
2 1 28210 91 28446 XOR
2 1 28445 28446 28447 AND
2 1 28211 28447 28448 AND
2 1 28204 92 28449 XOR
2 1 28448 28449 28450 AND
2 1 28205 28450 28451 AND
2 1 28198 93 28452 XOR
2 1 28451 28452 28453 AND
2 1 28199 28453 28454 AND
2 1 28192 94 28455 XOR
2 1 28454 28455 28456 AND
2 1 28193 28456 28457 AND
2 1 28186 95 28458 XOR
2 1 28457 28458 28459 AND
2 1 28187 28459 28460 AND
2 1 28180 96 28461 XOR
2 1 28460 28461 28462 AND
2 1 28181 28462 28463 AND
2 1 28174 97 28464 XOR
2 1 28463 28464 28465 AND
2 1 28175 28465 28466 AND
2 1 28168 98 28467 XOR
2 1 28466 28467 28468 AND
2 1 28169 28468 28469 AND
2 1 28162 99 28470 XOR
2 1 28469 28470 28471 AND
2 1 28163 28471 28472 AND
2 1 28156 100 28473 XOR
2 1 28472 28473 28474 AND
2 1 28157 28474 28475 AND
2 1 28150 101 28476 XOR
2 1 28475 28476 28477 AND
2 1 28151 28477 28478 AND
2 1 28144 102 28479 XOR
2 1 28478 28479 28480 AND
2 1 28145 28480 28481 AND
2 1 28138 103 28482 XOR
2 1 28481 28482 28483 AND
2 1 28139 28483 28484 AND
2 1 28132 104 28485 XOR
2 1 28484 28485 28486 AND
2 1 28133 28486 28487 AND
2 1 28126 105 28488 XOR
2 1 28487 28488 28489 AND
2 1 28127 28489 28490 AND
2 1 28120 106 28491 XOR
2 1 28490 28491 28492 AND
2 1 28121 28492 28493 AND
2 1 28114 107 28494 XOR
2 1 28493 28494 28495 AND
2 1 28115 28495 28496 AND
2 1 28102 28104 28497 AND
2 1 28497 28097 28498 XOR
2 1 28109 28498 28499 AND
2 1 9062 27349 28500 AND
2 1 28107 28500 28501 AND
2 1 28499 28501 28502 AND
2 1 108 28502 28503 AND
2 1 108 28501 28504 AND
2 1 28499 28504 28505 AND
2 1 9864 28505 28506 AND
2 1 28503 28506 28507 AND
2 1 28496 28507 28508 AND
2 1 9459 28502 28509 AND
2 1 28508 28509 28510 AND
2 1 28494 28493 28511 XOR
2 1 28510 28511 28512 AND
2 1 28114 28509 28513 AND
2 1 28508 28513 28514 AND
2 1 28512 28514 28515 AND
2 1 28503 28505 28516 AND
2 1 28516 28496 28517 XOR
2 1 28510 28517 28518 AND
2 1 9459 28502 28519 AND
2 1 28508 28519 28520 AND
2 1 28518 28520 28521 AND
2 1 109 28521 28522 AND
2 1 108 28515 28523 AND
2 1 28491 28490 28524 XOR
2 1 28510 28524 28525 AND
2 1 28120 28509 28526 AND
2 1 28508 28526 28527 AND
2 1 28525 28527 28528 AND
2 1 107 28528 28529 AND
2 1 28488 28487 28530 XOR
2 1 28510 28530 28531 AND
2 1 28126 28509 28532 AND
2 1 28508 28532 28533 AND
2 1 28531 28533 28534 AND
2 1 106 28534 28535 AND
2 1 28485 28484 28536 XOR
2 1 28510 28536 28537 AND
2 1 28132 28509 28538 AND
2 1 28508 28538 28539 AND
2 1 28537 28539 28540 AND
2 1 105 28540 28541 AND
2 1 28482 28481 28542 XOR
2 1 28510 28542 28543 AND
2 1 28138 28509 28544 AND
2 1 28508 28544 28545 AND
2 1 28543 28545 28546 AND
2 1 104 28546 28547 AND
2 1 28479 28478 28548 XOR
2 1 28510 28548 28549 AND
2 1 28144 28509 28550 AND
2 1 28508 28550 28551 AND
2 1 28549 28551 28552 AND
2 1 103 28552 28553 AND
2 1 28476 28475 28554 XOR
2 1 28510 28554 28555 AND
2 1 28150 28509 28556 AND
2 1 28508 28556 28557 AND
2 1 28555 28557 28558 AND
2 1 102 28558 28559 AND
2 1 28473 28472 28560 XOR
2 1 28510 28560 28561 AND
2 1 28156 28509 28562 AND
2 1 28508 28562 28563 AND
2 1 28561 28563 28564 AND
2 1 101 28564 28565 AND
2 1 28470 28469 28566 XOR
2 1 28510 28566 28567 AND
2 1 28162 28509 28568 AND
2 1 28508 28568 28569 AND
2 1 28567 28569 28570 AND
2 1 100 28570 28571 AND
2 1 28467 28466 28572 XOR
2 1 28510 28572 28573 AND
2 1 28168 28509 28574 AND
2 1 28508 28574 28575 AND
2 1 28573 28575 28576 AND
2 1 99 28576 28577 AND
2 1 28464 28463 28578 XOR
2 1 28510 28578 28579 AND
2 1 28174 28509 28580 AND
2 1 28508 28580 28581 AND
2 1 28579 28581 28582 AND
2 1 98 28582 28583 AND
2 1 28461 28460 28584 XOR
2 1 28510 28584 28585 AND
2 1 28180 28509 28586 AND
2 1 28508 28586 28587 AND
2 1 28585 28587 28588 AND
2 1 97 28588 28589 AND
2 1 28458 28457 28590 XOR
2 1 28510 28590 28591 AND
2 1 28186 28509 28592 AND
2 1 28508 28592 28593 AND
2 1 28591 28593 28594 AND
2 1 96 28594 28595 AND
2 1 28455 28454 28596 XOR
2 1 28510 28596 28597 AND
2 1 28192 28509 28598 AND
2 1 28508 28598 28599 AND
2 1 28597 28599 28600 AND
2 1 95 28600 28601 AND
2 1 28452 28451 28602 XOR
2 1 28510 28602 28603 AND
2 1 28198 28509 28604 AND
2 1 28508 28604 28605 AND
2 1 28603 28605 28606 AND
2 1 94 28606 28607 AND
2 1 28449 28448 28608 XOR
2 1 28510 28608 28609 AND
2 1 28204 28509 28610 AND
2 1 28508 28610 28611 AND
2 1 28609 28611 28612 AND
2 1 93 28612 28613 AND
2 1 28446 28445 28614 XOR
2 1 28510 28614 28615 AND
2 1 28210 28509 28616 AND
2 1 28508 28616 28617 AND
2 1 28615 28617 28618 AND
2 1 92 28618 28619 AND
2 1 28443 28442 28620 XOR
2 1 28510 28620 28621 AND
2 1 28216 28509 28622 AND
2 1 28508 28622 28623 AND
2 1 28621 28623 28624 AND
2 1 91 28624 28625 AND
2 1 28440 28439 28626 XOR
2 1 28510 28626 28627 AND
2 1 28222 28509 28628 AND
2 1 28508 28628 28629 AND
2 1 28627 28629 28630 AND
2 1 90 28630 28631 AND
2 1 28437 28436 28632 XOR
2 1 28510 28632 28633 AND
2 1 28228 28509 28634 AND
2 1 28508 28634 28635 AND
2 1 28633 28635 28636 AND
2 1 89 28636 28637 AND
2 1 28434 28433 28638 XOR
2 1 28510 28638 28639 AND
2 1 28234 28509 28640 AND
2 1 28508 28640 28641 AND
2 1 28639 28641 28642 AND
2 1 88 28642 28643 AND
2 1 28431 28430 28644 XOR
2 1 28510 28644 28645 AND
2 1 28240 28509 28646 AND
2 1 28508 28646 28647 AND
2 1 28645 28647 28648 AND
2 1 87 28648 28649 AND
2 1 28428 28427 28650 XOR
2 1 28510 28650 28651 AND
2 1 28246 28509 28652 AND
2 1 28508 28652 28653 AND
2 1 28651 28653 28654 AND
2 1 86 28654 28655 AND
2 1 28425 28424 28656 XOR
2 1 28510 28656 28657 AND
2 1 28252 28509 28658 AND
2 1 28508 28658 28659 AND
2 1 28657 28659 28660 AND
2 1 85 28660 28661 AND
2 1 28422 28421 28662 XOR
2 1 28510 28662 28663 AND
2 1 28258 28509 28664 AND
2 1 28508 28664 28665 AND
2 1 28663 28665 28666 AND
2 1 84 28666 28667 AND
2 1 28419 28418 28668 XOR
2 1 28510 28668 28669 AND
2 1 28264 28509 28670 AND
2 1 28508 28670 28671 AND
2 1 28669 28671 28672 AND
2 1 83 28672 28673 AND
2 1 28416 28415 28674 XOR
2 1 28510 28674 28675 AND
2 1 28270 28509 28676 AND
2 1 28508 28676 28677 AND
2 1 28675 28677 28678 AND
2 1 82 28678 28679 AND
2 1 28413 28412 28680 XOR
2 1 28510 28680 28681 AND
2 1 28276 28509 28682 AND
2 1 28508 28682 28683 AND
2 1 28681 28683 28684 AND
2 1 81 28684 28685 AND
2 1 28410 28409 28686 XOR
2 1 28510 28686 28687 AND
2 1 28282 28509 28688 AND
2 1 28508 28688 28689 AND
2 1 28687 28689 28690 AND
2 1 80 28690 28691 AND
2 1 28407 28406 28692 XOR
2 1 28510 28692 28693 AND
2 1 28288 28509 28694 AND
2 1 28508 28694 28695 AND
2 1 28693 28695 28696 AND
2 1 79 28696 28697 AND
2 1 28404 28403 28698 XOR
2 1 28510 28698 28699 AND
2 1 28294 28509 28700 AND
2 1 28508 28700 28701 AND
2 1 28699 28701 28702 AND
2 1 78 28702 28703 AND
2 1 28401 28400 28704 XOR
2 1 28510 28704 28705 AND
2 1 28300 28509 28706 AND
2 1 28508 28706 28707 AND
2 1 28705 28707 28708 AND
2 1 77 28708 28709 AND
2 1 28398 28397 28710 XOR
2 1 28510 28710 28711 AND
2 1 28306 28509 28712 AND
2 1 28508 28712 28713 AND
2 1 28711 28713 28714 AND
2 1 76 28714 28715 AND
2 1 28395 28394 28716 XOR
2 1 28510 28716 28717 AND
2 1 28312 28509 28718 AND
2 1 28508 28718 28719 AND
2 1 28717 28719 28720 AND
2 1 75 28720 28721 AND
2 1 28392 28391 28722 XOR
2 1 28510 28722 28723 AND
2 1 28318 28509 28724 AND
2 1 28508 28724 28725 AND
2 1 28723 28725 28726 AND
2 1 74 28726 28727 AND
2 1 28389 28388 28728 XOR
2 1 28510 28728 28729 AND
2 1 28324 28509 28730 AND
2 1 28508 28730 28731 AND
2 1 28729 28731 28732 AND
2 1 73 28732 28733 AND
2 1 28386 28385 28734 XOR
2 1 28510 28734 28735 AND
2 1 28330 28509 28736 AND
2 1 28508 28736 28737 AND
2 1 28735 28737 28738 AND
2 1 72 28738 28739 AND
2 1 28383 28382 28740 XOR
2 1 28510 28740 28741 AND
2 1 28336 28509 28742 AND
2 1 28508 28742 28743 AND
2 1 28741 28743 28744 AND
2 1 71 28744 28745 AND
2 1 28380 28379 28746 XOR
2 1 28510 28746 28747 AND
2 1 28342 28509 28748 AND
2 1 28508 28748 28749 AND
2 1 28747 28749 28750 AND
2 1 70 28750 28751 AND
2 1 28377 28376 28752 XOR
2 1 28510 28752 28753 AND
2 1 28348 28509 28754 AND
2 1 28508 28754 28755 AND
2 1 28753 28755 28756 AND
2 1 69 28756 28757 AND
2 1 28374 28373 28758 XOR
2 1 28510 28758 28759 AND
2 1 28355 28509 28760 AND
2 1 28508 28760 28761 AND
2 1 28759 28761 28762 AND
2 1 68 28762 28763 AND
2 1 28371 28370 28764 XOR
2 1 28510 28764 28765 AND
2 1 28361 28509 28766 AND
2 1 28508 28766 28767 AND
2 1 28765 28767 28768 AND
2 1 67 28768 28769 AND
2 1 20 28363 28364 AND
2 1 9322 28109 28365 AND
2 1 28364 28365 28770 AND
2 1 28770 10130 28771 XOR
2 1 28510 28771 28772 AND
2 1 28366 28509 28773 AND
2 1 28508 28773 28774 AND
2 1 28772 28774 28775 AND
2 1 66 28775 28776 AND
2 1 64 28510 28777 AND
2 1 28777 10141 28781 XOR
2 1 10143 28781 28782 AND
2 1 28777 19 28778 XOR
2 1 65 28778 28783 AND
2 1 28782 28783 28784 AND
2 1 28775 66 28785 XOR
2 1 28784 28785 28786 AND
2 1 28776 28786 28787 AND
2 1 28768 67 28788 XOR
2 1 28787 28788 28789 AND
2 1 28769 28789 28790 AND
2 1 28762 68 28791 XOR
2 1 28790 28791 28792 AND
2 1 28763 28792 28793 AND
2 1 28756 69 28794 XOR
2 1 28793 28794 28795 AND
2 1 28757 28795 28796 AND
2 1 28750 70 28797 XOR
2 1 28796 28797 28798 AND
2 1 28751 28798 28799 AND
2 1 28744 71 28800 XOR
2 1 28799 28800 28801 AND
2 1 28745 28801 28802 AND
2 1 28738 72 28803 XOR
2 1 28802 28803 28804 AND
2 1 28739 28804 28805 AND
2 1 28732 73 28806 XOR
2 1 28805 28806 28807 AND
2 1 28733 28807 28808 AND
2 1 28726 74 28809 XOR
2 1 28808 28809 28810 AND
2 1 28727 28810 28811 AND
2 1 28720 75 28812 XOR
2 1 28811 28812 28813 AND
2 1 28721 28813 28814 AND
2 1 28714 76 28815 XOR
2 1 28814 28815 28816 AND
2 1 28715 28816 28817 AND
2 1 28708 77 28818 XOR
2 1 28817 28818 28819 AND
2 1 28709 28819 28820 AND
2 1 28702 78 28821 XOR
2 1 28820 28821 28822 AND
2 1 28703 28822 28823 AND
2 1 28696 79 28824 XOR
2 1 28823 28824 28825 AND
2 1 28697 28825 28826 AND
2 1 28690 80 28827 XOR
2 1 28826 28827 28828 AND
2 1 28691 28828 28829 AND
2 1 28684 81 28830 XOR
2 1 28829 28830 28831 AND
2 1 28685 28831 28832 AND
2 1 28678 82 28833 XOR
2 1 28832 28833 28834 AND
2 1 28679 28834 28835 AND
2 1 28672 83 28836 XOR
2 1 28835 28836 28837 AND
2 1 28673 28837 28838 AND
2 1 28666 84 28839 XOR
2 1 28838 28839 28840 AND
2 1 28667 28840 28841 AND
2 1 28660 85 28842 XOR
2 1 28841 28842 28843 AND
2 1 28661 28843 28844 AND
2 1 28654 86 28845 XOR
2 1 28844 28845 28846 AND
2 1 28655 28846 28847 AND
2 1 28648 87 28848 XOR
2 1 28847 28848 28849 AND
2 1 28649 28849 28850 AND
2 1 28642 88 28851 XOR
2 1 28850 28851 28852 AND
2 1 28643 28852 28853 AND
2 1 28636 89 28854 XOR
2 1 28853 28854 28855 AND
2 1 28637 28855 28856 AND
2 1 28630 90 28857 XOR
2 1 28856 28857 28858 AND
2 1 28631 28858 28859 AND
2 1 28624 91 28860 XOR
2 1 28859 28860 28861 AND
2 1 28625 28861 28862 AND
2 1 28618 92 28863 XOR
2 1 28862 28863 28864 AND
2 1 28619 28864 28865 AND
2 1 28612 93 28866 XOR
2 1 28865 28866 28867 AND
2 1 28613 28867 28868 AND
2 1 28606 94 28869 XOR
2 1 28868 28869 28870 AND
2 1 28607 28870 28871 AND
2 1 28600 95 28872 XOR
2 1 28871 28872 28873 AND
2 1 28601 28873 28874 AND
2 1 28594 96 28875 XOR
2 1 28874 28875 28876 AND
2 1 28595 28876 28877 AND
2 1 28588 97 28878 XOR
2 1 28877 28878 28879 AND
2 1 28589 28879 28880 AND
2 1 28582 98 28881 XOR
2 1 28880 28881 28882 AND
2 1 28583 28882 28883 AND
2 1 28576 99 28884 XOR
2 1 28883 28884 28885 AND
2 1 28577 28885 28886 AND
2 1 28570 100 28887 XOR
2 1 28886 28887 28888 AND
2 1 28571 28888 28889 AND
2 1 28564 101 28890 XOR
2 1 28889 28890 28891 AND
2 1 28565 28891 28892 AND
2 1 28558 102 28893 XOR
2 1 28892 28893 28894 AND
2 1 28559 28894 28895 AND
2 1 28552 103 28896 XOR
2 1 28895 28896 28897 AND
2 1 28553 28897 28898 AND
2 1 28546 104 28899 XOR
2 1 28898 28899 28900 AND
2 1 28547 28900 28901 AND
2 1 28540 105 28902 XOR
2 1 28901 28902 28903 AND
2 1 28541 28903 28904 AND
2 1 28534 106 28905 XOR
2 1 28904 28905 28906 AND
2 1 28535 28906 28907 AND
2 1 28528 107 28908 XOR
2 1 28907 28908 28909 AND
2 1 28529 28909 28910 AND
2 1 28515 108 28911 XOR
2 1 28910 28911 28912 AND
2 1 28523 28912 28913 AND
2 1 28521 109 28914 XOR
2 1 28913 28914 28915 AND
2 1 28522 28915 28916 AND
2 1 10280 28916 28917 AND
2 1 28515 28917 28918 AND
2 1 28911 28910 28919 XOR
2 1 10280 28919 28920 AND
2 1 28916 28920 28921 AND
2 1 28918 28921 28922 AND
2 1 109 28922 28923 AND
2 1 28528 28917 28924 AND
2 1 28908 28907 28925 XOR
2 1 10280 28925 28926 AND
2 1 28916 28926 28927 AND
2 1 28924 28927 28928 AND
2 1 108 28928 28929 AND
2 1 28534 28917 28930 AND
2 1 28905 28904 28931 XOR
2 1 10280 28931 28932 AND
2 1 28916 28932 28933 AND
2 1 28930 28933 28934 AND
2 1 107 28934 28935 AND
2 1 28540 28917 28936 AND
2 1 28902 28901 28937 XOR
2 1 10280 28937 28938 AND
2 1 28916 28938 28939 AND
2 1 28936 28939 28940 AND
2 1 106 28940 28941 AND
2 1 28546 28917 28942 AND
2 1 28899 28898 28943 XOR
2 1 10280 28943 28944 AND
2 1 28916 28944 28945 AND
2 1 28942 28945 28946 AND
2 1 105 28946 28947 AND
2 1 28552 28917 28948 AND
2 1 28896 28895 28949 XOR
2 1 10280 28949 28950 AND
2 1 28916 28950 28951 AND
2 1 28948 28951 28952 AND
2 1 104 28952 28953 AND
2 1 28558 28917 28954 AND
2 1 28893 28892 28955 XOR
2 1 10280 28955 28956 AND
2 1 28916 28956 28957 AND
2 1 28954 28957 28958 AND
2 1 103 28958 28959 AND
2 1 28564 28917 28960 AND
2 1 28890 28889 28961 XOR
2 1 10280 28961 28962 AND
2 1 28916 28962 28963 AND
2 1 28960 28963 28964 AND
2 1 102 28964 28965 AND
2 1 28570 28917 28966 AND
2 1 28887 28886 28967 XOR
2 1 10280 28967 28968 AND
2 1 28916 28968 28969 AND
2 1 28966 28969 28970 AND
2 1 101 28970 28971 AND
2 1 28576 28917 28972 AND
2 1 28884 28883 28973 XOR
2 1 10280 28973 28974 AND
2 1 28916 28974 28975 AND
2 1 28972 28975 28976 AND
2 1 100 28976 28977 AND
2 1 28582 28917 28978 AND
2 1 28881 28880 28979 XOR
2 1 10280 28979 28980 AND
2 1 28916 28980 28981 AND
2 1 28978 28981 28982 AND
2 1 99 28982 28983 AND
2 1 28588 28917 28984 AND
2 1 28878 28877 28985 XOR
2 1 10280 28985 28986 AND
2 1 28916 28986 28987 AND
2 1 28984 28987 28988 AND
2 1 98 28988 28989 AND
2 1 28594 28917 28990 AND
2 1 28875 28874 28991 XOR
2 1 10280 28991 28992 AND
2 1 28916 28992 28993 AND
2 1 28990 28993 28994 AND
2 1 97 28994 28995 AND
2 1 28600 28917 28996 AND
2 1 28872 28871 28997 XOR
2 1 10280 28997 28998 AND
2 1 28916 28998 28999 AND
2 1 28996 28999 29000 AND
2 1 96 29000 29001 AND
2 1 28606 28917 29002 AND
2 1 28869 28868 29003 XOR
2 1 10280 29003 29004 AND
2 1 28916 29004 29005 AND
2 1 29002 29005 29006 AND
2 1 95 29006 29007 AND
2 1 28612 28917 29008 AND
2 1 28866 28865 29009 XOR
2 1 10280 29009 29010 AND
2 1 28916 29010 29011 AND
2 1 29008 29011 29012 AND
2 1 94 29012 29013 AND
2 1 28618 28917 29014 AND
2 1 28863 28862 29015 XOR
2 1 10280 29015 29016 AND
2 1 28916 29016 29017 AND
2 1 29014 29017 29018 AND
2 1 93 29018 29019 AND
2 1 28624 28917 29020 AND
2 1 28860 28859 29021 XOR
2 1 10280 29021 29022 AND
2 1 28916 29022 29023 AND
2 1 29020 29023 29024 AND
2 1 92 29024 29025 AND
2 1 28630 28917 29026 AND
2 1 28857 28856 29027 XOR
2 1 10280 29027 29028 AND
2 1 28916 29028 29029 AND
2 1 29026 29029 29030 AND
2 1 91 29030 29031 AND
2 1 28636 28917 29032 AND
2 1 28854 28853 29033 XOR
2 1 10280 29033 29034 AND
2 1 28916 29034 29035 AND
2 1 29032 29035 29036 AND
2 1 90 29036 29037 AND
2 1 28642 28917 29038 AND
2 1 28851 28850 29039 XOR
2 1 10280 29039 29040 AND
2 1 28916 29040 29041 AND
2 1 29038 29041 29042 AND
2 1 89 29042 29043 AND
2 1 28648 28917 29044 AND
2 1 28848 28847 29045 XOR
2 1 10280 29045 29046 AND
2 1 28916 29046 29047 AND
2 1 29044 29047 29048 AND
2 1 88 29048 29049 AND
2 1 28654 28917 29050 AND
2 1 28845 28844 29051 XOR
2 1 10280 29051 29052 AND
2 1 28916 29052 29053 AND
2 1 29050 29053 29054 AND
2 1 87 29054 29055 AND
2 1 28660 28917 29056 AND
2 1 28842 28841 29057 XOR
2 1 10280 29057 29058 AND
2 1 28916 29058 29059 AND
2 1 29056 29059 29060 AND
2 1 86 29060 29061 AND
2 1 28666 28917 29062 AND
2 1 28839 28838 29063 XOR
2 1 10280 29063 29064 AND
2 1 28916 29064 29065 AND
2 1 29062 29065 29066 AND
2 1 85 29066 29067 AND
2 1 28672 28917 29068 AND
2 1 28836 28835 29069 XOR
2 1 10280 29069 29070 AND
2 1 28916 29070 29071 AND
2 1 29068 29071 29072 AND
2 1 84 29072 29073 AND
2 1 28678 28917 29074 AND
2 1 28833 28832 29075 XOR
2 1 10280 29075 29076 AND
2 1 28916 29076 29077 AND
2 1 29074 29077 29078 AND
2 1 83 29078 29079 AND
2 1 28684 28917 29080 AND
2 1 28830 28829 29081 XOR
2 1 10280 29081 29082 AND
2 1 28916 29082 29083 AND
2 1 29080 29083 29084 AND
2 1 82 29084 29085 AND
2 1 28690 28917 29086 AND
2 1 28827 28826 29087 XOR
2 1 10280 29087 29088 AND
2 1 28916 29088 29089 AND
2 1 29086 29089 29090 AND
2 1 81 29090 29091 AND
2 1 28696 28917 29092 AND
2 1 28824 28823 29093 XOR
2 1 10280 29093 29094 AND
2 1 28916 29094 29095 AND
2 1 29092 29095 29096 AND
2 1 80 29096 29097 AND
2 1 28702 28917 29098 AND
2 1 28821 28820 29099 XOR
2 1 10280 29099 29100 AND
2 1 28916 29100 29101 AND
2 1 29098 29101 29102 AND
2 1 79 29102 29103 AND
2 1 28708 28917 29104 AND
2 1 28818 28817 29105 XOR
2 1 10280 29105 29106 AND
2 1 28916 29106 29107 AND
2 1 29104 29107 29108 AND
2 1 78 29108 29109 AND
2 1 28714 28917 29110 AND
2 1 28815 28814 29111 XOR
2 1 10280 29111 29112 AND
2 1 28916 29112 29113 AND
2 1 29110 29113 29114 AND
2 1 77 29114 29115 AND
2 1 28720 28917 29116 AND
2 1 28812 28811 29117 XOR
2 1 10280 29117 29118 AND
2 1 28916 29118 29119 AND
2 1 29116 29119 29120 AND
2 1 76 29120 29121 AND
2 1 28726 28917 29122 AND
2 1 28809 28808 29123 XOR
2 1 10280 29123 29124 AND
2 1 28916 29124 29125 AND
2 1 29122 29125 29126 AND
2 1 75 29126 29127 AND
2 1 28732 28917 29128 AND
2 1 28806 28805 29129 XOR
2 1 10280 29129 29130 AND
2 1 28916 29130 29131 AND
2 1 29128 29131 29132 AND
2 1 74 29132 29133 AND
2 1 28738 28917 29134 AND
2 1 28803 28802 29135 XOR
2 1 10280 29135 29136 AND
2 1 28916 29136 29137 AND
2 1 29134 29137 29138 AND
2 1 73 29138 29139 AND
2 1 28744 28917 29140 AND
2 1 28800 28799 29141 XOR
2 1 10280 29141 29142 AND
2 1 28916 29142 29143 AND
2 1 29140 29143 29144 AND
2 1 72 29144 29145 AND
2 1 28750 28917 29146 AND
2 1 28797 28796 29147 XOR
2 1 10280 29147 29148 AND
2 1 28916 29148 29149 AND
2 1 29146 29149 29150 AND
2 1 71 29150 29151 AND
2 1 28756 28917 29152 AND
2 1 28794 28793 29153 XOR
2 1 10280 29153 29154 AND
2 1 28916 29154 29155 AND
2 1 29152 29155 29156 AND
2 1 70 29156 29157 AND
2 1 28762 28917 29158 AND
2 1 28791 28790 29159 XOR
2 1 10280 29159 29160 AND
2 1 28916 29160 29161 AND
2 1 29158 29161 29162 AND
2 1 69 29162 29163 AND
2 1 28768 28917 29164 AND
2 1 28788 28787 29165 XOR
2 1 10280 29165 29166 AND
2 1 28916 29166 29167 AND
2 1 29164 29167 29168 AND
2 1 68 29168 29169 AND
2 1 28775 28917 29170 AND
2 1 28785 28784 29171 XOR
2 1 10280 29171 29172 AND
2 1 28916 29172 29173 AND
2 1 29170 29173 29174 AND
2 1 67 29174 29175 AND
2 1 28778 28917 29176 AND
2 1 65 28778 28779 AND
2 1 65 28778 28780 AND
2 1 28779 28780 29177 AND
2 1 29177 10143 29178 XOR
2 1 10280 29178 29179 AND
2 1 28916 29179 29180 AND
2 1 29176 29180 29181 AND
2 1 66 29181 29182 AND
2 1 10550 28916 29183 AND
2 1 18 29183 29184 AND
2 1 10555 28916 29185 AND
2 1 65 29185 29188 AND
2 1 29184 29188 29189 AND
2 1 10559 29189 29193 AND
2 1 29184 29185 29186 AND
2 1 10563 29186 29194 AND
2 1 29193 29194 29195 AND
2 1 29181 66 29196 XOR
2 1 29195 29196 29197 AND
2 1 29182 29197 29198 AND
2 1 29174 67 29199 XOR
2 1 29198 29199 29200 AND
2 1 29175 29200 29201 AND
2 1 29168 68 29202 XOR
2 1 29201 29202 29203 AND
2 1 29169 29203 29204 AND
2 1 29162 69 29205 XOR
2 1 29204 29205 29206 AND
2 1 29163 29206 29207 AND
2 1 29156 70 29208 XOR
2 1 29207 29208 29209 AND
2 1 29157 29209 29210 AND
2 1 29150 71 29211 XOR
2 1 29210 29211 29212 AND
2 1 29151 29212 29213 AND
2 1 29144 72 29214 XOR
2 1 29213 29214 29215 AND
2 1 29145 29215 29216 AND
2 1 29138 73 29217 XOR
2 1 29216 29217 29218 AND
2 1 29139 29218 29219 AND
2 1 29132 74 29220 XOR
2 1 29219 29220 29221 AND
2 1 29133 29221 29222 AND
2 1 29126 75 29223 XOR
2 1 29222 29223 29224 AND
2 1 29127 29224 29225 AND
2 1 29120 76 29226 XOR
2 1 29225 29226 29227 AND
2 1 29121 29227 29228 AND
2 1 29114 77 29229 XOR
2 1 29228 29229 29230 AND
2 1 29115 29230 29231 AND
2 1 29108 78 29232 XOR
2 1 29231 29232 29233 AND
2 1 29109 29233 29234 AND
2 1 29102 79 29235 XOR
2 1 29234 29235 29236 AND
2 1 29103 29236 29237 AND
2 1 29096 80 29238 XOR
2 1 29237 29238 29239 AND
2 1 29097 29239 29240 AND
2 1 29090 81 29241 XOR
2 1 29240 29241 29242 AND
2 1 29091 29242 29243 AND
2 1 29084 82 29244 XOR
2 1 29243 29244 29245 AND
2 1 29085 29245 29246 AND
2 1 29078 83 29247 XOR
2 1 29246 29247 29248 AND
2 1 29079 29248 29249 AND
2 1 29072 84 29250 XOR
2 1 29249 29250 29251 AND
2 1 29073 29251 29252 AND
2 1 29066 85 29253 XOR
2 1 29252 29253 29254 AND
2 1 29067 29254 29255 AND
2 1 29060 86 29256 XOR
2 1 29255 29256 29257 AND
2 1 29061 29257 29258 AND
2 1 29054 87 29259 XOR
2 1 29258 29259 29260 AND
2 1 29055 29260 29261 AND
2 1 29048 88 29262 XOR
2 1 29261 29262 29263 AND
2 1 29049 29263 29264 AND
2 1 29042 89 29265 XOR
2 1 29264 29265 29266 AND
2 1 29043 29266 29267 AND
2 1 29036 90 29268 XOR
2 1 29267 29268 29269 AND
2 1 29037 29269 29270 AND
2 1 29030 91 29271 XOR
2 1 29270 29271 29272 AND
2 1 29031 29272 29273 AND
2 1 29024 92 29274 XOR
2 1 29273 29274 29275 AND
2 1 29025 29275 29276 AND
2 1 29018 93 29277 XOR
2 1 29276 29277 29278 AND
2 1 29019 29278 29279 AND
2 1 29012 94 29280 XOR
2 1 29279 29280 29281 AND
2 1 29013 29281 29282 AND
2 1 29006 95 29283 XOR
2 1 29282 29283 29284 AND
2 1 29007 29284 29285 AND
2 1 29000 96 29286 XOR
2 1 29285 29286 29287 AND
2 1 29001 29287 29288 AND
2 1 28994 97 29289 XOR
2 1 29288 29289 29290 AND
2 1 28995 29290 29291 AND
2 1 28988 98 29292 XOR
2 1 29291 29292 29293 AND
2 1 28989 29293 29294 AND
2 1 28982 99 29295 XOR
2 1 29294 29295 29296 AND
2 1 28983 29296 29297 AND
2 1 28976 100 29298 XOR
2 1 29297 29298 29299 AND
2 1 28977 29299 29300 AND
2 1 28970 101 29301 XOR
2 1 29300 29301 29302 AND
2 1 28971 29302 29303 AND
2 1 28964 102 29304 XOR
2 1 29303 29304 29305 AND
2 1 28965 29305 29306 AND
2 1 28958 103 29307 XOR
2 1 29306 29307 29308 AND
2 1 28959 29308 29309 AND
2 1 28952 104 29310 XOR
2 1 29309 29310 29311 AND
2 1 28953 29311 29312 AND
2 1 28946 105 29313 XOR
2 1 29312 29313 29314 AND
2 1 28947 29314 29315 AND
2 1 28940 106 29316 XOR
2 1 29315 29316 29317 AND
2 1 28941 29317 29318 AND
2 1 28934 107 29319 XOR
2 1 29318 29319 29320 AND
2 1 28935 29320 29321 AND
2 1 28928 108 29322 XOR
2 1 29321 29322 29323 AND
2 1 28929 29323 29324 AND
2 1 28922 109 29325 XOR
2 1 29324 29325 29326 AND
2 1 28923 29326 29327 AND
2 1 28521 28917 29328 AND
2 1 28914 28913 29329 XOR
2 1 28917 29329 29330 AND
2 1 29328 29330 29331 AND
2 1 110 29331 29332 AND
2 1 110 29328 29333 AND
2 1 29330 29333 29334 AND
2 1 10706 29334 29335 AND
2 1 29332 29335 29336 AND
2 1 29327 29336 29337 AND
2 1 10280 29331 29338 AND
2 1 29337 29338 29339 AND
2 1 29325 29324 29340 XOR
2 1 29339 29340 29341 AND
2 1 28922 29338 29342 AND
2 1 29337 29342 29343 AND
2 1 29341 29343 29344 AND
2 1 110 29344 29345 AND
2 1 29322 29321 29346 XOR
2 1 29339 29346 29347 AND
2 1 28928 29338 29348 AND
2 1 29337 29348 29349 AND
2 1 29347 29349 29350 AND
2 1 109 29350 29351 AND
2 1 29319 29318 29352 XOR
2 1 29339 29352 29353 AND
2 1 28934 29338 29354 AND
2 1 29337 29354 29355 AND
2 1 29353 29355 29356 AND
2 1 108 29356 29357 AND
2 1 29316 29315 29358 XOR
2 1 29339 29358 29359 AND
2 1 28940 29338 29360 AND
2 1 29337 29360 29361 AND
2 1 29359 29361 29362 AND
2 1 107 29362 29363 AND
2 1 29313 29312 29364 XOR
2 1 29339 29364 29365 AND
2 1 28946 29338 29366 AND
2 1 29337 29366 29367 AND
2 1 29365 29367 29368 AND
2 1 106 29368 29369 AND
2 1 29310 29309 29370 XOR
2 1 29339 29370 29371 AND
2 1 28952 29338 29372 AND
2 1 29337 29372 29373 AND
2 1 29371 29373 29374 AND
2 1 105 29374 29375 AND
2 1 29307 29306 29376 XOR
2 1 29339 29376 29377 AND
2 1 28958 29338 29378 AND
2 1 29337 29378 29379 AND
2 1 29377 29379 29380 AND
2 1 104 29380 29381 AND
2 1 29304 29303 29382 XOR
2 1 29339 29382 29383 AND
2 1 28964 29338 29384 AND
2 1 29337 29384 29385 AND
2 1 29383 29385 29386 AND
2 1 103 29386 29387 AND
2 1 29301 29300 29388 XOR
2 1 29339 29388 29389 AND
2 1 28970 29338 29390 AND
2 1 29337 29390 29391 AND
2 1 29389 29391 29392 AND
2 1 102 29392 29393 AND
2 1 29298 29297 29394 XOR
2 1 29339 29394 29395 AND
2 1 28976 29338 29396 AND
2 1 29337 29396 29397 AND
2 1 29395 29397 29398 AND
2 1 101 29398 29399 AND
2 1 29295 29294 29400 XOR
2 1 29339 29400 29401 AND
2 1 28982 29338 29402 AND
2 1 29337 29402 29403 AND
2 1 29401 29403 29404 AND
2 1 100 29404 29405 AND
2 1 29292 29291 29406 XOR
2 1 29339 29406 29407 AND
2 1 28988 29338 29408 AND
2 1 29337 29408 29409 AND
2 1 29407 29409 29410 AND
2 1 99 29410 29411 AND
2 1 29289 29288 29412 XOR
2 1 29339 29412 29413 AND
2 1 28994 29338 29414 AND
2 1 29337 29414 29415 AND
2 1 29413 29415 29416 AND
2 1 98 29416 29417 AND
2 1 29286 29285 29418 XOR
2 1 29339 29418 29419 AND
2 1 29000 29338 29420 AND
2 1 29337 29420 29421 AND
2 1 29419 29421 29422 AND
2 1 97 29422 29423 AND
2 1 29283 29282 29424 XOR
2 1 29339 29424 29425 AND
2 1 29006 29338 29426 AND
2 1 29337 29426 29427 AND
2 1 29425 29427 29428 AND
2 1 96 29428 29429 AND
2 1 29280 29279 29430 XOR
2 1 29339 29430 29431 AND
2 1 29012 29338 29432 AND
2 1 29337 29432 29433 AND
2 1 29431 29433 29434 AND
2 1 95 29434 29435 AND
2 1 29277 29276 29436 XOR
2 1 29339 29436 29437 AND
2 1 29018 29338 29438 AND
2 1 29337 29438 29439 AND
2 1 29437 29439 29440 AND
2 1 94 29440 29441 AND
2 1 29274 29273 29442 XOR
2 1 29339 29442 29443 AND
2 1 29024 29338 29444 AND
2 1 29337 29444 29445 AND
2 1 29443 29445 29446 AND
2 1 93 29446 29447 AND
2 1 29271 29270 29448 XOR
2 1 29339 29448 29449 AND
2 1 29030 29338 29450 AND
2 1 29337 29450 29451 AND
2 1 29449 29451 29452 AND
2 1 92 29452 29453 AND
2 1 29268 29267 29454 XOR
2 1 29339 29454 29455 AND
2 1 29036 29338 29456 AND
2 1 29337 29456 29457 AND
2 1 29455 29457 29458 AND
2 1 91 29458 29459 AND
2 1 29265 29264 29460 XOR
2 1 29339 29460 29461 AND
2 1 29042 29338 29462 AND
2 1 29337 29462 29463 AND
2 1 29461 29463 29464 AND
2 1 90 29464 29465 AND
2 1 29262 29261 29466 XOR
2 1 29339 29466 29467 AND
2 1 29048 29338 29468 AND
2 1 29337 29468 29469 AND
2 1 29467 29469 29470 AND
2 1 89 29470 29471 AND
2 1 29259 29258 29472 XOR
2 1 29339 29472 29473 AND
2 1 29054 29338 29474 AND
2 1 29337 29474 29475 AND
2 1 29473 29475 29476 AND
2 1 88 29476 29477 AND
2 1 29256 29255 29478 XOR
2 1 29339 29478 29479 AND
2 1 29060 29338 29480 AND
2 1 29337 29480 29481 AND
2 1 29479 29481 29482 AND
2 1 87 29482 29483 AND
2 1 29253 29252 29484 XOR
2 1 29339 29484 29485 AND
2 1 29066 29338 29486 AND
2 1 29337 29486 29487 AND
2 1 29485 29487 29488 AND
2 1 86 29488 29489 AND
2 1 29250 29249 29490 XOR
2 1 29339 29490 29491 AND
2 1 29072 29338 29492 AND
2 1 29337 29492 29493 AND
2 1 29491 29493 29494 AND
2 1 85 29494 29495 AND
2 1 29247 29246 29496 XOR
2 1 29339 29496 29497 AND
2 1 29078 29338 29498 AND
2 1 29337 29498 29499 AND
2 1 29497 29499 29500 AND
2 1 84 29500 29501 AND
2 1 29244 29243 29502 XOR
2 1 29339 29502 29503 AND
2 1 29084 29338 29504 AND
2 1 29337 29504 29505 AND
2 1 29503 29505 29506 AND
2 1 83 29506 29507 AND
2 1 29241 29240 29508 XOR
2 1 29339 29508 29509 AND
2 1 29090 29338 29510 AND
2 1 29337 29510 29511 AND
2 1 29509 29511 29512 AND
2 1 82 29512 29513 AND
2 1 29238 29237 29514 XOR
2 1 29339 29514 29515 AND
2 1 29096 29338 29516 AND
2 1 29337 29516 29517 AND
2 1 29515 29517 29518 AND
2 1 81 29518 29519 AND
2 1 29235 29234 29520 XOR
2 1 29339 29520 29521 AND
2 1 29102 29338 29522 AND
2 1 29337 29522 29523 AND
2 1 29521 29523 29524 AND
2 1 80 29524 29525 AND
2 1 29232 29231 29526 XOR
2 1 29339 29526 29527 AND
2 1 29108 29338 29528 AND
2 1 29337 29528 29529 AND
2 1 29527 29529 29530 AND
2 1 79 29530 29531 AND
2 1 29229 29228 29532 XOR
2 1 29339 29532 29533 AND
2 1 29114 29338 29534 AND
2 1 29337 29534 29535 AND
2 1 29533 29535 29536 AND
2 1 78 29536 29537 AND
2 1 29226 29225 29538 XOR
2 1 29339 29538 29539 AND
2 1 29120 29338 29540 AND
2 1 29337 29540 29541 AND
2 1 29539 29541 29542 AND
2 1 77 29542 29543 AND
2 1 29223 29222 29544 XOR
2 1 29339 29544 29545 AND
2 1 29126 29338 29546 AND
2 1 29337 29546 29547 AND
2 1 29545 29547 29548 AND
2 1 76 29548 29549 AND
2 1 29220 29219 29550 XOR
2 1 29339 29550 29551 AND
2 1 29132 29338 29552 AND
2 1 29337 29552 29553 AND
2 1 29551 29553 29554 AND
2 1 75 29554 29555 AND
2 1 29217 29216 29556 XOR
2 1 29339 29556 29557 AND
2 1 29138 29338 29558 AND
2 1 29337 29558 29559 AND
2 1 29557 29559 29560 AND
2 1 74 29560 29561 AND
2 1 29214 29213 29562 XOR
2 1 29339 29562 29563 AND
2 1 29144 29338 29564 AND
2 1 29337 29564 29565 AND
2 1 29563 29565 29566 AND
2 1 73 29566 29567 AND
2 1 29211 29210 29568 XOR
2 1 29339 29568 29569 AND
2 1 29150 29338 29570 AND
2 1 29337 29570 29571 AND
2 1 29569 29571 29572 AND
2 1 72 29572 29573 AND
2 1 29208 29207 29574 XOR
2 1 29339 29574 29575 AND
2 1 29156 29338 29576 AND
2 1 29337 29576 29577 AND
2 1 29575 29577 29578 AND
2 1 71 29578 29579 AND
2 1 29205 29204 29580 XOR
2 1 29339 29580 29581 AND
2 1 29162 29338 29582 AND
2 1 29337 29582 29583 AND
2 1 29581 29583 29584 AND
2 1 70 29584 29585 AND
2 1 29202 29201 29586 XOR
2 1 29339 29586 29587 AND
2 1 29168 29338 29588 AND
2 1 29337 29588 29589 AND
2 1 29587 29589 29590 AND
2 1 69 29590 29591 AND
2 1 29199 29198 29592 XOR
2 1 29339 29592 29593 AND
2 1 29174 29338 29594 AND
2 1 29337 29594 29595 AND
2 1 29593 29595 29596 AND
2 1 68 29596 29597 AND
2 1 65 29186 29187 AND
2 1 29187 29189 29190 AND
2 1 10559 29190 29191 AND
2 1 65 29186 29192 AND
2 1 29191 29192 29598 AND
2 1 29598 29196 29599 XOR
2 1 29339 29599 29600 AND
2 1 29181 29338 29601 AND
2 1 29337 29601 29602 AND
2 1 29600 29602 29603 AND
2 1 67 29603 29604 AND
2 1 29190 10559 29605 XOR
2 1 29339 29605 29606 AND
2 1 29186 29338 29607 AND
2 1 29337 29607 29608 AND
2 1 29606 29608 29609 AND
2 1 66 29609 29610 AND
2 1 64 29339 29611 AND
2 1 29611 10988 29615 XOR
2 1 10990 29615 29616 AND
2 1 29611 17 29614 XOR
2 1 65 29614 29617 AND
2 1 29616 29617 29618 AND
2 1 29609 66 29619 XOR
2 1 29618 29619 29620 AND
2 1 29610 29620 29621 AND
2 1 29603 67 29622 XOR
2 1 29621 29622 29623 AND
2 1 29604 29623 29624 AND
2 1 29596 68 29625 XOR
2 1 29624 29625 29626 AND
2 1 29597 29626 29627 AND
2 1 29590 69 29628 XOR
2 1 29627 29628 29629 AND
2 1 29591 29629 29630 AND
2 1 29584 70 29631 XOR
2 1 29630 29631 29632 AND
2 1 29585 29632 29633 AND
2 1 29578 71 29634 XOR
2 1 29633 29634 29635 AND
2 1 29579 29635 29636 AND
2 1 29572 72 29637 XOR
2 1 29636 29637 29638 AND
2 1 29573 29638 29639 AND
2 1 29566 73 29640 XOR
2 1 29639 29640 29641 AND
2 1 29567 29641 29642 AND
2 1 29560 74 29643 XOR
2 1 29642 29643 29644 AND
2 1 29561 29644 29645 AND
2 1 29554 75 29646 XOR
2 1 29645 29646 29647 AND
2 1 29555 29647 29648 AND
2 1 29548 76 29649 XOR
2 1 29648 29649 29650 AND
2 1 29549 29650 29651 AND
2 1 29542 77 29652 XOR
2 1 29651 29652 29653 AND
2 1 29543 29653 29654 AND
2 1 29536 78 29655 XOR
2 1 29654 29655 29656 AND
2 1 29537 29656 29657 AND
2 1 29530 79 29658 XOR
2 1 29657 29658 29659 AND
2 1 29531 29659 29660 AND
2 1 29524 80 29661 XOR
2 1 29660 29661 29662 AND
2 1 29525 29662 29663 AND
2 1 29518 81 29664 XOR
2 1 29663 29664 29665 AND
2 1 29519 29665 29666 AND
2 1 29512 82 29667 XOR
2 1 29666 29667 29668 AND
2 1 29513 29668 29669 AND
2 1 29506 83 29670 XOR
2 1 29669 29670 29671 AND
2 1 29507 29671 29672 AND
2 1 29500 84 29673 XOR
2 1 29672 29673 29674 AND
2 1 29501 29674 29675 AND
2 1 29494 85 29676 XOR
2 1 29675 29676 29677 AND
2 1 29495 29677 29678 AND
2 1 29488 86 29679 XOR
2 1 29678 29679 29680 AND
2 1 29489 29680 29681 AND
2 1 29482 87 29682 XOR
2 1 29681 29682 29683 AND
2 1 29483 29683 29684 AND
2 1 29476 88 29685 XOR
2 1 29684 29685 29686 AND
2 1 29477 29686 29687 AND
2 1 29470 89 29688 XOR
2 1 29687 29688 29689 AND
2 1 29471 29689 29690 AND
2 1 29464 90 29691 XOR
2 1 29690 29691 29692 AND
2 1 29465 29692 29693 AND
2 1 29458 91 29694 XOR
2 1 29693 29694 29695 AND
2 1 29459 29695 29696 AND
2 1 29452 92 29697 XOR
2 1 29696 29697 29698 AND
2 1 29453 29698 29699 AND
2 1 29446 93 29700 XOR
2 1 29699 29700 29701 AND
2 1 29447 29701 29702 AND
2 1 29440 94 29703 XOR
2 1 29702 29703 29704 AND
2 1 29441 29704 29705 AND
2 1 29434 95 29706 XOR
2 1 29705 29706 29707 AND
2 1 29435 29707 29708 AND
2 1 29428 96 29709 XOR
2 1 29708 29709 29710 AND
2 1 29429 29710 29711 AND
2 1 29422 97 29712 XOR
2 1 29711 29712 29713 AND
2 1 29423 29713 29714 AND
2 1 29416 98 29715 XOR
2 1 29714 29715 29716 AND
2 1 29417 29716 29717 AND
2 1 29410 99 29718 XOR
2 1 29717 29718 29719 AND
2 1 29411 29719 29720 AND
2 1 29404 100 29721 XOR
2 1 29720 29721 29722 AND
2 1 29405 29722 29723 AND
2 1 29398 101 29724 XOR
2 1 29723 29724 29725 AND
2 1 29399 29725 29726 AND
2 1 29392 102 29727 XOR
2 1 29726 29727 29728 AND
2 1 29393 29728 29729 AND
2 1 29386 103 29730 XOR
2 1 29729 29730 29731 AND
2 1 29387 29731 29732 AND
2 1 29380 104 29733 XOR
2 1 29732 29733 29734 AND
2 1 29381 29734 29735 AND
2 1 29374 105 29736 XOR
2 1 29735 29736 29737 AND
2 1 29375 29737 29738 AND
2 1 29368 106 29739 XOR
2 1 29738 29739 29740 AND
2 1 29369 29740 29741 AND
2 1 29362 107 29742 XOR
2 1 29741 29742 29743 AND
2 1 29363 29743 29744 AND
2 1 29356 108 29745 XOR
2 1 29744 29745 29746 AND
2 1 29357 29746 29747 AND
2 1 29350 109 29748 XOR
2 1 29747 29748 29749 AND
2 1 29351 29749 29750 AND
2 1 29344 110 29751 XOR
2 1 29750 29751 29752 AND
2 1 29345 29752 29753 AND
2 1 29332 29334 29754 AND
2 1 29754 29327 29755 XOR
2 1 29339 29755 29756 AND
2 1 10280 28521 29757 AND
2 1 29337 29757 29758 AND
2 1 29756 29758 29759 AND
2 1 111 29759 29760 AND
2 1 111 29758 29761 AND
2 1 29756 29761 29762 AND
2 1 208 29762 29763 AND
2 1 29760 29763 29764 AND
2 1 29753 29764 29765 AND
2 1 10706 29759 29766 AND
2 1 29765 29766 29767 AND
2 1 29751 29750 29768 XOR
2 1 29767 29768 29769 AND
2 1 29344 29766 29770 AND
2 1 29765 29770 29771 AND
2 1 29769 29771 29772 AND
2 1 29760 29762 29773 AND
2 1 29773 29753 29774 XOR
2 1 29767 29774 29775 AND
2 1 10706 29759 29776 AND
2 1 29765 29776 29777 AND
2 1 29775 29777 29778 AND
2 1 112 29778 29779 AND
2 1 111 29772 29780 AND
2 1 29748 29747 29781 XOR
2 1 29767 29781 29782 AND
2 1 29350 29766 29783 AND
2 1 29765 29783 29784 AND
2 1 29782 29784 29785 AND
2 1 110 29785 29786 AND
2 1 29745 29744 29787 XOR
2 1 29767 29787 29788 AND
2 1 29356 29766 29789 AND
2 1 29765 29789 29790 AND
2 1 29788 29790 29791 AND
2 1 109 29791 29792 AND
2 1 29742 29741 29793 XOR
2 1 29767 29793 29794 AND
2 1 29362 29766 29795 AND
2 1 29765 29795 29796 AND
2 1 29794 29796 29797 AND
2 1 108 29797 29798 AND
2 1 29739 29738 29799 XOR
2 1 29767 29799 29800 AND
2 1 29368 29766 29801 AND
2 1 29765 29801 29802 AND
2 1 29800 29802 29803 AND
2 1 107 29803 29804 AND
2 1 29736 29735 29805 XOR
2 1 29767 29805 29806 AND
2 1 29374 29766 29807 AND
2 1 29765 29807 29808 AND
2 1 29806 29808 29809 AND
2 1 106 29809 29810 AND
2 1 29733 29732 29811 XOR
2 1 29767 29811 29812 AND
2 1 29380 29766 29813 AND
2 1 29765 29813 29814 AND
2 1 29812 29814 29815 AND
2 1 105 29815 29816 AND
2 1 29730 29729 29817 XOR
2 1 29767 29817 29818 AND
2 1 29386 29766 29819 AND
2 1 29765 29819 29820 AND
2 1 29818 29820 29821 AND
2 1 104 29821 29822 AND
2 1 29727 29726 29823 XOR
2 1 29767 29823 29824 AND
2 1 29392 29766 29825 AND
2 1 29765 29825 29826 AND
2 1 29824 29826 29827 AND
2 1 103 29827 29828 AND
2 1 29724 29723 29829 XOR
2 1 29767 29829 29830 AND
2 1 29398 29766 29831 AND
2 1 29765 29831 29832 AND
2 1 29830 29832 29833 AND
2 1 102 29833 29834 AND
2 1 29721 29720 29835 XOR
2 1 29767 29835 29836 AND
2 1 29404 29766 29837 AND
2 1 29765 29837 29838 AND
2 1 29836 29838 29839 AND
2 1 101 29839 29840 AND
2 1 29718 29717 29841 XOR
2 1 29767 29841 29842 AND
2 1 29410 29766 29843 AND
2 1 29765 29843 29844 AND
2 1 29842 29844 29845 AND
2 1 100 29845 29846 AND
2 1 29715 29714 29847 XOR
2 1 29767 29847 29848 AND
2 1 29416 29766 29849 AND
2 1 29765 29849 29850 AND
2 1 29848 29850 29851 AND
2 1 99 29851 29852 AND
2 1 29712 29711 29853 XOR
2 1 29767 29853 29854 AND
2 1 29422 29766 29855 AND
2 1 29765 29855 29856 AND
2 1 29854 29856 29857 AND
2 1 98 29857 29858 AND
2 1 29709 29708 29859 XOR
2 1 29767 29859 29860 AND
2 1 29428 29766 29861 AND
2 1 29765 29861 29862 AND
2 1 29860 29862 29863 AND
2 1 97 29863 29864 AND
2 1 29706 29705 29865 XOR
2 1 29767 29865 29866 AND
2 1 29434 29766 29867 AND
2 1 29765 29867 29868 AND
2 1 29866 29868 29869 AND
2 1 96 29869 29870 AND
2 1 29703 29702 29871 XOR
2 1 29767 29871 29872 AND
2 1 29440 29766 29873 AND
2 1 29765 29873 29874 AND
2 1 29872 29874 29875 AND
2 1 95 29875 29876 AND
2 1 29700 29699 29877 XOR
2 1 29767 29877 29878 AND
2 1 29446 29766 29879 AND
2 1 29765 29879 29880 AND
2 1 29878 29880 29881 AND
2 1 94 29881 29882 AND
2 1 29697 29696 29883 XOR
2 1 29767 29883 29884 AND
2 1 29452 29766 29885 AND
2 1 29765 29885 29886 AND
2 1 29884 29886 29887 AND
2 1 93 29887 29888 AND
2 1 29694 29693 29889 XOR
2 1 29767 29889 29890 AND
2 1 29458 29766 29891 AND
2 1 29765 29891 29892 AND
2 1 29890 29892 29893 AND
2 1 92 29893 29894 AND
2 1 29691 29690 29895 XOR
2 1 29767 29895 29896 AND
2 1 29464 29766 29897 AND
2 1 29765 29897 29898 AND
2 1 29896 29898 29899 AND
2 1 91 29899 29900 AND
2 1 29688 29687 29901 XOR
2 1 29767 29901 29902 AND
2 1 29470 29766 29903 AND
2 1 29765 29903 29904 AND
2 1 29902 29904 29905 AND
2 1 90 29905 29906 AND
2 1 29685 29684 29907 XOR
2 1 29767 29907 29908 AND
2 1 29476 29766 29909 AND
2 1 29765 29909 29910 AND
2 1 29908 29910 29911 AND
2 1 89 29911 29912 AND
2 1 29682 29681 29913 XOR
2 1 29767 29913 29914 AND
2 1 29482 29766 29915 AND
2 1 29765 29915 29916 AND
2 1 29914 29916 29917 AND
2 1 88 29917 29918 AND
2 1 29679 29678 29919 XOR
2 1 29767 29919 29920 AND
2 1 29488 29766 29921 AND
2 1 29765 29921 29922 AND
2 1 29920 29922 29923 AND
2 1 87 29923 29924 AND
2 1 29676 29675 29925 XOR
2 1 29767 29925 29926 AND
2 1 29494 29766 29927 AND
2 1 29765 29927 29928 AND
2 1 29926 29928 29929 AND
2 1 86 29929 29930 AND
2 1 29673 29672 29931 XOR
2 1 29767 29931 29932 AND
2 1 29500 29766 29933 AND
2 1 29765 29933 29934 AND
2 1 29932 29934 29935 AND
2 1 85 29935 29936 AND
2 1 29670 29669 29937 XOR
2 1 29767 29937 29938 AND
2 1 29506 29766 29939 AND
2 1 29765 29939 29940 AND
2 1 29938 29940 29941 AND
2 1 84 29941 29942 AND
2 1 29667 29666 29943 XOR
2 1 29767 29943 29944 AND
2 1 29512 29766 29945 AND
2 1 29765 29945 29946 AND
2 1 29944 29946 29947 AND
2 1 83 29947 29948 AND
2 1 29664 29663 29949 XOR
2 1 29767 29949 29950 AND
2 1 29518 29766 29951 AND
2 1 29765 29951 29952 AND
2 1 29950 29952 29953 AND
2 1 82 29953 29954 AND
2 1 29661 29660 29955 XOR
2 1 29767 29955 29956 AND
2 1 29524 29766 29957 AND
2 1 29765 29957 29958 AND
2 1 29956 29958 29959 AND
2 1 81 29959 29960 AND
2 1 29658 29657 29961 XOR
2 1 29767 29961 29962 AND
2 1 29530 29766 29963 AND
2 1 29765 29963 29964 AND
2 1 29962 29964 29965 AND
2 1 80 29965 29966 AND
2 1 29655 29654 29967 XOR
2 1 29767 29967 29968 AND
2 1 29536 29766 29969 AND
2 1 29765 29969 29970 AND
2 1 29968 29970 29971 AND
2 1 79 29971 29972 AND
2 1 29652 29651 29973 XOR
2 1 29767 29973 29974 AND
2 1 29542 29766 29975 AND
2 1 29765 29975 29976 AND
2 1 29974 29976 29977 AND
2 1 78 29977 29978 AND
2 1 29649 29648 29979 XOR
2 1 29767 29979 29980 AND
2 1 29548 29766 29981 AND
2 1 29765 29981 29982 AND
2 1 29980 29982 29983 AND
2 1 77 29983 29984 AND
2 1 29646 29645 29985 XOR
2 1 29767 29985 29986 AND
2 1 29554 29766 29987 AND
2 1 29765 29987 29988 AND
2 1 29986 29988 29989 AND
2 1 76 29989 29990 AND
2 1 29643 29642 29991 XOR
2 1 29767 29991 29992 AND
2 1 29560 29766 29993 AND
2 1 29765 29993 29994 AND
2 1 29992 29994 29995 AND
2 1 75 29995 29996 AND
2 1 29640 29639 29997 XOR
2 1 29767 29997 29998 AND
2 1 29566 29766 29999 AND
2 1 29765 29999 30000 AND
2 1 29998 30000 30001 AND
2 1 74 30001 30002 AND
2 1 29637 29636 30003 XOR
2 1 29767 30003 30004 AND
2 1 29572 29766 30005 AND
2 1 29765 30005 30006 AND
2 1 30004 30006 30007 AND
2 1 73 30007 30008 AND
2 1 29634 29633 30009 XOR
2 1 29767 30009 30010 AND
2 1 29578 29766 30011 AND
2 1 29765 30011 30012 AND
2 1 30010 30012 30013 AND
2 1 72 30013 30014 AND
2 1 29631 29630 30015 XOR
2 1 29767 30015 30016 AND
2 1 29584 29766 30017 AND
2 1 29765 30017 30018 AND
2 1 30016 30018 30019 AND
2 1 71 30019 30020 AND
2 1 29628 29627 30021 XOR
2 1 29767 30021 30022 AND
2 1 29590 29766 30023 AND
2 1 29765 30023 30024 AND
2 1 30022 30024 30025 AND
2 1 70 30025 30026 AND
2 1 29625 29624 30027 XOR
2 1 29767 30027 30028 AND
2 1 29596 29766 30029 AND
2 1 29765 30029 30030 AND
2 1 30028 30030 30031 AND
2 1 69 30031 30032 AND
2 1 29622 29621 30033 XOR
2 1 29767 30033 30034 AND
2 1 29603 29766 30035 AND
2 1 29765 30035 30036 AND
2 1 30034 30036 30037 AND
2 1 68 30037 30038 AND
2 1 29619 29618 30039 XOR
2 1 29767 30039 30040 AND
2 1 29609 29766 30041 AND
2 1 29765 30041 30042 AND
2 1 30040 30042 30043 AND
2 1 67 30043 30044 AND
2 1 17 29611 29612 AND
2 1 10559 29339 29613 AND
2 1 29612 29613 30045 AND
2 1 30045 11421 30046 XOR
2 1 29767 30046 30047 AND
2 1 29614 29766 30048 AND
2 1 29765 30048 30049 AND
2 1 30047 30049 30050 AND
2 1 66 30050 30051 AND
2 1 64 29767 30052 AND
2 1 30052 11432 30056 XOR
2 1 11434 30056 30057 AND
2 1 30052 16 30053 XOR
2 1 65 30053 30058 AND
2 1 30057 30058 30059 AND
2 1 30050 66 30060 XOR
2 1 30059 30060 30061 AND
2 1 30051 30061 30062 AND
2 1 30043 67 30063 XOR
2 1 30062 30063 30064 AND
2 1 30044 30064 30065 AND
2 1 30037 68 30066 XOR
2 1 30065 30066 30067 AND
2 1 30038 30067 30068 AND
2 1 30031 69 30069 XOR
2 1 30068 30069 30070 AND
2 1 30032 30070 30071 AND
2 1 30025 70 30072 XOR
2 1 30071 30072 30073 AND
2 1 30026 30073 30074 AND
2 1 30019 71 30075 XOR
2 1 30074 30075 30076 AND
2 1 30020 30076 30077 AND
2 1 30013 72 30078 XOR
2 1 30077 30078 30079 AND
2 1 30014 30079 30080 AND
2 1 30007 73 30081 XOR
2 1 30080 30081 30082 AND
2 1 30008 30082 30083 AND
2 1 30001 74 30084 XOR
2 1 30083 30084 30085 AND
2 1 30002 30085 30086 AND
2 1 29995 75 30087 XOR
2 1 30086 30087 30088 AND
2 1 29996 30088 30089 AND
2 1 29989 76 30090 XOR
2 1 30089 30090 30091 AND
2 1 29990 30091 30092 AND
2 1 29983 77 30093 XOR
2 1 30092 30093 30094 AND
2 1 29984 30094 30095 AND
2 1 29977 78 30096 XOR
2 1 30095 30096 30097 AND
2 1 29978 30097 30098 AND
2 1 29971 79 30099 XOR
2 1 30098 30099 30100 AND
2 1 29972 30100 30101 AND
2 1 29965 80 30102 XOR
2 1 30101 30102 30103 AND
2 1 29966 30103 30104 AND
2 1 29959 81 30105 XOR
2 1 30104 30105 30106 AND
2 1 29960 30106 30107 AND
2 1 29953 82 30108 XOR
2 1 30107 30108 30109 AND
2 1 29954 30109 30110 AND
2 1 29947 83 30111 XOR
2 1 30110 30111 30112 AND
2 1 29948 30112 30113 AND
2 1 29941 84 30114 XOR
2 1 30113 30114 30115 AND
2 1 29942 30115 30116 AND
2 1 29935 85 30117 XOR
2 1 30116 30117 30118 AND
2 1 29936 30118 30119 AND
2 1 29929 86 30120 XOR
2 1 30119 30120 30121 AND
2 1 29930 30121 30122 AND
2 1 29923 87 30123 XOR
2 1 30122 30123 30124 AND
2 1 29924 30124 30125 AND
2 1 29917 88 30126 XOR
2 1 30125 30126 30127 AND
2 1 29918 30127 30128 AND
2 1 29911 89 30129 XOR
2 1 30128 30129 30130 AND
2 1 29912 30130 30131 AND
2 1 29905 90 30132 XOR
2 1 30131 30132 30133 AND
2 1 29906 30133 30134 AND
2 1 29899 91 30135 XOR
2 1 30134 30135 30136 AND
2 1 29900 30136 30137 AND
2 1 29893 92 30138 XOR
2 1 30137 30138 30139 AND
2 1 29894 30139 30140 AND
2 1 29887 93 30141 XOR
2 1 30140 30141 30142 AND
2 1 29888 30142 30143 AND
2 1 29881 94 30144 XOR
2 1 30143 30144 30145 AND
2 1 29882 30145 30146 AND
2 1 29875 95 30147 XOR
2 1 30146 30147 30148 AND
2 1 29876 30148 30149 AND
2 1 29869 96 30150 XOR
2 1 30149 30150 30151 AND
2 1 29870 30151 30152 AND
2 1 29863 97 30153 XOR
2 1 30152 30153 30154 AND
2 1 29864 30154 30155 AND
2 1 29857 98 30156 XOR
2 1 30155 30156 30157 AND
2 1 29858 30157 30158 AND
2 1 29851 99 30159 XOR
2 1 30158 30159 30160 AND
2 1 29852 30160 30161 AND
2 1 29845 100 30162 XOR
2 1 30161 30162 30163 AND
2 1 29846 30163 30164 AND
2 1 29839 101 30165 XOR
2 1 30164 30165 30166 AND
2 1 29840 30166 30167 AND
2 1 29833 102 30168 XOR
2 1 30167 30168 30169 AND
2 1 29834 30169 30170 AND
2 1 29827 103 30171 XOR
2 1 30170 30171 30172 AND
2 1 29828 30172 30173 AND
2 1 29821 104 30174 XOR
2 1 30173 30174 30175 AND
2 1 29822 30175 30176 AND
2 1 29815 105 30177 XOR
2 1 30176 30177 30178 AND
2 1 29816 30178 30179 AND
2 1 29809 106 30180 XOR
2 1 30179 30180 30181 AND
2 1 29810 30181 30182 AND
2 1 29803 107 30183 XOR
2 1 30182 30183 30184 AND
2 1 29804 30184 30185 AND
2 1 29797 108 30186 XOR
2 1 30185 30186 30187 AND
2 1 29798 30187 30188 AND
2 1 29791 109 30189 XOR
2 1 30188 30189 30190 AND
2 1 29792 30190 30191 AND
2 1 29785 110 30192 XOR
2 1 30191 30192 30193 AND
2 1 29786 30193 30194 AND
2 1 29772 111 30195 XOR
2 1 30194 30195 30196 AND
2 1 29780 30196 30197 AND
2 1 29778 112 30198 XOR
2 1 30197 30198 30199 AND
2 1 29779 30199 30200 AND
2 1 277 30200 30201 AND
2 1 29772 30201 30202 AND
2 1 30195 30194 30203 XOR
2 1 277 30203 30204 AND
2 1 30200 30204 30205 AND
2 1 30202 30205 30206 AND
2 1 112 30206 30207 AND
2 1 29785 30201 30208 AND
2 1 30192 30191 30209 XOR
2 1 277 30209 30210 AND
2 1 30200 30210 30211 AND
2 1 30208 30211 30212 AND
2 1 111 30212 30213 AND
2 1 29791 30201 30214 AND
2 1 30189 30188 30215 XOR
2 1 277 30215 30216 AND
2 1 30200 30216 30217 AND
2 1 30214 30217 30218 AND
2 1 110 30218 30219 AND
2 1 29797 30201 30220 AND
2 1 30186 30185 30221 XOR
2 1 277 30221 30222 AND
2 1 30200 30222 30223 AND
2 1 30220 30223 30224 AND
2 1 109 30224 30225 AND
2 1 29803 30201 30226 AND
2 1 30183 30182 30227 XOR
2 1 277 30227 30228 AND
2 1 30200 30228 30229 AND
2 1 30226 30229 30230 AND
2 1 108 30230 30231 AND
2 1 29809 30201 30232 AND
2 1 30180 30179 30233 XOR
2 1 277 30233 30234 AND
2 1 30200 30234 30235 AND
2 1 30232 30235 30236 AND
2 1 107 30236 30237 AND
2 1 29815 30201 30238 AND
2 1 30177 30176 30239 XOR
2 1 277 30239 30240 AND
2 1 30200 30240 30241 AND
2 1 30238 30241 30242 AND
2 1 106 30242 30243 AND
2 1 29821 30201 30244 AND
2 1 30174 30173 30245 XOR
2 1 277 30245 30246 AND
2 1 30200 30246 30247 AND
2 1 30244 30247 30248 AND
2 1 105 30248 30249 AND
2 1 29827 30201 30250 AND
2 1 30171 30170 30251 XOR
2 1 277 30251 30252 AND
2 1 30200 30252 30253 AND
2 1 30250 30253 30254 AND
2 1 104 30254 30255 AND
2 1 29833 30201 30256 AND
2 1 30168 30167 30257 XOR
2 1 277 30257 30258 AND
2 1 30200 30258 30259 AND
2 1 30256 30259 30260 AND
2 1 103 30260 30261 AND
2 1 29839 30201 30262 AND
2 1 30165 30164 30263 XOR
2 1 277 30263 30264 AND
2 1 30200 30264 30265 AND
2 1 30262 30265 30266 AND
2 1 102 30266 30267 AND
2 1 29845 30201 30268 AND
2 1 30162 30161 30269 XOR
2 1 277 30269 30270 AND
2 1 30200 30270 30271 AND
2 1 30268 30271 30272 AND
2 1 101 30272 30273 AND
2 1 29851 30201 30274 AND
2 1 30159 30158 30275 XOR
2 1 277 30275 30276 AND
2 1 30200 30276 30277 AND
2 1 30274 30277 30278 AND
2 1 100 30278 30279 AND
2 1 29857 30201 30280 AND
2 1 30156 30155 30281 XOR
2 1 277 30281 30282 AND
2 1 30200 30282 30283 AND
2 1 30280 30283 30284 AND
2 1 99 30284 30285 AND
2 1 29863 30201 30286 AND
2 1 30153 30152 30287 XOR
2 1 277 30287 30288 AND
2 1 30200 30288 30289 AND
2 1 30286 30289 30290 AND
2 1 98 30290 30291 AND
2 1 29869 30201 30292 AND
2 1 30150 30149 30293 XOR
2 1 277 30293 30294 AND
2 1 30200 30294 30295 AND
2 1 30292 30295 30296 AND
2 1 97 30296 30297 AND
2 1 29875 30201 30298 AND
2 1 30147 30146 30299 XOR
2 1 277 30299 30300 AND
2 1 30200 30300 30301 AND
2 1 30298 30301 30302 AND
2 1 96 30302 30303 AND
2 1 29881 30201 30304 AND
2 1 30144 30143 30305 XOR
2 1 277 30305 30306 AND
2 1 30200 30306 30307 AND
2 1 30304 30307 30308 AND
2 1 95 30308 30309 AND
2 1 29887 30201 30310 AND
2 1 30141 30140 30311 XOR
2 1 277 30311 30312 AND
2 1 30200 30312 30313 AND
2 1 30310 30313 30314 AND
2 1 94 30314 30315 AND
2 1 29893 30201 30316 AND
2 1 30138 30137 30317 XOR
2 1 277 30317 30318 AND
2 1 30200 30318 30319 AND
2 1 30316 30319 30320 AND
2 1 93 30320 30321 AND
2 1 29899 30201 30322 AND
2 1 30135 30134 30323 XOR
2 1 277 30323 30324 AND
2 1 30200 30324 30325 AND
2 1 30322 30325 30326 AND
2 1 92 30326 30327 AND
2 1 29905 30201 30328 AND
2 1 30132 30131 30329 XOR
2 1 277 30329 30330 AND
2 1 30200 30330 30331 AND
2 1 30328 30331 30332 AND
2 1 91 30332 30333 AND
2 1 29911 30201 30334 AND
2 1 30129 30128 30335 XOR
2 1 277 30335 30336 AND
2 1 30200 30336 30337 AND
2 1 30334 30337 30338 AND
2 1 90 30338 30339 AND
2 1 29917 30201 30340 AND
2 1 30126 30125 30341 XOR
2 1 277 30341 30342 AND
2 1 30200 30342 30343 AND
2 1 30340 30343 30344 AND
2 1 89 30344 30345 AND
2 1 29923 30201 30346 AND
2 1 30123 30122 30347 XOR
2 1 277 30347 30348 AND
2 1 30200 30348 30349 AND
2 1 30346 30349 30350 AND
2 1 88 30350 30351 AND
2 1 29929 30201 30352 AND
2 1 30120 30119 30353 XOR
2 1 277 30353 30354 AND
2 1 30200 30354 30355 AND
2 1 30352 30355 30356 AND
2 1 87 30356 30357 AND
2 1 29935 30201 30358 AND
2 1 30117 30116 30359 XOR
2 1 277 30359 30360 AND
2 1 30200 30360 30361 AND
2 1 30358 30361 30362 AND
2 1 86 30362 30363 AND
2 1 29941 30201 30364 AND
2 1 30114 30113 30365 XOR
2 1 277 30365 30366 AND
2 1 30200 30366 30367 AND
2 1 30364 30367 30368 AND
2 1 85 30368 30369 AND
2 1 29947 30201 30370 AND
2 1 30111 30110 30371 XOR
2 1 277 30371 30372 AND
2 1 30200 30372 30373 AND
2 1 30370 30373 30374 AND
2 1 84 30374 30375 AND
2 1 29953 30201 30376 AND
2 1 30108 30107 30377 XOR
2 1 277 30377 30378 AND
2 1 30200 30378 30379 AND
2 1 30376 30379 30380 AND
2 1 83 30380 30381 AND
2 1 29959 30201 30382 AND
2 1 30105 30104 30383 XOR
2 1 277 30383 30384 AND
2 1 30200 30384 30385 AND
2 1 30382 30385 30386 AND
2 1 82 30386 30387 AND
2 1 29965 30201 30388 AND
2 1 30102 30101 30389 XOR
2 1 277 30389 30390 AND
2 1 30200 30390 30391 AND
2 1 30388 30391 30392 AND
2 1 81 30392 30393 AND
2 1 29971 30201 30394 AND
2 1 30099 30098 30395 XOR
2 1 277 30395 30396 AND
2 1 30200 30396 30397 AND
2 1 30394 30397 30398 AND
2 1 80 30398 30399 AND
2 1 29977 30201 30400 AND
2 1 30096 30095 30401 XOR
2 1 277 30401 30402 AND
2 1 30200 30402 30403 AND
2 1 30400 30403 30404 AND
2 1 79 30404 30405 AND
2 1 29983 30201 30406 AND
2 1 30093 30092 30407 XOR
2 1 277 30407 30408 AND
2 1 30200 30408 30409 AND
2 1 30406 30409 30410 AND
2 1 78 30410 30411 AND
2 1 29989 30201 30412 AND
2 1 30090 30089 30413 XOR
2 1 277 30413 30414 AND
2 1 30200 30414 30415 AND
2 1 30412 30415 30416 AND
2 1 77 30416 30417 AND
2 1 29995 30201 30418 AND
2 1 30087 30086 30419 XOR
2 1 277 30419 30420 AND
2 1 30200 30420 30421 AND
2 1 30418 30421 30422 AND
2 1 76 30422 30423 AND
2 1 30001 30201 30424 AND
2 1 30084 30083 30425 XOR
2 1 277 30425 30426 AND
2 1 30200 30426 30427 AND
2 1 30424 30427 30428 AND
2 1 75 30428 30429 AND
2 1 30007 30201 30430 AND
2 1 30081 30080 30431 XOR
2 1 277 30431 30432 AND
2 1 30200 30432 30433 AND
2 1 30430 30433 30434 AND
2 1 74 30434 30435 AND
2 1 30013 30201 30436 AND
2 1 30078 30077 30437 XOR
2 1 277 30437 30438 AND
2 1 30200 30438 30439 AND
2 1 30436 30439 30440 AND
2 1 73 30440 30441 AND
2 1 30019 30201 30442 AND
2 1 30075 30074 30443 XOR
2 1 277 30443 30444 AND
2 1 30200 30444 30445 AND
2 1 30442 30445 30446 AND
2 1 72 30446 30447 AND
2 1 30025 30201 30448 AND
2 1 30072 30071 30449 XOR
2 1 277 30449 30450 AND
2 1 30200 30450 30451 AND
2 1 30448 30451 30452 AND
2 1 71 30452 30453 AND
2 1 30031 30201 30454 AND
2 1 30069 30068 30455 XOR
2 1 277 30455 30456 AND
2 1 30200 30456 30457 AND
2 1 30454 30457 30458 AND
2 1 70 30458 30459 AND
2 1 30037 30201 30460 AND
2 1 30066 30065 30461 XOR
2 1 277 30461 30462 AND
2 1 30200 30462 30463 AND
2 1 30460 30463 30464 AND
2 1 69 30464 30465 AND
2 1 30043 30201 30466 AND
2 1 30063 30062 30467 XOR
2 1 277 30467 30468 AND
2 1 30200 30468 30469 AND
2 1 30466 30469 30470 AND
2 1 68 30470 30471 AND
2 1 30050 30201 30472 AND
2 1 30060 30059 30473 XOR
2 1 277 30473 30474 AND
2 1 30200 30474 30475 AND
2 1 30472 30475 30476 AND
2 1 67 30476 30477 AND
2 1 30053 30201 30478 AND
2 1 65 30053 30054 AND
2 1 65 30053 30055 AND
2 1 30054 30055 30479 AND
2 1 30479 11434 30480 XOR
2 1 277 30480 30481 AND
2 1 30200 30481 30482 AND
2 1 30478 30482 30483 AND
2 1 66 30483 30484 AND
2 1 11866 30200 30485 AND
2 1 15 30485 30486 AND
2 1 11870 30200 30487 AND
2 1 30486 30487 30488 AND
2 1 11878 30488 30492 AND
2 1 11877 30492 30493 AND
2 1 30483 66 30494 XOR
2 1 30493 30494 30495 AND
2 1 30484 30495 30496 AND
2 1 30476 67 30497 XOR
2 1 30496 30497 30498 AND
2 1 30477 30498 30499 AND
2 1 30470 68 30500 XOR
2 1 30499 30500 30501 AND
2 1 30471 30501 30502 AND
2 1 30464 69 30503 XOR
2 1 30502 30503 30504 AND
2 1 30465 30504 30505 AND
2 1 30458 70 30506 XOR
2 1 30505 30506 30507 AND
2 1 30459 30507 30508 AND
2 1 30452 71 30509 XOR
2 1 30508 30509 30510 AND
2 1 30453 30510 30511 AND
2 1 30446 72 30512 XOR
2 1 30511 30512 30513 AND
2 1 30447 30513 30514 AND
2 1 30440 73 30515 XOR
2 1 30514 30515 30516 AND
2 1 30441 30516 30517 AND
2 1 30434 74 30518 XOR
2 1 30517 30518 30519 AND
2 1 30435 30519 30520 AND
2 1 30428 75 30521 XOR
2 1 30520 30521 30522 AND
2 1 30429 30522 30523 AND
2 1 30422 76 30524 XOR
2 1 30523 30524 30525 AND
2 1 30423 30525 30526 AND
2 1 30416 77 30527 XOR
2 1 30526 30527 30528 AND
2 1 30417 30528 30529 AND
2 1 30410 78 30530 XOR
2 1 30529 30530 30531 AND
2 1 30411 30531 30532 AND
2 1 30404 79 30533 XOR
2 1 30532 30533 30534 AND
2 1 30405 30534 30535 AND
2 1 30398 80 30536 XOR
2 1 30535 30536 30537 AND
2 1 30399 30537 30538 AND
2 1 30392 81 30539 XOR
2 1 30538 30539 30540 AND
2 1 30393 30540 30541 AND
2 1 30386 82 30542 XOR
2 1 30541 30542 30543 AND
2 1 30387 30543 30544 AND
2 1 30380 83 30545 XOR
2 1 30544 30545 30546 AND
2 1 30381 30546 30547 AND
2 1 30374 84 30548 XOR
2 1 30547 30548 30549 AND
2 1 30375 30549 30550 AND
2 1 30368 85 30551 XOR
2 1 30550 30551 30552 AND
2 1 30369 30552 30553 AND
2 1 30362 86 30554 XOR
2 1 30553 30554 30555 AND
2 1 30363 30555 30556 AND
2 1 30356 87 30557 XOR
2 1 30556 30557 30558 AND
2 1 30357 30558 30559 AND
2 1 30350 88 30560 XOR
2 1 30559 30560 30561 AND
2 1 30351 30561 30562 AND
2 1 30344 89 30563 XOR
2 1 30562 30563 30564 AND
2 1 30345 30564 30565 AND
2 1 30338 90 30566 XOR
2 1 30565 30566 30567 AND
2 1 30339 30567 30568 AND
2 1 30332 91 30569 XOR
2 1 30568 30569 30570 AND
2 1 30333 30570 30571 AND
2 1 30326 92 30572 XOR
2 1 30571 30572 30573 AND
2 1 30327 30573 30574 AND
2 1 30320 93 30575 XOR
2 1 30574 30575 30576 AND
2 1 30321 30576 30577 AND
2 1 30314 94 30578 XOR
2 1 30577 30578 30579 AND
2 1 30315 30579 30580 AND
2 1 30308 95 30581 XOR
2 1 30580 30581 30582 AND
2 1 30309 30582 30583 AND
2 1 30302 96 30584 XOR
2 1 30583 30584 30585 AND
2 1 30303 30585 30586 AND
2 1 30296 97 30587 XOR
2 1 30586 30587 30588 AND
2 1 30297 30588 30589 AND
2 1 30290 98 30590 XOR
2 1 30589 30590 30591 AND
2 1 30291 30591 30592 AND
2 1 30284 99 30593 XOR
2 1 30592 30593 30594 AND
2 1 30285 30594 30595 AND
2 1 30278 100 30596 XOR
2 1 30595 30596 30597 AND
2 1 30279 30597 30598 AND
2 1 30272 101 30599 XOR
2 1 30598 30599 30600 AND
2 1 30273 30600 30601 AND
2 1 30266 102 30602 XOR
2 1 30601 30602 30603 AND
2 1 30267 30603 30604 AND
2 1 30260 103 30605 XOR
2 1 30604 30605 30606 AND
2 1 30261 30606 30607 AND
2 1 30254 104 30608 XOR
2 1 30607 30608 30609 AND
2 1 30255 30609 30610 AND
2 1 30248 105 30611 XOR
2 1 30610 30611 30612 AND
2 1 30249 30612 30613 AND
2 1 30242 106 30614 XOR
2 1 30613 30614 30615 AND
2 1 30243 30615 30616 AND
2 1 30236 107 30617 XOR
2 1 30616 30617 30618 AND
2 1 30237 30618 30619 AND
2 1 30230 108 30620 XOR
2 1 30619 30620 30621 AND
2 1 30231 30621 30622 AND
2 1 30224 109 30623 XOR
2 1 30622 30623 30624 AND
2 1 30225 30624 30625 AND
2 1 30218 110 30626 XOR
2 1 30625 30626 30627 AND
2 1 30219 30627 30628 AND
2 1 30212 111 30629 XOR
2 1 30628 30629 30630 AND
2 1 30213 30630 30631 AND
2 1 30206 112 30632 XOR
2 1 30631 30632 30633 AND
2 1 30207 30633 30634 AND
2 1 29778 30201 30635 AND
2 1 30198 30197 30636 XOR
2 1 30201 30636 30637 AND
2 1 30635 30637 30638 AND
2 1 113 30638 30639 AND
2 1 113 30635 30640 AND
2 1 30637 30640 30641 AND
2 1 12030 30641 30642 AND
2 1 30639 30642 30643 AND
2 1 30634 30643 30644 AND
2 1 277 30638 30645 AND
2 1 30644 30645 30646 AND
2 1 30632 30631 30647 XOR
2 1 30646 30647 30648 AND
2 1 30206 30645 30649 AND
2 1 30644 30649 30650 AND
2 1 30648 30650 30651 AND
2 1 113 30651 30652 AND
2 1 30629 30628 30653 XOR
2 1 30646 30653 30654 AND
2 1 30212 30645 30655 AND
2 1 30644 30655 30656 AND
2 1 30654 30656 30657 AND
2 1 112 30657 30658 AND
2 1 30626 30625 30659 XOR
2 1 30646 30659 30660 AND
2 1 30218 30645 30661 AND
2 1 30644 30661 30662 AND
2 1 30660 30662 30663 AND
2 1 111 30663 30664 AND
2 1 30623 30622 30665 XOR
2 1 30646 30665 30666 AND
2 1 30224 30645 30667 AND
2 1 30644 30667 30668 AND
2 1 30666 30668 30669 AND
2 1 110 30669 30670 AND
2 1 30620 30619 30671 XOR
2 1 30646 30671 30672 AND
2 1 30230 30645 30673 AND
2 1 30644 30673 30674 AND
2 1 30672 30674 30675 AND
2 1 109 30675 30676 AND
2 1 30617 30616 30677 XOR
2 1 30646 30677 30678 AND
2 1 30236 30645 30679 AND
2 1 30644 30679 30680 AND
2 1 30678 30680 30681 AND
2 1 108 30681 30682 AND
2 1 30614 30613 30683 XOR
2 1 30646 30683 30684 AND
2 1 30242 30645 30685 AND
2 1 30644 30685 30686 AND
2 1 30684 30686 30687 AND
2 1 107 30687 30688 AND
2 1 30611 30610 30689 XOR
2 1 30646 30689 30690 AND
2 1 30248 30645 30691 AND
2 1 30644 30691 30692 AND
2 1 30690 30692 30693 AND
2 1 106 30693 30694 AND
2 1 30608 30607 30695 XOR
2 1 30646 30695 30696 AND
2 1 30254 30645 30697 AND
2 1 30644 30697 30698 AND
2 1 30696 30698 30699 AND
2 1 105 30699 30700 AND
2 1 30605 30604 30701 XOR
2 1 30646 30701 30702 AND
2 1 30260 30645 30703 AND
2 1 30644 30703 30704 AND
2 1 30702 30704 30705 AND
2 1 104 30705 30706 AND
2 1 30602 30601 30707 XOR
2 1 30646 30707 30708 AND
2 1 30266 30645 30709 AND
2 1 30644 30709 30710 AND
2 1 30708 30710 30711 AND
2 1 103 30711 30712 AND
2 1 30599 30598 30713 XOR
2 1 30646 30713 30714 AND
2 1 30272 30645 30715 AND
2 1 30644 30715 30716 AND
2 1 30714 30716 30717 AND
2 1 102 30717 30718 AND
2 1 30596 30595 30719 XOR
2 1 30646 30719 30720 AND
2 1 30278 30645 30721 AND
2 1 30644 30721 30722 AND
2 1 30720 30722 30723 AND
2 1 101 30723 30724 AND
2 1 30593 30592 30725 XOR
2 1 30646 30725 30726 AND
2 1 30284 30645 30727 AND
2 1 30644 30727 30728 AND
2 1 30726 30728 30729 AND
2 1 100 30729 30730 AND
2 1 30590 30589 30731 XOR
2 1 30646 30731 30732 AND
2 1 30290 30645 30733 AND
2 1 30644 30733 30734 AND
2 1 30732 30734 30735 AND
2 1 99 30735 30736 AND
2 1 30587 30586 30737 XOR
2 1 30646 30737 30738 AND
2 1 30296 30645 30739 AND
2 1 30644 30739 30740 AND
2 1 30738 30740 30741 AND
2 1 98 30741 30742 AND
2 1 30584 30583 30743 XOR
2 1 30646 30743 30744 AND
2 1 30302 30645 30745 AND
2 1 30644 30745 30746 AND
2 1 30744 30746 30747 AND
2 1 97 30747 30748 AND
2 1 30581 30580 30749 XOR
2 1 30646 30749 30750 AND
2 1 30308 30645 30751 AND
2 1 30644 30751 30752 AND
2 1 30750 30752 30753 AND
2 1 96 30753 30754 AND
2 1 30578 30577 30755 XOR
2 1 30646 30755 30756 AND
2 1 30314 30645 30757 AND
2 1 30644 30757 30758 AND
2 1 30756 30758 30759 AND
2 1 95 30759 30760 AND
2 1 30575 30574 30761 XOR
2 1 30646 30761 30762 AND
2 1 30320 30645 30763 AND
2 1 30644 30763 30764 AND
2 1 30762 30764 30765 AND
2 1 94 30765 30766 AND
2 1 30572 30571 30767 XOR
2 1 30646 30767 30768 AND
2 1 30326 30645 30769 AND
2 1 30644 30769 30770 AND
2 1 30768 30770 30771 AND
2 1 93 30771 30772 AND
2 1 30569 30568 30773 XOR
2 1 30646 30773 30774 AND
2 1 30332 30645 30775 AND
2 1 30644 30775 30776 AND
2 1 30774 30776 30777 AND
2 1 92 30777 30778 AND
2 1 30566 30565 30779 XOR
2 1 30646 30779 30780 AND
2 1 30338 30645 30781 AND
2 1 30644 30781 30782 AND
2 1 30780 30782 30783 AND
2 1 91 30783 30784 AND
2 1 30563 30562 30785 XOR
2 1 30646 30785 30786 AND
2 1 30344 30645 30787 AND
2 1 30644 30787 30788 AND
2 1 30786 30788 30789 AND
2 1 90 30789 30790 AND
2 1 30560 30559 30791 XOR
2 1 30646 30791 30792 AND
2 1 30350 30645 30793 AND
2 1 30644 30793 30794 AND
2 1 30792 30794 30795 AND
2 1 89 30795 30796 AND
2 1 30557 30556 30797 XOR
2 1 30646 30797 30798 AND
2 1 30356 30645 30799 AND
2 1 30644 30799 30800 AND
2 1 30798 30800 30801 AND
2 1 88 30801 30802 AND
2 1 30554 30553 30803 XOR
2 1 30646 30803 30804 AND
2 1 30362 30645 30805 AND
2 1 30644 30805 30806 AND
2 1 30804 30806 30807 AND
2 1 87 30807 30808 AND
2 1 30551 30550 30809 XOR
2 1 30646 30809 30810 AND
2 1 30368 30645 30811 AND
2 1 30644 30811 30812 AND
2 1 30810 30812 30813 AND
2 1 86 30813 30814 AND
2 1 30548 30547 30815 XOR
2 1 30646 30815 30816 AND
2 1 30374 30645 30817 AND
2 1 30644 30817 30818 AND
2 1 30816 30818 30819 AND
2 1 85 30819 30820 AND
2 1 30545 30544 30821 XOR
2 1 30646 30821 30822 AND
2 1 30380 30645 30823 AND
2 1 30644 30823 30824 AND
2 1 30822 30824 30825 AND
2 1 84 30825 30826 AND
2 1 30542 30541 30827 XOR
2 1 30646 30827 30828 AND
2 1 30386 30645 30829 AND
2 1 30644 30829 30830 AND
2 1 30828 30830 30831 AND
2 1 83 30831 30832 AND
2 1 30539 30538 30833 XOR
2 1 30646 30833 30834 AND
2 1 30392 30645 30835 AND
2 1 30644 30835 30836 AND
2 1 30834 30836 30837 AND
2 1 82 30837 30838 AND
2 1 30536 30535 30839 XOR
2 1 30646 30839 30840 AND
2 1 30398 30645 30841 AND
2 1 30644 30841 30842 AND
2 1 30840 30842 30843 AND
2 1 81 30843 30844 AND
2 1 30533 30532 30845 XOR
2 1 30646 30845 30846 AND
2 1 30404 30645 30847 AND
2 1 30644 30847 30848 AND
2 1 30846 30848 30849 AND
2 1 80 30849 30850 AND
2 1 30530 30529 30851 XOR
2 1 30646 30851 30852 AND
2 1 30410 30645 30853 AND
2 1 30644 30853 30854 AND
2 1 30852 30854 30855 AND
2 1 79 30855 30856 AND
2 1 30527 30526 30857 XOR
2 1 30646 30857 30858 AND
2 1 30416 30645 30859 AND
2 1 30644 30859 30860 AND
2 1 30858 30860 30861 AND
2 1 78 30861 30862 AND
2 1 30524 30523 30863 XOR
2 1 30646 30863 30864 AND
2 1 30422 30645 30865 AND
2 1 30644 30865 30866 AND
2 1 30864 30866 30867 AND
2 1 77 30867 30868 AND
2 1 30521 30520 30869 XOR
2 1 30646 30869 30870 AND
2 1 30428 30645 30871 AND
2 1 30644 30871 30872 AND
2 1 30870 30872 30873 AND
2 1 76 30873 30874 AND
2 1 30518 30517 30875 XOR
2 1 30646 30875 30876 AND
2 1 30434 30645 30877 AND
2 1 30644 30877 30878 AND
2 1 30876 30878 30879 AND
2 1 75 30879 30880 AND
2 1 30515 30514 30881 XOR
2 1 30646 30881 30882 AND
2 1 30440 30645 30883 AND
2 1 30644 30883 30884 AND
2 1 30882 30884 30885 AND
2 1 74 30885 30886 AND
2 1 30512 30511 30887 XOR
2 1 30646 30887 30888 AND
2 1 30446 30645 30889 AND
2 1 30644 30889 30890 AND
2 1 30888 30890 30891 AND
2 1 73 30891 30892 AND
2 1 30509 30508 30893 XOR
2 1 30646 30893 30894 AND
2 1 30452 30645 30895 AND
2 1 30644 30895 30896 AND
2 1 30894 30896 30897 AND
2 1 72 30897 30898 AND
2 1 30506 30505 30899 XOR
2 1 30646 30899 30900 AND
2 1 30458 30645 30901 AND
2 1 30644 30901 30902 AND
2 1 30900 30902 30903 AND
2 1 71 30903 30904 AND
2 1 30503 30502 30905 XOR
2 1 30646 30905 30906 AND
2 1 30464 30645 30907 AND
2 1 30644 30907 30908 AND
2 1 30906 30908 30909 AND
2 1 70 30909 30910 AND
2 1 30500 30499 30911 XOR
2 1 30646 30911 30912 AND
2 1 30470 30645 30913 AND
2 1 30644 30913 30914 AND
2 1 30912 30914 30915 AND
2 1 69 30915 30916 AND
2 1 30497 30496 30917 XOR
2 1 30646 30917 30918 AND
2 1 30476 30645 30919 AND
2 1 30644 30919 30920 AND
2 1 30918 30920 30921 AND
2 1 68 30921 30922 AND
2 1 30488 65 30489 XOR
2 1 11874 30489 30490 AND
2 1 65 30488 30491 AND
2 1 30490 30491 30923 AND
2 1 30923 30494 30924 XOR
2 1 30646 30924 30925 AND
2 1 30483 30645 30926 AND
2 1 30644 30926 30927 AND
2 1 30925 30927 30928 AND
2 1 67 30928 30929 AND
2 1 30488 12319 30930 XOR
2 1 30646 30930 30931 AND
2 1 30488 30645 30932 AND
2 1 30644 30932 30933 AND
2 1 30931 30933 30934 AND
2 1 66 30934 30935 AND
2 1 64 30646 30936 AND
2 1 30936 12330 30940 XOR
2 1 12332 30940 30941 AND
2 1 30936 14 30939 XOR
2 1 65 30939 30942 AND
2 1 30941 30942 30943 AND
2 1 30934 66 30944 XOR
2 1 30943 30944 30945 AND
2 1 30935 30945 30946 AND
2 1 30928 67 30947 XOR
2 1 30946 30947 30948 AND
2 1 30929 30948 30949 AND
2 1 30921 68 30950 XOR
2 1 30949 30950 30951 AND
2 1 30922 30951 30952 AND
2 1 30915 69 30953 XOR
2 1 30952 30953 30954 AND
2 1 30916 30954 30955 AND
2 1 30909 70 30956 XOR
2 1 30955 30956 30957 AND
2 1 30910 30957 30958 AND
2 1 30903 71 30959 XOR
2 1 30958 30959 30960 AND
2 1 30904 30960 30961 AND
2 1 30897 72 30962 XOR
2 1 30961 30962 30963 AND
2 1 30898 30963 30964 AND
2 1 30891 73 30965 XOR
2 1 30964 30965 30966 AND
2 1 30892 30966 30967 AND
2 1 30885 74 30968 XOR
2 1 30967 30968 30969 AND
2 1 30886 30969 30970 AND
2 1 30879 75 30971 XOR
2 1 30970 30971 30972 AND
2 1 30880 30972 30973 AND
2 1 30873 76 30974 XOR
2 1 30973 30974 30975 AND
2 1 30874 30975 30976 AND
2 1 30867 77 30977 XOR
2 1 30976 30977 30978 AND
2 1 30868 30978 30979 AND
2 1 30861 78 30980 XOR
2 1 30979 30980 30981 AND
2 1 30862 30981 30982 AND
2 1 30855 79 30983 XOR
2 1 30982 30983 30984 AND
2 1 30856 30984 30985 AND
2 1 30849 80 30986 XOR
2 1 30985 30986 30987 AND
2 1 30850 30987 30988 AND
2 1 30843 81 30989 XOR
2 1 30988 30989 30990 AND
2 1 30844 30990 30991 AND
2 1 30837 82 30992 XOR
2 1 30991 30992 30993 AND
2 1 30838 30993 30994 AND
2 1 30831 83 30995 XOR
2 1 30994 30995 30996 AND
2 1 30832 30996 30997 AND
2 1 30825 84 30998 XOR
2 1 30997 30998 30999 AND
2 1 30826 30999 31000 AND
2 1 30819 85 31001 XOR
2 1 31000 31001 31002 AND
2 1 30820 31002 31003 AND
2 1 30813 86 31004 XOR
2 1 31003 31004 31005 AND
2 1 30814 31005 31006 AND
2 1 30807 87 31007 XOR
2 1 31006 31007 31008 AND
2 1 30808 31008 31009 AND
2 1 30801 88 31010 XOR
2 1 31009 31010 31011 AND
2 1 30802 31011 31012 AND
2 1 30795 89 31013 XOR
2 1 31012 31013 31014 AND
2 1 30796 31014 31015 AND
2 1 30789 90 31016 XOR
2 1 31015 31016 31017 AND
2 1 30790 31017 31018 AND
2 1 30783 91 31019 XOR
2 1 31018 31019 31020 AND
2 1 30784 31020 31021 AND
2 1 30777 92 31022 XOR
2 1 31021 31022 31023 AND
2 1 30778 31023 31024 AND
2 1 30771 93 31025 XOR
2 1 31024 31025 31026 AND
2 1 30772 31026 31027 AND
2 1 30765 94 31028 XOR
2 1 31027 31028 31029 AND
2 1 30766 31029 31030 AND
2 1 30759 95 31031 XOR
2 1 31030 31031 31032 AND
2 1 30760 31032 31033 AND
2 1 30753 96 31034 XOR
2 1 31033 31034 31035 AND
2 1 30754 31035 31036 AND
2 1 30747 97 31037 XOR
2 1 31036 31037 31038 AND
2 1 30748 31038 31039 AND
2 1 30741 98 31040 XOR
2 1 31039 31040 31041 AND
2 1 30742 31041 31042 AND
2 1 30735 99 31043 XOR
2 1 31042 31043 31044 AND
2 1 30736 31044 31045 AND
2 1 30729 100 31046 XOR
2 1 31045 31046 31047 AND
2 1 30730 31047 31048 AND
2 1 30723 101 31049 XOR
2 1 31048 31049 31050 AND
2 1 30724 31050 31051 AND
2 1 30717 102 31052 XOR
2 1 31051 31052 31053 AND
2 1 30718 31053 31054 AND
2 1 30711 103 31055 XOR
2 1 31054 31055 31056 AND
2 1 30712 31056 31057 AND
2 1 30705 104 31058 XOR
2 1 31057 31058 31059 AND
2 1 30706 31059 31060 AND
2 1 30699 105 31061 XOR
2 1 31060 31061 31062 AND
2 1 30700 31062 31063 AND
2 1 30693 106 31064 XOR
2 1 31063 31064 31065 AND
2 1 30694 31065 31066 AND
2 1 30687 107 31067 XOR
2 1 31066 31067 31068 AND
2 1 30688 31068 31069 AND
2 1 30681 108 31070 XOR
2 1 31069 31070 31071 AND
2 1 30682 31071 31072 AND
2 1 30675 109 31073 XOR
2 1 31072 31073 31074 AND
2 1 30676 31074 31075 AND
2 1 30669 110 31076 XOR
2 1 31075 31076 31077 AND
2 1 30670 31077 31078 AND
2 1 30663 111 31079 XOR
2 1 31078 31079 31080 AND
2 1 30664 31080 31081 AND
2 1 30657 112 31082 XOR
2 1 31081 31082 31083 AND
2 1 30658 31083 31084 AND
2 1 30651 113 31085 XOR
2 1 31084 31085 31086 AND
2 1 30652 31086 31087 AND
2 1 30639 30641 31088 AND
2 1 31088 30634 31089 XOR
2 1 30646 31089 31090 AND
2 1 277 29778 31091 AND
2 1 30644 31091 31092 AND
2 1 31090 31092 31093 AND
2 1 114 31093 31094 AND
2 1 114 31092 31095 AND
2 1 31090 31095 31096 AND
2 1 12490 31096 31097 AND
2 1 31094 31097 31098 AND
2 1 31087 31098 31099 AND
2 1 12030 31093 31100 AND
2 1 31099 31100 31101 AND
2 1 31085 31084 31102 XOR
2 1 31101 31102 31103 AND
2 1 30651 31100 31104 AND
2 1 31099 31104 31105 AND
2 1 31103 31105 31106 AND
2 1 31094 31096 31107 AND
2 1 31107 31087 31108 XOR
2 1 31101 31108 31109 AND
2 1 12030 31093 31110 AND
2 1 31099 31110 31111 AND
2 1 31109 31111 31112 AND
2 1 115 31112 31113 AND
2 1 114 31106 31114 AND
2 1 31082 31081 31115 XOR
2 1 31101 31115 31116 AND
2 1 30657 31100 31117 AND
2 1 31099 31117 31118 AND
2 1 31116 31118 31119 AND
2 1 113 31119 31120 AND
2 1 31079 31078 31121 XOR
2 1 31101 31121 31122 AND
2 1 30663 31100 31123 AND
2 1 31099 31123 31124 AND
2 1 31122 31124 31125 AND
2 1 112 31125 31126 AND
2 1 31076 31075 31127 XOR
2 1 31101 31127 31128 AND
2 1 30669 31100 31129 AND
2 1 31099 31129 31130 AND
2 1 31128 31130 31131 AND
2 1 111 31131 31132 AND
2 1 31073 31072 31133 XOR
2 1 31101 31133 31134 AND
2 1 30675 31100 31135 AND
2 1 31099 31135 31136 AND
2 1 31134 31136 31137 AND
2 1 110 31137 31138 AND
2 1 31070 31069 31139 XOR
2 1 31101 31139 31140 AND
2 1 30681 31100 31141 AND
2 1 31099 31141 31142 AND
2 1 31140 31142 31143 AND
2 1 109 31143 31144 AND
2 1 31067 31066 31145 XOR
2 1 31101 31145 31146 AND
2 1 30687 31100 31147 AND
2 1 31099 31147 31148 AND
2 1 31146 31148 31149 AND
2 1 108 31149 31150 AND
2 1 31064 31063 31151 XOR
2 1 31101 31151 31152 AND
2 1 30693 31100 31153 AND
2 1 31099 31153 31154 AND
2 1 31152 31154 31155 AND
2 1 107 31155 31156 AND
2 1 31061 31060 31157 XOR
2 1 31101 31157 31158 AND
2 1 30699 31100 31159 AND
2 1 31099 31159 31160 AND
2 1 31158 31160 31161 AND
2 1 106 31161 31162 AND
2 1 31058 31057 31163 XOR
2 1 31101 31163 31164 AND
2 1 30705 31100 31165 AND
2 1 31099 31165 31166 AND
2 1 31164 31166 31167 AND
2 1 105 31167 31168 AND
2 1 31055 31054 31169 XOR
2 1 31101 31169 31170 AND
2 1 30711 31100 31171 AND
2 1 31099 31171 31172 AND
2 1 31170 31172 31173 AND
2 1 104 31173 31174 AND
2 1 31052 31051 31175 XOR
2 1 31101 31175 31176 AND
2 1 30717 31100 31177 AND
2 1 31099 31177 31178 AND
2 1 31176 31178 31179 AND
2 1 103 31179 31180 AND
2 1 31049 31048 31181 XOR
2 1 31101 31181 31182 AND
2 1 30723 31100 31183 AND
2 1 31099 31183 31184 AND
2 1 31182 31184 31185 AND
2 1 102 31185 31186 AND
2 1 31046 31045 31187 XOR
2 1 31101 31187 31188 AND
2 1 30729 31100 31189 AND
2 1 31099 31189 31190 AND
2 1 31188 31190 31191 AND
2 1 101 31191 31192 AND
2 1 31043 31042 31193 XOR
2 1 31101 31193 31194 AND
2 1 30735 31100 31195 AND
2 1 31099 31195 31196 AND
2 1 31194 31196 31197 AND
2 1 100 31197 31198 AND
2 1 31040 31039 31199 XOR
2 1 31101 31199 31200 AND
2 1 30741 31100 31201 AND
2 1 31099 31201 31202 AND
2 1 31200 31202 31203 AND
2 1 99 31203 31204 AND
2 1 31037 31036 31205 XOR
2 1 31101 31205 31206 AND
2 1 30747 31100 31207 AND
2 1 31099 31207 31208 AND
2 1 31206 31208 31209 AND
2 1 98 31209 31210 AND
2 1 31034 31033 31211 XOR
2 1 31101 31211 31212 AND
2 1 30753 31100 31213 AND
2 1 31099 31213 31214 AND
2 1 31212 31214 31215 AND
2 1 97 31215 31216 AND
2 1 31031 31030 31217 XOR
2 1 31101 31217 31218 AND
2 1 30759 31100 31219 AND
2 1 31099 31219 31220 AND
2 1 31218 31220 31221 AND
2 1 96 31221 31222 AND
2 1 31028 31027 31223 XOR
2 1 31101 31223 31224 AND
2 1 30765 31100 31225 AND
2 1 31099 31225 31226 AND
2 1 31224 31226 31227 AND
2 1 95 31227 31228 AND
2 1 31025 31024 31229 XOR
2 1 31101 31229 31230 AND
2 1 30771 31100 31231 AND
2 1 31099 31231 31232 AND
2 1 31230 31232 31233 AND
2 1 94 31233 31234 AND
2 1 31022 31021 31235 XOR
2 1 31101 31235 31236 AND
2 1 30777 31100 31237 AND
2 1 31099 31237 31238 AND
2 1 31236 31238 31239 AND
2 1 93 31239 31240 AND
2 1 31019 31018 31241 XOR
2 1 31101 31241 31242 AND
2 1 30783 31100 31243 AND
2 1 31099 31243 31244 AND
2 1 31242 31244 31245 AND
2 1 92 31245 31246 AND
2 1 31016 31015 31247 XOR
2 1 31101 31247 31248 AND
2 1 30789 31100 31249 AND
2 1 31099 31249 31250 AND
2 1 31248 31250 31251 AND
2 1 91 31251 31252 AND
2 1 31013 31012 31253 XOR
2 1 31101 31253 31254 AND
2 1 30795 31100 31255 AND
2 1 31099 31255 31256 AND
2 1 31254 31256 31257 AND
2 1 90 31257 31258 AND
2 1 31010 31009 31259 XOR
2 1 31101 31259 31260 AND
2 1 30801 31100 31261 AND
2 1 31099 31261 31262 AND
2 1 31260 31262 31263 AND
2 1 89 31263 31264 AND
2 1 31007 31006 31265 XOR
2 1 31101 31265 31266 AND
2 1 30807 31100 31267 AND
2 1 31099 31267 31268 AND
2 1 31266 31268 31269 AND
2 1 88 31269 31270 AND
2 1 31004 31003 31271 XOR
2 1 31101 31271 31272 AND
2 1 30813 31100 31273 AND
2 1 31099 31273 31274 AND
2 1 31272 31274 31275 AND
2 1 87 31275 31276 AND
2 1 31001 31000 31277 XOR
2 1 31101 31277 31278 AND
2 1 30819 31100 31279 AND
2 1 31099 31279 31280 AND
2 1 31278 31280 31281 AND
2 1 86 31281 31282 AND
2 1 30998 30997 31283 XOR
2 1 31101 31283 31284 AND
2 1 30825 31100 31285 AND
2 1 31099 31285 31286 AND
2 1 31284 31286 31287 AND
2 1 85 31287 31288 AND
2 1 30995 30994 31289 XOR
2 1 31101 31289 31290 AND
2 1 30831 31100 31291 AND
2 1 31099 31291 31292 AND
2 1 31290 31292 31293 AND
2 1 84 31293 31294 AND
2 1 30992 30991 31295 XOR
2 1 31101 31295 31296 AND
2 1 30837 31100 31297 AND
2 1 31099 31297 31298 AND
2 1 31296 31298 31299 AND
2 1 83 31299 31300 AND
2 1 30989 30988 31301 XOR
2 1 31101 31301 31302 AND
2 1 30843 31100 31303 AND
2 1 31099 31303 31304 AND
2 1 31302 31304 31305 AND
2 1 82 31305 31306 AND
2 1 30986 30985 31307 XOR
2 1 31101 31307 31308 AND
2 1 30849 31100 31309 AND
2 1 31099 31309 31310 AND
2 1 31308 31310 31311 AND
2 1 81 31311 31312 AND
2 1 30983 30982 31313 XOR
2 1 31101 31313 31314 AND
2 1 30855 31100 31315 AND
2 1 31099 31315 31316 AND
2 1 31314 31316 31317 AND
2 1 80 31317 31318 AND
2 1 30980 30979 31319 XOR
2 1 31101 31319 31320 AND
2 1 30861 31100 31321 AND
2 1 31099 31321 31322 AND
2 1 31320 31322 31323 AND
2 1 79 31323 31324 AND
2 1 30977 30976 31325 XOR
2 1 31101 31325 31326 AND
2 1 30867 31100 31327 AND
2 1 31099 31327 31328 AND
2 1 31326 31328 31329 AND
2 1 78 31329 31330 AND
2 1 30974 30973 31331 XOR
2 1 31101 31331 31332 AND
2 1 30873 31100 31333 AND
2 1 31099 31333 31334 AND
2 1 31332 31334 31335 AND
2 1 77 31335 31336 AND
2 1 30971 30970 31337 XOR
2 1 31101 31337 31338 AND
2 1 30879 31100 31339 AND
2 1 31099 31339 31340 AND
2 1 31338 31340 31341 AND
2 1 76 31341 31342 AND
2 1 30968 30967 31343 XOR
2 1 31101 31343 31344 AND
2 1 30885 31100 31345 AND
2 1 31099 31345 31346 AND
2 1 31344 31346 31347 AND
2 1 75 31347 31348 AND
2 1 30965 30964 31349 XOR
2 1 31101 31349 31350 AND
2 1 30891 31100 31351 AND
2 1 31099 31351 31352 AND
2 1 31350 31352 31353 AND
2 1 74 31353 31354 AND
2 1 30962 30961 31355 XOR
2 1 31101 31355 31356 AND
2 1 30897 31100 31357 AND
2 1 31099 31357 31358 AND
2 1 31356 31358 31359 AND
2 1 73 31359 31360 AND
2 1 30959 30958 31361 XOR
2 1 31101 31361 31362 AND
2 1 30903 31100 31363 AND
2 1 31099 31363 31364 AND
2 1 31362 31364 31365 AND
2 1 72 31365 31366 AND
2 1 30956 30955 31367 XOR
2 1 31101 31367 31368 AND
2 1 30909 31100 31369 AND
2 1 31099 31369 31370 AND
2 1 31368 31370 31371 AND
2 1 71 31371 31372 AND
2 1 30953 30952 31373 XOR
2 1 31101 31373 31374 AND
2 1 30915 31100 31375 AND
2 1 31099 31375 31376 AND
2 1 31374 31376 31377 AND
2 1 70 31377 31378 AND
2 1 30950 30949 31379 XOR
2 1 31101 31379 31380 AND
2 1 30921 31100 31381 AND
2 1 31099 31381 31382 AND
2 1 31380 31382 31383 AND
2 1 69 31383 31384 AND
2 1 30947 30946 31385 XOR
2 1 31101 31385 31386 AND
2 1 30928 31100 31387 AND
2 1 31099 31387 31388 AND
2 1 31386 31388 31389 AND
2 1 68 31389 31390 AND
2 1 30944 30943 31391 XOR
2 1 31101 31391 31392 AND
2 1 30934 31100 31393 AND
2 1 31099 31393 31394 AND
2 1 31392 31394 31395 AND
2 1 67 31395 31396 AND
2 1 14 30936 30937 AND
2 1 11874 30646 30938 AND
2 1 30937 30938 31397 AND
2 1 31397 12792 31398 XOR
2 1 31101 31398 31399 AND
2 1 30939 31100 31400 AND
2 1 31099 31400 31401 AND
2 1 31399 31401 31402 AND
2 1 66 31402 31403 AND
2 1 64 31101 31404 AND
2 1 31404 12803 31408 XOR
2 1 12805 31408 31409 AND
2 1 31404 13 31405 XOR
2 1 65 31405 31410 AND
2 1 31409 31410 31411 AND
2 1 31402 66 31412 XOR
2 1 31411 31412 31413 AND
2 1 31403 31413 31414 AND
2 1 31395 67 31415 XOR
2 1 31414 31415 31416 AND
2 1 31396 31416 31417 AND
2 1 31389 68 31418 XOR
2 1 31417 31418 31419 AND
2 1 31390 31419 31420 AND
2 1 31383 69 31421 XOR
2 1 31420 31421 31422 AND
2 1 31384 31422 31423 AND
2 1 31377 70 31424 XOR
2 1 31423 31424 31425 AND
2 1 31378 31425 31426 AND
2 1 31371 71 31427 XOR
2 1 31426 31427 31428 AND
2 1 31372 31428 31429 AND
2 1 31365 72 31430 XOR
2 1 31429 31430 31431 AND
2 1 31366 31431 31432 AND
2 1 31359 73 31433 XOR
2 1 31432 31433 31434 AND
2 1 31360 31434 31435 AND
2 1 31353 74 31436 XOR
2 1 31435 31436 31437 AND
2 1 31354 31437 31438 AND
2 1 31347 75 31439 XOR
2 1 31438 31439 31440 AND
2 1 31348 31440 31441 AND
2 1 31341 76 31442 XOR
2 1 31441 31442 31443 AND
2 1 31342 31443 31444 AND
2 1 31335 77 31445 XOR
2 1 31444 31445 31446 AND
2 1 31336 31446 31447 AND
2 1 31329 78 31448 XOR
2 1 31447 31448 31449 AND
2 1 31330 31449 31450 AND
2 1 31323 79 31451 XOR
2 1 31450 31451 31452 AND
2 1 31324 31452 31453 AND
2 1 31317 80 31454 XOR
2 1 31453 31454 31455 AND
2 1 31318 31455 31456 AND
2 1 31311 81 31457 XOR
2 1 31456 31457 31458 AND
2 1 31312 31458 31459 AND
2 1 31305 82 31460 XOR
2 1 31459 31460 31461 AND
2 1 31306 31461 31462 AND
2 1 31299 83 31463 XOR
2 1 31462 31463 31464 AND
2 1 31300 31464 31465 AND
2 1 31293 84 31466 XOR
2 1 31465 31466 31467 AND
2 1 31294 31467 31468 AND
2 1 31287 85 31469 XOR
2 1 31468 31469 31470 AND
2 1 31288 31470 31471 AND
2 1 31281 86 31472 XOR
2 1 31471 31472 31473 AND
2 1 31282 31473 31474 AND
2 1 31275 87 31475 XOR
2 1 31474 31475 31476 AND
2 1 31276 31476 31477 AND
2 1 31269 88 31478 XOR
2 1 31477 31478 31479 AND
2 1 31270 31479 31480 AND
2 1 31263 89 31481 XOR
2 1 31480 31481 31482 AND
2 1 31264 31482 31483 AND
2 1 31257 90 31484 XOR
2 1 31483 31484 31485 AND
2 1 31258 31485 31486 AND
2 1 31251 91 31487 XOR
2 1 31486 31487 31488 AND
2 1 31252 31488 31489 AND
2 1 31245 92 31490 XOR
2 1 31489 31490 31491 AND
2 1 31246 31491 31492 AND
2 1 31239 93 31493 XOR
2 1 31492 31493 31494 AND
2 1 31240 31494 31495 AND
2 1 31233 94 31496 XOR
2 1 31495 31496 31497 AND
2 1 31234 31497 31498 AND
2 1 31227 95 31499 XOR
2 1 31498 31499 31500 AND
2 1 31228 31500 31501 AND
2 1 31221 96 31502 XOR
2 1 31501 31502 31503 AND
2 1 31222 31503 31504 AND
2 1 31215 97 31505 XOR
2 1 31504 31505 31506 AND
2 1 31216 31506 31507 AND
2 1 31209 98 31508 XOR
2 1 31507 31508 31509 AND
2 1 31210 31509 31510 AND
2 1 31203 99 31511 XOR
2 1 31510 31511 31512 AND
2 1 31204 31512 31513 AND
2 1 31197 100 31514 XOR
2 1 31513 31514 31515 AND
2 1 31198 31515 31516 AND
2 1 31191 101 31517 XOR
2 1 31516 31517 31518 AND
2 1 31192 31518 31519 AND
2 1 31185 102 31520 XOR
2 1 31519 31520 31521 AND
2 1 31186 31521 31522 AND
2 1 31179 103 31523 XOR
2 1 31522 31523 31524 AND
2 1 31180 31524 31525 AND
2 1 31173 104 31526 XOR
2 1 31525 31526 31527 AND
2 1 31174 31527 31528 AND
2 1 31167 105 31529 XOR
2 1 31528 31529 31530 AND
2 1 31168 31530 31531 AND
2 1 31161 106 31532 XOR
2 1 31531 31532 31533 AND
2 1 31162 31533 31534 AND
2 1 31155 107 31535 XOR
2 1 31534 31535 31536 AND
2 1 31156 31536 31537 AND
2 1 31149 108 31538 XOR
2 1 31537 31538 31539 AND
2 1 31150 31539 31540 AND
2 1 31143 109 31541 XOR
2 1 31540 31541 31542 AND
2 1 31144 31542 31543 AND
2 1 31137 110 31544 XOR
2 1 31543 31544 31545 AND
2 1 31138 31545 31546 AND
2 1 31131 111 31547 XOR
2 1 31546 31547 31548 AND
2 1 31132 31548 31549 AND
2 1 31125 112 31550 XOR
2 1 31549 31550 31551 AND
2 1 31126 31551 31552 AND
2 1 31119 113 31553 XOR
2 1 31552 31553 31554 AND
2 1 31120 31554 31555 AND
2 1 31106 114 31556 XOR
2 1 31555 31556 31557 AND
2 1 31114 31557 31558 AND
2 1 31112 115 31559 XOR
2 1 31558 31559 31560 AND
2 1 31113 31560 31561 AND
2 1 160 31561 31562 AND
2 1 31106 31562 31563 AND
2 1 31556 31555 31564 XOR
2 1 160 31564 31565 AND
2 1 31561 31565 31566 AND
2 1 31563 31566 31567 AND
2 1 115 31567 31568 AND
2 1 31119 31562 31569 AND
2 1 31553 31552 31570 XOR
2 1 160 31570 31571 AND
2 1 31561 31571 31572 AND
2 1 31569 31572 31573 AND
2 1 114 31573 31574 AND
2 1 31125 31562 31575 AND
2 1 31550 31549 31576 XOR
2 1 160 31576 31577 AND
2 1 31561 31577 31578 AND
2 1 31575 31578 31579 AND
2 1 113 31579 31580 AND
2 1 31131 31562 31581 AND
2 1 31547 31546 31582 XOR
2 1 160 31582 31583 AND
2 1 31561 31583 31584 AND
2 1 31581 31584 31585 AND
2 1 112 31585 31586 AND
2 1 31137 31562 31587 AND
2 1 31544 31543 31588 XOR
2 1 160 31588 31589 AND
2 1 31561 31589 31590 AND
2 1 31587 31590 31591 AND
2 1 111 31591 31592 AND
2 1 31143 31562 31593 AND
2 1 31541 31540 31594 XOR
2 1 160 31594 31595 AND
2 1 31561 31595 31596 AND
2 1 31593 31596 31597 AND
2 1 110 31597 31598 AND
2 1 31149 31562 31599 AND
2 1 31538 31537 31600 XOR
2 1 160 31600 31601 AND
2 1 31561 31601 31602 AND
2 1 31599 31602 31603 AND
2 1 109 31603 31604 AND
2 1 31155 31562 31605 AND
2 1 31535 31534 31606 XOR
2 1 160 31606 31607 AND
2 1 31561 31607 31608 AND
2 1 31605 31608 31609 AND
2 1 108 31609 31610 AND
2 1 31161 31562 31611 AND
2 1 31532 31531 31612 XOR
2 1 160 31612 31613 AND
2 1 31561 31613 31614 AND
2 1 31611 31614 31615 AND
2 1 107 31615 31616 AND
2 1 31167 31562 31617 AND
2 1 31529 31528 31618 XOR
2 1 160 31618 31619 AND
2 1 31561 31619 31620 AND
2 1 31617 31620 31621 AND
2 1 106 31621 31622 AND
2 1 31173 31562 31623 AND
2 1 31526 31525 31624 XOR
2 1 160 31624 31625 AND
2 1 31561 31625 31626 AND
2 1 31623 31626 31627 AND
2 1 105 31627 31628 AND
2 1 31179 31562 31629 AND
2 1 31523 31522 31630 XOR
2 1 160 31630 31631 AND
2 1 31561 31631 31632 AND
2 1 31629 31632 31633 AND
2 1 104 31633 31634 AND
2 1 31185 31562 31635 AND
2 1 31520 31519 31636 XOR
2 1 160 31636 31637 AND
2 1 31561 31637 31638 AND
2 1 31635 31638 31639 AND
2 1 103 31639 31640 AND
2 1 31191 31562 31641 AND
2 1 31517 31516 31642 XOR
2 1 160 31642 31643 AND
2 1 31561 31643 31644 AND
2 1 31641 31644 31645 AND
2 1 102 31645 31646 AND
2 1 31197 31562 31647 AND
2 1 31514 31513 31648 XOR
2 1 160 31648 31649 AND
2 1 31561 31649 31650 AND
2 1 31647 31650 31651 AND
2 1 101 31651 31652 AND
2 1 31203 31562 31653 AND
2 1 31511 31510 31654 XOR
2 1 160 31654 31655 AND
2 1 31561 31655 31656 AND
2 1 31653 31656 31657 AND
2 1 100 31657 31658 AND
2 1 31209 31562 31659 AND
2 1 31508 31507 31660 XOR
2 1 160 31660 31661 AND
2 1 31561 31661 31662 AND
2 1 31659 31662 31663 AND
2 1 99 31663 31664 AND
2 1 31215 31562 31665 AND
2 1 31505 31504 31666 XOR
2 1 160 31666 31667 AND
2 1 31561 31667 31668 AND
2 1 31665 31668 31669 AND
2 1 98 31669 31670 AND
2 1 31221 31562 31671 AND
2 1 31502 31501 31672 XOR
2 1 160 31672 31673 AND
2 1 31561 31673 31674 AND
2 1 31671 31674 31675 AND
2 1 97 31675 31676 AND
2 1 31227 31562 31677 AND
2 1 31499 31498 31678 XOR
2 1 160 31678 31679 AND
2 1 31561 31679 31680 AND
2 1 31677 31680 31681 AND
2 1 96 31681 31682 AND
2 1 31233 31562 31683 AND
2 1 31496 31495 31684 XOR
2 1 160 31684 31685 AND
2 1 31561 31685 31686 AND
2 1 31683 31686 31687 AND
2 1 95 31687 31688 AND
2 1 31239 31562 31689 AND
2 1 31493 31492 31690 XOR
2 1 160 31690 31691 AND
2 1 31561 31691 31692 AND
2 1 31689 31692 31693 AND
2 1 94 31693 31694 AND
2 1 31245 31562 31695 AND
2 1 31490 31489 31696 XOR
2 1 160 31696 31697 AND
2 1 31561 31697 31698 AND
2 1 31695 31698 31699 AND
2 1 93 31699 31700 AND
2 1 31251 31562 31701 AND
2 1 31487 31486 31702 XOR
2 1 160 31702 31703 AND
2 1 31561 31703 31704 AND
2 1 31701 31704 31705 AND
2 1 92 31705 31706 AND
2 1 31257 31562 31707 AND
2 1 31484 31483 31708 XOR
2 1 160 31708 31709 AND
2 1 31561 31709 31710 AND
2 1 31707 31710 31711 AND
2 1 91 31711 31712 AND
2 1 31263 31562 31713 AND
2 1 31481 31480 31714 XOR
2 1 160 31714 31715 AND
2 1 31561 31715 31716 AND
2 1 31713 31716 31717 AND
2 1 90 31717 31718 AND
2 1 31269 31562 31719 AND
2 1 31478 31477 31720 XOR
2 1 160 31720 31721 AND
2 1 31561 31721 31722 AND
2 1 31719 31722 31723 AND
2 1 89 31723 31724 AND
2 1 31275 31562 31725 AND
2 1 31475 31474 31726 XOR
2 1 160 31726 31727 AND
2 1 31561 31727 31728 AND
2 1 31725 31728 31729 AND
2 1 88 31729 31730 AND
2 1 31281 31562 31731 AND
2 1 31472 31471 31732 XOR
2 1 160 31732 31733 AND
2 1 31561 31733 31734 AND
2 1 31731 31734 31735 AND
2 1 87 31735 31736 AND
2 1 31287 31562 31737 AND
2 1 31469 31468 31738 XOR
2 1 160 31738 31739 AND
2 1 31561 31739 31740 AND
2 1 31737 31740 31741 AND
2 1 86 31741 31742 AND
2 1 31293 31562 31743 AND
2 1 31466 31465 31744 XOR
2 1 160 31744 31745 AND
2 1 31561 31745 31746 AND
2 1 31743 31746 31747 AND
2 1 85 31747 31748 AND
2 1 31299 31562 31749 AND
2 1 31463 31462 31750 XOR
2 1 160 31750 31751 AND
2 1 31561 31751 31752 AND
2 1 31749 31752 31753 AND
2 1 84 31753 31754 AND
2 1 31305 31562 31755 AND
2 1 31460 31459 31756 XOR
2 1 160 31756 31757 AND
2 1 31561 31757 31758 AND
2 1 31755 31758 31759 AND
2 1 83 31759 31760 AND
2 1 31311 31562 31761 AND
2 1 31457 31456 31762 XOR
2 1 160 31762 31763 AND
2 1 31561 31763 31764 AND
2 1 31761 31764 31765 AND
2 1 82 31765 31766 AND
2 1 31317 31562 31767 AND
2 1 31454 31453 31768 XOR
2 1 160 31768 31769 AND
2 1 31561 31769 31770 AND
2 1 31767 31770 31771 AND
2 1 81 31771 31772 AND
2 1 31323 31562 31773 AND
2 1 31451 31450 31774 XOR
2 1 160 31774 31775 AND
2 1 31561 31775 31776 AND
2 1 31773 31776 31777 AND
2 1 80 31777 31778 AND
2 1 31329 31562 31779 AND
2 1 31448 31447 31780 XOR
2 1 160 31780 31781 AND
2 1 31561 31781 31782 AND
2 1 31779 31782 31783 AND
2 1 79 31783 31784 AND
2 1 31335 31562 31785 AND
2 1 31445 31444 31786 XOR
2 1 160 31786 31787 AND
2 1 31561 31787 31788 AND
2 1 31785 31788 31789 AND
2 1 78 31789 31790 AND
2 1 31341 31562 31791 AND
2 1 31442 31441 31792 XOR
2 1 160 31792 31793 AND
2 1 31561 31793 31794 AND
2 1 31791 31794 31795 AND
2 1 77 31795 31796 AND
2 1 31347 31562 31797 AND
2 1 31439 31438 31798 XOR
2 1 160 31798 31799 AND
2 1 31561 31799 31800 AND
2 1 31797 31800 31801 AND
2 1 76 31801 31802 AND
2 1 31353 31562 31803 AND
2 1 31436 31435 31804 XOR
2 1 160 31804 31805 AND
2 1 31561 31805 31806 AND
2 1 31803 31806 31807 AND
2 1 75 31807 31808 AND
2 1 31359 31562 31809 AND
2 1 31433 31432 31810 XOR
2 1 160 31810 31811 AND
2 1 31561 31811 31812 AND
2 1 31809 31812 31813 AND
2 1 74 31813 31814 AND
2 1 31365 31562 31815 AND
2 1 31430 31429 31816 XOR
2 1 160 31816 31817 AND
2 1 31561 31817 31818 AND
2 1 31815 31818 31819 AND
2 1 73 31819 31820 AND
2 1 31371 31562 31821 AND
2 1 31427 31426 31822 XOR
2 1 160 31822 31823 AND
2 1 31561 31823 31824 AND
2 1 31821 31824 31825 AND
2 1 72 31825 31826 AND
2 1 31377 31562 31827 AND
2 1 31424 31423 31828 XOR
2 1 160 31828 31829 AND
2 1 31561 31829 31830 AND
2 1 31827 31830 31831 AND
2 1 71 31831 31832 AND
2 1 31383 31562 31833 AND
2 1 31421 31420 31834 XOR
2 1 160 31834 31835 AND
2 1 31561 31835 31836 AND
2 1 31833 31836 31837 AND
2 1 70 31837 31838 AND
2 1 31389 31562 31839 AND
2 1 31418 31417 31840 XOR
2 1 160 31840 31841 AND
2 1 31561 31841 31842 AND
2 1 31839 31842 31843 AND
2 1 69 31843 31844 AND
2 1 31395 31562 31845 AND
2 1 31415 31414 31846 XOR
2 1 160 31846 31847 AND
2 1 31561 31847 31848 AND
2 1 31845 31848 31849 AND
2 1 68 31849 31850 AND
2 1 31402 31562 31851 AND
2 1 31412 31411 31852 XOR
2 1 160 31852 31853 AND
2 1 31561 31853 31854 AND
2 1 31851 31854 31855 AND
2 1 67 31855 31856 AND
2 1 31405 31562 31857 AND
2 1 65 31405 31406 AND
2 1 65 31405 31407 AND
2 1 31406 31407 31858 AND
2 1 31858 12805 31859 XOR
2 1 160 31859 31860 AND
2 1 31561 31860 31861 AND
2 1 31857 31861 31862 AND
2 1 66 31862 31863 AND
2 1 13263 31561 31864 AND
2 1 12 31864 31865 AND
2 1 13267 31561 31866 AND
2 1 31865 31866 31867 AND
2 1 13275 31867 31871 AND
2 1 13274 31871 31872 AND
2 1 31862 66 31873 XOR
2 1 31872 31873 31874 AND
2 1 31863 31874 31875 AND
2 1 31855 67 31876 XOR
2 1 31875 31876 31877 AND
2 1 31856 31877 31878 AND
2 1 31849 68 31879 XOR
2 1 31878 31879 31880 AND
2 1 31850 31880 31881 AND
2 1 31843 69 31882 XOR
2 1 31881 31882 31883 AND
2 1 31844 31883 31884 AND
2 1 31837 70 31885 XOR
2 1 31884 31885 31886 AND
2 1 31838 31886 31887 AND
2 1 31831 71 31888 XOR
2 1 31887 31888 31889 AND
2 1 31832 31889 31890 AND
2 1 31825 72 31891 XOR
2 1 31890 31891 31892 AND
2 1 31826 31892 31893 AND
2 1 31819 73 31894 XOR
2 1 31893 31894 31895 AND
2 1 31820 31895 31896 AND
2 1 31813 74 31897 XOR
2 1 31896 31897 31898 AND
2 1 31814 31898 31899 AND
2 1 31807 75 31900 XOR
2 1 31899 31900 31901 AND
2 1 31808 31901 31902 AND
2 1 31801 76 31903 XOR
2 1 31902 31903 31904 AND
2 1 31802 31904 31905 AND
2 1 31795 77 31906 XOR
2 1 31905 31906 31907 AND
2 1 31796 31907 31908 AND
2 1 31789 78 31909 XOR
2 1 31908 31909 31910 AND
2 1 31790 31910 31911 AND
2 1 31783 79 31912 XOR
2 1 31911 31912 31913 AND
2 1 31784 31913 31914 AND
2 1 31777 80 31915 XOR
2 1 31914 31915 31916 AND
2 1 31778 31916 31917 AND
2 1 31771 81 31918 XOR
2 1 31917 31918 31919 AND
2 1 31772 31919 31920 AND
2 1 31765 82 31921 XOR
2 1 31920 31921 31922 AND
2 1 31766 31922 31923 AND
2 1 31759 83 31924 XOR
2 1 31923 31924 31925 AND
2 1 31760 31925 31926 AND
2 1 31753 84 31927 XOR
2 1 31926 31927 31928 AND
2 1 31754 31928 31929 AND
2 1 31747 85 31930 XOR
2 1 31929 31930 31931 AND
2 1 31748 31931 31932 AND
2 1 31741 86 31933 XOR
2 1 31932 31933 31934 AND
2 1 31742 31934 31935 AND
2 1 31735 87 31936 XOR
2 1 31935 31936 31937 AND
2 1 31736 31937 31938 AND
2 1 31729 88 31939 XOR
2 1 31938 31939 31940 AND
2 1 31730 31940 31941 AND
2 1 31723 89 31942 XOR
2 1 31941 31942 31943 AND
2 1 31724 31943 31944 AND
2 1 31717 90 31945 XOR
2 1 31944 31945 31946 AND
2 1 31718 31946 31947 AND
2 1 31711 91 31948 XOR
2 1 31947 31948 31949 AND
2 1 31712 31949 31950 AND
2 1 31705 92 31951 XOR
2 1 31950 31951 31952 AND
2 1 31706 31952 31953 AND
2 1 31699 93 31954 XOR
2 1 31953 31954 31955 AND
2 1 31700 31955 31956 AND
2 1 31693 94 31957 XOR
2 1 31956 31957 31958 AND
2 1 31694 31958 31959 AND
2 1 31687 95 31960 XOR
2 1 31959 31960 31961 AND
2 1 31688 31961 31962 AND
2 1 31681 96 31963 XOR
2 1 31962 31963 31964 AND
2 1 31682 31964 31965 AND
2 1 31675 97 31966 XOR
2 1 31965 31966 31967 AND
2 1 31676 31967 31968 AND
2 1 31669 98 31969 XOR
2 1 31968 31969 31970 AND
2 1 31670 31970 31971 AND
2 1 31663 99 31972 XOR
2 1 31971 31972 31973 AND
2 1 31664 31973 31974 AND
2 1 31657 100 31975 XOR
2 1 31974 31975 31976 AND
2 1 31658 31976 31977 AND
2 1 31651 101 31978 XOR
2 1 31977 31978 31979 AND
2 1 31652 31979 31980 AND
2 1 31645 102 31981 XOR
2 1 31980 31981 31982 AND
2 1 31646 31982 31983 AND
2 1 31639 103 31984 XOR
2 1 31983 31984 31985 AND
2 1 31640 31985 31986 AND
2 1 31633 104 31987 XOR
2 1 31986 31987 31988 AND
2 1 31634 31988 31989 AND
2 1 31627 105 31990 XOR
2 1 31989 31990 31991 AND
2 1 31628 31991 31992 AND
2 1 31621 106 31993 XOR
2 1 31992 31993 31994 AND
2 1 31622 31994 31995 AND
2 1 31615 107 31996 XOR
2 1 31995 31996 31997 AND
2 1 31616 31997 31998 AND
2 1 31609 108 31999 XOR
2 1 31998 31999 32000 AND
2 1 31610 32000 32001 AND
2 1 31603 109 32002 XOR
2 1 32001 32002 32003 AND
2 1 31604 32003 32004 AND
2 1 31597 110 32005 XOR
2 1 32004 32005 32006 AND
2 1 31598 32006 32007 AND
2 1 31591 111 32008 XOR
2 1 32007 32008 32009 AND
2 1 31592 32009 32010 AND
2 1 31585 112 32011 XOR
2 1 32010 32011 32012 AND
2 1 31586 32012 32013 AND
2 1 31579 113 32014 XOR
2 1 32013 32014 32015 AND
2 1 31580 32015 32016 AND
2 1 31573 114 32017 XOR
2 1 32016 32017 32018 AND
2 1 31574 32018 32019 AND
2 1 31567 115 32020 XOR
2 1 32019 32020 32021 AND
2 1 31568 32021 32022 AND
2 1 31112 31562 32023 AND
2 1 31559 31558 32024 XOR
2 1 31562 32024 32025 AND
2 1 32023 32025 32026 AND
2 1 116 32026 32027 AND
2 1 116 32023 32028 AND
2 1 32025 32028 32029 AND
2 1 460 32029 32030 AND
2 1 32027 32030 32031 AND
2 1 32022 32031 32032 AND
2 1 160 32026 32033 AND
2 1 32032 32033 32034 AND
2 1 32020 32019 32035 XOR
2 1 32034 32035 32036 AND
2 1 31567 32033 32037 AND
2 1 32032 32037 32038 AND
2 1 32036 32038 32039 AND
2 1 116 32039 32040 AND
2 1 32017 32016 32041 XOR
2 1 32034 32041 32042 AND
2 1 31573 32033 32043 AND
2 1 32032 32043 32044 AND
2 1 32042 32044 32045 AND
2 1 115 32045 32046 AND
2 1 32014 32013 32047 XOR
2 1 32034 32047 32048 AND
2 1 31579 32033 32049 AND
2 1 32032 32049 32050 AND
2 1 32048 32050 32051 AND
2 1 114 32051 32052 AND
2 1 32011 32010 32053 XOR
2 1 32034 32053 32054 AND
2 1 31585 32033 32055 AND
2 1 32032 32055 32056 AND
2 1 32054 32056 32057 AND
2 1 113 32057 32058 AND
2 1 32008 32007 32059 XOR
2 1 32034 32059 32060 AND
2 1 31591 32033 32061 AND
2 1 32032 32061 32062 AND
2 1 32060 32062 32063 AND
2 1 112 32063 32064 AND
2 1 32005 32004 32065 XOR
2 1 32034 32065 32066 AND
2 1 31597 32033 32067 AND
2 1 32032 32067 32068 AND
2 1 32066 32068 32069 AND
2 1 111 32069 32070 AND
2 1 32002 32001 32071 XOR
2 1 32034 32071 32072 AND
2 1 31603 32033 32073 AND
2 1 32032 32073 32074 AND
2 1 32072 32074 32075 AND
2 1 110 32075 32076 AND
2 1 31999 31998 32077 XOR
2 1 32034 32077 32078 AND
2 1 31609 32033 32079 AND
2 1 32032 32079 32080 AND
2 1 32078 32080 32081 AND
2 1 109 32081 32082 AND
2 1 31996 31995 32083 XOR
2 1 32034 32083 32084 AND
2 1 31615 32033 32085 AND
2 1 32032 32085 32086 AND
2 1 32084 32086 32087 AND
2 1 108 32087 32088 AND
2 1 31993 31992 32089 XOR
2 1 32034 32089 32090 AND
2 1 31621 32033 32091 AND
2 1 32032 32091 32092 AND
2 1 32090 32092 32093 AND
2 1 107 32093 32094 AND
2 1 31990 31989 32095 XOR
2 1 32034 32095 32096 AND
2 1 31627 32033 32097 AND
2 1 32032 32097 32098 AND
2 1 32096 32098 32099 AND
2 1 106 32099 32100 AND
2 1 31987 31986 32101 XOR
2 1 32034 32101 32102 AND
2 1 31633 32033 32103 AND
2 1 32032 32103 32104 AND
2 1 32102 32104 32105 AND
2 1 105 32105 32106 AND
2 1 31984 31983 32107 XOR
2 1 32034 32107 32108 AND
2 1 31639 32033 32109 AND
2 1 32032 32109 32110 AND
2 1 32108 32110 32111 AND
2 1 104 32111 32112 AND
2 1 31981 31980 32113 XOR
2 1 32034 32113 32114 AND
2 1 31645 32033 32115 AND
2 1 32032 32115 32116 AND
2 1 32114 32116 32117 AND
2 1 103 32117 32118 AND
2 1 31978 31977 32119 XOR
2 1 32034 32119 32120 AND
2 1 31651 32033 32121 AND
2 1 32032 32121 32122 AND
2 1 32120 32122 32123 AND
2 1 102 32123 32124 AND
2 1 31975 31974 32125 XOR
2 1 32034 32125 32126 AND
2 1 31657 32033 32127 AND
2 1 32032 32127 32128 AND
2 1 32126 32128 32129 AND
2 1 101 32129 32130 AND
2 1 31972 31971 32131 XOR
2 1 32034 32131 32132 AND
2 1 31663 32033 32133 AND
2 1 32032 32133 32134 AND
2 1 32132 32134 32135 AND
2 1 100 32135 32136 AND
2 1 31969 31968 32137 XOR
2 1 32034 32137 32138 AND
2 1 31669 32033 32139 AND
2 1 32032 32139 32140 AND
2 1 32138 32140 32141 AND
2 1 99 32141 32142 AND
2 1 31966 31965 32143 XOR
2 1 32034 32143 32144 AND
2 1 31675 32033 32145 AND
2 1 32032 32145 32146 AND
2 1 32144 32146 32147 AND
2 1 98 32147 32148 AND
2 1 31963 31962 32149 XOR
2 1 32034 32149 32150 AND
2 1 31681 32033 32151 AND
2 1 32032 32151 32152 AND
2 1 32150 32152 32153 AND
2 1 97 32153 32154 AND
2 1 31960 31959 32155 XOR
2 1 32034 32155 32156 AND
2 1 31687 32033 32157 AND
2 1 32032 32157 32158 AND
2 1 32156 32158 32159 AND
2 1 96 32159 32160 AND
2 1 31957 31956 32161 XOR
2 1 32034 32161 32162 AND
2 1 31693 32033 32163 AND
2 1 32032 32163 32164 AND
2 1 32162 32164 32165 AND
2 1 95 32165 32166 AND
2 1 31954 31953 32167 XOR
2 1 32034 32167 32168 AND
2 1 31699 32033 32169 AND
2 1 32032 32169 32170 AND
2 1 32168 32170 32171 AND
2 1 94 32171 32172 AND
2 1 31951 31950 32173 XOR
2 1 32034 32173 32174 AND
2 1 31705 32033 32175 AND
2 1 32032 32175 32176 AND
2 1 32174 32176 32177 AND
2 1 93 32177 32178 AND
2 1 31948 31947 32179 XOR
2 1 32034 32179 32180 AND
2 1 31711 32033 32181 AND
2 1 32032 32181 32182 AND
2 1 32180 32182 32183 AND
2 1 92 32183 32184 AND
2 1 31945 31944 32185 XOR
2 1 32034 32185 32186 AND
2 1 31717 32033 32187 AND
2 1 32032 32187 32188 AND
2 1 32186 32188 32189 AND
2 1 91 32189 32190 AND
2 1 31942 31941 32191 XOR
2 1 32034 32191 32192 AND
2 1 31723 32033 32193 AND
2 1 32032 32193 32194 AND
2 1 32192 32194 32195 AND
2 1 90 32195 32196 AND
2 1 31939 31938 32197 XOR
2 1 32034 32197 32198 AND
2 1 31729 32033 32199 AND
2 1 32032 32199 32200 AND
2 1 32198 32200 32201 AND
2 1 89 32201 32202 AND
2 1 31936 31935 32203 XOR
2 1 32034 32203 32204 AND
2 1 31735 32033 32205 AND
2 1 32032 32205 32206 AND
2 1 32204 32206 32207 AND
2 1 88 32207 32208 AND
2 1 31933 31932 32209 XOR
2 1 32034 32209 32210 AND
2 1 31741 32033 32211 AND
2 1 32032 32211 32212 AND
2 1 32210 32212 32213 AND
2 1 87 32213 32214 AND
2 1 31930 31929 32215 XOR
2 1 32034 32215 32216 AND
2 1 31747 32033 32217 AND
2 1 32032 32217 32218 AND
2 1 32216 32218 32219 AND
2 1 86 32219 32220 AND
2 1 31927 31926 32221 XOR
2 1 32034 32221 32222 AND
2 1 31753 32033 32223 AND
2 1 32032 32223 32224 AND
2 1 32222 32224 32225 AND
2 1 85 32225 32226 AND
2 1 31924 31923 32227 XOR
2 1 32034 32227 32228 AND
2 1 31759 32033 32229 AND
2 1 32032 32229 32230 AND
2 1 32228 32230 32231 AND
2 1 84 32231 32232 AND
2 1 31921 31920 32233 XOR
2 1 32034 32233 32234 AND
2 1 31765 32033 32235 AND
2 1 32032 32235 32236 AND
2 1 32234 32236 32237 AND
2 1 83 32237 32238 AND
2 1 31918 31917 32239 XOR
2 1 32034 32239 32240 AND
2 1 31771 32033 32241 AND
2 1 32032 32241 32242 AND
2 1 32240 32242 32243 AND
2 1 82 32243 32244 AND
2 1 31915 31914 32245 XOR
2 1 32034 32245 32246 AND
2 1 31777 32033 32247 AND
2 1 32032 32247 32248 AND
2 1 32246 32248 32249 AND
2 1 81 32249 32250 AND
2 1 31912 31911 32251 XOR
2 1 32034 32251 32252 AND
2 1 31783 32033 32253 AND
2 1 32032 32253 32254 AND
2 1 32252 32254 32255 AND
2 1 80 32255 32256 AND
2 1 31909 31908 32257 XOR
2 1 32034 32257 32258 AND
2 1 31789 32033 32259 AND
2 1 32032 32259 32260 AND
2 1 32258 32260 32261 AND
2 1 79 32261 32262 AND
2 1 31906 31905 32263 XOR
2 1 32034 32263 32264 AND
2 1 31795 32033 32265 AND
2 1 32032 32265 32266 AND
2 1 32264 32266 32267 AND
2 1 78 32267 32268 AND
2 1 31903 31902 32269 XOR
2 1 32034 32269 32270 AND
2 1 31801 32033 32271 AND
2 1 32032 32271 32272 AND
2 1 32270 32272 32273 AND
2 1 77 32273 32274 AND
2 1 31900 31899 32275 XOR
2 1 32034 32275 32276 AND
2 1 31807 32033 32277 AND
2 1 32032 32277 32278 AND
2 1 32276 32278 32279 AND
2 1 76 32279 32280 AND
2 1 31897 31896 32281 XOR
2 1 32034 32281 32282 AND
2 1 31813 32033 32283 AND
2 1 32032 32283 32284 AND
2 1 32282 32284 32285 AND
2 1 75 32285 32286 AND
2 1 31894 31893 32287 XOR
2 1 32034 32287 32288 AND
2 1 31819 32033 32289 AND
2 1 32032 32289 32290 AND
2 1 32288 32290 32291 AND
2 1 74 32291 32292 AND
2 1 31891 31890 32293 XOR
2 1 32034 32293 32294 AND
2 1 31825 32033 32295 AND
2 1 32032 32295 32296 AND
2 1 32294 32296 32297 AND
2 1 73 32297 32298 AND
2 1 31888 31887 32299 XOR
2 1 32034 32299 32300 AND
2 1 31831 32033 32301 AND
2 1 32032 32301 32302 AND
2 1 32300 32302 32303 AND
2 1 72 32303 32304 AND
2 1 31885 31884 32305 XOR
2 1 32034 32305 32306 AND
2 1 31837 32033 32307 AND
2 1 32032 32307 32308 AND
2 1 32306 32308 32309 AND
2 1 71 32309 32310 AND
2 1 31882 31881 32311 XOR
2 1 32034 32311 32312 AND
2 1 31843 32033 32313 AND
2 1 32032 32313 32314 AND
2 1 32312 32314 32315 AND
2 1 70 32315 32316 AND
2 1 31879 31878 32317 XOR
2 1 32034 32317 32318 AND
2 1 31849 32033 32319 AND
2 1 32032 32319 32320 AND
2 1 32318 32320 32321 AND
2 1 69 32321 32322 AND
2 1 31876 31875 32323 XOR
2 1 32034 32323 32324 AND
2 1 31855 32033 32325 AND
2 1 32032 32325 32326 AND
2 1 32324 32326 32327 AND
2 1 68 32327 32328 AND
2 1 31867 65 31868 XOR
2 1 13271 31868 31869 AND
2 1 65 31867 31870 AND
2 1 31869 31870 32329 AND
2 1 32329 31873 32330 XOR
2 1 32034 32330 32331 AND
2 1 31862 32033 32332 AND
2 1 32032 32332 32333 AND
2 1 32331 32333 32334 AND
2 1 67 32334 32335 AND
2 1 31867 13741 32336 XOR
2 1 32034 32336 32337 AND
2 1 31867 32033 32338 AND
2 1 32032 32338 32339 AND
2 1 32337 32339 32340 AND
2 1 66 32340 32341 AND
2 1 64 32034 32342 AND
2 1 32342 13752 32346 XOR
2 1 13754 32346 32347 AND
2 1 32342 11 32345 XOR
2 1 65 32345 32348 AND
2 1 32347 32348 32349 AND
2 1 32340 66 32350 XOR
2 1 32349 32350 32351 AND
2 1 32341 32351 32352 AND
2 1 32334 67 32353 XOR
2 1 32352 32353 32354 AND
2 1 32335 32354 32355 AND
2 1 32327 68 32356 XOR
2 1 32355 32356 32357 AND
2 1 32328 32357 32358 AND
2 1 32321 69 32359 XOR
2 1 32358 32359 32360 AND
2 1 32322 32360 32361 AND
2 1 32315 70 32362 XOR
2 1 32361 32362 32363 AND
2 1 32316 32363 32364 AND
2 1 32309 71 32365 XOR
2 1 32364 32365 32366 AND
2 1 32310 32366 32367 AND
2 1 32303 72 32368 XOR
2 1 32367 32368 32369 AND
2 1 32304 32369 32370 AND
2 1 32297 73 32371 XOR
2 1 32370 32371 32372 AND
2 1 32298 32372 32373 AND
2 1 32291 74 32374 XOR
2 1 32373 32374 32375 AND
2 1 32292 32375 32376 AND
2 1 32285 75 32377 XOR
2 1 32376 32377 32378 AND
2 1 32286 32378 32379 AND
2 1 32279 76 32380 XOR
2 1 32379 32380 32381 AND
2 1 32280 32381 32382 AND
2 1 32273 77 32383 XOR
2 1 32382 32383 32384 AND
2 1 32274 32384 32385 AND
2 1 32267 78 32386 XOR
2 1 32385 32386 32387 AND
2 1 32268 32387 32388 AND
2 1 32261 79 32389 XOR
2 1 32388 32389 32390 AND
2 1 32262 32390 32391 AND
2 1 32255 80 32392 XOR
2 1 32391 32392 32393 AND
2 1 32256 32393 32394 AND
2 1 32249 81 32395 XOR
2 1 32394 32395 32396 AND
2 1 32250 32396 32397 AND
2 1 32243 82 32398 XOR
2 1 32397 32398 32399 AND
2 1 32244 32399 32400 AND
2 1 32237 83 32401 XOR
2 1 32400 32401 32402 AND
2 1 32238 32402 32403 AND
2 1 32231 84 32404 XOR
2 1 32403 32404 32405 AND
2 1 32232 32405 32406 AND
2 1 32225 85 32407 XOR
2 1 32406 32407 32408 AND
2 1 32226 32408 32409 AND
2 1 32219 86 32410 XOR
2 1 32409 32410 32411 AND
2 1 32220 32411 32412 AND
2 1 32213 87 32413 XOR
2 1 32412 32413 32414 AND
2 1 32214 32414 32415 AND
2 1 32207 88 32416 XOR
2 1 32415 32416 32417 AND
2 1 32208 32417 32418 AND
2 1 32201 89 32419 XOR
2 1 32418 32419 32420 AND
2 1 32202 32420 32421 AND
2 1 32195 90 32422 XOR
2 1 32421 32422 32423 AND
2 1 32196 32423 32424 AND
2 1 32189 91 32425 XOR
2 1 32424 32425 32426 AND
2 1 32190 32426 32427 AND
2 1 32183 92 32428 XOR
2 1 32427 32428 32429 AND
2 1 32184 32429 32430 AND
2 1 32177 93 32431 XOR
2 1 32430 32431 32432 AND
2 1 32178 32432 32433 AND
2 1 32171 94 32434 XOR
2 1 32433 32434 32435 AND
2 1 32172 32435 32436 AND
2 1 32165 95 32437 XOR
2 1 32436 32437 32438 AND
2 1 32166 32438 32439 AND
2 1 32159 96 32440 XOR
2 1 32439 32440 32441 AND
2 1 32160 32441 32442 AND
2 1 32153 97 32443 XOR
2 1 32442 32443 32444 AND
2 1 32154 32444 32445 AND
2 1 32147 98 32446 XOR
2 1 32445 32446 32447 AND
2 1 32148 32447 32448 AND
2 1 32141 99 32449 XOR
2 1 32448 32449 32450 AND
2 1 32142 32450 32451 AND
2 1 32135 100 32452 XOR
2 1 32451 32452 32453 AND
2 1 32136 32453 32454 AND
2 1 32129 101 32455 XOR
2 1 32454 32455 32456 AND
2 1 32130 32456 32457 AND
2 1 32123 102 32458 XOR
2 1 32457 32458 32459 AND
2 1 32124 32459 32460 AND
2 1 32117 103 32461 XOR
2 1 32460 32461 32462 AND
2 1 32118 32462 32463 AND
2 1 32111 104 32464 XOR
2 1 32463 32464 32465 AND
2 1 32112 32465 32466 AND
2 1 32105 105 32467 XOR
2 1 32466 32467 32468 AND
2 1 32106 32468 32469 AND
2 1 32099 106 32470 XOR
2 1 32469 32470 32471 AND
2 1 32100 32471 32472 AND
2 1 32093 107 32473 XOR
2 1 32472 32473 32474 AND
2 1 32094 32474 32475 AND
2 1 32087 108 32476 XOR
2 1 32475 32476 32477 AND
2 1 32088 32477 32478 AND
2 1 32081 109 32479 XOR
2 1 32478 32479 32480 AND
2 1 32082 32480 32481 AND
2 1 32075 110 32482 XOR
2 1 32481 32482 32483 AND
2 1 32076 32483 32484 AND
2 1 32069 111 32485 XOR
2 1 32484 32485 32486 AND
2 1 32070 32486 32487 AND
2 1 32063 112 32488 XOR
2 1 32487 32488 32489 AND
2 1 32064 32489 32490 AND
2 1 32057 113 32491 XOR
2 1 32490 32491 32492 AND
2 1 32058 32492 32493 AND
2 1 32051 114 32494 XOR
2 1 32493 32494 32495 AND
2 1 32052 32495 32496 AND
2 1 32045 115 32497 XOR
2 1 32496 32497 32498 AND
2 1 32046 32498 32499 AND
2 1 32039 116 32500 XOR
2 1 32499 32500 32501 AND
2 1 32040 32501 32502 AND
2 1 32027 32029 32503 AND
2 1 32503 32022 32504 XOR
2 1 32034 32504 32505 AND
2 1 160 31112 32506 AND
2 1 32032 32506 32507 AND
2 1 32505 32507 32508 AND
2 1 117 32508 32509 AND
2 1 117 32507 32510 AND
2 1 32505 32510 32511 AND
2 1 13921 32511 32512 AND
2 1 32509 32512 32513 AND
2 1 32502 32513 32514 AND
2 1 460 32508 32515 AND
2 1 32514 32515 32516 AND
2 1 32500 32499 32517 XOR
2 1 32516 32517 32518 AND
2 1 32039 32515 32519 AND
2 1 32514 32519 32520 AND
2 1 32518 32520 32521 AND
2 1 32509 32511 32522 AND
2 1 32522 32502 32523 XOR
2 1 32516 32523 32524 AND
2 1 460 32508 32525 AND
2 1 32514 32525 32526 AND
2 1 32524 32526 32527 AND
2 1 118 32527 32528 AND
2 1 117 32521 32529 AND
2 1 32497 32496 32530 XOR
2 1 32516 32530 32531 AND
2 1 32045 32515 32532 AND
2 1 32514 32532 32533 AND
2 1 32531 32533 32534 AND
2 1 116 32534 32535 AND
2 1 32494 32493 32536 XOR
2 1 32516 32536 32537 AND
2 1 32051 32515 32538 AND
2 1 32514 32538 32539 AND
2 1 32537 32539 32540 AND
2 1 115 32540 32541 AND
2 1 32491 32490 32542 XOR
2 1 32516 32542 32543 AND
2 1 32057 32515 32544 AND
2 1 32514 32544 32545 AND
2 1 32543 32545 32546 AND
2 1 114 32546 32547 AND
2 1 32488 32487 32548 XOR
2 1 32516 32548 32549 AND
2 1 32063 32515 32550 AND
2 1 32514 32550 32551 AND
2 1 32549 32551 32552 AND
2 1 113 32552 32553 AND
2 1 32485 32484 32554 XOR
2 1 32516 32554 32555 AND
2 1 32069 32515 32556 AND
2 1 32514 32556 32557 AND
2 1 32555 32557 32558 AND
2 1 112 32558 32559 AND
2 1 32482 32481 32560 XOR
2 1 32516 32560 32561 AND
2 1 32075 32515 32562 AND
2 1 32514 32562 32563 AND
2 1 32561 32563 32564 AND
2 1 111 32564 32565 AND
2 1 32479 32478 32566 XOR
2 1 32516 32566 32567 AND
2 1 32081 32515 32568 AND
2 1 32514 32568 32569 AND
2 1 32567 32569 32570 AND
2 1 110 32570 32571 AND
2 1 32476 32475 32572 XOR
2 1 32516 32572 32573 AND
2 1 32087 32515 32574 AND
2 1 32514 32574 32575 AND
2 1 32573 32575 32576 AND
2 1 109 32576 32577 AND
2 1 32473 32472 32578 XOR
2 1 32516 32578 32579 AND
2 1 32093 32515 32580 AND
2 1 32514 32580 32581 AND
2 1 32579 32581 32582 AND
2 1 108 32582 32583 AND
2 1 32470 32469 32584 XOR
2 1 32516 32584 32585 AND
2 1 32099 32515 32586 AND
2 1 32514 32586 32587 AND
2 1 32585 32587 32588 AND
2 1 107 32588 32589 AND
2 1 32467 32466 32590 XOR
2 1 32516 32590 32591 AND
2 1 32105 32515 32592 AND
2 1 32514 32592 32593 AND
2 1 32591 32593 32594 AND
2 1 106 32594 32595 AND
2 1 32464 32463 32596 XOR
2 1 32516 32596 32597 AND
2 1 32111 32515 32598 AND
2 1 32514 32598 32599 AND
2 1 32597 32599 32600 AND
2 1 105 32600 32601 AND
2 1 32461 32460 32602 XOR
2 1 32516 32602 32603 AND
2 1 32117 32515 32604 AND
2 1 32514 32604 32605 AND
2 1 32603 32605 32606 AND
2 1 104 32606 32607 AND
2 1 32458 32457 32608 XOR
2 1 32516 32608 32609 AND
2 1 32123 32515 32610 AND
2 1 32514 32610 32611 AND
2 1 32609 32611 32612 AND
2 1 103 32612 32613 AND
2 1 32455 32454 32614 XOR
2 1 32516 32614 32615 AND
2 1 32129 32515 32616 AND
2 1 32514 32616 32617 AND
2 1 32615 32617 32618 AND
2 1 102 32618 32619 AND
2 1 32452 32451 32620 XOR
2 1 32516 32620 32621 AND
2 1 32135 32515 32622 AND
2 1 32514 32622 32623 AND
2 1 32621 32623 32624 AND
2 1 101 32624 32625 AND
2 1 32449 32448 32626 XOR
2 1 32516 32626 32627 AND
2 1 32141 32515 32628 AND
2 1 32514 32628 32629 AND
2 1 32627 32629 32630 AND
2 1 100 32630 32631 AND
2 1 32446 32445 32632 XOR
2 1 32516 32632 32633 AND
2 1 32147 32515 32634 AND
2 1 32514 32634 32635 AND
2 1 32633 32635 32636 AND
2 1 99 32636 32637 AND
2 1 32443 32442 32638 XOR
2 1 32516 32638 32639 AND
2 1 32153 32515 32640 AND
2 1 32514 32640 32641 AND
2 1 32639 32641 32642 AND
2 1 98 32642 32643 AND
2 1 32440 32439 32644 XOR
2 1 32516 32644 32645 AND
2 1 32159 32515 32646 AND
2 1 32514 32646 32647 AND
2 1 32645 32647 32648 AND
2 1 97 32648 32649 AND
2 1 32437 32436 32650 XOR
2 1 32516 32650 32651 AND
2 1 32165 32515 32652 AND
2 1 32514 32652 32653 AND
2 1 32651 32653 32654 AND
2 1 96 32654 32655 AND
2 1 32434 32433 32656 XOR
2 1 32516 32656 32657 AND
2 1 32171 32515 32658 AND
2 1 32514 32658 32659 AND
2 1 32657 32659 32660 AND
2 1 95 32660 32661 AND
2 1 32431 32430 32662 XOR
2 1 32516 32662 32663 AND
2 1 32177 32515 32664 AND
2 1 32514 32664 32665 AND
2 1 32663 32665 32666 AND
2 1 94 32666 32667 AND
2 1 32428 32427 32668 XOR
2 1 32516 32668 32669 AND
2 1 32183 32515 32670 AND
2 1 32514 32670 32671 AND
2 1 32669 32671 32672 AND
2 1 93 32672 32673 AND
2 1 32425 32424 32674 XOR
2 1 32516 32674 32675 AND
2 1 32189 32515 32676 AND
2 1 32514 32676 32677 AND
2 1 32675 32677 32678 AND
2 1 92 32678 32679 AND
2 1 32422 32421 32680 XOR
2 1 32516 32680 32681 AND
2 1 32195 32515 32682 AND
2 1 32514 32682 32683 AND
2 1 32681 32683 32684 AND
2 1 91 32684 32685 AND
2 1 32419 32418 32686 XOR
2 1 32516 32686 32687 AND
2 1 32201 32515 32688 AND
2 1 32514 32688 32689 AND
2 1 32687 32689 32690 AND
2 1 90 32690 32691 AND
2 1 32416 32415 32692 XOR
2 1 32516 32692 32693 AND
2 1 32207 32515 32694 AND
2 1 32514 32694 32695 AND
2 1 32693 32695 32696 AND
2 1 89 32696 32697 AND
2 1 32413 32412 32698 XOR
2 1 32516 32698 32699 AND
2 1 32213 32515 32700 AND
2 1 32514 32700 32701 AND
2 1 32699 32701 32702 AND
2 1 88 32702 32703 AND
2 1 32410 32409 32704 XOR
2 1 32516 32704 32705 AND
2 1 32219 32515 32706 AND
2 1 32514 32706 32707 AND
2 1 32705 32707 32708 AND
2 1 87 32708 32709 AND
2 1 32407 32406 32710 XOR
2 1 32516 32710 32711 AND
2 1 32225 32515 32712 AND
2 1 32514 32712 32713 AND
2 1 32711 32713 32714 AND
2 1 86 32714 32715 AND
2 1 32404 32403 32716 XOR
2 1 32516 32716 32717 AND
2 1 32231 32515 32718 AND
2 1 32514 32718 32719 AND
2 1 32717 32719 32720 AND
2 1 85 32720 32721 AND
2 1 32401 32400 32722 XOR
2 1 32516 32722 32723 AND
2 1 32237 32515 32724 AND
2 1 32514 32724 32725 AND
2 1 32723 32725 32726 AND
2 1 84 32726 32727 AND
2 1 32398 32397 32728 XOR
2 1 32516 32728 32729 AND
2 1 32243 32515 32730 AND
2 1 32514 32730 32731 AND
2 1 32729 32731 32732 AND
2 1 83 32732 32733 AND
2 1 32395 32394 32734 XOR
2 1 32516 32734 32735 AND
2 1 32249 32515 32736 AND
2 1 32514 32736 32737 AND
2 1 32735 32737 32738 AND
2 1 82 32738 32739 AND
2 1 32392 32391 32740 XOR
2 1 32516 32740 32741 AND
2 1 32255 32515 32742 AND
2 1 32514 32742 32743 AND
2 1 32741 32743 32744 AND
2 1 81 32744 32745 AND
2 1 32389 32388 32746 XOR
2 1 32516 32746 32747 AND
2 1 32261 32515 32748 AND
2 1 32514 32748 32749 AND
2 1 32747 32749 32750 AND
2 1 80 32750 32751 AND
2 1 32386 32385 32752 XOR
2 1 32516 32752 32753 AND
2 1 32267 32515 32754 AND
2 1 32514 32754 32755 AND
2 1 32753 32755 32756 AND
2 1 79 32756 32757 AND
2 1 32383 32382 32758 XOR
2 1 32516 32758 32759 AND
2 1 32273 32515 32760 AND
2 1 32514 32760 32761 AND
2 1 32759 32761 32762 AND
2 1 78 32762 32763 AND
2 1 32380 32379 32764 XOR
2 1 32516 32764 32765 AND
2 1 32279 32515 32766 AND
2 1 32514 32766 32767 AND
2 1 32765 32767 32768 AND
2 1 77 32768 32769 AND
2 1 32377 32376 32770 XOR
2 1 32516 32770 32771 AND
2 1 32285 32515 32772 AND
2 1 32514 32772 32773 AND
2 1 32771 32773 32774 AND
2 1 76 32774 32775 AND
2 1 32374 32373 32776 XOR
2 1 32516 32776 32777 AND
2 1 32291 32515 32778 AND
2 1 32514 32778 32779 AND
2 1 32777 32779 32780 AND
2 1 75 32780 32781 AND
2 1 32371 32370 32782 XOR
2 1 32516 32782 32783 AND
2 1 32297 32515 32784 AND
2 1 32514 32784 32785 AND
2 1 32783 32785 32786 AND
2 1 74 32786 32787 AND
2 1 32368 32367 32788 XOR
2 1 32516 32788 32789 AND
2 1 32303 32515 32790 AND
2 1 32514 32790 32791 AND
2 1 32789 32791 32792 AND
2 1 73 32792 32793 AND
2 1 32365 32364 32794 XOR
2 1 32516 32794 32795 AND
2 1 32309 32515 32796 AND
2 1 32514 32796 32797 AND
2 1 32795 32797 32798 AND
2 1 72 32798 32799 AND
2 1 32362 32361 32800 XOR
2 1 32516 32800 32801 AND
2 1 32315 32515 32802 AND
2 1 32514 32802 32803 AND
2 1 32801 32803 32804 AND
2 1 71 32804 32805 AND
2 1 32359 32358 32806 XOR
2 1 32516 32806 32807 AND
2 1 32321 32515 32808 AND
2 1 32514 32808 32809 AND
2 1 32807 32809 32810 AND
2 1 70 32810 32811 AND
2 1 32356 32355 32812 XOR
2 1 32516 32812 32813 AND
2 1 32327 32515 32814 AND
2 1 32514 32814 32815 AND
2 1 32813 32815 32816 AND
2 1 69 32816 32817 AND
2 1 32353 32352 32818 XOR
2 1 32516 32818 32819 AND
2 1 32334 32515 32820 AND
2 1 32514 32820 32821 AND
2 1 32819 32821 32822 AND
2 1 68 32822 32823 AND
2 1 32350 32349 32824 XOR
2 1 32516 32824 32825 AND
2 1 32340 32515 32826 AND
2 1 32514 32826 32827 AND
2 1 32825 32827 32828 AND
2 1 67 32828 32829 AND
2 1 11 32342 32343 AND
2 1 13271 32034 32344 AND
2 1 32343 32344 32830 AND
2 1 32830 14241 32831 XOR
2 1 32516 32831 32832 AND
2 1 32345 32515 32833 AND
2 1 32514 32833 32834 AND
2 1 32832 32834 32835 AND
2 1 66 32835 32836 AND
2 1 64 32516 32837 AND
2 1 32837 14252 32841 XOR
2 1 14254 32841 32842 AND
2 1 32837 10 32838 XOR
2 1 65 32838 32843 AND
2 1 32842 32843 32844 AND
2 1 32835 66 32845 XOR
2 1 32844 32845 32846 AND
2 1 32836 32846 32847 AND
2 1 32828 67 32848 XOR
2 1 32847 32848 32849 AND
2 1 32829 32849 32850 AND
2 1 32822 68 32851 XOR
2 1 32850 32851 32852 AND
2 1 32823 32852 32853 AND
2 1 32816 69 32854 XOR
2 1 32853 32854 32855 AND
2 1 32817 32855 32856 AND
2 1 32810 70 32857 XOR
2 1 32856 32857 32858 AND
2 1 32811 32858 32859 AND
2 1 32804 71 32860 XOR
2 1 32859 32860 32861 AND
2 1 32805 32861 32862 AND
2 1 32798 72 32863 XOR
2 1 32862 32863 32864 AND
2 1 32799 32864 32865 AND
2 1 32792 73 32866 XOR
2 1 32865 32866 32867 AND
2 1 32793 32867 32868 AND
2 1 32786 74 32869 XOR
2 1 32868 32869 32870 AND
2 1 32787 32870 32871 AND
2 1 32780 75 32872 XOR
2 1 32871 32872 32873 AND
2 1 32781 32873 32874 AND
2 1 32774 76 32875 XOR
2 1 32874 32875 32876 AND
2 1 32775 32876 32877 AND
2 1 32768 77 32878 XOR
2 1 32877 32878 32879 AND
2 1 32769 32879 32880 AND
2 1 32762 78 32881 XOR
2 1 32880 32881 32882 AND
2 1 32763 32882 32883 AND
2 1 32756 79 32884 XOR
2 1 32883 32884 32885 AND
2 1 32757 32885 32886 AND
2 1 32750 80 32887 XOR
2 1 32886 32887 32888 AND
2 1 32751 32888 32889 AND
2 1 32744 81 32890 XOR
2 1 32889 32890 32891 AND
2 1 32745 32891 32892 AND
2 1 32738 82 32893 XOR
2 1 32892 32893 32894 AND
2 1 32739 32894 32895 AND
2 1 32732 83 32896 XOR
2 1 32895 32896 32897 AND
2 1 32733 32897 32898 AND
2 1 32726 84 32899 XOR
2 1 32898 32899 32900 AND
2 1 32727 32900 32901 AND
2 1 32720 85 32902 XOR
2 1 32901 32902 32903 AND
2 1 32721 32903 32904 AND
2 1 32714 86 32905 XOR
2 1 32904 32905 32906 AND
2 1 32715 32906 32907 AND
2 1 32708 87 32908 XOR
2 1 32907 32908 32909 AND
2 1 32709 32909 32910 AND
2 1 32702 88 32911 XOR
2 1 32910 32911 32912 AND
2 1 32703 32912 32913 AND
2 1 32696 89 32914 XOR
2 1 32913 32914 32915 AND
2 1 32697 32915 32916 AND
2 1 32690 90 32917 XOR
2 1 32916 32917 32918 AND
2 1 32691 32918 32919 AND
2 1 32684 91 32920 XOR
2 1 32919 32920 32921 AND
2 1 32685 32921 32922 AND
2 1 32678 92 32923 XOR
2 1 32922 32923 32924 AND
2 1 32679 32924 32925 AND
2 1 32672 93 32926 XOR
2 1 32925 32926 32927 AND
2 1 32673 32927 32928 AND
2 1 32666 94 32929 XOR
2 1 32928 32929 32930 AND
2 1 32667 32930 32931 AND
2 1 32660 95 32932 XOR
2 1 32931 32932 32933 AND
2 1 32661 32933 32934 AND
2 1 32654 96 32935 XOR
2 1 32934 32935 32936 AND
2 1 32655 32936 32937 AND
2 1 32648 97 32938 XOR
2 1 32937 32938 32939 AND
2 1 32649 32939 32940 AND
2 1 32642 98 32941 XOR
2 1 32940 32941 32942 AND
2 1 32643 32942 32943 AND
2 1 32636 99 32944 XOR
2 1 32943 32944 32945 AND
2 1 32637 32945 32946 AND
2 1 32630 100 32947 XOR
2 1 32946 32947 32948 AND
2 1 32631 32948 32949 AND
2 1 32624 101 32950 XOR
2 1 32949 32950 32951 AND
2 1 32625 32951 32952 AND
2 1 32618 102 32953 XOR
2 1 32952 32953 32954 AND
2 1 32619 32954 32955 AND
2 1 32612 103 32956 XOR
2 1 32955 32956 32957 AND
2 1 32613 32957 32958 AND
2 1 32606 104 32959 XOR
2 1 32958 32959 32960 AND
2 1 32607 32960 32961 AND
2 1 32600 105 32962 XOR
2 1 32961 32962 32963 AND
2 1 32601 32963 32964 AND
2 1 32594 106 32965 XOR
2 1 32964 32965 32966 AND
2 1 32595 32966 32967 AND
2 1 32588 107 32968 XOR
2 1 32967 32968 32969 AND
2 1 32589 32969 32970 AND
2 1 32582 108 32971 XOR
2 1 32970 32971 32972 AND
2 1 32583 32972 32973 AND
2 1 32576 109 32974 XOR
2 1 32973 32974 32975 AND
2 1 32577 32975 32976 AND
2 1 32570 110 32977 XOR
2 1 32976 32977 32978 AND
2 1 32571 32978 32979 AND
2 1 32564 111 32980 XOR
2 1 32979 32980 32981 AND
2 1 32565 32981 32982 AND
2 1 32558 112 32983 XOR
2 1 32982 32983 32984 AND
2 1 32559 32984 32985 AND
2 1 32552 113 32986 XOR
2 1 32985 32986 32987 AND
2 1 32553 32987 32988 AND
2 1 32546 114 32989 XOR
2 1 32988 32989 32990 AND
2 1 32547 32990 32991 AND
2 1 32540 115 32992 XOR
2 1 32991 32992 32993 AND
2 1 32541 32993 32994 AND
2 1 32534 116 32995 XOR
2 1 32994 32995 32996 AND
2 1 32535 32996 32997 AND
2 1 32521 117 32998 XOR
2 1 32997 32998 32999 AND
2 1 32529 32999 33000 AND
2 1 32527 118 33001 XOR
2 1 33000 33001 33002 AND
2 1 32528 33002 33003 AND
2 1 14418 33003 33004 AND
2 1 32521 33004 33005 AND
2 1 32998 32997 33006 XOR
2 1 14418 33006 33007 AND
2 1 33003 33007 33008 AND
2 1 33005 33008 33009 AND
2 1 118 33009 33010 AND
2 1 32534 33004 33011 AND
2 1 32995 32994 33012 XOR
2 1 14418 33012 33013 AND
2 1 33003 33013 33014 AND
2 1 33011 33014 33015 AND
2 1 117 33015 33016 AND
2 1 32540 33004 33017 AND
2 1 32992 32991 33018 XOR
2 1 14418 33018 33019 AND
2 1 33003 33019 33020 AND
2 1 33017 33020 33021 AND
2 1 116 33021 33022 AND
2 1 32546 33004 33023 AND
2 1 32989 32988 33024 XOR
2 1 14418 33024 33025 AND
2 1 33003 33025 33026 AND
2 1 33023 33026 33027 AND
2 1 115 33027 33028 AND
2 1 32552 33004 33029 AND
2 1 32986 32985 33030 XOR
2 1 14418 33030 33031 AND
2 1 33003 33031 33032 AND
2 1 33029 33032 33033 AND
2 1 114 33033 33034 AND
2 1 32558 33004 33035 AND
2 1 32983 32982 33036 XOR
2 1 14418 33036 33037 AND
2 1 33003 33037 33038 AND
2 1 33035 33038 33039 AND
2 1 113 33039 33040 AND
2 1 32564 33004 33041 AND
2 1 32980 32979 33042 XOR
2 1 14418 33042 33043 AND
2 1 33003 33043 33044 AND
2 1 33041 33044 33045 AND
2 1 112 33045 33046 AND
2 1 32570 33004 33047 AND
2 1 32977 32976 33048 XOR
2 1 14418 33048 33049 AND
2 1 33003 33049 33050 AND
2 1 33047 33050 33051 AND
2 1 111 33051 33052 AND
2 1 32576 33004 33053 AND
2 1 32974 32973 33054 XOR
2 1 14418 33054 33055 AND
2 1 33003 33055 33056 AND
2 1 33053 33056 33057 AND
2 1 110 33057 33058 AND
2 1 32582 33004 33059 AND
2 1 32971 32970 33060 XOR
2 1 14418 33060 33061 AND
2 1 33003 33061 33062 AND
2 1 33059 33062 33063 AND
2 1 109 33063 33064 AND
2 1 32588 33004 33065 AND
2 1 32968 32967 33066 XOR
2 1 14418 33066 33067 AND
2 1 33003 33067 33068 AND
2 1 33065 33068 33069 AND
2 1 108 33069 33070 AND
2 1 32594 33004 33071 AND
2 1 32965 32964 33072 XOR
2 1 14418 33072 33073 AND
2 1 33003 33073 33074 AND
2 1 33071 33074 33075 AND
2 1 107 33075 33076 AND
2 1 32600 33004 33077 AND
2 1 32962 32961 33078 XOR
2 1 14418 33078 33079 AND
2 1 33003 33079 33080 AND
2 1 33077 33080 33081 AND
2 1 106 33081 33082 AND
2 1 32606 33004 33083 AND
2 1 32959 32958 33084 XOR
2 1 14418 33084 33085 AND
2 1 33003 33085 33086 AND
2 1 33083 33086 33087 AND
2 1 105 33087 33088 AND
2 1 32612 33004 33089 AND
2 1 32956 32955 33090 XOR
2 1 14418 33090 33091 AND
2 1 33003 33091 33092 AND
2 1 33089 33092 33093 AND
2 1 104 33093 33094 AND
2 1 32618 33004 33095 AND
2 1 32953 32952 33096 XOR
2 1 14418 33096 33097 AND
2 1 33003 33097 33098 AND
2 1 33095 33098 33099 AND
2 1 103 33099 33100 AND
2 1 32624 33004 33101 AND
2 1 32950 32949 33102 XOR
2 1 14418 33102 33103 AND
2 1 33003 33103 33104 AND
2 1 33101 33104 33105 AND
2 1 102 33105 33106 AND
2 1 32630 33004 33107 AND
2 1 32947 32946 33108 XOR
2 1 14418 33108 33109 AND
2 1 33003 33109 33110 AND
2 1 33107 33110 33111 AND
2 1 101 33111 33112 AND
2 1 32636 33004 33113 AND
2 1 32944 32943 33114 XOR
2 1 14418 33114 33115 AND
2 1 33003 33115 33116 AND
2 1 33113 33116 33117 AND
2 1 100 33117 33118 AND
2 1 32642 33004 33119 AND
2 1 32941 32940 33120 XOR
2 1 14418 33120 33121 AND
2 1 33003 33121 33122 AND
2 1 33119 33122 33123 AND
2 1 99 33123 33124 AND
2 1 32648 33004 33125 AND
2 1 32938 32937 33126 XOR
2 1 14418 33126 33127 AND
2 1 33003 33127 33128 AND
2 1 33125 33128 33129 AND
2 1 98 33129 33130 AND
2 1 32654 33004 33131 AND
2 1 32935 32934 33132 XOR
2 1 14418 33132 33133 AND
2 1 33003 33133 33134 AND
2 1 33131 33134 33135 AND
2 1 97 33135 33136 AND
2 1 32660 33004 33137 AND
2 1 32932 32931 33138 XOR
2 1 14418 33138 33139 AND
2 1 33003 33139 33140 AND
2 1 33137 33140 33141 AND
2 1 96 33141 33142 AND
2 1 32666 33004 33143 AND
2 1 32929 32928 33144 XOR
2 1 14418 33144 33145 AND
2 1 33003 33145 33146 AND
2 1 33143 33146 33147 AND
2 1 95 33147 33148 AND
2 1 32672 33004 33149 AND
2 1 32926 32925 33150 XOR
2 1 14418 33150 33151 AND
2 1 33003 33151 33152 AND
2 1 33149 33152 33153 AND
2 1 94 33153 33154 AND
2 1 32678 33004 33155 AND
2 1 32923 32922 33156 XOR
2 1 14418 33156 33157 AND
2 1 33003 33157 33158 AND
2 1 33155 33158 33159 AND
2 1 93 33159 33160 AND
2 1 32684 33004 33161 AND
2 1 32920 32919 33162 XOR
2 1 14418 33162 33163 AND
2 1 33003 33163 33164 AND
2 1 33161 33164 33165 AND
2 1 92 33165 33166 AND
2 1 32690 33004 33167 AND
2 1 32917 32916 33168 XOR
2 1 14418 33168 33169 AND
2 1 33003 33169 33170 AND
2 1 33167 33170 33171 AND
2 1 91 33171 33172 AND
2 1 32696 33004 33173 AND
2 1 32914 32913 33174 XOR
2 1 14418 33174 33175 AND
2 1 33003 33175 33176 AND
2 1 33173 33176 33177 AND
2 1 90 33177 33178 AND
2 1 32702 33004 33179 AND
2 1 32911 32910 33180 XOR
2 1 14418 33180 33181 AND
2 1 33003 33181 33182 AND
2 1 33179 33182 33183 AND
2 1 89 33183 33184 AND
2 1 32708 33004 33185 AND
2 1 32908 32907 33186 XOR
2 1 14418 33186 33187 AND
2 1 33003 33187 33188 AND
2 1 33185 33188 33189 AND
2 1 88 33189 33190 AND
2 1 32714 33004 33191 AND
2 1 32905 32904 33192 XOR
2 1 14418 33192 33193 AND
2 1 33003 33193 33194 AND
2 1 33191 33194 33195 AND
2 1 87 33195 33196 AND
2 1 32720 33004 33197 AND
2 1 32902 32901 33198 XOR
2 1 14418 33198 33199 AND
2 1 33003 33199 33200 AND
2 1 33197 33200 33201 AND
2 1 86 33201 33202 AND
2 1 32726 33004 33203 AND
2 1 32899 32898 33204 XOR
2 1 14418 33204 33205 AND
2 1 33003 33205 33206 AND
2 1 33203 33206 33207 AND
2 1 85 33207 33208 AND
2 1 32732 33004 33209 AND
2 1 32896 32895 33210 XOR
2 1 14418 33210 33211 AND
2 1 33003 33211 33212 AND
2 1 33209 33212 33213 AND
2 1 84 33213 33214 AND
2 1 32738 33004 33215 AND
2 1 32893 32892 33216 XOR
2 1 14418 33216 33217 AND
2 1 33003 33217 33218 AND
2 1 33215 33218 33219 AND
2 1 83 33219 33220 AND
2 1 32744 33004 33221 AND
2 1 32890 32889 33222 XOR
2 1 14418 33222 33223 AND
2 1 33003 33223 33224 AND
2 1 33221 33224 33225 AND
2 1 82 33225 33226 AND
2 1 32750 33004 33227 AND
2 1 32887 32886 33228 XOR
2 1 14418 33228 33229 AND
2 1 33003 33229 33230 AND
2 1 33227 33230 33231 AND
2 1 81 33231 33232 AND
2 1 32756 33004 33233 AND
2 1 32884 32883 33234 XOR
2 1 14418 33234 33235 AND
2 1 33003 33235 33236 AND
2 1 33233 33236 33237 AND
2 1 80 33237 33238 AND
2 1 32762 33004 33239 AND
2 1 32881 32880 33240 XOR
2 1 14418 33240 33241 AND
2 1 33003 33241 33242 AND
2 1 33239 33242 33243 AND
2 1 79 33243 33244 AND
2 1 32768 33004 33245 AND
2 1 32878 32877 33246 XOR
2 1 14418 33246 33247 AND
2 1 33003 33247 33248 AND
2 1 33245 33248 33249 AND
2 1 78 33249 33250 AND
2 1 32774 33004 33251 AND
2 1 32875 32874 33252 XOR
2 1 14418 33252 33253 AND
2 1 33003 33253 33254 AND
2 1 33251 33254 33255 AND
2 1 77 33255 33256 AND
2 1 32780 33004 33257 AND
2 1 32872 32871 33258 XOR
2 1 14418 33258 33259 AND
2 1 33003 33259 33260 AND
2 1 33257 33260 33261 AND
2 1 76 33261 33262 AND
2 1 32786 33004 33263 AND
2 1 32869 32868 33264 XOR
2 1 14418 33264 33265 AND
2 1 33003 33265 33266 AND
2 1 33263 33266 33267 AND
2 1 75 33267 33268 AND
2 1 32792 33004 33269 AND
2 1 32866 32865 33270 XOR
2 1 14418 33270 33271 AND
2 1 33003 33271 33272 AND
2 1 33269 33272 33273 AND
2 1 74 33273 33274 AND
2 1 32798 33004 33275 AND
2 1 32863 32862 33276 XOR
2 1 14418 33276 33277 AND
2 1 33003 33277 33278 AND
2 1 33275 33278 33279 AND
2 1 73 33279 33280 AND
2 1 32804 33004 33281 AND
2 1 32860 32859 33282 XOR
2 1 14418 33282 33283 AND
2 1 33003 33283 33284 AND
2 1 33281 33284 33285 AND
2 1 72 33285 33286 AND
2 1 32810 33004 33287 AND
2 1 32857 32856 33288 XOR
2 1 14418 33288 33289 AND
2 1 33003 33289 33290 AND
2 1 33287 33290 33291 AND
2 1 71 33291 33292 AND
2 1 32816 33004 33293 AND
2 1 32854 32853 33294 XOR
2 1 14418 33294 33295 AND
2 1 33003 33295 33296 AND
2 1 33293 33296 33297 AND
2 1 70 33297 33298 AND
2 1 32822 33004 33299 AND
2 1 32851 32850 33300 XOR
2 1 14418 33300 33301 AND
2 1 33003 33301 33302 AND
2 1 33299 33302 33303 AND
2 1 69 33303 33304 AND
2 1 32828 33004 33305 AND
2 1 32848 32847 33306 XOR
2 1 14418 33306 33307 AND
2 1 33003 33307 33308 AND
2 1 33305 33308 33309 AND
2 1 68 33309 33310 AND
2 1 32835 33004 33311 AND
2 1 32845 32844 33312 XOR
2 1 14418 33312 33313 AND
2 1 33003 33313 33314 AND
2 1 33311 33314 33315 AND
2 1 67 33315 33316 AND
2 1 32838 33004 33317 AND
2 1 65 32838 32839 AND
2 1 65 32838 32840 AND
2 1 32839 32840 33318 AND
2 1 33318 14254 33319 XOR
2 1 14418 33319 33320 AND
2 1 33003 33320 33321 AND
2 1 33317 33321 33322 AND
2 1 66 33322 33323 AND
2 1 14741 33003 33324 AND
2 1 9 33324 33325 AND
2 1 14746 33003 33326 AND
2 1 33325 33326 33327 AND
2 1 14754 33327 33331 AND
2 1 14753 33331 33332 AND
2 1 33322 66 33333 XOR
2 1 33332 33333 33334 AND
2 1 33323 33334 33335 AND
2 1 33315 67 33336 XOR
2 1 33335 33336 33337 AND
2 1 33316 33337 33338 AND
2 1 33309 68 33339 XOR
2 1 33338 33339 33340 AND
2 1 33310 33340 33341 AND
2 1 33303 69 33342 XOR
2 1 33341 33342 33343 AND
2 1 33304 33343 33344 AND
2 1 33297 70 33345 XOR
2 1 33344 33345 33346 AND
2 1 33298 33346 33347 AND
2 1 33291 71 33348 XOR
2 1 33347 33348 33349 AND
2 1 33292 33349 33350 AND
2 1 33285 72 33351 XOR
2 1 33350 33351 33352 AND
2 1 33286 33352 33353 AND
2 1 33279 73 33354 XOR
2 1 33353 33354 33355 AND
2 1 33280 33355 33356 AND
2 1 33273 74 33357 XOR
2 1 33356 33357 33358 AND
2 1 33274 33358 33359 AND
2 1 33267 75 33360 XOR
2 1 33359 33360 33361 AND
2 1 33268 33361 33362 AND
2 1 33261 76 33363 XOR
2 1 33362 33363 33364 AND
2 1 33262 33364 33365 AND
2 1 33255 77 33366 XOR
2 1 33365 33366 33367 AND
2 1 33256 33367 33368 AND
2 1 33249 78 33369 XOR
2 1 33368 33369 33370 AND
2 1 33250 33370 33371 AND
2 1 33243 79 33372 XOR
2 1 33371 33372 33373 AND
2 1 33244 33373 33374 AND
2 1 33237 80 33375 XOR
2 1 33374 33375 33376 AND
2 1 33238 33376 33377 AND
2 1 33231 81 33378 XOR
2 1 33377 33378 33379 AND
2 1 33232 33379 33380 AND
2 1 33225 82 33381 XOR
2 1 33380 33381 33382 AND
2 1 33226 33382 33383 AND
2 1 33219 83 33384 XOR
2 1 33383 33384 33385 AND
2 1 33220 33385 33386 AND
2 1 33213 84 33387 XOR
2 1 33386 33387 33388 AND
2 1 33214 33388 33389 AND
2 1 33207 85 33390 XOR
2 1 33389 33390 33391 AND
2 1 33208 33391 33392 AND
2 1 33201 86 33393 XOR
2 1 33392 33393 33394 AND
2 1 33202 33394 33395 AND
2 1 33195 87 33396 XOR
2 1 33395 33396 33397 AND
2 1 33196 33397 33398 AND
2 1 33189 88 33399 XOR
2 1 33398 33399 33400 AND
2 1 33190 33400 33401 AND
2 1 33183 89 33402 XOR
2 1 33401 33402 33403 AND
2 1 33184 33403 33404 AND
2 1 33177 90 33405 XOR
2 1 33404 33405 33406 AND
2 1 33178 33406 33407 AND
2 1 33171 91 33408 XOR
2 1 33407 33408 33409 AND
2 1 33172 33409 33410 AND
2 1 33165 92 33411 XOR
2 1 33410 33411 33412 AND
2 1 33166 33412 33413 AND
2 1 33159 93 33414 XOR
2 1 33413 33414 33415 AND
2 1 33160 33415 33416 AND
2 1 33153 94 33417 XOR
2 1 33416 33417 33418 AND
2 1 33154 33418 33419 AND
2 1 33147 95 33420 XOR
2 1 33419 33420 33421 AND
2 1 33148 33421 33422 AND
2 1 33141 96 33423 XOR
2 1 33422 33423 33424 AND
2 1 33142 33424 33425 AND
2 1 33135 97 33426 XOR
2 1 33425 33426 33427 AND
2 1 33136 33427 33428 AND
2 1 33129 98 33429 XOR
2 1 33428 33429 33430 AND
2 1 33130 33430 33431 AND
2 1 33123 99 33432 XOR
2 1 33431 33432 33433 AND
2 1 33124 33433 33434 AND
2 1 33117 100 33435 XOR
2 1 33434 33435 33436 AND
2 1 33118 33436 33437 AND
2 1 33111 101 33438 XOR
2 1 33437 33438 33439 AND
2 1 33112 33439 33440 AND
2 1 33105 102 33441 XOR
2 1 33440 33441 33442 AND
2 1 33106 33442 33443 AND
2 1 33099 103 33444 XOR
2 1 33443 33444 33445 AND
2 1 33100 33445 33446 AND
2 1 33093 104 33447 XOR
2 1 33446 33447 33448 AND
2 1 33094 33448 33449 AND
2 1 33087 105 33450 XOR
2 1 33449 33450 33451 AND
2 1 33088 33451 33452 AND
2 1 33081 106 33453 XOR
2 1 33452 33453 33454 AND
2 1 33082 33454 33455 AND
2 1 33075 107 33456 XOR
2 1 33455 33456 33457 AND
2 1 33076 33457 33458 AND
2 1 33069 108 33459 XOR
2 1 33458 33459 33460 AND
2 1 33070 33460 33461 AND
2 1 33063 109 33462 XOR
2 1 33461 33462 33463 AND
2 1 33064 33463 33464 AND
2 1 33057 110 33465 XOR
2 1 33464 33465 33466 AND
2 1 33058 33466 33467 AND
2 1 33051 111 33468 XOR
2 1 33467 33468 33469 AND
2 1 33052 33469 33470 AND
2 1 33045 112 33471 XOR
2 1 33470 33471 33472 AND
2 1 33046 33472 33473 AND
2 1 33039 113 33474 XOR
2 1 33473 33474 33475 AND
2 1 33040 33475 33476 AND
2 1 33033 114 33477 XOR
2 1 33476 33477 33478 AND
2 1 33034 33478 33479 AND
2 1 33027 115 33480 XOR
2 1 33479 33480 33481 AND
2 1 33028 33481 33482 AND
2 1 33021 116 33483 XOR
2 1 33482 33483 33484 AND
2 1 33022 33484 33485 AND
2 1 33015 117 33486 XOR
2 1 33485 33486 33487 AND
2 1 33016 33487 33488 AND
2 1 33009 118 33489 XOR
2 1 33488 33489 33490 AND
2 1 33010 33490 33491 AND
2 1 32527 33004 33492 AND
2 1 33001 33000 33493 XOR
2 1 33004 33493 33494 AND
2 1 33492 33494 33495 AND
2 1 119 33495 33496 AND
2 1 119 33492 33497 AND
2 1 33494 33497 33498 AND
2 1 207 33498 33499 AND
2 1 33496 33499 33500 AND
2 1 33491 33500 33501 AND
2 1 14418 33495 33502 AND
2 1 33501 33502 33503 AND
2 1 33489 33488 33504 XOR
2 1 33503 33504 33505 AND
2 1 33009 33502 33506 AND
2 1 33501 33506 33507 AND
2 1 33505 33507 33508 AND
2 1 119 33508 33509 AND
2 1 33486 33485 33510 XOR
2 1 33503 33510 33511 AND
2 1 33015 33502 33512 AND
2 1 33501 33512 33513 AND
2 1 33511 33513 33514 AND
2 1 118 33514 33515 AND
2 1 33483 33482 33516 XOR
2 1 33503 33516 33517 AND
2 1 33021 33502 33518 AND
2 1 33501 33518 33519 AND
2 1 33517 33519 33520 AND
2 1 117 33520 33521 AND
2 1 33480 33479 33522 XOR
2 1 33503 33522 33523 AND
2 1 33027 33502 33524 AND
2 1 33501 33524 33525 AND
2 1 33523 33525 33526 AND
2 1 116 33526 33527 AND
2 1 33477 33476 33528 XOR
2 1 33503 33528 33529 AND
2 1 33033 33502 33530 AND
2 1 33501 33530 33531 AND
2 1 33529 33531 33532 AND
2 1 115 33532 33533 AND
2 1 33474 33473 33534 XOR
2 1 33503 33534 33535 AND
2 1 33039 33502 33536 AND
2 1 33501 33536 33537 AND
2 1 33535 33537 33538 AND
2 1 114 33538 33539 AND
2 1 33471 33470 33540 XOR
2 1 33503 33540 33541 AND
2 1 33045 33502 33542 AND
2 1 33501 33542 33543 AND
2 1 33541 33543 33544 AND
2 1 113 33544 33545 AND
2 1 33468 33467 33546 XOR
2 1 33503 33546 33547 AND
2 1 33051 33502 33548 AND
2 1 33501 33548 33549 AND
2 1 33547 33549 33550 AND
2 1 112 33550 33551 AND
2 1 33465 33464 33552 XOR
2 1 33503 33552 33553 AND
2 1 33057 33502 33554 AND
2 1 33501 33554 33555 AND
2 1 33553 33555 33556 AND
2 1 111 33556 33557 AND
2 1 33462 33461 33558 XOR
2 1 33503 33558 33559 AND
2 1 33063 33502 33560 AND
2 1 33501 33560 33561 AND
2 1 33559 33561 33562 AND
2 1 110 33562 33563 AND
2 1 33459 33458 33564 XOR
2 1 33503 33564 33565 AND
2 1 33069 33502 33566 AND
2 1 33501 33566 33567 AND
2 1 33565 33567 33568 AND
2 1 109 33568 33569 AND
2 1 33456 33455 33570 XOR
2 1 33503 33570 33571 AND
2 1 33075 33502 33572 AND
2 1 33501 33572 33573 AND
2 1 33571 33573 33574 AND
2 1 108 33574 33575 AND
2 1 33453 33452 33576 XOR
2 1 33503 33576 33577 AND
2 1 33081 33502 33578 AND
2 1 33501 33578 33579 AND
2 1 33577 33579 33580 AND
2 1 107 33580 33581 AND
2 1 33450 33449 33582 XOR
2 1 33503 33582 33583 AND
2 1 33087 33502 33584 AND
2 1 33501 33584 33585 AND
2 1 33583 33585 33586 AND
2 1 106 33586 33587 AND
2 1 33447 33446 33588 XOR
2 1 33503 33588 33589 AND
2 1 33093 33502 33590 AND
2 1 33501 33590 33591 AND
2 1 33589 33591 33592 AND
2 1 105 33592 33593 AND
2 1 33444 33443 33594 XOR
2 1 33503 33594 33595 AND
2 1 33099 33502 33596 AND
2 1 33501 33596 33597 AND
2 1 33595 33597 33598 AND
2 1 104 33598 33599 AND
2 1 33441 33440 33600 XOR
2 1 33503 33600 33601 AND
2 1 33105 33502 33602 AND
2 1 33501 33602 33603 AND
2 1 33601 33603 33604 AND
2 1 103 33604 33605 AND
2 1 33438 33437 33606 XOR
2 1 33503 33606 33607 AND
2 1 33111 33502 33608 AND
2 1 33501 33608 33609 AND
2 1 33607 33609 33610 AND
2 1 102 33610 33611 AND
2 1 33435 33434 33612 XOR
2 1 33503 33612 33613 AND
2 1 33117 33502 33614 AND
2 1 33501 33614 33615 AND
2 1 33613 33615 33616 AND
2 1 101 33616 33617 AND
2 1 33432 33431 33618 XOR
2 1 33503 33618 33619 AND
2 1 33123 33502 33620 AND
2 1 33501 33620 33621 AND
2 1 33619 33621 33622 AND
2 1 100 33622 33623 AND
2 1 33429 33428 33624 XOR
2 1 33503 33624 33625 AND
2 1 33129 33502 33626 AND
2 1 33501 33626 33627 AND
2 1 33625 33627 33628 AND
2 1 99 33628 33629 AND
2 1 33426 33425 33630 XOR
2 1 33503 33630 33631 AND
2 1 33135 33502 33632 AND
2 1 33501 33632 33633 AND
2 1 33631 33633 33634 AND
2 1 98 33634 33635 AND
2 1 33423 33422 33636 XOR
2 1 33503 33636 33637 AND
2 1 33141 33502 33638 AND
2 1 33501 33638 33639 AND
2 1 33637 33639 33640 AND
2 1 97 33640 33641 AND
2 1 33420 33419 33642 XOR
2 1 33503 33642 33643 AND
2 1 33147 33502 33644 AND
2 1 33501 33644 33645 AND
2 1 33643 33645 33646 AND
2 1 96 33646 33647 AND
2 1 33417 33416 33648 XOR
2 1 33503 33648 33649 AND
2 1 33153 33502 33650 AND
2 1 33501 33650 33651 AND
2 1 33649 33651 33652 AND
2 1 95 33652 33653 AND
2 1 33414 33413 33654 XOR
2 1 33503 33654 33655 AND
2 1 33159 33502 33656 AND
2 1 33501 33656 33657 AND
2 1 33655 33657 33658 AND
2 1 94 33658 33659 AND
2 1 33411 33410 33660 XOR
2 1 33503 33660 33661 AND
2 1 33165 33502 33662 AND
2 1 33501 33662 33663 AND
2 1 33661 33663 33664 AND
2 1 93 33664 33665 AND
2 1 33408 33407 33666 XOR
2 1 33503 33666 33667 AND
2 1 33171 33502 33668 AND
2 1 33501 33668 33669 AND
2 1 33667 33669 33670 AND
2 1 92 33670 33671 AND
2 1 33405 33404 33672 XOR
2 1 33503 33672 33673 AND
2 1 33177 33502 33674 AND
2 1 33501 33674 33675 AND
2 1 33673 33675 33676 AND
2 1 91 33676 33677 AND
2 1 33402 33401 33678 XOR
2 1 33503 33678 33679 AND
2 1 33183 33502 33680 AND
2 1 33501 33680 33681 AND
2 1 33679 33681 33682 AND
2 1 90 33682 33683 AND
2 1 33399 33398 33684 XOR
2 1 33503 33684 33685 AND
2 1 33189 33502 33686 AND
2 1 33501 33686 33687 AND
2 1 33685 33687 33688 AND
2 1 89 33688 33689 AND
2 1 33396 33395 33690 XOR
2 1 33503 33690 33691 AND
2 1 33195 33502 33692 AND
2 1 33501 33692 33693 AND
2 1 33691 33693 33694 AND
2 1 88 33694 33695 AND
2 1 33393 33392 33696 XOR
2 1 33503 33696 33697 AND
2 1 33201 33502 33698 AND
2 1 33501 33698 33699 AND
2 1 33697 33699 33700 AND
2 1 87 33700 33701 AND
2 1 33390 33389 33702 XOR
2 1 33503 33702 33703 AND
2 1 33207 33502 33704 AND
2 1 33501 33704 33705 AND
2 1 33703 33705 33706 AND
2 1 86 33706 33707 AND
2 1 33387 33386 33708 XOR
2 1 33503 33708 33709 AND
2 1 33213 33502 33710 AND
2 1 33501 33710 33711 AND
2 1 33709 33711 33712 AND
2 1 85 33712 33713 AND
2 1 33384 33383 33714 XOR
2 1 33503 33714 33715 AND
2 1 33219 33502 33716 AND
2 1 33501 33716 33717 AND
2 1 33715 33717 33718 AND
2 1 84 33718 33719 AND
2 1 33381 33380 33720 XOR
2 1 33503 33720 33721 AND
2 1 33225 33502 33722 AND
2 1 33501 33722 33723 AND
2 1 33721 33723 33724 AND
2 1 83 33724 33725 AND
2 1 33378 33377 33726 XOR
2 1 33503 33726 33727 AND
2 1 33231 33502 33728 AND
2 1 33501 33728 33729 AND
2 1 33727 33729 33730 AND
2 1 82 33730 33731 AND
2 1 33375 33374 33732 XOR
2 1 33503 33732 33733 AND
2 1 33237 33502 33734 AND
2 1 33501 33734 33735 AND
2 1 33733 33735 33736 AND
2 1 81 33736 33737 AND
2 1 33372 33371 33738 XOR
2 1 33503 33738 33739 AND
2 1 33243 33502 33740 AND
2 1 33501 33740 33741 AND
2 1 33739 33741 33742 AND
2 1 80 33742 33743 AND
2 1 33369 33368 33744 XOR
2 1 33503 33744 33745 AND
2 1 33249 33502 33746 AND
2 1 33501 33746 33747 AND
2 1 33745 33747 33748 AND
2 1 79 33748 33749 AND
2 1 33366 33365 33750 XOR
2 1 33503 33750 33751 AND
2 1 33255 33502 33752 AND
2 1 33501 33752 33753 AND
2 1 33751 33753 33754 AND
2 1 78 33754 33755 AND
2 1 33363 33362 33756 XOR
2 1 33503 33756 33757 AND
2 1 33261 33502 33758 AND
2 1 33501 33758 33759 AND
2 1 33757 33759 33760 AND
2 1 77 33760 33761 AND
2 1 33360 33359 33762 XOR
2 1 33503 33762 33763 AND
2 1 33267 33502 33764 AND
2 1 33501 33764 33765 AND
2 1 33763 33765 33766 AND
2 1 76 33766 33767 AND
2 1 33357 33356 33768 XOR
2 1 33503 33768 33769 AND
2 1 33273 33502 33770 AND
2 1 33501 33770 33771 AND
2 1 33769 33771 33772 AND
2 1 75 33772 33773 AND
2 1 33354 33353 33774 XOR
2 1 33503 33774 33775 AND
2 1 33279 33502 33776 AND
2 1 33501 33776 33777 AND
2 1 33775 33777 33778 AND
2 1 74 33778 33779 AND
2 1 33351 33350 33780 XOR
2 1 33503 33780 33781 AND
2 1 33285 33502 33782 AND
2 1 33501 33782 33783 AND
2 1 33781 33783 33784 AND
2 1 73 33784 33785 AND
2 1 33348 33347 33786 XOR
2 1 33503 33786 33787 AND
2 1 33291 33502 33788 AND
2 1 33501 33788 33789 AND
2 1 33787 33789 33790 AND
2 1 72 33790 33791 AND
2 1 33345 33344 33792 XOR
2 1 33503 33792 33793 AND
2 1 33297 33502 33794 AND
2 1 33501 33794 33795 AND
2 1 33793 33795 33796 AND
2 1 71 33796 33797 AND
2 1 33342 33341 33798 XOR
2 1 33503 33798 33799 AND
2 1 33303 33502 33800 AND
2 1 33501 33800 33801 AND
2 1 33799 33801 33802 AND
2 1 70 33802 33803 AND
2 1 33339 33338 33804 XOR
2 1 33503 33804 33805 AND
2 1 33309 33502 33806 AND
2 1 33501 33806 33807 AND
2 1 33805 33807 33808 AND
2 1 69 33808 33809 AND
2 1 33336 33335 33810 XOR
2 1 33503 33810 33811 AND
2 1 33315 33502 33812 AND
2 1 33501 33812 33813 AND
2 1 33811 33813 33814 AND
2 1 68 33814 33815 AND
2 1 33327 65 33328 XOR
2 1 14750 33328 33329 AND
2 1 65 33327 33330 AND
2 1 33329 33330 33816 AND
2 1 33816 33333 33817 XOR
2 1 33503 33817 33818 AND
2 1 33322 33502 33819 AND
2 1 33501 33819 33820 AND
2 1 33818 33820 33821 AND
2 1 67 33821 33822 AND
2 1 33327 15247 33823 XOR
2 1 33503 33823 33824 AND
2 1 33327 33502 33825 AND
2 1 33501 33825 33826 AND
2 1 33824 33826 33827 AND
2 1 66 33827 33828 AND
2 1 64 33503 33829 AND
2 1 33829 15258 33833 XOR
2 1 15260 33833 33834 AND
2 1 33829 8 33832 XOR
2 1 65 33832 33835 AND
2 1 33834 33835 33836 AND
2 1 33827 66 33837 XOR
2 1 33836 33837 33838 AND
2 1 33828 33838 33839 AND
2 1 33821 67 33840 XOR
2 1 33839 33840 33841 AND
2 1 33822 33841 33842 AND
2 1 33814 68 33843 XOR
2 1 33842 33843 33844 AND
2 1 33815 33844 33845 AND
2 1 33808 69 33846 XOR
2 1 33845 33846 33847 AND
2 1 33809 33847 33848 AND
2 1 33802 70 33849 XOR
2 1 33848 33849 33850 AND
2 1 33803 33850 33851 AND
2 1 33796 71 33852 XOR
2 1 33851 33852 33853 AND
2 1 33797 33853 33854 AND
2 1 33790 72 33855 XOR
2 1 33854 33855 33856 AND
2 1 33791 33856 33857 AND
2 1 33784 73 33858 XOR
2 1 33857 33858 33859 AND
2 1 33785 33859 33860 AND
2 1 33778 74 33861 XOR
2 1 33860 33861 33862 AND
2 1 33779 33862 33863 AND
2 1 33772 75 33864 XOR
2 1 33863 33864 33865 AND
2 1 33773 33865 33866 AND
2 1 33766 76 33867 XOR
2 1 33866 33867 33868 AND
2 1 33767 33868 33869 AND
2 1 33760 77 33870 XOR
2 1 33869 33870 33871 AND
2 1 33761 33871 33872 AND
2 1 33754 78 33873 XOR
2 1 33872 33873 33874 AND
2 1 33755 33874 33875 AND
2 1 33748 79 33876 XOR
2 1 33875 33876 33877 AND
2 1 33749 33877 33878 AND
2 1 33742 80 33879 XOR
2 1 33878 33879 33880 AND
2 1 33743 33880 33881 AND
2 1 33736 81 33882 XOR
2 1 33881 33882 33883 AND
2 1 33737 33883 33884 AND
2 1 33730 82 33885 XOR
2 1 33884 33885 33886 AND
2 1 33731 33886 33887 AND
2 1 33724 83 33888 XOR
2 1 33887 33888 33889 AND
2 1 33725 33889 33890 AND
2 1 33718 84 33891 XOR
2 1 33890 33891 33892 AND
2 1 33719 33892 33893 AND
2 1 33712 85 33894 XOR
2 1 33893 33894 33895 AND
2 1 33713 33895 33896 AND
2 1 33706 86 33897 XOR
2 1 33896 33897 33898 AND
2 1 33707 33898 33899 AND
2 1 33700 87 33900 XOR
2 1 33899 33900 33901 AND
2 1 33701 33901 33902 AND
2 1 33694 88 33903 XOR
2 1 33902 33903 33904 AND
2 1 33695 33904 33905 AND
2 1 33688 89 33906 XOR
2 1 33905 33906 33907 AND
2 1 33689 33907 33908 AND
2 1 33682 90 33909 XOR
2 1 33908 33909 33910 AND
2 1 33683 33910 33911 AND
2 1 33676 91 33912 XOR
2 1 33911 33912 33913 AND
2 1 33677 33913 33914 AND
2 1 33670 92 33915 XOR
2 1 33914 33915 33916 AND
2 1 33671 33916 33917 AND
2 1 33664 93 33918 XOR
2 1 33917 33918 33919 AND
2 1 33665 33919 33920 AND
2 1 33658 94 33921 XOR
2 1 33920 33921 33922 AND
2 1 33659 33922 33923 AND
2 1 33652 95 33924 XOR
2 1 33923 33924 33925 AND
2 1 33653 33925 33926 AND
2 1 33646 96 33927 XOR
2 1 33926 33927 33928 AND
2 1 33647 33928 33929 AND
2 1 33640 97 33930 XOR
2 1 33929 33930 33931 AND
2 1 33641 33931 33932 AND
2 1 33634 98 33933 XOR
2 1 33932 33933 33934 AND
2 1 33635 33934 33935 AND
2 1 33628 99 33936 XOR
2 1 33935 33936 33937 AND
2 1 33629 33937 33938 AND
2 1 33622 100 33939 XOR
2 1 33938 33939 33940 AND
2 1 33623 33940 33941 AND
2 1 33616 101 33942 XOR
2 1 33941 33942 33943 AND
2 1 33617 33943 33944 AND
2 1 33610 102 33945 XOR
2 1 33944 33945 33946 AND
2 1 33611 33946 33947 AND
2 1 33604 103 33948 XOR
2 1 33947 33948 33949 AND
2 1 33605 33949 33950 AND
2 1 33598 104 33951 XOR
2 1 33950 33951 33952 AND
2 1 33599 33952 33953 AND
2 1 33592 105 33954 XOR
2 1 33953 33954 33955 AND
2 1 33593 33955 33956 AND
2 1 33586 106 33957 XOR
2 1 33956 33957 33958 AND
2 1 33587 33958 33959 AND
2 1 33580 107 33960 XOR
2 1 33959 33960 33961 AND
2 1 33581 33961 33962 AND
2 1 33574 108 33963 XOR
2 1 33962 33963 33964 AND
2 1 33575 33964 33965 AND
2 1 33568 109 33966 XOR
2 1 33965 33966 33967 AND
2 1 33569 33967 33968 AND
2 1 33562 110 33969 XOR
2 1 33968 33969 33970 AND
2 1 33563 33970 33971 AND
2 1 33556 111 33972 XOR
2 1 33971 33972 33973 AND
2 1 33557 33973 33974 AND
2 1 33550 112 33975 XOR
2 1 33974 33975 33976 AND
2 1 33551 33976 33977 AND
2 1 33544 113 33978 XOR
2 1 33977 33978 33979 AND
2 1 33545 33979 33980 AND
2 1 33538 114 33981 XOR
2 1 33980 33981 33982 AND
2 1 33539 33982 33983 AND
2 1 33532 115 33984 XOR
2 1 33983 33984 33985 AND
2 1 33533 33985 33986 AND
2 1 33526 116 33987 XOR
2 1 33986 33987 33988 AND
2 1 33527 33988 33989 AND
2 1 33520 117 33990 XOR
2 1 33989 33990 33991 AND
2 1 33521 33991 33992 AND
2 1 33514 118 33993 XOR
2 1 33992 33993 33994 AND
2 1 33515 33994 33995 AND
2 1 33508 119 33996 XOR
2 1 33995 33996 33997 AND
2 1 33509 33997 33998 AND
2 1 33496 33498 33999 AND
2 1 33999 33491 34000 XOR
2 1 33503 34000 34001 AND
2 1 14418 32527 34002 AND
2 1 33501 34002 34003 AND
2 1 34001 34003 34004 AND
2 1 120 34004 34005 AND
2 1 120 34003 34006 AND
2 1 34001 34006 34007 AND
2 1 276 34007 34008 AND
2 1 34005 34008 34009 AND
2 1 33998 34009 34010 AND
2 1 207 34004 34011 AND
2 1 34010 34011 34012 AND
2 1 33996 33995 34013 XOR
2 1 34012 34013 34014 AND
2 1 33508 34011 34015 AND
2 1 34010 34015 34016 AND
2 1 34014 34016 34017 AND
2 1 34005 34007 34018 AND
2 1 34018 33998 34019 XOR
2 1 34012 34019 34020 AND
2 1 207 34004 34021 AND
2 1 34010 34021 34022 AND
2 1 34020 34022 34023 AND
2 1 121 34023 34024 AND
2 1 120 34017 34025 AND
2 1 33993 33992 34026 XOR
2 1 34012 34026 34027 AND
2 1 33514 34011 34028 AND
2 1 34010 34028 34029 AND
2 1 34027 34029 34030 AND
2 1 119 34030 34031 AND
2 1 33990 33989 34032 XOR
2 1 34012 34032 34033 AND
2 1 33520 34011 34034 AND
2 1 34010 34034 34035 AND
2 1 34033 34035 34036 AND
2 1 118 34036 34037 AND
2 1 33987 33986 34038 XOR
2 1 34012 34038 34039 AND
2 1 33526 34011 34040 AND
2 1 34010 34040 34041 AND
2 1 34039 34041 34042 AND
2 1 117 34042 34043 AND
2 1 33984 33983 34044 XOR
2 1 34012 34044 34045 AND
2 1 33532 34011 34046 AND
2 1 34010 34046 34047 AND
2 1 34045 34047 34048 AND
2 1 116 34048 34049 AND
2 1 33981 33980 34050 XOR
2 1 34012 34050 34051 AND
2 1 33538 34011 34052 AND
2 1 34010 34052 34053 AND
2 1 34051 34053 34054 AND
2 1 115 34054 34055 AND
2 1 33978 33977 34056 XOR
2 1 34012 34056 34057 AND
2 1 33544 34011 34058 AND
2 1 34010 34058 34059 AND
2 1 34057 34059 34060 AND
2 1 114 34060 34061 AND
2 1 33975 33974 34062 XOR
2 1 34012 34062 34063 AND
2 1 33550 34011 34064 AND
2 1 34010 34064 34065 AND
2 1 34063 34065 34066 AND
2 1 113 34066 34067 AND
2 1 33972 33971 34068 XOR
2 1 34012 34068 34069 AND
2 1 33556 34011 34070 AND
2 1 34010 34070 34071 AND
2 1 34069 34071 34072 AND
2 1 112 34072 34073 AND
2 1 33969 33968 34074 XOR
2 1 34012 34074 34075 AND
2 1 33562 34011 34076 AND
2 1 34010 34076 34077 AND
2 1 34075 34077 34078 AND
2 1 111 34078 34079 AND
2 1 33966 33965 34080 XOR
2 1 34012 34080 34081 AND
2 1 33568 34011 34082 AND
2 1 34010 34082 34083 AND
2 1 34081 34083 34084 AND
2 1 110 34084 34085 AND
2 1 33963 33962 34086 XOR
2 1 34012 34086 34087 AND
2 1 33574 34011 34088 AND
2 1 34010 34088 34089 AND
2 1 34087 34089 34090 AND
2 1 109 34090 34091 AND
2 1 33960 33959 34092 XOR
2 1 34012 34092 34093 AND
2 1 33580 34011 34094 AND
2 1 34010 34094 34095 AND
2 1 34093 34095 34096 AND
2 1 108 34096 34097 AND
2 1 33957 33956 34098 XOR
2 1 34012 34098 34099 AND
2 1 33586 34011 34100 AND
2 1 34010 34100 34101 AND
2 1 34099 34101 34102 AND
2 1 107 34102 34103 AND
2 1 33954 33953 34104 XOR
2 1 34012 34104 34105 AND
2 1 33592 34011 34106 AND
2 1 34010 34106 34107 AND
2 1 34105 34107 34108 AND
2 1 106 34108 34109 AND
2 1 33951 33950 34110 XOR
2 1 34012 34110 34111 AND
2 1 33598 34011 34112 AND
2 1 34010 34112 34113 AND
2 1 34111 34113 34114 AND
2 1 105 34114 34115 AND
2 1 33948 33947 34116 XOR
2 1 34012 34116 34117 AND
2 1 33604 34011 34118 AND
2 1 34010 34118 34119 AND
2 1 34117 34119 34120 AND
2 1 104 34120 34121 AND
2 1 33945 33944 34122 XOR
2 1 34012 34122 34123 AND
2 1 33610 34011 34124 AND
2 1 34010 34124 34125 AND
2 1 34123 34125 34126 AND
2 1 103 34126 34127 AND
2 1 33942 33941 34128 XOR
2 1 34012 34128 34129 AND
2 1 33616 34011 34130 AND
2 1 34010 34130 34131 AND
2 1 34129 34131 34132 AND
2 1 102 34132 34133 AND
2 1 33939 33938 34134 XOR
2 1 34012 34134 34135 AND
2 1 33622 34011 34136 AND
2 1 34010 34136 34137 AND
2 1 34135 34137 34138 AND
2 1 101 34138 34139 AND
2 1 33936 33935 34140 XOR
2 1 34012 34140 34141 AND
2 1 33628 34011 34142 AND
2 1 34010 34142 34143 AND
2 1 34141 34143 34144 AND
2 1 100 34144 34145 AND
2 1 33933 33932 34146 XOR
2 1 34012 34146 34147 AND
2 1 33634 34011 34148 AND
2 1 34010 34148 34149 AND
2 1 34147 34149 34150 AND
2 1 99 34150 34151 AND
2 1 33930 33929 34152 XOR
2 1 34012 34152 34153 AND
2 1 33640 34011 34154 AND
2 1 34010 34154 34155 AND
2 1 34153 34155 34156 AND
2 1 98 34156 34157 AND
2 1 33927 33926 34158 XOR
2 1 34012 34158 34159 AND
2 1 33646 34011 34160 AND
2 1 34010 34160 34161 AND
2 1 34159 34161 34162 AND
2 1 97 34162 34163 AND
2 1 33924 33923 34164 XOR
2 1 34012 34164 34165 AND
2 1 33652 34011 34166 AND
2 1 34010 34166 34167 AND
2 1 34165 34167 34168 AND
2 1 96 34168 34169 AND
2 1 33921 33920 34170 XOR
2 1 34012 34170 34171 AND
2 1 33658 34011 34172 AND
2 1 34010 34172 34173 AND
2 1 34171 34173 34174 AND
2 1 95 34174 34175 AND
2 1 33918 33917 34176 XOR
2 1 34012 34176 34177 AND
2 1 33664 34011 34178 AND
2 1 34010 34178 34179 AND
2 1 34177 34179 34180 AND
2 1 94 34180 34181 AND
2 1 33915 33914 34182 XOR
2 1 34012 34182 34183 AND
2 1 33670 34011 34184 AND
2 1 34010 34184 34185 AND
2 1 34183 34185 34186 AND
2 1 93 34186 34187 AND
2 1 33912 33911 34188 XOR
2 1 34012 34188 34189 AND
2 1 33676 34011 34190 AND
2 1 34010 34190 34191 AND
2 1 34189 34191 34192 AND
2 1 92 34192 34193 AND
2 1 33909 33908 34194 XOR
2 1 34012 34194 34195 AND
2 1 33682 34011 34196 AND
2 1 34010 34196 34197 AND
2 1 34195 34197 34198 AND
2 1 91 34198 34199 AND
2 1 33906 33905 34200 XOR
2 1 34012 34200 34201 AND
2 1 33688 34011 34202 AND
2 1 34010 34202 34203 AND
2 1 34201 34203 34204 AND
2 1 90 34204 34205 AND
2 1 33903 33902 34206 XOR
2 1 34012 34206 34207 AND
2 1 33694 34011 34208 AND
2 1 34010 34208 34209 AND
2 1 34207 34209 34210 AND
2 1 89 34210 34211 AND
2 1 33900 33899 34212 XOR
2 1 34012 34212 34213 AND
2 1 33700 34011 34214 AND
2 1 34010 34214 34215 AND
2 1 34213 34215 34216 AND
2 1 88 34216 34217 AND
2 1 33897 33896 34218 XOR
2 1 34012 34218 34219 AND
2 1 33706 34011 34220 AND
2 1 34010 34220 34221 AND
2 1 34219 34221 34222 AND
2 1 87 34222 34223 AND
2 1 33894 33893 34224 XOR
2 1 34012 34224 34225 AND
2 1 33712 34011 34226 AND
2 1 34010 34226 34227 AND
2 1 34225 34227 34228 AND
2 1 86 34228 34229 AND
2 1 33891 33890 34230 XOR
2 1 34012 34230 34231 AND
2 1 33718 34011 34232 AND
2 1 34010 34232 34233 AND
2 1 34231 34233 34234 AND
2 1 85 34234 34235 AND
2 1 33888 33887 34236 XOR
2 1 34012 34236 34237 AND
2 1 33724 34011 34238 AND
2 1 34010 34238 34239 AND
2 1 34237 34239 34240 AND
2 1 84 34240 34241 AND
2 1 33885 33884 34242 XOR
2 1 34012 34242 34243 AND
2 1 33730 34011 34244 AND
2 1 34010 34244 34245 AND
2 1 34243 34245 34246 AND
2 1 83 34246 34247 AND
2 1 33882 33881 34248 XOR
2 1 34012 34248 34249 AND
2 1 33736 34011 34250 AND
2 1 34010 34250 34251 AND
2 1 34249 34251 34252 AND
2 1 82 34252 34253 AND
2 1 33879 33878 34254 XOR
2 1 34012 34254 34255 AND
2 1 33742 34011 34256 AND
2 1 34010 34256 34257 AND
2 1 34255 34257 34258 AND
2 1 81 34258 34259 AND
2 1 33876 33875 34260 XOR
2 1 34012 34260 34261 AND
2 1 33748 34011 34262 AND
2 1 34010 34262 34263 AND
2 1 34261 34263 34264 AND
2 1 80 34264 34265 AND
2 1 33873 33872 34266 XOR
2 1 34012 34266 34267 AND
2 1 33754 34011 34268 AND
2 1 34010 34268 34269 AND
2 1 34267 34269 34270 AND
2 1 79 34270 34271 AND
2 1 33870 33869 34272 XOR
2 1 34012 34272 34273 AND
2 1 33760 34011 34274 AND
2 1 34010 34274 34275 AND
2 1 34273 34275 34276 AND
2 1 78 34276 34277 AND
2 1 33867 33866 34278 XOR
2 1 34012 34278 34279 AND
2 1 33766 34011 34280 AND
2 1 34010 34280 34281 AND
2 1 34279 34281 34282 AND
2 1 77 34282 34283 AND
2 1 33864 33863 34284 XOR
2 1 34012 34284 34285 AND
2 1 33772 34011 34286 AND
2 1 34010 34286 34287 AND
2 1 34285 34287 34288 AND
2 1 76 34288 34289 AND
2 1 33861 33860 34290 XOR
2 1 34012 34290 34291 AND
2 1 33778 34011 34292 AND
2 1 34010 34292 34293 AND
2 1 34291 34293 34294 AND
2 1 75 34294 34295 AND
2 1 33858 33857 34296 XOR
2 1 34012 34296 34297 AND
2 1 33784 34011 34298 AND
2 1 34010 34298 34299 AND
2 1 34297 34299 34300 AND
2 1 74 34300 34301 AND
2 1 33855 33854 34302 XOR
2 1 34012 34302 34303 AND
2 1 33790 34011 34304 AND
2 1 34010 34304 34305 AND
2 1 34303 34305 34306 AND
2 1 73 34306 34307 AND
2 1 33852 33851 34308 XOR
2 1 34012 34308 34309 AND
2 1 33796 34011 34310 AND
2 1 34010 34310 34311 AND
2 1 34309 34311 34312 AND
2 1 72 34312 34313 AND
2 1 33849 33848 34314 XOR
2 1 34012 34314 34315 AND
2 1 33802 34011 34316 AND
2 1 34010 34316 34317 AND
2 1 34315 34317 34318 AND
2 1 71 34318 34319 AND
2 1 33846 33845 34320 XOR
2 1 34012 34320 34321 AND
2 1 33808 34011 34322 AND
2 1 34010 34322 34323 AND
2 1 34321 34323 34324 AND
2 1 70 34324 34325 AND
2 1 33843 33842 34326 XOR
2 1 34012 34326 34327 AND
2 1 33814 34011 34328 AND
2 1 34010 34328 34329 AND
2 1 34327 34329 34330 AND
2 1 69 34330 34331 AND
2 1 33840 33839 34332 XOR
2 1 34012 34332 34333 AND
2 1 33821 34011 34334 AND
2 1 34010 34334 34335 AND
2 1 34333 34335 34336 AND
2 1 68 34336 34337 AND
2 1 33837 33836 34338 XOR
2 1 34012 34338 34339 AND
2 1 33827 34011 34340 AND
2 1 34010 34340 34341 AND
2 1 34339 34341 34342 AND
2 1 67 34342 34343 AND
2 1 8 33829 33830 AND
2 1 14750 33503 33831 AND
2 1 33830 33831 34344 AND
2 1 34344 15772 34345 XOR
2 1 34012 34345 34346 AND
2 1 33832 34011 34347 AND
2 1 34010 34347 34348 AND
2 1 34346 34348 34349 AND
2 1 66 34349 34350 AND
2 1 64 34012 34351 AND
2 1 34351 15783 34355 XOR
2 1 15785 34355 34356 AND
2 1 34351 7 34352 XOR
2 1 65 34352 34357 AND
2 1 34356 34357 34358 AND
2 1 34349 66 34359 XOR
2 1 34358 34359 34360 AND
2 1 34350 34360 34361 AND
2 1 34342 67 34362 XOR
2 1 34361 34362 34363 AND
2 1 34343 34363 34364 AND
2 1 34336 68 34365 XOR
2 1 34364 34365 34366 AND
2 1 34337 34366 34367 AND
2 1 34330 69 34368 XOR
2 1 34367 34368 34369 AND
2 1 34331 34369 34370 AND
2 1 34324 70 34371 XOR
2 1 34370 34371 34372 AND
2 1 34325 34372 34373 AND
2 1 34318 71 34374 XOR
2 1 34373 34374 34375 AND
2 1 34319 34375 34376 AND
2 1 34312 72 34377 XOR
2 1 34376 34377 34378 AND
2 1 34313 34378 34379 AND
2 1 34306 73 34380 XOR
2 1 34379 34380 34381 AND
2 1 34307 34381 34382 AND
2 1 34300 74 34383 XOR
2 1 34382 34383 34384 AND
2 1 34301 34384 34385 AND
2 1 34294 75 34386 XOR
2 1 34385 34386 34387 AND
2 1 34295 34387 34388 AND
2 1 34288 76 34389 XOR
2 1 34388 34389 34390 AND
2 1 34289 34390 34391 AND
2 1 34282 77 34392 XOR
2 1 34391 34392 34393 AND
2 1 34283 34393 34394 AND
2 1 34276 78 34395 XOR
2 1 34394 34395 34396 AND
2 1 34277 34396 34397 AND
2 1 34270 79 34398 XOR
2 1 34397 34398 34399 AND
2 1 34271 34399 34400 AND
2 1 34264 80 34401 XOR
2 1 34400 34401 34402 AND
2 1 34265 34402 34403 AND
2 1 34258 81 34404 XOR
2 1 34403 34404 34405 AND
2 1 34259 34405 34406 AND
2 1 34252 82 34407 XOR
2 1 34406 34407 34408 AND
2 1 34253 34408 34409 AND
2 1 34246 83 34410 XOR
2 1 34409 34410 34411 AND
2 1 34247 34411 34412 AND
2 1 34240 84 34413 XOR
2 1 34412 34413 34414 AND
2 1 34241 34414 34415 AND
2 1 34234 85 34416 XOR
2 1 34415 34416 34417 AND
2 1 34235 34417 34418 AND
2 1 34228 86 34419 XOR
2 1 34418 34419 34420 AND
2 1 34229 34420 34421 AND
2 1 34222 87 34422 XOR
2 1 34421 34422 34423 AND
2 1 34223 34423 34424 AND
2 1 34216 88 34425 XOR
2 1 34424 34425 34426 AND
2 1 34217 34426 34427 AND
2 1 34210 89 34428 XOR
2 1 34427 34428 34429 AND
2 1 34211 34429 34430 AND
2 1 34204 90 34431 XOR
2 1 34430 34431 34432 AND
2 1 34205 34432 34433 AND
2 1 34198 91 34434 XOR
2 1 34433 34434 34435 AND
2 1 34199 34435 34436 AND
2 1 34192 92 34437 XOR
2 1 34436 34437 34438 AND
2 1 34193 34438 34439 AND
2 1 34186 93 34440 XOR
2 1 34439 34440 34441 AND
2 1 34187 34441 34442 AND
2 1 34180 94 34443 XOR
2 1 34442 34443 34444 AND
2 1 34181 34444 34445 AND
2 1 34174 95 34446 XOR
2 1 34445 34446 34447 AND
2 1 34175 34447 34448 AND
2 1 34168 96 34449 XOR
2 1 34448 34449 34450 AND
2 1 34169 34450 34451 AND
2 1 34162 97 34452 XOR
2 1 34451 34452 34453 AND
2 1 34163 34453 34454 AND
2 1 34156 98 34455 XOR
2 1 34454 34455 34456 AND
2 1 34157 34456 34457 AND
2 1 34150 99 34458 XOR
2 1 34457 34458 34459 AND
2 1 34151 34459 34460 AND
2 1 34144 100 34461 XOR
2 1 34460 34461 34462 AND
2 1 34145 34462 34463 AND
2 1 34138 101 34464 XOR
2 1 34463 34464 34465 AND
2 1 34139 34465 34466 AND
2 1 34132 102 34467 XOR
2 1 34466 34467 34468 AND
2 1 34133 34468 34469 AND
2 1 34126 103 34470 XOR
2 1 34469 34470 34471 AND
2 1 34127 34471 34472 AND
2 1 34120 104 34473 XOR
2 1 34472 34473 34474 AND
2 1 34121 34474 34475 AND
2 1 34114 105 34476 XOR
2 1 34475 34476 34477 AND
2 1 34115 34477 34478 AND
2 1 34108 106 34479 XOR
2 1 34478 34479 34480 AND
2 1 34109 34480 34481 AND
2 1 34102 107 34482 XOR
2 1 34481 34482 34483 AND
2 1 34103 34483 34484 AND
2 1 34096 108 34485 XOR
2 1 34484 34485 34486 AND
2 1 34097 34486 34487 AND
2 1 34090 109 34488 XOR
2 1 34487 34488 34489 AND
2 1 34091 34489 34490 AND
2 1 34084 110 34491 XOR
2 1 34490 34491 34492 AND
2 1 34085 34492 34493 AND
2 1 34078 111 34494 XOR
2 1 34493 34494 34495 AND
2 1 34079 34495 34496 AND
2 1 34072 112 34497 XOR
2 1 34496 34497 34498 AND
2 1 34073 34498 34499 AND
2 1 34066 113 34500 XOR
2 1 34499 34500 34501 AND
2 1 34067 34501 34502 AND
2 1 34060 114 34503 XOR
2 1 34502 34503 34504 AND
2 1 34061 34504 34505 AND
2 1 34054 115 34506 XOR
2 1 34505 34506 34507 AND
2 1 34055 34507 34508 AND
2 1 34048 116 34509 XOR
2 1 34508 34509 34510 AND
2 1 34049 34510 34511 AND
2 1 34042 117 34512 XOR
2 1 34511 34512 34513 AND
2 1 34043 34513 34514 AND
2 1 34036 118 34515 XOR
2 1 34514 34515 34516 AND
2 1 34037 34516 34517 AND
2 1 34030 119 34518 XOR
2 1 34517 34518 34519 AND
2 1 34031 34519 34520 AND
2 1 34017 120 34521 XOR
2 1 34520 34521 34522 AND
2 1 34025 34522 34523 AND
2 1 34023 121 34524 XOR
2 1 34523 34524 34525 AND
2 1 34024 34525 34526 AND
2 1 15957 34526 34527 AND
2 1 34017 34527 34528 AND
2 1 34521 34520 34529 XOR
2 1 15957 34529 34530 AND
2 1 34526 34530 34531 AND
2 1 34528 34531 34532 AND
2 1 121 34532 34533 AND
2 1 34030 34527 34534 AND
2 1 34518 34517 34535 XOR
2 1 15957 34535 34536 AND
2 1 34526 34536 34537 AND
2 1 34534 34537 34538 AND
2 1 120 34538 34539 AND
2 1 34036 34527 34540 AND
2 1 34515 34514 34541 XOR
2 1 15957 34541 34542 AND
2 1 34526 34542 34543 AND
2 1 34540 34543 34544 AND
2 1 119 34544 34545 AND
2 1 34042 34527 34546 AND
2 1 34512 34511 34547 XOR
2 1 15957 34547 34548 AND
2 1 34526 34548 34549 AND
2 1 34546 34549 34550 AND
2 1 118 34550 34551 AND
2 1 34048 34527 34552 AND
2 1 34509 34508 34553 XOR
2 1 15957 34553 34554 AND
2 1 34526 34554 34555 AND
2 1 34552 34555 34556 AND
2 1 117 34556 34557 AND
2 1 34054 34527 34558 AND
2 1 34506 34505 34559 XOR
2 1 15957 34559 34560 AND
2 1 34526 34560 34561 AND
2 1 34558 34561 34562 AND
2 1 116 34562 34563 AND
2 1 34060 34527 34564 AND
2 1 34503 34502 34565 XOR
2 1 15957 34565 34566 AND
2 1 34526 34566 34567 AND
2 1 34564 34567 34568 AND
2 1 115 34568 34569 AND
2 1 34066 34527 34570 AND
2 1 34500 34499 34571 XOR
2 1 15957 34571 34572 AND
2 1 34526 34572 34573 AND
2 1 34570 34573 34574 AND
2 1 114 34574 34575 AND
2 1 34072 34527 34576 AND
2 1 34497 34496 34577 XOR
2 1 15957 34577 34578 AND
2 1 34526 34578 34579 AND
2 1 34576 34579 34580 AND
2 1 113 34580 34581 AND
2 1 34078 34527 34582 AND
2 1 34494 34493 34583 XOR
2 1 15957 34583 34584 AND
2 1 34526 34584 34585 AND
2 1 34582 34585 34586 AND
2 1 112 34586 34587 AND
2 1 34084 34527 34588 AND
2 1 34491 34490 34589 XOR
2 1 15957 34589 34590 AND
2 1 34526 34590 34591 AND
2 1 34588 34591 34592 AND
2 1 111 34592 34593 AND
2 1 34090 34527 34594 AND
2 1 34488 34487 34595 XOR
2 1 15957 34595 34596 AND
2 1 34526 34596 34597 AND
2 1 34594 34597 34598 AND
2 1 110 34598 34599 AND
2 1 34096 34527 34600 AND
2 1 34485 34484 34601 XOR
2 1 15957 34601 34602 AND
2 1 34526 34602 34603 AND
2 1 34600 34603 34604 AND
2 1 109 34604 34605 AND
2 1 34102 34527 34606 AND
2 1 34482 34481 34607 XOR
2 1 15957 34607 34608 AND
2 1 34526 34608 34609 AND
2 1 34606 34609 34610 AND
2 1 108 34610 34611 AND
2 1 34108 34527 34612 AND
2 1 34479 34478 34613 XOR
2 1 15957 34613 34614 AND
2 1 34526 34614 34615 AND
2 1 34612 34615 34616 AND
2 1 107 34616 34617 AND
2 1 34114 34527 34618 AND
2 1 34476 34475 34619 XOR
2 1 15957 34619 34620 AND
2 1 34526 34620 34621 AND
2 1 34618 34621 34622 AND
2 1 106 34622 34623 AND
2 1 34120 34527 34624 AND
2 1 34473 34472 34625 XOR
2 1 15957 34625 34626 AND
2 1 34526 34626 34627 AND
2 1 34624 34627 34628 AND
2 1 105 34628 34629 AND
2 1 34126 34527 34630 AND
2 1 34470 34469 34631 XOR
2 1 15957 34631 34632 AND
2 1 34526 34632 34633 AND
2 1 34630 34633 34634 AND
2 1 104 34634 34635 AND
2 1 34132 34527 34636 AND
2 1 34467 34466 34637 XOR
2 1 15957 34637 34638 AND
2 1 34526 34638 34639 AND
2 1 34636 34639 34640 AND
2 1 103 34640 34641 AND
2 1 34138 34527 34642 AND
2 1 34464 34463 34643 XOR
2 1 15957 34643 34644 AND
2 1 34526 34644 34645 AND
2 1 34642 34645 34646 AND
2 1 102 34646 34647 AND
2 1 34144 34527 34648 AND
2 1 34461 34460 34649 XOR
2 1 15957 34649 34650 AND
2 1 34526 34650 34651 AND
2 1 34648 34651 34652 AND
2 1 101 34652 34653 AND
2 1 34150 34527 34654 AND
2 1 34458 34457 34655 XOR
2 1 15957 34655 34656 AND
2 1 34526 34656 34657 AND
2 1 34654 34657 34658 AND
2 1 100 34658 34659 AND
2 1 34156 34527 34660 AND
2 1 34455 34454 34661 XOR
2 1 15957 34661 34662 AND
2 1 34526 34662 34663 AND
2 1 34660 34663 34664 AND
2 1 99 34664 34665 AND
2 1 34162 34527 34666 AND
2 1 34452 34451 34667 XOR
2 1 15957 34667 34668 AND
2 1 34526 34668 34669 AND
2 1 34666 34669 34670 AND
2 1 98 34670 34671 AND
2 1 34168 34527 34672 AND
2 1 34449 34448 34673 XOR
2 1 15957 34673 34674 AND
2 1 34526 34674 34675 AND
2 1 34672 34675 34676 AND
2 1 97 34676 34677 AND
2 1 34174 34527 34678 AND
2 1 34446 34445 34679 XOR
2 1 15957 34679 34680 AND
2 1 34526 34680 34681 AND
2 1 34678 34681 34682 AND
2 1 96 34682 34683 AND
2 1 34180 34527 34684 AND
2 1 34443 34442 34685 XOR
2 1 15957 34685 34686 AND
2 1 34526 34686 34687 AND
2 1 34684 34687 34688 AND
2 1 95 34688 34689 AND
2 1 34186 34527 34690 AND
2 1 34440 34439 34691 XOR
2 1 15957 34691 34692 AND
2 1 34526 34692 34693 AND
2 1 34690 34693 34694 AND
2 1 94 34694 34695 AND
2 1 34192 34527 34696 AND
2 1 34437 34436 34697 XOR
2 1 15957 34697 34698 AND
2 1 34526 34698 34699 AND
2 1 34696 34699 34700 AND
2 1 93 34700 34701 AND
2 1 34198 34527 34702 AND
2 1 34434 34433 34703 XOR
2 1 15957 34703 34704 AND
2 1 34526 34704 34705 AND
2 1 34702 34705 34706 AND
2 1 92 34706 34707 AND
2 1 34204 34527 34708 AND
2 1 34431 34430 34709 XOR
2 1 15957 34709 34710 AND
2 1 34526 34710 34711 AND
2 1 34708 34711 34712 AND
2 1 91 34712 34713 AND
2 1 34210 34527 34714 AND
2 1 34428 34427 34715 XOR
2 1 15957 34715 34716 AND
2 1 34526 34716 34717 AND
2 1 34714 34717 34718 AND
2 1 90 34718 34719 AND
2 1 34216 34527 34720 AND
2 1 34425 34424 34721 XOR
2 1 15957 34721 34722 AND
2 1 34526 34722 34723 AND
2 1 34720 34723 34724 AND
2 1 89 34724 34725 AND
2 1 34222 34527 34726 AND
2 1 34422 34421 34727 XOR
2 1 15957 34727 34728 AND
2 1 34526 34728 34729 AND
2 1 34726 34729 34730 AND
2 1 88 34730 34731 AND
2 1 34228 34527 34732 AND
2 1 34419 34418 34733 XOR
2 1 15957 34733 34734 AND
2 1 34526 34734 34735 AND
2 1 34732 34735 34736 AND
2 1 87 34736 34737 AND
2 1 34234 34527 34738 AND
2 1 34416 34415 34739 XOR
2 1 15957 34739 34740 AND
2 1 34526 34740 34741 AND
2 1 34738 34741 34742 AND
2 1 86 34742 34743 AND
2 1 34240 34527 34744 AND
2 1 34413 34412 34745 XOR
2 1 15957 34745 34746 AND
2 1 34526 34746 34747 AND
2 1 34744 34747 34748 AND
2 1 85 34748 34749 AND
2 1 34246 34527 34750 AND
2 1 34410 34409 34751 XOR
2 1 15957 34751 34752 AND
2 1 34526 34752 34753 AND
2 1 34750 34753 34754 AND
2 1 84 34754 34755 AND
2 1 34252 34527 34756 AND
2 1 34407 34406 34757 XOR
2 1 15957 34757 34758 AND
2 1 34526 34758 34759 AND
2 1 34756 34759 34760 AND
2 1 83 34760 34761 AND
2 1 34258 34527 34762 AND
2 1 34404 34403 34763 XOR
2 1 15957 34763 34764 AND
2 1 34526 34764 34765 AND
2 1 34762 34765 34766 AND
2 1 82 34766 34767 AND
2 1 34264 34527 34768 AND
2 1 34401 34400 34769 XOR
2 1 15957 34769 34770 AND
2 1 34526 34770 34771 AND
2 1 34768 34771 34772 AND
2 1 81 34772 34773 AND
2 1 34270 34527 34774 AND
2 1 34398 34397 34775 XOR
2 1 15957 34775 34776 AND
2 1 34526 34776 34777 AND
2 1 34774 34777 34778 AND
2 1 80 34778 34779 AND
2 1 34276 34527 34780 AND
2 1 34395 34394 34781 XOR
2 1 15957 34781 34782 AND
2 1 34526 34782 34783 AND
2 1 34780 34783 34784 AND
2 1 79 34784 34785 AND
2 1 34282 34527 34786 AND
2 1 34392 34391 34787 XOR
2 1 15957 34787 34788 AND
2 1 34526 34788 34789 AND
2 1 34786 34789 34790 AND
2 1 78 34790 34791 AND
2 1 34288 34527 34792 AND
2 1 34389 34388 34793 XOR
2 1 15957 34793 34794 AND
2 1 34526 34794 34795 AND
2 1 34792 34795 34796 AND
2 1 77 34796 34797 AND
2 1 34294 34527 34798 AND
2 1 34386 34385 34799 XOR
2 1 15957 34799 34800 AND
2 1 34526 34800 34801 AND
2 1 34798 34801 34802 AND
2 1 76 34802 34803 AND
2 1 34300 34527 34804 AND
2 1 34383 34382 34805 XOR
2 1 15957 34805 34806 AND
2 1 34526 34806 34807 AND
2 1 34804 34807 34808 AND
2 1 75 34808 34809 AND
2 1 34306 34527 34810 AND
2 1 34380 34379 34811 XOR
2 1 15957 34811 34812 AND
2 1 34526 34812 34813 AND
2 1 34810 34813 34814 AND
2 1 74 34814 34815 AND
2 1 34312 34527 34816 AND
2 1 34377 34376 34817 XOR
2 1 15957 34817 34818 AND
2 1 34526 34818 34819 AND
2 1 34816 34819 34820 AND
2 1 73 34820 34821 AND
2 1 34318 34527 34822 AND
2 1 34374 34373 34823 XOR
2 1 15957 34823 34824 AND
2 1 34526 34824 34825 AND
2 1 34822 34825 34826 AND
2 1 72 34826 34827 AND
2 1 34324 34527 34828 AND
2 1 34371 34370 34829 XOR
2 1 15957 34829 34830 AND
2 1 34526 34830 34831 AND
2 1 34828 34831 34832 AND
2 1 71 34832 34833 AND
2 1 34330 34527 34834 AND
2 1 34368 34367 34835 XOR
2 1 15957 34835 34836 AND
2 1 34526 34836 34837 AND
2 1 34834 34837 34838 AND
2 1 70 34838 34839 AND
2 1 34336 34527 34840 AND
2 1 34365 34364 34841 XOR
2 1 15957 34841 34842 AND
2 1 34526 34842 34843 AND
2 1 34840 34843 34844 AND
2 1 69 34844 34845 AND
2 1 34342 34527 34846 AND
2 1 34362 34361 34847 XOR
2 1 15957 34847 34848 AND
2 1 34526 34848 34849 AND
2 1 34846 34849 34850 AND
2 1 68 34850 34851 AND
2 1 34349 34527 34852 AND
2 1 34359 34358 34853 XOR
2 1 15957 34853 34854 AND
2 1 34526 34854 34855 AND
2 1 34852 34855 34856 AND
2 1 67 34856 34857 AND
2 1 34352 34527 34858 AND
2 1 65 34352 34353 AND
2 1 65 34352 34354 AND
2 1 34353 34354 34859 AND
2 1 34859 15785 34860 XOR
2 1 15957 34860 34861 AND
2 1 34526 34861 34862 AND
2 1 34858 34862 34863 AND
2 1 66 34863 34864 AND
2 1 16298 34526 34865 AND
2 1 6 34865 34866 AND
2 1 16302 34526 34867 AND
2 1 34866 34867 34868 AND
2 1 16310 34868 34872 AND
2 1 16309 34872 34873 AND
2 1 34863 66 34874 XOR
2 1 34873 34874 34875 AND
2 1 34864 34875 34876 AND
2 1 34856 67 34877 XOR
2 1 34876 34877 34878 AND
2 1 34857 34878 34879 AND
2 1 34850 68 34880 XOR
2 1 34879 34880 34881 AND
2 1 34851 34881 34882 AND
2 1 34844 69 34883 XOR
2 1 34882 34883 34884 AND
2 1 34845 34884 34885 AND
2 1 34838 70 34886 XOR
2 1 34885 34886 34887 AND
2 1 34839 34887 34888 AND
2 1 34832 71 34889 XOR
2 1 34888 34889 34890 AND
2 1 34833 34890 34891 AND
2 1 34826 72 34892 XOR
2 1 34891 34892 34893 AND
2 1 34827 34893 34894 AND
2 1 34820 73 34895 XOR
2 1 34894 34895 34896 AND
2 1 34821 34896 34897 AND
2 1 34814 74 34898 XOR
2 1 34897 34898 34899 AND
2 1 34815 34899 34900 AND
2 1 34808 75 34901 XOR
2 1 34900 34901 34902 AND
2 1 34809 34902 34903 AND
2 1 34802 76 34904 XOR
2 1 34903 34904 34905 AND
2 1 34803 34905 34906 AND
2 1 34796 77 34907 XOR
2 1 34906 34907 34908 AND
2 1 34797 34908 34909 AND
2 1 34790 78 34910 XOR
2 1 34909 34910 34911 AND
2 1 34791 34911 34912 AND
2 1 34784 79 34913 XOR
2 1 34912 34913 34914 AND
2 1 34785 34914 34915 AND
2 1 34778 80 34916 XOR
2 1 34915 34916 34917 AND
2 1 34779 34917 34918 AND
2 1 34772 81 34919 XOR
2 1 34918 34919 34920 AND
2 1 34773 34920 34921 AND
2 1 34766 82 34922 XOR
2 1 34921 34922 34923 AND
2 1 34767 34923 34924 AND
2 1 34760 83 34925 XOR
2 1 34924 34925 34926 AND
2 1 34761 34926 34927 AND
2 1 34754 84 34928 XOR
2 1 34927 34928 34929 AND
2 1 34755 34929 34930 AND
2 1 34748 85 34931 XOR
2 1 34930 34931 34932 AND
2 1 34749 34932 34933 AND
2 1 34742 86 34934 XOR
2 1 34933 34934 34935 AND
2 1 34743 34935 34936 AND
2 1 34736 87 34937 XOR
2 1 34936 34937 34938 AND
2 1 34737 34938 34939 AND
2 1 34730 88 34940 XOR
2 1 34939 34940 34941 AND
2 1 34731 34941 34942 AND
2 1 34724 89 34943 XOR
2 1 34942 34943 34944 AND
2 1 34725 34944 34945 AND
2 1 34718 90 34946 XOR
2 1 34945 34946 34947 AND
2 1 34719 34947 34948 AND
2 1 34712 91 34949 XOR
2 1 34948 34949 34950 AND
2 1 34713 34950 34951 AND
2 1 34706 92 34952 XOR
2 1 34951 34952 34953 AND
2 1 34707 34953 34954 AND
2 1 34700 93 34955 XOR
2 1 34954 34955 34956 AND
2 1 34701 34956 34957 AND
2 1 34694 94 34958 XOR
2 1 34957 34958 34959 AND
2 1 34695 34959 34960 AND
2 1 34688 95 34961 XOR
2 1 34960 34961 34962 AND
2 1 34689 34962 34963 AND
2 1 34682 96 34964 XOR
2 1 34963 34964 34965 AND
2 1 34683 34965 34966 AND
2 1 34676 97 34967 XOR
2 1 34966 34967 34968 AND
2 1 34677 34968 34969 AND
2 1 34670 98 34970 XOR
2 1 34969 34970 34971 AND
2 1 34671 34971 34972 AND
2 1 34664 99 34973 XOR
2 1 34972 34973 34974 AND
2 1 34665 34974 34975 AND
2 1 34658 100 34976 XOR
2 1 34975 34976 34977 AND
2 1 34659 34977 34978 AND
2 1 34652 101 34979 XOR
2 1 34978 34979 34980 AND
2 1 34653 34980 34981 AND
2 1 34646 102 34982 XOR
2 1 34981 34982 34983 AND
2 1 34647 34983 34984 AND
2 1 34640 103 34985 XOR
2 1 34984 34985 34986 AND
2 1 34641 34986 34987 AND
2 1 34634 104 34988 XOR
2 1 34987 34988 34989 AND
2 1 34635 34989 34990 AND
2 1 34628 105 34991 XOR
2 1 34990 34991 34992 AND
2 1 34629 34992 34993 AND
2 1 34622 106 34994 XOR
2 1 34993 34994 34995 AND
2 1 34623 34995 34996 AND
2 1 34616 107 34997 XOR
2 1 34996 34997 34998 AND
2 1 34617 34998 34999 AND
2 1 34610 108 35000 XOR
2 1 34999 35000 35001 AND
2 1 34611 35001 35002 AND
2 1 34604 109 35003 XOR
2 1 35002 35003 35004 AND
2 1 34605 35004 35005 AND
2 1 34598 110 35006 XOR
2 1 35005 35006 35007 AND
2 1 34599 35007 35008 AND
2 1 34592 111 35009 XOR
2 1 35008 35009 35010 AND
2 1 34593 35010 35011 AND
2 1 34586 112 35012 XOR
2 1 35011 35012 35013 AND
2 1 34587 35013 35014 AND
2 1 34580 113 35015 XOR
2 1 35014 35015 35016 AND
2 1 34581 35016 35017 AND
2 1 34574 114 35018 XOR
2 1 35017 35018 35019 AND
2 1 34575 35019 35020 AND
2 1 34568 115 35021 XOR
2 1 35020 35021 35022 AND
2 1 34569 35022 35023 AND
2 1 34562 116 35024 XOR
2 1 35023 35024 35025 AND
2 1 34563 35025 35026 AND
2 1 34556 117 35027 XOR
2 1 35026 35027 35028 AND
2 1 34557 35028 35029 AND
2 1 34550 118 35030 XOR
2 1 35029 35030 35031 AND
2 1 34551 35031 35032 AND
2 1 34544 119 35033 XOR
2 1 35032 35033 35034 AND
2 1 34545 35034 35035 AND
2 1 34538 120 35036 XOR
2 1 35035 35036 35037 AND
2 1 34539 35037 35038 AND
2 1 34532 121 35039 XOR
2 1 35038 35039 35040 AND
2 1 34533 35040 35041 AND
2 1 34023 34527 35042 AND
2 1 34524 34523 35043 XOR
2 1 34527 35043 35044 AND
2 1 35042 35044 35045 AND
2 1 122 35045 35046 AND
2 1 122 35042 35047 AND
2 1 35044 35047 35048 AND
2 1 16488 35048 35049 AND
2 1 35046 35049 35050 AND
2 1 35041 35050 35051 AND
2 1 15957 35045 35052 AND
2 1 35051 35052 35053 AND
2 1 35039 35038 35054 XOR
2 1 35053 35054 35055 AND
2 1 34532 35052 35056 AND
2 1 35051 35056 35057 AND
2 1 35055 35057 35058 AND
2 1 122 35058 35059 AND
2 1 35036 35035 35060 XOR
2 1 35053 35060 35061 AND
2 1 34538 35052 35062 AND
2 1 35051 35062 35063 AND
2 1 35061 35063 35064 AND
2 1 121 35064 35065 AND
2 1 35033 35032 35066 XOR
2 1 35053 35066 35067 AND
2 1 34544 35052 35068 AND
2 1 35051 35068 35069 AND
2 1 35067 35069 35070 AND
2 1 120 35070 35071 AND
2 1 35030 35029 35072 XOR
2 1 35053 35072 35073 AND
2 1 34550 35052 35074 AND
2 1 35051 35074 35075 AND
2 1 35073 35075 35076 AND
2 1 119 35076 35077 AND
2 1 35027 35026 35078 XOR
2 1 35053 35078 35079 AND
2 1 34556 35052 35080 AND
2 1 35051 35080 35081 AND
2 1 35079 35081 35082 AND
2 1 118 35082 35083 AND
2 1 35024 35023 35084 XOR
2 1 35053 35084 35085 AND
2 1 34562 35052 35086 AND
2 1 35051 35086 35087 AND
2 1 35085 35087 35088 AND
2 1 117 35088 35089 AND
2 1 35021 35020 35090 XOR
2 1 35053 35090 35091 AND
2 1 34568 35052 35092 AND
2 1 35051 35092 35093 AND
2 1 35091 35093 35094 AND
2 1 116 35094 35095 AND
2 1 35018 35017 35096 XOR
2 1 35053 35096 35097 AND
2 1 34574 35052 35098 AND
2 1 35051 35098 35099 AND
2 1 35097 35099 35100 AND
2 1 115 35100 35101 AND
2 1 35015 35014 35102 XOR
2 1 35053 35102 35103 AND
2 1 34580 35052 35104 AND
2 1 35051 35104 35105 AND
2 1 35103 35105 35106 AND
2 1 114 35106 35107 AND
2 1 35012 35011 35108 XOR
2 1 35053 35108 35109 AND
2 1 34586 35052 35110 AND
2 1 35051 35110 35111 AND
2 1 35109 35111 35112 AND
2 1 113 35112 35113 AND
2 1 35009 35008 35114 XOR
2 1 35053 35114 35115 AND
2 1 34592 35052 35116 AND
2 1 35051 35116 35117 AND
2 1 35115 35117 35118 AND
2 1 112 35118 35119 AND
2 1 35006 35005 35120 XOR
2 1 35053 35120 35121 AND
2 1 34598 35052 35122 AND
2 1 35051 35122 35123 AND
2 1 35121 35123 35124 AND
2 1 111 35124 35125 AND
2 1 35003 35002 35126 XOR
2 1 35053 35126 35127 AND
2 1 34604 35052 35128 AND
2 1 35051 35128 35129 AND
2 1 35127 35129 35130 AND
2 1 110 35130 35131 AND
2 1 35000 34999 35132 XOR
2 1 35053 35132 35133 AND
2 1 34610 35052 35134 AND
2 1 35051 35134 35135 AND
2 1 35133 35135 35136 AND
2 1 109 35136 35137 AND
2 1 34997 34996 35138 XOR
2 1 35053 35138 35139 AND
2 1 34616 35052 35140 AND
2 1 35051 35140 35141 AND
2 1 35139 35141 35142 AND
2 1 108 35142 35143 AND
2 1 34994 34993 35144 XOR
2 1 35053 35144 35145 AND
2 1 34622 35052 35146 AND
2 1 35051 35146 35147 AND
2 1 35145 35147 35148 AND
2 1 107 35148 35149 AND
2 1 34991 34990 35150 XOR
2 1 35053 35150 35151 AND
2 1 34628 35052 35152 AND
2 1 35051 35152 35153 AND
2 1 35151 35153 35154 AND
2 1 106 35154 35155 AND
2 1 34988 34987 35156 XOR
2 1 35053 35156 35157 AND
2 1 34634 35052 35158 AND
2 1 35051 35158 35159 AND
2 1 35157 35159 35160 AND
2 1 105 35160 35161 AND
2 1 34985 34984 35162 XOR
2 1 35053 35162 35163 AND
2 1 34640 35052 35164 AND
2 1 35051 35164 35165 AND
2 1 35163 35165 35166 AND
2 1 104 35166 35167 AND
2 1 34982 34981 35168 XOR
2 1 35053 35168 35169 AND
2 1 34646 35052 35170 AND
2 1 35051 35170 35171 AND
2 1 35169 35171 35172 AND
2 1 103 35172 35173 AND
2 1 34979 34978 35174 XOR
2 1 35053 35174 35175 AND
2 1 34652 35052 35176 AND
2 1 35051 35176 35177 AND
2 1 35175 35177 35178 AND
2 1 102 35178 35179 AND
2 1 34976 34975 35180 XOR
2 1 35053 35180 35181 AND
2 1 34658 35052 35182 AND
2 1 35051 35182 35183 AND
2 1 35181 35183 35184 AND
2 1 101 35184 35185 AND
2 1 34973 34972 35186 XOR
2 1 35053 35186 35187 AND
2 1 34664 35052 35188 AND
2 1 35051 35188 35189 AND
2 1 35187 35189 35190 AND
2 1 100 35190 35191 AND
2 1 34970 34969 35192 XOR
2 1 35053 35192 35193 AND
2 1 34670 35052 35194 AND
2 1 35051 35194 35195 AND
2 1 35193 35195 35196 AND
2 1 99 35196 35197 AND
2 1 34967 34966 35198 XOR
2 1 35053 35198 35199 AND
2 1 34676 35052 35200 AND
2 1 35051 35200 35201 AND
2 1 35199 35201 35202 AND
2 1 98 35202 35203 AND
2 1 34964 34963 35204 XOR
2 1 35053 35204 35205 AND
2 1 34682 35052 35206 AND
2 1 35051 35206 35207 AND
2 1 35205 35207 35208 AND
2 1 97 35208 35209 AND
2 1 34961 34960 35210 XOR
2 1 35053 35210 35211 AND
2 1 34688 35052 35212 AND
2 1 35051 35212 35213 AND
2 1 35211 35213 35214 AND
2 1 96 35214 35215 AND
2 1 34958 34957 35216 XOR
2 1 35053 35216 35217 AND
2 1 34694 35052 35218 AND
2 1 35051 35218 35219 AND
2 1 35217 35219 35220 AND
2 1 95 35220 35221 AND
2 1 34955 34954 35222 XOR
2 1 35053 35222 35223 AND
2 1 34700 35052 35224 AND
2 1 35051 35224 35225 AND
2 1 35223 35225 35226 AND
2 1 94 35226 35227 AND
2 1 34952 34951 35228 XOR
2 1 35053 35228 35229 AND
2 1 34706 35052 35230 AND
2 1 35051 35230 35231 AND
2 1 35229 35231 35232 AND
2 1 93 35232 35233 AND
2 1 34949 34948 35234 XOR
2 1 35053 35234 35235 AND
2 1 34712 35052 35236 AND
2 1 35051 35236 35237 AND
2 1 35235 35237 35238 AND
2 1 92 35238 35239 AND
2 1 34946 34945 35240 XOR
2 1 35053 35240 35241 AND
2 1 34718 35052 35242 AND
2 1 35051 35242 35243 AND
2 1 35241 35243 35244 AND
2 1 91 35244 35245 AND
2 1 34943 34942 35246 XOR
2 1 35053 35246 35247 AND
2 1 34724 35052 35248 AND
2 1 35051 35248 35249 AND
2 1 35247 35249 35250 AND
2 1 90 35250 35251 AND
2 1 34940 34939 35252 XOR
2 1 35053 35252 35253 AND
2 1 34730 35052 35254 AND
2 1 35051 35254 35255 AND
2 1 35253 35255 35256 AND
2 1 89 35256 35257 AND
2 1 34937 34936 35258 XOR
2 1 35053 35258 35259 AND
2 1 34736 35052 35260 AND
2 1 35051 35260 35261 AND
2 1 35259 35261 35262 AND
2 1 88 35262 35263 AND
2 1 34934 34933 35264 XOR
2 1 35053 35264 35265 AND
2 1 34742 35052 35266 AND
2 1 35051 35266 35267 AND
2 1 35265 35267 35268 AND
2 1 87 35268 35269 AND
2 1 34931 34930 35270 XOR
2 1 35053 35270 35271 AND
2 1 34748 35052 35272 AND
2 1 35051 35272 35273 AND
2 1 35271 35273 35274 AND
2 1 86 35274 35275 AND
2 1 34928 34927 35276 XOR
2 1 35053 35276 35277 AND
2 1 34754 35052 35278 AND
2 1 35051 35278 35279 AND
2 1 35277 35279 35280 AND
2 1 85 35280 35281 AND
2 1 34925 34924 35282 XOR
2 1 35053 35282 35283 AND
2 1 34760 35052 35284 AND
2 1 35051 35284 35285 AND
2 1 35283 35285 35286 AND
2 1 84 35286 35287 AND
2 1 34922 34921 35288 XOR
2 1 35053 35288 35289 AND
2 1 34766 35052 35290 AND
2 1 35051 35290 35291 AND
2 1 35289 35291 35292 AND
2 1 83 35292 35293 AND
2 1 34919 34918 35294 XOR
2 1 35053 35294 35295 AND
2 1 34772 35052 35296 AND
2 1 35051 35296 35297 AND
2 1 35295 35297 35298 AND
2 1 82 35298 35299 AND
2 1 34916 34915 35300 XOR
2 1 35053 35300 35301 AND
2 1 34778 35052 35302 AND
2 1 35051 35302 35303 AND
2 1 35301 35303 35304 AND
2 1 81 35304 35305 AND
2 1 34913 34912 35306 XOR
2 1 35053 35306 35307 AND
2 1 34784 35052 35308 AND
2 1 35051 35308 35309 AND
2 1 35307 35309 35310 AND
2 1 80 35310 35311 AND
2 1 34910 34909 35312 XOR
2 1 35053 35312 35313 AND
2 1 34790 35052 35314 AND
2 1 35051 35314 35315 AND
2 1 35313 35315 35316 AND
2 1 79 35316 35317 AND
2 1 34907 34906 35318 XOR
2 1 35053 35318 35319 AND
2 1 34796 35052 35320 AND
2 1 35051 35320 35321 AND
2 1 35319 35321 35322 AND
2 1 78 35322 35323 AND
2 1 34904 34903 35324 XOR
2 1 35053 35324 35325 AND
2 1 34802 35052 35326 AND
2 1 35051 35326 35327 AND
2 1 35325 35327 35328 AND
2 1 77 35328 35329 AND
2 1 34901 34900 35330 XOR
2 1 35053 35330 35331 AND
2 1 34808 35052 35332 AND
2 1 35051 35332 35333 AND
2 1 35331 35333 35334 AND
2 1 76 35334 35335 AND
2 1 34898 34897 35336 XOR
2 1 35053 35336 35337 AND
2 1 34814 35052 35338 AND
2 1 35051 35338 35339 AND
2 1 35337 35339 35340 AND
2 1 75 35340 35341 AND
2 1 34895 34894 35342 XOR
2 1 35053 35342 35343 AND
2 1 34820 35052 35344 AND
2 1 35051 35344 35345 AND
2 1 35343 35345 35346 AND
2 1 74 35346 35347 AND
2 1 34892 34891 35348 XOR
2 1 35053 35348 35349 AND
2 1 34826 35052 35350 AND
2 1 35051 35350 35351 AND
2 1 35349 35351 35352 AND
2 1 73 35352 35353 AND
2 1 34889 34888 35354 XOR
2 1 35053 35354 35355 AND
2 1 34832 35052 35356 AND
2 1 35051 35356 35357 AND
2 1 35355 35357 35358 AND
2 1 72 35358 35359 AND
2 1 34886 34885 35360 XOR
2 1 35053 35360 35361 AND
2 1 34838 35052 35362 AND
2 1 35051 35362 35363 AND
2 1 35361 35363 35364 AND
2 1 71 35364 35365 AND
2 1 34883 34882 35366 XOR
2 1 35053 35366 35367 AND
2 1 34844 35052 35368 AND
2 1 35051 35368 35369 AND
2 1 35367 35369 35370 AND
2 1 70 35370 35371 AND
2 1 34880 34879 35372 XOR
2 1 35053 35372 35373 AND
2 1 34850 35052 35374 AND
2 1 35051 35374 35375 AND
2 1 35373 35375 35376 AND
2 1 69 35376 35377 AND
2 1 34877 34876 35378 XOR
2 1 35053 35378 35379 AND
2 1 34856 35052 35380 AND
2 1 35051 35380 35381 AND
2 1 35379 35381 35382 AND
2 1 68 35382 35383 AND
2 1 34868 65 34869 XOR
2 1 16306 34869 34870 AND
2 1 65 34868 34871 AND
2 1 34870 34871 35384 AND
2 1 35384 34874 35385 XOR
2 1 35053 35385 35386 AND
2 1 34863 35052 35387 AND
2 1 35051 35387 35388 AND
2 1 35386 35388 35389 AND
2 1 67 35389 35390 AND
2 1 34868 16831 35391 XOR
2 1 35053 35391 35392 AND
2 1 34868 35052 35393 AND
2 1 35051 35393 35394 AND
2 1 35392 35394 35395 AND
2 1 66 35395 35396 AND
2 1 64 35053 35397 AND
2 1 35397 16842 35401 XOR
2 1 16844 35401 35402 AND
2 1 35397 5 35400 XOR
2 1 65 35400 35403 AND
2 1 35402 35403 35404 AND
2 1 35395 66 35405 XOR
2 1 35404 35405 35406 AND
2 1 35396 35406 35407 AND
2 1 35389 67 35408 XOR
2 1 35407 35408 35409 AND
2 1 35390 35409 35410 AND
2 1 35382 68 35411 XOR
2 1 35410 35411 35412 AND
2 1 35383 35412 35413 AND
2 1 35376 69 35414 XOR
2 1 35413 35414 35415 AND
2 1 35377 35415 35416 AND
2 1 35370 70 35417 XOR
2 1 35416 35417 35418 AND
2 1 35371 35418 35419 AND
2 1 35364 71 35420 XOR
2 1 35419 35420 35421 AND
2 1 35365 35421 35422 AND
2 1 35358 72 35423 XOR
2 1 35422 35423 35424 AND
2 1 35359 35424 35425 AND
2 1 35352 73 35426 XOR
2 1 35425 35426 35427 AND
2 1 35353 35427 35428 AND
2 1 35346 74 35429 XOR
2 1 35428 35429 35430 AND
2 1 35347 35430 35431 AND
2 1 35340 75 35432 XOR
2 1 35431 35432 35433 AND
2 1 35341 35433 35434 AND
2 1 35334 76 35435 XOR
2 1 35434 35435 35436 AND
2 1 35335 35436 35437 AND
2 1 35328 77 35438 XOR
2 1 35437 35438 35439 AND
2 1 35329 35439 35440 AND
2 1 35322 78 35441 XOR
2 1 35440 35441 35442 AND
2 1 35323 35442 35443 AND
2 1 35316 79 35444 XOR
2 1 35443 35444 35445 AND
2 1 35317 35445 35446 AND
2 1 35310 80 35447 XOR
2 1 35446 35447 35448 AND
2 1 35311 35448 35449 AND
2 1 35304 81 35450 XOR
2 1 35449 35450 35451 AND
2 1 35305 35451 35452 AND
2 1 35298 82 35453 XOR
2 1 35452 35453 35454 AND
2 1 35299 35454 35455 AND
2 1 35292 83 35456 XOR
2 1 35455 35456 35457 AND
2 1 35293 35457 35458 AND
2 1 35286 84 35459 XOR
2 1 35458 35459 35460 AND
2 1 35287 35460 35461 AND
2 1 35280 85 35462 XOR
2 1 35461 35462 35463 AND
2 1 35281 35463 35464 AND
2 1 35274 86 35465 XOR
2 1 35464 35465 35466 AND
2 1 35275 35466 35467 AND
2 1 35268 87 35468 XOR
2 1 35467 35468 35469 AND
2 1 35269 35469 35470 AND
2 1 35262 88 35471 XOR
2 1 35470 35471 35472 AND
2 1 35263 35472 35473 AND
2 1 35256 89 35474 XOR
2 1 35473 35474 35475 AND
2 1 35257 35475 35476 AND
2 1 35250 90 35477 XOR
2 1 35476 35477 35478 AND
2 1 35251 35478 35479 AND
2 1 35244 91 35480 XOR
2 1 35479 35480 35481 AND
2 1 35245 35481 35482 AND
2 1 35238 92 35483 XOR
2 1 35482 35483 35484 AND
2 1 35239 35484 35485 AND
2 1 35232 93 35486 XOR
2 1 35485 35486 35487 AND
2 1 35233 35487 35488 AND
2 1 35226 94 35489 XOR
2 1 35488 35489 35490 AND
2 1 35227 35490 35491 AND
2 1 35220 95 35492 XOR
2 1 35491 35492 35493 AND
2 1 35221 35493 35494 AND
2 1 35214 96 35495 XOR
2 1 35494 35495 35496 AND
2 1 35215 35496 35497 AND
2 1 35208 97 35498 XOR
2 1 35497 35498 35499 AND
2 1 35209 35499 35500 AND
2 1 35202 98 35501 XOR
2 1 35500 35501 35502 AND
2 1 35203 35502 35503 AND
2 1 35196 99 35504 XOR
2 1 35503 35504 35505 AND
2 1 35197 35505 35506 AND
2 1 35190 100 35507 XOR
2 1 35506 35507 35508 AND
2 1 35191 35508 35509 AND
2 1 35184 101 35510 XOR
2 1 35509 35510 35511 AND
2 1 35185 35511 35512 AND
2 1 35178 102 35513 XOR
2 1 35512 35513 35514 AND
2 1 35179 35514 35515 AND
2 1 35172 103 35516 XOR
2 1 35515 35516 35517 AND
2 1 35173 35517 35518 AND
2 1 35166 104 35519 XOR
2 1 35518 35519 35520 AND
2 1 35167 35520 35521 AND
2 1 35160 105 35522 XOR
2 1 35521 35522 35523 AND
2 1 35161 35523 35524 AND
2 1 35154 106 35525 XOR
2 1 35524 35525 35526 AND
2 1 35155 35526 35527 AND
2 1 35148 107 35528 XOR
2 1 35527 35528 35529 AND
2 1 35149 35529 35530 AND
2 1 35142 108 35531 XOR
2 1 35530 35531 35532 AND
2 1 35143 35532 35533 AND
2 1 35136 109 35534 XOR
2 1 35533 35534 35535 AND
2 1 35137 35535 35536 AND
2 1 35130 110 35537 XOR
2 1 35536 35537 35538 AND
2 1 35131 35538 35539 AND
2 1 35124 111 35540 XOR
2 1 35539 35540 35541 AND
2 1 35125 35541 35542 AND
2 1 35118 112 35543 XOR
2 1 35542 35543 35544 AND
2 1 35119 35544 35545 AND
2 1 35112 113 35546 XOR
2 1 35545 35546 35547 AND
2 1 35113 35547 35548 AND
2 1 35106 114 35549 XOR
2 1 35548 35549 35550 AND
2 1 35107 35550 35551 AND
2 1 35100 115 35552 XOR
2 1 35551 35552 35553 AND
2 1 35101 35553 35554 AND
2 1 35094 116 35555 XOR
2 1 35554 35555 35556 AND
2 1 35095 35556 35557 AND
2 1 35088 117 35558 XOR
2 1 35557 35558 35559 AND
2 1 35089 35559 35560 AND
2 1 35082 118 35561 XOR
2 1 35560 35561 35562 AND
2 1 35083 35562 35563 AND
2 1 35076 119 35564 XOR
2 1 35563 35564 35565 AND
2 1 35077 35565 35566 AND
2 1 35070 120 35567 XOR
2 1 35566 35567 35568 AND
2 1 35071 35568 35569 AND
2 1 35064 121 35570 XOR
2 1 35569 35570 35571 AND
2 1 35065 35571 35572 AND
2 1 35058 122 35573 XOR
2 1 35572 35573 35574 AND
2 1 35059 35574 35575 AND
2 1 35046 35048 35576 AND
2 1 35576 35041 35577 XOR
2 1 35053 35577 35578 AND
2 1 15957 34023 35579 AND
2 1 35051 35579 35580 AND
2 1 35578 35580 35581 AND
2 1 123 35581 35582 AND
2 1 123 35580 35583 AND
2 1 35578 35583 35584 AND
2 1 152 35584 35585 AND
2 1 35582 35585 35586 AND
2 1 35575 35586 35587 AND
2 1 16488 35581 35588 AND
2 1 35587 35588 35589 AND
2 1 35573 35572 35590 XOR
2 1 35589 35590 35591 AND
2 1 35058 35588 35592 AND
2 1 35587 35592 35593 AND
2 1 35591 35593 35594 AND
2 1 123 35594 35595 AND
2 1 35570 35569 35596 XOR
2 1 35589 35596 35597 AND
2 1 35064 35588 35598 AND
2 1 35587 35598 35599 AND
2 1 35597 35599 35600 AND
2 1 122 35600 35601 AND
2 1 35567 35566 35602 XOR
2 1 35589 35602 35603 AND
2 1 35070 35588 35604 AND
2 1 35587 35604 35605 AND
2 1 35603 35605 35606 AND
2 1 121 35606 35607 AND
2 1 35564 35563 35608 XOR
2 1 35589 35608 35609 AND
2 1 35076 35588 35610 AND
2 1 35587 35610 35611 AND
2 1 35609 35611 35612 AND
2 1 120 35612 35613 AND
2 1 35561 35560 35614 XOR
2 1 35589 35614 35615 AND
2 1 35082 35588 35616 AND
2 1 35587 35616 35617 AND
2 1 35615 35617 35618 AND
2 1 119 35618 35619 AND
2 1 35558 35557 35620 XOR
2 1 35589 35620 35621 AND
2 1 35088 35588 35622 AND
2 1 35587 35622 35623 AND
2 1 35621 35623 35624 AND
2 1 118 35624 35625 AND
2 1 35555 35554 35626 XOR
2 1 35589 35626 35627 AND
2 1 35094 35588 35628 AND
2 1 35587 35628 35629 AND
2 1 35627 35629 35630 AND
2 1 117 35630 35631 AND
2 1 35552 35551 35632 XOR
2 1 35589 35632 35633 AND
2 1 35100 35588 35634 AND
2 1 35587 35634 35635 AND
2 1 35633 35635 35636 AND
2 1 116 35636 35637 AND
2 1 35549 35548 35638 XOR
2 1 35589 35638 35639 AND
2 1 35106 35588 35640 AND
2 1 35587 35640 35641 AND
2 1 35639 35641 35642 AND
2 1 115 35642 35643 AND
2 1 35546 35545 35644 XOR
2 1 35589 35644 35645 AND
2 1 35112 35588 35646 AND
2 1 35587 35646 35647 AND
2 1 35645 35647 35648 AND
2 1 114 35648 35649 AND
2 1 35543 35542 35650 XOR
2 1 35589 35650 35651 AND
2 1 35118 35588 35652 AND
2 1 35587 35652 35653 AND
2 1 35651 35653 35654 AND
2 1 113 35654 35655 AND
2 1 35540 35539 35656 XOR
2 1 35589 35656 35657 AND
2 1 35124 35588 35658 AND
2 1 35587 35658 35659 AND
2 1 35657 35659 35660 AND
2 1 112 35660 35661 AND
2 1 35537 35536 35662 XOR
2 1 35589 35662 35663 AND
2 1 35130 35588 35664 AND
2 1 35587 35664 35665 AND
2 1 35663 35665 35666 AND
2 1 111 35666 35667 AND
2 1 35534 35533 35668 XOR
2 1 35589 35668 35669 AND
2 1 35136 35588 35670 AND
2 1 35587 35670 35671 AND
2 1 35669 35671 35672 AND
2 1 110 35672 35673 AND
2 1 35531 35530 35674 XOR
2 1 35589 35674 35675 AND
2 1 35142 35588 35676 AND
2 1 35587 35676 35677 AND
2 1 35675 35677 35678 AND
2 1 109 35678 35679 AND
2 1 35528 35527 35680 XOR
2 1 35589 35680 35681 AND
2 1 35148 35588 35682 AND
2 1 35587 35682 35683 AND
2 1 35681 35683 35684 AND
2 1 108 35684 35685 AND
2 1 35525 35524 35686 XOR
2 1 35589 35686 35687 AND
2 1 35154 35588 35688 AND
2 1 35587 35688 35689 AND
2 1 35687 35689 35690 AND
2 1 107 35690 35691 AND
2 1 35522 35521 35692 XOR
2 1 35589 35692 35693 AND
2 1 35160 35588 35694 AND
2 1 35587 35694 35695 AND
2 1 35693 35695 35696 AND
2 1 106 35696 35697 AND
2 1 35519 35518 35698 XOR
2 1 35589 35698 35699 AND
2 1 35166 35588 35700 AND
2 1 35587 35700 35701 AND
2 1 35699 35701 35702 AND
2 1 105 35702 35703 AND
2 1 35516 35515 35704 XOR
2 1 35589 35704 35705 AND
2 1 35172 35588 35706 AND
2 1 35587 35706 35707 AND
2 1 35705 35707 35708 AND
2 1 104 35708 35709 AND
2 1 35513 35512 35710 XOR
2 1 35589 35710 35711 AND
2 1 35178 35588 35712 AND
2 1 35587 35712 35713 AND
2 1 35711 35713 35714 AND
2 1 103 35714 35715 AND
2 1 35510 35509 35716 XOR
2 1 35589 35716 35717 AND
2 1 35184 35588 35718 AND
2 1 35587 35718 35719 AND
2 1 35717 35719 35720 AND
2 1 102 35720 35721 AND
2 1 35507 35506 35722 XOR
2 1 35589 35722 35723 AND
2 1 35190 35588 35724 AND
2 1 35587 35724 35725 AND
2 1 35723 35725 35726 AND
2 1 101 35726 35727 AND
2 1 35504 35503 35728 XOR
2 1 35589 35728 35729 AND
2 1 35196 35588 35730 AND
2 1 35587 35730 35731 AND
2 1 35729 35731 35732 AND
2 1 100 35732 35733 AND
2 1 35501 35500 35734 XOR
2 1 35589 35734 35735 AND
2 1 35202 35588 35736 AND
2 1 35587 35736 35737 AND
2 1 35735 35737 35738 AND
2 1 99 35738 35739 AND
2 1 35498 35497 35740 XOR
2 1 35589 35740 35741 AND
2 1 35208 35588 35742 AND
2 1 35587 35742 35743 AND
2 1 35741 35743 35744 AND
2 1 98 35744 35745 AND
2 1 35495 35494 35746 XOR
2 1 35589 35746 35747 AND
2 1 35214 35588 35748 AND
2 1 35587 35748 35749 AND
2 1 35747 35749 35750 AND
2 1 97 35750 35751 AND
2 1 35492 35491 35752 XOR
2 1 35589 35752 35753 AND
2 1 35220 35588 35754 AND
2 1 35587 35754 35755 AND
2 1 35753 35755 35756 AND
2 1 96 35756 35757 AND
2 1 35489 35488 35758 XOR
2 1 35589 35758 35759 AND
2 1 35226 35588 35760 AND
2 1 35587 35760 35761 AND
2 1 35759 35761 35762 AND
2 1 95 35762 35763 AND
2 1 35486 35485 35764 XOR
2 1 35589 35764 35765 AND
2 1 35232 35588 35766 AND
2 1 35587 35766 35767 AND
2 1 35765 35767 35768 AND
2 1 94 35768 35769 AND
2 1 35483 35482 35770 XOR
2 1 35589 35770 35771 AND
2 1 35238 35588 35772 AND
2 1 35587 35772 35773 AND
2 1 35771 35773 35774 AND
2 1 93 35774 35775 AND
2 1 35480 35479 35776 XOR
2 1 35589 35776 35777 AND
2 1 35244 35588 35778 AND
2 1 35587 35778 35779 AND
2 1 35777 35779 35780 AND
2 1 92 35780 35781 AND
2 1 35477 35476 35782 XOR
2 1 35589 35782 35783 AND
2 1 35250 35588 35784 AND
2 1 35587 35784 35785 AND
2 1 35783 35785 35786 AND
2 1 91 35786 35787 AND
2 1 35474 35473 35788 XOR
2 1 35589 35788 35789 AND
2 1 35256 35588 35790 AND
2 1 35587 35790 35791 AND
2 1 35789 35791 35792 AND
2 1 90 35792 35793 AND
2 1 35471 35470 35794 XOR
2 1 35589 35794 35795 AND
2 1 35262 35588 35796 AND
2 1 35587 35796 35797 AND
2 1 35795 35797 35798 AND
2 1 89 35798 35799 AND
2 1 35468 35467 35800 XOR
2 1 35589 35800 35801 AND
2 1 35268 35588 35802 AND
2 1 35587 35802 35803 AND
2 1 35801 35803 35804 AND
2 1 88 35804 35805 AND
2 1 35465 35464 35806 XOR
2 1 35589 35806 35807 AND
2 1 35274 35588 35808 AND
2 1 35587 35808 35809 AND
2 1 35807 35809 35810 AND
2 1 87 35810 35811 AND
2 1 35462 35461 35812 XOR
2 1 35589 35812 35813 AND
2 1 35280 35588 35814 AND
2 1 35587 35814 35815 AND
2 1 35813 35815 35816 AND
2 1 86 35816 35817 AND
2 1 35459 35458 35818 XOR
2 1 35589 35818 35819 AND
2 1 35286 35588 35820 AND
2 1 35587 35820 35821 AND
2 1 35819 35821 35822 AND
2 1 85 35822 35823 AND
2 1 35456 35455 35824 XOR
2 1 35589 35824 35825 AND
2 1 35292 35588 35826 AND
2 1 35587 35826 35827 AND
2 1 35825 35827 35828 AND
2 1 84 35828 35829 AND
2 1 35453 35452 35830 XOR
2 1 35589 35830 35831 AND
2 1 35298 35588 35832 AND
2 1 35587 35832 35833 AND
2 1 35831 35833 35834 AND
2 1 83 35834 35835 AND
2 1 35450 35449 35836 XOR
2 1 35589 35836 35837 AND
2 1 35304 35588 35838 AND
2 1 35587 35838 35839 AND
2 1 35837 35839 35840 AND
2 1 82 35840 35841 AND
2 1 35447 35446 35842 XOR
2 1 35589 35842 35843 AND
2 1 35310 35588 35844 AND
2 1 35587 35844 35845 AND
2 1 35843 35845 35846 AND
2 1 81 35846 35847 AND
2 1 35444 35443 35848 XOR
2 1 35589 35848 35849 AND
2 1 35316 35588 35850 AND
2 1 35587 35850 35851 AND
2 1 35849 35851 35852 AND
2 1 80 35852 35853 AND
2 1 35441 35440 35854 XOR
2 1 35589 35854 35855 AND
2 1 35322 35588 35856 AND
2 1 35587 35856 35857 AND
2 1 35855 35857 35858 AND
2 1 79 35858 35859 AND
2 1 35438 35437 35860 XOR
2 1 35589 35860 35861 AND
2 1 35328 35588 35862 AND
2 1 35587 35862 35863 AND
2 1 35861 35863 35864 AND
2 1 78 35864 35865 AND
2 1 35435 35434 35866 XOR
2 1 35589 35866 35867 AND
2 1 35334 35588 35868 AND
2 1 35587 35868 35869 AND
2 1 35867 35869 35870 AND
2 1 77 35870 35871 AND
2 1 35432 35431 35872 XOR
2 1 35589 35872 35873 AND
2 1 35340 35588 35874 AND
2 1 35587 35874 35875 AND
2 1 35873 35875 35876 AND
2 1 76 35876 35877 AND
2 1 35429 35428 35878 XOR
2 1 35589 35878 35879 AND
2 1 35346 35588 35880 AND
2 1 35587 35880 35881 AND
2 1 35879 35881 35882 AND
2 1 75 35882 35883 AND
2 1 35426 35425 35884 XOR
2 1 35589 35884 35885 AND
2 1 35352 35588 35886 AND
2 1 35587 35886 35887 AND
2 1 35885 35887 35888 AND
2 1 74 35888 35889 AND
2 1 35423 35422 35890 XOR
2 1 35589 35890 35891 AND
2 1 35358 35588 35892 AND
2 1 35587 35892 35893 AND
2 1 35891 35893 35894 AND
2 1 73 35894 35895 AND
2 1 35420 35419 35896 XOR
2 1 35589 35896 35897 AND
2 1 35364 35588 35898 AND
2 1 35587 35898 35899 AND
2 1 35897 35899 35900 AND
2 1 72 35900 35901 AND
2 1 35417 35416 35902 XOR
2 1 35589 35902 35903 AND
2 1 35370 35588 35904 AND
2 1 35587 35904 35905 AND
2 1 35903 35905 35906 AND
2 1 71 35906 35907 AND
2 1 35414 35413 35908 XOR
2 1 35589 35908 35909 AND
2 1 35376 35588 35910 AND
2 1 35587 35910 35911 AND
2 1 35909 35911 35912 AND
2 1 70 35912 35913 AND
2 1 35411 35410 35914 XOR
2 1 35589 35914 35915 AND
2 1 35382 35588 35916 AND
2 1 35587 35916 35917 AND
2 1 35915 35917 35918 AND
2 1 69 35918 35919 AND
2 1 35408 35407 35920 XOR
2 1 35589 35920 35921 AND
2 1 35389 35588 35922 AND
2 1 35587 35922 35923 AND
2 1 35921 35923 35924 AND
2 1 68 35924 35925 AND
2 1 35405 35404 35926 XOR
2 1 35589 35926 35927 AND
2 1 35395 35588 35928 AND
2 1 35587 35928 35929 AND
2 1 35927 35929 35930 AND
2 1 67 35930 35931 AND
2 1 5 35397 35398 AND
2 1 16306 35053 35399 AND
2 1 35398 35399 35932 AND
2 1 35932 17376 35933 XOR
2 1 35589 35933 35934 AND
2 1 35400 35588 35935 AND
2 1 35587 35935 35936 AND
2 1 35934 35936 35937 AND
2 1 66 35937 35938 AND
2 1 64 35589 35939 AND
2 1 35939 17387 35943 XOR
2 1 17389 35943 35944 AND
2 1 35939 4 35942 XOR
2 1 65 35942 35945 AND
2 1 35944 35945 35946 AND
2 1 35937 66 35947 XOR
2 1 35946 35947 35948 AND
2 1 35938 35948 35949 AND
2 1 35930 67 35950 XOR
2 1 35949 35950 35951 AND
2 1 35931 35951 35952 AND
2 1 35924 68 35953 XOR
2 1 35952 35953 35954 AND
2 1 35925 35954 35955 AND
2 1 35918 69 35956 XOR
2 1 35955 35956 35957 AND
2 1 35919 35957 35958 AND
2 1 35912 70 35959 XOR
2 1 35958 35959 35960 AND
2 1 35913 35960 35961 AND
2 1 35906 71 35962 XOR
2 1 35961 35962 35963 AND
2 1 35907 35963 35964 AND
2 1 35900 72 35965 XOR
2 1 35964 35965 35966 AND
2 1 35901 35966 35967 AND
2 1 35894 73 35968 XOR
2 1 35967 35968 35969 AND
2 1 35895 35969 35970 AND
2 1 35888 74 35971 XOR
2 1 35970 35971 35972 AND
2 1 35889 35972 35973 AND
2 1 35882 75 35974 XOR
2 1 35973 35974 35975 AND
2 1 35883 35975 35976 AND
2 1 35876 76 35977 XOR
2 1 35976 35977 35978 AND
2 1 35877 35978 35979 AND
2 1 35870 77 35980 XOR
2 1 35979 35980 35981 AND
2 1 35871 35981 35982 AND
2 1 35864 78 35983 XOR
2 1 35982 35983 35984 AND
2 1 35865 35984 35985 AND
2 1 35858 79 35986 XOR
2 1 35985 35986 35987 AND
2 1 35859 35987 35988 AND
2 1 35852 80 35989 XOR
2 1 35988 35989 35990 AND
2 1 35853 35990 35991 AND
2 1 35846 81 35992 XOR
2 1 35991 35992 35993 AND
2 1 35847 35993 35994 AND
2 1 35840 82 35995 XOR
2 1 35994 35995 35996 AND
2 1 35841 35996 35997 AND
2 1 35834 83 35998 XOR
2 1 35997 35998 35999 AND
2 1 35835 35999 36000 AND
2 1 35828 84 36001 XOR
2 1 36000 36001 36002 AND
2 1 35829 36002 36003 AND
2 1 35822 85 36004 XOR
2 1 36003 36004 36005 AND
2 1 35823 36005 36006 AND
2 1 35816 86 36007 XOR
2 1 36006 36007 36008 AND
2 1 35817 36008 36009 AND
2 1 35810 87 36010 XOR
2 1 36009 36010 36011 AND
2 1 35811 36011 36012 AND
2 1 35804 88 36013 XOR
2 1 36012 36013 36014 AND
2 1 35805 36014 36015 AND
2 1 35798 89 36016 XOR
2 1 36015 36016 36017 AND
2 1 35799 36017 36018 AND
2 1 35792 90 36019 XOR
2 1 36018 36019 36020 AND
2 1 35793 36020 36021 AND
2 1 35786 91 36022 XOR
2 1 36021 36022 36023 AND
2 1 35787 36023 36024 AND
2 1 35780 92 36025 XOR
2 1 36024 36025 36026 AND
2 1 35781 36026 36027 AND
2 1 35774 93 36028 XOR
2 1 36027 36028 36029 AND
2 1 35775 36029 36030 AND
2 1 35768 94 36031 XOR
2 1 36030 36031 36032 AND
2 1 35769 36032 36033 AND
2 1 35762 95 36034 XOR
2 1 36033 36034 36035 AND
2 1 35763 36035 36036 AND
2 1 35756 96 36037 XOR
2 1 36036 36037 36038 AND
2 1 35757 36038 36039 AND
2 1 35750 97 36040 XOR
2 1 36039 36040 36041 AND
2 1 35751 36041 36042 AND
2 1 35744 98 36043 XOR
2 1 36042 36043 36044 AND
2 1 35745 36044 36045 AND
2 1 35738 99 36046 XOR
2 1 36045 36046 36047 AND
2 1 35739 36047 36048 AND
2 1 35732 100 36049 XOR
2 1 36048 36049 36050 AND
2 1 35733 36050 36051 AND
2 1 35726 101 36052 XOR
2 1 36051 36052 36053 AND
2 1 35727 36053 36054 AND
2 1 35720 102 36055 XOR
2 1 36054 36055 36056 AND
2 1 35721 36056 36057 AND
2 1 35714 103 36058 XOR
2 1 36057 36058 36059 AND
2 1 35715 36059 36060 AND
2 1 35708 104 36061 XOR
2 1 36060 36061 36062 AND
2 1 35709 36062 36063 AND
2 1 35702 105 36064 XOR
2 1 36063 36064 36065 AND
2 1 35703 36065 36066 AND
2 1 35696 106 36067 XOR
2 1 36066 36067 36068 AND
2 1 35697 36068 36069 AND
2 1 35690 107 36070 XOR
2 1 36069 36070 36071 AND
2 1 35691 36071 36072 AND
2 1 35684 108 36073 XOR
2 1 36072 36073 36074 AND
2 1 35685 36074 36075 AND
2 1 35678 109 36076 XOR
2 1 36075 36076 36077 AND
2 1 35679 36077 36078 AND
2 1 35672 110 36079 XOR
2 1 36078 36079 36080 AND
2 1 35673 36080 36081 AND
2 1 35666 111 36082 XOR
2 1 36081 36082 36083 AND
2 1 35667 36083 36084 AND
2 1 35660 112 36085 XOR
2 1 36084 36085 36086 AND
2 1 35661 36086 36087 AND
2 1 35654 113 36088 XOR
2 1 36087 36088 36089 AND
2 1 35655 36089 36090 AND
2 1 35648 114 36091 XOR
2 1 36090 36091 36092 AND
2 1 35649 36092 36093 AND
2 1 35642 115 36094 XOR
2 1 36093 36094 36095 AND
2 1 35643 36095 36096 AND
2 1 35636 116 36097 XOR
2 1 36096 36097 36098 AND
2 1 35637 36098 36099 AND
2 1 35630 117 36100 XOR
2 1 36099 36100 36101 AND
2 1 35631 36101 36102 AND
2 1 35624 118 36103 XOR
2 1 36102 36103 36104 AND
2 1 35625 36104 36105 AND
2 1 35618 119 36106 XOR
2 1 36105 36106 36107 AND
2 1 35619 36107 36108 AND
2 1 35612 120 36109 XOR
2 1 36108 36109 36110 AND
2 1 35613 36110 36111 AND
2 1 35606 121 36112 XOR
2 1 36111 36112 36113 AND
2 1 35607 36113 36114 AND
2 1 35600 122 36115 XOR
2 1 36114 36115 36116 AND
2 1 35601 36116 36117 AND
2 1 35594 123 36118 XOR
2 1 36117 36118 36119 AND
2 1 35595 36119 36120 AND
2 1 35582 35584 36121 AND
2 1 36121 35575 36122 XOR
2 1 35589 36122 36123 AND
2 1 16488 35581 36124 AND
2 1 35587 36124 36125 AND
2 1 36123 36125 36126 AND
2 1 124 36126 36127 AND
2 1 124 36125 36128 AND
2 1 36123 36128 36129 AND
2 1 272 36129 36130 AND
2 1 36127 36130 36131 AND
2 1 36120 36131 36132 AND
2 1 152 36126 36133 AND
2 1 36132 36133 36134 AND
2 1 36118 36117 36135 XOR
2 1 36134 36135 36136 AND
2 1 35594 36133 36137 AND
2 1 36132 36137 36138 AND
2 1 36136 36138 36139 AND
2 1 124 36139 36140 AND
2 1 36115 36114 36141 XOR
2 1 36134 36141 36142 AND
2 1 35600 36133 36143 AND
2 1 36132 36143 36144 AND
2 1 36142 36144 36145 AND
2 1 123 36145 36146 AND
2 1 36112 36111 36147 XOR
2 1 36134 36147 36148 AND
2 1 35606 36133 36149 AND
2 1 36132 36149 36150 AND
2 1 36148 36150 36151 AND
2 1 122 36151 36152 AND
2 1 36109 36108 36153 XOR
2 1 36134 36153 36154 AND
2 1 35612 36133 36155 AND
2 1 36132 36155 36156 AND
2 1 36154 36156 36157 AND
2 1 121 36157 36158 AND
2 1 36106 36105 36159 XOR
2 1 36134 36159 36160 AND
2 1 35618 36133 36161 AND
2 1 36132 36161 36162 AND
2 1 36160 36162 36163 AND
2 1 120 36163 36164 AND
2 1 36103 36102 36165 XOR
2 1 36134 36165 36166 AND
2 1 35624 36133 36167 AND
2 1 36132 36167 36168 AND
2 1 36166 36168 36169 AND
2 1 119 36169 36170 AND
2 1 36100 36099 36171 XOR
2 1 36134 36171 36172 AND
2 1 35630 36133 36173 AND
2 1 36132 36173 36174 AND
2 1 36172 36174 36175 AND
2 1 118 36175 36176 AND
2 1 36097 36096 36177 XOR
2 1 36134 36177 36178 AND
2 1 35636 36133 36179 AND
2 1 36132 36179 36180 AND
2 1 36178 36180 36181 AND
2 1 117 36181 36182 AND
2 1 36094 36093 36183 XOR
2 1 36134 36183 36184 AND
2 1 35642 36133 36185 AND
2 1 36132 36185 36186 AND
2 1 36184 36186 36187 AND
2 1 116 36187 36188 AND
2 1 36091 36090 36189 XOR
2 1 36134 36189 36190 AND
2 1 35648 36133 36191 AND
2 1 36132 36191 36192 AND
2 1 36190 36192 36193 AND
2 1 115 36193 36194 AND
2 1 36088 36087 36195 XOR
2 1 36134 36195 36196 AND
2 1 35654 36133 36197 AND
2 1 36132 36197 36198 AND
2 1 36196 36198 36199 AND
2 1 114 36199 36200 AND
2 1 36085 36084 36201 XOR
2 1 36134 36201 36202 AND
2 1 35660 36133 36203 AND
2 1 36132 36203 36204 AND
2 1 36202 36204 36205 AND
2 1 113 36205 36206 AND
2 1 36082 36081 36207 XOR
2 1 36134 36207 36208 AND
2 1 35666 36133 36209 AND
2 1 36132 36209 36210 AND
2 1 36208 36210 36211 AND
2 1 112 36211 36212 AND
2 1 36079 36078 36213 XOR
2 1 36134 36213 36214 AND
2 1 35672 36133 36215 AND
2 1 36132 36215 36216 AND
2 1 36214 36216 36217 AND
2 1 111 36217 36218 AND
2 1 36076 36075 36219 XOR
2 1 36134 36219 36220 AND
2 1 35678 36133 36221 AND
2 1 36132 36221 36222 AND
2 1 36220 36222 36223 AND
2 1 110 36223 36224 AND
2 1 36073 36072 36225 XOR
2 1 36134 36225 36226 AND
2 1 35684 36133 36227 AND
2 1 36132 36227 36228 AND
2 1 36226 36228 36229 AND
2 1 109 36229 36230 AND
2 1 36070 36069 36231 XOR
2 1 36134 36231 36232 AND
2 1 35690 36133 36233 AND
2 1 36132 36233 36234 AND
2 1 36232 36234 36235 AND
2 1 108 36235 36236 AND
2 1 36067 36066 36237 XOR
2 1 36134 36237 36238 AND
2 1 35696 36133 36239 AND
2 1 36132 36239 36240 AND
2 1 36238 36240 36241 AND
2 1 107 36241 36242 AND
2 1 36064 36063 36243 XOR
2 1 36134 36243 36244 AND
2 1 35702 36133 36245 AND
2 1 36132 36245 36246 AND
2 1 36244 36246 36247 AND
2 1 106 36247 36248 AND
2 1 36061 36060 36249 XOR
2 1 36134 36249 36250 AND
2 1 35708 36133 36251 AND
2 1 36132 36251 36252 AND
2 1 36250 36252 36253 AND
2 1 105 36253 36254 AND
2 1 36058 36057 36255 XOR
2 1 36134 36255 36256 AND
2 1 35714 36133 36257 AND
2 1 36132 36257 36258 AND
2 1 36256 36258 36259 AND
2 1 104 36259 36260 AND
2 1 36055 36054 36261 XOR
2 1 36134 36261 36262 AND
2 1 35720 36133 36263 AND
2 1 36132 36263 36264 AND
2 1 36262 36264 36265 AND
2 1 103 36265 36266 AND
2 1 36052 36051 36267 XOR
2 1 36134 36267 36268 AND
2 1 35726 36133 36269 AND
2 1 36132 36269 36270 AND
2 1 36268 36270 36271 AND
2 1 102 36271 36272 AND
2 1 36049 36048 36273 XOR
2 1 36134 36273 36274 AND
2 1 35732 36133 36275 AND
2 1 36132 36275 36276 AND
2 1 36274 36276 36277 AND
2 1 101 36277 36278 AND
2 1 36046 36045 36279 XOR
2 1 36134 36279 36280 AND
2 1 35738 36133 36281 AND
2 1 36132 36281 36282 AND
2 1 36280 36282 36283 AND
2 1 100 36283 36284 AND
2 1 36043 36042 36285 XOR
2 1 36134 36285 36286 AND
2 1 35744 36133 36287 AND
2 1 36132 36287 36288 AND
2 1 36286 36288 36289 AND
2 1 99 36289 36290 AND
2 1 36040 36039 36291 XOR
2 1 36134 36291 36292 AND
2 1 35750 36133 36293 AND
2 1 36132 36293 36294 AND
2 1 36292 36294 36295 AND
2 1 98 36295 36296 AND
2 1 36037 36036 36297 XOR
2 1 36134 36297 36298 AND
2 1 35756 36133 36299 AND
2 1 36132 36299 36300 AND
2 1 36298 36300 36301 AND
2 1 97 36301 36302 AND
2 1 36034 36033 36303 XOR
2 1 36134 36303 36304 AND
2 1 35762 36133 36305 AND
2 1 36132 36305 36306 AND
2 1 36304 36306 36307 AND
2 1 96 36307 36308 AND
2 1 36031 36030 36309 XOR
2 1 36134 36309 36310 AND
2 1 35768 36133 36311 AND
2 1 36132 36311 36312 AND
2 1 36310 36312 36313 AND
2 1 95 36313 36314 AND
2 1 36028 36027 36315 XOR
2 1 36134 36315 36316 AND
2 1 35774 36133 36317 AND
2 1 36132 36317 36318 AND
2 1 36316 36318 36319 AND
2 1 94 36319 36320 AND
2 1 36025 36024 36321 XOR
2 1 36134 36321 36322 AND
2 1 35780 36133 36323 AND
2 1 36132 36323 36324 AND
2 1 36322 36324 36325 AND
2 1 93 36325 36326 AND
2 1 36022 36021 36327 XOR
2 1 36134 36327 36328 AND
2 1 35786 36133 36329 AND
2 1 36132 36329 36330 AND
2 1 36328 36330 36331 AND
2 1 92 36331 36332 AND
2 1 36019 36018 36333 XOR
2 1 36134 36333 36334 AND
2 1 35792 36133 36335 AND
2 1 36132 36335 36336 AND
2 1 36334 36336 36337 AND
2 1 91 36337 36338 AND
2 1 36016 36015 36339 XOR
2 1 36134 36339 36340 AND
2 1 35798 36133 36341 AND
2 1 36132 36341 36342 AND
2 1 36340 36342 36343 AND
2 1 90 36343 36344 AND
2 1 36013 36012 36345 XOR
2 1 36134 36345 36346 AND
2 1 35804 36133 36347 AND
2 1 36132 36347 36348 AND
2 1 36346 36348 36349 AND
2 1 89 36349 36350 AND
2 1 36010 36009 36351 XOR
2 1 36134 36351 36352 AND
2 1 35810 36133 36353 AND
2 1 36132 36353 36354 AND
2 1 36352 36354 36355 AND
2 1 88 36355 36356 AND
2 1 36007 36006 36357 XOR
2 1 36134 36357 36358 AND
2 1 35816 36133 36359 AND
2 1 36132 36359 36360 AND
2 1 36358 36360 36361 AND
2 1 87 36361 36362 AND
2 1 36004 36003 36363 XOR
2 1 36134 36363 36364 AND
2 1 35822 36133 36365 AND
2 1 36132 36365 36366 AND
2 1 36364 36366 36367 AND
2 1 86 36367 36368 AND
2 1 36001 36000 36369 XOR
2 1 36134 36369 36370 AND
2 1 35828 36133 36371 AND
2 1 36132 36371 36372 AND
2 1 36370 36372 36373 AND
2 1 85 36373 36374 AND
2 1 35998 35997 36375 XOR
2 1 36134 36375 36376 AND
2 1 35834 36133 36377 AND
2 1 36132 36377 36378 AND
2 1 36376 36378 36379 AND
2 1 84 36379 36380 AND
2 1 35995 35994 36381 XOR
2 1 36134 36381 36382 AND
2 1 35840 36133 36383 AND
2 1 36132 36383 36384 AND
2 1 36382 36384 36385 AND
2 1 83 36385 36386 AND
2 1 35992 35991 36387 XOR
2 1 36134 36387 36388 AND
2 1 35846 36133 36389 AND
2 1 36132 36389 36390 AND
2 1 36388 36390 36391 AND
2 1 82 36391 36392 AND
2 1 35989 35988 36393 XOR
2 1 36134 36393 36394 AND
2 1 35852 36133 36395 AND
2 1 36132 36395 36396 AND
2 1 36394 36396 36397 AND
2 1 81 36397 36398 AND
2 1 35986 35985 36399 XOR
2 1 36134 36399 36400 AND
2 1 35858 36133 36401 AND
2 1 36132 36401 36402 AND
2 1 36400 36402 36403 AND
2 1 80 36403 36404 AND
2 1 35983 35982 36405 XOR
2 1 36134 36405 36406 AND
2 1 35864 36133 36407 AND
2 1 36132 36407 36408 AND
2 1 36406 36408 36409 AND
2 1 79 36409 36410 AND
2 1 35980 35979 36411 XOR
2 1 36134 36411 36412 AND
2 1 35870 36133 36413 AND
2 1 36132 36413 36414 AND
2 1 36412 36414 36415 AND
2 1 78 36415 36416 AND
2 1 35977 35976 36417 XOR
2 1 36134 36417 36418 AND
2 1 35876 36133 36419 AND
2 1 36132 36419 36420 AND
2 1 36418 36420 36421 AND
2 1 77 36421 36422 AND
2 1 35974 35973 36423 XOR
2 1 36134 36423 36424 AND
2 1 35882 36133 36425 AND
2 1 36132 36425 36426 AND
2 1 36424 36426 36427 AND
2 1 76 36427 36428 AND
2 1 35971 35970 36429 XOR
2 1 36134 36429 36430 AND
2 1 35888 36133 36431 AND
2 1 36132 36431 36432 AND
2 1 36430 36432 36433 AND
2 1 75 36433 36434 AND
2 1 35968 35967 36435 XOR
2 1 36134 36435 36436 AND
2 1 35894 36133 36437 AND
2 1 36132 36437 36438 AND
2 1 36436 36438 36439 AND
2 1 74 36439 36440 AND
2 1 35965 35964 36441 XOR
2 1 36134 36441 36442 AND
2 1 35900 36133 36443 AND
2 1 36132 36443 36444 AND
2 1 36442 36444 36445 AND
2 1 73 36445 36446 AND
2 1 35962 35961 36447 XOR
2 1 36134 36447 36448 AND
2 1 35906 36133 36449 AND
2 1 36132 36449 36450 AND
2 1 36448 36450 36451 AND
2 1 72 36451 36452 AND
2 1 35959 35958 36453 XOR
2 1 36134 36453 36454 AND
2 1 35912 36133 36455 AND
2 1 36132 36455 36456 AND
2 1 36454 36456 36457 AND
2 1 71 36457 36458 AND
2 1 35956 35955 36459 XOR
2 1 36134 36459 36460 AND
2 1 35918 36133 36461 AND
2 1 36132 36461 36462 AND
2 1 36460 36462 36463 AND
2 1 70 36463 36464 AND
2 1 35953 35952 36465 XOR
2 1 36134 36465 36466 AND
2 1 35924 36133 36467 AND
2 1 36132 36467 36468 AND
2 1 36466 36468 36469 AND
2 1 69 36469 36470 AND
2 1 35950 35949 36471 XOR
2 1 36134 36471 36472 AND
2 1 35930 36133 36473 AND
2 1 36132 36473 36474 AND
2 1 36472 36474 36475 AND
2 1 68 36475 36476 AND
2 1 35947 35946 36477 XOR
2 1 36134 36477 36478 AND
2 1 35937 36133 36479 AND
2 1 36132 36479 36480 AND
2 1 36478 36480 36481 AND
2 1 67 36481 36482 AND
2 1 4 35939 35940 AND
2 1 16844 35589 35941 AND
2 1 35940 35941 36483 AND
2 1 36483 17930 36484 XOR
2 1 36134 36484 36485 AND
2 1 35942 36133 36486 AND
2 1 36132 36486 36487 AND
2 1 36485 36487 36488 AND
2 1 66 36488 36489 AND
2 1 64 36134 36490 AND
2 1 36490 17941 36494 XOR
2 1 17943 36494 36495 AND
2 1 36490 3 36493 XOR
2 1 65 36493 36496 AND
2 1 36495 36496 36497 AND
2 1 36488 66 36498 XOR
2 1 36497 36498 36499 AND
2 1 36489 36499 36500 AND
2 1 36481 67 36501 XOR
2 1 36500 36501 36502 AND
2 1 36482 36502 36503 AND
2 1 36475 68 36504 XOR
2 1 36503 36504 36505 AND
2 1 36476 36505 36506 AND
2 1 36469 69 36507 XOR
2 1 36506 36507 36508 AND
2 1 36470 36508 36509 AND
2 1 36463 70 36510 XOR
2 1 36509 36510 36511 AND
2 1 36464 36511 36512 AND
2 1 36457 71 36513 XOR
2 1 36512 36513 36514 AND
2 1 36458 36514 36515 AND
2 1 36451 72 36516 XOR
2 1 36515 36516 36517 AND
2 1 36452 36517 36518 AND
2 1 36445 73 36519 XOR
2 1 36518 36519 36520 AND
2 1 36446 36520 36521 AND
2 1 36439 74 36522 XOR
2 1 36521 36522 36523 AND
2 1 36440 36523 36524 AND
2 1 36433 75 36525 XOR
2 1 36524 36525 36526 AND
2 1 36434 36526 36527 AND
2 1 36427 76 36528 XOR
2 1 36527 36528 36529 AND
2 1 36428 36529 36530 AND
2 1 36421 77 36531 XOR
2 1 36530 36531 36532 AND
2 1 36422 36532 36533 AND
2 1 36415 78 36534 XOR
2 1 36533 36534 36535 AND
2 1 36416 36535 36536 AND
2 1 36409 79 36537 XOR
2 1 36536 36537 36538 AND
2 1 36410 36538 36539 AND
2 1 36403 80 36540 XOR
2 1 36539 36540 36541 AND
2 1 36404 36541 36542 AND
2 1 36397 81 36543 XOR
2 1 36542 36543 36544 AND
2 1 36398 36544 36545 AND
2 1 36391 82 36546 XOR
2 1 36545 36546 36547 AND
2 1 36392 36547 36548 AND
2 1 36385 83 36549 XOR
2 1 36548 36549 36550 AND
2 1 36386 36550 36551 AND
2 1 36379 84 36552 XOR
2 1 36551 36552 36553 AND
2 1 36380 36553 36554 AND
2 1 36373 85 36555 XOR
2 1 36554 36555 36556 AND
2 1 36374 36556 36557 AND
2 1 36367 86 36558 XOR
2 1 36557 36558 36559 AND
2 1 36368 36559 36560 AND
2 1 36361 87 36561 XOR
2 1 36560 36561 36562 AND
2 1 36362 36562 36563 AND
2 1 36355 88 36564 XOR
2 1 36563 36564 36565 AND
2 1 36356 36565 36566 AND
2 1 36349 89 36567 XOR
2 1 36566 36567 36568 AND
2 1 36350 36568 36569 AND
2 1 36343 90 36570 XOR
2 1 36569 36570 36571 AND
2 1 36344 36571 36572 AND
2 1 36337 91 36573 XOR
2 1 36572 36573 36574 AND
2 1 36338 36574 36575 AND
2 1 36331 92 36576 XOR
2 1 36575 36576 36577 AND
2 1 36332 36577 36578 AND
2 1 36325 93 36579 XOR
2 1 36578 36579 36580 AND
2 1 36326 36580 36581 AND
2 1 36319 94 36582 XOR
2 1 36581 36582 36583 AND
2 1 36320 36583 36584 AND
2 1 36313 95 36585 XOR
2 1 36584 36585 36586 AND
2 1 36314 36586 36587 AND
2 1 36307 96 36588 XOR
2 1 36587 36588 36589 AND
2 1 36308 36589 36590 AND
2 1 36301 97 36591 XOR
2 1 36590 36591 36592 AND
2 1 36302 36592 36593 AND
2 1 36295 98 36594 XOR
2 1 36593 36594 36595 AND
2 1 36296 36595 36596 AND
2 1 36289 99 36597 XOR
2 1 36596 36597 36598 AND
2 1 36290 36598 36599 AND
2 1 36283 100 36600 XOR
2 1 36599 36600 36601 AND
2 1 36284 36601 36602 AND
2 1 36277 101 36603 XOR
2 1 36602 36603 36604 AND
2 1 36278 36604 36605 AND
2 1 36271 102 36606 XOR
2 1 36605 36606 36607 AND
2 1 36272 36607 36608 AND
2 1 36265 103 36609 XOR
2 1 36608 36609 36610 AND
2 1 36266 36610 36611 AND
2 1 36259 104 36612 XOR
2 1 36611 36612 36613 AND
2 1 36260 36613 36614 AND
2 1 36253 105 36615 XOR
2 1 36614 36615 36616 AND
2 1 36254 36616 36617 AND
2 1 36247 106 36618 XOR
2 1 36617 36618 36619 AND
2 1 36248 36619 36620 AND
2 1 36241 107 36621 XOR
2 1 36620 36621 36622 AND
2 1 36242 36622 36623 AND
2 1 36235 108 36624 XOR
2 1 36623 36624 36625 AND
2 1 36236 36625 36626 AND
2 1 36229 109 36627 XOR
2 1 36626 36627 36628 AND
2 1 36230 36628 36629 AND
2 1 36223 110 36630 XOR
2 1 36629 36630 36631 AND
2 1 36224 36631 36632 AND
2 1 36217 111 36633 XOR
2 1 36632 36633 36634 AND
2 1 36218 36634 36635 AND
2 1 36211 112 36636 XOR
2 1 36635 36636 36637 AND
2 1 36212 36637 36638 AND
2 1 36205 113 36639 XOR
2 1 36638 36639 36640 AND
2 1 36206 36640 36641 AND
2 1 36199 114 36642 XOR
2 1 36641 36642 36643 AND
2 1 36200 36643 36644 AND
2 1 36193 115 36645 XOR
2 1 36644 36645 36646 AND
2 1 36194 36646 36647 AND
2 1 36187 116 36648 XOR
2 1 36647 36648 36649 AND
2 1 36188 36649 36650 AND
2 1 36181 117 36651 XOR
2 1 36650 36651 36652 AND
2 1 36182 36652 36653 AND
2 1 36175 118 36654 XOR
2 1 36653 36654 36655 AND
2 1 36176 36655 36656 AND
2 1 36169 119 36657 XOR
2 1 36656 36657 36658 AND
2 1 36170 36658 36659 AND
2 1 36163 120 36660 XOR
2 1 36659 36660 36661 AND
2 1 36164 36661 36662 AND
2 1 36157 121 36663 XOR
2 1 36662 36663 36664 AND
2 1 36158 36664 36665 AND
2 1 36151 122 36666 XOR
2 1 36665 36666 36667 AND
2 1 36152 36667 36668 AND
2 1 36145 123 36669 XOR
2 1 36668 36669 36670 AND
2 1 36146 36670 36671 AND
2 1 36139 124 36672 XOR
2 1 36671 36672 36673 AND
2 1 36140 36673 36674 AND
2 1 36127 36129 36675 AND
2 1 36675 36120 36676 XOR
2 1 36134 36676 36677 AND
2 1 152 36126 36678 AND
2 1 36132 36678 36679 AND
2 1 36677 36679 36680 AND
2 1 125 36680 36681 AND
2 1 125 36679 36682 AND
2 1 36677 36682 36683 AND
2 1 151 36683 36684 AND
2 1 36681 36684 36685 AND
2 1 36674 36685 36686 AND
2 1 272 36680 36687 AND
2 1 36686 36687 36688 AND
2 1 36672 36671 36689 XOR
2 1 36688 36689 36690 AND
2 1 36139 36687 36691 AND
2 1 36686 36691 36692 AND
2 1 36690 36692 36693 AND
2 1 125 36693 36694 AND
2 1 36669 36668 36695 XOR
2 1 36688 36695 36696 AND
2 1 36145 36687 36697 AND
2 1 36686 36697 36698 AND
2 1 36696 36698 36699 AND
2 1 124 36699 36700 AND
2 1 36666 36665 36701 XOR
2 1 36688 36701 36702 AND
2 1 36151 36687 36703 AND
2 1 36686 36703 36704 AND
2 1 36702 36704 36705 AND
2 1 123 36705 36706 AND
2 1 36663 36662 36707 XOR
2 1 36688 36707 36708 AND
2 1 36157 36687 36709 AND
2 1 36686 36709 36710 AND
2 1 36708 36710 36711 AND
2 1 122 36711 36712 AND
2 1 36660 36659 36713 XOR
2 1 36688 36713 36714 AND
2 1 36163 36687 36715 AND
2 1 36686 36715 36716 AND
2 1 36714 36716 36717 AND
2 1 121 36717 36718 AND
2 1 36657 36656 36719 XOR
2 1 36688 36719 36720 AND
2 1 36169 36687 36721 AND
2 1 36686 36721 36722 AND
2 1 36720 36722 36723 AND
2 1 120 36723 36724 AND
2 1 36654 36653 36725 XOR
2 1 36688 36725 36726 AND
2 1 36175 36687 36727 AND
2 1 36686 36727 36728 AND
2 1 36726 36728 36729 AND
2 1 119 36729 36730 AND
2 1 36651 36650 36731 XOR
2 1 36688 36731 36732 AND
2 1 36181 36687 36733 AND
2 1 36686 36733 36734 AND
2 1 36732 36734 36735 AND
2 1 118 36735 36736 AND
2 1 36648 36647 36737 XOR
2 1 36688 36737 36738 AND
2 1 36187 36687 36739 AND
2 1 36686 36739 36740 AND
2 1 36738 36740 36741 AND
2 1 117 36741 36742 AND
2 1 36645 36644 36743 XOR
2 1 36688 36743 36744 AND
2 1 36193 36687 36745 AND
2 1 36686 36745 36746 AND
2 1 36744 36746 36747 AND
2 1 116 36747 36748 AND
2 1 36642 36641 36749 XOR
2 1 36688 36749 36750 AND
2 1 36199 36687 36751 AND
2 1 36686 36751 36752 AND
2 1 36750 36752 36753 AND
2 1 115 36753 36754 AND
2 1 36639 36638 36755 XOR
2 1 36688 36755 36756 AND
2 1 36205 36687 36757 AND
2 1 36686 36757 36758 AND
2 1 36756 36758 36759 AND
2 1 114 36759 36760 AND
2 1 36636 36635 36761 XOR
2 1 36688 36761 36762 AND
2 1 36211 36687 36763 AND
2 1 36686 36763 36764 AND
2 1 36762 36764 36765 AND
2 1 113 36765 36766 AND
2 1 36633 36632 36767 XOR
2 1 36688 36767 36768 AND
2 1 36217 36687 36769 AND
2 1 36686 36769 36770 AND
2 1 36768 36770 36771 AND
2 1 112 36771 36772 AND
2 1 36630 36629 36773 XOR
2 1 36688 36773 36774 AND
2 1 36223 36687 36775 AND
2 1 36686 36775 36776 AND
2 1 36774 36776 36777 AND
2 1 111 36777 36778 AND
2 1 36627 36626 36779 XOR
2 1 36688 36779 36780 AND
2 1 36229 36687 36781 AND
2 1 36686 36781 36782 AND
2 1 36780 36782 36783 AND
2 1 110 36783 36784 AND
2 1 36624 36623 36785 XOR
2 1 36688 36785 36786 AND
2 1 36235 36687 36787 AND
2 1 36686 36787 36788 AND
2 1 36786 36788 36789 AND
2 1 109 36789 36790 AND
2 1 36621 36620 36791 XOR
2 1 36688 36791 36792 AND
2 1 36241 36687 36793 AND
2 1 36686 36793 36794 AND
2 1 36792 36794 36795 AND
2 1 108 36795 36796 AND
2 1 36618 36617 36797 XOR
2 1 36688 36797 36798 AND
2 1 36247 36687 36799 AND
2 1 36686 36799 36800 AND
2 1 36798 36800 36801 AND
2 1 107 36801 36802 AND
2 1 36615 36614 36803 XOR
2 1 36688 36803 36804 AND
2 1 36253 36687 36805 AND
2 1 36686 36805 36806 AND
2 1 36804 36806 36807 AND
2 1 106 36807 36808 AND
2 1 36612 36611 36809 XOR
2 1 36688 36809 36810 AND
2 1 36259 36687 36811 AND
2 1 36686 36811 36812 AND
2 1 36810 36812 36813 AND
2 1 105 36813 36814 AND
2 1 36609 36608 36815 XOR
2 1 36688 36815 36816 AND
2 1 36265 36687 36817 AND
2 1 36686 36817 36818 AND
2 1 36816 36818 36819 AND
2 1 104 36819 36820 AND
2 1 36606 36605 36821 XOR
2 1 36688 36821 36822 AND
2 1 36271 36687 36823 AND
2 1 36686 36823 36824 AND
2 1 36822 36824 36825 AND
2 1 103 36825 36826 AND
2 1 36603 36602 36827 XOR
2 1 36688 36827 36828 AND
2 1 36277 36687 36829 AND
2 1 36686 36829 36830 AND
2 1 36828 36830 36831 AND
2 1 102 36831 36832 AND
2 1 36600 36599 36833 XOR
2 1 36688 36833 36834 AND
2 1 36283 36687 36835 AND
2 1 36686 36835 36836 AND
2 1 36834 36836 36837 AND
2 1 101 36837 36838 AND
2 1 36597 36596 36839 XOR
2 1 36688 36839 36840 AND
2 1 36289 36687 36841 AND
2 1 36686 36841 36842 AND
2 1 36840 36842 36843 AND
2 1 100 36843 36844 AND
2 1 36594 36593 36845 XOR
2 1 36688 36845 36846 AND
2 1 36295 36687 36847 AND
2 1 36686 36847 36848 AND
2 1 36846 36848 36849 AND
2 1 99 36849 36850 AND
2 1 36591 36590 36851 XOR
2 1 36688 36851 36852 AND
2 1 36301 36687 36853 AND
2 1 36686 36853 36854 AND
2 1 36852 36854 36855 AND
2 1 98 36855 36856 AND
2 1 36588 36587 36857 XOR
2 1 36688 36857 36858 AND
2 1 36307 36687 36859 AND
2 1 36686 36859 36860 AND
2 1 36858 36860 36861 AND
2 1 97 36861 36862 AND
2 1 36585 36584 36863 XOR
2 1 36688 36863 36864 AND
2 1 36313 36687 36865 AND
2 1 36686 36865 36866 AND
2 1 36864 36866 36867 AND
2 1 96 36867 36868 AND
2 1 36582 36581 36869 XOR
2 1 36688 36869 36870 AND
2 1 36319 36687 36871 AND
2 1 36686 36871 36872 AND
2 1 36870 36872 36873 AND
2 1 95 36873 36874 AND
2 1 36579 36578 36875 XOR
2 1 36688 36875 36876 AND
2 1 36325 36687 36877 AND
2 1 36686 36877 36878 AND
2 1 36876 36878 36879 AND
2 1 94 36879 36880 AND
2 1 36576 36575 36881 XOR
2 1 36688 36881 36882 AND
2 1 36331 36687 36883 AND
2 1 36686 36883 36884 AND
2 1 36882 36884 36885 AND
2 1 93 36885 36886 AND
2 1 36573 36572 36887 XOR
2 1 36688 36887 36888 AND
2 1 36337 36687 36889 AND
2 1 36686 36889 36890 AND
2 1 36888 36890 36891 AND
2 1 92 36891 36892 AND
2 1 36570 36569 36893 XOR
2 1 36688 36893 36894 AND
2 1 36343 36687 36895 AND
2 1 36686 36895 36896 AND
2 1 36894 36896 36897 AND
2 1 91 36897 36898 AND
2 1 36567 36566 36899 XOR
2 1 36688 36899 36900 AND
2 1 36349 36687 36901 AND
2 1 36686 36901 36902 AND
2 1 36900 36902 36903 AND
2 1 90 36903 36904 AND
2 1 36564 36563 36905 XOR
2 1 36688 36905 36906 AND
2 1 36355 36687 36907 AND
2 1 36686 36907 36908 AND
2 1 36906 36908 36909 AND
2 1 89 36909 36910 AND
2 1 36561 36560 36911 XOR
2 1 36688 36911 36912 AND
2 1 36361 36687 36913 AND
2 1 36686 36913 36914 AND
2 1 36912 36914 36915 AND
2 1 88 36915 36916 AND
2 1 36558 36557 36917 XOR
2 1 36688 36917 36918 AND
2 1 36367 36687 36919 AND
2 1 36686 36919 36920 AND
2 1 36918 36920 36921 AND
2 1 87 36921 36922 AND
2 1 36555 36554 36923 XOR
2 1 36688 36923 36924 AND
2 1 36373 36687 36925 AND
2 1 36686 36925 36926 AND
2 1 36924 36926 36927 AND
2 1 86 36927 36928 AND
2 1 36552 36551 36929 XOR
2 1 36688 36929 36930 AND
2 1 36379 36687 36931 AND
2 1 36686 36931 36932 AND
2 1 36930 36932 36933 AND
2 1 85 36933 36934 AND
2 1 36549 36548 36935 XOR
2 1 36688 36935 36936 AND
2 1 36385 36687 36937 AND
2 1 36686 36937 36938 AND
2 1 36936 36938 36939 AND
2 1 84 36939 36940 AND
2 1 36546 36545 36941 XOR
2 1 36688 36941 36942 AND
2 1 36391 36687 36943 AND
2 1 36686 36943 36944 AND
2 1 36942 36944 36945 AND
2 1 83 36945 36946 AND
2 1 36543 36542 36947 XOR
2 1 36688 36947 36948 AND
2 1 36397 36687 36949 AND
2 1 36686 36949 36950 AND
2 1 36948 36950 36951 AND
2 1 82 36951 36952 AND
2 1 36540 36539 36953 XOR
2 1 36688 36953 36954 AND
2 1 36403 36687 36955 AND
2 1 36686 36955 36956 AND
2 1 36954 36956 36957 AND
2 1 81 36957 36958 AND
2 1 36537 36536 36959 XOR
2 1 36688 36959 36960 AND
2 1 36409 36687 36961 AND
2 1 36686 36961 36962 AND
2 1 36960 36962 36963 AND
2 1 80 36963 36964 AND
2 1 36534 36533 36965 XOR
2 1 36688 36965 36966 AND
2 1 36415 36687 36967 AND
2 1 36686 36967 36968 AND
2 1 36966 36968 36969 AND
2 1 79 36969 36970 AND
2 1 36531 36530 36971 XOR
2 1 36688 36971 36972 AND
2 1 36421 36687 36973 AND
2 1 36686 36973 36974 AND
2 1 36972 36974 36975 AND
2 1 78 36975 36976 AND
2 1 36528 36527 36977 XOR
2 1 36688 36977 36978 AND
2 1 36427 36687 36979 AND
2 1 36686 36979 36980 AND
2 1 36978 36980 36981 AND
2 1 77 36981 36982 AND
2 1 36525 36524 36983 XOR
2 1 36688 36983 36984 AND
2 1 36433 36687 36985 AND
2 1 36686 36985 36986 AND
2 1 36984 36986 36987 AND
2 1 76 36987 36988 AND
2 1 36522 36521 36989 XOR
2 1 36688 36989 36990 AND
2 1 36439 36687 36991 AND
2 1 36686 36991 36992 AND
2 1 36990 36992 36993 AND
2 1 75 36993 36994 AND
2 1 36519 36518 36995 XOR
2 1 36688 36995 36996 AND
2 1 36445 36687 36997 AND
2 1 36686 36997 36998 AND
2 1 36996 36998 36999 AND
2 1 74 36999 37000 AND
2 1 36516 36515 37001 XOR
2 1 36688 37001 37002 AND
2 1 36451 36687 37003 AND
2 1 36686 37003 37004 AND
2 1 37002 37004 37005 AND
2 1 73 37005 37006 AND
2 1 36513 36512 37007 XOR
2 1 36688 37007 37008 AND
2 1 36457 36687 37009 AND
2 1 36686 37009 37010 AND
2 1 37008 37010 37011 AND
2 1 72 37011 37012 AND
2 1 36510 36509 37013 XOR
2 1 36688 37013 37014 AND
2 1 36463 36687 37015 AND
2 1 36686 37015 37016 AND
2 1 37014 37016 37017 AND
2 1 71 37017 37018 AND
2 1 36507 36506 37019 XOR
2 1 36688 37019 37020 AND
2 1 36469 36687 37021 AND
2 1 36686 37021 37022 AND
2 1 37020 37022 37023 AND
2 1 70 37023 37024 AND
2 1 36504 36503 37025 XOR
2 1 36688 37025 37026 AND
2 1 36475 36687 37027 AND
2 1 36686 37027 37028 AND
2 1 37026 37028 37029 AND
2 1 69 37029 37030 AND
2 1 36501 36500 37031 XOR
2 1 36688 37031 37032 AND
2 1 36481 36687 37033 AND
2 1 36686 37033 37034 AND
2 1 37032 37034 37035 AND
2 1 68 37035 37036 AND
2 1 36498 36497 37037 XOR
2 1 36688 37037 37038 AND
2 1 36488 36687 37039 AND
2 1 36686 37039 37040 AND
2 1 37038 37040 37041 AND
2 1 67 37041 37042 AND
2 1 3 36490 36491 AND
2 1 17389 36134 36492 AND
2 1 36491 36492 37043 AND
2 1 37043 18493 37044 XOR
2 1 36688 37044 37045 AND
2 1 36493 36687 37046 AND
2 1 36686 37046 37047 AND
2 1 37045 37047 37048 AND
2 1 66 37048 37049 AND
2 1 64 36688 37050 AND
2 1 37050 18504 37054 XOR
2 1 18506 37054 37055 AND
2 1 37050 2 37053 XOR
2 1 65 37053 37056 AND
2 1 37055 37056 37057 AND
2 1 37048 66 37058 XOR
2 1 37057 37058 37059 AND
2 1 37049 37059 37060 AND
2 1 37041 67 37061 XOR
2 1 37060 37061 37062 AND
2 1 37042 37062 37063 AND
2 1 37035 68 37064 XOR
2 1 37063 37064 37065 AND
2 1 37036 37065 37066 AND
2 1 37029 69 37067 XOR
2 1 37066 37067 37068 AND
2 1 37030 37068 37069 AND
2 1 37023 70 37070 XOR
2 1 37069 37070 37071 AND
2 1 37024 37071 37072 AND
2 1 37017 71 37073 XOR
2 1 37072 37073 37074 AND
2 1 37018 37074 37075 AND
2 1 37011 72 37076 XOR
2 1 37075 37076 37077 AND
2 1 37012 37077 37078 AND
2 1 37005 73 37079 XOR
2 1 37078 37079 37080 AND
2 1 37006 37080 37081 AND
2 1 36999 74 37082 XOR
2 1 37081 37082 37083 AND
2 1 37000 37083 37084 AND
2 1 36993 75 37085 XOR
2 1 37084 37085 37086 AND
2 1 36994 37086 37087 AND
2 1 36987 76 37088 XOR
2 1 37087 37088 37089 AND
2 1 36988 37089 37090 AND
2 1 36981 77 37091 XOR
2 1 37090 37091 37092 AND
2 1 36982 37092 37093 AND
2 1 36975 78 37094 XOR
2 1 37093 37094 37095 AND
2 1 36976 37095 37096 AND
2 1 36969 79 37097 XOR
2 1 37096 37097 37098 AND
2 1 36970 37098 37099 AND
2 1 36963 80 37100 XOR
2 1 37099 37100 37101 AND
2 1 36964 37101 37102 AND
2 1 36957 81 37103 XOR
2 1 37102 37103 37104 AND
2 1 36958 37104 37105 AND
2 1 36951 82 37106 XOR
2 1 37105 37106 37107 AND
2 1 36952 37107 37108 AND
2 1 36945 83 37109 XOR
2 1 37108 37109 37110 AND
2 1 36946 37110 37111 AND
2 1 36939 84 37112 XOR
2 1 37111 37112 37113 AND
2 1 36940 37113 37114 AND
2 1 36933 85 37115 XOR
2 1 37114 37115 37116 AND
2 1 36934 37116 37117 AND
2 1 36927 86 37118 XOR
2 1 37117 37118 37119 AND
2 1 36928 37119 37120 AND
2 1 36921 87 37121 XOR
2 1 37120 37121 37122 AND
2 1 36922 37122 37123 AND
2 1 36915 88 37124 XOR
2 1 37123 37124 37125 AND
2 1 36916 37125 37126 AND
2 1 36909 89 37127 XOR
2 1 37126 37127 37128 AND
2 1 36910 37128 37129 AND
2 1 36903 90 37130 XOR
2 1 37129 37130 37131 AND
2 1 36904 37131 37132 AND
2 1 36897 91 37133 XOR
2 1 37132 37133 37134 AND
2 1 36898 37134 37135 AND
2 1 36891 92 37136 XOR
2 1 37135 37136 37137 AND
2 1 36892 37137 37138 AND
2 1 36885 93 37139 XOR
2 1 37138 37139 37140 AND
2 1 36886 37140 37141 AND
2 1 36879 94 37142 XOR
2 1 37141 37142 37143 AND
2 1 36880 37143 37144 AND
2 1 36873 95 37145 XOR
2 1 37144 37145 37146 AND
2 1 36874 37146 37147 AND
2 1 36867 96 37148 XOR
2 1 37147 37148 37149 AND
2 1 36868 37149 37150 AND
2 1 36861 97 37151 XOR
2 1 37150 37151 37152 AND
2 1 36862 37152 37153 AND
2 1 36855 98 37154 XOR
2 1 37153 37154 37155 AND
2 1 36856 37155 37156 AND
2 1 36849 99 37157 XOR
2 1 37156 37157 37158 AND
2 1 36850 37158 37159 AND
2 1 36843 100 37160 XOR
2 1 37159 37160 37161 AND
2 1 36844 37161 37162 AND
2 1 36837 101 37163 XOR
2 1 37162 37163 37164 AND
2 1 36838 37164 37165 AND
2 1 36831 102 37166 XOR
2 1 37165 37166 37167 AND
2 1 36832 37167 37168 AND
2 1 36825 103 37169 XOR
2 1 37168 37169 37170 AND
2 1 36826 37170 37171 AND
2 1 36819 104 37172 XOR
2 1 37171 37172 37173 AND
2 1 36820 37173 37174 AND
2 1 36813 105 37175 XOR
2 1 37174 37175 37176 AND
2 1 36814 37176 37177 AND
2 1 36807 106 37178 XOR
2 1 37177 37178 37179 AND
2 1 36808 37179 37180 AND
2 1 36801 107 37181 XOR
2 1 37180 37181 37182 AND
2 1 36802 37182 37183 AND
2 1 36795 108 37184 XOR
2 1 37183 37184 37185 AND
2 1 36796 37185 37186 AND
2 1 36789 109 37187 XOR
2 1 37186 37187 37188 AND
2 1 36790 37188 37189 AND
2 1 36783 110 37190 XOR
2 1 37189 37190 37191 AND
2 1 36784 37191 37192 AND
2 1 36777 111 37193 XOR
2 1 37192 37193 37194 AND
2 1 36778 37194 37195 AND
2 1 36771 112 37196 XOR
2 1 37195 37196 37197 AND
2 1 36772 37197 37198 AND
2 1 36765 113 37199 XOR
2 1 37198 37199 37200 AND
2 1 36766 37200 37201 AND
2 1 36759 114 37202 XOR
2 1 37201 37202 37203 AND
2 1 36760 37203 37204 AND
2 1 36753 115 37205 XOR
2 1 37204 37205 37206 AND
2 1 36754 37206 37207 AND
2 1 36747 116 37208 XOR
2 1 37207 37208 37209 AND
2 1 36748 37209 37210 AND
2 1 36741 117 37211 XOR
2 1 37210 37211 37212 AND
2 1 36742 37212 37213 AND
2 1 36735 118 37214 XOR
2 1 37213 37214 37215 AND
2 1 36736 37215 37216 AND
2 1 36729 119 37217 XOR
2 1 37216 37217 37218 AND
2 1 36730 37218 37219 AND
2 1 36723 120 37220 XOR
2 1 37219 37220 37221 AND
2 1 36724 37221 37222 AND
2 1 36717 121 37223 XOR
2 1 37222 37223 37224 AND
2 1 36718 37224 37225 AND
2 1 36711 122 37226 XOR
2 1 37225 37226 37227 AND
2 1 36712 37227 37228 AND
2 1 36705 123 37229 XOR
2 1 37228 37229 37230 AND
2 1 36706 37230 37231 AND
2 1 36699 124 37232 XOR
2 1 37231 37232 37233 AND
2 1 36700 37233 37234 AND
2 1 36693 125 37235 XOR
2 1 37234 37235 37236 AND
2 1 36694 37236 37237 AND
2 1 36681 36683 37238 AND
2 1 37238 36674 37239 XOR
2 1 36688 37239 37240 AND
2 1 272 36680 37241 AND
2 1 36686 37241 37242 AND
2 1 37240 37242 37243 AND
2 1 126 37243 37244 AND
2 1 126 37242 37245 AND
2 1 37240 37245 37246 AND
2 1 127 37246 37247 AND
2 1 37244 37247 37248 AND
2 1 37237 37248 37249 AND
2 1 151 37243 37250 AND
2 1 37249 37250 37251 AND
2 1 37244 37246 37252 AND
2 1 37252 37237 37253 XOR
2 1 37251 37253 37254 AND
2 1 151 37243 37255 AND
2 1 37249 37255 37256 AND
2 1 37254 37256 37257 AND
2 1 127 37257 37258 AND
2 1 37235 37234 37259 XOR
2 1 37251 37259 37260 AND
2 1 36693 37250 37261 AND
2 1 37249 37261 37262 AND
2 1 37260 37262 37263 AND
2 1 126 37263 37264 AND
2 1 37232 37231 37265 XOR
2 1 37251 37265 37266 AND
2 1 36699 37250 37267 AND
2 1 37249 37267 37268 AND
2 1 37266 37268 37269 AND
2 1 125 37269 37270 AND
2 1 37229 37228 37271 XOR
2 1 37251 37271 37272 AND
2 1 36705 37250 37273 AND
2 1 37249 37273 37274 AND
2 1 37272 37274 37275 AND
2 1 124 37275 37276 AND
2 1 37226 37225 37277 XOR
2 1 37251 37277 37278 AND
2 1 36711 37250 37279 AND
2 1 37249 37279 37280 AND
2 1 37278 37280 37281 AND
2 1 123 37281 37282 AND
2 1 37223 37222 37283 XOR
2 1 37251 37283 37284 AND
2 1 36717 37250 37285 AND
2 1 37249 37285 37286 AND
2 1 37284 37286 37287 AND
2 1 122 37287 37288 AND
2 1 37220 37219 37289 XOR
2 1 37251 37289 37290 AND
2 1 36723 37250 37291 AND
2 1 37249 37291 37292 AND
2 1 37290 37292 37293 AND
2 1 121 37293 37294 AND
2 1 37217 37216 37295 XOR
2 1 37251 37295 37296 AND
2 1 36729 37250 37297 AND
2 1 37249 37297 37298 AND
2 1 37296 37298 37299 AND
2 1 120 37299 37300 AND
2 1 37214 37213 37301 XOR
2 1 37251 37301 37302 AND
2 1 36735 37250 37303 AND
2 1 37249 37303 37304 AND
2 1 37302 37304 37305 AND
2 1 119 37305 37306 AND
2 1 37211 37210 37307 XOR
2 1 37251 37307 37308 AND
2 1 36741 37250 37309 AND
2 1 37249 37309 37310 AND
2 1 37308 37310 37311 AND
2 1 118 37311 37312 AND
2 1 37208 37207 37313 XOR
2 1 37251 37313 37314 AND
2 1 36747 37250 37315 AND
2 1 37249 37315 37316 AND
2 1 37314 37316 37317 AND
2 1 117 37317 37318 AND
2 1 37205 37204 37319 XOR
2 1 37251 37319 37320 AND
2 1 36753 37250 37321 AND
2 1 37249 37321 37322 AND
2 1 37320 37322 37323 AND
2 1 116 37323 37324 AND
2 1 37202 37201 37325 XOR
2 1 37251 37325 37326 AND
2 1 36759 37250 37327 AND
2 1 37249 37327 37328 AND
2 1 37326 37328 37329 AND
2 1 115 37329 37330 AND
2 1 37199 37198 37331 XOR
2 1 37251 37331 37332 AND
2 1 36765 37250 37333 AND
2 1 37249 37333 37334 AND
2 1 37332 37334 37335 AND
2 1 114 37335 37336 AND
2 1 37196 37195 37337 XOR
2 1 37251 37337 37338 AND
2 1 36771 37250 37339 AND
2 1 37249 37339 37340 AND
2 1 37338 37340 37341 AND
2 1 113 37341 37342 AND
2 1 37193 37192 37343 XOR
2 1 37251 37343 37344 AND
2 1 36777 37250 37345 AND
2 1 37249 37345 37346 AND
2 1 37344 37346 37347 AND
2 1 112 37347 37348 AND
2 1 37190 37189 37349 XOR
2 1 37251 37349 37350 AND
2 1 36783 37250 37351 AND
2 1 37249 37351 37352 AND
2 1 37350 37352 37353 AND
2 1 111 37353 37354 AND
2 1 37187 37186 37355 XOR
2 1 37251 37355 37356 AND
2 1 36789 37250 37357 AND
2 1 37249 37357 37358 AND
2 1 37356 37358 37359 AND
2 1 110 37359 37360 AND
2 1 37184 37183 37361 XOR
2 1 37251 37361 37362 AND
2 1 36795 37250 37363 AND
2 1 37249 37363 37364 AND
2 1 37362 37364 37365 AND
2 1 109 37365 37366 AND
2 1 37181 37180 37367 XOR
2 1 37251 37367 37368 AND
2 1 36801 37250 37369 AND
2 1 37249 37369 37370 AND
2 1 37368 37370 37371 AND
2 1 108 37371 37372 AND
2 1 37178 37177 37373 XOR
2 1 37251 37373 37374 AND
2 1 36807 37250 37375 AND
2 1 37249 37375 37376 AND
2 1 37374 37376 37377 AND
2 1 107 37377 37378 AND
2 1 37175 37174 37379 XOR
2 1 37251 37379 37380 AND
2 1 36813 37250 37381 AND
2 1 37249 37381 37382 AND
2 1 37380 37382 37383 AND
2 1 106 37383 37384 AND
2 1 37172 37171 37385 XOR
2 1 37251 37385 37386 AND
2 1 36819 37250 37387 AND
2 1 37249 37387 37388 AND
2 1 37386 37388 37389 AND
2 1 105 37389 37390 AND
2 1 37169 37168 37391 XOR
2 1 37251 37391 37392 AND
2 1 36825 37250 37393 AND
2 1 37249 37393 37394 AND
2 1 37392 37394 37395 AND
2 1 104 37395 37396 AND
2 1 37166 37165 37397 XOR
2 1 37251 37397 37398 AND
2 1 36831 37250 37399 AND
2 1 37249 37399 37400 AND
2 1 37398 37400 37401 AND
2 1 103 37401 37402 AND
2 1 37163 37162 37403 XOR
2 1 37251 37403 37404 AND
2 1 36837 37250 37405 AND
2 1 37249 37405 37406 AND
2 1 37404 37406 37407 AND
2 1 102 37407 37408 AND
2 1 37160 37159 37409 XOR
2 1 37251 37409 37410 AND
2 1 36843 37250 37411 AND
2 1 37249 37411 37412 AND
2 1 37410 37412 37413 AND
2 1 101 37413 37414 AND
2 1 37157 37156 37415 XOR
2 1 37251 37415 37416 AND
2 1 36849 37250 37417 AND
2 1 37249 37417 37418 AND
2 1 37416 37418 37419 AND
2 1 100 37419 37420 AND
2 1 37154 37153 37421 XOR
2 1 37251 37421 37422 AND
2 1 36855 37250 37423 AND
2 1 37249 37423 37424 AND
2 1 37422 37424 37425 AND
2 1 99 37425 37426 AND
2 1 37151 37150 37427 XOR
2 1 37251 37427 37428 AND
2 1 36861 37250 37429 AND
2 1 37249 37429 37430 AND
2 1 37428 37430 37431 AND
2 1 98 37431 37432 AND
2 1 37148 37147 37433 XOR
2 1 37251 37433 37434 AND
2 1 36867 37250 37435 AND
2 1 37249 37435 37436 AND
2 1 37434 37436 37437 AND
2 1 97 37437 37438 AND
2 1 37145 37144 37439 XOR
2 1 37251 37439 37440 AND
2 1 36873 37250 37441 AND
2 1 37249 37441 37442 AND
2 1 37440 37442 37443 AND
2 1 96 37443 37444 AND
2 1 37142 37141 37445 XOR
2 1 37251 37445 37446 AND
2 1 36879 37250 37447 AND
2 1 37249 37447 37448 AND
2 1 37446 37448 37449 AND
2 1 95 37449 37450 AND
2 1 37139 37138 37451 XOR
2 1 37251 37451 37452 AND
2 1 36885 37250 37453 AND
2 1 37249 37453 37454 AND
2 1 37452 37454 37455 AND
2 1 94 37455 37456 AND
2 1 37136 37135 37457 XOR
2 1 37251 37457 37458 AND
2 1 36891 37250 37459 AND
2 1 37249 37459 37460 AND
2 1 37458 37460 37461 AND
2 1 93 37461 37462 AND
2 1 37133 37132 37463 XOR
2 1 37251 37463 37464 AND
2 1 36897 37250 37465 AND
2 1 37249 37465 37466 AND
2 1 37464 37466 37467 AND
2 1 92 37467 37468 AND
2 1 37130 37129 37469 XOR
2 1 37251 37469 37470 AND
2 1 36903 37250 37471 AND
2 1 37249 37471 37472 AND
2 1 37470 37472 37473 AND
2 1 91 37473 37474 AND
2 1 37127 37126 37475 XOR
2 1 37251 37475 37476 AND
2 1 36909 37250 37477 AND
2 1 37249 37477 37478 AND
2 1 37476 37478 37479 AND
2 1 90 37479 37480 AND
2 1 37124 37123 37481 XOR
2 1 37251 37481 37482 AND
2 1 36915 37250 37483 AND
2 1 37249 37483 37484 AND
2 1 37482 37484 37485 AND
2 1 89 37485 37486 AND
2 1 37121 37120 37487 XOR
2 1 37251 37487 37488 AND
2 1 36921 37250 37489 AND
2 1 37249 37489 37490 AND
2 1 37488 37490 37491 AND
2 1 88 37491 37492 AND
2 1 37118 37117 37493 XOR
2 1 37251 37493 37494 AND
2 1 36927 37250 37495 AND
2 1 37249 37495 37496 AND
2 1 37494 37496 37497 AND
2 1 87 37497 37498 AND
2 1 37115 37114 37499 XOR
2 1 37251 37499 37500 AND
2 1 36933 37250 37501 AND
2 1 37249 37501 37502 AND
2 1 37500 37502 37503 AND
2 1 86 37503 37504 AND
2 1 37112 37111 37505 XOR
2 1 37251 37505 37506 AND
2 1 36939 37250 37507 AND
2 1 37249 37507 37508 AND
2 1 37506 37508 37509 AND
2 1 85 37509 37510 AND
2 1 37109 37108 37511 XOR
2 1 37251 37511 37512 AND
2 1 36945 37250 37513 AND
2 1 37249 37513 37514 AND
2 1 37512 37514 37515 AND
2 1 84 37515 37516 AND
2 1 37106 37105 37517 XOR
2 1 37251 37517 37518 AND
2 1 36951 37250 37519 AND
2 1 37249 37519 37520 AND
2 1 37518 37520 37521 AND
2 1 83 37521 37522 AND
2 1 37103 37102 37523 XOR
2 1 37251 37523 37524 AND
2 1 36957 37250 37525 AND
2 1 37249 37525 37526 AND
2 1 37524 37526 37527 AND
2 1 82 37527 37528 AND
2 1 37100 37099 37529 XOR
2 1 37251 37529 37530 AND
2 1 36963 37250 37531 AND
2 1 37249 37531 37532 AND
2 1 37530 37532 37533 AND
2 1 81 37533 37534 AND
2 1 37097 37096 37535 XOR
2 1 37251 37535 37536 AND
2 1 36969 37250 37537 AND
2 1 37249 37537 37538 AND
2 1 37536 37538 37539 AND
2 1 80 37539 37540 AND
2 1 37094 37093 37541 XOR
2 1 37251 37541 37542 AND
2 1 36975 37250 37543 AND
2 1 37249 37543 37544 AND
2 1 37542 37544 37545 AND
2 1 79 37545 37546 AND
2 1 37091 37090 37547 XOR
2 1 37251 37547 37548 AND
2 1 36981 37250 37549 AND
2 1 37249 37549 37550 AND
2 1 37548 37550 37551 AND
2 1 78 37551 37552 AND
2 1 37088 37087 37553 XOR
2 1 37251 37553 37554 AND
2 1 36987 37250 37555 AND
2 1 37249 37555 37556 AND
2 1 37554 37556 37557 AND
2 1 77 37557 37558 AND
2 1 37085 37084 37559 XOR
2 1 37251 37559 37560 AND
2 1 36993 37250 37561 AND
2 1 37249 37561 37562 AND
2 1 37560 37562 37563 AND
2 1 76 37563 37564 AND
2 1 37082 37081 37565 XOR
2 1 37251 37565 37566 AND
2 1 36999 37250 37567 AND
2 1 37249 37567 37568 AND
2 1 37566 37568 37569 AND
2 1 75 37569 37570 AND
2 1 37079 37078 37571 XOR
2 1 37251 37571 37572 AND
2 1 37005 37250 37573 AND
2 1 37249 37573 37574 AND
2 1 37572 37574 37575 AND
2 1 74 37575 37576 AND
2 1 37076 37075 37577 XOR
2 1 37251 37577 37578 AND
2 1 37011 37250 37579 AND
2 1 37249 37579 37580 AND
2 1 37578 37580 37581 AND
2 1 73 37581 37582 AND
2 1 37073 37072 37583 XOR
2 1 37251 37583 37584 AND
2 1 37017 37250 37585 AND
2 1 37249 37585 37586 AND
2 1 37584 37586 37587 AND
2 1 72 37587 37588 AND
2 1 37070 37069 37589 XOR
2 1 37251 37589 37590 AND
2 1 37023 37250 37591 AND
2 1 37249 37591 37592 AND
2 1 37590 37592 37593 AND
2 1 71 37593 37594 AND
2 1 37067 37066 37595 XOR
2 1 37251 37595 37596 AND
2 1 37029 37250 37597 AND
2 1 37249 37597 37598 AND
2 1 37596 37598 37599 AND
2 1 70 37599 37600 AND
2 1 37064 37063 37601 XOR
2 1 37251 37601 37602 AND
2 1 37035 37250 37603 AND
2 1 37249 37603 37604 AND
2 1 37602 37604 37605 AND
2 1 69 37605 37606 AND
2 1 37061 37060 37607 XOR
2 1 37251 37607 37608 AND
2 1 37041 37250 37609 AND
2 1 37249 37609 37610 AND
2 1 37608 37610 37611 AND
2 1 68 37611 37612 AND
2 1 37058 37057 37613 XOR
2 1 37251 37613 37614 AND
2 1 37048 37250 37615 AND
2 1 37249 37615 37616 AND
2 1 37614 37616 37617 AND
2 1 67 37617 37618 AND
2 1 2 37050 37051 AND
2 1 17943 36688 37052 AND
2 1 37051 37052 37619 AND
2 1 37619 18864 37620 XOR
2 1 37251 37620 37621 AND
2 1 37053 37250 37622 AND
2 1 37249 37622 37623 AND
2 1 37621 37623 37624 AND
2 1 66 37624 37625 AND
2 1 65 1 37630 XOR
2 1 64 37251 37626 AND
2 1 37630 37626 37631 XOR
2 1 18854 37631 37632 AND
2 1 37626 1 37629 XOR
2 1 65 37629 37633 AND
2 1 37632 37633 37634 AND
2 1 37624 66 37635 XOR
2 1 37634 37635 37636 AND
2 1 37625 37636 37637 AND
2 1 37617 67 37638 XOR
2 1 37637 37638 37639 AND
2 1 37618 37639 37640 AND
2 1 37611 68 37641 XOR
2 1 37640 37641 37642 AND
2 1 37612 37642 37643 AND
2 1 37605 69 37644 XOR
2 1 37643 37644 37645 AND
2 1 37606 37645 37646 AND
2 1 37599 70 37647 XOR
2 1 37646 37647 37648 AND
2 1 37600 37648 37649 AND
2 1 37593 71 37650 XOR
2 1 37649 37650 37651 AND
2 1 37594 37651 37652 AND
2 1 37587 72 37653 XOR
2 1 37652 37653 37654 AND
2 1 37588 37654 37655 AND
2 1 37581 73 37656 XOR
2 1 37655 37656 37657 AND
2 1 37582 37657 37658 AND
2 1 37575 74 37659 XOR
2 1 37658 37659 37660 AND
2 1 37576 37660 37661 AND
2 1 37569 75 37662 XOR
2 1 37661 37662 37663 AND
2 1 37570 37663 37664 AND
2 1 37563 76 37665 XOR
2 1 37664 37665 37666 AND
2 1 37564 37666 37667 AND
2 1 37557 77 37668 XOR
2 1 37667 37668 37669 AND
2 1 37558 37669 37670 AND
2 1 37551 78 37671 XOR
2 1 37670 37671 37672 AND
2 1 37552 37672 37673 AND
2 1 37545 79 37674 XOR
2 1 37673 37674 37675 AND
2 1 37546 37675 37676 AND
2 1 37539 80 37677 XOR
2 1 37676 37677 37678 AND
2 1 37540 37678 37679 AND
2 1 37533 81 37680 XOR
2 1 37679 37680 37681 AND
2 1 37534 37681 37682 AND
2 1 37527 82 37683 XOR
2 1 37682 37683 37684 AND
2 1 37528 37684 37685 AND
2 1 37521 83 37686 XOR
2 1 37685 37686 37687 AND
2 1 37522 37687 37688 AND
2 1 37515 84 37689 XOR
2 1 37688 37689 37690 AND
2 1 37516 37690 37691 AND
2 1 37509 85 37692 XOR
2 1 37691 37692 37693 AND
2 1 37510 37693 37694 AND
2 1 37503 86 37695 XOR
2 1 37694 37695 37696 AND
2 1 37504 37696 37697 AND
2 1 37497 87 37698 XOR
2 1 37697 37698 37699 AND
2 1 37498 37699 37700 AND
2 1 37491 88 37701 XOR
2 1 37700 37701 37702 AND
2 1 37492 37702 37703 AND
2 1 37485 89 37704 XOR
2 1 37703 37704 37705 AND
2 1 37486 37705 37706 AND
2 1 37479 90 37707 XOR
2 1 37706 37707 37708 AND
2 1 37480 37708 37709 AND
2 1 37473 91 37710 XOR
2 1 37709 37710 37711 AND
2 1 37474 37711 37712 AND
2 1 37467 92 37713 XOR
2 1 37712 37713 37714 AND
2 1 37468 37714 37715 AND
2 1 37461 93 37716 XOR
2 1 37715 37716 37717 AND
2 1 37462 37717 37718 AND
2 1 37455 94 37719 XOR
2 1 37718 37719 37720 AND
2 1 37456 37720 37721 AND
2 1 37449 95 37722 XOR
2 1 37721 37722 37723 AND
2 1 37450 37723 37724 AND
2 1 37443 96 37725 XOR
2 1 37724 37725 37726 AND
2 1 37444 37726 37727 AND
2 1 37437 97 37728 XOR
2 1 37727 37728 37729 AND
2 1 37438 37729 37730 AND
2 1 37431 98 37731 XOR
2 1 37730 37731 37732 AND
2 1 37432 37732 37733 AND
2 1 37425 99 37734 XOR
2 1 37733 37734 37735 AND
2 1 37426 37735 37736 AND
2 1 37419 100 37737 XOR
2 1 37736 37737 37738 AND
2 1 37420 37738 37739 AND
2 1 37413 101 37740 XOR
2 1 37739 37740 37741 AND
2 1 37414 37741 37742 AND
2 1 37407 102 37743 XOR
2 1 37742 37743 37744 AND
2 1 37408 37744 37745 AND
2 1 37401 103 37746 XOR
2 1 37745 37746 37747 AND
2 1 37402 37747 37748 AND
2 1 37395 104 37749 XOR
2 1 37748 37749 37750 AND
2 1 37396 37750 37751 AND
2 1 37389 105 37752 XOR
2 1 37751 37752 37753 AND
2 1 37390 37753 37754 AND
2 1 37383 106 37755 XOR
2 1 37754 37755 37756 AND
2 1 37384 37756 37757 AND
2 1 37377 107 37758 XOR
2 1 37757 37758 37759 AND
2 1 37378 37759 37760 AND
2 1 37371 108 37761 XOR
2 1 37760 37761 37762 AND
2 1 37372 37762 37763 AND
2 1 37365 109 37764 XOR
2 1 37763 37764 37765 AND
2 1 37366 37765 37766 AND
2 1 37359 110 37767 XOR
2 1 37766 37767 37768 AND
2 1 37360 37768 37769 AND
2 1 37353 111 37770 XOR
2 1 37769 37770 37771 AND
2 1 37354 37771 37772 AND
2 1 37347 112 37773 XOR
2 1 37772 37773 37774 AND
2 1 37348 37774 37775 AND
2 1 37341 113 37776 XOR
2 1 37775 37776 37777 AND
2 1 37342 37777 37778 AND
2 1 37335 114 37779 XOR
2 1 37778 37779 37780 AND
2 1 37336 37780 37781 AND
2 1 37329 115 37782 XOR
2 1 37781 37782 37783 AND
2 1 37330 37783 37784 AND
2 1 37323 116 37785 XOR
2 1 37784 37785 37786 AND
2 1 37324 37786 37787 AND
2 1 37317 117 37788 XOR
2 1 37787 37788 37789 AND
2 1 37318 37789 37790 AND
2 1 37311 118 37791 XOR
2 1 37790 37791 37792 AND
2 1 37312 37792 37793 AND
2 1 37305 119 37794 XOR
2 1 37793 37794 37795 AND
2 1 37306 37795 37796 AND
2 1 37299 120 37797 XOR
2 1 37796 37797 37798 AND
2 1 37300 37798 37799 AND
2 1 37293 121 37800 XOR
2 1 37799 37800 37801 AND
2 1 37294 37801 37802 AND
2 1 37287 122 37803 XOR
2 1 37802 37803 37804 AND
2 1 37288 37804 37805 AND
2 1 37281 123 37806 XOR
2 1 37805 37806 37807 AND
2 1 37282 37807 37808 AND
2 1 37275 124 37809 XOR
2 1 37808 37809 37810 AND
2 1 37276 37810 37811 AND
2 1 37269 125 37812 XOR
2 1 37811 37812 37813 AND
2 1 37270 37813 37814 AND
2 1 37263 126 37815 XOR
2 1 37814 37815 37816 AND
2 1 37264 37816 37817 AND
2 1 37257 127 37818 XOR
2 1 37817 37818 37819 AND
2 1 37258 37819 37820 AND
2 1 64 37820 37821 AND
2 1 37821 0 37822 XOR
2 1 18854 65 37824 XOR
2 1 1 37626 37627 AND
2 1 18506 37251 37628 AND
2 1 37627 37628 37823 AND
2 1 37824 37823 37825 XOR
2 1 37820 37825 37826 AND
2 1 37258 37629 37827 AND
2 1 37819 37827 37828 AND
2 1 37826 37828 37829 AND
2 1 37635 37634 37830 XOR
2 1 37820 37830 37831 AND
2 1 37258 37624 37832 AND
2 1 37819 37832 37833 AND
2 1 37831 37833 37834 AND
2 1 37638 37637 37835 XOR
2 1 37820 37835 37836 AND
2 1 37258 37617 37837 AND
2 1 37819 37837 37838 AND
2 1 37836 37838 37839 AND
2 1 37641 37640 37840 XOR
2 1 37820 37840 37841 AND
2 1 37258 37611 37842 AND
2 1 37819 37842 37843 AND
2 1 37841 37843 37844 AND
2 1 37644 37643 37845 XOR
2 1 37820 37845 37846 AND
2 1 37258 37605 37847 AND
2 1 37819 37847 37848 AND
2 1 37846 37848 37849 AND
2 1 37647 37646 37850 XOR
2 1 37820 37850 37851 AND
2 1 37258 37599 37852 AND
2 1 37819 37852 37853 AND
2 1 37851 37853 37854 AND
2 1 37650 37649 37855 XOR
2 1 37820 37855 37856 AND
2 1 37258 37593 37857 AND
2 1 37819 37857 37858 AND
2 1 37856 37858 37859 AND
2 1 37653 37652 37860 XOR
2 1 37820 37860 37861 AND
2 1 37258 37587 37862 AND
2 1 37819 37862 37863 AND
2 1 37861 37863 37864 AND
2 1 37656 37655 37865 XOR
2 1 37820 37865 37866 AND
2 1 37258 37581 37867 AND
2 1 37819 37867 37868 AND
2 1 37866 37868 37869 AND
2 1 37659 37658 37870 XOR
2 1 37820 37870 37871 AND
2 1 37258 37575 37872 AND
2 1 37819 37872 37873 AND
2 1 37871 37873 37874 AND
2 1 37662 37661 37875 XOR
2 1 37820 37875 37876 AND
2 1 37258 37569 37877 AND
2 1 37819 37877 37878 AND
2 1 37876 37878 37879 AND
2 1 37665 37664 37880 XOR
2 1 37820 37880 37881 AND
2 1 37258 37563 37882 AND
2 1 37819 37882 37883 AND
2 1 37881 37883 37884 AND
2 1 37668 37667 37885 XOR
2 1 37820 37885 37886 AND
2 1 37258 37557 37887 AND
2 1 37819 37887 37888 AND
2 1 37886 37888 37889 AND
2 1 37671 37670 37890 XOR
2 1 37820 37890 37891 AND
2 1 37258 37551 37892 AND
2 1 37819 37892 37893 AND
2 1 37891 37893 37894 AND
2 1 37674 37673 37895 XOR
2 1 37820 37895 37896 AND
2 1 37258 37545 37897 AND
2 1 37819 37897 37898 AND
2 1 37896 37898 37899 AND
2 1 37677 37676 37900 XOR
2 1 37820 37900 37901 AND
2 1 37258 37539 37902 AND
2 1 37819 37902 37903 AND
2 1 37901 37903 37904 AND
2 1 37680 37679 37905 XOR
2 1 37820 37905 37906 AND
2 1 37258 37533 37907 AND
2 1 37819 37907 37908 AND
2 1 37906 37908 37909 AND
2 1 37683 37682 37910 XOR
2 1 37820 37910 37911 AND
2 1 37258 37527 37912 AND
2 1 37819 37912 37913 AND
2 1 37911 37913 37914 AND
2 1 37686 37685 37915 XOR
2 1 37820 37915 37916 AND
2 1 37258 37521 37917 AND
2 1 37819 37917 37918 AND
2 1 37916 37918 37919 AND
2 1 37689 37688 37920 XOR
2 1 37820 37920 37921 AND
2 1 37258 37515 37922 AND
2 1 37819 37922 37923 AND
2 1 37921 37923 37924 AND
2 1 37692 37691 37925 XOR
2 1 37820 37925 37926 AND
2 1 37258 37509 37927 AND
2 1 37819 37927 37928 AND
2 1 37926 37928 37929 AND
2 1 37695 37694 37930 XOR
2 1 37820 37930 37931 AND
2 1 37258 37503 37932 AND
2 1 37819 37932 37933 AND
2 1 37931 37933 37934 AND
2 1 37698 37697 37935 XOR
2 1 37820 37935 37936 AND
2 1 37258 37497 37937 AND
2 1 37819 37937 37938 AND
2 1 37936 37938 37939 AND
2 1 37701 37700 37940 XOR
2 1 37820 37940 37941 AND
2 1 37258 37491 37942 AND
2 1 37819 37942 37943 AND
2 1 37941 37943 37944 AND
2 1 37704 37703 37945 XOR
2 1 37820 37945 37946 AND
2 1 37258 37485 37947 AND
2 1 37819 37947 37948 AND
2 1 37946 37948 37949 AND
2 1 37707 37706 37950 XOR
2 1 37820 37950 37951 AND
2 1 37258 37479 37952 AND
2 1 37819 37952 37953 AND
2 1 37951 37953 37954 AND
2 1 37710 37709 37955 XOR
2 1 37820 37955 37956 AND
2 1 37258 37473 37957 AND
2 1 37819 37957 37958 AND
2 1 37956 37958 37959 AND
2 1 37713 37712 37960 XOR
2 1 37820 37960 37961 AND
2 1 37258 37467 37962 AND
2 1 37819 37962 37963 AND
2 1 37961 37963 37964 AND
2 1 37716 37715 37965 XOR
2 1 37820 37965 37966 AND
2 1 37258 37461 37967 AND
2 1 37819 37967 37968 AND
2 1 37966 37968 37969 AND
2 1 37719 37718 37970 XOR
2 1 37820 37970 37971 AND
2 1 37258 37455 37972 AND
2 1 37819 37972 37973 AND
2 1 37971 37973 37974 AND
2 1 37722 37721 37975 XOR
2 1 37820 37975 37976 AND
2 1 37258 37449 37977 AND
2 1 37819 37977 37978 AND
2 1 37976 37978 37979 AND
2 1 37725 37724 37980 XOR
2 1 37820 37980 37981 AND
2 1 37258 37443 37982 AND
2 1 37819 37982 37983 AND
2 1 37981 37983 37984 AND
2 1 37728 37727 37985 XOR
2 1 37820 37985 37986 AND
2 1 37258 37437 37987 AND
2 1 37819 37987 37988 AND
2 1 37986 37988 37989 AND
2 1 37731 37730 37990 XOR
2 1 37820 37990 37991 AND
2 1 37258 37431 37992 AND
2 1 37819 37992 37993 AND
2 1 37991 37993 37994 AND
2 1 37734 37733 37995 XOR
2 1 37820 37995 37996 AND
2 1 37258 37425 37997 AND
2 1 37819 37997 37998 AND
2 1 37996 37998 37999 AND
2 1 37737 37736 38000 XOR
2 1 37820 38000 38001 AND
2 1 37258 37419 38002 AND
2 1 37819 38002 38003 AND
2 1 38001 38003 38004 AND
2 1 37740 37739 38005 XOR
2 1 37820 38005 38006 AND
2 1 37258 37413 38007 AND
2 1 37819 38007 38008 AND
2 1 38006 38008 38009 AND
2 1 37743 37742 38010 XOR
2 1 37820 38010 38011 AND
2 1 37258 37407 38012 AND
2 1 37819 38012 38013 AND
2 1 38011 38013 38014 AND
2 1 37746 37745 38015 XOR
2 1 37820 38015 38016 AND
2 1 37258 37401 38017 AND
2 1 37819 38017 38018 AND
2 1 38016 38018 38019 AND
2 1 37749 37748 38020 XOR
2 1 37820 38020 38021 AND
2 1 37258 37395 38022 AND
2 1 37819 38022 38023 AND
2 1 38021 38023 38024 AND
2 1 37752 37751 38025 XOR
2 1 37820 38025 38026 AND
2 1 37258 37389 38027 AND
2 1 37819 38027 38028 AND
2 1 38026 38028 38029 AND
2 1 37755 37754 38030 XOR
2 1 37820 38030 38031 AND
2 1 37258 37383 38032 AND
2 1 37819 38032 38033 AND
2 1 38031 38033 38034 AND
2 1 37758 37757 38035 XOR
2 1 37820 38035 38036 AND
2 1 37258 37377 38037 AND
2 1 37819 38037 38038 AND
2 1 38036 38038 38039 AND
2 1 37761 37760 38040 XOR
2 1 37820 38040 38041 AND
2 1 37258 37371 38042 AND
2 1 37819 38042 38043 AND
2 1 38041 38043 38044 AND
2 1 37764 37763 38045 XOR
2 1 37820 38045 38046 AND
2 1 37258 37365 38047 AND
2 1 37819 38047 38048 AND
2 1 38046 38048 38049 AND
2 1 37767 37766 38050 XOR
2 1 37820 38050 38051 AND
2 1 37258 37359 38052 AND
2 1 37819 38052 38053 AND
2 1 38051 38053 38054 AND
2 1 37770 37769 38055 XOR
2 1 37820 38055 38056 AND
2 1 37258 37353 38057 AND
2 1 37819 38057 38058 AND
2 1 38056 38058 38059 AND
2 1 37773 37772 38060 XOR
2 1 37820 38060 38061 AND
2 1 37258 37347 38062 AND
2 1 37819 38062 38063 AND
2 1 38061 38063 38064 AND
2 1 37776 37775 38065 XOR
2 1 37820 38065 38066 AND
2 1 37258 37341 38067 AND
2 1 37819 38067 38068 AND
2 1 38066 38068 38069 AND
2 1 37779 37778 38070 XOR
2 1 37820 38070 38071 AND
2 1 37258 37335 38072 AND
2 1 37819 38072 38073 AND
2 1 38071 38073 38074 AND
2 1 37782 37781 38075 XOR
2 1 37820 38075 38076 AND
2 1 37258 37329 38077 AND
2 1 37819 38077 38078 AND
2 1 38076 38078 38079 AND
2 1 37785 37784 38080 XOR
2 1 37820 38080 38081 AND
2 1 37258 37323 38082 AND
2 1 37819 38082 38083 AND
2 1 38081 38083 38084 AND
2 1 37788 37787 38085 XOR
2 1 37820 38085 38086 AND
2 1 37258 37317 38087 AND
2 1 37819 38087 38088 AND
2 1 38086 38088 38089 AND
2 1 37791 37790 38090 XOR
2 1 37820 38090 38091 AND
2 1 37258 37311 38092 AND
2 1 37819 38092 38093 AND
2 1 38091 38093 38094 AND
2 1 37794 37793 38095 XOR
2 1 37820 38095 38096 AND
2 1 37258 37305 38097 AND
2 1 37819 38097 38098 AND
2 1 38096 38098 38099 AND
2 1 37797 37796 38100 XOR
2 1 37820 38100 38101 AND
2 1 37258 37299 38102 AND
2 1 37819 38102 38103 AND
2 1 38101 38103 38104 AND
2 1 37800 37799 38105 XOR
2 1 37820 38105 38106 AND
2 1 37258 37293 38107 AND
2 1 37819 38107 38108 AND
2 1 38106 38108 38109 AND
2 1 37803 37802 38110 XOR
2 1 37820 38110 38111 AND
2 1 37258 37287 38112 AND
2 1 37819 38112 38113 AND
2 1 38111 38113 38114 AND
2 1 37806 37805 38115 XOR
2 1 37820 38115 38116 AND
2 1 37258 37281 38117 AND
2 1 37819 38117 38118 AND
2 1 38116 38118 38119 AND
2 1 37809 37808 38120 XOR
2 1 37820 38120 38121 AND
2 1 37258 37275 38122 AND
2 1 37819 38122 38123 AND
2 1 38121 38123 38124 AND
2 1 37812 37811 38125 XOR
2 1 37820 38125 38126 AND
2 1 37258 37269 38127 AND
2 1 37819 38127 38128 AND
2 1 38126 38128 38129 AND
2 1 37815 37814 38130 XOR
2 1 37820 38130 38131 AND
2 1 37258 37263 38132 AND
2 1 37819 38132 38133 AND
2 1 38131 38133 38134 AND
2 1 37258 37817 38135 AND
2 1 127 37257 38136 AND
2 1 37819 38136 38137 AND
2 1 38135 38137 38138 AND