2 1 2 1 9113 XOR
2 1 0 9113 9570 AND
2 1 29 28 3286 XOR
2 1 27 26 3287 XOR
2 1 3286 3287 3377 AND
2 1 24 25 48 AND
2 1 23 26 56 AND
2 1 48 56 60 AND
2 1 29 30 36 AND
2 1 27 28 43 AND
2 1 36 43 117 AND
2 1 60 117 482 AND
2 1 23 26 41 AND
2 1 41 48 49 AND
2 1 27 28 46 AND
2 1 29 30 53 AND
2 1 46 53 81 AND
2 1 49 81 203 AND
2 1 27 28 67 AND
2 1 53 67 68 AND
2 1 23 26 51 AND
2 1 24 25 76 AND
2 1 51 76 86 AND
2 1 68 86 491 AND
2 1 203 491 1879 AND
2 1 23 26 69 AND
2 1 69 76 90 AND
2 1 68 90 110 AND
2 1 48 51 140 AND
2 1 68 140 424 AND
2 1 110 424 2260 AND
2 1 1879 2260 3887 AND
2 1 81 90 558 AND
2 1 41 76 112 AND
2 1 81 112 113 AND
2 1 48 69 126 AND
2 1 81 126 187 AND
2 1 113 187 615 AND
2 1 558 615 3888 AND
2 1 3887 3888 3889 AND
2 1 24 25 57 AND
2 1 51 57 65 AND
2 1 65 68 366 AND
2 1 56 57 58 AND
2 1 58 68 190 AND
2 1 24 25 40 AND
2 1 40 69 233 AND
2 1 68 233 269 AND
2 1 190 269 3890 AND
2 1 366 3890 3891 AND
2 1 3889 3891 3892 AND
2 1 60 68 254 AND
2 1 57 69 70 AND
2 1 70 81 848 AND
2 1 254 848 3881 AND
2 1 40 41 42 AND
2 1 42 81 111 AND
2 1 68 112 367 AND
2 1 111 367 3882 AND
2 1 3881 3882 3883 AND
2 1 56 76 77 AND
2 1 68 77 331 AND
2 1 40 51 52 AND
2 1 52 68 364 AND
2 1 331 364 1311 AND
2 1 41 57 88 AND
2 1 81 88 119 AND
2 1 42 68 360 AND
2 1 119 360 3884 AND
2 1 1311 3884 3885 AND
2 1 3883 3885 3886 AND
2 1 81 233 399 AND
2 1 29 30 61 AND
2 1 46 61 62 AND
2 1 62 77 332 AND
2 1 62 86 501 AND
2 1 332 501 502 AND
2 1 399 502 3893 AND
2 1 3886 3893 3894 AND
2 1 3892 3894 3895 AND
2 1 52 62 336 AND
2 1 40 56 95 AND
2 1 62 95 247 AND
2 1 68 95 256 AND
2 1 247 256 3896 AND
2 1 336 3896 3897 AND
2 1 3895 3897 3898 AND
2 1 27 28 73 AND
2 1 53 73 138 AND
2 1 65 138 303 AND
2 1 138 233 478 AND
2 1 303 478 1898 AND
2 1 52 138 535 AND
2 1 77 138 773 AND
2 1 535 773 2664 AND
2 1 1898 2664 2665 AND
2 1 42 138 197 AND
2 1 68 126 212 AND
2 1 197 212 2666 AND
2 1 2665 2666 2667 AND
2 1 138 140 298 AND
2 1 58 138 620 AND
2 1 298 620 2702 AND
2 1 86 138 316 AND
2 1 112 138 1065 AND
2 1 316 1065 1212 AND
2 1 68 88 477 AND
2 1 95 138 1026 AND
2 1 477 1026 2096 AND
2 1 1212 2096 3899 AND
2 1 2702 3899 3900 AND
2 1 2667 3900 3901 AND
2 1 90 138 167 AND
2 1 49 68 425 AND
2 1 167 425 1353 AND
2 1 68 70 71 AND
2 1 60 138 470 AND
2 1 71 470 3902 AND
2 1 1353 3902 3903 AND
2 1 3901 3903 3904 AND
2 1 90 117 118 AND
2 1 81 95 263 AND
2 1 118 263 1747 AND
2 1 58 81 82 AND
2 1 49 117 133 AND
2 1 65 81 601 AND
2 1 133 601 2036 AND
2 1 117 126 631 AND
2 1 88 117 716 AND
2 1 631 716 3326 AND
2 1 2036 3326 3327 AND
2 1 82 3327 3328 AND
2 1 52 81 85 AND
2 1 81 140 141 AND
2 1 85 141 2932 AND
2 1 77 81 239 AND
2 1 81 86 381 AND
2 1 239 381 3905 AND
2 1 2932 3905 3906 AND
2 1 3328 3906 3907 AND
2 1 1747 3907 3908 AND
2 1 3904 3908 3909 AND
2 1 3898 3909 3910 AND
2 1 60 81 383 AND
2 1 70 117 384 AND
2 1 383 384 385 AND
2 1 62 65 417 AND
2 1 385 417 3911 AND
2 1 3910 3911 3912 AND
2 1 29 30 37 AND
2 1 37 43 44 AND
2 1 44 65 301 AND
2 1 37 67 163 AND
2 1 112 163 201 AND
2 1 95 163 236 AND
2 1 37 73 124 AND
2 1 124 126 489 AND
2 1 236 489 490 AND
2 1 49 124 335 AND
2 1 65 124 438 AND
2 1 335 438 696 AND
2 1 490 696 2229 AND
2 1 201 2229 2230 AND
2 1 44 140 392 AND
2 1 44 58 327 AND
2 1 44 60 839 AND
2 1 327 839 2544 AND
2 1 392 2544 3489 AND
2 1 77 124 304 AND
2 1 77 117 975 AND
2 1 304 975 1976 AND
2 1 61 73 93 AND
2 1 70 93 432 AND
2 1 58 62 925 AND
2 1 432 925 2311 AND
2 1 1976 2311 3490 AND
2 1 3489 3490 3491 AND
2 1 2230 3491 3492 AND
2 1 43 53 54 AND
2 1 54 70 454 AND
2 1 49 138 459 AND
2 1 88 138 583 AND
2 1 459 583 3485 AND
2 1 54 233 321 AND
2 1 49 54 741 AND
2 1 321 741 3486 AND
2 1 3485 3486 3487 AND
2 1 454 3487 3488 AND
2 1 112 117 426 AND
2 1 61 67 130 AND
2 1 49 130 527 AND
2 1 426 527 3493 AND
2 1 3488 3493 3494 AND
2 1 3492 3494 3495 AND
2 1 42 62 500 AND
2 1 93 95 96 AND
2 1 49 163 302 AND
2 1 96 302 3496 AND
2 1 500 3496 3497 AND
2 1 3495 3497 3498 AND
2 1 301 3498 3499 AND
2 1 43 61 107 AND
2 1 95 107 238 AND
2 1 65 163 495 AND
2 1 238 495 1049 AND
2 1 124 140 400 AND
2 1 62 233 531 AND
2 1 400 531 2715 AND
2 1 1049 2715 4933 AND
2 1 52 124 268 AND
2 1 95 124 974 AND
2 1 268 974 1119 AND
2 1 93 112 134 AND
2 1 90 93 237 AND
2 1 134 237 1331 AND
2 1 1119 1331 4934 AND
2 1 4933 4934 4935 AND
2 1 58 117 294 AND
2 1 77 93 94 AND
2 1 62 140 262 AND
2 1 94 262 4936 AND
2 1 294 4936 4937 AND
2 1 4935 4937 4938 AND
2 1 42 163 676 AND
2 1 42 44 45 AND
2 1 112 124 496 AND
2 1 45 496 4939 AND
2 1 676 4939 4940 AND
2 1 4938 4940 4941 AND
2 1 140 163 164 AND
2 1 90 163 165 AND
2 1 164 165 166 AND
2 1 58 124 125 AND
2 1 70 124 636 AND
2 1 125 636 2227 AND
2 1 166 2227 2228 AND
2 1 54 112 170 AND
2 1 54 88 266 AND
2 1 170 266 711 AND
2 1 54 126 290 AND
2 1 54 90 603 AND
2 1 290 603 942 AND
2 1 711 942 3803 AND
2 1 2228 3803 10690 AND
2 1 4941 10690 10691 AND
2 1 3499 10691 10692 AND
2 1 3912 10692 10693 AND
2 1 54 60 338 AND
2 1 54 77 359 AND
2 1 42 54 380 AND
2 1 359 380 1441 AND
2 1 338 1441 1442 AND
2 1 70 138 139 AND
2 1 54 86 192 AND
2 1 139 192 1689 AND
2 1 52 54 55 AND
2 1 126 138 291 AND
2 1 55 291 3875 AND
2 1 1689 3875 3876 AND
2 1 1442 3876 3877 AND
2 1 54 95 679 AND
2 1 54 65 66 AND
2 1 54 58 251 AND
2 1 66 251 3878 AND
2 1 679 3878 3879 AND
2 1 3877 3879 3880 AND
2 1 60 62 63 AND
2 1 44 95 213 AND
2 1 63 213 1219 AND
2 1 44 77 619 AND
2 1 54 140 789 AND
2 1 619 789 1745 AND
2 1 1219 1745 10686 AND
2 1 44 86 413 AND
2 1 60 93 553 AND
2 1 413 553 10687 AND
2 1 10686 10687 10688 AND
2 1 3880 10688 10689 AND
2 1 163 233 415 AND
2 1 44 52 735 AND
2 1 415 735 736 AND
2 1 86 124 483 AND
2 1 86 163 1068 AND
2 1 483 1068 1069 AND
2 1 736 1069 3741 AND
2 1 60 163 330 AND
2 1 58 163 434 AND
2 1 330 434 435 AND
2 1 88 124 259 AND
2 1 42 124 528 AND
2 1 259 528 791 AND
2 1 435 791 3742 AND
2 1 3741 3742 3743 AND
2 1 77 163 621 AND
2 1 70 163 216 AND
2 1 88 163 556 AND
2 1 216 556 3744 AND
2 1 621 3744 3745 AND
2 1 3743 3745 3746 AND
2 1 90 124 1091 AND
2 1 60 124 241 AND
2 1 124 233 296 AND
2 1 241 296 3747 AND
2 1 1091 3747 3748 AND
2 1 3746 3748 3749 AND
2 1 126 130 295 AND
2 1 52 93 896 AND
2 1 295 896 1352 AND
2 1 93 126 127 AND
2 1 86 93 1167 AND
2 1 127 1167 1749 AND
2 1 1352 1749 4347 AND
2 1 93 140 457 AND
2 1 65 93 567 AND
2 1 457 567 568 AND
2 1 49 93 357 AND
2 1 70 130 944 AND
2 1 357 944 2133 AND
2 1 568 2133 4348 AND
2 1 4347 4348 4349 AND
2 1 88 93 358 AND
2 1 86 107 108 AND
2 1 52 107 137 AND
2 1 108 137 4350 AND
2 1 358 4350 4351 AND
2 1 4349 4351 4352 AND
2 1 42 93 339 AND
2 1 58 93 121 AND
2 1 93 233 270 AND
2 1 121 270 4353 AND
2 1 339 4353 4354 AND
2 1 4352 4354 4355 AND
2 1 3749 4355 10694 AND
2 1 10689 10694 10695 AND
2 1 10693 10695 10696 AND
2 1 42 117 193 AND
2 1 117 233 1210 AND
2 1 193 1210 2701 AND
2 1 117 140 206 AND
2 1 65 117 473 AND
2 1 126 163 587 AND
2 1 473 587 2545 AND
2 1 206 2545 10697 AND
2 1 2701 10697 10698 AND
2 1 10696 10698 10699 AND
2 1 482 10699 10700 AND
2 1 36 67 78 AND
2 1 78 233 475 AND
2 1 78 88 114 AND
2 1 78 126 566 AND
2 1 42 78 605 AND
2 1 566 605 1403 AND
2 1 114 1403 1404 AND
2 1 77 78 79 AND
2 1 70 78 153 AND
2 1 65 78 244 AND
2 1 153 244 3630 AND
2 1 79 3630 3631 AND
2 1 1404 3631 3836 AND
2 1 78 140 218 AND
2 1 58 78 299 AND
2 1 218 299 3329 AND
2 1 36 73 74 AND
2 1 74 95 240 AND
2 1 52 74 522 AND
2 1 60 78 767 AND
2 1 522 767 1256 AND
2 1 240 1256 3837 AND
2 1 3329 3837 3838 AND
2 1 3836 3838 3839 AND
2 1 49 78 1066 AND
2 1 78 90 132 AND
2 1 78 112 390 AND
2 1 132 390 3840 AND
2 1 1066 3840 3841 AND
2 1 3839 3841 3842 AND
2 1 475 3842 3843 AND
2 1 49 74 200 AND
2 1 74 140 265 AND
2 1 200 265 3804 AND
2 1 74 90 100 AND
2 1 58 74 433 AND
2 1 100 433 3805 AND
2 1 3804 3805 3806 AND
2 1 42 74 1270 AND
2 1 70 74 361 AND
2 1 95 117 362 AND
2 1 361 362 3807 AND
2 1 1270 3807 3808 AND
2 1 3806 3808 3809 AND
2 1 74 126 328 AND
2 1 74 112 391 AND
2 1 328 391 739 AND
2 1 74 88 1036 AND
2 1 739 1036 3810 AND
2 1 3809 3810 3811 AND
2 1 78 95 135 AND
2 1 74 233 581 AND
2 1 135 581 582 AND
2 1 52 117 811 AND
2 1 582 811 3062 AND
2 1 206 294 3827 AND
2 1 2701 3827 3828 AND
2 1 3062 3828 3913 AND
2 1 3811 3913 3914 AND
2 1 74 86 87 AND
2 1 74 77 158 AND
2 1 87 158 3915 AND
2 1 3914 3915 3916 AND
2 1 3843 3916 3917 AND
2 1 65 74 710 AND
2 1 60 74 75 AND
2 1 75 426 3918 AND
2 1 710 3918 3919 AND
2 1 3917 3919 3920 AND
2 1 86 117 154 AND
2 1 154 473 3921 AND
2 1 975 3921 3922 AND
2 1 3920 3922 3923 AND
2 1 78 86 115 AND
2 1 115 482 3924 AND
2 1 3923 3924 3925 AND
2 1 789 3880 3926 AND
2 1 3912 3926 3927 AND
2 1 3925 3927 3928 AND
2 1 63 3928 3929 AND
2 1 3488 3803 10701 AND
2 1 262 925 3733 AND
2 1 36 46 98 AND
2 1 90 98 196 AND
2 1 98 126 242 AND
2 1 196 242 1724 AND
2 1 60 98 245 AND
2 1 86 98 677 AND
2 1 245 677 2901 AND
2 1 1724 2901 2902 AND
2 1 77 98 99 AND
2 1 65 98 116 AND
2 1 99 116 588 AND
2 1 49 98 188 AND
2 1 42 98 293 AND
2 1 188 293 3140 AND
2 1 588 3140 3760 AND
2 1 2902 3760 3761 AND
2 1 70 98 219 AND
2 1 44 126 526 AND
2 1 219 526 1218 AND
2 1 88 98 318 AND
2 1 98 233 319 AND
2 1 318 319 320 AND
2 1 98 140 317 AND
2 1 95 98 584 AND
2 1 317 584 943 AND
2 1 320 943 3762 AND
2 1 1218 3762 3763 AND
2 1 3761 3763 3764 AND
2 1 52 98 521 AND
2 1 98 112 248 AND
2 1 58 98 253 AND
2 1 248 253 3765 AND
2 1 521 3765 3766 AND
2 1 3764 3766 3767 AND
2 1 44 88 152 AND
2 1 44 49 186 AND
2 1 152 186 554 AND
2 1 44 70 195 AND
2 1 44 112 393 AND
2 1 195 393 3758 AND
2 1 554 3758 3759 AND
2 1 44 233 234 AND
2 1 44 90 597 AND
2 1 234 597 3768 AND
2 1 3759 3768 3769 AND
2 1 3767 3769 3770 AND
2 1 3733 3770 10702 AND
2 1 10701 10702 10703 AND
2 1 3929 10703 10704 AND
2 1 52 78 292 AND
2 1 292 500 10705 AND
2 1 531 10705 10706 AND
2 1 10704 10706 10707 AND
2 1 10700 10707 10708 AND
2 1 114 299 589 AND
2 1 588 589 590 AND
2 1 49 107 128 AND
2 1 128 212 591 AND
2 1 587 591 592 AND
2 1 590 592 593 AND
2 1 37 46 47 AND
2 1 47 49 50 AND
2 1 50 496 594 AND
2 1 593 594 595 AND
2 1 535 601 602 AND
2 1 60 130 469 AND
2 1 469 603 604 AND
2 1 130 140 456 AND
2 1 456 605 606 AND
2 1 604 606 607 AND
2 1 602 607 608 AND
2 1 66 206 596 AND
2 1 65 107 388 AND
2 1 388 597 598 AND
2 1 118 364 599 AND
2 1 598 599 600 AND
2 1 596 600 609 AND
2 1 608 609 610 AND
2 1 595 610 611 AND
2 1 139 489 586 AND
2 1 583 584 585 AND
2 1 582 585 612 AND
2 1 586 612 613 AND
2 1 611 613 614 AND
2 1 362 615 616 AND
2 1 614 616 617 AND
2 1 90 107 678 AND
2 1 188 269 10434 AND
2 1 678 10434 10435 AND
2 1 47 65 289 AND
2 1 42 47 847 AND
2 1 289 847 2535 AND
2 1 2535 2544 10436 AND
2 1 10435 10436 10437 AND
2 1 617 10437 10438 AND
2 1 240 424 10439 AND
2 1 896 10439 10440 AND
2 1 10438 10440 10441 AND
2 1 52 163 189 AND
2 1 189 237 10442 AND
2 1 676 10442 10443 AND
2 1 10441 10443 10444 AND
2 1 195 10444 10445 AND
2 1 293 438 1344 AND
2 1 193 318 1345 AND
2 1 1344 1345 1346 AND
2 1 58 130 260 AND
2 1 260 553 1347 AND
2 1 1346 1347 1348 AND
2 1 47 95 215 AND
2 1 215 216 217 AND
2 1 217 248 1445 AND
2 1 679 1445 1446 AND
2 1 1348 1446 1447 AND
2 1 96 358 1448 AND
2 1 434 1448 1449 AND
2 1 1447 1449 1450 AND
2 1 47 112 122 AND
2 1 122 974 1451 AND
2 1 1450 1451 1452 AND
2 1 71 975 1453 AND
2 1 134 1453 1454 AND
2 1 295 399 1455 AND
2 1 848 1455 1456 AND
2 1 1454 1456 1457 AND
2 1 47 90 91 AND
2 1 91 121 1458 AND
2 1 259 1458 1459 AND
2 1 1457 1459 1460 AND
2 1 119 773 1461 AND
2 1 130 233 389 AND
2 1 477 716 1462 AND
2 1 389 1462 1463 AND
2 1 1461 1463 1464 AND
2 1 1460 1464 1465 AND
2 1 42 130 460 AND
2 1 460 710 1443 AND
2 1 213 619 1444 AND
2 1 1443 1444 1466 AND
2 1 1465 1466 1467 AND
2 1 1452 1467 1468 AND
2 1 298 566 1469 AND
2 1 1442 1469 1470 AND
2 1 1468 1470 1471 AND
2 1 47 86 533 AND
2 1 137 533 1472 AND
2 1 621 1472 1473 AND
2 1 1471 1473 1474 AND
2 1 234 1474 1475 AND
2 1 527 528 529 AND
2 1 25 56 1690 AND
2 1 47 1690 1691 AND
2 1 526 1691 2742 AND
2 1 529 2742 2743 AND
2 1 42 107 109 AND
2 1 109 331 2744 AND
2 1 390 2744 2745 AND
2 1 2743 2745 2746 AND
2 1 47 70 83 AND
2 1 200 201 202 AND
2 1 133 478 10636 AND
2 1 202 10636 10637 AND
2 1 83 10637 10638 AND
2 1 100 263 1656 AND
2 1 317 811 10639 AND
2 1 290 10639 10640 AND
2 1 77 107 653 AND
2 1 383 653 10641 AND
2 1 457 10641 10642 AND
2 1 10640 10642 10643 AND
2 1 1656 10643 10644 AND
2 1 10638 10644 10645 AND
2 1 2746 10645 10646 AND
2 1 1475 10646 10647 AND
2 1 10445 10647 10648 AND
2 1 127 1210 2469 AND
2 1 60 107 430 AND
2 1 430 741 1791 AND
2 1 1212 1791 10649 AND
2 1 2469 10649 10650 AND
2 1 10648 10650 10651 AND
2 1 79 242 10652 AND
2 1 265 10652 10653 AND
2 1 10651 10653 10654 AND
2 1 107 126 468 AND
2 1 55 400 10655 AND
2 1 468 10655 10656 AND
2 1 10654 10656 10657 AND
2 1 521 522 523 AND
2 1 190 241 524 AND
2 1 523 524 525 AND
2 1 294 413 5387 AND
2 1 186 5387 5388 AND
2 1 525 5388 10446 AND
2 1 45 301 932 AND
2 1 196 296 1440 AND
2 1 932 1440 10447 AND
2 1 2133 10447 10448 AND
2 1 10446 10448 10449 AND
2 1 238 433 1211 AND
2 1 244 245 246 AND
2 1 170 246 10450 AND
2 1 1211 10450 10451 AND
2 1 10449 10451 10452 AND
2 1 107 233 637 AND
2 1 495 637 10453 AND
2 1 1068 10453 10454 AND
2 1 10452 10454 10455 AND
2 1 426 631 10456 AND
2 1 115 1026 10457 AND
2 1 10456 10457 10458 AND
2 1 47 88 89 AND
2 1 89 415 10459 AND
2 1 10458 10459 10460 AND
2 1 47 140 453 AND
2 1 110 459 1488 AND
2 1 88 130 131 AND
2 1 131 567 1489 AND
2 1 1488 1489 1490 AND
2 1 453 1490 1491 AND
2 1 70 107 565 AND
2 1 367 470 10461 AND
2 1 565 10461 10462 AND
2 1 1491 10462 10463 AND
2 1 10460 10463 10464 AND
2 1 339 475 4556 AND
2 1 268 4556 4557 AND
2 1 82 1036 2117 AND
2 1 361 1270 4558 AND
2 1 2117 4558 4559 AND
2 1 4557 4559 4560 AND
2 1 125 153 4561 AND
2 1 197 4561 4562 AND
2 1 4560 4562 4563 AND
2 1 166 4563 10465 AND
2 1 10464 10465 10466 AND
2 1 10455 10466 10467 AND
2 1 154 203 5601 AND
2 1 219 5601 10468 AND
2 1 10467 10468 10469 AND
2 1 85 251 10470 AND
2 1 366 10470 10471 AND
2 1 10469 10471 10472 AND
2 1 107 140 207 AND
2 1 207 266 10473 AND
2 1 483 10473 10474 AND
2 1 10472 10474 10475 AND
2 1 47 52 235 AND
2 1 235 393 10476 AND
2 1 10475 10476 10477 AND
2 1 270 321 479 AND
2 1 292 360 6011 AND
2 1 479 6011 6012 AND
2 1 432 6012 6013 AND
2 1 192 556 557 AND
2 1 319 473 1981 AND
2 1 111 335 1982 AND
2 1 1981 1982 1983 AND
2 1 47 233 322 AND
2 1 322 482 6066 AND
2 1 392 6066 6067 AND
2 1 1983 6067 10668 AND
2 1 557 10668 10669 AND
2 1 6013 10669 10670 AND
2 1 75 218 924 AND
2 1 87 328 1476 AND
2 1 924 1476 1477 AND
2 1 141 291 1478 AND
2 1 677 1478 1479 AND
2 1 1477 1479 1480 AND
2 1 107 112 204 AND
2 1 204 239 1481 AND
2 1 789 1481 1482 AND
2 1 1480 1482 1483 AND
2 1 236 735 1484 AND
2 1 1483 1484 1485 AND
2 1 132 1167 4028 AND
2 1 47 77 850 AND
2 1 152 850 4029 AND
2 1 4028 4029 4030 AND
2 1 302 391 861 AND
2 1 94 330 1520 AND
2 1 861 1520 10658 AND
2 1 4030 10658 10659 AND
2 1 158 454 555 AND
2 1 555 558 10660 AND
2 1 620 10660 10661 AND
2 1 10659 10661 10662 AND
2 1 88 107 129 AND
2 1 129 381 10663 AND
2 1 491 10663 10664 AND
2 1 10662 10664 10665 AND
2 1 47 126 257 AND
2 1 257 636 10666 AND
2 1 10665 10666 10667 AND
2 1 1485 10667 10671 AND
2 1 10670 10671 10672 AND
2 1 10477 10672 10673 AND
2 1 253 254 255 AND
2 1 112 130 394 AND
2 1 108 394 395 AND
2 1 395 767 993 AND
2 1 255 993 10674 AND
2 1 10673 10674 10675 AND
2 1 10657 10675 10676 AND
2 1 90 130 210 AND
2 1 210 384 790 AND
2 1 58 107 169 AND
2 1 169 256 1103 AND
2 1 790 1103 10677 AND
2 1 1353 10677 10678 AND
2 1 10676 10678 10679 AND
2 1 303 304 305 AND
2 1 305 1066 10680 AND
2 1 1091 10680 10681 AND
2 1 10679 10681 10682 AND
2 1 62 90 106 AND
2 1 86 130 532 AND
2 1 77 130 680 AND
2 1 532 680 3356 AND
2 1 106 3356 3357 AND
2 1 62 88 209 AND
2 1 95 130 250 AND
2 1 52 130 402 AND
2 1 250 402 3728 AND
2 1 209 3728 3729 AND
2 1 3357 3729 3730 AND
2 1 62 112 386 AND
2 1 62 70 755 AND
2 1 386 755 3731 AND
2 1 3730 3731 3732 AND
2 1 62 126 155 AND
2 1 65 130 156 AND
2 1 155 156 157 AND
2 1 49 62 416 AND
2 1 157 416 10683 AND
2 1 3732 10683 10684 AND
2 1 10682 10684 10685 AND
2 1 10708 10685 11175 XOR
2 1 304 496 497 AND
2 1 302 495 498 AND
2 1 497 498 499 AND
2 1 499 2228 2231 AND
2 1 2230 2231 2232 AND
2 1 587 676 2233 AND
2 1 1119 2233 2234 AND
2 1 2232 2234 2235 AND
2 1 400 2235 2236 AND
2 1 122 189 2237 AND
2 1 2236 2237 2238 AND
2 1 128 215 684 AND
2 1 47 60 630 AND
2 1 257 630 1495 AND
2 1 684 1495 2166 AND
2 1 47 58 59 AND
2 1 59 235 2167 AND
2 1 468 2167 2168 AND
2 1 2166 2168 2169 AND
2 1 322 850 2170 AND
2 1 2169 2170 2171 AND
2 1 89 91 92 AND
2 1 92 2535 3750 AND
2 1 2171 3750 3751 AND
2 1 83 453 3752 AND
2 1 3751 3752 3753 AND
2 1 3749 3753 3754 AND
2 1 2238 3754 3755 AND
2 1 50 533 3756 AND
2 1 3755 3756 3757 AND
2 1 336 413 3844 AND
2 1 1444 3844 3845 AND
2 1 3489 3733 10709 AND
2 1 500 502 503 AND
2 1 417 932 10710 AND
2 1 503 10710 10711 AND
2 1 10709 10711 10712 AND
2 1 3845 10712 10713 AND
2 1 247 531 629 AND
2 1 129 204 1977 AND
2 1 207 678 4342 AND
2 1 1977 4342 4343 AND
2 1 109 169 4344 AND
2 1 430 4344 4345 AND
2 1 4343 4345 4346 AND
2 1 629 4346 10714 AND
2 1 10713 10714 10715 AND
2 1 3757 10715 10716 AND
2 1 388 653 1725 AND
2 1 565 637 10717 AND
2 1 1725 10717 10718 AND
2 1 10716 10718 10719 AND
2 1 63 10719 10720 AND
2 1 10700 10720 10721 AND
2 1 30 29 38 XOR
2 1 31 38 39 AND
2 1 503 629 3734 AND
2 1 3733 3734 3735 AND
2 1 3732 3735 3736 AND
2 1 416 417 418 AND
2 1 63 157 3737 AND
2 1 418 3737 3738 AND
2 1 3736 3738 3739 AND
2 1 336 3739 3740 AND
2 1 94 96 97 AND
2 1 527 637 2309 AND
2 1 97 2309 4356 AND
2 1 4346 4356 4357 AND
2 1 4355 4357 4358 AND
2 1 131 210 1010 AND
2 1 1010 1331 4359 AND
2 1 1725 4359 4360 AND
2 1 4358 4360 4361 AND
2 1 238 432 4362 AND
2 1 553 4362 4363 AND
2 1 4361 4363 4364 AND
2 1 456 460 3865 AND
2 1 394 469 3866 AND
2 1 3865 3866 3867 AND
2 1 389 3867 3868 AND
2 1 260 565 4365 AND
2 1 3868 4365 4366 AND
2 1 4364 4366 4367 AND
2 1 3740 4367 4368 AND
2 1 932 1444 3771 AND
2 1 3489 3771 3772 AND
2 1 3770 3772 3773 AND
2 1 413 3773 3774 AND
2 1 3757 3774 3775 AND
2 1 260 292 3776 AND
2 1 3740 3776 3777 AND
2 1 3775 3777 3778 AND
2 1 137 528 2353 AND
2 1 289 1091 2975 AND
2 1 2353 2975 3784 AND
2 1 87 357 2597 AND
2 1 1443 2597 3785 AND
2 1 3784 3785 3786 AND
2 1 91 241 3783 AND
2 1 89 122 1788 AND
2 1 154 1788 3787 AND
2 1 3783 3787 3788 AND
2 1 3786 3788 3789 AND
2 1 456 741 3790 AND
2 1 811 3790 3791 AND
2 1 3789 3791 3792 AND
2 1 127 134 3793 AND
2 1 304 3793 3794 AND
2 1 3792 3794 3795 AND
2 1 322 400 3796 AND
2 1 636 3796 3797 AND
2 1 3795 3797 3798 AND
2 1 75 469 3799 AND
2 1 339 358 3800 AND
2 1 3799 3800 3801 AND
2 1 847 3801 3802 AND
2 1 125 296 480 AND
2 1 479 480 481 AND
2 1 481 696 3812 AND
2 1 3803 3812 3813 AND
2 1 3811 3813 3814 AND
2 1 3802 3814 3815 AND
2 1 158 1691 1692 AND
2 1 238 394 1693 AND
2 1 1692 1693 1694 AND
2 1 453 1694 1695 AND
2 1 581 1695 3816 AND
2 1 3815 3816 3817 AND
2 1 3798 3817 3818 AND
2 1 389 432 3819 AND
2 1 454 3819 3820 AND
2 1 3818 3820 3821 AND
2 1 237 259 3822 AND
2 1 496 3822 3823 AND
2 1 3821 3823 3824 AND
2 1 533 850 3825 AND
2 1 3824 3825 3826 AND
2 1 209 468 519 AND
2 1 386 489 2663 AND
2 1 519 2663 3829 AND
2 1 3828 3829 3830 AND
2 1 106 531 3831 AND
2 1 755 3831 3832 AND
2 1 3830 3832 3833 AND
2 1 235 735 3834 AND
2 1 3833 3834 3835 AND
2 1 115 135 2703 AND
2 1 1119 3845 3846 AND
2 1 2703 3846 3847 AND
2 1 3835 3847 3848 AND
2 1 3843 3848 3849 AND
2 1 482 483 484 AND
2 1 484 1010 3850 AND
2 1 3849 3850 3851 AND
2 1 3826 3851 3852 AND
2 1 684 975 3853 AND
2 1 2545 3853 3854 AND
2 1 3852 3854 3855 AND
2 1 416 500 3856 AND
2 1 944 3856 3857 AND
2 1 3855 3857 3858 AND
2 1 247 302 3859 AND
2 1 3858 3859 3860 AND
2 1 236 1167 1541 AND
2 1 1352 1541 3685 AND
2 1 96 189 3686 AND
2 1 527 3686 3687 AND
2 1 3685 3687 3688 AND
2 1 495 621 3689 AND
2 1 1068 3689 3690 AND
2 1 3688 3690 3691 AND
2 1 50 3691 3692 AND
2 1 533 944 1168 AND
2 1 568 1168 3930 AND
2 1 3692 3930 3931 AND
2 1 3753 3931 3932 AND
2 1 121 122 123 AND
2 1 94 123 3933 AND
2 1 1010 3933 3934 AND
2 1 3932 3934 3935 AND
2 1 216 459 2431 AND
2 1 166 2431 2432 AND
2 1 201 583 3869 AND
2 1 3733 3869 3870 AND
2 1 2432 3870 3871 AND
2 1 415 556 3872 AND
2 1 676 3872 3873 AND
2 1 3871 3873 3874 AND
2 1 3868 3874 3936 AND
2 1 3935 3936 3937 AND
2 1 3929 3937 3938 AND
2 1 435 553 3939 AND
2 1 3938 3939 3940 AND
2 1 3860 3940 3946 AND
2 1 290 601 852 AND
2 1 460 852 853 AND
2 1 390 526 851 AND
2 1 383 558 854 AND
2 1 851 854 855 AND
2 1 853 855 856 AND
2 1 381 393 857 AND
2 1 850 857 858 AND
2 1 856 858 859 AND
2 1 87 114 3642 AND
2 1 604 3642 3643 AND
2 1 859 3643 3644 AND
2 1 195 3644 3645 AND
2 1 299 364 365 AND
2 1 203 597 2518 AND
2 1 365 2518 3646 AND
2 1 113 133 3632 AND
2 1 454 3632 3633 AND
2 1 3631 3633 3634 AND
2 1 531 3634 3635 AND
2 1 85 500 1803 AND
2 1 522 631 3636 AND
2 1 1803 3636 3637 AND
2 1 187 521 3638 AND
2 1 716 3638 3639 AND
2 1 3637 3639 3640 AND
2 1 587 3640 3641 AND
2 1 3635 3641 3647 AND
2 1 3646 3647 3648 AND
2 1 3645 3648 3649 AND
2 1 234 302 1105 AND
2 1 684 1105 3650 AND
2 1 2544 3650 3651 AND
2 1 3649 3651 3652 AND
2 1 479 767 3653 AND
2 1 1331 3653 3654 AND
2 1 3652 3654 3655 AND
2 1 111 141 3656 AND
2 1 475 3656 3657 AND
2 1 3655 3657 3658 AND
2 1 389 3658 3659 AND
2 1 83 402 901 AND
2 1 132 932 3049 AND
2 1 239 339 1356 AND
2 1 554 1356 3667 AND
2 1 3049 3667 3668 AND
2 1 82 491 3669 AND
2 1 3668 3669 3670 AND
2 1 1066 1747 1748 AND
2 1 386 974 3671 AND
2 1 711 3671 3672 AND
2 1 533 3672 3673 AND
2 1 1748 3673 3674 AND
2 1 3670 3674 3675 AND
2 1 384 468 2470 AND
2 1 606 2470 2471 AND
2 1 256 399 2472 AND
2 1 483 2472 2473 AND
2 1 2471 2473 2474 AND
2 1 119 218 834 AND
2 1 268 741 835 AND
2 1 834 835 836 AND
2 1 240 836 3676 AND
2 1 2474 3676 3677 AND
2 1 3675 3677 3678 AND
2 1 358 566 3679 AND
2 1 848 3679 3680 AND
2 1 3678 3680 3681 AND
2 1 235 289 3682 AND
2 1 392 3682 3683 AND
2 1 3681 3683 3684 AND
2 1 250 417 2974 AND
2 1 108 430 3693 AND
2 1 155 3693 3694 AND
2 1 2974 3694 3695 AND
2 1 3692 3695 3696 AND
2 1 207 331 2256 AND
2 1 169 584 3660 AND
2 1 2256 3660 3661 AND
2 1 125 304 3662 AND
2 1 438 3662 3663 AND
2 1 3661 3663 3664 AND
2 1 400 528 3665 AND
2 1 3664 3665 3666 AND
2 1 2703 3666 3697 AND
2 1 3696 3697 3698 AND
2 1 3684 3698 3699 AND
2 1 901 3699 3700 AND
2 1 502 1725 3701 AND
2 1 3700 3701 3702 AND
2 1 3659 3702 3703 AND
2 1 241 366 3704 AND
2 1 426 3704 3705 AND
2 1 3703 3705 3706 AND
2 1 257 3706 3707 AND
2 1 262 263 264 AND
2 1 361 925 926 AND
2 1 264 926 3330 AND
2 1 477 1036 3331 AND
2 1 3329 3331 3332 AND
2 1 3330 3332 3333 AND
2 1 155 676 3334 AND
2 1 3333 3334 3335 AND
2 1 100 246 1009 AND
2 1 75 79 80 AND
2 1 80 479 3336 AND
2 1 1009 3336 3337 AND
2 1 235 327 3195 AND
2 1 435 3195 3196 AND
2 1 388 767 1096 AND
2 1 1096 1352 3338 AND
2 1 3196 3338 3339 AND
2 1 3337 3339 3340 AND
2 1 3335 3340 3341 AND
2 1 317 360 1492 AND
2 1 1492 3328 3342 AND
2 1 3341 3342 3343 AND
2 1 45 293 1146 AND
2 1 108 677 837 AND
2 1 684 837 3344 AND
2 1 1146 3344 3345 AND
2 1 3343 3345 3346 AND
2 1 85 190 3347 AND
2 1 269 3347 3348 AND
2 1 3346 3348 3349 AND
2 1 170 367 3350 AND
2 1 456 3350 3351 AND
2 1 3349 3351 3352 AND
2 1 118 1270 3307 AND
2 1 2470 3307 3308 AND
2 1 381 3308 3309 AND
2 1 116 469 1145 AND
2 1 901 1145 3312 AND
2 1 605 3312 3313 AND
2 1 336 391 3310 AND
2 1 296 3310 3311 AND
2 1 71 847 1703 AND
2 1 1356 1703 3314 AND
2 1 3311 3314 3315 AND
2 1 3313 3315 3316 AND
2 1 3309 3316 3317 AND
2 1 110 500 3299 AND
2 1 392 3299 3300 AND
2 1 265 425 3301 AND
2 1 475 3301 3302 AND
2 1 3300 3302 3303 AND
2 1 164 527 3304 AND
2 1 653 3304 3305 AND
2 1 3303 3305 3306 AND
2 1 255 581 3318 AND
2 1 3306 3318 3319 AND
2 1 3317 3319 3320 AND
2 1 99 415 3321 AND
2 1 424 3321 3322 AND
2 1 3320 3322 3323 AND
2 1 301 839 3324 AND
2 1 3323 3324 3325 AND
2 1 636 637 638 AND
2 1 638 1495 3154 AND
2 1 94 432 3155 AND
2 1 1091 3155 3156 AND
2 1 3154 3156 3157 AND
2 1 59 393 3158 AND
2 1 3157 3158 3159 AND
2 1 316 501 3353 AND
2 1 1105 3353 3354 AND
2 1 567 3354 3355 AND
2 1 50 204 3358 AND
2 1 3357 3358 3359 AND
2 1 3355 3359 3360 AND
2 1 3159 3360 3361 AND
2 1 2703 3361 3362 AND
2 1 3325 3362 3363 AND
2 1 3352 3363 3364 AND
2 1 212 1026 2387 AND
2 1 332 2387 2388 AND
2 1 433 620 3289 AND
2 1 974 3289 3290 AND
2 1 2388 3290 3291 AND
2 1 266 496 2324 AND
2 1 158 710 3292 AND
2 1 2324 3292 3293 AND
2 1 3291 3293 3294 AND
2 1 109 303 3295 AND
2 1 531 3295 3296 AND
2 1 3294 3296 3297 AND
2 1 357 3297 3298 AND
2 1 209 210 211 AND
2 1 535 587 1880 AND
2 1 211 1880 3365 AND
2 1 3298 3365 3366 AND
2 1 3364 3366 3367 AND
2 1 453 454 455 AND
2 1 394 773 774 AND
2 1 455 774 3368 AND
2 1 942 3368 3369 AND
2 1 3367 3369 3370 AND
2 1 189 426 3371 AND
2 1 741 3371 3372 AND
2 1 3370 3372 3373 AND
2 1 259 268 3374 AND
2 1 483 3374 3375 AND
2 1 3373 3375 3376 AND
2 1 3376 3860 3949 AND
2 1 3707 3949 3950 AND
2 1 139 141 142 AND
2 1 137 142 143 AND
2 1 134 135 136 AND
2 1 132 133 144 AND
2 1 136 144 145 AND
2 1 143 145 146 AND
2 1 128 129 147 AND
2 1 131 147 148 AND
2 1 146 148 149 AND
2 1 125 127 150 AND
2 1 149 150 151 AND
2 1 154 158 159 AND
2 1 157 159 160 AND
2 1 152 153 161 AND
2 1 160 161 162 AND
2 1 166 167 168 AND
2 1 169 170 171 AND
2 1 168 171 172 AND
2 1 162 172 173 AND
2 1 118 119 120 AND
2 1 120 123 174 AND
2 1 173 174 175 AND
2 1 151 175 176 AND
2 1 114 115 177 AND
2 1 116 177 178 AND
2 1 176 178 179 AND
2 1 110 111 180 AND
2 1 113 180 181 AND
2 1 179 181 182 AND
2 1 106 108 183 AND
2 1 109 183 184 AND
2 1 182 184 185 AND
2 1 319 390 3500 AND
2 1 360 434 3501 AND
2 1 3500 3501 3502 AND
2 1 811 850 1294 AND
2 1 195 468 1790 AND
2 1 1294 1790 3503 AND
2 1 59 322 3504 AND
2 1 362 3504 3505 AND
2 1 3503 3505 3506 AND
2 1 3502 3506 3507 AND
2 1 196 716 1889 AND
2 1 637 1066 1890 AND
2 1 1889 1890 1891 AND
2 1 470 1270 3479 AND
2 1 80 3479 3480 AND
2 1 290 394 3481 AND
2 1 532 3481 3482 AND
2 1 3480 3482 3483 AND
2 1 386 3483 3484 AND
2 1 1891 3484 3508 AND
2 1 3507 3508 3509 AND
2 1 3499 3509 3510 AND
2 1 678 1068 1643 AND
2 1 597 1643 1644 AND
2 1 265 266 267 AND
2 1 367 477 754 AND
2 1 267 754 1645 AND
2 1 1644 1645 1646 AND
2 1 328 399 1647 AND
2 1 558 1647 1648 AND
2 1 1646 1648 1649 AND
2 1 254 1649 1650 AND
2 1 677 755 3464 AND
2 1 296 339 3465 AND
2 1 3464 3465 3466 AND
2 1 533 3466 3467 AND
2 1 433 603 1922 AND
2 1 83 1922 1923 AND
2 1 190 1091 3468 AND
2 1 1923 3468 3469 AND
2 1 3467 3469 3470 AND
2 1 456 501 1970 AND
2 1 424 631 1971 AND
2 1 1970 1971 1972 AND
2 1 94 1972 1973 AND
2 1 197 848 3463 AND
2 1 1443 3463 3471 AND
2 1 1973 3471 3472 AND
2 1 3470 3472 3473 AND
2 1 248 496 1538 AND
2 1 318 385 3474 AND
2 1 1538 3474 3475 AND
2 1 3473 3475 3476 AND
2 1 298 587 3477 AND
2 1 3476 3477 3478 AND
2 1 1650 3478 3511 AND
2 1 3510 3511 3512 AND
2 1 185 3512 3513 AND
2 1 99 200 3514 AND
2 1 244 3514 3515 AND
2 1 3513 3515 3516 AND
2 1 269 478 3517 AND
2 1 1065 3517 3518 AND
2 1 3516 3518 3519 AND
2 1 50 268 3520 AND
2 1 653 3520 3521 AND
2 1 3519 3521 3522 AND
2 1 453 735 3523 AND
2 1 3522 3523 3524 AND
2 1 321 322 323 AND
2 1 323 568 569 AND
2 1 71 263 570 AND
2 1 566 570 571 AND
2 1 569 571 572 AND
2 1 207 357 573 AND
2 1 565 573 574 AND
2 1 572 574 575 AND
2 1 236 304 576 AND
2 1 434 576 577 AND
2 1 575 577 578 AND
2 1 190 473 2076 AND
2 1 365 2076 3411 AND
2 1 248 319 3412 AND
2 1 1495 3412 3413 AND
2 1 3411 3413 3414 AND
2 1 170 201 3415 AND
2 1 741 3415 3416 AND
2 1 3414 3416 3417 AND
2 1 127 680 1984 AND
2 1 111 259 905 AND
2 1 905 1219 3418 AND
2 1 237 470 2183 AND
2 1 1970 2183 3419 AND
2 1 3418 3419 3420 AND
2 1 1984 3420 3421 AND
2 1 3417 3421 3422 AND
2 1 578 3422 3423 AND
2 1 391 413 1233 AND
2 1 1233 3318 3424 AND
2 1 3423 3424 3425 AND
2 1 121 535 3410 AND
2 1 188 383 3426 AND
2 1 3410 3426 3427 AND
2 1 3425 3427 3428 AND
2 1 330 3428 3429 AND
2 1 389 1026 3432 AND
2 1 932 3432 3433 AND
2 1 136 3433 3434 AND
2 1 59 710 1985 AND
2 1 212 390 3430 AND
2 1 679 3430 3431 AND
2 1 1985 3431 3435 AND
2 1 3434 3435 3436 AND
2 1 811 3436 3437 AND
2 1 3429 3437 3438 AND
2 1 209 925 3439 AND
2 1 3438 3439 3440 AND
2 1 425 426 427 AND
2 1 247 424 428 AND
2 1 427 428 429 AND
2 1 55 469 2615 AND
2 1 169 186 3227 AND
2 1 2615 3227 3228 AND
2 1 250 296 3443 AND
2 1 3228 3443 3444 AND
2 1 85 109 3441 AND
2 1 302 3441 3442 AND
2 1 91 187 494 AND
2 1 603 621 1550 AND
2 1 494 1550 3445 AND
2 1 3442 3445 3446 AND
2 1 3444 3446 3447 AND
2 1 429 3447 3448 AND
2 1 83 235 3379 AND
2 1 218 460 3380 AND
2 1 3379 3380 3381 AND
2 1 500 676 3382 AND
2 1 974 3382 3383 AND
2 1 3381 3383 3384 AND
2 1 118 716 717 AND
2 1 527 717 718 AND
2 1 197 359 3160 AND
2 1 718 3160 3395 AND
2 1 328 381 382 AND
2 1 433 438 3393 AND
2 1 382 3393 3394 AND
2 1 557 2518 3396 AND
2 1 3394 3396 3397 AND
2 1 3395 3397 3398 AND
2 1 478 677 2068 AND
2 1 295 417 3391 AND
2 1 2068 3391 3392 AND
2 1 399 400 401 AND
2 1 141 200 1565 AND
2 1 401 1565 3399 AND
2 1 3392 3399 3400 AND
2 1 3398 3400 3401 AND
2 1 132 755 756 AND
2 1 327 522 2054 AND
2 1 756 2054 3385 AND
2 1 260 944 3386 AND
2 1 1065 3386 3387 AND
2 1 3385 3387 3388 AND
2 1 489 587 3389 AND
2 1 3388 3389 3390 AND
2 1 115 291 579 AND
2 1 579 1010 3402 AND
2 1 3390 3402 3403 AND
2 1 3401 3403 3404 AND
2 1 106 678 1540 AND
2 1 532 533 534 AND
2 1 294 534 3405 AND
2 1 1540 3405 3406 AND
2 1 3404 3406 3407 AND
2 1 128 266 3408 AND
2 1 3407 3408 3409 AND
2 1 3384 3409 3449 AND
2 1 3448 3449 3450 AND
2 1 3440 3450 3451 AND
2 1 993 1218 3452 AND
2 1 1492 3452 3453 AND
2 1 3451 3453 3454 AND
2 1 156 298 3455 AND
2 1 555 3455 3456 AND
2 1 3454 3456 3457 AND
2 1 335 3457 3458 AND
2 1 3376 3458 3713 AND
2 1 3524 3713 3714 AND
2 1 170 291 2868 AND
2 1 432 619 2869 AND
2 1 2868 2869 2870 AND
2 1 106 605 2053 AND
2 1 521 1036 2871 AND
2 1 2053 2871 2872 AND
2 1 2870 2872 2873 AND
2 1 270 390 2874 AND
2 1 601 2874 2875 AND
2 1 2873 2875 2876 AND
2 1 301 636 2877 AND
2 1 735 2877 2878 AND
2 1 2876 2878 2879 AND
2 1 113 532 2880 AND
2 1 1520 2880 2881 AND
2 1 63 2881 2882 AND
2 1 430 457 954 AND
2 1 71 679 1372 AND
2 1 954 1372 2883 AND
2 1 2882 2883 2884 AND
2 1 99 621 1144 AND
2 1 158 583 2181 AND
2 1 789 2181 2182 AND
2 1 1144 2182 2885 AND
2 1 2884 2885 2886 AND
2 1 2879 2886 2887 AND
2 1 240 265 2888 AND
2 1 319 2888 2889 AND
2 1 2887 2889 2890 AND
2 1 299 603 2891 AND
2 1 678 2891 2892 AND
2 1 2890 2892 2893 AND
2 1 204 238 2894 AND
2 1 241 2894 2895 AND
2 1 2893 2895 2896 AND
2 1 289 2896 2897 AND
2 1 468 482 795 AND
2 1 234 795 796 AND
2 1 55 128 1387 AND
2 1 200 424 2193 AND
2 1 1387 2193 2903 AND
2 1 796 2903 2904 AND
2 1 2902 2904 2905 AND
2 1 710 773 2226 AND
2 1 2226 2715 2898 AND
2 1 426 944 2899 AND
2 1 2898 2899 2900 AND
2 1 1879 1984 2906 AND
2 1 2900 2906 2907 AND
2 1 2905 2907 2908 AND
2 1 367 566 1789 AND
2 1 250 251 252 AND
2 1 252 497 2909 AND
2 1 1789 2909 2910 AND
2 1 2908 2910 2911 AND
2 1 219 581 2428 AND
2 1 434 558 2912 AND
2 1 2428 2912 2913 AND
2 1 2911 2913 2914 AND
2 1 453 556 2915 AND
2 1 630 2915 2916 AND
2 1 2914 2916 2917 AND
2 1 213 2917 2918 AND
2 1 206 207 208 AND
2 1 392 847 879 AND
2 1 237 256 2370 AND
2 1 879 2370 2371 AND
2 1 66 135 2919 AND
2 1 269 2919 2920 AND
2 1 2371 2920 2921 AND
2 1 247 295 2922 AND
2 1 336 2922 2923 AND
2 1 2921 2923 2924 AND
2 1 483 974 2925 AND
2 1 2924 2925 2926 AND
2 1 302 316 2930 AND
2 1 385 2930 2931 AND
2 1 79 362 2933 AND
2 1 2932 2933 2934 AND
2 1 2076 2934 2935 AND
2 1 2931 2935 2936 AND
2 1 239 298 472 AND
2 1 418 472 1784 AND
2 1 59 527 1785 AND
2 1 1068 1785 1786 AND
2 1 1784 1786 1787 AND
2 1 114 216 973 AND
2 1 598 973 2927 AND
2 1 253 495 2928 AND
2 1 2927 2928 2929 AND
2 1 1787 2929 2937 AND
2 1 2936 2937 2938 AND
2 1 2926 2938 2939 AND
2 1 208 2939 2940 AND
2 1 2918 2940 2941 AND
2 1 2897 2941 2942 AND
2 1 100 554 2943 AND
2 1 1353 2943 2944 AND
2 1 2942 2944 2945 AND
2 1 290 321 2946 AND
2 1 470 2946 2947 AND
2 1 2945 2947 2948 AND
2 1 164 335 2949 AND
2 1 1167 2949 2950 AND
2 1 2948 2950 2951 AND
2 1 2951 3458 3530 AND
2 1 269 270 271 AND
2 1 268 271 272 AND
2 1 264 267 273 AND
2 1 272 273 274 AND
2 1 259 260 261 AND
2 1 256 257 258 AND
2 1 255 258 275 AND
2 1 261 275 276 AND
2 1 274 276 277 AND
2 1 247 248 249 AND
2 1 246 249 278 AND
2 1 252 278 279 AND
2 1 277 279 280 AND
2 1 241 242 243 AND
2 1 239 240 281 AND
2 1 243 281 282 AND
2 1 280 282 283 AND
2 1 236 237 284 AND
2 1 238 284 285 AND
2 1 283 285 286 AND
2 1 234 235 287 AND
2 1 286 287 288 AND
2 1 218 219 220 AND
2 1 217 220 221 AND
2 1 212 213 214 AND
2 1 211 214 222 AND
2 1 221 222 223 AND
2 1 203 204 205 AND
2 1 202 205 224 AND
2 1 208 224 225 AND
2 1 223 225 226 AND
2 1 196 197 198 AND
2 1 195 198 199 AND
2 1 189 190 191 AND
2 1 192 193 194 AND
2 1 191 194 227 AND
2 1 199 227 228 AND
2 1 226 228 229 AND
2 1 186 187 230 AND
2 1 188 230 231 AND
2 1 229 231 232 AND
2 1 301 302 306 AND
2 1 305 306 307 AND
2 1 295 296 297 AND
2 1 298 299 300 AND
2 1 297 300 308 AND
2 1 307 308 309 AND
2 1 292 293 310 AND
2 1 294 310 311 AND
2 1 309 311 312 AND
2 1 289 290 313 AND
2 1 291 313 314 AND
2 1 312 314 315 AND
2 1 320 323 324 AND
2 1 316 317 325 AND
2 1 324 325 326 AND
2 1 327 328 329 AND
2 1 331 332 333 AND
2 1 330 333 334 AND
2 1 335 336 337 AND
2 1 338 339 340 AND
2 1 337 340 341 AND
2 1 334 341 342 AND
2 1 329 342 343 AND
2 1 326 343 344 AND
2 1 315 344 345 AND
2 1 232 345 346 AND
2 1 288 346 347 AND
2 1 185 347 348 AND
2 1 99 100 101 AND
2 1 97 101 102 AND
2 1 85 87 103 AND
2 1 92 103 104 AND
2 1 102 104 105 AND
2 1 82 83 84 AND
2 1 80 84 349 AND
2 1 105 349 350 AND
2 1 348 350 351 AND
2 1 66 71 72 AND
2 1 59 63 64 AND
2 1 55 64 352 AND
2 1 72 352 353 AND
2 1 351 353 354 AND
2 1 45 50 355 AND
2 1 354 355 356 AND
2 1 356 2951 2952 AND
2 1 262 322 504 AND
2 1 503 504 505 AND
2 1 494 499 506 AND
2 1 505 506 507 AND
2 1 79 269 492 AND
2 1 491 492 493 AND
2 1 490 493 508 AND
2 1 507 508 509 AND
2 1 477 478 485 AND
2 1 484 485 486 AND
2 1 481 486 487 AND
2 1 238 487 488 AND
2 1 99 473 474 AND
2 1 212 475 476 AND
2 1 474 476 510 AND
2 1 488 510 511 AND
2 1 509 511 512 AND
2 1 45 470 471 AND
2 1 72 471 513 AND
2 1 472 513 514 AND
2 1 512 514 515 AND
2 1 111 133 516 AND
2 1 469 516 517 AND
2 1 515 517 518 AND
2 1 518 519 520 AND
2 1 534 535 536 AND
2 1 531 536 537 AND
2 1 526 529 530 AND
2 1 525 530 538 AND
2 1 537 538 539 AND
2 1 131 457 458 AND
2 1 459 460 461 AND
2 1 458 461 462 AND
2 1 153 206 463 AND
2 1 254 463 464 AND
2 1 462 464 465 AND
2 1 195 456 466 AND
2 1 465 466 467 AND
2 1 455 467 540 AND
2 1 539 540 541 AND
2 1 520 541 542 AND
2 1 165 393 396 AND
2 1 395 396 397 AND
2 1 392 397 398 AND
2 1 335 402 403 AND
2 1 401 403 404 AND
2 1 158 391 405 AND
2 1 404 405 406 AND
2 1 398 406 407 AND
2 1 244 331 408 AND
2 1 390 408 409 AND
2 1 407 409 410 AND
2 1 388 389 411 AND
2 1 410 411 412 AND
2 1 432 433 436 AND
2 1 435 436 437 AND
2 1 197 430 431 AND
2 1 152 438 439 AND
2 1 431 439 440 AND
2 1 437 440 441 AND
2 1 429 441 442 AND
2 1 235 413 414 AND
2 1 253 256 419 AND
2 1 418 419 420 AND
2 1 189 250 421 AND
2 1 415 421 422 AND
2 1 420 422 423 AND
2 1 414 423 443 AND
2 1 442 443 444 AND
2 1 110 386 387 AND
2 1 123 387 445 AND
2 1 444 445 446 AND
2 1 412 446 447 AND
2 1 218 382 448 AND
2 1 385 448 449 AND
2 1 447 449 450 AND
2 1 301 380 451 AND
2 1 450 451 452 AND
2 1 366 367 368 AND
2 1 339 368 369 AND
2 1 291 362 363 AND
2 1 363 365 370 AND
2 1 369 370 371 AND
2 1 75 141 372 AND
2 1 361 372 373 AND
2 1 371 373 374 AND
2 1 263 359 375 AND
2 1 360 375 376 AND
2 1 374 376 377 AND
2 1 257 289 378 AND
2 1 377 378 379 AND
2 1 157 379 543 AND
2 1 452 543 544 AND
2 1 542 544 545 AND
2 1 116 207 546 AND
2 1 266 546 547 AND
2 1 545 547 548 AND
2 1 213 357 549 AND
2 1 358 549 550 AND
2 1 548 550 551 AND
2 1 356 551 552 AND
2 1 416 621 622 AND
2 1 317 391 623 AND
2 1 622 623 624 AND
2 1 256 390 625 AND
2 1 620 625 626 AND
2 1 624 626 627 AND
2 1 619 627 628 AND
2 1 245 631 632 AND
2 1 394 483 633 AND
2 1 632 633 634 AND
2 1 630 634 635 AND
2 1 108 532 639 AND
2 1 638 639 640 AND
2 1 629 640 641 AND
2 1 635 641 642 AND
2 1 628 642 643 AND
2 1 87 89 618 AND
2 1 294 414 644 AND
2 1 618 644 645 AND
2 1 643 645 646 AND
2 1 383 425 647 AND
2 1 491 647 648 AND
2 1 646 648 649 AND
2 1 134 386 650 AND
2 1 526 650 651 AND
2 1 649 651 652 AND
2 1 193 340 580 AND
2 1 154 653 654 AND
2 1 384 500 656 AND
2 1 432 656 657 AND
2 1 293 303 655 AND
2 1 109 218 658 AND
2 1 655 658 659 AND
2 1 657 659 660 AND
2 1 654 660 661 AND
2 1 580 661 662 AND
2 1 617 662 663 AND
2 1 652 663 664 AND
2 1 297 578 665 AND
2 1 579 665 666 AND
2 1 664 666 667 AND
2 1 169 558 559 AND
2 1 557 559 560 AND
2 1 100 141 561 AND
2 1 358 561 562 AND
2 1 560 562 563 AND
2 1 83 563 564 AND
2 1 166 555 668 AND
2 1 564 668 669 AND
2 1 667 669 670 AND
2 1 290 478 671 AND
2 1 554 671 672 AND
2 1 670 672 673 AND
2 1 553 673 674 AND
2 1 551 674 675 AND
2 1 587 605 777 AND
2 1 630 777 778 AND
2 1 133 584 779 AND
2 1 636 779 780 AND
2 1 778 780 781 AND
2 1 113 381 776 AND
2 1 114 248 775 AND
2 1 774 775 782 AND
2 1 776 782 783 AND
2 1 781 783 784 AND
2 1 192 207 785 AND
2 1 330 785 786 AND
2 1 784 786 787 AND
2 1 526 787 788 AND
2 1 790 791 792 AND
2 1 85 789 793 AND
2 1 792 793 794 AND
2 1 431 796 797 AND
2 1 794 797 798 AND
2 1 459 478 769 AND
2 1 260 456 770 AND
2 1 339 386 771 AND
2 1 770 771 772 AND
2 1 769 772 799 AND
2 1 798 799 800 AND
2 1 788 800 801 AND
2 1 290 475 768 AND
2 1 473 521 802 AND
2 1 768 802 803 AND
2 1 801 803 804 AND
2 1 218 244 805 AND
2 1 767 805 806 AND
2 1 804 806 807 AND
2 1 496 807 808 AND
2 1 84 618 809 AND
2 1 153 809 810 AND
2 1 522 811 812 AND
2 1 187 812 813 AND
2 1 317 581 814 AND
2 1 813 814 815 AND
2 1 810 815 816 AND
2 1 242 292 740 AND
2 1 301 741 742 AND
2 1 740 742 743 AND
2 1 322 366 738 AND
2 1 738 739 744 AND
2 1 743 744 745 AND
2 1 154 204 737 AND
2 1 254 321 746 AND
2 1 737 746 747 AND
2 1 745 747 748 AND
2 1 235 336 749 AND
2 1 380 749 750 AND
2 1 748 750 751 AND
2 1 125 209 757 AND
2 1 756 757 758 AND
2 1 434 631 753 AND
2 1 753 754 759 AND
2 1 758 759 760 AND
2 1 141 360 761 AND
2 1 586 761 762 AND
2 1 760 762 763 AND
2 1 50 457 752 AND
2 1 241 413 764 AND
2 1 752 764 765 AND
2 1 763 765 766 AND
2 1 751 766 817 AND
2 1 816 817 818 AND
2 1 808 818 819 AND
2 1 736 819 820 AND
2 1 137 483 697 AND
2 1 122 697 698 AND
2 1 500 620 699 AND
2 1 696 699 700 AND
2 1 698 700 701 AND
2 1 206 253 702 AND
2 1 269 702 703 AND
2 1 701 703 704 AND
2 1 212 358 705 AND
2 1 417 705 706 AND
2 1 704 706 707 AND
2 1 59 327 708 AND
2 1 707 708 709 AND
2 1 109 535 695 AND
2 1 389 710 712 AND
2 1 711 712 713 AND
2 1 63 556 714 AND
2 1 713 714 715 AND
2 1 201 454 719 AND
2 1 157 719 720 AND
2 1 268 720 721 AND
2 1 718 721 722 AND
2 1 715 722 723 AND
2 1 695 723 724 AND
2 1 709 724 725 AND
2 1 119 433 685 AND
2 1 338 685 686 AND
2 1 111 424 687 AND
2 1 110 319 688 AND
2 1 687 688 689 AND
2 1 686 689 690 AND
2 1 250 357 691 AND
2 1 531 691 692 AND
2 1 690 692 693 AND
2 1 302 693 694 AND
2 1 331 426 681 AND
2 1 101 681 682 AND
2 1 680 682 683 AND
2 1 683 684 726 AND
2 1 694 726 727 AND
2 1 725 727 728 AND
2 1 167 191 729 AND
2 1 679 729 730 AND
2 1 728 730 731 AND
2 1 129 393 732 AND
2 1 678 732 733 AND
2 1 731 733 734 AND
2 1 115 677 821 AND
2 1 734 821 822 AND
2 1 820 822 823 AND
2 1 263 460 824 AND
2 1 603 824 825 AND
2 1 823 825 826 AND
2 1 106 432 827 AND
2 1 676 827 828 AND
2 1 826 828 829 AND
2 1 152 453 830 AND
2 1 829 830 831 AND
2 1 674 831 832 AND
2 1 318 357 862 AND
2 1 683 862 863 AND
2 1 503 861 864 AND
2 1 815 864 865 AND
2 1 863 865 866 AND
2 1 389 453 860 AND
2 1 92 363 867 AND
2 1 860 867 868 AND
2 1 866 868 869 AND
2 1 50 260 849 AND
2 1 471 849 870 AND
2 1 859 870 871 AND
2 1 869 871 872 AND
2 1 193 536 873 AND
2 1 583 873 874 AND
2 1 872 874 875 AND
2 1 295 789 876 AND
2 1 848 876 877 AND
2 1 875 877 878 AND
2 1 878 879 880 AND
2 1 158 553 883 AND
2 1 94 597 884 AND
2 1 883 884 885 AND
2 1 143 885 886 AND
2 1 206 299 881 AND
2 1 735 881 882 AND
2 1 153 219 887 AND
2 1 882 887 888 AND
2 1 886 888 889 AND
2 1 292 425 890 AND
2 1 773 890 891 AND
2 1 889 891 892 AND
2 1 109 215 893 AND
2 1 359 893 894 AND
2 1 892 894 895 AND
2 1 400 896 897 AND
2 1 418 897 898 AND
2 1 199 898 899 AND
2 1 106 899 900 AND
2 1 245 316 902 AND
2 1 901 902 903 AND
2 1 587 903 904 AND
2 1 439 905 906 AND
2 1 904 906 907 AND
2 1 900 907 908 AND
2 1 895 908 909 AND
2 1 200 236 838 AND
2 1 265 477 840 AND
2 1 294 679 841 AND
2 1 840 841 842 AND
2 1 169 289 843 AND
2 1 566 843 844 AND
2 1 842 844 845 AND
2 1 839 845 846 AND
2 1 838 846 910 AND
2 1 909 910 911 AND
2 1 880 911 912 AND
2 1 387 836 913 AND
2 1 837 913 914 AND
2 1 912 914 915 AND
2 1 188 207 833 AND
2 1 319 710 916 AND
2 1 833 916 917 AND
2 1 915 917 918 AND
2 1 338 364 919 AND
2 1 456 919 920 AND
2 1 918 920 921 AND
2 1 122 921 922 AND
2 1 831 922 923 AND
2 1 364 636 976 AND
2 1 391 975 977 AND
2 1 976 977 978 AND
2 1 94 399 979 AND
2 1 896 979 980 AND
2 1 978 980 981 AND
2 1 528 587 982 AND
2 1 974 982 983 AND
2 1 981 983 984 AND
2 1 154 188 985 AND
2 1 197 454 986 AND
2 1 985 986 987 AND
2 1 213 987 988 AND
2 1 118 237 989 AND
2 1 369 989 990 AND
2 1 988 990 991 AND
2 1 984 991 992 AND
2 1 208 973 994 AND
2 1 993 994 995 AND
2 1 992 995 996 AND
2 1 87 390 997 AND
2 1 711 997 998 AND
2 1 996 998 999 AND
2 1 106 380 1000 AND
2 1 386 1000 1001 AND
2 1 999 1001 1002 AND
2 1 215 1002 1003 AND
2 1 268 521 1004 AND
2 1 534 1004 1005 AND
2 1 116 135 1006 AND
2 1 811 1006 1007 AND
2 1 1005 1007 1008 AND
2 1 127 1010 1011 AND
2 1 1009 1011 1012 AND
2 1 1008 1012 1013 AND
2 1 1003 1013 1014 AND
2 1 167 250 945 AND
2 1 330 945 946 AND
2 1 82 303 947 AND
2 1 479 947 948 AND
2 1 946 948 949 AND
2 1 137 156 950 AND
2 1 944 950 951 AND
2 1 949 951 952 AND
2 1 113 581 955 AND
2 1 789 955 956 AND
2 1 400 553 953 AND
2 1 953 954 957 AND
2 1 956 957 958 AND
2 1 258 474 959 AND
2 1 958 959 960 AND
2 1 952 960 961 AND
2 1 202 942 962 AND
2 1 943 962 963 AND
2 1 961 963 964 AND
2 1 191 382 965 AND
2 1 710 965 966 AND
2 1 964 966 967 AND
2 1 128 141 968 AND
2 1 653 968 969 AND
2 1 967 969 970 AND
2 1 89 302 971 AND
2 1 970 971 972 AND
2 1 358 393 941 AND
2 1 586 941 1015 AND
2 1 972 1015 1016 AND
2 1 1014 1016 1017 AND
2 1 240 263 933 AND
2 1 932 933 934 AND
2 1 129 477 935 AND
2 1 755 935 936 AND
2 1 934 936 937 AND
2 1 453 495 938 AND
2 1 847 938 939 AND
2 1 937 939 940 AND
2 1 924 926 927 AND
2 1 66 316 928 AND
2 1 848 928 929 AND
2 1 927 929 930 AND
2 1 204 930 931 AND
2 1 849 931 1018 AND
2 1 940 1018 1019 AND
2 1 1017 1019 1020 AND
2 1 389 470 1021 AND
2 1 566 1021 1022 AND
2 1 1020 1022 1023 AND
2 1 121 1023 1024 AND
2 1 922 1024 1025 AND
2 1 528 1103 1104 AND
2 1 127 239 1106 AND
2 1 1105 1106 1107 AND
2 1 1104 1107 1108 AND
2 1 85 240 1097 AND
2 1 454 630 1098 AND
2 1 1097 1098 1099 AND
2 1 263 390 1100 AND
2 1 358 637 1101 AND
2 1 1100 1101 1102 AND
2 1 1099 1102 1109 AND
2 1 1108 1109 1110 AND
2 1 1096 1110 1111 AND
2 1 392 433 1093 AND
2 1 115 521 1094 AND
2 1 470 1094 1095 AND
2 1 1093 1095 1112 AND
2 1 900 1112 1113 AND
2 1 1111 1113 1114 AND
2 1 847 1091 1092 AND
2 1 601 618 1115 AND
2 1 1092 1115 1116 AND
2 1 1114 1116 1117 AND
2 1 331 1117 1118 AND
2 1 567 735 1070 AND
2 1 1069 1070 1071 AND
2 1 135 716 1072 AND
2 1 676 1072 1073 AND
2 1 1071 1073 1074 AND
2 1 430 1066 1067 AND
2 1 100 361 1075 AND
2 1 1067 1075 1076 AND
2 1 1074 1076 1077 AND
2 1 426 811 1078 AND
2 1 1065 1078 1079 AND
2 1 1077 1079 1080 AND
2 1 91 359 1081 AND
2 1 399 1081 1082 AND
2 1 1080 1082 1083 AND
2 1 203 210 1084 AND
2 1 237 1084 1085 AND
2 1 108 366 1086 AND
2 1 680 1086 1087 AND
2 1 1085 1087 1088 AND
2 1 165 296 1089 AND
2 1 1088 1089 1090 AND
2 1 63 269 1123 AND
2 1 257 1123 1124 AND
2 1 155 432 1125 AND
2 1 245 678 1126 AND
2 1 1125 1126 1127 AND
2 1 1124 1127 1128 AND
2 1 740 1128 1129 AND
2 1 737 943 1120 AND
2 1 96 619 1121 AND
2 1 1120 1121 1122 AND
2 1 1119 1122 1130 AND
2 1 1129 1130 1131 AND
2 1 1090 1131 1132 AND
2 1 1083 1132 1133 AND
2 1 1118 1133 1134 AND
2 1 629 1134 1135 AND
2 1 129 201 1035 AND
2 1 119 1036 1037 AND
2 1 1035 1037 1038 AND
2 1 216 473 1034 AND
2 1 265 605 1039 AND
2 1 1034 1039 1040 AND
2 1 1038 1040 1041 AND
2 1 71 113 1042 AND
2 1 137 1042 1043 AND
2 1 1041 1043 1044 AND
2 1 153 260 1045 AND
2 1 386 501 1046 AND
2 1 1045 1046 1047 AND
2 1 415 1047 1048 AND
2 1 220 1049 1050 AND
2 1 1048 1050 1051 AND
2 1 1044 1051 1052 AND
2 1 383 975 1028 AND
2 1 301 1028 1029 AND
2 1 131 362 1030 AND
2 1 364 1030 1031 AND
2 1 1029 1031 1032 AND
2 1 839 1032 1033 AND
2 1 141 380 1027 AND
2 1 123 1027 1053 AND
2 1 1033 1053 1054 AND
2 1 1052 1054 1055 AND
2 1 79 534 1056 AND
2 1 1026 1056 1057 AND
2 1 1055 1057 1058 AND
2 1 262 330 1059 AND
2 1 553 1059 1060 AND
2 1 1058 1060 1061 AND
2 1 235 304 1062 AND
2 1 335 1062 1063 AND
2 1 1061 1063 1064 AND
2 1 860 901 1136 AND
2 1 1064 1136 1137 AND
2 1 1135 1137 1138 AND
2 1 424 459 1139 AND
2 1 581 1139 1140 AND
2 1 1138 1140 1141 AND
2 1 526 1141 1142 AND
2 1 1024 1142 1143 AND
2 1 202 901 1148 AND
2 1 158 1148 1149 AND
2 1 639 1149 1150 AND
2 1 715 1119 1151 AND
2 1 1150 1151 1152 AND
2 1 751 1152 1153 AND
2 1 383 399 1147 AND
2 1 265 1146 1154 AND
2 1 1147 1154 1155 AND
2 1 1153 1155 1156 AND
2 1 75 100 1157 AND
2 1 318 1157 1158 AND
2 1 1156 1158 1159 AND
2 1 137 188 1160 AND
2 1 848 1160 1161 AND
2 1 1159 1161 1162 AND
2 1 128 500 1163 AND
2 1 567 1163 1164 AND
2 1 1162 1164 1165 AND
2 1 619 1165 1166 AND
2 1 118 218 1176 AND
2 1 66 364 1177 AND
2 1 1176 1177 1178 AND
2 1 295 553 1179 AND
2 1 1178 1179 1180 AND
2 1 131 527 1181 AND
2 1 215 270 1182 AND
2 1 1181 1182 1183 AND
2 1 386 620 1184 AND
2 1 186 1184 1185 AND
2 1 946 1185 1186 AND
2 1 1183 1186 1187 AND
2 1 1180 1187 1188 AND
2 1 304 491 1169 AND
2 1 839 1169 1170 AND
2 1 192 291 1171 AND
2 1 1168 1171 1172 AND
2 1 1170 1172 1173 AND
2 1 289 1167 1174 AND
2 1 1173 1174 1175 AND
2 1 766 1175 1189 AND
2 1 1188 1189 1190 AND
2 1 1118 1190 1191 AND
2 1 1144 1145 1192 AND
2 1 1191 1192 1193 AND
2 1 1166 1193 1194 AND
2 1 338 482 1195 AND
2 1 565 1195 1196 AND
2 1 1194 1196 1197 AND
2 1 164 259 1198 AND
2 1 1197 1198 1199 AND
2 1 1142 1199 1200 AND
2 1 778 1219 1220 AND
2 1 332 735 1217 AND
2 1 1217 1218 1221 AND
2 1 698 1221 1222 AND
2 1 1220 1222 1223 AND
2 1 335 468 1216 AND
2 1 260 459 1224 AND
2 1 1216 1224 1225 AND
2 1 1223 1225 1226 AND
2 1 531 925 1227 AND
2 1 1226 1227 1228 AND
2 1 501 944 1229 AND
2 1 208 1229 1230 AND
2 1 50 134 1231 AND
2 1 1230 1231 1232 AND
2 1 118 478 1236 AND
2 1 362 581 1237 AND
2 1 497 1237 1238 AND
2 1 1236 1238 1239 AND
2 1 293 848 1234 AND
2 1 1233 1234 1235 AND
2 1 1067 1235 1240 AND
2 1 1239 1240 1241 AND
2 1 1232 1241 1242 AND
2 1 156 215 1213 AND
2 1 267 1213 1214 AND
2 1 637 1214 1215 AND
2 1 199 1215 1243 AND
2 1 1242 1243 1244 AND
2 1 1228 1244 1245 AND
2 1 249 1211 1246 AND
2 1 1212 1246 1247 AND
2 1 1245 1247 1248 AND
2 1 153 390 1249 AND
2 1 1210 1249 1250 AND
2 1 1248 1250 1251 AND
2 1 251 424 1252 AND
2 1 896 1252 1253 AND
2 1 1251 1253 1254 AND
2 1 533 1254 1255 AND
2 1 358 360 1278 AND
2 1 415 1278 1279 AND
2 1 294 303 1280 AND
2 1 1103 1280 1281 AND
2 1 1279 1281 1282 AND
2 1 110 456 1283 AND
2 1 678 1283 1284 AND
2 1 1282 1284 1285 AND
2 1 268 301 1286 AND
2 1 1285 1286 1287 AND
2 1 113 566 1293 AND
2 1 201 1294 1295 AND
2 1 164 263 1296 AND
2 1 125 1296 1297 AND
2 1 1295 1297 1298 AND
2 1 1293 1298 1299 AND
2 1 482 532 1288 AND
2 1 121 434 1289 AND
2 1 1288 1289 1290 AND
2 1 392 621 1291 AND
2 1 1290 1291 1292 AND
2 1 695 1292 1300 AND
2 1 1299 1300 1301 AND
2 1 1287 1301 1302 AND
2 1 359 653 1271 AND
2 1 417 1271 1272 AND
2 1 254 583 1273 AND
2 1 1270 1273 1274 AND
2 1 1272 1274 1275 AND
2 1 234 295 1276 AND
2 1 1275 1276 1277 AND
2 1 245 710 1303 AND
2 1 1277 1303 1304 AND
2 1 1302 1304 1305 AND
2 1 79 203 1306 AND
2 1 299 1306 1307 AND
2 1 1305 1307 1308 AND
2 1 190 1308 1309 AND
2 1 82 318 1310 AND
2 1 1310 1311 1312 AND
2 1 794 1312 1313 AND
2 1 339 603 1257 AND
2 1 237 1257 1258 AND
2 1 323 699 1259 AND
2 1 1258 1259 1260 AND
2 1 154 425 1261 AND
2 1 473 1261 1262 AND
2 1 1260 1262 1263 AND
2 1 155 400 1264 AND
2 1 565 1264 1265 AND
2 1 1263 1265 1266 AND
2 1 45 89 1267 AND
2 1 597 1267 1268 AND
2 1 1266 1268 1269 AND
2 1 1256 1269 1314 AND
2 1 1313 1314 1315 AND
2 1 1309 1315 1316 AND
2 1 114 381 1202 AND
2 1 269 338 1203 AND
2 1 1202 1203 1204 AND
2 1 366 460 1205 AND
2 1 554 1205 1206 AND
2 1 1204 1206 1207 AND
2 1 241 388 1208 AND
2 1 1207 1208 1209 AND
2 1 901 1209 1317 AND
2 1 1316 1317 1318 AND
2 1 1255 1318 1319 AND
2 1 188 361 1201 AND
2 1 158 292 1320 AND
2 1 1201 1320 1321 AND
2 1 1319 1321 1322 AND
2 1 139 386 1323 AND
2 1 601 1323 1324 AND
2 1 1322 1324 1325 AND
2 1 330 432 1326 AND
2 1 495 1326 1327 AND
2 1 1325 1327 1328 AND
2 1 1199 1328 1329 AND
2 1 583 735 1389 AND
2 1 240 556 1390 AND
2 1 393 653 1391 AND
2 1 1390 1391 1392 AND
2 1 1389 1392 1393 AND
2 1 129 459 1388 AND
2 1 1027 1388 1394 AND
2 1 1183 1394 1395 AND
2 1 1393 1395 1396 AND
2 1 66 195 1397 AND
2 1 491 1397 1398 AND
2 1 1396 1398 1399 AND
2 1 1029 1404 1405 AND
2 1 359 535 1400 AND
2 1 789 1400 1401 AND
2 1 253 1026 1402 AND
2 1 568 1402 1406 AND
2 1 1401 1406 1407 AND
2 1 1405 1407 1408 AND
2 1 860 1103 1409 AND
2 1 1408 1409 1410 AND
2 1 1399 1410 1411 AND
2 1 791 811 1412 AND
2 1 1201 1412 1413 AND
2 1 1411 1413 1414 AND
2 1 137 192 1415 AND
2 1 381 1415 1416 AND
2 1 1414 1416 1417 AND
2 1 59 1417 1418 AND
2 1 418 603 1419 AND
2 1 1418 1419 1420 AND
2 1 116 531 1421 AND
2 1 125 1421 1422 AND
2 1 331 460 1384 AND
2 1 50 637 1385 AND
2 1 1384 1385 1386 AND
2 1 1386 1387 1423 AND
2 1 1422 1423 1424 AND
2 1 1420 1424 1425 AND
2 1 597 925 1373 AND
2 1 1372 1373 1374 AND
2 1 242 716 1375 AND
2 1 753 1375 1376 AND
2 1 1374 1376 1377 AND
2 1 109 290 1378 AND
2 1 454 1378 1379 AND
2 1 1377 1379 1380 AND
2 1 63 235 1381 AND
2 1 636 1381 1382 AND
2 1 1380 1382 1383 AND
2 1 155 316 1332 AND
2 1 236 1332 1333 AND
2 1 269 470 1334 AND
2 1 210 676 1335 AND
2 1 1334 1335 1336 AND
2 1 1333 1336 1337 AND
2 1 75 111 1338 AND
2 1 1331 1338 1339 AND
2 1 1337 1339 1340 AND
2 1 266 848 1341 AND
2 1 1340 1341 1342 AND
2 1 367 1066 1357 AND
2 1 164 1357 1358 AND
2 1 1356 1358 1359 AND
2 1 810 1359 1360 AND
2 1 483 584 1354 AND
2 1 1353 1354 1355 AND
2 1 294 767 1349 AND
2 1 336 755 1350 AND
2 1 1349 1350 1351 AND
2 1 1351 1352 1361 AND
2 1 1355 1361 1362 AND
2 1 1360 1362 1363 AND
2 1 495 1270 1343 AND
2 1 1144 1343 1364 AND
2 1 1348 1364 1365 AND
2 1 1363 1365 1366 AND
2 1 196 426 1367 AND
2 1 1092 1367 1368 AND
2 1 1366 1368 1369 AND
2 1 187 587 1370 AND
2 1 1369 1370 1371 AND
2 1 1342 1371 1426 AND
2 1 1383 1426 1427 AND
2 1 1425 1427 1428 AND
2 1 189 565 1330 AND
2 1 522 1233 1429 AND
2 1 1330 1429 1430 AND
2 1 1428 1430 1431 AND
2 1 113 366 1432 AND
2 1 473 1432 1433 AND
2 1 1431 1433 1434 AND
2 1 96 741 1435 AND
2 1 1434 1435 1436 AND
2 1 1328 1436 1437 AND
2 1 1093 1495 1496 AND
2 1 680 1496 1497 AND
2 1 290 413 1493 AND
2 1 1492 1493 1494 AND
2 1 1295 1494 1498 AND
2 1 1497 1498 1499 AND
2 1 403 687 1500 AND
2 1 1491 1500 1501 AND
2 1 1499 1501 1502 AND
2 1 113 262 1487 AND
2 1 1069 1487 1503 AND
2 1 1502 1503 1504 AND
2 1 1269 1504 1505 AND
2 1 187 526 1486 AND
2 1 554 1390 1506 AND
2 1 1486 1506 1507 AND
2 1 1505 1507 1508 AND
2 1 270 303 1509 AND
2 1 469 1509 1510 AND
2 1 1508 1510 1511 AND
2 1 268 489 1512 AND
2 1 1511 1512 1513 AND
2 1 166 246 1515 AND
2 1 238 522 1514 AND
2 1 417 944 1516 AND
2 1 1514 1516 1517 AND
2 1 1515 1517 1518 AND
2 1 241 1518 1519 AND
2 1 235 426 1521 AND
2 1 1520 1521 1522 AND
2 1 1519 1522 1523 AND
2 1 595 1485 1524 AND
2 1 1523 1524 1525 AND
2 1 1513 1525 1526 AND
2 1 391 532 1438 AND
2 1 247 1438 1439 AND
2 1 1439 1440 1527 AND
2 1 1475 1527 1528 AND
2 1 1526 1528 1529 AND
2 1 252 388 1530 AND
2 1 1343 1530 1531 AND
2 1 1529 1531 1532 AND
2 1 125 169 1533 AND
2 1 501 1533 1534 AND
2 1 1532 1534 1535 AND
2 1 393 1535 1536 AND
2 1 1436 1536 1537 AND
2 1 456 974 1574 AND
2 1 291 1210 1575 AND
2 1 1574 1575 1576 AND
2 1 402 601 1577 AND
2 1 1576 1577 1578 AND
2 1 75 565 1579 AND
2 1 636 1579 1580 AND
2 1 293 584 1581 AND
2 1 301 944 1582 AND
2 1 1581 1582 1583 AND
2 1 413 1583 1584 AND
2 1 1580 1584 1585 AND
2 1 1578 1585 1586 AND
2 1 154 244 1567 AND
2 1 567 975 1568 AND
2 1 1567 1568 1569 AND
2 1 258 1177 1570 AND
2 1 1569 1570 1571 AND
2 1 210 460 1572 AND
2 1 1571 1572 1573 AND
2 1 125 318 1566 AND
2 1 265 1566 1587 AND
2 1 1573 1587 1588 AND
2 1 1586 1588 1589 AND
2 1 55 425 1590 AND
2 1 522 1590 1591 AND
2 1 1589 1591 1592 AND
2 1 332 380 1593 AND
2 1 432 1593 1594 AND
2 1 1592 1594 1595 AND
2 1 241 453 1596 AND
2 1 587 1596 1597 AND
2 1 1595 1597 1598 AND
2 1 388 1270 1599 AND
2 1 242 583 1600 AND
2 1 1599 1600 1601 AND
2 1 215 338 1602 AND
2 1 1601 1602 1603 AND
2 1 303 391 1604 AND
2 1 237 676 1605 AND
2 1 1604 1605 1606 AND
2 1 192 741 1607 AND
2 1 187 295 1608 AND
2 1 1218 1608 1609 AND
2 1 1607 1609 1610 AND
2 1 1606 1610 1611 AND
2 1 1603 1611 1612 AND
2 1 1565 1612 1613 AND
2 1 1598 1613 1614 AND
2 1 416 736 1542 AND
2 1 1145 1541 1543 AND
2 1 1542 1543 1544 AND
2 1 581 837 1545 AND
2 1 199 1545 1546 AND
2 1 1544 1546 1547 AND
2 1 50 239 1548 AND
2 1 1547 1548 1549 AND
2 1 238 468 1551 AND
2 1 165 1551 1552 AND
2 1 1392 1552 1553 AND
2 1 1550 1553 1554 AND
2 1 84 1444 1555 AND
2 1 1554 1555 1556 AND
2 1 1549 1556 1557 AND
2 1 120 695 1558 AND
2 1 1540 1558 1559 AND
2 1 1557 1559 1560 AND
2 1 135 218 1561 AND
2 1 605 1561 1562 AND
2 1 1560 1562 1563 AND
2 1 251 1563 1564 AND
2 1 134 292 1539 AND
2 1 387 1539 1615 AND
2 1 1564 1615 1616 AND
2 1 1614 1616 1617 AND
2 1 709 1212 1618 AND
2 1 1538 1618 1619 AND
2 1 1617 1619 1620 AND
2 1 115 290 1621 AND
2 1 323 1621 1622 AND
2 1 1620 1622 1623 AND
2 1 250 531 1624 AND
2 1 532 1624 1625 AND
2 1 1623 1625 1626 AND
2 1 235 1068 1627 AND
2 1 1626 1627 1628 AND
2 1 1536 1628 1629 AND
2 1 392 752 1632 AND
2 1 813 1632 1633 AND
2 1 55 426 1631 AND
2 1 897 1631 1634 AND
2 1 1439 1634 1635 AND
2 1 1633 1635 1636 AND
2 1 75 389 1637 AND
2 1 680 1637 1638 AND
2 1 1636 1638 1639 AND
2 1 195 495 1640 AND
2 1 553 1640 1641 AND
2 1 1639 1641 1642 AND
2 1 133 153 1651 AND
2 1 359 565 1652 AND
2 1 1651 1652 1653 AND
2 1 357 1653 1654 AND
2 1 212 438 1657 AND
2 1 1656 1657 1658 AND
2 1 119 332 1659 AND
2 1 327 1659 1660 AND
2 1 1658 1660 1661 AND
2 1 393 482 1655 AND
2 1 742 1655 1662 AND
2 1 1661 1662 1663 AND
2 1 1654 1663 1664 AND
2 1 1650 1664 1665 AND
2 1 1642 1665 1666 AND
2 1 96 213 1630 AND
2 1 132 251 1667 AND
2 1 1630 1667 1668 AND
2 1 1666 1668 1669 AND
2 1 304 336 1670 AND
2 1 1669 1670 1671 AND
2 1 430 500 1672 AND
2 1 1293 1672 1673 AND
2 1 116 1125 1674 AND
2 1 1673 1674 1675 AND
2 1 1671 1675 1676 AND
2 1 110 253 1677 AND
2 1 679 1677 1678 AND
2 1 1676 1678 1679 AND
2 1 122 170 1680 AND
2 1 209 1680 1681 AND
2 1 1679 1681 1682 AND
2 1 207 601 1702 AND
2 1 83 459 1704 AND
2 1 1703 1704 1705 AND
2 1 1702 1705 1706 AND
2 1 215 454 1700 AND
2 1 1567 1700 1701 AND
2 1 1336 1701 1707 AND
2 1 1706 1707 1708 AND
2 1 317 1036 1696 AND
2 1 127 361 1697 AND
2 1 1696 1697 1698 AND
2 1 413 1698 1699 AND
2 1 1695 1699 1709 AND
2 1 1708 1709 1710 AND
2 1 191 294 1711 AND
2 1 1689 1711 1712 AND
2 1 1710 1712 1713 AND
2 1 135 390 1714 AND
2 1 1065 1714 1715 AND
2 1 1713 1715 1716 AND
2 1 141 531 1717 AND
2 1 1716 1717 1718 AND
2 1 197 716 1719 AND
2 1 108 755 1720 AND
2 1 1719 1720 1721 AND
2 1 619 636 1722 AND
2 1 1721 1722 1723 AND
2 1 188 433 1726 AND
2 1 1725 1726 1727 AND
2 1 658 1724 1728 AND
2 1 1727 1728 1729 AND
2 1 1723 1729 1730 AND
2 1 164 416 1683 AND
2 1 483 1683 1684 AND
2 1 1258 1684 1685 AND
2 1 87 319 1686 AND
2 1 1210 1686 1687 AND
2 1 1685 1687 1688 AND
2 1 738 1688 1731 AND
2 1 1730 1731 1732 AND
2 1 1718 1732 1733 AND
2 1 554 1146 1734 AND
2 1 1733 1734 1735 AND
2 1 1682 1735 1736 AND
2 1 99 364 1737 AND
2 1 527 1737 1738 AND
2 1 1736 1738 1739 AND
2 1 128 289 1740 AND
2 1 468 1740 1741 AND
2 1 1739 1741 1742 AND
2 1 839 1742 1743 AND
2 1 1628 1743 1744 AND
2 1 190 1065 1792 AND
2 1 1630 1792 1793 AND
2 1 555 1791 1794 AND
2 1 1793 1794 1795 AND
2 1 254 469 1796 AND
2 1 1026 1796 1797 AND
2 1 1795 1797 1798 AND
2 1 335 495 1799 AND
2 1 533 1799 1800 AND
2 1 1798 1800 1801 AND
2 1 301 1801 1802 AND
2 1 926 1803 1804 AND
2 1 114 319 1805 AND
2 1 383 1805 1806 AND
2 1 1804 1806 1807 AND
2 1 567 1807 1808 AND
2 1 484 1790 1809 AND
2 1 1808 1809 1810 AND
2 1 1802 1810 1811 AND
2 1 790 1540 1812 AND
2 1 1789 1812 1813 AND
2 1 1811 1813 1814 AND
2 1 293 811 1815 AND
2 1 1788 1815 1816 AND
2 1 1814 1816 1817 AND
2 1 459 535 1818 AND
2 1 767 1818 1819 AND
2 1 1817 1819 1820 AND
2 1 164 1820 1821 AND
2 1 456 603 1822 AND
2 1 1821 1822 1823 AND
2 1 193 331 1824 AND
2 1 438 1824 1825 AND
2 1 740 1787 1826 AND
2 1 1825 1826 1827 AND
2 1 1823 1827 1828 AND
2 1 433 605 1779 AND
2 1 167 269 1780 AND
2 1 1779 1780 1781 AND
2 1 235 839 1782 AND
2 1 1781 1782 1783 AND
2 1 860 1749 1750 AND
2 1 1748 1750 1751 AND
2 1 153 556 1746 AND
2 1 470 1719 1752 AND
2 1 1746 1752 1753 AND
2 1 1751 1753 1754 AND
2 1 295 424 1755 AND
2 1 491 1755 1756 AND
2 1 1754 1756 1757 AND
2 1 653 1757 1758 AND
2 1 316 478 1759 AND
2 1 187 477 1760 AND
2 1 1759 1760 1761 AND
2 1 327 1761 1762 AND
2 1 299 583 1763 AND
2 1 402 1763 1764 AND
2 1 458 1372 1765 AND
2 1 1764 1765 1766 AND
2 1 1762 1766 1767 AND
2 1 984 1767 1768 AND
2 1 100 157 1769 AND
2 1 479 1769 1770 AND
2 1 1768 1770 1771 AND
2 1 135 260 1772 AND
2 1 381 1772 1773 AND
2 1 1771 1773 1774 AND
2 1 238 336 1775 AND
2 1 850 1775 1776 AND
2 1 1774 1776 1777 AND
2 1 152 1777 1778 AND
2 1 1758 1778 1829 AND
2 1 1783 1829 1830 AND
2 1 1828 1830 1831 AND
2 1 497 1495 1832 AND
2 1 1745 1832 1833 AND
2 1 1831 1833 1834 AND
2 1 246 363 1835 AND
2 1 1004 1835 1836 AND
2 1 1834 1836 1837 AND
2 1 116 203 1838 AND
2 1 251 1838 1839 AND
2 1 1837 1839 1840 AND
2 1 215 1840 1841 AND
2 1 1743 1841 1842 AND
2 1 244 631 1858 AND
2 1 582 1858 1859 AND
2 1 111 1859 1860 AND
2 1 122 475 1861 AND
2 1 257 1861 1862 AND
2 1 1660 1862 1863 AND
2 1 1860 1863 1864 AND
2 1 1175 1864 1865 AND
2 1 1309 1865 1866 AND
2 1 1440 1565 1867 AND
2 1 1003 1867 1868 AND
2 1 1866 1868 1869 AND
2 1 100 251 1855 AND
2 1 165 262 1856 AND
2 1 1855 1856 1857 AND
2 1 129 416 1843 AND
2 1 1402 1843 1844 AND
2 1 63 362 1845 AND
2 1 1211 1845 1846 AND
2 1 1844 1846 1847 AND
2 1 676 1847 1848 AND
2 1 242 773 1849 AND
2 1 209 848 1850 AND
2 1 1849 1850 1851 AND
2 1 91 247 1852 AND
2 1 741 1852 1853 AND
2 1 1851 1853 1854 AND
2 1 1848 1854 1870 AND
2 1 1857 1870 1871 AND
2 1 1869 1871 1872 AND
2 1 854 1066 1873 AND
2 1 1872 1873 1874 AND
2 1 556 679 1875 AND
2 1 1874 1875 1876 AND
2 1 1841 1876 1877 AND
2 1 476 736 1924 AND
2 1 1923 1924 1925 AND
2 1 581 860 1926 AND
2 1 1147 1926 1927 AND
2 1 1925 1927 1928 AND
2 1 331 359 1929 AND
2 1 489 1929 1930 AND
2 1 1928 1930 1931 AND
2 1 322 1931 1932 AND
2 1 85 457 1933 AND
2 1 185 1933 1934 AND
2 1 382 1212 1935 AND
2 1 59 1935 1936 AND
2 1 622 841 1937 AND
2 1 1936 1937 1938 AND
2 1 1934 1938 1939 AND
2 1 1932 1939 1940 AND
2 1 390 425 1892 AND
2 1 208 1892 1893 AND
2 1 336 1893 1894 AND
2 1 838 1390 1895 AND
2 1 1521 1895 1896 AND
2 1 1894 1896 1897 AND
2 1 605 1898 1899 AND
2 1 1897 1899 1900 AND
2 1 237 241 1901 AND
2 1 289 1901 1902 AND
2 1 1900 1902 1903 AND
2 1 265 848 1904 AND
2 1 338 1904 1905 AND
2 1 94 263 1906 AND
2 1 1068 1906 1907 AND
2 1 953 1907 1908 AND
2 1 1905 1908 1909 AND
2 1 941 1891 1910 AND
2 1 1909 1910 1911 AND
2 1 1903 1911 1912 AND
2 1 82 204 1913 AND
2 1 502 1913 1914 AND
2 1 1912 1914 1915 AND
2 1 247 755 1916 AND
2 1 1167 1916 1917 AND
2 1 1915 1917 1918 AND
2 1 45 186 1919 AND
2 1 974 1919 1920 AND
2 1 1918 1920 1921 AND
2 1 677 1036 1881 AND
2 1 293 773 1882 AND
2 1 1881 1882 1883 AND
2 1 96 266 1884 AND
2 1 680 1884 1885 AND
2 1 1883 1885 1886 AND
2 1 216 268 1887 AND
2 1 1886 1887 1888 AND
2 1 1880 1888 1941 AND
2 1 1921 1941 1942 AND
2 1 1940 1942 1943 AND
2 1 188 495 1878 AND
2 1 479 1878 1944 AND
2 1 1879 1944 1945 AND
2 1 1943 1945 1946 AND
2 1 244 522 1947 AND
2 1 1538 1947 1948 AND
2 1 1946 1948 1949 AND
2 1 260 380 1950 AND
2 1 469 1950 1951 AND
2 1 1949 1951 1952 AND
2 1 234 257 1953 AND
2 1 388 1953 1954 AND
2 1 1952 1954 1955 AND
2 1 1876 1955 1956 AND
2 1 170 328 1986 AND
2 1 330 386 1987 AND
2 1 1986 1987 1988 AND
2 1 186 402 1989 AND
2 1 1293 1989 1990 AND
2 1 493 1990 1991 AND
2 1 1988 1991 1992 AND
2 1 1984 1985 1993 AND
2 1 1654 1993 1994 AND
2 1 1992 1994 1995 AND
2 1 973 1294 1996 AND
2 1 1631 1996 1997 AND
2 1 1995 1997 1998 AND
2 1 156 432 1999 AND
2 1 583 1999 2000 AND
2 1 1998 2000 2001 AND
2 1 400 533 2002 AND
2 1 2001 2002 2003 AND
2 1 1976 1977 1978 AND
2 1 417 1069 1979 AND
2 1 1978 1979 1980 AND
2 1 1980 1983 2004 AND
2 1 2003 2004 2005 AND
2 1 1564 2005 2006 AND
2 1 300 943 1974 AND
2 1 336 1974 1975 AND
2 1 1147 1973 2007 AND
2 1 1975 2007 2008 AND
2 1 2006 2008 2009 AND
2 1 132 361 1958 AND
2 1 553 1958 1959 AND
2 1 1862 1959 1960 AND
2 1 266 1066 1957 AND
2 1 261 757 1961 AND
2 1 1957 1961 1962 AND
2 1 1960 1962 1963 AND
2 1 155 169 1964 AND
2 1 1065 1964 1965 AND
2 1 1963 1965 1966 AND
2 1 453 839 1967 AND
2 1 1091 1967 1968 AND
2 1 1966 1968 1969 AND
2 1 522 684 2010 AND
2 1 1969 2010 2011 AND
2 1 2009 2011 2012 AND
2 1 167 248 2013 AND
2 1 1759 2013 2014 AND
2 1 2012 2014 2015 AND
2 1 66 254 2016 AND
2 1 388 2016 2017 AND
2 1 2015 2017 2018 AND
2 1 434 526 2019 AND
2 1 2018 2019 2020 AND
2 1 1955 2020 2021 AND
2 1 193 631 2069 AND
2 1 390 566 2070 AND
2 1 2069 2070 2071 AND
2 1 79 210 2072 AND
2 1 298 2072 2073 AND
2 1 2071 2073 2074 AND
2 1 134 2074 2075 AND
2 1 110 1036 2077 AND
2 1 1092 2077 2078 AND
2 1 2076 2078 2079 AND
2 1 976 1843 2080 AND
2 1 1606 2080 2081 AND
2 1 2079 2081 2082 AND
2 1 2075 2082 2083 AND
2 1 72 1027 2084 AND
2 1 1984 2084 2085 AND
2 1 2083 2085 2086 AND
2 1 167 558 2087 AND
2 1 2068 2087 2088 AND
2 1 2086 2088 2089 AND
2 1 251 2089 2090 AND
2 1 131 470 2055 AND
2 1 63 187 2056 AND
2 1 2055 2056 2057 AND
2 1 2053 2054 2058 AND
2 1 2057 2058 2059 AND
2 1 328 1093 2052 AND
2 1 114 293 2060 AND
2 1 2052 2060 2061 AND
2 1 2059 2061 2062 AND
2 1 128 336 2063 AND
2 1 848 2063 2064 AND
2 1 2062 2064 2065 AND
2 1 357 489 2066 AND
2 1 2065 2066 2067 AND
2 1 361 491 2091 AND
2 1 209 531 2092 AND
2 1 2091 2092 2093 AND
2 1 302 587 2094 AND
2 1 2093 2094 2095 AND
2 1 439 1976 2097 AND
2 1 2096 2097 2098 AND
2 1 2095 2098 2099 AND
2 1 1215 2099 2100 AND
2 1 2067 2100 2101 AND
2 1 2090 2101 2102 AND
2 1 116 154 2022 AND
2 1 699 2022 2023 AND
2 1 196 773 2024 AND
2 1 555 2024 2025 AND
2 1 2023 2025 2026 AND
2 1 108 262 2027 AND
2 1 460 2027 2028 AND
2 1 2026 2028 2029 AND
2 1 301 597 2030 AND
2 1 2029 2030 2031 AND
2 1 212 1068 2037 AND
2 1 2036 2037 2038 AND
2 1 1748 2038 2039 AND
2 1 171 776 2040 AND
2 1 1096 2040 2041 AND
2 1 2039 2041 2042 AND
2 1 1212 1216 2032 AND
2 1 219 253 2033 AND
2 1 453 2033 2034 AND
2 1 2032 2034 2035 AND
2 1 882 1049 2043 AND
2 1 2035 2043 2044 AND
2 1 2042 2044 2045 AND
2 1 2031 2045 2046 AND
2 1 383 479 2047 AND
2 1 521 2047 2048 AND
2 1 2046 2048 2049 AND
2 1 360 565 2050 AND
2 1 2049 2050 2051 AND
2 1 84 320 2103 AND
2 1 2051 2103 2104 AND
2 1 2102 2104 2105 AND
2 1 115 119 2106 AND
2 1 482 2106 2107 AND
2 1 2105 2107 2108 AND
2 1 290 399 2109 AND
2 1 425 2109 2110 AND
2 1 2108 2110 2111 AND
2 1 94 332 2112 AND
2 1 533 2112 2113 AND
2 1 2111 2113 2114 AND
2 1 619 2114 2115 AND
2 1 2020 2115 2116 AND
2 1 711 737 2138 AND
2 1 1105 2138 2139 AND
2 1 320 2133 2134 AND
2 1 424 2134 2135 AND
2 1 120 139 2136 AND
2 1 1857 2136 2137 AND
2 1 2135 2137 2140 AND
2 1 2139 2140 2141 AND
2 1 1420 2141 2142 AND
2 1 456 478 2131 AND
2 1 489 2131 2132 AND
2 1 635 721 2143 AND
2 1 2132 2143 2144 AND
2 1 2142 2144 2145 AND
2 1 1292 2117 2118 AND
2 1 1092 1343 2119 AND
2 1 1854 2119 2120 AND
2 1 2118 2120 2121 AND
2 1 158 305 2122 AND
2 1 2036 2122 2123 AND
2 1 2121 2123 2124 AND
2 1 399 767 2125 AND
2 1 1210 2125 2126 AND
2 1 2124 2126 2127 AND
2 1 106 235 2128 AND
2 1 321 2128 2129 AND
2 1 2127 2129 2130 AND
2 1 387 1631 2146 AND
2 1 2130 2146 2147 AND
2 1 2145 2147 2148 AND
2 1 472 677 2149 AND
2 1 1211 2149 2150 AND
2 1 2148 2150 2151 AND
2 1 207 2151 2152 AND
2 1 2115 2152 2153 AND
2 1 559 2183 2184 AND
2 1 2056 2184 2185 AND
2 1 318 767 2186 AND
2 1 2185 2186 2187 AND
2 1 1033 2187 2188 AND
2 1 110 250 2189 AND
2 1 331 2189 2190 AND
2 1 2188 2190 2191 AND
2 1 209 2191 2192 AND
2 1 97 2193 2194 AND
2 1 1905 2194 2195 AND
2 1 153 381 2196 AND
2 1 716 2196 2197 AND
2 1 2195 2197 2198 AND
2 1 358 417 2199 AND
2 1 2198 2199 2200 AND
2 1 316 384 2201 AND
2 1 127 469 2202 AND
2 1 2201 2202 2203 AND
2 1 71 527 2204 AND
2 1 1727 2204 2205 AND
2 1 2203 2205 2206 AND
2 1 772 2206 2207 AND
2 1 2200 2207 2208 AND
2 1 1957 2182 2209 AND
2 1 2208 2209 2210 AND
2 1 2192 2210 2211 AND
2 1 80 100 2212 AND
2 1 1353 2212 2213 AND
2 1 2211 2213 2214 AND
2 1 256 605 2215 AND
2 1 677 2215 2216 AND
2 1 2214 2216 2217 AND
2 1 212 254 2218 AND
2 1 360 2218 2219 AND
2 1 2217 2219 2220 AND
2 1 531 2220 2221 AND
2 1 460 565 2239 AND
2 1 116 321 2240 AND
2 1 2239 2240 2241 AND
2 1 329 2226 2242 AND
2 1 2241 2242 2243 AND
2 1 2238 2243 2244 AND
2 1 582 1791 2222 AND
2 1 203 393 2223 AND
2 1 477 2223 2224 AND
2 1 2222 2224 2225 AND
2 1 1232 2225 2245 AND
2 1 2244 2245 2246 AND
2 1 678 925 2172 AND
2 1 111 156 2173 AND
2 1 2172 2173 2174 AND
2 1 245 521 2175 AND
2 1 851 2175 2176 AND
2 1 2174 2176 2177 AND
2 1 192 535 2178 AND
2 1 680 2178 2179 AND
2 1 2177 2179 2180 AND
2 1 2171 2180 2247 AND
2 1 2246 2247 2248 AND
2 1 2221 2248 2249 AND
2 1 121 240 2154 AND
2 1 108 1065 2155 AND
2 1 2154 2155 2156 AND
2 1 1789 2117 2157 AND
2 1 2156 2157 2158 AND
2 1 154 1514 2159 AND
2 1 2036 2159 2160 AND
2 1 2158 2160 2161 AND
2 1 85 239 2162 AND
2 1 242 2162 2163 AND
2 1 2161 2163 2164 AND
2 1 137 2164 2165 AND
2 1 319 474 2250 AND
2 1 2165 2250 2251 AND
2 1 2249 2251 2252 AND
2 1 219 584 2253 AND
2 1 2252 2253 2254 AND
2 1 2152 2254 2255 AND
2 1 710 1440 2265 AND
2 1 1095 2265 2266 AND
2 1 989 2266 2267 AND
2 1 171 780 2268 AND
2 1 1497 2268 2269 AND
2 1 2267 2269 2270 AND
2 1 791 2260 2261 AND
2 1 114 254 2262 AND
2 1 811 2262 2263 AND
2 1 2261 2263 2264 AND
2 1 192 501 2257 AND
2 1 2256 2257 2258 AND
2 1 434 2258 2259 AND
2 1 2054 2259 2271 AND
2 1 2264 2271 2272 AND
2 1 2270 2272 2273 AND
2 1 193 1789 2274 AND
2 1 2132 2274 2275 AND
2 1 2273 2275 2276 AND
2 1 251 567 2277 AND
2 1 741 2277 2278 AND
2 1 2276 2278 2279 AND
2 1 1068 2279 2280 AND
2 1 131 295 2296 AND
2 1 216 2296 2297 AND
2 1 851 2297 2298 AND
2 1 565 631 2294 AND
2 1 301 2294 2295 AND
2 1 596 2295 2299 AND
2 1 2298 2299 2300 AND
2 1 265 303 2289 AND
2 1 401 2289 2290 AND
2 1 152 321 2291 AND
2 1 621 2291 2292 AND
2 1 2290 2292 2293 AND
2 1 202 2293 2301 AND
2 1 2300 2301 2302 AND
2 1 135 318 2281 AND
2 1 239 244 2282 AND
2 1 2281 2282 2283 AND
2 1 156 256 2284 AND
2 1 380 2284 2285 AND
2 1 2283 2285 2286 AND
2 1 128 531 2287 AND
2 1 2286 2287 2288 AND
2 1 384 860 2303 AND
2 1 2288 2303 2304 AND
2 1 2302 2304 2305 AND
2 1 119 317 2306 AND
2 1 1091 2306 2307 AND
2 1 2305 2307 2308 AND
2 1 1599 1703 2313 AND
2 1 553 1210 2312 AND
2 1 2311 2312 2314 AND
2 1 2313 2314 2315 AND
2 1 139 2309 2310 AND
2 1 205 1066 2316 AND
2 1 2310 2316 2317 AND
2 1 2315 2317 2318 AND
2 1 291 394 2319 AND
2 1 558 2319 2320 AND
2 1 2318 2320 2321 AND
2 1 438 1167 2322 AND
2 1 2321 2322 2323 AND
2 1 55 482 2325 AND
2 1 106 2325 2326 AND
2 1 111 245 2327 AND
2 1 2324 2327 2328 AND
2 1 2326 2328 2329 AND
2 1 322 457 2330 AND
2 1 755 2330 2331 AND
2 1 2329 2331 2332 AND
2 1 839 2332 2333 AND
2 1 292 533 2334 AND
2 1 757 1803 2335 AND
2 1 272 2335 2336 AND
2 1 2334 2336 2337 AND
2 1 2333 2337 2338 AND
2 1 2323 2338 2339 AND
2 1 2308 2339 2340 AND
2 1 901 1630 2341 AND
2 1 2340 2341 2342 AND
2 1 2280 2342 2343 AND
2 1 426 985 2344 AND
2 1 1216 2344 2345 AND
2 1 2343 2345 2346 AND
2 1 121 289 2347 AND
2 1 679 2347 2348 AND
2 1 2346 2348 2349 AND
2 1 195 850 2350 AND
2 1 2349 2350 2351 AND
2 1 2254 2351 2352 AND
2 1 120 896 2389 AND
2 1 2388 2389 2390 AND
2 1 83 106 2385 AND
2 1 187 383 2386 AND
2 1 2385 2386 2391 AND
2 1 2390 2391 2392 AND
2 1 601 1066 2380 AND
2 1 169 1167 2381 AND
2 1 2380 2381 2382 AND
2 1 434 556 2383 AND
2 1 2382 2383 2384 AND
2 1 1095 2384 2393 AND
2 1 2392 2393 2394 AND
2 1 111 235 2372 AND
2 1 1288 2372 2373 AND
2 1 109 603 2374 AND
2 1 789 2374 2375 AND
2 1 2373 2375 2376 AND
2 1 204 336 2377 AND
2 1 553 2377 2378 AND
2 1 2376 2378 2379 AND
2 1 200 1211 2395 AND
2 1 2379 2395 2396 AND
2 1 2394 2396 2397 AND
2 1 94 206 2398 AND
2 1 248 2398 2399 AND
2 1 2397 2399 2400 AND
2 1 413 2400 2401 AND
2 1 252 393 2402 AND
2 1 2401 2402 2403 AND
2 1 265 676 2404 AND
2 1 755 2404 2405 AND
2 1 389 621 2406 AND
2 1 2405 2406 2407 AND
2 1 754 2371 2408 AND
2 1 2407 2408 2409 AND
2 1 2403 2409 2410 AND
2 1 568 629 2411 AND
2 1 2003 2411 2412 AND
2 1 2410 2412 2413 AND
2 1 63 415 2369 AND
2 1 363 1630 2414 AND
2 1 2369 2414 2415 AND
2 1 2413 2415 2416 AND
2 1 1344 1843 2354 AND
2 1 2353 2354 2355 AND
2 1 326 2355 2356 AND
2 1 87 1072 2357 AND
2 1 1725 2357 2358 AND
2 1 2356 2358 2359 AND
2 1 82 381 2360 AND
2 1 475 2360 2361 AND
2 1 2359 2361 2362 AND
2 1 254 501 2363 AND
2 1 741 2363 2364 AND
2 1 2362 2364 2365 AND
2 1 164 236 2366 AND
2 1 1091 2366 2367 AND
2 1 2365 2367 2368 AND
2 1 677 2031 2417 AND
2 1 2368 2417 2418 AND
2 1 2416 2418 2419 AND
2 1 121 197 2420 AND
2 1 425 2420 2421 AND
2 1 2419 2421 2422 AND
2 1 302 496 2423 AND
2 1 587 2423 2424 AND
2 1 2422 2424 2425 AND
2 1 630 2425 2426 AND
2 1 2351 2426 2427 AND
2 1 329 1168 2450 AND
2 1 264 2450 2451 AND
2 1 454 478 2447 AND
2 1 338 567 2448 AND
2 1 2447 2448 2449 AND
2 1 585 1878 2452 AND
2 1 2449 2452 2453 AND
2 1 2451 2453 2454 AND
2 1 849 860 2455 AND
2 1 1036 2455 2456 AND
2 1 2454 2456 2457 AND
2 1 75 85 2458 AND
2 1 773 2458 2459 AND
2 1 2457 2459 2460 AND
2 1 735 974 2461 AND
2 1 2460 2461 2462 AND
2 1 424 558 2463 AND
2 1 170 207 2464 AND
2 1 2463 2464 2465 AND
2 1 125 621 2466 AND
2 1 636 2466 2467 AND
2 1 2465 2467 2468 AND
2 1 196 677 2475 AND
2 1 246 2475 2476 AND
2 1 195 2476 2477 AND
2 1 2469 2474 2478 AND
2 1 2477 2478 2479 AND
2 1 315 2479 2480 AND
2 1 2468 2480 2481 AND
2 1 2462 2481 2482 AND
2 1 2401 2482 2483 AND
2 1 954 2432 2433 AND
2 1 330 653 2430 AND
2 1 2311 2430 2434 AND
2 1 2433 2434 2435 AND
2 1 863 2435 2436 AND
2 1 269 415 2429 AND
2 1 157 2428 2437 AND
2 1 2429 2437 2438 AND
2 1 2436 2438 2439 AND
2 1 247 254 2440 AND
2 1 360 2440 2441 AND
2 1 2439 2441 2442 AND
2 1 122 489 2443 AND
2 1 619 2443 2444 AND
2 1 2442 2444 2445 AND
2 1 131 394 2446 AND
2 1 684 2446 2484 AND
2 1 2445 2484 2485 AND
2 1 2483 2485 2486 AND
2 1 153 203 2487 AND
2 1 381 2487 2488 AND
2 1 2486 2488 2489 AND
2 1 190 402 2490 AND
2 1 527 2490 2491 AND
2 1 2489 2491 2492 AND
2 1 257 259 2493 AND
2 1 755 2493 2494 AND
2 1 2492 2494 2495 AND
2 1 2426 2495 2496 AND
2 1 206 469 2507 AND
2 1 121 2507 2508 AND
2 1 2389 2508 2509 AND
2 1 362 558 2506 AND
2 1 219 2133 2510 AND
2 1 2506 2510 2511 AND
2 1 2509 2511 2512 AND
2 1 251 270 2513 AND
2 1 583 2513 2514 AND
2 1 2512 2514 2515 AND
2 1 195 335 2516 AND
2 1 2515 2516 2517 AND
2 1 602 2518 2519 AND
2 1 953 1843 2520 AND
2 1 2519 2520 2521 AND
2 1 2517 2521 2522 AND
2 1 808 2522 2523 AND
2 1 1166 2523 2524 AND
2 1 212 291 2497 AND
2 1 55 237 2498 AND
2 1 2497 2498 2499 AND
2 1 94 925 2500 AND
2 1 588 2500 2501 AND
2 1 2499 2501 2502 AND
2 1 59 189 2503 AND
2 1 216 2503 2504 AND
2 1 2502 2504 2505 AND
2 1 1343 1353 2525 AND
2 1 2505 2525 2526 AND
2 1 2524 2526 2527 AND
2 1 298 361 2528 AND
2 1 716 2528 2529 AND
2 1 2527 2529 2530 AND
2 1 71 533 2531 AND
2 1 680 2531 2532 AND
2 1 2530 2532 2533 AND
2 1 2495 2533 2534 AND
2 1 837 1144 2556 AND
2 1 204 209 2554 AND
2 1 59 1167 2558 AND
2 1 2554 2558 2559 AND
2 1 2556 2559 2560 AND
2 1 941 1803 2561 AND
2 1 2312 2561 2562 AND
2 1 2560 2562 2563 AND
2 1 79 399 2564 AND
2 1 478 2564 2565 AND
2 1 2563 2565 2566 AND
2 1 45 189 2567 AND
2 1 496 2567 2568 AND
2 1 2566 2568 2569 AND
2 1 425 468 2572 AND
2 1 1764 2572 2573 AND
2 1 133 501 2570 AND
2 1 489 2570 2571 AND
2 1 559 754 2574 AND
2 1 2571 2574 2575 AND
2 1 2573 2575 2576 AND
2 1 362 432 2546 AND
2 1 2053 2546 2547 AND
2 1 139 187 2548 AND
2 1 811 2548 2549 AND
2 1 2547 2549 2550 AND
2 1 304 532 2551 AND
2 1 1091 2551 2552 AND
2 1 2550 2552 2553 AND
2 1 1566 2553 2577 AND
2 1 2576 2577 2578 AND
2 1 2569 2578 2579 AND
2 1 328 2544 2580 AND
2 1 2545 2580 2581 AND
2 1 2579 2581 2582 AND
2 1 82 132 2583 AND
2 1 316 2583 2584 AND
2 1 2582 2584 2585 AND
2 1 388 637 2586 AND
2 1 2585 2586 2587 AND
2 1 141 165 2598 AND
2 1 216 2598 2599 AND
2 1 170 322 2600 AND
2 1 2599 2600 2601 AND
2 1 1702 1792 2602 AND
2 1 1542 2602 2603 AND
2 1 2601 2603 2604 AND
2 1 775 2597 2605 AND
2 1 2604 2605 2606 AND
2 1 1383 2606 2607 AND
2 1 361 897 2608 AND
2 1 2446 2608 2609 AND
2 1 2607 2609 2610 AND
2 1 66 201 2611 AND
2 1 526 2611 2612 AND
2 1 2610 2612 2613 AND
2 1 246 2615 2616 AND
2 1 491 2616 2617 AND
2 1 384 566 2618 AND
2 1 137 457 2619 AND
2 1 2618 2619 2620 AND
2 1 2617 2620 2621 AND
2 1 94 475 2588 AND
2 1 580 2588 2589 AND
2 1 158 522 2590 AND
2 1 678 2590 2591 AND
2 1 206 2334 2592 AND
2 1 2591 2592 2593 AND
2 1 2589 2593 2594 AND
2 1 321 676 2595 AND
2 1 2594 2595 2596 AND
2 1 619 2596 2622 AND
2 1 2621 2622 2623 AND
2 1 2613 2623 2624 AND
2 1 391 581 2536 AND
2 1 218 767 2537 AND
2 1 2536 2537 2538 AND
2 1 155 192 2539 AND
2 1 247 2539 2540 AND
2 1 2538 2540 2541 AND
2 1 330 453 2542 AND
2 1 2541 2542 2543 AND
2 1 2535 2543 2625 AND
2 1 2624 2625 2626 AND
2 1 2587 2626 2627 AND
2 1 123 684 2628 AND
2 1 943 2628 2629 AND
2 1 2627 2629 2630 AND
2 1 433 482 2631 AND
2 1 1036 2631 2632 AND
2 1 2630 2632 2633 AND
2 1 241 528 2634 AND
2 1 944 2634 2635 AND
2 1 2633 2635 2636 AND
2 1 152 195 2637 AND
2 1 335 2637 2638 AND
2 1 2636 2638 2639 AND
2 1 2533 2639 2640 AND
2 1 619 2613 2614 AND
2 1 270 417 2681 AND
2 1 1746 2681 2682 AND
2 1 213 2682 2683 AND
2 1 219 527 2684 AND
2 1 50 2684 2685 AND
2 1 2193 2685 2686 AND
2 1 2266 2686 2687 AND
2 1 2683 2687 2688 AND
2 1 139 259 2669 AND
2 1 1599 2669 2670 AND
2 1 565 839 2668 AND
2 1 2469 2668 2671 AND
2 1 2670 2671 2672 AND
2 1 82 459 2673 AND
2 1 975 2673 2674 AND
2 1 2672 2674 2675 AND
2 1 358 364 2676 AND
2 1 741 2676 2677 AND
2 1 2675 2677 2678 AND
2 1 234 850 2679 AND
2 1 2678 2679 2680 AND
2 1 2667 2680 2689 AND
2 1 2688 2689 2690 AND
2 1 2614 2690 2691 AND
2 1 567 1167 2644 AND
2 1 92 2644 2645 AND
2 1 1085 2645 2646 AND
2 1 495 2646 2647 AND
2 1 186 251 2648 AND
2 1 79 2648 2649 AND
2 1 2096 2353 2650 AND
2 1 2649 2650 2651 AND
2 1 1351 2651 2652 AND
2 1 2647 2652 2653 AND
2 1 943 1146 2654 AND
2 1 2288 2654 2655 AND
2 1 2653 2655 2656 AND
2 1 133 360 2657 AND
2 1 2545 2657 2658 AND
2 1 2656 2658 2659 AND
2 1 59 847 2660 AND
2 1 1068 2660 2661 AND
2 1 2659 2661 2662 AND
2 1 1147 2662 2692 AND
2 1 2663 2692 2693 AND
2 1 2691 2693 2694 AND
2 1 319 468 2641 AND
2 1 204 268 2642 AND
2 1 2641 2642 2643 AND
2 1 583 901 2695 AND
2 1 2643 2695 2696 AND
2 1 2694 2696 2697 AND
2 1 164 603 2698 AND
2 1 974 2698 2699 AND
2 1 2697 2699 2700 AND
2 1 319 839 2704 AND
2 1 768 2704 2705 AND
2 1 2702 2703 2706 AND
2 1 2705 2706 2707 AND
2 1 99 773 2708 AND
2 1 1092 2708 2709 AND
2 1 2707 2709 2710 AND
2 1 187 402 2711 AND
2 1 679 2711 2712 AND
2 1 2710 2712 2713 AND
2 1 216 2713 2714 AND
2 1 364 484 2716 AND
2 1 2506 2715 2717 AND
2 1 2716 2717 2718 AND
2 1 2407 2718 2719 AND
2 1 116 581 2720 AND
2 1 82 2720 2721 AND
2 1 1278 2721 2722 AND
2 1 458 2722 2723 AND
2 1 2719 2723 2724 AND
2 1 1217 2701 2725 AND
2 1 2724 2725 2726 AND
2 1 2714 2726 2727 AND
2 1 218 471 2728 AND
2 1 2615 2728 2729 AND
2 1 2727 2729 2730 AND
2 1 263 292 2731 AND
2 1 532 2731 2732 AND
2 1 2730 2732 2733 AND
2 1 207 495 2734 AND
2 1 2733 2734 2735 AND
2 1 209 456 2747 AND
2 1 382 2747 2748 AND
2 1 596 2748 2749 AND
2 1 168 2749 2750 AND
2 1 710 975 2736 AND
2 1 269 366 2737 AND
2 1 2736 2737 2738 AND
2 1 335 636 2739 AND
2 1 789 2739 2740 AND
2 1 2738 2740 2741 AND
2 1 2741 2746 2751 AND
2 1 2750 2751 2752 AND
2 1 479 1201 2753 AND
2 1 1957 2753 2754 AND
2 1 2752 2754 2755 AND
2 1 380 598 2756 AND
2 1 678 2756 2757 AND
2 1 2755 2757 2758 AND
2 1 357 453 2759 AND
2 1 2758 2759 2760 AND
2 1 989 1566 2761 AND
2 1 618 1390 2762 AND
2 1 2761 2762 2763 AND
2 1 111 473 2764 AND
2 1 1036 2764 2765 AND
2 1 2763 2765 2766 AND
2 1 91 94 2767 AND
2 1 489 2767 2768 AND
2 1 2766 2768 2769 AND
2 1 619 2769 2770 AND
2 1 128 241 2774 AND
2 1 2036 2774 2775 AND
2 1 257 336 2773 AND
2 1 1792 2773 2776 AND
2 1 2775 2776 2777 AND
2 1 158 850 2772 AND
2 1 96 289 2771 AND
2 1 1672 2771 2778 AND
2 1 2772 2778 2779 AND
2 1 2777 2779 2780 AND
2 1 2770 2780 2781 AND
2 1 2760 2781 2782 AND
2 1 753 1541 2783 AND
2 1 2782 2783 2784 AND
2 1 2735 2784 2785 AND
2 1 385 497 2786 AND
2 1 1880 2786 2787 AND
2 1 2785 2787 2788 AND
2 1 110 248 2789 AND
2 1 2239 2789 2790 AND
2 1 2788 2790 2791 AND
2 1 238 295 2792 AND
2 1 2791 2792 2793 AND
2 1 2639 2793 2794 AND
2 1 2700 2794 2795 AND
2 1 2639 2533 2796 XOR
2 1 2795 2796 2797 AND
2 1 2640 2797 2798 AND
2 1 2533 2495 2799 XOR
2 1 2798 2799 2800 AND
2 1 2534 2800 2801 AND
2 1 2495 2426 2802 XOR
2 1 2801 2802 2803 AND
2 1 2496 2803 2804 AND
2 1 2426 2351 2805 XOR
2 1 2804 2805 2806 AND
2 1 2427 2806 2807 AND
2 1 2351 2254 2808 XOR
2 1 2807 2808 2809 AND
2 1 2352 2809 2810 AND
2 1 2254 2152 2811 XOR
2 1 2810 2811 2812 AND
2 1 2255 2812 2813 AND
2 1 2152 2115 2814 XOR
2 1 2813 2814 2815 AND
2 1 2153 2815 2816 AND
2 1 2115 2020 2817 XOR
2 1 2816 2817 2818 AND
2 1 2116 2818 2819 AND
2 1 2020 1955 2820 XOR
2 1 2819 2820 2821 AND
2 1 2021 2821 2822 AND
2 1 1955 1876 2823 XOR
2 1 2822 2823 2824 AND
2 1 1956 2824 2825 AND
2 1 1876 1841 2826 XOR
2 1 2825 2826 2827 AND
2 1 1877 2827 2828 AND
2 1 1841 1743 2829 XOR
2 1 2828 2829 2830 AND
2 1 1842 2830 2831 AND
2 1 1743 1628 2832 XOR
2 1 2831 2832 2833 AND
2 1 1744 2833 2834 AND
2 1 1628 1536 2835 XOR
2 1 2834 2835 2836 AND
2 1 1629 2836 2837 AND
2 1 1536 1436 2838 XOR
2 1 2837 2838 2839 AND
2 1 1537 2839 2840 AND
2 1 1436 1328 2841 XOR
2 1 2840 2841 2842 AND
2 1 1437 2842 2843 AND
2 1 1328 1199 2844 XOR
2 1 2843 2844 2845 AND
2 1 1329 2845 2846 AND
2 1 1199 1142 2847 XOR
2 1 2846 2847 2848 AND
2 1 1200 2848 2849 AND
2 1 1142 1024 2850 XOR
2 1 2849 2850 2851 AND
2 1 1143 2851 2852 AND
2 1 1024 922 2853 XOR
2 1 2852 2853 2854 AND
2 1 1025 2854 2855 AND
2 1 922 831 2856 XOR
2 1 2855 2856 2857 AND
2 1 923 2857 2858 AND
2 1 831 674 2859 XOR
2 1 2858 2859 2860 AND
2 1 832 2860 2861 AND
2 1 674 551 2862 XOR
2 1 2861 2862 2863 AND
2 1 675 2863 2864 AND
2 1 551 356 2865 XOR
2 1 2864 2865 2866 AND
2 1 552 2866 2867 AND
2 1 2951 356 2953 XOR
2 1 2867 2953 2954 AND
2 1 2952 2954 3531 AND
2 1 3458 2951 3532 XOR
2 1 3531 3532 3533 AND
2 1 3530 3533 3534 AND
2 1 3376 3458 3715 AND
2 1 3524 3715 3716 AND
2 1 3534 3716 3717 AND
2 1 3714 3717 3718 AND
2 1 3376 3860 3951 AND
2 1 3707 3951 3952 AND
2 1 3718 3952 3953 AND
2 1 3950 3953 3954 AND
2 1 3940 3860 3955 XOR
2 1 3954 3955 3956 AND
2 1 3946 3956 3957 AND
2 1 3940 3778 3959 XOR
2 1 3957 3959 3960 AND
2 1 3778 3960 4371 AND
2 1 4368 4371 4372 AND
2 1 39 4372 10722 AND
2 1 31 53 2959 AND
2 1 2959 4368 10723 AND
2 1 10722 10723 10724 AND
2 1 10720 10700 10725 XOR
2 1 10724 10725 10726 AND
2 1 10721 10726 10727 AND
2 1 10707 10700 10728 XOR
2 1 10727 10728 10729 AND
2 1 10728 10727 10730 XOR
2 1 10725 10724 10731 XOR
2 1 189 680 4782 AND
2 1 108 849 10778 AND
2 1 4782 10778 10779 AND
2 1 3826 10779 10780 AND
2 1 1389 1704 10781 AND
2 1 1213 10781 10782 AND
2 1 3843 10712 10783 AND
2 1 10782 10783 10784 AND
2 1 10780 10784 10785 AND
2 1 1010 3904 10786 AND
2 1 10689 10786 10787 AND
2 1 10785 10787 10788 AND
2 1 257 489 10789 AND
2 1 531 10789 10790 AND
2 1 10788 10790 10791 AND
2 1 29 10791 10792 AND
2 1 494 2703 10743 AND
2 1 3489 10743 10744 AND
2 1 113 196 10745 AND
2 1 253 10745 10746 AND
2 1 10744 10746 10747 AND
2 1 190 454 10748 AND
2 1 460 10748 10749 AND
2 1 10747 10749 10750 AND
2 1 50 121 10751 AND
2 1 587 10751 10752 AND
2 1 10750 10752 10753 AND
2 1 735 10753 10754 AND
2 1 122 129 10755 AND
2 1 131 10755 10756 AND
2 1 10754 10756 10757 AND
2 1 1127 2506 10758 AND
2 1 1699 10758 10759 AND
2 1 10757 10759 10760 AND
2 1 262 789 4801 AND
2 1 94 457 4802 AND
2 1 4801 4802 4803 AND
2 1 247 1270 10732 AND
2 1 213 10732 10733 AND
2 1 360 394 4086 AND
2 1 364 1167 10127 AND
2 1 4086 10127 10734 AND
2 1 10733 10734 10735 AND
2 1 269 367 10736 AND
2 1 1879 10736 10737 AND
2 1 10735 10737 10738 AND
2 1 89 210 10739 AND
2 1 483 10739 10740 AND
2 1 10738 10740 10741 AND
2 1 257 10741 10742 AND
2 1 4803 10742 10761 AND
2 1 10760 10761 10762 AND
2 1 1166 10762 10763 AND
2 1 694 1330 10764 AND
2 1 2599 10764 10765 AND
2 1 10763 10765 10766 AND
2 1 942 1216 10767 AND
2 1 2428 10767 10768 AND
2 1 10766 10768 10769 AND
2 1 87 248 10770 AND
2 1 811 10770 10771 AND
2 1 10769 10771 10772 AND
2 1 238 256 10773 AND
2 1 331 10773 10774 AND
2 1 10772 10774 10775 AND
2 1 489 636 10776 AND
2 1 10775 10776 10777 AND
2 1 29 10791 10793 AND
2 1 10777 10793 10794 AND
2 1 10792 10794 10795 AND
2 1 10700 10795 10796 AND
2 1 4368 3778 4370 XOR
2 1 3778 3940 3958 AND
2 1 3958 3960 4369 AND
2 1 4369 3778 4428 XOR
2 1 4370 4428 4429 AND
2 1 39 4429 10797 AND
2 1 2959 3778 10798 AND
2 1 31 30 2961 XOR
2 1 38 2961 2962 AND
2 1 2962 4368 10799 AND
2 1 10798 10799 10800 AND
2 1 10797 10800 10801 AND
2 1 10795 10700 10802 XOR
2 1 10801 10802 10803 AND
2 1 10796 10803 10804 AND
2 1 10731 10804 10805 AND
2 1 10804 10731 10806 XOR
2 1 10802 10801 10807 XOR
2 1 10791 29 10808 XOR
2 1 10808 10777 10809 XOR
2 1 167 755 3018 AND
2 1 496 3018 3019 AND
2 1 200 1091 4087 AND
2 1 839 4087 4088 AND
2 1 3019 4088 4089 AND
2 1 4086 4089 4090 AND
2 1 2095 2264 4091 AND
2 1 4090 4091 4092 AND
2 1 363 769 4093 AND
2 1 4092 4093 4094 AND
2 1 2165 4094 4095 AND
2 1 100 191 4096 AND
2 1 849 4096 4097 AND
2 1 4095 4097 4098 AND
2 1 153 631 4099 AND
2 1 1066 4099 4100 AND
2 1 4098 4100 4101 AND
2 1 676 4101 4102 AND
2 1 359 416 3229 AND
2 1 453 3229 3230 AND
2 1 1102 3230 10810 AND
2 1 252 435 10811 AND
2 1 739 10811 10812 AND
2 1 10810 10812 10813 AND
2 1 716 1004 10814 AND
2 1 1689 10814 10815 AND
2 1 10813 10815 10816 AND
2 1 318 366 10817 AND
2 1 469 10817 10818 AND
2 1 10816 10818 10819 AND
2 1 296 430 10820 AND
2 1 925 10820 10821 AND
2 1 10819 10821 10822 AND
2 1 59 10822 10823 AND
2 1 109 128 6108 AND
2 1 500 6108 6109 AND
2 1 585 3379 10824 AND
2 1 790 821 10825 AND
2 1 10824 10825 10826 AND
2 1 292 331 10827 AND
2 1 381 10827 10828 AND
2 1 10826 10828 10829 AND
2 1 55 96 10830 AND
2 1 164 10830 10831 AND
2 1 10829 10831 10832 AND
2 1 619 10832 10833 AND
2 1 415 896 5366 AND
2 1 327 5366 5367 AND
2 1 3049 5367 10834 AND
2 1 458 588 10835 AND
2 1 10834 10835 10836 AND
2 1 2926 10836 10837 AND
2 1 10833 10837 10838 AND
2 1 6109 10838 10839 AND
2 1 10823 10839 10840 AND
2 1 1218 1495 10841 AND
2 1 10840 10841 10842 AND
2 1 4102 10842 10843 AND
2 1 188 532 10844 AND
2 1 679 10844 10845 AND
2 1 10843 10845 10846 AND
2 1 417 456 10847 AND
2 1 468 10847 10848 AND
2 1 10846 10848 10849 AND
2 1 134 10849 10850 AND
2 1 10777 10850 10851 AND
2 1 1390 1607 5600 AND
2 1 601 5601 5602 AND
2 1 5600 5602 5603 AND
2 1 94 269 5604 AND
2 1 974 5604 5605 AND
2 1 5603 5605 5606 AND
2 1 110 677 10859 AND
2 1 91 10859 10860 AND
2 1 259 359 5607 AND
2 1 655 5607 10861 AND
2 1 10860 10861 10862 AND
2 1 1256 3463 10863 AND
2 1 10862 10863 10864 AND
2 1 5606 10864 10865 AND
2 1 249 1330 10866 AND
2 1 1789 10866 10867 AND
2 1 10865 10867 10868 AND
2 1 200 1066 10869 AND
2 1 1270 10869 10870 AND
2 1 10868 10870 10871 AND
2 1 156 251 10872 AND
2 1 454 10872 10873 AND
2 1 10871 10873 10874 AND
2 1 210 630 10875 AND
2 1 10874 10875 10876 AND
2 1 254 416 10140 AND
2 1 2309 10140 10141 AND
2 1 270 10141 10142 AND
2 1 169 239 4564 AND
2 1 213 925 4565 AND
2 1 4564 4565 4566 AND
2 1 382 1790 10852 AND
2 1 4566 10852 10853 AND
2 1 10142 10853 10854 AND
2 1 108 289 10855 AND
2 1 316 10855 10856 AND
2 1 10854 10856 10857 AND
2 1 413 10857 10858 AND
2 1 89 330 10877 AND
2 1 554 10877 10878 AND
2 1 392 10878 10879 AND
2 1 66 257 4235 AND
2 1 75 567 5626 AND
2 1 4235 5626 5627 AND
2 1 96 127 3555 AND
2 1 1521 3555 10880 AND
2 1 5627 10880 10881 AND
2 1 10879 10881 10882 AND
2 1 10858 10882 10883 AND
2 1 10876 10883 10884 AND
2 1 2735 10884 10885 AND
2 1 1294 2053 10886 AND
2 1 2369 10886 10887 AND
2 1 10885 10887 10888 AND
2 1 120 196 10889 AND
2 1 243 10889 10890 AND
2 1 10888 10890 10891 AND
2 1 109 129 10892 AND
2 1 291 10892 10893 AND
2 1 10891 10893 10894 AND
2 1 26 10894 10895 AND
2 1 328 394 5354 AND
2 1 91 5354 5355 AND
2 1 245 292 5356 AND
2 1 167 5356 5357 AND
2 1 5355 5357 5358 AND
2 1 132 206 5359 AND
2 1 848 5359 5360 AND
2 1 5358 5360 5361 AND
2 1 50 251 5362 AND
2 1 925 5362 5363 AND
2 1 5361 5363 5364 AND
2 1 122 5364 5365 AND
2 1 100 239 5368 AND
2 1 475 5368 5369 AND
2 1 5367 5369 5370 AND
2 1 192 5370 5371 AND
2 1 115 566 5372 AND
2 1 153 5372 5373 AND
2 1 5371 5373 5374 AND
2 1 191 1201 5375 AND
2 1 5374 5375 5376 AND
2 1 5365 5376 5377 AND
2 1 64 584 5378 AND
2 1 2720 5378 5379 AND
2 1 5377 5379 5380 AND
2 1 85 470 5381 AND
2 1 491 5381 5382 AND
2 1 5380 5382 5383 AND
2 1 108 457 5384 AND
2 1 1091 5384 5385 AND
2 1 5383 5385 5386 AND
2 1 431 1574 5568 AND
2 1 381 384 5569 AND
2 1 1026 5569 5570 AND
2 1 5568 5570 5571 AND
2 1 156 364 5572 AND
2 1 380 5572 5573 AND
2 1 5571 5573 5574 AND
2 1 389 527 5575 AND
2 1 678 5575 5576 AND
2 1 5574 5576 5577 AND
2 1 207 5577 5578 AND
2 1 196 357 10377 AND
2 1 165 10377 10378 AND
2 1 1843 2324 10379 AND
2 1 10378 10379 10380 AND
2 1 5578 10380 10381 AND
2 1 5386 10381 10382 AND
2 1 1513 2469 10383 AND
2 1 10382 10383 10384 AND
2 1 133 158 10370 AND
2 1 767 1065 10371 AND
2 1 10370 10371 10372 AND
2 1 358 383 10373 AND
2 1 621 10373 10374 AND
2 1 10372 10374 10375 AND
2 1 125 10375 10376 AND
2 1 1541 2535 10385 AND
2 1 10376 10385 10386 AND
2 1 10384 10386 10387 AND
2 1 299 331 4555 AND
2 1 2103 4555 10388 AND
2 1 10387 10388 10389 AND
2 1 80 118 10390 AND
2 1 679 10390 10391 AND
2 1 10389 10391 10392 AND
2 1 66 234 10393 AND
2 1 241 10393 10394 AND
2 1 10392 10394 10395 AND
2 1 26 10894 10896 AND
2 1 10395 10896 10897 AND
2 1 10895 10897 10898 AND
2 1 10850 10898 10899 AND
2 1 3955 3954 4335 XOR
2 1 39 4335 10900 AND
2 1 2962 3860 10903 AND
2 1 31 38 2957 AND
2 1 2957 3940 10901 AND
2 1 2959 3707 10902 AND
2 1 10901 10902 10904 AND
2 1 10903 10904 10905 AND
2 1 10900 10905 10906 AND
2 1 10898 10850 10907 XOR
2 1 10906 10907 10908 AND
2 1 10899 10908 10909 AND
2 1 10850 10777 10910 XOR
2 1 10909 10910 10911 AND
2 1 10851 10911 10912 AND
2 1 10809 10912 10913 AND
2 1 4370 4369 4504 XOR
2 1 39 4504 10914 AND
2 1 2959 3940 10916 AND
2 1 2957 4368 10915 AND
2 1 2962 3778 10917 AND
2 1 10915 10917 10918 AND
2 1 10916 10918 10919 AND
2 1 10914 10919 10920 AND
2 1 10912 10809 10921 XOR
2 1 10920 10921 10922 AND
2 1 10913 10922 10923 AND
2 1 10807 10923 10924 AND
2 1 10923 10807 10925 XOR
2 1 28 27 3459 XOR
2 1 3286 3287 3460 AND
2 1 3459 3460 3461 AND
2 1 3461 4368 10926 AND
2 1 3286 3287 3288 AND
2 1 3288 4372 10927 AND
2 1 10926 10927 10928 AND
2 1 10928 29 10929 XOR
2 1 3959 3957 3961 XOR
2 1 39 3961 10930 AND
2 1 2959 3860 10932 AND
2 1 2957 3778 10931 AND
2 1 2962 3940 10933 AND
2 1 10931 10933 10934 AND
2 1 10932 10934 10935 AND
2 1 10930 10935 10936 AND
2 1 10929 10936 10937 AND
2 1 10936 10929 10938 XOR
2 1 10910 10909 10939 XOR
2 1 10938 10939 10940 AND
2 1 10937 10940 10941 AND
2 1 10921 10920 10942 XOR
2 1 10941 10942 11004 AND
2 1 10925 11004 11005 AND
2 1 10941 10942 10943 AND
2 1 10907 10906 10944 XOR
2 1 298 399 10478 AND
2 1 216 10478 10479 AND
2 1 3728 5607 10480 AND
2 1 10479 10480 10481 AND
2 1 10477 10481 10482 AND
2 1 123 1443 10483 AND
2 1 10445 10483 10484 AND
2 1 10482 10484 10485 AND
2 1 248 534 10486 AND
2 1 1630 10486 10487 AND
2 1 10485 10487 10488 AND
2 1 155 416 10489 AND
2 1 438 10489 10490 AND
2 1 10488 10490 10491 AND
2 1 10395 10491 10492 AND
2 1 3707 3376 3720 XOR
2 1 3720 3718 3722 XOR
2 1 39 3722 10427 AND
2 1 2957 3707 10428 AND
2 1 2959 3524 10429 AND
2 1 2962 3376 10430 AND
2 1 10429 10430 10431 AND
2 1 10428 10431 10432 AND
2 1 10427 10432 10433 AND
2 1 10491 10395 10493 XOR
2 1 10433 10493 10494 AND
2 1 10492 10494 10495 AND
2 1 10894 26 10945 XOR
2 1 10945 10395 10946 XOR
2 1 10495 10946 10947 AND
2 1 3860 3707 3948 XOR
2 1 3376 3707 3719 AND
2 1 3718 3720 3721 AND
2 1 3719 3721 3947 AND
2 1 3948 3947 4393 XOR
2 1 39 4393 10948 AND
2 1 2957 3860 10949 AND
2 1 2959 3376 10950 AND
2 1 2962 3707 10951 AND
2 1 10950 10951 10952 AND
2 1 10949 10952 10953 AND
2 1 10948 10953 10954 AND
2 1 10946 10495 10955 XOR
2 1 10954 10955 10956 AND
2 1 10947 10956 10957 AND
2 1 10944 10957 10958 AND
2 1 10957 10944 10959 XOR
2 1 3461 3778 10960 AND
2 1 3287 3459 3525 AND
2 1 3525 4368 10961 AND
2 1 10960 10961 10962 AND
2 1 3288 4429 10963 AND
2 1 10962 10963 10964 AND
2 1 10964 29 10965 XOR
2 1 10959 10965 10966 AND
2 1 10958 10966 10967 AND
2 1 10939 10938 10968 XOR
2 1 10967 10968 10969 AND
2 1 3461 3940 10976 AND
2 1 3377 4368 10975 AND
2 1 3525 3778 10977 AND
2 1 10975 10977 10978 AND
2 1 10976 10978 10979 AND
2 1 3288 4504 10980 AND
2 1 10979 10980 10981 AND
2 1 10981 29 10982 XOR
2 1 10955 10954 10972 XOR
2 1 10493 10433 10496 XOR
2 1 1372 1422 3562 AND
2 1 137 190 3182 AND
2 1 362 3182 3563 AND
2 1 3392 3563 3564 AND
2 1 3562 3564 3565 AND
2 1 135 196 3566 AND
2 1 263 3566 3567 AND
2 1 3565 3567 3568 AND
2 1 321 332 3569 AND
2 1 338 3569 3570 AND
2 1 3568 3570 3571 AND
2 1 59 597 3572 AND
2 1 3571 3572 3573 AND
2 1 166 3555 3556 AND
2 1 139 317 3557 AND
2 1 521 3557 3558 AND
2 1 3556 3558 3559 AND
2 1 207 533 3560 AND
2 1 3559 3560 3561 AND
2 1 473 475 3547 AND
2 1 3160 3547 3548 AND
2 1 113 620 3549 AND
2 1 1026 3549 3550 AND
2 1 3548 3550 3551 AND
2 1 45 209 3552 AND
2 1 331 3552 3553 AND
2 1 3551 3553 3554 AND
2 1 2543 3554 3574 AND
2 1 3561 3574 3575 AND
2 1 3573 3575 3576 AND
2 1 583 1495 3546 AND
2 1 100 205 3577 AND
2 1 3546 3577 3578 AND
2 1 3576 3578 3579 AND
2 1 238 389 3580 AND
2 1 430 3580 3581 AND
2 1 3579 3581 3582 AND
2 1 302 386 3583 AND
2 1 619 3583 3584 AND
2 1 3582 3584 3585 AND
2 1 457 974 3596 AND
2 1 1344 3596 3597 AND
2 1 2389 3597 3598 AND
2 1 687 3598 3599 AND
2 1 193 1036 3586 AND
2 1 239 425 3587 AND
2 1 3586 3587 3588 AND
2 1 216 380 3589 AND
2 1 1167 3589 3590 AND
2 1 3588 3590 3591 AND
2 1 468 605 3592 AND
2 1 236 270 3593 AND
2 1 3592 3593 3594 AND
2 1 186 3594 3595 AND
2 1 3591 3595 3600 AND
2 1 3599 3600 3601 AND
2 1 1287 3601 3602 AND
2 1 1010 1878 3603 AND
2 1 3602 3603 3604 AND
2 1 3585 3604 3605 AND
2 1 133 811 3606 AND
2 1 1330 3606 3607 AND
2 1 3605 3607 3608 AND
2 1 82 115 3609 AND
2 1 170 3609 3610 AND
2 1 3608 3610 3611 AND
2 1 416 3611 3612 AND
2 1 497 1035 10135 AND
2 1 111 158 10136 AND
2 1 167 10136 10137 AND
2 1 10135 10137 10138 AND
2 1 367 10138 10139 AND
2 1 1607 10142 10143 AND
2 1 10139 10143 10144 AND
2 1 775 2900 10145 AND
2 1 1460 10145 10146 AND
2 1 10144 10146 10147 AND
2 1 738 1217 10148 AND
2 1 1957 10148 10149 AND
2 1 10147 10149 10150 AND
2 1 240 811 10151 AND
2 1 849 10151 10152 AND
2 1 10150 10152 10153 AND
2 1 55 319 10154 AND
2 1 388 10154 10155 AND
2 1 10153 10155 10156 AND
2 1 45 415 10157 AND
2 1 10156 10157 10158 AND
2 1 106 265 10159 AND
2 1 528 597 10160 AND
2 1 10159 10160 10161 AND
2 1 217 686 10162 AND
2 1 1122 10162 10163 AND
2 1 10161 10163 10164 AND
2 1 139 417 4908 AND
2 1 413 4908 4909 AND
2 1 4909 5373 6158 AND
2 1 125 495 6071 AND
2 1 186 268 6072 AND
2 1 6071 6072 6073 AND
2 1 431 740 6159 AND
2 1 6073 6159 6160 AND
2 1 6158 6160 6161 AND
2 1 837 2701 6162 AND
2 1 1973 6162 6163 AND
2 1 6161 6163 6164 AND
2 1 680 1788 6165 AND
2 1 2036 6165 6166 AND
2 1 6164 6166 6167 AND
2 1 358 386 6168 AND
2 1 567 6168 6169 AND
2 1 6167 6169 6170 AND
2 1 847 6170 6171 AND
2 1 1514 10127 10128 AND
2 1 75 253 10129 AND
2 1 390 10129 10130 AND
2 1 10128 10130 10131 AND
2 1 235 434 10132 AND
2 1 896 10132 10133 AND
2 1 10131 10133 10134 AND
2 1 6171 10134 10165 AND
2 1 10164 10165 10166 AND
2 1 10158 10166 10167 AND
2 1 331 459 10118 AND
2 1 472 10118 10119 AND
2 1 169 10119 10120 AND
2 1 2546 10120 10121 AND
2 1 252 2239 10115 AND
2 1 87 195 10116 AND
2 1 10115 10116 10117 AND
2 1 135 2544 10122 AND
2 1 10117 10122 10123 AND
2 1 10121 10123 10124 AND
2 1 85 127 10125 AND
2 1 10124 10125 10126 AND
2 1 132 389 3097 AND
2 1 1270 3097 10168 AND
2 1 10126 10168 10169 AND
2 1 10167 10169 10170 AND
2 1 196 535 10171 AND
2 1 620 10171 10172 AND
2 1 10170 10172 10173 AND
2 1 83 321 10174 AND
2 1 335 10174 10175 AND
2 1 10173 10175 10176 AND
2 1 393 533 10177 AND
2 1 10176 10177 10178 AND
2 1 3612 10178 10179 AND
2 1 10178 3612 10180 XOR
2 1 23 10180 10181 AND
2 1 10179 10181 10182 AND
2 1 10182 10395 10396 AND
2 1 3524 3376 3538 XOR
2 1 3458 3524 3529 AND
2 1 3524 3458 3535 XOR
2 1 3534 3535 3536 AND
2 1 3529 3536 3537 AND
2 1 3538 3537 3539 XOR
2 1 39 3539 10363 AND
2 1 2959 3458 10365 AND
2 1 2957 3376 10364 AND
2 1 2962 3524 10366 AND
2 1 10364 10366 10367 AND
2 1 10365 10367 10368 AND
2 1 10363 10368 10369 AND
2 1 10395 10182 10397 XOR
2 1 10369 10397 10398 AND
2 1 10396 10398 10497 AND
2 1 10496 10497 10498 AND
2 1 10497 10496 10499 XOR
2 1 10397 10369 10399 XOR
2 1 3612 23 10183 XOR
2 1 10183 10178 10184 XOR
2 1 3535 3534 3972 XOR
2 1 39 3972 10188 AND
2 1 2951 2959 10187 AND
2 1 2957 3524 10185 AND
2 1 2962 3458 10186 AND
2 1 10185 10186 10189 AND
2 1 10187 10189 10190 AND
2 1 10188 10190 10191 AND
2 1 10184 10191 10192 AND
2 1 337 1402 3003 AND
2 1 537 3003 3004 AND
2 1 99 1210 3000 AND
2 1 2597 3000 3001 AND
2 1 526 3001 3002 AND
2 1 458 3002 3005 AND
2 1 3004 3005 3006 AND
2 1 895 3006 3007 AND
2 1 605 716 2992 AND
2 1 601 2992 2993 AND
2 1 240 361 2994 AND
2 1 454 2994 2995 AND
2 1 2993 2995 2996 AND
2 1 125 164 2997 AND
2 1 974 2997 2998 AND
2 1 2996 2998 2999 AND
2 1 2615 2999 3008 AND
2 1 3007 3008 3009 AND
2 1 2280 3009 3010 AND
2 1 239 256 2967 AND
2 1 321 2967 2968 AND
2 1 2722 2968 2969 AND
2 1 209 238 2970 AND
2 1 587 2970 2971 AND
2 1 2969 2971 2972 AND
2 1 453 2972 2973 AND
2 1 364 677 2978 AND
2 1 155 2978 2979 AND
2 1 152 620 2976 AND
2 1 154 491 2977 AND
2 1 2976 2977 2980 AND
2 1 2979 2980 2981 AND
2 1 1745 2974 2982 AND
2 1 2975 2982 2983 AND
2 1 2981 2983 2984 AND
2 1 249 2984 2985 AND
2 1 497 1105 2986 AND
2 1 2985 2986 2987 AND
2 1 2973 2987 2988 AND
2 1 473 527 2989 AND
2 1 631 2989 2990 AND
2 1 2988 2990 2991 AND
2 1 391 768 3011 AND
2 1 2991 3011 3012 AND
2 1 3010 3012 3013 AND
2 1 167 317 3014 AND
2 1 1066 3014 3015 AND
2 1 3013 3015 3016 AND
2 1 204 3016 3017 AND
2 1 3017 3612 3613 AND
2 1 365 474 3115 AND
2 1 75 167 3116 AND
2 1 157 3116 3117 AND
2 1 3115 3117 3118 AND
2 1 127 237 3119 AND
2 1 332 3119 3120 AND
2 1 3118 3120 3121 AND
2 1 189 201 3122 AND
2 1 259 3122 3123 AND
2 1 3121 3123 3124 AND
2 1 234 3124 3125 AND
2 1 471 975 3126 AND
2 1 240 294 3127 AND
2 1 116 3127 3128 AND
2 1 3126 3128 3129 AND
2 1 1387 3129 3130 AND
2 1 1519 3130 3131 AND
2 1 695 1789 3132 AND
2 1 3131 3132 3133 AND
2 1 3125 3133 3134 AND
2 1 291 478 3135 AND
2 1 1216 3135 3136 AND
2 1 3134 3136 3137 AND
2 1 63 106 3138 AND
2 1 3137 3138 3139 AND
2 1 186 438 3098 AND
2 1 3097 3098 3099 AND
2 1 2312 3099 3100 AND
2 1 676 974 3095 AND
2 1 711 3095 3096 AND
2 1 289 767 3094 AND
2 1 629 3094 3101 AND
2 1 3096 3101 3102 AND
2 1 3100 3102 3103 AND
2 1 1027 1103 3104 AND
2 1 2597 3104 3105 AND
2 1 3103 3105 3106 AND
2 1 840 2772 3090 AND
2 1 262 366 3091 AND
2 1 424 3091 3092 AND
2 1 3090 3092 3093 AND
2 1 768 774 3107 AND
2 1 3093 3107 3108 AND
2 1 3106 3108 3109 AND
2 1 100 219 3110 AND
2 1 305 3110 3111 AND
2 1 3109 3111 3112 AND
2 1 381 620 3113 AND
2 1 3112 3113 3114 AND
2 1 200 581 3141 AND
2 1 3140 3141 3142 AND
2 1 384 716 3143 AND
2 1 1065 3143 3144 AND
2 1 3142 3144 3145 AND
2 1 66 212 3146 AND
2 1 789 3146 3147 AND
2 1 3145 3147 3148 AND
2 1 131 302 3149 AND
2 1 755 3149 3150 AND
2 1 3148 3150 3151 AND
2 1 152 556 3152 AND
2 1 3151 3152 3153 AND
2 1 2295 3160 3161 AND
2 1 3159 3161 3162 AND
2 1 3153 3162 3163 AND
2 1 3114 3163 3164 AND
2 1 3139 3164 3165 AND
2 1 298 426 3081 AND
2 1 495 3081 3082 AND
2 1 92 2429 3083 AND
2 1 3082 3083 3084 AND
2 1 430 469 3085 AND
2 1 483 3085 3086 AND
2 1 3084 3086 3087 AND
2 1 215 327 3088 AND
2 1 3087 3088 3089 AND
2 1 84 585 3166 AND
2 1 3089 3166 3167 AND
2 1 3165 3167 3168 AND
2 1 322 677 3169 AND
2 1 1538 3169 3170 AND
2 1 3168 3170 3171 AND
2 1 122 213 3172 AND
2 1 3171 3172 3173 AND
2 1 20 3173 3174 AND
2 1 579 687 3020 AND
2 1 3019 3020 3021 AND
2 1 99 292 3022 AND
2 1 1210 3022 3023 AND
2 1 3021 3023 3024 AND
2 1 106 254 3025 AND
2 1 925 3025 3026 AND
2 1 3024 3026 3027 AND
2 1 322 3027 3028 AND
2 1 461 2993 3029 AND
2 1 2535 2663 3030 AND
2 1 3029 3030 3031 AND
2 1 3028 3031 3032 AND
2 1 100 1791 3033 AND
2 1 1848 3033 3034 AND
2 1 3032 3034 3035 AND
2 1 82 141 3036 AND
2 1 192 3036 3037 AND
2 1 3035 3037 3038 AND
2 1 251 469 3039 AND
2 1 3038 3039 3040 AND
2 1 134 630 3041 AND
2 1 3040 3041 3042 AND
2 1 239 2310 3048 AND
2 1 1297 3049 3050 AND
2 1 3048 3050 3051 AND
2 1 426 677 3043 AND
2 1 2154 3043 3044 AND
2 1 137 245 3045 AND
2 1 1167 3045 3046 AND
2 1 3044 3046 3047 AND
2 1 1096 1880 3052 AND
2 1 3047 3052 3053 AND
2 1 3051 3053 3054 AND
2 1 1330 1745 3055 AND
2 1 2643 3055 3056 AND
2 1 3054 3056 3057 AND
2 1 155 206 3058 AND
2 1 1212 3058 3059 AND
2 1 3057 3059 3060 AND
2 1 91 3060 3061 AND
2 1 403 861 3063 AND
2 1 3062 3063 3064 AND
2 1 654 2054 3065 AND
2 1 3064 3065 3066 AND
2 1 1090 3066 3067 AND
2 1 1452 3067 3068 AND
2 1 476 3068 3069 AND
2 1 3061 3069 3070 AND
2 1 1201 1957 3071 AND
2 1 3070 3071 3072 AND
2 1 3042 3072 3073 AND
2 1 305 425 3074 AND
2 1 1270 3074 3075 AND
2 1 3073 3075 3076 AND
2 1 127 367 3077 AND
2 1 456 3077 3078 AND
2 1 3076 3078 3079 AND
2 1 235 3079 3080 AND
2 1 20 3173 3175 AND
2 1 3080 3175 3176 AND
2 1 3174 3176 3177 AND
2 1 3017 3177 3178 AND
2 1 2953 2867 2955 XOR
2 1 39 2955 2956 AND
2 1 2951 2957 2958 AND
2 1 551 2959 2960 AND
2 1 356 2962 2963 AND
2 1 2960 2963 2964 AND
2 1 2958 2964 2965 AND
2 1 2956 2965 2966 AND
2 1 3177 3017 3179 XOR
2 1 2966 3179 3180 AND
2 1 3178 3180 3545 AND
2 1 3612 3017 3614 XOR
2 1 3545 3614 3615 AND
2 1 3613 3615 3616 AND
2 1 10191 10184 10193 XOR
2 1 3616 10193 10194 AND
2 1 10192 10194 10400 AND
2 1 10399 10400 10401 AND
2 1 10400 10399 10402 XOR
2 1 3525 3860 10405 AND
2 1 3377 3940 10403 AND
2 1 3461 3707 10404 AND
2 1 10403 10404 10406 AND
2 1 10405 10406 10407 AND
2 1 3288 4335 10408 AND
2 1 10407 10408 10409 AND
2 1 10409 29 10410 XOR
2 1 10402 10410 10411 AND
2 1 10401 10411 10500 AND
2 1 10499 10500 10501 AND
2 1 10498 10501 10971 AND
2 1 10972 10971 10974 XOR
2 1 10982 10974 10986 XOR
2 1 24 23 3779 XOR
2 1 26 25 3780 XOR
2 1 3779 3780 3945 AND
2 1 3945 4372 10503 AND
2 1 25 24 3861 XOR
2 1 3779 3780 3862 AND
2 1 3861 3862 3863 AND
2 1 3863 4368 10504 AND
2 1 10503 10504 10505 AND
2 1 10505 26 10506 XOR
2 1 3461 3860 10508 AND
2 1 3377 3778 10507 AND
2 1 3525 3940 10509 AND
2 1 10507 10509 10510 AND
2 1 10508 10510 10511 AND
2 1 3288 3961 10512 AND
2 1 10511 10512 10513 AND
2 1 10513 29 10514 XOR
2 1 10506 10514 10515 AND
2 1 10500 10499 10502 XOR
2 1 10514 10506 10516 XOR
2 1 10502 10516 10517 AND
2 1 10515 10517 10987 AND
2 1 10986 10987 10988 AND
2 1 10987 10986 10989 XOR
2 1 3377 3860 10106 AND
2 1 3376 3461 10107 AND
2 1 3525 3707 10108 AND
2 1 10107 10108 10109 AND
2 1 10106 10109 10110 AND
2 1 3288 4393 10111 AND
2 1 10110 10111 10112 AND
2 1 10112 29 10113 XOR
2 1 10193 3616 10195 XOR
2 1 10113 10195 10359 AND
2 1 3614 3545 3617 XOR
2 1 3532 3531 3621 XOR
2 1 39 3621 3622 AND
2 1 356 2959 3620 AND
2 1 2957 3458 3618 AND
2 1 2951 2962 3619 AND
2 1 3618 3619 3623 AND
2 1 3620 3623 3624 AND
2 1 3622 3624 3625 AND
2 1 3617 3625 3626 AND
2 1 3179 2966 3181 XOR
2 1 1027 1092 3197 AND
2 1 189 3197 3198 AND
2 1 3196 3198 3199 AND
2 1 188 318 3192 AND
2 1 630 3192 3193 AND
2 1 503 3193 3194 AND
2 1 976 2870 3200 AND
2 1 3194 3200 3201 AND
2 1 3199 3201 3202 AND
2 1 118 362 3183 AND
2 1 2669 3183 3184 AND
2 1 245 601 3185 AND
2 1 620 3185 3186 AND
2 1 3184 3186 3187 AND
2 1 156 755 3188 AND
2 1 3187 3188 3189 AND
2 1 219 237 3190 AND
2 1 1358 3190 3191 AND
2 1 737 3191 3203 AND
2 1 3189 3203 3204 AND
2 1 3202 3204 3205 AND
2 1 255 317 3206 AND
2 1 605 3206 3207 AND
2 1 3205 3207 3208 AND
2 1 316 527 3209 AND
2 1 597 3209 3210 AND
2 1 3208 3210 3211 AND
2 1 152 3211 3212 AND
2 1 244 679 3221 AND
2 1 684 3221 3222 AND
2 1 106 896 3223 AND
2 1 925 3223 3224 AND
2 1 3222 3224 3225 AND
2 1 495 3225 3226 AND
2 1 3228 3230 3231 AND
2 1 1487 3231 3232 AND
2 1 3226 3232 3233 AND
2 1 521 1210 3213 AND
2 1 298 767 3214 AND
2 1 3213 3214 3215 AND
2 1 263 491 3216 AND
2 1 603 3216 3217 AND
2 1 3215 3217 3218 AND
2 1 234 489 3219 AND
2 1 3218 3219 3220 AND
2 1 92 1443 3234 AND
2 1 3220 3234 3235 AND
2 1 3233 3235 3236 AND
2 1 387 471 3237 AND
2 1 695 3237 3238 AND
2 1 3236 3238 3239 AND
2 1 195 357 3240 AND
2 1 415 3240 3241 AND
2 1 3239 3241 3242 AND
2 1 361 399 3243 AND
2 1 402 3243 3244 AND
2 1 1035 3244 3245 AND
2 1 1894 3245 3246 AND
2 1 488 3246 3247 AND
2 1 2200 3247 3248 AND
2 1 836 3248 3249 AND
2 1 3242 3249 3250 AND
2 1 3212 3250 3251 AND
2 1 534 768 3252 AND
2 1 3182 3252 3253 AND
2 1 3251 3253 3254 AND
2 1 122 197 3255 AND
2 1 558 3255 3256 AND
2 1 3254 3256 3257 AND
2 1 3080 3257 3258 AND
2 1 2862 2861 3259 XOR
2 1 39 3259 3260 AND
2 1 831 2959 3262 AND
2 1 551 2957 3261 AND
2 1 674 2962 3263 AND
2 1 3261 3263 3264 AND
2 1 3262 3264 3265 AND
2 1 3260 3265 3266 AND
2 1 3257 3080 3267 XOR
2 1 3266 3267 3268 AND
2 1 3258 3268 3269 AND
2 1 3173 20 3270 XOR
2 1 3270 3080 3271 XOR
2 1 3269 3271 3272 AND
2 1 2865 2864 3273 XOR
2 1 39 3273 3274 AND
2 1 356 2957 3275 AND
2 1 674 2959 3276 AND
2 1 551 2962 3277 AND
2 1 3276 3277 3278 AND
2 1 3275 3278 3279 AND
2 1 3274 3279 3280 AND
2 1 3271 3269 3281 XOR
2 1 3280 3281 3282 AND
2 1 3272 3282 3283 AND
2 1 3181 3283 3284 AND
2 1 3283 3181 3285 XOR
2 1 3458 3461 3462 AND
2 1 3376 3377 3378 AND
2 1 3524 3525 3526 AND
2 1 3378 3526 3527 AND
2 1 3462 3527 3528 AND
2 1 3288 3539 3540 AND
2 1 3528 3540 3541 AND
2 1 3541 29 3542 XOR
2 1 3285 3542 3543 AND
2 1 3284 3543 3544 AND
2 1 3625 3617 3627 XOR
2 1 3544 3627 3628 AND
2 1 3626 3628 10114 AND
2 1 10113 10195 10360 AND
2 1 10114 10360 10361 AND
2 1 10359 10361 10362 AND
2 1 10410 10402 10412 XOR
2 1 10362 10412 10413 AND
2 1 3778 3863 10353 AND
2 1 3779 3861 3941 AND
2 1 3941 4368 10354 AND
2 1 10353 10354 10355 AND
2 1 3945 4429 10356 AND
2 1 10355 10356 10357 AND
2 1 10357 26 10358 XOR
2 1 10412 10362 10414 XOR
2 1 10358 10414 10415 AND
2 1 10413 10415 10426 AND
2 1 10516 10502 10518 XOR
2 1 10426 10518 10990 AND
2 1 10989 10990 10991 AND
2 1 3627 3544 3629 XOR
2 1 3377 3707 3708 AND
2 1 3461 3524 3709 AND
2 1 3376 3525 3710 AND
2 1 3709 3710 3711 AND
2 1 3708 3711 3712 AND
2 1 3288 3722 3723 AND
2 1 3712 3723 3724 AND
2 1 3724 29 3725 XOR
2 1 3629 3725 3726 AND
2 1 3725 3629 3727 XOR
2 1 3860 3863 3864 AND
2 1 3779 3780 3781 AND
2 1 3778 3781 3782 AND
2 1 3940 3941 3942 AND
2 1 3782 3942 3943 AND
2 1 3864 3943 3944 AND
2 1 3945 3961 3962 AND
2 1 3944 3962 3963 AND
2 1 3963 26 3964 XOR
2 1 3727 3964 3965 AND
2 1 3726 3965 10198 AND
2 1 3863 3940 10200 AND
2 1 3781 4368 10199 AND
2 1 3778 3941 10201 AND
2 1 10199 10201 10202 AND
2 1 10200 10202 10203 AND
2 1 3945 4504 10204 AND
2 1 10203 10204 10205 AND
2 1 10205 26 10206 XOR
2 1 10198 10206 10207 AND
2 1 10195 10113 10196 XOR
2 1 10196 10114 10197 XOR
2 1 10206 10198 10208 XOR
2 1 10197 10208 10209 AND
2 1 10207 10209 10352 AND
2 1 10414 10358 10416 XOR
2 1 10352 10416 10417 AND
2 1 3458 3525 3969 AND
2 1 3377 3524 3967 AND
2 1 2951 3461 3968 AND
2 1 3967 3968 3970 AND
2 1 3969 3970 3971 AND
2 1 3288 3972 3973 AND
2 1 3971 3973 3974 AND
2 1 3974 29 3975 XOR
2 1 3281 3280 3976 XOR
2 1 3975 3976 3977 AND
2 1 3976 3975 3978 XOR
2 1 3267 3266 3979 XOR
2 1 318 975 3981 AND
2 1 141 331 3982 AND
2 1 3981 3982 3983 AND
2 1 214 1724 3984 AND
2 1 756 2155 3985 AND
2 1 3984 3985 3986 AND
2 1 3983 3986 3987 AND
2 1 841 2882 3988 AND
2 1 3987 3988 3989 AND
2 1 2180 3989 3990 AND
2 1 3798 3990 3991 AND
2 1 3325 3991 3992 AND
2 1 471 1147 3993 AND
2 1 2462 3993 3994 AND
2 1 3992 3994 3995 AND
2 1 359 558 3980 AND
2 1 256 291 3996 AND
2 1 3980 3996 3997 AND
2 1 3995 3997 3998 AND
2 1 250 1068 3999 AND
2 1 3998 3999 4000 AND
2 1 17 4000 4051 AND
2 1 1103 1745 4007 AND
2 1 206 526 4008 AND
2 1 4007 4008 4009 AND
2 1 366 380 4010 AND
2 1 1145 4010 4011 AND
2 1 1009 4011 4012 AND
2 1 776 1655 4013 AND
2 1 4012 4013 4014 AND
2 1 4009 4014 4015 AND
2 1 359 944 4001 AND
2 1 1037 4001 4002 AND
2 1 129 339 4003 AND
2 1 896 4003 4004 AND
2 1 4002 4004 4005 AND
2 1 50 4005 4006 AND
2 1 455 1215 4016 AND
2 1 4006 4016 4017 AND
2 1 4015 4017 4018 AND
2 1 87 298 4019 AND
2 1 1105 4019 4020 AND
2 1 4018 4020 4021 AND
2 1 491 558 4022 AND
2 1 1065 4022 4023 AND
2 1 4021 4023 4024 AND
2 1 164 653 4025 AND
2 1 1068 4025 4026 AND
2 1 4024 4026 4027 AND
2 1 358 553 4031 AND
2 1 243 4031 4032 AND
2 1 4030 4032 4033 AND
2 1 2334 4033 4034 AND
2 1 3328 4034 4035 AND
2 1 4027 4035 4036 AND
2 1 3440 4036 4037 AND
2 1 199 418 4038 AND
2 1 737 4038 4039 AND
2 1 4037 4039 4040 AND
2 1 318 361 4041 AND
2 1 1004 4041 4042 AND
2 1 4040 4042 4043 AND
2 1 291 367 4044 AND
2 1 1066 4044 4045 AND
2 1 4043 4045 4046 AND
2 1 290 402 4047 AND
2 1 1488 4047 4048 AND
2 1 4046 4048 4049 AND
2 1 165 4049 4050 AND
2 1 17 4000 4052 AND
2 1 4050 4052 4053 AND
2 1 4051 4053 4054 AND
2 1 3080 4054 4055 AND
2 1 2859 2858 4056 XOR
2 1 39 4056 4057 AND
2 1 831 2962 4060 AND
2 1 674 2957 4058 AND
2 1 922 2959 4059 AND
2 1 4058 4059 4061 AND
2 1 4060 4061 4062 AND
2 1 4057 4062 4063 AND
2 1 4054 3080 4064 XOR
2 1 4063 4064 4065 AND
2 1 4055 4065 4066 AND
2 1 3979 4066 4067 AND
2 1 4066 3979 4068 XOR
2 1 4064 4063 4069 XOR
2 1 4000 17 4070 XOR
2 1 4070 4050 4071 XOR
2 1 2856 2855 4075 XOR
2 1 39 4075 4076 AND
2 1 1024 2959 4074 AND
2 1 831 2957 4072 AND
2 1 922 2962 4073 AND
2 1 4072 4073 4077 AND
2 1 4074 4077 4078 AND
2 1 4076 4078 4079 AND
2 1 4071 4079 4080 AND
2 1 460 847 4103 AND
2 1 2430 4103 4104 AND
2 1 742 3728 4105 AND
2 1 4104 4105 4106 AND
2 1 1980 4106 4107 AND
2 1 120 2703 4108 AND
2 1 4107 4108 4109 AND
2 1 79 87 4110 AND
2 1 317 4110 4111 AND
2 1 4109 4111 4112 AND
2 1 197 389 4113 AND
2 1 603 4113 4114 AND
2 1 4112 4114 4115 AND
2 1 63 270 4116 AND
2 1 4115 4116 4117 AND
2 1 505 2204 4118 AND
2 1 2293 2469 4119 AND
2 1 4118 4119 4120 AND
2 1 4117 4120 4121 AND
2 1 941 2053 4081 AND
2 1 2311 4081 4082 AND
2 1 2477 4082 4083 AND
2 1 413 708 4084 AND
2 1 4083 4084 4085 AND
2 1 2599 4085 4122 AND
2 1 4121 4122 4123 AND
2 1 4102 4123 4124 AND
2 1 391 1745 4125 AND
2 1 2647 4125 4126 AND
2 1 4124 4126 4127 AND
2 1 192 290 4128 AND
2 1 425 4128 4129 AND
2 1 4127 4129 4130 AND
2 1 268 359 4131 AND
2 1 678 4131 4132 AND
2 1 4130 4132 4133 AND
2 1 630 735 4134 AND
2 1 850 4134 4135 AND
2 1 4133 4135 4136 AND
2 1 4000 4136 4137 AND
2 1 114 119 4138 AND
2 1 214 4138 4139 AND
2 1 366 394 4140 AND
2 1 716 4140 4141 AND
2 1 4139 4141 4142 AND
2 1 392 4142 4143 AND
2 1 240 383 4144 AND
2 1 367 388 4145 AND
2 1 4144 4145 4146 AND
2 1 134 847 4147 AND
2 1 4146 4147 4148 AND
2 1 1907 2649 4149 AND
2 1 4148 4149 4150 AND
2 1 4143 4150 4151 AND
2 1 4085 4151 4152 AND
2 1 737 1201 4153 AND
2 1 1880 4153 4154 AND
2 1 4152 4154 4155 AND
2 1 110 242 4156 AND
2 1 269 4156 4157 AND
2 1 4155 4157 4158 AND
2 1 66 164 4159 AND
2 1 896 4159 4160 AND
2 1 4158 4160 4161 AND
2 1 335 4161 4162 AND
2 1 1011 4088 4167 AND
2 1 2601 4167 4168 AND
2 1 63 294 4165 AND
2 1 1289 4165 4166 AND
2 1 2701 4166 4169 AND
2 1 3384 4169 4170 AND
2 1 4168 4170 4171 AND
2 1 303 338 4163 AND
2 1 302 4163 4164 AND
2 1 87 522 4172 AND
2 1 4164 4172 4173 AND
2 1 4171 4173 4174 AND
2 1 113 468 4175 AND
2 1 491 4175 4176 AND
2 1 4174 4176 4177 AND
2 1 237 528 4178 AND
2 1 4177 4178 4179 AND
2 1 99 416 4180 AND
2 1 247 4180 4181 AND
2 1 905 1566 4182 AND
2 1 4181 4182 4183 AND
2 1 85 118 4184 AND
2 1 583 4184 4185 AND
2 1 4183 4185 4186 AND
2 1 360 558 4187 AND
2 1 741 4187 4188 AND
2 1 4186 4188 4189 AND
2 1 262 290 4190 AND
2 1 389 4190 4191 AND
2 1 4189 4191 4192 AND
2 1 755 4192 4193 AND
2 1 238 390 4194 AND
2 1 597 4194 4195 AND
2 1 2036 2334 4196 AND
2 1 4195 4196 4197 AND
2 1 475 620 4198 AND
2 1 621 4198 4199 AND
2 1 4197 4199 4200 AND
2 1 156 473 4201 AND
2 1 304 4201 4202 AND
2 1 197 679 4203 AND
2 1 4202 4203 4204 AND
2 1 3048 4204 4205 AND
2 1 4200 4205 4206 AND
2 1 2132 2703 4207 AND
2 1 4206 4207 4208 AND
2 1 4193 4208 4209 AND
2 1 4179 4209 4210 AND
2 1 455 1146 4211 AND
2 1 4210 4211 4212 AND
2 1 4162 4212 4213 AND
2 1 82 241 4214 AND
2 1 653 4214 4215 AND
2 1 4213 4215 4216 AND
2 1 50 152 4217 AND
2 1 636 4217 4218 AND
2 1 4216 4218 4219 AND
2 1 14 4219 4290 AND
2 1 579 757 4257 AND
2 1 2259 4257 4258 AND
2 1 3226 4258 4259 AND
2 1 791 942 4260 AND
2 1 1294 4260 4261 AND
2 1 4259 4261 4262 AND
2 1 319 554 4263 AND
2 1 631 4263 4264 AND
2 1 4262 4264 4265 AND
2 1 116 475 4266 AND
2 1 558 4266 4267 AND
2 1 4265 4267 4268 AND
2 1 71 565 4269 AND
2 1 601 4269 4270 AND
2 1 4268 4270 4271 AND
2 1 302 567 4272 AND
2 1 4271 4272 4273 AND
2 1 1310 1977 4274 AND
2 1 3336 4274 4275 AND
2 1 956 1749 4276 AND
2 1 4275 4276 4277 AND
2 1 4273 4277 4278 AND
2 1 1099 2297 4226 AND
2 1 637 1270 4225 AND
2 1 196 1004 4227 AND
2 1 4225 4227 4228 AND
2 1 4226 4228 4229 AND
2 1 167 219 4230 AND
2 1 773 4230 4231 AND
2 1 4229 4231 4232 AND
2 1 203 336 4233 AND
2 1 4232 4233 4234 AND
2 1 840 2173 4236 AND
2 1 4032 4236 4237 AND
2 1 1976 2771 4238 AND
2 1 4235 4238 4239 AND
2 1 4237 4239 4240 AND
2 1 133 154 4241 AND
2 1 399 4241 4242 AND
2 1 4240 4242 4243 AND
2 1 403 1236 4244 AND
2 1 4104 4244 4245 AND
2 1 1514 4245 4246 AND
2 1 4243 4246 4247 AND
2 1 3298 4247 4248 AND
2 1 110 384 4249 AND
2 1 391 4249 4250 AND
2 1 4248 4250 4251 AND
2 1 165 260 4252 AND
2 1 944 4252 4253 AND
2 1 4251 4253 4254 AND
2 1 213 235 4255 AND
2 1 4254 4255 4256 AND
2 1 4234 4256 4279 AND
2 1 4278 4279 4280 AND
2 1 253 425 4220 AND
2 1 1210 4220 4221 AND
2 1 1632 4221 4222 AND
2 1 327 526 4223 AND
2 1 4222 4223 4224 AND
2 1 738 2663 4281 AND
2 1 4224 4281 4282 AND
2 1 4280 4282 4283 AND
2 1 200 249 4284 AND
2 1 361 4284 4285 AND
2 1 4283 4285 4286 AND
2 1 299 453 4287 AND
2 1 527 4287 4288 AND
2 1 4286 4288 4289 AND
2 1 14 4219 4291 AND
2 1 4289 4291 4292 AND
2 1 4290 4292 4293 AND
2 1 4136 4293 4294 AND
2 1 2850 2849 4295 XOR
2 1 39 4295 4296 AND
2 1 1024 2957 4297 AND
2 1 1199 2959 4298 AND
2 1 1142 2962 4299 AND
2 1 4298 4299 4300 AND
2 1 4297 4300 4301 AND
2 1 4296 4301 4302 AND
2 1 4293 4136 4303 XOR
2 1 4302 4303 4304 AND
2 1 4294 4304 4305 AND
2 1 4136 4000 4306 XOR
2 1 4305 4306 4307 AND
2 1 4137 4307 4308 AND
2 1 4079 4071 4309 XOR
2 1 4308 4309 4310 AND
2 1 4080 4310 4311 AND
2 1 4069 4311 4312 AND
2 1 4311 4069 4313 XOR
2 1 2951 3377 4314 AND
2 1 551 3461 4315 AND
2 1 356 3525 4316 AND
2 1 4315 4316 4317 AND
2 1 4314 4317 4318 AND
2 1 2955 3288 4319 AND
2 1 4318 4319 4320 AND
2 1 4320 29 4321 XOR
2 1 4313 4321 4322 AND
2 1 4312 4322 4323 AND
2 1 4068 4323 4324 AND
2 1 4067 4324 4325 AND
2 1 3978 4325 4326 AND
2 1 3977 4326 4327 AND
2 1 3542 3285 4328 XOR
2 1 4327 4328 4329 AND
2 1 3860 3941 4332 AND
2 1 3781 3940 4330 AND
2 1 3707 3863 4331 AND
2 1 4330 4331 4333 AND
2 1 4332 4333 4334 AND
2 1 3945 4335 4336 AND
2 1 4334 4336 4337 AND
2 1 4337 26 4338 XOR
2 1 4328 4327 4339 XOR
2 1 4338 4339 4340 AND
2 1 4329 4340 4341 AND
2 1 22 21 4373 XOR
2 1 21 20 4374 XOR
2 1 23 22 4375 XOR
2 1 4374 4375 4376 AND
2 1 4373 4376 4377 AND
2 1 4368 4377 4378 AND
2 1 4374 4375 4379 AND
2 1 4372 4379 4380 AND
2 1 4378 4380 4381 AND
2 1 4381 23 4382 XOR
2 1 4341 4382 4383 AND
2 1 3964 3727 3966 XOR
2 1 4382 4341 4384 XOR
2 1 3966 4384 4385 AND
2 1 4383 4385 10105 AND
2 1 10206 10197 10210 XOR
2 1 10210 10198 10211 XOR
2 1 10105 10211 10212 AND
2 1 4384 3966 4386 XOR
2 1 4325 3978 4387 XOR
2 1 3781 3860 4388 AND
2 1 3376 3863 4389 AND
2 1 3707 3941 4390 AND
2 1 4389 4390 4391 AND
2 1 4388 4391 4392 AND
2 1 3945 4393 4394 AND
2 1 4392 4394 4395 AND
2 1 4395 26 4396 XOR
2 1 4387 4396 4397 AND
2 1 4323 4068 4406 XOR
2 1 3377 3458 4407 AND
2 1 356 3461 4408 AND
2 1 2951 3525 4409 AND
2 1 4408 4409 4410 AND
2 1 4407 4410 4411 AND
2 1 3288 3621 4412 AND
2 1 4411 4412 4413 AND
2 1 4413 29 4414 XOR
2 1 4406 4414 4415 AND
2 1 3707 3781 4398 AND
2 1 3524 3863 4399 AND
2 1 3376 3941 4400 AND
2 1 4399 4400 4401 AND
2 1 4398 4401 4402 AND
2 1 3722 3945 4403 AND
2 1 4402 4403 4404 AND
2 1 4404 26 4405 XOR
2 1 4414 4406 4416 XOR
2 1 4405 4416 4417 AND
2 1 4415 4417 4418 AND
2 1 4396 4387 4419 XOR
2 1 4418 4419 4420 AND
2 1 4397 4420 4421 AND
2 1 4339 4338 4422 XOR
2 1 4421 4422 4423 AND
2 1 3778 4377 4424 AND
2 1 4373 4374 4425 AND
2 1 4368 4425 4426 AND
2 1 4424 4426 4427 AND
2 1 4379 4429 4430 AND
2 1 4427 4430 4431 AND
2 1 4431 23 4432 XOR
2 1 4422 4421 4433 XOR
2 1 4432 4433 4434 AND
2 1 4423 4434 4435 AND
2 1 4386 4435 4436 AND
2 1 4435 4386 4437 XOR
2 1 4416 4405 4438 XOR
2 1 4306 4305 4439 XOR
2 1 2853 2852 4443 XOR
2 1 39 4443 4444 AND
2 1 1142 2959 4442 AND
2 1 922 2957 4440 AND
2 1 1024 2962 4441 AND
2 1 4440 4441 4445 AND
2 1 4442 4445 4446 AND
2 1 4444 4446 4447 AND
2 1 4439 4447 4448 AND
2 1 831 3461 4450 AND
2 1 551 3377 4449 AND
2 1 674 3525 4451 AND
2 1 4449 4451 4452 AND
2 1 4450 4452 4453 AND
2 1 3259 3288 4454 AND
2 1 4453 4454 4455 AND
2 1 4455 29 4456 XOR
2 1 4447 4439 4457 XOR
2 1 4456 4457 4458 AND
2 1 4448 4458 4459 AND
2 1 4309 4308 4460 XOR
2 1 4459 4460 4461 AND
2 1 356 3377 4462 AND
2 1 674 3461 4463 AND
2 1 551 3525 4464 AND
2 1 4463 4464 4465 AND
2 1 4462 4465 4466 AND
2 1 3273 3288 4467 AND
2 1 4466 4467 4468 AND
2 1 4468 29 4469 XOR
2 1 4460 4459 4470 XOR
2 1 4469 4470 4471 AND
2 1 4461 4471 4472 AND
2 1 4321 4313 4473 XOR
2 1 4472 4473 4474 AND
2 1 4473 4472 4475 XOR
2 1 3458 3863 4477 AND
2 1 3376 3781 4476 AND
2 1 3524 3941 4478 AND
2 1 4476 4478 4479 AND
2 1 4477 4479 4480 AND
2 1 3539 3945 4481 AND
2 1 4480 4481 4482 AND
2 1 4482 26 4483 XOR
2 1 4475 4483 4484 AND
2 1 4474 4484 4485 AND
2 1 4438 4485 4486 AND
2 1 4485 4438 4487 XOR
2 1 3860 4377 4490 AND
2 1 4374 4375 4488 AND
2 1 3778 4488 4489 AND
2 1 3940 4425 4491 AND
2 1 4489 4491 4492 AND
2 1 4490 4492 4493 AND
2 1 3961 4379 4494 AND
2 1 4493 4494 4495 AND
2 1 4495 23 4496 XOR
2 1 4487 4496 4497 AND
2 1 4486 4497 4498 AND
2 1 3940 4377 4500 AND
2 1 4368 4488 4499 AND
2 1 3778 4425 4501 AND
2 1 4499 4501 4502 AND
2 1 4500 4502 4503 AND
2 1 4379 4504 4505 AND
2 1 4503 4505 4506 AND
2 1 4506 23 4507 XOR
2 1 4498 4507 4508 AND
2 1 4507 4498 4509 XOR
2 1 4419 4418 4510 XOR
2 1 4509 4510 4511 AND
2 1 4508 4511 4512 AND
2 1 4433 4432 4513 XOR
2 1 4512 4513 4514 AND
2 1 4510 4509 4515 XOR
2 1 4483 4475 4516 XOR
2 1 4470 4469 4517 XOR
2 1 3458 3941 4520 AND
2 1 3524 3781 4518 AND
2 1 2951 3863 4519 AND
2 1 4518 4519 4521 AND
2 1 4520 4521 4522 AND
2 1 3945 3972 4523 AND
2 1 4522 4523 4524 AND
2 1 4524 26 4525 XOR
2 1 4517 4525 4526 AND
2 1 4457 4456 4527 XOR
2 1 4303 4302 4528 XOR
2 1 4219 14 4529 XOR
2 1 4529 4289 4530 XOR
2 1 1725 4235 4567 AND
2 1 679 4567 4568 AND
2 1 261 403 4569 AND
2 1 4566 4569 4570 AND
2 1 4568 4570 4571 AND
2 1 4563 4571 4572 AND
2 1 897 2182 4573 AND
2 1 4555 4573 4574 AND
2 1 4572 4574 4575 AND
2 1 240 305 4576 AND
2 1 433 4576 4577 AND
2 1 4575 4577 4578 AND
2 1 114 521 4579 AND
2 1 566 4579 4580 AND
2 1 4578 4580 4581 AND
2 1 155 380 4582 AND
2 1 755 4582 4583 AND
2 1 4581 4583 4584 AND
2 1 297 1353 4539 AND
2 1 413 4539 4540 AND
2 1 528 850 4537 AND
2 1 3410 4537 4538 AND
2 1 2324 4538 4541 AND
2 1 4540 4541 4542 AND
2 1 838 1145 4543 AND
2 1 105 4543 4544 AND
2 1 4542 4544 4545 AND
2 1 932 1791 4546 AND
2 1 3182 4546 4547 AND
2 1 4545 4547 4548 AND
2 1 133 2545 4549 AND
2 1 3980 4549 4550 AND
2 1 4548 4550 4551 AND
2 1 216 250 4552 AND
2 1 553 4552 4553 AND
2 1 4551 4553 4554 AND
2 1 128 522 4585 AND
2 1 164 501 4586 AND
2 1 4585 4586 4587 AND
2 1 636 4587 4588 AND
2 1 1689 2546 4589 AND
2 1 2685 4589 4590 AND
2 1 4588 4590 4591 AND
2 1 254 534 4592 AND
2 1 975 4592 4593 AND
2 1 4591 4593 4594 AND
2 1 210 357 4595 AND
2 1 4594 4595 4596 AND
2 1 460 848 4597 AND
2 1 1936 4597 4598 AND
2 1 4596 4598 4599 AND
2 1 1891 4599 4600 AND
2 1 4554 4600 4601 AND
2 1 4584 4601 4602 AND
2 1 118 581 4531 AND
2 1 2977 4531 4532 AND
2 1 292 358 4533 AND
2 1 605 4533 4534 AND
2 1 4532 4534 4535 AND
2 1 630 4535 4536 AND
2 1 387 1540 4603 AND
2 1 4536 4603 4604 AND
2 1 4602 4604 4605 AND
2 1 55 631 4606 AND
2 1 2429 4606 4607 AND
2 1 4605 4607 4608 AND
2 1 207 247 4609 AND
2 1 500 4609 4610 AND
2 1 4608 4610 4611 AND
2 1 201 235 4612 AND
2 1 4611 4612 4613 AND
2 1 4219 4613 4614 AND
2 1 2844 2843 4615 XOR
2 1 39 4615 4616 AND
2 1 1199 2957 4617 AND
2 1 1436 2959 4618 AND
2 1 1328 2962 4619 AND
2 1 4618 4619 4620 AND
2 1 4617 4620 4621 AND
2 1 4616 4621 4622 AND
2 1 4613 4219 4623 XOR
2 1 4622 4623 4624 AND
2 1 4614 4624 4625 AND
2 1 4530 4625 4626 AND
2 1 2847 2846 4627 XOR
2 1 39 4627 4628 AND
2 1 1328 2959 4630 AND
2 1 1142 2957 4629 AND
2 1 1199 2962 4631 AND
2 1 4629 4631 4632 AND
2 1 4630 4632 4633 AND
2 1 4628 4633 4634 AND
2 1 4625 4530 4635 XOR
2 1 4634 4635 4636 AND
2 1 4626 4636 4637 AND
2 1 4528 4637 4638 AND
2 1 4637 4528 4639 XOR
2 1 831 3525 4642 AND
2 1 674 3377 4640 AND
2 1 922 3461 4641 AND
2 1 4640 4641 4643 AND
2 1 4642 4643 4644 AND
2 1 3288 4056 4645 AND
2 1 4644 4645 4646 AND
2 1 4646 29 4647 XOR
2 1 4639 4647 4648 AND
2 1 4638 4648 4649 AND
2 1 4527 4649 4650 AND
2 1 4649 4527 4651 XOR
2 1 3458 3781 4652 AND
2 1 356 3863 4653 AND
2 1 2951 3941 4654 AND
2 1 4653 4654 4655 AND
2 1 4652 4655 4656 AND
2 1 3621 3945 4657 AND
2 1 4656 4657 4658 AND
2 1 4658 26 4659 XOR
2 1 4651 4659 4660 AND
2 1 4650 4660 4661 AND
2 1 4525 4517 4662 XOR
2 1 4661 4662 4663 AND
2 1 4526 4663 4664 AND
2 1 4516 4664 4665 AND
2 1 4664 4516 4666 XOR
2 1 3860 4425 4669 AND
2 1 3940 4488 4667 AND
2 1 3707 4377 4668 AND
2 1 4667 4668 4670 AND
2 1 4669 4670 4671 AND
2 1 4335 4379 4672 AND
2 1 4671 4672 4673 AND
2 1 4673 23 4674 XOR
2 1 4666 4674 4675 AND
2 1 4665 4675 4676 AND
2 1 19 18 4677 XOR
2 1 20 19 4678 XOR
2 1 18 17 4679 XOR
2 1 4678 4679 4680 AND
2 1 4677 4680 4681 AND
2 1 4368 4681 4682 AND
2 1 4678 4679 4683 AND
2 1 4372 4683 4684 AND
2 1 4682 4684 4685 AND
2 1 4685 20 4686 XOR
2 1 4676 4686 4687 AND
2 1 4496 4487 4688 XOR
2 1 4686 4676 4689 XOR
2 1 4688 4689 4690 AND
2 1 4687 4690 4691 AND
2 1 4515 4691 4692 AND
2 1 4691 4515 4693 XOR
2 1 4689 4688 4694 XOR
2 1 4674 4666 4695 XOR
2 1 3860 4488 4696 AND
2 1 3376 4377 4697 AND
2 1 3707 4425 4698 AND
2 1 4697 4698 4699 AND
2 1 4696 4699 4700 AND
2 1 4379 4393 4701 AND
2 1 4700 4701 4702 AND
2 1 4702 23 4703 XOR
2 1 4662 4661 4704 XOR
2 1 4703 4704 4705 AND
2 1 4704 4703 4706 XOR
2 1 4659 4651 4707 XOR
2 1 831 3377 4708 AND
2 1 1024 3461 4709 AND
2 1 922 3525 4710 AND
2 1 4709 4710 4711 AND
2 1 4708 4711 4712 AND
2 1 3288 4075 4713 AND
2 1 4712 4713 4714 AND
2 1 4714 29 4715 XOR
2 1 4635 4634 4716 XOR
2 1 4715 4716 4717 AND
2 1 4716 4715 4718 XOR
2 1 4623 4622 4719 XOR
2 1 85 328 4732 AND
2 1 1672 4732 4733 AND
2 1 94 289 4734 AND
2 1 386 4734 4735 AND
2 1 4733 4735 4736 AND
2 1 122 4736 4737 AND
2 1 1295 1825 4740 AND
2 1 134 789 4738 AND
2 1 483 4738 4739 AND
2 1 775 4739 4741 AND
2 1 4740 4741 4742 AND
2 1 4737 4742 4743 AND
2 1 99 118 4744 AND
2 1 3097 4744 4745 AND
2 1 4743 4745 4746 AND
2 1 254 366 4747 AND
2 1 1066 4747 4748 AND
2 1 4746 4748 4749 AND
2 1 195 338 4750 AND
2 1 653 4750 4751 AND
2 1 4749 4751 4752 AND
2 1 358 1026 4720 AND
2 1 4225 4720 4721 AND
2 1 2508 4721 4722 AND
2 1 385 3358 4723 AND
2 1 3783 4723 4724 AND
2 1 4722 4724 4725 AND
2 1 266 269 4726 AND
2 1 1201 4726 4727 AND
2 1 4725 4727 4728 AND
2 1 432 553 4729 AND
2 1 847 4729 4730 AND
2 1 4728 4730 4731 AND
2 1 943 2369 4757 AND
2 1 1036 4757 4758 AND
2 1 303 362 4755 AND
2 1 247 4755 4756 AND
2 1 776 4756 4759 AND
2 1 4758 4759 4760 AND
2 1 268 477 4753 AND
2 1 215 4753 4754 AND
2 1 4086 4754 4761 AND
2 1 4760 4761 4762 AND
2 1 1573 4200 4763 AND
2 1 4762 4763 4764 AND
2 1 4731 4764 4765 AND
2 1 4752 4765 4766 AND
2 1 2918 4766 4767 AND
2 1 165 716 4768 AND
2 1 1065 4768 4769 AND
2 1 4767 4769 4770 AND
2 1 526 4770 4771 AND
2 1 11 4771 4825 AND
2 1 475 710 4772 AND
2 1 247 526 4773 AND
2 1 4772 4773 4774 AND
2 1 2572 2977 4775 AND
2 1 4774 4775 4776 AND
2 1 367 585 4777 AND
2 1 860 4777 4778 AND
2 1 4776 4778 4779 AND
2 1 108 380 4780 AND
2 1 4779 4780 4781 AND
2 1 244 811 4783 AND
2 1 366 4783 4784 AND
2 1 1213 4782 4785 AND
2 1 4784 4785 4786 AND
2 1 1631 4786 4787 AND
2 1 628 4787 4788 AND
2 1 4781 4788 4789 AND
2 1 320 1004 4790 AND
2 1 1630 4790 4791 AND
2 1 4789 4791 4792 AND
2 1 133 293 4793 AND
2 1 581 4793 4794 AND
2 1 4792 4794 4795 AND
2 1 299 767 4796 AND
2 1 1167 4796 4797 AND
2 1 4795 4797 4798 AND
2 1 122 339 4799 AND
2 1 4798 4799 4800 AND
2 1 976 1071 4804 AND
2 1 753 775 4805 AND
2 1 4804 4805 4806 AND
2 1 3573 4806 4807 AND
2 1 2133 3028 4808 AND
2 1 4803 4808 4809 AND
2 1 4807 4809 4810 AND
2 1 472 4731 4811 AND
2 1 4810 4811 4812 AND
2 1 4800 4812 4813 AND
2 1 80 242 4814 AND
2 1 382 4814 4815 AND
2 1 4813 4815 4816 AND
2 1 250 470 4817 AND
2 1 558 4817 4818 AND
2 1 4816 4818 4819 AND
2 1 304 388 4820 AND
2 1 896 4820 4821 AND
2 1 4819 4821 4822 AND
2 1 301 393 4823 AND
2 1 4822 4823 4824 AND
2 1 11 4771 4826 AND
2 1 4824 4826 4827 AND
2 1 4825 4827 4828 AND
2 1 4219 4828 4829 AND
2 1 2841 2840 4830 XOR
2 1 39 4830 4831 AND
2 1 1328 2957 4832 AND
2 1 1536 2959 4833 AND
2 1 1436 2962 4834 AND
2 1 4833 4834 4835 AND
2 1 4832 4835 4836 AND
2 1 4831 4836 4837 AND
2 1 4828 4219 4838 XOR
2 1 4837 4838 4839 AND
2 1 4829 4839 4840 AND
2 1 4719 4840 4841 AND
2 1 4840 4719 4842 XOR
2 1 4838 4837 4843 XOR
2 1 4771 11 4844 XOR
2 1 4844 4824 4845 XOR
2 1 2838 2837 4849 XOR
2 1 39 4849 4850 AND
2 1 1628 2959 4848 AND
2 1 1436 2957 4846 AND
2 1 1536 2962 4847 AND
2 1 4846 4847 4851 AND
2 1 4848 4851 4852 AND
2 1 4850 4852 4853 AND
2 1 4845 4853 4854 AND
2 1 71 79 4855 AND
2 1 1147 4855 4856 AND
2 1 169 528 4857 AND
2 1 4856 4857 4858 AND
2 1 234 392 4859 AND
2 1 1487 4859 4860 AND
2 1 132 216 4861 AND
2 1 1294 4861 4862 AND
2 1 4860 4862 4863 AND
2 1 885 4863 4864 AND
2 1 4858 4864 4865 AND
2 1 1549 3561 4866 AND
2 1 4865 4866 4867 AND
2 1 1598 4867 4868 AND
2 1 1878 2446 4869 AND
2 1 4868 4869 4870 AND
2 1 734 4870 4871 AND
2 1 254 478 4872 AND
2 1 1036 4872 4873 AND
2 1 4871 4873 4874 AND
2 1 501 637 4875 AND
2 1 789 4875 4876 AND
2 1 4874 4876 4877 AND
2 1 289 4877 4878 AND
2 1 4771 4878 4879 AND
2 1 193 200 4910 AND
2 1 710 4910 4911 AND
2 1 4909 4911 4912 AND
2 1 114 207 4913 AND
2 1 402 4913 4914 AND
2 1 4912 4914 4915 AND
2 1 336 619 4916 AND
2 1 4915 4916 4917 AND
2 1 557 2260 4918 AND
2 1 4181 4918 4919 AND
2 1 988 4919 4920 AND
2 1 1095 4920 4921 AND
2 1 4917 4921 4922 AND
2 1 290 637 4902 AND
2 1 925 4902 4903 AND
2 1 2203 4903 4904 AND
2 1 330 567 4905 AND
2 1 850 4905 4906 AND
2 1 4904 4906 4907 AND
2 1 75 584 4923 AND
2 1 4907 4923 4924 AND
2 1 4922 4924 4925 AND
2 1 131 137 4926 AND
2 1 381 4926 4927 AND
2 1 4925 4927 4928 AND
2 1 438 587 4929 AND
2 1 1068 4929 4930 AND
2 1 4928 4930 4931 AND
2 1 533 4931 4932 AND
2 1 251 292 4881 AND
2 1 1092 4881 4882 AND
2 1 2241 4882 4883 AND
2 1 476 861 4884 AND
2 1 4883 4884 4885 AND
2 1 4224 4885 4886 AND
2 1 320 618 4887 AND
2 1 3097 4887 4888 AND
2 1 4886 4888 4889 AND
2 1 190 360 4890 AND
2 1 535 4890 4891 AND
2 1 4889 4891 4892 AND
2 1 944 2698 4893 AND
2 1 4892 4893 4894 AND
2 1 236 259 4895 AND
2 1 4894 4895 4896 AND
2 1 133 426 4897 AND
2 1 250 4897 4898 AND
2 1 291 975 4899 AND
2 1 2385 4899 4900 AND
2 1 4898 4900 4901 AND
2 1 1696 2096 4942 AND
2 1 196 219 4943 AND
2 1 263 4943 4944 AND
2 1 4942 4944 4945 AND
2 1 122 491 4946 AND
2 1 4945 4946 4947 AND
2 1 600 4784 4948 AND
2 1 1783 4948 4949 AND
2 1 4947 4949 4950 AND
2 1 4941 4950 4951 AND
2 1 4901 4951 4952 AND
2 1 4896 4952 4953 AND
2 1 4932 4953 4954 AND
2 1 677 1065 4880 AND
2 1 303 566 4955 AND
2 1 4880 4955 4956 AND
2 1 4954 4956 4957 AND
2 1 109 165 4958 AND
2 1 630 4958 4959 AND
2 1 4957 4959 4960 AND
2 1 4823 4960 4961 AND
2 1 2591 3194 5012 AND
2 1 118 631 5004 AND
2 1 1212 5004 5005 AND
2 1 242 553 5006 AND
2 1 676 5006 5007 AND
2 1 5005 5007 5008 AND
2 1 302 322 5009 AND
2 1 528 5009 5010 AND
2 1 5008 5010 5011 AND
2 1 1541 5011 5013 AND
2 1 5012 5013 5014 AND
2 1 3242 5014 5015 AND
2 1 1568 2470 4994 AND
2 1 629 1067 4995 AND
2 1 4994 4995 4996 AND
2 1 71 87 4997 AND
2 1 269 4997 4998 AND
2 1 4996 4998 4999 AND
2 1 251 339 5000 AND
2 1 454 5000 5001 AND
2 1 4999 5001 5002 AND
2 1 241 5002 5003 AND
2 1 211 1218 5016 AND
2 1 5003 5016 5017 AND
2 1 5015 5017 5018 AND
2 1 579 5018 5019 AND
2 1 2386 2974 4962 AND
2 1 319 328 4963 AND
2 1 1984 4963 4964 AND
2 1 4962 4964 4965 AND
2 1 79 116 4966 AND
2 1 848 4966 4967 AND
2 1 4965 4967 4968 AND
2 1 155 413 4969 AND
2 1 1068 4969 4970 AND
2 1 4968 4970 4971 AND
2 1 598 901 4972 AND
2 1 152 204 4973 AND
2 1 239 4973 4974 AND
2 1 4972 4974 4975 AND
2 1 213 4975 4976 AND
2 1 392 477 4977 AND
2 1 166 4977 4978 AND
2 1 557 4978 4979 AND
2 1 3198 4979 4980 AND
2 1 4976 4980 4981 AND
2 1 4971 4981 4982 AND
2 1 836 837 4983 AND
2 1 2309 4983 4984 AND
2 1 4982 4984 4985 AND
2 1 585 1270 4986 AND
2 1 1539 4986 4987 AND
2 1 4985 4987 4988 AND
2 1 248 270 4989 AND
2 1 389 4989 4990 AND
2 1 4988 4990 4991 AND
2 1 121 483 4992 AND
2 1 4991 4992 4993 AND
2 1 64 299 5020 AND
2 1 4993 5020 5021 AND
2 1 5019 5021 5022 AND
2 1 260 366 5023 AND
2 1 789 5023 5024 AND
2 1 5022 5024 5025 AND
2 1 156 393 5026 AND
2 1 5025 5026 5027 AND
2 1 4961 5027 5028 AND
2 1 5027 4961 5029 XOR
2 1 8 5029 5030 AND
2 1 5028 5030 5031 AND
2 1 4771 5031 5032 AND
2 1 2832 2831 5033 XOR
2 1 39 5033 5034 AND
2 1 1841 2959 5036 AND
2 1 1628 2957 5035 AND
2 1 1743 2962 5037 AND
2 1 5035 5037 5038 AND
2 1 5036 5038 5039 AND
2 1 5034 5039 5040 AND
2 1 5031 4771 5041 XOR
2 1 5040 5041 5042 AND
2 1 5032 5042 5043 AND
2 1 4878 4771 5044 XOR
2 1 5043 5044 5045 AND
2 1 4879 5045 5046 AND
2 1 4853 4845 5047 XOR
2 1 5046 5047 5048 AND
2 1 4854 5048 5049 AND
2 1 4843 5049 5050 AND
2 1 5049 4843 5051 XOR
2 1 1024 3377 5052 AND
2 1 1199 3461 5053 AND
2 1 1142 3525 5054 AND
2 1 5053 5054 5055 AND
2 1 5052 5055 5056 AND
2 1 3288 4295 5057 AND
2 1 5056 5057 5058 AND
2 1 5058 29 5059 XOR
2 1 5051 5059 5060 AND
2 1 5050 5060 5061 AND
2 1 4842 5061 5062 AND
2 1 4841 5062 5063 AND
2 1 4718 5063 5064 AND
2 1 4717 5064 5065 AND
2 1 4647 4639 5066 XOR
2 1 5065 5066 5067 AND
2 1 5066 5065 5068 XOR
2 1 2951 3781 5069 AND
2 1 551 3863 5070 AND
2 1 356 3941 5071 AND
2 1 5070 5071 5072 AND
2 1 5069 5072 5073 AND
2 1 2955 3945 5074 AND
2 1 5073 5074 5075 AND
2 1 5075 26 5076 XOR
2 1 5068 5076 5077 AND
2 1 5067 5077 5078 AND
2 1 4707 5078 5079 AND
2 1 5078 4707 5080 XOR
2 1 3707 4488 5081 AND
2 1 3524 4377 5082 AND
2 1 3376 4425 5083 AND
2 1 5082 5083 5084 AND
2 1 5081 5084 5085 AND
2 1 3722 4379 5086 AND
2 1 5085 5086 5087 AND
2 1 5087 23 5088 XOR
2 1 5080 5088 5089 AND
2 1 5079 5089 5090 AND
2 1 4706 5090 5091 AND
2 1 4705 5091 5092 AND
2 1 4695 5092 5093 AND
2 1 5092 4695 5094 XOR
2 1 3778 4681 5095 AND
2 1 4677 4679 5096 AND
2 1 4368 5096 5097 AND
2 1 5095 5097 5098 AND
2 1 4429 4683 5099 AND
2 1 5098 5099 5100 AND
2 1 5100 20 5101 XOR
2 1 5094 5101 5102 AND
2 1 5093 5102 5103 AND
2 1 4694 5103 5104 AND
2 1 5103 4694 5105 XOR
2 1 5101 5094 5106 XOR
2 1 5088 5080 5107 XOR
2 1 5076 5068 5108 XOR
2 1 5063 4718 5109 XOR
2 1 356 3781 5110 AND
2 1 674 3863 5111 AND
2 1 551 3941 5112 AND
2 1 5111 5112 5113 AND
2 1 5110 5113 5114 AND
2 1 3273 3945 5115 AND
2 1 5114 5115 5116 AND
2 1 5116 26 5117 XOR
2 1 5109 5117 5118 AND
2 1 5061 4842 5127 XOR
2 1 922 3377 5128 AND
2 1 1142 3461 5129 AND
2 1 1024 3525 5130 AND
2 1 5129 5130 5131 AND
2 1 5128 5131 5132 AND
2 1 3288 4443 5133 AND
2 1 5132 5133 5134 AND
2 1 5134 29 5135 XOR
2 1 5127 5135 5136 AND
2 1 831 3863 5120 AND
2 1 551 3781 5119 AND
2 1 674 3941 5121 AND
2 1 5119 5121 5122 AND
2 1 5120 5122 5123 AND
2 1 3259 3945 5124 AND
2 1 5123 5124 5125 AND
2 1 5125 26 5126 XOR
2 1 5135 5127 5137 XOR
2 1 5126 5137 5138 AND
2 1 5136 5138 5139 AND
2 1 5117 5109 5140 XOR
2 1 5139 5140 5141 AND
2 1 5118 5141 5142 AND
2 1 5108 5142 5143 AND
2 1 5142 5108 5144 XOR
2 1 3458 4377 5146 AND
2 1 3376 4488 5145 AND
2 1 3524 4425 5147 AND
2 1 5145 5147 5148 AND
2 1 5146 5148 5149 AND
2 1 3539 4379 5150 AND
2 1 5149 5150 5151 AND
2 1 5151 23 5152 XOR
2 1 5144 5152 5153 AND
2 1 5143 5153 5154 AND
2 1 5107 5154 5155 AND
2 1 5154 5107 5156 XOR
2 1 3860 4681 5159 AND
2 1 4678 4679 5157 AND
2 1 3778 5157 5158 AND
2 1 3940 5096 5160 AND
2 1 5158 5160 5161 AND
2 1 5159 5161 5162 AND
2 1 3961 4683 5163 AND
2 1 5162 5163 5164 AND
2 1 5164 20 5165 XOR
2 1 5156 5165 5166 AND
2 1 5155 5166 5167 AND
2 1 3940 4681 5169 AND
2 1 4368 5157 5168 AND
2 1 3778 5096 5170 AND
2 1 5168 5170 5171 AND
2 1 5169 5171 5172 AND
2 1 4504 4683 5173 AND
2 1 5172 5173 5174 AND
2 1 5174 20 5175 XOR
2 1 5167 5175 5176 AND
2 1 5090 4706 5177 XOR
2 1 5175 5167 5178 XOR
2 1 5177 5178 5179 AND
2 1 5176 5179 5180 AND
2 1 5106 5180 5181 AND
2 1 5180 5106 5182 XOR
2 1 5152 5144 5183 XOR
2 1 3458 4425 5186 AND
2 1 3524 4488 5184 AND
2 1 2951 4377 5185 AND
2 1 5184 5185 5187 AND
2 1 5186 5187 5188 AND
2 1 3972 4379 5189 AND
2 1 5188 5189 5190 AND
2 1 5190 23 5191 XOR
2 1 5140 5139 5192 XOR
2 1 5191 5192 5193 AND
2 1 5192 5191 5194 XOR
2 1 5137 5126 5195 XOR
2 1 5044 5043 5196 XOR
2 1 2835 2834 5200 XOR
2 1 39 5200 5201 AND
2 1 1743 2959 5199 AND
2 1 1536 2957 5197 AND
2 1 1628 2962 5198 AND
2 1 5197 5198 5202 AND
2 1 5199 5202 5203 AND
2 1 5201 5203 5204 AND
2 1 5196 5204 5205 AND
2 1 1199 3377 5206 AND
2 1 1436 3461 5207 AND
2 1 1328 3525 5208 AND
2 1 5207 5208 5209 AND
2 1 5206 5209 5210 AND
2 1 3288 4615 5211 AND
2 1 5210 5211 5212 AND
2 1 5212 29 5213 XOR
2 1 5204 5196 5214 XOR
2 1 5213 5214 5215 AND
2 1 5205 5215 5216 AND
2 1 5047 5046 5217 XOR
2 1 5216 5217 5218 AND
2 1 1328 3461 5220 AND
2 1 1142 3377 5219 AND
2 1 1199 3525 5221 AND
2 1 5219 5221 5222 AND
2 1 5220 5222 5223 AND
2 1 3288 4627 5224 AND
2 1 5223 5224 5225 AND
2 1 5225 29 5226 XOR
2 1 5217 5216 5227 XOR
2 1 5226 5227 5228 AND
2 1 5218 5228 5229 AND
2 1 5059 5051 5230 XOR
2 1 5229 5230 5231 AND
2 1 5230 5229 5232 XOR
2 1 831 3941 5235 AND
2 1 674 3781 5233 AND
2 1 922 3863 5234 AND
2 1 5233 5234 5236 AND
2 1 5235 5236 5237 AND
2 1 3945 4056 5238 AND
2 1 5237 5238 5239 AND
2 1 5239 26 5240 XOR
2 1 5232 5240 5241 AND
2 1 5231 5241 5242 AND
2 1 5195 5242 5243 AND
2 1 5242 5195 5244 XOR
2 1 3458 4488 5245 AND
2 1 356 4377 5246 AND
2 1 2951 4425 5247 AND
2 1 5246 5247 5248 AND
2 1 5245 5248 5249 AND
2 1 3621 4379 5250 AND
2 1 5249 5250 5251 AND
2 1 5251 23 5252 XOR
2 1 5244 5252 5253 AND
2 1 5243 5253 5254 AND
2 1 5194 5254 5255 AND
2 1 5193 5255 5256 AND
2 1 5183 5256 5257 AND
2 1 5256 5183 5258 XOR
2 1 3860 5096 5261 AND
2 1 3940 5157 5259 AND
2 1 3707 4681 5260 AND
2 1 5259 5260 5262 AND
2 1 5261 5262 5263 AND
2 1 4335 4683 5264 AND
2 1 5263 5264 5265 AND
2 1 5265 20 5266 XOR
2 1 5258 5266 5267 AND
2 1 5257 5267 5268 AND
2 1 16 15 5269 XOR
2 1 15 14 5270 XOR
2 1 17 16 5271 XOR
2 1 5270 5271 5272 AND
2 1 5269 5272 5273 AND
2 1 4368 5273 5274 AND
2 1 5270 5271 5275 AND
2 1 4372 5275 5276 AND
2 1 5274 5276 5277 AND
2 1 5277 17 5278 XOR
2 1 5268 5278 5279 AND
2 1 5165 5156 5280 XOR
2 1 5278 5268 5281 XOR
2 1 5280 5281 5282 AND
2 1 5279 5282 5283 AND
2 1 5178 5177 5284 XOR
2 1 5283 5284 5285 AND
2 1 5281 5280 5286 XOR
2 1 5266 5258 5287 XOR
2 1 5254 5194 5288 XOR
2 1 3860 5157 5289 AND
2 1 3376 4681 5290 AND
2 1 3707 5096 5291 AND
2 1 5290 5291 5292 AND
2 1 5289 5292 5293 AND
2 1 4393 4683 5294 AND
2 1 5293 5294 5295 AND
2 1 5295 20 5296 XOR
2 1 5288 5296 5297 AND
2 1 5252 5244 5298 XOR
2 1 5240 5232 5299 XOR
2 1 5227 5226 5300 XOR
2 1 831 3781 5301 AND
2 1 1024 3863 5302 AND
2 1 922 3941 5303 AND
2 1 5302 5303 5304 AND
2 1 5301 5304 5305 AND
2 1 3945 4075 5306 AND
2 1 5305 5306 5307 AND
2 1 5307 26 5308 XOR
2 1 5300 5308 5309 AND
2 1 5214 5213 5310 XOR
2 1 5041 5040 5311 XOR
2 1 4961 8 5312 XOR
2 1 5312 5027 5313 XOR
2 1 497 555 5314 AND
2 1 260 5314 5315 AND
2 1 3502 3597 5316 AND
2 1 5315 5316 5317 AND
2 1 941 1388 5318 AND
2 1 3094 5318 5319 AND
2 1 5317 5319 5320 AND
2 1 433 848 5321 AND
2 1 1539 5321 5322 AND
2 1 5320 5322 5323 AND
2 1 501 1167 5324 AND
2 1 5323 5324 5325 AND
2 1 413 619 5326 AND
2 1 5325 5326 5327 AND
2 1 253 328 5328 AND
2 1 251 5328 5329 AND
2 1 622 5329 5330 AND
2 1 4976 5330 5331 AND
2 1 4947 5331 5332 AND
2 1 788 5332 5333 AND
2 1 2597 5333 5334 AND
2 1 5327 5334 5335 AND
2 1 3139 5335 5336 AND
2 1 72 318 5337 AND
2 1 534 5337 5338 AND
2 1 5336 5338 5339 AND
2 1 79 141 5340 AND
2 1 321 5340 5341 AND
2 1 5339 5341 5342 AND
2 1 137 527 5343 AND
2 1 565 5343 5344 AND
2 1 5342 5344 5345 AND
2 1 247 5345 5346 AND
2 1 4961 5346 5347 AND
2 1 2929 5388 5389 AND
2 1 5386 5389 5390 AND
2 1 580 4256 5391 AND
2 1 5390 5391 5392 AND
2 1 1461 3443 5348 AND
2 1 169 200 5349 AND
2 1 468 5349 5350 AND
2 1 5348 5350 5351 AND
2 1 501 630 5352 AND
2 1 5351 5352 5353 AND
2 1 2615 2879 5393 AND
2 1 5353 5393 5394 AND
2 1 5392 5394 5395 AND
2 1 484 677 5396 AND
2 1 811 5396 5397 AND
2 1 5395 5397 5398 AND
2 1 135 295 5399 AND
2 1 424 5399 5400 AND
2 1 5398 5400 5401 AND
2 1 45 210 5402 AND
2 1 587 5402 5403 AND
2 1 5401 5403 5404 AND
2 1 195 5404 5405 AND
2 1 2 5405 5406 AND
2 1 5405 2 5407 XOR
2 1 5 5407 5408 AND
2 1 5406 5408 5409 AND
2 1 4961 5409 5410 AND
2 1 2823 2822 5411 XOR
2 1 39 5411 5412 AND
2 1 1955 2962 5415 AND
2 1 1876 2957 5413 AND
2 1 2020 2959 5414 AND
2 1 5413 5414 5416 AND
2 1 5415 5416 5417 AND
2 1 5412 5417 5418 AND
2 1 5409 4961 5419 XOR
2 1 5418 5419 5420 AND
2 1 5410 5420 5421 AND
2 1 5346 4961 5422 XOR
2 1 5421 5422 5423 AND
2 1 5347 5423 5424 AND
2 1 5313 5424 5425 AND
2 1 2829 2828 5426 XOR
2 1 39 5426 5427 AND
2 1 1841 2962 5430 AND
2 1 1743 2957 5428 AND
2 1 1876 2959 5429 AND
2 1 5428 5429 5431 AND
2 1 5430 5431 5432 AND
2 1 5427 5432 5433 AND
2 1 5424 5313 5434 XOR
2 1 5433 5434 5435 AND
2 1 5425 5435 5436 AND
2 1 5311 5436 5437 AND
2 1 5436 5311 5438 XOR
2 1 1328 3377 5439 AND
2 1 1536 3461 5440 AND
2 1 1436 3525 5441 AND
2 1 5440 5441 5442 AND
2 1 5439 5442 5443 AND
2 1 3288 4830 5444 AND
2 1 5443 5444 5445 AND
2 1 5445 29 5446 XOR
2 1 5438 5446 5447 AND
2 1 5437 5447 5448 AND
2 1 5310 5448 5449 AND
2 1 5448 5310 5450 XOR
2 1 922 3781 5451 AND
2 1 1142 3863 5452 AND
2 1 1024 3941 5453 AND
2 1 5452 5453 5454 AND
2 1 5451 5454 5455 AND
2 1 3945 4443 5456 AND
2 1 5455 5456 5457 AND
2 1 5457 26 5458 XOR
2 1 5450 5458 5459 AND
2 1 5449 5459 5460 AND
2 1 5308 5300 5461 XOR
2 1 5460 5461 5462 AND
2 1 5309 5462 5463 AND
2 1 5299 5463 5464 AND
2 1 5463 5299 5465 XOR
2 1 2951 4488 5466 AND
2 1 551 4377 5467 AND
2 1 356 4425 5468 AND
2 1 5467 5468 5469 AND
2 1 5466 5469 5470 AND
2 1 2955 4379 5471 AND
2 1 5470 5471 5472 AND
2 1 5472 23 5473 XOR
2 1 5465 5473 5474 AND
2 1 5464 5474 5475 AND
2 1 5298 5475 5476 AND
2 1 5475 5298 5477 XOR
2 1 3707 5157 5478 AND
2 1 3524 4681 5479 AND
2 1 3376 5096 5480 AND
2 1 5479 5480 5481 AND
2 1 5478 5481 5482 AND
2 1 3722 4683 5483 AND
2 1 5482 5483 5484 AND
2 1 5484 20 5485 XOR
2 1 5477 5485 5486 AND
2 1 5476 5486 5487 AND
2 1 5296 5288 5488 XOR
2 1 5487 5488 5489 AND
2 1 5297 5489 5490 AND
2 1 5287 5490 5491 AND
2 1 5490 5287 5492 XOR
2 1 3778 5273 5493 AND
2 1 5269 5270 5494 AND
2 1 4368 5494 5495 AND
2 1 5493 5495 5496 AND
2 1 4429 5275 5497 AND
2 1 5496 5497 5498 AND
2 1 5498 17 5499 XOR
2 1 5492 5499 5500 AND
2 1 5491 5500 5501 AND
2 1 5286 5501 5502 AND
2 1 5501 5286 5503 XOR
2 1 5499 5492 5504 XOR
2 1 5485 5477 5505 XOR
2 1 5473 5465 5506 XOR
2 1 356 4488 5507 AND
2 1 674 4377 5508 AND
2 1 551 4425 5509 AND
2 1 5508 5509 5510 AND
2 1 5507 5510 5511 AND
2 1 3273 4379 5512 AND
2 1 5511 5512 5513 AND
2 1 5513 23 5514 XOR
2 1 5461 5460 5515 XOR
2 1 5514 5515 5516 AND
2 1 5515 5514 5517 XOR
2 1 5458 5450 5518 XOR
2 1 1436 3377 5519 AND
2 1 1628 3461 5520 AND
2 1 1536 3525 5521 AND
2 1 5520 5521 5522 AND
2 1 5519 5522 5523 AND
2 1 3288 4849 5524 AND
2 1 5523 5524 5525 AND
2 1 5525 29 5526 XOR
2 1 5434 5433 5527 XOR
2 1 5526 5527 5528 AND
2 1 5527 5526 5529 XOR
2 1 5422 5421 5530 XOR
2 1 2826 2825 5534 XOR
2 1 39 5534 5535 AND
2 1 1955 2959 5533 AND
2 1 1841 2957 5531 AND
2 1 1876 2962 5532 AND
2 1 5531 5532 5536 AND
2 1 5533 5536 5537 AND
2 1 5535 5537 5538 AND
2 1 5530 5538 5539 AND
2 1 5419 5418 5540 XOR
2 1 1691 2669 5546 AND
2 1 294 430 5547 AND
2 1 2518 5547 5548 AND
2 1 5546 5548 5549 AND
2 1 234 1643 5550 AND
2 1 5549 5550 5551 AND
2 1 4203 4862 5552 AND
2 1 4774 5552 5553 AND
2 1 1048 5553 5554 AND
2 1 5551 5554 5555 AND
2 1 3499 5555 5556 AND
2 1 2090 5556 5557 AND
2 1 253 584 5541 AND
2 1 2022 5541 5542 AND
2 1 316 358 5543 AND
2 1 567 5543 5544 AND
2 1 5542 5544 5545 AND
2 1 993 5545 5558 AND
2 1 2401 5558 5559 AND
2 1 5557 5559 5560 AND
2 1 207 582 5561 AND
2 1 4555 5561 5562 AND
2 1 5560 5562 5563 AND
2 1 45 91 5564 AND
2 1 483 5564 5565 AND
2 1 5563 5565 5566 AND
2 1 2 5566 5567 AND
2 1 654 3182 5579 AND
2 1 582 5579 5580 AND
2 1 168 4597 5581 AND
2 1 5580 5581 5582 AND
2 1 5578 5582 5583 AND
2 1 288 5583 5584 AND
2 1 2900 4143 5585 AND
2 1 5584 5585 5586 AND
2 1 2587 5586 5587 AND
2 1 387 418 5588 AND
2 1 568 5588 5589 AND
2 1 5587 5589 5590 AND
2 1 113 695 5591 AND
2 1 1343 5591 5592 AND
2 1 5590 5592 5593 AND
2 1 210 556 5594 AND
2 1 755 5594 5595 AND
2 1 5593 5595 5596 AND
2 1 413 850 5597 AND
2 1 5596 5597 5598 AND
2 1 2 5598 5599 AND
2 1 1167 2554 2555 AND
2 1 2555 4860 5608 AND
2 1 1402 5607 5609 AND
2 1 5608 5609 5610 AND
2 1 993 1565 5611 AND
2 1 4901 5611 5612 AND
2 1 5610 5612 5613 AND
2 1 418 716 5614 AND
2 1 943 5614 5615 AND
2 1 5613 5615 5616 AND
2 1 188 190 5617 AND
2 1 239 5617 5618 AND
2 1 5616 5618 5619 AND
2 1 415 5619 5620 AND
2 1 170 1036 5621 AND
2 1 554 5621 5622 AND
2 1 438 653 5623 AND
2 1 678 5623 5624 AND
2 1 5622 5624 5625 AND
2 1 2204 4138 5628 AND
2 1 5627 5628 5629 AND
2 1 2771 5629 5630 AND
2 1 5625 5630 5631 AND
2 1 2714 5631 5632 AND
2 1 297 5606 5633 AND
2 1 5632 5633 5634 AND
2 1 5620 5634 5635 AND
2 1 165 4555 5636 AND
2 1 5635 5636 5637 AND
2 1 1255 5637 5638 AND
2 1 453 528 5639 AND
2 1 850 5639 5640 AND
2 1 5638 5640 5641 AND
2 1 2 5641 5642 AND
2 1 2811 2810 5643 XOR
2 1 39 5643 5644 AND
2 1 2152 2957 5645 AND
2 1 2351 2959 5646 AND
2 1 2254 2962 5647 AND
2 1 5646 5647 5648 AND
2 1 5645 5648 5649 AND
2 1 5644 5649 5650 AND
2 1 5641 2 5651 XOR
2 1 5650 5651 5652 AND
2 1 5642 5652 5653 AND
2 1 5598 2 5654 XOR
2 1 5653 5654 5655 AND
2 1 5599 5655 5656 AND
2 1 5566 2 5657 XOR
2 1 5656 5657 5658 AND
2 1 5567 5658 5659 AND
2 1 5407 5 5660 XOR
2 1 5659 5660 5661 AND
2 1 2820 2819 5662 XOR
2 1 39 5662 5663 AND
2 1 1955 2957 5664 AND
2 1 2115 2959 5665 AND
2 1 2020 2962 5666 AND
2 1 5665 5666 5667 AND
2 1 5664 5667 5668 AND
2 1 5663 5668 5669 AND
2 1 5660 5659 5670 XOR
2 1 5669 5670 5671 AND
2 1 5661 5671 5672 AND
2 1 5540 5672 5673 AND
2 1 5672 5540 5674 XOR
2 1 1841 3461 5676 AND
2 1 1628 3377 5675 AND
2 1 1743 3525 5677 AND
2 1 5675 5677 5678 AND
2 1 5676 5678 5679 AND
2 1 3288 5033 5680 AND
2 1 5679 5680 5681 AND
2 1 5681 29 5682 XOR
2 1 5674 5682 5683 AND
2 1 5673 5683 5684 AND
2 1 5538 5530 5685 XOR
2 1 5684 5685 5686 AND
2 1 5539 5686 5687 AND
2 1 5529 5687 5688 AND
2 1 5528 5688 5689 AND
2 1 5446 5438 5690 XOR
2 1 5689 5690 5691 AND
2 1 5690 5689 5692 XOR
2 1 1024 3781 5693 AND
2 1 1199 3863 5694 AND
2 1 1142 3941 5695 AND
2 1 5694 5695 5696 AND
2 1 5693 5696 5697 AND
2 1 3945 4295 5698 AND
2 1 5697 5698 5699 AND
2 1 5699 26 5700 XOR
2 1 5692 5700 5701 AND
2 1 5691 5701 5702 AND
2 1 5518 5702 5703 AND
2 1 5702 5518 5704 XOR
2 1 831 4377 5706 AND
2 1 551 4488 5705 AND
2 1 674 4425 5707 AND
2 1 5705 5707 5708 AND
2 1 5706 5708 5709 AND
2 1 3259 4379 5710 AND
2 1 5709 5710 5711 AND
2 1 5711 23 5712 XOR
2 1 5704 5712 5713 AND
2 1 5703 5713 5714 AND
2 1 5517 5714 5715 AND
2 1 5516 5715 5716 AND
2 1 5506 5716 5717 AND
2 1 5716 5506 5718 XOR
2 1 3458 4681 5720 AND
2 1 3376 5157 5719 AND
2 1 3524 5096 5721 AND
2 1 5719 5721 5722 AND
2 1 5720 5722 5723 AND
2 1 3539 4683 5724 AND
2 1 5723 5724 5725 AND
2 1 5725 20 5726 XOR
2 1 5718 5726 5727 AND
2 1 5717 5727 5728 AND
2 1 5505 5728 5729 AND
2 1 5728 5505 5730 XOR
2 1 3860 5273 5733 AND
2 1 5270 5271 5731 AND
2 1 3778 5731 5732 AND
2 1 3940 5494 5734 AND
2 1 5732 5734 5735 AND
2 1 5733 5735 5736 AND
2 1 3961 5275 5737 AND
2 1 5736 5737 5738 AND
2 1 5738 17 5739 XOR
2 1 5730 5739 5740 AND
2 1 5729 5740 5741 AND
2 1 3940 5273 5743 AND
2 1 4368 5731 5742 AND
2 1 3778 5494 5744 AND
2 1 5742 5744 5745 AND
2 1 5743 5745 5746 AND
2 1 4504 5275 5747 AND
2 1 5746 5747 5748 AND
2 1 5748 17 5749 XOR
2 1 5741 5749 5750 AND
2 1 5749 5741 5751 XOR
2 1 5488 5487 5752 XOR
2 1 5751 5752 5753 AND
2 1 5750 5753 5754 AND
2 1 5504 5754 5755 AND
2 1 5754 5504 5756 XOR
2 1 5726 5718 5757 XOR
2 1 5714 5517 5758 XOR
2 1 3458 5096 5761 AND
2 1 3524 5157 5759 AND
2 1 2951 4681 5760 AND
2 1 5759 5760 5762 AND
2 1 5761 5762 5763 AND
2 1 3972 4683 5764 AND
2 1 5763 5764 5765 AND
2 1 5765 20 5766 XOR
2 1 5758 5766 5767 AND
2 1 5712 5704 5768 XOR
2 1 5700 5692 5769 XOR
2 1 5687 5529 5770 XOR
2 1 1328 3863 5772 AND
2 1 1142 3781 5771 AND
2 1 1199 3941 5773 AND
2 1 5771 5773 5774 AND
2 1 5772 5774 5775 AND
2 1 3945 4627 5776 AND
2 1 5775 5776 5777 AND
2 1 5777 26 5778 XOR
2 1 5770 5778 5779 AND
2 1 5685 5684 5780 XOR
2 1 1743 3461 5782 AND
2 1 1536 3377 5781 AND
2 1 1628 3525 5783 AND
2 1 5781 5783 5784 AND
2 1 5782 5784 5785 AND
2 1 3288 5200 5786 AND
2 1 5785 5786 5787 AND
2 1 5787 29 5788 XOR
2 1 5780 5788 5789 AND
2 1 5788 5780 5790 XOR
2 1 1199 3781 5791 AND
2 1 1436 3863 5792 AND
2 1 1328 3941 5793 AND
2 1 5792 5793 5794 AND
2 1 5791 5794 5795 AND
2 1 3945 4615 5796 AND
2 1 5795 5796 5797 AND
2 1 5797 26 5798 XOR
2 1 5790 5798 5799 AND
2 1 5789 5799 5800 AND
2 1 5778 5770 5801 XOR
2 1 5800 5801 5802 AND
2 1 5779 5802 5803 AND
2 1 5769 5803 5804 AND
2 1 5803 5769 5805 XOR
2 1 831 4425 5808 AND
2 1 674 4488 5806 AND
2 1 922 4377 5807 AND
2 1 5806 5807 5809 AND
2 1 5808 5809 5810 AND
2 1 4056 4379 5811 AND
2 1 5810 5811 5812 AND
2 1 5812 23 5813 XOR
2 1 5805 5813 5814 AND
2 1 5804 5814 5815 AND
2 1 5768 5815 5816 AND
2 1 5815 5768 5817 XOR
2 1 3458 5157 5818 AND
2 1 356 4681 5819 AND
2 1 2951 5096 5820 AND
2 1 5819 5820 5821 AND
2 1 5818 5821 5822 AND
2 1 3621 4683 5823 AND
2 1 5822 5823 5824 AND
2 1 5824 20 5825 XOR
2 1 5817 5825 5826 AND
2 1 5816 5826 5827 AND
2 1 5766 5758 5828 XOR
2 1 5827 5828 5829 AND
2 1 5767 5829 5830 AND
2 1 5757 5830 5831 AND
2 1 5830 5757 5832 XOR
2 1 3860 5494 5835 AND
2 1 3940 5731 5833 AND
2 1 3707 5273 5834 AND
2 1 5833 5834 5836 AND
2 1 5835 5836 5837 AND
2 1 4335 5275 5838 AND
2 1 5837 5838 5839 AND
2 1 5839 17 5840 XOR
2 1 5832 5840 5841 AND
2 1 5831 5841 5842 AND
2 1 13 12 5846 XOR
2 1 12 11 5843 XOR
2 1 14 13 5844 XOR
2 1 5843 5844 5847 AND
2 1 5846 5847 5848 AND
2 1 4368 5848 5849 AND
2 1 5843 5844 5845 AND
2 1 4372 5845 5850 AND
2 1 5849 5850 5851 AND
2 1 5851 14 5852 XOR
2 1 5842 5852 5853 AND
2 1 5739 5730 5854 XOR
2 1 5852 5842 5855 XOR
2 1 5854 5855 5856 AND
2 1 5853 5856 5857 AND
2 1 5752 5751 5858 XOR
2 1 5857 5858 5859 AND
2 1 5858 5857 5860 XOR
2 1 5855 5854 5861 XOR
2 1 3860 5731 5862 AND
2 1 3376 5273 5863 AND
2 1 3707 5494 5864 AND
2 1 5863 5864 5865 AND
2 1 5862 5865 5866 AND
2 1 4393 5275 5867 AND
2 1 5866 5867 5868 AND
2 1 5868 17 5869 XOR
2 1 5828 5827 5870 XOR
2 1 5869 5870 5871 AND
2 1 5870 5869 5872 XOR
2 1 5825 5817 5873 XOR
2 1 5813 5805 5874 XOR
2 1 831 4488 5875 AND
2 1 1024 4377 5876 AND
2 1 922 4425 5877 AND
2 1 5876 5877 5878 AND
2 1 5875 5878 5879 AND
2 1 4075 4379 5880 AND
2 1 5879 5880 5881 AND
2 1 5881 23 5882 XOR
2 1 5801 5800 5883 XOR
2 1 5882 5883 5884 AND
2 1 5883 5882 5885 XOR
2 1 5798 5790 5886 XOR
2 1 5670 5669 5887 XOR
2 1 5657 5656 5888 XOR
2 1 2817 2816 5892 XOR
2 1 39 5892 5893 AND
2 1 2152 2959 5891 AND
2 1 2020 2957 5889 AND
2 1 2115 2962 5890 AND
2 1 5889 5890 5894 AND
2 1 5891 5894 5895 AND
2 1 5893 5895 5896 AND
2 1 5888 5896 5897 AND
2 1 5654 5653 5898 XOR
2 1 2814 2813 5902 XOR
2 1 39 5902 5903 AND
2 1 2254 2959 5901 AND
2 1 2115 2957 5899 AND
2 1 2152 2962 5900 AND
2 1 5899 5900 5904 AND
2 1 5901 5904 5905 AND
2 1 5903 5905 5906 AND
2 1 5898 5906 5907 AND
2 1 5651 5650 5908 XOR
2 1 87 482 5926 AND
2 1 121 234 5927 AND
2 1 5926 5927 5928 AND
2 1 655 3443 5929 AND
2 1 5355 5929 5930 AND
2 1 5928 5930 5931 AND
2 1 139 170 5923 AND
2 1 4880 5923 5924 AND
2 1 619 5924 5925 AND
2 1 1672 5925 5932 AND
2 1 5931 5932 5933 AND
2 1 4243 5933 5934 AND
2 1 4273 5934 5935 AND
2 1 2572 4225 5909 AND
2 1 4597 5909 5910 AND
2 1 4148 5910 5911 AND
2 1 838 1256 5912 AND
2 1 5911 5912 5913 AND
2 1 1758 5913 5914 AND
2 1 80 1103 5915 AND
2 1 2932 5915 5916 AND
2 1 5914 5916 5917 AND
2 1 218 581 5918 AND
2 1 773 5918 5919 AND
2 1 5917 5919 5920 AND
2 1 332 755 5921 AND
2 1 5920 5921 5922 AND
2 1 418 695 5936 AND
2 1 5922 5936 5937 AND
2 1 5935 5937 5938 AND
2 1 100 212 5939 AND
2 1 1442 5939 5940 AND
2 1 5938 5940 5941 AND
2 1 237 262 5942 AND
2 1 400 5942 5943 AND
2 1 5941 5943 5944 AND
2 1 2808 2807 5948 XOR
2 1 39 5948 5949 AND
2 1 2426 2959 5947 AND
2 1 2254 2957 5945 AND
2 1 2351 2962 5946 AND
2 1 5945 5946 5950 AND
2 1 5947 5950 5951 AND
2 1 5949 5951 5952 AND
2 1 5944 5952 5953 AND
2 1 242 360 5954 AND
2 1 496 5954 5955 AND
2 1 4739 5955 5956 AND
2 1 1550 1749 5957 AND
2 1 5956 5957 5958 AND
2 1 4006 5958 5959 AND
2 1 64 631 5960 AND
2 1 2545 5960 5961 AND
2 1 5959 5961 5962 AND
2 1 71 153 5963 AND
2 1 605 5963 5964 AND
2 1 5962 5964 5965 AND
2 1 45 528 5966 AND
2 1 741 5966 5967 AND
2 1 5965 5967 5968 AND
2 1 1704 2183 5975 AND
2 1 3336 5975 5976 AND
2 1 248 424 5973 AND
2 1 1092 5973 5974 AND
2 1 1655 5974 5977 AND
2 1 5976 5977 5978 AND
2 1 848 1026 5969 AND
2 1 387 5969 5970 AND
2 1 262 489 5971 AND
2 1 5970 5971 5972 AND
2 1 841 1672 5979 AND
2 1 5972 5979 5980 AND
2 1 5978 5980 5981 AND
2 1 4235 5981 5982 AND
2 1 232 5982 5983 AND
2 1 414 4781 5984 AND
2 1 5983 5984 5985 AND
2 1 5968 5985 5986 AND
2 1 115 158 5987 AND
2 1 1725 5987 5988 AND
2 1 5986 5988 5989 AND
2 1 137 239 5990 AND
2 1 457 5990 5991 AND
2 1 5989 5991 5992 AND
2 1 164 5992 5993 AND
2 1 2805 2804 5997 XOR
2 1 39 5997 5998 AND
2 1 2495 2959 5996 AND
2 1 2351 2957 5994 AND
2 1 2426 2962 5995 AND
2 1 5994 5995 5999 AND
2 1 5996 5999 6000 AND
2 1 5998 6000 6001 AND
2 1 5993 6001 6002 AND
2 1 680 716 6014 AND
2 1 1788 6014 6015 AND
2 1 453 6015 6016 AND
2 1 1388 1552 6017 AND
2 1 6016 6017 6018 AND
2 1 4858 6013 6019 AND
2 1 6018 6019 6020 AND
2 1 362 598 6021 AND
2 1 684 6021 6022 AND
2 1 6020 6022 6023 AND
2 1 116 318 6024 AND
2 1 741 6024 6025 AND
2 1 6023 6025 6026 AND
2 1 896 1593 6027 AND
2 1 6026 6027 6028 AND
2 1 236 676 6029 AND
2 1 6028 6029 6030 AND
2 1 243 2154 6003 AND
2 1 882 6003 6004 AND
2 1 64 253 6005 AND
2 1 767 6005 6006 AND
2 1 6004 6006 6007 AND
2 1 210 430 6008 AND
2 1 636 6008 6009 AND
2 1 6007 6009 6010 AND
2 1 291 303 6031 AND
2 1 522 6031 6032 AND
2 1 2132 6032 6033 AND
2 1 136 1461 6034 AND
2 1 6033 6034 6035 AND
2 1 3670 6035 6036 AND
2 1 2333 6036 6037 AND
2 1 6010 6037 6038 AND
2 1 6030 6038 6039 AND
2 1 4932 6039 6040 AND
2 1 317 331 6041 AND
2 1 789 6041 6042 AND
2 1 6040 6042 6043 AND
2 1 155 189 6044 AND
2 1 400 6044 6045 AND
2 1 6043 6045 6046 AND
2 1 2802 2801 6050 XOR
2 1 39 6050 6051 AND
2 1 2533 2959 6049 AND
2 1 2426 2957 6047 AND
2 1 2495 2962 6048 AND
2 1 6047 6048 6052 AND
2 1 6049 6052 6053 AND
2 1 6051 6053 6054 AND
2 1 6046 6054 6055 AND
2 1 122 270 6068 AND
2 1 791 6068 6069 AND
2 1 6067 6069 6070 AND
2 1 244 296 6074 AND
2 1 568 6074 6075 AND
2 1 1542 6075 6076 AND
2 1 4138 6073 6077 AND
2 1 6076 6077 6078 AND
2 1 6070 6078 6079 AND
2 1 3329 3468 6056 AND
2 1 3244 6056 6057 AND
2 1 87 1069 6058 AND
2 1 1487 6058 6059 AND
2 1 6057 6059 6060 AND
2 1 310 391 6061 AND
2 1 6060 6061 6062 AND
2 1 304 366 6063 AND
2 1 394 6063 6064 AND
2 1 6062 6064 6065 AND
2 1 769 6065 6080 AND
2 1 6079 6080 6081 AND
2 1 2221 6081 6082 AND
2 1 1105 1495 6083 AND
2 1 2535 6083 6084 AND
2 1 6082 6084 6085 AND
2 1 317 942 6086 AND
2 1 1125 6086 6087 AND
2 1 6085 6087 6088 AND
2 1 263 454 6089 AND
2 1 532 6089 6090 AND
2 1 6088 6090 6091 AND
2 1 128 587 6092 AND
2 1 6091 6092 6093 AND
2 1 2799 2798 6097 XOR
2 1 39 6097 6098 AND
2 1 2639 2959 6096 AND
2 1 2495 2957 6094 AND
2 1 2533 2962 6095 AND
2 1 6094 6095 6099 AND
2 1 6096 6099 6100 AND
2 1 6098 6100 6101 AND
2 1 6093 6101 6102 AND
2 1 108 197 6135 AND
2 1 849 6135 6136 AND
2 1 1185 6136 6137 AND
2 1 1578 6137 6138 AND
2 1 2596 6138 6139 AND
2 1 1418 6139 6140 AND
2 1 1492 2597 6110 AND
2 1 1580 6110 6111 AND
2 1 336 679 6112 AND
2 1 3783 6112 6113 AND
2 1 6111 6113 6114 AND
2 1 330 597 6115 AND
2 1 6114 6115 6116 AND
2 1 521 2052 6119 AND
2 1 96 165 6117 AND
2 1 3500 6117 6118 AND
2 1 861 2385 6120 AND
2 1 6118 6120 6121 AND
2 1 6119 6121 6122 AND
2 1 629 1440 6123 AND
2 1 6122 6123 6124 AND
2 1 6116 6124 6125 AND
2 1 191 790 6126 AND
2 1 1495 6126 6127 AND
2 1 6125 6127 6128 AND
2 1 156 482 6129 AND
2 1 1065 6129 6130 AND
2 1 6128 6130 6131 AND
2 1 438 496 6132 AND
2 1 896 6132 6133 AND
2 1 6131 6133 6134 AND
2 1 1984 6109 6141 AND
2 1 6134 6141 6142 AND
2 1 6140 6142 6143 AND
2 1 265 1066 6103 AND
2 1 264 6103 6104 AND
2 1 167 251 6105 AND
2 1 290 6105 6106 AND
2 1 6104 6106 6107 AND
2 1 236 295 6144 AND
2 1 6107 6144 6145 AND
2 1 6143 6145 6146 AND
2 1 415 526 6147 AND
2 1 1068 6147 6148 AND
2 1 6146 6148 6149 AND
2 1 619 6149 6150 AND
2 1 597 1091 6172 AND
2 1 3546 6172 6173 AND
2 1 699 1550 6174 AND
2 1 6173 6174 6175 AND
2 1 2067 6175 6176 AND
2 1 6171 6176 6177 AND
2 1 4027 6177 6178 AND
2 1 264 2668 6151 AND
2 1 75 338 6152 AND
2 1 1270 6152 6153 AND
2 1 6151 6153 6154 AND
2 1 295 335 6155 AND
2 1 527 6155 6156 AND
2 1 6154 6156 6157 AND
2 1 474 1631 6179 AND
2 1 6157 6179 6180 AND
2 1 6178 6180 6181 AND
2 1 252 833 6182 AND
2 1 2428 6182 6183 AND
2 1 6181 6183 6184 AND
2 1 200 253 6185 AND
2 1 774 6185 6186 AND
2 1 6184 6186 6187 AND
2 1 167 218 6188 AND
2 1 475 6188 6189 AND
2 1 6187 6189 6190 AND
2 1 210 331 6191 AND
2 1 741 6191 6192 AND
2 1 6190 6192 6193 AND
2 1 2700 2793 6197 AND
2 1 6197 2639 6198 XOR
2 1 39 6198 6199 AND
2 1 2639 2957 6194 AND
2 1 2700 2962 6195 AND
2 1 2793 2959 6196 AND
2 1 6195 6196 6200 AND
2 1 6194 6200 6201 AND
2 1 6199 6201 6202 AND
2 1 6193 6202 6203 AND
2 1 6150 6203 6204 AND
2 1 2796 2795 6205 XOR
2 1 39 6205 6206 AND
2 1 2533 2957 6207 AND
2 1 2700 2959 6208 AND
2 1 2639 2962 6209 AND
2 1 6208 6209 6210 AND
2 1 6207 6210 6211 AND
2 1 6206 6211 6212 AND
2 1 6203 6150 6213 XOR
2 1 6212 6213 6214 AND
2 1 6204 6214 6215 AND
2 1 6101 6093 6216 XOR
2 1 6215 6216 6217 AND
2 1 6102 6217 6218 AND
2 1 6054 6046 6219 XOR
2 1 6218 6219 6220 AND
2 1 6055 6220 6221 AND
2 1 6001 5993 6222 XOR
2 1 6221 6222 6223 AND
2 1 6002 6223 6224 AND
2 1 5952 5944 6225 XOR
2 1 6224 6225 6226 AND
2 1 5953 6226 6227 AND
2 1 5908 6227 6228 AND
2 1 6227 5908 6229 XOR
2 1 1955 3377 6230 AND
2 1 2115 3461 6231 AND
2 1 2020 3525 6232 AND
2 1 6231 6232 6233 AND
2 1 6230 6233 6234 AND
2 1 3288 5662 6235 AND
2 1 6234 6235 6236 AND
2 1 6236 29 6237 XOR
2 1 6229 6237 6238 AND
2 1 6228 6238 6239 AND
2 1 5906 5898 6240 XOR
2 1 6239 6240 6241 AND
2 1 5907 6241 6242 AND
2 1 5896 5888 6243 XOR
2 1 6242 6243 6244 AND
2 1 5897 6244 6245 AND
2 1 5887 6245 6246 AND
2 1 6245 5887 6247 XOR
2 1 1841 3525 6250 AND
2 1 1743 3377 6248 AND
2 1 1876 3461 6249 AND
2 1 6248 6249 6251 AND
2 1 6250 6251 6252 AND
2 1 3288 5426 6253 AND
2 1 6252 6253 6254 AND
2 1 6254 29 6255 XOR
2 1 6247 6255 6256 AND
2 1 6246 6256 6257 AND
2 1 5682 5674 6258 XOR
2 1 6257 6258 6259 AND
2 1 6258 6257 6260 XOR
2 1 1328 3781 6261 AND
2 1 1536 3863 6262 AND
2 1 1436 3941 6263 AND
2 1 6262 6263 6264 AND
2 1 6261 6264 6265 AND
2 1 3945 4830 6266 AND
2 1 6265 6266 6267 AND
2 1 6267 26 6268 XOR
2 1 6260 6268 6269 AND
2 1 6259 6269 6270 AND
2 1 5886 6270 6271 AND
2 1 6270 5886 6272 XOR
2 1 922 4488 6273 AND
2 1 1142 4377 6274 AND
2 1 1024 4425 6275 AND
2 1 6274 6275 6276 AND
2 1 6273 6276 6277 AND
2 1 4379 4443 6278 AND
2 1 6277 6278 6279 AND
2 1 6279 23 6280 XOR
2 1 6272 6280 6281 AND
2 1 6271 6281 6282 AND
2 1 5885 6282 6283 AND
2 1 5884 6283 6284 AND
2 1 5874 6284 6285 AND
2 1 6284 5874 6286 XOR
2 1 2951 5157 6287 AND
2 1 551 4681 6288 AND
2 1 356 5096 6289 AND
2 1 6288 6289 6290 AND
2 1 6287 6290 6291 AND
2 1 2955 4683 6292 AND
2 1 6291 6292 6293 AND
2 1 6293 20 6294 XOR
2 1 6286 6294 6295 AND
2 1 6285 6295 6296 AND
2 1 5873 6296 6297 AND
2 1 6296 5873 6298 XOR
2 1 3707 5731 6299 AND
2 1 3524 5273 6300 AND
2 1 3376 5494 6301 AND
2 1 6300 6301 6302 AND
2 1 6299 6302 6303 AND
2 1 3722 5275 6304 AND
2 1 6303 6304 6305 AND
2 1 6305 17 6306 XOR
2 1 6298 6306 6307 AND
2 1 6297 6307 6308 AND
2 1 5872 6308 6309 AND
2 1 5871 6309 6310 AND
2 1 3778 5848 6311 AND
2 1 5843 5846 6312 AND
2 1 4368 6312 6313 AND
2 1 6311 6313 6314 AND
2 1 4429 5845 6315 AND
2 1 6314 6315 6316 AND
2 1 6316 14 6317 XOR
2 1 6310 6317 6318 AND
2 1 5840 5832 6319 XOR
2 1 6317 6310 6320 XOR
2 1 6319 6320 6321 AND
2 1 6318 6321 6322 AND
2 1 5861 6322 6323 AND
2 1 6322 5861 6324 XOR
2 1 6306 6298 6325 XOR
2 1 6294 6286 6326 XOR
2 1 6282 5885 6327 XOR
2 1 356 5157 6328 AND
2 1 674 4681 6329 AND
2 1 551 5096 6330 AND
2 1 6329 6330 6331 AND
2 1 6328 6331 6332 AND
2 1 3273 4683 6333 AND
2 1 6332 6333 6334 AND
2 1 6334 20 6335 XOR
2 1 6327 6335 6336 AND
2 1 6280 6272 6337 XOR
2 1 6268 6260 6338 XOR
2 1 6255 6247 6339 XOR
2 1 1436 3781 6340 AND
2 1 1628 3863 6341 AND
2 1 1536 3941 6342 AND
2 1 6341 6342 6343 AND
2 1 6340 6343 6344 AND
2 1 3945 4849 6345 AND
2 1 6344 6345 6346 AND
2 1 6346 26 6347 XOR
2 1 6339 6347 6348 AND
2 1 6243 6242 6349 XOR
2 1 1841 3377 6350 AND
2 1 1955 3461 6351 AND
2 1 1876 3525 6352 AND
2 1 6351 6352 6353 AND
2 1 6350 6353 6354 AND
2 1 3288 5534 6355 AND
2 1 6354 6355 6356 AND
2 1 6356 29 6357 XOR
2 1 6349 6357 6358 AND
2 1 6357 6349 6359 XOR
2 1 1743 3863 6361 AND
2 1 1536 3781 6360 AND
2 1 1628 3941 6362 AND
2 1 6360 6362 6363 AND
2 1 6361 6363 6364 AND
2 1 3945 5200 6365 AND
2 1 6364 6365 6366 AND
2 1 6366 26 6367 XOR
2 1 6359 6367 6368 AND
2 1 6358 6368 6369 AND
2 1 6347 6339 6370 XOR
2 1 6369 6370 6371 AND
2 1 6348 6371 6372 AND
2 1 6338 6372 6373 AND
2 1 6372 6338 6374 XOR
2 1 1024 4488 6375 AND
2 1 1199 4377 6376 AND
2 1 1142 4425 6377 AND
2 1 6376 6377 6378 AND
2 1 6375 6378 6379 AND
2 1 4295 4379 6380 AND
2 1 6379 6380 6381 AND
2 1 6381 23 6382 XOR
2 1 6374 6382 6383 AND
2 1 6373 6383 6384 AND
2 1 6337 6384 6385 AND
2 1 6384 6337 6386 XOR
2 1 831 4681 6388 AND
2 1 551 5157 6387 AND
2 1 674 5096 6389 AND
2 1 6387 6389 6390 AND
2 1 6388 6390 6391 AND
2 1 3259 4683 6392 AND
2 1 6391 6392 6393 AND
2 1 6393 20 6394 XOR
2 1 6386 6394 6395 AND
2 1 6385 6395 6396 AND
2 1 6335 6327 6397 XOR
2 1 6396 6397 6398 AND
2 1 6336 6398 6399 AND
2 1 6326 6399 6400 AND
2 1 6399 6326 6401 XOR
2 1 3458 5273 6403 AND
2 1 3376 5731 6402 AND
2 1 3524 5494 6404 AND
2 1 6402 6404 6405 AND
2 1 6403 6405 6406 AND
2 1 3539 5275 6407 AND
2 1 6406 6407 6408 AND
2 1 6408 17 6409 XOR
2 1 6401 6409 6410 AND
2 1 6400 6410 6411 AND
2 1 6325 6411 6412 AND
2 1 6411 6325 6413 XOR
2 1 3860 5848 6416 AND
2 1 5843 5844 6414 AND
2 1 3778 6414 6415 AND
2 1 3940 6312 6417 AND
2 1 6415 6417 6418 AND
2 1 6416 6418 6419 AND
2 1 3961 5845 6420 AND
2 1 6419 6420 6421 AND
2 1 6421 14 6422 XOR
2 1 6413 6422 6423 AND
2 1 6412 6423 6424 AND
2 1 3940 5848 6426 AND
2 1 4368 6414 6425 AND
2 1 3778 6312 6427 AND
2 1 6425 6427 6428 AND
2 1 6426 6428 6429 AND
2 1 4504 5845 6430 AND
2 1 6429 6430 6431 AND
2 1 6431 14 6432 XOR
2 1 6424 6432 6433 AND
2 1 6308 5872 6434 XOR
2 1 6432 6424 6435 XOR
2 1 6434 6435 6436 AND
2 1 6433 6436 6437 AND
2 1 6320 6319 6438 XOR
2 1 6437 6438 6439 AND
2 1 6409 6401 6440 XOR
2 1 3458 5494 6443 AND
2 1 3524 5731 6441 AND
2 1 2951 5273 6442 AND
2 1 6441 6442 6444 AND
2 1 6443 6444 6445 AND
2 1 3972 5275 6446 AND
2 1 6445 6446 6447 AND
2 1 6447 17 6448 XOR
2 1 6397 6396 6449 XOR
2 1 6448 6449 6450 AND
2 1 6449 6448 6451 XOR
2 1 6394 6386 6452 XOR
2 1 6382 6374 6453 XOR
2 1 1328 4377 6455 AND
2 1 1142 4488 6454 AND
2 1 1199 4425 6456 AND
2 1 6454 6456 6457 AND
2 1 6455 6457 6458 AND
2 1 4379 4627 6459 AND
2 1 6458 6459 6460 AND
2 1 6460 23 6461 XOR
2 1 6370 6369 6462 XOR
2 1 6461 6462 6463 AND
2 1 6462 6461 6464 XOR
2 1 6367 6359 6465 XOR
2 1 6240 6239 6466 XOR
2 1 1955 3525 6469 AND
2 1 1876 3377 6467 AND
2 1 2020 3461 6468 AND
2 1 6467 6468 6470 AND
2 1 6469 6470 6471 AND
2 1 3288 5411 6472 AND
2 1 6471 6472 6473 AND
2 1 6473 29 6474 XOR
2 1 6466 6474 6475 AND
2 1 6474 6466 6476 XOR
2 1 1841 3863 6478 AND
2 1 1628 3781 6477 AND
2 1 1743 3941 6479 AND
2 1 6477 6479 6480 AND
2 1 6478 6480 6481 AND
2 1 3945 5033 6482 AND
2 1 6481 6482 6483 AND
2 1 6483 26 6484 XOR
2 1 6476 6484 6485 AND
2 1 6475 6485 6486 AND
2 1 6465 6486 6487 AND
2 1 6486 6465 6488 XOR
2 1 1199 4488 6489 AND
2 1 1436 4377 6490 AND
2 1 1328 4425 6491 AND
2 1 6490 6491 6492 AND
2 1 6489 6492 6493 AND
2 1 4379 4615 6494 AND
2 1 6493 6494 6495 AND
2 1 6495 23 6496 XOR
2 1 6488 6496 6497 AND
2 1 6487 6497 6498 AND
2 1 6464 6498 6499 AND
2 1 6463 6499 6500 AND
2 1 6453 6500 6501 AND
2 1 6500 6453 6502 XOR
2 1 831 5096 6505 AND
2 1 674 5157 6503 AND
2 1 922 4681 6504 AND
2 1 6503 6504 6506 AND
2 1 6505 6506 6507 AND
2 1 4056 4683 6508 AND
2 1 6507 6508 6509 AND
2 1 6509 20 6510 XOR
2 1 6502 6510 6511 AND
2 1 6501 6511 6512 AND
2 1 6452 6512 6513 AND
2 1 6512 6452 6514 XOR
2 1 3458 5731 6515 AND
2 1 356 5273 6516 AND
2 1 2951 5494 6517 AND
2 1 6516 6517 6518 AND
2 1 6515 6518 6519 AND
2 1 3621 5275 6520 AND
2 1 6519 6520 6521 AND
2 1 6521 17 6522 XOR
2 1 6514 6522 6523 AND
2 1 6513 6523 6524 AND
2 1 6451 6524 6525 AND
2 1 6450 6525 6526 AND
2 1 6440 6526 6527 AND
2 1 6526 6440 6528 XOR
2 1 3860 6312 6531 AND
2 1 3940 6414 6529 AND
2 1 3707 5848 6530 AND
2 1 6529 6530 6532 AND
2 1 6531 6532 6533 AND
2 1 4335 5845 6534 AND
2 1 6533 6534 6535 AND
2 1 6535 14 6536 XOR
2 1 6528 6536 6537 AND
2 1 6527 6537 6538 AND
2 1 10 9 6539 XOR
2 1 11 10 6540 XOR
2 1 9 8 6541 XOR
2 1 6540 6541 6542 AND
2 1 6539 6542 6543 AND
2 1 4368 6543 6544 AND
2 1 6540 6541 6545 AND
2 1 4372 6545 6546 AND
2 1 6544 6546 6547 AND
2 1 6547 11 6548 XOR
2 1 6538 6548 6549 AND
2 1 6422 6413 6550 XOR
2 1 6548 6538 6551 XOR
2 1 6550 6551 6552 AND
2 1 6549 6552 6553 AND
2 1 6434 6432 6554 XOR
2 1 6554 6424 6555 XOR
2 1 6553 6555 6556 AND
2 1 6551 6550 6557 XOR
2 1 6524 6451 6558 XOR
2 1 3860 6414 6559 AND
2 1 3376 5848 6560 AND
2 1 3707 6312 6561 AND
2 1 6560 6561 6562 AND
2 1 6559 6562 6563 AND
2 1 4393 5845 6564 AND
2 1 6563 6564 6565 AND
2 1 6565 14 6566 XOR
2 1 6558 6566 6567 AND
2 1 6522 6514 6568 XOR
2 1 6510 6502 6569 XOR
2 1 6498 6464 6570 XOR
2 1 831 5157 6571 AND
2 1 1024 4681 6572 AND
2 1 922 5096 6573 AND
2 1 6572 6573 6574 AND
2 1 6571 6574 6575 AND
2 1 4075 4683 6576 AND
2 1 6575 6576 6577 AND
2 1 6577 20 6578 XOR
2 1 6570 6578 6579 AND
2 1 6496 6488 6580 XOR
2 1 6484 6476 6581 XOR
2 1 6225 6224 6582 XOR
2 1 2020 3377 6583 AND
2 1 2152 3461 6584 AND
2 1 2115 3525 6585 AND
2 1 6584 6585 6586 AND
2 1 6583 6586 6587 AND
2 1 3288 5892 6588 AND
2 1 6587 6588 6589 AND
2 1 6589 29 6590 XOR
2 1 6582 6590 6591 AND
2 1 6222 6221 6592 XOR
2 1 2115 3377 6593 AND
2 1 2254 3461 6594 AND
2 1 2152 3525 6595 AND
2 1 6594 6595 6596 AND
2 1 6593 6596 6597 AND
2 1 3288 5902 6598 AND
2 1 6597 6598 6599 AND
2 1 6599 29 6600 XOR
2 1 6592 6600 6601 AND
2 1 2152 3377 6602 AND
2 1 2351 3461 6603 AND
2 1 2254 3525 6604 AND
2 1 6603 6604 6605 AND
2 1 6602 6605 6606 AND
2 1 3288 5643 6607 AND
2 1 6606 6607 6608 AND
2 1 6608 29 6609 XOR
2 1 6219 6218 6610 XOR
2 1 6609 6610 6611 AND
2 1 6610 6609 6612 XOR
2 1 2426 3461 6614 AND
2 1 2254 3377 6613 AND
2 1 2351 3525 6615 AND
2 1 6613 6615 6616 AND
2 1 6614 6616 6617 AND
2 1 3288 5948 6618 AND
2 1 6617 6618 6619 AND
2 1 6619 29 6620 XOR
2 1 6216 6215 6621 XOR
2 1 6620 6621 6622 AND
2 1 6621 6620 6623 XOR
2 1 2426 3525 6626 AND
2 1 2351 3377 6624 AND
2 1 2495 3461 6625 AND
2 1 6624 6625 6627 AND
2 1 6626 6627 6628 AND
2 1 3288 5997 6629 AND
2 1 6628 6629 6630 AND
2 1 6630 29 6631 XOR
2 1 6213 6212 6632 XOR
2 1 6631 6632 6633 AND
2 1 6632 6631 6634 XOR
2 1 2426 3377 6635 AND
2 1 2533 3461 6636 AND
2 1 2495 3525 6637 AND
2 1 6636 6637 6638 AND
2 1 6635 6638 6639 AND
2 1 3288 6050 6640 AND
2 1 6639 6640 6641 AND
2 1 6641 29 6642 XOR
2 1 6202 6193 6643 XOR
2 1 6642 6643 6644 AND
2 1 6643 6642 6645 XOR
2 1 2495 3377 6646 AND
2 1 2639 3461 6647 AND
2 1 2533 3525 6648 AND
2 1 6647 6648 6649 AND
2 1 6646 6649 6650 AND
2 1 3288 6097 6651 AND
2 1 6650 6651 6652 AND
2 1 6652 29 6653 XOR
2 1 2793 2700 6654 XOR
2 1 39 6654 6655 AND
2 1 2793 2962 6656 AND
2 1 2700 2957 6657 AND
2 1 6656 6657 6658 AND
2 1 6655 6658 6659 AND
2 1 6653 6659 6660 AND
2 1 6659 6653 6661 XOR
2 1 38 2793 6662 AND
2 1 2793 3525 6663 AND
2 1 2700 3377 6664 AND
2 1 6663 6664 6665 AND
2 1 3288 6654 6666 AND
2 1 6665 6666 6667 AND
2 1 6667 29 6668 XOR
2 1 2793 3287 6669 AND
2 1 29 6669 6670 AND
2 1 6668 6670 6671 AND
2 1 2639 3377 6672 AND
2 1 2793 3461 6673 AND
2 1 2700 3525 6674 AND
2 1 6673 6674 6675 AND
2 1 6672 6675 6676 AND
2 1 3288 6198 6677 AND
2 1 6676 6677 6678 AND
2 1 6678 29 6679 XOR
2 1 6671 6679 6680 AND
2 1 6662 6680 6681 AND
2 1 2533 3377 6682 AND
2 1 2700 3461 6683 AND
2 1 2639 3525 6684 AND
2 1 6683 6684 6685 AND
2 1 6682 6685 6686 AND
2 1 3288 6205 6687 AND
2 1 6686 6687 6688 AND
2 1 6688 29 6689 XOR
2 1 6680 6662 6690 XOR
2 1 6689 6690 6691 AND
2 1 6681 6691 6692 AND
2 1 6661 6692 6693 AND
2 1 6660 6693 6694 AND
2 1 6645 6694 6695 AND
2 1 6644 6695 6696 AND
2 1 6634 6696 6697 AND
2 1 6633 6697 6698 AND
2 1 6623 6698 6699 AND
2 1 6622 6699 6700 AND
2 1 6612 6700 6701 AND
2 1 6611 6701 6702 AND
2 1 6600 6592 6703 XOR
2 1 6702 6703 6704 AND
2 1 6601 6704 6705 AND
2 1 6590 6582 6706 XOR
2 1 6705 6706 6707 AND
2 1 6591 6707 6708 AND
2 1 6237 6229 6709 XOR
2 1 6708 6709 6710 AND
2 1 1841 3941 6713 AND
2 1 1743 3781 6711 AND
2 1 1876 3863 6712 AND
2 1 6711 6712 6714 AND
2 1 6713 6714 6715 AND
2 1 3945 5426 6716 AND
2 1 6715 6716 6717 AND
2 1 6717 26 6718 XOR
2 1 6709 6708 6719 XOR
2 1 6718 6719 6720 AND
2 1 6710 6720 6721 AND
2 1 6581 6721 6722 AND
2 1 6721 6581 6723 XOR
2 1 1328 4488 6724 AND
2 1 1536 4377 6725 AND
2 1 1436 4425 6726 AND
2 1 6725 6726 6727 AND
2 1 6724 6727 6728 AND
2 1 4379 4830 6729 AND
2 1 6728 6729 6730 AND
2 1 6730 23 6731 XOR
2 1 6723 6731 6732 AND
2 1 6722 6732 6733 AND
2 1 6580 6733 6734 AND
2 1 6733 6580 6735 XOR
2 1 922 5157 6736 AND
2 1 1142 4681 6737 AND
2 1 1024 5096 6738 AND
2 1 6737 6738 6739 AND
2 1 6736 6739 6740 AND
2 1 4443 4683 6741 AND
2 1 6740 6741 6742 AND
2 1 6742 20 6743 XOR
2 1 6735 6743 6744 AND
2 1 6734 6744 6745 AND
2 1 6578 6570 6746 XOR
2 1 6745 6746 6747 AND
2 1 6579 6747 6748 AND
2 1 6569 6748 6749 AND
2 1 6748 6569 6750 XOR
2 1 2951 5731 6751 AND
2 1 551 5273 6752 AND
2 1 356 5494 6753 AND
2 1 6752 6753 6754 AND
2 1 6751 6754 6755 AND
2 1 2955 5275 6756 AND
2 1 6755 6756 6757 AND
2 1 6757 17 6758 XOR
2 1 6750 6758 6759 AND
2 1 6749 6759 6760 AND
2 1 6568 6760 6761 AND
2 1 6760 6568 6762 XOR
2 1 3707 6414 6763 AND
2 1 3524 5848 6764 AND
2 1 3376 6312 6765 AND
2 1 6764 6765 6766 AND
2 1 6763 6766 6767 AND
2 1 3722 5845 6768 AND
2 1 6767 6768 6769 AND
2 1 6769 14 6770 XOR
2 1 6762 6770 6771 AND
2 1 6761 6771 6772 AND
2 1 6566 6558 6773 XOR
2 1 6772 6773 6774 AND
2 1 6567 6774 6775 AND
2 1 3778 6543 6776 AND
2 1 6539 6541 6777 AND
2 1 4368 6777 6778 AND
2 1 6776 6778 6779 AND
2 1 4429 6545 6780 AND
2 1 6779 6780 6781 AND
2 1 6781 11 6782 XOR
2 1 6775 6782 6783 AND
2 1 6536 6528 6784 XOR
2 1 6782 6775 6785 XOR
2 1 6784 6785 6786 AND
2 1 6783 6786 6787 AND
2 1 6557 6787 6788 AND
2 1 6787 6557 6789 XOR
2 1 6770 6762 6790 XOR
2 1 6758 6750 6791 XOR
2 1 356 5731 6792 AND
2 1 674 5273 6793 AND
2 1 551 5494 6794 AND
2 1 6793 6794 6795 AND
2 1 6792 6795 6796 AND
2 1 3273 5275 6797 AND
2 1 6796 6797 6798 AND
2 1 6798 17 6799 XOR
2 1 6746 6745 6800 XOR
2 1 6799 6800 6801 AND
2 1 6800 6799 6802 XOR
2 1 6743 6735 6803 XOR
2 1 6731 6723 6804 XOR
2 1 6706 6705 6805 XOR
2 1 1841 3781 6806 AND
2 1 1955 3863 6807 AND
2 1 1876 3941 6808 AND
2 1 6807 6808 6809 AND
2 1 6806 6809 6810 AND
2 1 3945 5534 6811 AND
2 1 6810 6811 6812 AND
2 1 6812 26 6813 XOR
2 1 6805 6813 6814 AND
2 1 6703 6702 6815 XOR
2 1 1955 3941 6818 AND
2 1 1876 3781 6816 AND
2 1 2020 3863 6817 AND
2 1 6816 6817 6819 AND
2 1 6818 6819 6820 AND
2 1 3945 5411 6821 AND
2 1 6820 6821 6822 AND
2 1 6822 26 6823 XOR
2 1 6815 6823 6824 AND
2 1 6700 6612 6825 XOR
2 1 1955 3781 6826 AND
2 1 2115 3863 6827 AND
2 1 2020 3941 6828 AND
2 1 6827 6828 6829 AND
2 1 6826 6829 6830 AND
2 1 3945 5662 6831 AND
2 1 6830 6831 6832 AND
2 1 6832 26 6833 XOR
2 1 6825 6833 6834 AND
2 1 6698 6623 6835 XOR
2 1 2020 3781 6836 AND
2 1 2152 3863 6837 AND
2 1 2115 3941 6838 AND
2 1 6837 6838 6839 AND
2 1 6836 6839 6840 AND
2 1 3945 5892 6841 AND
2 1 6840 6841 6842 AND
2 1 6842 26 6843 XOR
2 1 6835 6843 6844 AND
2 1 6696 6634 6845 XOR
2 1 2115 3781 6846 AND
2 1 2254 3863 6847 AND
2 1 2152 3941 6848 AND
2 1 6847 6848 6849 AND
2 1 6846 6849 6850 AND
2 1 3945 5902 6851 AND
2 1 6850 6851 6852 AND
2 1 6852 26 6853 XOR
2 1 6845 6853 6854 AND
2 1 6694 6645 6855 XOR
2 1 2152 3781 6856 AND
2 1 2351 3863 6857 AND
2 1 2254 3941 6858 AND
2 1 6857 6858 6859 AND
2 1 6856 6859 6860 AND
2 1 3945 5643 6861 AND
2 1 6860 6861 6862 AND
2 1 6862 26 6863 XOR
2 1 6855 6863 6864 AND
2 1 6692 6661 6865 XOR
2 1 2426 3863 6867 AND
2 1 2254 3781 6866 AND
2 1 2351 3941 6868 AND
2 1 6866 6868 6869 AND
2 1 6867 6869 6870 AND
2 1 3945 5948 6871 AND
2 1 6870 6871 6872 AND
2 1 6872 26 6873 XOR
2 1 6865 6873 6874 AND
2 1 2426 3941 6877 AND
2 1 2351 3781 6875 AND
2 1 2495 3863 6876 AND
2 1 6875 6876 6878 AND
2 1 6877 6878 6879 AND
2 1 3945 5997 6880 AND
2 1 6879 6880 6881 AND
2 1 6881 26 6882 XOR
2 1 6690 6689 6883 XOR
2 1 6882 6883 6884 AND
2 1 6883 6882 6885 XOR
2 1 2426 3781 6886 AND
2 1 2533 3863 6887 AND
2 1 2495 3941 6888 AND
2 1 6887 6888 6889 AND
2 1 6886 6889 6890 AND
2 1 3945 6050 6891 AND
2 1 6890 6891 6892 AND
2 1 6892 26 6893 XOR
2 1 6679 6671 6894 XOR
2 1 6893 6894 6895 AND
2 1 6894 6893 6896 XOR
2 1 6670 6668 6897 XOR
2 1 2495 3781 6898 AND
2 1 2639 3863 6899 AND
2 1 2533 3941 6900 AND
2 1 6899 6900 6901 AND
2 1 6898 6901 6902 AND
2 1 3945 6097 6903 AND
2 1 6902 6903 6904 AND
2 1 6904 26 6905 XOR
2 1 6897 6905 6906 AND
2 1 2793 3941 6907 AND
2 1 2700 3781 6908 AND
2 1 6907 6908 6909 AND
2 1 3945 6654 6910 AND
2 1 6909 6910 6911 AND
2 1 6911 26 6912 XOR
2 1 2793 3779 6913 AND
2 1 26 6913 6914 AND
2 1 6912 6914 6915 AND
2 1 2639 3781 6916 AND
2 1 2793 3863 6917 AND
2 1 2700 3941 6918 AND
2 1 6917 6918 6919 AND
2 1 6916 6919 6920 AND
2 1 3945 6198 6921 AND
2 1 6920 6921 6922 AND
2 1 6922 26 6923 XOR
2 1 6915 6923 6924 AND
2 1 6669 6924 6925 AND
2 1 6924 6669 6926 XOR
2 1 2533 3781 6927 AND
2 1 2700 3863 6928 AND
2 1 2639 3941 6929 AND
2 1 6928 6929 6930 AND
2 1 6927 6930 6931 AND
2 1 3945 6205 6932 AND
2 1 6931 6932 6933 AND
2 1 6933 26 6934 XOR
2 1 6926 6934 6935 AND
2 1 6925 6935 6936 AND
2 1 6905 6897 6937 XOR
2 1 6936 6937 6938 AND
2 1 6906 6938 6939 AND
2 1 6896 6939 6940 AND
2 1 6895 6940 6941 AND
2 1 6885 6941 6942 AND
2 1 6884 6942 6943 AND
2 1 6873 6865 6944 XOR
2 1 6943 6944 6945 AND
2 1 6874 6945 6946 AND
2 1 6863 6855 6947 XOR
2 1 6946 6947 6948 AND
2 1 6864 6948 6949 AND
2 1 6853 6845 6950 XOR
2 1 6949 6950 6951 AND
2 1 6854 6951 6952 AND
2 1 6843 6835 6953 XOR
2 1 6952 6953 6954 AND
2 1 6844 6954 6955 AND
2 1 6833 6825 6956 XOR
2 1 6955 6956 6957 AND
2 1 6834 6957 6958 AND
2 1 6823 6815 6959 XOR
2 1 6958 6959 6960 AND
2 1 6824 6960 6961 AND
2 1 6813 6805 6962 XOR
2 1 6961 6962 6963 AND
2 1 6814 6963 6964 AND
2 1 6719 6718 6965 XOR
2 1 6964 6965 6966 AND
2 1 1436 4488 6967 AND
2 1 1628 4377 6968 AND
2 1 1536 4425 6969 AND
2 1 6968 6969 6970 AND
2 1 6967 6970 6971 AND
2 1 4379 4849 6972 AND
2 1 6971 6972 6973 AND
2 1 6973 23 6974 XOR
2 1 6965 6964 6975 XOR
2 1 6974 6975 6976 AND
2 1 6966 6976 6977 AND
2 1 6804 6977 6978 AND
2 1 6977 6804 6979 XOR
2 1 1024 5157 6980 AND
2 1 1199 4681 6981 AND
2 1 1142 5096 6982 AND
2 1 6981 6982 6983 AND
2 1 6980 6983 6984 AND
2 1 4295 4683 6985 AND
2 1 6984 6985 6986 AND
2 1 6986 20 6987 XOR
2 1 6979 6987 6988 AND
2 1 6978 6988 6989 AND
2 1 6803 6989 6990 AND
2 1 6989 6803 6991 XOR
2 1 831 5273 6993 AND
2 1 551 5731 6992 AND
2 1 674 5494 6994 AND
2 1 6992 6994 6995 AND
2 1 6993 6995 6996 AND
2 1 3259 5275 6997 AND
2 1 6996 6997 6998 AND
2 1 6998 17 6999 XOR
2 1 6991 6999 7000 AND
2 1 6990 7000 7001 AND
2 1 6802 7001 7002 AND
2 1 6801 7002 7003 AND
2 1 6791 7003 7004 AND
2 1 7003 6791 7005 XOR
2 1 3458 5848 7007 AND
2 1 3376 6414 7006 AND
2 1 3524 6312 7008 AND
2 1 7006 7008 7009 AND
2 1 7007 7009 7010 AND
2 1 3539 5845 7011 AND
2 1 7010 7011 7012 AND
2 1 7012 14 7013 XOR
2 1 7005 7013 7014 AND
2 1 7004 7014 7015 AND
2 1 6790 7015 7016 AND
2 1 7015 6790 7017 XOR
2 1 3860 6543 7020 AND
2 1 6540 6541 7018 AND
2 1 3778 7018 7019 AND
2 1 3940 6777 7021 AND
2 1 7019 7021 7022 AND
2 1 7020 7022 7023 AND
2 1 3961 6545 7024 AND
2 1 7023 7024 7025 AND
2 1 7025 11 7026 XOR
2 1 7017 7026 7027 AND
2 1 7016 7027 7028 AND
2 1 3940 6543 7030 AND
2 1 4368 7018 7029 AND
2 1 3778 6777 7031 AND
2 1 7029 7031 7032 AND
2 1 7030 7032 7033 AND
2 1 4504 6545 7034 AND
2 1 7033 7034 7035 AND
2 1 7035 11 7036 XOR
2 1 7028 7036 7037 AND
2 1 7036 7028 7038 XOR
2 1 6773 6772 7039 XOR
2 1 7038 7039 7040 AND
2 1 7037 7040 7041 AND
2 1 6785 6784 7042 XOR
2 1 7041 7042 7043 AND
2 1 7039 7038 7044 XOR
2 1 7013 7005 7045 XOR
2 1 7001 6802 7046 XOR
2 1 3458 6312 7049 AND
2 1 3524 6414 7047 AND
2 1 2951 5848 7048 AND
2 1 7047 7048 7050 AND
2 1 7049 7050 7051 AND
2 1 3972 5845 7052 AND
2 1 7051 7052 7053 AND
2 1 7053 14 7054 XOR
2 1 7046 7054 7055 AND
2 1 6999 6991 7056 XOR
2 1 6987 6979 7057 XOR
2 1 1743 4377 7059 AND
2 1 1536 4488 7058 AND
2 1 1628 4425 7060 AND
2 1 7058 7060 7061 AND
2 1 7059 7061 7062 AND
2 1 4379 5200 7063 AND
2 1 7062 7063 7064 AND
2 1 7064 23 7065 XOR
2 1 6962 6961 7066 XOR
2 1 7065 7066 7067 AND
2 1 7066 7065 7068 XOR
2 1 1841 4377 7070 AND
2 1 1628 4488 7069 AND
2 1 1743 4425 7071 AND
2 1 7069 7071 7072 AND
2 1 7070 7072 7073 AND
2 1 4379 5033 7074 AND
2 1 7073 7074 7075 AND
2 1 7075 23 7076 XOR
2 1 6959 6958 7077 XOR
2 1 7076 7077 7078 AND
2 1 7077 7076 7079 XOR
2 1 1841 4425 7082 AND
2 1 1743 4488 7080 AND
2 1 1876 4377 7081 AND
2 1 7080 7081 7083 AND
2 1 7082 7083 7084 AND
2 1 4379 5426 7085 AND
2 1 7084 7085 7086 AND
2 1 7086 23 7087 XOR
2 1 6956 6955 7088 XOR
2 1 7087 7088 7089 AND
2 1 7088 7087 7090 XOR
2 1 1841 4488 7091 AND
2 1 1955 4377 7092 AND
2 1 1876 4425 7093 AND
2 1 7092 7093 7094 AND
2 1 7091 7094 7095 AND
2 1 4379 5534 7096 AND
2 1 7095 7096 7097 AND
2 1 7097 23 7098 XOR
2 1 6953 6952 7099 XOR
2 1 7098 7099 7100 AND
2 1 7099 7098 7101 XOR
2 1 1955 4425 7104 AND
2 1 1876 4488 7102 AND
2 1 2020 4377 7103 AND
2 1 7102 7103 7105 AND
2 1 7104 7105 7106 AND
2 1 4379 5411 7107 AND
2 1 7106 7107 7108 AND
2 1 7108 23 7109 XOR
2 1 6950 6949 7110 XOR
2 1 7109 7110 7111 AND
2 1 7110 7109 7112 XOR
2 1 1955 4488 7113 AND
2 1 2115 4377 7114 AND
2 1 2020 4425 7115 AND
2 1 7114 7115 7116 AND
2 1 7113 7116 7117 AND
2 1 4379 5662 7118 AND
2 1 7117 7118 7119 AND
2 1 7119 23 7120 XOR
2 1 6947 6946 7121 XOR
2 1 7120 7121 7122 AND
2 1 7121 7120 7123 XOR
2 1 2020 4488 7124 AND
2 1 2152 4377 7125 AND
2 1 2115 4425 7126 AND
2 1 7125 7126 7127 AND
2 1 7124 7127 7128 AND
2 1 4379 5892 7129 AND
2 1 7128 7129 7130 AND
2 1 7130 23 7131 XOR
2 1 6944 6943 7132 XOR
2 1 7131 7132 7133 AND
2 1 7132 7131 7134 XOR
2 1 6941 6885 7135 XOR
2 1 2115 4488 7136 AND
2 1 2254 4377 7137 AND
2 1 2152 4425 7138 AND
2 1 7137 7138 7139 AND
2 1 7136 7139 7140 AND
2 1 4379 5902 7141 AND
2 1 7140 7141 7142 AND
2 1 7142 23 7143 XOR
2 1 7135 7143 7144 AND
2 1 6939 6896 7145 XOR
2 1 2152 4488 7146 AND
2 1 2351 4377 7147 AND
2 1 2254 4425 7148 AND
2 1 7147 7148 7149 AND
2 1 7146 7149 7150 AND
2 1 4379 5643 7151 AND
2 1 7150 7151 7152 AND
2 1 7152 23 7153 XOR
2 1 7145 7153 7154 AND
2 1 2426 4377 7156 AND
2 1 2254 4488 7155 AND
2 1 2351 4425 7157 AND
2 1 7155 7157 7158 AND
2 1 7156 7158 7159 AND
2 1 4379 5948 7160 AND
2 1 7159 7160 7161 AND
2 1 7161 23 7162 XOR
2 1 6937 6936 7163 XOR
2 1 7162 7163 7164 AND
2 1 7163 7162 7165 XOR
2 1 6934 6926 7166 XOR
2 1 2426 4425 7169 AND
2 1 2351 4488 7167 AND
2 1 2495 4377 7168 AND
2 1 7167 7168 7170 AND
2 1 7169 7170 7171 AND
2 1 4379 5997 7172 AND
2 1 7171 7172 7173 AND
2 1 7173 23 7174 XOR
2 1 7166 7174 7175 AND
2 1 2426 4488 7176 AND
2 1 2533 4377 7177 AND
2 1 2495 4425 7178 AND
2 1 7177 7178 7179 AND
2 1 7176 7179 7180 AND
2 1 4379 6050 7181 AND
2 1 7180 7181 7182 AND
2 1 7182 23 7183 XOR
2 1 6923 6915 7184 XOR
2 1 7183 7184 7185 AND
2 1 7184 7183 7186 XOR
2 1 6914 6912 7187 XOR
2 1 2495 4488 7188 AND
2 1 2639 4377 7189 AND
2 1 2533 4425 7190 AND
2 1 7189 7190 7191 AND
2 1 7188 7191 7192 AND
2 1 4379 6097 7193 AND
2 1 7192 7193 7194 AND
2 1 7194 23 7195 XOR
2 1 7187 7195 7196 AND
2 1 2793 4425 7197 AND
2 1 2700 4488 7198 AND
2 1 7197 7198 7199 AND
2 1 4379 6654 7200 AND
2 1 7199 7200 7201 AND
2 1 7201 23 7202 XOR
2 1 2793 4374 7203 AND
2 1 23 7203 7204 AND
2 1 7202 7204 7205 AND
2 1 2639 4488 7206 AND
2 1 2793 4377 7207 AND
2 1 2700 4425 7208 AND
2 1 7207 7208 7209 AND
2 1 7206 7209 7210 AND
2 1 4379 6198 7211 AND
2 1 7210 7211 7212 AND
2 1 7212 23 7213 XOR
2 1 7205 7213 7214 AND
2 1 6913 7214 7215 AND
2 1 7214 6913 7216 XOR
2 1 2533 4488 7217 AND
2 1 2700 4377 7218 AND
2 1 2639 4425 7219 AND
2 1 7218 7219 7220 AND
2 1 7217 7220 7221 AND
2 1 4379 6205 7222 AND
2 1 7221 7222 7223 AND
2 1 7223 23 7224 XOR
2 1 7216 7224 7225 AND
2 1 7215 7225 7226 AND
2 1 7195 7187 7227 XOR
2 1 7226 7227 7228 AND
2 1 7196 7228 7229 AND
2 1 7186 7229 7230 AND
2 1 7185 7230 7231 AND
2 1 7174 7166 7232 XOR
2 1 7231 7232 7233 AND
2 1 7175 7233 7234 AND
2 1 7165 7234 7235 AND
2 1 7164 7235 7236 AND
2 1 7153 7145 7237 XOR
2 1 7236 7237 7238 AND
2 1 7154 7238 7239 AND
2 1 7143 7135 7240 XOR
2 1 7239 7240 7241 AND
2 1 7144 7241 7242 AND
2 1 7134 7242 7243 AND
2 1 7133 7243 7244 AND
2 1 7123 7244 7245 AND
2 1 7122 7245 7246 AND
2 1 7112 7246 7247 AND
2 1 7111 7247 7248 AND
2 1 7101 7248 7249 AND
2 1 7100 7249 7250 AND
2 1 7090 7250 7251 AND
2 1 7089 7251 7252 AND
2 1 7079 7252 7253 AND
2 1 7078 7253 7254 AND
2 1 7068 7254 7255 AND
2 1 7067 7255 7256 AND
2 1 6975 6974 7257 XOR
2 1 7256 7257 7258 AND
2 1 1328 4681 7260 AND
2 1 1142 5157 7259 AND
2 1 1199 5096 7261 AND
2 1 7259 7261 7262 AND
2 1 7260 7262 7263 AND
2 1 4627 4683 7264 AND
2 1 7263 7264 7265 AND
2 1 7265 20 7266 XOR
2 1 7257 7256 7267 XOR
2 1 7266 7267 7268 AND
2 1 7258 7268 7269 AND
2 1 7057 7269 7270 AND
2 1 7269 7057 7271 XOR
2 1 831 5494 7274 AND
2 1 674 5731 7272 AND
2 1 922 5273 7273 AND
2 1 7272 7273 7275 AND
2 1 7274 7275 7276 AND
2 1 4056 5275 7277 AND
2 1 7276 7277 7278 AND
2 1 7278 17 7279 XOR
2 1 7271 7279 7280 AND
2 1 7270 7280 7281 AND
2 1 7056 7281 7282 AND
2 1 7281 7056 7283 XOR
2 1 3458 6414 7284 AND
2 1 356 5848 7285 AND
2 1 2951 6312 7286 AND
2 1 7285 7286 7287 AND
2 1 7284 7287 7288 AND
2 1 3621 5845 7289 AND
2 1 7288 7289 7290 AND
2 1 7290 14 7291 XOR
2 1 7283 7291 7292 AND
2 1 7282 7292 7293 AND
2 1 7054 7046 7294 XOR
2 1 7293 7294 7295 AND
2 1 7055 7295 7296 AND
2 1 7045 7296 7297 AND
2 1 7296 7045 7298 XOR
2 1 3860 6777 7301 AND
2 1 3940 7018 7299 AND
2 1 3707 6543 7300 AND
2 1 7299 7300 7302 AND
2 1 7301 7302 7303 AND
2 1 4335 6545 7304 AND
2 1 7303 7304 7305 AND
2 1 7305 11 7306 XOR
2 1 7298 7306 7307 AND
2 1 7297 7307 7308 AND
2 1 7 6 7309 XOR
2 1 8 7 7310 XOR
2 1 6 5 7311 XOR
2 1 7310 7311 7312 AND
2 1 7309 7312 7313 AND
2 1 4368 7313 7314 AND
2 1 7310 7311 7315 AND
2 1 4372 7315 7316 AND
2 1 7314 7316 7317 AND
2 1 7317 8 7318 XOR
2 1 7308 7318 7319 AND
2 1 7026 7017 7320 XOR
2 1 7318 7308 7321 XOR
2 1 7320 7321 7322 AND
2 1 7319 7322 7323 AND
2 1 7044 7323 7324 AND
2 1 7323 7044 7325 XOR
2 1 7321 7320 7326 XOR
2 1 7291 7283 7327 XOR
2 1 7279 7271 7328 XOR
2 1 7254 7068 7329 XOR
2 1 1199 5157 7330 AND
2 1 1436 4681 7331 AND
2 1 1328 5096 7332 AND
2 1 7331 7332 7333 AND
2 1 7330 7333 7334 AND
2 1 4615 4683 7335 AND
2 1 7334 7335 7336 AND
2 1 7336 20 7337 XOR
2 1 7329 7337 7338 AND
2 1 7252 7079 7339 XOR
2 1 1328 5157 7340 AND
2 1 1536 4681 7341 AND
2 1 1436 5096 7342 AND
2 1 7341 7342 7343 AND
2 1 7340 7343 7344 AND
2 1 4683 4830 7345 AND
2 1 7344 7345 7346 AND
2 1 7346 20 7347 XOR
2 1 7339 7347 7348 AND
2 1 7250 7090 7349 XOR
2 1 1436 5157 7350 AND
2 1 1628 4681 7351 AND
2 1 1536 5096 7352 AND
2 1 7351 7352 7353 AND
2 1 7350 7353 7354 AND
2 1 4683 4849 7355 AND
2 1 7354 7355 7356 AND
2 1 7356 20 7357 XOR
2 1 7349 7357 7358 AND
2 1 7248 7101 7359 XOR
2 1 1743 4681 7361 AND
2 1 1536 5157 7360 AND
2 1 1628 5096 7362 AND
2 1 7360 7362 7363 AND
2 1 7361 7363 7364 AND
2 1 4683 5200 7365 AND
2 1 7364 7365 7366 AND
2 1 7366 20 7367 XOR
2 1 7359 7367 7368 AND
2 1 7246 7112 7369 XOR
2 1 1841 4681 7371 AND
2 1 1628 5157 7370 AND
2 1 1743 5096 7372 AND
2 1 7370 7372 7373 AND
2 1 7371 7373 7374 AND
2 1 4683 5033 7375 AND
2 1 7374 7375 7376 AND
2 1 7376 20 7377 XOR
2 1 7369 7377 7378 AND
2 1 7244 7123 7379 XOR
2 1 1841 5096 7382 AND
2 1 1743 5157 7380 AND
2 1 1876 4681 7381 AND
2 1 7380 7381 7383 AND
2 1 7382 7383 7384 AND
2 1 4683 5426 7385 AND
2 1 7384 7385 7386 AND
2 1 7386 20 7387 XOR
2 1 7379 7387 7388 AND
2 1 7242 7134 7389 XOR
2 1 1841 5157 7390 AND
2 1 1955 4681 7391 AND
2 1 1876 5096 7392 AND
2 1 7391 7392 7393 AND
2 1 7390 7393 7394 AND
2 1 4683 5534 7395 AND
2 1 7394 7395 7396 AND
2 1 7396 20 7397 XOR
2 1 7389 7397 7398 AND
2 1 1955 5096 7401 AND
2 1 1876 5157 7399 AND
2 1 2020 4681 7400 AND
2 1 7399 7400 7402 AND
2 1 7401 7402 7403 AND
2 1 4683 5411 7404 AND
2 1 7403 7404 7405 AND
2 1 7405 20 7406 XOR
2 1 7240 7239 7407 XOR
2 1 7406 7407 7408 AND
2 1 7407 7406 7409 XOR
2 1 1955 5157 7410 AND
2 1 2115 4681 7411 AND
2 1 2020 5096 7412 AND
2 1 7411 7412 7413 AND
2 1 7410 7413 7414 AND
2 1 4683 5662 7415 AND
2 1 7414 7415 7416 AND
2 1 7416 20 7417 XOR
2 1 7237 7236 7418 XOR
2 1 7417 7418 7419 AND
2 1 7418 7417 7420 XOR
2 1 7234 7165 7421 XOR
2 1 2020 5157 7422 AND
2 1 2152 4681 7423 AND
2 1 2115 5096 7424 AND
2 1 7423 7424 7425 AND
2 1 7422 7425 7426 AND
2 1 4683 5892 7427 AND
2 1 7426 7427 7428 AND
2 1 7428 20 7429 XOR
2 1 7421 7429 7430 AND
2 1 7232 7231 7431 XOR
2 1 2115 5157 7432 AND
2 1 2254 4681 7433 AND
2 1 2152 5096 7434 AND
2 1 7433 7434 7435 AND
2 1 7432 7435 7436 AND
2 1 4683 5902 7437 AND
2 1 7436 7437 7438 AND
2 1 7438 20 7439 XOR
2 1 7431 7439 7440 AND
2 1 7229 7186 7441 XOR
2 1 2152 5157 7442 AND
2 1 2351 4681 7443 AND
2 1 2254 5096 7444 AND
2 1 7443 7444 7445 AND
2 1 7442 7445 7446 AND
2 1 4683 5643 7447 AND
2 1 7446 7447 7448 AND
2 1 7448 20 7449 XOR
2 1 7441 7449 7450 AND
2 1 2426 4681 7452 AND
2 1 2254 5157 7451 AND
2 1 2351 5096 7453 AND
2 1 7451 7453 7454 AND
2 1 7452 7454 7455 AND
2 1 4683 5948 7456 AND
2 1 7455 7456 7457 AND
2 1 7457 20 7458 XOR
2 1 7227 7226 7459 XOR
2 1 7458 7459 7460 AND
2 1 7459 7458 7461 XOR
2 1 7224 7216 7462 XOR
2 1 2426 5096 7465 AND
2 1 2351 5157 7463 AND
2 1 2495 4681 7464 AND
2 1 7463 7464 7466 AND
2 1 7465 7466 7467 AND
2 1 4683 5997 7468 AND
2 1 7467 7468 7469 AND
2 1 7469 20 7470 XOR
2 1 7462 7470 7471 AND
2 1 2426 5157 7472 AND
2 1 2533 4681 7473 AND
2 1 2495 5096 7474 AND
2 1 7473 7474 7475 AND
2 1 7472 7475 7476 AND
2 1 4683 6050 7477 AND
2 1 7476 7477 7478 AND
2 1 7478 20 7479 XOR
2 1 7213 7205 7480 XOR
2 1 7479 7480 7481 AND
2 1 7480 7479 7482 XOR
2 1 7204 7202 7483 XOR
2 1 2495 5157 7484 AND
2 1 2639 4681 7485 AND
2 1 2533 5096 7486 AND
2 1 7485 7486 7487 AND
2 1 7484 7487 7488 AND
2 1 4683 6097 7489 AND
2 1 7488 7489 7490 AND
2 1 7490 20 7491 XOR
2 1 7483 7491 7492 AND
2 1 2793 5096 7493 AND
2 1 2700 5157 7494 AND
2 1 7493 7494 7495 AND
2 1 4683 6654 7496 AND
2 1 7495 7496 7497 AND
2 1 7497 20 7498 XOR
2 1 2793 4679 7499 AND
2 1 20 7499 7500 AND
2 1 7498 7500 7501 AND
2 1 2639 5157 7502 AND
2 1 2793 4681 7503 AND
2 1 2700 5096 7504 AND
2 1 7503 7504 7505 AND
2 1 7502 7505 7506 AND
2 1 4683 6198 7507 AND
2 1 7506 7507 7508 AND
2 1 7508 20 7509 XOR
2 1 7501 7509 7510 AND
2 1 7203 7510 7511 AND
2 1 7510 7203 7512 XOR
2 1 2533 5157 7513 AND
2 1 2700 4681 7514 AND
2 1 2639 5096 7515 AND
2 1 7514 7515 7516 AND
2 1 7513 7516 7517 AND
2 1 4683 6205 7518 AND
2 1 7517 7518 7519 AND
2 1 7519 20 7520 XOR
2 1 7512 7520 7521 AND
2 1 7511 7521 7522 AND
2 1 7491 7483 7523 XOR
2 1 7522 7523 7524 AND
2 1 7492 7524 7525 AND
2 1 7482 7525 7526 AND
2 1 7481 7526 7527 AND
2 1 7470 7462 7528 XOR
2 1 7527 7528 7529 AND
2 1 7471 7529 7530 AND
2 1 7461 7530 7531 AND
2 1 7460 7531 7532 AND
2 1 7449 7441 7533 XOR
2 1 7532 7533 7534 AND
2 1 7450 7534 7535 AND
2 1 7439 7431 7536 XOR
2 1 7535 7536 7537 AND
2 1 7440 7537 7538 AND
2 1 7429 7421 7539 XOR
2 1 7538 7539 7540 AND
2 1 7430 7540 7541 AND
2 1 7420 7541 7542 AND
2 1 7419 7542 7543 AND
2 1 7409 7543 7544 AND
2 1 7408 7544 7545 AND
2 1 7397 7389 7546 XOR
2 1 7545 7546 7547 AND
2 1 7398 7547 7548 AND
2 1 7387 7379 7549 XOR
2 1 7548 7549 7550 AND
2 1 7388 7550 7551 AND
2 1 7377 7369 7552 XOR
2 1 7551 7552 7553 AND
2 1 7378 7553 7554 AND
2 1 7367 7359 7555 XOR
2 1 7554 7555 7556 AND
2 1 7368 7556 7557 AND
2 1 7357 7349 7558 XOR
2 1 7557 7558 7559 AND
2 1 7358 7559 7560 AND
2 1 7347 7339 7561 XOR
2 1 7560 7561 7562 AND
2 1 7348 7562 7563 AND
2 1 7337 7329 7564 XOR
2 1 7563 7564 7565 AND
2 1 7338 7565 7566 AND
2 1 7267 7266 7567 XOR
2 1 7566 7567 7568 AND
2 1 831 5731 7569 AND
2 1 1024 5273 7570 AND
2 1 922 5494 7571 AND
2 1 7570 7571 7572 AND
2 1 7569 7572 7573 AND
2 1 4075 5275 7574 AND
2 1 7573 7574 7575 AND
2 1 7575 17 7576 XOR
2 1 7567 7566 7577 XOR
2 1 7576 7577 7578 AND
2 1 7568 7578 7579 AND
2 1 7328 7579 7580 AND
2 1 7579 7328 7581 XOR
2 1 2951 6414 7582 AND
2 1 551 5848 7583 AND
2 1 356 6312 7584 AND
2 1 7583 7584 7585 AND
2 1 7582 7585 7586 AND
2 1 2955 5845 7587 AND
2 1 7586 7587 7588 AND
2 1 7588 14 7589 XOR
2 1 7581 7589 7590 AND
2 1 7580 7590 7591 AND
2 1 7327 7591 7592 AND
2 1 7591 7327 7593 XOR
2 1 3707 7018 7594 AND
2 1 3524 6543 7595 AND
2 1 3376 6777 7596 AND
2 1 7595 7596 7597 AND
2 1 7594 7597 7598 AND
2 1 3722 6545 7599 AND
2 1 7598 7599 7600 AND
2 1 7600 11 7601 XOR
2 1 7593 7601 7602 AND
2 1 7592 7602 7603 AND
2 1 3860 7018 7604 AND
2 1 3376 6543 7605 AND
2 1 3707 6777 7606 AND
2 1 7605 7606 7607 AND
2 1 7604 7607 7608 AND
2 1 4393 6545 7609 AND
2 1 7608 7609 7610 AND
2 1 7610 11 7611 XOR
2 1 7603 7611 7612 AND
2 1 7611 7603 7613 XOR
2 1 7294 7293 7614 XOR
2 1 7613 7614 7615 AND
2 1 7612 7615 7616 AND
2 1 3778 7313 7617 AND
2 1 7309 7311 7618 AND
2 1 4368 7618 7619 AND
2 1 7617 7619 7620 AND
2 1 4429 7315 7621 AND
2 1 7620 7621 7622 AND
2 1 7622 8 7623 XOR
2 1 7616 7623 7624 AND
2 1 7306 7298 7625 XOR
2 1 7623 7616 7626 XOR
2 1 7625 7626 7627 AND
2 1 7624 7627 7628 AND
2 1 7326 7628 7629 AND
2 1 7628 7326 7630 XOR
2 1 7601 7593 7631 XOR
2 1 7589 7581 7632 XOR
2 1 922 5731 7633 AND
2 1 1142 5273 7634 AND
2 1 1024 5494 7635 AND
2 1 7634 7635 7636 AND
2 1 7633 7636 7637 AND
2 1 4443 5275 7638 AND
2 1 7637 7638 7639 AND
2 1 7639 17 7640 XOR
2 1 7564 7563 7641 XOR
2 1 7640 7641 7642 AND
2 1 7641 7640 7643 XOR
2 1 1024 5731 7644 AND
2 1 1199 5273 7645 AND
2 1 1142 5494 7646 AND
2 1 7645 7646 7647 AND
2 1 7644 7647 7648 AND
2 1 4295 5275 7649 AND
2 1 7648 7649 7650 AND
2 1 7650 17 7651 XOR
2 1 7561 7560 7652 XOR
2 1 7651 7652 7653 AND
2 1 7652 7651 7654 XOR
2 1 1328 5273 7656 AND
2 1 1142 5731 7655 AND
2 1 1199 5494 7657 AND
2 1 7655 7657 7658 AND
2 1 7656 7658 7659 AND
2 1 4627 5275 7660 AND
2 1 7659 7660 7661 AND
2 1 7661 17 7662 XOR
2 1 7558 7557 7663 XOR
2 1 7662 7663 7664 AND
2 1 7663 7662 7665 XOR
2 1 1199 5731 7666 AND
2 1 1436 5273 7667 AND
2 1 1328 5494 7668 AND
2 1 7667 7668 7669 AND
2 1 7666 7669 7670 AND
2 1 4615 5275 7671 AND
2 1 7670 7671 7672 AND
2 1 7672 17 7673 XOR
2 1 7555 7554 7674 XOR
2 1 7673 7674 7675 AND
2 1 7674 7673 7676 XOR
2 1 1328 5731 7677 AND
2 1 1536 5273 7678 AND
2 1 1436 5494 7679 AND
2 1 7678 7679 7680 AND
2 1 7677 7680 7681 AND
2 1 4830 5275 7682 AND
2 1 7681 7682 7683 AND
2 1 7683 17 7684 XOR
2 1 7552 7551 7685 XOR
2 1 7684 7685 7686 AND
2 1 7685 7684 7687 XOR
2 1 1436 5731 7688 AND
2 1 1628 5273 7689 AND
2 1 1536 5494 7690 AND
2 1 7689 7690 7691 AND
2 1 7688 7691 7692 AND
2 1 4849 5275 7693 AND
2 1 7692 7693 7694 AND
2 1 7694 17 7695 XOR
2 1 7549 7548 7696 XOR
2 1 7695 7696 7697 AND
2 1 7696 7695 7698 XOR
2 1 1743 5273 7700 AND
2 1 1536 5731 7699 AND
2 1 1628 5494 7701 AND
2 1 7699 7701 7702 AND
2 1 7700 7702 7703 AND
2 1 5200 5275 7704 AND
2 1 7703 7704 7705 AND
2 1 7705 17 7706 XOR
2 1 7546 7545 7707 XOR
2 1 7706 7707 7708 AND
2 1 7707 7706 7709 XOR
2 1 7543 7409 7710 XOR
2 1 1841 5273 7712 AND
2 1 1628 5731 7711 AND
2 1 1743 5494 7713 AND
2 1 7711 7713 7714 AND
2 1 7712 7714 7715 AND
2 1 5033 5275 7716 AND
2 1 7715 7716 7717 AND
2 1 7717 17 7718 XOR
2 1 7710 7718 7719 AND
2 1 7541 7420 7720 XOR
2 1 1841 5494 7723 AND
2 1 1743 5731 7721 AND
2 1 1876 5273 7722 AND
2 1 7721 7722 7724 AND
2 1 7723 7724 7725 AND
2 1 5275 5426 7726 AND
2 1 7725 7726 7727 AND
2 1 7727 17 7728 XOR
2 1 7720 7728 7729 AND
2 1 1841 5731 7730 AND
2 1 1955 5273 7731 AND
2 1 1876 5494 7732 AND
2 1 7731 7732 7733 AND
2 1 7730 7733 7734 AND
2 1 5275 5534 7735 AND
2 1 7734 7735 7736 AND
2 1 7736 17 7737 XOR
2 1 7539 7538 7738 XOR
2 1 7737 7738 7739 AND
2 1 7738 7737 7740 XOR
2 1 1955 5494 7743 AND
2 1 1876 5731 7741 AND
2 1 2020 5273 7742 AND
2 1 7741 7742 7744 AND
2 1 7743 7744 7745 AND
2 1 5275 5411 7746 AND
2 1 7745 7746 7747 AND
2 1 7747 17 7748 XOR
2 1 7536 7535 7749 XOR
2 1 7748 7749 7750 AND
2 1 7749 7748 7751 XOR
2 1 1955 5731 7752 AND
2 1 2115 5273 7753 AND
2 1 2020 5494 7754 AND
2 1 7753 7754 7755 AND
2 1 7752 7755 7756 AND
2 1 5275 5662 7757 AND
2 1 7756 7757 7758 AND
2 1 7758 17 7759 XOR
2 1 7533 7532 7760 XOR
2 1 7759 7760 7761 AND
2 1 7760 7759 7762 XOR
2 1 7530 7461 7763 XOR
2 1 2020 5731 7764 AND
2 1 2152 5273 7765 AND
2 1 2115 5494 7766 AND
2 1 7765 7766 7767 AND
2 1 7764 7767 7768 AND
2 1 5275 5892 7769 AND
2 1 7768 7769 7770 AND
2 1 7770 17 7771 XOR
2 1 7763 7771 7772 AND
2 1 7528 7527 7773 XOR
2 1 2115 5731 7774 AND
2 1 2254 5273 7775 AND
2 1 2152 5494 7776 AND
2 1 7775 7776 7777 AND
2 1 7774 7777 7778 AND
2 1 5275 5902 7779 AND
2 1 7778 7779 7780 AND
2 1 7780 17 7781 XOR
2 1 7773 7781 7782 AND
2 1 7525 7482 7783 XOR
2 1 2152 5731 7784 AND
2 1 2351 5273 7785 AND
2 1 2254 5494 7786 AND
2 1 7785 7786 7787 AND
2 1 7784 7787 7788 AND
2 1 5275 5643 7789 AND
2 1 7788 7789 7790 AND
2 1 7790 17 7791 XOR
2 1 7783 7791 7792 AND
2 1 2426 5273 7794 AND
2 1 2254 5731 7793 AND
2 1 2351 5494 7795 AND
2 1 7793 7795 7796 AND
2 1 7794 7796 7797 AND
2 1 5275 5948 7798 AND
2 1 7797 7798 7799 AND
2 1 7799 17 7800 XOR
2 1 7523 7522 7801 XOR
2 1 7800 7801 7802 AND
2 1 7801 7800 7803 XOR
2 1 7520 7512 7804 XOR
2 1 2426 5494 7807 AND
2 1 2351 5731 7805 AND
2 1 2495 5273 7806 AND
2 1 7805 7806 7808 AND
2 1 7807 7808 7809 AND
2 1 5275 5997 7810 AND
2 1 7809 7810 7811 AND
2 1 7811 17 7812 XOR
2 1 7804 7812 7813 AND
2 1 2426 5731 7814 AND
2 1 2533 5273 7815 AND
2 1 2495 5494 7816 AND
2 1 7815 7816 7817 AND
2 1 7814 7817 7818 AND
2 1 5275 6050 7819 AND
2 1 7818 7819 7820 AND
2 1 7820 17 7821 XOR
2 1 7509 7501 7822 XOR
2 1 7821 7822 7823 AND
2 1 7822 7821 7824 XOR
2 1 7500 7498 7825 XOR
2 1 2495 5731 7826 AND
2 1 2639 5273 7827 AND
2 1 2533 5494 7828 AND
2 1 7827 7828 7829 AND
2 1 7826 7829 7830 AND
2 1 5275 6097 7831 AND
2 1 7830 7831 7832 AND
2 1 7832 17 7833 XOR
2 1 7825 7833 7834 AND
2 1 2793 5494 7835 AND
2 1 2700 5731 7836 AND
2 1 7835 7836 7837 AND
2 1 5275 6654 7838 AND
2 1 7837 7838 7839 AND
2 1 7839 17 7840 XOR
2 1 2793 5270 7841 AND
2 1 17 7841 7842 AND
2 1 7840 7842 7843 AND
2 1 2639 5731 7844 AND
2 1 2793 5273 7845 AND
2 1 2700 5494 7846 AND
2 1 7845 7846 7847 AND
2 1 7844 7847 7848 AND
2 1 5275 6198 7849 AND
2 1 7848 7849 7850 AND
2 1 7850 17 7851 XOR
2 1 7843 7851 7852 AND
2 1 7499 7852 7853 AND
2 1 7852 7499 7854 XOR
2 1 2533 5731 7855 AND
2 1 2700 5273 7856 AND
2 1 2639 5494 7857 AND
2 1 7856 7857 7858 AND
2 1 7855 7858 7859 AND
2 1 5275 6205 7860 AND
2 1 7859 7860 7861 AND
2 1 7861 17 7862 XOR
2 1 7854 7862 7863 AND
2 1 7853 7863 7864 AND
2 1 7833 7825 7865 XOR
2 1 7864 7865 7866 AND
2 1 7834 7866 7867 AND
2 1 7824 7867 7868 AND
2 1 7823 7868 7869 AND
2 1 7812 7804 7870 XOR
2 1 7869 7870 7871 AND
2 1 7813 7871 7872 AND
2 1 7803 7872 7873 AND
2 1 7802 7873 7874 AND
2 1 7791 7783 7875 XOR
2 1 7874 7875 7876 AND
2 1 7792 7876 7877 AND
2 1 7781 7773 7878 XOR
2 1 7877 7878 7879 AND
2 1 7782 7879 7880 AND
2 1 7771 7763 7881 XOR
2 1 7880 7881 7882 AND
2 1 7772 7882 7883 AND
2 1 7762 7883 7884 AND
2 1 7761 7884 7885 AND
2 1 7751 7885 7886 AND
2 1 7750 7886 7887 AND
2 1 7740 7887 7888 AND
2 1 7739 7888 7889 AND
2 1 7728 7720 7890 XOR
2 1 7889 7890 7891 AND
2 1 7729 7891 7892 AND
2 1 7718 7710 7893 XOR
2 1 7892 7893 7894 AND
2 1 7719 7894 7895 AND
2 1 7709 7895 7896 AND
2 1 7708 7896 7897 AND
2 1 7698 7897 7898 AND
2 1 7697 7898 7899 AND
2 1 7687 7899 7900 AND
2 1 7686 7900 7901 AND
2 1 7676 7901 7902 AND
2 1 7675 7902 7903 AND
2 1 7665 7903 7904 AND
2 1 7664 7904 7905 AND
2 1 7654 7905 7906 AND
2 1 7653 7906 7907 AND
2 1 7643 7907 7908 AND
2 1 7642 7908 7909 AND
2 1 7577 7576 7910 XOR
2 1 7909 7910 7911 AND
2 1 356 6414 7912 AND
2 1 674 5848 7913 AND
2 1 551 6312 7914 AND
2 1 7913 7914 7915 AND
2 1 7912 7915 7916 AND
2 1 3273 5845 7917 AND
2 1 7916 7917 7918 AND
2 1 7918 14 7919 XOR
2 1 7910 7909 7920 XOR
2 1 7919 7920 7921 AND
2 1 7911 7921 7922 AND
2 1 7632 7922 7923 AND
2 1 7922 7632 7924 XOR
2 1 3458 6543 7926 AND
2 1 3376 7018 7925 AND
2 1 3524 6777 7927 AND
2 1 7925 7927 7928 AND
2 1 7926 7928 7929 AND
2 1 3539 6545 7930 AND
2 1 7929 7930 7931 AND
2 1 7931 11 7932 XOR
2 1 7924 7932 7933 AND
2 1 7923 7933 7934 AND
2 1 7631 7934 7935 AND
2 1 7934 7631 7936 XOR
2 1 3860 7313 7939 AND
2 1 7310 7311 7937 AND
2 1 3778 7937 7938 AND
2 1 3940 7618 7940 AND
2 1 7938 7940 7941 AND
2 1 7939 7941 7942 AND
2 1 3961 7315 7943 AND
2 1 7942 7943 7944 AND
2 1 7944 8 7945 XOR
2 1 7936 7945 7946 AND
2 1 7935 7946 7947 AND
2 1 3940 7313 7949 AND
2 1 4368 7937 7948 AND
2 1 3778 7618 7950 AND
2 1 7948 7950 7951 AND
2 1 7949 7951 7952 AND
2 1 4504 7315 7953 AND
2 1 7952 7953 7954 AND
2 1 7954 8 7955 XOR
2 1 7947 7955 7956 AND
2 1 7955 7947 7957 XOR
2 1 7614 7613 7958 XOR
2 1 7957 7958 7959 AND
2 1 7956 7959 7960 AND
2 1 7626 7625 7961 XOR
2 1 7960 7961 7962 AND
2 1 7932 7924 7963 XOR
2 1 7907 7643 7964 XOR
2 1 831 5848 7966 AND
2 1 551 6414 7965 AND
2 1 674 6312 7967 AND
2 1 7965 7967 7968 AND
2 1 7966 7968 7969 AND
2 1 3259 5845 7970 AND
2 1 7969 7970 7971 AND
2 1 7971 14 7972 XOR
2 1 7964 7972 7973 AND
2 1 7905 7654 7974 XOR
2 1 831 6312 7977 AND
2 1 674 6414 7975 AND
2 1 922 5848 7976 AND
2 1 7975 7976 7978 AND
2 1 7977 7978 7979 AND
2 1 4056 5845 7980 AND
2 1 7979 7980 7981 AND
2 1 7981 14 7982 XOR
2 1 7974 7982 7983 AND
2 1 7903 7665 7984 XOR
2 1 831 6414 7985 AND
2 1 1024 5848 7986 AND
2 1 922 6312 7987 AND
2 1 7986 7987 7988 AND
2 1 7985 7988 7989 AND
2 1 4075 5845 7990 AND
2 1 7989 7990 7991 AND
2 1 7991 14 7992 XOR
2 1 7984 7992 7993 AND
2 1 7901 7676 7994 XOR
2 1 922 6414 7995 AND
2 1 1142 5848 7996 AND
2 1 1024 6312 7997 AND
2 1 7996 7997 7998 AND
2 1 7995 7998 7999 AND
2 1 4443 5845 8000 AND
2 1 7999 8000 8001 AND
2 1 8001 14 8002 XOR
2 1 7994 8002 8003 AND
2 1 7899 7687 8004 XOR
2 1 1024 6414 8005 AND
2 1 1199 5848 8006 AND
2 1 1142 6312 8007 AND
2 1 8006 8007 8008 AND
2 1 8005 8008 8009 AND
2 1 4295 5845 8010 AND
2 1 8009 8010 8011 AND
2 1 8011 14 8012 XOR
2 1 8004 8012 8013 AND
2 1 7897 7698 8014 XOR
2 1 1328 5848 8016 AND
2 1 1142 6414 8015 AND
2 1 1199 6312 8017 AND
2 1 8015 8017 8018 AND
2 1 8016 8018 8019 AND
2 1 4627 5845 8020 AND
2 1 8019 8020 8021 AND
2 1 8021 14 8022 XOR
2 1 8014 8022 8023 AND
2 1 7895 7709 8024 XOR
2 1 1199 6414 8025 AND
2 1 1436 5848 8026 AND
2 1 1328 6312 8027 AND
2 1 8026 8027 8028 AND
2 1 8025 8028 8029 AND
2 1 4615 5845 8030 AND
2 1 8029 8030 8031 AND
2 1 8031 14 8032 XOR
2 1 8024 8032 8033 AND
2 1 1328 6414 8034 AND
2 1 1536 5848 8035 AND
2 1 1436 6312 8036 AND
2 1 8035 8036 8037 AND
2 1 8034 8037 8038 AND
2 1 4830 5845 8039 AND
2 1 8038 8039 8040 AND
2 1 8040 14 8041 XOR
2 1 7893 7892 8042 XOR
2 1 8041 8042 8043 AND
2 1 8042 8041 8044 XOR
2 1 1436 6414 8045 AND
2 1 1628 5848 8046 AND
2 1 1536 6312 8047 AND
2 1 8046 8047 8048 AND
2 1 8045 8048 8049 AND
2 1 4849 5845 8050 AND
2 1 8049 8050 8051 AND
2 1 8051 14 8052 XOR
2 1 7890 7889 8053 XOR
2 1 8052 8053 8054 AND
2 1 8053 8052 8055 XOR
2 1 7887 7740 8056 XOR
2 1 1743 5848 8058 AND
2 1 1536 6414 8057 AND
2 1 1628 6312 8059 AND
2 1 8057 8059 8060 AND
2 1 8058 8060 8061 AND
2 1 5200 5845 8062 AND
2 1 8061 8062 8063 AND
2 1 8063 14 8064 XOR
2 1 8056 8064 8065 AND
2 1 7885 7751 8066 XOR
2 1 1841 5848 8068 AND
2 1 1628 6414 8067 AND
2 1 1743 6312 8069 AND
2 1 8067 8069 8070 AND
2 1 8068 8070 8071 AND
2 1 5033 5845 8072 AND
2 1 8071 8072 8073 AND
2 1 8073 14 8074 XOR
2 1 8066 8074 8075 AND
2 1 7883 7762 8076 XOR
2 1 1841 6312 8079 AND
2 1 1743 6414 8077 AND
2 1 1876 5848 8078 AND
2 1 8077 8078 8080 AND
2 1 8079 8080 8081 AND
2 1 5426 5845 8082 AND
2 1 8081 8082 8083 AND
2 1 8083 14 8084 XOR
2 1 8076 8084 8085 AND
2 1 1841 6414 8086 AND
2 1 1955 5848 8087 AND
2 1 1876 6312 8088 AND
2 1 8087 8088 8089 AND
2 1 8086 8089 8090 AND
2 1 5534 5845 8091 AND
2 1 8090 8091 8092 AND
2 1 8092 14 8093 XOR
2 1 7881 7880 8094 XOR
2 1 8093 8094 8095 AND
2 1 8094 8093 8096 XOR
2 1 1955 6312 8099 AND
2 1 1876 6414 8097 AND
2 1 2020 5848 8098 AND
2 1 8097 8098 8100 AND
2 1 8099 8100 8101 AND
2 1 5411 5845 8102 AND
2 1 8101 8102 8103 AND
2 1 8103 14 8104 XOR
2 1 7878 7877 8105 XOR
2 1 8104 8105 8106 AND
2 1 8105 8104 8107 XOR
2 1 1955 6414 8108 AND
2 1 2115 5848 8109 AND
2 1 2020 6312 8110 AND
2 1 8109 8110 8111 AND
2 1 8108 8111 8112 AND
2 1 5662 5845 8113 AND
2 1 8112 8113 8114 AND
2 1 8114 14 8115 XOR
2 1 7875 7874 8116 XOR
2 1 8115 8116 8117 AND
2 1 8116 8115 8118 XOR
2 1 7872 7803 8119 XOR
2 1 2020 6414 8120 AND
2 1 2152 5848 8121 AND
2 1 2115 6312 8122 AND
2 1 8121 8122 8123 AND
2 1 8120 8123 8124 AND
2 1 5845 5892 8125 AND
2 1 8124 8125 8126 AND
2 1 8126 14 8127 XOR
2 1 8119 8127 8128 AND
2 1 7870 7869 8129 XOR
2 1 2115 6414 8130 AND
2 1 2254 5848 8131 AND
2 1 2152 6312 8132 AND
2 1 8131 8132 8133 AND
2 1 8130 8133 8134 AND
2 1 5845 5902 8135 AND
2 1 8134 8135 8136 AND
2 1 8136 14 8137 XOR
2 1 8129 8137 8138 AND
2 1 7867 7824 8139 XOR
2 1 2152 6414 8140 AND
2 1 2351 5848 8141 AND
2 1 2254 6312 8142 AND
2 1 8141 8142 8143 AND
2 1 8140 8143 8144 AND
2 1 5643 5845 8145 AND
2 1 8144 8145 8146 AND
2 1 8146 14 8147 XOR
2 1 8139 8147 8148 AND
2 1 2426 5848 8150 AND
2 1 2254 6414 8149 AND
2 1 2351 6312 8151 AND
2 1 8149 8151 8152 AND
2 1 8150 8152 8153 AND
2 1 5845 5948 8154 AND
2 1 8153 8154 8155 AND
2 1 8155 14 8156 XOR
2 1 7865 7864 8157 XOR
2 1 8156 8157 8158 AND
2 1 8157 8156 8159 XOR
2 1 7862 7854 8160 XOR
2 1 2426 6312 8163 AND
2 1 2351 6414 8161 AND
2 1 2495 5848 8162 AND
2 1 8161 8162 8164 AND
2 1 8163 8164 8165 AND
2 1 5845 5997 8166 AND
2 1 8165 8166 8167 AND
2 1 8167 14 8168 XOR
2 1 8160 8168 8169 AND
2 1 2426 6414 8170 AND
2 1 2533 5848 8171 AND
2 1 2495 6312 8172 AND
2 1 8171 8172 8173 AND
2 1 8170 8173 8174 AND
2 1 5845 6050 8175 AND
2 1 8174 8175 8176 AND
2 1 8176 14 8177 XOR
2 1 7851 7843 8178 XOR
2 1 8177 8178 8179 AND
2 1 8178 8177 8180 XOR
2 1 7842 7840 8181 XOR
2 1 2495 6414 8182 AND
2 1 2639 5848 8183 AND
2 1 2533 6312 8184 AND
2 1 8183 8184 8185 AND
2 1 8182 8185 8186 AND
2 1 5845 6097 8187 AND
2 1 8186 8187 8188 AND
2 1 8188 14 8189 XOR
2 1 8181 8189 8190 AND
2 1 2793 6312 8191 AND
2 1 2700 6414 8192 AND
2 1 8191 8192 8193 AND
2 1 5845 6654 8194 AND
2 1 8193 8194 8195 AND
2 1 8195 14 8196 XOR
2 1 2793 5843 8197 AND
2 1 14 8197 8198 AND
2 1 8196 8198 8199 AND
2 1 2639 6414 8200 AND
2 1 2793 5848 8201 AND
2 1 2700 6312 8202 AND
2 1 8201 8202 8203 AND
2 1 8200 8203 8204 AND
2 1 5845 6198 8205 AND
2 1 8204 8205 8206 AND
2 1 8206 14 8207 XOR
2 1 8199 8207 8208 AND
2 1 7841 8208 8209 AND
2 1 8208 7841 8210 XOR
2 1 2533 6414 8211 AND
2 1 2700 5848 8212 AND
2 1 2639 6312 8213 AND
2 1 8212 8213 8214 AND
2 1 8211 8214 8215 AND
2 1 5845 6205 8216 AND
2 1 8215 8216 8217 AND
2 1 8217 14 8218 XOR
2 1 8210 8218 8219 AND
2 1 8209 8219 8220 AND
2 1 8189 8181 8221 XOR
2 1 8220 8221 8222 AND
2 1 8190 8222 8223 AND
2 1 8180 8223 8224 AND
2 1 8179 8224 8225 AND
2 1 8168 8160 8226 XOR
2 1 8225 8226 8227 AND
2 1 8169 8227 8228 AND
2 1 8159 8228 8229 AND
2 1 8158 8229 8230 AND
2 1 8147 8139 8231 XOR
2 1 8230 8231 8232 AND
2 1 8148 8232 8233 AND
2 1 8137 8129 8234 XOR
2 1 8233 8234 8235 AND
2 1 8138 8235 8236 AND
2 1 8127 8119 8237 XOR
2 1 8236 8237 8238 AND
2 1 8128 8238 8239 AND
2 1 8118 8239 8240 AND
2 1 8117 8240 8241 AND
2 1 8107 8241 8242 AND
2 1 8106 8242 8243 AND
2 1 8096 8243 8244 AND
2 1 8095 8244 8245 AND
2 1 8084 8076 8246 XOR
2 1 8245 8246 8247 AND
2 1 8085 8247 8248 AND
2 1 8074 8066 8249 XOR
2 1 8248 8249 8250 AND
2 1 8075 8250 8251 AND
2 1 8064 8056 8252 XOR
2 1 8251 8252 8253 AND
2 1 8065 8253 8254 AND
2 1 8055 8254 8255 AND
2 1 8054 8255 8256 AND
2 1 8044 8256 8257 AND
2 1 8043 8257 8258 AND
2 1 8032 8024 8259 XOR
2 1 8258 8259 8260 AND
2 1 8033 8260 8261 AND
2 1 8022 8014 8262 XOR
2 1 8261 8262 8263 AND
2 1 8023 8263 8264 AND
2 1 8012 8004 8265 XOR
2 1 8264 8265 8266 AND
2 1 8013 8266 8267 AND
2 1 8002 7994 8268 XOR
2 1 8267 8268 8269 AND
2 1 8003 8269 8270 AND
2 1 7992 7984 8271 XOR
2 1 8270 8271 8272 AND
2 1 7993 8272 8273 AND
2 1 7982 7974 8274 XOR
2 1 8273 8274 8275 AND
2 1 7983 8275 8276 AND
2 1 7972 7964 8277 XOR
2 1 8276 8277 8278 AND
2 1 7973 8278 8279 AND
2 1 7920 7919 8280 XOR
2 1 8279 8280 8281 AND
2 1 3458 6777 8284 AND
2 1 3524 7018 8282 AND
2 1 2951 6543 8283 AND
2 1 8282 8283 8285 AND
2 1 8284 8285 8286 AND
2 1 3972 6545 8287 AND
2 1 8286 8287 8288 AND
2 1 8288 11 8289 XOR
2 1 8280 8279 8290 XOR
2 1 8289 8290 8291 AND
2 1 8281 8291 8292 AND
2 1 7963 8292 8293 AND
2 1 8292 7963 8294 XOR
2 1 3860 7618 8297 AND
2 1 3940 7937 8295 AND
2 1 3707 7313 8296 AND
2 1 8295 8296 8298 AND
2 1 8297 8298 8299 AND
2 1 4335 7315 8300 AND
2 1 8299 8300 8301 AND
2 1 8301 8 8302 XOR
2 1 8294 8302 8303 AND
2 1 8293 8303 8304 AND
2 1 4 3 8305 XOR
2 1 5 4 33 XOR
2 1 3 2 34 XOR
2 1 33 34 8306 AND
2 1 8305 8306 8307 AND
2 1 4368 8307 8308 AND
2 1 33 34 8309 AND
2 1 4372 8309 8310 AND
2 1 8308 8310 8311 AND
2 1 8311 5 8312 XOR
2 1 8304 8312 8313 AND
2 1 7945 7936 8314 XOR
2 1 8312 8304 8315 XOR
2 1 8314 8315 8316 AND
2 1 8313 8316 8317 AND
2 1 7958 7955 8318 XOR
2 1 8318 7947 8319 XOR
2 1 8317 8319 8320 AND
2 1 8315 8314 8321 XOR
2 1 3458 7018 8322 AND
2 1 356 6543 8323 AND
2 1 2951 6777 8324 AND
2 1 8323 8324 8325 AND
2 1 8322 8325 8326 AND
2 1 3621 6545 8327 AND
2 1 8326 8327 8328 AND
2 1 8328 11 8329 XOR
2 1 8277 8276 8330 XOR
2 1 8329 8330 8331 AND
2 1 8330 8329 8332 XOR
2 1 2951 7018 8333 AND
2 1 551 6543 8334 AND
2 1 356 6777 8335 AND
2 1 8334 8335 8336 AND
2 1 8333 8336 8337 AND
2 1 2955 6545 8338 AND
2 1 8337 8338 8339 AND
2 1 8339 11 8340 XOR
2 1 8274 8273 8341 XOR
2 1 8340 8341 8342 AND
2 1 8341 8340 8343 XOR
2 1 356 7018 8344 AND
2 1 674 6543 8345 AND
2 1 551 6777 8346 AND
2 1 8345 8346 8347 AND
2 1 8344 8347 8348 AND
2 1 3273 6545 8349 AND
2 1 8348 8349 8350 AND
2 1 8350 11 8351 XOR
2 1 8271 8270 8352 XOR
2 1 8351 8352 8353 AND
2 1 8352 8351 8354 XOR
2 1 831 6543 8356 AND
2 1 551 7018 8355 AND
2 1 674 6777 8357 AND
2 1 8355 8357 8358 AND
2 1 8356 8358 8359 AND
2 1 3259 6545 8360 AND
2 1 8359 8360 8361 AND
2 1 8361 11 8362 XOR
2 1 8268 8267 8363 XOR
2 1 8362 8363 8364 AND
2 1 8363 8362 8365 XOR
2 1 831 6777 8368 AND
2 1 674 7018 8366 AND
2 1 922 6543 8367 AND
2 1 8366 8367 8369 AND
2 1 8368 8369 8370 AND
2 1 4056 6545 8371 AND
2 1 8370 8371 8372 AND
2 1 8372 11 8373 XOR
2 1 8265 8264 8374 XOR
2 1 8373 8374 8375 AND
2 1 8374 8373 8376 XOR
2 1 831 7018 8377 AND
2 1 1024 6543 8378 AND
2 1 922 6777 8379 AND
2 1 8378 8379 8380 AND
2 1 8377 8380 8381 AND
2 1 4075 6545 8382 AND
2 1 8381 8382 8383 AND
2 1 8383 11 8384 XOR
2 1 8262 8261 8385 XOR
2 1 8384 8385 8386 AND
2 1 8385 8384 8387 XOR
2 1 922 7018 8388 AND
2 1 1142 6543 8389 AND
2 1 1024 6777 8390 AND
2 1 8389 8390 8391 AND
2 1 8388 8391 8392 AND
2 1 4443 6545 8393 AND
2 1 8392 8393 8394 AND
2 1 8394 11 8395 XOR
2 1 8259 8258 8396 XOR
2 1 8395 8396 8397 AND
2 1 8396 8395 8398 XOR
2 1 8256 8044 8399 XOR
2 1 1024 7018 8400 AND
2 1 1199 6543 8401 AND
2 1 1142 6777 8402 AND
2 1 8401 8402 8403 AND
2 1 8400 8403 8404 AND
2 1 4295 6545 8405 AND
2 1 8404 8405 8406 AND
2 1 8406 11 8407 XOR
2 1 8399 8407 8408 AND
2 1 8254 8055 8409 XOR
2 1 1328 6543 8411 AND
2 1 1142 7018 8410 AND
2 1 1199 6777 8412 AND
2 1 8410 8412 8413 AND
2 1 8411 8413 8414 AND
2 1 4627 6545 8415 AND
2 1 8414 8415 8416 AND
2 1 8416 11 8417 XOR
2 1 8409 8417 8418 AND
2 1 1199 7018 8419 AND
2 1 1436 6543 8420 AND
2 1 1328 6777 8421 AND
2 1 8420 8421 8422 AND
2 1 8419 8422 8423 AND
2 1 4615 6545 8424 AND
2 1 8423 8424 8425 AND
2 1 8425 11 8426 XOR
2 1 8252 8251 8427 XOR
2 1 8426 8427 8428 AND
2 1 8427 8426 8429 XOR
2 1 1328 7018 8430 AND
2 1 1536 6543 8431 AND
2 1 1436 6777 8432 AND
2 1 8431 8432 8433 AND
2 1 8430 8433 8434 AND
2 1 4830 6545 8435 AND
2 1 8434 8435 8436 AND
2 1 8436 11 8437 XOR
2 1 8249 8248 8438 XOR
2 1 8437 8438 8439 AND
2 1 8438 8437 8440 XOR
2 1 1436 7018 8441 AND
2 1 1628 6543 8442 AND
2 1 1536 6777 8443 AND
2 1 8442 8443 8444 AND
2 1 8441 8444 8445 AND
2 1 4849 6545 8446 AND
2 1 8445 8446 8447 AND
2 1 8447 11 8448 XOR
2 1 8246 8245 8449 XOR
2 1 8448 8449 8450 AND
2 1 8449 8448 8451 XOR
2 1 8243 8096 8452 XOR
2 1 1743 6543 8454 AND
2 1 1536 7018 8453 AND
2 1 1628 6777 8455 AND
2 1 8453 8455 8456 AND
2 1 8454 8456 8457 AND
2 1 5200 6545 8458 AND
2 1 8457 8458 8459 AND
2 1 8459 11 8460 XOR
2 1 8452 8460 8461 AND
2 1 8241 8107 8462 XOR
2 1 1841 6543 8464 AND
2 1 1628 7018 8463 AND
2 1 1743 6777 8465 AND
2 1 8463 8465 8466 AND
2 1 8464 8466 8467 AND
2 1 5033 6545 8468 AND
2 1 8467 8468 8469 AND
2 1 8469 11 8470 XOR
2 1 8462 8470 8471 AND
2 1 8239 8118 8472 XOR
2 1 1841 6777 8475 AND
2 1 1743 7018 8473 AND
2 1 1876 6543 8474 AND
2 1 8473 8474 8476 AND
2 1 8475 8476 8477 AND
2 1 5426 6545 8478 AND
2 1 8477 8478 8479 AND
2 1 8479 11 8480 XOR
2 1 8472 8480 8481 AND
2 1 1841 7018 8482 AND
2 1 1955 6543 8483 AND
2 1 1876 6777 8484 AND
2 1 8483 8484 8485 AND
2 1 8482 8485 8486 AND
2 1 5534 6545 8487 AND
2 1 8486 8487 8488 AND
2 1 8488 11 8489 XOR
2 1 8237 8236 8490 XOR
2 1 8489 8490 8491 AND
2 1 8490 8489 8492 XOR
2 1 1955 6777 8495 AND
2 1 1876 7018 8493 AND
2 1 2020 6543 8494 AND
2 1 8493 8494 8496 AND
2 1 8495 8496 8497 AND
2 1 5411 6545 8498 AND
2 1 8497 8498 8499 AND
2 1 8499 11 8500 XOR
2 1 8234 8233 8501 XOR
2 1 8500 8501 8502 AND
2 1 8501 8500 8503 XOR
2 1 1955 7018 8504 AND
2 1 2115 6543 8505 AND
2 1 2020 6777 8506 AND
2 1 8505 8506 8507 AND
2 1 8504 8507 8508 AND
2 1 5662 6545 8509 AND
2 1 8508 8509 8510 AND
2 1 8510 11 8511 XOR
2 1 8231 8230 8512 XOR
2 1 8511 8512 8513 AND
2 1 8512 8511 8514 XOR
2 1 8228 8159 8515 XOR
2 1 2020 7018 8516 AND
2 1 2152 6543 8517 AND
2 1 2115 6777 8518 AND
2 1 8517 8518 8519 AND
2 1 8516 8519 8520 AND
2 1 5892 6545 8521 AND
2 1 8520 8521 8522 AND
2 1 8522 11 8523 XOR
2 1 8515 8523 8524 AND
2 1 8226 8225 8525 XOR
2 1 2115 7018 8526 AND
2 1 2254 6543 8527 AND
2 1 2152 6777 8528 AND
2 1 8527 8528 8529 AND
2 1 8526 8529 8530 AND
2 1 5902 6545 8531 AND
2 1 8530 8531 8532 AND
2 1 8532 11 8533 XOR
2 1 8525 8533 8534 AND
2 1 8223 8180 8535 XOR
2 1 2152 7018 8536 AND
2 1 2351 6543 8537 AND
2 1 2254 6777 8538 AND
2 1 8537 8538 8539 AND
2 1 8536 8539 8540 AND
2 1 5643 6545 8541 AND
2 1 8540 8541 8542 AND
2 1 8542 11 8543 XOR
2 1 8535 8543 8544 AND
2 1 2426 6543 8546 AND
2 1 2254 7018 8545 AND
2 1 2351 6777 8547 AND
2 1 8545 8547 8548 AND
2 1 8546 8548 8549 AND
2 1 5948 6545 8550 AND
2 1 8549 8550 8551 AND
2 1 8551 11 8552 XOR
2 1 8221 8220 8553 XOR
2 1 8552 8553 8554 AND
2 1 8553 8552 8555 XOR
2 1 8218 8210 8556 XOR
2 1 2426 6777 8559 AND
2 1 2351 7018 8557 AND
2 1 2495 6543 8558 AND
2 1 8557 8558 8560 AND
2 1 8559 8560 8561 AND
2 1 5997 6545 8562 AND
2 1 8561 8562 8563 AND
2 1 8563 11 8564 XOR
2 1 8556 8564 8565 AND
2 1 2426 7018 8566 AND
2 1 2533 6543 8567 AND
2 1 2495 6777 8568 AND
2 1 8567 8568 8569 AND
2 1 8566 8569 8570 AND
2 1 6050 6545 8571 AND
2 1 8570 8571 8572 AND
2 1 8572 11 8573 XOR
2 1 8207 8199 8574 XOR
2 1 8573 8574 8575 AND
2 1 8574 8573 8576 XOR
2 1 8198 8196 8577 XOR
2 1 2495 7018 8578 AND
2 1 2639 6543 8579 AND
2 1 2533 6777 8580 AND
2 1 8579 8580 8581 AND
2 1 8578 8581 8582 AND
2 1 6097 6545 8583 AND
2 1 8582 8583 8584 AND
2 1 8584 11 8585 XOR
2 1 8577 8585 8586 AND
2 1 2793 6777 8587 AND
2 1 2700 7018 8588 AND
2 1 8587 8588 8589 AND
2 1 6545 6654 8590 AND
2 1 8589 8590 8591 AND
2 1 8591 11 8592 XOR
2 1 2793 6541 8593 AND
2 1 11 8593 8594 AND
2 1 8592 8594 8595 AND
2 1 2639 7018 8596 AND
2 1 2793 6543 8597 AND
2 1 2700 6777 8598 AND
2 1 8597 8598 8599 AND
2 1 8596 8599 8600 AND
2 1 6198 6545 8601 AND
2 1 8600 8601 8602 AND
2 1 8602 11 8603 XOR
2 1 8595 8603 8604 AND
2 1 8197 8604 8605 AND
2 1 8604 8197 8606 XOR
2 1 2533 7018 8607 AND
2 1 2700 6543 8608 AND
2 1 2639 6777 8609 AND
2 1 8608 8609 8610 AND
2 1 8607 8610 8611 AND
2 1 6205 6545 8612 AND
2 1 8611 8612 8613 AND
2 1 8613 11 8614 XOR
2 1 8606 8614 8615 AND
2 1 8605 8615 8616 AND
2 1 8585 8577 8617 XOR
2 1 8616 8617 8618 AND
2 1 8586 8618 8619 AND
2 1 8576 8619 8620 AND
2 1 8575 8620 8621 AND
2 1 8564 8556 8622 XOR
2 1 8621 8622 8623 AND
2 1 8565 8623 8624 AND
2 1 8555 8624 8625 AND
2 1 8554 8625 8626 AND
2 1 8543 8535 8627 XOR
2 1 8626 8627 8628 AND
2 1 8544 8628 8629 AND
2 1 8533 8525 8630 XOR
2 1 8629 8630 8631 AND
2 1 8534 8631 8632 AND
2 1 8523 8515 8633 XOR
2 1 8632 8633 8634 AND
2 1 8524 8634 8635 AND
2 1 8514 8635 8636 AND
2 1 8513 8636 8637 AND
2 1 8503 8637 8638 AND
2 1 8502 8638 8639 AND
2 1 8492 8639 8640 AND
2 1 8491 8640 8641 AND
2 1 8480 8472 8642 XOR
2 1 8641 8642 8643 AND
2 1 8481 8643 8644 AND
2 1 8470 8462 8645 XOR
2 1 8644 8645 8646 AND
2 1 8471 8646 8647 AND
2 1 8460 8452 8648 XOR
2 1 8647 8648 8649 AND
2 1 8461 8649 8650 AND
2 1 8451 8650 8651 AND
2 1 8450 8651 8652 AND
2 1 8440 8652 8653 AND
2 1 8439 8653 8654 AND
2 1 8429 8654 8655 AND
2 1 8428 8655 8656 AND
2 1 8417 8409 8657 XOR
2 1 8656 8657 8658 AND
2 1 8418 8658 8659 AND
2 1 8407 8399 8660 XOR
2 1 8659 8660 8661 AND
2 1 8408 8661 8662 AND
2 1 8398 8662 8663 AND
2 1 8397 8663 8664 AND
2 1 8387 8664 8665 AND
2 1 8386 8665 8666 AND
2 1 8376 8666 8667 AND
2 1 8375 8667 8668 AND
2 1 8365 8668 8669 AND
2 1 8364 8669 8670 AND
2 1 8354 8670 8671 AND
2 1 8353 8671 8672 AND
2 1 8343 8672 8673 AND
2 1 8342 8673 8674 AND
2 1 8332 8674 8675 AND
2 1 8331 8675 8676 AND
2 1 8290 8289 8677 XOR
2 1 8676 8677 8678 AND
2 1 3860 7937 8679 AND
2 1 3376 7313 8680 AND
2 1 3707 7618 8681 AND
2 1 8680 8681 8682 AND
2 1 8679 8682 8683 AND
2 1 4393 7315 8684 AND
2 1 8683 8684 8685 AND
2 1 8685 8 8686 XOR
2 1 8677 8676 8687 XOR
2 1 8686 8687 8688 AND
2 1 8678 8688 8689 AND
2 1 3778 8307 8690 AND
2 1 34 8305 8691 AND
2 1 4368 8691 8692 AND
2 1 8690 8692 8693 AND
2 1 4429 8309 8694 AND
2 1 8693 8694 8695 AND
2 1 8695 5 8696 XOR
2 1 8689 8696 8697 AND
2 1 8302 8294 8698 XOR
2 1 8696 8689 8699 XOR
2 1 8698 8699 8700 AND
2 1 8697 8700 8701 AND
2 1 8321 8701 8702 AND
2 1 8701 8321 8703 XOR
2 1 8674 8332 8704 XOR
2 1 3707 7937 8705 AND
2 1 3524 7313 8706 AND
2 1 3376 7618 8707 AND
2 1 8706 8707 8708 AND
2 1 8705 8708 8709 AND
2 1 3722 7315 8710 AND
2 1 8709 8710 8711 AND
2 1 8711 8 8712 XOR
2 1 8704 8712 8713 AND
2 1 8672 8343 8714 XOR
2 1 3458 7313 8716 AND
2 1 3376 7937 8715 AND
2 1 3524 7618 8717 AND
2 1 8715 8717 8718 AND
2 1 8716 8718 8719 AND
2 1 3539 7315 8720 AND
2 1 8719 8720 8721 AND
2 1 8721 8 8722 XOR
2 1 8714 8722 8723 AND
2 1 8670 8354 8724 XOR
2 1 3458 7618 8727 AND
2 1 3524 7937 8725 AND
2 1 2951 7313 8726 AND
2 1 8725 8726 8728 AND
2 1 8727 8728 8729 AND
2 1 3972 7315 8730 AND
2 1 8729 8730 8731 AND
2 1 8731 8 8732 XOR
2 1 8724 8732 8733 AND
2 1 8668 8365 8734 XOR
2 1 3458 7937 8735 AND
2 1 356 7313 8736 AND
2 1 2951 7618 8737 AND
2 1 8736 8737 8738 AND
2 1 8735 8738 8739 AND
2 1 3621 7315 8740 AND
2 1 8739 8740 8741 AND
2 1 8741 8 8742 XOR
2 1 8734 8742 8743 AND
2 1 8666 8376 8744 XOR
2 1 2951 7937 8745 AND
2 1 551 7313 8746 AND
2 1 356 7618 8747 AND
2 1 8746 8747 8748 AND
2 1 8745 8748 8749 AND
2 1 2955 7315 8750 AND
2 1 8749 8750 8751 AND
2 1 8751 8 8752 XOR
2 1 8744 8752 8753 AND
2 1 8664 8387 8754 XOR
2 1 356 7937 8755 AND
2 1 674 7313 8756 AND
2 1 551 7618 8757 AND
2 1 8756 8757 8758 AND
2 1 8755 8758 8759 AND
2 1 3273 7315 8760 AND
2 1 8759 8760 8761 AND
2 1 8761 8 8762 XOR
2 1 8754 8762 8763 AND
2 1 8662 8398 8764 XOR
2 1 831 7313 8766 AND
2 1 551 7937 8765 AND
2 1 674 7618 8767 AND
2 1 8765 8767 8768 AND
2 1 8766 8768 8769 AND
2 1 3259 7315 8770 AND
2 1 8769 8770 8771 AND
2 1 8771 8 8772 XOR
2 1 8764 8772 8773 AND
2 1 831 7618 8776 AND
2 1 674 7937 8774 AND
2 1 922 7313 8775 AND
2 1 8774 8775 8777 AND
2 1 8776 8777 8778 AND
2 1 4056 7315 8779 AND
2 1 8778 8779 8780 AND
2 1 8780 8 8781 XOR
2 1 8660 8659 8782 XOR
2 1 8781 8782 8783 AND
2 1 8782 8781 8784 XOR
2 1 831 7937 8785 AND
2 1 1024 7313 8786 AND
2 1 922 7618 8787 AND
2 1 8786 8787 8788 AND
2 1 8785 8788 8789 AND
2 1 4075 7315 8790 AND
2 1 8789 8790 8791 AND
2 1 8791 8 8792 XOR
2 1 8657 8656 8793 XOR
2 1 8792 8793 8794 AND
2 1 8793 8792 8795 XOR
2 1 8654 8429 8796 XOR
2 1 922 7937 8797 AND
2 1 1142 7313 8798 AND
2 1 1024 7618 8799 AND
2 1 8798 8799 8800 AND
2 1 8797 8800 8801 AND
2 1 4443 7315 8802 AND
2 1 8801 8802 8803 AND
2 1 8803 8 8804 XOR
2 1 8796 8804 8805 AND
2 1 8652 8440 8806 XOR
2 1 1024 7937 8807 AND
2 1 1199 7313 8808 AND
2 1 1142 7618 8809 AND
2 1 8808 8809 8810 AND
2 1 8807 8810 8811 AND
2 1 4295 7315 8812 AND
2 1 8811 8812 8813 AND
2 1 8813 8 8814 XOR
2 1 8806 8814 8815 AND
2 1 8650 8451 8816 XOR
2 1 1328 7313 8818 AND
2 1 1142 7937 8817 AND
2 1 1199 7618 8819 AND
2 1 8817 8819 8820 AND
2 1 8818 8820 8821 AND
2 1 4627 7315 8822 AND
2 1 8821 8822 8823 AND
2 1 8823 8 8824 XOR
2 1 8816 8824 8825 AND
2 1 1199 7937 8826 AND
2 1 1436 7313 8827 AND
2 1 1328 7618 8828 AND
2 1 8827 8828 8829 AND
2 1 8826 8829 8830 AND
2 1 4615 7315 8831 AND
2 1 8830 8831 8832 AND
2 1 8832 8 8833 XOR
2 1 8648 8647 8834 XOR
2 1 8833 8834 8835 AND
2 1 8834 8833 8836 XOR
2 1 1328 7937 8837 AND
2 1 1536 7313 8838 AND
2 1 1436 7618 8839 AND
2 1 8838 8839 8840 AND
2 1 8837 8840 8841 AND
2 1 4830 7315 8842 AND
2 1 8841 8842 8843 AND
2 1 8843 8 8844 XOR
2 1 8645 8644 8845 XOR
2 1 8844 8845 8846 AND
2 1 8845 8844 8847 XOR
2 1 1436 7937 8848 AND
2 1 1628 7313 8849 AND
2 1 1536 7618 8850 AND
2 1 8849 8850 8851 AND
2 1 8848 8851 8852 AND
2 1 4849 7315 8853 AND
2 1 8852 8853 8854 AND
2 1 8854 8 8855 XOR
2 1 8642 8641 8856 XOR
2 1 8855 8856 8857 AND
2 1 8856 8855 8858 XOR
2 1 8639 8492 8859 XOR
2 1 1743 7313 8861 AND
2 1 1536 7937 8860 AND
2 1 1628 7618 8862 AND
2 1 8860 8862 8863 AND
2 1 8861 8863 8864 AND
2 1 5200 7315 8865 AND
2 1 8864 8865 8866 AND
2 1 8866 8 8867 XOR
2 1 8859 8867 8868 AND
2 1 8637 8503 8869 XOR
2 1 1841 7313 8871 AND
2 1 1628 7937 8870 AND
2 1 1743 7618 8872 AND
2 1 8870 8872 8873 AND
2 1 8871 8873 8874 AND
2 1 5033 7315 8875 AND
2 1 8874 8875 8876 AND
2 1 8876 8 8877 XOR
2 1 8869 8877 8878 AND
2 1 8635 8514 8879 XOR
2 1 1841 7618 8882 AND
2 1 1743 7937 8880 AND
2 1 1876 7313 8881 AND
2 1 8880 8881 8883 AND
2 1 8882 8883 8884 AND
2 1 5426 7315 8885 AND
2 1 8884 8885 8886 AND
2 1 8886 8 8887 XOR
2 1 8879 8887 8888 AND
2 1 1841 7937 8889 AND
2 1 1955 7313 8890 AND
2 1 1876 7618 8891 AND
2 1 8890 8891 8892 AND
2 1 8889 8892 8893 AND
2 1 5534 7315 8894 AND
2 1 8893 8894 8895 AND
2 1 8895 8 8896 XOR
2 1 8633 8632 8897 XOR
2 1 8896 8897 8898 AND
2 1 8897 8896 8899 XOR
2 1 1955 7618 8902 AND
2 1 1876 7937 8900 AND
2 1 2020 7313 8901 AND
2 1 8900 8901 8903 AND
2 1 8902 8903 8904 AND
2 1 5411 7315 8905 AND
2 1 8904 8905 8906 AND
2 1 8906 8 8907 XOR
2 1 8630 8629 8908 XOR
2 1 8907 8908 8909 AND
2 1 8908 8907 8910 XOR
2 1 1955 7937 8911 AND
2 1 2115 7313 8912 AND
2 1 2020 7618 8913 AND
2 1 8912 8913 8914 AND
2 1 8911 8914 8915 AND
2 1 5662 7315 8916 AND
2 1 8915 8916 8917 AND
2 1 8917 8 8918 XOR
2 1 8627 8626 8919 XOR
2 1 8918 8919 8920 AND
2 1 8919 8918 8921 XOR
2 1 8624 8555 8922 XOR
2 1 2020 7937 8923 AND
2 1 2152 7313 8924 AND
2 1 2115 7618 8925 AND
2 1 8924 8925 8926 AND
2 1 8923 8926 8927 AND
2 1 5892 7315 8928 AND
2 1 8927 8928 8929 AND
2 1 8929 8 8930 XOR
2 1 8922 8930 8931 AND
2 1 8622 8621 8932 XOR
2 1 2115 7937 8933 AND
2 1 2254 7313 8934 AND
2 1 2152 7618 8935 AND
2 1 8934 8935 8936 AND
2 1 8933 8936 8937 AND
2 1 5902 7315 8938 AND
2 1 8937 8938 8939 AND
2 1 8939 8 8940 XOR
2 1 8932 8940 8941 AND
2 1 8619 8576 8942 XOR
2 1 2152 7937 8943 AND
2 1 2351 7313 8944 AND
2 1 2254 7618 8945 AND
2 1 8944 8945 8946 AND
2 1 8943 8946 8947 AND
2 1 5643 7315 8948 AND
2 1 8947 8948 8949 AND
2 1 8949 8 8950 XOR
2 1 8942 8950 8951 AND
2 1 2426 7313 8953 AND
2 1 2254 7937 8952 AND
2 1 2351 7618 8954 AND
2 1 8952 8954 8955 AND
2 1 8953 8955 8956 AND
2 1 5948 7315 8957 AND
2 1 8956 8957 8958 AND
2 1 8958 8 8959 XOR
2 1 8617 8616 8960 XOR
2 1 8959 8960 8961 AND
2 1 8960 8959 8962 XOR
2 1 8614 8606 8963 XOR
2 1 2426 7618 8966 AND
2 1 2351 7937 8964 AND
2 1 2495 7313 8965 AND
2 1 8964 8965 8967 AND
2 1 8966 8967 8968 AND
2 1 5997 7315 8969 AND
2 1 8968 8969 8970 AND
2 1 8970 8 8971 XOR
2 1 8963 8971 8972 AND
2 1 2426 7937 8973 AND
2 1 2533 7313 8974 AND
2 1 2495 7618 8975 AND
2 1 8974 8975 8976 AND
2 1 8973 8976 8977 AND
2 1 6050 7315 8978 AND
2 1 8977 8978 8979 AND
2 1 8979 8 8980 XOR
2 1 8603 8595 8981 XOR
2 1 8980 8981 8982 AND
2 1 8981 8980 8983 XOR
2 1 8594 8592 8984 XOR
2 1 2495 7937 8985 AND
2 1 2639 7313 8986 AND
2 1 2533 7618 8987 AND
2 1 8986 8987 8988 AND
2 1 8985 8988 8989 AND
2 1 6097 7315 8990 AND
2 1 8989 8990 8991 AND
2 1 8991 8 8992 XOR
2 1 8984 8992 8993 AND
2 1 2793 7618 8994 AND
2 1 2700 7937 8995 AND
2 1 8994 8995 8996 AND
2 1 6654 7315 8997 AND
2 1 8996 8997 8998 AND
2 1 8998 8 8999 XOR
2 1 2793 7311 9000 AND
2 1 8 9000 9001 AND
2 1 8999 9001 9002 AND
2 1 2639 7937 9003 AND
2 1 2793 7313 9004 AND
2 1 2700 7618 9005 AND
2 1 9004 9005 9006 AND
2 1 9003 9006 9007 AND
2 1 6198 7315 9008 AND
2 1 9007 9008 9009 AND
2 1 9009 8 9010 XOR
2 1 9002 9010 9011 AND
2 1 8593 9011 9012 AND
2 1 9011 8593 9013 XOR
2 1 2533 7937 9014 AND
2 1 2700 7313 9015 AND
2 1 2639 7618 9016 AND
2 1 9015 9016 9017 AND
2 1 9014 9017 9018 AND
2 1 6205 7315 9019 AND
2 1 9018 9019 9020 AND
2 1 9020 8 9021 XOR
2 1 9013 9021 9022 AND
2 1 9012 9022 9023 AND
2 1 8992 8984 9024 XOR
2 1 9023 9024 9025 AND
2 1 8993 9025 9026 AND
2 1 8983 9026 9027 AND
2 1 8982 9027 9028 AND
2 1 8971 8963 9029 XOR
2 1 9028 9029 9030 AND
2 1 8972 9030 9031 AND
2 1 8962 9031 9032 AND
2 1 8961 9032 9033 AND
2 1 8950 8942 9034 XOR
2 1 9033 9034 9035 AND
2 1 8951 9035 9036 AND
2 1 8940 8932 9037 XOR
2 1 9036 9037 9038 AND
2 1 8941 9038 9039 AND
2 1 8930 8922 9040 XOR
2 1 9039 9040 9041 AND
2 1 8931 9041 9042 AND
2 1 8921 9042 9043 AND
2 1 8920 9043 9044 AND
2 1 8910 9044 9045 AND
2 1 8909 9045 9046 AND
2 1 8899 9046 9047 AND
2 1 8898 9047 9048 AND
2 1 8887 8879 9049 XOR
2 1 9048 9049 9050 AND
2 1 8888 9050 9051 AND
2 1 8877 8869 9052 XOR
2 1 9051 9052 9053 AND
2 1 8878 9053 9054 AND
2 1 8867 8859 9055 XOR
2 1 9054 9055 9056 AND
2 1 8868 9056 9057 AND
2 1 8858 9057 9058 AND
2 1 8857 9058 9059 AND
2 1 8847 9059 9060 AND
2 1 8846 9060 9061 AND
2 1 8836 9061 9062 AND
2 1 8835 9062 9063 AND
2 1 8824 8816 9064 XOR
2 1 9063 9064 9065 AND
2 1 8825 9065 9066 AND
2 1 8814 8806 9067 XOR
2 1 9066 9067 9068 AND
2 1 8815 9068 9069 AND
2 1 8804 8796 9070 XOR
2 1 9069 9070 9071 AND
2 1 8805 9071 9072 AND
2 1 8795 9072 9073 AND
2 1 8794 9073 9074 AND
2 1 8784 9074 9075 AND
2 1 8783 9075 9076 AND
2 1 8772 8764 9077 XOR
2 1 9076 9077 9078 AND
2 1 8773 9078 9079 AND
2 1 8762 8754 9080 XOR
2 1 9079 9080 9081 AND
2 1 8763 9081 9082 AND
2 1 8752 8744 9083 XOR
2 1 9082 9083 9084 AND
2 1 8753 9084 9085 AND
2 1 8742 8734 9086 XOR
2 1 9085 9086 9087 AND
2 1 8743 9087 9088 AND
2 1 8732 8724 9089 XOR
2 1 9088 9089 9090 AND
2 1 8733 9090 9091 AND
2 1 8722 8714 9092 XOR
2 1 9091 9092 9093 AND
2 1 8723 9093 9094 AND
2 1 8712 8704 9095 XOR
2 1 9094 9095 9096 AND
2 1 8713 9096 9097 AND
2 1 8687 8686 9098 XOR
2 1 9097 9098 9099 AND
2 1 3940 8307 9101 AND
2 1 33 34 35 AND
2 1 35 4368 9100 AND
2 1 3778 8691 9102 AND
2 1 9100 9102 9103 AND
2 1 9101 9103 9104 AND
2 1 4504 8309 9105 AND
2 1 9104 9105 9106 AND
2 1 9106 5 9107 XOR
2 1 9098 9097 9108 XOR
2 1 9107 9108 9109 AND
2 1 9099 9109 9110 AND
2 1 8699 8698 9111 XOR
2 1 9110 9111 9112 AND
2 1 0 1 9114 AND
2 1 9113 9114 9115 AND
2 1 4368 9115 9116 AND
2 1 0 9113 9117 AND
2 1 4372 9117 9118 AND
2 1 9116 9118 9119 AND
2 1 9119 2 9120 XOR
2 1 3860 8307 9122 AND
2 1 35 3778 9121 AND
2 1 3940 8691 9123 AND
2 1 9121 9123 9124 AND
2 1 9122 9124 9125 AND
2 1 3961 8309 9126 AND
2 1 9125 9126 9127 AND
2 1 9127 5 9128 XOR
2 1 9120 9128 9129 AND
2 1 9128 9120 9130 XOR
2 1 9095 9094 9131 XOR
2 1 9130 9131 9132 AND
2 1 9129 9132 9133 AND
2 1 9108 9107 9134 XOR
2 1 9133 9134 9135 AND
2 1 9131 9130 9136 XOR
2 1 3860 8691 9139 AND
2 1 35 3940 9137 AND
2 1 3707 8307 9138 AND
2 1 9137 9138 9140 AND
2 1 9139 9140 9141 AND
2 1 4335 8309 9142 AND
2 1 9141 9142 9143 AND
2 1 9143 5 9144 XOR
2 1 9092 9091 9145 XOR
2 1 9144 9145 9146 AND
2 1 9145 9144 9147 XOR
2 1 35 3860 9148 AND
2 1 3376 8307 9149 AND
2 1 3707 8691 9150 AND
2 1 9149 9150 9151 AND
2 1 9148 9151 9152 AND
2 1 4393 8309 9153 AND
2 1 9152 9153 9154 AND
2 1 9154 5 9155 XOR
2 1 9089 9088 9156 XOR
2 1 9155 9156 9157 AND
2 1 9156 9155 9158 XOR
2 1 35 3707 9159 AND
2 1 3524 8307 9160 AND
2 1 3376 8691 9161 AND
2 1 9160 9161 9162 AND
2 1 9159 9162 9163 AND
2 1 3722 8309 9164 AND
2 1 9163 9164 9165 AND
2 1 9165 5 9166 XOR
2 1 9086 9085 9167 XOR
2 1 9166 9167 9168 AND
2 1 9167 9166 9169 XOR
2 1 3458 8307 9171 AND
2 1 35 3376 9170 AND
2 1 3524 8691 9172 AND
2 1 9170 9172 9173 AND
2 1 9171 9173 9174 AND
2 1 3539 8309 9175 AND
2 1 9174 9175 9176 AND
2 1 9176 5 9177 XOR
2 1 9083 9082 9178 XOR
2 1 9177 9178 9179 AND
2 1 9178 9177 9180 XOR
2 1 3458 8691 9183 AND
2 1 35 3524 9181 AND
2 1 2951 8307 9182 AND
2 1 9181 9182 9184 AND
2 1 9183 9184 9185 AND
2 1 3972 8309 9186 AND
2 1 9185 9186 9187 AND
2 1 9187 5 9188 XOR
2 1 9080 9079 9189 XOR
2 1 9188 9189 9190 AND
2 1 9189 9188 9191 XOR
2 1 35 3458 9192 AND
2 1 356 8307 9193 AND
2 1 2951 8691 9194 AND
2 1 9193 9194 9195 AND
2 1 9192 9195 9196 AND
2 1 3621 8309 9197 AND
2 1 9196 9197 9198 AND
2 1 9198 5 9199 XOR
2 1 9077 9076 9200 XOR
2 1 9199 9200 9201 AND
2 1 9200 9199 9202 XOR
2 1 9074 8784 9203 XOR
2 1 35 2951 9204 AND
2 1 551 8307 9205 AND
2 1 356 8691 9206 AND
2 1 9205 9206 9207 AND
2 1 9204 9207 9208 AND
2 1 2955 8309 9209 AND
2 1 9208 9209 9210 AND
2 1 9210 5 9211 XOR
2 1 9203 9211 9212 AND
2 1 9072 8795 9213 XOR
2 1 35 356 9214 AND
2 1 674 8307 9215 AND
2 1 551 8691 9216 AND
2 1 9215 9216 9217 AND
2 1 9214 9217 9218 AND
2 1 3273 8309 9219 AND
2 1 9218 9219 9220 AND
2 1 9220 5 9221 XOR
2 1 9213 9221 9222 AND
2 1 831 8307 9224 AND
2 1 35 551 9223 AND
2 1 674 8691 9225 AND
2 1 9223 9225 9226 AND
2 1 9224 9226 9227 AND
2 1 3259 8309 9228 AND
2 1 9227 9228 9229 AND
2 1 9229 5 9230 XOR
2 1 9070 9069 9231 XOR
2 1 9230 9231 9232 AND
2 1 9231 9230 9233 XOR
2 1 831 8691 9236 AND
2 1 35 674 9234 AND
2 1 922 8307 9235 AND
2 1 9234 9235 9237 AND
2 1 9236 9237 9238 AND
2 1 4056 8309 9239 AND
2 1 9238 9239 9240 AND
2 1 9240 5 9241 XOR
2 1 9067 9066 9242 XOR
2 1 9241 9242 9243 AND
2 1 9242 9241 9244 XOR
2 1 35 831 9245 AND
2 1 1024 8307 9246 AND
2 1 922 8691 9247 AND
2 1 9246 9247 9248 AND
2 1 9245 9248 9249 AND
2 1 4075 8309 9250 AND
2 1 9249 9250 9251 AND
2 1 9251 5 9252 XOR
2 1 9064 9063 9253 XOR
2 1 9252 9253 9254 AND
2 1 9253 9252 9255 XOR
2 1 9061 8836 9256 XOR
2 1 35 922 9257 AND
2 1 1142 8307 9258 AND
2 1 1024 8691 9259 AND
2 1 9258 9259 9260 AND
2 1 9257 9260 9261 AND
2 1 4443 8309 9262 AND
2 1 9261 9262 9263 AND
2 1 9263 5 9264 XOR
2 1 9256 9264 9265 AND
2 1 9059 8847 9266 XOR
2 1 35 1024 9267 AND
2 1 1199 8307 9268 AND
2 1 1142 8691 9269 AND
2 1 9268 9269 9270 AND
2 1 9267 9270 9271 AND
2 1 4295 8309 9272 AND
2 1 9271 9272 9273 AND
2 1 9273 5 9274 XOR
2 1 9266 9274 9275 AND
2 1 9057 8858 9276 XOR
2 1 1328 8307 9278 AND
2 1 35 1142 9277 AND
2 1 1199 8691 9279 AND
2 1 9277 9279 9280 AND
2 1 9278 9280 9281 AND
2 1 4627 8309 9282 AND
2 1 9281 9282 9283 AND
2 1 9283 5 9284 XOR
2 1 9276 9284 9285 AND
2 1 35 1199 9286 AND
2 1 1436 8307 9287 AND
2 1 1328 8691 9288 AND
2 1 9287 9288 9289 AND
2 1 9286 9289 9290 AND
2 1 4615 8309 9291 AND
2 1 9290 9291 9292 AND
2 1 9292 5 9293 XOR
2 1 9055 9054 9294 XOR
2 1 9293 9294 9295 AND
2 1 9294 9293 9296 XOR
2 1 35 1328 9297 AND
2 1 1536 8307 9298 AND
2 1 1436 8691 9299 AND
2 1 9298 9299 9300 AND
2 1 9297 9300 9301 AND
2 1 4830 8309 9302 AND
2 1 9301 9302 9303 AND
2 1 9303 5 9304 XOR
2 1 9052 9051 9305 XOR
2 1 9304 9305 9306 AND
2 1 9305 9304 9307 XOR
2 1 35 1436 9308 AND
2 1 1628 8307 9309 AND
2 1 1536 8691 9310 AND
2 1 9309 9310 9311 AND
2 1 9308 9311 9312 AND
2 1 4849 8309 9313 AND
2 1 9312 9313 9314 AND
2 1 9314 5 9315 XOR
2 1 9049 9048 9316 XOR
2 1 9315 9316 9317 AND
2 1 9316 9315 9318 XOR
2 1 9046 8899 9319 XOR
2 1 1743 8307 9321 AND
2 1 35 1536 9320 AND
2 1 1628 8691 9322 AND
2 1 9320 9322 9323 AND
2 1 9321 9323 9324 AND
2 1 5200 8309 9325 AND
2 1 9324 9325 9326 AND
2 1 9326 5 9327 XOR
2 1 9319 9327 9328 AND
2 1 9044 8910 9329 XOR
2 1 1841 8307 9331 AND
2 1 35 1628 9330 AND
2 1 1743 8691 9332 AND
2 1 9330 9332 9333 AND
2 1 9331 9333 9334 AND
2 1 5033 8309 9335 AND
2 1 9334 9335 9336 AND
2 1 9336 5 9337 XOR
2 1 9329 9337 9338 AND
2 1 9042 8921 9339 XOR
2 1 1841 8691 9342 AND
2 1 35 1743 9340 AND
2 1 1876 8307 9341 AND
2 1 9340 9341 9343 AND
2 1 9342 9343 9344 AND
2 1 5426 8309 9345 AND
2 1 9344 9345 9346 AND
2 1 9346 5 9347 XOR
2 1 9339 9347 9348 AND
2 1 35 1841 9349 AND
2 1 1955 8307 9350 AND
2 1 1876 8691 9351 AND
2 1 9350 9351 9352 AND
2 1 9349 9352 9353 AND
2 1 5534 8309 9354 AND
2 1 9353 9354 9355 AND
2 1 9355 5 9356 XOR
2 1 9040 9039 9357 XOR
2 1 9356 9357 9358 AND
2 1 9357 9356 9359 XOR
2 1 1955 8691 9362 AND
2 1 35 1876 9360 AND
2 1 2020 8307 9361 AND
2 1 9360 9361 9363 AND
2 1 9362 9363 9364 AND
2 1 5411 8309 9365 AND
2 1 9364 9365 9366 AND
2 1 9366 5 9367 XOR
2 1 9037 9036 9368 XOR
2 1 9367 9368 9369 AND
2 1 9368 9367 9370 XOR
2 1 35 1955 9371 AND
2 1 2115 8307 9372 AND
2 1 2020 8691 9373 AND
2 1 9372 9373 9374 AND
2 1 9371 9374 9375 AND
2 1 5662 8309 9376 AND
2 1 9375 9376 9377 AND
2 1 9377 5 9378 XOR
2 1 9034 9033 9379 XOR
2 1 9378 9379 9380 AND
2 1 9379 9378 9381 XOR
2 1 9031 8962 9382 XOR
2 1 35 2020 9383 AND
2 1 2152 8307 9384 AND
2 1 2115 8691 9385 AND
2 1 9384 9385 9386 AND
2 1 9383 9386 9387 AND
2 1 5892 8309 9388 AND
2 1 9387 9388 9389 AND
2 1 9389 5 9390 XOR
2 1 9382 9390 9391 AND
2 1 9029 9028 9392 XOR
2 1 35 2115 9393 AND
2 1 2254 8307 9394 AND
2 1 2152 8691 9395 AND
2 1 9394 9395 9396 AND
2 1 9393 9396 9397 AND
2 1 5902 8309 9398 AND
2 1 9397 9398 9399 AND
2 1 9399 5 9400 XOR
2 1 9392 9400 9401 AND
2 1 9026 8983 9402 XOR
2 1 35 2152 9403 AND
2 1 2351 8307 9404 AND
2 1 2254 8691 9405 AND
2 1 9404 9405 9406 AND
2 1 9403 9406 9407 AND
2 1 5643 8309 9408 AND
2 1 9407 9408 9409 AND
2 1 9409 5 9410 XOR
2 1 9402 9410 9411 AND
2 1 2426 8307 9413 AND
2 1 35 2254 9412 AND
2 1 2351 8691 9414 AND
2 1 9412 9414 9415 AND
2 1 9413 9415 9416 AND
2 1 5948 8309 9417 AND
2 1 9416 9417 9418 AND
2 1 9418 5 9419 XOR
2 1 9024 9023 9420 XOR
2 1 9419 9420 9421 AND
2 1 9420 9419 9422 XOR
2 1 9021 9013 9423 XOR
2 1 2426 8691 9426 AND
2 1 35 2351 9424 AND
2 1 2495 8307 9425 AND
2 1 9424 9425 9427 AND
2 1 9426 9427 9428 AND
2 1 5997 8309 9429 AND
2 1 9428 9429 9430 AND
2 1 9430 5 9431 XOR
2 1 9423 9431 9432 AND
2 1 35 2426 9433 AND
2 1 2533 8307 9434 AND
2 1 2495 8691 9435 AND
2 1 9434 9435 9436 AND
2 1 9433 9436 9437 AND
2 1 6050 8309 9438 AND
2 1 9437 9438 9439 AND
2 1 9439 5 9440 XOR
2 1 9010 9002 9441 XOR
2 1 9440 9441 9442 AND
2 1 9441 9440 9443 XOR
2 1 9001 8999 9444 XOR
2 1 35 2495 9445 AND
2 1 2639 8307 9446 AND
2 1 2533 8691 9447 AND
2 1 9446 9447 9448 AND
2 1 9445 9448 9449 AND
2 1 6097 8309 9450 AND
2 1 9449 9450 9451 AND
2 1 9451 5 9452 XOR
2 1 9444 9452 9453 AND
2 1 2793 8691 9454 AND
2 1 35 2700 9455 AND
2 1 9454 9455 9456 AND
2 1 6654 8309 9457 AND
2 1 9456 9457 9458 AND
2 1 9458 5 9459 XOR
2 1 34 2793 9460 AND
2 1 5 9460 9461 AND
2 1 9459 9461 9462 AND
2 1 35 2639 9463 AND
2 1 2793 8307 9464 AND
2 1 2700 8691 9465 AND
2 1 9464 9465 9466 AND
2 1 9463 9466 9467 AND
2 1 6198 8309 9468 AND
2 1 9467 9468 9469 AND
2 1 9469 5 9470 XOR
2 1 9462 9470 9471 AND
2 1 9000 9471 9472 AND
2 1 9471 9000 9473 XOR
2 1 35 2533 9474 AND
2 1 2700 8307 9475 AND
2 1 2639 8691 9476 AND
2 1 9475 9476 9477 AND
2 1 9474 9477 9478 AND
2 1 6205 8309 9479 AND
2 1 9478 9479 9480 AND
2 1 9480 5 9481 XOR
2 1 9473 9481 9482 AND
2 1 9472 9482 9483 AND
2 1 9452 9444 9484 XOR
2 1 9483 9484 9485 AND
2 1 9453 9485 9486 AND
2 1 9443 9486 9487 AND
2 1 9442 9487 9488 AND
2 1 9431 9423 9489 XOR
2 1 9488 9489 9490 AND
2 1 9432 9490 9491 AND
2 1 9422 9491 9492 AND
2 1 9421 9492 9493 AND
2 1 9410 9402 9494 XOR
2 1 9493 9494 9495 AND
2 1 9411 9495 9496 AND
2 1 9400 9392 9497 XOR
2 1 9496 9497 9498 AND
2 1 9401 9498 9499 AND
2 1 9390 9382 9500 XOR
2 1 9499 9500 9501 AND
2 1 9391 9501 9502 AND
2 1 9381 9502 9503 AND
2 1 9380 9503 9504 AND
2 1 9370 9504 9505 AND
2 1 9369 9505 9506 AND
2 1 9359 9506 9507 AND
2 1 9358 9507 9508 AND
2 1 9347 9339 9509 XOR
2 1 9508 9509 9510 AND
2 1 9348 9510 9511 AND
2 1 9337 9329 9512 XOR
2 1 9511 9512 9513 AND
2 1 9338 9513 9514 AND
2 1 9327 9319 9515 XOR
2 1 9514 9515 9516 AND
2 1 9328 9516 9517 AND
2 1 9318 9517 9518 AND
2 1 9317 9518 9519 AND
2 1 9307 9519 9520 AND
2 1 9306 9520 9521 AND
2 1 9296 9521 9522 AND
2 1 9295 9522 9523 AND
2 1 9284 9276 9524 XOR
2 1 9523 9524 9525 AND
2 1 9285 9525 9526 AND
2 1 9274 9266 9527 XOR
2 1 9526 9527 9528 AND
2 1 9275 9528 9529 AND
2 1 9264 9256 9530 XOR
2 1 9529 9530 9531 AND
2 1 9265 9531 9532 AND
2 1 9255 9532 9533 AND
2 1 9254 9533 9534 AND
2 1 9244 9534 9535 AND
2 1 9243 9535 9536 AND
2 1 9233 9536 9537 AND
2 1 9232 9537 9538 AND
2 1 9221 9213 9539 XOR
2 1 9538 9539 9540 AND
2 1 9222 9540 9541 AND
2 1 9211 9203 9542 XOR
2 1 9541 9542 9543 AND
2 1 9212 9543 9544 AND
2 1 9202 9544 9545 AND
2 1 9201 9545 9546 AND
2 1 9191 9546 9547 AND
2 1 9190 9547 9548 AND
2 1 9180 9548 9549 AND
2 1 9179 9549 9550 AND
2 1 9169 9550 9551 AND
2 1 9168 9551 9552 AND
2 1 9158 9552 9553 AND
2 1 9157 9553 9554 AND
2 1 9147 9554 9555 AND
2 1 9146 9555 9556 AND
2 1 9136 9556 9557 AND
2 1 9556 9136 9558 XOR
2 1 9554 9147 9559 XOR
2 1 3778 9115 9560 AND
2 1 0 1 9561 AND
2 1 4368 9561 9562 AND
2 1 9560 9562 9563 AND
2 1 9563 2 9566 XOR
2 1 9117 9563 9564 AND
2 1 4429 9564 9565 AND
2 1 9566 9565 9567 XOR
2 1 9559 9567 9568 AND
2 1 9552 9158 9569 XOR
2 1 3940 9115 9572 AND
2 1 4368 9570 9571 AND
2 1 3778 9561 9573 AND
2 1 9571 9573 9574 AND
2 1 9572 9574 9575 AND
2 1 4504 9117 9576 AND
2 1 9575 9576 9577 AND
2 1 9577 2 9578 XOR
2 1 9569 9578 9579 AND
2 1 9550 9169 9580 XOR
2 1 3860 9115 9582 AND
2 1 3778 9570 9581 AND
2 1 3940 9561 9583 AND
2 1 9581 9583 9584 AND
2 1 9582 9584 9585 AND
2 1 3961 9117 9586 AND
2 1 9585 9586 9587 AND
2 1 9587 2 9588 XOR
2 1 9580 9588 9589 AND
2 1 9546 9191 9599 XOR
2 1 3860 9570 9600 AND
2 1 3376 9115 9601 AND
2 1 3707 9561 9602 AND
2 1 9601 9602 9603 AND
2 1 9600 9603 9604 AND
2 1 9604 2 9607 XOR
2 1 9117 9604 9605 AND
2 1 4393 9605 9606 AND
2 1 9607 9606 9608 XOR
2 1 9599 9608 9609 AND
2 1 9608 9599 10028 XOR
2 1 3707 9570 10019 AND
2 1 3524 9115 10020 AND
2 1 3376 9561 10021 AND
2 1 10020 10021 10022 AND
2 1 10019 10022 10023 AND
2 1 3722 9117 10024 AND
2 1 10023 10024 10025 AND
2 1 10025 2 10026 XOR
2 1 9544 9202 10027 XOR
2 1 10026 10027 10029 AND
2 1 10028 10029 10030 AND
2 1 9542 9541 9610 XOR
2 1 3458 9115 10007 AND
2 1 3376 9570 10006 AND
2 1 3524 9561 10008 AND
2 1 10006 10008 10009 AND
2 1 10007 10009 10010 AND
2 1 10010 2 10013 XOR
2 1 9117 10010 10011 AND
2 1 3539 10011 10012 AND
2 1 10013 10012 10014 XOR
2 1 9610 10014 10015 AND
2 1 9539 9538 9992 XOR
2 1 3458 9561 9995 AND
2 1 3524 9570 9993 AND
2 1 2951 9115 9994 AND
2 1 9993 9994 9996 AND
2 1 9995 9996 9997 AND
2 1 9997 2 10000 XOR
2 1 9117 9997 9998 AND
2 1 3972 9998 9999 AND
2 1 10000 9999 10001 XOR
2 1 9992 10001 10002 AND
2 1 3458 9570 9978 AND
2 1 356 9115 9979 AND
2 1 2951 9561 9980 AND
2 1 9979 9980 9981 AND
2 1 9978 9981 9982 AND
2 1 9982 2 9985 XOR
2 1 9117 9982 9983 AND
2 1 3621 9983 9984 AND
2 1 9985 9984 9986 XOR
2 1 9536 9233 9987 XOR
2 1 9986 9987 9988 AND
2 1 2951 9570 9964 AND
2 1 551 9115 9965 AND
2 1 356 9561 9966 AND
2 1 9965 9966 9967 AND
2 1 9964 9967 9968 AND
2 1 9968 2 9971 XOR
2 1 9117 9968 9969 AND
2 1 2955 9969 9970 AND
2 1 9971 9970 9972 XOR
2 1 9534 9244 9973 XOR
2 1 9972 9973 9974 AND
2 1 356 9570 9950 AND
2 1 674 9115 9951 AND
2 1 551 9561 9952 AND
2 1 9951 9952 9953 AND
2 1 9950 9953 9954 AND
2 1 9954 2 9957 XOR
2 1 9117 9954 9955 AND
2 1 3273 9955 9956 AND
2 1 9957 9956 9958 XOR
2 1 9532 9255 9959 XOR
2 1 9958 9959 9960 AND
2 1 9530 9529 9611 XOR
2 1 831 9115 9938 AND
2 1 551 9570 9937 AND
2 1 674 9561 9939 AND
2 1 9937 9939 9940 AND
2 1 9938 9940 9941 AND
2 1 9941 2 9944 XOR
2 1 9117 9941 9942 AND
2 1 3259 9942 9943 AND
2 1 9944 9943 9945 XOR
2 1 9611 9945 9946 AND
2 1 9527 9526 9923 XOR
2 1 831 9561 9926 AND
2 1 674 9570 9924 AND
2 1 922 9115 9925 AND
2 1 9924 9925 9927 AND
2 1 9926 9927 9928 AND
2 1 9928 2 9931 XOR
2 1 9117 9928 9929 AND
2 1 4056 9929 9930 AND
2 1 9931 9930 9932 XOR
2 1 9923 9932 9933 AND
2 1 9524 9523 9909 XOR
2 1 831 9570 9910 AND
2 1 1024 9115 9911 AND
2 1 922 9561 9912 AND
2 1 9911 9912 9913 AND
2 1 9910 9913 9914 AND
2 1 9914 2 9917 XOR
2 1 9117 9914 9915 AND
2 1 4075 9915 9916 AND
2 1 9917 9916 9918 XOR
2 1 9909 9918 9919 AND
2 1 922 9570 9895 AND
2 1 1142 9115 9896 AND
2 1 1024 9561 9897 AND
2 1 9896 9897 9898 AND
2 1 9895 9898 9899 AND
2 1 9899 2 9902 XOR
2 1 9117 9899 9900 AND
2 1 4443 9900 9901 AND
2 1 9902 9901 9903 XOR
2 1 9521 9296 9904 XOR
2 1 9903 9904 9905 AND
2 1 1024 9570 9881 AND
2 1 1199 9115 9882 AND
2 1 1142 9561 9883 AND
2 1 9882 9883 9884 AND
2 1 9881 9884 9885 AND
2 1 9885 2 9888 XOR
2 1 9117 9885 9886 AND
2 1 4295 9886 9887 AND
2 1 9888 9887 9889 XOR
2 1 9519 9307 9890 XOR
2 1 9889 9890 9891 AND
2 1 1328 9115 9868 AND
2 1 1142 9570 9867 AND
2 1 1199 9561 9869 AND
2 1 9867 9869 9870 AND
2 1 9868 9870 9871 AND
2 1 9871 2 9874 XOR
2 1 9117 9871 9872 AND
2 1 4627 9872 9873 AND
2 1 9874 9873 9875 XOR
2 1 9517 9318 9876 XOR
2 1 9875 9876 9877 AND
2 1 9515 9514 9612 XOR
2 1 1199 9570 9854 AND
2 1 1436 9115 9855 AND
2 1 1328 9561 9856 AND
2 1 9855 9856 9857 AND
2 1 9854 9857 9858 AND
2 1 9858 2 9861 XOR
2 1 9117 9858 9859 AND
2 1 4615 9859 9860 AND
2 1 9861 9860 9862 XOR
2 1 9612 9862 9863 AND
2 1 9512 9511 9840 XOR
2 1 1328 9570 9841 AND
2 1 1536 9115 9842 AND
2 1 1436 9561 9843 AND
2 1 9842 9843 9844 AND
2 1 9841 9844 9845 AND
2 1 9845 2 9848 XOR
2 1 9117 9845 9846 AND
2 1 4830 9846 9847 AND
2 1 9848 9847 9849 XOR
2 1 9840 9849 9850 AND
2 1 9509 9508 9826 XOR
2 1 1436 9570 9827 AND
2 1 1628 9115 9828 AND
2 1 1536 9561 9829 AND
2 1 9828 9829 9830 AND
2 1 9827 9830 9831 AND
2 1 9831 2 9834 XOR
2 1 9117 9831 9832 AND
2 1 4849 9832 9833 AND
2 1 9834 9833 9835 XOR
2 1 9826 9835 9836 AND
2 1 1743 9115 9813 AND
2 1 1536 9570 9812 AND
2 1 1628 9561 9814 AND
2 1 9812 9814 9815 AND
2 1 9813 9815 9816 AND
2 1 9816 2 9819 XOR
2 1 9117 9816 9817 AND
2 1 5200 9817 9818 AND
2 1 9819 9818 9820 XOR
2 1 9506 9359 9821 XOR
2 1 9820 9821 9822 AND
2 1 1841 9115 9799 AND
2 1 1628 9570 9798 AND
2 1 1743 9561 9800 AND
2 1 9798 9800 9801 AND
2 1 9799 9801 9802 AND
2 1 9802 2 9805 XOR
2 1 9117 9802 9803 AND
2 1 5033 9803 9804 AND
2 1 9805 9804 9806 XOR
2 1 9504 9370 9807 XOR
2 1 9806 9807 9808 AND
2 1 1841 9561 9786 AND
2 1 1743 9570 9784 AND
2 1 1876 9115 9785 AND
2 1 9784 9785 9787 AND
2 1 9786 9787 9788 AND
2 1 9788 2 9791 XOR
2 1 9117 9788 9789 AND
2 1 5426 9789 9790 AND
2 1 9791 9790 9792 XOR
2 1 9502 9381 9793 XOR
2 1 9792 9793 9794 AND
2 1 9500 9499 9613 XOR
2 1 1841 9570 9771 AND
2 1 1955 9115 9772 AND
2 1 1876 9561 9773 AND
2 1 9772 9773 9774 AND
2 1 9771 9774 9775 AND
2 1 9775 2 9778 XOR
2 1 9117 9775 9776 AND
2 1 5534 9776 9777 AND
2 1 9778 9777 9779 XOR
2 1 9613 9779 9780 AND
2 1 9497 9496 9757 XOR
2 1 1955 9561 9760 AND
2 1 1876 9570 9758 AND
2 1 2020 9115 9759 AND
2 1 9758 9759 9761 AND
2 1 9760 9761 9762 AND
2 1 9762 2 9765 XOR
2 1 9117 9762 9763 AND
2 1 5411 9763 9764 AND
2 1 9765 9764 9766 XOR
2 1 9757 9766 9767 AND
2 1 9494 9493 9743 XOR
2 1 1955 9570 9744 AND
2 1 2115 9115 9745 AND
2 1 2020 9561 9746 AND
2 1 9745 9746 9747 AND
2 1 9744 9747 9748 AND
2 1 9748 2 9751 XOR
2 1 9117 9748 9749 AND
2 1 5662 9749 9750 AND
2 1 9751 9750 9752 XOR
2 1 9743 9752 9753 AND
2 1 2020 9570 9729 AND
2 1 2152 9115 9730 AND
2 1 2115 9561 9731 AND
2 1 9730 9731 9732 AND
2 1 9729 9732 9733 AND
2 1 9733 2 9736 XOR
2 1 9117 9733 9734 AND
2 1 5892 9734 9735 AND
2 1 9736 9735 9737 XOR
2 1 9491 9422 9738 XOR
2 1 9737 9738 9739 AND
2 1 2115 9570 9715 AND
2 1 2254 9115 9716 AND
2 1 2152 9561 9717 AND
2 1 9716 9717 9718 AND
2 1 9715 9718 9719 AND
2 1 9719 2 9722 XOR
2 1 9117 9719 9720 AND
2 1 5902 9720 9721 AND
2 1 9722 9721 9723 XOR
2 1 9489 9488 9724 XOR
2 1 9723 9724 9725 AND
2 1 2152 9570 9701 AND
2 1 2351 9115 9702 AND
2 1 2254 9561 9703 AND
2 1 9702 9703 9704 AND
2 1 9701 9704 9705 AND
2 1 9705 2 9708 XOR
2 1 9117 9705 9706 AND
2 1 5643 9706 9707 AND
2 1 9708 9707 9709 XOR
2 1 9486 9443 9710 XOR
2 1 9709 9710 9711 AND
2 1 9484 9483 9614 XOR
2 1 2426 9115 9689 AND
2 1 2254 9570 9688 AND
2 1 2351 9561 9690 AND
2 1 9688 9690 9691 AND
2 1 9689 9691 9692 AND
2 1 9692 2 9695 XOR
2 1 9117 9692 9693 AND
2 1 5948 9693 9694 AND
2 1 9695 9694 9696 XOR
2 1 9614 9696 9697 AND
2 1 2426 9561 9676 AND
2 1 2351 9570 9674 AND
2 1 2495 9115 9675 AND
2 1 9674 9675 9677 AND
2 1 9676 9677 9678 AND
2 1 9678 2 9681 XOR
2 1 9117 9678 9679 AND
2 1 5997 9679 9680 AND
2 1 9681 9680 9682 XOR
2 1 9481 9473 9683 XOR
2 1 9682 9683 9684 AND
2 1 9470 9462 9615 XOR
2 1 2426 9570 9661 AND
2 1 2533 9115 9662 AND
2 1 2495 9561 9663 AND
2 1 9662 9663 9664 AND
2 1 9661 9664 9665 AND
2 1 9665 2 9668 XOR
2 1 9117 9665 9666 AND
2 1 6050 9666 9667 AND
2 1 9668 9667 9669 XOR
2 1 9615 9669 9670 AND
2 1 2495 9570 9647 AND
2 1 2639 9115 9648 AND
2 1 2533 9561 9649 AND
2 1 9648 9649 9650 AND
2 1 9647 9650 9651 AND
2 1 9651 2 9654 XOR
2 1 9117 9651 9652 AND
2 1 6097 9652 9653 AND
2 1 9654 9653 9655 XOR
2 1 9461 9459 9656 XOR
2 1 9655 9656 9657 AND
2 1 0 2793 9616 AND
2 1 2639 9570 9619 AND
2 1 2793 9115 9620 AND
2 1 2700 9561 9621 AND
2 1 9620 9621 9622 AND
2 1 9619 9622 9623 AND
2 1 2 9623 9624 AND
2 1 2 9117 9617 AND
2 1 6198 9617 9618 AND
2 1 6654 9617 9625 AND
2 1 2 9561 9626 AND
2 1 2793 9626 9627 AND
2 1 2700 9570 9628 AND
2 1 2 9628 9629 AND
2 1 9627 9629 9630 AND
2 1 9625 9630 9631 AND
2 1 9618 9631 9632 AND
2 1 9624 9632 9633 AND
2 1 9616 9633 9634 AND
2 1 9460 9634 9635 AND
2 1 9460 9634 9636 AND
2 1 2533 9570 9637 AND
2 1 2700 9115 9638 AND
2 1 2639 9561 9639 AND
2 1 9638 9639 9640 AND
2 1 9637 9640 9641 AND
2 1 6205 9117 9642 AND
2 1 9641 9642 9643 AND
2 1 9643 2 9644 XOR
2 1 9636 9644 9645 AND
2 1 9635 9645 9646 AND
2 1 9655 9656 9658 AND
2 1 9646 9658 9659 AND
2 1 9657 9659 9660 AND
2 1 9615 9669 9671 AND
2 1 9660 9671 9672 AND
2 1 9670 9672 9673 AND
2 1 9682 9683 9685 AND
2 1 9673 9685 9686 AND
2 1 9684 9686 9687 AND
2 1 9614 9696 9698 AND
2 1 9687 9698 9699 AND
2 1 9697 9699 9700 AND
2 1 9709 9710 9712 AND
2 1 9700 9712 9713 AND
2 1 9711 9713 9714 AND
2 1 9723 9724 9726 AND
2 1 9714 9726 9727 AND
2 1 9725 9727 9728 AND
2 1 9737 9738 9740 AND
2 1 9728 9740 9741 AND
2 1 9739 9741 9742 AND
2 1 9743 9752 9754 AND
2 1 9742 9754 9755 AND
2 1 9753 9755 9756 AND
2 1 9757 9766 9768 AND
2 1 9756 9768 9769 AND
2 1 9767 9769 9770 AND
2 1 9613 9779 9781 AND
2 1 9770 9781 9782 AND
2 1 9780 9782 9783 AND
2 1 9792 9793 9795 AND
2 1 9783 9795 9796 AND
2 1 9794 9796 9797 AND
2 1 9806 9807 9809 AND
2 1 9797 9809 9810 AND
2 1 9808 9810 9811 AND
2 1 9820 9821 9823 AND
2 1 9811 9823 9824 AND
2 1 9822 9824 9825 AND
2 1 9826 9835 9837 AND
2 1 9825 9837 9838 AND
2 1 9836 9838 9839 AND
2 1 9840 9849 9851 AND
2 1 9839 9851 9852 AND
2 1 9850 9852 9853 AND
2 1 9612 9862 9864 AND
2 1 9853 9864 9865 AND
2 1 9863 9865 9866 AND
2 1 9875 9876 9878 AND
2 1 9866 9878 9879 AND
2 1 9877 9879 9880 AND
2 1 9889 9890 9892 AND
2 1 9880 9892 9893 AND
2 1 9891 9893 9894 AND
2 1 9903 9904 9906 AND
2 1 9894 9906 9907 AND
2 1 9905 9907 9908 AND
2 1 9909 9918 9920 AND
2 1 9908 9920 9921 AND
2 1 9919 9921 9922 AND
2 1 9923 9932 9934 AND
2 1 9922 9934 9935 AND
2 1 9933 9935 9936 AND
2 1 9611 9945 9947 AND
2 1 9936 9947 9948 AND
2 1 9946 9948 9949 AND
2 1 9958 9959 9961 AND
2 1 9949 9961 9962 AND
2 1 9960 9962 9963 AND
2 1 9972 9973 9975 AND
2 1 9963 9975 9976 AND
2 1 9974 9976 9977 AND
2 1 9986 9987 9989 AND
2 1 9977 9989 9990 AND
2 1 9988 9990 9991 AND
2 1 9992 10001 10003 AND
2 1 9991 10003 10004 AND
2 1 10002 10004 10005 AND
2 1 9610 10014 10016 AND
2 1 10005 10016 10017 AND
2 1 10015 10017 10018 AND
2 1 10026 10027 10031 AND
2 1 10018 10031 10032 AND
2 1 10030 10032 10033 AND
2 1 9609 10033 10034 AND
2 1 9548 9180 9590 XOR
2 1 3860 9561 9593 AND
2 1 3940 9570 9591 AND
2 1 3707 9115 9592 AND
2 1 9591 9592 9594 AND
2 1 9593 9594 9595 AND
2 1 4335 9117 9596 AND
2 1 9595 9596 9597 AND
2 1 9597 2 9598 XOR
2 1 9590 9598 10037 AND
2 1 10034 10037 10038 AND
2 1 9588 9580 10036 XOR
2 1 9590 9598 10039 AND
2 1 10036 10039 10040 AND
2 1 10038 10040 10041 AND
2 1 9589 10041 10042 AND
2 1 9579 10042 10046 AND
2 1 9567 9147 10044 XOR
2 1 10044 9554 10045 XOR
2 1 9569 9578 10047 AND
2 1 10045 10047 10048 AND
2 1 10046 10048 10049 AND
2 1 9568 10049 10050 AND
2 1 9558 10050 10051 AND
2 1 9557 10051 10052 AND
2 1 9134 9133 10053 XOR
2 1 10052 10053 10054 AND
2 1 9135 10054 10055 AND
2 1 9111 9110 10056 XOR
2 1 10055 10056 10057 AND
2 1 9112 10057 10058 AND
2 1 8703 10058 10059 AND
2 1 8702 10059 10060 AND
2 1 8319 8317 10061 XOR
2 1 10060 10061 10062 AND
2 1 8320 10062 10063 AND
2 1 7961 7960 10064 XOR
2 1 10063 10064 10065 AND
2 1 7962 10065 10066 AND
2 1 7630 10066 10067 AND
2 1 7629 10067 10068 AND
2 1 7325 10068 10069 AND
2 1 7324 10069 10070 AND
2 1 7042 7041 10071 XOR
2 1 10070 10071 10072 AND
2 1 7043 10072 10073 AND
2 1 6789 10073 10074 AND
2 1 6788 10074 10075 AND
2 1 6555 6553 10076 XOR
2 1 10075 10076 10077 AND
2 1 6556 10077 10078 AND
2 1 6438 6437 10079 XOR
2 1 10078 10079 10080 AND
2 1 6439 10080 10081 AND
2 1 6324 10081 10082 AND
2 1 6323 10082 10083 AND
2 1 5860 10083 10084 AND
2 1 5859 10084 10085 AND
2 1 5756 10085 10086 AND
2 1 5755 10086 10087 AND
2 1 5503 10087 10088 AND
2 1 5502 10088 10089 AND
2 1 5284 5283 10090 XOR
2 1 10089 10090 10091 AND
2 1 5285 10091 10092 AND
2 1 5182 10092 10093 AND
2 1 5181 10093 10094 AND
2 1 5105 10094 10095 AND
2 1 5104 10095 10096 AND
2 1 4693 10096 10097 AND
2 1 4692 10097 10098 AND
2 1 4513 4512 10099 XOR
2 1 10098 10099 10100 AND
2 1 4514 10100 10101 AND
2 1 4437 10101 10102 AND
2 1 4436 10102 10104 AND
2 1 10211 10105 10213 XOR
2 1 10104 10213 10214 AND
2 1 10212 10214 10351 AND
2 1 10416 10352 10418 XOR
2 1 10351 10418 10419 AND
2 1 10417 10419 10425 AND
2 1 10426 10518 10992 AND
2 1 10425 10992 10993 AND
2 1 10991 10993 10994 AND
2 1 10988 10994 10995 AND
2 1 10965 10959 10970 XOR
2 1 10971 10972 10973 AND
2 1 10974 10982 10983 AND
2 1 10973 10983 10984 AND
2 1 10970 10984 10997 AND
2 1 10995 10997 10998 AND
2 1 10968 10967 10996 XOR
2 1 10970 10984 10999 AND
2 1 10996 10999 11000 AND
2 1 10998 11000 11001 AND
2 1 10969 11001 11002 AND
2 1 10943 11002 11006 AND
2 1 11005 11006 11007 AND
2 1 10924 11007 11008 AND
2 1 10806 11008 11009 AND
2 1 10805 11009 11010 AND
2 1 10730 11010 11011 AND
2 1 10729 11011 11012 AND
2 1 11175 11012 11176 XOR
2 1 3377 11176 20067 AND
2 1 11008 10806 11178 XOR
2 1 3461 11178 20068 AND
2 1 11010 10730 11180 XOR
2 1 3525 11180 20069 AND
2 1 20068 20069 20070 AND
2 1 20067 20070 20071 AND
2 1 11180 11176 11193 XOR
2 1 11178 11180 11184 AND
2 1 10943 10925 11153 XOR
2 1 10942 10941 11003 XOR
2 1 10943 11003 11151 AND
2 1 11002 11151 11152 AND
2 1 11153 11152 11154 XOR
2 1 11154 11178 11185 AND
2 1 11003 11002 11080 XOR
2 1 10984 10970 10985 XOR
2 1 10985 10995 11085 AND
2 1 10999 10996 11084 XOR
2 1 11085 11084 11086 XOR
2 1 11086 11154 11161 AND
2 1 11080 11161 11162 AND
2 1 10995 10985 11082 XOR
2 1 10992 10989 11059 XOR
2 1 10518 10426 10519 XOR
2 1 10425 10519 11058 AND
2 1 11059 11058 11060 XOR
2 1 11060 11086 11094 AND
2 1 11082 11094 11095 AND
2 1 10519 10425 10520 XOR
2 1 10418 10351 10420 XOR
2 1 10420 11060 11065 AND
2 1 10520 11065 11066 AND
2 1 10213 10104 10215 XOR
2 1 10215 10420 10421 AND
2 1 10101 4437 10103 XOR
2 1 10103 10215 10216 AND
2 1 10099 10098 10217 XOR
2 1 10103 10217 10218 AND
2 1 10096 4693 10219 XOR
2 1 10217 10219 10220 AND
2 1 10094 5105 10222 XOR
2 1 10219 10222 10338 AND
2 1 10092 5182 10221 XOR
2 1 10221 10222 10223 AND
2 1 10090 10089 10224 XOR
2 1 10221 10224 10225 AND
2 1 10087 5503 10226 XOR
2 1 10224 10226 10227 AND
2 1 10085 5756 10228 XOR
2 1 10226 10228 10229 AND
2 1 10083 5860 10230 XOR
2 1 10228 10230 10231 AND
2 1 10081 6324 10232 XOR
2 1 10230 10232 10233 AND
2 1 10079 10078 10234 XOR
2 1 10232 10234 10235 AND
2 1 10076 10075 10236 XOR
2 1 10234 10236 10237 AND
2 1 10073 6789 10238 XOR
2 1 10236 10238 10239 AND
2 1 10071 10070 10240 XOR
2 1 10238 10240 10241 AND
2 1 10068 7325 10242 XOR
2 1 10240 10242 10243 AND
2 1 10066 7630 10244 XOR
2 1 10242 10244 10245 AND
2 1 10064 10063 10246 XOR
2 1 10244 10246 10247 AND
2 1 10061 10060 10248 XOR
2 1 10246 10248 10249 AND
2 1 10058 8703 10250 XOR
2 1 10248 10250 10251 AND
2 1 10056 10055 10252 XOR
2 1 10250 10252 10253 AND
2 1 10053 10052 10254 XOR
2 1 10252 10254 10255 AND
2 1 10050 9558 10256 XOR
2 1 10254 10256 10257 AND
2 1 10045 9579 10260 XOR
2 1 9578 9569 10043 XOR
2 1 9579 10043 10258 AND
2 1 10042 10258 10259 AND
2 1 10260 10259 10261 XOR
2 1 10256 10261 10262 AND
2 1 10043 10042 10263 XOR
2 1 10261 10263 10264 AND
2 1 9598 9590 10035 XOR
2 1 10034 10035 10266 AND
2 1 10039 10036 10265 XOR
2 1 10266 10265 10267 XOR
2 1 10035 10034 10268 XOR
2 1 10267 10268 10274 AND
2 1 10031 10028 10271 XOR
2 1 10027 10026 10269 XOR
2 1 10018 10269 10270 AND
2 1 10271 10270 10272 XOR
2 1 10268 10272 10273 AND
2 1 10267 10273 10275 AND
2 1 10263 10275 10276 AND
2 1 10274 10276 10277 AND
2 1 10263 10261 10278 XOR
2 1 10277 10278 10279 AND
2 1 10264 10279 10280 AND
2 1 10261 10256 10281 XOR
2 1 10280 10281 10282 AND
2 1 10262 10282 10283 AND
2 1 10256 10254 10284 XOR
2 1 10283 10284 10285 AND
2 1 10257 10285 10286 AND
2 1 10254 10252 10287 XOR
2 1 10286 10287 10288 AND
2 1 10255 10288 10289 AND
2 1 10252 10250 10290 XOR
2 1 10289 10290 10291 AND
2 1 10253 10291 10292 AND
2 1 10250 10248 10293 XOR
2 1 10292 10293 10294 AND
2 1 10251 10294 10295 AND
2 1 10248 10246 10296 XOR
2 1 10295 10296 10297 AND
2 1 10249 10297 10298 AND
2 1 10246 10244 10299 XOR
2 1 10298 10299 10300 AND
2 1 10247 10300 10301 AND
2 1 10244 10242 10302 XOR
2 1 10301 10302 10303 AND
2 1 10245 10303 10304 AND
2 1 10242 10240 10305 XOR
2 1 10304 10305 10306 AND
2 1 10243 10306 10307 AND
2 1 10240 10238 10308 XOR
2 1 10307 10308 10309 AND
2 1 10241 10309 10310 AND
2 1 10238 10236 10311 XOR
2 1 10310 10311 10312 AND
2 1 10239 10312 10313 AND
2 1 10236 10234 10314 XOR
2 1 10313 10314 10315 AND
2 1 10237 10315 10316 AND
2 1 10234 10232 10317 XOR
2 1 10316 10317 10318 AND
2 1 10235 10318 10319 AND
2 1 10232 10230 10320 XOR
2 1 10319 10320 10321 AND
2 1 10233 10321 10322 AND
2 1 10230 10228 10323 XOR
2 1 10322 10323 10324 AND
2 1 10231 10324 10325 AND
2 1 10228 10226 10326 XOR
2 1 10325 10326 10327 AND
2 1 10229 10327 10328 AND
2 1 10226 10224 10329 XOR
2 1 10328 10329 10330 AND
2 1 10227 10330 10331 AND
2 1 10224 10221 10332 XOR
2 1 10331 10332 10333 AND
2 1 10225 10333 10334 AND
2 1 10222 10221 10335 XOR
2 1 10334 10335 10336 AND
2 1 10223 10336 10337 AND
2 1 10222 10219 10339 XOR
2 1 10337 10339 10340 AND
2 1 10338 10340 10341 AND
2 1 10219 10217 10342 XOR
2 1 10341 10342 10343 AND
2 1 10220 10343 10344 AND
2 1 10217 10103 10345 XOR
2 1 10344 10345 10346 AND
2 1 10218 10346 10347 AND
2 1 10215 10103 10348 XOR
2 1 10347 10348 10349 AND
2 1 10216 10349 10350 AND
2 1 10420 10215 10422 XOR
2 1 10350 10422 10423 AND
2 1 10421 10423 10424 AND
2 1 10520 10420 10522 XOR
2 1 10424 10522 10523 AND
2 1 10520 11060 11067 AND
2 1 10523 11067 11068 AND
2 1 11066 11068 11069 AND
2 1 11082 11060 11091 XOR
2 1 11069 11091 11092 AND
2 1 11082 11086 11096 AND
2 1 11092 11096 11097 AND
2 1 11095 11097 11098 AND
2 1 11086 11080 11100 XOR
2 1 11098 11100 11101 AND
2 1 11080 11154 11163 AND
2 1 11101 11163 11164 AND
2 1 11162 11164 11165 AND
2 1 11178 11154 11186 XOR
2 1 11165 11186 11187 AND
2 1 11185 11187 11188 AND
2 1 11180 11178 11189 XOR
2 1 11188 11189 11190 AND
2 1 11184 11190 11191 AND
2 1 11193 11191 11196 XOR
2 1 3288 11196 20072 AND
2 1 20071 20072 20073 AND
2 1 20073 29 20074 XOR
2 1 10685 10708 11013 AND
2 1 11012 11013 11014 AND
2 1 3781 3941 20060 AND
2 1 11014 20060 20061 AND
2 1 10685 10708 11439 AND
2 1 11012 11439 11440 AND
2 1 11014 11440 11441 AND
2 1 3863 11441 20062 AND
2 1 20061 20062 20063 AND
2 1 11176 11180 11192 AND
2 1 11191 11193 11194 AND
2 1 11192 11194 11195 AND
2 1 11441 11176 11445 XOR
2 1 11195 11445 11446 AND
2 1 11440 11446 11448 AND
2 1 11441 11448 11449 AND
2 1 3945 11449 20064 AND
2 1 20063 20064 20065 AND
2 1 20065 26 20066 XOR
2 1 20074 20066 20076 XOR
2 1 11100 11098 11102 XOR
2 1 39 11102 19995 AND
2 1 2959 11082 19994 AND
2 1 2957 11080 19992 AND
2 1 2962 11086 19993 AND
2 1 19992 19993 19996 AND
2 1 19994 19996 19997 AND
2 1 19995 19997 19998 AND
2 1 756 10689 19981 AND
2 1 3666 19981 19982 AND
2 1 3325 19982 19983 AND
2 1 3352 19983 19984 AND
2 1 738 1788 19974 AND
2 1 6118 19974 19975 AND
2 1 416 583 19976 AND
2 1 3783 19976 19977 AND
2 1 19975 19977 19978 AND
2 1 201 1167 19979 AND
2 1 19978 19979 19980 AND
2 1 1565 2239 19985 AND
2 1 19980 19985 19986 AND
2 1 19984 19986 19987 AND
2 1 328 459 19988 AND
2 1 1331 19988 19989 AND
2 1 19987 19989 19990 AND
2 1 260 19990 19991 AND
2 1 19998 19991 19999 XOR
2 1 3694 4557 11112 AND
2 1 953 2334 11113 AND
2 1 3463 11113 11114 AND
2 1 11112 11114 11115 AND
2 1 249 362 11116 AND
2 1 1026 11116 11117 AND
2 1 11115 11117 11118 AND
2 1 583 10132 11119 AND
2 1 11118 11119 11120 AND
2 1 89 11120 11121 AND
2 1 1746 1957 10553 AND
2 1 5928 10553 10554 AND
2 1 75 206 10555 AND
2 1 291 10555 10556 AND
2 1 10554 10556 10557 AND
2 1 50 111 10558 AND
2 1 359 10558 10559 AND
2 1 10557 10559 10560 AND
2 1 604 4758 10561 AND
2 1 203 789 10548 AND
2 1 2055 10548 10549 AND
2 1 257 531 10550 AND
2 1 565 10550 10551 AND
2 1 10549 10551 10552 AND
2 1 2405 10552 10562 AND
2 1 10561 10562 10563 AND
2 1 10560 10563 10564 AND
2 1 100 322 10565 AND
2 1 850 10565 10566 AND
2 1 10564 10566 10567 AND
2 1 3468 5315 11122 AND
2 1 3309 10120 11123 AND
2 1 11122 11123 11124 AND
2 1 10567 11124 11125 AND
2 1 11121 11125 11126 AND
2 1 860 1984 11127 AND
2 1 11126 11127 11128 AND
2 1 4162 11128 11129 AND
2 1 139 811 11130 AND
2 1 3783 11130 11131 AND
2 1 11129 11131 11132 AND
2 1 250 332 11133 AND
2 1 527 11133 11134 AND
2 1 11132 11134 11135 AND
2 1 581 1270 11292 AND
2 1 566 716 11293 AND
2 1 11292 11293 11294 AND
2 1 250 496 11295 AND
2 1 11294 11295 11296 AND
2 1 94 108 11297 AND
2 1 3094 11297 11298 AND
2 1 11296 11298 11299 AND
2 1 1330 5545 11300 AND
2 1 11299 11300 11301 AND
2 1 4193 11301 11302 AND
2 1 196 459 11303 AND
2 1 631 11303 11304 AND
2 1 11302 11304 11305 AND
2 1 55 212 11306 AND
2 1 399 11306 11307 AND
2 1 11305 11307 11308 AND
2 1 236 850 11309 AND
2 1 11308 11309 11310 AND
2 1 114 677 13058 AND
2 1 553 13058 13059 AND
2 1 1067 1373 13060 AND
2 1 13059 13060 13061 AND
2 1 841 1444 13062 AND
2 1 772 13062 13063 AND
2 1 13061 13063 13064 AND
2 1 75 291 13065 AND
2 1 695 13065 13066 AND
2 1 13064 13066 13067 AND
2 1 257 393 13068 AND
2 1 394 13068 13069 AND
2 1 13067 13069 13070 AND
2 1 267 2976 17469 AND
2 1 5974 17469 17470 AND
2 1 4596 17470 17471 AND
2 1 13070 17471 17472 AND
2 1 556 603 11232 AND
2 1 385 11232 11233 AND
2 1 307 11233 11887 AND
2 1 1026 1034 11888 AND
2 1 3329 11888 11889 AND
2 1 11887 11889 11890 AND
2 1 295 653 11891 AND
2 1 773 11891 11892 AND
2 1 11890 11892 11893 AND
2 1 438 637 11894 AND
2 1 11893 11894 11895 AND
2 1 738 11895 17473 AND
2 1 17472 17473 17474 AND
2 1 11310 17474 17475 AND
2 1 435 1233 17476 AND
2 1 3635 17476 17477 AND
2 1 17475 17477 17478 AND
2 1 190 331 17479 AND
2 1 811 17479 17480 AND
2 1 17478 17480 17481 AND
2 1 122 234 17482 AND
2 1 270 17482 17483 AND
2 1 17481 17483 17484 AND
2 1 11135 17484 17485 AND
2 1 4373 4374 17465 AND
2 1 4375 17465 17466 AND
2 1 11014 17466 17467 AND
2 1 17467 23 17468 XOR
2 1 17484 11135 17486 XOR
2 1 17468 17486 17487 AND
2 1 17485 17487 19973 AND
2 1 19999 19973 20000 XOR
2 1 3377 11180 20001 AND
2 1 3461 11154 20002 AND
2 1 3525 11178 20003 AND
2 1 20002 20003 20004 AND
2 1 20001 20004 20005 AND
2 1 11189 11188 11431 XOR
2 1 3288 11431 20006 AND
2 1 20005 20006 20007 AND
2 1 20007 29 20008 XOR
2 1 20000 20008 20054 AND
2 1 11086 11082 11416 XOR
2 1 11060 11082 11090 AND
2 1 11090 11092 11093 AND
2 1 11416 11093 11417 XOR
2 1 39 11417 17458 AND
2 1 2957 11086 17459 AND
2 1 2959 11060 17460 AND
2 1 2962 11082 17461 AND
2 1 17460 17461 17462 AND
2 1 17459 17462 17463 AND
2 1 17458 17463 17464 AND
2 1 17486 17468 17488 XOR
2 1 17464 17488 19969 AND
2 1 10657 11135 11136 AND
2 1 11060 10520 11070 XOR
2 1 10420 10520 10521 AND
2 1 10521 10523 11064 AND
2 1 11070 11064 11071 XOR
2 1 39 11071 11072 AND
2 1 2959 10420 11063 AND
2 1 2957 11060 11061 AND
2 1 2962 10520 11062 AND
2 1 11061 11062 11073 AND
2 1 11063 11073 11074 AND
2 1 11072 11074 11075 AND
2 1 10657 11075 11108 AND
2 1 319 975 10568 AND
2 1 135 10568 10569 AND
2 1 337 1201 10570 AND
2 1 10569 10570 10571 AND
2 1 528 10571 10572 AND
2 1 602 2193 10573 AND
2 1 1213 2430 10574 AND
2 1 10573 10574 10575 AND
2 1 10572 10575 10576 AND
2 1 10567 10576 10577 AND
2 1 240 631 10532 AND
2 1 154 1065 10533 AND
2 1 10532 10533 10534 AND
2 1 360 386 10535 AND
2 1 417 10535 10536 AND
2 1 10534 10536 10537 AND
2 1 96 10537 10538 AND
2 1 1574 4195 10540 AND
2 1 194 3593 10539 AND
2 1 119 366 10541 AND
2 1 10539 10541 10542 AND
2 1 10540 10542 10543 AND
2 1 301 847 10544 AND
2 1 1068 10544 10545 AND
2 1 10543 10545 10546 AND
2 1 152 10546 10547 AND
2 1 10538 10547 10578 AND
2 1 10577 10578 10579 AND
2 1 2587 10579 10580 AND
2 1 294 1093 10581 AND
2 1 4164 10581 10582 AND
2 1 10580 10582 10583 AND
2 1 55 218 10584 AND
2 1 256 10584 10585 AND
2 1 10583 10585 10586 AND
2 1 59 2556 2557 AND
2 1 300 4720 11020 AND
2 1 2557 11020 11021 AND
2 1 1858 3355 11022 AND
2 1 11021 11022 11023 AND
2 1 205 258 11024 AND
2 1 1209 11024 11025 AND
2 1 11023 11025 11026 AND
2 1 193 196 11027 AND
2 1 1216 11027 11028 AND
2 1 11026 11028 11029 AND
2 1 248 526 11030 AND
2 1 676 11030 11031 AND
2 1 11029 11031 11032 AND
2 1 658 3126 11033 AND
2 1 769 952 11034 AND
2 1 11033 11034 11035 AND
2 1 2770 11035 11036 AND
2 1 11032 11036 11037 AND
2 1 1671 11037 11038 AND
2 1 414 585 11039 AND
2 1 11038 11039 11040 AND
2 1 219 521 11041 AND
2 1 833 11041 11042 AND
2 1 11040 11042 11043 AND
2 1 216 533 11044 AND
2 1 847 11044 11045 AND
2 1 11043 11045 11046 AND
2 1 735 839 11047 AND
2 1 11046 11047 11048 AND
2 1 10586 11048 11049 AND
2 1 4677 4678 11016 AND
2 1 4679 11016 11017 AND
2 1 11014 11017 11018 AND
2 1 11018 20 11019 XOR
2 1 11048 10586 11050 XOR
2 1 11019 11050 11051 AND
2 1 11049 11051 11057 AND
2 1 10657 11075 11109 AND
2 1 11057 11109 11110 AND
2 1 11108 11110 11111 AND
2 1 11135 10657 11137 XOR
2 1 11111 11137 11138 AND
2 1 11136 11138 11139 AND
2 1 17464 17488 19970 AND
2 1 11139 19970 19971 AND
2 1 19969 19971 19972 AND
2 1 20000 20008 20055 AND
2 1 19972 20055 20056 AND
2 1 20054 20056 20057 AND
2 1 19991 19998 20048 AND
2 1 19991 19998 20049 AND
2 1 19973 20049 20050 AND
2 1 20048 20050 20051 AND
2 1 437 1011 20030 AND
2 1 3874 20030 20031 AND
2 1 1695 10689 20032 AND
2 1 20031 20032 20033 AND
2 1 3684 20033 20034 AND
2 1 2133 20034 20035 AND
2 1 260 710 20036 AND
2 1 20035 20036 20037 AND
2 1 3659 20037 20038 AND
2 1 137 209 20039 AND
2 1 565 20039 20040 AND
2 1 20038 20040 20041 AND
2 1 106 20041 20042 AND
2 1 20042 19991 20044 XOR
2 1 11154 11080 11166 XOR
2 1 11080 11086 11099 AND
2 1 11099 11101 11160 AND
2 1 11166 11160 11167 XOR
2 1 39 11167 20023 AND
2 1 2957 11154 20024 AND
2 1 2959 11086 20025 AND
2 1 2962 11080 20026 AND
2 1 20025 20026 20027 AND
2 1 20024 20027 20028 AND
2 1 20023 20028 20029 AND
2 1 20044 20029 20047 XOR
2 1 20051 20047 20053 XOR
2 1 20057 20053 20059 XOR
2 1 20076 20059 20078 XOR
2 1 17488 17464 17489 XOR
2 1 17489 11139 17490 XOR
2 1 3377 11178 17492 AND
2 1 3461 11080 17493 AND
2 1 3525 11154 17494 AND
2 1 17493 17494 17495 AND
2 1 17492 17495 17496 AND
2 1 11186 11165 11464 XOR
2 1 3288 11464 17497 AND
2 1 17496 17497 17498 AND
2 1 17498 29 17499 XOR
2 1 17490 17499 19965 AND
2 1 11137 11111 11140 XOR
2 1 11091 11069 11141 XOR
2 1 39 11141 11142 AND
2 1 2957 11082 11143 AND
2 1 2959 10520 11144 AND
2 1 2962 11060 11145 AND
2 1 11144 11145 11146 AND
2 1 11143 11146 11147 AND
2 1 11142 11147 11148 AND
2 1 11140 11148 11149 AND
2 1 11148 11140 11150 XOR
2 1 3377 11154 11155 AND
2 1 3461 11086 11156 AND
2 1 3525 11080 11157 AND
2 1 11156 11157 11158 AND
2 1 11155 11158 11159 AND
2 1 3288 11167 11168 AND
2 1 11159 11168 11169 AND
2 1 11169 29 11170 XOR
2 1 11150 11170 11171 AND
2 1 11149 11171 17491 AND
2 1 17490 17499 19966 AND
2 1 17491 19966 19967 AND
2 1 19965 19967 19968 AND
2 1 20008 20000 20009 XOR
2 1 20009 19972 20010 XOR
2 1 19968 20010 20011 AND
2 1 20010 19968 20012 XOR
2 1 3941 11441 20015 AND
2 1 3781 11014 20013 AND
2 1 3863 11176 20014 AND
2 1 20013 20014 20016 AND
2 1 20015 20016 20017 AND
2 1 11176 11441 11444 AND
2 1 11444 11446 11447 AND
2 1 11447 11440 11500 XOR
2 1 3945 11500 20018 AND
2 1 20017 20018 20019 AND
2 1 20019 26 20020 XOR
2 1 20012 20020 20021 AND
2 1 20011 20021 20022 AND
2 1 20078 20022 20091 XOR
2 1 20020 20012 20080 XOR
2 1 494 3358 10587 AND
2 1 2649 10587 10588 AND
2 1 753 1218 10589 AND
2 1 10588 10589 10590 AND
2 1 1888 10590 10591 AND
2 1 811 1125 10592 AND
2 1 1791 10592 10593 AND
2 1 10591 10593 10594 AND
2 1 119 583 10595 AND
2 1 601 10595 10596 AND
2 1 10594 10596 10597 AND
2 1 189 358 10598 AND
2 1 944 10598 10599 AND
2 1 10597 10599 10600 AND
2 1 296 10600 10601 AND
2 1 245 390 10602 AND
2 1 153 425 10603 AND
2 1 10602 10603 10604 AND
2 1 195 10604 10605 AND
2 1 3881 4202 10606 AND
2 1 10605 10606 10607 AND
2 1 1180 10607 10608 AND
2 1 1932 10608 10609 AND
2 1 10601 10609 10610 AND
2 1 4932 10610 10611 AND
2 1 1487 1789 10612 AND
2 1 2597 10612 10613 AND
2 1 10611 10613 10614 AND
2 1 206 319 10615 AND
2 1 1216 10615 10616 AND
2 1 10614 10616 10617 AND
2 1 210 459 10618 AND
2 1 6108 10618 10619 AND
2 1 10617 10619 10620 AND
2 1 201 339 10621 AND
2 1 528 10621 10622 AND
2 1 10620 10622 10623 AND
2 1 10586 10623 10624 AND
2 1 10422 10350 10625 XOR
2 1 39 10625 10626 AND
2 1 2957 10420 10627 AND
2 1 2959 10103 10628 AND
2 1 2962 10215 10629 AND
2 1 10628 10629 10630 AND
2 1 10627 10630 10631 AND
2 1 10626 10631 10632 AND
2 1 10623 10586 10633 XOR
2 1 10632 10633 10634 AND
2 1 10624 10634 10635 AND
2 1 11050 11019 11052 XOR
2 1 10635 11052 11053 AND
2 1 10522 10424 10524 XOR
2 1 39 10524 10525 AND
2 1 2957 10520 10526 AND
2 1 2959 10215 10527 AND
2 1 2962 10420 10528 AND
2 1 10527 10528 10529 AND
2 1 10526 10529 10530 AND
2 1 10525 10530 10531 AND
2 1 11052 10635 11054 XOR
2 1 10531 11054 11055 AND
2 1 11053 11055 11056 AND
2 1 11075 10657 11076 XOR
2 1 11076 11057 11077 XOR
2 1 11056 11077 11078 AND
2 1 11077 11056 11079 XOR
2 1 3377 11080 11081 AND
2 1 3461 11082 11083 AND
2 1 3525 11086 11087 AND
2 1 11083 11087 11088 AND
2 1 11081 11088 11089 AND
2 1 3288 11102 11103 AND
2 1 11089 11103 11104 AND
2 1 11104 29 11105 XOR
2 1 11079 11105 11106 AND
2 1 11078 11106 11107 AND
2 1 11170 11150 11172 XOR
2 1 11107 11172 11173 AND
2 1 11172 11107 11174 XOR
2 1 3781 11176 11177 AND
2 1 3863 11178 11179 AND
2 1 3941 11180 11181 AND
2 1 11179 11181 11182 AND
2 1 11177 11182 11183 AND
2 1 3945 11196 11197 AND
2 1 11183 11197 11198 AND
2 1 11198 26 11199 XOR
2 1 11174 11199 11200 AND
2 1 11173 11200 17447 AND
2 1 3781 11441 17448 AND
2 1 3863 11180 17449 AND
2 1 3941 11176 17450 AND
2 1 17449 17450 17451 AND
2 1 17448 17451 17452 AND
2 1 11445 11195 11574 XOR
2 1 3945 11574 17453 AND
2 1 17452 17453 17454 AND
2 1 17454 26 17455 XOR
2 1 17447 17455 17456 AND
2 1 17455 17447 17457 XOR
2 1 17499 17490 17500 XOR
2 1 17500 17491 17501 XOR
2 1 17457 17501 20081 AND
2 1 17456 20081 20082 AND
2 1 20080 20082 20083 AND
2 1 20082 20080 20084 XOR
2 1 11054 10531 11202 XOR
2 1 10633 10632 11203 XOR
2 1 1401 2183 11211 AND
2 1 2449 11211 11212 AND
2 1 811 1036 11205 AND
2 1 2773 11205 11206 AND
2 1 381 521 11207 AND
2 1 532 11207 11208 AND
2 1 11206 11208 11209 AND
2 1 169 11209 11210 AND
2 1 736 11210 11213 AND
2 1 11212 11213 11214 AND
2 1 2308 11214 11215 AND
2 1 4555 4971 11216 AND
2 1 11215 11216 11217 AND
2 1 3042 11217 11218 AND
2 1 1788 2428 11219 AND
2 1 2545 11219 11220 AND
2 1 11218 11220 11221 AND
2 1 294 316 11204 AND
2 1 153 620 11222 AND
2 1 11204 11222 11223 AND
2 1 11221 11223 11224 AND
2 1 165 434 11225 AND
2 1 456 11225 11226 AND
2 1 11224 11226 11227 AND
2 1 50 11227 11228 AND
2 1 620 773 11229 AND
2 1 109 453 11230 AND
2 1 11229 11230 11231 AND
2 1 2716 11233 11234 AND
2 1 6075 11234 11235 AND
2 1 11231 11235 11236 AND
2 1 10547 11236 11237 AND
2 1 10757 11237 11238 AND
2 1 4584 11238 11239 AND
2 1 1539 2369 11240 AND
2 1 2569 11240 11241 AND
2 1 11239 11241 11242 AND
2 1 100 166 11243 AND
2 1 1344 11243 11244 AND
2 1 11242 11244 11245 AND
2 1 234 291 11246 AND
2 1 357 11246 11247 AND
2 1 11245 11247 11248 AND
2 1 11228 11248 11249 AND
2 1 5269 5270 11251 AND
2 1 5271 11251 11252 AND
2 1 11014 11252 11253 AND
2 1 11253 17 11254 XOR
2 1 11248 11228 11255 XOR
2 1 11254 11255 11256 AND
2 1 11249 11256 11257 AND
2 1 10586 11257 11258 AND
2 1 11257 10586 11259 XOR
2 1 10348 10347 11263 XOR
2 1 39 11263 11264 AND
2 1 2959 10217 11262 AND
2 1 2957 10215 11260 AND
2 1 2962 10103 11261 AND
2 1 11260 11261 11265 AND
2 1 11262 11265 11266 AND
2 1 11264 11266 11267 AND
2 1 11259 11267 11268 AND
2 1 11258 11268 11269 AND
2 1 11203 11269 11270 AND
2 1 11269 11203 11271 XOR
2 1 10345 10344 11272 XOR
2 1 39 11272 11273 AND
2 1 2957 10103 11274 AND
2 1 2959 10219 11275 AND
2 1 2962 10217 11276 AND
2 1 11275 11276 11277 AND
2 1 11274 11277 11278 AND
2 1 11273 11278 11279 AND
2 1 11255 11254 11280 XOR
2 1 11279 11280 11281 AND
2 1 132 2648 11311 AND
2 1 11310 11311 11312 AND
2 1 1272 1905 11313 AND
2 1 5371 11313 11314 AND
2 1 11312 11314 11315 AND
2 1 1217 2702 11282 AND
2 1 202 2053 11283 AND
2 1 11282 11283 11284 AND
2 1 244 299 11285 AND
2 1 391 11285 11286 AND
2 1 11284 11286 11287 AND
2 1 203 424 11288 AND
2 1 621 11288 11289 AND
2 1 11287 11289 11290 AND
2 1 50 11290 11291 AND
2 1 1539 2760 11316 AND
2 1 11291 11316 11317 AND
2 1 11315 11317 11318 AND
2 1 123 1125 11319 AND
2 1 2446 11319 11320 AND
2 1 11318 11320 11321 AND
2 1 193 293 11322 AND
2 1 317 11322 11323 AND
2 1 11321 11323 11324 AND
2 1 531 603 11325 AND
2 1 676 11325 11326 AND
2 1 11324 11326 11327 AND
2 1 268 11327 11328 AND
2 1 11228 11328 11329 AND
2 1 100 848 11330 AND
2 1 4800 11330 11331 AND
2 1 2680 2975 11332 AND
2 1 4978 11332 11333 AND
2 1 11331 11333 11334 AND
2 1 1044 3409 11335 AND
2 1 4235 11335 11336 AND
2 1 11334 11336 11337 AND
2 1 110 482 11338 AND
2 1 566 11338 11339 AND
2 1 11337 11339 11340 AND
2 1 528 637 11341 AND
2 1 852 11341 11342 AND
2 1 11340 11342 11343 AND
2 1 89 11343 11344 AND
2 1 387 1330 11345 AND
2 1 115 339 11346 AND
2 1 501 11346 11347 AND
2 1 11345 11347 11348 AND
2 1 186 11348 11349 AND
2 1 737 1492 11350 AND
2 1 1310 11350 11351 AND
2 1 4166 11351 11352 AND
2 1 398 3002 11353 AND
2 1 11352 11353 11354 AND
2 1 11349 11354 11355 AND
2 1 738 11355 11356 AND
2 1 1778 11356 11357 AND
2 1 5922 11357 11358 AND
2 1 196 601 11359 AND
2 1 1802 11359 11360 AND
2 1 11358 11360 11361 AND
2 1 192 262 11362 AND
2 1 266 11362 11363 AND
2 1 11361 11363 11364 AND
2 1 91 259 11365 AND
2 1 11364 11365 11366 AND
2 1 11344 11366 11367 AND
2 1 5843 5844 11369 AND
2 1 5846 11369 11370 AND
2 1 11014 11370 11371 AND
2 1 11371 14 11372 XOR
2 1 11366 11344 11373 XOR
2 1 11372 11373 11374 AND
2 1 11367 11374 11375 AND
2 1 11328 11375 11376 AND
2 1 11375 11328 11377 XOR
2 1 10339 10337 11381 XOR
2 1 39 11381 11382 AND
2 1 2959 10221 11380 AND
2 1 2957 10219 11378 AND
2 1 2962 10222 11379 AND
2 1 11378 11379 11383 AND
2 1 11380 11383 11384 AND
2 1 11382 11384 11385 AND
2 1 11377 11385 11386 AND
2 1 11376 11386 11387 AND
2 1 11328 11228 11388 XOR
2 1 11387 11388 11389 AND
2 1 11329 11389 11390 AND
2 1 11280 11279 11391 XOR
2 1 11390 11391 11392 AND
2 1 11281 11392 11393 AND
2 1 11267 11259 11394 XOR
2 1 11393 11394 11395 AND
2 1 11394 11393 11396 XOR
2 1 3377 11060 11397 AND
2 1 3461 10420 11398 AND
2 1 3525 10520 11399 AND
2 1 11398 11399 11400 AND
2 1 11397 11400 11401 AND
2 1 3288 11071 11402 AND
2 1 11401 11402 11403 AND
2 1 11403 29 11404 XOR
2 1 11396 11404 11405 AND
2 1 11395 11405 11406 AND
2 1 11271 11406 11407 AND
2 1 11270 11407 11408 AND
2 1 11202 11408 11409 AND
2 1 11408 11202 11410 XOR
2 1 3377 11086 11411 AND
2 1 3461 11060 11412 AND
2 1 3525 11082 11413 AND
2 1 11412 11413 11414 AND
2 1 11411 11414 11415 AND
2 1 3288 11417 11418 AND
2 1 11415 11418 11419 AND
2 1 11419 29 11420 XOR
2 1 11410 11420 11421 AND
2 1 11409 11421 11422 AND
2 1 11105 11079 11423 XOR
2 1 11422 11423 11424 AND
2 1 11423 11422 11425 XOR
2 1 3781 11180 11426 AND
2 1 3863 11154 11427 AND
2 1 3941 11178 11428 AND
2 1 11427 11428 11429 AND
2 1 11426 11429 11430 AND
2 1 3945 11431 11432 AND
2 1 11430 11432 11433 AND
2 1 11433 26 11434 XOR
2 1 11425 11434 11435 AND
2 1 11424 11435 11436 AND
2 1 4425 4488 11437 AND
2 1 11014 11437 11438 AND
2 1 4377 11441 11442 AND
2 1 11438 11442 11443 AND
2 1 4379 11449 11450 AND
2 1 11443 11450 11451 AND
2 1 11451 23 11452 XOR
2 1 11436 11452 11453 AND
2 1 11199 11174 11201 XOR
2 1 11452 11436 11454 XOR
2 1 11201 11454 11455 AND
2 1 11453 11455 17446 AND
2 1 17501 17457 17502 XOR
2 1 17446 17502 20086 AND
2 1 20084 20086 20087 AND
2 1 11454 11201 11456 XOR
2 1 11434 11425 11457 XOR
2 1 11420 11410 11458 XOR
2 1 3781 11178 11459 AND
2 1 3863 11080 11460 AND
2 1 3941 11154 11461 AND
2 1 11460 11461 11462 AND
2 1 11459 11462 11463 AND
2 1 3945 11464 11465 AND
2 1 11463 11465 11466 AND
2 1 11466 26 11467 XOR
2 1 11458 11467 11468 AND
2 1 11467 11458 11469 XOR
2 1 11406 11271 11470 XOR
2 1 3377 11082 11471 AND
2 1 3461 10520 11472 AND
2 1 3525 11060 11473 AND
2 1 11472 11473 11474 AND
2 1 11471 11474 11475 AND
2 1 3288 11141 11476 AND
2 1 11475 11476 11477 AND
2 1 11477 29 11478 XOR
2 1 11470 11478 11479 AND
2 1 11478 11470 11480 XOR
2 1 3781 11154 11481 AND
2 1 3863 11086 11482 AND
2 1 3941 11080 11483 AND
2 1 11482 11483 11484 AND
2 1 11481 11484 11485 AND
2 1 3945 11167 11486 AND
2 1 11485 11486 11487 AND
2 1 11487 26 11488 XOR
2 1 11480 11488 11489 AND
2 1 11479 11489 11490 AND
2 1 11469 11490 11491 AND
2 1 11468 11491 11492 AND
2 1 11457 11492 11493 AND
2 1 11492 11457 11494 XOR
2 1 4425 11441 11497 AND
2 1 4488 11014 11495 AND
2 1 4377 11176 11496 AND
2 1 11495 11496 11498 AND
2 1 11497 11498 11499 AND
2 1 4379 11500 11501 AND
2 1 11499 11501 11502 AND
2 1 11502 23 11503 XOR
2 1 11494 11503 11504 AND
2 1 11493 11504 11505 AND
2 1 11456 11505 11506 AND
2 1 11505 11456 11507 XOR
2 1 11503 11494 11508 XOR
2 1 11488 11480 11509 XOR
2 1 11388 11387 11510 XOR
2 1 10342 10341 11511 XOR
2 1 39 11511 11512 AND
2 1 2957 10217 11513 AND
2 1 2959 10222 11514 AND
2 1 2962 10219 11515 AND
2 1 11514 11515 11516 AND
2 1 11513 11516 11517 AND
2 1 11512 11517 11518 AND
2 1 11510 11518 11519 AND
2 1 11518 11510 11520 XOR
2 1 3377 10420 11521 AND
2 1 3461 10103 11522 AND
2 1 3525 10215 11523 AND
2 1 11522 11523 11524 AND
2 1 11521 11524 11525 AND
2 1 3288 10625 11526 AND
2 1 11525 11526 11527 AND
2 1 11527 29 11528 XOR
2 1 11520 11528 11529 AND
2 1 11519 11529 11530 AND
2 1 11391 11390 11531 XOR
2 1 11530 11531 11532 AND
2 1 11531 11530 11533 XOR
2 1 3377 10520 11534 AND
2 1 3461 10215 11535 AND
2 1 3525 10420 11536 AND
2 1 11535 11536 11537 AND
2 1 11534 11537 11538 AND
2 1 3288 10524 11539 AND
2 1 11538 11539 11540 AND
2 1 11540 29 11541 XOR
2 1 11533 11541 11542 AND
2 1 11532 11542 11543 AND
2 1 11404 11396 11544 XOR
2 1 11543 11544 11545 AND
2 1 11544 11543 11546 XOR
2 1 3781 11080 11547 AND
2 1 3863 11082 11548 AND
2 1 3941 11086 11549 AND
2 1 11548 11549 11550 AND
2 1 11547 11550 11551 AND
2 1 3945 11102 11552 AND
2 1 11551 11552 11553 AND
2 1 11553 26 11554 XOR
2 1 11546 11554 11555 AND
2 1 11545 11555 11556 AND
2 1 11509 11556 11557 AND
2 1 11556 11509 11558 XOR
2 1 4488 11176 11559 AND
2 1 4377 11178 11560 AND
2 1 4425 11180 11561 AND
2 1 11560 11561 11562 AND
2 1 11559 11562 11563 AND
2 1 4379 11196 11564 AND
2 1 11563 11564 11565 AND
2 1 11565 23 11566 XOR
2 1 11558 11566 11567 AND
2 1 11557 11567 11568 AND
2 1 4488 11441 11569 AND
2 1 4377 11180 11570 AND
2 1 4425 11176 11571 AND
2 1 11570 11571 11572 AND
2 1 11569 11572 11573 AND
2 1 4379 11574 11575 AND
2 1 11573 11575 11576 AND
2 1 11576 23 11577 XOR
2 1 11568 11577 11578 AND
2 1 11490 11469 11579 XOR
2 1 11577 11568 11580 XOR
2 1 11579 11580 11581 AND
2 1 11578 11581 11582 AND
2 1 11508 11582 17441 AND
2 1 11507 17441 17442 AND
2 1 11508 11582 11583 AND
2 1 11554 11546 11585 XOR
2 1 11541 11533 11586 XOR
2 1 3781 11086 11587 AND
2 1 3863 11060 11588 AND
2 1 3941 11082 11589 AND
2 1 11588 11589 11590 AND
2 1 11587 11590 11591 AND
2 1 3945 11417 11592 AND
2 1 11591 11592 11593 AND
2 1 11593 26 11594 XOR
2 1 11586 11594 11595 AND
2 1 11594 11586 11596 XOR
2 1 1073 3442 11610 AND
2 1 5357 11610 11611 AND
2 1 106 470 11605 AND
2 1 386 567 11606 AND
2 1 11605 11606 11607 AND
2 1 94 296 11608 AND
2 1 11607 11608 11609 AND
2 1 586 1985 11612 AND
2 1 11609 11612 11613 AND
2 1 11611 11613 11614 AND
2 1 738 836 11615 AND
2 1 838 11615 11616 AND
2 1 11614 11616 11617 AND
2 1 320 367 11618 AND
2 1 1270 11618 11619 AND
2 1 11617 11619 11620 AND
2 1 125 619 11621 AND
2 1 11620 11621 11622 AND
2 1 606 2353 11623 AND
2 1 3099 11623 11624 AND
2 1 953 975 11625 AND
2 1 1746 11625 11626 AND
2 1 11624 11626 11627 AND
2 1 96 295 11628 AND
2 1 811 11628 11629 AND
2 1 11627 11629 11630 AND
2 1 493 2259 11631 AND
2 1 3591 11631 11632 AND
2 1 11630 11632 11633 AND
2 1 414 1010 11634 AND
2 1 11633 11634 11635 AND
2 1 11622 11635 11636 AND
2 1 901 3980 11637 AND
2 1 2051 11637 11638 AND
2 1 11636 11638 11639 AND
2 1 100 1026 11640 AND
2 1 1486 11640 11641 AND
2 1 11639 11641 11642 AND
2 1 156 266 11643 AND
2 1 394 11643 11644 AND
2 1 11642 11644 11645 AND
2 1 122 165 11646 AND
2 1 621 11646 11647 AND
2 1 11645 11647 11648 AND
2 1 11344 11648 11649 AND
2 1 10332 10331 11650 XOR
2 1 39 11650 11651 AND
2 1 2957 10221 11652 AND
2 1 2959 10226 11653 AND
2 1 2962 10224 11654 AND
2 1 11653 11654 11655 AND
2 1 11652 11655 11656 AND
2 1 11651 11656 11657 AND
2 1 11648 11344 11658 XOR
2 1 11657 11658 11659 AND
2 1 11649 11659 11660 AND
2 1 11373 11372 11661 XOR
2 1 11660 11661 11662 AND
2 1 10335 10334 11597 XOR
2 1 39 11597 11598 AND
2 1 2957 10222 11599 AND
2 1 2959 10224 11600 AND
2 1 2962 10221 11601 AND
2 1 11600 11601 11602 AND
2 1 11599 11602 11603 AND
2 1 11598 11603 11604 AND
2 1 11661 11660 11663 XOR
2 1 11604 11663 11664 AND
2 1 11662 11664 11665 AND
2 1 11385 11377 11666 XOR
2 1 11665 11666 11667 AND
2 1 11666 11665 11668 XOR
2 1 3377 10215 11669 AND
2 1 3461 10217 11670 AND
2 1 3525 10103 11671 AND
2 1 11670 11671 11672 AND
2 1 11669 11672 11673 AND
2 1 3288 11263 11674 AND
2 1 11673 11674 11675 AND
2 1 11675 29 11676 XOR
2 1 11668 11676 11677 AND
2 1 11667 11677 11678 AND
2 1 11528 11520 11679 XOR
2 1 11678 11679 11680 AND
2 1 11679 11678 11681 XOR
2 1 3781 11082 11682 AND
2 1 3863 10520 11683 AND
2 1 3941 11060 11684 AND
2 1 11683 11684 11685 AND
2 1 11682 11685 11686 AND
2 1 3945 11141 11687 AND
2 1 11686 11687 11688 AND
2 1 11688 26 11689 XOR
2 1 11681 11689 11690 AND
2 1 11680 11690 11691 AND
2 1 11596 11691 11692 AND
2 1 11595 11692 11693 AND
2 1 11585 11693 11694 AND
2 1 11693 11585 11695 XOR
2 1 4488 11180 11696 AND
2 1 4377 11154 11697 AND
2 1 4425 11178 11698 AND
2 1 11697 11698 11699 AND
2 1 11696 11699 11700 AND
2 1 4379 11431 11701 AND
2 1 11700 11701 11702 AND
2 1 11702 23 11703 XOR
2 1 11695 11703 11704 AND
2 1 11694 11704 11705 AND
2 1 5096 5157 11015 AND
2 1 11014 11015 11706 AND
2 1 4681 11441 11707 AND
2 1 11706 11707 11708 AND
2 1 4683 11449 11709 AND
2 1 11708 11709 11710 AND
2 1 11710 20 11711 XOR
2 1 11705 11711 11712 AND
2 1 11566 11558 11713 XOR
2 1 11711 11705 11714 XOR
2 1 11713 11714 11715 AND
2 1 11712 11715 11716 AND
2 1 11580 11579 11717 XOR
2 1 11716 11717 11718 AND
2 1 11714 11713 11719 XOR
2 1 11703 11695 11720 XOR
2 1 11691 11596 11721 XOR
2 1 4488 11178 11722 AND
2 1 4377 11080 11723 AND
2 1 4425 11154 11724 AND
2 1 11723 11724 11725 AND
2 1 11722 11725 11726 AND
2 1 4379 11464 11727 AND
2 1 11726 11727 11728 AND
2 1 11728 23 11729 XOR
2 1 11721 11729 11730 AND
2 1 11729 11721 11731 XOR
2 1 11689 11681 11732 XOR
2 1 11663 11604 11733 XOR
2 1 3377 10103 11734 AND
2 1 3461 10219 11735 AND
2 1 3525 10217 11736 AND
2 1 11735 11736 11737 AND
2 1 11734 11737 11738 AND
2 1 3288 11272 11739 AND
2 1 11738 11739 11740 AND
2 1 11740 29 11741 XOR
2 1 11733 11741 11742 AND
2 1 11741 11733 11743 XOR
2 1 11658 11657 11744 XOR
2 1 1959 10733 11760 AND
2 1 4009 11760 11761 AND
2 1 212 242 11755 AND
2 1 4782 11755 11756 AND
2 1 128 330 11757 AND
2 1 367 11757 11758 AND
2 1 11756 11758 11759 AND
2 1 1985 11759 11762 AND
2 1 11761 11762 11763 AND
2 1 1566 2663 11745 AND
2 1 1235 11745 11746 AND
2 1 87 521 11747 AND
2 1 535 11747 11748 AND
2 1 11746 11748 11749 AND
2 1 266 454 11750 AND
2 1 477 11750 11751 AND
2 1 11749 11751 11752 AND
2 1 155 336 11753 AND
2 1 11752 11753 11754 AND
2 1 5620 11754 11764 AND
2 1 11763 11764 11765 AND
2 1 2735 11765 11766 AND
2 1 1331 1353 11767 AND
2 1 2545 11767 11768 AND
2 1 11766 11768 11769 AND
2 1 245 384 11770 AND
2 1 4163 11770 11771 AND
2 1 11769 11771 11772 AND
2 1 236 357 11773 AND
2 1 636 11773 11774 AND
2 1 11772 11774 11775 AND
2 1 335 11775 11776 AND
2 1 853 2326 11781 AND
2 1 1049 2506 11782 AND
2 1 11781 11782 11783 AND
2 1 232 1083 11784 AND
2 1 11783 11784 11785 AND
2 1 5327 11785 11786 AND
2 1 121 583 11777 AND
2 1 2173 11777 11778 AND
2 1 1104 11778 11779 AND
2 1 89 11779 11780 AND
2 1 3392 11780 11787 AND
2 1 3325 11787 11788 AND
2 1 11786 11788 11789 AND
2 1 132 897 11790 AND
2 1 4164 11790 11791 AND
2 1 11789 11791 11792 AND
2 1 109 170 11793 AND
2 1 364 11793 11794 AND
2 1 11792 11794 11795 AND
2 1 11776 11795 11796 AND
2 1 6539 6540 11798 AND
2 1 6541 11798 11799 AND
2 1 11014 11799 11800 AND
2 1 11800 11 11801 XOR
2 1 11795 11776 11802 XOR
2 1 11801 11802 11803 AND
2 1 11796 11803 11804 AND
2 1 11344 11804 11805 AND
2 1 11804 11344 11806 XOR
2 1 10329 10328 11810 XOR
2 1 39 11810 11811 AND
2 1 2959 10228 11809 AND
2 1 2957 10224 11807 AND
2 1 2962 10226 11808 AND
2 1 11807 11808 11812 AND
2 1 11809 11812 11813 AND
2 1 11811 11813 11814 AND
2 1 11806 11814 11815 AND
2 1 11805 11815 11816 AND
2 1 11744 11816 11817 AND
2 1 11816 11744 11818 XOR
2 1 10326 10325 11819 XOR
2 1 39 11819 11820 AND
2 1 2957 10226 11821 AND
2 1 2959 10230 11822 AND
2 1 2962 10228 11823 AND
2 1 11822 11823 11824 AND
2 1 11821 11824 11825 AND
2 1 11820 11825 11826 AND
2 1 11802 11801 11827 XOR
2 1 11826 11827 11828 AND
2 1 11827 11826 11829 XOR
2 1 1389 3468 11845 AND
2 1 2617 11845 11846 AND
2 1 532 773 11842 AND
2 1 474 11842 11843 AND
2 1 388 11843 11844 AND
2 1 162 11844 11847 AND
2 1 11846 11847 11848 AND
2 1 565 1065 11839 AND
2 1 215 234 11840 AND
2 1 11839 11840 11841 AND
2 1 1256 11841 11849 AND
2 1 11848 11849 11850 AND
2 1 1903 11850 11851 AND
2 1 791 1294 11852 AND
2 1 1344 11852 11853 AND
2 1 11851 11853 11854 AND
2 1 361 1210 11855 AND
2 1 1233 11855 11856 AND
2 1 11854 11856 11857 AND
2 1 59 89 11858 AND
2 1 242 11858 11859 AND
2 1 11857 11859 11860 AND
2 1 638 3881 11861 AND
2 1 1609 11861 11862 AND
2 1 171 11862 11863 AND
2 1 1168 2117 11830 AND
2 1 133 581 11831 AND
2 1 629 11831 11832 AND
2 1 11830 11832 11833 AND
2 1 366 454 11834 AND
2 1 631 11834 11835 AND
2 1 11833 11835 11836 AND
2 1 96 338 11837 AND
2 1 11836 11837 11838 AND
2 1 4117 11838 11864 AND
2 1 11863 11864 11865 AND
2 1 11860 11865 11866 AND
2 1 123 586 11867 AND
2 1 2702 11867 11868 AND
2 1 11866 11868 11869 AND
2 1 193 320 11870 AND
2 1 584 11870 11871 AND
2 1 11869 11871 11872 AND
2 1 201 212 11873 AND
2 1 380 11873 11874 AND
2 1 11872 11874 11875 AND
2 1 83 11875 11876 AND
2 1 11776 11876 11877 AND
2 1 1989 2934 11906 AND
2 1 3431 11906 11907 AND
2 1 461 1279 11896 AND
2 1 414 2155 11897 AND
2 1 4011 11897 11898 AND
2 1 11896 11898 11899 AND
2 1 191 399 11900 AND
2 1 767 11900 11901 AND
2 1 11899 11901 11902 AND
2 1 201 270 11903 AND
2 1 425 11903 11904 AND
2 1 11902 11904 11905 AND
2 1 3047 11905 11908 AND
2 1 11907 11908 11909 AND
2 1 2280 11909 11910 AND
2 1 82 129 11878 AND
2 1 418 11878 11879 AND
2 1 1540 2311 11880 AND
2 1 11879 11880 11881 AND
2 1 96 535 11882 AND
2 1 558 11882 11883 AND
2 1 11881 11883 11884 AND
2 1 234 974 11885 AND
2 1 11884 11885 11886 AND
2 1 2597 11886 11911 AND
2 1 11895 11911 11912 AND
2 1 11910 11912 11913 AND
2 1 320 684 11914 AND
2 1 2405 11914 11915 AND
2 1 11913 11915 11916 AND
2 1 158 298 11917 AND
2 1 1144 11917 11918 AND
2 1 11916 11918 11919 AND
2 1 89 11919 11920 AND
2 1 774 1566 11927 AND
2 1 1658 11927 11928 AND
2 1 1975 11928 11929 AND
2 1 115 250 11930 AND
2 1 460 11930 11931 AND
2 1 11929 11931 11932 AND
2 1 236 11932 11933 AND
2 1 657 2256 11934 AND
2 1 1860 11934 11935 AND
2 1 1655 4754 11936 AND
2 1 11935 11936 11937 AND
2 1 11933 11937 11938 AND
2 1 10876 11938 11939 AND
2 1 558 680 11921 AND
2 1 295 11921 11922 AND
2 1 253 491 11923 AND
2 1 1210 11923 11924 AND
2 1 11922 11924 11925 AND
2 1 165 11925 11926 AND
2 1 84 11926 11940 AND
2 1 1064 11940 11941 AND
2 1 11939 11941 11942 AND
2 1 323 361 11943 AND
2 1 391 11943 11944 AND
2 1 11942 11944 11945 AND
2 1 134 170 11946 AND
2 1 469 11946 11947 AND
2 1 11945 11947 11948 AND
2 1 457 11948 11949 AND
2 1 11920 11949 11950 AND
2 1 7309 7310 11952 AND
2 1 7311 11952 11953 AND
2 1 11014 11953 11954 AND
2 1 11954 8 11955 XOR
2 1 11949 11920 11956 XOR
2 1 11955 11956 11957 AND
2 1 11950 11957 11958 AND
2 1 11776 11958 11959 AND
2 1 11958 11776 11960 XOR
2 1 10320 10319 11964 XOR
2 1 39 11964 11965 AND
2 1 2959 10234 11963 AND
2 1 2957 10230 11961 AND
2 1 2962 10232 11962 AND
2 1 11961 11962 11966 AND
2 1 11963 11966 11967 AND
2 1 11965 11967 11968 AND
2 1 11960 11968 11969 AND
2 1 11959 11969 11970 AND
2 1 11876 11776 11971 XOR
2 1 11970 11971 11972 AND
2 1 11877 11972 11973 AND
2 1 11829 11973 11974 AND
2 1 11828 11974 11975 AND
2 1 11814 11806 11976 XOR
2 1 11975 11976 11977 AND
2 1 11976 11975 11978 XOR
2 1 3377 10219 11979 AND
2 1 3461 10221 11980 AND
2 1 3525 10222 11981 AND
2 1 11980 11981 11982 AND
2 1 11979 11982 11983 AND
2 1 3288 11381 11984 AND
2 1 11983 11984 11985 AND
2 1 11985 29 11986 XOR
2 1 11978 11986 11987 AND
2 1 11977 11987 11988 AND
2 1 11818 11988 11989 AND
2 1 11817 11989 11990 AND
2 1 11743 11990 11991 AND
2 1 11742 11991 11992 AND
2 1 11676 11668 11993 XOR
2 1 11992 11993 11994 AND
2 1 11993 11992 11995 XOR
2 1 3781 11060 11996 AND
2 1 3863 10420 11997 AND
2 1 3941 10520 11998 AND
2 1 11997 11998 11999 AND
2 1 11996 11999 12000 AND
2 1 3945 11071 12001 AND
2 1 12000 12001 12002 AND
2 1 12002 26 12003 XOR
2 1 11995 12003 12004 AND
2 1 11994 12004 12005 AND
2 1 11732 12005 12006 AND
2 1 12005 11732 12007 XOR
2 1 4488 11154 12008 AND
2 1 4377 11086 12009 AND
2 1 4425 11080 12010 AND
2 1 12009 12010 12011 AND
2 1 12008 12011 12012 AND
2 1 4379 11167 12013 AND
2 1 12012 12013 12014 AND
2 1 12014 23 12015 XOR
2 1 12007 12015 12016 AND
2 1 12006 12016 12017 AND
2 1 11731 12017 12018 AND
2 1 11730 12018 12019 AND
2 1 11720 12019 12020 AND
2 1 12019 11720 12021 XOR
2 1 5096 11441 12024 AND
2 1 5157 11014 12022 AND
2 1 4681 11176 12023 AND
2 1 12022 12023 12025 AND
2 1 12024 12025 12026 AND
2 1 4683 11500 12027 AND
2 1 12026 12027 12028 AND
2 1 12028 20 12029 XOR
2 1 12021 12029 12030 AND
2 1 12020 12030 12031 AND
2 1 11719 12031 12032 AND
2 1 12029 12021 12034 XOR
2 1 12015 12007 12035 XOR
2 1 12003 11995 12036 XOR
2 1 11990 11743 12037 XOR
2 1 3781 10520 12038 AND
2 1 3863 10215 12039 AND
2 1 3941 10420 12040 AND
2 1 12039 12040 12041 AND
2 1 12038 12041 12042 AND
2 1 3945 10524 12043 AND
2 1 12042 12043 12044 AND
2 1 12044 26 12045 XOR
2 1 12037 12045 12046 AND
2 1 12045 12037 12047 XOR
2 1 11988 11818 12048 XOR
2 1 3377 10217 12049 AND
2 1 3461 10222 12050 AND
2 1 3525 10219 12051 AND
2 1 12050 12051 12052 AND
2 1 12049 12052 12053 AND
2 1 3288 11511 12054 AND
2 1 12053 12054 12055 AND
2 1 12055 29 12056 XOR
2 1 12048 12056 12057 AND
2 1 12056 12048 12058 XOR
2 1 3781 10420 12059 AND
2 1 3863 10103 12060 AND
2 1 3941 10215 12061 AND
2 1 12060 12061 12062 AND
2 1 12059 12062 12063 AND
2 1 3945 10625 12064 AND
2 1 12063 12064 12065 AND
2 1 12065 26 12066 XOR
2 1 12058 12066 12067 AND
2 1 12057 12067 12068 AND
2 1 12047 12068 12069 AND
2 1 12046 12069 12070 AND
2 1 12036 12070 12071 AND
2 1 12070 12036 12072 XOR
2 1 4488 11080 12073 AND
2 1 4377 11082 12074 AND
2 1 4425 11086 12075 AND
2 1 12074 12075 12076 AND
2 1 12073 12076 12077 AND
2 1 4379 11102 12078 AND
2 1 12077 12078 12079 AND
2 1 12079 23 12080 XOR
2 1 12072 12080 12081 AND
2 1 12071 12081 12082 AND
2 1 12035 12082 12083 AND
2 1 12082 12035 12084 XOR
2 1 5157 11176 12085 AND
2 1 4681 11178 12086 AND
2 1 5096 11180 12087 AND
2 1 12086 12087 12088 AND
2 1 12085 12088 12089 AND
2 1 4683 11196 12090 AND
2 1 12089 12090 12091 AND
2 1 12091 20 12092 XOR
2 1 12084 12092 12093 AND
2 1 12083 12093 12094 AND
2 1 5157 11441 12095 AND
2 1 4681 11180 12096 AND
2 1 5096 11176 12097 AND
2 1 12096 12097 12098 AND
2 1 12095 12098 12099 AND
2 1 4683 11574 12100 AND
2 1 12099 12100 12101 AND
2 1 12101 20 12102 XOR
2 1 12094 12102 12103 AND
2 1 12017 11731 12104 XOR
2 1 12102 12094 12105 XOR
2 1 12104 12105 12106 AND
2 1 12103 12106 12107 AND
2 1 12034 12107 12108 AND
2 1 12107 12034 12109 XOR
2 1 12080 12072 12110 XOR
2 1 12068 12047 12111 XOR
2 1 4488 11086 12112 AND
2 1 4377 11060 12113 AND
2 1 4425 11082 12114 AND
2 1 12113 12114 12115 AND
2 1 12112 12115 12116 AND
2 1 4379 11417 12117 AND
2 1 12116 12117 12118 AND
2 1 12118 23 12119 XOR
2 1 12111 12119 12120 AND
2 1 12119 12111 12121 XOR
2 1 12066 12058 12122 XOR
2 1 11971 11970 12123 XOR
2 1 10323 10322 12124 XOR
2 1 39 12124 12125 AND
2 1 2957 10228 12126 AND
2 1 2959 10232 12127 AND
2 1 2962 10230 12128 AND
2 1 12127 12128 12129 AND
2 1 12126 12129 12130 AND
2 1 12125 12130 12131 AND
2 1 12123 12131 12132 AND
2 1 12131 12123 12133 XOR
2 1 3377 10221 12134 AND
2 1 3461 10226 12135 AND
2 1 3525 10224 12136 AND
2 1 12135 12136 12137 AND
2 1 12134 12137 12138 AND
2 1 3288 11650 12139 AND
2 1 12138 12139 12140 AND
2 1 12140 29 12141 XOR
2 1 12133 12141 12142 AND
2 1 12132 12142 12143 AND
2 1 11973 11829 12144 XOR
2 1 12143 12144 12145 AND
2 1 12144 12143 12146 XOR
2 1 3377 10222 12147 AND
2 1 3461 10224 12148 AND
2 1 3525 10221 12149 AND
2 1 12148 12149 12150 AND
2 1 12147 12150 12151 AND
2 1 3288 11597 12152 AND
2 1 12151 12152 12153 AND
2 1 12153 29 12154 XOR
2 1 12146 12154 12155 AND
2 1 12145 12155 12156 AND
2 1 11986 11978 12157 XOR
2 1 12156 12157 12158 AND
2 1 12157 12156 12159 XOR
2 1 3781 10215 12160 AND
2 1 3863 10217 12161 AND
2 1 3941 10103 12162 AND
2 1 12161 12162 12163 AND
2 1 12160 12163 12164 AND
2 1 3945 11263 12165 AND
2 1 12164 12165 12166 AND
2 1 12166 26 12167 XOR
2 1 12159 12167 12168 AND
2 1 12158 12168 12169 AND
2 1 12122 12169 12170 AND
2 1 12169 12122 12171 XOR
2 1 4488 11082 12172 AND
2 1 4377 10520 12173 AND
2 1 4425 11060 12174 AND
2 1 12173 12174 12175 AND
2 1 12172 12175 12176 AND
2 1 4379 11141 12177 AND
2 1 12176 12177 12178 AND
2 1 12178 23 12179 XOR
2 1 12171 12179 12180 AND
2 1 12170 12180 12181 AND
2 1 12121 12181 12182 AND
2 1 12120 12182 12183 AND
2 1 12110 12183 12184 AND
2 1 12183 12110 12185 XOR
2 1 5157 11180 12186 AND
2 1 4681 11154 12187 AND
2 1 5096 11178 12188 AND
2 1 12187 12188 12189 AND
2 1 12186 12189 12190 AND
2 1 4683 11431 12191 AND
2 1 12190 12191 12192 AND
2 1 12192 20 12193 XOR
2 1 12185 12193 12194 AND
2 1 12184 12194 12195 AND
2 1 5494 5731 11250 AND
2 1 11014 11250 12196 AND
2 1 5273 11441 12197 AND
2 1 12196 12197 12198 AND
2 1 5275 11449 12199 AND
2 1 12198 12199 12200 AND
2 1 12200 17 12201 XOR
2 1 12195 12201 12202 AND
2 1 12092 12084 12203 XOR
2 1 12201 12195 12204 XOR
2 1 12203 12204 12205 AND
2 1 12202 12205 12206 AND
2 1 12105 12104 12207 XOR
2 1 12206 12207 17426 AND
2 1 12109 17426 17427 AND
2 1 12206 12207 12208 AND
2 1 12204 12203 12209 XOR
2 1 12193 12185 12210 XOR
2 1 12181 12121 12211 XOR
2 1 5157 11178 12212 AND
2 1 4681 11080 12213 AND
2 1 5096 11154 12214 AND
2 1 12213 12214 12215 AND
2 1 12212 12215 12216 AND
2 1 4683 11464 12217 AND
2 1 12216 12217 12218 AND
2 1 12218 20 12219 XOR
2 1 12211 12219 12220 AND
2 1 12219 12211 12221 XOR
2 1 12179 12171 12222 XOR
2 1 12167 12159 12223 XOR
2 1 12154 12146 12224 XOR
2 1 3781 10103 12225 AND
2 1 3863 10219 12226 AND
2 1 3941 10217 12227 AND
2 1 12226 12227 12228 AND
2 1 12225 12228 12229 AND
2 1 3945 11272 12230 AND
2 1 12229 12230 12231 AND
2 1 12231 26 12232 XOR
2 1 12224 12232 12233 AND
2 1 12232 12224 12234 XOR
2 1 220 4882 12245 AND
2 1 631 850 12243 AND
2 1 1103 12243 12244 AND
2 1 2056 12244 12246 AND
2 1 12245 12246 12247 AND
2 1 2701 3484 12248 AND
2 1 12247 12248 12249 AND
2 1 1921 12249 12250 AND
2 1 151 435 12251 AND
2 1 2133 12251 12252 AND
2 1 12250 12252 12253 AND
2 1 253 391 12254 AND
2 1 1821 12254 12255 AND
2 1 12253 12255 12256 AND
2 1 201 245 12257 AND
2 1 521 12257 12258 AND
2 1 12256 12258 12259 AND
2 1 165 12259 12260 AND
2 1 11920 12260 12261 AND
2 1 10311 10310 12315 XOR
2 1 39 12315 12316 AND
2 1 2959 10240 12314 AND
2 1 2957 10236 12312 AND
2 1 2962 10238 12313 AND
2 1 12312 12313 12317 AND
2 1 12314 12317 12318 AND
2 1 12316 12318 12319 AND
2 1 11920 12319 12320 AND
2 1 9113 9114 12262 AND
2 1 11014 12262 12263 AND
2 1 12263 2 12264 XOR
2 1 1702 3555 12265 AND
2 1 403 1034 12266 AND
2 1 12265 12266 12267 AND
2 1 3467 12267 12268 AND
2 1 132 366 12269 AND
2 1 472 12269 12270 AND
2 1 12268 12270 12271 AND
2 1 134 925 12272 AND
2 1 974 12272 12273 AND
2 1 12271 12273 12274 AND
2 1 3523 12274 12275 AND
2 1 3128 11350 12279 AND
2 1 334 2204 12280 AND
2 1 12279 12280 12281 AND
2 1 193 265 12276 AND
2 1 2615 12276 12277 AND
2 1 11841 12277 12278 AND
2 1 10460 12278 12282 AND
2 1 12281 12282 12283 AND
2 1 258 1745 12284 AND
2 1 2553 12284 12285 AND
2 1 12283 12285 12286 AND
2 1 381 1353 12287 AND
2 1 12286 12287 12288 AND
2 1 12275 12288 12289 AND
2 1 101 3126 12290 AND
2 1 5625 12290 12291 AND
2 1 6070 12291 12292 AND
2 1 10134 12292 12293 AND
2 1 11754 12293 12294 AND
2 1 211 1487 12295 AND
2 1 12294 12295 12296 AND
2 1 12289 12296 12297 AND
2 1 316 584 12298 AND
2 1 3182 12298 12299 AND
2 1 12297 12299 12300 AND
2 1 82 496 12301 AND
2 1 12300 12301 12302 AND
2 1 12264 12302 12303 AND
2 1 12302 12264 12308 XOR
2 1 33 34 12305 AND
2 1 8305 12305 12306 AND
2 1 11014 12306 12307 AND
2 1 12307 5 12309 XOR
2 1 12308 12309 12310 AND
2 1 12303 12310 12311 AND
2 1 11920 12319 12321 AND
2 1 12311 12321 12322 AND
2 1 12320 12322 12323 AND
2 1 12260 11920 12324 XOR
2 1 12323 12324 12325 AND
2 1 12261 12325 12326 AND
2 1 11956 11955 12327 XOR
2 1 12326 12327 12328 AND
2 1 10317 10316 12235 XOR
2 1 39 12235 12236 AND
2 1 2957 10232 12237 AND
2 1 2959 10236 12238 AND
2 1 2962 10234 12239 AND
2 1 12238 12239 12240 AND
2 1 12237 12240 12241 AND
2 1 12236 12241 12242 AND
2 1 12327 12326 12329 XOR
2 1 12242 12329 12330 AND
2 1 12328 12330 12331 AND
2 1 11968 11960 12332 XOR
2 1 12331 12332 12333 AND
2 1 12332 12331 12334 XOR
2 1 3377 10224 12335 AND
2 1 3461 10228 12336 AND
2 1 3525 10226 12337 AND
2 1 12336 12337 12338 AND
2 1 12335 12338 12339 AND
2 1 3288 11810 12340 AND
2 1 12339 12340 12341 AND
2 1 12341 29 12342 XOR
2 1 12334 12342 12343 AND
2 1 12333 12343 12344 AND
2 1 12141 12133 12345 XOR
2 1 12344 12345 12346 AND
2 1 12345 12344 12347 XOR
2 1 3781 10217 12348 AND
2 1 3863 10222 12349 AND
2 1 3941 10219 12350 AND
2 1 12349 12350 12351 AND
2 1 12348 12351 12352 AND
2 1 3945 11511 12353 AND
2 1 12352 12353 12354 AND
2 1 12354 26 12355 XOR
2 1 12347 12355 12356 AND
2 1 12346 12356 12357 AND
2 1 12234 12357 12358 AND
2 1 12233 12358 12359 AND
2 1 12223 12359 12360 AND
2 1 12359 12223 12361 XOR
2 1 4488 11060 12362 AND
2 1 4377 10420 12363 AND
2 1 4425 10520 12364 AND
2 1 12363 12364 12365 AND
2 1 12362 12365 12366 AND
2 1 4379 11071 12367 AND
2 1 12366 12367 12368 AND
2 1 12368 23 12369 XOR
2 1 12361 12369 12370 AND
2 1 12360 12370 12371 AND
2 1 12222 12371 12372 AND
2 1 12371 12222 12373 XOR
2 1 5157 11154 12374 AND
2 1 4681 11086 12375 AND
2 1 5096 11080 12376 AND
2 1 12375 12376 12377 AND
2 1 12374 12377 12378 AND
2 1 4683 11167 12379 AND
2 1 12378 12379 12380 AND
2 1 12380 20 12381 XOR
2 1 12373 12381 12382 AND
2 1 12372 12382 12383 AND
2 1 12221 12383 12384 AND
2 1 12220 12384 12385 AND
2 1 12210 12385 12386 AND
2 1 12385 12210 12387 XOR
2 1 5494 11441 12390 AND
2 1 5731 11014 12388 AND
2 1 5273 11176 12389 AND
2 1 12388 12389 12391 AND
2 1 12390 12391 12392 AND
2 1 5275 11500 12393 AND
2 1 12392 12393 12394 AND
2 1 12394 17 12395 XOR
2 1 12387 12395 12396 AND
2 1 12386 12396 12397 AND
2 1 12209 12397 12398 AND
2 1 12397 12209 12399 XOR
2 1 12395 12387 12400 XOR
2 1 12381 12373 12401 XOR
2 1 12369 12361 12402 XOR
2 1 12357 12234 12403 XOR
2 1 4488 10520 12404 AND
2 1 4377 10215 12405 AND
2 1 4425 10420 12406 AND
2 1 12405 12406 12407 AND
2 1 12404 12407 12408 AND
2 1 4379 10524 12409 AND
2 1 12408 12409 12410 AND
2 1 12410 23 12411 XOR
2 1 12403 12411 12412 AND
2 1 12411 12403 12413 XOR
2 1 12355 12347 12414 XOR
2 1 12329 12242 12415 XOR
2 1 3377 10226 12416 AND
2 1 3461 10230 12417 AND
2 1 3525 10228 12418 AND
2 1 12417 12418 12419 AND
2 1 12416 12419 12420 AND
2 1 3288 11819 12421 AND
2 1 12420 12421 12422 AND
2 1 12422 29 12423 XOR
2 1 12415 12423 12424 AND
2 1 12423 12415 12425 XOR
2 1 12324 12323 12426 XOR
2 1 10314 10313 12427 XOR
2 1 39 12427 12428 AND
2 1 2957 10234 12429 AND
2 1 2959 10238 12430 AND
2 1 2962 10236 12431 AND
2 1 12430 12431 12432 AND
2 1 12429 12432 12433 AND
2 1 12428 12433 12434 AND
2 1 12426 12434 12435 AND
2 1 12434 12426 12436 XOR
2 1 12319 11920 12552 XOR
2 1 12552 12311 12553 XOR
2 1 3377 10230 12554 AND
2 1 3461 10234 12555 AND
2 1 3525 10232 12556 AND
2 1 12555 12556 12557 AND
2 1 12554 12557 12558 AND
2 1 3288 11964 12559 AND
2 1 12558 12559 12560 AND
2 1 12560 29 12561 XOR
2 1 12553 12561 12562 AND
2 1 12309 12308 12539 XOR
2 1 10308 10307 12540 XOR
2 1 39 12540 12541 AND
2 1 2957 10238 12542 AND
2 1 2959 10242 12543 AND
2 1 2962 10240 12544 AND
2 1 12543 12544 12545 AND
2 1 12542 12545 12546 AND
2 1 12541 12546 12547 AND
2 1 12539 12547 12548 AND
2 1 1858 2312 12437 AND
2 1 1149 12437 12438 AND
2 1 3645 12438 12439 AND
2 1 2741 5365 12440 AND
2 1 12439 12440 12441 AND
2 1 3585 12441 12442 AND
2 1 433 1065 12443 AND
2 1 1144 12443 12444 AND
2 1 12442 12444 12445 AND
2 1 262 336 12446 AND
2 1 477 12446 12447 AND
2 1 12445 12447 12448 AND
2 1 121 556 12449 AND
2 1 1068 12449 12450 AND
2 1 12448 12450 12451 AND
2 1 259 489 12452 AND
2 1 12451 12452 12453 AND
2 1 12264 12453 12454 AND
2 1 598 11297 12455 AND
2 1 292 12455 12456 AND
2 1 10638 12456 12457 AND
2 1 1672 12457 12458 AND
2 1 467 476 12459 AND
2 1 12458 12459 12460 AND
2 1 12289 12460 12461 AND
2 1 249 1147 12462 AND
2 1 1878 12462 12463 AND
2 1 12461 12463 12464 AND
2 1 166 694 12465 AND
2 1 1747 12465 12466 AND
2 1 12464 12466 12467 AND
2 1 203 710 12468 AND
2 1 3980 12468 12469 AND
2 1 12467 12469 12470 AND
2 1 156 417 12471 AND
2 1 847 12471 12472 AND
2 1 12470 12472 12473 AND
2 1 301 850 12474 AND
2 1 12473 12474 12475 AND
2 1 329 1293 12482 AND
2 1 2430 12482 12483 AND
2 1 4803 10161 12484 AND
2 1 12483 12484 12485 AND
2 1 1688 12485 12486 AND
2 1 1521 2172 12476 AND
2 1 242 384 12477 AND
2 1 399 12477 12478 AND
2 1 12476 12478 12479 AND
2 1 533 553 12480 AND
2 1 12479 12480 12481 AND
2 1 115 2309 12487 AND
2 1 12481 12487 12488 AND
2 1 12486 12488 12489 AND
2 1 239 402 12490 AND
2 1 1167 12490 12491 AND
2 1 12489 12491 12492 AND
2 1 587 12492 12493 AND
2 1 132 318 12494 AND
2 1 1655 12494 12495 AND
2 1 12493 12495 12496 AND
2 1 260 496 12497 AND
2 1 1068 12497 12498 AND
2 1 12496 12498 12499 AND
2 1 196 710 12500 AND
2 1 1270 12500 12501 AND
2 1 3300 12501 12502 AND
2 1 116 167 12503 AND
2 1 209 12503 12504 AND
2 1 12502 12504 12505 AND
2 1 896 12505 12506 AND
2 1 439 2773 12507 AND
2 1 1494 12507 12508 AND
2 1 1723 12508 12509 AND
2 1 12506 12509 12510 AND
2 1 11841 12510 12511 AND
2 1 10601 12511 12512 AND
2 1 12499 12512 12513 AND
2 1 75 114 12514 AND
2 1 1201 12514 12515 AND
2 1 12513 12515 12516 AND
2 1 71 82 12517 AND
2 1 535 12517 12518 AND
2 1 12516 12518 12519 AND
2 1 250 556 12520 AND
2 1 12519 12520 12521 AND
2 1 10299 10298 12522 XOR
2 1 39 12522 12523 AND
2 1 2957 10244 12524 AND
2 1 2959 10248 12525 AND
2 1 2962 10246 12526 AND
2 1 12525 12526 12527 AND
2 1 12524 12527 12528 AND
2 1 12523 12528 12529 AND
2 1 12521 12529 12530 AND
2 1 12475 12530 12531 AND
2 1 12521 12529 12532 AND
2 1 12475 12532 12533 AND
2 1 12264 12533 12534 AND
2 1 12531 12534 12535 AND
2 1 12453 12264 12536 XOR
2 1 12535 12536 12537 AND
2 1 12454 12537 12538 AND
2 1 12539 12547 12549 AND
2 1 12538 12549 12550 AND
2 1 12548 12550 12551 AND
2 1 12553 12561 12563 AND
2 1 12551 12563 12564 AND
2 1 12562 12564 12565 AND
2 1 12436 12565 12566 AND
2 1 12435 12566 12567 AND
2 1 12425 12567 12568 AND
2 1 12424 12568 12569 AND
2 1 12342 12334 12570 XOR
2 1 12569 12570 12571 AND
2 1 12570 12569 12572 XOR
2 1 3781 10219 12573 AND
2 1 3863 10221 12574 AND
2 1 3941 10222 12575 AND
2 1 12574 12575 12576 AND
2 1 12573 12576 12577 AND
2 1 3945 11381 12578 AND
2 1 12577 12578 12579 AND
2 1 12579 26 12580 XOR
2 1 12572 12580 12581 AND
2 1 12571 12581 12582 AND
2 1 12414 12582 12583 AND
2 1 12582 12414 12584 XOR
2 1 4488 10420 12585 AND
2 1 4377 10103 12586 AND
2 1 4425 10215 12587 AND
2 1 12586 12587 12588 AND
2 1 12585 12588 12589 AND
2 1 4379 10625 12590 AND
2 1 12589 12590 12591 AND
2 1 12591 23 12592 XOR
2 1 12584 12592 12593 AND
2 1 12583 12593 12594 AND
2 1 12413 12594 12595 AND
2 1 12412 12595 12596 AND
2 1 12402 12596 12597 AND
2 1 12596 12402 12598 XOR
2 1 5157 11080 12599 AND
2 1 4681 11082 12600 AND
2 1 5096 11086 12601 AND
2 1 12600 12601 12602 AND
2 1 12599 12602 12603 AND
2 1 4683 11102 12604 AND
2 1 12603 12604 12605 AND
2 1 12605 20 12606 XOR
2 1 12598 12606 12607 AND
2 1 12597 12607 12608 AND
2 1 12401 12608 12609 AND
2 1 12608 12401 12610 XOR
2 1 5731 11176 12611 AND
2 1 5273 11178 12612 AND
2 1 5494 11180 12613 AND
2 1 12612 12613 12614 AND
2 1 12611 12614 12615 AND
2 1 5275 11196 12616 AND
2 1 12615 12616 12617 AND
2 1 12617 17 12618 XOR
2 1 12610 12618 12619 AND
2 1 12609 12619 12620 AND
2 1 5731 11441 12621 AND
2 1 5273 11180 12622 AND
2 1 5494 11176 12623 AND
2 1 12622 12623 12624 AND
2 1 12621 12624 12625 AND
2 1 5275 11574 12626 AND
2 1 12625 12626 12627 AND
2 1 12627 17 12628 XOR
2 1 12620 12628 12629 AND
2 1 12383 12221 12630 XOR
2 1 12628 12620 12631 XOR
2 1 12630 12631 12632 AND
2 1 12629 12632 12633 AND
2 1 12400 12633 17418 AND
2 1 12399 17418 17419 AND
2 1 12400 12633 12634 AND
2 1 12606 12598 12636 XOR
2 1 12594 12413 12637 XOR
2 1 5157 11086 12638 AND
2 1 4681 11060 12639 AND
2 1 5096 11082 12640 AND
2 1 12639 12640 12641 AND
2 1 12638 12641 12642 AND
2 1 4683 11417 12643 AND
2 1 12642 12643 12644 AND
2 1 12644 20 12645 XOR
2 1 12637 12645 12646 AND
2 1 12645 12637 12647 XOR
2 1 12592 12584 12648 XOR
2 1 12580 12572 12649 XOR
2 1 12567 12425 12650 XOR
2 1 3781 10222 12651 AND
2 1 3863 10224 12652 AND
2 1 3941 10221 12653 AND
2 1 12652 12653 12654 AND
2 1 12651 12654 12655 AND
2 1 3945 11597 12656 AND
2 1 12655 12656 12657 AND
2 1 12657 26 12658 XOR
2 1 12650 12658 12659 AND
2 1 12658 12650 12660 XOR
2 1 3377 10228 12662 AND
2 1 3461 10232 12663 AND
2 1 3525 10230 12664 AND
2 1 12663 12664 12665 AND
2 1 12662 12665 12666 AND
2 1 3288 12124 12667 AND
2 1 12666 12667 12668 AND
2 1 12668 29 12669 XOR
2 1 3781 10221 12670 AND
2 1 3863 10226 12671 AND
2 1 3941 10224 12672 AND
2 1 12671 12672 12673 AND
2 1 12670 12673 12674 AND
2 1 3945 11650 12675 AND
2 1 12674 12675 12676 AND
2 1 12676 26 12677 XOR
2 1 12669 12677 12678 AND
2 1 12565 12436 12661 XOR
2 1 12669 12677 12679 AND
2 1 12661 12679 12680 AND
2 1 12678 12680 12681 AND
2 1 12660 12681 12682 AND
2 1 12659 12682 12683 AND
2 1 12649 12683 12684 AND
2 1 12683 12649 12685 XOR
2 1 4488 10215 12686 AND
2 1 4377 10217 12687 AND
2 1 4425 10103 12688 AND
2 1 12687 12688 12689 AND
2 1 12686 12689 12690 AND
2 1 4379 11263 12691 AND
2 1 12690 12691 12692 AND
2 1 12692 23 12693 XOR
2 1 12685 12693 12694 AND
2 1 12684 12694 12695 AND
2 1 12648 12695 12696 AND
2 1 12695 12648 12697 XOR
2 1 5157 11082 12698 AND
2 1 4681 10520 12699 AND
2 1 5096 11060 12700 AND
2 1 12699 12700 12701 AND
2 1 12698 12701 12702 AND
2 1 4683 11141 12703 AND
2 1 12702 12703 12704 AND
2 1 12704 20 12705 XOR
2 1 12697 12705 12706 AND
2 1 12696 12706 12707 AND
2 1 12647 12707 12708 AND
2 1 12646 12708 12709 AND
2 1 12636 12709 12710 AND
2 1 12709 12636 12711 XOR
2 1 5731 11180 12712 AND
2 1 5273 11154 12713 AND
2 1 5494 11178 12714 AND
2 1 12713 12714 12715 AND
2 1 12712 12715 12716 AND
2 1 5275 11431 12717 AND
2 1 12716 12717 12718 AND
2 1 12718 17 12719 XOR
2 1 12711 12719 12720 AND
2 1 12710 12720 12721 AND
2 1 6312 6414 11368 AND
2 1 11014 11368 12722 AND
2 1 5848 11441 12723 AND
2 1 12722 12723 12724 AND
2 1 5845 11449 12725 AND
2 1 12724 12725 12726 AND
2 1 12726 14 12727 XOR
2 1 12721 12727 12728 AND
2 1 12618 12610 12729 XOR
2 1 12727 12721 12730 XOR
2 1 12729 12730 12731 AND
2 1 12728 12731 12732 AND
2 1 12631 12630 12733 XOR
2 1 12732 12733 12734 AND
2 1 12730 12729 12735 XOR
2 1 12719 12711 12736 XOR
2 1 12707 12647 12737 XOR
2 1 5731 11178 12738 AND
2 1 5273 11080 12739 AND
2 1 5494 11154 12740 AND
2 1 12739 12740 12741 AND
2 1 12738 12741 12742 AND
2 1 5275 11464 12743 AND
2 1 12742 12743 12744 AND
2 1 12744 17 12745 XOR
2 1 12737 12745 12746 AND
2 1 12745 12737 12747 XOR
2 1 12705 12697 12748 XOR
2 1 12693 12685 12749 XOR
2 1 12681 12660 12750 XOR
2 1 4488 10103 12751 AND
2 1 4377 10219 12752 AND
2 1 4425 10217 12753 AND
2 1 12752 12753 12754 AND
2 1 12751 12754 12755 AND
2 1 4379 11272 12756 AND
2 1 12755 12756 12757 AND
2 1 12757 23 12758 XOR
2 1 12750 12758 12759 AND
2 1 12758 12750 12760 XOR
2 1 12677 12669 12761 XOR
2 1 12761 12661 12762 XOR
2 1 12561 12553 13196 XOR
2 1 13196 12551 13197 XOR
2 1 3781 10224 13198 AND
2 1 3863 10228 13199 AND
2 1 3941 10226 13200 AND
2 1 13199 13200 13201 AND
2 1 13198 13201 13202 AND
2 1 3945 11810 13203 AND
2 1 13202 13203 13204 AND
2 1 13204 26 13205 XOR
2 1 13197 13205 13206 AND
2 1 12547 12539 13182 XOR
2 1 13182 12538 13183 XOR
2 1 3377 10232 13184 AND
2 1 3461 10236 13185 AND
2 1 3525 10234 13186 AND
2 1 13185 13186 13187 AND
2 1 13184 13187 13188 AND
2 1 3288 12235 13189 AND
2 1 13188 13189 13190 AND
2 1 13190 29 13191 XOR
2 1 13183 13191 13192 AND
2 1 12536 12535 12763 XOR
2 1 10305 10304 12764 XOR
2 1 39 12764 12765 AND
2 1 2957 10240 12766 AND
2 1 2959 10244 12767 AND
2 1 2962 10242 12768 AND
2 1 12767 12768 12769 AND
2 1 12766 12769 12770 AND
2 1 12765 12770 12771 AND
2 1 12763 12771 12772 AND
2 1 12529 12521 12774 XOR
2 1 12774 12475 12777 XOR
2 1 12521 12264 12775 XOR
2 1 12774 12775 12776 AND
2 1 12777 12776 12778 XOR
2 1 10302 10301 12779 XOR
2 1 39 12779 12780 AND
2 1 2957 10242 12781 AND
2 1 2959 10246 12782 AND
2 1 2962 10244 12783 AND
2 1 12782 12783 12784 AND
2 1 12781 12784 12785 AND
2 1 12780 12785 12786 AND
2 1 2748 3096 12794 AND
2 1 2771 12794 12795 AND
2 1 2054 2225 12796 AND
2 1 12795 12796 12797 AND
2 1 11759 12797 12798 AND
2 1 652 12798 12799 AND
2 1 4584 12799 12800 AND
2 1 137 253 12789 AND
2 1 359 12789 12790 AND
2 1 10479 12790 12791 AND
2 1 234 270 12792 AND
2 1 12791 12792 12793 AND
2 1 252 320 12801 AND
2 1 12793 12801 12802 AND
2 1 12800 12802 12803 AND
2 1 80 113 12804 AND
2 1 360 12804 12805 AND
2 1 12803 12805 12806 AND
2 1 63 131 12807 AND
2 1 201 12807 12808 AND
2 1 12806 12808 12809 AND
2 1 10296 10295 12813 XOR
2 1 39 12813 12814 AND
2 1 2959 10250 12812 AND
2 1 2957 10246 12810 AND
2 1 2962 10248 12811 AND
2 1 12810 12811 12815 AND
2 1 12812 12815 12816 AND
2 1 12814 12816 12817 AND
2 1 12809 12817 12818 AND
2 1 1037 2976 12819 AND
2 1 2668 2772 12820 AND
2 1 12819 12820 12821 AND
2 1 2384 12821 12822 AND
2 1 5551 12822 12823 AND
2 1 10833 12823 12824 AND
2 1 1003 12824 12825 AND
2 1 194 418 12826 AND
2 1 520 12826 12827 AND
2 1 12825 12827 12828 AND
2 1 265 680 12829 AND
2 1 1065 12829 12830 AND
2 1 12828 12830 12831 AND
2 1 50 63 12832 AND
2 1 393 12832 12833 AND
2 1 12831 12833 12834 AND
2 1 10293 10292 12838 XOR
2 1 39 12838 12839 AND
2 1 2959 10252 12837 AND
2 1 2957 10248 12835 AND
2 1 2962 10250 12836 AND
2 1 12835 12836 12840 AND
2 1 12837 12840 12841 AND
2 1 12839 12841 12842 AND
2 1 12834 12842 12843 AND
2 1 2571 3883 12844 AND
2 1 1568 12844 12845 AND
2 1 2517 12845 12846 AND
2 1 1718 12846 12847 AND
2 1 838 1439 12848 AND
2 1 12847 12848 12849 AND
2 1 12499 12849 12850 AND
2 1 245 1004 12851 AND
2 1 4164 12851 12852 AND
2 1 12850 12852 12853 AND
2 1 134 605 12854 AND
2 1 621 12854 12855 AND
2 1 12853 12855 12856 AND
2 1 735 12856 12857 AND
2 1 10290 10289 12861 XOR
2 1 39 12861 12862 AND
2 1 2959 10254 12860 AND
2 1 2957 10250 12858 AND
2 1 2962 10252 12859 AND
2 1 12858 12859 12863 AND
2 1 12860 12863 12864 AND
2 1 12862 12864 12865 AND
2 1 12857 12865 12866 AND
2 1 1236 1550 12872 AND
2 1 3153 3335 12873 AND
2 1 12872 12873 12874 AND
2 1 10158 12874 12875 AND
2 1 1879 6109 12876 AND
2 1 6171 12876 12877 AND
2 1 12875 12877 12878 AND
2 1 166 841 12867 AND
2 1 303 328 12868 AND
2 1 457 12868 12869 AND
2 1 12867 12869 12870 AND
2 1 189 12870 12871 AND
2 1 1439 1495 12879 AND
2 1 12871 12879 12880 AND
2 1 12878 12880 12881 AND
2 1 316 425 12882 AND
2 1 473 12882 12883 AND
2 1 12881 12883 12884 AND
2 1 63 241 12885 AND
2 1 653 12885 12886 AND
2 1 12884 12886 12887 AND
2 1 10287 10286 12891 XOR
2 1 39 12891 12892 AND
2 1 2959 10256 12890 AND
2 1 2957 10252 12888 AND
2 1 2962 10254 12889 AND
2 1 12888 12889 12893 AND
2 1 12890 12893 12894 AND
2 1 12892 12894 12895 AND
2 1 12887 12895 12896 AND
2 1 2172 11879 12912 AND
2 1 3906 4898 12913 AND
2 1 12912 12913 12914 AND
2 1 2535 6109 12915 AND
2 1 3886 12915 12916 AND
2 1 12914 12916 12917 AND
2 1 157 534 12918 AND
2 1 901 12918 12919 AND
2 1 12917 12919 12920 AND
2 1 91 482 12921 AND
2 1 637 12921 12922 AND
2 1 12920 12922 12923 AND
2 1 322 12923 12924 AND
2 1 45 741 12925 AND
2 1 10377 12925 12926 AND
2 1 1238 2705 12927 AND
2 1 12926 12927 12928 AND
2 1 2667 5925 12929 AND
2 1 12928 12929 12930 AND
2 1 11630 12930 12931 AND
2 1 1093 1878 12932 AND
2 1 12931 12932 12933 AND
2 1 12924 12933 12934 AND
2 1 166 2545 12935 AND
2 1 12934 12935 12936 AND
2 1 338 469 12897 AND
2 1 1167 12897 12898 AND
2 1 1355 12898 12899 AND
2 1 654 3980 12900 AND
2 1 12899 12900 12901 AND
2 1 1486 3093 12902 AND
2 1 12901 12902 12903 AND
2 1 6010 12903 12904 AND
2 1 203 566 12905 AND
2 1 679 12905 12906 AND
2 1 12904 12906 12907 AND
2 1 131 259 12908 AND
2 1 302 12908 12909 AND
2 1 12907 12909 12910 AND
2 1 213 12910 12911 AND
2 1 115 317 12937 AND
2 1 12911 12937 12938 AND
2 1 12936 12938 12939 AND
2 1 339 459 12940 AND
2 1 1068 12940 12941 AND
2 1 12939 12941 12942 AND
2 1 335 12942 12943 AND
2 1 10284 10283 12947 XOR
2 1 39 12947 12948 AND
2 1 2959 10261 12946 AND
2 1 2957 10254 12944 AND
2 1 2962 10256 12945 AND
2 1 12944 12945 12949 AND
2 1 12946 12949 12950 AND
2 1 12948 12950 12951 AND
2 1 12943 12951 12952 AND
2 1 10462 10860 12953 AND
2 1 211 586 12954 AND
2 1 12953 12954 12955 AND
2 1 11933 12955 12956 AND
2 1 1027 1147 12957 AND
2 1 1228 12957 12958 AND
2 1 12956 12958 12959 AND
2 1 598 1745 12960 AND
2 1 2429 12960 12961 AND
2 1 12959 12961 12962 AND
2 1 319 653 12963 AND
2 1 755 12963 12964 AND
2 1 12962 12964 12965 AND
2 1 358 12965 12966 AND
2 1 1985 2404 12967 AND
2 1 1762 12967 12968 AND
2 1 10455 12968 12969 AND
2 1 10667 12969 12970 AND
2 1 695 942 12971 AND
2 1 12970 12971 12972 AND
2 1 12966 12972 12973 AND
2 1 200 566 12974 AND
2 1 1210 12974 12975 AND
2 1 12973 12975 12976 AND
2 1 501 5572 12977 AND
2 1 12976 12977 12978 AND
2 1 134 12978 12979 AND
2 1 10281 10280 12983 XOR
2 1 39 12983 12984 AND
2 1 2959 10263 12982 AND
2 1 2957 10256 12980 AND
2 1 2962 10261 12981 AND
2 1 12980 12981 12985 AND
2 1 12982 12985 12986 AND
2 1 12984 12986 12987 AND
2 1 12979 12987 12988 AND
2 1 1352 2155 13009 AND
2 1 1656 13009 13010 AND
2 1 4588 13010 13011 AND
2 1 423 13011 13012 AND
2 1 1095 2323 13013 AND
2 1 13012 13013 13014 AND
2 1 1513 13014 13015 AND
2 1 132 975 12989 AND
2 1 3094 12989 12990 AND
2 1 3311 12990 12991 AND
2 1 456 12991 12992 AND
2 1 793 11204 12993 AND
2 1 137 12993 12994 AND
2 1 435 12994 12995 AND
2 1 12992 12995 12996 AND
2 1 11838 12996 12997 AND
2 1 791 973 12998 AND
2 1 2405 12998 12999 AND
2 1 12997 12999 13000 AND
2 1 118 601 13001 AND
2 1 710 13001 13002 AND
2 1 13000 13002 13003 AND
2 1 238 266 13004 AND
2 1 430 13004 13005 AND
2 1 13003 13005 13006 AND
2 1 327 587 13007 AND
2 1 13006 13007 13008 AND
2 1 99 1217 13016 AND
2 1 13008 13016 13017 AND
2 1 13015 13017 13018 AND
2 1 381 460 13019 AND
2 1 605 13019 13020 AND
2 1 13018 13020 13021 AND
2 1 678 13021 13022 AND
2 1 10278 10277 13026 XOR
2 1 39 13026 13027 AND
2 1 2959 10267 13025 AND
2 1 2957 10261 13023 AND
2 1 2962 10263 13024 AND
2 1 13023 13024 13028 AND
2 1 13025 13028 13029 AND
2 1 13027 13029 13030 AND
2 1 13022 13030 13031 AND
2 1 559 3082 13032 AND
2 1 2589 13032 13033 AND
2 1 5972 13033 13034 AND
2 1 5011 13034 13035 AND
2 1 10754 13035 13036 AND
2 1 10823 13036 13037 AND
2 1 3139 13037 13038 AND
2 1 1879 2036 13039 AND
2 1 3809 13039 13040 AND
2 1 13038 13040 13041 AND
2 1 114 527 13042 AND
2 1 680 13042 13043 AND
2 1 13041 13043 13044 AND
2 1 432 13044 13045 AND
2 1 10267 10268 13050 AND
2 1 10267 10273 13049 AND
2 1 13050 13049 13051 XOR
2 1 13051 10263 13052 XOR
2 1 39 13052 13053 AND
2 1 2957 10263 13046 AND
2 1 2962 10267 13047 AND
2 1 2959 10268 13048 AND
2 1 13047 13048 13054 AND
2 1 13046 13054 13055 AND
2 1 13053 13055 13056 AND
2 1 13045 13056 13057 AND
2 1 2931 10435 13071 AND
2 1 622 3329 13072 AND
2 1 13071 13072 13073 AND
2 1 13070 13073 13074 AND
2 1 4803 12506 13075 AND
2 1 13074 13075 13076 AND
2 1 11860 13076 13077 AND
2 1 292 382 13078 AND
2 1 1211 13078 13079 AND
2 1 13077 13079 13080 AND
2 1 111 256 13081 AND
2 1 475 13081 13082 AND
2 1 13080 13082 13083 AND
2 1 359 477 13084 AND
2 1 680 13084 13085 AND
2 1 13083 13085 13086 AND
2 1 186 400 13087 AND
2 1 13086 13087 13088 AND
2 1 1373 1607 13107 AND
2 1 2135 3673 13108 AND
2 1 13107 13108 13109 AND
2 1 2403 13109 13110 AND
2 1 2035 2075 13111 AND
2 1 6065 13111 13112 AND
2 1 13110 13112 13113 AND
2 1 1970 3062 13095 AND
2 1 10879 13095 13096 AND
2 1 754 3802 13097 AND
2 1 13096 13097 13098 AND
2 1 203 716 13089 AND
2 1 2154 13089 13090 AND
2 1 1124 13090 13091 AND
2 1 110 125 13092 AND
2 1 416 13092 13093 AND
2 1 13091 13093 13094 AND
2 1 12871 13094 13099 AND
2 1 13098 13099 13100 AND
2 1 71 246 13101 AND
2 1 791 13101 13102 AND
2 1 13100 13102 13103 AND
2 1 45 195 13104 AND
2 1 290 13104 13105 AND
2 1 13103 13105 13106 AND
2 1 710 2309 13114 AND
2 1 13106 13114 13115 AND
2 1 13113 13115 13116 AND
2 1 256 950 13117 AND
2 1 13116 13117 13118 AND
2 1 400 13118 13119 AND
2 1 10272 10268 13122 XOR
2 1 39 13122 13123 AND
2 1 2957 10268 13120 AND
2 1 2962 10272 13124 AND
2 1 13120 13124 13125 AND
2 1 13123 13125 13126 AND
2 1 13119 13126 13127 AND
2 1 13088 13127 13128 AND
2 1 10268 10272 13121 AND
2 1 13121 10267 13129 XOR
2 1 39 13129 13130 AND
2 1 2957 10267 13131 AND
2 1 2959 10272 13132 AND
2 1 2962 10268 13133 AND
2 1 13132 13133 13134 AND
2 1 13131 13134 13135 AND
2 1 13130 13135 13136 AND
2 1 13127 13088 13137 XOR
2 1 13136 13137 13138 AND
2 1 13128 13138 13139 AND
2 1 13056 13045 13140 XOR
2 1 13139 13140 13141 AND
2 1 13057 13141 13142 AND
2 1 13030 13022 13143 XOR
2 1 13142 13143 13144 AND
2 1 13031 13144 13145 AND
2 1 12987 12979 13146 XOR
2 1 13145 13146 13147 AND
2 1 12988 13147 13148 AND
2 1 12951 12943 13149 XOR
2 1 13148 13149 13150 AND
2 1 12952 13150 13151 AND
2 1 12895 12887 13152 XOR
2 1 13151 13152 13153 AND
2 1 12896 13153 13154 AND
2 1 12865 12857 13155 XOR
2 1 13154 13155 13156 AND
2 1 12866 13156 13157 AND
2 1 12842 12834 13158 XOR
2 1 13157 13158 13159 AND
2 1 12843 13159 13160 AND
2 1 12817 12809 13161 XOR
2 1 13160 13161 13162 AND
2 1 12818 13162 13163 AND
2 1 3377 10238 13164 AND
2 1 3461 10242 13165 AND
2 1 3525 10240 13166 AND
2 1 13165 13166 13167 AND
2 1 13164 13167 13168 AND
2 1 3288 12540 13169 AND
2 1 13168 13169 13170 AND
2 1 13170 29 13171 XOR
2 1 13163 13171 13172 AND
2 1 12774 12264 12788 XOR
2 1 13163 13171 13173 AND
2 1 12788 13173 13174 AND
2 1 13172 13174 13175 AND
2 1 12786 13175 13176 AND
2 1 12778 13176 13177 AND
2 1 12771 12763 12773 XOR
2 1 12786 13175 13178 AND
2 1 12773 13178 13179 AND
2 1 13177 13179 13180 AND
2 1 12772 13180 13181 AND
2 1 13183 13191 13193 AND
2 1 13181 13193 13194 AND
2 1 13192 13194 13195 AND
2 1 13197 13205 13207 AND
2 1 13195 13207 13208 AND
2 1 13206 13208 13209 AND
2 1 12762 13209 13210 AND
2 1 13209 12762 13211 XOR
2 1 4488 10217 13212 AND
2 1 4377 10222 13213 AND
2 1 4425 10219 13214 AND
2 1 13213 13214 13215 AND
2 1 13212 13215 13216 AND
2 1 4379 11511 13217 AND
2 1 13216 13217 13218 AND
2 1 13218 23 13219 XOR
2 1 13211 13219 13220 AND
2 1 13210 13220 13221 AND
2 1 12760 13221 13222 AND
2 1 12759 13222 13223 AND
2 1 12749 13223 13224 AND
2 1 13223 12749 13225 XOR
2 1 5157 11060 13226 AND
2 1 4681 10420 13227 AND
2 1 5096 10520 13228 AND
2 1 13227 13228 13229 AND
2 1 13226 13229 13230 AND
2 1 4683 11071 13231 AND
2 1 13230 13231 13232 AND
2 1 13232 20 13233 XOR
2 1 13225 13233 13234 AND
2 1 13224 13234 13235 AND
2 1 12748 13235 13236 AND
2 1 13235 12748 13237 XOR
2 1 5731 11154 13238 AND
2 1 5273 11086 13239 AND
2 1 5494 11080 13240 AND
2 1 13239 13240 13241 AND
2 1 13238 13241 13242 AND
2 1 5275 11167 13243 AND
2 1 13242 13243 13244 AND
2 1 13244 17 13245 XOR
2 1 13237 13245 13246 AND
2 1 13236 13246 13247 AND
2 1 12747 13247 13248 AND
2 1 12746 13248 13249 AND
2 1 12736 13249 13250 AND
2 1 13249 12736 13251 XOR
2 1 6312 11441 13254 AND
2 1 6414 11014 13252 AND
2 1 5848 11176 13253 AND
2 1 13252 13253 13255 AND
2 1 13254 13255 13256 AND
2 1 5845 11500 13257 AND
2 1 13256 13257 13258 AND
2 1 13258 14 13259 XOR
2 1 13251 13259 13260 AND
2 1 13250 13260 13261 AND
2 1 12735 13261 13262 AND
2 1 13259 13251 13264 XOR
2 1 13245 13237 13265 XOR
2 1 13233 13225 13266 XOR
2 1 13221 12760 13267 XOR
2 1 5157 10520 13268 AND
2 1 4681 10215 13269 AND
2 1 5096 10420 13270 AND
2 1 13269 13270 13271 AND
2 1 13268 13271 13272 AND
2 1 4683 10524 13273 AND
2 1 13272 13273 13274 AND
2 1 13274 20 13275 XOR
2 1 13267 13275 13276 AND
2 1 13275 13267 13277 XOR
2 1 13219 13211 13278 XOR
2 1 13205 13197 13279 XOR
2 1 13279 13195 13280 XOR
2 1 13191 13183 13281 XOR
2 1 13281 13181 13282 XOR
2 1 3781 10226 13283 AND
2 1 3863 10230 13284 AND
2 1 3941 10228 13285 AND
2 1 13284 13285 13286 AND
2 1 13283 13286 13287 AND
2 1 3945 11819 13288 AND
2 1 13287 13288 13289 AND
2 1 13289 26 13290 XOR
2 1 13282 13290 13291 AND
2 1 13290 13191 13292 XOR
2 1 13292 13183 13293 XOR
2 1 13293 13181 13294 XOR
2 1 3377 10234 13299 AND
2 1 3461 10238 13300 AND
2 1 3525 10236 13301 AND
2 1 13300 13301 13302 AND
2 1 13299 13302 13303 AND
2 1 3288 12427 13304 AND
2 1 13303 13304 13305 AND
2 1 13305 29 13306 XOR
2 1 3781 10228 13309 AND
2 1 3863 10232 13307 AND
2 1 3941 10230 13308 AND
2 1 13307 13308 13310 AND
2 1 13309 13310 13311 AND
2 1 3945 12124 13312 AND
2 1 13311 13312 13313 AND
2 1 13313 26 13314 XOR
2 1 13306 13314 13315 AND
2 1 13175 12786 13296 XOR
2 1 12778 13296 13297 AND
2 1 13178 12773 13295 XOR
2 1 13297 13295 13298 XOR
2 1 13306 13314 13316 AND
2 1 13298 13316 13317 AND
2 1 13315 13317 13318 AND
2 1 13294 13318 13319 AND
2 1 13291 13319 13320 AND
2 1 13280 13320 13321 AND
2 1 13320 13280 13322 XOR
2 1 4488 10219 13323 AND
2 1 4377 10221 13324 AND
2 1 4425 10222 13325 AND
2 1 13324 13325 13326 AND
2 1 13323 13326 13327 AND
2 1 4379 11381 13328 AND
2 1 13327 13328 13329 AND
2 1 13329 23 13330 XOR
2 1 13322 13330 13331 AND
2 1 13321 13331 13332 AND
2 1 13278 13332 13333 AND
2 1 13332 13278 13334 XOR
2 1 5157 10420 13335 AND
2 1 4681 10103 13336 AND
2 1 5096 10215 13337 AND
2 1 13336 13337 13338 AND
2 1 13335 13338 13339 AND
2 1 4683 10625 13340 AND
2 1 13339 13340 13341 AND
2 1 13341 20 13342 XOR
2 1 13334 13342 13343 AND
2 1 13333 13343 13344 AND
2 1 13277 13344 13345 AND
2 1 13276 13345 13346 AND
2 1 13266 13346 13347 AND
2 1 13346 13266 13348 XOR
2 1 5731 11080 13349 AND
2 1 5273 11082 13350 AND
2 1 5494 11086 13351 AND
2 1 13350 13351 13352 AND
2 1 13349 13352 13353 AND
2 1 5275 11102 13354 AND
2 1 13353 13354 13355 AND
2 1 13355 17 13356 XOR
2 1 13348 13356 13357 AND
2 1 13347 13357 13358 AND
2 1 13265 13358 13359 AND
2 1 13358 13265 13360 XOR
2 1 6414 11176 13361 AND
2 1 5848 11178 13362 AND
2 1 6312 11180 13363 AND
2 1 13362 13363 13364 AND
2 1 13361 13364 13365 AND
2 1 5845 11196 13366 AND
2 1 13365 13366 13367 AND
2 1 13367 14 13368 XOR
2 1 13360 13368 13369 AND
2 1 13359 13369 13370 AND
2 1 6414 11441 13371 AND
2 1 5848 11180 13372 AND
2 1 6312 11176 13373 AND
2 1 13372 13373 13374 AND
2 1 13371 13374 13375 AND
2 1 5845 11574 13376 AND
2 1 13375 13376 13377 AND
2 1 13377 14 13378 XOR
2 1 13370 13378 13379 AND
2 1 13247 12747 13380 XOR
2 1 13378 13370 13381 XOR
2 1 13380 13381 13382 AND
2 1 13379 13382 13383 AND
2 1 13264 13383 13384 AND
2 1 13383 13264 13385 XOR
2 1 13356 13348 13386 XOR
2 1 13344 13277 13387 XOR
2 1 5731 11086 13388 AND
2 1 5273 11060 13389 AND
2 1 5494 11082 13390 AND
2 1 13389 13390 13391 AND
2 1 13388 13391 13392 AND
2 1 5275 11417 13393 AND
2 1 13392 13393 13394 AND
2 1 13394 17 13395 XOR
2 1 13387 13395 13396 AND
2 1 13395 13387 13397 XOR
2 1 13342 13334 13398 XOR
2 1 13330 13322 13399 XOR
2 1 13318 13294 13400 XOR
2 1 4488 10222 13401 AND
2 1 4377 10224 13402 AND
2 1 4425 10221 13403 AND
2 1 13402 13403 13404 AND
2 1 13401 13404 13405 AND
2 1 4379 11597 13406 AND
2 1 13405 13406 13407 AND
2 1 13407 23 13408 XOR
2 1 13400 13408 13409 AND
2 1 13408 13400 13410 XOR
2 1 13314 13306 13411 XOR
2 1 13411 13298 13412 XOR
2 1 3377 10236 13414 AND
2 1 3461 10240 13415 AND
2 1 3525 10238 13416 AND
2 1 13415 13416 13417 AND
2 1 13414 13417 13418 AND
2 1 3288 12315 13419 AND
2 1 13418 13419 13420 AND
2 1 13420 29 13421 XOR
2 1 3781 10230 13423 AND
2 1 3941 10232 13422 AND
2 1 3863 10234 13424 AND
2 1 13422 13424 13425 AND
2 1 13423 13425 13426 AND
2 1 3945 11964 13427 AND
2 1 13426 13427 13428 AND
2 1 13428 26 13429 XOR
2 1 13421 13429 13430 AND
2 1 12786 12778 12787 XOR
2 1 13175 12787 13413 XOR
2 1 13421 13429 13431 AND
2 1 13413 13431 13432 AND
2 1 13430 13432 13433 AND
2 1 13412 13433 13434 AND
2 1 13433 13412 13435 XOR
2 1 4488 10221 13436 AND
2 1 4377 10226 13437 AND
2 1 4425 10224 13438 AND
2 1 13437 13438 13439 AND
2 1 13436 13439 13440 AND
2 1 4379 11650 13441 AND
2 1 13440 13441 13442 AND
2 1 13442 23 13443 XOR
2 1 13435 13443 13444 AND
2 1 13434 13444 13445 AND
2 1 13410 13445 13446 AND
2 1 13409 13446 13447 AND
2 1 13399 13447 13448 AND
2 1 13447 13399 13449 XOR
2 1 5157 10215 13450 AND
2 1 4681 10217 13451 AND
2 1 5096 10103 13452 AND
2 1 13451 13452 13453 AND
2 1 13450 13453 13454 AND
2 1 4683 11263 13455 AND
2 1 13454 13455 13456 AND
2 1 13456 20 13457 XOR
2 1 13449 13457 13458 AND
2 1 13448 13458 13459 AND
2 1 13398 13459 13460 AND
2 1 13459 13398 13461 XOR
2 1 5731 11082 13462 AND
2 1 5273 10520 13463 AND
2 1 5494 11060 13464 AND
2 1 13463 13464 13465 AND
2 1 13462 13465 13466 AND
2 1 5275 11141 13467 AND
2 1 13466 13467 13468 AND
2 1 13468 17 13469 XOR
2 1 13461 13469 13470 AND
2 1 13460 13470 13471 AND
2 1 13397 13471 13472 AND
2 1 13396 13472 13473 AND
2 1 13386 13473 13474 AND
2 1 13473 13386 13475 XOR
2 1 6414 11180 13476 AND
2 1 5848 11154 13477 AND
2 1 6312 11178 13478 AND
2 1 13477 13478 13479 AND
2 1 13476 13479 13480 AND
2 1 5845 11431 13481 AND
2 1 13480 13481 13482 AND
2 1 13482 14 13483 XOR
2 1 13475 13483 13484 AND
2 1 13474 13484 13485 AND
2 1 6777 7018 11797 AND
2 1 11014 11797 13486 AND
2 1 6543 11441 13487 AND
2 1 13486 13487 13488 AND
2 1 6545 11449 13489 AND
2 1 13488 13489 13490 AND
2 1 13490 11 13491 XOR
2 1 13485 13491 13492 AND
2 1 13368 13360 13493 XOR
2 1 13491 13485 13494 XOR
2 1 13493 13494 13495 AND
2 1 13492 13495 13496 AND
2 1 13381 13380 13497 XOR
2 1 13496 13497 13498 AND
2 1 13494 13493 13499 XOR
2 1 13483 13475 13500 XOR
2 1 13471 13397 13501 XOR
2 1 6414 11178 13502 AND
2 1 5848 11080 13503 AND
2 1 6312 11154 13504 AND
2 1 13503 13504 13505 AND
2 1 13502 13505 13506 AND
2 1 5845 11464 13507 AND
2 1 13506 13507 13508 AND
2 1 13508 14 13509 XOR
2 1 13501 13509 13510 AND
2 1 13509 13501 13511 XOR
2 1 13469 13461 13512 XOR
2 1 13457 13449 13513 XOR
2 1 13445 13410 13514 XOR
2 1 5157 10103 13515 AND
2 1 4681 10219 13516 AND
2 1 5096 10217 13517 AND
2 1 13516 13517 13518 AND
2 1 13515 13518 13519 AND
2 1 4683 11272 13520 AND
2 1 13519 13520 13521 AND
2 1 13521 20 13522 XOR
2 1 13514 13522 13523 AND
2 1 13522 13514 13524 XOR
2 1 13161 13160 13529 XOR
2 1 3377 10240 13530 AND
2 1 3461 10244 13531 AND
2 1 3525 10242 13532 AND
2 1 13531 13532 13533 AND
2 1 13530 13533 13534 AND
2 1 3288 12764 13535 AND
2 1 13534 13535 13536 AND
2 1 13536 29 13537 XOR
2 1 13529 13537 13538 AND
2 1 13158 13157 13539 XOR
2 1 3377 10242 13540 AND
2 1 3461 10246 13541 AND
2 1 3525 10244 13542 AND
2 1 13541 13542 13543 AND
2 1 13540 13543 13544 AND
2 1 3288 12779 13545 AND
2 1 13544 13545 13546 AND
2 1 13546 29 13547 XOR
2 1 13539 13547 13548 AND
2 1 13155 13154 13549 XOR
2 1 3377 10244 13550 AND
2 1 3461 10248 13551 AND
2 1 3525 10246 13552 AND
2 1 13551 13552 13553 AND
2 1 13550 13553 13554 AND
2 1 3288 12522 13555 AND
2 1 13554 13555 13556 AND
2 1 13556 29 13557 XOR
2 1 13549 13557 13558 AND
2 1 13152 13151 13559 XOR
2 1 3377 10246 13560 AND
2 1 3461 10250 13561 AND
2 1 3525 10248 13562 AND
2 1 13561 13562 13563 AND
2 1 13560 13563 13564 AND
2 1 3288 12813 13565 AND
2 1 13564 13565 13566 AND
2 1 13566 29 13567 XOR
2 1 13559 13567 13568 AND
2 1 13149 13148 13569 XOR
2 1 3377 10248 13570 AND
2 1 3461 10252 13571 AND
2 1 3525 10250 13572 AND
2 1 13571 13572 13573 AND
2 1 13570 13573 13574 AND
2 1 3288 12838 13575 AND
2 1 13574 13575 13576 AND
2 1 13576 29 13577 XOR
2 1 13569 13577 13578 AND
2 1 3377 10250 13579 AND
2 1 3461 10254 13580 AND
2 1 3525 10252 13581 AND
2 1 13580 13581 13582 AND
2 1 13579 13582 13583 AND
2 1 3288 12861 13584 AND
2 1 13583 13584 13585 AND
2 1 13585 29 13586 XOR
2 1 13146 13145 13587 XOR
2 1 13586 13587 13588 AND
2 1 13587 13586 13589 XOR
2 1 3377 10252 13590 AND
2 1 3461 10256 13591 AND
2 1 3525 10254 13592 AND
2 1 13591 13592 13593 AND
2 1 13590 13593 13594 AND
2 1 3288 12891 13595 AND
2 1 13594 13595 13596 AND
2 1 13596 29 13597 XOR
2 1 13143 13142 13598 XOR
2 1 13597 13598 13599 AND
2 1 13598 13597 13600 XOR
2 1 3377 10254 13601 AND
2 1 3461 10261 13602 AND
2 1 3525 10256 13603 AND
2 1 13602 13603 13604 AND
2 1 13601 13604 13605 AND
2 1 3288 12947 13606 AND
2 1 13605 13606 13607 AND
2 1 13607 29 13608 XOR
2 1 13140 13139 13609 XOR
2 1 13608 13609 13610 AND
2 1 13609 13608 13611 XOR
2 1 3377 10256 13612 AND
2 1 3461 10263 13613 AND
2 1 3525 10261 13614 AND
2 1 13613 13614 13615 AND
2 1 13612 13615 13616 AND
2 1 3288 12983 13617 AND
2 1 13616 13617 13618 AND
2 1 13618 29 13619 XOR
2 1 13137 13136 13620 XOR
2 1 13619 13620 13621 AND
2 1 13620 13619 13622 XOR
2 1 3377 10261 13623 AND
2 1 3461 10267 13624 AND
2 1 3525 10263 13625 AND
2 1 13624 13625 13626 AND
2 1 13623 13626 13627 AND
2 1 3288 13026 13628 AND
2 1 13627 13628 13629 AND
2 1 13629 29 13630 XOR
2 1 13126 13119 13631 XOR
2 1 13630 13631 13632 AND
2 1 13631 13630 13633 XOR
2 1 38 10272 13634 AND
2 1 3525 10272 13635 AND
2 1 3377 10268 13636 AND
2 1 13635 13636 13637 AND
2 1 3288 13122 13638 AND
2 1 13637 13638 13639 AND
2 1 13639 29 13640 XOR
2 1 3287 10272 13641 AND
2 1 29 13641 13642 AND
2 1 13640 13642 13643 AND
2 1 3377 10267 13644 AND
2 1 3461 10272 13645 AND
2 1 3525 10268 13646 AND
2 1 13645 13646 13647 AND
2 1 13644 13647 13648 AND
2 1 3288 13129 13649 AND
2 1 13648 13649 13650 AND
2 1 13650 29 13651 XOR
2 1 13643 13651 13652 AND
2 1 13634 13652 13653 AND
2 1 3377 10263 13654 AND
2 1 3461 10268 13655 AND
2 1 3525 10267 13656 AND
2 1 13655 13656 13657 AND
2 1 13654 13657 13658 AND
2 1 3288 13052 13659 AND
2 1 13658 13659 13660 AND
2 1 13660 29 13661 XOR
2 1 13652 13634 13662 XOR
2 1 13661 13662 13663 AND
2 1 13653 13663 13664 AND
2 1 13633 13664 13665 AND
2 1 13632 13665 13666 AND
2 1 13622 13666 13667 AND
2 1 13621 13667 13668 AND
2 1 13611 13668 13669 AND
2 1 13610 13669 13670 AND
2 1 13600 13670 13671 AND
2 1 13599 13671 13672 AND
2 1 13589 13672 13673 AND
2 1 13588 13673 13674 AND
2 1 13577 13569 13675 XOR
2 1 13674 13675 13676 AND
2 1 13578 13676 13677 AND
2 1 13567 13559 13678 XOR
2 1 13677 13678 13679 AND
2 1 13568 13679 13680 AND
2 1 13557 13549 13681 XOR
2 1 13680 13681 13682 AND
2 1 13558 13682 13683 AND
2 1 13547 13539 13684 XOR
2 1 13683 13684 13685 AND
2 1 13548 13685 13686 AND
2 1 13537 13529 13687 XOR
2 1 13686 13687 13688 AND
2 1 13538 13688 13689 AND
2 1 13171 13163 13690 XOR
2 1 13690 12788 13691 XOR
2 1 13689 13691 13692 AND
2 1 13690 13689 13693 XOR
2 1 13693 12788 13694 XOR
2 1 3781 10232 13695 AND
2 1 3863 10236 13696 AND
2 1 3941 10234 13697 AND
2 1 13696 13697 13698 AND
2 1 13695 13698 13699 AND
2 1 3945 12235 13700 AND
2 1 13699 13700 13701 AND
2 1 13701 26 13702 XOR
2 1 13694 13702 13703 AND
2 1 13692 13703 13704 AND
2 1 4488 10224 13705 AND
2 1 4377 10228 13706 AND
2 1 4425 10226 13707 AND
2 1 13706 13707 13708 AND
2 1 13705 13708 13709 AND
2 1 4379 11810 13710 AND
2 1 13709 13710 13711 AND
2 1 13711 23 13712 XOR
2 1 13704 13712 13713 AND
2 1 13429 13421 13526 XOR
2 1 13526 13175 13527 XOR
2 1 13527 12787 13528 XOR
2 1 13704 13712 13714 AND
2 1 13528 13714 13715 AND
2 1 13713 13715 13716 AND
2 1 5157 10217 13717 AND
2 1 4681 10222 13718 AND
2 1 5096 10219 13719 AND
2 1 13718 13719 13720 AND
2 1 13717 13720 13721 AND
2 1 4683 11511 13722 AND
2 1 13721 13722 13723 AND
2 1 13723 20 13724 XOR
2 1 13716 13724 13725 AND
2 1 13443 13435 13525 XOR
2 1 13716 13724 13726 AND
2 1 13525 13726 13727 AND
2 1 13725 13727 13728 AND
2 1 13524 13728 13729 AND
2 1 13523 13729 13730 AND
2 1 13513 13730 13731 AND
2 1 13730 13513 13732 XOR
2 1 5731 11060 13733 AND
2 1 5273 10420 13734 AND
2 1 5494 10520 13735 AND
2 1 13734 13735 13736 AND
2 1 13733 13736 13737 AND
2 1 5275 11071 13738 AND
2 1 13737 13738 13739 AND
2 1 13739 17 13740 XOR
2 1 13732 13740 13741 AND
2 1 13731 13741 13742 AND
2 1 13512 13742 13743 AND
2 1 13742 13512 13744 XOR
2 1 6414 11154 13745 AND
2 1 5848 11086 13746 AND
2 1 6312 11080 13747 AND
2 1 13746 13747 13748 AND
2 1 13745 13748 13749 AND
2 1 5845 11167 13750 AND
2 1 13749 13750 13751 AND
2 1 13751 14 13752 XOR
2 1 13744 13752 13753 AND
2 1 13743 13753 13754 AND
2 1 13511 13754 13755 AND
2 1 13510 13755 13756 AND
2 1 13500 13756 13757 AND
2 1 13756 13500 13758 XOR
2 1 6777 11441 13761 AND
2 1 7018 11014 13759 AND
2 1 6543 11176 13760 AND
2 1 13759 13760 13762 AND
2 1 13761 13762 13763 AND
2 1 6545 11500 13764 AND
2 1 13763 13764 13765 AND
2 1 13765 11 13766 XOR
2 1 13758 13766 13767 AND
2 1 13757 13767 13768 AND
2 1 13499 13768 13769 AND
2 1 13768 13499 13770 XOR
2 1 13766 13758 13771 XOR
2 1 7018 11441 14049 AND
2 1 6543 11180 14050 AND
2 1 6777 11176 14051 AND
2 1 14050 14051 14052 AND
2 1 14049 14052 14053 AND
2 1 6545 11574 14054 AND
2 1 14053 14054 14055 AND
2 1 14055 11 14056 XOR
2 1 5731 10520 13775 AND
2 1 5273 10215 13776 AND
2 1 5494 10420 13777 AND
2 1 13776 13777 13778 AND
2 1 13775 13778 13779 AND
2 1 5275 10524 13780 AND
2 1 13779 13780 13781 AND
2 1 13781 17 13782 XOR
2 1 13702 13694 13788 XOR
2 1 13687 13686 13789 XOR
2 1 3781 10234 13790 AND
2 1 3863 10238 13791 AND
2 1 3941 10236 13792 AND
2 1 13791 13792 13793 AND
2 1 13790 13793 13794 AND
2 1 3945 12427 13795 AND
2 1 13794 13795 13796 AND
2 1 13796 26 13797 XOR
2 1 13789 13797 13798 AND
2 1 13684 13683 13799 XOR
2 1 3781 10236 13800 AND
2 1 3863 10240 13801 AND
2 1 3941 10238 13802 AND
2 1 13801 13802 13803 AND
2 1 13800 13803 13804 AND
2 1 3945 12315 13805 AND
2 1 13804 13805 13806 AND
2 1 13806 26 13807 XOR
2 1 13799 13807 13808 AND
2 1 13681 13680 13809 XOR
2 1 3781 10238 13810 AND
2 1 3863 10242 13811 AND
2 1 3941 10240 13812 AND
2 1 13811 13812 13813 AND
2 1 13810 13813 13814 AND
2 1 3945 12540 13815 AND
2 1 13814 13815 13816 AND
2 1 13816 26 13817 XOR
2 1 13809 13817 13818 AND
2 1 13678 13677 13819 XOR
2 1 3781 10240 13820 AND
2 1 3863 10244 13821 AND
2 1 3941 10242 13822 AND
2 1 13821 13822 13823 AND
2 1 13820 13823 13824 AND
2 1 3945 12764 13825 AND
2 1 13824 13825 13826 AND
2 1 13826 26 13827 XOR
2 1 13819 13827 13828 AND
2 1 13675 13674 13829 XOR
2 1 3781 10242 13830 AND
2 1 3863 10246 13831 AND
2 1 3941 10244 13832 AND
2 1 13831 13832 13833 AND
2 1 13830 13833 13834 AND
2 1 3945 12779 13835 AND
2 1 13834 13835 13836 AND
2 1 13836 26 13837 XOR
2 1 13829 13837 13838 AND
2 1 13672 13589 13839 XOR
2 1 3781 10244 13840 AND
2 1 3863 10248 13841 AND
2 1 3941 10246 13842 AND
2 1 13841 13842 13843 AND
2 1 13840 13843 13844 AND
2 1 3945 12522 13845 AND
2 1 13844 13845 13846 AND
2 1 13846 26 13847 XOR
2 1 13839 13847 13848 AND
2 1 13670 13600 13849 XOR
2 1 3781 10246 13852 AND
2 1 3863 10250 13850 AND
2 1 3941 10248 13851 AND
2 1 13850 13851 13853 AND
2 1 13852 13853 13854 AND
2 1 3945 12813 13855 AND
2 1 13854 13855 13856 AND
2 1 13856 26 13857 XOR
2 1 13849 13857 13858 AND
2 1 13668 13611 13859 XOR
2 1 3781 10248 13861 AND
2 1 3863 10252 13860 AND
2 1 3941 10250 13862 AND
2 1 13860 13862 13863 AND
2 1 13861 13863 13864 AND
2 1 3945 12838 13865 AND
2 1 13864 13865 13866 AND
2 1 13866 26 13867 XOR
2 1 13859 13867 13868 AND
2 1 13666 13622 13869 XOR
2 1 3781 10250 13871 AND
2 1 3941 10252 13870 AND
2 1 3863 10254 13872 AND
2 1 13870 13872 13873 AND
2 1 13871 13873 13874 AND
2 1 3945 12861 13875 AND
2 1 13874 13875 13876 AND
2 1 13876 26 13877 XOR
2 1 13869 13877 13878 AND
2 1 13664 13633 13879 XOR
2 1 3781 10252 13882 AND
2 1 3863 10256 13880 AND
2 1 3941 10254 13881 AND
2 1 13880 13881 13883 AND
2 1 13882 13883 13884 AND
2 1 3945 12891 13885 AND
2 1 13884 13885 13886 AND
2 1 13886 26 13887 XOR
2 1 13879 13887 13888 AND
2 1 3781 10254 13890 AND
2 1 3941 10256 13889 AND
2 1 3863 10261 13891 AND
2 1 13889 13891 13892 AND
2 1 13890 13892 13893 AND
2 1 3945 12947 13894 AND
2 1 13893 13894 13895 AND
2 1 13895 26 13896 XOR
2 1 13662 13661 13897 XOR
2 1 13896 13897 13898 AND
2 1 13897 13896 13899 XOR
2 1 3781 10256 13902 AND
2 1 3863 10263 13900 AND
2 1 3941 10261 13901 AND
2 1 13900 13901 13903 AND
2 1 13902 13903 13904 AND
2 1 3945 12983 13905 AND
2 1 13904 13905 13906 AND
2 1 13906 26 13907 XOR
2 1 13651 13643 13908 XOR
2 1 13907 13908 13909 AND
2 1 13908 13907 13910 XOR
2 1 13642 13640 13911 XOR
2 1 3781 10261 13913 AND
2 1 3863 10267 13912 AND
2 1 3941 10263 13914 AND
2 1 13912 13914 13915 AND
2 1 13913 13915 13916 AND
2 1 3945 13026 13917 AND
2 1 13916 13917 13918 AND
2 1 13918 26 13919 XOR
2 1 13911 13919 13920 AND
2 1 3781 10268 13921 AND
2 1 3941 10272 13922 AND
2 1 13921 13922 13923 AND
2 1 3945 13122 13924 AND
2 1 13923 13924 13925 AND
2 1 13925 26 13926 XOR
2 1 3779 10272 13927 AND
2 1 26 13927 13928 AND
2 1 13926 13928 13929 AND
2 1 3781 10267 13931 AND
2 1 3863 10272 13930 AND
2 1 3941 10268 13932 AND
2 1 13930 13932 13933 AND
2 1 13931 13933 13934 AND
2 1 3945 13129 13935 AND
2 1 13934 13935 13936 AND
2 1 13936 26 13937 XOR
2 1 13929 13937 13938 AND
2 1 13641 13938 13939 AND
2 1 13938 13641 13940 XOR
2 1 3781 10263 13942 AND
2 1 3863 10268 13941 AND
2 1 3941 10267 13943 AND
2 1 13941 13943 13944 AND
2 1 13942 13944 13945 AND
2 1 3945 13052 13946 AND
2 1 13945 13946 13947 AND
2 1 13947 26 13948 XOR
2 1 13940 13948 13949 AND
2 1 13939 13949 13950 AND
2 1 13919 13911 13951 XOR
2 1 13950 13951 13952 AND
2 1 13920 13952 13953 AND
2 1 13910 13953 13954 AND
2 1 13909 13954 13955 AND
2 1 13899 13955 13956 AND
2 1 13898 13956 13957 AND
2 1 13887 13879 13958 XOR
2 1 13957 13958 13959 AND
2 1 13888 13959 13960 AND
2 1 13877 13869 13961 XOR
2 1 13960 13961 13962 AND
2 1 13878 13962 13963 AND
2 1 13867 13859 13964 XOR
2 1 13963 13964 13965 AND
2 1 13868 13965 13966 AND
2 1 13857 13849 13967 XOR
2 1 13966 13967 13968 AND
2 1 13858 13968 13969 AND
2 1 13847 13839 13970 XOR
2 1 13969 13970 13971 AND
2 1 13848 13971 13972 AND
2 1 13837 13829 13973 XOR
2 1 13972 13973 13974 AND
2 1 13838 13974 13975 AND
2 1 13827 13819 13976 XOR
2 1 13975 13976 13977 AND
2 1 13828 13977 13978 AND
2 1 13817 13809 13979 XOR
2 1 13978 13979 13980 AND
2 1 13818 13980 13981 AND
2 1 13807 13799 13982 XOR
2 1 13981 13982 13983 AND
2 1 13808 13983 13984 AND
2 1 13797 13789 13985 XOR
2 1 13984 13985 13986 AND
2 1 13798 13986 13987 AND
2 1 13788 13987 13988 AND
2 1 13987 13702 13989 XOR
2 1 13989 13694 13990 XOR
2 1 4488 10226 13991 AND
2 1 4377 10230 13992 AND
2 1 4425 10228 13993 AND
2 1 13992 13993 13994 AND
2 1 13991 13994 13995 AND
2 1 4379 11819 13996 AND
2 1 13995 13996 13997 AND
2 1 13997 23 13998 XOR
2 1 13990 13998 13999 AND
2 1 13988 13999 14000 AND
2 1 5157 10219 14001 AND
2 1 4681 10221 14002 AND
2 1 5096 10222 14003 AND
2 1 14002 14003 14004 AND
2 1 14001 14004 14005 AND
2 1 4683 11381 14006 AND
2 1 14005 14006 14007 AND
2 1 14007 20 14008 XOR
2 1 14000 14008 14009 AND
2 1 13712 13704 13786 XOR
2 1 13786 13528 13787 XOR
2 1 14000 14008 14010 AND
2 1 13787 14010 14011 AND
2 1 14009 14011 14012 AND
2 1 5731 10420 14013 AND
2 1 5273 10103 14014 AND
2 1 5494 10215 14015 AND
2 1 14014 14015 14016 AND
2 1 14013 14016 14017 AND
2 1 5275 10625 14018 AND
2 1 14017 14018 14019 AND
2 1 14019 17 14020 XOR
2 1 14012 14020 14021 AND
2 1 13724 13443 13783 XOR
2 1 13783 13716 13784 XOR
2 1 13784 13435 13785 XOR
2 1 14012 14020 14022 AND
2 1 13785 14022 14023 AND
2 1 14021 14023 14024 AND
2 1 13782 14024 14025 AND
2 1 13728 13524 13774 XOR
2 1 13782 14024 14026 AND
2 1 13774 14026 14027 AND
2 1 14025 14027 14028 AND
2 1 6414 11080 14029 AND
2 1 5848 11082 14030 AND
2 1 6312 11086 14031 AND
2 1 14030 14031 14032 AND
2 1 14029 14032 14033 AND
2 1 5845 11102 14034 AND
2 1 14033 14034 14035 AND
2 1 14035 14 14036 XOR
2 1 14028 14036 14037 AND
2 1 13740 13732 13773 XOR
2 1 14028 14036 14038 AND
2 1 13773 14038 14039 AND
2 1 14037 14039 14040 AND
2 1 7018 11176 14041 AND
2 1 6543 11178 14042 AND
2 1 6777 11180 14043 AND
2 1 14042 14043 14044 AND
2 1 14041 14044 14045 AND
2 1 6545 11196 14046 AND
2 1 14045 14046 14047 AND
2 1 14047 11 14048 XOR
2 1 14040 14048 14057 AND
2 1 14056 14057 14058 AND
2 1 13752 13744 13772 XOR
2 1 14040 14048 14059 AND
2 1 13772 14059 14060 AND
2 1 14058 14060 14061 AND
2 1 13754 13511 14062 XOR
2 1 14057 14056 14065 XOR
2 1 14048 14040 14063 XOR
2 1 13772 14063 14064 AND
2 1 14065 14064 14066 XOR
2 1 14062 14066 14067 AND
2 1 14061 14067 14068 AND
2 1 13771 14068 14069 AND
2 1 14068 13771 14070 XOR
2 1 14024 13782 14073 XOR
2 1 14073 13774 14074 XOR
2 1 6414 11086 14075 AND
2 1 5848 11060 14076 AND
2 1 6312 11082 14077 AND
2 1 14076 14077 14078 AND
2 1 14075 14078 14079 AND
2 1 5845 11417 14080 AND
2 1 14079 14080 14081 AND
2 1 14081 14 14082 XOR
2 1 14074 14082 14083 AND
2 1 14082 13782 14084 XOR
2 1 14084 14024 14085 XOR
2 1 14085 13774 14086 XOR
2 1 14020 14012 14087 XOR
2 1 14087 13785 14088 XOR
2 1 14008 14000 14089 XOR
2 1 14089 13787 14090 XOR
2 1 4488 10228 14092 AND
2 1 4377 10232 14093 AND
2 1 4425 10230 14094 AND
2 1 14093 14094 14095 AND
2 1 14092 14095 14096 AND
2 1 4379 12124 14097 AND
2 1 14096 14097 14098 AND
2 1 14098 23 14099 XOR
2 1 13985 13984 14100 XOR
2 1 14099 14100 14101 AND
2 1 14100 14099 14102 XOR
2 1 4488 10230 14103 AND
2 1 4377 10234 14104 AND
2 1 4425 10232 14105 AND
2 1 14104 14105 14106 AND
2 1 14103 14106 14107 AND
2 1 4379 11964 14108 AND
2 1 14107 14108 14109 AND
2 1 14109 23 14110 XOR
2 1 13982 13981 14111 XOR
2 1 14110 14111 14112 AND
2 1 14111 14110 14113 XOR
2 1 4488 10232 14114 AND
2 1 4377 10236 14115 AND
2 1 4425 10234 14116 AND
2 1 14115 14116 14117 AND
2 1 14114 14117 14118 AND
2 1 4379 12235 14119 AND
2 1 14118 14119 14120 AND
2 1 14120 23 14121 XOR
2 1 13979 13978 14122 XOR
2 1 14121 14122 14123 AND
2 1 14122 14121 14124 XOR
2 1 4488 10234 14125 AND
2 1 4377 10238 14126 AND
2 1 4425 10236 14127 AND
2 1 14126 14127 14128 AND
2 1 14125 14128 14129 AND
2 1 4379 12427 14130 AND
2 1 14129 14130 14131 AND
2 1 14131 23 14132 XOR
2 1 13976 13975 14133 XOR
2 1 14132 14133 14134 AND
2 1 14133 14132 14135 XOR
2 1 4488 10236 14136 AND
2 1 4377 10240 14137 AND
2 1 4425 10238 14138 AND
2 1 14137 14138 14139 AND
2 1 14136 14139 14140 AND
2 1 4379 12315 14141 AND
2 1 14140 14141 14142 AND
2 1 14142 23 14143 XOR
2 1 13973 13972 14144 XOR
2 1 14143 14144 14145 AND
2 1 14144 14143 14146 XOR
2 1 4488 10238 14147 AND
2 1 4377 10242 14148 AND
2 1 4425 10240 14149 AND
2 1 14148 14149 14150 AND
2 1 14147 14150 14151 AND
2 1 4379 12540 14152 AND
2 1 14151 14152 14153 AND
2 1 14153 23 14154 XOR
2 1 13970 13969 14155 XOR
2 1 14154 14155 14156 AND
2 1 14155 14154 14157 XOR
2 1 4488 10240 14158 AND
2 1 4377 10244 14159 AND
2 1 4425 10242 14160 AND
2 1 14159 14160 14161 AND
2 1 14158 14161 14162 AND
2 1 4379 12764 14163 AND
2 1 14162 14163 14164 AND
2 1 14164 23 14165 XOR
2 1 13967 13966 14166 XOR
2 1 14165 14166 14167 AND
2 1 14166 14165 14168 XOR
2 1 4488 10242 14169 AND
2 1 4377 10246 14170 AND
2 1 4425 10244 14171 AND
2 1 14170 14171 14172 AND
2 1 14169 14172 14173 AND
2 1 4379 12779 14174 AND
2 1 14173 14174 14175 AND
2 1 14175 23 14176 XOR
2 1 13964 13963 14177 XOR
2 1 14176 14177 14178 AND
2 1 14177 14176 14179 XOR
2 1 4488 10244 14180 AND
2 1 4377 10248 14181 AND
2 1 4425 10246 14182 AND
2 1 14181 14182 14183 AND
2 1 14180 14183 14184 AND
2 1 4379 12522 14185 AND
2 1 14184 14185 14186 AND
2 1 14186 23 14187 XOR
2 1 13961 13960 14188 XOR
2 1 14187 14188 14189 AND
2 1 14188 14187 14190 XOR
2 1 4488 10246 14191 AND
2 1 4377 10250 14192 AND
2 1 4425 10248 14193 AND
2 1 14192 14193 14194 AND
2 1 14191 14194 14195 AND
2 1 4379 12813 14196 AND
2 1 14195 14196 14197 AND
2 1 14197 23 14198 XOR
2 1 13958 13957 14199 XOR
2 1 14198 14199 14200 AND
2 1 14199 14198 14201 XOR
2 1 13955 13899 14202 XOR
2 1 4488 10248 14203 AND
2 1 4377 10252 14204 AND
2 1 4425 10250 14205 AND
2 1 14204 14205 14206 AND
2 1 14203 14206 14207 AND
2 1 4379 12838 14208 AND
2 1 14207 14208 14209 AND
2 1 14209 23 14210 XOR
2 1 14202 14210 14211 AND
2 1 13953 13910 14212 XOR
2 1 4488 10250 14213 AND
2 1 4377 10254 14214 AND
2 1 4425 10252 14215 AND
2 1 14214 14215 14216 AND
2 1 14213 14216 14217 AND
2 1 4379 12861 14218 AND
2 1 14217 14218 14219 AND
2 1 14219 23 14220 XOR
2 1 14212 14220 14221 AND
2 1 4488 10252 14222 AND
2 1 4377 10256 14223 AND
2 1 4425 10254 14224 AND
2 1 14223 14224 14225 AND
2 1 14222 14225 14226 AND
2 1 4379 12891 14227 AND
2 1 14226 14227 14228 AND
2 1 14228 23 14229 XOR
2 1 13951 13950 14230 XOR
2 1 14229 14230 14231 AND
2 1 14230 14229 14232 XOR
2 1 13948 13940 14233 XOR
2 1 4488 10254 14234 AND
2 1 4377 10261 14235 AND
2 1 4425 10256 14236 AND
2 1 14235 14236 14237 AND
2 1 14234 14237 14238 AND
2 1 4379 12947 14239 AND
2 1 14238 14239 14240 AND
2 1 14240 23 14241 XOR
2 1 14233 14241 14242 AND
2 1 4488 10256 14243 AND
2 1 4377 10263 14244 AND
2 1 4425 10261 14245 AND
2 1 14244 14245 14246 AND
2 1 14243 14246 14247 AND
2 1 4379 12983 14248 AND
2 1 14247 14248 14249 AND
2 1 14249 23 14250 XOR
2 1 13937 13929 14251 XOR
2 1 14250 14251 14252 AND
2 1 14251 14250 14253 XOR
2 1 13928 13926 14254 XOR
2 1 4488 10261 14255 AND
2 1 4377 10267 14256 AND
2 1 4425 10263 14257 AND
2 1 14256 14257 14258 AND
2 1 14255 14258 14259 AND
2 1 4379 13026 14260 AND
2 1 14259 14260 14261 AND
2 1 14261 23 14262 XOR
2 1 14254 14262 14263 AND
2 1 4425 10272 14264 AND
2 1 4488 10268 14265 AND
2 1 14264 14265 14266 AND
2 1 4379 13122 14267 AND
2 1 14266 14267 14268 AND
2 1 14268 23 14269 XOR
2 1 4374 10272 14270 AND
2 1 23 14270 14271 AND
2 1 14269 14271 14272 AND
2 1 4488 10267 14273 AND
2 1 4377 10272 14274 AND
2 1 4425 10268 14275 AND
2 1 14274 14275 14276 AND
2 1 14273 14276 14277 AND
2 1 4379 13129 14278 AND
2 1 14277 14278 14279 AND
2 1 14279 23 14280 XOR
2 1 14272 14280 14281 AND
2 1 13927 14281 14282 AND
2 1 14281 13927 14283 XOR
2 1 4488 10263 14284 AND
2 1 4377 10268 14285 AND
2 1 4425 10267 14286 AND
2 1 14285 14286 14287 AND
2 1 14284 14287 14288 AND
2 1 4379 13052 14289 AND
2 1 14288 14289 14290 AND
2 1 14290 23 14291 XOR
2 1 14283 14291 14292 AND
2 1 14282 14292 14293 AND
2 1 14262 14254 14294 XOR
2 1 14293 14294 14295 AND
2 1 14263 14295 14296 AND
2 1 14253 14296 14297 AND
2 1 14252 14297 14298 AND
2 1 14241 14233 14299 XOR
2 1 14298 14299 14300 AND
2 1 14242 14300 14301 AND
2 1 14232 14301 14302 AND
2 1 14231 14302 14303 AND
2 1 14220 14212 14304 XOR
2 1 14303 14304 14305 AND
2 1 14221 14305 14306 AND
2 1 14210 14202 14307 XOR
2 1 14306 14307 14308 AND
2 1 14211 14308 14309 AND
2 1 14201 14309 14310 AND
2 1 14200 14310 14311 AND
2 1 14190 14311 14312 AND
2 1 14189 14312 14313 AND
2 1 14179 14313 14314 AND
2 1 14178 14314 14315 AND
2 1 14168 14315 14316 AND
2 1 14167 14316 14317 AND
2 1 14157 14317 14318 AND
2 1 14156 14318 14319 AND
2 1 14146 14319 14320 AND
2 1 14145 14320 14321 AND
2 1 14135 14321 14322 AND
2 1 14134 14322 14323 AND
2 1 14124 14323 14324 AND
2 1 14123 14324 14325 AND
2 1 14113 14325 14326 AND
2 1 14112 14326 14327 AND
2 1 14102 14327 14328 AND
2 1 14101 14328 14329 AND
2 1 5157 10222 14330 AND
2 1 4681 10224 14331 AND
2 1 5096 10221 14332 AND
2 1 14331 14332 14333 AND
2 1 14330 14333 14334 AND
2 1 4683 11597 14335 AND
2 1 14334 14335 14336 AND
2 1 14336 20 14337 XOR
2 1 14329 14337 14338 AND
2 1 13998 13990 14091 XOR
2 1 14329 14337 14339 AND
2 1 14091 14339 14340 AND
2 1 14338 14340 14341 AND
2 1 14090 14341 14342 AND
2 1 14341 14090 14343 XOR
2 1 5731 10215 14344 AND
2 1 5273 10217 14345 AND
2 1 5494 10103 14346 AND
2 1 14345 14346 14347 AND
2 1 14344 14347 14348 AND
2 1 5275 11263 14349 AND
2 1 14348 14349 14350 AND
2 1 14350 17 14351 XOR
2 1 14343 14351 14352 AND
2 1 14342 14352 14353 AND
2 1 14088 14353 14354 AND
2 1 14353 14088 14355 XOR
2 1 6414 11082 14356 AND
2 1 5848 10520 14357 AND
2 1 6312 11060 14358 AND
2 1 14357 14358 14359 AND
2 1 14356 14359 14360 AND
2 1 5845 11141 14361 AND
2 1 14360 14361 14362 AND
2 1 14362 14 14363 XOR
2 1 14355 14363 14364 AND
2 1 14354 14364 14365 AND
2 1 14086 14365 14366 AND
2 1 14083 14366 14367 AND
2 1 7018 11180 14368 AND
2 1 6543 11154 14369 AND
2 1 6777 11178 14370 AND
2 1 14369 14370 14371 AND
2 1 14368 14371 14372 AND
2 1 6545 11431 14373 AND
2 1 14372 14373 14374 AND
2 1 14374 11 14375 XOR
2 1 14367 14375 14376 AND
2 1 14036 14028 14071 XOR
2 1 14071 13773 14072 XOR
2 1 14367 14375 14377 AND
2 1 14072 14377 14378 AND
2 1 14376 14378 14379 AND
2 1 7618 7937 11951 AND
2 1 11014 11951 14380 AND
2 1 7313 11441 14381 AND
2 1 14380 14381 14382 AND
2 1 7315 11449 14383 AND
2 1 14382 14383 14384 AND
2 1 14384 8 14385 XOR
2 1 14379 14385 14386 AND
2 1 14063 13772 14387 XOR
2 1 14385 14379 14388 XOR
2 1 14387 14388 14389 AND
2 1 14386 14389 14390 AND
2 1 14066 14062 14391 XOR
2 1 14390 14391 14392 AND
2 1 14388 14387 14393 XOR
2 1 14365 14086 14396 XOR
2 1 7018 11178 14397 AND
2 1 6543 11080 14398 AND
2 1 6777 11154 14399 AND
2 1 14398 14399 14400 AND
2 1 14397 14400 14401 AND
2 1 6545 11464 14402 AND
2 1 14401 14402 14403 AND
2 1 14403 11 14404 XOR
2 1 14396 14404 14405 AND
2 1 14404 14365 14406 XOR
2 1 14406 14086 14407 XOR
2 1 14351 14343 14409 XOR
2 1 14337 14329 14410 XOR
2 1 14410 14091 14411 XOR
2 1 14327 14102 14412 XOR
2 1 5157 10221 14413 AND
2 1 4681 10226 14414 AND
2 1 5096 10224 14415 AND
2 1 14414 14415 14416 AND
2 1 14413 14416 14417 AND
2 1 4683 11650 14418 AND
2 1 14417 14418 14419 AND
2 1 14419 20 14420 XOR
2 1 14412 14420 14421 AND
2 1 14325 14113 14422 XOR
2 1 5157 10224 14423 AND
2 1 4681 10228 14424 AND
2 1 5096 10226 14425 AND
2 1 14424 14425 14426 AND
2 1 14423 14426 14427 AND
2 1 4683 11810 14428 AND
2 1 14427 14428 14429 AND
2 1 14429 20 14430 XOR
2 1 14422 14430 14431 AND
2 1 14323 14124 14432 XOR
2 1 5157 10226 14433 AND
2 1 4681 10230 14434 AND
2 1 5096 10228 14435 AND
2 1 14434 14435 14436 AND
2 1 14433 14436 14437 AND
2 1 4683 11819 14438 AND
2 1 14437 14438 14439 AND
2 1 14439 20 14440 XOR
2 1 14432 14440 14441 AND
2 1 14321 14135 14442 XOR
2 1 5157 10228 14443 AND
2 1 4681 10232 14444 AND
2 1 5096 10230 14445 AND
2 1 14444 14445 14446 AND
2 1 14443 14446 14447 AND
2 1 4683 12124 14448 AND
2 1 14447 14448 14449 AND
2 1 14449 20 14450 XOR
2 1 14442 14450 14451 AND
2 1 14319 14146 14452 XOR
2 1 5157 10230 14453 AND
2 1 4681 10234 14454 AND
2 1 5096 10232 14455 AND
2 1 14454 14455 14456 AND
2 1 14453 14456 14457 AND
2 1 4683 11964 14458 AND
2 1 14457 14458 14459 AND
2 1 14459 20 14460 XOR
2 1 14452 14460 14461 AND
2 1 14317 14157 14462 XOR
2 1 5157 10232 14463 AND
2 1 4681 10236 14464 AND
2 1 5096 10234 14465 AND
2 1 14464 14465 14466 AND
2 1 14463 14466 14467 AND
2 1 4683 12235 14468 AND
2 1 14467 14468 14469 AND
2 1 14469 20 14470 XOR
2 1 14462 14470 14471 AND
2 1 14315 14168 14472 XOR
2 1 5157 10234 14473 AND
2 1 4681 10238 14474 AND
2 1 5096 10236 14475 AND
2 1 14474 14475 14476 AND
2 1 14473 14476 14477 AND
2 1 4683 12427 14478 AND
2 1 14477 14478 14479 AND
2 1 14479 20 14480 XOR
2 1 14472 14480 14481 AND
2 1 14313 14179 14482 XOR
2 1 5157 10236 14483 AND
2 1 4681 10240 14484 AND
2 1 5096 10238 14485 AND
2 1 14484 14485 14486 AND
2 1 14483 14486 14487 AND
2 1 4683 12315 14488 AND
2 1 14487 14488 14489 AND
2 1 14489 20 14490 XOR
2 1 14482 14490 14491 AND
2 1 14311 14190 14492 XOR
2 1 5157 10238 14493 AND
2 1 4681 10242 14494 AND
2 1 5096 10240 14495 AND
2 1 14494 14495 14496 AND
2 1 14493 14496 14497 AND
2 1 4683 12540 14498 AND
2 1 14497 14498 14499 AND
2 1 14499 20 14500 XOR
2 1 14492 14500 14501 AND
2 1 14309 14201 14502 XOR
2 1 5157 10240 14503 AND
2 1 4681 10244 14504 AND
2 1 5096 10242 14505 AND
2 1 14504 14505 14506 AND
2 1 14503 14506 14507 AND
2 1 4683 12764 14508 AND
2 1 14507 14508 14509 AND
2 1 14509 20 14510 XOR
2 1 14502 14510 14511 AND
2 1 5157 10242 14512 AND
2 1 4681 10246 14513 AND
2 1 5096 10244 14514 AND
2 1 14513 14514 14515 AND
2 1 14512 14515 14516 AND
2 1 4683 12779 14517 AND
2 1 14516 14517 14518 AND
2 1 14518 20 14519 XOR
2 1 14307 14306 14520 XOR
2 1 14519 14520 14521 AND
2 1 14520 14519 14522 XOR
2 1 5157 10244 14523 AND
2 1 4681 10248 14524 AND
2 1 5096 10246 14525 AND
2 1 14524 14525 14526 AND
2 1 14523 14526 14527 AND
2 1 4683 12522 14528 AND
2 1 14527 14528 14529 AND
2 1 14529 20 14530 XOR
2 1 14304 14303 14531 XOR
2 1 14530 14531 14532 AND
2 1 14531 14530 14533 XOR
2 1 14301 14232 14534 XOR
2 1 5157 10246 14535 AND
2 1 4681 10250 14536 AND
2 1 5096 10248 14537 AND
2 1 14536 14537 14538 AND
2 1 14535 14538 14539 AND
2 1 4683 12813 14540 AND
2 1 14539 14540 14541 AND
2 1 14541 20 14542 XOR
2 1 14534 14542 14543 AND
2 1 14299 14298 14544 XOR
2 1 5157 10248 14545 AND
2 1 4681 10252 14546 AND
2 1 5096 10250 14547 AND
2 1 14546 14547 14548 AND
2 1 14545 14548 14549 AND
2 1 4683 12838 14550 AND
2 1 14549 14550 14551 AND
2 1 14551 20 14552 XOR
2 1 14544 14552 14553 AND
2 1 14296 14253 14554 XOR
2 1 5157 10250 14555 AND
2 1 4681 10254 14556 AND
2 1 5096 10252 14557 AND
2 1 14556 14557 14558 AND
2 1 14555 14558 14559 AND
2 1 4683 12861 14560 AND
2 1 14559 14560 14561 AND
2 1 14561 20 14562 XOR
2 1 14554 14562 14563 AND
2 1 5157 10252 14564 AND
2 1 4681 10256 14565 AND
2 1 5096 10254 14566 AND
2 1 14565 14566 14567 AND
2 1 14564 14567 14568 AND
2 1 4683 12891 14569 AND
2 1 14568 14569 14570 AND
2 1 14570 20 14571 XOR
2 1 14294 14293 14572 XOR
2 1 14571 14572 14573 AND
2 1 14572 14571 14574 XOR
2 1 14291 14283 14575 XOR
2 1 5157 10254 14576 AND
2 1 4681 10261 14577 AND
2 1 5096 10256 14578 AND
2 1 14577 14578 14579 AND
2 1 14576 14579 14580 AND
2 1 4683 12947 14581 AND
2 1 14580 14581 14582 AND
2 1 14582 20 14583 XOR
2 1 14575 14583 14584 AND
2 1 5157 10256 14585 AND
2 1 4681 10263 14586 AND
2 1 5096 10261 14587 AND
2 1 14586 14587 14588 AND
2 1 14585 14588 14589 AND
2 1 4683 12983 14590 AND
2 1 14589 14590 14591 AND
2 1 14591 20 14592 XOR
2 1 14280 14272 14593 XOR
2 1 14592 14593 14594 AND
2 1 14593 14592 14595 XOR
2 1 14271 14269 14596 XOR
2 1 5157 10261 14597 AND
2 1 4681 10267 14598 AND
2 1 5096 10263 14599 AND
2 1 14598 14599 14600 AND
2 1 14597 14600 14601 AND
2 1 4683 13026 14602 AND
2 1 14601 14602 14603 AND
2 1 14603 20 14604 XOR
2 1 14596 14604 14605 AND
2 1 5096 10272 14606 AND
2 1 5157 10268 14607 AND
2 1 14606 14607 14608 AND
2 1 4683 13122 14609 AND
2 1 14608 14609 14610 AND
2 1 14610 20 14611 XOR
2 1 4679 10272 14612 AND
2 1 20 14612 14613 AND
2 1 14611 14613 14614 AND
2 1 5157 10267 14615 AND
2 1 4681 10272 14616 AND
2 1 5096 10268 14617 AND
2 1 14616 14617 14618 AND
2 1 14615 14618 14619 AND
2 1 4683 13129 14620 AND
2 1 14619 14620 14621 AND
2 1 14621 20 14622 XOR
2 1 14614 14622 14623 AND
2 1 14270 14623 14624 AND
2 1 14623 14270 14625 XOR
2 1 5157 10263 14626 AND
2 1 4681 10268 14627 AND
2 1 5096 10267 14628 AND
2 1 14627 14628 14629 AND
2 1 14626 14629 14630 AND
2 1 4683 13052 14631 AND
2 1 14630 14631 14632 AND
2 1 14632 20 14633 XOR
2 1 14625 14633 14634 AND
2 1 14624 14634 14635 AND
2 1 14604 14596 14636 XOR
2 1 14635 14636 14637 AND
2 1 14605 14637 14638 AND
2 1 14595 14638 14639 AND
2 1 14594 14639 14640 AND
2 1 14583 14575 14641 XOR
2 1 14640 14641 14642 AND
2 1 14584 14642 14643 AND
2 1 14574 14643 14644 AND
2 1 14573 14644 14645 AND
2 1 14562 14554 14646 XOR
2 1 14645 14646 14647 AND
2 1 14563 14647 14648 AND
2 1 14552 14544 14649 XOR
2 1 14648 14649 14650 AND
2 1 14553 14650 14651 AND
2 1 14542 14534 14652 XOR
2 1 14651 14652 14653 AND
2 1 14543 14653 14654 AND
2 1 14533 14654 14655 AND
2 1 14532 14655 14656 AND
2 1 14522 14656 14657 AND
2 1 14521 14657 14658 AND
2 1 14510 14502 14659 XOR
2 1 14658 14659 14660 AND
2 1 14511 14660 14661 AND
2 1 14500 14492 14662 XOR
2 1 14661 14662 14663 AND
2 1 14501 14663 14664 AND
2 1 14490 14482 14665 XOR
2 1 14664 14665 14666 AND
2 1 14491 14666 14667 AND
2 1 14480 14472 14668 XOR
2 1 14667 14668 14669 AND
2 1 14481 14669 14670 AND
2 1 14470 14462 14671 XOR
2 1 14670 14671 14672 AND
2 1 14471 14672 14673 AND
2 1 14460 14452 14674 XOR
2 1 14673 14674 14675 AND
2 1 14461 14675 14676 AND
2 1 14450 14442 14677 XOR
2 1 14676 14677 14678 AND
2 1 14451 14678 14679 AND
2 1 14440 14432 14680 XOR
2 1 14679 14680 14681 AND
2 1 14441 14681 14682 AND
2 1 14430 14422 14683 XOR
2 1 14682 14683 14684 AND
2 1 14431 14684 14685 AND
2 1 14420 14412 14686 XOR
2 1 14685 14686 14687 AND
2 1 14421 14687 14688 AND
2 1 14411 14688 14689 AND
2 1 14688 14410 14690 XOR
2 1 14690 14091 14691 XOR
2 1 5731 10103 14692 AND
2 1 5273 10219 14693 AND
2 1 5494 10217 14694 AND
2 1 14693 14694 14695 AND
2 1 14692 14695 14696 AND
2 1 5275 11272 14697 AND
2 1 14696 14697 14698 AND
2 1 14698 17 14699 XOR
2 1 14691 14699 14700 AND
2 1 14689 14700 14701 AND
2 1 14409 14701 14702 AND
2 1 14701 14351 14703 XOR
2 1 14703 14343 14704 XOR
2 1 6414 11060 14705 AND
2 1 5848 10420 14706 AND
2 1 6312 10520 14707 AND
2 1 14706 14707 14708 AND
2 1 14705 14708 14709 AND
2 1 5845 11071 14710 AND
2 1 14709 14710 14711 AND
2 1 14711 14 14712 XOR
2 1 14704 14712 14713 AND
2 1 14702 14713 14714 AND
2 1 7018 11154 14715 AND
2 1 6543 11086 14716 AND
2 1 6777 11080 14717 AND
2 1 14716 14717 14718 AND
2 1 14715 14718 14719 AND
2 1 6545 11167 14720 AND
2 1 14719 14720 14721 AND
2 1 14721 11 14722 XOR
2 1 14714 14722 14723 AND
2 1 14363 14355 14408 XOR
2 1 14714 14722 14724 AND
2 1 14408 14724 14725 AND
2 1 14723 14725 14726 AND
2 1 14407 14726 14727 AND
2 1 14405 14727 14728 AND
2 1 7618 11441 14731 AND
2 1 7937 11014 14729 AND
2 1 7313 11176 14730 AND
2 1 14729 14730 14732 AND
2 1 14731 14732 14733 AND
2 1 7315 11500 14734 AND
2 1 14733 14734 14735 AND
2 1 14735 8 14736 XOR
2 1 14728 14736 14737 AND
2 1 14375 14367 14394 XOR
2 1 14394 14072 14395 XOR
2 1 14728 14736 14738 AND
2 1 14395 14738 14739 AND
2 1 14737 14739 14740 AND
2 1 14393 14740 14741 AND
2 1 14740 14393 14742 XOR
2 1 14736 14728 14743 XOR
2 1 14743 14395 14744 XOR
2 1 5731 10217 14749 AND
2 1 5273 10222 14750 AND
2 1 5494 10219 14751 AND
2 1 14750 14751 14752 AND
2 1 14749 14752 14753 AND
2 1 5275 11511 14754 AND
2 1 14753 14754 14755 AND
2 1 14755 17 14756 XOR
2 1 14686 14685 14757 XOR
2 1 14756 14757 14758 AND
2 1 14757 14756 14759 XOR
2 1 5731 10219 14760 AND
2 1 5273 10221 14761 AND
2 1 5494 10222 14762 AND
2 1 14761 14762 14763 AND
2 1 14760 14763 14764 AND
2 1 5275 11381 14765 AND
2 1 14764 14765 14766 AND
2 1 14766 17 14767 XOR
2 1 14683 14682 14768 XOR
2 1 14767 14768 14769 AND
2 1 14768 14767 14770 XOR
2 1 5731 10222 14771 AND
2 1 5273 10224 14772 AND
2 1 5494 10221 14773 AND
2 1 14772 14773 14774 AND
2 1 14771 14774 14775 AND
2 1 5275 11597 14776 AND
2 1 14775 14776 14777 AND
2 1 14777 17 14778 XOR
2 1 14680 14679 14779 XOR
2 1 14778 14779 14780 AND
2 1 14779 14778 14781 XOR
2 1 5731 10221 14782 AND
2 1 5273 10226 14783 AND
2 1 5494 10224 14784 AND
2 1 14783 14784 14785 AND
2 1 14782 14785 14786 AND
2 1 5275 11650 14787 AND
2 1 14786 14787 14788 AND
2 1 14788 17 14789 XOR
2 1 14677 14676 14790 XOR
2 1 14789 14790 14791 AND
2 1 14790 14789 14792 XOR
2 1 5731 10224 14793 AND
2 1 5273 10228 14794 AND
2 1 5494 10226 14795 AND
2 1 14794 14795 14796 AND
2 1 14793 14796 14797 AND
2 1 5275 11810 14798 AND
2 1 14797 14798 14799 AND
2 1 14799 17 14800 XOR
2 1 14674 14673 14801 XOR
2 1 14800 14801 14802 AND
2 1 14801 14800 14803 XOR
2 1 5731 10226 14804 AND
2 1 5273 10230 14805 AND
2 1 5494 10228 14806 AND
2 1 14805 14806 14807 AND
2 1 14804 14807 14808 AND
2 1 5275 11819 14809 AND
2 1 14808 14809 14810 AND
2 1 14810 17 14811 XOR
2 1 14671 14670 14812 XOR
2 1 14811 14812 14813 AND
2 1 14812 14811 14814 XOR
2 1 5731 10228 14815 AND
2 1 5273 10232 14816 AND
2 1 5494 10230 14817 AND
2 1 14816 14817 14818 AND
2 1 14815 14818 14819 AND
2 1 5275 12124 14820 AND
2 1 14819 14820 14821 AND
2 1 14821 17 14822 XOR
2 1 14668 14667 14823 XOR
2 1 14822 14823 14824 AND
2 1 14823 14822 14825 XOR
2 1 5731 10230 14826 AND
2 1 5273 10234 14827 AND
2 1 5494 10232 14828 AND
2 1 14827 14828 14829 AND
2 1 14826 14829 14830 AND
2 1 5275 11964 14831 AND
2 1 14830 14831 14832 AND
2 1 14832 17 14833 XOR
2 1 14665 14664 14834 XOR
2 1 14833 14834 14835 AND
2 1 14834 14833 14836 XOR
2 1 5731 10232 14837 AND
2 1 5273 10236 14838 AND
2 1 5494 10234 14839 AND
2 1 14838 14839 14840 AND
2 1 14837 14840 14841 AND
2 1 5275 12235 14842 AND
2 1 14841 14842 14843 AND
2 1 14843 17 14844 XOR
2 1 14662 14661 14845 XOR
2 1 14844 14845 14846 AND
2 1 14845 14844 14847 XOR
2 1 5731 10234 14848 AND
2 1 5273 10238 14849 AND
2 1 5494 10236 14850 AND
2 1 14849 14850 14851 AND
2 1 14848 14851 14852 AND
2 1 5275 12427 14853 AND
2 1 14852 14853 14854 AND
2 1 14854 17 14855 XOR
2 1 14659 14658 14856 XOR
2 1 14855 14856 14857 AND
2 1 14856 14855 14858 XOR
2 1 14656 14522 14859 XOR
2 1 5731 10236 14860 AND
2 1 5273 10240 14861 AND
2 1 5494 10238 14862 AND
2 1 14861 14862 14863 AND
2 1 14860 14863 14864 AND
2 1 5275 12315 14865 AND
2 1 14864 14865 14866 AND
2 1 14866 17 14867 XOR
2 1 14859 14867 14868 AND
2 1 14654 14533 14869 XOR
2 1 5731 10238 14870 AND
2 1 5273 10242 14871 AND
2 1 5494 10240 14872 AND
2 1 14871 14872 14873 AND
2 1 14870 14873 14874 AND
2 1 5275 12540 14875 AND
2 1 14874 14875 14876 AND
2 1 14876 17 14877 XOR
2 1 14869 14877 14878 AND
2 1 5731 10240 14879 AND
2 1 5273 10244 14880 AND
2 1 5494 10242 14881 AND
2 1 14880 14881 14882 AND
2 1 14879 14882 14883 AND
2 1 5275 12764 14884 AND
2 1 14883 14884 14885 AND
2 1 14885 17 14886 XOR
2 1 14652 14651 14887 XOR
2 1 14886 14887 14888 AND
2 1 14887 14886 14889 XOR
2 1 5731 10242 14890 AND
2 1 5273 10246 14891 AND
2 1 5494 10244 14892 AND
2 1 14891 14892 14893 AND
2 1 14890 14893 14894 AND
2 1 5275 12779 14895 AND
2 1 14894 14895 14896 AND
2 1 14896 17 14897 XOR
2 1 14649 14648 14898 XOR
2 1 14897 14898 14899 AND
2 1 14898 14897 14900 XOR
2 1 5731 10244 14901 AND
2 1 5273 10248 14902 AND
2 1 5494 10246 14903 AND
2 1 14902 14903 14904 AND
2 1 14901 14904 14905 AND
2 1 5275 12522 14906 AND
2 1 14905 14906 14907 AND
2 1 14907 17 14908 XOR
2 1 14646 14645 14909 XOR
2 1 14908 14909 14910 AND
2 1 14909 14908 14911 XOR
2 1 14643 14574 14912 XOR
2 1 5731 10246 14913 AND
2 1 5273 10250 14914 AND
2 1 5494 10248 14915 AND
2 1 14914 14915 14916 AND
2 1 14913 14916 14917 AND
2 1 5275 12813 14918 AND
2 1 14917 14918 14919 AND
2 1 14919 17 14920 XOR
2 1 14912 14920 14921 AND
2 1 14641 14640 14922 XOR
2 1 5731 10248 14923 AND
2 1 5273 10252 14924 AND
2 1 5494 10250 14925 AND
2 1 14924 14925 14926 AND
2 1 14923 14926 14927 AND
2 1 5275 12838 14928 AND
2 1 14927 14928 14929 AND
2 1 14929 17 14930 XOR
2 1 14922 14930 14931 AND
2 1 14638 14595 14932 XOR
2 1 5731 10250 14933 AND
2 1 5273 10254 14934 AND
2 1 5494 10252 14935 AND
2 1 14934 14935 14936 AND
2 1 14933 14936 14937 AND
2 1 5275 12861 14938 AND
2 1 14937 14938 14939 AND
2 1 14939 17 14940 XOR
2 1 14932 14940 14941 AND
2 1 5731 10252 14942 AND
2 1 5273 10256 14943 AND
2 1 5494 10254 14944 AND
2 1 14943 14944 14945 AND
2 1 14942 14945 14946 AND
2 1 5275 12891 14947 AND
2 1 14946 14947 14948 AND
2 1 14948 17 14949 XOR
2 1 14636 14635 14950 XOR
2 1 14949 14950 14951 AND
2 1 14950 14949 14952 XOR
2 1 14633 14625 14953 XOR
2 1 5731 10254 14954 AND
2 1 5273 10261 14955 AND
2 1 5494 10256 14956 AND
2 1 14955 14956 14957 AND
2 1 14954 14957 14958 AND
2 1 5275 12947 14959 AND
2 1 14958 14959 14960 AND
2 1 14960 17 14961 XOR
2 1 14953 14961 14962 AND
2 1 5731 10256 14963 AND
2 1 5273 10263 14964 AND
2 1 5494 10261 14965 AND
2 1 14964 14965 14966 AND
2 1 14963 14966 14967 AND
2 1 5275 12983 14968 AND
2 1 14967 14968 14969 AND
2 1 14969 17 14970 XOR
2 1 14622 14614 14971 XOR
2 1 14970 14971 14972 AND
2 1 14971 14970 14973 XOR
2 1 14613 14611 14974 XOR
2 1 5731 10261 14975 AND
2 1 5273 10267 14976 AND
2 1 5494 10263 14977 AND
2 1 14976 14977 14978 AND
2 1 14975 14978 14979 AND
2 1 5275 13026 14980 AND
2 1 14979 14980 14981 AND
2 1 14981 17 14982 XOR
2 1 14974 14982 14983 AND
2 1 5494 10272 14984 AND
2 1 5731 10268 14985 AND
2 1 14984 14985 14986 AND
2 1 5275 13122 14987 AND
2 1 14986 14987 14988 AND
2 1 14988 17 14989 XOR
2 1 5270 10272 14990 AND
2 1 17 14990 14991 AND
2 1 14989 14991 14992 AND
2 1 5731 10267 14993 AND
2 1 5273 10272 14994 AND
2 1 5494 10268 14995 AND
2 1 14994 14995 14996 AND
2 1 14993 14996 14997 AND
2 1 5275 13129 14998 AND
2 1 14997 14998 14999 AND
2 1 14999 17 15000 XOR
2 1 14992 15000 15001 AND
2 1 14612 15001 15002 AND
2 1 15001 14612 15003 XOR
2 1 5731 10263 15004 AND
2 1 5273 10268 15005 AND
2 1 5494 10267 15006 AND
2 1 15005 15006 15007 AND
2 1 15004 15007 15008 AND
2 1 5275 13052 15009 AND
2 1 15008 15009 15010 AND
2 1 15010 17 15011 XOR
2 1 15003 15011 15012 AND
2 1 15002 15012 15013 AND
2 1 14982 14974 15014 XOR
2 1 15013 15014 15015 AND
2 1 14983 15015 15016 AND
2 1 14973 15016 15017 AND
2 1 14972 15017 15018 AND
2 1 14961 14953 15019 XOR
2 1 15018 15019 15020 AND
2 1 14962 15020 15021 AND
2 1 14952 15021 15022 AND
2 1 14951 15022 15023 AND
2 1 14940 14932 15024 XOR
2 1 15023 15024 15025 AND
2 1 14941 15025 15026 AND
2 1 14930 14922 15027 XOR
2 1 15026 15027 15028 AND
2 1 14931 15028 15029 AND
2 1 14920 14912 15030 XOR
2 1 15029 15030 15031 AND
2 1 14921 15031 15032 AND
2 1 14911 15032 15033 AND
2 1 14910 15033 15034 AND
2 1 14900 15034 15035 AND
2 1 14899 15035 15036 AND
2 1 14889 15036 15037 AND
2 1 14888 15037 15038 AND
2 1 14877 14869 15039 XOR
2 1 15038 15039 15040 AND
2 1 14878 15040 15041 AND
2 1 14867 14859 15042 XOR
2 1 15041 15042 15043 AND
2 1 14868 15043 15044 AND
2 1 14858 15044 15045 AND
2 1 14857 15045 15046 AND
2 1 14847 15046 15047 AND
2 1 14846 15047 15048 AND
2 1 14836 15048 15049 AND
2 1 14835 15049 15050 AND
2 1 14825 15050 15051 AND
2 1 14824 15051 15052 AND
2 1 14814 15052 15053 AND
2 1 14813 15053 15054 AND
2 1 14803 15054 15055 AND
2 1 14802 15055 15056 AND
2 1 14792 15056 15057 AND
2 1 14791 15057 15058 AND
2 1 14781 15058 15059 AND
2 1 14780 15059 15060 AND
2 1 14770 15060 15061 AND
2 1 14769 15061 15062 AND
2 1 14759 15062 15063 AND
2 1 14758 15063 15064 AND
2 1 6414 10520 15065 AND
2 1 5848 10215 15066 AND
2 1 6312 10420 15067 AND
2 1 15066 15067 15068 AND
2 1 15065 15068 15069 AND
2 1 5845 10524 15070 AND
2 1 15069 15070 15071 AND
2 1 15071 14 15072 XOR
2 1 15064 15072 15073 AND
2 1 14699 14691 14748 XOR
2 1 15064 15072 15074 AND
2 1 14748 15074 15075 AND
2 1 15073 15075 15076 AND
2 1 7018 11080 15077 AND
2 1 6543 11082 15078 AND
2 1 6777 11086 15079 AND
2 1 15078 15079 15080 AND
2 1 15077 15080 15081 AND
2 1 6545 11102 15082 AND
2 1 15081 15082 15083 AND
2 1 15083 11 15084 XOR
2 1 15076 15084 15085 AND
2 1 14712 14704 14747 XOR
2 1 15076 15084 15086 AND
2 1 14747 15086 15087 AND
2 1 15085 15087 15088 AND
2 1 7937 11176 15089 AND
2 1 7313 11178 15090 AND
2 1 7618 11180 15091 AND
2 1 15090 15091 15092 AND
2 1 15089 15092 15093 AND
2 1 7315 11196 15094 AND
2 1 15093 15094 15095 AND
2 1 15095 8 15096 XOR
2 1 15088 15096 15097 AND
2 1 14722 14714 14745 XOR
2 1 14745 14408 14746 XOR
2 1 15088 15096 15098 AND
2 1 14746 15098 15099 AND
2 1 15097 15099 15100 AND
2 1 7937 11441 15101 AND
2 1 7313 11180 15102 AND
2 1 7618 11176 15103 AND
2 1 15102 15103 15104 AND
2 1 15101 15104 15105 AND
2 1 7315 11574 15106 AND
2 1 15105 15106 15107 AND
2 1 15107 8 15108 XOR
2 1 15100 15108 15109 AND
2 1 15108 15100 15110 XOR
2 1 14726 14407 15111 XOR
2 1 15110 15111 15112 AND
2 1 15109 15112 15113 AND
2 1 14744 15113 15114 AND
2 1 15113 14744 15115 XOR
2 1 15062 14759 15120 XOR
2 1 6414 10420 15121 AND
2 1 5848 10103 15122 AND
2 1 6312 10215 15123 AND
2 1 15122 15123 15124 AND
2 1 15121 15124 15125 AND
2 1 5845 10625 15126 AND
2 1 15125 15126 15127 AND
2 1 15127 14 15128 XOR
2 1 15120 15128 15129 AND
2 1 15060 14770 15130 XOR
2 1 6414 10215 15131 AND
2 1 5848 10217 15132 AND
2 1 6312 10103 15133 AND
2 1 15132 15133 15134 AND
2 1 15131 15134 15135 AND
2 1 5845 11263 15136 AND
2 1 15135 15136 15137 AND
2 1 15137 14 15138 XOR
2 1 15130 15138 15139 AND
2 1 15058 14781 15140 XOR
2 1 6414 10103 15141 AND
2 1 5848 10219 15142 AND
2 1 6312 10217 15143 AND
2 1 15142 15143 15144 AND
2 1 15141 15144 15145 AND
2 1 5845 11272 15146 AND
2 1 15145 15146 15147 AND
2 1 15147 14 15148 XOR
2 1 15140 15148 15149 AND
2 1 15056 14792 15150 XOR
2 1 6414 10217 15151 AND
2 1 5848 10222 15152 AND
2 1 6312 10219 15153 AND
2 1 15152 15153 15154 AND
2 1 15151 15154 15155 AND
2 1 5845 11511 15156 AND
2 1 15155 15156 15157 AND
2 1 15157 14 15158 XOR
2 1 15150 15158 15159 AND
2 1 15054 14803 15160 XOR
2 1 6414 10219 15161 AND
2 1 5848 10221 15162 AND
2 1 6312 10222 15163 AND
2 1 15162 15163 15164 AND
2 1 15161 15164 15165 AND
2 1 5845 11381 15166 AND
2 1 15165 15166 15167 AND
2 1 15167 14 15168 XOR
2 1 15160 15168 15169 AND
2 1 15052 14814 15170 XOR
2 1 6414 10222 15171 AND
2 1 5848 10224 15172 AND
2 1 6312 10221 15173 AND
2 1 15172 15173 15174 AND
2 1 15171 15174 15175 AND
2 1 5845 11597 15176 AND
2 1 15175 15176 15177 AND
2 1 15177 14 15178 XOR
2 1 15170 15178 15179 AND
2 1 15050 14825 15180 XOR
2 1 6414 10221 15181 AND
2 1 5848 10226 15182 AND
2 1 6312 10224 15183 AND
2 1 15182 15183 15184 AND
2 1 15181 15184 15185 AND
2 1 5845 11650 15186 AND
2 1 15185 15186 15187 AND
2 1 15187 14 15188 XOR
2 1 15180 15188 15189 AND
2 1 15048 14836 15190 XOR
2 1 6414 10224 15191 AND
2 1 5848 10228 15192 AND
2 1 6312 10226 15193 AND
2 1 15192 15193 15194 AND
2 1 15191 15194 15195 AND
2 1 5845 11810 15196 AND
2 1 15195 15196 15197 AND
2 1 15197 14 15198 XOR
2 1 15190 15198 15199 AND
2 1 15046 14847 15200 XOR
2 1 6414 10226 15201 AND
2 1 5848 10230 15202 AND
2 1 6312 10228 15203 AND
2 1 15202 15203 15204 AND
2 1 15201 15204 15205 AND
2 1 5845 11819 15206 AND
2 1 15205 15206 15207 AND
2 1 15207 14 15208 XOR
2 1 15200 15208 15209 AND
2 1 15044 14858 15210 XOR
2 1 6414 10228 15211 AND
2 1 5848 10232 15212 AND
2 1 6312 10230 15213 AND
2 1 15212 15213 15214 AND
2 1 15211 15214 15215 AND
2 1 5845 12124 15216 AND
2 1 15215 15216 15217 AND
2 1 15217 14 15218 XOR
2 1 15210 15218 15219 AND
2 1 6414 10230 15220 AND
2 1 5848 10234 15221 AND
2 1 6312 10232 15222 AND
2 1 15221 15222 15223 AND
2 1 15220 15223 15224 AND
2 1 5845 11964 15225 AND
2 1 15224 15225 15226 AND
2 1 15226 14 15227 XOR
2 1 15042 15041 15228 XOR
2 1 15227 15228 15229 AND
2 1 15228 15227 15230 XOR
2 1 6414 10232 15231 AND
2 1 5848 10236 15232 AND
2 1 6312 10234 15233 AND
2 1 15232 15233 15234 AND
2 1 15231 15234 15235 AND
2 1 5845 12235 15236 AND
2 1 15235 15236 15237 AND
2 1 15237 14 15238 XOR
2 1 15039 15038 15239 XOR
2 1 15238 15239 15240 AND
2 1 15239 15238 15241 XOR
2 1 15036 14889 15242 XOR
2 1 6414 10234 15243 AND
2 1 5848 10238 15244 AND
2 1 6312 10236 15245 AND
2 1 15244 15245 15246 AND
2 1 15243 15246 15247 AND
2 1 5845 12427 15248 AND
2 1 15247 15248 15249 AND
2 1 15249 14 15250 XOR
2 1 15242 15250 15251 AND
2 1 15034 14900 15252 XOR
2 1 6414 10236 15253 AND
2 1 5848 10240 15254 AND
2 1 6312 10238 15255 AND
2 1 15254 15255 15256 AND
2 1 15253 15256 15257 AND
2 1 5845 12315 15258 AND
2 1 15257 15258 15259 AND
2 1 15259 14 15260 XOR
2 1 15252 15260 15261 AND
2 1 15032 14911 15262 XOR
2 1 6414 10238 15263 AND
2 1 5848 10242 15264 AND
2 1 6312 10240 15265 AND
2 1 15264 15265 15266 AND
2 1 15263 15266 15267 AND
2 1 5845 12540 15268 AND
2 1 15267 15268 15269 AND
2 1 15269 14 15270 XOR
2 1 15262 15270 15271 AND
2 1 6414 10240 15272 AND
2 1 5848 10244 15273 AND
2 1 6312 10242 15274 AND
2 1 15273 15274 15275 AND
2 1 15272 15275 15276 AND
2 1 5845 12764 15277 AND
2 1 15276 15277 15278 AND
2 1 15278 14 15279 XOR
2 1 15030 15029 15280 XOR
2 1 15279 15280 15281 AND
2 1 15280 15279 15282 XOR
2 1 6414 10242 15283 AND
2 1 5848 10246 15284 AND
2 1 6312 10244 15285 AND
2 1 15284 15285 15286 AND
2 1 15283 15286 15287 AND
2 1 5845 12779 15288 AND
2 1 15287 15288 15289 AND
2 1 15289 14 15290 XOR
2 1 15027 15026 15291 XOR
2 1 15290 15291 15292 AND
2 1 15291 15290 15293 XOR
2 1 6414 10244 15294 AND
2 1 5848 10248 15295 AND
2 1 6312 10246 15296 AND
2 1 15295 15296 15297 AND
2 1 15294 15297 15298 AND
2 1 5845 12522 15299 AND
2 1 15298 15299 15300 AND
2 1 15300 14 15301 XOR
2 1 15024 15023 15302 XOR
2 1 15301 15302 15303 AND
2 1 15302 15301 15304 XOR
2 1 15021 14952 15305 XOR
2 1 6414 10246 15306 AND
2 1 5848 10250 15307 AND
2 1 6312 10248 15308 AND
2 1 15307 15308 15309 AND
2 1 15306 15309 15310 AND
2 1 5845 12813 15311 AND
2 1 15310 15311 15312 AND
2 1 15312 14 15313 XOR
2 1 15305 15313 15314 AND
2 1 15019 15018 15315 XOR
2 1 6414 10248 15316 AND
2 1 5848 10252 15317 AND
2 1 6312 10250 15318 AND
2 1 15317 15318 15319 AND
2 1 15316 15319 15320 AND
2 1 5845 12838 15321 AND
2 1 15320 15321 15322 AND
2 1 15322 14 15323 XOR
2 1 15315 15323 15324 AND
2 1 15016 14973 15325 XOR
2 1 6414 10250 15326 AND
2 1 5848 10254 15327 AND
2 1 6312 10252 15328 AND
2 1 15327 15328 15329 AND
2 1 15326 15329 15330 AND
2 1 5845 12861 15331 AND
2 1 15330 15331 15332 AND
2 1 15332 14 15333 XOR
2 1 15325 15333 15334 AND
2 1 6414 10252 15335 AND
2 1 5848 10256 15336 AND
2 1 6312 10254 15337 AND
2 1 15336 15337 15338 AND
2 1 15335 15338 15339 AND
2 1 5845 12891 15340 AND
2 1 15339 15340 15341 AND
2 1 15341 14 15342 XOR
2 1 15014 15013 15343 XOR
2 1 15342 15343 15344 AND
2 1 15343 15342 15345 XOR
2 1 15011 15003 15346 XOR
2 1 6414 10254 15347 AND
2 1 5848 10261 15348 AND
2 1 6312 10256 15349 AND
2 1 15348 15349 15350 AND
2 1 15347 15350 15351 AND
2 1 5845 12947 15352 AND
2 1 15351 15352 15353 AND
2 1 15353 14 15354 XOR
2 1 15346 15354 15355 AND
2 1 6414 10256 15356 AND
2 1 5848 10263 15357 AND
2 1 6312 10261 15358 AND
2 1 15357 15358 15359 AND
2 1 15356 15359 15360 AND
2 1 5845 12983 15361 AND
2 1 15360 15361 15362 AND
2 1 15362 14 15363 XOR
2 1 15000 14992 15364 XOR
2 1 15363 15364 15365 AND
2 1 15364 15363 15366 XOR
2 1 14991 14989 15367 XOR
2 1 6414 10261 15368 AND
2 1 5848 10267 15369 AND
2 1 6312 10263 15370 AND
2 1 15369 15370 15371 AND
2 1 15368 15371 15372 AND
2 1 5845 13026 15373 AND
2 1 15372 15373 15374 AND
2 1 15374 14 15375 XOR
2 1 15367 15375 15376 AND
2 1 6312 10272 15377 AND
2 1 6414 10268 15378 AND
2 1 15377 15378 15379 AND
2 1 5845 13122 15380 AND
2 1 15379 15380 15381 AND
2 1 15381 14 15382 XOR
2 1 5843 10272 15383 AND
2 1 14 15383 15384 AND
2 1 15382 15384 15385 AND
2 1 6414 10267 15386 AND
2 1 5848 10272 15387 AND
2 1 6312 10268 15388 AND
2 1 15387 15388 15389 AND
2 1 15386 15389 15390 AND
2 1 5845 13129 15391 AND
2 1 15390 15391 15392 AND
2 1 15392 14 15393 XOR
2 1 15385 15393 15394 AND
2 1 14990 15394 15395 AND
2 1 15394 14990 15396 XOR
2 1 6414 10263 15397 AND
2 1 5848 10268 15398 AND
2 1 6312 10267 15399 AND
2 1 15398 15399 15400 AND
2 1 15397 15400 15401 AND
2 1 5845 13052 15402 AND
2 1 15401 15402 15403 AND
2 1 15403 14 15404 XOR
2 1 15396 15404 15405 AND
2 1 15395 15405 15406 AND
2 1 15375 15367 15407 XOR
2 1 15406 15407 15408 AND
2 1 15376 15408 15409 AND
2 1 15366 15409 15410 AND
2 1 15365 15410 15411 AND
2 1 15354 15346 15412 XOR
2 1 15411 15412 15413 AND
2 1 15355 15413 15414 AND
2 1 15345 15414 15415 AND
2 1 15344 15415 15416 AND
2 1 15333 15325 15417 XOR
2 1 15416 15417 15418 AND
2 1 15334 15418 15419 AND
2 1 15323 15315 15420 XOR
2 1 15419 15420 15421 AND
2 1 15324 15421 15422 AND
2 1 15313 15305 15423 XOR
2 1 15422 15423 15424 AND
2 1 15314 15424 15425 AND
2 1 15304 15425 15426 AND
2 1 15303 15426 15427 AND
2 1 15293 15427 15428 AND
2 1 15292 15428 15429 AND
2 1 15282 15429 15430 AND
2 1 15281 15430 15431 AND
2 1 15270 15262 15432 XOR
2 1 15431 15432 15433 AND
2 1 15271 15433 15434 AND
2 1 15260 15252 15435 XOR
2 1 15434 15435 15436 AND
2 1 15261 15436 15437 AND
2 1 15250 15242 15438 XOR
2 1 15437 15438 15439 AND
2 1 15251 15439 15440 AND
2 1 15241 15440 15441 AND
2 1 15240 15441 15442 AND
2 1 15230 15442 15443 AND
2 1 15229 15443 15444 AND
2 1 15218 15210 15445 XOR
2 1 15444 15445 15446 AND
2 1 15219 15446 15447 AND
2 1 15208 15200 15448 XOR
2 1 15447 15448 15449 AND
2 1 15209 15449 15450 AND
2 1 15198 15190 15451 XOR
2 1 15450 15451 15452 AND
2 1 15199 15452 15453 AND
2 1 15188 15180 15454 XOR
2 1 15453 15454 15455 AND
2 1 15189 15455 15456 AND
2 1 15178 15170 15457 XOR
2 1 15456 15457 15458 AND
2 1 15179 15458 15459 AND
2 1 15168 15160 15460 XOR
2 1 15459 15460 15461 AND
2 1 15169 15461 15462 AND
2 1 15158 15150 15463 XOR
2 1 15462 15463 15464 AND
2 1 15159 15464 15465 AND
2 1 15148 15140 15466 XOR
2 1 15465 15466 15467 AND
2 1 15149 15467 15468 AND
2 1 15138 15130 15469 XOR
2 1 15468 15469 15470 AND
2 1 15139 15470 15471 AND
2 1 15128 15120 15472 XOR
2 1 15471 15472 15473 AND
2 1 15129 15473 15474 AND
2 1 7018 11086 15475 AND
2 1 6543 11060 15476 AND
2 1 6777 11082 15477 AND
2 1 15476 15477 15478 AND
2 1 15475 15478 15479 AND
2 1 6545 11417 15480 AND
2 1 15479 15480 15481 AND
2 1 15481 11 15482 XOR
2 1 15474 15482 15483 AND
2 1 15072 15064 15118 XOR
2 1 15118 14748 15119 XOR
2 1 15474 15482 15484 AND
2 1 15119 15484 15485 AND
2 1 15483 15485 15486 AND
2 1 7937 11180 15487 AND
2 1 7313 11154 15488 AND
2 1 7618 11178 15489 AND
2 1 15488 15489 15490 AND
2 1 15487 15490 15491 AND
2 1 7315 11431 15492 AND
2 1 15491 15492 15493 AND
2 1 15493 8 15494 XOR
2 1 15486 15494 15495 AND
2 1 15084 15076 15116 XOR
2 1 15116 14747 15117 XOR
2 1 15486 15494 15496 AND
2 1 15117 15496 15497 AND
2 1 15495 15497 15498 AND
2 1 35 8691 12304 AND
2 1 11014 12304 15499 AND
2 1 8307 11441 15500 AND
2 1 15499 15500 15501 AND
2 1 8309 11449 15502 AND
2 1 15501 15502 15503 AND
2 1 15503 5 15504 XOR
2 1 15498 15504 15505 AND
2 1 15096 15088 15506 XOR
2 1 15506 14746 15507 XOR
2 1 15504 15498 15508 XOR
2 1 15507 15508 15509 AND
2 1 15505 15509 15510 AND
2 1 15111 15110 15511 XOR
2 1 15510 15511 15512 AND
2 1 15508 15507 15513 XOR
2 1 15494 15486 15514 XOR
2 1 15514 15117 15515 XOR
2 1 15482 15474 15516 XOR
2 1 15516 15119 15517 XOR
2 1 7018 11082 15518 AND
2 1 6543 10520 15519 AND
2 1 6777 11060 15520 AND
2 1 15519 15520 15521 AND
2 1 15518 15521 15522 AND
2 1 6545 11141 15523 AND
2 1 15522 15523 15524 AND
2 1 15524 11 15525 XOR
2 1 15472 15471 15526 XOR
2 1 15525 15526 15527 AND
2 1 15526 15525 15528 XOR
2 1 7018 11060 15529 AND
2 1 6543 10420 15530 AND
2 1 6777 10520 15531 AND
2 1 15530 15531 15532 AND
2 1 15529 15532 15533 AND
2 1 6545 11071 15534 AND
2 1 15533 15534 15535 AND
2 1 15535 11 15536 XOR
2 1 15469 15468 15537 XOR
2 1 15536 15537 15538 AND
2 1 15537 15536 15539 XOR
2 1 7018 10520 15540 AND
2 1 6543 10215 15541 AND
2 1 6777 10420 15542 AND
2 1 15541 15542 15543 AND
2 1 15540 15543 15544 AND
2 1 6545 10524 15545 AND
2 1 15544 15545 15546 AND
2 1 15546 11 15547 XOR
2 1 15466 15465 15548 XOR
2 1 15547 15548 15549 AND
2 1 15548 15547 15550 XOR
2 1 7018 10420 15551 AND
2 1 6543 10103 15552 AND
2 1 6777 10215 15553 AND
2 1 15552 15553 15554 AND
2 1 15551 15554 15555 AND
2 1 6545 10625 15556 AND
2 1 15555 15556 15557 AND
2 1 15557 11 15558 XOR
2 1 15463 15462 15559 XOR
2 1 15558 15559 15560 AND
2 1 15559 15558 15561 XOR
2 1 7018 10215 15562 AND
2 1 6543 10217 15563 AND
2 1 6777 10103 15564 AND
2 1 15563 15564 15565 AND
2 1 15562 15565 15566 AND
2 1 6545 11263 15567 AND
2 1 15566 15567 15568 AND
2 1 15568 11 15569 XOR
2 1 15460 15459 15570 XOR
2 1 15569 15570 15571 AND
2 1 15570 15569 15572 XOR
2 1 7018 10103 15573 AND
2 1 6543 10219 15574 AND
2 1 6777 10217 15575 AND
2 1 15574 15575 15576 AND
2 1 15573 15576 15577 AND
2 1 6545 11272 15578 AND
2 1 15577 15578 15579 AND
2 1 15579 11 15580 XOR
2 1 15457 15456 15581 XOR
2 1 15580 15581 15582 AND
2 1 15581 15580 15583 XOR
2 1 7018 10217 15584 AND
2 1 6543 10222 15585 AND
2 1 6777 10219 15586 AND
2 1 15585 15586 15587 AND
2 1 15584 15587 15588 AND
2 1 6545 11511 15589 AND
2 1 15588 15589 15590 AND
2 1 15590 11 15591 XOR
2 1 15454 15453 15592 XOR
2 1 15591 15592 15593 AND
2 1 15592 15591 15594 XOR
2 1 7018 10219 15595 AND
2 1 6543 10221 15596 AND
2 1 6777 10222 15597 AND
2 1 15596 15597 15598 AND
2 1 15595 15598 15599 AND
2 1 6545 11381 15600 AND
2 1 15599 15600 15601 AND
2 1 15601 11 15602 XOR
2 1 15451 15450 15603 XOR
2 1 15602 15603 15604 AND
2 1 15603 15602 15605 XOR
2 1 7018 10222 15606 AND
2 1 6543 10224 15607 AND
2 1 6777 10221 15608 AND
2 1 15607 15608 15609 AND
2 1 15606 15609 15610 AND
2 1 6545 11597 15611 AND
2 1 15610 15611 15612 AND
2 1 15612 11 15613 XOR
2 1 15448 15447 15614 XOR
2 1 15613 15614 15615 AND
2 1 15614 15613 15616 XOR
2 1 7018 10221 15617 AND
2 1 6543 10226 15618 AND
2 1 6777 10224 15619 AND
2 1 15618 15619 15620 AND
2 1 15617 15620 15621 AND
2 1 6545 11650 15622 AND
2 1 15621 15622 15623 AND
2 1 15623 11 15624 XOR
2 1 15445 15444 15625 XOR
2 1 15624 15625 15626 AND
2 1 15625 15624 15627 XOR
2 1 15442 15230 15628 XOR
2 1 7018 10224 15629 AND
2 1 6543 10228 15630 AND
2 1 6777 10226 15631 AND
2 1 15630 15631 15632 AND
2 1 15629 15632 15633 AND
2 1 6545 11810 15634 AND
2 1 15633 15634 15635 AND
2 1 15635 11 15636 XOR
2 1 15628 15636 15637 AND
2 1 15440 15241 15638 XOR
2 1 7018 10226 15639 AND
2 1 6543 10230 15640 AND
2 1 6777 10228 15641 AND
2 1 15640 15641 15642 AND
2 1 15639 15642 15643 AND
2 1 6545 11819 15644 AND
2 1 15643 15644 15645 AND
2 1 15645 11 15646 XOR
2 1 15638 15646 15647 AND
2 1 7018 10228 15648 AND
2 1 6543 10232 15649 AND
2 1 6777 10230 15650 AND
2 1 15649 15650 15651 AND
2 1 15648 15651 15652 AND
2 1 6545 12124 15653 AND
2 1 15652 15653 15654 AND
2 1 15654 11 15655 XOR
2 1 15438 15437 15656 XOR
2 1 15655 15656 15657 AND
2 1 15656 15655 15658 XOR
2 1 7018 10230 15659 AND
2 1 6543 10234 15660 AND
2 1 6777 10232 15661 AND
2 1 15660 15661 15662 AND
2 1 15659 15662 15663 AND
2 1 6545 11964 15664 AND
2 1 15663 15664 15665 AND
2 1 15665 11 15666 XOR
2 1 15435 15434 15667 XOR
2 1 15666 15667 15668 AND
2 1 15667 15666 15669 XOR
2 1 7018 10232 15670 AND
2 1 6543 10236 15671 AND
2 1 6777 10234 15672 AND
2 1 15671 15672 15673 AND
2 1 15670 15673 15674 AND
2 1 6545 12235 15675 AND
2 1 15674 15675 15676 AND
2 1 15676 11 15677 XOR
2 1 15432 15431 15678 XOR
2 1 15677 15678 15679 AND
2 1 15678 15677 15680 XOR
2 1 15429 15282 15681 XOR
2 1 7018 10234 15682 AND
2 1 6543 10238 15683 AND
2 1 6777 10236 15684 AND
2 1 15683 15684 15685 AND
2 1 15682 15685 15686 AND
2 1 6545 12427 15687 AND
2 1 15686 15687 15688 AND
2 1 15688 11 15689 XOR
2 1 15681 15689 15690 AND
2 1 15427 15293 15691 XOR
2 1 7018 10236 15692 AND
2 1 6543 10240 15693 AND
2 1 6777 10238 15694 AND
2 1 15693 15694 15695 AND
2 1 15692 15695 15696 AND
2 1 6545 12315 15697 AND
2 1 15696 15697 15698 AND
2 1 15698 11 15699 XOR
2 1 15691 15699 15700 AND
2 1 15425 15304 15701 XOR
2 1 7018 10238 15702 AND
2 1 6543 10242 15703 AND
2 1 6777 10240 15704 AND
2 1 15703 15704 15705 AND
2 1 15702 15705 15706 AND
2 1 6545 12540 15707 AND
2 1 15706 15707 15708 AND
2 1 15708 11 15709 XOR
2 1 15701 15709 15710 AND
2 1 7018 10240 15711 AND
2 1 6543 10244 15712 AND
2 1 6777 10242 15713 AND
2 1 15712 15713 15714 AND
2 1 15711 15714 15715 AND
2 1 6545 12764 15716 AND
2 1 15715 15716 15717 AND
2 1 15717 11 15718 XOR
2 1 15423 15422 15719 XOR
2 1 15718 15719 15720 AND
2 1 15719 15718 15721 XOR
2 1 7018 10242 15722 AND
2 1 6543 10246 15723 AND
2 1 6777 10244 15724 AND
2 1 15723 15724 15725 AND
2 1 15722 15725 15726 AND
2 1 6545 12779 15727 AND
2 1 15726 15727 15728 AND
2 1 15728 11 15729 XOR
2 1 15420 15419 15730 XOR
2 1 15729 15730 15731 AND
2 1 15730 15729 15732 XOR
2 1 7018 10244 15733 AND
2 1 6543 10248 15734 AND
2 1 6777 10246 15735 AND
2 1 15734 15735 15736 AND
2 1 15733 15736 15737 AND
2 1 6545 12522 15738 AND
2 1 15737 15738 15739 AND
2 1 15739 11 15740 XOR
2 1 15417 15416 15741 XOR
2 1 15740 15741 15742 AND
2 1 15741 15740 15743 XOR
2 1 15414 15345 15744 XOR
2 1 7018 10246 15745 AND
2 1 6543 10250 15746 AND
2 1 6777 10248 15747 AND
2 1 15746 15747 15748 AND
2 1 15745 15748 15749 AND
2 1 6545 12813 15750 AND
2 1 15749 15750 15751 AND
2 1 15751 11 15752 XOR
2 1 15744 15752 15753 AND
2 1 15412 15411 15754 XOR
2 1 7018 10248 15755 AND
2 1 6543 10252 15756 AND
2 1 6777 10250 15757 AND
2 1 15756 15757 15758 AND
2 1 15755 15758 15759 AND
2 1 6545 12838 15760 AND
2 1 15759 15760 15761 AND
2 1 15761 11 15762 XOR
2 1 15754 15762 15763 AND
2 1 15409 15366 15764 XOR
2 1 7018 10250 15765 AND
2 1 6543 10254 15766 AND
2 1 6777 10252 15767 AND
2 1 15766 15767 15768 AND
2 1 15765 15768 15769 AND
2 1 6545 12861 15770 AND
2 1 15769 15770 15771 AND
2 1 15771 11 15772 XOR
2 1 15764 15772 15773 AND
2 1 7018 10252 15774 AND
2 1 6543 10256 15775 AND
2 1 6777 10254 15776 AND
2 1 15775 15776 15777 AND
2 1 15774 15777 15778 AND
2 1 6545 12891 15779 AND
2 1 15778 15779 15780 AND
2 1 15780 11 15781 XOR
2 1 15407 15406 15782 XOR
2 1 15781 15782 15783 AND
2 1 15782 15781 15784 XOR
2 1 15404 15396 15785 XOR
2 1 7018 10254 15786 AND
2 1 6543 10261 15787 AND
2 1 6777 10256 15788 AND
2 1 15787 15788 15789 AND
2 1 15786 15789 15790 AND
2 1 6545 12947 15791 AND
2 1 15790 15791 15792 AND
2 1 15792 11 15793 XOR
2 1 15785 15793 15794 AND
2 1 7018 10256 15795 AND
2 1 6543 10263 15796 AND
2 1 6777 10261 15797 AND
2 1 15796 15797 15798 AND
2 1 15795 15798 15799 AND
2 1 6545 12983 15800 AND
2 1 15799 15800 15801 AND
2 1 15801 11 15802 XOR
2 1 15393 15385 15803 XOR
2 1 15802 15803 15804 AND
2 1 15803 15802 15805 XOR
2 1 15384 15382 15806 XOR
2 1 7018 10261 15807 AND
2 1 6543 10267 15808 AND
2 1 6777 10263 15809 AND
2 1 15808 15809 15810 AND
2 1 15807 15810 15811 AND
2 1 6545 13026 15812 AND
2 1 15811 15812 15813 AND
2 1 15813 11 15814 XOR
2 1 15806 15814 15815 AND
2 1 6777 10272 15816 AND
2 1 7018 10268 15817 AND
2 1 15816 15817 15818 AND
2 1 6545 13122 15819 AND
2 1 15818 15819 15820 AND
2 1 15820 11 15821 XOR
2 1 6541 10272 15822 AND
2 1 11 15822 15823 AND
2 1 15821 15823 15824 AND
2 1 7018 10267 15825 AND
2 1 6543 10272 15826 AND
2 1 6777 10268 15827 AND
2 1 15826 15827 15828 AND
2 1 15825 15828 15829 AND
2 1 6545 13129 15830 AND
2 1 15829 15830 15831 AND
2 1 15831 11 15832 XOR
2 1 15824 15832 15833 AND
2 1 15383 15833 15834 AND
2 1 15833 15383 15835 XOR
2 1 7018 10263 15836 AND
2 1 6543 10268 15837 AND
2 1 6777 10267 15838 AND
2 1 15837 15838 15839 AND
2 1 15836 15839 15840 AND
2 1 6545 13052 15841 AND
2 1 15840 15841 15842 AND
2 1 15842 11 15843 XOR
2 1 15835 15843 15844 AND
2 1 15834 15844 15845 AND
2 1 15814 15806 15846 XOR
2 1 15845 15846 15847 AND
2 1 15815 15847 15848 AND
2 1 15805 15848 15849 AND
2 1 15804 15849 15850 AND
2 1 15793 15785 15851 XOR
2 1 15850 15851 15852 AND
2 1 15794 15852 15853 AND
2 1 15784 15853 15854 AND
2 1 15783 15854 15855 AND
2 1 15772 15764 15856 XOR
2 1 15855 15856 15857 AND
2 1 15773 15857 15858 AND
2 1 15762 15754 15859 XOR
2 1 15858 15859 15860 AND
2 1 15763 15860 15861 AND
2 1 15752 15744 15862 XOR
2 1 15861 15862 15863 AND
2 1 15753 15863 15864 AND
2 1 15743 15864 15865 AND
2 1 15742 15865 15866 AND
2 1 15732 15866 15867 AND
2 1 15731 15867 15868 AND
2 1 15721 15868 15869 AND
2 1 15720 15869 15870 AND
2 1 15709 15701 15871 XOR
2 1 15870 15871 15872 AND
2 1 15710 15872 15873 AND
2 1 15699 15691 15874 XOR
2 1 15873 15874 15875 AND
2 1 15700 15875 15876 AND
2 1 15689 15681 15877 XOR
2 1 15876 15877 15878 AND
2 1 15690 15878 15879 AND
2 1 15680 15879 15880 AND
2 1 15679 15880 15881 AND
2 1 15669 15881 15882 AND
2 1 15668 15882 15883 AND
2 1 15658 15883 15884 AND
2 1 15657 15884 15885 AND
2 1 15646 15638 15886 XOR
2 1 15885 15886 15887 AND
2 1 15647 15887 15888 AND
2 1 15636 15628 15889 XOR
2 1 15888 15889 15890 AND
2 1 15637 15890 15891 AND
2 1 15627 15891 15892 AND
2 1 15626 15892 15893 AND
2 1 15616 15893 15894 AND
2 1 15615 15894 15895 AND
2 1 15605 15895 15896 AND
2 1 15604 15896 15897 AND
2 1 15594 15897 15898 AND
2 1 15593 15898 15899 AND
2 1 15583 15899 15900 AND
2 1 15582 15900 15901 AND
2 1 15572 15901 15902 AND
2 1 15571 15902 15903 AND
2 1 15561 15903 15904 AND
2 1 15560 15904 15905 AND
2 1 15550 15905 15906 AND
2 1 15549 15906 15907 AND
2 1 15539 15907 15908 AND
2 1 15538 15908 15909 AND
2 1 15528 15909 15910 AND
2 1 15527 15910 15911 AND
2 1 15517 15911 15912 AND
2 1 15911 15516 15913 XOR
2 1 15913 15119 15914 XOR
2 1 7937 11178 15915 AND
2 1 7313 11080 15916 AND
2 1 7618 11154 15917 AND
2 1 15916 15917 15918 AND
2 1 15915 15918 15919 AND
2 1 7315 11464 15920 AND
2 1 15919 15920 15921 AND
2 1 15921 8 15922 XOR
2 1 15914 15922 15923 AND
2 1 15912 15923 15924 AND
2 1 15515 15924 15925 AND
2 1 15924 15514 15926 XOR
2 1 15926 15117 15927 XOR
2 1 8691 11441 15930 AND
2 1 35 11014 15928 AND
2 1 8307 11176 15929 AND
2 1 15928 15929 15931 AND
2 1 15930 15931 15932 AND
2 1 8309 11500 15933 AND
2 1 15932 15933 15934 AND
2 1 15934 5 15935 XOR
2 1 15927 15935 15936 AND
2 1 15925 15936 15937 AND
2 1 15513 15937 15938 AND
2 1 15937 15513 15939 XOR
2 1 15935 15927 15940 XOR
2 1 15922 15914 15941 XOR
2 1 15909 15528 15942 XOR
2 1 7937 11154 15943 AND
2 1 7313 11086 15944 AND
2 1 7618 11080 15945 AND
2 1 15944 15945 15946 AND
2 1 15943 15946 15947 AND
2 1 7315 11167 15948 AND
2 1 15947 15948 15949 AND
2 1 15949 8 15950 XOR
2 1 15942 15950 15951 AND
2 1 15907 15539 15952 XOR
2 1 7937 11080 15953 AND
2 1 7313 11082 15954 AND
2 1 7618 11086 15955 AND
2 1 15954 15955 15956 AND
2 1 15953 15956 15957 AND
2 1 7315 11102 15958 AND
2 1 15957 15958 15959 AND
2 1 15959 8 15960 XOR
2 1 15952 15960 15961 AND
2 1 15905 15550 15962 XOR
2 1 7937 11086 15963 AND
2 1 7313 11060 15964 AND
2 1 7618 11082 15965 AND
2 1 15964 15965 15966 AND
2 1 15963 15966 15967 AND
2 1 7315 11417 15968 AND
2 1 15967 15968 15969 AND
2 1 15969 8 15970 XOR
2 1 15962 15970 15971 AND
2 1 15903 15561 15972 XOR
2 1 7937 11082 15973 AND
2 1 7313 10520 15974 AND
2 1 7618 11060 15975 AND
2 1 15974 15975 15976 AND
2 1 15973 15976 15977 AND
2 1 7315 11141 15978 AND
2 1 15977 15978 15979 AND
2 1 15979 8 15980 XOR
2 1 15972 15980 15981 AND
2 1 15901 15572 15982 XOR
2 1 7937 11060 15983 AND
2 1 7313 10420 15984 AND
2 1 7618 10520 15985 AND
2 1 15984 15985 15986 AND
2 1 15983 15986 15987 AND
2 1 7315 11071 15988 AND
2 1 15987 15988 15989 AND
2 1 15989 8 15990 XOR
2 1 15982 15990 15991 AND
2 1 15899 15583 15992 XOR
2 1 7937 10520 15993 AND
2 1 7313 10215 15994 AND
2 1 7618 10420 15995 AND
2 1 15994 15995 15996 AND
2 1 15993 15996 15997 AND
2 1 7315 10524 15998 AND
2 1 15997 15998 15999 AND
2 1 15999 8 16000 XOR
2 1 15992 16000 16001 AND
2 1 15897 15594 16002 XOR
2 1 7937 10420 16003 AND
2 1 7313 10103 16004 AND
2 1 7618 10215 16005 AND
2 1 16004 16005 16006 AND
2 1 16003 16006 16007 AND
2 1 7315 10625 16008 AND
2 1 16007 16008 16009 AND
2 1 16009 8 16010 XOR
2 1 16002 16010 16011 AND
2 1 15895 15605 16012 XOR
2 1 7937 10215 16013 AND
2 1 7313 10217 16014 AND
2 1 7618 10103 16015 AND
2 1 16014 16015 16016 AND
2 1 16013 16016 16017 AND
2 1 7315 11263 16018 AND
2 1 16017 16018 16019 AND
2 1 16019 8 16020 XOR
2 1 16012 16020 16021 AND
2 1 15893 15616 16022 XOR
2 1 7937 10103 16023 AND
2 1 7313 10219 16024 AND
2 1 7618 10217 16025 AND
2 1 16024 16025 16026 AND
2 1 16023 16026 16027 AND
2 1 7315 11272 16028 AND
2 1 16027 16028 16029 AND
2 1 16029 8 16030 XOR
2 1 16022 16030 16031 AND
2 1 15891 15627 16032 XOR
2 1 7937 10217 16033 AND
2 1 7313 10222 16034 AND
2 1 7618 10219 16035 AND
2 1 16034 16035 16036 AND
2 1 16033 16036 16037 AND
2 1 7315 11511 16038 AND
2 1 16037 16038 16039 AND
2 1 16039 8 16040 XOR
2 1 16032 16040 16041 AND
2 1 7937 10219 16042 AND
2 1 7313 10221 16043 AND
2 1 7618 10222 16044 AND
2 1 16043 16044 16045 AND
2 1 16042 16045 16046 AND
2 1 7315 11381 16047 AND
2 1 16046 16047 16048 AND
2 1 16048 8 16049 XOR
2 1 15889 15888 16050 XOR
2 1 16049 16050 16051 AND
2 1 16050 16049 16052 XOR
2 1 7937 10222 16053 AND
2 1 7313 10224 16054 AND
2 1 7618 10221 16055 AND
2 1 16054 16055 16056 AND
2 1 16053 16056 16057 AND
2 1 7315 11597 16058 AND
2 1 16057 16058 16059 AND
2 1 16059 8 16060 XOR
2 1 15886 15885 16061 XOR
2 1 16060 16061 16062 AND
2 1 16061 16060 16063 XOR
2 1 15883 15658 16064 XOR
2 1 7937 10221 16065 AND
2 1 7313 10226 16066 AND
2 1 7618 10224 16067 AND
2 1 16066 16067 16068 AND
2 1 16065 16068 16069 AND
2 1 7315 11650 16070 AND
2 1 16069 16070 16071 AND
2 1 16071 8 16072 XOR
2 1 16064 16072 16073 AND
2 1 15881 15669 16074 XOR
2 1 7937 10224 16075 AND
2 1 7313 10228 16076 AND
2 1 7618 10226 16077 AND
2 1 16076 16077 16078 AND
2 1 16075 16078 16079 AND
2 1 7315 11810 16080 AND
2 1 16079 16080 16081 AND
2 1 16081 8 16082 XOR
2 1 16074 16082 16083 AND
2 1 15879 15680 16084 XOR
2 1 7937 10226 16085 AND
2 1 7313 10230 16086 AND
2 1 7618 10228 16087 AND
2 1 16086 16087 16088 AND
2 1 16085 16088 16089 AND
2 1 7315 11819 16090 AND
2 1 16089 16090 16091 AND
2 1 16091 8 16092 XOR
2 1 16084 16092 16093 AND
2 1 7937 10228 16094 AND
2 1 7313 10232 16095 AND
2 1 7618 10230 16096 AND
2 1 16095 16096 16097 AND
2 1 16094 16097 16098 AND
2 1 7315 12124 16099 AND
2 1 16098 16099 16100 AND
2 1 16100 8 16101 XOR
2 1 15877 15876 16102 XOR
2 1 16101 16102 16103 AND
2 1 16102 16101 16104 XOR
2 1 7937 10230 16105 AND
2 1 7313 10234 16106 AND
2 1 7618 10232 16107 AND
2 1 16106 16107 16108 AND
2 1 16105 16108 16109 AND
2 1 7315 11964 16110 AND
2 1 16109 16110 16111 AND
2 1 16111 8 16112 XOR
2 1 15874 15873 16113 XOR
2 1 16112 16113 16114 AND
2 1 16113 16112 16115 XOR
2 1 7937 10232 16116 AND
2 1 7313 10236 16117 AND
2 1 7618 10234 16118 AND
2 1 16117 16118 16119 AND
2 1 16116 16119 16120 AND
2 1 7315 12235 16121 AND
2 1 16120 16121 16122 AND
2 1 16122 8 16123 XOR
2 1 15871 15870 16124 XOR
2 1 16123 16124 16125 AND
2 1 16124 16123 16126 XOR
2 1 15868 15721 16127 XOR
2 1 7937 10234 16128 AND
2 1 7313 10238 16129 AND
2 1 7618 10236 16130 AND
2 1 16129 16130 16131 AND
2 1 16128 16131 16132 AND
2 1 7315 12427 16133 AND
2 1 16132 16133 16134 AND
2 1 16134 8 16135 XOR
2 1 16127 16135 16136 AND
2 1 15866 15732 16137 XOR
2 1 7937 10236 16138 AND
2 1 7313 10240 16139 AND
2 1 7618 10238 16140 AND
2 1 16139 16140 16141 AND
2 1 16138 16141 16142 AND
2 1 7315 12315 16143 AND
2 1 16142 16143 16144 AND
2 1 16144 8 16145 XOR
2 1 16137 16145 16146 AND
2 1 15864 15743 16147 XOR
2 1 7937 10238 16148 AND
2 1 7313 10242 16149 AND
2 1 7618 10240 16150 AND
2 1 16149 16150 16151 AND
2 1 16148 16151 16152 AND
2 1 7315 12540 16153 AND
2 1 16152 16153 16154 AND
2 1 16154 8 16155 XOR
2 1 16147 16155 16156 AND
2 1 7937 10240 16157 AND
2 1 7313 10244 16158 AND
2 1 7618 10242 16159 AND
2 1 16158 16159 16160 AND
2 1 16157 16160 16161 AND
2 1 7315 12764 16162 AND
2 1 16161 16162 16163 AND
2 1 16163 8 16164 XOR
2 1 15862 15861 16165 XOR
2 1 16164 16165 16166 AND
2 1 16165 16164 16167 XOR
2 1 7937 10242 16168 AND
2 1 7313 10246 16169 AND
2 1 7618 10244 16170 AND
2 1 16169 16170 16171 AND
2 1 16168 16171 16172 AND
2 1 7315 12779 16173 AND
2 1 16172 16173 16174 AND
2 1 16174 8 16175 XOR
2 1 15859 15858 16176 XOR
2 1 16175 16176 16177 AND
2 1 16176 16175 16178 XOR
2 1 7937 10244 16179 AND
2 1 7313 10248 16180 AND
2 1 7618 10246 16181 AND
2 1 16180 16181 16182 AND
2 1 16179 16182 16183 AND
2 1 7315 12522 16184 AND
2 1 16183 16184 16185 AND
2 1 16185 8 16186 XOR
2 1 15856 15855 16187 XOR
2 1 16186 16187 16188 AND
2 1 16187 16186 16189 XOR
2 1 15853 15784 16190 XOR
2 1 7937 10246 16191 AND
2 1 7313 10250 16192 AND
2 1 7618 10248 16193 AND
2 1 16192 16193 16194 AND
2 1 16191 16194 16195 AND
2 1 7315 12813 16196 AND
2 1 16195 16196 16197 AND
2 1 16197 8 16198 XOR
2 1 16190 16198 16199 AND
2 1 15851 15850 16200 XOR
2 1 7937 10248 16201 AND
2 1 7313 10252 16202 AND
2 1 7618 10250 16203 AND
2 1 16202 16203 16204 AND
2 1 16201 16204 16205 AND
2 1 7315 12838 16206 AND
2 1 16205 16206 16207 AND
2 1 16207 8 16208 XOR
2 1 16200 16208 16209 AND
2 1 15848 15805 16210 XOR
2 1 7937 10250 16211 AND
2 1 7313 10254 16212 AND
2 1 7618 10252 16213 AND
2 1 16212 16213 16214 AND
2 1 16211 16214 16215 AND
2 1 7315 12861 16216 AND
2 1 16215 16216 16217 AND
2 1 16217 8 16218 XOR
2 1 16210 16218 16219 AND
2 1 7937 10252 16220 AND
2 1 7313 10256 16221 AND
2 1 7618 10254 16222 AND
2 1 16221 16222 16223 AND
2 1 16220 16223 16224 AND
2 1 7315 12891 16225 AND
2 1 16224 16225 16226 AND
2 1 16226 8 16227 XOR
2 1 15846 15845 16228 XOR
2 1 16227 16228 16229 AND
2 1 16228 16227 16230 XOR
2 1 15843 15835 16231 XOR
2 1 7937 10254 16232 AND
2 1 7313 10261 16233 AND
2 1 7618 10256 16234 AND
2 1 16233 16234 16235 AND
2 1 16232 16235 16236 AND
2 1 7315 12947 16237 AND
2 1 16236 16237 16238 AND
2 1 16238 8 16239 XOR
2 1 16231 16239 16240 AND
2 1 7937 10256 16241 AND
2 1 7313 10263 16242 AND
2 1 7618 10261 16243 AND
2 1 16242 16243 16244 AND
2 1 16241 16244 16245 AND
2 1 7315 12983 16246 AND
2 1 16245 16246 16247 AND
2 1 16247 8 16248 XOR
2 1 15832 15824 16249 XOR
2 1 16248 16249 16250 AND
2 1 16249 16248 16251 XOR
2 1 15823 15821 16252 XOR
2 1 7937 10261 16253 AND
2 1 7313 10267 16254 AND
2 1 7618 10263 16255 AND
2 1 16254 16255 16256 AND
2 1 16253 16256 16257 AND
2 1 7315 13026 16258 AND
2 1 16257 16258 16259 AND
2 1 16259 8 16260 XOR
2 1 16252 16260 16261 AND
2 1 7618 10272 16262 AND
2 1 7937 10268 16263 AND
2 1 16262 16263 16264 AND
2 1 7315 13122 16265 AND
2 1 16264 16265 16266 AND
2 1 16266 8 16267 XOR
2 1 7311 10272 16268 AND
2 1 8 16268 16269 AND
2 1 16267 16269 16270 AND
2 1 7937 10267 16271 AND
2 1 7313 10272 16272 AND
2 1 7618 10268 16273 AND
2 1 16272 16273 16274 AND
2 1 16271 16274 16275 AND
2 1 7315 13129 16276 AND
2 1 16275 16276 16277 AND
2 1 16277 8 16278 XOR
2 1 16270 16278 16279 AND
2 1 15822 16279 16280 AND
2 1 16279 15822 16281 XOR
2 1 7937 10263 16282 AND
2 1 7313 10268 16283 AND
2 1 7618 10267 16284 AND
2 1 16283 16284 16285 AND
2 1 16282 16285 16286 AND
2 1 7315 13052 16287 AND
2 1 16286 16287 16288 AND
2 1 16288 8 16289 XOR
2 1 16281 16289 16290 AND
2 1 16280 16290 16291 AND
2 1 16260 16252 16292 XOR
2 1 16291 16292 16293 AND
2 1 16261 16293 16294 AND
2 1 16251 16294 16295 AND
2 1 16250 16295 16296 AND
2 1 16239 16231 16297 XOR
2 1 16296 16297 16298 AND
2 1 16240 16298 16299 AND
2 1 16230 16299 16300 AND
2 1 16229 16300 16301 AND
2 1 16218 16210 16302 XOR
2 1 16301 16302 16303 AND
2 1 16219 16303 16304 AND
2 1 16208 16200 16305 XOR
2 1 16304 16305 16306 AND
2 1 16209 16306 16307 AND
2 1 16198 16190 16308 XOR
2 1 16307 16308 16309 AND
2 1 16199 16309 16310 AND
2 1 16189 16310 16311 AND
2 1 16188 16311 16312 AND
2 1 16178 16312 16313 AND
2 1 16177 16313 16314 AND
2 1 16167 16314 16315 AND
2 1 16166 16315 16316 AND
2 1 16155 16147 16317 XOR
2 1 16316 16317 16318 AND
2 1 16156 16318 16319 AND
2 1 16145 16137 16320 XOR
2 1 16319 16320 16321 AND
2 1 16146 16321 16322 AND
2 1 16135 16127 16323 XOR
2 1 16322 16323 16324 AND
2 1 16136 16324 16325 AND
2 1 16126 16325 16326 AND
2 1 16125 16326 16327 AND
2 1 16115 16327 16328 AND
2 1 16114 16328 16329 AND
2 1 16104 16329 16330 AND
2 1 16103 16330 16331 AND
2 1 16092 16084 16332 XOR
2 1 16331 16332 16333 AND
2 1 16093 16333 16334 AND
2 1 16082 16074 16335 XOR
2 1 16334 16335 16336 AND
2 1 16083 16336 16337 AND
2 1 16072 16064 16338 XOR
2 1 16337 16338 16339 AND
2 1 16073 16339 16340 AND
2 1 16063 16340 16341 AND
2 1 16062 16341 16342 AND
2 1 16052 16342 16343 AND
2 1 16051 16343 16344 AND
2 1 16040 16032 16345 XOR
2 1 16344 16345 16346 AND
2 1 16041 16346 16347 AND
2 1 16030 16022 16348 XOR
2 1 16347 16348 16349 AND
2 1 16031 16349 16350 AND
2 1 16020 16012 16351 XOR
2 1 16350 16351 16352 AND
2 1 16021 16352 16353 AND
2 1 16010 16002 16354 XOR
2 1 16353 16354 16355 AND
2 1 16011 16355 16356 AND
2 1 16000 15992 16357 XOR
2 1 16356 16357 16358 AND
2 1 16001 16358 16359 AND
2 1 15990 15982 16360 XOR
2 1 16359 16360 16361 AND
2 1 15991 16361 16362 AND
2 1 15980 15972 16363 XOR
2 1 16362 16363 16364 AND
2 1 15981 16364 16365 AND
2 1 15970 15962 16366 XOR
2 1 16365 16366 16367 AND
2 1 15971 16367 16368 AND
2 1 15960 15952 16369 XOR
2 1 16368 16369 16370 AND
2 1 15961 16370 16371 AND
2 1 15950 15942 16372 XOR
2 1 16371 16372 16373 AND
2 1 15951 16373 16374 AND
2 1 15941 16374 16375 AND
2 1 16374 15941 16376 XOR
2 1 35 11441 16377 AND
2 1 8307 11180 16378 AND
2 1 8691 11176 16379 AND
2 1 16378 16379 16380 AND
2 1 16377 16380 16381 AND
2 1 8309 11574 16382 AND
2 1 16381 16382 16383 AND
2 1 16383 5 16384 XOR
2 1 16376 16384 16385 AND
2 1 16375 16385 16386 AND
2 1 15940 16386 16387 AND
2 1 16386 15940 16388 XOR
2 1 16384 16376 16389 XOR
2 1 35 11176 16390 AND
2 1 8307 11178 16391 AND
2 1 8691 11180 16392 AND
2 1 16391 16392 16393 AND
2 1 16390 16393 16394 AND
2 1 8309 11196 16395 AND
2 1 16394 16395 16396 AND
2 1 16396 5 16397 XOR
2 1 16372 16371 16398 XOR
2 1 16397 16398 16399 AND
2 1 16398 16397 16400 XOR
2 1 9561 9570 16401 AND
2 1 11014 16401 16402 AND
2 1 9115 11441 16403 AND
2 1 16402 16403 16404 AND
2 1 9117 11449 16405 AND
2 1 16404 16405 16406 AND
2 1 16406 2 16407 XOR
2 1 16400 16407 16408 AND
2 1 16399 16408 16409 AND
2 1 16389 16409 16410 AND
2 1 16409 16389 16411 XOR
2 1 16407 16400 16412 XOR
2 1 35 11180 16413 AND
2 1 8307 11154 16414 AND
2 1 8691 11178 16415 AND
2 1 16414 16415 16416 AND
2 1 16413 16416 16417 AND
2 1 8309 11431 16418 AND
2 1 16417 16418 16419 AND
2 1 16419 5 16420 XOR
2 1 16369 16368 16421 XOR
2 1 16420 16421 16422 AND
2 1 16421 16420 16423 XOR
2 1 35 11178 16424 AND
2 1 8307 11080 16425 AND
2 1 8691 11154 16426 AND
2 1 16425 16426 16427 AND
2 1 16424 16427 16428 AND
2 1 8309 11464 16429 AND
2 1 16428 16429 16430 AND
2 1 16430 5 16431 XOR
2 1 16366 16365 16432 XOR
2 1 16431 16432 16433 AND
2 1 16432 16431 16434 XOR
2 1 35 11154 16435 AND
2 1 8307 11086 16436 AND
2 1 8691 11080 16437 AND
2 1 16436 16437 16438 AND
2 1 16435 16438 16439 AND
2 1 8309 11167 16440 AND
2 1 16439 16440 16441 AND
2 1 16441 5 16442 XOR
2 1 16363 16362 16443 XOR
2 1 16442 16443 16444 AND
2 1 16443 16442 16445 XOR
2 1 35 11080 16446 AND
2 1 8307 11082 16447 AND
2 1 8691 11086 16448 AND
2 1 16447 16448 16449 AND
2 1 16446 16449 16450 AND
2 1 8309 11102 16451 AND
2 1 16450 16451 16452 AND
2 1 16452 5 16453 XOR
2 1 16360 16359 16454 XOR
2 1 16453 16454 16455 AND
2 1 16454 16453 16456 XOR
2 1 35 11086 16457 AND
2 1 8307 11060 16458 AND
2 1 8691 11082 16459 AND
2 1 16458 16459 16460 AND
2 1 16457 16460 16461 AND
2 1 8309 11417 16462 AND
2 1 16461 16462 16463 AND
2 1 16463 5 16464 XOR
2 1 16357 16356 16465 XOR
2 1 16464 16465 16466 AND
2 1 16465 16464 16467 XOR
2 1 35 11082 16468 AND
2 1 8307 10520 16469 AND
2 1 8691 11060 16470 AND
2 1 16469 16470 16471 AND
2 1 16468 16471 16472 AND
2 1 8309 11141 16473 AND
2 1 16472 16473 16474 AND
2 1 16474 5 16475 XOR
2 1 16354 16353 16476 XOR
2 1 16475 16476 16477 AND
2 1 16476 5 16478 XOR
2 1 16478 16474 16479 XOR
2 1 35 11060 16480 AND
2 1 8307 10420 16481 AND
2 1 8691 10520 16482 AND
2 1 16481 16482 16483 AND
2 1 16480 16483 16484 AND
2 1 8309 11071 16485 AND
2 1 16484 16485 16486 AND
2 1 16486 5 16487 XOR
2 1 16351 16350 16488 XOR
2 1 16487 16488 16861 AND
2 1 16479 16861 16862 AND
2 1 16487 16488 16489 AND
2 1 35 10520 16491 AND
2 1 8307 10215 16492 AND
2 1 8691 10420 16493 AND
2 1 16492 16493 16494 AND
2 1 16491 16494 16495 AND
2 1 8309 10524 16496 AND
2 1 16495 16496 16497 AND
2 1 16497 5 16498 XOR
2 1 16348 16347 16499 XOR
2 1 16498 16499 16500 AND
2 1 16499 16498 16501 XOR
2 1 35 10420 16502 AND
2 1 8307 10103 16503 AND
2 1 8691 10215 16504 AND
2 1 16503 16504 16505 AND
2 1 16502 16505 16506 AND
2 1 8309 10625 16507 AND
2 1 16506 16507 16508 AND
2 1 16508 5 16509 XOR
2 1 16345 16344 16510 XOR
2 1 16509 16510 16511 AND
2 1 16510 16509 16512 XOR
2 1 16342 16052 16513 XOR
2 1 35 10215 16514 AND
2 1 8307 10217 16515 AND
2 1 8691 10103 16516 AND
2 1 16515 16516 16517 AND
2 1 16514 16517 16518 AND
2 1 8309 11263 16519 AND
2 1 16518 16519 16520 AND
2 1 16520 5 16521 XOR
2 1 16513 16521 16522 AND
2 1 16340 16063 16523 XOR
2 1 35 10103 16524 AND
2 1 8307 10219 16525 AND
2 1 8691 10217 16526 AND
2 1 16525 16526 16527 AND
2 1 16524 16527 16528 AND
2 1 8309 11272 16529 AND
2 1 16528 16529 16530 AND
2 1 16530 5 16531 XOR
2 1 16523 16531 16532 AND
2 1 35 10217 16533 AND
2 1 8307 10222 16534 AND
2 1 8691 10219 16535 AND
2 1 16534 16535 16536 AND
2 1 16533 16536 16537 AND
2 1 8309 11511 16538 AND
2 1 16537 16538 16539 AND
2 1 16539 5 16540 XOR
2 1 16338 16337 16541 XOR
2 1 16540 16541 16542 AND
2 1 16541 16540 16543 XOR
2 1 35 10219 16544 AND
2 1 8307 10221 16545 AND
2 1 8691 10222 16546 AND
2 1 16545 16546 16547 AND
2 1 16544 16547 16548 AND
2 1 8309 11381 16549 AND
2 1 16548 16549 16550 AND
2 1 16550 5 16551 XOR
2 1 16335 16334 16552 XOR
2 1 16551 16552 16553 AND
2 1 16552 16551 16554 XOR
2 1 35 10222 16555 AND
2 1 8307 10224 16556 AND
2 1 8691 10221 16557 AND
2 1 16556 16557 16558 AND
2 1 16555 16558 16559 AND
2 1 8309 11597 16560 AND
2 1 16559 16560 16561 AND
2 1 16561 5 16562 XOR
2 1 16332 16331 16563 XOR
2 1 16562 16563 16564 AND
2 1 16563 16562 16565 XOR
2 1 16329 16104 16566 XOR
2 1 35 10221 16567 AND
2 1 8307 10226 16568 AND
2 1 8691 10224 16569 AND
2 1 16568 16569 16570 AND
2 1 16567 16570 16571 AND
2 1 8309 11650 16572 AND
2 1 16571 16572 16573 AND
2 1 16573 5 16574 XOR
2 1 16566 16574 16575 AND
2 1 16327 16115 16576 XOR
2 1 35 10224 16577 AND
2 1 8307 10228 16578 AND
2 1 8691 10226 16579 AND
2 1 16578 16579 16580 AND
2 1 16577 16580 16581 AND
2 1 8309 11810 16582 AND
2 1 16581 16582 16583 AND
2 1 16583 5 16584 XOR
2 1 16576 16584 16585 AND
2 1 16325 16126 16586 XOR
2 1 35 10226 16587 AND
2 1 8307 10230 16588 AND
2 1 8691 10228 16589 AND
2 1 16588 16589 16590 AND
2 1 16587 16590 16591 AND
2 1 8309 11819 16592 AND
2 1 16591 16592 16593 AND
2 1 16593 5 16594 XOR
2 1 16586 16594 16595 AND
2 1 35 10228 16596 AND
2 1 8307 10232 16597 AND
2 1 8691 10230 16598 AND
2 1 16597 16598 16599 AND
2 1 16596 16599 16600 AND
2 1 8309 12124 16601 AND
2 1 16600 16601 16602 AND
2 1 16602 5 16603 XOR
2 1 16323 16322 16604 XOR
2 1 16603 16604 16605 AND
2 1 16604 16603 16606 XOR
2 1 35 10230 16607 AND
2 1 8307 10234 16608 AND
2 1 8691 10232 16609 AND
2 1 16608 16609 16610 AND
2 1 16607 16610 16611 AND
2 1 8309 11964 16612 AND
2 1 16611 16612 16613 AND
2 1 16613 5 16614 XOR
2 1 16320 16319 16615 XOR
2 1 16614 16615 16616 AND
2 1 16615 16614 16617 XOR
2 1 35 10232 16618 AND
2 1 8307 10236 16619 AND
2 1 8691 10234 16620 AND
2 1 16619 16620 16621 AND
2 1 16618 16621 16622 AND
2 1 8309 12235 16623 AND
2 1 16622 16623 16624 AND
2 1 16624 5 16625 XOR
2 1 16317 16316 16626 XOR
2 1 16625 16626 16627 AND
2 1 16626 16625 16628 XOR
2 1 16314 16167 16629 XOR
2 1 35 10234 16630 AND
2 1 8307 10238 16631 AND
2 1 8691 10236 16632 AND
2 1 16631 16632 16633 AND
2 1 16630 16633 16634 AND
2 1 8309 12427 16635 AND
2 1 16634 16635 16636 AND
2 1 16636 5 16637 XOR
2 1 16629 16637 16638 AND
2 1 16312 16178 16639 XOR
2 1 35 10236 16640 AND
2 1 8307 10240 16641 AND
2 1 8691 10238 16642 AND
2 1 16641 16642 16643 AND
2 1 16640 16643 16644 AND
2 1 8309 12315 16645 AND
2 1 16644 16645 16646 AND
2 1 16646 5 16647 XOR
2 1 16639 16647 16648 AND
2 1 16310 16189 16649 XOR
2 1 35 10238 16650 AND
2 1 8307 10242 16651 AND
2 1 8691 10240 16652 AND
2 1 16651 16652 16653 AND
2 1 16650 16653 16654 AND
2 1 8309 12540 16655 AND
2 1 16654 16655 16656 AND
2 1 16656 5 16657 XOR
2 1 16649 16657 16658 AND
2 1 35 10240 16659 AND
2 1 8307 10244 16660 AND
2 1 8691 10242 16661 AND
2 1 16660 16661 16662 AND
2 1 16659 16662 16663 AND
2 1 8309 12764 16664 AND
2 1 16663 16664 16665 AND
2 1 16665 5 16666 XOR
2 1 16308 16307 16667 XOR
2 1 16666 16667 16668 AND
2 1 16667 16666 16669 XOR
2 1 35 10242 16670 AND
2 1 8307 10246 16671 AND
2 1 8691 10244 16672 AND
2 1 16671 16672 16673 AND
2 1 16670 16673 16674 AND
2 1 8309 12779 16675 AND
2 1 16674 16675 16676 AND
2 1 16676 5 16677 XOR
2 1 16305 16304 16678 XOR
2 1 16677 16678 16679 AND
2 1 16678 16677 16680 XOR
2 1 35 10244 16681 AND
2 1 8307 10248 16682 AND
2 1 8691 10246 16683 AND
2 1 16682 16683 16684 AND
2 1 16681 16684 16685 AND
2 1 8309 12522 16686 AND
2 1 16685 16686 16687 AND
2 1 16687 5 16688 XOR
2 1 16302 16301 16689 XOR
2 1 16688 16689 16690 AND
2 1 16689 16688 16691 XOR
2 1 16299 16230 16692 XOR
2 1 35 10246 16693 AND
2 1 8307 10250 16694 AND
2 1 8691 10248 16695 AND
2 1 16694 16695 16696 AND
2 1 16693 16696 16697 AND
2 1 8309 12813 16698 AND
2 1 16697 16698 16699 AND
2 1 16699 5 16700 XOR
2 1 16692 16700 16701 AND
2 1 16297 16296 16702 XOR
2 1 35 10248 16703 AND
2 1 8307 10252 16704 AND
2 1 8691 10250 16705 AND
2 1 16704 16705 16706 AND
2 1 16703 16706 16707 AND
2 1 8309 12838 16708 AND
2 1 16707 16708 16709 AND
2 1 16709 5 16710 XOR
2 1 16702 16710 16711 AND
2 1 16294 16251 16712 XOR
2 1 35 10250 16713 AND
2 1 8307 10254 16714 AND
2 1 8691 10252 16715 AND
2 1 16714 16715 16716 AND
2 1 16713 16716 16717 AND
2 1 8309 12861 16718 AND
2 1 16717 16718 16719 AND
2 1 16719 5 16720 XOR
2 1 16712 16720 16721 AND
2 1 35 10252 16722 AND
2 1 8307 10256 16723 AND
2 1 8691 10254 16724 AND
2 1 16723 16724 16725 AND
2 1 16722 16725 16726 AND
2 1 8309 12891 16727 AND
2 1 16726 16727 16728 AND
2 1 16728 5 16729 XOR
2 1 16292 16291 16730 XOR
2 1 16729 16730 16731 AND
2 1 16730 16729 16732 XOR
2 1 16289 16281 16733 XOR
2 1 35 10254 16734 AND
2 1 8307 10261 16735 AND
2 1 8691 10256 16736 AND
2 1 16735 16736 16737 AND
2 1 16734 16737 16738 AND
2 1 8309 12947 16739 AND
2 1 16738 16739 16740 AND
2 1 16740 5 16741 XOR
2 1 16733 16741 16742 AND
2 1 35 10256 16743 AND
2 1 8307 10263 16744 AND
2 1 8691 10261 16745 AND
2 1 16744 16745 16746 AND
2 1 16743 16746 16747 AND
2 1 8309 12983 16748 AND
2 1 16747 16748 16749 AND
2 1 16749 5 16750 XOR
2 1 16278 16270 16751 XOR
2 1 16750 16751 16752 AND
2 1 16751 16750 16753 XOR
2 1 16269 16267 16754 XOR
2 1 35 10261 16755 AND
2 1 8307 10267 16756 AND
2 1 8691 10263 16757 AND
2 1 16756 16757 16758 AND
2 1 16755 16758 16759 AND
2 1 8309 13026 16760 AND
2 1 16759 16760 16761 AND
2 1 16761 5 16762 XOR
2 1 16754 16762 16763 AND
2 1 8691 10272 16764 AND
2 1 35 10268 16765 AND
2 1 16764 16765 16766 AND
2 1 8309 13122 16767 AND
2 1 16766 16767 16768 AND
2 1 16768 5 16769 XOR
2 1 34 10272 16770 AND
2 1 5 16770 16771 AND
2 1 16769 16771 16772 AND
2 1 35 10267 16773 AND
2 1 8307 10272 16774 AND
2 1 8691 10268 16775 AND
2 1 16774 16775 16776 AND
2 1 16773 16776 16777 AND
2 1 8309 13129 16778 AND
2 1 16777 16778 16779 AND
2 1 16779 5 16780 XOR
2 1 16772 16780 16781 AND
2 1 16268 16781 16782 AND
2 1 16781 16268 16783 XOR
2 1 35 10263 16784 AND
2 1 8307 10268 16785 AND
2 1 8691 10267 16786 AND
2 1 16785 16786 16787 AND
2 1 16784 16787 16788 AND
2 1 8309 13052 16789 AND
2 1 16788 16789 16790 AND
2 1 16790 5 16791 XOR
2 1 16783 16791 16792 AND
2 1 16782 16792 16793 AND
2 1 16762 16754 16794 XOR
2 1 16793 16794 16795 AND
2 1 16763 16795 16796 AND
2 1 16753 16796 16797 AND
2 1 16752 16797 16798 AND
2 1 16741 16733 16799 XOR
2 1 16798 16799 16800 AND
2 1 16742 16800 16801 AND
2 1 16732 16801 16802 AND
2 1 16731 16802 16803 AND
2 1 16720 16712 16804 XOR
2 1 16803 16804 16805 AND
2 1 16721 16805 16806 AND
2 1 16710 16702 16807 XOR
2 1 16806 16807 16808 AND
2 1 16711 16808 16809 AND
2 1 16700 16692 16810 XOR
2 1 16809 16810 16811 AND
2 1 16701 16811 16812 AND
2 1 16691 16812 16813 AND
2 1 16690 16813 16814 AND
2 1 16680 16814 16815 AND
2 1 16679 16815 16816 AND
2 1 16669 16816 16817 AND
2 1 16668 16817 16818 AND
2 1 16657 16649 16819 XOR
2 1 16818 16819 16820 AND
2 1 16658 16820 16821 AND
2 1 16647 16639 16822 XOR
2 1 16821 16822 16823 AND
2 1 16648 16823 16824 AND
2 1 16637 16629 16825 XOR
2 1 16824 16825 16826 AND
2 1 16638 16826 16827 AND
2 1 16628 16827 16828 AND
2 1 16627 16828 16829 AND
2 1 16617 16829 16830 AND
2 1 16616 16830 16831 AND
2 1 16606 16831 16832 AND
2 1 16605 16832 16833 AND
2 1 16594 16586 16834 XOR
2 1 16833 16834 16835 AND
2 1 16595 16835 16836 AND
2 1 16584 16576 16837 XOR
2 1 16836 16837 16838 AND
2 1 16585 16838 16839 AND
2 1 16574 16566 16840 XOR
2 1 16839 16840 16841 AND
2 1 16575 16841 16842 AND
2 1 16565 16842 16843 AND
2 1 16564 16843 16844 AND
2 1 16554 16844 16845 AND
2 1 16553 16845 16846 AND
2 1 16543 16846 16847 AND
2 1 16542 16847 16848 AND
2 1 16531 16523 16849 XOR
2 1 16848 16849 16850 AND
2 1 16532 16850 16851 AND
2 1 16521 16513 16852 XOR
2 1 16851 16852 16853 AND
2 1 16522 16853 16854 AND
2 1 16512 16854 16855 AND
2 1 16511 16855 16856 AND
2 1 16501 16856 16857 AND
2 1 16500 16857 16858 AND
2 1 16489 16858 16863 AND
2 1 16862 16863 16864 AND
2 1 16477 16864 16865 AND
2 1 16467 16865 16866 AND
2 1 16466 16866 16867 AND
2 1 16456 16867 16868 AND
2 1 16455 16868 16869 AND
2 1 16445 16869 16870 AND
2 1 16444 16870 16871 AND
2 1 16434 16871 16872 AND
2 1 16433 16872 16873 AND
2 1 16423 16873 16874 AND
2 1 16422 16874 16875 AND
2 1 16412 16875 16876 AND
2 1 16875 16412 16877 XOR
2 1 16873 16423 16878 XOR
2 1 9561 11441 16881 AND
2 1 9570 11014 16879 AND
2 1 9115 11176 16880 AND
2 1 16879 16880 16882 AND
2 1 16881 16882 16883 AND
2 1 9117 11500 16884 AND
2 1 16883 16884 16885 AND
2 1 16885 2 16886 XOR
2 1 16878 16886 16887 AND
2 1 16871 16434 16888 XOR
2 1 9570 11441 16889 AND
2 1 9115 11180 16890 AND
2 1 9561 11176 16891 AND
2 1 16890 16891 16892 AND
2 1 16889 16892 16893 AND
2 1 9117 11574 16894 AND
2 1 16893 16894 16895 AND
2 1 16895 2 16896 XOR
2 1 16888 16896 16897 AND
2 1 16869 16445 16898 XOR
2 1 9570 11176 16899 AND
2 1 9115 11178 16900 AND
2 1 9561 11180 16901 AND
2 1 16900 16901 16902 AND
2 1 16899 16902 16903 AND
2 1 9117 11196 16904 AND
2 1 16903 16904 16905 AND
2 1 16905 2 16906 XOR
2 1 16898 16906 16907 AND
2 1 16867 16456 16908 XOR
2 1 9570 11180 16909 AND
2 1 9115 11154 16910 AND
2 1 9561 11178 16911 AND
2 1 16910 16911 16912 AND
2 1 16909 16912 16913 AND
2 1 9117 11431 16914 AND
2 1 16913 16914 16915 AND
2 1 16915 2 16916 XOR
2 1 16908 16916 16917 AND
2 1 16865 16467 16918 XOR
2 1 9570 11178 16919 AND
2 1 9115 11080 16920 AND
2 1 9561 11154 16921 AND
2 1 16920 16921 16922 AND
2 1 16919 16922 16923 AND
2 1 9117 11464 16924 AND
2 1 16923 16924 16925 AND
2 1 16925 2 16926 XOR
2 1 16918 16926 16927 AND
2 1 16488 16487 16490 XOR
2 1 16490 16858 16859 AND
2 1 16489 16859 16860 AND
2 1 16860 16479 16928 XOR
2 1 9570 11154 16929 AND
2 1 9115 11086 16930 AND
2 1 9561 11080 16931 AND
2 1 16930 16931 16932 AND
2 1 16929 16932 16933 AND
2 1 16933 2 16936 XOR
2 1 9117 16933 16934 AND
2 1 11167 16934 16935 AND
2 1 16936 16935 16937 XOR
2 1 16928 16937 16938 AND
2 1 16858 16490 16939 XOR
2 1 9570 11080 16940 AND
2 1 9115 11082 16941 AND
2 1 9561 11086 16942 AND
2 1 16941 16942 16943 AND
2 1 16940 16943 16944 AND
2 1 9117 11102 16945 AND
2 1 16944 16945 16946 AND
2 1 16946 2 16947 XOR
2 1 16939 16947 16948 AND
2 1 16854 16512 16958 XOR
2 1 9570 11082 16959 AND
2 1 9115 10520 16960 AND
2 1 9561 11060 16961 AND
2 1 16960 16961 16962 AND
2 1 16959 16962 16963 AND
2 1 9117 11141 16964 AND
2 1 16963 16964 16965 AND
2 1 16965 2 16966 XOR
2 1 16958 16966 16967 AND
2 1 16958 2 17344 XOR
2 1 17344 16965 17345 XOR
2 1 16852 16851 16968 XOR
2 1 9570 11060 17336 AND
2 1 9115 10420 17337 AND
2 1 9561 10520 17338 AND
2 1 17337 17338 17339 AND
2 1 17336 17339 17340 AND
2 1 9117 11071 17341 AND
2 1 17340 17341 17342 AND
2 1 17342 2 17343 XOR
2 1 16968 17343 17346 AND
2 1 17345 17346 17347 AND
2 1 16849 16848 17323 XOR
2 1 9570 10520 17324 AND
2 1 9115 10215 17325 AND
2 1 9561 10420 17326 AND
2 1 17325 17326 17327 AND
2 1 17324 17327 17328 AND
2 1 9117 10524 17329 AND
2 1 17328 17329 17330 AND
2 1 17330 2 17331 XOR
2 1 17323 17331 17332 AND
2 1 9570 10420 17310 AND
2 1 9115 10103 17311 AND
2 1 9561 10215 17312 AND
2 1 17311 17312 17313 AND
2 1 17310 17313 17314 AND
2 1 9117 10625 17315 AND
2 1 17314 17315 17316 AND
2 1 17316 2 17317 XOR
2 1 16846 16543 17318 XOR
2 1 17317 17318 17319 AND
2 1 9570 10215 17297 AND
2 1 9115 10217 17298 AND
2 1 9561 10103 17299 AND
2 1 17298 17299 17300 AND
2 1 17297 17300 17301 AND
2 1 9117 11263 17302 AND
2 1 17301 17302 17303 AND
2 1 17303 2 17304 XOR
2 1 16844 16554 17305 XOR
2 1 17304 17305 17306 AND
2 1 9570 10103 17284 AND
2 1 9115 10219 17285 AND
2 1 9561 10217 17286 AND
2 1 17285 17286 17287 AND
2 1 17284 17287 17288 AND
2 1 9117 11272 17289 AND
2 1 17288 17289 17290 AND
2 1 17290 2 17291 XOR
2 1 16842 16565 17292 XOR
2 1 17291 17292 17293 AND
2 1 16840 16839 16969 XOR
2 1 9570 10217 17272 AND
2 1 9115 10222 17273 AND
2 1 9561 10219 17274 AND
2 1 17273 17274 17275 AND
2 1 17272 17275 17276 AND
2 1 9117 11511 17277 AND
2 1 17276 17277 17278 AND
2 1 17278 2 17279 XOR
2 1 16969 17279 17280 AND
2 1 16837 16836 17259 XOR
2 1 9570 10219 17260 AND
2 1 9115 10221 17261 AND
2 1 9561 10222 17262 AND
2 1 17261 17262 17263 AND
2 1 17260 17263 17264 AND
2 1 9117 11381 17265 AND
2 1 17264 17265 17266 AND
2 1 17266 2 17267 XOR
2 1 17259 17267 17268 AND
2 1 16834 16833 17246 XOR
2 1 9570 10222 17247 AND
2 1 9115 10224 17248 AND
2 1 9561 10221 17249 AND
2 1 17248 17249 17250 AND
2 1 17247 17250 17251 AND
2 1 9117 11597 17252 AND
2 1 17251 17252 17253 AND
2 1 17253 2 17254 XOR
2 1 17246 17254 17255 AND
2 1 9570 10221 17233 AND
2 1 9115 10226 17234 AND
2 1 9561 10224 17235 AND
2 1 17234 17235 17236 AND
2 1 17233 17236 17237 AND
2 1 9117 11650 17238 AND
2 1 17237 17238 17239 AND
2 1 17239 2 17240 XOR
2 1 16831 16606 17241 XOR
2 1 17240 17241 17242 AND
2 1 9570 10224 17220 AND
2 1 9115 10228 17221 AND
2 1 9561 10226 17222 AND
2 1 17221 17222 17223 AND
2 1 17220 17223 17224 AND
2 1 9117 11810 17225 AND
2 1 17224 17225 17226 AND
2 1 17226 2 17227 XOR
2 1 16829 16617 17228 XOR
2 1 17227 17228 17229 AND
2 1 9570 10226 17207 AND
2 1 9115 10230 17208 AND
2 1 9561 10228 17209 AND
2 1 17208 17209 17210 AND
2 1 17207 17210 17211 AND
2 1 9117 11819 17212 AND
2 1 17211 17212 17213 AND
2 1 17213 2 17214 XOR
2 1 16827 16628 17215 XOR
2 1 17214 17215 17216 AND
2 1 16825 16824 16970 XOR
2 1 9570 10228 17195 AND
2 1 9115 10232 17196 AND
2 1 9561 10230 17197 AND
2 1 17196 17197 17198 AND
2 1 17195 17198 17199 AND
2 1 9117 12124 17200 AND
2 1 17199 17200 17201 AND
2 1 17201 2 17202 XOR
2 1 16970 17202 17203 AND
2 1 16822 16821 17182 XOR
2 1 9570 10230 17183 AND
2 1 9115 10234 17184 AND
2 1 9561 10232 17185 AND
2 1 17184 17185 17186 AND
2 1 17183 17186 17187 AND
2 1 9117 11964 17188 AND
2 1 17187 17188 17189 AND
2 1 17189 2 17190 XOR
2 1 17182 17190 17191 AND
2 1 16819 16818 17169 XOR
2 1 9570 10232 17170 AND
2 1 9115 10236 17171 AND
2 1 9561 10234 17172 AND
2 1 17171 17172 17173 AND
2 1 17170 17173 17174 AND
2 1 9117 12235 17175 AND
2 1 17174 17175 17176 AND
2 1 17176 2 17177 XOR
2 1 17169 17177 17178 AND
2 1 9570 10234 17156 AND
2 1 9115 10238 17157 AND
2 1 9561 10236 17158 AND
2 1 17157 17158 17159 AND
2 1 17156 17159 17160 AND
2 1 9117 12427 17161 AND
2 1 17160 17161 17162 AND
2 1 17162 2 17163 XOR
2 1 16816 16669 17164 XOR
2 1 17163 17164 17165 AND
2 1 9570 10236 17143 AND
2 1 9115 10240 17144 AND
2 1 9561 10238 17145 AND
2 1 17144 17145 17146 AND
2 1 17143 17146 17147 AND
2 1 9117 12315 17148 AND
2 1 17147 17148 17149 AND
2 1 17149 2 17150 XOR
2 1 16814 16680 17151 XOR
2 1 17150 17151 17152 AND
2 1 9570 10238 17130 AND
2 1 9115 10242 17131 AND
2 1 9561 10240 17132 AND
2 1 17131 17132 17133 AND
2 1 17130 17133 17134 AND
2 1 9117 12540 17135 AND
2 1 17134 17135 17136 AND
2 1 17136 2 17137 XOR
2 1 16812 16691 17138 XOR
2 1 17137 17138 17139 AND
2 1 16810 16809 16971 XOR
2 1 9570 10240 17118 AND
2 1 9115 10244 17119 AND
2 1 9561 10242 17120 AND
2 1 17119 17120 17121 AND
2 1 17118 17121 17122 AND
2 1 9117 12764 17123 AND
2 1 17122 17123 17124 AND
2 1 17124 2 17125 XOR
2 1 16971 17125 17126 AND
2 1 16807 16806 17105 XOR
2 1 9570 10242 17106 AND
2 1 9115 10246 17107 AND
2 1 9561 10244 17108 AND
2 1 17107 17108 17109 AND
2 1 17106 17109 17110 AND
2 1 9117 12779 17111 AND
2 1 17110 17111 17112 AND
2 1 17112 2 17113 XOR
2 1 17105 17113 17114 AND
2 1 16804 16803 17092 XOR
2 1 9570 10244 17093 AND
2 1 9115 10248 17094 AND
2 1 9561 10246 17095 AND
2 1 17094 17095 17096 AND
2 1 17093 17096 17097 AND
2 1 9117 12522 17098 AND
2 1 17097 17098 17099 AND
2 1 17099 2 17100 XOR
2 1 17092 17100 17101 AND
2 1 9570 10246 17079 AND
2 1 9115 10250 17080 AND
2 1 9561 10248 17081 AND
2 1 17080 17081 17082 AND
2 1 17079 17082 17083 AND
2 1 9117 12813 17084 AND
2 1 17083 17084 17085 AND
2 1 17085 2 17086 XOR
2 1 16801 16732 17087 XOR
2 1 17086 17087 17088 AND
2 1 9570 10248 17066 AND
2 1 9115 10252 17067 AND
2 1 9561 10250 17068 AND
2 1 17067 17068 17069 AND
2 1 17066 17069 17070 AND
2 1 9117 12838 17071 AND
2 1 17070 17071 17072 AND
2 1 17072 2 17073 XOR
2 1 16799 16798 17074 XOR
2 1 17073 17074 17075 AND
2 1 9570 10250 17053 AND
2 1 9115 10254 17054 AND
2 1 9561 10252 17055 AND
2 1 17054 17055 17056 AND
2 1 17053 17056 17057 AND
2 1 9117 12861 17058 AND
2 1 17057 17058 17059 AND
2 1 17059 2 17060 XOR
2 1 16796 16753 17061 XOR
2 1 17060 17061 17062 AND
2 1 16794 16793 16972 XOR
2 1 9570 10252 17041 AND
2 1 9115 10256 17042 AND
2 1 9561 10254 17043 AND
2 1 17042 17043 17044 AND
2 1 17041 17044 17045 AND
2 1 9117 12891 17046 AND
2 1 17045 17046 17047 AND
2 1 17047 2 17048 XOR
2 1 16972 17048 17049 AND
2 1 9570 10254 17028 AND
2 1 9115 10261 17029 AND
2 1 9561 10256 17030 AND
2 1 17029 17030 17031 AND
2 1 17028 17031 17032 AND
2 1 9117 12947 17033 AND
2 1 17032 17033 17034 AND
2 1 17034 2 17035 XOR
2 1 16791 16783 17036 XOR
2 1 17035 17036 17037 AND
2 1 16780 16772 16973 XOR
2 1 9570 10256 17016 AND
2 1 9115 10263 17017 AND
2 1 9561 10261 17018 AND
2 1 17017 17018 17019 AND
2 1 17016 17019 17020 AND
2 1 9117 12983 17021 AND
2 1 17020 17021 17022 AND
2 1 17022 2 17023 XOR
2 1 16973 17023 17024 AND
2 1 0 10272 16974 AND
2 1 9570 10267 16976 AND
2 1 9115 10272 16977 AND
2 1 9561 10268 16978 AND
2 1 16977 16978 16979 AND
2 1 16976 16979 16980 AND
2 1 2 16980 16981 AND
2 1 9617 13129 16975 AND
2 1 9617 13122 16982 AND
2 1 9570 10268 16984 AND
2 1 9626 10272 16983 AND
2 1 2 16983 16985 AND
2 1 16984 16985 16986 AND
2 1 16982 16986 16987 AND
2 1 16975 16987 16988 AND
2 1 16981 16988 16989 AND
2 1 16974 16989 16990 AND
2 1 16770 16990 16991 AND
2 1 16770 16990 16992 AND
2 1 9570 10263 16993 AND
2 1 9115 10268 16994 AND
2 1 9561 10267 16995 AND
2 1 16994 16995 16996 AND
2 1 16993 16996 16997 AND
2 1 9117 13052 16998 AND
2 1 16997 16998 16999 AND
2 1 16999 2 17000 XOR
2 1 16992 17000 17001 AND
2 1 16991 17001 17002 AND
2 1 9570 10261 17003 AND
2 1 9115 10267 17004 AND
2 1 9561 10263 17005 AND
2 1 17004 17005 17006 AND
2 1 17003 17006 17007 AND
2 1 9117 13026 17008 AND
2 1 17007 17008 17009 AND
2 1 17009 2 17010 XOR
2 1 17002 17010 17011 AND
2 1 16771 16769 17012 XOR
2 1 17011 17012 17013 AND
2 1 17002 17010 17014 AND
2 1 17013 17014 17015 AND
2 1 16973 17023 17025 AND
2 1 17015 17025 17026 AND
2 1 17024 17026 17027 AND
2 1 17035 17036 17038 AND
2 1 17027 17038 17039 AND
2 1 17037 17039 17040 AND
2 1 16972 17048 17050 AND
2 1 17040 17050 17051 AND
2 1 17049 17051 17052 AND
2 1 17060 17061 17063 AND
2 1 17052 17063 17064 AND
2 1 17062 17064 17065 AND
2 1 17073 17074 17076 AND
2 1 17065 17076 17077 AND
2 1 17075 17077 17078 AND
2 1 17086 17087 17089 AND
2 1 17078 17089 17090 AND
2 1 17088 17090 17091 AND
2 1 17092 17100 17102 AND
2 1 17091 17102 17103 AND
2 1 17101 17103 17104 AND
2 1 17105 17113 17115 AND
2 1 17104 17115 17116 AND
2 1 17114 17116 17117 AND
2 1 16971 17125 17127 AND
2 1 17117 17127 17128 AND
2 1 17126 17128 17129 AND
2 1 17137 17138 17140 AND
2 1 17129 17140 17141 AND
2 1 17139 17141 17142 AND
2 1 17150 17151 17153 AND
2 1 17142 17153 17154 AND
2 1 17152 17154 17155 AND
2 1 17163 17164 17166 AND
2 1 17155 17166 17167 AND
2 1 17165 17167 17168 AND
2 1 17169 17177 17179 AND
2 1 17168 17179 17180 AND
2 1 17178 17180 17181 AND
2 1 17182 17190 17192 AND
2 1 17181 17192 17193 AND
2 1 17191 17193 17194 AND
2 1 16970 17202 17204 AND
2 1 17194 17204 17205 AND
2 1 17203 17205 17206 AND
2 1 17214 17215 17217 AND
2 1 17206 17217 17218 AND
2 1 17216 17218 17219 AND
2 1 17227 17228 17230 AND
2 1 17219 17230 17231 AND
2 1 17229 17231 17232 AND
2 1 17240 17241 17243 AND
2 1 17232 17243 17244 AND
2 1 17242 17244 17245 AND
2 1 17246 17254 17256 AND
2 1 17245 17256 17257 AND
2 1 17255 17257 17258 AND
2 1 17259 17267 17269 AND
2 1 17258 17269 17270 AND
2 1 17268 17270 17271 AND
2 1 16969 17279 17281 AND
2 1 17271 17281 17282 AND
2 1 17280 17282 17283 AND
2 1 17291 17292 17294 AND
2 1 17283 17294 17295 AND
2 1 17293 17295 17296 AND
2 1 17304 17305 17307 AND
2 1 17296 17307 17308 AND
2 1 17306 17308 17309 AND
2 1 17317 17318 17320 AND
2 1 17309 17320 17321 AND
2 1 17319 17321 17322 AND
2 1 17323 17331 17333 AND
2 1 17322 17333 17334 AND
2 1 17332 17334 17335 AND
2 1 16968 17343 17348 AND
2 1 17335 17348 17349 AND
2 1 17347 17349 17350 AND
2 1 16967 17350 17351 AND
2 1 16856 16501 16949 XOR
2 1 9570 11086 16950 AND
2 1 9115 11060 16951 AND
2 1 9561 11082 16952 AND
2 1 16951 16952 16953 AND
2 1 16950 16953 16954 AND
2 1 9117 11417 16955 AND
2 1 16954 16955 16956 AND
2 1 16956 2 16957 XOR
2 1 16949 16957 17355 AND
2 1 17351 17355 17356 AND
2 1 16939 2 17353 XOR
2 1 17353 16946 17354 XOR
2 1 16949 16957 17357 AND
2 1 17354 17357 17358 AND
2 1 17356 17358 17359 AND
2 1 16948 17359 17360 AND
2 1 16938 17360 17364 AND
2 1 16918 2 17362 XOR
2 1 17362 16925 17363 XOR
2 1 16928 16937 17365 AND
2 1 17363 17365 17366 AND
2 1 17364 17366 17367 AND
2 1 16927 17367 17368 AND
2 1 16916 16908 17369 XOR
2 1 17368 17369 17370 AND
2 1 16917 17370 17371 AND
2 1 16906 16898 17372 XOR
2 1 17371 17372 17373 AND
2 1 16907 17373 17374 AND
2 1 16896 16888 17375 XOR
2 1 17374 17375 17376 AND
2 1 16897 17376 17377 AND
2 1 16886 16878 17378 XOR
2 1 17377 17378 17379 AND
2 1 16887 17379 17380 AND
2 1 16877 17380 17381 AND
2 1 16876 17381 17382 AND
2 1 16411 17382 17383 AND
2 1 16410 17383 17384 AND
2 1 16388 17384 17385 AND
2 1 16387 17385 17386 AND
2 1 15939 17386 17387 AND
2 1 15938 17387 17388 AND
2 1 15511 15510 17389 XOR
2 1 17388 17389 17390 AND
2 1 15512 17390 17391 AND
2 1 15115 17391 17392 AND
2 1 15114 17392 17393 AND
2 1 14742 17393 17394 AND
2 1 14741 17394 17395 AND
2 1 14391 14390 17396 XOR
2 1 17395 17396 17397 AND
2 1 14392 17397 17398 AND
2 1 14070 17398 17399 AND
2 1 14069 17399 17400 AND
2 1 13770 17400 17401 AND
2 1 13769 17401 17402 AND
2 1 13497 13496 17403 XOR
2 1 17402 17403 17404 AND
2 1 13498 17404 17405 AND
2 1 13385 17405 17406 AND
2 1 13384 17406 17407 AND
2 1 13262 17407 17411 AND
2 1 12733 12732 17410 XOR
2 1 12735 13261 17412 AND
2 1 17410 17412 17413 AND
2 1 17411 17413 17414 AND
2 1 12734 17414 17415 AND
2 1 12634 17415 17420 AND
2 1 17419 17420 17421 AND
2 1 12398 17421 17422 AND
2 1 12208 17422 17428 AND
2 1 17427 17428 17429 AND
2 1 12108 17429 17430 AND
2 1 12032 17430 17434 AND
2 1 11717 11716 17433 XOR
2 1 11719 12031 17435 AND
2 1 17433 17435 17436 AND
2 1 17434 17436 17437 AND
2 1 11718 17437 17438 AND
2 1 11583 17438 17443 AND
2 1 17442 17443 17444 AND
2 1 11506 17444 17445 AND
2 1 17446 17502 17503 AND
2 1 17445 17503 20088 AND
2 1 20087 20088 20089 AND
2 1 20083 20089 20090 AND
2 1 20091 20090 20144 XOR
2 1 9570 20144 20577 AND
2 1 17502 17446 17504 XOR
2 1 17504 17445 17506 XOR
2 1 9115 17506 20578 AND
2 1 17445 17504 17505 AND
2 1 17503 17505 20085 AND
2 1 20085 20084 20142 XOR
2 1 9561 20142 20579 AND
2 1 20578 20579 20580 AND
2 1 20577 20580 20581 AND
2 1 20144 20142 20154 XOR
2 1 11582 11508 11584 XOR
2 1 11584 17438 17439 AND
2 1 11583 17439 17440 AND
2 1 17440 11507 17510 XOR
2 1 17510 20142 20149 AND
2 1 17506 20149 20150 AND
2 1 17438 11584 17508 XOR
2 1 17508 17510 17660 AND
2 1 12031 11719 12033 XOR
2 1 12033 17430 17431 AND
2 1 12032 17431 17432 AND
2 1 17433 17432 17514 XOR
2 1 17508 17514 17515 AND
2 1 17430 12033 17516 XOR
2 1 17514 17516 17517 AND
2 1 12207 12206 17423 XOR
2 1 17422 17423 17424 AND
2 1 12208 17424 17425 AND
2 1 17425 12109 17518 XOR
2 1 17516 17518 17519 AND
2 1 17423 17422 17520 XOR
2 1 17518 17520 17521 AND
2 1 12633 12400 12635 XOR
2 1 12635 17415 17416 AND
2 1 12634 17416 17417 AND
2 1 17417 12399 17522 XOR
2 1 17520 17522 17523 AND
2 1 17415 12635 17524 XOR
2 1 17522 17524 17525 AND
2 1 13261 12735 13263 XOR
2 1 13263 17407 17408 AND
2 1 13262 17408 17409 AND
2 1 17410 17409 17526 XOR
2 1 17524 17526 17527 AND
2 1 17407 13263 17528 XOR
2 1 17526 17528 17529 AND
2 1 17405 13385 17530 XOR
2 1 17528 17530 17531 AND
2 1 17403 17402 17532 XOR
2 1 17530 17532 17533 AND
2 1 17400 13770 17534 XOR
2 1 17532 17534 17535 AND
2 1 17398 14070 17536 XOR
2 1 17534 17536 17537 AND
2 1 17396 17395 17538 XOR
2 1 17536 17538 17539 AND
2 1 17393 14742 17540 XOR
2 1 17538 17540 17541 AND
2 1 17391 15115 17542 XOR
2 1 17540 17542 17543 AND
2 1 17389 17388 17544 XOR
2 1 17542 17544 17545 AND
2 1 17386 15939 17546 XOR
2 1 17544 17546 17547 AND
2 1 17384 16388 17548 XOR
2 1 17546 17548 17549 AND
2 1 17382 16411 17550 XOR
2 1 17548 17550 17551 AND
2 1 17380 16877 17552 XOR
2 1 17550 17552 17553 AND
2 1 17378 17377 17554 XOR
2 1 17552 17554 17555 AND
2 1 17375 17374 17556 XOR
2 1 17554 17556 17557 AND
2 1 17372 17371 17558 XOR
2 1 17556 17558 17559 AND
2 1 17369 17368 17560 XOR
2 1 17558 17560 17561 AND
2 1 17363 16938 17564 XOR
2 1 16937 16928 17361 XOR
2 1 16938 17361 17562 AND
2 1 17360 17562 17563 AND
2 1 17564 17563 17565 XOR
2 1 17560 17565 17566 AND
2 1 17361 17360 17567 XOR
2 1 17565 17567 17568 AND
2 1 16957 16949 17352 XOR
2 1 17351 17352 17570 AND
2 1 17357 17354 17569 XOR
2 1 17570 17569 17571 XOR
2 1 17352 17351 17572 XOR
2 1 17571 17572 17578 AND
2 1 17343 16968 17574 XOR
2 1 17335 17574 17575 AND
2 1 17346 17345 17573 XOR
2 1 17575 17573 17576 XOR
2 1 17572 17576 17577 AND
2 1 17571 17577 17579 AND
2 1 17567 17579 17580 AND
2 1 17578 17580 17581 AND
2 1 17567 17565 17582 XOR
2 1 17581 17582 17583 AND
2 1 17568 17583 17584 AND
2 1 17565 17560 17585 XOR
2 1 17584 17585 17586 AND
2 1 17566 17586 17587 AND
2 1 17560 17558 17588 XOR
2 1 17587 17588 17589 AND
2 1 17561 17589 17590 AND
2 1 17558 17556 17591 XOR
2 1 17590 17591 17592 AND
2 1 17559 17592 17593 AND
2 1 17556 17554 17594 XOR
2 1 17593 17594 17595 AND
2 1 17557 17595 17596 AND
2 1 17554 17552 17597 XOR
2 1 17596 17597 17598 AND
2 1 17555 17598 17599 AND
2 1 17552 17550 17600 XOR
2 1 17599 17600 17601 AND
2 1 17553 17601 17602 AND
2 1 17550 17548 17603 XOR
2 1 17602 17603 17604 AND
2 1 17551 17604 17605 AND
2 1 17548 17546 17606 XOR
2 1 17605 17606 17607 AND
2 1 17549 17607 17608 AND
2 1 17546 17544 17609 XOR
2 1 17608 17609 17610 AND
2 1 17547 17610 17611 AND
2 1 17544 17542 17612 XOR
2 1 17611 17612 17613 AND
2 1 17545 17613 17614 AND
2 1 17542 17540 17615 XOR
2 1 17614 17615 17616 AND
2 1 17543 17616 17617 AND
2 1 17540 17538 17618 XOR
2 1 17617 17618 17619 AND
2 1 17541 17619 17620 AND
2 1 17538 17536 17621 XOR
2 1 17620 17621 17622 AND
2 1 17539 17622 17623 AND
2 1 17536 17534 17624 XOR
2 1 17623 17624 17625 AND
2 1 17537 17625 17626 AND
2 1 17534 17532 17627 XOR
2 1 17626 17627 17628 AND
2 1 17535 17628 17629 AND
2 1 17532 17530 17630 XOR
2 1 17629 17630 17631 AND
2 1 17533 17631 17632 AND
2 1 17530 17528 17633 XOR
2 1 17632 17633 17634 AND
2 1 17531 17634 17635 AND
2 1 17528 17526 17636 XOR
2 1 17635 17636 17637 AND
2 1 17529 17637 17638 AND
2 1 17526 17524 17639 XOR
2 1 17638 17639 17640 AND
2 1 17527 17640 17641 AND
2 1 17524 17522 17642 XOR
2 1 17641 17642 17643 AND
2 1 17525 17643 17644 AND
2 1 17522 17520 17645 XOR
2 1 17644 17645 17646 AND
2 1 17523 17646 17647 AND
2 1 17520 17518 17648 XOR
2 1 17647 17648 17649 AND
2 1 17521 17649 17650 AND
2 1 17518 17516 17651 XOR
2 1 17650 17651 17652 AND
2 1 17519 17652 17653 AND
2 1 17516 17514 17654 XOR
2 1 17653 17654 17655 AND
2 1 17517 17655 17656 AND
2 1 17514 17508 17657 XOR
2 1 17656 17657 17658 AND
2 1 17515 17658 17659 AND
2 1 17510 17508 17661 XOR
2 1 17659 17661 17662 AND
2 1 17660 17662 17663 AND
2 1 17510 17506 17665 XOR
2 1 17663 17665 17666 AND
2 1 17506 20142 20151 AND
2 1 17666 20151 20152 AND
2 1 20150 20152 20153 AND
2 1 20154 20153 20582 XOR
2 1 9117 20582 20583 AND
2 1 20581 20583 20584 AND
2 1 20584 2 20585 XOR
2 1 35 17508 19592 AND
2 1 8307 17516 19593 AND
2 1 8691 17514 19594 AND
2 1 19593 19594 19595 AND
2 1 19592 19595 19596 AND
2 1 17657 17656 19597 XOR
2 1 8309 19597 19598 AND
2 1 19596 19598 19599 AND
2 1 19599 5 19600 XOR
2 1 7937 17518 19115 AND
2 1 7313 17522 19116 AND
2 1 7618 17520 19117 AND
2 1 19116 19117 19118 AND
2 1 19115 19118 19119 AND
2 1 17648 17647 19120 XOR
2 1 7315 19120 19121 AND
2 1 19119 19121 19122 AND
2 1 19122 8 19123 XOR
2 1 7018 17526 18822 AND
2 1 6543 17530 18823 AND
2 1 6777 17528 18824 AND
2 1 18823 18824 18825 AND
2 1 18822 18825 18826 AND
2 1 17636 17635 18827 XOR
2 1 6545 18827 18828 AND
2 1 18826 18828 18829 AND
2 1 18829 11 18830 XOR
2 1 6414 17532 18458 AND
2 1 5848 17536 18459 AND
2 1 6312 17534 18460 AND
2 1 18459 18460 18461 AND
2 1 18458 18461 18462 AND
2 1 17627 17626 18463 XOR
2 1 5845 18463 18464 AND
2 1 18462 18464 18465 AND
2 1 18465 14 18466 XOR
2 1 5157 17548 18019 AND
2 1 4681 17552 18020 AND
2 1 5096 17550 18021 AND
2 1 18020 18021 18022 AND
2 1 18019 18022 18023 AND
2 1 17603 17602 18024 XOR
2 1 4683 18024 18025 AND
2 1 18023 18025 18026 AND
2 1 18026 20 18027 XOR
2 1 4488 17554 17897 AND
2 1 4377 17558 17898 AND
2 1 4425 17556 17899 AND
2 1 17898 17899 17900 AND
2 1 17897 17900 17901 AND
2 1 17594 17593 17902 XOR
2 1 4379 17902 17903 AND
2 1 17901 17903 17904 AND
2 1 17904 23 17905 XOR
2 1 3525 17576 17722 AND
2 1 3377 17572 17723 AND
2 1 17722 17723 17724 AND
2 1 17576 17572 17726 XOR
2 1 3288 17726 17727 AND
2 1 17724 17727 17728 AND
2 1 17728 29 17729 XOR
2 1 3287 17576 17720 AND
2 1 29 17720 17721 AND
2 1 17729 17721 17759 XOR
2 1 3781 17565 17760 AND
2 1 3863 17571 17761 AND
2 1 3941 17567 17762 AND
2 1 17761 17762 17763 AND
2 1 17760 17763 17764 AND
2 1 17582 17581 17765 XOR
2 1 3945 17765 17766 AND
2 1 17764 17766 17767 AND
2 1 17767 26 17768 XOR
2 1 17759 17768 17769 AND
2 1 3779 17576 17770 AND
2 1 26 17770 17771 AND
2 1 3941 17576 17772 AND
2 1 3781 17572 17773 AND
2 1 17772 17773 17774 AND
2 1 3945 17726 17775 AND
2 1 17774 17775 17776 AND
2 1 17776 26 17777 XOR
2 1 17771 17777 17778 AND
2 1 3781 17571 17779 AND
2 1 3863 17576 17780 AND
2 1 3941 17572 17781 AND
2 1 17780 17781 17782 AND
2 1 17779 17782 17783 AND
2 1 17572 17576 17725 AND
2 1 17725 17571 17736 XOR
2 1 3945 17736 17784 AND
2 1 17783 17784 17785 AND
2 1 17785 26 17786 XOR
2 1 17778 17786 17787 AND
2 1 17720 17787 17788 AND
2 1 17787 17720 17789 XOR
2 1 3781 17567 17790 AND
2 1 3863 17572 17791 AND
2 1 3941 17571 17792 AND
2 1 17791 17792 17793 AND
2 1 17790 17793 17794 AND
2 1 17571 17572 17714 AND
2 1 17571 17577 17713 AND
2 1 17714 17713 17715 XOR
2 1 17715 17567 17716 XOR
2 1 3945 17716 17795 AND
2 1 17794 17795 17796 AND
2 1 17796 26 17797 XOR
2 1 17789 17797 17798 AND
2 1 17788 17798 17799 AND
2 1 17768 17759 17800 XOR
2 1 17799 17800 17801 AND
2 1 17769 17801 17802 AND
2 1 3377 17571 17731 AND
2 1 3461 17576 17732 AND
2 1 3525 17572 17733 AND
2 1 17732 17733 17734 AND
2 1 17731 17734 17735 AND
2 1 3288 17736 17737 AND
2 1 17735 17737 17738 AND
2 1 17738 29 17739 XOR
2 1 17721 17729 17730 AND
2 1 17739 17730 17756 XOR
2 1 3781 17560 17747 AND
2 1 3863 17567 17748 AND
2 1 3941 17565 17749 AND
2 1 17748 17749 17750 AND
2 1 17747 17750 17751 AND
2 1 17585 17584 17752 XOR
2 1 3945 17752 17753 AND
2 1 17751 17753 17754 AND
2 1 17754 26 17755 XOR
2 1 17756 17755 17758 XOR
2 1 17802 17758 17896 XOR
2 1 17905 17896 17989 XOR
2 1 4488 17556 17907 AND
2 1 4377 17560 17908 AND
2 1 4425 17558 17909 AND
2 1 17908 17909 17910 AND
2 1 17907 17910 17911 AND
2 1 17591 17590 17875 XOR
2 1 4379 17875 17912 AND
2 1 17911 17912 17913 AND
2 1 17913 23 17914 XOR
2 1 17800 17799 17915 XOR
2 1 17914 17915 17916 AND
2 1 17915 17914 17917 XOR
2 1 17797 17789 17918 XOR
2 1 4488 17558 17919 AND
2 1 4377 17565 17920 AND
2 1 4425 17560 17921 AND
2 1 17920 17921 17922 AND
2 1 17919 17922 17923 AND
2 1 17588 17587 17704 XOR
2 1 4379 17704 17924 AND
2 1 17923 17924 17925 AND
2 1 17925 23 17926 XOR
2 1 17918 17926 17927 AND
2 1 4488 17560 17928 AND
2 1 4377 17567 17929 AND
2 1 4425 17565 17930 AND
2 1 17929 17930 17931 AND
2 1 17928 17931 17932 AND
2 1 4379 17752 17933 AND
2 1 17932 17933 17934 AND
2 1 17934 23 17935 XOR
2 1 17786 17778 17936 XOR
2 1 17935 17936 17937 AND
2 1 17936 17935 17938 XOR
2 1 17777 17771 17939 XOR
2 1 4488 17565 17940 AND
2 1 4377 17571 17941 AND
2 1 4425 17567 17942 AND
2 1 17941 17942 17943 AND
2 1 17940 17943 17944 AND
2 1 4379 17765 17945 AND
2 1 17944 17945 17946 AND
2 1 17946 23 17947 XOR
2 1 17939 17947 17948 AND
2 1 4374 17576 17949 AND
2 1 23 17949 17950 AND
2 1 4425 17576 17951 AND
2 1 4488 17572 17952 AND
2 1 17951 17952 17953 AND
2 1 4379 17726 17954 AND
2 1 17953 17954 17955 AND
2 1 17955 23 17956 XOR
2 1 17950 17956 17957 AND
2 1 4488 17571 17958 AND
2 1 4377 17576 17959 AND
2 1 4425 17572 17960 AND
2 1 17959 17960 17961 AND
2 1 17958 17961 17962 AND
2 1 4379 17736 17963 AND
2 1 17962 17963 17964 AND
2 1 17964 23 17965 XOR
2 1 17957 17965 17966 AND
2 1 17770 17966 17967 AND
2 1 17966 17770 17968 XOR
2 1 4488 17567 17969 AND
2 1 4377 17572 17970 AND
2 1 4425 17571 17971 AND
2 1 17970 17971 17972 AND
2 1 17969 17972 17973 AND
2 1 4379 17716 17974 AND
2 1 17973 17974 17975 AND
2 1 17975 23 17976 XOR
2 1 17968 17976 17977 AND
2 1 17967 17977 17978 AND
2 1 17947 17939 17979 XOR
2 1 17978 17979 17980 AND
2 1 17948 17980 17981 AND
2 1 17938 17981 17982 AND
2 1 17937 17982 17983 AND
2 1 17926 17918 17984 XOR
2 1 17983 17984 17985 AND
2 1 17927 17985 17986 AND
2 1 17917 17986 17987 AND
2 1 17916 17987 17988 AND
2 1 17989 17988 18028 XOR
2 1 18027 18028 18029 AND
2 1 18028 18027 18030 XOR
2 1 17986 17917 18031 XOR
2 1 5157 17550 18032 AND
2 1 4681 17554 18033 AND
2 1 5096 17552 18034 AND
2 1 18033 18034 18035 AND
2 1 18032 18035 18036 AND
2 1 17600 17599 17695 XOR
2 1 4683 17695 18037 AND
2 1 18036 18037 18038 AND
2 1 18038 20 18039 XOR
2 1 18031 18039 18040 AND
2 1 17984 17983 18041 XOR
2 1 5157 17552 18042 AND
2 1 4681 17556 18043 AND
2 1 5096 17554 18044 AND
2 1 18043 18044 18045 AND
2 1 18042 18045 18046 AND
2 1 17597 17596 17891 XOR
2 1 4683 17891 18047 AND
2 1 18046 18047 18048 AND
2 1 18048 20 18049 XOR
2 1 18041 18049 18050 AND
2 1 17981 17938 18051 XOR
2 1 5157 17554 18052 AND
2 1 4681 17558 18053 AND
2 1 5096 17556 18054 AND
2 1 18053 18054 18055 AND
2 1 18052 18055 18056 AND
2 1 4683 17902 18057 AND
2 1 18056 18057 18058 AND
2 1 18058 20 18059 XOR
2 1 18051 18059 18060 AND
2 1 5157 17556 18061 AND
2 1 4681 17560 18062 AND
2 1 5096 17558 18063 AND
2 1 18062 18063 18064 AND
2 1 18061 18064 18065 AND
2 1 4683 17875 18066 AND
2 1 18065 18066 18067 AND
2 1 18067 20 18068 XOR
2 1 17979 17978 18069 XOR
2 1 18068 18069 18070 AND
2 1 18069 18068 18071 XOR
2 1 17976 17968 18072 XOR
2 1 5157 17558 18073 AND
2 1 4681 17565 18074 AND
2 1 5096 17560 18075 AND
2 1 18074 18075 18076 AND
2 1 18073 18076 18077 AND
2 1 4683 17704 18078 AND
2 1 18077 18078 18079 AND
2 1 18079 20 18080 XOR
2 1 18072 18080 18081 AND
2 1 5157 17560 18082 AND
2 1 4681 17567 18083 AND
2 1 5096 17565 18084 AND
2 1 18083 18084 18085 AND
2 1 18082 18085 18086 AND
2 1 4683 17752 18087 AND
2 1 18086 18087 18088 AND
2 1 18088 20 18089 XOR
2 1 17965 17957 18090 XOR
2 1 18089 18090 18091 AND
2 1 18090 18089 18092 XOR
2 1 17956 17950 18093 XOR
2 1 5157 17565 18094 AND
2 1 4681 17571 18095 AND
2 1 5096 17567 18096 AND
2 1 18095 18096 18097 AND
2 1 18094 18097 18098 AND
2 1 4683 17765 18099 AND
2 1 18098 18099 18100 AND
2 1 18100 20 18101 XOR
2 1 18093 18101 18102 AND
2 1 5096 17576 18103 AND
2 1 5157 17572 18104 AND
2 1 18103 18104 18105 AND
2 1 4683 17726 18106 AND
2 1 18105 18106 18107 AND
2 1 18107 20 18108 XOR
2 1 4679 17576 18109 AND
2 1 20 18109 18110 AND
2 1 18108 18110 18111 AND
2 1 5157 17571 18112 AND
2 1 4681 17576 18113 AND
2 1 5096 17572 18114 AND
2 1 18113 18114 18115 AND
2 1 18112 18115 18116 AND
2 1 4683 17736 18117 AND
2 1 18116 18117 18118 AND
2 1 18118 20 18119 XOR
2 1 18111 18119 18120 AND
2 1 17949 18120 18121 AND
2 1 18120 17949 18122 XOR
2 1 5157 17567 18123 AND
2 1 4681 17572 18124 AND
2 1 5096 17571 18125 AND
2 1 18124 18125 18126 AND
2 1 18123 18126 18127 AND
2 1 4683 17716 18128 AND
2 1 18127 18128 18129 AND
2 1 18129 20 18130 XOR
2 1 18122 18130 18131 AND
2 1 18121 18131 18132 AND
2 1 18101 18093 18133 XOR
2 1 18132 18133 18134 AND
2 1 18102 18134 18135 AND
2 1 18092 18135 18136 AND
2 1 18091 18136 18137 AND
2 1 18080 18072 18138 XOR
2 1 18137 18138 18139 AND
2 1 18081 18139 18140 AND
2 1 18071 18140 18141 AND
2 1 18070 18141 18142 AND
2 1 18059 18051 18143 XOR
2 1 18142 18143 18144 AND
2 1 18060 18144 18145 AND
2 1 18049 18041 18146 XOR
2 1 18145 18146 18147 AND
2 1 18050 18147 18148 AND
2 1 18039 18031 18149 XOR
2 1 18148 18149 18150 AND
2 1 18040 18150 18151 AND
2 1 18030 18151 18152 AND
2 1 18029 18152 18153 AND
2 1 4488 17552 17886 AND
2 1 4377 17556 17887 AND
2 1 4425 17554 17888 AND
2 1 17887 17888 17889 AND
2 1 17886 17889 17890 AND
2 1 4379 17891 17892 AND
2 1 17890 17892 17893 AND
2 1 17893 23 17894 XOR
2 1 17755 17756 17757 AND
2 1 17758 17802 17803 AND
2 1 17757 17803 17804 AND
2 1 38 17576 17741 AND
2 1 17730 17739 17740 AND
2 1 17741 17740 17742 XOR
2 1 3377 17567 17708 AND
2 1 3461 17572 17709 AND
2 1 3525 17571 17710 AND
2 1 17709 17710 17711 AND
2 1 17708 17711 17712 AND
2 1 3288 17716 17717 AND
2 1 17712 17717 17718 AND
2 1 17718 29 17719 XOR
2 1 17742 17719 17744 XOR
2 1 3781 17558 17699 AND
2 1 3863 17565 17700 AND
2 1 3941 17560 17701 AND
2 1 17700 17701 17702 AND
2 1 17699 17702 17703 AND
2 1 3945 17704 17705 AND
2 1 17703 17705 17706 AND
2 1 17706 26 17707 XOR
2 1 17744 17707 17746 XOR
2 1 17804 17746 17885 XOR
2 1 17894 17885 17992 XOR
2 1 17896 17905 17906 AND
2 1 17988 17989 17990 AND
2 1 17906 17990 17991 AND
2 1 17992 17991 18016 XOR
2 1 5157 17546 18007 AND
2 1 4681 17550 18008 AND
2 1 5096 17548 18009 AND
2 1 18008 18009 18010 AND
2 1 18007 18010 18011 AND
2 1 17606 17605 18012 XOR
2 1 4683 18012 18013 AND
2 1 18011 18013 18014 AND
2 1 18014 20 18015 XOR
2 1 18016 18015 18018 XOR
2 1 18153 18018 18256 XOR
2 1 5731 17540 18257 AND
2 1 5273 17544 18258 AND
2 1 5494 17542 18259 AND
2 1 18258 18259 18260 AND
2 1 18257 18260 18261 AND
2 1 17615 17614 18262 XOR
2 1 5275 18262 18263 AND
2 1 18261 18263 18264 AND
2 1 18264 17 18265 XOR
2 1 18256 18265 18266 AND
2 1 18151 18030 18267 XOR
2 1 5731 17542 18268 AND
2 1 5273 17546 18269 AND
2 1 5494 17544 18270 AND
2 1 18269 18270 18271 AND
2 1 18268 18271 18272 AND
2 1 17612 17611 18234 XOR
2 1 5275 18234 18273 AND
2 1 18272 18273 18274 AND
2 1 18274 17 18275 XOR
2 1 18267 18275 18276 AND
2 1 5731 17544 18277 AND
2 1 5273 17548 18278 AND
2 1 5494 17546 18279 AND
2 1 18278 18279 18280 AND
2 1 18277 18280 18281 AND
2 1 17609 17608 18002 XOR
2 1 5275 18002 18282 AND
2 1 18281 18282 18283 AND
2 1 18283 17 18284 XOR
2 1 18149 18148 18285 XOR
2 1 18284 18285 18286 AND
2 1 18285 18284 18287 XOR
2 1 5731 17546 18288 AND
2 1 5273 17550 18289 AND
2 1 5494 17548 18290 AND
2 1 18289 18290 18291 AND
2 1 18288 18291 18292 AND
2 1 5275 18012 18293 AND
2 1 18292 18293 18294 AND
2 1 18294 17 18295 XOR
2 1 18146 18145 18296 XOR
2 1 18295 18296 18297 AND
2 1 18296 18295 18298 XOR
2 1 5731 17548 18299 AND
2 1 5273 17552 18300 AND
2 1 5494 17550 18301 AND
2 1 18300 18301 18302 AND
2 1 18299 18302 18303 AND
2 1 5275 18024 18304 AND
2 1 18303 18304 18305 AND
2 1 18305 17 18306 XOR
2 1 18143 18142 18307 XOR
2 1 18306 18307 18308 AND
2 1 18307 18306 18309 XOR
2 1 18140 18071 18310 XOR
2 1 5731 17550 18311 AND
2 1 5273 17554 18312 AND
2 1 5494 17552 18313 AND
2 1 18312 18313 18314 AND
2 1 18311 18314 18315 AND
2 1 5275 17695 18316 AND
2 1 18315 18316 18317 AND
2 1 18317 17 18318 XOR
2 1 18310 18318 18319 AND
2 1 18138 18137 18320 XOR
2 1 5731 17552 18321 AND
2 1 5273 17556 18322 AND
2 1 5494 17554 18323 AND
2 1 18322 18323 18324 AND
2 1 18321 18324 18325 AND
2 1 5275 17891 18326 AND
2 1 18325 18326 18327 AND
2 1 18327 17 18328 XOR
2 1 18320 18328 18329 AND
2 1 18135 18092 18330 XOR
2 1 5731 17554 18331 AND
2 1 5273 17558 18332 AND
2 1 5494 17556 18333 AND
2 1 18332 18333 18334 AND
2 1 18331 18334 18335 AND
2 1 5275 17902 18336 AND
2 1 18335 18336 18337 AND
2 1 18337 17 18338 XOR
2 1 18330 18338 18339 AND
2 1 5731 17556 18340 AND
2 1 5273 17560 18341 AND
2 1 5494 17558 18342 AND
2 1 18341 18342 18343 AND
2 1 18340 18343 18344 AND
2 1 5275 17875 18345 AND
2 1 18344 18345 18346 AND
2 1 18346 17 18347 XOR
2 1 18133 18132 18348 XOR
2 1 18347 18348 18349 AND
2 1 18348 18347 18350 XOR
2 1 18130 18122 18351 XOR
2 1 5731 17558 18352 AND
2 1 5273 17565 18353 AND
2 1 5494 17560 18354 AND
2 1 18353 18354 18355 AND
2 1 18352 18355 18356 AND
2 1 5275 17704 18357 AND
2 1 18356 18357 18358 AND
2 1 18358 17 18359 XOR
2 1 18351 18359 18360 AND
2 1 5731 17560 18361 AND
2 1 5273 17567 18362 AND
2 1 5494 17565 18363 AND
2 1 18362 18363 18364 AND
2 1 18361 18364 18365 AND
2 1 5275 17752 18366 AND
2 1 18365 18366 18367 AND
2 1 18367 17 18368 XOR
2 1 18119 18111 18369 XOR
2 1 18368 18369 18370 AND
2 1 18369 18368 18371 XOR
2 1 18110 18108 18372 XOR
2 1 5731 17565 18373 AND
2 1 5273 17571 18374 AND
2 1 5494 17567 18375 AND
2 1 18374 18375 18376 AND
2 1 18373 18376 18377 AND
2 1 5275 17765 18378 AND
2 1 18377 18378 18379 AND
2 1 18379 17 18380 XOR
2 1 18372 18380 18381 AND
2 1 5494 17576 18382 AND
2 1 5731 17572 18383 AND
2 1 18382 18383 18384 AND
2 1 5275 17726 18385 AND
2 1 18384 18385 18386 AND
2 1 18386 17 18387 XOR
2 1 5270 17576 18388 AND
2 1 17 18388 18389 AND
2 1 18387 18389 18390 AND
2 1 5731 17571 18391 AND
2 1 5273 17576 18392 AND
2 1 5494 17572 18393 AND
2 1 18392 18393 18394 AND
2 1 18391 18394 18395 AND
2 1 5275 17736 18396 AND
2 1 18395 18396 18397 AND
2 1 18397 17 18398 XOR
2 1 18390 18398 18399 AND
2 1 18109 18399 18400 AND
2 1 18399 18109 18401 XOR
2 1 5731 17567 18402 AND
2 1 5273 17572 18403 AND
2 1 5494 17571 18404 AND
2 1 18403 18404 18405 AND
2 1 18402 18405 18406 AND
2 1 5275 17716 18407 AND
2 1 18406 18407 18408 AND
2 1 18408 17 18409 XOR
2 1 18401 18409 18410 AND
2 1 18400 18410 18411 AND
2 1 18380 18372 18412 XOR
2 1 18411 18412 18413 AND
2 1 18381 18413 18414 AND
2 1 18371 18414 18415 AND
2 1 18370 18415 18416 AND
2 1 18359 18351 18417 XOR
2 1 18416 18417 18418 AND
2 1 18360 18418 18419 AND
2 1 18350 18419 18420 AND
2 1 18349 18420 18421 AND
2 1 18338 18330 18422 XOR
2 1 18421 18422 18423 AND
2 1 18339 18423 18424 AND
2 1 18328 18320 18425 XOR
2 1 18424 18425 18426 AND
2 1 18329 18426 18427 AND
2 1 18318 18310 18428 XOR
2 1 18427 18428 18429 AND
2 1 18319 18429 18430 AND
2 1 18309 18430 18431 AND
2 1 18308 18431 18432 AND
2 1 18298 18432 18433 AND
2 1 18297 18433 18434 AND
2 1 18287 18434 18435 AND
2 1 18286 18435 18436 AND
2 1 18275 18267 18437 XOR
2 1 18436 18437 18438 AND
2 1 18276 18438 18439 AND
2 1 18265 18256 18440 XOR
2 1 18439 18440 18441 AND
2 1 18266 18441 18442 AND
2 1 5157 17544 17997 AND
2 1 4681 17548 17998 AND
2 1 5096 17546 17999 AND
2 1 17998 17999 18000 AND
2 1 17997 18000 18001 AND
2 1 4683 18002 18003 AND
2 1 18001 18003 18004 AND
2 1 18004 20 18005 XOR
2 1 17885 17894 17895 AND
2 1 17991 17992 17993 AND
2 1 17895 17993 17994 AND
2 1 3781 17556 17870 AND
2 1 3863 17560 17871 AND
2 1 3941 17558 17872 AND
2 1 17871 17872 17873 AND
2 1 17870 17873 17874 AND
2 1 3945 17875 17876 AND
2 1 17874 17876 17877 AND
2 1 17877 26 17878 XOR
2 1 17719 17742 17743 AND
2 1 17740 17741 17866 AND
2 1 17743 17866 17867 AND
2 1 39 17726 17858 AND
2 1 2957 17572 17857 AND
2 1 2962 17576 17859 AND
2 1 17857 17859 17860 AND
2 1 17858 17860 17861 AND
2 1 2773 3140 17826 AND
2 1 3759 17826 17827 AND
2 1 3983 17827 17828 AND
2 1 768 3097 17829 AND
2 1 11609 17829 17830 AND
2 1 17828 17830 17831 AND
2 1 382 598 17832 AND
2 1 2239 17832 17833 AND
2 1 17831 17833 17834 AND
2 1 454 502 17835 AND
2 1 553 17835 17836 AND
2 1 17834 17836 17837 AND
2 1 127 415 17838 AND
2 1 17837 17838 17839 AND
2 1 401 2054 17815 AND
2 1 72 849 17816 AND
2 1 17815 17816 17817 AND
2 1 113 426 17818 AND
2 1 1331 17818 17819 AND
2 1 17817 17819 17820 AND
2 1 192 380 17821 AND
2 1 944 17821 17822 AND
2 1 17820 17822 17823 AND
2 1 676 755 17824 AND
2 1 17823 17824 17825 AND
2 1 699 2038 17840 AND
2 1 1008 17840 17841 AND
2 1 12994 17841 17842 AND
2 1 17825 17842 17843 AND
2 1 17839 17843 17844 AND
2 1 12911 17844 17845 AND
2 1 1125 1144 17846 AND
2 1 1233 17846 17847 AND
2 1 17845 17847 17848 AND
2 1 305 774 17849 AND
2 1 1092 17849 17850 AND
2 1 17848 17850 17851 AND
2 1 153 295 17852 AND
2 1 361 17852 17853 AND
2 1 17851 17853 17854 AND
2 1 108 330 17855 AND
2 1 17854 17855 17856 AND
2 1 17861 17856 17863 XOR
2 1 3377 17565 17807 AND
2 1 3461 17571 17808 AND
2 1 3525 17567 17809 AND
2 1 17808 17809 17810 AND
2 1 17807 17810 17811 AND
2 1 3288 17765 17812 AND
2 1 17811 17812 17813 AND
2 1 17813 29 17814 XOR
2 1 17863 17814 17865 XOR
2 1 17867 17865 17869 XOR
2 1 17878 17869 17880 XOR
2 1 17707 17744 17745 AND
2 1 17746 17804 17805 AND
2 1 17745 17805 17806 AND
2 1 17880 17806 17882 XOR
2 1 4488 17550 17690 AND
2 1 4377 17554 17691 AND
2 1 4425 17552 17692 AND
2 1 17691 17692 17693 AND
2 1 17690 17693 17694 AND
2 1 4379 17695 17696 AND
2 1 17694 17696 17697 AND
2 1 17697 23 17698 XOR
2 1 17882 17698 17884 XOR
2 1 17994 17884 17996 XOR
2 1 18005 17996 18156 XOR
2 1 18015 18016 18017 AND
2 1 18018 18153 18154 AND
2 1 18017 18154 18155 AND
2 1 18156 18155 18253 XOR
2 1 5731 17538 18244 AND
2 1 5273 17542 18245 AND
2 1 5494 17540 18246 AND
2 1 18245 18246 18247 AND
2 1 18244 18247 18248 AND
2 1 17618 17617 18249 XOR
2 1 5275 18249 18250 AND
2 1 18248 18250 18251 AND
2 1 18251 17 18252 XOR
2 1 18253 18252 18255 XOR
2 1 18442 18255 18457 XOR
2 1 18466 18457 18694 XOR
2 1 6414 17534 18468 AND
2 1 5848 17538 18469 AND
2 1 6312 17536 18470 AND
2 1 18469 18470 18471 AND
2 1 18468 18471 18472 AND
2 1 17624 17623 18473 XOR
2 1 5845 18473 18474 AND
2 1 18472 18474 18475 AND
2 1 18475 14 18476 XOR
2 1 18440 18439 18477 XOR
2 1 18476 18477 18478 AND
2 1 18477 18476 18479 XOR
2 1 6414 17536 18480 AND
2 1 5848 17540 18481 AND
2 1 6312 17538 18482 AND
2 1 18481 18482 18483 AND
2 1 18480 18483 18484 AND
2 1 17621 17620 17686 XOR
2 1 5845 17686 18485 AND
2 1 18484 18485 18486 AND
2 1 18486 14 18487 XOR
2 1 18437 18436 18488 XOR
2 1 18487 18488 18489 AND
2 1 18488 18487 18490 XOR
2 1 18434 18287 18491 XOR
2 1 6414 17538 18492 AND
2 1 5848 17542 18493 AND
2 1 6312 17540 18494 AND
2 1 18493 18494 18495 AND
2 1 18492 18495 18496 AND
2 1 5845 18249 18497 AND
2 1 18496 18497 18498 AND
2 1 18498 14 18499 XOR
2 1 18491 18499 18500 AND
2 1 18432 18298 18501 XOR
2 1 6414 17540 18502 AND
2 1 5848 17544 18503 AND
2 1 6312 17542 18504 AND
2 1 18503 18504 18505 AND
2 1 18502 18505 18506 AND
2 1 5845 18262 18507 AND
2 1 18506 18507 18508 AND
2 1 18508 14 18509 XOR
2 1 18501 18509 18510 AND
2 1 18430 18309 18511 XOR
2 1 6414 17542 18512 AND
2 1 5848 17546 18513 AND
2 1 6312 17544 18514 AND
2 1 18513 18514 18515 AND
2 1 18512 18515 18516 AND
2 1 5845 18234 18517 AND
2 1 18516 18517 18518 AND
2 1 18518 14 18519 XOR
2 1 18511 18519 18520 AND
2 1 6414 17544 18521 AND
2 1 5848 17548 18522 AND
2 1 6312 17546 18523 AND
2 1 18522 18523 18524 AND
2 1 18521 18524 18525 AND
2 1 5845 18002 18526 AND
2 1 18525 18526 18527 AND
2 1 18527 14 18528 XOR
2 1 18428 18427 18529 XOR
2 1 18528 18529 18530 AND
2 1 18529 18528 18531 XOR
2 1 6414 17546 18532 AND
2 1 5848 17550 18533 AND
2 1 6312 17548 18534 AND
2 1 18533 18534 18535 AND
2 1 18532 18535 18536 AND
2 1 5845 18012 18537 AND
2 1 18536 18537 18538 AND
2 1 18538 14 18539 XOR
2 1 18425 18424 18540 XOR
2 1 18539 18540 18541 AND
2 1 18540 18539 18542 XOR
2 1 6414 17548 18543 AND
2 1 5848 17552 18544 AND
2 1 6312 17550 18545 AND
2 1 18544 18545 18546 AND
2 1 18543 18546 18547 AND
2 1 5845 18024 18548 AND
2 1 18547 18548 18549 AND
2 1 18549 14 18550 XOR
2 1 18422 18421 18551 XOR
2 1 18550 18551 18552 AND
2 1 18551 18550 18553 XOR
2 1 18419 18350 18554 XOR
2 1 6414 17550 18555 AND
2 1 5848 17554 18556 AND
2 1 6312 17552 18557 AND
2 1 18556 18557 18558 AND
2 1 18555 18558 18559 AND
2 1 5845 17695 18560 AND
2 1 18559 18560 18561 AND
2 1 18561 14 18562 XOR
2 1 18554 18562 18563 AND
2 1 18417 18416 18564 XOR
2 1 6414 17552 18565 AND
2 1 5848 17556 18566 AND
2 1 6312 17554 18567 AND
2 1 18566 18567 18568 AND
2 1 18565 18568 18569 AND
2 1 5845 17891 18570 AND
2 1 18569 18570 18571 AND
2 1 18571 14 18572 XOR
2 1 18564 18572 18573 AND
2 1 18414 18371 18574 XOR
2 1 6414 17554 18575 AND
2 1 5848 17558 18576 AND
2 1 6312 17556 18577 AND
2 1 18576 18577 18578 AND
2 1 18575 18578 18579 AND
2 1 5845 17902 18580 AND
2 1 18579 18580 18581 AND
2 1 18581 14 18582 XOR
2 1 18574 18582 18583 AND
2 1 6414 17556 18584 AND
2 1 5848 17560 18585 AND
2 1 6312 17558 18586 AND
2 1 18585 18586 18587 AND
2 1 18584 18587 18588 AND
2 1 5845 17875 18589 AND
2 1 18588 18589 18590 AND
2 1 18590 14 18591 XOR
2 1 18412 18411 18592 XOR
2 1 18591 18592 18593 AND
2 1 18592 18591 18594 XOR
2 1 18409 18401 18595 XOR
2 1 6414 17558 18596 AND
2 1 5848 17565 18597 AND
2 1 6312 17560 18598 AND
2 1 18597 18598 18599 AND
2 1 18596 18599 18600 AND
2 1 5845 17704 18601 AND
2 1 18600 18601 18602 AND
2 1 18602 14 18603 XOR
2 1 18595 18603 18604 AND
2 1 6414 17560 18605 AND
2 1 5848 17567 18606 AND
2 1 6312 17565 18607 AND
2 1 18606 18607 18608 AND
2 1 18605 18608 18609 AND
2 1 5845 17752 18610 AND
2 1 18609 18610 18611 AND
2 1 18611 14 18612 XOR
2 1 18398 18390 18613 XOR
2 1 18612 18613 18614 AND
2 1 18613 18612 18615 XOR
2 1 18389 18387 18616 XOR
2 1 6414 17565 18617 AND
2 1 5848 17571 18618 AND
2 1 6312 17567 18619 AND
2 1 18618 18619 18620 AND
2 1 18617 18620 18621 AND
2 1 5845 17765 18622 AND
2 1 18621 18622 18623 AND
2 1 18623 14 18624 XOR
2 1 18616 18624 18625 AND
2 1 6312 17576 18626 AND
2 1 6414 17572 18627 AND
2 1 18626 18627 18628 AND
2 1 5845 17726 18629 AND
2 1 18628 18629 18630 AND
2 1 18630 14 18631 XOR
2 1 5843 17576 18632 AND
2 1 14 18632 18633 AND
2 1 18631 18633 18634 AND
2 1 6414 17571 18635 AND
2 1 5848 17576 18636 AND
2 1 6312 17572 18637 AND
2 1 18636 18637 18638 AND
2 1 18635 18638 18639 AND
2 1 5845 17736 18640 AND
2 1 18639 18640 18641 AND
2 1 18641 14 18642 XOR
2 1 18634 18642 18643 AND
2 1 18388 18643 18644 AND
2 1 18643 18388 18645 XOR
2 1 6414 17567 18646 AND
2 1 5848 17572 18647 AND
2 1 6312 17571 18648 AND
2 1 18647 18648 18649 AND
2 1 18646 18649 18650 AND
2 1 5845 17716 18651 AND
2 1 18650 18651 18652 AND
2 1 18652 14 18653 XOR
2 1 18645 18653 18654 AND
2 1 18644 18654 18655 AND
2 1 18624 18616 18656 XOR
2 1 18655 18656 18657 AND
2 1 18625 18657 18658 AND
2 1 18615 18658 18659 AND
2 1 18614 18659 18660 AND
2 1 18603 18595 18661 XOR
2 1 18660 18661 18662 AND
2 1 18604 18662 18663 AND
2 1 18594 18663 18664 AND
2 1 18593 18664 18665 AND
2 1 18582 18574 18666 XOR
2 1 18665 18666 18667 AND
2 1 18583 18667 18668 AND
2 1 18572 18564 18669 XOR
2 1 18668 18669 18670 AND
2 1 18573 18670 18671 AND
2 1 18562 18554 18672 XOR
2 1 18671 18672 18673 AND
2 1 18563 18673 18674 AND
2 1 18553 18674 18675 AND
2 1 18552 18675 18676 AND
2 1 18542 18676 18677 AND
2 1 18541 18677 18678 AND
2 1 18531 18678 18679 AND
2 1 18530 18679 18680 AND
2 1 18519 18511 18681 XOR
2 1 18680 18681 18682 AND
2 1 18520 18682 18683 AND
2 1 18509 18501 18684 XOR
2 1 18683 18684 18685 AND
2 1 18510 18685 18686 AND
2 1 18499 18491 18687 XOR
2 1 18686 18687 18688 AND
2 1 18500 18688 18689 AND
2 1 18490 18689 18690 AND
2 1 18489 18690 18691 AND
2 1 18479 18691 18692 AND
2 1 18478 18692 18693 AND
2 1 18694 18693 18831 XOR
2 1 18830 18831 18832 AND
2 1 18831 18830 18833 XOR
2 1 18691 18479 18834 XOR
2 1 7018 17528 18835 AND
2 1 6543 17532 18836 AND
2 1 6777 17530 18837 AND
2 1 18836 18837 18838 AND
2 1 18835 18838 18839 AND
2 1 17633 17632 18800 XOR
2 1 6545 18800 18840 AND
2 1 18839 18840 18841 AND
2 1 18841 11 18842 XOR
2 1 18834 18842 18843 AND
2 1 18689 18490 18844 XOR
2 1 7018 17530 18845 AND
2 1 6543 17534 18846 AND
2 1 6777 17532 18847 AND
2 1 18846 18847 18848 AND
2 1 18845 18848 18849 AND
2 1 17630 17629 18452 XOR
2 1 6545 18452 18850 AND
2 1 18849 18850 18851 AND
2 1 18851 11 18852 XOR
2 1 18844 18852 18853 AND
2 1 7018 17532 18854 AND
2 1 6543 17536 18855 AND
2 1 6777 17534 18856 AND
2 1 18855 18856 18857 AND
2 1 18854 18857 18858 AND
2 1 6545 18463 18859 AND
2 1 18858 18859 18860 AND
2 1 18860 11 18861 XOR
2 1 18687 18686 18862 XOR
2 1 18861 18862 18863 AND
2 1 18862 18861 18864 XOR
2 1 7018 17534 18865 AND
2 1 6543 17538 18866 AND
2 1 6777 17536 18867 AND
2 1 18866 18867 18868 AND
2 1 18865 18868 18869 AND
2 1 6545 18473 18870 AND
2 1 18869 18870 18871 AND
2 1 18871 11 18872 XOR
2 1 18684 18683 18873 XOR
2 1 18872 18873 18874 AND
2 1 18873 18872 18875 XOR
2 1 7018 17536 18876 AND
2 1 6543 17540 18877 AND
2 1 6777 17538 18878 AND
2 1 18877 18878 18879 AND
2 1 18876 18879 18880 AND
2 1 6545 17686 18881 AND
2 1 18880 18881 18882 AND
2 1 18882 11 18883 XOR
2 1 18681 18680 18884 XOR
2 1 18883 18884 18885 AND
2 1 18884 18883 18886 XOR
2 1 18678 18531 18887 XOR
2 1 7018 17538 18888 AND
2 1 6543 17542 18889 AND
2 1 6777 17540 18890 AND
2 1 18889 18890 18891 AND
2 1 18888 18891 18892 AND
2 1 6545 18249 18893 AND
2 1 18892 18893 18894 AND
2 1 18894 11 18895 XOR
2 1 18887 18895 18896 AND
2 1 18676 18542 18897 XOR
2 1 7018 17540 18898 AND
2 1 6543 17544 18899 AND
2 1 6777 17542 18900 AND
2 1 18899 18900 18901 AND
2 1 18898 18901 18902 AND
2 1 6545 18262 18903 AND
2 1 18902 18903 18904 AND
2 1 18904 11 18905 XOR
2 1 18897 18905 18906 AND
2 1 18674 18553 18907 XOR
2 1 7018 17542 18908 AND
2 1 6543 17546 18909 AND
2 1 6777 17544 18910 AND
2 1 18909 18910 18911 AND
2 1 18908 18911 18912 AND
2 1 6545 18234 18913 AND
2 1 18912 18913 18914 AND
2 1 18914 11 18915 XOR
2 1 18907 18915 18916 AND
2 1 7018 17544 18917 AND
2 1 6543 17548 18918 AND
2 1 6777 17546 18919 AND
2 1 18918 18919 18920 AND
2 1 18917 18920 18921 AND
2 1 6545 18002 18922 AND
2 1 18921 18922 18923 AND
2 1 18923 11 18924 XOR
2 1 18672 18671 18925 XOR
2 1 18924 18925 18926 AND
2 1 18925 18924 18927 XOR
2 1 7018 17546 18928 AND
2 1 6543 17550 18929 AND
2 1 6777 17548 18930 AND
2 1 18929 18930 18931 AND
2 1 18928 18931 18932 AND
2 1 6545 18012 18933 AND
2 1 18932 18933 18934 AND
2 1 18934 11 18935 XOR
2 1 18669 18668 18936 XOR
2 1 18935 18936 18937 AND
2 1 18936 18935 18938 XOR
2 1 7018 17548 18939 AND
2 1 6543 17552 18940 AND
2 1 6777 17550 18941 AND
2 1 18940 18941 18942 AND
2 1 18939 18942 18943 AND
2 1 6545 18024 18944 AND
2 1 18943 18944 18945 AND
2 1 18945 11 18946 XOR
2 1 18666 18665 18947 XOR
2 1 18946 18947 18948 AND
2 1 18947 18946 18949 XOR
2 1 18663 18594 18950 XOR
2 1 7018 17550 18951 AND
2 1 6543 17554 18952 AND
2 1 6777 17552 18953 AND
2 1 18952 18953 18954 AND
2 1 18951 18954 18955 AND
2 1 6545 17695 18956 AND
2 1 18955 18956 18957 AND
2 1 18957 11 18958 XOR
2 1 18950 18958 18959 AND
2 1 18661 18660 18960 XOR
2 1 7018 17552 18961 AND
2 1 6543 17556 18962 AND
2 1 6777 17554 18963 AND
2 1 18962 18963 18964 AND
2 1 18961 18964 18965 AND
2 1 6545 17891 18966 AND
2 1 18965 18966 18967 AND
2 1 18967 11 18968 XOR
2 1 18960 18968 18969 AND
2 1 18658 18615 18970 XOR
2 1 7018 17554 18971 AND
2 1 6543 17558 18972 AND
2 1 6777 17556 18973 AND
2 1 18972 18973 18974 AND
2 1 18971 18974 18975 AND
2 1 6545 17902 18976 AND
2 1 18975 18976 18977 AND
2 1 18977 11 18978 XOR
2 1 18970 18978 18979 AND
2 1 7018 17556 18980 AND
2 1 6543 17560 18981 AND
2 1 6777 17558 18982 AND
2 1 18981 18982 18983 AND
2 1 18980 18983 18984 AND
2 1 6545 17875 18985 AND
2 1 18984 18985 18986 AND
2 1 18986 11 18987 XOR
2 1 18656 18655 18988 XOR
2 1 18987 18988 18989 AND
2 1 18988 18987 18990 XOR
2 1 18653 18645 18991 XOR
2 1 7018 17558 18992 AND
2 1 6543 17565 18993 AND
2 1 6777 17560 18994 AND
2 1 18993 18994 18995 AND
2 1 18992 18995 18996 AND
2 1 6545 17704 18997 AND
2 1 18996 18997 18998 AND
2 1 18998 11 18999 XOR
2 1 18991 18999 19000 AND
2 1 7018 17560 19001 AND
2 1 6543 17567 19002 AND
2 1 6777 17565 19003 AND
2 1 19002 19003 19004 AND
2 1 19001 19004 19005 AND
2 1 6545 17752 19006 AND
2 1 19005 19006 19007 AND
2 1 19007 11 19008 XOR
2 1 18642 18634 19009 XOR
2 1 19008 19009 19010 AND
2 1 19009 19008 19011 XOR
2 1 18633 18631 19012 XOR
2 1 7018 17565 19013 AND
2 1 6543 17571 19014 AND
2 1 6777 17567 19015 AND
2 1 19014 19015 19016 AND
2 1 19013 19016 19017 AND
2 1 6545 17765 19018 AND
2 1 19017 19018 19019 AND
2 1 19019 11 19020 XOR
2 1 19012 19020 19021 AND
2 1 6777 17576 19022 AND
2 1 7018 17572 19023 AND
2 1 19022 19023 19024 AND
2 1 6545 17726 19025 AND
2 1 19024 19025 19026 AND
2 1 19026 11 19027 XOR
2 1 6541 17576 19028 AND
2 1 11 19028 19029 AND
2 1 19027 19029 19030 AND
2 1 7018 17571 19031 AND
2 1 6543 17576 19032 AND
2 1 6777 17572 19033 AND
2 1 19032 19033 19034 AND
2 1 19031 19034 19035 AND
2 1 6545 17736 19036 AND
2 1 19035 19036 19037 AND
2 1 19037 11 19038 XOR
2 1 19030 19038 19039 AND
2 1 18632 19039 19040 AND
2 1 19039 18632 19041 XOR
2 1 7018 17567 19042 AND
2 1 6543 17572 19043 AND
2 1 6777 17571 19044 AND
2 1 19043 19044 19045 AND
2 1 19042 19045 19046 AND
2 1 6545 17716 19047 AND
2 1 19046 19047 19048 AND
2 1 19048 11 19049 XOR
2 1 19041 19049 19050 AND
2 1 19040 19050 19051 AND
2 1 19020 19012 19052 XOR
2 1 19051 19052 19053 AND
2 1 19021 19053 19054 AND
2 1 19011 19054 19055 AND
2 1 19010 19055 19056 AND
2 1 18999 18991 19057 XOR
2 1 19056 19057 19058 AND
2 1 19000 19058 19059 AND
2 1 18990 19059 19060 AND
2 1 18989 19060 19061 AND
2 1 18978 18970 19062 XOR
2 1 19061 19062 19063 AND
2 1 18979 19063 19064 AND
2 1 18968 18960 19065 XOR
2 1 19064 19065 19066 AND
2 1 18969 19066 19067 AND
2 1 18958 18950 19068 XOR
2 1 19067 19068 19069 AND
2 1 18959 19069 19070 AND
2 1 18949 19070 19071 AND
2 1 18948 19071 19072 AND
2 1 18938 19072 19073 AND
2 1 18937 19073 19074 AND
2 1 18927 19074 19075 AND
2 1 18926 19075 19076 AND
2 1 18915 18907 19077 XOR
2 1 19076 19077 19078 AND
2 1 18916 19078 19079 AND
2 1 18905 18897 19080 XOR
2 1 19079 19080 19081 AND
2 1 18906 19081 19082 AND
2 1 18895 18887 19083 XOR
2 1 19082 19083 19084 AND
2 1 18896 19084 19085 AND
2 1 18886 19085 19086 AND
2 1 18885 19086 19087 AND
2 1 18875 19087 19088 AND
2 1 18874 19088 19089 AND
2 1 18864 19089 19090 AND
2 1 18863 19090 19091 AND
2 1 18852 18844 19092 XOR
2 1 19091 19092 19093 AND
2 1 18853 19093 19094 AND
2 1 18842 18834 19095 XOR
2 1 19094 19095 19096 AND
2 1 18843 19096 19097 AND
2 1 18833 19097 19098 AND
2 1 18832 19098 19099 AND
2 1 6414 17530 18447 AND
2 1 5848 17534 18448 AND
2 1 6312 17532 18449 AND
2 1 18448 18449 18450 AND
2 1 18447 18450 18451 AND
2 1 5845 18452 18453 AND
2 1 18451 18453 18454 AND
2 1 18454 14 18455 XOR
2 1 18252 18253 18254 AND
2 1 18255 18442 18443 AND
2 1 18254 18443 18444 AND
2 1 5157 17542 18229 AND
2 1 4681 17546 18230 AND
2 1 5096 17544 18231 AND
2 1 18230 18231 18232 AND
2 1 18229 18232 18233 AND
2 1 4683 18234 18235 AND
2 1 18233 18235 18236 AND
2 1 18236 20 18237 XOR
2 1 17698 17882 17883 AND
2 1 17884 17994 17995 AND
2 1 17883 17995 18226 AND
2 1 3781 17554 18212 AND
2 1 3863 17558 18213 AND
2 1 3941 17556 18214 AND
2 1 18213 18214 18215 AND
2 1 18212 18215 18216 AND
2 1 3945 17902 18217 AND
2 1 18216 18217 18218 AND
2 1 18218 26 18219 XOR
2 1 17814 17863 17864 AND
2 1 17865 17867 17868 AND
2 1 17864 17868 18209 AND
2 1 197 296 18183 AND
2 1 50 18183 18184 AND
2 1 2975 11297 18185 AND
2 1 18184 18185 18186 AND
2 1 10117 18186 18187 AND
2 1 696 3191 18188 AND
2 1 18187 18188 18189 AND
2 1 931 4917 18190 AND
2 1 18189 18190 18191 AND
2 1 6030 18191 18192 AND
2 1 258 695 18193 AND
2 1 1093 18193 18194 AND
2 1 18192 18194 18195 AND
2 1 244 384 18196 AND
2 1 12911 18196 18197 AND
2 1 18195 18197 18198 AND
2 1 192 637 18199 AND
2 1 944 18199 18200 AND
2 1 18198 18200 18201 AND
2 1 531 18201 18202 AND
2 1 17856 17861 17862 AND
2 1 18202 17862 18204 XOR
2 1 39 17736 18176 AND
2 1 2957 17571 18177 AND
2 1 2959 17576 18178 AND
2 1 2962 17572 18179 AND
2 1 18178 18179 18180 AND
2 1 18177 18180 18181 AND
2 1 18176 18181 18182 AND
2 1 18204 18182 18206 XOR
2 1 3377 17560 18168 AND
2 1 3461 17567 18169 AND
2 1 3525 17565 18170 AND
2 1 18169 18170 18171 AND
2 1 18168 18171 18172 AND
2 1 3288 17752 18173 AND
2 1 18172 18173 18174 AND
2 1 18174 29 18175 XOR
2 1 18206 18175 18208 XOR
2 1 18209 18208 18211 XOR
2 1 18219 18211 18221 XOR
2 1 17869 17878 17879 AND
2 1 17806 17880 17881 AND
2 1 17879 17881 18167 AND
2 1 18221 18167 18223 XOR
2 1 4488 17548 18159 AND
2 1 4377 17552 18160 AND
2 1 4425 17550 18161 AND
2 1 18160 18161 18162 AND
2 1 18159 18162 18163 AND
2 1 4379 18024 18164 AND
2 1 18163 18164 18165 AND
2 1 18165 23 18166 XOR
2 1 18223 18166 18225 XOR
2 1 18226 18225 18228 XOR
2 1 18237 18228 18239 XOR
2 1 17996 18005 18006 AND
2 1 18155 18156 18157 AND
2 1 18006 18157 18158 AND
2 1 18239 18158 18241 XOR
2 1 5731 17536 17681 AND
2 1 5273 17540 17682 AND
2 1 5494 17538 17683 AND
2 1 17682 17683 17684 AND
2 1 17681 17684 17685 AND
2 1 5275 17686 17687 AND
2 1 17685 17687 17688 AND
2 1 17688 17 17689 XOR
2 1 18241 17689 18243 XOR
2 1 18444 18243 18446 XOR
2 1 18455 18446 18697 XOR
2 1 18457 18466 18467 AND
2 1 18693 18694 18695 AND
2 1 18467 18695 18696 AND
2 1 18697 18696 18819 XOR
2 1 7018 17524 18810 AND
2 1 6543 17528 18811 AND
2 1 6777 17526 18812 AND
2 1 18811 18812 18813 AND
2 1 18810 18813 18814 AND
2 1 17639 17638 18815 XOR
2 1 6545 18815 18816 AND
2 1 18814 18816 18817 AND
2 1 18817 11 18818 XOR
2 1 18819 18818 18821 XOR
2 1 19099 18821 19114 XOR
2 1 19123 19114 19442 XOR
2 1 19097 18833 19125 XOR
2 1 7937 17520 19126 AND
2 1 7313 17524 19127 AND
2 1 7618 17522 19128 AND
2 1 19127 19128 19129 AND
2 1 19126 19129 19130 AND
2 1 17645 17644 19131 XOR
2 1 7315 19131 19132 AND
2 1 19130 19132 19133 AND
2 1 19133 8 19134 XOR
2 1 19125 19134 19135 AND
2 1 7937 17522 19136 AND
2 1 7313 17526 19137 AND
2 1 7618 17524 19138 AND
2 1 19137 19138 19139 AND
2 1 19136 19139 19140 AND
2 1 17642 17641 17677 XOR
2 1 7315 17677 19141 AND
2 1 19140 19141 19142 AND
2 1 19142 8 19143 XOR
2 1 19095 19094 19144 XOR
2 1 19143 19144 19145 AND
2 1 19144 19143 19146 XOR
2 1 7937 17524 19147 AND
2 1 7313 17528 19148 AND
2 1 7618 17526 19149 AND
2 1 19148 19149 19150 AND
2 1 19147 19150 19151 AND
2 1 7315 18815 19152 AND
2 1 19151 19152 19153 AND
2 1 19153 8 19154 XOR
2 1 19092 19091 19155 XOR
2 1 19154 19155 19156 AND
2 1 19155 19154 19157 XOR
2 1 19089 18864 19158 XOR
2 1 7937 17526 19159 AND
2 1 7313 17530 19160 AND
2 1 7618 17528 19161 AND
2 1 19160 19161 19162 AND
2 1 19159 19162 19163 AND
2 1 7315 18827 19164 AND
2 1 19163 19164 19165 AND
2 1 19165 8 19166 XOR
2 1 19158 19166 19167 AND
2 1 19087 18875 19168 XOR
2 1 7937 17528 19169 AND
2 1 7313 17532 19170 AND
2 1 7618 17530 19171 AND
2 1 19170 19171 19172 AND
2 1 19169 19172 19173 AND
2 1 7315 18800 19174 AND
2 1 19173 19174 19175 AND
2 1 19175 8 19176 XOR
2 1 19168 19176 19177 AND
2 1 19085 18886 19178 XOR
2 1 7937 17530 19179 AND
2 1 7313 17534 19180 AND
2 1 7618 17532 19181 AND
2 1 19180 19181 19182 AND
2 1 19179 19182 19183 AND
2 1 7315 18452 19184 AND
2 1 19183 19184 19185 AND
2 1 19185 8 19186 XOR
2 1 19178 19186 19187 AND
2 1 7937 17532 19188 AND
2 1 7313 17536 19189 AND
2 1 7618 17534 19190 AND
2 1 19189 19190 19191 AND
2 1 19188 19191 19192 AND
2 1 7315 18463 19193 AND
2 1 19192 19193 19194 AND
2 1 19194 8 19195 XOR
2 1 19083 19082 19196 XOR
2 1 19195 19196 19197 AND
2 1 19196 19195 19198 XOR
2 1 7937 17534 19199 AND
2 1 7313 17538 19200 AND
2 1 7618 17536 19201 AND
2 1 19200 19201 19202 AND
2 1 19199 19202 19203 AND
2 1 7315 18473 19204 AND
2 1 19203 19204 19205 AND
2 1 19205 8 19206 XOR
2 1 19080 19079 19207 XOR
2 1 19206 19207 19208 AND
2 1 19207 19206 19209 XOR
2 1 7937 17536 19210 AND
2 1 7313 17540 19211 AND
2 1 7618 17538 19212 AND
2 1 19211 19212 19213 AND
2 1 19210 19213 19214 AND
2 1 7315 17686 19215 AND
2 1 19214 19215 19216 AND
2 1 19216 8 19217 XOR
2 1 19077 19076 19218 XOR
2 1 19217 19218 19219 AND
2 1 19218 19217 19220 XOR
2 1 19074 18927 19221 XOR
2 1 7937 17538 19222 AND
2 1 7313 17542 19223 AND
2 1 7618 17540 19224 AND
2 1 19223 19224 19225 AND
2 1 19222 19225 19226 AND
2 1 7315 18249 19227 AND
2 1 19226 19227 19228 AND
2 1 19228 8 19229 XOR
2 1 19221 19229 19230 AND
2 1 19072 18938 19231 XOR
2 1 7937 17540 19232 AND
2 1 7313 17544 19233 AND
2 1 7618 17542 19234 AND
2 1 19233 19234 19235 AND
2 1 19232 19235 19236 AND
2 1 7315 18262 19237 AND
2 1 19236 19237 19238 AND
2 1 19238 8 19239 XOR
2 1 19231 19239 19240 AND
2 1 19070 18949 19241 XOR
2 1 7937 17542 19242 AND
2 1 7313 17546 19243 AND
2 1 7618 17544 19244 AND
2 1 19243 19244 19245 AND
2 1 19242 19245 19246 AND
2 1 7315 18234 19247 AND
2 1 19246 19247 19248 AND
2 1 19248 8 19249 XOR
2 1 19241 19249 19250 AND
2 1 7937 17544 19251 AND
2 1 7313 17548 19252 AND
2 1 7618 17546 19253 AND
2 1 19252 19253 19254 AND
2 1 19251 19254 19255 AND
2 1 7315 18002 19256 AND
2 1 19255 19256 19257 AND
2 1 19257 8 19258 XOR
2 1 19068 19067 19259 XOR
2 1 19258 19259 19260 AND
2 1 19259 19258 19261 XOR
2 1 7937 17546 19262 AND
2 1 7313 17550 19263 AND
2 1 7618 17548 19264 AND
2 1 19263 19264 19265 AND
2 1 19262 19265 19266 AND
2 1 7315 18012 19267 AND
2 1 19266 19267 19268 AND
2 1 19268 8 19269 XOR
2 1 19065 19064 19270 XOR
2 1 19269 19270 19271 AND
2 1 19270 19269 19272 XOR
2 1 7937 17548 19273 AND
2 1 7313 17552 19274 AND
2 1 7618 17550 19275 AND
2 1 19274 19275 19276 AND
2 1 19273 19276 19277 AND
2 1 7315 18024 19278 AND
2 1 19277 19278 19279 AND
2 1 19279 8 19280 XOR
2 1 19062 19061 19281 XOR
2 1 19280 19281 19282 AND
2 1 19281 19280 19283 XOR
2 1 19059 18990 19284 XOR
2 1 7937 17550 19285 AND
2 1 7313 17554 19286 AND
2 1 7618 17552 19287 AND
2 1 19286 19287 19288 AND
2 1 19285 19288 19289 AND
2 1 7315 17695 19290 AND
2 1 19289 19290 19291 AND
2 1 19291 8 19292 XOR
2 1 19284 19292 19293 AND
2 1 19057 19056 19294 XOR
2 1 7937 17552 19295 AND
2 1 7313 17556 19296 AND
2 1 7618 17554 19297 AND
2 1 19296 19297 19298 AND
2 1 19295 19298 19299 AND
2 1 7315 17891 19300 AND
2 1 19299 19300 19301 AND
2 1 19301 8 19302 XOR
2 1 19294 19302 19303 AND
2 1 19054 19011 19304 XOR
2 1 7937 17554 19305 AND
2 1 7313 17558 19306 AND
2 1 7618 17556 19307 AND
2 1 19306 19307 19308 AND
2 1 19305 19308 19309 AND
2 1 7315 17902 19310 AND
2 1 19309 19310 19311 AND
2 1 19311 8 19312 XOR
2 1 19304 19312 19313 AND
2 1 7937 17556 19314 AND
2 1 7313 17560 19315 AND
2 1 7618 17558 19316 AND
2 1 19315 19316 19317 AND
2 1 19314 19317 19318 AND
2 1 7315 17875 19319 AND
2 1 19318 19319 19320 AND
2 1 19320 8 19321 XOR
2 1 19052 19051 19322 XOR
2 1 19321 19322 19323 AND
2 1 19322 19321 19324 XOR
2 1 19049 19041 19325 XOR
2 1 7937 17558 19326 AND
2 1 7313 17565 19327 AND
2 1 7618 17560 19328 AND
2 1 19327 19328 19329 AND
2 1 19326 19329 19330 AND
2 1 7315 17704 19331 AND
2 1 19330 19331 19332 AND
2 1 19332 8 19333 XOR
2 1 19325 19333 19334 AND
2 1 7937 17560 19335 AND
2 1 7313 17567 19336 AND
2 1 7618 17565 19337 AND
2 1 19336 19337 19338 AND
2 1 19335 19338 19339 AND
2 1 7315 17752 19340 AND
2 1 19339 19340 19341 AND
2 1 19341 8 19342 XOR
2 1 19038 19030 19343 XOR
2 1 19342 19343 19344 AND
2 1 19343 19342 19345 XOR
2 1 19029 19027 19346 XOR
2 1 7937 17565 19347 AND
2 1 7313 17571 19348 AND
2 1 7618 17567 19349 AND
2 1 19348 19349 19350 AND
2 1 19347 19350 19351 AND
2 1 7315 17765 19352 AND
2 1 19351 19352 19353 AND
2 1 19353 8 19354 XOR
2 1 19346 19354 19355 AND
2 1 7618 17576 19356 AND
2 1 7937 17572 19357 AND
2 1 19356 19357 19358 AND
2 1 7315 17726 19359 AND
2 1 19358 19359 19360 AND
2 1 19360 8 19361 XOR
2 1 7311 17576 19362 AND
2 1 8 19362 19363 AND
2 1 19361 19363 19364 AND
2 1 7937 17571 19365 AND
2 1 7313 17576 19366 AND
2 1 7618 17572 19367 AND
2 1 19366 19367 19368 AND
2 1 19365 19368 19369 AND
2 1 7315 17736 19370 AND
2 1 19369 19370 19371 AND
2 1 19371 8 19372 XOR
2 1 19364 19372 19373 AND
2 1 19028 19373 19374 AND
2 1 19373 19028 19375 XOR
2 1 7937 17567 19376 AND
2 1 7313 17572 19377 AND
2 1 7618 17571 19378 AND
2 1 19377 19378 19379 AND
2 1 19376 19379 19380 AND
2 1 7315 17716 19381 AND
2 1 19380 19381 19382 AND
2 1 19382 8 19383 XOR
2 1 19375 19383 19384 AND
2 1 19374 19384 19385 AND
2 1 19354 19346 19386 XOR
2 1 19385 19386 19387 AND
2 1 19355 19387 19388 AND
2 1 19345 19388 19389 AND
2 1 19344 19389 19390 AND
2 1 19333 19325 19391 XOR
2 1 19390 19391 19392 AND
2 1 19334 19392 19393 AND
2 1 19324 19393 19394 AND
2 1 19323 19394 19395 AND
2 1 19312 19304 19396 XOR
2 1 19395 19396 19397 AND
2 1 19313 19397 19398 AND
2 1 19302 19294 19399 XOR
2 1 19398 19399 19400 AND
2 1 19303 19400 19401 AND
2 1 19292 19284 19402 XOR
2 1 19401 19402 19403 AND
2 1 19293 19403 19404 AND
2 1 19283 19404 19405 AND
2 1 19282 19405 19406 AND
2 1 19272 19406 19407 AND
2 1 19271 19407 19408 AND
2 1 19261 19408 19409 AND
2 1 19260 19409 19410 AND
2 1 19249 19241 19411 XOR
2 1 19410 19411 19412 AND
2 1 19250 19412 19413 AND
2 1 19239 19231 19414 XOR
2 1 19413 19414 19415 AND
2 1 19240 19415 19416 AND
2 1 19229 19221 19417 XOR
2 1 19416 19417 19418 AND
2 1 19230 19418 19419 AND
2 1 19220 19419 19420 AND
2 1 19219 19420 19421 AND
2 1 19209 19421 19422 AND
2 1 19208 19422 19423 AND
2 1 19198 19423 19424 AND
2 1 19197 19424 19425 AND
2 1 19186 19178 19426 XOR
2 1 19425 19426 19427 AND
2 1 19187 19427 19428 AND
2 1 19176 19168 19429 XOR
2 1 19428 19429 19430 AND
2 1 19177 19430 19431 AND
2 1 19166 19158 19432 XOR
2 1 19431 19432 19433 AND
2 1 19167 19433 19434 AND
2 1 19157 19434 19435 AND
2 1 19156 19435 19436 AND
2 1 19146 19436 19437 AND
2 1 19145 19437 19438 AND
2 1 19134 19125 19439 XOR
2 1 19438 19439 19440 AND
2 1 19135 19440 19441 AND
2 1 19442 19441 19601 XOR
2 1 19600 19601 19602 AND
2 1 19601 19600 19603 XOR
2 1 35 17514 19604 AND
2 1 8307 17518 19605 AND
2 1 8691 17516 19606 AND
2 1 19605 19606 19607 AND
2 1 19604 19607 19608 AND
2 1 17654 17653 19570 XOR
2 1 8309 19570 19609 AND
2 1 19608 19609 19610 AND
2 1 19610 5 19611 XOR
2 1 19439 19438 19612 XOR
2 1 19611 19612 19613 AND
2 1 19612 19611 19614 XOR
2 1 19436 19146 19615 XOR
2 1 35 17516 19616 AND
2 1 8307 17520 19617 AND
2 1 8691 17518 19618 AND
2 1 19617 19618 19619 AND
2 1 19616 19619 19620 AND
2 1 17651 17650 19109 XOR
2 1 8309 19109 19621 AND
2 1 19620 19621 19622 AND
2 1 19622 5 19623 XOR
2 1 19615 19623 19624 AND
2 1 19434 19157 19625 XOR
2 1 35 17518 19626 AND
2 1 8307 17522 19627 AND
2 1 8691 17520 19628 AND
2 1 19627 19628 19629 AND
2 1 19626 19629 19630 AND
2 1 8309 19120 19631 AND
2 1 19630 19631 19632 AND
2 1 19632 5 19633 XOR
2 1 19625 19633 19634 AND
2 1 35 17520 19635 AND
2 1 8307 17524 19636 AND
2 1 8691 17522 19637 AND
2 1 19636 19637 19638 AND
2 1 19635 19638 19639 AND
2 1 8309 19131 19640 AND
2 1 19639 19640 19641 AND
2 1 19641 5 19642 XOR
2 1 19432 19431 19643 XOR
2 1 19642 19643 19644 AND
2 1 19643 19642 19645 XOR
2 1 35 17522 19646 AND
2 1 8307 17526 19647 AND
2 1 8691 17524 19648 AND
2 1 19647 19648 19649 AND
2 1 19646 19649 19650 AND
2 1 8309 17677 19651 AND
2 1 19650 19651 19652 AND
2 1 19652 5 19653 XOR
2 1 19429 19428 19654 XOR
2 1 19653 19654 19655 AND
2 1 19654 19653 19656 XOR
2 1 35 17524 19657 AND
2 1 8307 17528 19658 AND
2 1 8691 17526 19659 AND
2 1 19658 19659 19660 AND
2 1 19657 19660 19661 AND
2 1 8309 18815 19662 AND
2 1 19661 19662 19663 AND
2 1 19663 5 19664 XOR
2 1 19426 19425 19665 XOR
2 1 19664 19665 19666 AND
2 1 19665 19664 19667 XOR
2 1 19423 19198 19668 XOR
2 1 35 17526 19669 AND
2 1 8307 17530 19670 AND
2 1 8691 17528 19671 AND
2 1 19670 19671 19672 AND
2 1 19669 19672 19673 AND
2 1 8309 18827 19674 AND
2 1 19673 19674 19675 AND
2 1 19675 5 19676 XOR
2 1 19668 19676 19677 AND
2 1 19421 19209 19678 XOR
2 1 35 17528 19679 AND
2 1 8307 17532 19680 AND
2 1 8691 17530 19681 AND
2 1 19680 19681 19682 AND
2 1 19679 19682 19683 AND
2 1 8309 18800 19684 AND
2 1 19683 19684 19685 AND
2 1 19685 5 19686 XOR
2 1 19678 19686 19687 AND
2 1 19419 19220 19688 XOR
2 1 35 17530 19689 AND
2 1 8307 17534 19690 AND
2 1 8691 17532 19691 AND
2 1 19690 19691 19692 AND
2 1 19689 19692 19693 AND
2 1 8309 18452 19694 AND
2 1 19693 19694 19695 AND
2 1 19695 5 19696 XOR
2 1 19688 19696 19697 AND
2 1 35 17532 19698 AND
2 1 8307 17536 19699 AND
2 1 8691 17534 19700 AND
2 1 19699 19700 19701 AND
2 1 19698 19701 19702 AND
2 1 8309 18463 19703 AND
2 1 19702 19703 19704 AND
2 1 19704 5 19705 XOR
2 1 19417 19416 19706 XOR
2 1 19705 19706 19707 AND
2 1 19706 19705 19708 XOR
2 1 35 17534 19709 AND
2 1 8307 17538 19710 AND
2 1 8691 17536 19711 AND
2 1 19710 19711 19712 AND
2 1 19709 19712 19713 AND
2 1 8309 18473 19714 AND
2 1 19713 19714 19715 AND
2 1 19715 5 19716 XOR
2 1 19414 19413 19717 XOR
2 1 19716 19717 19718 AND
2 1 19717 19716 19719 XOR
2 1 35 17536 19720 AND
2 1 8307 17540 19721 AND
2 1 8691 17538 19722 AND
2 1 19721 19722 19723 AND
2 1 19720 19723 19724 AND
2 1 8309 17686 19725 AND
2 1 19724 19725 19726 AND
2 1 19726 5 19727 XOR
2 1 19411 19410 19728 XOR
2 1 19727 19728 19729 AND
2 1 19728 19727 19730 XOR
2 1 19408 19261 19731 XOR
2 1 35 17538 19732 AND
2 1 8307 17542 19733 AND
2 1 8691 17540 19734 AND
2 1 19733 19734 19735 AND
2 1 19732 19735 19736 AND
2 1 8309 18249 19737 AND
2 1 19736 19737 19738 AND
2 1 19738 5 19739 XOR
2 1 19731 19739 19740 AND
2 1 19406 19272 19741 XOR
2 1 35 17540 19742 AND
2 1 8307 17544 19743 AND
2 1 8691 17542 19744 AND
2 1 19743 19744 19745 AND
2 1 19742 19745 19746 AND
2 1 8309 18262 19747 AND
2 1 19746 19747 19748 AND
2 1 19748 5 19749 XOR
2 1 19741 19749 19750 AND
2 1 19404 19283 19751 XOR
2 1 35 17542 19752 AND
2 1 8307 17546 19753 AND
2 1 8691 17544 19754 AND
2 1 19753 19754 19755 AND
2 1 19752 19755 19756 AND
2 1 8309 18234 19757 AND
2 1 19756 19757 19758 AND
2 1 19758 5 19759 XOR
2 1 19751 19759 19760 AND
2 1 35 17544 19761 AND
2 1 8307 17548 19762 AND
2 1 8691 17546 19763 AND
2 1 19762 19763 19764 AND
2 1 19761 19764 19765 AND
2 1 8309 18002 19766 AND
2 1 19765 19766 19767 AND
2 1 19767 5 19768 XOR
2 1 19402 19401 19769 XOR
2 1 19768 19769 19770 AND
2 1 19769 19768 19771 XOR
2 1 35 17546 19772 AND
2 1 8307 17550 19773 AND
2 1 8691 17548 19774 AND
2 1 19773 19774 19775 AND
2 1 19772 19775 19776 AND
2 1 8309 18012 19777 AND
2 1 19776 19777 19778 AND
2 1 19778 5 19779 XOR
2 1 19399 19398 19780 XOR
2 1 19779 19780 19781 AND
2 1 19780 19779 19782 XOR
2 1 35 17548 19783 AND
2 1 8307 17552 19784 AND
2 1 8691 17550 19785 AND
2 1 19784 19785 19786 AND
2 1 19783 19786 19787 AND
2 1 8309 18024 19788 AND
2 1 19787 19788 19789 AND
2 1 19789 5 19790 XOR
2 1 19396 19395 19791 XOR
2 1 19790 19791 19792 AND
2 1 19791 19790 19793 XOR
2 1 19393 19324 19794 XOR
2 1 35 17550 19795 AND
2 1 8307 17554 19796 AND
2 1 8691 17552 19797 AND
2 1 19796 19797 19798 AND
2 1 19795 19798 19799 AND
2 1 8309 17695 19800 AND
2 1 19799 19800 19801 AND
2 1 19801 5 19802 XOR
2 1 19794 19802 19803 AND
2 1 19391 19390 19804 XOR
2 1 35 17552 19805 AND
2 1 8307 17556 19806 AND
2 1 8691 17554 19807 AND
2 1 19806 19807 19808 AND
2 1 19805 19808 19809 AND
2 1 8309 17891 19810 AND
2 1 19809 19810 19811 AND
2 1 19811 5 19812 XOR
2 1 19804 19812 19813 AND
2 1 19388 19345 19814 XOR
2 1 35 17554 19815 AND
2 1 8307 17558 19816 AND
2 1 8691 17556 19817 AND
2 1 19816 19817 19818 AND
2 1 19815 19818 19819 AND
2 1 8309 17902 19820 AND
2 1 19819 19820 19821 AND
2 1 19821 5 19822 XOR
2 1 19814 19822 19823 AND
2 1 35 17556 19824 AND
2 1 8307 17560 19825 AND
2 1 8691 17558 19826 AND
2 1 19825 19826 19827 AND
2 1 19824 19827 19828 AND
2 1 8309 17875 19829 AND
2 1 19828 19829 19830 AND
2 1 19830 5 19831 XOR
2 1 19386 19385 19832 XOR
2 1 19831 19832 19833 AND
2 1 19832 19831 19834 XOR
2 1 19383 19375 19835 XOR
2 1 35 17558 19836 AND
2 1 8307 17565 19837 AND
2 1 8691 17560 19838 AND
2 1 19837 19838 19839 AND
2 1 19836 19839 19840 AND
2 1 8309 17704 19841 AND
2 1 19840 19841 19842 AND
2 1 19842 5 19843 XOR
2 1 19835 19843 19844 AND
2 1 35 17560 19845 AND
2 1 8307 17567 19846 AND
2 1 8691 17565 19847 AND
2 1 19846 19847 19848 AND
2 1 19845 19848 19849 AND
2 1 8309 17752 19850 AND
2 1 19849 19850 19851 AND
2 1 19851 5 19852 XOR
2 1 19372 19364 19853 XOR
2 1 19852 19853 19854 AND
2 1 19853 19852 19855 XOR
2 1 19363 19361 19856 XOR
2 1 35 17565 19857 AND
2 1 8307 17571 19858 AND
2 1 8691 17567 19859 AND
2 1 19858 19859 19860 AND
2 1 19857 19860 19861 AND
2 1 8309 17765 19862 AND
2 1 19861 19862 19863 AND
2 1 19863 5 19864 XOR
2 1 19856 19864 19865 AND
2 1 8691 17576 19866 AND
2 1 35 17572 19867 AND
2 1 19866 19867 19868 AND
2 1 8309 17726 19869 AND
2 1 19868 19869 19870 AND
2 1 19870 5 19871 XOR
2 1 34 17576 19872 AND
2 1 5 19872 19873 AND
2 1 19871 19873 19874 AND
2 1 35 17571 19875 AND
2 1 8307 17576 19876 AND
2 1 8691 17572 19877 AND
2 1 19876 19877 19878 AND
2 1 19875 19878 19879 AND
2 1 8309 17736 19880 AND
2 1 19879 19880 19881 AND
2 1 19881 5 19882 XOR
2 1 19874 19882 19883 AND
2 1 19362 19883 19884 AND
2 1 19883 19362 19885 XOR
2 1 35 17567 19886 AND
2 1 8307 17572 19887 AND
2 1 8691 17571 19888 AND
2 1 19887 19888 19889 AND
2 1 19886 19889 19890 AND
2 1 8309 17716 19891 AND
2 1 19890 19891 19892 AND
2 1 19892 5 19893 XOR
2 1 19885 19893 19894 AND
2 1 19884 19894 19895 AND
2 1 19864 19856 19896 XOR
2 1 19895 19896 19897 AND
2 1 19865 19897 19898 AND
2 1 19855 19898 19899 AND
2 1 19854 19899 19900 AND
2 1 19843 19835 19901 XOR
2 1 19900 19901 19902 AND
2 1 19844 19902 19903 AND
2 1 19834 19903 19904 AND
2 1 19833 19904 19905 AND
2 1 19822 19814 19906 XOR
2 1 19905 19906 19907 AND
2 1 19823 19907 19908 AND
2 1 19812 19804 19909 XOR
2 1 19908 19909 19910 AND
2 1 19813 19910 19911 AND
2 1 19802 19794 19912 XOR
2 1 19911 19912 19913 AND
2 1 19803 19913 19914 AND
2 1 19793 19914 19915 AND
2 1 19792 19915 19916 AND
2 1 19782 19916 19917 AND
2 1 19781 19917 19918 AND
2 1 19771 19918 19919 AND
2 1 19770 19919 19920 AND
2 1 19759 19751 19921 XOR
2 1 19920 19921 19922 AND
2 1 19760 19922 19923 AND
2 1 19749 19741 19924 XOR
2 1 19923 19924 19925 AND
2 1 19750 19925 19926 AND
2 1 19739 19731 19927 XOR
2 1 19926 19927 19928 AND
2 1 19740 19928 19929 AND
2 1 19730 19929 19930 AND
2 1 19729 19930 19931 AND
2 1 19719 19931 19932 AND
2 1 19718 19932 19933 AND
2 1 19708 19933 19934 AND
2 1 19707 19934 19935 AND
2 1 19696 19688 19936 XOR
2 1 19935 19936 19937 AND
2 1 19697 19937 19938 AND
2 1 19686 19678 19939 XOR
2 1 19938 19939 19940 AND
2 1 19687 19940 19941 AND
2 1 19676 19668 19942 XOR
2 1 19941 19942 19943 AND
2 1 19677 19943 19944 AND
2 1 19667 19944 19945 AND
2 1 19666 19945 19946 AND
2 1 19656 19946 19947 AND
2 1 19655 19947 19948 AND
2 1 19645 19948 19949 AND
2 1 19644 19949 19950 AND
2 1 19633 19625 19951 XOR
2 1 19950 19951 19952 AND
2 1 19634 19952 19953 AND
2 1 19623 19615 19954 XOR
2 1 19953 19954 19955 AND
2 1 19624 19955 19956 AND
2 1 19614 19956 19957 AND
2 1 19613 19957 19958 AND
2 1 19603 19958 19959 AND
2 1 19602 19959 19960 AND
2 1 7937 17516 19104 AND
2 1 7313 17520 19105 AND
2 1 7618 17518 19106 AND
2 1 19105 19106 19107 AND
2 1 19104 19107 19108 AND
2 1 7315 19109 19110 AND
2 1 19108 19110 19111 AND
2 1 19111 8 19112 XOR
2 1 18818 18819 18820 AND
2 1 18821 19099 19100 AND
2 1 18820 19100 19101 AND
2 1 6414 17528 18795 AND
2 1 5848 17532 18796 AND
2 1 6312 17530 18797 AND
2 1 18796 18797 18798 AND
2 1 18795 18798 18799 AND
2 1 5845 18800 18801 AND
2 1 18799 18801 18802 AND
2 1 18802 14 18803 XOR
2 1 17689 18241 18242 AND
2 1 18243 18444 18445 AND
2 1 18242 18445 18792 AND
2 1 5157 17540 18778 AND
2 1 4681 17544 18779 AND
2 1 5096 17542 18780 AND
2 1 18779 18780 18781 AND
2 1 18778 18781 18782 AND
2 1 4683 18262 18783 AND
2 1 18782 18783 18784 AND
2 1 18784 20 18785 XOR
2 1 18166 18223 18224 AND
2 1 18225 18226 18227 AND
2 1 18224 18227 18775 AND
2 1 3781 17552 18761 AND
2 1 3863 17556 18762 AND
2 1 3941 17554 18763 AND
2 1 18762 18763 18764 AND
2 1 18761 18764 18765 AND
2 1 3945 17891 18766 AND
2 1 18765 18766 18767 AND
2 1 18767 26 18768 XOR
2 1 18175 18206 18207 AND
2 1 18208 18209 18210 AND
2 1 18207 18210 18758 AND
2 1 39 17716 18748 AND
2 1 2957 17567 18745 AND
2 1 2962 17571 18746 AND
2 1 2959 17572 18747 AND
2 1 18746 18747 18749 AND
2 1 18745 18749 18750 AND
2 1 18748 18750 18751 AND
2 1 475 478 18727 AND
2 1 80 18727 18728 AND
2 1 4086 4720 18729 AND
2 1 18728 18729 18730 AND
2 1 1934 18730 18731 AND
2 1 1584 5003 18732 AND
2 1 880 18732 18733 AND
2 1 18731 18733 18734 AND
2 1 255 2309 18735 AND
2 1 3220 18735 18736 AND
2 1 18734 18736 18737 AND
2 1 435 484 18738 AND
2 1 1495 18738 18739 AND
2 1 18737 18739 18740 AND
2 1 66 82 18741 AND
2 1 755 18741 18742 AND
2 1 18740 18742 18743 AND
2 1 189 18743 18744 AND
2 1 18751 18744 18753 XOR
2 1 17862 18202 18203 AND
2 1 18182 18204 18205 AND
2 1 18203 18205 18726 AND
2 1 18753 18726 18755 XOR
2 1 3377 17558 18718 AND
2 1 3461 17565 18719 AND
2 1 3525 17560 18720 AND
2 1 18719 18720 18721 AND
2 1 18718 18721 18722 AND
2 1 3288 17704 18723 AND
2 1 18722 18723 18724 AND
2 1 18724 29 18725 XOR
2 1 18755 18725 18757 XOR
2 1 18758 18757 18760 XOR
2 1 18768 18760 18770 XOR
2 1 18211 18219 18220 AND
2 1 18167 18221 18222 AND
2 1 18220 18222 18717 AND
2 1 18770 18717 18772 XOR
2 1 4488 17546 18709 AND
2 1 4377 17550 18710 AND
2 1 4425 17548 18711 AND
2 1 18710 18711 18712 AND
2 1 18709 18712 18713 AND
2 1 4379 18012 18714 AND
2 1 18713 18714 18715 AND
2 1 18715 23 18716 XOR
2 1 18772 18716 18774 XOR
2 1 18775 18774 18777 XOR
2 1 18785 18777 18787 XOR
2 1 18228 18237 18238 AND
2 1 18158 18239 18240 AND
2 1 18238 18240 18708 AND
2 1 18787 18708 18789 XOR
2 1 5731 17534 18700 AND
2 1 5273 17538 18701 AND
2 1 5494 17536 18702 AND
2 1 18701 18702 18703 AND
2 1 18700 18703 18704 AND
2 1 5275 18473 18705 AND
2 1 18704 18705 18706 AND
2 1 18706 17 18707 XOR
2 1 18789 18707 18791 XOR
2 1 18792 18791 18794 XOR
2 1 18803 18794 18805 XOR
2 1 18446 18455 18456 AND
2 1 18696 18697 18698 AND
2 1 18456 18698 18699 AND
2 1 18805 18699 18807 XOR
2 1 7018 17522 17672 AND
2 1 6543 17526 17673 AND
2 1 6777 17524 17674 AND
2 1 17673 17674 17675 AND
2 1 17672 17675 17676 AND
2 1 6545 17677 17678 AND
2 1 17676 17678 17679 AND
2 1 17679 11 17680 XOR
2 1 18807 17680 18809 XOR
2 1 19101 18809 19103 XOR
2 1 19112 19103 19445 XOR
2 1 19114 19123 19124 AND
2 1 19441 19442 19443 AND
2 1 19124 19443 19444 AND
2 1 19445 19444 19589 XOR
2 1 35 17510 19580 AND
2 1 8307 17514 19581 AND
2 1 8691 17508 19582 AND
2 1 19581 19582 19583 AND
2 1 19580 19583 19584 AND
2 1 17661 17659 19585 XOR
2 1 8309 19585 19586 AND
2 1 19584 19586 19587 AND
2 1 19587 5 19588 XOR
2 1 19589 19588 19591 XOR
2 1 19960 19591 20586 XOR
2 1 20585 20586 20590 AND
2 1 20066 20074 20075 AND
2 1 20059 20076 20077 AND
2 1 20075 20077 20133 AND
2 1 20047 20051 20052 AND
2 1 20053 20057 20058 AND
2 1 20052 20058 20130 AND
2 1 3377 11441 20120 AND
2 1 3461 11180 20121 AND
2 1 3525 11176 20122 AND
2 1 20121 20122 20123 AND
2 1 20120 20123 20124 AND
2 1 3288 11574 20125 AND
2 1 20124 20125 20126 AND
2 1 20126 29 20127 XOR
2 1 3912 3935 20107 AND
2 1 2703 20107 20108 AND
2 1 260 3868 20105 AND
2 1 3774 20105 20106 AND
2 1 292 565 20109 AND
2 1 20106 20109 20110 AND
2 1 20108 20110 20111 AND
2 1 20111 19991 20113 XOR
2 1 3779 3780 20101 AND
2 1 3861 20101 20102 AND
2 1 11014 20102 20103 AND
2 1 20103 26 20104 XOR
2 1 20113 20104 20115 XOR
2 1 19991 20042 20043 AND
2 1 20029 20044 20045 AND
2 1 20043 20045 20046 AND
2 1 20115 20046 20117 XOR
2 1 39 11464 20094 AND
2 1 2957 11178 20095 AND
2 1 2959 11080 20096 AND
2 1 2962 11154 20097 AND
2 1 20096 20097 20098 AND
2 1 20095 20098 20099 AND
2 1 20094 20099 20100 AND
2 1 20117 20100 20119 XOR
2 1 20127 20119 20129 XOR
2 1 20130 20129 20132 XOR
2 1 20133 20132 20135 XOR
2 1 20022 20078 20079 AND
2 1 20090 20091 20092 AND
2 1 20079 20092 20093 AND
2 1 20135 20093 20140 XOR
2 1 9570 20140 20141 AND
2 1 9115 20142 20143 AND
2 1 9561 20144 20145 AND
2 1 20143 20145 20146 AND
2 1 20141 20146 20147 AND
2 1 20147 2 20166 XOR
2 1 20144 20140 20162 XOR
2 1 20142 20144 20148 AND
2 1 20153 20154 20155 AND
2 1 20148 20155 20156 AND
2 1 20162 20156 20163 XOR
2 1 9117 20147 20164 AND
2 1 20163 20164 20165 AND
2 1 20166 20165 20167 XOR
2 1 19588 19589 19590 AND
2 1 19591 19960 19961 AND
2 1 19590 19961 19962 AND
2 1 7937 17514 19565 AND
2 1 7313 17518 19566 AND
2 1 7618 17516 19567 AND
2 1 19566 19567 19568 AND
2 1 19565 19568 19569 AND
2 1 7315 19570 19571 AND
2 1 19569 19571 19572 AND
2 1 19572 8 19573 XOR
2 1 17680 18807 18808 AND
2 1 18809 19101 19102 AND
2 1 18808 19102 19562 AND
2 1 6414 17526 19548 AND
2 1 5848 17530 19549 AND
2 1 6312 17528 19550 AND
2 1 19549 19550 19551 AND
2 1 19548 19551 19552 AND
2 1 5845 18827 19553 AND
2 1 19552 19553 19554 AND
2 1 19554 14 19555 XOR
2 1 18707 18789 18790 AND
2 1 18791 18792 18793 AND
2 1 18790 18793 19545 AND
2 1 5157 17538 19531 AND
2 1 4681 17542 19532 AND
2 1 5096 17540 19533 AND
2 1 19532 19533 19534 AND
2 1 19531 19534 19535 AND
2 1 4683 18249 19536 AND
2 1 19535 19536 19537 AND
2 1 19537 20 19538 XOR
2 1 18716 18772 18773 AND
2 1 18774 18775 18776 AND
2 1 18773 18776 19528 AND
2 1 3781 17550 19514 AND
2 1 3863 17554 19515 AND
2 1 3941 17552 19516 AND
2 1 19515 19516 19517 AND
2 1 19514 19517 19518 AND
2 1 3945 17695 19519 AND
2 1 19518 19519 19520 AND
2 1 19520 26 19521 XOR
2 1 18725 18755 18756 AND
2 1 18757 18758 18759 AND
2 1 18756 18759 19511 AND
2 1 39 17765 19501 AND
2 1 2959 17571 19500 AND
2 1 2957 17565 19498 AND
2 1 2962 17567 19499 AND
2 1 19498 19499 19502 AND
2 1 19500 19502 19503 AND
2 1 19501 19503 19504 AND
2 1 1574 4138 19484 AND
2 1 5329 19484 19485 AND
2 1 168 655 19486 AND
2 1 19485 19486 19487 AND
2 1 10538 10560 19488 AND
2 1 19487 19488 19489 AND
2 1 11121 19489 19490 AND
2 1 242 479 19491 AND
2 1 19490 19491 19492 AND
2 1 12966 19492 19493 AND
2 1 99 295 19494 AND
2 1 532 19494 19495 AND
2 1 19493 19495 19496 AND
2 1 189 19496 19497 AND
2 1 19504 19497 19506 XOR
2 1 18744 18751 18752 AND
2 1 18726 18753 18754 AND
2 1 18752 18754 19483 AND
2 1 19506 19483 19508 XOR
2 1 3377 17556 19475 AND
2 1 3461 17560 19476 AND
2 1 3525 17558 19477 AND
2 1 19476 19477 19478 AND
2 1 19475 19478 19479 AND
2 1 3288 17875 19480 AND
2 1 19479 19480 19481 AND
2 1 19481 29 19482 XOR
2 1 19508 19482 19510 XOR
2 1 19511 19510 19513 XOR
2 1 19521 19513 19523 XOR
2 1 18760 18768 18769 AND
2 1 18717 18770 18771 AND
2 1 18769 18771 19474 AND
2 1 19523 19474 19525 XOR
2 1 4488 17544 19466 AND
2 1 4377 17548 19467 AND
2 1 4425 17546 19468 AND
2 1 19467 19468 19469 AND
2 1 19466 19469 19470 AND
2 1 4379 18002 19471 AND
2 1 19470 19471 19472 AND
2 1 19472 23 19473 XOR
2 1 19525 19473 19527 XOR
2 1 19528 19527 19530 XOR
2 1 19538 19530 19540 XOR
2 1 18777 18785 18786 AND
2 1 18708 18787 18788 AND
2 1 18786 18788 19465 AND
2 1 19540 19465 19542 XOR
2 1 5731 17532 19457 AND
2 1 5273 17536 19458 AND
2 1 5494 17534 19459 AND
2 1 19458 19459 19460 AND
2 1 19457 19460 19461 AND
2 1 5275 18463 19462 AND
2 1 19461 19462 19463 AND
2 1 19463 17 19464 XOR
2 1 19542 19464 19544 XOR
2 1 19545 19544 19547 XOR
2 1 19555 19547 19557 XOR
2 1 18794 18803 18804 AND
2 1 18699 18805 18806 AND
2 1 18804 18806 19456 AND
2 1 19557 19456 19559 XOR
2 1 7018 17520 19448 AND
2 1 6543 17524 19449 AND
2 1 6777 17522 19450 AND
2 1 19449 19450 19451 AND
2 1 19448 19451 19452 AND
2 1 6545 19131 19453 AND
2 1 19452 19453 19454 AND
2 1 19454 11 19455 XOR
2 1 19559 19455 19561 XOR
2 1 19562 19561 19564 XOR
2 1 19573 19564 19575 XOR
2 1 19103 19112 19113 AND
2 1 19444 19445 19446 AND
2 1 19113 19446 19447 AND
2 1 19575 19447 19577 XOR
2 1 35 17506 17507 AND
2 1 8307 17508 17509 AND
2 1 8691 17510 17511 AND
2 1 17509 17511 17512 AND
2 1 17507 17512 17513 AND
2 1 17665 17663 17668 XOR
2 1 8309 17668 17669 AND
2 1 17513 17669 17670 AND
2 1 17670 5 17671 XOR
2 1 19577 17671 19579 XOR
2 1 19962 19579 19964 XOR
2 1 20167 19964 20587 XOR
2 1 20590 20587 20791 XOR
2 1 9570 20142 20562 AND
2 1 9115 17510 20563 AND
2 1 9561 17506 20564 AND
2 1 20563 20564 20565 AND
2 1 20562 20565 20566 AND
2 1 20142 17506 20567 XOR
2 1 17506 17510 17664 AND
2 1 17664 17666 17667 AND
2 1 20567 17667 20568 XOR
2 1 9117 20568 20569 AND
2 1 20566 20569 20570 AND
2 1 20570 2 20571 XOR
2 1 19958 19603 20572 XOR
2 1 20571 20572 20573 AND
2 1 9570 17506 20549 AND
2 1 9115 17508 20550 AND
2 1 9561 17510 20551 AND
2 1 20550 20551 20552 AND
2 1 20549 20552 20553 AND
2 1 9117 17668 20554 AND
2 1 20553 20554 20555 AND
2 1 20555 2 20556 XOR
2 1 19956 19614 20557 XOR
2 1 20556 20557 20558 AND
2 1 19954 19953 20169 XOR
2 1 9570 17510 20537 AND
2 1 9115 17514 20538 AND
2 1 9561 17508 20539 AND
2 1 20538 20539 20540 AND
2 1 20537 20540 20541 AND
2 1 9117 19585 20542 AND
2 1 20541 20542 20543 AND
2 1 20543 2 20544 XOR
2 1 20169 20544 20545 AND
2 1 19951 19950 20524 XOR
2 1 9570 17508 20525 AND
2 1 9115 17516 20526 AND
2 1 9561 17514 20527 AND
2 1 20526 20527 20528 AND
2 1 20525 20528 20529 AND
2 1 9117 19597 20530 AND
2 1 20529 20530 20531 AND
2 1 20531 2 20532 XOR
2 1 20524 20532 20533 AND
2 1 9570 17514 20511 AND
2 1 9115 17518 20512 AND
2 1 9561 17516 20513 AND
2 1 20512 20513 20514 AND
2 1 20511 20514 20515 AND
2 1 9117 19570 20516 AND
2 1 20515 20516 20517 AND
2 1 20517 2 20518 XOR
2 1 19948 19645 20519 XOR
2 1 20518 20519 20520 AND
2 1 9570 17516 20498 AND
2 1 9115 17520 20499 AND
2 1 9561 17518 20500 AND
2 1 20499 20500 20501 AND
2 1 20498 20501 20502 AND
2 1 9117 19109 20503 AND
2 1 20502 20503 20504 AND
2 1 20504 2 20505 XOR
2 1 19946 19656 20506 XOR
2 1 20505 20506 20507 AND
2 1 9570 17518 20485 AND
2 1 9115 17522 20486 AND
2 1 9561 17520 20487 AND
2 1 20486 20487 20488 AND
2 1 20485 20488 20489 AND
2 1 9117 19120 20490 AND
2 1 20489 20490 20491 AND
2 1 20491 2 20492 XOR
2 1 19944 19667 20493 XOR
2 1 20492 20493 20494 AND
2 1 19942 19941 20170 XOR
2 1 9570 17520 20473 AND
2 1 9115 17524 20474 AND
2 1 9561 17522 20475 AND
2 1 20474 20475 20476 AND
2 1 20473 20476 20477 AND
2 1 9117 19131 20478 AND
2 1 20477 20478 20479 AND
2 1 20479 2 20480 XOR
2 1 20170 20480 20481 AND
2 1 19939 19938 20460 XOR
2 1 9570 17522 20461 AND
2 1 9115 17526 20462 AND
2 1 9561 17524 20463 AND
2 1 20462 20463 20464 AND
2 1 20461 20464 20465 AND
2 1 9117 17677 20466 AND
2 1 20465 20466 20467 AND
2 1 20467 2 20468 XOR
2 1 20460 20468 20469 AND
2 1 19936 19935 20447 XOR
2 1 9570 17524 20448 AND
2 1 9115 17528 20449 AND
2 1 9561 17526 20450 AND
2 1 20449 20450 20451 AND
2 1 20448 20451 20452 AND
2 1 9117 18815 20453 AND
2 1 20452 20453 20454 AND
2 1 20454 2 20455 XOR
2 1 20447 20455 20456 AND
2 1 9570 17526 20434 AND
2 1 9115 17530 20435 AND
2 1 9561 17528 20436 AND
2 1 20435 20436 20437 AND
2 1 20434 20437 20438 AND
2 1 9117 18827 20439 AND
2 1 20438 20439 20440 AND
2 1 20440 2 20441 XOR
2 1 19933 19708 20442 XOR
2 1 20441 20442 20443 AND
2 1 9570 17528 20421 AND
2 1 9115 17532 20422 AND
2 1 9561 17530 20423 AND
2 1 20422 20423 20424 AND
2 1 20421 20424 20425 AND
2 1 9117 18800 20426 AND
2 1 20425 20426 20427 AND
2 1 20427 2 20428 XOR
2 1 19931 19719 20429 XOR
2 1 20428 20429 20430 AND
2 1 9570 17530 20408 AND
2 1 9115 17534 20409 AND
2 1 9561 17532 20410 AND
2 1 20409 20410 20411 AND
2 1 20408 20411 20412 AND
2 1 9117 18452 20413 AND
2 1 20412 20413 20414 AND
2 1 20414 2 20415 XOR
2 1 19929 19730 20416 XOR
2 1 20415 20416 20417 AND
2 1 19927 19926 20171 XOR
2 1 9570 17532 20396 AND
2 1 9115 17536 20397 AND
2 1 9561 17534 20398 AND
2 1 20397 20398 20399 AND
2 1 20396 20399 20400 AND
2 1 9117 18463 20401 AND
2 1 20400 20401 20402 AND
2 1 20402 2 20403 XOR
2 1 20171 20403 20404 AND
2 1 19924 19923 20383 XOR
2 1 9570 17534 20384 AND
2 1 9115 17538 20385 AND
2 1 9561 17536 20386 AND
2 1 20385 20386 20387 AND
2 1 20384 20387 20388 AND
2 1 9117 18473 20389 AND
2 1 20388 20389 20390 AND
2 1 20390 2 20391 XOR
2 1 20383 20391 20392 AND
2 1 19921 19920 20370 XOR
2 1 9570 17536 20371 AND
2 1 9115 17540 20372 AND
2 1 9561 17538 20373 AND
2 1 20372 20373 20374 AND
2 1 20371 20374 20375 AND
2 1 9117 17686 20376 AND
2 1 20375 20376 20377 AND
2 1 20377 2 20378 XOR
2 1 20370 20378 20379 AND
2 1 9570 17538 20357 AND
2 1 9115 17542 20358 AND
2 1 9561 17540 20359 AND
2 1 20358 20359 20360 AND
2 1 20357 20360 20361 AND
2 1 9117 18249 20362 AND
2 1 20361 20362 20363 AND
2 1 20363 2 20364 XOR
2 1 19918 19771 20365 XOR
2 1 20364 20365 20366 AND
2 1 9570 17540 20344 AND
2 1 9115 17544 20345 AND
2 1 9561 17542 20346 AND
2 1 20345 20346 20347 AND
2 1 20344 20347 20348 AND
2 1 9117 18262 20349 AND
2 1 20348 20349 20350 AND
2 1 20350 2 20351 XOR
2 1 19916 19782 20352 XOR
2 1 20351 20352 20353 AND
2 1 9570 17542 20331 AND
2 1 9115 17546 20332 AND
2 1 9561 17544 20333 AND
2 1 20332 20333 20334 AND
2 1 20331 20334 20335 AND
2 1 9117 18234 20336 AND
2 1 20335 20336 20337 AND
2 1 20337 2 20338 XOR
2 1 19914 19793 20339 XOR
2 1 20338 20339 20340 AND
2 1 19912 19911 20172 XOR
2 1 9570 17544 20319 AND
2 1 9115 17548 20320 AND
2 1 9561 17546 20321 AND
2 1 20320 20321 20322 AND
2 1 20319 20322 20323 AND
2 1 9117 18002 20324 AND
2 1 20323 20324 20325 AND
2 1 20325 2 20326 XOR
2 1 20172 20326 20327 AND
2 1 19909 19908 20306 XOR
2 1 9570 17546 20307 AND
2 1 9115 17550 20308 AND
2 1 9561 17548 20309 AND
2 1 20308 20309 20310 AND
2 1 20307 20310 20311 AND
2 1 9117 18012 20312 AND
2 1 20311 20312 20313 AND
2 1 20313 2 20314 XOR
2 1 20306 20314 20315 AND
2 1 19906 19905 20293 XOR
2 1 9570 17548 20294 AND
2 1 9115 17552 20295 AND
2 1 9561 17550 20296 AND
2 1 20295 20296 20297 AND
2 1 20294 20297 20298 AND
2 1 9117 18024 20299 AND
2 1 20298 20299 20300 AND
2 1 20300 2 20301 XOR
2 1 20293 20301 20302 AND
2 1 9570 17550 20280 AND
2 1 9115 17554 20281 AND
2 1 9561 17552 20282 AND
2 1 20281 20282 20283 AND
2 1 20280 20283 20284 AND
2 1 9117 17695 20285 AND
2 1 20284 20285 20286 AND
2 1 20286 2 20287 XOR
2 1 19903 19834 20288 XOR
2 1 20287 20288 20289 AND
2 1 9570 17552 20267 AND
2 1 9115 17556 20268 AND
2 1 9561 17554 20269 AND
2 1 20268 20269 20270 AND
2 1 20267 20270 20271 AND
2 1 9117 17891 20272 AND
2 1 20271 20272 20273 AND
2 1 20273 2 20274 XOR
2 1 19901 19900 20275 XOR
2 1 20274 20275 20276 AND
2 1 9570 17554 20254 AND
2 1 9115 17558 20255 AND
2 1 9561 17556 20256 AND
2 1 20255 20256 20257 AND
2 1 20254 20257 20258 AND
2 1 9117 17902 20259 AND
2 1 20258 20259 20260 AND
2 1 20260 2 20261 XOR
2 1 19898 19855 20262 XOR
2 1 20261 20262 20263 AND
2 1 19896 19895 20173 XOR
2 1 9570 17556 20242 AND
2 1 9115 17560 20243 AND
2 1 9561 17558 20244 AND
2 1 20243 20244 20245 AND
2 1 20242 20245 20246 AND
2 1 9117 17875 20247 AND
2 1 20246 20247 20248 AND
2 1 20248 2 20249 XOR
2 1 20173 20249 20250 AND
2 1 9570 17558 20229 AND
2 1 9115 17565 20230 AND
2 1 9561 17560 20231 AND
2 1 20230 20231 20232 AND
2 1 20229 20232 20233 AND
2 1 9117 17704 20234 AND
2 1 20233 20234 20235 AND
2 1 20235 2 20236 XOR
2 1 19893 19885 20237 XOR
2 1 20236 20237 20238 AND
2 1 19882 19874 20174 XOR
2 1 9570 17560 20217 AND
2 1 9115 17567 20218 AND
2 1 9561 17565 20219 AND
2 1 20218 20219 20220 AND
2 1 20217 20220 20221 AND
2 1 9117 17752 20222 AND
2 1 20221 20222 20223 AND
2 1 20223 2 20224 XOR
2 1 20174 20224 20225 AND
2 1 0 17576 20175 AND
2 1 9570 17571 20177 AND
2 1 9115 17576 20178 AND
2 1 9561 17572 20179 AND
2 1 20178 20179 20180 AND
2 1 20177 20180 20181 AND
2 1 2 20181 20182 AND
2 1 9617 17736 20176 AND
2 1 9617 17726 20183 AND
2 1 9570 17572 20185 AND
2 1 9626 17576 20184 AND
2 1 2 20184 20186 AND
2 1 20185 20186 20187 AND
2 1 20183 20187 20188 AND
2 1 20176 20188 20189 AND
2 1 20182 20189 20190 AND
2 1 20175 20190 20191 AND
2 1 19872 20191 20192 AND
2 1 19872 20191 20193 AND
2 1 9570 17567 20194 AND
2 1 9115 17572 20195 AND
2 1 9561 17571 20196 AND
2 1 20195 20196 20197 AND
2 1 20194 20197 20198 AND
2 1 9117 17716 20199 AND
2 1 20198 20199 20200 AND
2 1 20200 2 20201 XOR
2 1 20193 20201 20202 AND
2 1 20192 20202 20203 AND
2 1 9570 17565 20204 AND
2 1 9115 17571 20205 AND
2 1 9561 17567 20206 AND
2 1 20205 20206 20207 AND
2 1 20204 20207 20208 AND
2 1 9117 17765 20209 AND
2 1 20208 20209 20210 AND
2 1 20210 2 20211 XOR
2 1 20203 20211 20212 AND
2 1 19873 19871 20213 XOR
2 1 20212 20213 20214 AND
2 1 20203 20211 20215 AND
2 1 20214 20215 20216 AND
2 1 20174 20224 20226 AND
2 1 20216 20226 20227 AND
2 1 20225 20227 20228 AND
2 1 20236 20237 20239 AND
2 1 20228 20239 20240 AND
2 1 20238 20240 20241 AND
2 1 20173 20249 20251 AND
2 1 20241 20251 20252 AND
2 1 20250 20252 20253 AND
2 1 20261 20262 20264 AND
2 1 20253 20264 20265 AND
2 1 20263 20265 20266 AND
2 1 20274 20275 20277 AND
2 1 20266 20277 20278 AND
2 1 20276 20278 20279 AND
2 1 20287 20288 20290 AND
2 1 20279 20290 20291 AND
2 1 20289 20291 20292 AND
2 1 20293 20301 20303 AND
2 1 20292 20303 20304 AND
2 1 20302 20304 20305 AND
2 1 20306 20314 20316 AND
2 1 20305 20316 20317 AND
2 1 20315 20317 20318 AND
2 1 20172 20326 20328 AND
2 1 20318 20328 20329 AND
2 1 20327 20329 20330 AND
2 1 20338 20339 20341 AND
2 1 20330 20341 20342 AND
2 1 20340 20342 20343 AND
2 1 20351 20352 20354 AND
2 1 20343 20354 20355 AND
2 1 20353 20355 20356 AND
2 1 20364 20365 20367 AND
2 1 20356 20367 20368 AND
2 1 20366 20368 20369 AND
2 1 20370 20378 20380 AND
2 1 20369 20380 20381 AND
2 1 20379 20381 20382 AND
2 1 20383 20391 20393 AND
2 1 20382 20393 20394 AND
2 1 20392 20394 20395 AND
2 1 20171 20403 20405 AND
2 1 20395 20405 20406 AND
2 1 20404 20406 20407 AND
2 1 20415 20416 20418 AND
2 1 20407 20418 20419 AND
2 1 20417 20419 20420 AND
2 1 20428 20429 20431 AND
2 1 20420 20431 20432 AND
2 1 20430 20432 20433 AND
2 1 20441 20442 20444 AND
2 1 20433 20444 20445 AND
2 1 20443 20445 20446 AND
2 1 20447 20455 20457 AND
2 1 20446 20457 20458 AND
2 1 20456 20458 20459 AND
2 1 20460 20468 20470 AND
2 1 20459 20470 20471 AND
2 1 20469 20471 20472 AND
2 1 20170 20480 20482 AND
2 1 20472 20482 20483 AND
2 1 20481 20483 20484 AND
2 1 20492 20493 20495 AND
2 1 20484 20495 20496 AND
2 1 20494 20496 20497 AND
2 1 20505 20506 20508 AND
2 1 20497 20508 20509 AND
2 1 20507 20509 20510 AND
2 1 20518 20519 20521 AND
2 1 20510 20521 20522 AND
2 1 20520 20522 20523 AND
2 1 20524 20532 20534 AND
2 1 20523 20534 20535 AND
2 1 20533 20535 20536 AND
2 1 20169 20544 20546 AND
2 1 20536 20546 20547 AND
2 1 20545 20547 20548 AND
2 1 20556 20557 20559 AND
2 1 20548 20559 20560 AND
2 1 20558 20560 20561 AND
2 1 20571 20572 20574 AND
2 1 20561 20574 20575 AND
2 1 20573 20575 20576 AND
2 1 20586 20585 20789 XOR
2 1 20576 20789 20790 AND
2 1 20791 20790 20792 XOR
2 1 3525 11441 20760 AND
2 1 3377 11014 20758 AND
2 1 3461 11176 20759 AND
2 1 20758 20759 20761 AND
2 1 20760 20761 20762 AND
2 1 3288 11500 20763 AND
2 1 20762 20763 20764 AND
2 1 20764 29 20765 XOR
2 1 20046 20115 20116 AND
2 1 20100 20117 20118 AND
2 1 20116 20118 20755 AND
2 1 292 4364 20748 AND
2 1 20106 20748 20749 AND
2 1 3925 20749 20750 AND
2 1 19991 20111 20112 AND
2 1 20104 20113 20114 AND
2 1 20112 20114 20747 AND
2 1 20750 20747 20752 XOR
2 1 39 11431 20740 AND
2 1 2957 11180 20741 AND
2 1 2959 11154 20742 AND
2 1 2962 11178 20743 AND
2 1 20742 20743 20744 AND
2 1 20741 20744 20745 AND
2 1 20740 20745 20746 AND
2 1 20752 20746 20754 XOR
2 1 20755 20754 20757 XOR
2 1 20765 20757 20767 XOR
2 1 20119 20127 20128 AND
2 1 20129 20130 20131 AND
2 1 20128 20131 20739 AND
2 1 20767 20739 20769 XOR
2 1 20132 20133 20134 AND
2 1 20079 20090 20136 AND
2 1 20022 20078 20137 AND
2 1 20135 20137 20138 AND
2 1 20136 20138 20139 AND
2 1 20134 20139 20738 AND
2 1 20769 20738 20771 XOR
2 1 9570 20771 20772 AND
2 1 9115 20144 20773 AND
2 1 9561 20140 20774 AND
2 1 20773 20774 20775 AND
2 1 20772 20775 20776 AND
2 1 20771 20140 20778 XOR
2 1 20140 20142 20157 AND
2 1 20144 20157 20158 AND
2 1 20140 20144 20159 AND
2 1 20155 20159 20160 AND
2 1 20158 20160 20161 AND
2 1 20778 20161 20781 XOR
2 1 9117 20781 20782 AND
2 1 20776 20782 20783 AND
2 1 20783 2 20784 XOR
2 1 17671 19577 19578 AND
2 1 19579 19962 19963 AND
2 1 19578 19963 20735 AND
2 1 7937 17508 20721 AND
2 1 7313 17516 20722 AND
2 1 7618 17514 20723 AND
2 1 20722 20723 20724 AND
2 1 20721 20724 20725 AND
2 1 7315 19597 20726 AND
2 1 20725 20726 20727 AND
2 1 20727 8 20728 XOR
2 1 19455 19559 19560 AND
2 1 19561 19562 19563 AND
2 1 19560 19563 20718 AND
2 1 6414 17524 20704 AND
2 1 5848 17528 20705 AND
2 1 6312 17526 20706 AND
2 1 20705 20706 20707 AND
2 1 20704 20707 20708 AND
2 1 5845 18815 20709 AND
2 1 20708 20709 20710 AND
2 1 20710 14 20711 XOR
2 1 19464 19542 19543 AND
2 1 19544 19545 19546 AND
2 1 19543 19546 20701 AND
2 1 5157 17536 20687 AND
2 1 4681 17540 20688 AND
2 1 5096 17538 20689 AND
2 1 20688 20689 20690 AND
2 1 20687 20690 20691 AND
2 1 4683 17686 20692 AND
2 1 20691 20692 20693 AND
2 1 20693 20 20694 XOR
2 1 19473 19525 19526 AND
2 1 19527 19528 19529 AND
2 1 19526 19529 20684 AND
2 1 3781 17548 20670 AND
2 1 3863 17552 20671 AND
2 1 3941 17550 20672 AND
2 1 20671 20672 20673 AND
2 1 20670 20673 20674 AND
2 1 3945 18024 20675 AND
2 1 20674 20675 20676 AND
2 1 20676 26 20677 XOR
2 1 19482 19508 19509 AND
2 1 19510 19511 19512 AND
2 1 19509 19512 20667 AND
2 1 39 17752 20657 AND
2 1 2959 17567 20656 AND
2 1 2957 17560 20654 AND
2 1 2962 17565 20655 AND
2 1 20654 20655 20658 AND
2 1 20656 20658 20659 AND
2 1 20657 20659 20660 AND
2 1 1851 4540 20639 AND
2 1 10127 20639 20640 AND
2 1 11312 20640 20641 AND
2 1 754 4179 20642 AND
2 1 11210 20642 20643 AND
2 1 20641 20643 20644 AND
2 1 208 897 20645 AND
2 1 3089 20645 20646 AND
2 1 20644 20646 20647 AND
2 1 80 1065 20648 AND
2 1 1201 20648 20649 AND
2 1 20647 20649 20650 AND
2 1 386 392 20651 AND
2 1 457 20651 20652 AND
2 1 20650 20652 20653 AND
2 1 20660 20653 20662 XOR
2 1 19497 19504 19505 AND
2 1 19483 19506 19507 AND
2 1 19505 19507 20638 AND
2 1 20662 20638 20664 XOR
2 1 3377 17554 20630 AND
2 1 3461 17558 20631 AND
2 1 3525 17556 20632 AND
2 1 20631 20632 20633 AND
2 1 20630 20633 20634 AND
2 1 3288 17902 20635 AND
2 1 20634 20635 20636 AND
2 1 20636 29 20637 XOR
2 1 20664 20637 20666 XOR
2 1 20667 20666 20669 XOR
2 1 20677 20669 20679 XOR
2 1 19513 19521 19522 AND
2 1 19474 19523 19524 AND
2 1 19522 19524 20629 AND
2 1 20679 20629 20681 XOR
2 1 4488 17542 20621 AND
2 1 4377 17546 20622 AND
2 1 4425 17544 20623 AND
2 1 20622 20623 20624 AND
2 1 20621 20624 20625 AND
2 1 4379 18234 20626 AND
2 1 20625 20626 20627 AND
2 1 20627 23 20628 XOR
2 1 20681 20628 20683 XOR
2 1 20684 20683 20686 XOR
2 1 20694 20686 20696 XOR
2 1 19530 19538 19539 AND
2 1 19465 19540 19541 AND
2 1 19539 19541 20620 AND
2 1 20696 20620 20698 XOR
2 1 5731 17530 20612 AND
2 1 5273 17534 20613 AND
2 1 5494 17532 20614 AND
2 1 20613 20614 20615 AND
2 1 20612 20615 20616 AND
2 1 5275 18452 20617 AND
2 1 20616 20617 20618 AND
2 1 20618 17 20619 XOR
2 1 20698 20619 20700 XOR
2 1 20701 20700 20703 XOR
2 1 20711 20703 20713 XOR
2 1 19547 19555 19556 AND
2 1 19456 19557 19558 AND
2 1 19556 19558 20611 AND
2 1 20713 20611 20715 XOR
2 1 7018 17518 20603 AND
2 1 6543 17522 20604 AND
2 1 6777 17520 20605 AND
2 1 20604 20605 20606 AND
2 1 20603 20606 20607 AND
2 1 6545 19120 20608 AND
2 1 20607 20608 20609 AND
2 1 20609 11 20610 XOR
2 1 20715 20610 20717 XOR
2 1 20718 20717 20720 XOR
2 1 20728 20720 20730 XOR
2 1 19564 19573 19574 AND
2 1 19447 19575 19576 AND
2 1 19574 19576 20602 AND
2 1 20730 20602 20732 XOR
2 1 35 20142 20594 AND
2 1 8307 17510 20595 AND
2 1 8691 17506 20596 AND
2 1 20595 20596 20597 AND
2 1 20594 20597 20598 AND
2 1 8309 20568 20599 AND
2 1 20598 20599 20600 AND
2 1 20600 5 20601 XOR
2 1 20732 20601 20734 XOR
2 1 20735 20734 20737 XOR
2 1 20784 20737 20786 XOR
2 1 19964 20167 20168 AND
2 1 20585 20586 20588 AND
2 1 20587 20588 20589 AND
2 1 20576 20590 20591 AND
2 1 20589 20591 20592 AND
2 1 20168 20592 20593 AND
2 1 20786 20593 20788 XOR
2 1 20792 20788 20793 XOR
2 1 7937 17510 20926 AND
2 1 7313 17514 20927 AND
2 1 7618 17508 20928 AND
2 1 20927 20928 20929 AND
2 1 20926 20929 20930 AND
2 1 7315 19585 20931 AND
2 1 20930 20931 20932 AND
2 1 20932 8 20933 XOR
2 1 20610 20715 20716 AND
2 1 20717 20718 20719 AND
2 1 20716 20719 20923 AND
2 1 6414 17522 20909 AND
2 1 5848 17526 20910 AND
2 1 6312 17524 20911 AND
2 1 20910 20911 20912 AND
2 1 20909 20912 20913 AND
2 1 5845 17677 20914 AND
2 1 20913 20914 20915 AND
2 1 20915 14 20916 XOR
2 1 20619 20698 20699 AND
2 1 20700 20701 20702 AND
2 1 20699 20702 20906 AND
2 1 5157 17534 20892 AND
2 1 4681 17538 20893 AND
2 1 5096 17536 20894 AND
2 1 20893 20894 20895 AND
2 1 20892 20895 20896 AND
2 1 4683 18473 20897 AND
2 1 20896 20897 20898 AND
2 1 20898 20 20899 XOR
2 1 20628 20681 20682 AND
2 1 20683 20684 20685 AND
2 1 20682 20685 20889 AND
2 1 3781 17546 20875 AND
2 1 3863 17550 20876 AND
2 1 3941 17548 20877 AND
2 1 20876 20877 20878 AND
2 1 20875 20878 20879 AND
2 1 3945 18012 20880 AND
2 1 20879 20880 20881 AND
2 1 20881 26 20882 XOR
2 1 3377 17552 20863 AND
2 1 3461 17556 20864 AND
2 1 3525 17554 20865 AND
2 1 20864 20865 20866 AND
2 1 20863 20866 20867 AND
2 1 3288 17891 20868 AND
2 1 20867 20868 20869 AND
2 1 20869 29 20870 XOR
2 1 39 17704 20855 AND
2 1 2959 17565 20854 AND
2 1 2957 17558 20852 AND
2 1 2962 17560 20853 AND
2 1 20852 20853 20856 AND
2 1 20854 20856 20857 AND
2 1 20855 20857 20858 AND
2 1 1567 3433 20834 AND
2 1 1988 20834 20835 AND
2 1 6033 20835 20836 AND
2 1 6157 20836 20837 AND
2 1 11905 20837 20838 AND
2 1 1539 3463 20839 AND
2 1 20838 20839 20840 AND
2 1 2918 20840 20841 AND
2 1 1201 2368 20842 AND
2 1 2545 20842 20843 AND
2 1 20841 20843 20844 AND
2 1 294 1210 20845 AND
2 1 1486 20845 20846 AND
2 1 20844 20846 20847 AND
2 1 260 336 20848 AND
2 1 896 20848 20849 AND
2 1 20847 20849 20850 AND
2 1 735 20850 20851 AND
2 1 20858 20851 20860 XOR
2 1 20653 20660 20661 AND
2 1 20638 20662 20663 AND
2 1 20661 20663 20833 AND
2 1 20860 20833 20862 XOR
2 1 20870 20862 20872 XOR
2 1 20637 20664 20665 AND
2 1 20666 20667 20668 AND
2 1 20665 20668 20832 AND
2 1 20872 20832 20874 XOR
2 1 20882 20874 20884 XOR
2 1 20669 20677 20678 AND
2 1 20629 20679 20680 AND
2 1 20678 20680 20831 AND
2 1 20884 20831 20886 XOR
2 1 4488 17540 20823 AND
2 1 4377 17544 20824 AND
2 1 4425 17542 20825 AND
2 1 20824 20825 20826 AND
2 1 20823 20826 20827 AND
2 1 4379 18262 20828 AND
2 1 20827 20828 20829 AND
2 1 20829 23 20830 XOR
2 1 20886 20830 20888 XOR
2 1 20889 20888 20891 XOR
2 1 20899 20891 20901 XOR
2 1 20686 20694 20695 AND
2 1 20620 20696 20697 AND
2 1 20695 20697 20822 AND
2 1 20901 20822 20903 XOR
2 1 5731 17528 20814 AND
2 1 5273 17532 20815 AND
2 1 5494 17530 20816 AND
2 1 20815 20816 20817 AND
2 1 20814 20817 20818 AND
2 1 5275 18800 20819 AND
2 1 20818 20819 20820 AND
2 1 20820 17 20821 XOR
2 1 20903 20821 20905 XOR
2 1 20906 20905 20908 XOR
2 1 20916 20908 20918 XOR
2 1 20703 20711 20712 AND
2 1 20611 20713 20714 AND
2 1 20712 20714 20813 AND
2 1 20918 20813 20920 XOR
2 1 7018 17516 20805 AND
2 1 6543 17520 20806 AND
2 1 6777 17518 20807 AND
2 1 20806 20807 20808 AND
2 1 20805 20808 20809 AND
2 1 6545 19109 20810 AND
2 1 20809 20810 20811 AND
2 1 20811 11 20812 XOR
2 1 20920 20812 20922 XOR
2 1 20923 20922 20925 XOR
2 1 20933 20925 20935 XOR
2 1 20720 20728 20729 AND
2 1 20602 20730 20731 AND
2 1 20729 20731 20804 AND
2 1 20935 20804 20937 XOR
2 1 35 20144 20796 AND
2 1 8307 17506 20797 AND
2 1 8691 20142 20798 AND
2 1 20797 20798 20799 AND
2 1 20796 20799 20800 AND
2 1 8309 20582 20801 AND
2 1 20800 20801 20802 AND
2 1 20802 5 20803 XOR
2 1 20937 20803 20939 XOR
2 1 20939 2 20987 XOR
2 1 20601 20732 20733 AND
2 1 20734 20735 20736 AND
2 1 20733 20736 20940 AND
2 1 20987 20940 20988 XOR
2 1 39 11196 20959 AND
2 1 2957 11176 20960 AND
2 1 2959 11178 20961 AND
2 1 2962 11180 20962 AND
2 1 20961 20962 20963 AND
2 1 20960 20963 20964 AND
2 1 20959 20964 20965 AND
2 1 3377 3525 20952 AND
2 1 11014 20952 20953 AND
2 1 3461 11441 20954 AND
2 1 20953 20954 20955 AND
2 1 3288 11449 20956 AND
2 1 20955 20956 20957 AND
2 1 20957 29 20958 XOR
2 1 20965 20958 20967 XOR
2 1 3757 4367 20946 AND
2 1 20946 20750 20948 XOR
2 1 20747 20750 20751 AND
2 1 20746 20752 20753 AND
2 1 20751 20753 20945 AND
2 1 20948 20945 20951 XOR
2 1 20967 20951 20968 XOR
2 1 20754 20755 20756 AND
2 1 20757 20765 20766 AND
2 1 20756 20766 20944 AND
2 1 20968 20944 20970 XOR
2 1 20739 20767 20768 AND
2 1 20738 20769 20770 AND
2 1 20768 20770 20943 AND
2 1 20970 20943 20975 XOR
2 1 9570 20975 20976 AND
2 1 9115 20140 20977 AND
2 1 9561 20771 20978 AND
2 1 20977 20978 20979 AND
2 1 20976 20979 20980 AND
2 1 20975 20771 20981 XOR
2 1 20140 20771 20777 AND
2 1 20161 20778 20779 AND
2 1 20777 20779 20780 AND
2 1 20981 20780 20982 XOR
2 1 9117 20982 20983 AND
2 1 20980 20983 20984 AND
2 1 20988 20984 20989 XOR
2 1 20737 20784 20785 AND
2 1 20593 20786 20787 AND
2 1 20785 20787 20795 AND
2 1 20989 20795 20994 XOR
2 1 20788 20792 20794 AND
2 1 20994 20794 20996 XOR
2 1 20946 10682 21159 XOR
2 1 3286 3287 21154 AND
2 1 3459 21154 21155 AND
2 1 11014 21155 21156 AND
2 1 21156 29 21157 XOR
2 1 21159 21157 21161 XOR
2 1 39 11574 21147 AND
2 1 2957 11441 21148 AND
2 1 2959 11180 21149 AND
2 1 2962 11176 21150 AND
2 1 21149 21150 21151 AND
2 1 21148 21151 21152 AND
2 1 21147 21152 21153 AND
2 1 21161 21153 21163 XOR
2 1 20750 20946 20947 AND
2 1 20945 20948 20949 AND
2 1 20947 20949 20950 AND
2 1 21163 20950 21165 XOR
2 1 20958 20965 20966 AND
2 1 20951 20967 21145 AND
2 1 20966 21145 21146 AND
2 1 21165 21146 21167 XOR
2 1 20944 20968 20969 AND
2 1 20739 20767 20971 AND
2 1 20970 20971 20972 AND
2 1 20738 20768 20973 AND
2 1 20972 20973 20974 AND
2 1 20969 20974 21144 AND
2 1 21167 21144 21169 XOR
2 1 9570 21169 21170 AND
2 1 9115 20771 21171 AND
2 1 9561 20975 21172 AND
2 1 21171 21172 21173 AND
2 1 21170 21173 21174 AND
2 1 21169 20975 21181 XOR
2 1 20140 20975 21175 AND
2 1 20771 21175 21176 AND
2 1 20771 20975 21177 AND
2 1 20779 21177 21178 AND
2 1 21176 21178 21179 AND
2 1 21181 21179 21183 XOR
2 1 9117 21183 21184 AND
2 1 21174 21184 21185 AND
2 1 21185 2 21186 XOR
2 1 20803 20937 20938 AND
2 1 20939 20940 20941 AND
2 1 20938 20941 21141 AND
2 1 7937 17506 21127 AND
2 1 7313 17508 21128 AND
2 1 7618 17510 21129 AND
2 1 21128 21129 21130 AND
2 1 21127 21130 21131 AND
2 1 7315 17668 21132 AND
2 1 21131 21132 21133 AND
2 1 21133 8 21134 XOR
2 1 20812 20920 20921 AND
2 1 20922 20923 20924 AND
2 1 20921 20924 21124 AND
2 1 6414 17520 21110 AND
2 1 5848 17524 21111 AND
2 1 6312 17522 21112 AND
2 1 21111 21112 21113 AND
2 1 21110 21113 21114 AND
2 1 5845 19131 21115 AND
2 1 21114 21115 21116 AND
2 1 21116 14 21117 XOR
2 1 20821 20903 20904 AND
2 1 20905 20906 20907 AND
2 1 20904 20907 21107 AND
2 1 5157 17532 21093 AND
2 1 4681 17536 21094 AND
2 1 5096 17534 21095 AND
2 1 21094 21095 21096 AND
2 1 21093 21096 21097 AND
2 1 4683 18463 21098 AND
2 1 21097 21098 21099 AND
2 1 21099 20 21100 XOR
2 1 20830 20886 20887 AND
2 1 20888 20889 20890 AND
2 1 20887 20890 21090 AND
2 1 3781 17544 21076 AND
2 1 3863 17548 21077 AND
2 1 3941 17546 21078 AND
2 1 21077 21078 21079 AND
2 1 21076 21079 21080 AND
2 1 3945 18002 21081 AND
2 1 21080 21081 21082 AND
2 1 21082 26 21083 XOR
2 1 3377 17550 21064 AND
2 1 3461 17554 21065 AND
2 1 3525 17552 21066 AND
2 1 21065 21066 21067 AND
2 1 21064 21067 21068 AND
2 1 3288 17695 21069 AND
2 1 21068 21069 21070 AND
2 1 21070 29 21071 XOR
2 1 39 17875 21056 AND
2 1 2959 17560 21055 AND
2 1 2957 17556 21053 AND
2 1 2962 17558 21054 AND
2 1 21053 21054 21057 AND
2 1 21055 21057 21058 AND
2 1 21056 21058 21059 AND
2 1 11350 11922 21036 AND
2 1 6119 21036 21037 AND
2 1 580 2372 21038 AND
2 1 21037 21038 21039 AND
2 1 3125 21039 21040 AND
2 1 3114 21040 21041 AND
2 1 1564 21041 21042 AND
2 1 479 1443 21043 AND
2 1 1808 21043 21044 AND
2 1 21042 21044 21045 AND
2 1 71 1233 21046 AND
2 1 1689 21046 21047 AND
2 1 21045 21047 21048 AND
2 1 209 250 21049 AND
2 1 454 21049 21050 AND
2 1 21048 21050 21051 AND
2 1 434 21051 21052 AND
2 1 21059 21052 21061 XOR
2 1 20851 20858 20859 AND
2 1 20833 20860 20861 AND
2 1 20859 20861 21035 AND
2 1 21061 21035 21063 XOR
2 1 21071 21063 21073 XOR
2 1 20862 20870 20871 AND
2 1 20832 20872 20873 AND
2 1 20871 20873 21034 AND
2 1 21073 21034 21075 XOR
2 1 21083 21075 21085 XOR
2 1 20874 20882 20883 AND
2 1 20831 20884 20885 AND
2 1 20883 20885 21033 AND
2 1 21085 21033 21087 XOR
2 1 4488 17538 21025 AND
2 1 4377 17542 21026 AND
2 1 4425 17540 21027 AND
2 1 21026 21027 21028 AND
2 1 21025 21028 21029 AND
2 1 4379 18249 21030 AND
2 1 21029 21030 21031 AND
2 1 21031 23 21032 XOR
2 1 21087 21032 21089 XOR
2 1 21090 21089 21092 XOR
2 1 21100 21092 21102 XOR
2 1 20891 20899 20900 AND
2 1 20822 20901 20902 AND
2 1 20900 20902 21024 AND
2 1 21102 21024 21104 XOR
2 1 5731 17526 21016 AND
2 1 5273 17530 21017 AND
2 1 5494 17528 21018 AND
2 1 21017 21018 21019 AND
2 1 21016 21019 21020 AND
2 1 5275 18827 21021 AND
2 1 21020 21021 21022 AND
2 1 21022 17 21023 XOR
2 1 21104 21023 21106 XOR
2 1 21107 21106 21109 XOR
2 1 21117 21109 21119 XOR
2 1 20908 20916 20917 AND
2 1 20813 20918 20919 AND
2 1 20917 20919 21015 AND
2 1 21119 21015 21121 XOR
2 1 7018 17514 21007 AND
2 1 6543 17518 21008 AND
2 1 6777 17516 21009 AND
2 1 21008 21009 21010 AND
2 1 21007 21010 21011 AND
2 1 6545 19570 21012 AND
2 1 21011 21012 21013 AND
2 1 21013 11 21014 XOR
2 1 21121 21014 21123 XOR
2 1 21124 21123 21126 XOR
2 1 21134 21126 21136 XOR
2 1 20925 20933 20934 AND
2 1 20804 20935 20936 AND
2 1 20934 20936 21006 AND
2 1 21136 21006 21138 XOR
2 1 35 20140 20998 AND
2 1 8307 20142 20999 AND
2 1 8691 20144 21000 AND
2 1 20999 21000 21001 AND
2 1 20998 21001 21002 AND
2 1 8309 20163 21003 AND
2 1 21002 21003 21004 AND
2 1 21004 5 21005 XOR
2 1 21138 21005 21140 XOR
2 1 21141 21140 21143 XOR
2 1 21186 21143 21188 XOR
2 1 20940 20939 20942 XOR
2 1 20984 2 20985 XOR
2 1 20942 20985 20986 AND
2 1 20737 20784 20990 AND
2 1 20989 20990 20991 AND
2 1 20593 20785 20992 AND
2 1 20991 20992 20993 AND
2 1 20986 20993 20997 AND
2 1 21188 20997 21190 XOR
2 1 20794 20994 20995 AND
2 1 21190 20995 21192 XOR
2 1 21146 21165 21166 AND
2 1 21144 21167 21168 AND
2 1 21166 21168 21356 AND
2 1 21153 21161 21162 AND
2 1 20950 21163 21164 AND
2 1 21162 21164 21353 AND
2 1 10682 20946 21158 AND
2 1 21157 21159 21160 AND
2 1 21158 21160 21348 AND
2 1 21348 3740 21350 XOR
2 1 39 11500 21341 AND
2 1 2962 11441 21344 AND
2 1 2957 11014 21342 AND
2 1 2959 11176 21343 AND
2 1 21342 21343 21345 AND
2 1 21344 21345 21346 AND
2 1 21341 21346 21347 AND
2 1 21350 21347 21352 XOR
2 1 21353 21352 21355 XOR
2 1 21356 21355 21361 XOR
2 1 9570 21361 21362 AND
2 1 9115 20975 21363 AND
2 1 9561 21169 21364 AND
2 1 21363 21364 21365 AND
2 1 21362 21365 21366 AND
2 1 21366 2 21377 XOR
2 1 21361 21169 21373 XOR
2 1 20975 21169 21180 AND
2 1 21179 21181 21182 AND
2 1 21180 21182 21367 AND
2 1 21373 21367 21374 XOR
2 1 9117 21366 21375 AND
2 1 21374 21375 21376 AND
2 1 21377 21376 21378 XOR
2 1 21005 21138 21139 AND
2 1 21140 21141 21142 AND
2 1 21139 21142 21335 AND
2 1 7937 20142 21321 AND
2 1 7313 17510 21322 AND
2 1 7618 17506 21323 AND
2 1 21322 21323 21324 AND
2 1 21321 21324 21325 AND
2 1 7315 20568 21326 AND
2 1 21325 21326 21327 AND
2 1 21327 8 21328 XOR
2 1 21014 21121 21122 AND
2 1 21123 21124 21125 AND
2 1 21122 21125 21318 AND
2 1 6414 17518 21304 AND
2 1 5848 17522 21305 AND
2 1 6312 17520 21306 AND
2 1 21305 21306 21307 AND
2 1 21304 21307 21308 AND
2 1 5845 19120 21309 AND
2 1 21308 21309 21310 AND
2 1 21310 14 21311 XOR
2 1 21023 21104 21105 AND
2 1 21106 21107 21108 AND
2 1 21105 21108 21301 AND
2 1 5157 17530 21287 AND
2 1 4681 17534 21288 AND
2 1 5096 17532 21289 AND
2 1 21288 21289 21290 AND
2 1 21287 21290 21291 AND
2 1 4683 18452 21292 AND
2 1 21291 21292 21293 AND
2 1 21293 20 21294 XOR
2 1 21032 21087 21088 AND
2 1 21089 21090 21091 AND
2 1 21088 21091 21284 AND
2 1 3781 17542 21270 AND
2 1 3863 17546 21271 AND
2 1 3941 17544 21272 AND
2 1 21271 21272 21273 AND
2 1 21270 21273 21274 AND
2 1 3945 18234 21275 AND
2 1 21274 21275 21276 AND
2 1 21276 26 21277 XOR
2 1 3377 17548 21258 AND
2 1 3461 17552 21259 AND
2 1 3525 17550 21260 AND
2 1 21259 21260 21261 AND
2 1 21258 21261 21262 AND
2 1 3288 18024 21263 AND
2 1 21262 21263 21264 AND
2 1 21264 29 21265 XOR
2 1 39 17902 21250 AND
2 1 2959 17558 21249 AND
2 1 2957 17554 21247 AND
2 1 2962 17556 21248 AND
2 1 21247 21248 21251 AND
2 1 21249 21251 21252 AND
2 1 21250 21252 21253 AND
2 1 120 2428 21232 AND
2 1 2932 21232 21233 AND
2 1 1684 1701 21234 AND
2 1 21233 21234 21235 AND
2 1 2372 4538 21236 AND
2 1 21235 21236 21237 AND
2 1 12793 21237 21238 AND
2 1 2192 21238 21239 AND
2 1 6171 21239 21240 AND
2 1 6134 21240 21241 AND
2 1 474 1146 21242 AND
2 1 1790 21242 21243 AND
2 1 21241 21243 21244 AND
2 1 155 304 21245 AND
2 1 21244 21245 21246 AND
2 1 21253 21246 21255 XOR
2 1 21052 21059 21060 AND
2 1 21035 21061 21062 AND
2 1 21060 21062 21231 AND
2 1 21255 21231 21257 XOR
2 1 21265 21257 21267 XOR
2 1 21063 21071 21072 AND
2 1 21034 21073 21074 AND
2 1 21072 21074 21230 AND
2 1 21267 21230 21269 XOR
2 1 21277 21269 21279 XOR
2 1 21075 21083 21084 AND
2 1 21033 21085 21086 AND
2 1 21084 21086 21229 AND
2 1 21279 21229 21281 XOR
2 1 4488 17536 21221 AND
2 1 4377 17540 21222 AND
2 1 4425 17538 21223 AND
2 1 21222 21223 21224 AND
2 1 21221 21224 21225 AND
2 1 4379 17686 21226 AND
2 1 21225 21226 21227 AND
2 1 21227 23 21228 XOR
2 1 21281 21228 21283 XOR
2 1 21284 21283 21286 XOR
2 1 21294 21286 21296 XOR
2 1 21092 21100 21101 AND
2 1 21024 21102 21103 AND
2 1 21101 21103 21220 AND
2 1 21296 21220 21298 XOR
2 1 5731 17524 21212 AND
2 1 5273 17528 21213 AND
2 1 5494 17526 21214 AND
2 1 21213 21214 21215 AND
2 1 21212 21215 21216 AND
2 1 5275 18815 21217 AND
2 1 21216 21217 21218 AND
2 1 21218 17 21219 XOR
2 1 21298 21219 21300 XOR
2 1 21301 21300 21303 XOR
2 1 21311 21303 21313 XOR
2 1 21109 21117 21118 AND
2 1 21015 21119 21120 AND
2 1 21118 21120 21211 AND
2 1 21313 21211 21315 XOR
2 1 7018 17508 21203 AND
2 1 6543 17516 21204 AND
2 1 6777 17514 21205 AND
2 1 21204 21205 21206 AND
2 1 21203 21206 21207 AND
2 1 6545 19597 21208 AND
2 1 21207 21208 21209 AND
2 1 21209 11 21210 XOR
2 1 21315 21210 21317 XOR
2 1 21318 21317 21320 XOR
2 1 21328 21320 21330 XOR
2 1 21126 21134 21135 AND
2 1 21006 21136 21137 AND
2 1 21135 21137 21202 AND
2 1 21330 21202 21332 XOR
2 1 35 20771 21194 AND
2 1 8307 20144 21195 AND
2 1 8691 20140 21196 AND
2 1 21195 21196 21197 AND
2 1 21194 21197 21198 AND
2 1 8309 20781 21199 AND
2 1 21198 21199 21200 AND
2 1 21200 5 21201 XOR
2 1 21332 21201 21334 XOR
2 1 21335 21334 21340 XOR
2 1 21378 21340 21380 XOR
2 1 21143 21186 21187 AND
2 1 20997 21188 21189 AND
2 1 21187 21189 21193 AND
2 1 21380 21193 21385 XOR
2 1 20995 21190 21191 AND
2 1 21385 21191 21387 XOR
2 1 21352 21353 21354 AND
2 1 21146 21165 21357 AND
2 1 21355 21357 21358 AND
2 1 21144 21166 21359 AND
2 1 21358 21359 21360 AND
2 1 21354 21360 21556 AND
2 1 3740 21348 21349 AND
2 1 21347 21350 21351 AND
2 1 21349 21351 21554 AND
2 1 39 11449 21546 AND
2 1 2957 2962 21547 AND
2 1 11014 21547 21548 AND
2 1 2959 11441 21549 AND
2 1 21548 21549 21550 AND
2 1 21546 21550 21551 AND
2 1 21551 3740 21553 XOR
2 1 21554 21553 21555 XOR
2 1 21556 21555 21557 XOR
2 1 9570 21557 21558 AND
2 1 9115 21169 21559 AND
2 1 9561 21361 21560 AND
2 1 21559 21560 21561 AND
2 1 21558 21561 21562 AND
2 1 21557 21361 21564 XOR
2 1 20975 21361 21368 AND
2 1 21169 21368 21369 AND
2 1 21169 21361 21370 AND
2 1 21182 21370 21371 AND
2 1 21369 21371 21372 AND
2 1 21564 21372 21566 XOR
2 1 9117 21566 21567 AND
2 1 21562 21567 21568 AND
2 1 21568 2 21569 XOR
2 1 21201 21332 21333 AND
2 1 21139 21141 21336 AND
2 1 21005 21138 21337 AND
2 1 21334 21337 21338 AND
2 1 21336 21338 21339 AND
2 1 21333 21339 21543 AND
2 1 7937 20144 21529 AND
2 1 7313 17506 21530 AND
2 1 7618 20142 21531 AND
2 1 21530 21531 21532 AND
2 1 21529 21532 21533 AND
2 1 7315 20582 21534 AND
2 1 21533 21534 21535 AND
2 1 21535 8 21536 XOR
2 1 21210 21315 21316 AND
2 1 21317 21318 21319 AND
2 1 21316 21319 21526 AND
2 1 6414 17516 21512 AND
2 1 5848 17520 21513 AND
2 1 6312 17518 21514 AND
2 1 21513 21514 21515 AND
2 1 21512 21515 21516 AND
2 1 5845 19109 21517 AND
2 1 21516 21517 21518 AND
2 1 21518 14 21519 XOR
2 1 21219 21298 21299 AND
2 1 21300 21301 21302 AND
2 1 21299 21302 21509 AND
2 1 5157 17528 21495 AND
2 1 4681 17532 21496 AND
2 1 5096 17530 21497 AND
2 1 21496 21497 21498 AND
2 1 21495 21498 21499 AND
2 1 4683 18800 21500 AND
2 1 21499 21500 21501 AND
2 1 21501 20 21502 XOR
2 1 21228 21281 21282 AND
2 1 21283 21284 21285 AND
2 1 21282 21285 21492 AND
2 1 3781 17540 21478 AND
2 1 3863 17544 21479 AND
2 1 3941 17542 21480 AND
2 1 21479 21480 21481 AND
2 1 21478 21481 21482 AND
2 1 3945 18262 21483 AND
2 1 21482 21483 21484 AND
2 1 21484 26 21485 XOR
2 1 3377 17546 21466 AND
2 1 3461 17550 21467 AND
2 1 3525 17548 21468 AND
2 1 21467 21468 21469 AND
2 1 21466 21469 21470 AND
2 1 3288 18012 21471 AND
2 1 21470 21471 21472 AND
2 1 21472 29 21473 XOR
2 1 39 17891 21458 AND
2 1 2959 17556 21457 AND
2 1 2957 17552 21455 AND
2 1 2962 17554 21456 AND
2 1 21455 21456 21459 AND
2 1 21457 21459 21460 AND
2 1 21458 21460 21461 AND
2 1 1104 2055 21437 AND
2 1 1204 1644 21438 AND
2 1 21437 21438 21439 AND
2 1 490 1672 21440 AND
2 1 2974 21440 21441 AND
2 1 21439 21441 21442 AND
2 1 3061 21442 21443 AND
2 1 1387 2056 21427 AND
2 1 20839 21427 21428 AND
2 1 75 190 21429 AND
2 1 364 21429 21430 AND
2 1 21428 21430 21431 AND
2 1 129 170 21432 AND
2 1 454 21432 21433 AND
2 1 21431 21433 21434 AND
2 1 755 850 21435 AND
2 1 21434 21435 21436 AND
2 1 1975 21436 21444 AND
2 1 21443 21444 21445 AND
2 1 4256 21445 21446 AND
2 1 84 534 21447 AND
2 1 942 21447 21448 AND
2 1 21446 21448 21449 AND
2 1 71 294 21450 AND
2 1 566 21450 21451 AND
2 1 21449 21451 21452 AND
2 1 209 393 21453 AND
2 1 21452 21453 21454 AND
2 1 21461 21454 21463 XOR
2 1 21246 21253 21254 AND
2 1 21231 21255 21256 AND
2 1 21254 21256 21426 AND
2 1 21463 21426 21465 XOR
2 1 21473 21465 21475 XOR
2 1 21257 21265 21266 AND
2 1 21230 21267 21268 AND
2 1 21266 21268 21425 AND
2 1 21475 21425 21477 XOR
2 1 21485 21477 21487 XOR
2 1 21269 21277 21278 AND
2 1 21229 21279 21280 AND
2 1 21278 21280 21424 AND
2 1 21487 21424 21489 XOR
2 1 4488 17534 21416 AND
2 1 4377 17538 21417 AND
2 1 4425 17536 21418 AND
2 1 21417 21418 21419 AND
2 1 21416 21419 21420 AND
2 1 4379 18473 21421 AND
2 1 21420 21421 21422 AND
2 1 21422 23 21423 XOR
2 1 21489 21423 21491 XOR
2 1 21492 21491 21494 XOR
2 1 21502 21494 21504 XOR
2 1 21286 21294 21295 AND
2 1 21220 21296 21297 AND
2 1 21295 21297 21415 AND
2 1 21504 21415 21506 XOR
2 1 5731 17522 21407 AND
2 1 5273 17526 21408 AND
2 1 5494 17524 21409 AND
2 1 21408 21409 21410 AND
2 1 21407 21410 21411 AND
2 1 5275 17677 21412 AND
2 1 21411 21412 21413 AND
2 1 21413 17 21414 XOR
2 1 21506 21414 21508 XOR
2 1 21509 21508 21511 XOR
2 1 21519 21511 21521 XOR
2 1 21303 21311 21312 AND
2 1 21211 21313 21314 AND
2 1 21312 21314 21406 AND
2 1 21521 21406 21523 XOR
2 1 7018 17510 21398 AND
2 1 6543 17514 21399 AND
2 1 6777 17508 21400 AND
2 1 21399 21400 21401 AND
2 1 21398 21401 21402 AND
2 1 6545 19585 21403 AND
2 1 21402 21403 21404 AND
2 1 21404 11 21405 XOR
2 1 21523 21405 21525 XOR
2 1 21526 21525 21528 XOR
2 1 21536 21528 21538 XOR
2 1 21320 21328 21329 AND
2 1 21202 21330 21331 AND
2 1 21329 21331 21397 AND
2 1 21538 21397 21540 XOR
2 1 35 20975 21389 AND
2 1 8307 20140 21390 AND
2 1 8691 20771 21391 AND
2 1 21390 21391 21392 AND
2 1 21389 21392 21393 AND
2 1 8309 20982 21394 AND
2 1 21393 21394 21395 AND
2 1 21395 5 21396 XOR
2 1 21540 21396 21542 XOR
2 1 21543 21542 21545 XOR
2 1 21569 21545 21571 XOR
2 1 21340 21378 21379 AND
2 1 21143 21186 21381 AND
2 1 21380 21381 21382 AND
2 1 20997 21187 21383 AND
2 1 21382 21383 21384 AND
2 1 21379 21384 21388 AND
2 1 21571 21388 21573 XOR
2 1 21191 21385 21386 AND
2 1 21573 21386 21575 XOR
2 1 21555 21556 21729 AND
2 1 21553 21554 21727 AND
2 1 31 61 21724 AND
2 1 11014 21724 21725 AND
2 1 3740 21551 21552 AND
2 1 21725 21552 21726 XOR
2 1 21727 21726 21728 XOR
2 1 21729 21728 21730 XOR
2 1 9570 21730 21731 AND
2 1 9115 21361 21732 AND
2 1 9561 21557 21733 AND
2 1 21732 21733 21734 AND
2 1 21731 21734 21735 AND
2 1 21735 2 21744 XOR
2 1 21730 21557 21738 XOR
2 1 21361 21557 21563 AND
2 1 21372 21564 21565 AND
2 1 21563 21565 21736 AND
2 1 21738 21736 21741 XOR
2 1 9117 21735 21742 AND
2 1 21741 21742 21743 AND
2 1 21744 21743 21745 XOR
2 1 21396 21540 21541 AND
2 1 21542 21543 21544 AND
2 1 21541 21544 21721 AND
2 1 7937 20140 21707 AND
2 1 7313 20142 21708 AND
2 1 7618 20144 21709 AND
2 1 21708 21709 21710 AND
2 1 21707 21710 21711 AND
2 1 7315 20163 21712 AND
2 1 21711 21712 21713 AND
2 1 21713 8 21714 XOR
2 1 21405 21523 21524 AND
2 1 21525 21526 21527 AND
2 1 21524 21527 21704 AND
2 1 6414 17514 21690 AND
2 1 5848 17518 21691 AND
2 1 6312 17516 21692 AND
2 1 21691 21692 21693 AND
2 1 21690 21693 21694 AND
2 1 5845 19570 21695 AND
2 1 21694 21695 21696 AND
2 1 21696 14 21697 XOR
2 1 21414 21506 21507 AND
2 1 21508 21509 21510 AND
2 1 21507 21510 21687 AND
2 1 5157 17526 21673 AND
2 1 4681 17530 21674 AND
2 1 5096 17528 21675 AND
2 1 21674 21675 21676 AND
2 1 21673 21676 21677 AND
2 1 4683 18827 21678 AND
2 1 21677 21678 21679 AND
2 1 21679 20 21680 XOR
2 1 21423 21489 21490 AND
2 1 21491 21492 21493 AND
2 1 21490 21493 21670 AND
2 1 3781 17538 21656 AND
2 1 3863 17542 21657 AND
2 1 3941 17540 21658 AND
2 1 21657 21658 21659 AND
2 1 21656 21659 21660 AND
2 1 3945 18249 21661 AND
2 1 21660 21661 21662 AND
2 1 21662 26 21663 XOR
2 1 3377 17544 21644 AND
2 1 3461 17548 21645 AND
2 1 3525 17546 21646 AND
2 1 21645 21646 21647 AND
2 1 21644 21647 21648 AND
2 1 3288 18002 21649 AND
2 1 21648 21649 21650 AND
2 1 21650 29 21651 XOR
2 1 39 17695 21636 AND
2 1 2959 17554 21635 AND
2 1 2957 17550 21633 AND
2 1 2962 17552 21634 AND
2 1 21633 21634 21637 AND
2 1 21635 21637 21638 AND
2 1 21636 21638 21639 AND
2 1 171 654 21615 AND
2 1 3506 21615 21616 AND
2 1 10139 21616 21617 AND
2 1 3554 21617 21618 AND
2 1 13008 21618 21619 AND
2 1 4993 21619 21620 AND
2 1 75 433 21621 AND
2 1 1010 21621 21622 AND
2 1 21620 21622 21623 AND
2 1 135 206 21624 AND
2 1 565 21624 21625 AND
2 1 21623 21625 21626 AND
2 1 125 339 21627 AND
2 1 457 21627 21628 AND
2 1 21626 21628 21629 AND
2 1 122 186 21630 AND
2 1 215 21630 21631 AND
2 1 21629 21631 21632 AND
2 1 21639 21632 21641 XOR
2 1 21454 21461 21462 AND
2 1 21426 21463 21464 AND
2 1 21462 21464 21614 AND
2 1 21641 21614 21643 XOR
2 1 21651 21643 21653 XOR
2 1 21465 21473 21474 AND
2 1 21425 21475 21476 AND
2 1 21474 21476 21613 AND
2 1 21653 21613 21655 XOR
2 1 21663 21655 21665 XOR
2 1 21477 21485 21486 AND
2 1 21424 21487 21488 AND
2 1 21486 21488 21612 AND
2 1 21665 21612 21667 XOR
2 1 4488 17532 21604 AND
2 1 4377 17536 21605 AND
2 1 4425 17534 21606 AND
2 1 21605 21606 21607 AND
2 1 21604 21607 21608 AND
2 1 4379 18463 21609 AND
2 1 21608 21609 21610 AND
2 1 21610 23 21611 XOR
2 1 21667 21611 21669 XOR
2 1 21670 21669 21672 XOR
2 1 21680 21672 21682 XOR
2 1 21494 21502 21503 AND
2 1 21415 21504 21505 AND
2 1 21503 21505 21603 AND
2 1 21682 21603 21684 XOR
2 1 5731 17520 21595 AND
2 1 5273 17524 21596 AND
2 1 5494 17522 21597 AND
2 1 21596 21597 21598 AND
2 1 21595 21598 21599 AND
2 1 5275 19131 21600 AND
2 1 21599 21600 21601 AND
2 1 21601 17 21602 XOR
2 1 21684 21602 21686 XOR
2 1 21687 21686 21689 XOR
2 1 21697 21689 21699 XOR
2 1 21511 21519 21520 AND
2 1 21406 21521 21522 AND
2 1 21520 21522 21594 AND
2 1 21699 21594 21701 XOR
2 1 7018 17506 21586 AND
2 1 6543 17508 21587 AND
2 1 6777 17510 21588 AND
2 1 21587 21588 21589 AND
2 1 21586 21589 21590 AND
2 1 6545 17668 21591 AND
2 1 21590 21591 21592 AND
2 1 21592 11 21593 XOR
2 1 21701 21593 21703 XOR
2 1 21704 21703 21706 XOR
2 1 21714 21706 21716 XOR
2 1 21528 21536 21537 AND
2 1 21397 21538 21539 AND
2 1 21537 21539 21585 AND
2 1 21716 21585 21718 XOR
2 1 35 21169 21577 AND
2 1 8307 20771 21578 AND
2 1 8691 20975 21579 AND
2 1 21578 21579 21580 AND
2 1 21577 21580 21581 AND
2 1 8309 21183 21582 AND
2 1 21581 21582 21583 AND
2 1 21583 5 21584 XOR
2 1 21718 21584 21720 XOR
2 1 21721 21720 21723 XOR
2 1 21745 21723 21747 XOR
2 1 21545 21569 21570 AND
2 1 21388 21571 21572 AND
2 1 21570 21572 21576 AND
2 1 21747 21576 21752 XOR
2 1 21386 21573 21574 AND
2 1 21752 21574 21754 XOR
2 1 21723 21745 21746 AND
2 1 21545 21569 21748 AND
2 1 21747 21748 21749 AND
2 1 21388 21570 21750 AND
2 1 21749 21750 21751 AND
2 1 21746 21751 21920 AND
2 1 21584 21718 21719 AND
2 1 21720 21721 21722 AND
2 1 21719 21722 21917 AND
2 1 16401 21730 21908 AND
2 1 9115 21557 21909 AND
2 1 21908 21909 21910 AND
2 1 21910 2 21913 XOR
2 1 21557 21730 21737 AND
2 1 21736 21738 21739 AND
2 1 21737 21739 21740 AND
2 1 9117 21910 21911 AND
2 1 21740 21911 21912 AND
2 1 21913 21912 21914 XOR
2 1 7937 20771 21894 AND
2 1 7313 20144 21895 AND
2 1 7618 20140 21896 AND
2 1 21895 21896 21897 AND
2 1 21894 21897 21898 AND
2 1 7315 20781 21899 AND
2 1 21898 21899 21900 AND
2 1 21900 8 21901 XOR
2 1 21593 21701 21702 AND
2 1 21703 21704 21705 AND
2 1 21702 21705 21891 AND
2 1 6414 17508 21877 AND
2 1 5848 17516 21878 AND
2 1 6312 17514 21879 AND
2 1 21878 21879 21880 AND
2 1 21877 21880 21881 AND
2 1 5845 19597 21882 AND
2 1 21881 21882 21883 AND
2 1 21883 14 21884 XOR
2 1 21602 21684 21685 AND
2 1 21686 21687 21688 AND
2 1 21685 21688 21874 AND
2 1 5157 17524 21860 AND
2 1 4681 17528 21861 AND
2 1 5096 17526 21862 AND
2 1 21861 21862 21863 AND
2 1 21860 21863 21864 AND
2 1 4683 18815 21865 AND
2 1 21864 21865 21866 AND
2 1 21866 20 21867 XOR
2 1 21611 21667 21668 AND
2 1 21669 21670 21671 AND
2 1 21668 21671 21857 AND
2 1 3781 17536 21843 AND
2 1 3863 17540 21844 AND
2 1 3941 17538 21845 AND
2 1 21844 21845 21846 AND
2 1 21843 21846 21847 AND
2 1 3945 17686 21848 AND
2 1 21847 21848 21849 AND
2 1 21849 26 21850 XOR
2 1 3377 17542 21831 AND
2 1 3461 17546 21832 AND
2 1 3525 17544 21833 AND
2 1 21832 21833 21834 AND
2 1 21831 21834 21835 AND
2 1 3288 18234 21836 AND
2 1 21835 21836 21837 AND
2 1 21837 29 21838 XOR
2 1 39 18024 21823 AND
2 1 2959 17552 21822 AND
2 1 2957 17548 21820 AND
2 1 2962 17550 21821 AND
2 1 21820 21821 21824 AND
2 1 21822 21824 21825 AND
2 1 21823 21825 21826 AND
2 1 1514 1656 21793 AND
2 1 133 155 21794 AND
2 1 192 21794 21795 AND
2 1 21793 21795 21796 AND
2 1 122 289 21797 AND
2 1 531 21797 21798 AND
2 1 21796 21798 21799 AND
2 1 261 401 21800 AND
2 1 2974 21800 21801 AND
2 1 21233 21801 21802 AND
2 1 21799 21802 21803 AND
2 1 11926 21803 21804 AND
2 1 4731 21804 21805 AND
2 1 12275 21805 21806 AND
2 1 191 471 21807 AND
2 1 942 21807 21808 AND
2 1 21806 21808 21809 AND
2 1 80 620 21810 AND
2 1 2368 21810 21811 AND
2 1 21809 21811 21812 AND
2 1 210 336 21813 AND
2 1 621 21813 21814 AND
2 1 21812 21814 21815 AND
2 1 59 676 21816 AND
2 1 850 21816 21817 AND
2 1 21815 21817 21818 AND
2 1 392 21818 21819 AND
2 1 21826 21819 21828 XOR
2 1 21632 21639 21640 AND
2 1 21614 21641 21642 AND
2 1 21640 21642 21792 AND
2 1 21828 21792 21830 XOR
2 1 21838 21830 21840 XOR
2 1 21643 21651 21652 AND
2 1 21613 21653 21654 AND
2 1 21652 21654 21791 AND
2 1 21840 21791 21842 XOR
2 1 21850 21842 21852 XOR
2 1 21655 21663 21664 AND
2 1 21612 21665 21666 AND
2 1 21664 21666 21790 AND
2 1 21852 21790 21854 XOR
2 1 4488 17530 21782 AND
2 1 4377 17534 21783 AND
2 1 4425 17532 21784 AND
2 1 21783 21784 21785 AND
2 1 21782 21785 21786 AND
2 1 4379 18452 21787 AND
2 1 21786 21787 21788 AND
2 1 21788 23 21789 XOR
2 1 21854 21789 21856 XOR
2 1 21857 21856 21859 XOR
2 1 21867 21859 21869 XOR
2 1 21672 21680 21681 AND
2 1 21603 21682 21683 AND
2 1 21681 21683 21781 AND
2 1 21869 21781 21871 XOR
2 1 5731 17518 21773 AND
2 1 5273 17522 21774 AND
2 1 5494 17520 21775 AND
2 1 21774 21775 21776 AND
2 1 21773 21776 21777 AND
2 1 5275 19120 21778 AND
2 1 21777 21778 21779 AND
2 1 21779 17 21780 XOR
2 1 21871 21780 21873 XOR
2 1 21874 21873 21876 XOR
2 1 21884 21876 21886 XOR
2 1 21689 21697 21698 AND
2 1 21594 21699 21700 AND
2 1 21698 21700 21772 AND
2 1 21886 21772 21888 XOR
2 1 7018 20142 21764 AND
2 1 6543 17510 21765 AND
2 1 6777 17506 21766 AND
2 1 21765 21766 21767 AND
2 1 21764 21767 21768 AND
2 1 6545 20568 21769 AND
2 1 21768 21769 21770 AND
2 1 21770 11 21771 XOR
2 1 21888 21771 21890 XOR
2 1 21891 21890 21893 XOR
2 1 21901 21893 21903 XOR
2 1 21706 21714 21715 AND
2 1 21585 21716 21717 AND
2 1 21715 21717 21763 AND
2 1 21903 21763 21905 XOR
2 1 35 21361 21755 AND
2 1 8307 20975 21756 AND
2 1 8691 21169 21757 AND
2 1 21756 21757 21758 AND
2 1 21755 21758 21759 AND
2 1 8309 21374 21760 AND
2 1 21759 21760 21761 AND
2 1 21761 5 21762 XOR
2 1 21905 21762 21907 XOR
2 1 21914 21907 21916 XOR
2 1 21917 21916 21919 XOR
2 1 21920 21919 21922 XOR
2 1 21574 21752 21753 AND
2 1 21922 21753 21924 XOR
2 1 21916 21917 21918 AND
2 1 21919 21920 21921 AND
2 1 21918 21921 22073 AND
2 1 21762 21905 21906 AND
2 1 21907 21914 21915 AND
2 1 21906 21915 22070 AND
2 1 35 21557 22060 AND
2 1 8307 21169 22061 AND
2 1 8691 21361 22062 AND
2 1 22061 22062 22063 AND
2 1 22060 22063 22064 AND
2 1 8309 21566 22065 AND
2 1 22064 22065 22066 AND
2 1 22066 5 22067 XOR
2 1 21893 21901 21902 AND
2 1 21763 21903 21904 AND
2 1 21902 21904 22059 AND
2 1 22067 22059 22068 XOR
2 1 7937 20975 22049 AND
2 1 7313 20140 22050 AND
2 1 7618 20771 22051 AND
2 1 22050 22051 22052 AND
2 1 22049 22052 22053 AND
2 1 7315 20982 22054 AND
2 1 22053 22054 22055 AND
2 1 22055 8 22056 XOR
2 1 21771 21888 21889 AND
2 1 21890 21891 21892 AND
2 1 21889 21892 22045 AND
2 1 7018 20144 22035 AND
2 1 6543 17506 22036 AND
2 1 6777 20142 22037 AND
2 1 22036 22037 22038 AND
2 1 22035 22038 22039 AND
2 1 6545 20582 22040 AND
2 1 22039 22040 22041 AND
2 1 22041 11 22042 XOR
2 1 22045 22042 22047 XOR
2 1 21876 21884 21885 AND
2 1 21772 21886 21887 AND
2 1 21885 21887 22032 AND
2 1 6414 17510 22022 AND
2 1 5848 17514 22023 AND
2 1 6312 17508 22024 AND
2 1 22023 22024 22025 AND
2 1 22022 22025 22026 AND
2 1 5845 19585 22027 AND
2 1 22026 22027 22028 AND
2 1 22028 14 22029 XOR
2 1 21780 21871 21872 AND
2 1 21873 21874 21875 AND
2 1 21872 21875 22021 AND
2 1 22029 22021 22030 XOR
2 1 5731 17516 22011 AND
2 1 5273 17520 22012 AND
2 1 5494 17518 22013 AND
2 1 22012 22013 22014 AND
2 1 22011 22014 22015 AND
2 1 5275 19109 22016 AND
2 1 22015 22016 22017 AND
2 1 22017 17 22018 XOR
2 1 21859 21867 21868 AND
2 1 21781 21869 21870 AND
2 1 21868 21870 22007 AND
2 1 5157 17522 21997 AND
2 1 4681 17526 21998 AND
2 1 5096 17524 21999 AND
2 1 21998 21999 22000 AND
2 1 21997 22000 22001 AND
2 1 4683 17677 22002 AND
2 1 22001 22002 22003 AND
2 1 22003 20 22004 XOR
2 1 21789 21854 21855 AND
2 1 21856 21857 21858 AND
2 1 21855 21858 21996 AND
2 1 22004 21996 22005 XOR
2 1 22007 22005 22009 XOR
2 1 4488 17528 21986 AND
2 1 4377 17532 21987 AND
2 1 4425 17530 21988 AND
2 1 21987 21988 21989 AND
2 1 21986 21989 21990 AND
2 1 4379 18800 21991 AND
2 1 21990 21991 21992 AND
2 1 21992 23 21993 XOR
2 1 21842 21850 21851 AND
2 1 21790 21852 21853 AND
2 1 21851 21853 21985 AND
2 1 21993 21985 21994 XOR
2 1 3781 17534 21975 AND
2 1 3863 17538 21976 AND
2 1 3941 17536 21977 AND
2 1 21976 21977 21978 AND
2 1 21975 21978 21979 AND
2 1 3945 18473 21980 AND
2 1 21979 21980 21981 AND
2 1 21981 26 21982 XOR
2 1 21819 21826 21827 AND
2 1 21792 21828 21829 AND
2 1 21827 21829 21960 AND
2 1 21830 21838 21839 AND
2 1 21791 21840 21841 AND
2 1 21839 21841 21925 AND
2 1 21960 21925 21972 XOR
2 1 3377 17540 21961 AND
2 1 3461 17544 21962 AND
2 1 3525 17542 21963 AND
2 1 21962 21963 21964 AND
2 1 21961 21964 21965 AND
2 1 3288 18262 21966 AND
2 1 21965 21966 21967 AND
2 1 21967 29 21968 XOR
2 1 21972 21968 21973 XOR
2 1 39 18012 21926 AND
2 1 2957 17546 21927 AND
2 1 2959 17550 21928 AND
2 1 2962 17548 21929 AND
2 1 21928 21929 21930 AND
2 1 21927 21930 21931 AND
2 1 21926 21931 21932 AND
2 1 21932 2 21957 XOR
2 1 2078 2385 21933 AND
2 1 6136 11231 21934 AND
2 1 21933 21934 21935 AND
2 1 1985 21935 21936 AND
2 1 1541 10572 21937 AND
2 1 21936 21937 21938 AND
2 1 1538 1848 21939 AND
2 1 21938 21939 21940 AND
2 1 3659 21940 21941 AND
2 1 1353 2445 21942 AND
2 1 3880 21942 21943 AND
2 1 21941 21943 21944 AND
2 1 565 583 21945 AND
2 1 811 21945 21946 AND
2 1 21944 21946 21947 AND
2 1 121 495 21948 AND
2 1 501 21948 21949 AND
2 1 21947 21949 21950 AND
2 1 21957 21950 21958 XOR
2 1 12262 21730 21951 AND
2 1 21958 21951 21959 XOR
2 1 21973 21959 21974 XOR
2 1 21982 21974 21984 XOR
2 1 21994 21984 21995 XOR
2 1 22009 21995 22010 XOR
2 1 22018 22010 22020 XOR
2 1 22030 22020 22031 XOR
2 1 22032 22031 22034 XOR
2 1 22047 22034 22048 XOR
2 1 22056 22048 22058 XOR
2 1 22068 22058 22069 XOR
2 1 22070 22069 22072 XOR
2 1 22073 22072 22078 XOR
2 1 21753 21922 21923 AND
2 1 22078 21923 22080 XOR
2 1 22069 22070 22071 AND
2 1 21918 21920 22074 AND
2 1 21916 21917 22075 AND
2 1 22072 22075 22076 AND
2 1 22074 22076 22077 AND
2 1 22071 22077 22242 AND
2 1 22059 22067 22236 AND
2 1 22059 22067 22237 AND
2 1 22058 22237 22238 AND
2 1 22236 22238 22239 AND
2 1 35 21730 22226 AND
2 1 8307 21361 22227 AND
2 1 8691 21557 22228 AND
2 1 22227 22228 22229 AND
2 1 22226 22229 22230 AND
2 1 8309 21741 22231 AND
2 1 22230 22231 22232 AND
2 1 22232 5 22233 XOR
2 1 22042 22034 22044 XOR
2 1 22044 22045 22046 AND
2 1 22048 22056 22057 AND
2 1 22046 22057 22223 AND
2 1 7937 21169 22213 AND
2 1 7313 20771 22214 AND
2 1 7618 20975 22215 AND
2 1 22214 22215 22216 AND
2 1 22213 22216 22217 AND
2 1 7315 21183 22218 AND
2 1 22217 22218 22219 AND
2 1 22219 8 22220 XOR
2 1 22031 22032 22033 AND
2 1 22034 22042 22043 AND
2 1 22033 22043 22210 AND
2 1 7018 20140 22199 AND
2 1 6543 20142 22200 AND
2 1 6777 20144 22201 AND
2 1 22200 22201 22202 AND
2 1 22199 22202 22203 AND
2 1 6545 20163 22204 AND
2 1 22203 22204 22205 AND
2 1 22205 11 22206 XOR
2 1 6414 17506 22185 AND
2 1 5848 17508 22186 AND
2 1 6312 17510 22187 AND
2 1 22186 22187 22188 AND
2 1 22185 22188 22189 AND
2 1 5845 17668 22190 AND
2 1 22189 22190 22191 AND
2 1 22191 14 22192 XOR
2 1 22206 22192 22207 XOR
2 1 22021 22029 22195 AND
2 1 22021 22029 22196 AND
2 1 22020 22196 22197 AND
2 1 22195 22197 22198 AND
2 1 22207 22198 22208 XOR
2 1 22005 21995 22006 XOR
2 1 22006 22007 22008 AND
2 1 22010 22018 22019 AND
2 1 22008 22019 22181 AND
2 1 5731 17514 22172 AND
2 1 5273 17518 22173 AND
2 1 5494 17516 22174 AND
2 1 22173 22174 22175 AND
2 1 22172 22175 22176 AND
2 1 5275 19570 22177 AND
2 1 22176 22177 22178 AND
2 1 22178 17 22179 XOR
2 1 22181 22179 22183 XOR
2 1 21996 22004 22167 AND
2 1 21996 22004 22168 AND
2 1 21995 22168 22169 AND
2 1 22167 22169 22170 AND
2 1 5157 17520 22157 AND
2 1 4681 17524 22158 AND
2 1 5096 17522 22159 AND
2 1 22158 22159 22160 AND
2 1 22157 22160 22161 AND
2 1 4683 19131 22162 AND
2 1 22161 22162 22163 AND
2 1 22163 20 22164 XOR
2 1 21985 21993 22153 AND
2 1 21985 21993 22154 AND
2 1 21984 22154 22155 AND
2 1 22153 22155 22156 AND
2 1 22164 22156 22165 XOR
2 1 4488 17526 22143 AND
2 1 4377 17530 22144 AND
2 1 4425 17528 22145 AND
2 1 22144 22145 22146 AND
2 1 22143 22146 22147 AND
2 1 4379 18827 22148 AND
2 1 22147 22148 22149 AND
2 1 22149 23 22150 XOR
2 1 21968 21960 21969 XOR
2 1 21969 21959 21970 XOR
2 1 21925 21970 21971 AND
2 1 21974 21982 21983 AND
2 1 21971 21983 22142 AND
2 1 22150 22142 22151 XOR
2 1 3781 17532 22131 AND
2 1 3863 17536 22132 AND
2 1 3941 17534 22133 AND
2 1 22132 22133 22134 AND
2 1 22131 22134 22135 AND
2 1 3945 18463 22136 AND
2 1 22135 22136 22137 AND
2 1 22137 26 22138 XOR
2 1 3377 17538 22123 AND
2 1 3461 17542 22124 AND
2 1 3525 17540 22125 AND
2 1 22124 22125 22126 AND
2 1 22123 22126 22127 AND
2 1 3288 18249 22128 AND
2 1 22127 22128 22129 AND
2 1 22129 29 22130 XOR
2 1 22138 22130 22139 XOR
2 1 21960 21968 22118 AND
2 1 21960 21968 22119 AND
2 1 21959 22119 22120 AND
2 1 22118 22120 22121 AND
2 1 22139 22121 22140 XOR
2 1 39 18002 22109 AND
2 1 2957 17544 22110 AND
2 1 2959 17548 22111 AND
2 1 2962 17546 22112 AND
2 1 22111 22112 22113 AND
2 1 22110 22113 22114 AND
2 1 22109 22114 22115 AND
2 1 265 535 22081 AND
2 1 684 22081 22082 AND
2 1 13059 22082 22083 AND
2 1 850 22083 22084 AND
2 1 1311 1388 22085 AND
2 1 18184 22085 22086 AND
2 1 2372 22086 22087 AND
2 1 22084 22087 22088 AND
2 1 1277 1746 22089 AND
2 1 22088 22089 22090 AND
2 1 13106 22090 22091 AND
2 1 363 833 22092 AND
2 1 943 22092 22093 AND
2 1 22091 22093 22094 AND
2 1 2051 2545 22095 AND
2 1 3097 22095 22096 AND
2 1 22094 22096 22097 AND
2 1 85 243 22098 AND
2 1 247 22098 22099 AND
2 1 22097 22099 22100 AND
2 1 327 630 22101 AND
2 1 22100 22101 22102 AND
2 1 21951 2 21952 XOR
2 1 22102 21952 22107 XOR
2 1 22115 22107 22116 XOR
2 1 21932 21950 21953 AND
2 1 21932 21950 21954 AND
2 1 21952 21954 21955 AND
2 1 21953 21955 21956 AND
2 1 22116 21956 22117 XOR
2 1 22140 22117 22141 XOR
2 1 22151 22141 22152 XOR
2 1 22165 22152 22166 XOR
2 1 22170 22166 22171 XOR
2 1 22183 22171 22184 XOR
2 1 22208 22184 22209 XOR
2 1 22210 22209 22212 XOR
2 1 22220 22212 22222 XOR
2 1 22223 22222 22225 XOR
2 1 22233 22225 22235 XOR
2 1 22239 22235 22241 XOR
2 1 22242 22241 22244 XOR
2 1 21923 22078 22079 AND
2 1 22244 22079 22246 XOR
2 1 22235 22239 22240 AND
2 1 22241 22242 22243 AND
2 1 22240 22243 22405 AND
2 1 22222 22223 22224 AND
2 1 22225 22233 22234 AND
2 1 22224 22234 22402 AND
2 1 12304 21730 22392 AND
2 1 8307 21557 22393 AND
2 1 22392 22393 22394 AND
2 1 8309 21740 22395 AND
2 1 22394 22395 22396 AND
2 1 22396 5 22397 XOR
2 1 22209 22210 22211 AND
2 1 22212 22220 22221 AND
2 1 22211 22221 22391 AND
2 1 22397 22391 22399 XOR
2 1 7937 21361 22381 AND
2 1 7313 20975 22382 AND
2 1 7618 21169 22383 AND
2 1 22382 22383 22384 AND
2 1 22381 22384 22385 AND
2 1 7315 21374 22386 AND
2 1 22385 22386 22387 AND
2 1 22387 8 22388 XOR
2 1 22198 22206 22377 AND
2 1 22192 22184 22194 XOR
2 1 22198 22206 22378 AND
2 1 22194 22378 22379 AND
2 1 22377 22379 22380 AND
2 1 22388 22380 22389 XOR
2 1 7018 20771 22367 AND
2 1 6543 20144 22368 AND
2 1 6777 20140 22369 AND
2 1 22368 22369 22370 AND
2 1 22367 22370 22371 AND
2 1 6545 20781 22372 AND
2 1 22371 22372 22373 AND
2 1 22373 11 22374 XOR
2 1 22179 22171 22180 XOR
2 1 22180 22181 22182 AND
2 1 22184 22192 22193 AND
2 1 22182 22193 22364 AND
2 1 6414 20142 22354 AND
2 1 5848 17510 22355 AND
2 1 6312 17506 22356 AND
2 1 22355 22356 22357 AND
2 1 22354 22357 22358 AND
2 1 5845 20568 22359 AND
2 1 22358 22359 22360 AND
2 1 22360 14 22361 XOR
2 1 22170 22179 22350 AND
2 1 22170 22179 22351 AND
2 1 22166 22351 22352 AND
2 1 22350 22352 22353 AND
2 1 22361 22353 22362 XOR
2 1 5731 17508 22340 AND
2 1 5273 17516 22341 AND
2 1 5494 17514 22342 AND
2 1 22341 22342 22343 AND
2 1 22340 22343 22344 AND
2 1 5275 19597 22345 AND
2 1 22344 22345 22346 AND
2 1 22346 17 22347 XOR
2 1 22156 22164 22336 AND
2 1 22156 22164 22337 AND
2 1 22152 22337 22338 AND
2 1 22336 22338 22339 AND
2 1 22347 22339 22348 XOR
2 1 5157 17518 22325 AND
2 1 4681 17522 22326 AND
2 1 5096 17520 22327 AND
2 1 22326 22327 22328 AND
2 1 22325 22328 22329 AND
2 1 4683 19120 22330 AND
2 1 22329 22330 22331 AND
2 1 22331 20 22332 XOR
2 1 4488 17524 22311 AND
2 1 4377 17528 22312 AND
2 1 4425 17526 22313 AND
2 1 22312 22313 22314 AND
2 1 22311 22314 22315 AND
2 1 4379 18815 22316 AND
2 1 22315 22316 22317 AND
2 1 22317 23 22318 XOR
2 1 22332 22318 22333 XOR
2 1 22142 22150 22321 AND
2 1 22142 22150 22322 AND
2 1 22141 22322 22323 AND
2 1 22321 22323 22324 AND
2 1 22333 22324 22334 XOR
2 1 22130 22138 22305 AND
2 1 22121 22117 22122 XOR
2 1 22130 22138 22306 AND
2 1 22122 22306 22307 AND
2 1 22305 22307 22308 AND
2 1 3781 17530 22295 AND
2 1 3863 17534 22296 AND
2 1 3941 17532 22297 AND
2 1 22296 22297 22298 AND
2 1 22295 22298 22299 AND
2 1 3945 18452 22300 AND
2 1 22299 22300 22301 AND
2 1 22301 26 22302 XOR
2 1 3377 17536 22287 AND
2 1 3461 17540 22288 AND
2 1 3525 17538 22289 AND
2 1 22288 22289 22290 AND
2 1 22287 22290 22291 AND
2 1 3288 17686 22292 AND
2 1 22291 22292 22293 AND
2 1 22293 29 22294 XOR
2 1 22302 22294 22303 XOR
2 1 22115 22121 22278 AND
2 1 39 18234 22268 AND
2 1 2957 17542 22269 AND
2 1 2959 17546 22270 AND
2 1 2962 17544 22271 AND
2 1 22270 22271 22272 AND
2 1 22269 22272 22273 AND
2 1 22268 22273 22274 AND
2 1 1067 2386 22247 AND
2 1 2668 22247 22248 AND
2 1 12456 22248 22249 AND
2 1 3595 22249 22250 AND
2 1 4907 22250 22251 AND
2 1 379 1146 22252 AND
2 1 22251 22252 22253 AND
2 1 734 22253 22254 AND
2 1 901 2130 22255 AND
2 1 2405 22255 22256 AND
2 1 22254 22256 22257 AND
2 1 219 240 22258 AND
2 1 975 22258 22259 AND
2 1 22257 22259 22260 AND
2 1 114 259 22261 AND
2 1 22260 22261 22262 AND
2 1 22262 21952 22264 XOR
2 1 22274 22264 22276 XOR
2 1 21953 22102 22103 AND
2 1 21954 22102 22104 AND
2 1 21952 22104 22105 AND
2 1 22103 22105 22106 AND
2 1 22276 22106 22277 XOR
2 1 22278 22277 22285 XOR
2 1 22107 21956 22108 XOR
2 1 22121 22115 22283 XOR
2 1 22108 22283 22284 AND
2 1 22285 22284 22286 XOR
2 1 22303 22286 22304 XOR
2 1 22308 22304 22310 XOR
2 1 22334 22310 22335 XOR
2 1 22348 22335 22349 XOR
2 1 22362 22349 22363 XOR
2 1 22364 22363 22366 XOR
2 1 22374 22366 22376 XOR
2 1 22389 22376 22390 XOR
2 1 22399 22390 22401 XOR
2 1 22402 22401 22404 XOR
2 1 22405 22404 22410 XOR
2 1 22079 22244 22245 AND
2 1 22410 22245 22412 XOR
2 1 22380 22388 22558 AND
2 1 7937 21557 22550 AND
2 1 7313 21169 22551 AND
2 1 7618 21361 22552 AND
2 1 22551 22552 22553 AND
2 1 22550 22553 22554 AND
2 1 7315 21566 22555 AND
2 1 22554 22555 22556 AND
2 1 22556 8 22557 XOR
2 1 22558 22557 22564 XOR
2 1 22376 22389 22563 AND
2 1 22564 22563 22565 XOR
2 1 22363 22364 22365 AND
2 1 22366 22374 22375 AND
2 1 22365 22375 22547 AND
2 1 7018 20975 22536 AND
2 1 6543 20140 22537 AND
2 1 6777 20771 22538 AND
2 1 22537 22538 22539 AND
2 1 22536 22539 22540 AND
2 1 6545 20982 22541 AND
2 1 22540 22541 22542 AND
2 1 22542 11 22543 XOR
2 1 22353 22361 22526 AND
2 1 6414 20144 22518 AND
2 1 5848 17506 22519 AND
2 1 6312 20142 22520 AND
2 1 22519 22520 22521 AND
2 1 22518 22521 22522 AND
2 1 5845 20582 22523 AND
2 1 22522 22523 22524 AND
2 1 22524 14 22525 XOR
2 1 22526 22525 22532 XOR
2 1 22349 22362 22531 AND
2 1 22532 22531 22533 XOR
2 1 22543 22533 22545 XOR
2 1 22339 22347 22512 AND
2 1 22339 22347 22513 AND
2 1 22335 22513 22514 AND
2 1 22512 22514 22515 AND
2 1 5731 17510 22504 AND
2 1 5273 17514 22505 AND
2 1 5494 17508 22506 AND
2 1 22505 22506 22507 AND
2 1 22504 22507 22508 AND
2 1 5275 19585 22509 AND
2 1 22508 22509 22510 AND
2 1 22510 17 22511 XOR
2 1 22515 22511 22516 XOR
2 1 22324 22332 22498 AND
2 1 22318 22310 22320 XOR
2 1 22324 22332 22499 AND
2 1 22320 22499 22500 AND
2 1 22498 22500 22501 AND
2 1 5157 17516 22486 AND
2 1 4681 17520 22487 AND
2 1 5096 17518 22488 AND
2 1 22487 22488 22489 AND
2 1 22486 22489 22490 AND
2 1 4683 19109 22491 AND
2 1 22490 22491 22492 AND
2 1 22492 20 22493 XOR
2 1 4488 17522 22473 AND
2 1 4377 17526 22474 AND
2 1 4425 17524 22475 AND
2 1 22474 22475 22476 AND
2 1 22473 22476 22477 AND
2 1 4379 17677 22478 AND
2 1 22477 22478 22479 AND
2 1 22479 23 22480 XOR
2 1 22493 22480 22495 XOR
2 1 22294 22302 22467 AND
2 1 22294 22302 22468 AND
2 1 22286 22468 22469 AND
2 1 22467 22469 22470 AND
2 1 3781 17528 22455 AND
2 1 3863 17532 22456 AND
2 1 3941 17530 22457 AND
2 1 22456 22457 22458 AND
2 1 22455 22458 22459 AND
2 1 3945 18800 22460 AND
2 1 22459 22460 22461 AND
2 1 22461 26 22462 XOR
2 1 3377 17534 22445 AND
2 1 3461 17538 22446 AND
2 1 3525 17536 22447 AND
2 1 22446 22447 22448 AND
2 1 22445 22448 22449 AND
2 1 3288 18473 22450 AND
2 1 22449 22450 22451 AND
2 1 22451 29 22452 XOR
2 1 22462 22452 22464 XOR
2 1 39 18262 22436 AND
2 1 2957 17540 22437 AND
2 1 2959 17544 22438 AND
2 1 2962 17542 22439 AND
2 1 22438 22439 22440 AND
2 1 22437 22440 22441 AND
2 1 22436 22441 22442 AND
2 1 12306 21730 22432 AND
2 1 22432 5 22433 XOR
2 1 1037 4203 22416 AND
2 1 4225 22416 22417 AND
2 1 1823 22417 22418 AND
2 1 490 924 22419 AND
2 1 11349 22419 22420 AND
2 1 22418 22420 22421 AND
2 1 2429 2991 22422 AND
2 1 3783 22422 22423 AND
2 1 22421 22423 22424 AND
2 1 710 1725 22425 AND
2 1 17825 22425 22426 AND
2 1 22424 22426 22427 AND
2 1 83 244 22428 AND
2 1 322 22428 22429 AND
2 1 22427 22429 22430 AND
2 1 22430 21952 22431 XOR
2 1 22433 22431 22435 XOR
2 1 22442 22435 22443 XOR
2 1 21952 22262 22263 AND
2 1 22106 22264 22265 AND
2 1 22263 22265 22266 AND
2 1 22443 22266 22444 XOR
2 1 22464 22444 22465 XOR
2 1 22264 22106 22267 XOR
2 1 22267 22274 22275 AND
2 1 22277 22278 22279 AND
2 1 22115 22121 22280 AND
2 1 22108 22280 22281 AND
2 1 22279 22281 22282 AND
2 1 22275 22282 22415 AND
2 1 22465 22415 22466 XOR
2 1 22470 22466 22472 XOR
2 1 22495 22472 22496 XOR
2 1 22304 22308 22309 AND
2 1 22310 22318 22319 AND
2 1 22309 22319 22483 AND
2 1 22496 22483 22497 XOR
2 1 22501 22497 22503 XOR
2 1 22516 22503 22517 XOR
2 1 22545 22517 22546 XOR
2 1 22547 22546 22549 XOR
2 1 22565 22549 22567 XOR
2 1 22391 22397 22398 AND
2 1 22390 22399 22400 AND
2 1 22398 22400 22414 AND
2 1 22567 22414 22569 XOR
2 1 22401 22402 22403 AND
2 1 22240 22242 22406 AND
2 1 22235 22239 22407 AND
2 1 22404 22407 22408 AND
2 1 22406 22408 22409 AND
2 1 22403 22409 22413 AND
2 1 22569 22413 22571 XOR
2 1 22245 22410 22411 AND
2 1 22571 22411 22573 XOR
2 1 22414 22567 22568 AND
2 1 22413 22569 22570 AND
2 1 22568 22570 22723 AND
2 1 22557 22558 22559 AND
2 1 22380 22388 22560 AND
2 1 22376 22560 22561 AND
2 1 22559 22561 22562 AND
2 1 22549 22565 22566 AND
2 1 22562 22566 22720 AND
2 1 7937 21730 22710 AND
2 1 7313 21361 22711 AND
2 1 7618 21557 22712 AND
2 1 22711 22712 22713 AND
2 1 22710 22713 22714 AND
2 1 7315 21741 22715 AND
2 1 22714 22715 22716 AND
2 1 22716 8 22717 XOR
2 1 22533 22517 22535 XOR
2 1 22535 22543 22544 AND
2 1 22546 22547 22548 AND
2 1 22544 22548 22709 AND
2 1 22717 22709 22718 XOR
2 1 7018 21169 22699 AND
2 1 6543 20771 22700 AND
2 1 6777 20975 22701 AND
2 1 22700 22701 22702 AND
2 1 22699 22702 22703 AND
2 1 6545 21183 22704 AND
2 1 22703 22704 22705 AND
2 1 22705 11 22706 XOR
2 1 22525 22526 22527 AND
2 1 22353 22361 22528 AND
2 1 22349 22528 22529 AND
2 1 22527 22529 22530 AND
2 1 22517 22533 22534 AND
2 1 22530 22534 22698 AND
2 1 22706 22698 22707 XOR
2 1 6414 20140 22688 AND
2 1 5848 20142 22689 AND
2 1 6312 20144 22690 AND
2 1 22689 22690 22691 AND
2 1 22688 22691 22692 AND
2 1 5845 20163 22693 AND
2 1 22692 22693 22694 AND
2 1 22694 14 22695 XOR
2 1 22511 22515 22684 AND
2 1 22511 22515 22685 AND
2 1 22503 22685 22686 AND
2 1 22684 22686 22687 AND
2 1 22695 22687 22696 XOR
2 1 5731 17506 22674 AND
2 1 5273 17508 22675 AND
2 1 5494 17510 22676 AND
2 1 22675 22676 22677 AND
2 1 22674 22677 22678 AND
2 1 5275 17668 22679 AND
2 1 22678 22679 22680 AND
2 1 22680 17 22681 XOR
2 1 22480 22472 22482 XOR
2 1 22483 22482 22485 XOR
2 1 22485 22493 22494 AND
2 1 22497 22501 22502 AND
2 1 22494 22502 22671 AND
2 1 5157 17514 22659 AND
2 1 4681 17518 22660 AND
2 1 5096 17516 22661 AND
2 1 22660 22661 22662 AND
2 1 22659 22662 22663 AND
2 1 4683 19570 22664 AND
2 1 22663 22664 22665 AND
2 1 22665 20 22666 XOR
2 1 4488 17520 22646 AND
2 1 4377 17524 22647 AND
2 1 4425 17522 22648 AND
2 1 22647 22648 22649 AND
2 1 22646 22649 22650 AND
2 1 4379 19131 22651 AND
2 1 22650 22651 22652 AND
2 1 22652 23 22653 XOR
2 1 22666 22653 22668 XOR
2 1 22452 22444 22453 XOR
2 1 22453 22415 22454 XOR
2 1 22454 22462 22463 AND
2 1 22466 22470 22471 AND
2 1 22463 22471 22643 AND
2 1 3781 17526 22633 AND
2 1 3863 17530 22634 AND
2 1 3941 17528 22635 AND
2 1 22634 22635 22636 AND
2 1 22633 22636 22637 AND
2 1 3945 18827 22638 AND
2 1 22637 22638 22639 AND
2 1 22639 26 22640 XOR
2 1 3377 17532 22623 AND
2 1 3461 17536 22624 AND
2 1 3525 17534 22625 AND
2 1 22624 22625 22626 AND
2 1 22623 22626 22627 AND
2 1 3288 18463 22628 AND
2 1 22627 22628 22629 AND
2 1 22629 29 22630 XOR
2 1 1288 1310 22585 AND
2 1 1170 22585 22586 AND
2 1 5580 22586 22587 AND
2 1 618 6107 22588 AND
2 1 22587 22588 22589 AND
2 1 833 1105 22590 AND
2 1 3390 22590 22591 AND
2 1 22589 22591 22592 AND
2 1 85 193 22593 AND
2 1 212 22593 22594 AND
2 1 22592 22594 22595 AND
2 1 170 22595 22596 AND
2 1 1696 2226 22597 AND
2 1 3094 22597 22598 AND
2 1 6173 22598 22599 AND
2 1 1342 2643 22600 AND
2 1 22599 22600 22601 AND
2 1 22596 22601 22602 AND
2 1 564 22602 22603 AND
2 1 973 1789 22604 AND
2 1 452 22604 22605 AND
2 1 22603 22605 22606 AND
2 1 975 1210 22607 AND
2 1 1486 22607 22608 AND
2 1 22606 22608 22609 AND
2 1 129 239 22610 AND
2 1 321 22610 22611 AND
2 1 22609 22611 22612 AND
2 1 457 619 22613 AND
2 1 22612 22613 22614 AND
2 1 39 18249 22578 AND
2 1 2957 17538 22579 AND
2 1 2959 17542 22580 AND
2 1 2962 17540 22581 AND
2 1 22580 22581 22582 AND
2 1 22579 22582 22583 AND
2 1 22578 22583 22584 AND
2 1 22614 22584 22617 XOR
2 1 22431 22433 22434 AND
2 1 21952 22430 22615 AND
2 1 22434 22615 22616 AND
2 1 22617 22616 22618 XOR
2 1 22630 22618 22631 XOR
2 1 22435 22442 22619 AND
2 1 22435 22442 22620 AND
2 1 22266 22620 22621 AND
2 1 22619 22621 22622 AND
2 1 22631 22622 22632 XOR
2 1 22640 22632 22641 XOR
2 1 22444 22452 22574 AND
2 1 22444 22452 22575 AND
2 1 22415 22575 22576 AND
2 1 22574 22576 22577 AND
2 1 22641 22577 22642 XOR
2 1 22643 22642 22645 XOR
2 1 22668 22645 22669 XOR
2 1 22472 22480 22481 AND
2 1 22482 22483 22484 AND
2 1 22481 22484 22656 AND
2 1 22669 22656 22670 XOR
2 1 22671 22670 22673 XOR
2 1 22681 22673 22683 XOR
2 1 22696 22683 22697 XOR
2 1 22707 22697 22708 XOR
2 1 22718 22708 22719 XOR
2 1 22720 22719 22722 XOR
2 1 22723 22722 22728 XOR
2 1 22411 22571 22572 AND
2 1 22728 22572 22729 XOR
2 1 22719 22720 22721 AND
2 1 22414 22567 22724 AND
2 1 22722 22724 22725 AND
2 1 22413 22568 22726 AND
2 1 22725 22726 22727 AND
2 1 22721 22727 22895 AND
2 1 22709 22717 22889 AND
2 1 22709 22717 22890 AND
2 1 22708 22890 22891 AND
2 1 22889 22891 22892 AND
2 1 22698 22706 22879 AND
2 1 11951 21730 22873 AND
2 1 7313 21557 22874 AND
2 1 22873 22874 22875 AND
2 1 7315 21740 22876 AND
2 1 22875 22876 22877 AND
2 1 22877 8 22878 XOR
2 1 22879 22878 22885 XOR
2 1 22697 22707 22884 AND
2 1 22885 22884 22886 XOR
2 1 7018 21361 22863 AND
2 1 6543 20975 22864 AND
2 1 6777 21169 22865 AND
2 1 22864 22865 22866 AND
2 1 22863 22866 22867 AND
2 1 6545 21374 22868 AND
2 1 22867 22868 22869 AND
2 1 22869 11 22870 XOR
2 1 22687 22695 22859 AND
2 1 22687 22695 22860 AND
2 1 22683 22860 22861 AND
2 1 22859 22861 22862 AND
2 1 22870 22862 22871 XOR
2 1 6414 20771 22849 AND
2 1 5848 20144 22850 AND
2 1 6312 20140 22851 AND
2 1 22850 22851 22852 AND
2 1 22849 22852 22853 AND
2 1 5845 20781 22854 AND
2 1 22853 22854 22855 AND
2 1 22855 14 22856 XOR
2 1 22670 22671 22672 AND
2 1 22673 22681 22682 AND
2 1 22672 22682 22846 AND
2 1 5731 20142 22836 AND
2 1 5273 17510 22837 AND
2 1 5494 17506 22838 AND
2 1 22837 22838 22839 AND
2 1 22836 22839 22840 AND
2 1 5275 20568 22841 AND
2 1 22840 22841 22842 AND
2 1 22842 17 22843 XOR
2 1 5157 17508 22825 AND
2 1 4681 17516 22826 AND
2 1 5096 17514 22827 AND
2 1 22826 22827 22828 AND
2 1 22825 22828 22829 AND
2 1 4683 19597 22830 AND
2 1 22829 22830 22831 AND
2 1 22831 20 22832 XOR
2 1 4488 17518 22814 AND
2 1 4377 17522 22815 AND
2 1 4425 17520 22816 AND
2 1 22815 22816 22817 AND
2 1 22814 22817 22818 AND
2 1 4379 19120 22819 AND
2 1 22818 22819 22820 AND
2 1 22820 23 22821 XOR
2 1 3781 17524 22800 AND
2 1 3863 17528 22801 AND
2 1 3941 17526 22802 AND
2 1 22801 22802 22803 AND
2 1 22800 22803 22804 AND
2 1 3945 18815 22805 AND
2 1 22804 22805 22806 AND
2 1 22806 26 22807 XOR
2 1 3377 17530 22792 AND
2 1 3461 17534 22793 AND
2 1 3525 17532 22794 AND
2 1 22793 22794 22795 AND
2 1 22792 22795 22796 AND
2 1 3288 18452 22797 AND
2 1 22796 22797 22798 AND
2 1 22798 29 22799 XOR
2 1 22807 22799 22808 XOR
2 1 22622 22631 22790 AND
2 1 22618 22630 22784 AND
2 1 39 17686 22774 AND
2 1 2957 17536 22775 AND
2 1 2959 17540 22776 AND
2 1 2962 17538 22777 AND
2 1 22776 22777 22778 AND
2 1 22775 22778 22779 AND
2 1 22774 22779 22780 AND
2 1 2404 10378 22743 AND
2 1 904 22743 22744 AND
2 1 1010 2369 22745 AND
2 1 4164 22745 22746 AND
2 1 22744 22746 22747 AND
2 1 253 849 22748 AND
2 1 2379 22748 22749 AND
2 1 22747 22749 22750 AND
2 1 119 128 22751 AND
2 1 155 22751 22752 AND
2 1 22750 22752 22753 AND
2 1 209 22753 22754 AND
2 1 5955 10539 22755 AND
2 1 22754 22755 22756 AND
2 1 11331 22756 22757 AND
2 1 139 219 22735 AND
2 1 263 269 22736 AND
2 1 22735 22736 22737 AND
2 1 129 456 22738 AND
2 1 556 22738 22739 AND
2 1 22737 22739 22740 AND
2 1 234 636 22741 AND
2 1 22740 22741 22742 AND
2 1 2999 10126 22758 AND
2 1 22742 22758 22759 AND
2 1 22757 22759 22760 AND
2 1 158 218 22761 AND
2 1 399 22761 22762 AND
2 1 22760 22762 22763 AND
2 1 207 430 22764 AND
2 1 501 22764 22765 AND
2 1 22763 22765 22766 AND
2 1 289 296 22767 AND
2 1 22766 22767 22768 AND
2 1 22768 22614 22770 XOR
2 1 22780 22770 22782 XOR
2 1 22584 22614 22731 AND
2 1 22584 22614 22732 AND
2 1 22616 22732 22733 AND
2 1 22731 22733 22734 AND
2 1 22782 22734 22783 XOR
2 1 22784 22783 22789 XOR
2 1 22790 22789 22791 XOR
2 1 22808 22791 22809 XOR
2 1 22821 22809 22822 XOR
2 1 22632 22640 22810 AND
2 1 22632 22640 22811 AND
2 1 22577 22811 22812 AND
2 1 22810 22812 22813 AND
2 1 22822 22813 22823 XOR
2 1 22832 22823 22833 XOR
2 1 22642 22643 22644 AND
2 1 22645 22653 22654 AND
2 1 22644 22654 22824 AND
2 1 22833 22824 22834 XOR
2 1 22843 22834 22844 XOR
2 1 22653 22645 22655 XOR
2 1 22655 22656 22657 AND
2 1 22656 22655 22658 XOR
2 1 22658 22666 22667 AND
2 1 22657 22667 22835 AND
2 1 22844 22835 22845 XOR
2 1 22846 22845 22848 XOR
2 1 22856 22848 22858 XOR
2 1 22871 22858 22872 XOR
2 1 22886 22872 22888 XOR
2 1 22892 22888 22894 XOR
2 1 22895 22894 22897 XOR
2 1 22572 22728 22730 AND
2 1 22897 22730 22899 XOR
2 1 22862 22870 23033 AND
2 1 7018 21557 23025 AND
2 1 6543 21169 23026 AND
2 1 6777 21361 23027 AND
2 1 23026 23027 23028 AND
2 1 23025 23028 23029 AND
2 1 6545 21566 23030 AND
2 1 23029 23030 23031 AND
2 1 23031 11 23032 XOR
2 1 23033 23032 23039 XOR
2 1 22858 22871 23038 AND
2 1 23039 23038 23040 XOR
2 1 22845 22846 22847 AND
2 1 22848 22856 22857 AND
2 1 22847 22857 23022 AND
2 1 6414 20975 23011 AND
2 1 5848 20140 23012 AND
2 1 6312 20771 23013 AND
2 1 23012 23013 23014 AND
2 1 23011 23014 23015 AND
2 1 5845 20982 23016 AND
2 1 23015 23016 23017 AND
2 1 23017 14 23018 XOR
2 1 22823 22832 22989 AND
2 1 22823 22832 22990 AND
2 1 22824 22990 22991 AND
2 1 22989 22991 22992 AND
2 1 5157 17510 22979 AND
2 1 4681 17514 22980 AND
2 1 5096 17508 22981 AND
2 1 22980 22981 22982 AND
2 1 22979 22982 22983 AND
2 1 4683 19585 22984 AND
2 1 22983 22984 22985 AND
2 1 22985 20 22986 XOR
2 1 22809 22821 22973 AND
2 1 22809 22821 22974 AND
2 1 22813 22974 22975 AND
2 1 22973 22975 22976 AND
2 1 4488 17516 22963 AND
2 1 4377 17520 22964 AND
2 1 4425 17518 22965 AND
2 1 22964 22965 22966 AND
2 1 22963 22966 22967 AND
2 1 4379 19109 22968 AND
2 1 22967 22968 22969 AND
2 1 22969 23 22970 XOR
2 1 22799 22807 22957 AND
2 1 22799 22807 22958 AND
2 1 22791 22958 22959 AND
2 1 22957 22959 22960 AND
2 1 3781 17522 22947 AND
2 1 3863 17526 22948 AND
2 1 3941 17524 22949 AND
2 1 22948 22949 22950 AND
2 1 22947 22950 22951 AND
2 1 3945 17677 22952 AND
2 1 22951 22952 22953 AND
2 1 22953 26 22954 XOR
2 1 22770 22734 22773 XOR
2 1 22773 22780 22781 AND
2 1 22783 22784 22785 AND
2 1 22618 22630 22786 AND
2 1 22622 22786 22787 AND
2 1 22785 22787 22788 AND
2 1 22781 22788 22944 AND
2 1 3377 17528 22933 AND
2 1 3461 17532 22934 AND
2 1 3525 17530 22935 AND
2 1 22934 22935 22936 AND
2 1 22933 22936 22937 AND
2 1 3288 18800 22938 AND
2 1 22937 22938 22939 AND
2 1 22939 29 22940 XOR
2 1 39 18473 22902 AND
2 1 2957 17534 22903 AND
2 1 2959 17538 22904 AND
2 1 2962 17536 22905 AND
2 1 22904 22905 22906 AND
2 1 22903 22906 22907 AND
2 1 22902 22907 22908 AND
2 1 22940 22908 22942 XOR
2 1 924 3394 22911 AND
2 1 264 1386 22912 AND
2 1 22911 22912 22913 AND
2 1 11296 22913 22914 AND
2 1 1539 22914 22915 AND
2 1 1969 22915 22916 AND
2 1 199 22916 22917 AND
2 1 2662 22917 22918 AND
2 1 2133 2446 22919 AND
2 1 22918 22919 22920 AND
2 1 2897 22920 22921 AND
2 1 120 332 22922 AND
2 1 677 22922 22923 AND
2 1 22921 22923 22924 AND
2 1 22924 22614 22926 XOR
2 1 11953 21730 22909 AND
2 1 22909 8 22910 XOR
2 1 22926 22910 22928 XOR
2 1 22614 22768 22769 AND
2 1 22734 22770 22771 AND
2 1 22769 22771 22772 AND
2 1 22928 22772 22930 XOR
2 1 22942 22930 22943 XOR
2 1 22944 22943 22946 XOR
2 1 22954 22946 22956 XOR
2 1 22960 22956 22962 XOR
2 1 22970 22962 22972 XOR
2 1 22976 22972 22978 XOR
2 1 22986 22978 22988 XOR
2 1 22992 22988 22994 XOR
2 1 23018 22994 23020 XOR
2 1 5731 20144 22999 AND
2 1 5273 17506 23000 AND
2 1 5494 20142 23001 AND
2 1 23000 23001 23002 AND
2 1 22999 23002 23003 AND
2 1 5275 20582 23004 AND
2 1 23003 23004 23005 AND
2 1 23005 17 23006 XOR
2 1 22834 22843 22995 AND
2 1 22834 22843 22996 AND
2 1 22835 22996 22997 AND
2 1 22995 22997 22998 AND
2 1 23006 22998 23008 XOR
2 1 23020 23008 23021 XOR
2 1 23022 23021 23024 XOR
2 1 23040 23024 23042 XOR
2 1 22878 22879 22880 AND
2 1 22698 22706 22881 AND
2 1 22697 22881 22882 AND
2 1 22880 22882 22883 AND
2 1 22872 22886 22887 AND
2 1 22883 22887 22901 AND
2 1 23042 22901 23044 XOR
2 1 22888 22892 22893 AND
2 1 22894 22895 22896 AND
2 1 22893 22896 22900 AND
2 1 23044 22900 23049 XOR
2 1 22730 22897 22898 AND
2 1 23049 22898 23051 XOR
2 1 22901 23042 23043 AND
2 1 22893 22895 23045 AND
2 1 22888 22892 23046 AND
2 1 23044 23046 23047 AND
2 1 23045 23047 23048 AND
2 1 23043 23048 23167 AND
2 1 23032 23033 23034 AND
2 1 22862 22870 23035 AND
2 1 22858 23035 23036 AND
2 1 23034 23036 23037 AND
2 1 23024 23040 23041 AND
2 1 23037 23041 23164 AND
2 1 7018 21730 23154 AND
2 1 6543 21361 23155 AND
2 1 6777 21557 23156 AND
2 1 23155 23156 23157 AND
2 1 23154 23157 23158 AND
2 1 6545 21741 23159 AND
2 1 23158 23159 23160 AND
2 1 23160 11 23161 XOR
2 1 23008 22994 23010 XOR
2 1 23010 23018 23019 AND
2 1 23021 23022 23023 AND
2 1 23019 23023 23151 AND
2 1 6414 21169 23141 AND
2 1 5848 20771 23142 AND
2 1 6312 20975 23143 AND
2 1 23142 23143 23144 AND
2 1 23141 23144 23145 AND
2 1 5845 21183 23146 AND
2 1 23145 23146 23147 AND
2 1 23147 14 23148 XOR
2 1 5731 20140 23130 AND
2 1 5273 20142 23131 AND
2 1 5494 20144 23132 AND
2 1 23131 23132 23133 AND
2 1 23130 23133 23134 AND
2 1 5275 20163 23135 AND
2 1 23134 23135 23136 AND
2 1 23136 17 23137 XOR
2 1 5157 17506 23117 AND
2 1 4681 17508 23118 AND
2 1 5096 17510 23119 AND
2 1 23118 23119 23120 AND
2 1 23117 23120 23121 AND
2 1 4683 17668 23122 AND
2 1 23121 23122 23123 AND
2 1 23123 20 23124 XOR
2 1 4488 17514 23104 AND
2 1 4377 17518 23105 AND
2 1 4425 17516 23106 AND
2 1 23105 23106 23107 AND
2 1 23104 23107 23108 AND
2 1 4379 19570 23109 AND
2 1 23108 23109 23110 AND
2 1 23110 23 23111 XOR
2 1 23124 23111 23126 XOR
2 1 22946 22954 22955 AND
2 1 22956 22960 22961 AND
2 1 22955 22961 23101 AND
2 1 3781 17520 23091 AND
2 1 3863 17524 23092 AND
2 1 3941 17522 23093 AND
2 1 23092 23093 23094 AND
2 1 23091 23094 23095 AND
2 1 3945 19131 23096 AND
2 1 23095 23096 23097 AND
2 1 23097 26 23098 XOR
2 1 3377 17526 23079 AND
2 1 3461 17530 23080 AND
2 1 3525 17528 23081 AND
2 1 23080 23081 23082 AND
2 1 23079 23082 23083 AND
2 1 3288 18827 23084 AND
2 1 23083 23084 23085 AND
2 1 23085 29 23086 XOR
2 1 926 1454 23061 AND
2 1 12898 23061 23062 AND
2 1 11780 23062 23063 AND
2 1 4536 4555 23064 AND
2 1 23063 23064 23065 AND
2 1 2599 3478 23066 AND
2 1 23065 23066 23067 AND
2 1 1682 23067 23068 AND
2 1 114 206 23069 AND
2 1 321 23069 23070 AND
2 1 23068 23070 23071 AND
2 1 250 944 23072 AND
2 1 974 23072 23073 AND
2 1 23071 23073 23074 AND
2 1 234 23074 23075 AND
2 1 39 18463 23053 AND
2 1 2957 17532 23054 AND
2 1 2959 17536 23055 AND
2 1 2962 17534 23056 AND
2 1 23055 23056 23057 AND
2 1 23054 23057 23058 AND
2 1 23053 23058 23059 AND
2 1 23075 23059 23076 XOR
2 1 22614 22924 22925 AND
2 1 22910 22926 22927 AND
2 1 22925 22927 23060 AND
2 1 23076 23060 23077 XOR
2 1 23086 23077 23087 XOR
2 1 22772 22928 22929 AND
2 1 22908 22930 22931 AND
2 1 22929 22931 23078 AND
2 1 23087 23078 23088 XOR
2 1 22930 22908 22932 XOR
2 1 22932 22940 22941 AND
2 1 22943 22944 22945 AND
2 1 22941 22945 23052 AND
2 1 23088 23052 23090 XOR
2 1 23098 23090 23100 XOR
2 1 23101 23100 23103 XOR
2 1 23126 23103 23127 XOR
2 1 22962 22970 22971 AND
2 1 22972 22976 22977 AND
2 1 22971 22977 23114 AND
2 1 23127 23114 23128 XOR
2 1 23137 23128 23138 XOR
2 1 22978 22986 22987 AND
2 1 22988 22992 22993 AND
2 1 22987 22993 23129 AND
2 1 23138 23129 23139 XOR
2 1 23148 23139 23149 XOR
2 1 22998 23006 23007 AND
2 1 22994 23008 23009 AND
2 1 23007 23009 23140 AND
2 1 23149 23140 23150 XOR
2 1 23151 23150 23153 XOR
2 1 23161 23153 23163 XOR
2 1 23164 23163 23166 XOR
2 1 23167 23166 23169 XOR
2 1 22898 23049 23050 AND
2 1 23169 23050 23170 XOR
2 1 23050 23169 23304 AND
2 1 23163 23164 23165 AND
2 1 23166 23167 23168 AND
2 1 23165 23168 23298 AND
2 1 23150 23151 23152 AND
2 1 23153 23161 23162 AND
2 1 23152 23162 23295 AND
2 1 11797 21730 23285 AND
2 1 6543 21557 23286 AND
2 1 23285 23286 23287 AND
2 1 6545 21740 23288 AND
2 1 23287 23288 23289 AND
2 1 23289 11 23290 XOR
2 1 23139 23148 23281 AND
2 1 23139 23148 23282 AND
2 1 23140 23282 23283 AND
2 1 23281 23283 23284 AND
2 1 23290 23284 23292 XOR
2 1 6414 21361 23271 AND
2 1 5848 20975 23272 AND
2 1 6312 21169 23273 AND
2 1 23272 23273 23274 AND
2 1 23271 23274 23275 AND
2 1 5845 21374 23276 AND
2 1 23275 23276 23277 AND
2 1 23277 14 23278 XOR
2 1 23128 23137 23265 AND
2 1 23128 23137 23266 AND
2 1 23129 23266 23267 AND
2 1 23265 23267 23268 AND
2 1 5731 20771 23255 AND
2 1 5273 20144 23256 AND
2 1 5494 20140 23257 AND
2 1 23256 23257 23258 AND
2 1 23255 23258 23259 AND
2 1 5275 20781 23260 AND
2 1 23259 23260 23261 AND
2 1 23261 17 23262 XOR
2 1 23111 23103 23113 XOR
2 1 23113 23114 23115 AND
2 1 23114 23113 23116 XOR
2 1 23116 23124 23125 AND
2 1 23115 23125 23252 AND
2 1 5157 20142 23242 AND
2 1 4681 17510 23243 AND
2 1 5096 17506 23244 AND
2 1 23243 23244 23245 AND
2 1 23242 23245 23246 AND
2 1 4683 20568 23247 AND
2 1 23246 23247 23248 AND
2 1 23248 20 23249 XOR
2 1 4488 17508 23231 AND
2 1 4377 17516 23232 AND
2 1 4425 17514 23233 AND
2 1 23232 23233 23234 AND
2 1 23231 23234 23235 AND
2 1 4379 19597 23236 AND
2 1 23235 23236 23237 AND
2 1 23237 23 23238 XOR
2 1 3781 17518 23220 AND
2 1 3863 17522 23221 AND
2 1 3941 17520 23222 AND
2 1 23221 23222 23223 AND
2 1 23220 23223 23224 AND
2 1 3945 19120 23225 AND
2 1 23224 23225 23226 AND
2 1 23226 26 23227 XOR
2 1 3377 17524 23210 AND
2 1 3461 17528 23211 AND
2 1 3525 17526 23212 AND
2 1 23211 23212 23213 AND
2 1 23210 23213 23214 AND
2 1 3288 18815 23215 AND
2 1 23214 23215 23216 AND
2 1 23216 29 23217 XOR
2 1 39 18452 23201 AND
2 1 2957 17530 23202 AND
2 1 2959 17534 23203 AND
2 1 2962 17532 23204 AND
2 1 23203 23204 23205 AND
2 1 23202 23205 23206 AND
2 1 23201 23206 23207 AND
2 1 1970 2669 23179 AND
2 1 2775 23179 23180 AND
2 1 841 976 23181 AND
2 1 23180 23181 23182 AND
2 1 12481 23182 23183 AND
2 1 11291 23183 23184 AND
2 1 255 2615 23185 AND
2 1 23184 23185 23186 AND
2 1 4993 23186 23187 AND
2 1 695 1294 23188 AND
2 1 22596 23188 23189 AND
2 1 23187 23189 23190 AND
2 1 625 1211 23191 AND
2 1 23190 23191 23192 AND
2 1 66 386 23193 AND
2 1 495 23193 23194 AND
2 1 23192 23194 23195 AND
2 1 23195 23075 23197 XOR
2 1 23059 23075 23175 AND
2 1 23059 23075 23176 AND
2 1 23060 23176 23177 AND
2 1 23175 23177 23178 AND
2 1 23197 23178 23200 XOR
2 1 23207 23200 23209 XOR
2 1 23217 23209 23219 XOR
2 1 23227 23219 23228 XOR
2 1 23077 23086 23171 AND
2 1 23077 23086 23172 AND
2 1 23078 23172 23173 AND
2 1 23171 23173 23174 AND
2 1 23228 23174 23229 XOR
2 1 23238 23229 23239 XOR
2 1 23052 23088 23089 AND
2 1 23090 23098 23099 AND
2 1 23089 23099 23230 AND
2 1 23239 23230 23240 XOR
2 1 23249 23240 23250 XOR
2 1 23100 23101 23102 AND
2 1 23103 23111 23112 AND
2 1 23102 23112 23241 AND
2 1 23250 23241 23251 XOR
2 1 23252 23251 23254 XOR
2 1 23262 23254 23264 XOR
2 1 23268 23264 23270 XOR
2 1 23278 23270 23280 XOR
2 1 23292 23280 23294 XOR
2 1 23295 23294 23297 XOR
2 1 23298 23297 23303 XOR
2 1 23304 23303 23306 XOR
2 1 6414 21557 23417 AND
2 1 5848 21169 23418 AND
2 1 6312 21361 23419 AND
2 1 23418 23419 23420 AND
2 1 23417 23420 23421 AND
2 1 5845 21566 23422 AND
2 1 23421 23422 23423 AND
2 1 23423 14 23424 XOR
2 1 23264 23268 23269 AND
2 1 23270 23278 23279 AND
2 1 23269 23279 23416 AND
2 1 23424 23416 23426 XOR
2 1 23251 23252 23253 AND
2 1 23254 23262 23263 AND
2 1 23253 23263 23413 AND
2 1 5731 20975 23403 AND
2 1 5273 20140 23404 AND
2 1 5494 20771 23405 AND
2 1 23404 23405 23406 AND
2 1 23403 23406 23407 AND
2 1 5275 20982 23408 AND
2 1 23407 23408 23409 AND
2 1 23409 17 23410 XOR
2 1 5157 20144 23391 AND
2 1 4681 17506 23392 AND
2 1 5096 20142 23393 AND
2 1 23392 23393 23394 AND
2 1 23391 23394 23395 AND
2 1 4683 20582 23396 AND
2 1 23395 23396 23397 AND
2 1 23397 20 23398 XOR
2 1 23240 23249 23387 AND
2 1 23240 23249 23388 AND
2 1 23241 23388 23389 AND
2 1 23387 23389 23390 AND
2 1 23398 23390 23400 XOR
2 1 23229 23238 23381 AND
2 1 23229 23238 23382 AND
2 1 23230 23382 23383 AND
2 1 23381 23383 23384 AND
2 1 4488 17510 23371 AND
2 1 4377 17514 23372 AND
2 1 4425 17508 23373 AND
2 1 23372 23373 23374 AND
2 1 23371 23374 23375 AND
2 1 4379 19585 23376 AND
2 1 23375 23376 23377 AND
2 1 23377 23 23378 XOR
2 1 23219 23227 23365 AND
2 1 23219 23227 23366 AND
2 1 23174 23366 23367 AND
2 1 23365 23367 23368 AND
2 1 3781 17516 23355 AND
2 1 3863 17520 23356 AND
2 1 3941 17518 23357 AND
2 1 23356 23357 23358 AND
2 1 23355 23358 23359 AND
2 1 3945 19109 23360 AND
2 1 23359 23360 23361 AND
2 1 23361 26 23362 XOR
2 1 3377 17522 23345 AND
2 1 3461 17526 23346 AND
2 1 3525 17524 23347 AND
2 1 23346 23347 23348 AND
2 1 23345 23348 23349 AND
2 1 3288 17677 23350 AND
2 1 23349 23350 23351 AND
2 1 23351 29 23352 XOR
2 1 639 2772 23319 AND
2 1 4756 23319 23320 AND
2 1 2137 23320 23321 AND
2 1 4737 23321 23322 AND
2 1 205 23322 23323 AND
2 1 1371 23323 23324 AND
2 1 3429 23324 23325 AND
2 1 1216 1399 23326 AND
2 1 1540 23326 23327 AND
2 1 23325 23327 23328 AND
2 1 206 554 23329 AND
2 1 3783 23329 23330 AND
2 1 23328 23330 23331 AND
2 1 327 399 23332 AND
2 1 496 23332 23333 AND
2 1 23331 23333 23334 AND
2 1 23334 23075 23336 XOR
2 1 11799 21730 23317 AND
2 1 23317 11 23318 XOR
2 1 23336 23318 23338 XOR
2 1 39 18800 23310 AND
2 1 2957 17528 23311 AND
2 1 2959 17532 23312 AND
2 1 2962 17530 23313 AND
2 1 23312 23313 23314 AND
2 1 23311 23314 23315 AND
2 1 23310 23315 23316 AND
2 1 23338 23316 23340 XOR
2 1 23075 23195 23196 AND
2 1 23178 23197 23198 AND
2 1 23196 23198 23199 AND
2 1 23340 23199 23342 XOR
2 1 23200 23207 23208 AND
2 1 23209 23217 23218 AND
2 1 23208 23218 23309 AND
2 1 23342 23309 23344 XOR
2 1 23352 23344 23354 XOR
2 1 23362 23354 23364 XOR
2 1 23368 23364 23370 XOR
2 1 23378 23370 23380 XOR
2 1 23384 23380 23386 XOR
2 1 23400 23386 23402 XOR
2 1 23410 23402 23412 XOR
2 1 23413 23412 23415 XOR
2 1 23426 23415 23428 XOR
2 1 23284 23290 23291 AND
2 1 23280 23292 23293 AND
2 1 23291 23293 23308 AND
2 1 23428 23308 23430 XOR
2 1 23294 23295 23296 AND
2 1 23165 23167 23299 AND
2 1 23163 23164 23300 AND
2 1 23297 23300 23301 AND
2 1 23299 23301 23302 AND
2 1 23296 23302 23307 AND
2 1 23430 23307 23432 XOR
2 1 23303 23304 23305 AND
2 1 23432 23305 23434 XOR
2 1 23308 23428 23429 AND
2 1 23307 23430 23431 AND
2 1 23429 23431 23532 AND
2 1 23416 23424 23425 AND
2 1 23415 23426 23427 AND
2 1 23425 23427 23529 AND
2 1 6414 21730 23519 AND
2 1 5848 21361 23520 AND
2 1 6312 21557 23521 AND
2 1 23520 23521 23522 AND
2 1 23519 23522 23523 AND
2 1 5845 21741 23524 AND
2 1 23523 23524 23525 AND
2 1 23525 14 23526 XOR
2 1 23402 23410 23411 AND
2 1 23412 23413 23414 AND
2 1 23411 23414 23516 AND
2 1 5731 21169 23506 AND
2 1 5273 20771 23507 AND
2 1 5494 20975 23508 AND
2 1 23507 23508 23509 AND
2 1 23506 23509 23510 AND
2 1 5275 21183 23511 AND
2 1 23510 23511 23512 AND
2 1 23512 17 23513 XOR
2 1 23390 23398 23399 AND
2 1 23386 23400 23401 AND
2 1 23399 23401 23503 AND
2 1 5157 20140 23493 AND
2 1 4681 20142 23494 AND
2 1 5096 20144 23495 AND
2 1 23494 23495 23496 AND
2 1 23493 23496 23497 AND
2 1 4683 20163 23498 AND
2 1 23497 23498 23499 AND
2 1 23499 20 23500 XOR
2 1 4488 17506 23482 AND
2 1 4377 17508 23483 AND
2 1 4425 17510 23484 AND
2 1 23483 23484 23485 AND
2 1 23482 23485 23486 AND
2 1 4379 17668 23487 AND
2 1 23486 23487 23488 AND
2 1 23488 23 23489 XOR
2 1 3781 17514 23471 AND
2 1 3863 17518 23472 AND
2 1 3941 17516 23473 AND
2 1 23472 23473 23474 AND
2 1 23471 23474 23475 AND
2 1 3945 19570 23476 AND
2 1 23475 23476 23477 AND
2 1 23477 26 23478 XOR
2 1 3377 17520 23461 AND
2 1 3461 17524 23462 AND
2 1 3525 17522 23463 AND
2 1 23462 23463 23464 AND
2 1 23461 23464 23465 AND
2 1 3288 19131 23466 AND
2 1 23465 23466 23467 AND
2 1 23467 29 23468 XOR
2 1 742 2022 23444 AND
2 1 1463 23444 23445 AND
2 1 3062 23445 23446 AND
2 1 10605 23446 23447 AND
2 1 21436 23447 23448 AND
2 1 11032 23448 23449 AND
2 1 1344 21799 23450 AND
2 1 12493 23450 23451 AND
2 1 23449 23451 23452 AND
2 1 433 710 23453 AND
2 1 774 23453 23454 AND
2 1 23452 23454 23455 AND
2 1 1066 3501 23456 AND
2 1 23455 23456 23457 AND
2 1 39 18827 23436 AND
2 1 2957 17526 23437 AND
2 1 2959 17530 23438 AND
2 1 2962 17528 23439 AND
2 1 23438 23439 23440 AND
2 1 23437 23440 23441 AND
2 1 23436 23441 23442 AND
2 1 23457 23442 23458 XOR
2 1 23075 23334 23335 AND
2 1 23318 23336 23337 AND
2 1 23335 23337 23443 AND
2 1 23458 23443 23459 XOR
2 1 23468 23459 23469 XOR
2 1 23316 23338 23339 AND
2 1 23199 23340 23341 AND
2 1 23339 23341 23460 AND
2 1 23469 23460 23470 XOR
2 1 23478 23470 23479 XOR
2 1 23309 23342 23343 AND
2 1 23344 23352 23353 AND
2 1 23343 23353 23435 AND
2 1 23479 23435 23480 XOR
2 1 23489 23480 23490 XOR
2 1 23354 23362 23363 AND
2 1 23364 23368 23369 AND
2 1 23363 23369 23481 AND
2 1 23490 23481 23491 XOR
2 1 23500 23491 23501 XOR
2 1 23370 23378 23379 AND
2 1 23380 23384 23385 AND
2 1 23379 23385 23492 AND
2 1 23501 23492 23502 XOR
2 1 23503 23502 23505 XOR
2 1 23513 23505 23515 XOR
2 1 23516 23515 23518 XOR
2 1 23526 23518 23528 XOR
2 1 23529 23528 23531 XOR
2 1 23532 23531 23537 XOR
2 1 23305 23432 23433 AND
2 1 23537 23433 23538 XOR
2 1 23528 23529 23530 AND
2 1 23308 23428 23533 AND
2 1 23531 23533 23534 AND
2 1 23307 23429 23535 AND
2 1 23534 23535 23536 AND
2 1 23530 23536 23661 AND
2 1 23515 23516 23517 AND
2 1 23518 23526 23527 AND
2 1 23517 23527 23658 AND
2 1 11368 21730 23648 AND
2 1 5848 21557 23649 AND
2 1 23648 23649 23650 AND
2 1 5845 21740 23651 AND
2 1 23650 23651 23652 AND
2 1 23652 14 23653 XOR
2 1 23502 23503 23504 AND
2 1 23505 23513 23514 AND
2 1 23504 23514 23647 AND
2 1 23653 23647 23655 XOR
2 1 5731 21361 23637 AND
2 1 5273 20975 23638 AND
2 1 5494 21169 23639 AND
2 1 23638 23639 23640 AND
2 1 23637 23640 23641 AND
2 1 5275 21374 23642 AND
2 1 23641 23642 23643 AND
2 1 23643 17 23644 XOR
2 1 23491 23500 23631 AND
2 1 23491 23500 23632 AND
2 1 23492 23632 23633 AND
2 1 23631 23633 23634 AND
2 1 5157 20771 23621 AND
2 1 4681 20144 23622 AND
2 1 5096 20140 23623 AND
2 1 23622 23623 23624 AND
2 1 23621 23624 23625 AND
2 1 4683 20781 23626 AND
2 1 23625 23626 23627 AND
2 1 23627 20 23628 XOR
2 1 4488 20142 23607 AND
2 1 4377 17510 23608 AND
2 1 4425 17506 23609 AND
2 1 23608 23609 23610 AND
2 1 23607 23610 23611 AND
2 1 4379 20568 23612 AND
2 1 23611 23612 23613 AND
2 1 23613 23 23614 XOR
2 1 23470 23478 23601 AND
2 1 23470 23478 23602 AND
2 1 23435 23602 23603 AND
2 1 23601 23603 23604 AND
2 1 3781 17508 23591 AND
2 1 3863 17516 23592 AND
2 1 3941 17514 23593 AND
2 1 23592 23593 23594 AND
2 1 23591 23594 23595 AND
2 1 3945 19597 23596 AND
2 1 23595 23596 23597 AND
2 1 23597 26 23598 XOR
2 1 3377 17518 23581 AND
2 1 3461 17522 23582 AND
2 1 3525 17520 23583 AND
2 1 23582 23583 23584 AND
2 1 23581 23584 23585 AND
2 1 3288 19120 23586 AND
2 1 23585 23586 23587 AND
2 1 23587 29 23588 XOR
2 1 23459 23468 23575 AND
2 1 23459 23468 23576 AND
2 1 23460 23576 23577 AND
2 1 23575 23577 23578 AND
2 1 23442 23457 23569 AND
2 1 23442 23457 23570 AND
2 1 23443 23570 23571 AND
2 1 23569 23571 23572 AND
2 1 658 5607 23547 AND
2 1 2139 23547 23548 AND
2 1 10376 10742 23549 AND
2 1 23548 23549 23550 AND
2 1 3042 23550 23551 AND
2 1 2462 3306 23552 AND
2 1 4917 23552 23553 AND
2 1 23551 23553 23554 AND
2 1 522 1066 23555 AND
2 1 2702 23555 23556 AND
2 1 23554 23556 23557 AND
2 1 119 212 23558 AND
2 1 321 23558 23559 AND
2 1 23557 23559 23560 AND
2 1 45 169 23561 AND
2 1 400 23561 23562 AND
2 1 23560 23562 23563 AND
2 1 23563 23457 23565 XOR
2 1 39 18815 23540 AND
2 1 2957 17524 23541 AND
2 1 2959 17528 23542 AND
2 1 2962 17526 23543 AND
2 1 23542 23543 23544 AND
2 1 23541 23544 23545 AND
2 1 23540 23545 23546 AND
2 1 23565 23546 23568 XOR
2 1 23572 23568 23574 XOR
2 1 23578 23574 23580 XOR
2 1 23588 23580 23590 XOR
2 1 23598 23590 23600 XOR
2 1 23604 23600 23606 XOR
2 1 23614 23606 23616 XOR
2 1 23628 23616 23629 XOR
2 1 23480 23489 23617 AND
2 1 23480 23489 23618 AND
2 1 23481 23618 23619 AND
2 1 23617 23619 23620 AND
2 1 23629 23620 23630 XOR
2 1 23634 23630 23636 XOR
2 1 23644 23636 23646 XOR
2 1 23655 23646 23657 XOR
2 1 23658 23657 23660 XOR
2 1 23661 23660 23663 XOR
2 1 23433 23537 23539 AND
2 1 23663 23539 23665 XOR
2 1 5731 21557 23752 AND
2 1 5273 21169 23753 AND
2 1 5494 21361 23754 AND
2 1 23753 23754 23755 AND
2 1 23752 23755 23756 AND
2 1 5275 21566 23757 AND
2 1 23756 23757 23758 AND
2 1 23758 17 23759 XOR
2 1 23630 23634 23635 AND
2 1 23636 23644 23645 AND
2 1 23635 23645 23751 AND
2 1 23759 23751 23761 XOR
2 1 23616 23628 23745 AND
2 1 23616 23628 23746 AND
2 1 23620 23746 23747 AND
2 1 23745 23747 23748 AND
2 1 5157 20975 23735 AND
2 1 4681 20140 23736 AND
2 1 5096 20771 23737 AND
2 1 23736 23737 23738 AND
2 1 23735 23738 23739 AND
2 1 4683 20982 23740 AND
2 1 23739 23740 23741 AND
2 1 23741 20 23742 XOR
2 1 4488 20144 23723 AND
2 1 4377 17506 23724 AND
2 1 4425 20142 23725 AND
2 1 23724 23725 23726 AND
2 1 23723 23726 23727 AND
2 1 4379 20582 23728 AND
2 1 23727 23728 23729 AND
2 1 23729 23 23730 XOR
2 1 23600 23604 23605 AND
2 1 23606 23614 23615 AND
2 1 23605 23615 23722 AND
2 1 23730 23722 23732 XOR
2 1 23580 23588 23589 AND
2 1 23590 23598 23599 AND
2 1 23589 23599 23719 AND
2 1 3781 17510 23709 AND
2 1 3863 17514 23710 AND
2 1 3941 17508 23711 AND
2 1 23710 23711 23712 AND
2 1 23709 23712 23713 AND
2 1 3945 19585 23714 AND
2 1 23713 23714 23715 AND
2 1 23715 26 23716 XOR
2 1 23568 23572 23573 AND
2 1 23574 23578 23579 AND
2 1 23573 23579 23706 AND
2 1 3377 17516 23696 AND
2 1 3461 17520 23697 AND
2 1 3525 17518 23698 AND
2 1 23697 23698 23699 AND
2 1 23696 23699 23700 AND
2 1 3288 19109 23701 AND
2 1 23700 23701 23702 AND
2 1 23702 29 23703 XOR
2 1 2499 2979 23677 AND
2 1 11844 23677 23678 AND
2 1 1858 23678 23679 AND
2 1 6116 23679 23680 AND
2 1 11622 23680 23681 AND
2 1 940 1103 23682 AND
2 1 23681 23682 23683 AND
2 1 1255 23683 23684 AND
2 1 2182 2946 23685 AND
2 1 23684 23685 23686 AND
2 1 416 23686 23687 AND
2 1 23687 23457 23689 XOR
2 1 11370 21730 23675 AND
2 1 23675 14 23676 XOR
2 1 23689 23676 23691 XOR
2 1 23457 23563 23564 AND
2 1 23546 23565 23566 AND
2 1 23564 23566 23567 AND
2 1 23691 23567 23693 XOR
2 1 39 17677 23668 AND
2 1 2957 17522 23669 AND
2 1 2959 17526 23670 AND
2 1 2962 17524 23671 AND
2 1 23670 23671 23672 AND
2 1 23669 23672 23673 AND
2 1 23668 23673 23674 AND
2 1 23693 23674 23695 XOR
2 1 23703 23695 23705 XOR
2 1 23706 23705 23708 XOR
2 1 23716 23708 23718 XOR
2 1 23719 23718 23721 XOR
2 1 23732 23721 23734 XOR
2 1 23742 23734 23744 XOR
2 1 23748 23744 23750 XOR
2 1 23761 23750 23763 XOR
2 1 23647 23653 23654 AND
2 1 23646 23655 23656 AND
2 1 23654 23656 23667 AND
2 1 23763 23667 23765 XOR
2 1 23657 23658 23659 AND
2 1 23660 23661 23662 AND
2 1 23659 23662 23666 AND
2 1 23765 23666 23770 XOR
2 1 23539 23663 23664 AND
2 1 23770 23664 23772 XOR
2 1 23667 23763 23764 AND
2 1 23659 23661 23766 AND
2 1 23657 23658 23767 AND
2 1 23765 23767 23768 AND
2 1 23766 23768 23769 AND
2 1 23764 23769 23862 AND
2 1 23751 23759 23760 AND
2 1 23750 23761 23762 AND
2 1 23760 23762 23859 AND
2 1 5731 21730 23849 AND
2 1 5273 21361 23850 AND
2 1 5494 21557 23851 AND
2 1 23850 23851 23852 AND
2 1 23849 23852 23853 AND
2 1 5275 21741 23854 AND
2 1 23853 23854 23855 AND
2 1 23855 17 23856 XOR
2 1 23734 23742 23743 AND
2 1 23744 23748 23749 AND
2 1 23743 23749 23846 AND
2 1 5157 21169 23836 AND
2 1 4681 20771 23837 AND
2 1 5096 20975 23838 AND
2 1 23837 23838 23839 AND
2 1 23836 23839 23840 AND
2 1 4683 21183 23841 AND
2 1 23840 23841 23842 AND
2 1 23842 20 23843 XOR
2 1 23722 23730 23731 AND
2 1 23721 23732 23733 AND
2 1 23731 23733 23833 AND
2 1 4488 20140 23823 AND
2 1 4377 20142 23824 AND
2 1 4425 20144 23825 AND
2 1 23824 23825 23826 AND
2 1 23823 23826 23827 AND
2 1 4379 20163 23828 AND
2 1 23827 23828 23829 AND
2 1 23829 23 23830 XOR
2 1 23708 23716 23717 AND
2 1 23718 23719 23720 AND
2 1 23717 23720 23820 AND
2 1 3781 17506 23810 AND
2 1 3863 17508 23811 AND
2 1 3941 17510 23812 AND
2 1 23811 23812 23813 AND
2 1 23810 23813 23814 AND
2 1 3945 17668 23815 AND
2 1 23814 23815 23816 AND
2 1 23816 26 23817 XOR
2 1 3377 17514 23800 AND
2 1 3461 17518 23801 AND
2 1 3525 17516 23802 AND
2 1 23801 23802 23803 AND
2 1 23800 23803 23804 AND
2 1 3288 19570 23805 AND
2 1 23804 23805 23806 AND
2 1 23806 29 23807 XOR
2 1 1333 2324 23782 AND
2 1 3313 23782 23783 AND
2 1 11886 23783 23784 AND
2 1 941 5353 23785 AND
2 1 23784 23785 23786 AND
2 1 4752 23786 23787 AND
2 1 455 1147 23788 AND
2 1 2309 23788 23789 AND
2 1 23787 23789 23790 AND
2 1 435 1746 23791 AND
2 1 2662 23791 23792 AND
2 1 23790 23792 23793 AND
2 1 188 13092 23794 AND
2 1 23793 23794 23795 AND
2 1 322 23795 23796 AND
2 1 39 19131 23774 AND
2 1 2957 17520 23775 AND
2 1 2959 17524 23776 AND
2 1 2962 17522 23777 AND
2 1 23776 23777 23778 AND
2 1 23775 23778 23779 AND
2 1 23774 23779 23780 AND
2 1 23796 23780 23797 XOR
2 1 23457 23687 23688 AND
2 1 23676 23689 23690 AND
2 1 23688 23690 23781 AND
2 1 23797 23781 23798 XOR
2 1 23807 23798 23808 XOR
2 1 23567 23691 23692 AND
2 1 23674 23693 23694 AND
2 1 23692 23694 23799 AND
2 1 23808 23799 23809 XOR
2 1 23817 23809 23818 XOR
2 1 23695 23703 23704 AND
2 1 23705 23706 23707 AND
2 1 23704 23707 23773 AND
2 1 23818 23773 23819 XOR
2 1 23820 23819 23822 XOR
2 1 23830 23822 23832 XOR
2 1 23833 23832 23835 XOR
2 1 23843 23835 23845 XOR
2 1 23846 23845 23848 XOR
2 1 23856 23848 23858 XOR
2 1 23859 23858 23861 XOR
2 1 23862 23861 23864 XOR
2 1 23664 23770 23771 AND
2 1 23864 23771 23865 XOR
2 1 23771 23864 23971 AND
2 1 23858 23859 23860 AND
2 1 23861 23862 23863 AND
2 1 23860 23863 23965 AND
2 1 23845 23846 23847 AND
2 1 23848 23856 23857 AND
2 1 23847 23857 23962 AND
2 1 11250 21730 23952 AND
2 1 5273 21557 23953 AND
2 1 23952 23953 23954 AND
2 1 5275 21740 23955 AND
2 1 23954 23955 23956 AND
2 1 23956 17 23957 XOR
2 1 23832 23833 23834 AND
2 1 23835 23843 23844 AND
2 1 23834 23844 23951 AND
2 1 23957 23951 23959 XOR
2 1 5157 21361 23941 AND
2 1 4681 20975 23942 AND
2 1 5096 21169 23943 AND
2 1 23942 23943 23944 AND
2 1 23941 23944 23945 AND
2 1 4683 21374 23946 AND
2 1 23945 23946 23947 AND
2 1 23947 20 23948 XOR
2 1 4488 20771 23930 AND
2 1 4377 20144 23931 AND
2 1 4425 20140 23932 AND
2 1 23931 23932 23933 AND
2 1 23930 23933 23934 AND
2 1 4379 20781 23935 AND
2 1 23934 23935 23936 AND
2 1 23936 23 23937 XOR
2 1 3781 20142 23916 AND
2 1 3863 17510 23917 AND
2 1 3941 17506 23918 AND
2 1 23917 23918 23919 AND
2 1 23916 23919 23920 AND
2 1 3945 20568 23921 AND
2 1 23920 23921 23922 AND
2 1 23922 26 23923 XOR
2 1 23798 23807 23866 AND
2 1 23798 23807 23867 AND
2 1 23799 23867 23868 AND
2 1 23866 23868 23869 AND
2 1 23923 23869 23924 XOR
2 1 3377 17508 23906 AND
2 1 3461 17516 23907 AND
2 1 3525 17514 23908 AND
2 1 23907 23908 23909 AND
2 1 23906 23909 23910 AND
2 1 3288 19597 23911 AND
2 1 23910 23911 23912 AND
2 1 23912 29 23913 XOR
2 1 39 19120 23897 AND
2 1 2957 17518 23898 AND
2 1 2959 17522 23899 AND
2 1 2962 17520 23900 AND
2 1 23899 23900 23901 AND
2 1 23898 23901 23902 AND
2 1 23897 23902 23903 AND
2 1 99 206 23874 AND
2 1 1217 23874 23875 AND
2 1 340 1989 23876 AND
2 1 23875 23876 23877 AND
2 1 2226 23877 23878 AND
2 1 10858 23878 23879 AND
2 1 4896 23879 23880 AND
2 1 1745 2468 23881 AND
2 1 1064 23881 23882 AND
2 1 23880 23882 23883 AND
2 1 1270 1344 23884 AND
2 1 3641 23884 23885 AND
2 1 23883 23885 23886 AND
2 1 189 204 23887 AND
2 1 256 23887 23888 AND
2 1 23886 23888 23889 AND
2 1 453 489 23890 AND
2 1 23889 23890 23891 AND
2 1 23891 23796 23893 XOR
2 1 23780 23796 23870 AND
2 1 23780 23796 23871 AND
2 1 23781 23871 23872 AND
2 1 23870 23872 23873 AND
2 1 23893 23873 23896 XOR
2 1 23903 23896 23905 XOR
2 1 23913 23905 23915 XOR
2 1 23924 23915 23925 XOR
2 1 23937 23925 23938 XOR
2 1 23809 23817 23926 AND
2 1 23809 23817 23927 AND
2 1 23773 23927 23928 AND
2 1 23926 23928 23929 AND
2 1 23938 23929 23939 XOR
2 1 23948 23939 23949 XOR
2 1 23819 23820 23821 AND
2 1 23822 23830 23831 AND
2 1 23821 23831 23940 AND
2 1 23949 23940 23950 XOR
2 1 23959 23950 23961 XOR
2 1 23962 23961 23964 XOR
2 1 23965 23964 23970 XOR
2 1 23971 23970 23973 XOR
2 1 5157 21557 24054 AND
2 1 4681 21169 24055 AND
2 1 5096 21361 24056 AND
2 1 24055 24056 24057 AND
2 1 24054 24057 24058 AND
2 1 4683 21566 24059 AND
2 1 24058 24059 24060 AND
2 1 24060 20 24061 XOR
2 1 23939 23948 24050 AND
2 1 23939 23948 24051 AND
2 1 23940 24051 24052 AND
2 1 24050 24052 24053 AND
2 1 24061 24053 24063 XOR
2 1 4488 20975 24038 AND
2 1 4377 20140 24039 AND
2 1 4425 20771 24040 AND
2 1 24039 24040 24041 AND
2 1 24038 24041 24042 AND
2 1 4379 20982 24043 AND
2 1 24042 24043 24044 AND
2 1 24044 23 24045 XOR
2 1 3377 17510 24027 AND
2 1 3461 17514 24028 AND
2 1 3525 17508 24029 AND
2 1 24028 24029 24030 AND
2 1 24027 24030 24031 AND
2 1 3288 19585 24032 AND
2 1 24031 24032 24033 AND
2 1 24033 29 24034 XOR
2 1 1107 18728 24004 AND
2 1 2683 24004 24005 AND
2 1 10552 24005 24006 AND
2 1 4554 24006 24007 AND
2 1 3212 24007 24008 AND
2 1 243 412 24009 AND
2 1 846 24009 24010 AND
2 1 24008 24010 24011 AND
2 1 193 263 24012 AND
2 1 299 24012 24013 AND
2 1 24011 24013 24014 AND
2 1 489 735 24015 AND
2 1 24014 24015 24016 AND
2 1 24016 23891 24018 XOR
2 1 11252 21730 24002 AND
2 1 24002 17 24003 XOR
2 1 24018 24003 24020 XOR
2 1 39 19109 23995 AND
2 1 2957 17516 23996 AND
2 1 2959 17520 23997 AND
2 1 2962 17518 23998 AND
2 1 23997 23998 23999 AND
2 1 23996 23999 24000 AND
2 1 23995 24000 24001 AND
2 1 24020 24001 24022 XOR
2 1 23796 23891 23892 AND
2 1 23873 23893 23894 AND
2 1 23892 23894 23895 AND
2 1 24022 23895 24024 XOR
2 1 23896 23903 23904 AND
2 1 23905 23913 23914 AND
2 1 23904 23914 23994 AND
2 1 24024 23994 24026 XOR
2 1 24034 24026 24036 XOR
2 1 3781 20144 23984 AND
2 1 3863 17506 23985 AND
2 1 3941 20142 23986 AND
2 1 23985 23986 23987 AND
2 1 23984 23987 23988 AND
2 1 3945 20582 23989 AND
2 1 23988 23989 23990 AND
2 1 23990 26 23991 XOR
2 1 23869 23923 23980 AND
2 1 23869 23923 23981 AND
2 1 23915 23981 23982 AND
2 1 23980 23982 23983 AND
2 1 23991 23983 23993 XOR
2 1 24036 23993 24037 XOR
2 1 24045 24037 24047 XOR
2 1 23925 23937 23976 AND
2 1 23925 23937 23977 AND
2 1 23929 23977 23978 AND
2 1 23976 23978 23979 AND
2 1 24047 23979 24049 XOR
2 1 24063 24049 24065 XOR
2 1 23951 23957 23958 AND
2 1 23950 23959 23960 AND
2 1 23958 23960 23975 AND
2 1 24065 23975 24067 XOR
2 1 23961 23962 23963 AND
2 1 23860 23862 23966 AND
2 1 23858 23859 23967 AND
2 1 23964 23967 23968 AND
2 1 23966 23968 23969 AND
2 1 23963 23969 23974 AND
2 1 24067 23974 24069 XOR
2 1 23970 23971 23972 AND
2 1 24069 23972 24071 XOR
2 1 23975 24065 24066 AND
2 1 23974 24067 24068 AND
2 1 24066 24068 24147 AND
2 1 24053 24061 24062 AND
2 1 24049 24063 24064 AND
2 1 24062 24064 24144 AND
2 1 5157 21730 24134 AND
2 1 4681 21361 24135 AND
2 1 5096 21557 24136 AND
2 1 24135 24136 24137 AND
2 1 24134 24137 24138 AND
2 1 4683 21741 24139 AND
2 1 24138 24139 24140 AND
2 1 24140 20 24141 XOR
2 1 4488 21169 24123 AND
2 1 4377 20771 24124 AND
2 1 4425 20975 24125 AND
2 1 24124 24125 24126 AND
2 1 24123 24126 24127 AND
2 1 4379 21183 24128 AND
2 1 24127 24128 24129 AND
2 1 24129 23 24130 XOR
2 1 23983 23991 23992 AND
2 1 23993 24036 24119 AND
2 1 23992 24119 24120 AND
2 1 3781 20140 24109 AND
2 1 3863 20142 24110 AND
2 1 3941 20144 24111 AND
2 1 24110 24111 24112 AND
2 1 24109 24112 24113 AND
2 1 3945 20163 24114 AND
2 1 24113 24114 24115 AND
2 1 24115 26 24116 XOR
2 1 3377 17506 24099 AND
2 1 3461 17508 24100 AND
2 1 3525 17510 24101 AND
2 1 24100 24101 24102 AND
2 1 24099 24102 24103 AND
2 1 3288 17668 24104 AND
2 1 24103 24104 24105 AND
2 1 24105 29 24106 XOR
2 1 596 10640 24081 AND
2 1 2620 24081 24082 AND
2 1 2505 3417 24083 AND
2 1 24082 24083 24084 AND
2 1 5922 24084 24085 AND
2 1 382 387 24086 AND
2 1 22754 24086 24087 AND
2 1 24085 24087 24088 AND
2 1 293 294 24089 AND
2 1 3980 24089 24090 AND
2 1 24088 24090 24091 AND
2 1 167 244 24092 AND
2 1 583 24092 24093 AND
2 1 24091 24093 24094 AND
2 1 500 24094 24095 AND
2 1 39 19570 24073 AND
2 1 2957 17514 24074 AND
2 1 2959 17518 24075 AND
2 1 2962 17516 24076 AND
2 1 24075 24076 24077 AND
2 1 24074 24077 24078 AND
2 1 24073 24078 24079 AND
2 1 24095 24079 24096 XOR
2 1 23891 24016 24017 AND
2 1 24003 24018 24019 AND
2 1 24017 24019 24080 AND
2 1 24096 24080 24097 XOR
2 1 24106 24097 24107 XOR
2 1 24001 24020 24021 AND
2 1 23895 24022 24023 AND
2 1 24021 24023 24098 AND
2 1 24107 24098 24108 XOR
2 1 24116 24108 24117 XOR
2 1 23994 24024 24025 AND
2 1 24026 24034 24035 AND
2 1 24025 24035 24072 AND
2 1 24117 24072 24118 XOR
2 1 24120 24118 24122 XOR
2 1 24130 24122 24132 XOR
2 1 24141 24132 24142 XOR
2 1 24037 24045 24046 AND
2 1 23979 24047 24048 AND
2 1 24046 24048 24133 AND
2 1 24142 24133 24143 XOR
2 1 24144 24143 24146 XOR
2 1 24147 24146 24152 XOR
2 1 23972 24069 24070 AND
2 1 24152 24070 24153 XOR
2 1 24143 24144 24145 AND
2 1 23975 24065 24148 AND
2 1 24146 24148 24149 AND
2 1 23974 24066 24150 AND
2 1 24149 24150 24151 AND
2 1 24145 24151 24245 AND
2 1 24132 24141 24239 AND
2 1 24132 24141 24240 AND
2 1 24133 24240 24241 AND
2 1 24239 24241 24242 AND
2 1 11015 21730 24229 AND
2 1 4681 21557 24230 AND
2 1 24229 24230 24231 AND
2 1 4683 21740 24232 AND
2 1 24231 24232 24233 AND
2 1 24233 20 24234 XOR
2 1 24118 24120 24121 AND
2 1 24122 24130 24131 AND
2 1 24121 24131 24228 AND
2 1 24234 24228 24236 XOR
2 1 4488 21361 24218 AND
2 1 4377 20975 24219 AND
2 1 4425 21169 24220 AND
2 1 24219 24220 24221 AND
2 1 24218 24221 24222 AND
2 1 4379 21374 24223 AND
2 1 24222 24223 24224 AND
2 1 24224 23 24225 XOR
2 1 24108 24116 24212 AND
2 1 24108 24116 24213 AND
2 1 24072 24213 24214 AND
2 1 24212 24214 24215 AND
2 1 3781 20771 24202 AND
2 1 3863 20144 24203 AND
2 1 3941 20140 24204 AND
2 1 24203 24204 24205 AND
2 1 24202 24205 24206 AND
2 1 3945 20781 24207 AND
2 1 24206 24207 24208 AND
2 1 24208 26 24209 XOR
2 1 3377 20142 24192 AND
2 1 3461 17510 24193 AND
2 1 3525 17506 24194 AND
2 1 24193 24194 24195 AND
2 1 24192 24195 24196 AND
2 1 3288 20568 24197 AND
2 1 24196 24197 24198 AND
2 1 24198 29 24199 XOR
2 1 24097 24106 24186 AND
2 1 24097 24106 24187 AND
2 1 24098 24187 24188 AND
2 1 24186 24188 24189 AND
2 1 24079 24095 24180 AND
2 1 24079 24095 24181 AND
2 1 24080 24181 24182 AND
2 1 24180 24182 24183 AND
2 1 10569 23875 24162 AND
2 1 4234 24162 24163 AND
2 1 2615 3189 24164 AND
2 1 24163 24164 24165 AND
2 1 5968 24165 24166 AND
2 1 194 2648 24167 AND
2 1 24166 24167 24168 AND
2 1 566 22084 24169 AND
2 1 452 24169 24170 AND
2 1 24168 24170 24171 AND
2 1 89 106 24172 AND
2 1 1065 24172 24173 AND
2 1 24171 24173 24174 AND
2 1 24174 24095 24176 XOR
2 1 39 19597 24155 AND
2 1 2957 17508 24156 AND
2 1 2959 17516 24157 AND
2 1 2962 17514 24158 AND
2 1 24157 24158 24159 AND
2 1 24156 24159 24160 AND
2 1 24155 24160 24161 AND
2 1 24176 24161 24179 XOR
2 1 24183 24179 24185 XOR
2 1 24189 24185 24191 XOR
2 1 24199 24191 24201 XOR
2 1 24209 24201 24211 XOR
2 1 24215 24211 24217 XOR
2 1 24225 24217 24227 XOR
2 1 24236 24227 24238 XOR
2 1 24242 24238 24244 XOR
2 1 24245 24244 24247 XOR
2 1 24070 24152 24154 AND
2 1 24247 24154 24249 XOR
2 1 4488 21557 24311 AND
2 1 4377 21169 24312 AND
2 1 4425 21361 24313 AND
2 1 24312 24313 24314 AND
2 1 24311 24314 24315 AND
2 1 4379 21566 24316 AND
2 1 24315 24316 24317 AND
2 1 24317 23 24318 XOR
2 1 24211 24215 24216 AND
2 1 24217 24225 24226 AND
2 1 24216 24226 24310 AND
2 1 24318 24310 24320 XOR
2 1 24191 24199 24200 AND
2 1 24201 24209 24210 AND
2 1 24200 24210 24307 AND
2 1 3781 20975 24297 AND
2 1 3863 20140 24298 AND
2 1 3941 20771 24299 AND
2 1 24298 24299 24300 AND
2 1 24297 24300 24301 AND
2 1 3945 20982 24302 AND
2 1 24301 24302 24303 AND
2 1 24303 26 24304 XOR
2 1 3377 20144 24287 AND
2 1 3461 17506 24288 AND
2 1 3525 20142 24289 AND
2 1 24288 24289 24290 AND
2 1 24287 24290 24291 AND
2 1 3288 20582 24292 AND
2 1 24291 24292 24293 AND
2 1 24293 29 24294 XOR
2 1 2716 3290 24261 AND
2 1 494 24261 24262 AND
2 1 12278 24262 24263 AND
2 1 12992 24263 24264 AND
2 1 769 24264 24265 AND
2 1 972 24265 24266 AND
2 1 4162 24266 24267 AND
2 1 503 579 24268 AND
2 1 2468 24268 24269 AND
2 1 24267 24269 24270 AND
2 1 384 522 24271 AND
2 1 1538 24271 24272 AND
2 1 24270 24272 24273 AND
2 1 153 416 24274 AND
2 1 680 24274 24275 AND
2 1 24273 24275 24276 AND
2 1 165 24276 24277 AND
2 1 24277 24095 24279 XOR
2 1 11017 21730 24259 AND
2 1 24259 20 24260 XOR
2 1 24279 24260 24281 XOR
2 1 24095 24174 24175 AND
2 1 24161 24176 24177 AND
2 1 24175 24177 24178 AND
2 1 24281 24178 24283 XOR
2 1 39 19585 24252 AND
2 1 2957 17510 24253 AND
2 1 2959 17514 24254 AND
2 1 2962 17508 24255 AND
2 1 24254 24255 24256 AND
2 1 24253 24256 24257 AND
2 1 24252 24257 24258 AND
2 1 24283 24258 24285 XOR
2 1 24294 24285 24295 XOR
2 1 24179 24183 24184 AND
2 1 24185 24189 24190 AND
2 1 24184 24190 24286 AND
2 1 24295 24286 24296 XOR
2 1 24304 24296 24306 XOR
2 1 24307 24306 24309 XOR
2 1 24320 24309 24322 XOR
2 1 24228 24234 24235 AND
2 1 24227 24236 24237 AND
2 1 24235 24237 24251 AND
2 1 24322 24251 24324 XOR
2 1 24238 24242 24243 AND
2 1 24244 24245 24246 AND
2 1 24243 24246 24250 AND
2 1 24324 24250 24329 XOR
2 1 24154 24247 24248 AND
2 1 24329 24248 24331 XOR
2 1 24251 24322 24323 AND
2 1 24243 24245 24325 AND
2 1 24238 24242 24326 AND
2 1 24324 24326 24327 AND
2 1 24325 24327 24328 AND
2 1 24323 24328 24400 AND
2 1 24310 24318 24319 AND
2 1 24309 24320 24321 AND
2 1 24319 24321 24397 AND
2 1 4488 21730 24387 AND
2 1 4377 21361 24388 AND
2 1 4425 21557 24389 AND
2 1 24388 24389 24390 AND
2 1 24387 24390 24391 AND
2 1 4379 21741 24392 AND
2 1 24391 24392 24393 AND
2 1 24393 23 24394 XOR
2 1 24296 24304 24305 AND
2 1 24306 24307 24308 AND
2 1 24305 24308 24384 AND
2 1 3781 21169 24374 AND
2 1 3863 20771 24375 AND
2 1 3941 20975 24376 AND
2 1 24375 24376 24377 AND
2 1 24374 24377 24378 AND
2 1 3945 21183 24379 AND
2 1 24378 24379 24380 AND
2 1 24380 26 24381 XOR
2 1 3377 20140 24362 AND
2 1 3461 20142 24363 AND
2 1 3525 20144 24364 AND
2 1 24363 24364 24365 AND
2 1 24362 24365 24366 AND
2 1 3288 20163 24367 AND
2 1 24366 24367 24368 AND
2 1 24368 29 24369 XOR
2 1 1704 4597 24344 AND
2 1 1568 24344 24345 AND
2 1 1603 24345 24346 AND
2 1 993 24346 24347 AND
2 1 11895 24347 24348 AND
2 1 1642 2973 24349 AND
2 1 24348 24349 24350 AND
2 1 3212 24350 24351 AND
2 1 1210 1216 24352 AND
2 1 13094 24352 24353 AND
2 1 24351 24353 24354 AND
2 1 109 262 24355 AND
2 1 566 24355 24356 AND
2 1 24354 24356 24357 AND
2 1 186 24357 24358 AND
2 1 39 17668 24336 AND
2 1 2957 17506 24337 AND
2 1 2959 17508 24338 AND
2 1 2962 17510 24339 AND
2 1 24338 24339 24340 AND
2 1 24337 24340 24341 AND
2 1 24336 24341 24342 AND
2 1 24358 24342 24359 XOR
2 1 24095 24277 24278 AND
2 1 24260 24279 24280 AND
2 1 24278 24280 24343 AND
2 1 24359 24343 24360 XOR
2 1 24369 24360 24370 XOR
2 1 24178 24281 24282 AND
2 1 24258 24283 24284 AND
2 1 24282 24284 24361 AND
2 1 24370 24361 24371 XOR
2 1 24285 24294 24332 AND
2 1 24285 24294 24333 AND
2 1 24286 24333 24334 AND
2 1 24332 24334 24335 AND
2 1 24371 24335 24373 XOR
2 1 24381 24373 24383 XOR
2 1 24384 24383 24386 XOR
2 1 24394 24386 24396 XOR
2 1 24397 24396 24399 XOR
2 1 24400 24399 24402 XOR
2 1 24248 24329 24330 AND
2 1 24402 24330 24403 XOR
2 1 24330 24402 24483 AND
2 1 24396 24397 24398 AND
2 1 24399 24400 24401 AND
2 1 24398 24401 24477 AND
2 1 24383 24384 24385 AND
2 1 24386 24394 24395 AND
2 1 24385 24395 24474 AND
2 1 11437 21730 24464 AND
2 1 4377 21557 24465 AND
2 1 24464 24465 24466 AND
2 1 4379 21740 24467 AND
2 1 24466 24467 24468 AND
2 1 24468 23 24469 XOR
2 1 24335 24371 24372 AND
2 1 24373 24381 24382 AND
2 1 24372 24382 24463 AND
2 1 24469 24463 24471 XOR
2 1 3781 21361 24453 AND
2 1 3863 20975 24454 AND
2 1 3941 21169 24455 AND
2 1 24454 24455 24456 AND
2 1 24453 24456 24457 AND
2 1 3945 21374 24458 AND
2 1 24457 24458 24459 AND
2 1 24459 26 24460 XOR
2 1 3377 20771 24443 AND
2 1 3461 20144 24444 AND
2 1 3525 20140 24445 AND
2 1 24444 24445 24446 AND
2 1 24443 24446 24447 AND
2 1 3288 20781 24448 AND
2 1 24447 24448 24449 AND
2 1 24449 29 24450 XOR
2 1 24360 24369 24437 AND
2 1 24360 24369 24438 AND
2 1 24361 24438 24439 AND
2 1 24437 24439 24440 AND
2 1 39 20568 24428 AND
2 1 2957 20142 24429 AND
2 1 2959 17510 24430 AND
2 1 2962 17506 24431 AND
2 1 24430 24431 24432 AND
2 1 24429 24432 24433 AND
2 1 24428 24433 24434 AND
2 1 1034 3379 24408 AND
2 1 10642 24408 24409 AND
2 1 12926 24409 24410 AND
2 1 19980 24410 24411 AND
2 1 2615 22742 24412 AND
2 1 24411 24412 24413 AND
2 1 4102 24413 24414 AND
2 1 249 684 24415 AND
2 1 1216 24415 24416 AND
2 1 24414 24416 24417 AND
2 1 197 298 24418 AND
2 1 17839 24418 24419 AND
2 1 24417 24419 24420 AND
2 1 266 678 24421 AND
2 1 24420 24421 24422 AND
2 1 24422 24358 24424 XOR
2 1 24342 24358 24404 AND
2 1 24342 24358 24405 AND
2 1 24343 24405 24406 AND
2 1 24404 24406 24407 AND
2 1 24424 24407 24427 XOR
2 1 24434 24427 24436 XOR
2 1 24440 24436 24442 XOR
2 1 24450 24442 24452 XOR
2 1 24460 24452 24462 XOR
2 1 24471 24462 24473 XOR
2 1 24474 24473 24476 XOR
2 1 24477 24476 24482 XOR
2 1 24483 24482 24485 XOR
2 1 3377 20975 24529 AND
2 1 3461 20140 24530 AND
2 1 3525 20771 24531 AND
2 1 24530 24531 24532 AND
2 1 24529 24532 24533 AND
2 1 3288 20982 24534 AND
2 1 24533 24534 24535 AND
2 1 24535 29 24536 XOR
2 1 1119 3898 24508 AND
2 1 4568 24508 24509 AND
2 1 10780 24509 24510 AND
2 1 252 901 24511 AND
2 1 3767 24511 24512 AND
2 1 24510 24512 24513 AND
2 1 157 473 24514 AND
2 1 1442 24514 24515 AND
2 1 24513 24515 24516 AND
2 1 192 789 24517 AND
2 1 975 24517 24518 AND
2 1 24516 24518 24519 AND
2 1 483 532 24520 AND
2 1 24519 24520 24521 AND
2 1 24521 24422 24523 XOR
2 1 17466 21730 24506 AND
2 1 24506 23 24507 XOR
2 1 24523 24507 24525 XOR
2 1 39 20582 24499 AND
2 1 2957 20144 24500 AND
2 1 2959 17506 24501 AND
2 1 2962 20142 24502 AND
2 1 24501 24502 24503 AND
2 1 24500 24503 24504 AND
2 1 24499 24504 24505 AND
2 1 24525 24505 24526 XOR
2 1 24358 24422 24423 AND
2 1 24407 24424 24425 AND
2 1 24423 24425 24426 AND
2 1 24526 24426 24527 XOR
2 1 24536 24527 24537 XOR
2 1 24427 24434 24435 AND
2 1 24436 24440 24441 AND
2 1 24435 24441 24528 AND
2 1 24537 24528 24538 XOR
2 1 3781 21557 24489 AND
2 1 3863 21169 24490 AND
2 1 3941 21361 24491 AND
2 1 24490 24491 24492 AND
2 1 24489 24492 24493 AND
2 1 3945 21566 24494 AND
2 1 24493 24494 24495 AND
2 1 24495 26 24496 XOR
2 1 24442 24450 24451 AND
2 1 24452 24460 24461 AND
2 1 24451 24461 24488 AND
2 1 24496 24488 24498 XOR
2 1 24538 24498 24539 XOR
2 1 24463 24469 24470 AND
2 1 24462 24471 24472 AND
2 1 24470 24472 24487 AND
2 1 24539 24487 24541 XOR
2 1 24473 24474 24475 AND
2 1 24398 24400 24478 AND
2 1 24396 24397 24479 AND
2 1 24476 24479 24480 AND
2 1 24478 24480 24481 AND
2 1 24475 24481 24486 AND
2 1 24541 24486 24543 XOR
2 1 24482 24483 24484 AND
2 1 24543 24484 24545 XOR
2 1 24487 24539 24540 AND
2 1 24486 24541 24542 AND
2 1 24540 24542 24604 AND
2 1 24488 24496 24497 AND
2 1 24498 24538 24600 AND
2 1 24497 24600 24601 AND
2 1 3781 21730 24590 AND
2 1 3863 21361 24591 AND
2 1 3941 21557 24592 AND
2 1 24591 24592 24593 AND
2 1 24590 24593 24594 AND
2 1 3945 21741 24595 AND
2 1 24594 24595 24596 AND
2 1 24596 26 24597 XOR
2 1 3377 21169 24580 AND
2 1 3461 20771 24581 AND
2 1 3525 20975 24582 AND
2 1 24581 24582 24583 AND
2 1 24580 24583 24584 AND
2 1 3288 21183 24585 AND
2 1 24584 24585 24586 AND
2 1 24586 29 24587 XOR
2 1 1702 3358 24558 AND
2 1 12244 24558 24559 AND
2 1 6016 24559 24560 AND
2 1 3835 24560 24561 AND
2 1 12924 24561 24562 AND
2 1 20106 24562 24563 AND
2 1 1147 1495 24564 AND
2 1 3892 24564 24565 AND
2 1 24563 24565 24566 AND
2 1 64 1330 24567 AND
2 1 1747 24567 24568 AND
2 1 24566 24568 24569 AND
2 1 262 384 24570 AND
2 1 430 24570 24571 AND
2 1 24569 24571 24572 AND
2 1 215 24572 24573 AND
2 1 39 20163 24550 AND
2 1 2957 20140 24551 AND
2 1 2959 20142 24552 AND
2 1 2962 20144 24553 AND
2 1 24552 24553 24554 AND
2 1 24551 24554 24555 AND
2 1 24550 24555 24556 AND
2 1 24573 24556 24574 XOR
2 1 24422 24521 24522 AND
2 1 24507 24523 24524 AND
2 1 24522 24524 24557 AND
2 1 24574 24557 24575 XOR
2 1 24587 24575 24588 XOR
2 1 24505 24525 24576 AND
2 1 24505 24525 24577 AND
2 1 24426 24577 24578 AND
2 1 24576 24578 24579 AND
2 1 24588 24579 24589 XOR
2 1 24597 24589 24598 XOR
2 1 24527 24536 24546 AND
2 1 24527 24536 24547 AND
2 1 24528 24547 24548 AND
2 1 24546 24548 24549 AND
2 1 24598 24549 24599 XOR
2 1 24601 24599 24603 XOR
2 1 24604 24603 24609 XOR
2 1 24484 24543 24544 AND
2 1 24609 24544 24610 XOR
2 1 3377 21361 24651 AND
2 1 3461 20975 24652 AND
2 1 3525 21169 24653 AND
2 1 24652 24653 24654 AND
2 1 24651 24654 24655 AND
2 1 3288 21374 24656 AND
2 1 24655 24656 24657 AND
2 1 24657 29 24658 XOR
2 1 20060 21730 24645 AND
2 1 3863 21557 24646 AND
2 1 24645 24646 24647 AND
2 1 3945 21740 24648 AND
2 1 24647 24648 24649 AND
2 1 24649 26 24650 XOR
2 1 24658 24650 24660 XOR
2 1 24575 24587 24639 AND
2 1 24575 24587 24640 AND
2 1 24579 24640 24641 AND
2 1 24639 24641 24642 AND
2 1 39 20781 24630 AND
2 1 2957 20771 24631 AND
2 1 2959 20144 24632 AND
2 1 2962 20140 24633 AND
2 1 24632 24633 24634 AND
2 1 24631 24634 24635 AND
2 1 24630 24635 24636 AND
2 1 3904 10701 24621 AND
2 1 3749 24621 24622 AND
2 1 3740 24622 24623 AND
2 1 2236 3880 24624 AND
2 1 24623 24624 24625 AND
2 1 20106 24625 24626 AND
2 1 789 24626 24627 AND
2 1 24627 24573 24628 XOR
2 1 24556 24573 24617 AND
2 1 24556 24573 24618 AND
2 1 24557 24618 24619 AND
2 1 24617 24619 24620 AND
2 1 24628 24620 24629 XOR
2 1 24636 24629 24638 XOR
2 1 24642 24638 24644 XOR
2 1 24660 24644 24662 XOR
2 1 24589 24597 24613 AND
2 1 24589 24597 24614 AND
2 1 24549 24614 24615 AND
2 1 24613 24615 24616 AND
2 1 24662 24616 24663 XOR
2 1 24599 24601 24602 AND
2 1 24487 24539 24605 AND
2 1 24603 24605 24606 AND
2 1 24486 24540 24607 AND
2 1 24606 24607 24608 AND
2 1 24602 24608 24612 AND
2 1 24663 24612 24664 XOR
2 1 24544 24609 24611 AND
2 1 24664 24611 24666 XOR
2 1 24616 24662 24699 AND
2 1 565 4364 24690 AND
2 1 3775 24690 24691 AND
2 1 24691 26 24692 XOR
2 1 24692 24573 24694 XOR
2 1 20102 21730 24693 AND
2 1 24694 24693 24695 XOR
2 1 24650 24658 24659 AND
2 1 24644 24660 24661 AND
2 1 24659 24661 24689 AND
2 1 24695 24689 24696 XOR
2 1 3377 21557 24667 AND
2 1 3461 21169 24668 AND
2 1 3525 21361 24669 AND
2 1 24668 24669 24670 AND
2 1 24667 24670 24671 AND
2 1 3288 21566 24672 AND
2 1 24671 24672 24673 AND
2 1 24673 29 24686 XOR
2 1 24620 24628 24684 AND
2 1 24573 24627 24682 AND
2 1 39 20982 24675 AND
2 1 2957 20975 24676 AND
2 1 2959 20140 24677 AND
2 1 2962 20771 24678 AND
2 1 24677 24678 24679 AND
2 1 24676 24679 24680 AND
2 1 24675 24680 24681 AND
2 1 24682 24681 24683 XOR
2 1 24684 24683 24685 XOR
2 1 24686 24685 24687 XOR
2 1 24629 24636 24637 AND
2 1 24638 24642 24643 AND
2 1 24637 24643 24674 AND
2 1 24687 24674 24688 XOR
2 1 24696 24688 24697 XOR
2 1 24699 24697 24700 XOR
2 1 24612 24663 24698 AND
2 1 24700 24698 24701 XOR
2 1 24611 24664 24665 AND
2 1 24701 24665 24702 XOR