2 1 0 64 129 AND
2 1 0 1 131 AND
2 1 64 131 132 AND
2 1 2 1 133 XOR
2 1 0 65 135 AND
2 1 133 135 136 AND
2 1 132 136 137 AND
2 1 0 133 138 AND
2 1 65 64 139 XOR
2 1 138 139 140 AND
2 1 137 140 141 AND
2 1 141 2 142 XOR
2 1 2 129 130 AND
2 1 142 130 144 XOR
2 1 0 1 146 AND
2 1 2 146 147 AND
2 1 64 147 148 AND
2 1 65 131 149 AND
2 1 148 149 150 AND
2 1 0 133 134 AND
2 1 66 134 145 AND
2 1 64 65 151 AND
2 1 151 66 152 XOR
2 1 138 152 153 AND
2 1 145 153 154 AND
2 1 150 154 155 AND
2 1 155 2 156 XOR
2 1 130 142 143 AND
2 1 156 143 159 XOR
2 1 3 2 173 XOR
2 1 64 173 174 AND
2 1 174 2 176 XOR
2 1 65 147 162 AND
2 1 0 67 160 AND
2 1 133 160 161 AND
2 1 66 131 163 AND
2 1 161 163 164 AND
2 1 162 164 165 AND
2 1 67 66 168 XOR
2 1 64 66 166 AND
2 1 65 166 167 AND
2 1 168 167 169 XOR
2 1 138 169 170 AND
2 1 165 170 171 AND
2 1 176 171 177 XOR
2 1 130 141 157 AND
2 1 155 157 158 AND
2 1 177 158 179 XOR
2 1 171 2 172 XOR
2 1 172 174 175 AND
2 1 158 177 178 AND
2 1 175 178 211 AND
2 1 5 174 207 AND
2 1 4 3 195 XOR
2 1 173 195 196 AND
2 1 64 196 197 AND
2 1 5 4 198 XOR
2 1 173 198 199 AND
2 1 65 199 200 AND
2 1 197 200 201 AND
2 1 173 198 202 AND
2 1 139 202 203 AND
2 1 201 203 204 AND
2 1 207 204 208 XOR
2 1 68 134 180 AND
2 1 66 147 181 AND
2 1 67 131 182 AND
2 1 181 182 183 AND
2 1 180 183 184 AND
2 1 68 67 190 XOR
2 1 64 65 185 AND
2 1 66 185 186 AND
2 1 65 66 187 AND
2 1 67 187 188 AND
2 1 186 188 189 AND
2 1 190 189 191 XOR
2 1 138 191 192 AND
2 1 184 192 193 AND
2 1 193 2 194 XOR
2 1 208 194 210 XOR
2 1 211 210 213 XOR
2 1 194 208 209 AND
2 1 210 211 212 AND
2 1 209 212 249 AND
2 1 173 198 235 AND
2 1 64 195 237 AND
2 1 235 237 238 AND
2 1 65 196 239 AND
2 1 238 239 240 AND
2 1 66 199 234 AND
2 1 152 202 241 AND
2 1 234 241 242 AND
2 1 240 242 243 AND
2 1 243 5 244 XOR
2 1 5 174 205 AND
2 1 204 205 206 AND
2 1 244 206 246 XOR
2 1 67 147 216 AND
2 1 0 69 214 AND
2 1 133 214 215 AND
2 1 68 131 217 AND
2 1 215 217 218 AND
2 1 216 218 219 AND
2 1 219 2 232 XOR
2 1 189 190 228 AND
2 1 67 68 224 AND
2 1 69 68 221 XOR
2 1 224 221 227 XOR
2 1 228 227 229 XOR
2 1 138 219 230 AND
2 1 229 230 231 AND
2 1 232 231 233 XOR
2 1 246 233 248 XOR
2 1 249 248 254 XOR
2 1 70 134 268 AND
2 1 68 147 269 AND
2 1 69 131 270 AND
2 1 269 270 271 AND
2 1 268 271 272 AND
2 1 70 69 274 XOR
2 1 68 69 220 AND
2 1 67 68 222 AND
2 1 189 222 223 AND
2 1 221 224 225 AND
2 1 223 225 226 AND
2 1 220 226 273 AND
2 1 274 273 275 XOR
2 1 138 275 276 AND
2 1 272 276 277 AND
2 1 277 2 278 XOR
2 1 195 235 236 AND
2 1 65 236 260 AND
2 1 67 199 259 AND
2 1 66 196 261 AND
2 1 259 261 262 AND
2 1 260 262 263 AND
2 1 169 202 264 AND
2 1 263 264 265 AND
2 1 265 5 266 XOR
2 1 6 5 256 XOR
2 1 64 256 257 AND
2 1 206 244 245 AND
2 1 257 245 258 XOR
2 1 266 258 267 XOR
2 1 278 267 280 XOR
2 1 233 246 247 AND
2 1 209 211 250 AND
2 1 194 208 251 AND
2 1 248 251 252 AND
2 1 250 252 253 AND
2 1 247 253 255 AND
2 1 280 255 282 XOR
2 1 258 266 332 AND
2 1 245 257 328 AND
2 1 7 6 311 XOR
2 1 256 311 312 AND
2 1 64 312 313 AND
2 1 8 7 314 XOR
2 1 256 314 315 AND
2 1 65 315 316 AND
2 1 313 316 317 AND
2 1 256 314 318 AND
2 1 139 318 319 AND
2 1 317 319 320 AND
2 1 320 8 321 XOR
2 1 8 257 310 AND
2 1 321 310 323 XOR
2 1 66 236 303 AND
2 1 68 199 302 AND
2 1 67 196 304 AND
2 1 302 304 305 AND
2 1 303 305 306 AND
2 1 191 202 307 AND
2 1 306 307 308 AND
2 1 308 5 309 XOR
2 1 323 309 325 XOR
2 1 328 325 331 XOR
2 1 332 331 333 XOR
2 1 71 134 284 AND
2 1 69 147 285 AND
2 1 70 131 286 AND
2 1 285 286 287 AND
2 1 284 287 288 AND
2 1 288 2 300 XOR
2 1 71 70 295 XOR
2 1 68 70 289 AND
2 1 69 289 290 AND
2 1 69 70 291 AND
2 1 226 291 292 AND
2 1 290 292 293 AND
2 1 295 293 297 XOR
2 1 138 288 298 AND
2 1 297 298 299 AND
2 1 300 299 301 XOR
2 1 333 301 335 XOR
2 1 267 278 279 AND
2 1 255 280 281 AND
2 1 279 281 283 AND
2 1 335 283 340 XOR
2 1 301 333 334 AND
2 1 267 278 336 AND
2 1 335 336 337 AND
2 1 255 279 338 AND
2 1 337 338 339 AND
2 1 334 339 382 AND
2 1 72 134 364 AND
2 1 70 147 365 AND
2 1 71 131 366 AND
2 1 365 366 367 AND
2 1 364 367 368 AND
2 1 72 71 371 XOR
2 1 70 71 294 AND
2 1 293 295 296 AND
2 1 294 296 369 AND
2 1 371 369 376 XOR
2 1 138 376 377 AND
2 1 368 377 378 AND
2 1 378 2 379 XOR
2 1 309 323 324 AND
2 1 245 257 326 AND
2 1 266 326 327 AND
2 1 325 328 329 AND
2 1 327 329 330 AND
2 1 324 330 362 AND
2 1 67 236 354 AND
2 1 69 199 353 AND
2 1 68 196 355 AND
2 1 353 355 356 AND
2 1 354 356 357 AND
2 1 202 229 358 AND
2 1 357 358 359 AND
2 1 359 5 360 XOR
2 1 256 314 342 AND
2 1 311 342 343 AND
2 1 64 343 344 AND
2 1 66 315 341 AND
2 1 65 312 345 AND
2 1 341 345 346 AND
2 1 344 346 347 AND
2 1 152 318 348 AND
2 1 347 348 349 AND
2 1 349 8 350 XOR
2 1 310 321 322 AND
2 1 350 322 352 XOR
2 1 360 352 361 XOR
2 1 362 361 363 XOR
2 1 379 363 381 XOR
2 1 382 381 384 XOR
2 1 363 379 380 AND
2 1 381 382 383 AND
2 1 380 383 430 AND
2 1 73 134 416 AND
2 1 71 147 417 AND
2 1 72 131 418 AND
2 1 417 418 419 AND
2 1 416 419 420 AND
2 1 420 2 426 XOR
2 1 73 72 422 XOR
2 1 71 72 370 AND
2 1 293 294 372 AND
2 1 70 71 373 AND
2 1 371 373 374 AND
2 1 372 374 375 AND
2 1 370 375 421 AND
2 1 422 421 423 XOR
2 1 138 420 424 AND
2 1 423 424 425 AND
2 1 426 425 427 XOR
2 1 361 362 414 AND
2 1 352 360 410 AND
2 1 65 343 397 AND
2 1 67 315 396 AND
2 1 66 312 398 AND
2 1 396 398 399 AND
2 1 397 399 400 AND
2 1 169 318 401 AND
2 1 400 401 402 AND
2 1 402 8 403 XOR
2 1 9 8 393 XOR
2 1 64 393 394 AND
2 1 322 350 351 AND
2 1 394 351 395 XOR
2 1 403 395 405 XOR
2 1 68 236 386 AND
2 1 70 199 385 AND
2 1 69 196 387 AND
2 1 385 387 388 AND
2 1 386 388 389 AND
2 1 202 275 390 AND
2 1 389 390 391 AND
2 1 391 5 392 XOR
2 1 405 392 407 XOR
2 1 410 407 413 XOR
2 1 414 413 415 XOR
2 1 427 415 429 XOR
2 1 430 429 435 XOR
2 1 74 134 481 AND
2 1 72 147 482 AND
2 1 73 131 483 AND
2 1 482 483 484 AND
2 1 481 484 485 AND
2 1 74 73 492 XOR
2 1 71 73 486 AND
2 1 72 486 487 AND
2 1 72 73 488 AND
2 1 375 488 489 AND
2 1 487 489 490 AND
2 1 492 490 494 XOR
2 1 138 494 495 AND
2 1 485 495 496 AND
2 1 496 2 497 XOR
2 1 392 405 406 AND
2 1 352 360 408 AND
2 1 362 408 409 AND
2 1 407 410 411 AND
2 1 409 411 412 AND
2 1 406 412 479 AND
2 1 10 9 456 XOR
2 1 393 456 457 AND
2 1 64 457 458 AND
2 1 11 10 459 XOR
2 1 393 459 460 AND
2 1 65 460 461 AND
2 1 458 461 462 AND
2 1 393 459 463 AND
2 1 139 463 464 AND
2 1 462 464 465 AND
2 1 465 11 466 XOR
2 1 11 394 455 AND
2 1 466 455 468 XOR
2 1 66 343 448 AND
2 1 68 315 447 AND
2 1 67 312 449 AND
2 1 447 449 450 AND
2 1 448 450 451 AND
2 1 191 318 452 AND
2 1 451 452 453 AND
2 1 453 8 454 XOR
2 1 468 454 470 XOR
2 1 395 403 404 AND
2 1 351 394 445 AND
2 1 404 445 446 AND
2 1 470 446 476 XOR
2 1 69 236 438 AND
2 1 71 199 437 AND
2 1 70 196 439 AND
2 1 437 439 440 AND
2 1 438 440 441 AND
2 1 202 297 442 AND
2 1 441 442 443 AND
2 1 443 5 444 XOR
2 1 476 444 478 XOR
2 1 479 478 480 XOR
2 1 497 480 499 XOR
2 1 415 427 428 AND
2 1 380 382 431 AND
2 1 363 379 432 AND
2 1 429 432 433 AND
2 1 431 433 434 AND
2 1 428 434 436 AND
2 1 499 436 501 XOR
2 1 75 134 546 AND
2 1 73 147 547 AND
2 1 74 131 548 AND
2 1 547 548 549 AND
2 1 546 549 550 AND
2 1 550 2 561 XOR
2 1 75 74 553 XOR
2 1 73 74 491 AND
2 1 490 492 493 AND
2 1 491 493 551 AND
2 1 553 551 558 XOR
2 1 138 550 559 AND
2 1 558 559 560 AND
2 1 561 560 562 XOR
2 1 67 343 525 AND
2 1 69 315 524 AND
2 1 68 312 526 AND
2 1 524 526 527 AND
2 1 525 527 528 AND
2 1 229 318 529 AND
2 1 528 529 530 AND
2 1 530 8 531 XOR
2 1 393 459 513 AND
2 1 456 513 514 AND
2 1 64 514 515 AND
2 1 66 460 512 AND
2 1 65 457 516 AND
2 1 512 516 517 AND
2 1 515 517 518 AND
2 1 152 463 519 AND
2 1 518 519 520 AND
2 1 520 11 521 XOR
2 1 455 466 467 AND
2 1 521 467 523 XOR
2 1 531 523 533 XOR
2 1 454 468 469 AND
2 1 394 403 471 AND
2 1 470 471 472 AND
2 1 394 403 473 AND
2 1 351 473 474 AND
2 1 472 474 475 AND
2 1 469 475 511 AND
2 1 533 511 535 XOR
2 1 70 236 504 AND
2 1 72 199 503 AND
2 1 71 196 505 AND
2 1 503 505 506 AND
2 1 504 506 507 AND
2 1 202 376 508 AND
2 1 507 508 509 AND
2 1 509 5 510 XOR
2 1 535 510 537 XOR
2 1 444 476 477 AND
2 1 537 477 544 XOR
2 1 477 478 542 AND
2 1 479 542 543 AND
2 1 544 543 545 XOR
2 1 562 545 563 XOR
2 1 480 497 498 AND
2 1 436 499 500 AND
2 1 498 500 502 AND
2 1 563 502 568 XOR
2 1 480 497 564 AND
2 1 563 564 565 AND
2 1 436 498 566 AND
2 1 565 566 567 AND
2 1 545 562 621 AND
2 1 567 621 622 AND
2 1 510 535 536 AND
2 1 477 479 538 AND
2 1 444 476 539 AND
2 1 537 539 540 AND
2 1 538 540 541 AND
2 1 536 541 616 AND
2 1 71 236 607 AND
2 1 73 199 606 AND
2 1 72 196 608 AND
2 1 606 608 609 AND
2 1 607 609 610 AND
2 1 202 423 611 AND
2 1 610 611 612 AND
2 1 612 5 613 XOR
2 1 523 531 532 AND
2 1 511 533 534 AND
2 1 532 534 603 AND
2 1 65 514 592 AND
2 1 67 460 591 AND
2 1 66 457 593 AND
2 1 591 593 594 AND
2 1 592 594 595 AND
2 1 169 463 596 AND
2 1 595 596 597 AND
2 1 597 11 598 XOR
2 1 12 11 588 XOR
2 1 64 588 589 AND
2 1 467 521 522 AND
2 1 589 522 590 XOR
2 1 598 590 600 XOR
2 1 68 343 581 AND
2 1 70 315 580 AND
2 1 69 312 582 AND
2 1 580 582 583 AND
2 1 581 583 584 AND
2 1 275 318 585 AND
2 1 584 585 586 AND
2 1 586 8 587 XOR
2 1 600 587 602 XOR
2 1 603 602 605 XOR
2 1 613 605 615 XOR
2 1 616 615 618 XOR
2 1 76 134 569 AND
2 1 74 147 570 AND
2 1 75 131 571 AND
2 1 570 571 572 AND
2 1 569 572 573 AND
2 1 76 75 575 XOR
2 1 74 75 552 AND
2 1 490 491 554 AND
2 1 73 74 555 AND
2 1 553 555 556 AND
2 1 554 556 557 AND
2 1 552 557 574 AND
2 1 575 574 576 XOR
2 1 138 576 577 AND
2 1 573 577 578 AND
2 1 578 2 579 XOR
2 1 618 579 620 XOR
2 1 622 620 624 XOR
2 1 77 134 685 AND
2 1 75 147 686 AND
2 1 76 131 687 AND
2 1 686 687 688 AND
2 1 685 688 689 AND
2 1 689 2 701 XOR
2 1 77 76 696 XOR
2 1 74 76 690 AND
2 1 75 690 691 AND
2 1 75 76 692 AND
2 1 557 692 693 AND
2 1 691 693 694 AND
2 1 696 694 698 XOR
2 1 138 689 699 AND
2 1 698 699 700 AND
2 1 701 700 702 XOR
2 1 587 600 601 AND
2 1 602 603 604 AND
2 1 601 604 665 AND
2 1 13 12 646 XOR
2 1 588 646 647 AND
2 1 64 647 648 AND
2 1 14 13 649 XOR
2 1 588 649 650 AND
2 1 65 650 651 AND
2 1 648 651 652 AND
2 1 588 649 653 AND
2 1 139 653 654 AND
2 1 652 654 655 AND
2 1 655 14 656 XOR
2 1 14 589 645 AND
2 1 656 645 658 XOR
2 1 66 514 638 AND
2 1 68 460 637 AND
2 1 67 457 639 AND
2 1 637 639 640 AND
2 1 638 640 641 AND
2 1 191 463 642 AND
2 1 641 642 643 AND
2 1 643 11 644 XOR
2 1 658 644 660 XOR
2 1 590 598 599 AND
2 1 522 589 635 AND
2 1 599 635 636 AND
2 1 660 636 662 XOR
2 1 69 343 628 AND
2 1 71 315 627 AND
2 1 70 312 629 AND
2 1 627 629 630 AND
2 1 628 630 631 AND
2 1 297 318 632 AND
2 1 631 632 633 AND
2 1 633 8 634 XOR
2 1 662 634 664 XOR
2 1 665 664 667 XOR
2 1 72 236 669 AND
2 1 74 199 668 AND
2 1 73 196 670 AND
2 1 668 670 671 AND
2 1 669 671 672 AND
2 1 202 494 673 AND
2 1 672 673 674 AND
2 1 674 5 675 XOR
2 1 667 675 676 AND
2 1 667 675 677 AND
2 1 676 677 683 AND
2 1 702 683 703 XOR
2 1 605 613 614 AND
2 1 615 616 617 AND
2 1 614 617 626 AND
2 1 703 626 704 XOR
2 1 579 618 619 AND
2 1 620 622 623 AND
2 1 619 623 625 AND
2 1 704 625 709 XOR
2 1 70 343 756 AND
2 1 72 315 755 AND
2 1 71 312 757 AND
2 1 755 757 758 AND
2 1 756 758 759 AND
2 1 318 376 760 AND
2 1 759 760 761 AND
2 1 761 8 762 XOR
2 1 67 514 746 AND
2 1 69 460 745 AND
2 1 68 457 747 AND
2 1 745 747 748 AND
2 1 746 748 749 AND
2 1 229 463 750 AND
2 1 749 750 751 AND
2 1 751 11 752 XOR
2 1 588 649 734 AND
2 1 646 734 735 AND
2 1 64 735 736 AND
2 1 66 650 733 AND
2 1 65 647 737 AND
2 1 733 737 738 AND
2 1 736 738 739 AND
2 1 152 653 740 AND
2 1 739 740 741 AND
2 1 741 14 742 XOR
2 1 645 656 657 AND
2 1 742 657 744 XOR
2 1 752 744 753 XOR
2 1 644 658 659 AND
2 1 636 660 661 AND
2 1 659 661 732 AND
2 1 753 732 754 XOR
2 1 762 754 764 XOR
2 1 634 662 663 AND
2 1 664 665 666 AND
2 1 663 666 731 AND
2 1 764 731 769 XOR
2 1 73 236 724 AND
2 1 75 199 723 AND
2 1 74 196 725 AND
2 1 723 725 726 AND
2 1 724 726 727 AND
2 1 202 558 728 AND
2 1 727 728 729 AND
2 1 729 5 730 XOR
2 1 769 730 771 XOR
2 1 614 616 678 AND
2 1 605 613 679 AND
2 1 677 679 680 AND
2 1 678 680 681 AND
2 1 676 681 682 AND
2 1 771 682 773 XOR
2 1 78 134 712 AND
2 1 76 147 713 AND
2 1 77 131 714 AND
2 1 713 714 715 AND
2 1 712 715 716 AND
2 1 78 77 718 XOR
2 1 76 77 695 AND
2 1 694 696 697 AND
2 1 695 697 717 AND
2 1 718 717 719 XOR
2 1 138 719 720 AND
2 1 716 720 721 AND
2 1 721 2 722 XOR
2 1 773 722 774 XOR
2 1 619 622 705 AND
2 1 579 618 706 AND
2 1 704 706 707 AND
2 1 705 707 708 AND
2 1 683 626 684 XOR
2 1 684 702 710 AND
2 1 708 710 711 AND
2 1 774 711 776 XOR
2 1 744 752 838 AND
2 1 65 735 827 AND
2 1 67 650 826 AND
2 1 66 647 828 AND
2 1 826 828 829 AND
2 1 827 829 830 AND
2 1 169 653 831 AND
2 1 830 831 832 AND
2 1 832 14 833 XOR
2 1 15 14 823 XOR
2 1 64 823 824 AND
2 1 657 742 743 AND
2 1 824 743 825 XOR
2 1 833 825 835 XOR
2 1 68 514 816 AND
2 1 70 460 815 AND
2 1 69 457 817 AND
2 1 815 817 818 AND
2 1 816 818 819 AND
2 1 275 463 820 AND
2 1 819 820 821 AND
2 1 821 11 822 XOR
2 1 835 822 837 XOR
2 1 838 837 844 XOR
2 1 732 753 843 AND
2 1 844 843 845 XOR
2 1 71 343 808 AND
2 1 73 315 807 AND
2 1 72 312 809 AND
2 1 807 809 810 AND
2 1 808 810 811 AND
2 1 318 423 812 AND
2 1 811 812 813 AND
2 1 813 8 814 XOR
2 1 845 814 846 XOR
2 1 754 762 763 AND
2 1 663 665 765 AND
2 1 634 662 766 AND
2 1 764 766 767 AND
2 1 765 767 768 AND
2 1 763 768 806 AND
2 1 846 806 847 XOR
2 1 74 236 799 AND
2 1 76 199 798 AND
2 1 75 196 800 AND
2 1 798 800 801 AND
2 1 799 801 802 AND
2 1 202 576 803 AND
2 1 802 803 804 AND
2 1 804 5 805 XOR
2 1 847 805 849 XOR
2 1 730 769 770 AND
2 1 682 771 772 AND
2 1 770 772 797 AND
2 1 849 797 854 XOR
2 1 79 134 779 AND
2 1 77 147 780 AND
2 1 78 131 781 AND
2 1 780 781 782 AND
2 1 779 782 783 AND
2 1 783 2 795 XOR
2 1 79 78 790 XOR
2 1 76 78 784 AND
2 1 77 784 785 AND
2 1 77 78 786 AND
2 1 697 786 787 AND
2 1 785 787 788 AND
2 1 790 788 792 XOR
2 1 138 783 793 AND
2 1 792 793 794 AND
2 1 795 794 796 XOR
2 1 854 796 862 XOR
2 1 711 774 775 AND
2 1 722 773 777 AND
2 1 775 777 778 AND
2 1 862 778 863 XOR
2 1 814 845 938 AND
2 1 16 15 913 XOR
2 1 823 913 914 AND
2 1 64 914 915 AND
2 1 17 16 916 XOR
2 1 823 916 917 AND
2 1 65 917 918 AND
2 1 915 918 919 AND
2 1 823 916 920 AND
2 1 139 920 921 AND
2 1 919 921 922 AND
2 1 922 17 923 XOR
2 1 17 824 912 AND
2 1 923 912 925 XOR
2 1 66 735 905 AND
2 1 68 650 904 AND
2 1 67 647 906 AND
2 1 904 906 907 AND
2 1 905 907 908 AND
2 1 191 653 909 AND
2 1 908 909 910 AND
2 1 910 14 911 XOR
2 1 925 911 927 XOR
2 1 825 833 834 AND
2 1 743 824 902 AND
2 1 834 902 903 AND
2 1 927 903 929 XOR
2 1 69 514 895 AND
2 1 71 460 894 AND
2 1 70 457 896 AND
2 1 894 896 897 AND
2 1 895 897 898 AND
2 1 297 463 899 AND
2 1 898 899 900 AND
2 1 900 11 901 XOR
2 1 929 901 931 XOR
2 1 822 835 836 AND
2 1 837 838 839 AND
2 1 744 752 840 AND
2 1 732 840 841 AND
2 1 839 841 842 AND
2 1 836 842 893 AND
2 1 931 893 933 XOR
2 1 72 343 886 AND
2 1 74 315 885 AND
2 1 73 312 887 AND
2 1 885 887 888 AND
2 1 886 888 889 AND
2 1 318 494 890 AND
2 1 889 890 891 AND
2 1 891 8 892 XOR
2 1 933 892 935 XOR
2 1 938 935 942 XOR
2 1 806 846 941 AND
2 1 942 941 943 XOR
2 1 75 236 878 AND
2 1 77 199 877 AND
2 1 76 196 879 AND
2 1 877 879 880 AND
2 1 878 880 881 AND
2 1 202 698 882 AND
2 1 881 882 883 AND
2 1 883 5 884 XOR
2 1 943 884 945 XOR
2 1 805 847 848 AND
2 1 730 769 850 AND
2 1 849 850 851 AND
2 1 682 770 852 AND
2 1 851 852 853 AND
2 1 848 853 876 AND
2 1 945 876 947 XOR
2 1 80 134 865 AND
2 1 78 147 866 AND
2 1 79 131 867 AND
2 1 866 867 868 AND
2 1 865 868 869 AND
2 1 80 79 871 XOR
2 1 78 79 789 AND
2 1 788 790 791 AND
2 1 789 791 870 AND
2 1 871 870 872 XOR
2 1 138 872 873 AND
2 1 869 873 874 AND
2 1 874 2 875 XOR
2 1 947 875 948 XOR
2 1 796 854 855 AND
2 1 849 796 856 XOR
2 1 856 797 857 XOR
2 1 722 773 858 AND
2 1 857 858 859 AND
2 1 711 777 860 AND
2 1 859 860 861 AND
2 1 855 861 864 AND
2 1 948 864 950 XOR
2 1 864 948 949 AND
2 1 875 947 1044 AND
2 1 949 1044 1045 AND
2 1 70 514 1016 AND
2 1 72 460 1015 AND
2 1 71 457 1017 AND
2 1 1015 1017 1018 AND
2 1 1016 1018 1019 AND
2 1 376 463 1020 AND
2 1 1019 1020 1021 AND
2 1 1021 11 1022 XOR
2 1 67 735 1003 AND
2 1 69 650 1002 AND
2 1 68 647 1004 AND
2 1 1002 1004 1005 AND
2 1 1003 1005 1006 AND
2 1 229 653 1007 AND
2 1 1006 1007 1008 AND
2 1 1008 14 1009 XOR
2 1 823 916 991 AND
2 1 913 991 992 AND
2 1 64 992 993 AND
2 1 66 917 990 AND
2 1 65 914 994 AND
2 1 990 994 995 AND
2 1 993 995 996 AND
2 1 152 920 997 AND
2 1 996 997 998 AND
2 1 998 17 999 XOR
2 1 912 923 924 AND
2 1 999 924 1001 XOR
2 1 1009 1001 1011 XOR
2 1 911 925 926 AND
2 1 903 927 928 AND
2 1 926 928 989 AND
2 1 1011 989 1014 XOR
2 1 1022 1014 1024 XOR
2 1 901 929 930 AND
2 1 893 931 932 AND
2 1 930 932 988 AND
2 1 1024 988 1029 XOR
2 1 73 343 981 AND
2 1 75 315 980 AND
2 1 74 312 982 AND
2 1 980 982 983 AND
2 1 981 983 984 AND
2 1 318 558 985 AND
2 1 984 985 986 AND
2 1 986 8 987 XOR
2 1 1029 987 1031 XOR
2 1 892 933 934 AND
2 1 814 845 936 AND
2 1 935 936 937 AND
2 1 806 938 939 AND
2 1 937 939 940 AND
2 1 934 940 979 AND
2 1 1031 979 1033 XOR
2 1 76 236 972 AND
2 1 78 199 971 AND
2 1 77 196 973 AND
2 1 971 973 974 AND
2 1 972 974 975 AND
2 1 202 719 976 AND
2 1 975 976 977 AND
2 1 977 5 978 XOR
2 1 1033 978 1035 XOR
2 1 81 134 951 AND
2 1 79 147 952 AND
2 1 80 131 953 AND
2 1 952 953 954 AND
2 1 951 954 955 AND
2 1 955 2 968 XOR
2 1 870 871 964 AND
2 1 79 80 960 AND
2 1 81 80 957 XOR
2 1 960 957 963 XOR
2 1 964 963 965 XOR
2 1 138 955 966 AND
2 1 965 966 967 AND
2 1 968 967 969 XOR
2 1 1035 969 1042 XOR
2 1 884 943 944 AND
2 1 876 945 946 AND
2 1 944 946 970 AND
2 1 1042 970 1043 XOR
2 1 1045 1043 1050 XOR
2 1 1035 970 1040 XOR
2 1 969 1040 1041 AND
2 1 875 947 1046 AND
2 1 1043 1046 1047 AND
2 1 864 1044 1048 AND
2 1 1047 1048 1049 AND
2 1 1041 1049 1130 AND
2 1 82 134 1117 AND
2 1 80 147 1118 AND
2 1 81 131 1119 AND
2 1 1118 1119 1120 AND
2 1 1117 1120 1121 AND
2 1 82 81 1123 XOR
2 1 80 81 956 AND
2 1 79 80 958 AND
2 1 870 958 959 AND
2 1 957 960 961 AND
2 1 959 961 962 AND
2 1 956 962 1122 AND
2 1 1123 1122 1124 XOR
2 1 138 1124 1125 AND
2 1 1121 1125 1126 AND
2 1 1126 2 1127 XOR
2 1 71 514 1095 AND
2 1 73 460 1094 AND
2 1 72 457 1096 AND
2 1 1094 1096 1097 AND
2 1 1095 1097 1098 AND
2 1 423 463 1099 AND
2 1 1098 1099 1100 AND
2 1 1100 11 1101 XOR
2 1 65 992 1082 AND
2 1 67 917 1081 AND
2 1 66 914 1083 AND
2 1 1081 1083 1084 AND
2 1 1082 1084 1085 AND
2 1 169 920 1086 AND
2 1 1085 1086 1087 AND
2 1 1087 17 1088 XOR
2 1 18 17 1078 XOR
2 1 64 1078 1079 AND
2 1 924 999 1000 AND
2 1 1079 1000 1080 XOR
2 1 1088 1080 1090 XOR
2 1 68 735 1071 AND
2 1 70 650 1070 AND
2 1 69 647 1072 AND
2 1 1070 1072 1073 AND
2 1 1071 1073 1074 AND
2 1 275 653 1075 AND
2 1 1074 1075 1076 AND
2 1 1076 14 1077 XOR
2 1 1090 1077 1092 XOR
2 1 1001 1009 1010 AND
2 1 989 1011 1012 AND
2 1 1010 1012 1013 AND
2 1 1092 1013 1093 XOR
2 1 1101 1093 1103 XOR
2 1 1014 1022 1023 AND
2 1 901 929 1025 AND
2 1 1024 1025 1026 AND
2 1 893 930 1027 AND
2 1 1026 1027 1028 AND
2 1 1023 1028 1069 AND
2 1 1103 1069 1105 XOR
2 1 74 343 1062 AND
2 1 76 315 1061 AND
2 1 75 312 1063 AND
2 1 1061 1063 1064 AND
2 1 1062 1064 1065 AND
2 1 318 576 1066 AND
2 1 1065 1066 1067 AND
2 1 1067 8 1068 XOR
2 1 1105 1068 1107 XOR
2 1 987 1029 1030 AND
2 1 979 1031 1032 AND
2 1 1030 1032 1060 AND
2 1 1107 1060 1112 XOR
2 1 77 236 1053 AND
2 1 79 199 1052 AND
2 1 78 196 1054 AND
2 1 1052 1054 1055 AND
2 1 1053 1055 1056 AND
2 1 202 792 1057 AND
2 1 1056 1057 1058 AND
2 1 1058 5 1059 XOR
2 1 1112 1059 1114 XOR
2 1 978 1033 1034 AND
2 1 884 943 1036 AND
2 1 1035 1036 1037 AND
2 1 876 944 1038 AND
2 1 1037 1038 1039 AND
2 1 1034 1039 1051 AND
2 1 1114 1051 1116 XOR
2 1 1127 1116 1129 XOR
2 1 1130 1129 1132 XOR
2 1 1116 1127 1128 AND
2 1 1129 1130 1131 AND
2 1 1128 1131 1240 AND
2 1 83 134 1219 AND
2 1 81 147 1220 AND
2 1 82 131 1221 AND
2 1 1220 1221 1222 AND
2 1 1219 1222 1223 AND
2 1 1223 2 1235 XOR
2 1 83 82 1230 XOR
2 1 80 82 1224 AND
2 1 81 1224 1225 AND
2 1 81 82 1226 AND
2 1 962 1226 1227 AND
2 1 1225 1227 1228 AND
2 1 1230 1228 1232 XOR
2 1 138 1223 1233 AND
2 1 1232 1233 1234 AND
2 1 1235 1234 1236 XOR
2 1 1068 1105 1106 AND
2 1 987 1029 1108 AND
2 1 1107 1108 1109 AND
2 1 979 1030 1110 AND
2 1 1109 1110 1111 AND
2 1 1106 1111 1208 AND
2 1 75 343 1199 AND
2 1 77 315 1198 AND
2 1 76 312 1200 AND
2 1 1198 1200 1201 AND
2 1 1199 1201 1202 AND
2 1 318 698 1203 AND
2 1 1202 1203 1204 AND
2 1 1204 8 1205 XOR
2 1 1093 1101 1102 AND
2 1 1069 1103 1104 AND
2 1 1102 1104 1192 AND
2 1 72 514 1183 AND
2 1 74 460 1182 AND
2 1 73 457 1184 AND
2 1 1182 1184 1185 AND
2 1 1183 1185 1186 AND
2 1 463 494 1187 AND
2 1 1186 1187 1188 AND
2 1 1188 11 1189 XOR
2 1 19 18 1162 XOR
2 1 1078 1162 1163 AND
2 1 64 1163 1164 AND
2 1 20 19 1165 XOR
2 1 1078 1165 1166 AND
2 1 65 1166 1167 AND
2 1 1164 1167 1168 AND
2 1 1078 1165 1169 AND
2 1 139 1169 1170 AND
2 1 1168 1170 1171 AND
2 1 1171 20 1172 XOR
2 1 20 1079 1161 AND
2 1 1172 1161 1174 XOR
2 1 66 992 1154 AND
2 1 68 917 1153 AND
2 1 67 914 1155 AND
2 1 1153 1155 1156 AND
2 1 1154 1156 1157 AND
2 1 191 920 1158 AND
2 1 1157 1158 1159 AND
2 1 1159 17 1160 XOR
2 1 1174 1160 1175 XOR
2 1 1080 1088 1089 AND
2 1 1000 1079 1151 AND
2 1 1089 1151 1152 AND
2 1 1175 1152 1177 XOR
2 1 69 735 1144 AND
2 1 71 650 1143 AND
2 1 70 647 1145 AND
2 1 1143 1145 1146 AND
2 1 1144 1146 1147 AND
2 1 297 653 1148 AND
2 1 1147 1148 1149 AND
2 1 1149 14 1150 XOR
2 1 1177 1150 1179 XOR
2 1 1077 1090 1091 AND
2 1 1013 1092 1141 AND
2 1 1091 1141 1142 AND
2 1 1179 1142 1181 XOR
2 1 1189 1181 1191 XOR
2 1 1192 1191 1197 XOR
2 1 1205 1197 1207 XOR
2 1 1208 1207 1210 XOR
2 1 78 236 1134 AND
2 1 80 199 1133 AND
2 1 79 196 1135 AND
2 1 1133 1135 1136 AND
2 1 1134 1136 1137 AND
2 1 202 872 1138 AND
2 1 1137 1138 1139 AND
2 1 1139 5 1140 XOR
2 1 1210 1140 1212 XOR
2 1 1236 1212 1238 XOR
2 1 1059 1112 1113 AND
2 1 1051 1114 1115 AND
2 1 1113 1115 1213 AND
2 1 1238 1213 1239 XOR
2 1 1240 1239 1245 XOR
2 1 1213 1212 1218 XOR
2 1 1218 1236 1237 AND
2 1 1128 1130 1241 AND
2 1 1116 1127 1242 AND
2 1 1239 1242 1243 AND
2 1 1241 1243 1244 AND
2 1 1237 1244 1349 AND
2 1 84 134 1331 AND
2 1 82 147 1332 AND
2 1 83 131 1333 AND
2 1 1332 1333 1334 AND
2 1 1331 1334 1335 AND
2 1 84 83 1338 XOR
2 1 82 83 1229 AND
2 1 1228 1230 1231 AND
2 1 1229 1231 1336 AND
2 1 1338 1336 1343 XOR
2 1 138 1343 1344 AND
2 1 1335 1344 1345 AND
2 1 1345 2 1346 XOR
2 1 1197 1205 1206 AND
2 1 1207 1208 1209 AND
2 1 1206 1209 1321 AND
2 1 70 735 1301 AND
2 1 72 650 1300 AND
2 1 71 647 1302 AND
2 1 1300 1302 1303 AND
2 1 1301 1303 1304 AND
2 1 376 653 1305 AND
2 1 1304 1305 1306 AND
2 1 1306 14 1307 XOR
2 1 67 992 1288 AND
2 1 69 917 1287 AND
2 1 68 914 1289 AND
2 1 1287 1289 1290 AND
2 1 1288 1290 1291 AND
2 1 229 920 1292 AND
2 1 1291 1292 1293 AND
2 1 1293 17 1294 XOR
2 1 1078 1165 1276 AND
2 1 1162 1276 1277 AND
2 1 64 1277 1278 AND
2 1 66 1166 1275 AND
2 1 65 1163 1279 AND
2 1 1275 1279 1280 AND
2 1 1278 1280 1281 AND
2 1 152 1169 1282 AND
2 1 1281 1282 1283 AND
2 1 1283 20 1284 XOR
2 1 1161 1172 1173 AND
2 1 1284 1173 1286 XOR
2 1 1294 1286 1296 XOR
2 1 1152 1175 1176 AND
2 1 1160 1174 1273 AND
2 1 1176 1273 1274 AND
2 1 1296 1274 1299 XOR
2 1 1307 1299 1309 XOR
2 1 1150 1177 1178 AND
2 1 1142 1179 1180 AND
2 1 1178 1180 1272 AND
2 1 1309 1272 1314 XOR
2 1 73 514 1265 AND
2 1 75 460 1264 AND
2 1 74 457 1266 AND
2 1 1264 1266 1267 AND
2 1 1265 1267 1268 AND
2 1 463 558 1269 AND
2 1 1268 1269 1270 AND
2 1 1270 11 1271 XOR
2 1 1314 1271 1316 XOR
2 1 1181 1189 1190 AND
2 1 1093 1101 1193 AND
2 1 1191 1193 1194 AND
2 1 1069 1102 1195 AND
2 1 1194 1195 1196 AND
2 1 1190 1196 1263 AND
2 1 1316 1263 1318 XOR
2 1 76 343 1256 AND
2 1 78 315 1255 AND
2 1 77 312 1257 AND
2 1 1255 1257 1258 AND
2 1 1256 1258 1259 AND
2 1 318 719 1260 AND
2 1 1259 1260 1261 AND
2 1 1261 8 1262 XOR
2 1 1318 1262 1320 XOR
2 1 1321 1320 1326 XOR
2 1 79 236 1248 AND
2 1 81 199 1247 AND
2 1 80 196 1249 AND
2 1 1247 1249 1250 AND
2 1 1248 1250 1251 AND
2 1 202 965 1252 AND
2 1 1251 1252 1253 AND
2 1 1253 5 1254 XOR
2 1 1326 1254 1328 XOR
2 1 1140 1210 1211 AND
2 1 1059 1112 1214 AND
2 1 1212 1214 1215 AND
2 1 1051 1113 1216 AND
2 1 1215 1216 1217 AND
2 1 1211 1217 1246 AND
2 1 1328 1246 1330 XOR
2 1 1346 1330 1348 XOR
2 1 1349 1348 1351 XOR
2 1 1330 1346 1347 AND
2 1 1348 1349 1350 AND
2 1 1347 1350 1449 AND
2 1 85 134 1434 AND
2 1 83 147 1435 AND
2 1 84 131 1436 AND
2 1 1435 1436 1437 AND
2 1 1434 1437 1438 AND
2 1 1438 2 1444 XOR
2 1 85 84 1440 XOR
2 1 83 84 1337 AND
2 1 1228 1229 1339 AND
2 1 82 83 1340 AND
2 1 1338 1340 1341 AND
2 1 1339 1341 1342 AND
2 1 1337 1342 1439 AND
2 1 1440 1439 1441 XOR
2 1 138 1438 1442 AND
2 1 1441 1442 1443 AND
2 1 1444 1443 1445 XOR
2 1 80 236 1419 AND
2 1 82 199 1418 AND
2 1 81 196 1420 AND
2 1 1418 1420 1421 AND
2 1 1419 1421 1422 AND
2 1 202 1124 1423 AND
2 1 1422 1423 1424 AND
2 1 1424 5 1425 XOR
2 1 71 735 1396 AND
2 1 73 650 1395 AND
2 1 72 647 1397 AND
2 1 1395 1397 1398 AND
2 1 1396 1398 1399 AND
2 1 423 653 1400 AND
2 1 1399 1400 1401 AND
2 1 1401 14 1402 XOR
2 1 65 1277 1383 AND
2 1 67 1166 1382 AND
2 1 66 1163 1384 AND
2 1 1382 1384 1385 AND
2 1 1383 1385 1386 AND
2 1 169 1169 1387 AND
2 1 1386 1387 1388 AND
2 1 1388 20 1389 XOR
2 1 21 20 1379 XOR
2 1 64 1379 1380 AND
2 1 1173 1284 1285 AND
2 1 1380 1285 1381 XOR
2 1 1389 1381 1391 XOR
2 1 68 992 1372 AND
2 1 70 917 1371 AND
2 1 69 914 1373 AND
2 1 1371 1373 1374 AND
2 1 1372 1374 1375 AND
2 1 275 920 1376 AND
2 1 1375 1376 1377 AND
2 1 1377 17 1378 XOR
2 1 1391 1378 1393 XOR
2 1 1286 1294 1295 AND
2 1 1274 1296 1297 AND
2 1 1295 1297 1298 AND
2 1 1393 1298 1394 XOR
2 1 1402 1394 1404 XOR
2 1 1299 1307 1308 AND
2 1 1150 1177 1310 AND
2 1 1309 1310 1311 AND
2 1 1142 1178 1312 AND
2 1 1311 1312 1313 AND
2 1 1308 1313 1370 AND
2 1 1404 1370 1406 XOR
2 1 74 514 1363 AND
2 1 76 460 1362 AND
2 1 75 457 1364 AND
2 1 1362 1364 1365 AND
2 1 1363 1365 1366 AND
2 1 463 576 1367 AND
2 1 1366 1367 1368 AND
2 1 1368 11 1369 XOR
2 1 1406 1369 1408 XOR
2 1 1271 1314 1315 AND
2 1 1263 1316 1317 AND
2 1 1315 1317 1361 AND
2 1 1408 1361 1413 XOR
2 1 77 343 1354 AND
2 1 79 315 1353 AND
2 1 78 312 1355 AND
2 1 1353 1355 1356 AND
2 1 1354 1356 1357 AND
2 1 318 792 1358 AND
2 1 1357 1358 1359 AND
2 1 1359 8 1360 XOR
2 1 1413 1360 1415 XOR
2 1 1262 1318 1319 AND
2 1 1206 1208 1322 AND
2 1 1197 1205 1323 AND
2 1 1320 1323 1324 AND
2 1 1322 1324 1325 AND
2 1 1319 1325 1352 AND
2 1 1415 1352 1417 XOR
2 1 1425 1417 1427 XOR
2 1 1445 1427 1447 XOR
2 1 1254 1326 1327 AND
2 1 1246 1328 1329 AND
2 1 1327 1329 1428 AND
2 1 1447 1428 1448 XOR
2 1 1449 1448 1454 XOR
2 1 86 134 1554 AND
2 1 84 147 1555 AND
2 1 85 131 1556 AND
2 1 1555 1556 1557 AND
2 1 1554 1557 1558 AND
2 1 86 85 1565 XOR
2 1 83 85 1559 AND
2 1 84 1559 1560 AND
2 1 84 85 1561 AND
2 1 1342 1561 1562 AND
2 1 1560 1562 1563 AND
2 1 1565 1563 1567 XOR
2 1 138 1567 1568 AND
2 1 1558 1568 1569 AND
2 1 1569 2 1570 XOR
2 1 1417 1425 1426 AND
2 1 1254 1326 1429 AND
2 1 1427 1429 1430 AND
2 1 1246 1327 1431 AND
2 1 1430 1431 1432 AND
2 1 1426 1432 1552 AND
2 1 81 236 1543 AND
2 1 83 199 1542 AND
2 1 82 196 1544 AND
2 1 1542 1544 1545 AND
2 1 1543 1545 1546 AND
2 1 202 1232 1547 AND
2 1 1546 1547 1548 AND
2 1 1548 5 1549 XOR
2 1 75 514 1524 AND
2 1 77 460 1523 AND
2 1 76 457 1525 AND
2 1 1523 1525 1526 AND
2 1 1524 1526 1527 AND
2 1 463 698 1528 AND
2 1 1527 1528 1529 AND
2 1 1529 11 1530 XOR
2 1 1394 1402 1403 AND
2 1 1370 1404 1405 AND
2 1 1403 1405 1517 AND
2 1 72 735 1508 AND
2 1 74 650 1507 AND
2 1 73 647 1509 AND
2 1 1507 1509 1510 AND
2 1 1508 1510 1511 AND
2 1 494 653 1512 AND
2 1 1511 1512 1513 AND
2 1 1513 14 1514 XOR
2 1 22 21 1487 XOR
2 1 1379 1487 1488 AND
2 1 64 1488 1489 AND
2 1 23 22 1490 XOR
2 1 1379 1490 1491 AND
2 1 65 1491 1492 AND
2 1 1489 1492 1493 AND
2 1 1379 1490 1494 AND
2 1 139 1494 1495 AND
2 1 1493 1495 1496 AND
2 1 1496 23 1497 XOR
2 1 23 1380 1486 AND
2 1 1497 1486 1499 XOR
2 1 66 1277 1479 AND
2 1 68 1166 1478 AND
2 1 67 1163 1480 AND
2 1 1478 1480 1481 AND
2 1 1479 1481 1482 AND
2 1 191 1169 1483 AND
2 1 1482 1483 1484 AND
2 1 1484 20 1485 XOR
2 1 1499 1485 1500 XOR
2 1 1381 1389 1390 AND
2 1 1285 1380 1476 AND
2 1 1390 1476 1477 AND
2 1 1500 1477 1502 XOR
2 1 69 992 1469 AND
2 1 71 917 1468 AND
2 1 70 914 1470 AND
2 1 1468 1470 1471 AND
2 1 1469 1471 1472 AND
2 1 297 920 1473 AND
2 1 1472 1473 1474 AND
2 1 1474 17 1475 XOR
2 1 1502 1475 1504 XOR
2 1 1378 1391 1392 AND
2 1 1298 1393 1466 AND
2 1 1392 1466 1467 AND
2 1 1504 1467 1506 XOR
2 1 1514 1506 1516 XOR
2 1 1517 1516 1522 XOR
2 1 1530 1522 1532 XOR
2 1 1369 1406 1407 AND
2 1 1271 1314 1409 AND
2 1 1408 1409 1410 AND
2 1 1263 1315 1411 AND
2 1 1410 1411 1412 AND
2 1 1407 1412 1465 AND
2 1 1532 1465 1534 XOR
2 1 78 343 1458 AND
2 1 80 315 1457 AND
2 1 79 312 1459 AND
2 1 1457 1459 1460 AND
2 1 1458 1460 1461 AND
2 1 318 872 1462 AND
2 1 1461 1462 1463 AND
2 1 1463 8 1464 XOR
2 1 1534 1464 1536 XOR
2 1 1360 1413 1414 AND
2 1 1352 1415 1416 AND
2 1 1414 1416 1456 AND
2 1 1536 1456 1541 XOR
2 1 1549 1541 1551 XOR
2 1 1552 1551 1553 XOR
2 1 1570 1553 1572 XOR
2 1 1428 1427 1433 XOR
2 1 1433 1445 1446 AND
2 1 1347 1349 1450 AND
2 1 1330 1346 1451 AND
2 1 1448 1451 1452 AND
2 1 1450 1452 1453 AND
2 1 1446 1453 1455 AND
2 1 1572 1455 1574 XOR
2 1 1553 1570 1571 AND
2 1 1455 1572 1573 AND
2 1 1571 1573 1693 AND
2 1 87 134 1675 AND
2 1 85 147 1676 AND
2 1 86 131 1677 AND
2 1 1676 1677 1678 AND
2 1 1675 1678 1679 AND
2 1 87 86 1682 XOR
2 1 85 86 1564 AND
2 1 1563 1565 1566 AND
2 1 1564 1566 1680 AND
2 1 1682 1680 1687 XOR
2 1 138 1687 1688 AND
2 1 1679 1688 1689 AND
2 1 1689 2 1690 XOR
2 1 82 236 1658 AND
2 1 84 199 1657 AND
2 1 83 196 1659 AND
2 1 1657 1659 1660 AND
2 1 1658 1660 1661 AND
2 1 202 1343 1662 AND
2 1 1661 1662 1663 AND
2 1 1663 5 1664 XOR
2 1 1522 1530 1531 AND
2 1 1465 1532 1533 AND
2 1 1531 1533 1647 AND
2 1 70 992 1630 AND
2 1 72 917 1629 AND
2 1 71 914 1631 AND
2 1 1629 1631 1632 AND
2 1 1630 1632 1633 AND
2 1 376 920 1634 AND
2 1 1633 1634 1635 AND
2 1 1635 17 1636 XOR
2 1 67 1277 1617 AND
2 1 69 1166 1616 AND
2 1 68 1163 1618 AND
2 1 1616 1618 1619 AND
2 1 1617 1619 1620 AND
2 1 229 1169 1621 AND
2 1 1620 1621 1622 AND
2 1 1622 20 1623 XOR
2 1 1379 1490 1605 AND
2 1 1487 1605 1606 AND
2 1 64 1606 1607 AND
2 1 66 1491 1604 AND
2 1 65 1488 1608 AND
2 1 1604 1608 1609 AND
2 1 1607 1609 1610 AND
2 1 152 1494 1611 AND
2 1 1610 1611 1612 AND
2 1 1612 23 1613 XOR
2 1 1486 1497 1498 AND
2 1 1613 1498 1615 XOR
2 1 1623 1615 1625 XOR
2 1 1477 1500 1501 AND
2 1 1485 1499 1602 AND
2 1 1501 1602 1603 AND
2 1 1625 1603 1628 XOR
2 1 1636 1628 1638 XOR
2 1 1475 1502 1503 AND
2 1 1467 1504 1505 AND
2 1 1503 1505 1601 AND
2 1 1638 1601 1640 XOR
2 1 73 735 1594 AND
2 1 75 650 1593 AND
2 1 74 647 1595 AND
2 1 1593 1595 1596 AND
2 1 1594 1596 1597 AND
2 1 558 653 1598 AND
2 1 1597 1598 1599 AND
2 1 1599 14 1600 XOR
2 1 1640 1600 1642 XOR
2 1 1506 1514 1515 AND
2 1 1394 1402 1518 AND
2 1 1516 1518 1519 AND
2 1 1370 1403 1520 AND
2 1 1519 1520 1521 AND
2 1 1515 1521 1592 AND
2 1 1642 1592 1644 XOR
2 1 76 514 1585 AND
2 1 78 460 1584 AND
2 1 77 457 1586 AND
2 1 1584 1586 1587 AND
2 1 1585 1587 1588 AND
2 1 463 719 1589 AND
2 1 1588 1589 1590 AND
2 1 1590 11 1591 XOR
2 1 1644 1591 1646 XOR
2 1 1647 1646 1652 XOR
2 1 79 343 1577 AND
2 1 81 315 1576 AND
2 1 80 312 1578 AND
2 1 1576 1578 1579 AND
2 1 1577 1579 1580 AND
2 1 318 965 1581 AND
2 1 1580 1581 1582 AND
2 1 1582 8 1583 XOR
2 1 1652 1583 1654 XOR
2 1 1464 1534 1535 AND
2 1 1360 1413 1537 AND
2 1 1536 1537 1538 AND
2 1 1352 1414 1539 AND
2 1 1538 1539 1540 AND
2 1 1535 1540 1575 AND
2 1 1654 1575 1656 XOR
2 1 1664 1656 1666 XOR
2 1 1541 1549 1550 AND
2 1 1666 1550 1673 XOR
2 1 1550 1551 1671 AND
2 1 1552 1671 1672 AND
2 1 1673 1672 1674 XOR
2 1 1690 1674 1692 XOR
2 1 1693 1692 1698 XOR
2 1 1674 1690 1691 AND
2 1 1553 1570 1694 AND
2 1 1692 1694 1695 AND
2 1 1455 1571 1696 AND
2 1 1695 1696 1697 AND
2 1 1691 1697 1807 AND
2 1 88 134 1794 AND
2 1 86 147 1795 AND
2 1 87 131 1796 AND
2 1 1795 1796 1797 AND
2 1 1794 1797 1798 AND
2 1 88 87 1800 XOR
2 1 86 87 1681 AND
2 1 1563 1564 1683 AND
2 1 85 86 1684 AND
2 1 1682 1684 1685 AND
2 1 1683 1685 1686 AND
2 1 1681 1686 1799 AND
2 1 1800 1799 1801 XOR
2 1 138 1801 1802 AND
2 1 1798 1802 1803 AND
2 1 1803 2 1804 XOR
2 1 80 343 1776 AND
2 1 82 315 1775 AND
2 1 81 312 1777 AND
2 1 1775 1777 1778 AND
2 1 1776 1778 1779 AND
2 1 318 1124 1780 AND
2 1 1779 1780 1781 AND
2 1 1781 8 1782 XOR
2 1 1591 1644 1645 AND
2 1 1522 1530 1648 AND
2 1 1646 1648 1649 AND
2 1 1465 1531 1650 AND
2 1 1649 1650 1651 AND
2 1 1645 1651 1772 AND
2 1 71 992 1752 AND
2 1 73 917 1751 AND
2 1 72 914 1753 AND
2 1 1751 1753 1754 AND
2 1 1752 1754 1755 AND
2 1 423 920 1756 AND
2 1 1755 1756 1757 AND
2 1 1757 17 1758 XOR
2 1 65 1606 1739 AND
2 1 67 1491 1738 AND
2 1 66 1488 1740 AND
2 1 1738 1740 1741 AND
2 1 1739 1741 1742 AND
2 1 169 1494 1743 AND
2 1 1742 1743 1744 AND
2 1 1744 23 1745 XOR
2 1 24 23 1735 XOR
2 1 64 1735 1736 AND
2 1 1498 1613 1614 AND
2 1 1736 1614 1737 XOR
2 1 1745 1737 1747 XOR
2 1 68 1277 1728 AND
2 1 70 1166 1727 AND
2 1 69 1163 1729 AND
2 1 1727 1729 1730 AND
2 1 1728 1730 1731 AND
2 1 275 1169 1732 AND
2 1 1731 1732 1733 AND
2 1 1733 20 1734 XOR
2 1 1747 1734 1749 XOR
2 1 1615 1623 1624 AND
2 1 1603 1625 1626 AND
2 1 1624 1626 1627 AND
2 1 1749 1627 1750 XOR
2 1 1758 1750 1760 XOR
2 1 1628 1636 1637 AND
2 1 1601 1638 1639 AND
2 1 1637 1639 1726 AND
2 1 1760 1726 1762 XOR
2 1 74 735 1719 AND
2 1 76 650 1718 AND
2 1 75 647 1720 AND
2 1 1718 1720 1721 AND
2 1 1719 1721 1722 AND
2 1 576 653 1723 AND
2 1 1722 1723 1724 AND
2 1 1724 14 1725 XOR
2 1 1762 1725 1764 XOR
2 1 1600 1640 1641 AND
2 1 1592 1642 1643 AND
2 1 1641 1643 1717 AND
2 1 1764 1717 1769 XOR
2 1 77 514 1710 AND
2 1 79 460 1709 AND
2 1 78 457 1711 AND
2 1 1709 1711 1712 AND
2 1 1710 1712 1713 AND
2 1 463 792 1714 AND
2 1 1713 1714 1715 AND
2 1 1715 11 1716 XOR
2 1 1769 1716 1771 XOR
2 1 1772 1771 1774 XOR
2 1 1782 1774 1784 XOR
2 1 1583 1652 1653 AND
2 1 1575 1654 1655 AND
2 1 1653 1655 1708 AND
2 1 1784 1708 1789 XOR
2 1 83 236 1701 AND
2 1 85 199 1700 AND
2 1 84 196 1702 AND
2 1 1700 1702 1703 AND
2 1 1701 1703 1704 AND
2 1 202 1441 1705 AND
2 1 1704 1705 1706 AND
2 1 1706 5 1707 XOR
2 1 1789 1707 1791 XOR
2 1 1656 1664 1665 AND
2 1 1550 1552 1667 AND
2 1 1541 1549 1668 AND
2 1 1666 1668 1669 AND
2 1 1667 1669 1670 AND
2 1 1665 1670 1699 AND
2 1 1791 1699 1793 XOR
2 1 1804 1793 1806 XOR
2 1 1807 1806 1809 XOR
2 1 84 236 1926 AND
2 1 86 199 1925 AND
2 1 85 196 1927 AND
2 1 1925 1927 1928 AND
2 1 1926 1928 1929 AND
2 1 202 1567 1930 AND
2 1 1929 1930 1931 AND
2 1 1931 5 1932 XOR
2 1 1774 1782 1783 AND
2 1 1583 1652 1785 AND
2 1 1784 1785 1786 AND
2 1 1575 1653 1787 AND
2 1 1786 1787 1788 AND
2 1 1783 1788 1922 AND
2 1 81 343 1913 AND
2 1 83 315 1912 AND
2 1 82 312 1914 AND
2 1 1912 1914 1915 AND
2 1 1913 1915 1916 AND
2 1 318 1232 1917 AND
2 1 1916 1917 1918 AND
2 1 1918 8 1919 XOR
2 1 1716 1769 1770 AND
2 1 1771 1772 1773 AND
2 1 1770 1773 1906 AND
2 1 1725 1762 1763 AND
2 1 1600 1640 1765 AND
2 1 1764 1765 1766 AND
2 1 1592 1641 1767 AND
2 1 1766 1767 1768 AND
2 1 1763 1768 1901 AND
2 1 75 735 1892 AND
2 1 77 650 1891 AND
2 1 76 647 1893 AND
2 1 1891 1893 1894 AND
2 1 1892 1894 1895 AND
2 1 653 698 1896 AND
2 1 1895 1896 1897 AND
2 1 1897 14 1898 XOR
2 1 1750 1758 1759 AND
2 1 1726 1760 1761 AND
2 1 1759 1761 1888 AND
2 1 72 992 1879 AND
2 1 74 917 1878 AND
2 1 73 914 1880 AND
2 1 1878 1880 1881 AND
2 1 1879 1881 1882 AND
2 1 494 920 1883 AND
2 1 1882 1883 1884 AND
2 1 1884 17 1885 XOR
2 1 25 24 1858 XOR
2 1 1735 1858 1859 AND
2 1 64 1859 1860 AND
2 1 26 25 1861 XOR
2 1 1735 1861 1862 AND
2 1 65 1862 1863 AND
2 1 1860 1863 1864 AND
2 1 1735 1861 1865 AND
2 1 139 1865 1866 AND
2 1 1864 1866 1867 AND
2 1 1867 26 1868 XOR
2 1 26 1736 1857 AND
2 1 1868 1857 1870 XOR
2 1 66 1606 1850 AND
2 1 68 1491 1849 AND
2 1 67 1488 1851 AND
2 1 1849 1851 1852 AND
2 1 1850 1852 1853 AND
2 1 191 1494 1854 AND
2 1 1853 1854 1855 AND
2 1 1855 23 1856 XOR
2 1 1870 1856 1871 XOR
2 1 1737 1745 1746 AND
2 1 1614 1736 1847 AND
2 1 1746 1847 1848 AND
2 1 1871 1848 1873 XOR
2 1 69 1277 1840 AND
2 1 71 1166 1839 AND
2 1 70 1163 1841 AND
2 1 1839 1841 1842 AND
2 1 1840 1842 1843 AND
2 1 297 1169 1844 AND
2 1 1843 1844 1845 AND
2 1 1845 20 1846 XOR
2 1 1873 1846 1875 XOR
2 1 1734 1747 1748 AND
2 1 1627 1749 1837 AND
2 1 1748 1837 1838 AND
2 1 1875 1838 1877 XOR
2 1 1885 1877 1887 XOR
2 1 1888 1887 1890 XOR
2 1 1898 1890 1900 XOR
2 1 1901 1900 1903 XOR
2 1 78 514 1830 AND
2 1 80 460 1829 AND
2 1 79 457 1831 AND
2 1 1829 1831 1832 AND
2 1 1830 1832 1833 AND
2 1 463 872 1834 AND
2 1 1833 1834 1835 AND
2 1 1835 11 1836 XOR
2 1 1903 1836 1905 XOR
2 1 1906 1905 1911 XOR
2 1 1919 1911 1921 XOR
2 1 1922 1921 1924 XOR
2 1 1932 1924 1933 XOR
2 1 89 134 1811 AND
2 1 87 147 1812 AND
2 1 88 131 1813 AND
2 1 1812 1813 1814 AND
2 1 1811 1814 1815 AND
2 1 89 88 1822 XOR
2 1 86 88 1816 AND
2 1 87 1816 1817 AND
2 1 87 88 1818 AND
2 1 1686 1818 1819 AND
2 1 1817 1819 1820 AND
2 1 1822 1820 1824 XOR
2 1 138 1824 1825 AND
2 1 1815 1825 1826 AND
2 1 1826 2 1827 XOR
2 1 1933 1827 1940 XOR
2 1 1707 1789 1790 AND
2 1 1699 1791 1792 AND
2 1 1790 1792 1828 AND
2 1 1940 1828 1941 XOR
2 1 1793 1804 1805 AND
2 1 1806 1807 1808 AND
2 1 1805 1808 1810 AND
2 1 1941 1810 1946 XOR
2 1 90 134 2056 AND
2 1 88 147 2057 AND
2 1 89 131 2058 AND
2 1 2057 2058 2059 AND
2 1 2056 2059 2060 AND
2 1 90 89 2063 XOR
2 1 88 89 1821 AND
2 1 1820 1822 1823 AND
2 1 1821 1823 2061 AND
2 1 2063 2061 2065 XOR
2 1 138 2065 2066 AND
2 1 2060 2066 2067 AND
2 1 2067 2 2068 XOR
2 1 85 236 2046 AND
2 1 87 199 2045 AND
2 1 86 196 2047 AND
2 1 2045 2047 2048 AND
2 1 2046 2048 2049 AND
2 1 202 1687 2050 AND
2 1 2049 2050 2051 AND
2 1 2051 5 2052 XOR
2 1 1911 1919 1920 AND
2 1 1921 1922 1923 AND
2 1 1920 1923 2039 AND
2 1 82 343 2030 AND
2 1 84 315 2029 AND
2 1 83 312 2031 AND
2 1 2029 2031 2032 AND
2 1 2030 2032 2033 AND
2 1 318 1343 2034 AND
2 1 2033 2034 2035 AND
2 1 2035 8 2036 XOR
2 1 79 514 2018 AND
2 1 81 460 2017 AND
2 1 80 457 2019 AND
2 1 2017 2019 2020 AND
2 1 2018 2020 2021 AND
2 1 463 965 2022 AND
2 1 2021 2022 2023 AND
2 1 2023 11 2024 XOR
2 1 70 1277 1998 AND
2 1 72 1166 1997 AND
2 1 71 1163 1999 AND
2 1 1997 1999 2000 AND
2 1 1998 2000 2001 AND
2 1 376 1169 2002 AND
2 1 2001 2002 2003 AND
2 1 2003 20 2004 XOR
2 1 67 1606 1985 AND
2 1 69 1491 1984 AND
2 1 68 1488 1986 AND
2 1 1984 1986 1987 AND
2 1 1985 1987 1988 AND
2 1 229 1494 1989 AND
2 1 1988 1989 1990 AND
2 1 1990 23 1991 XOR
2 1 1735 1861 1973 AND
2 1 1858 1973 1974 AND
2 1 64 1974 1975 AND
2 1 66 1862 1972 AND
2 1 65 1859 1976 AND
2 1 1972 1976 1977 AND
2 1 1975 1977 1978 AND
2 1 152 1865 1979 AND
2 1 1978 1979 1980 AND
2 1 1980 26 1981 XOR
2 1 1857 1868 1869 AND
2 1 1981 1869 1983 XOR
2 1 1991 1983 1993 XOR
2 1 1848 1871 1872 AND
2 1 1856 1870 1970 AND
2 1 1872 1970 1971 AND
2 1 1993 1971 1996 XOR
2 1 2004 1996 2006 XOR
2 1 1846 1873 1874 AND
2 1 1838 1875 1876 AND
2 1 1874 1876 1969 AND
2 1 2006 1969 2008 XOR
2 1 73 992 1962 AND
2 1 75 917 1961 AND
2 1 74 914 1963 AND
2 1 1961 1963 1964 AND
2 1 1962 1964 1965 AND
2 1 558 920 1966 AND
2 1 1965 1966 1967 AND
2 1 1967 17 1968 XOR
2 1 2008 1968 2010 XOR
2 1 76 735 1953 AND
2 1 78 650 1952 AND
2 1 77 647 1954 AND
2 1 1952 1954 1955 AND
2 1 1953 1955 1956 AND
2 1 653 719 1957 AND
2 1 1956 1957 1958 AND
2 1 1958 14 1959 XOR
2 1 2010 1959 2014 XOR
2 1 1877 1885 1886 AND
2 1 1887 1888 1889 AND
2 1 1886 1889 1960 AND
2 1 2014 1960 2015 XOR
2 1 1890 1898 1899 AND
2 1 1900 1901 1902 AND
2 1 1899 1902 1951 AND
2 1 2015 1951 2016 XOR
2 1 2024 2016 2026 XOR
2 1 1836 1903 1904 AND
2 1 1770 1772 1907 AND
2 1 1716 1769 1908 AND
2 1 1905 1908 1909 AND
2 1 1907 1909 1910 AND
2 1 1904 1910 1950 AND
2 1 2026 1950 2028 XOR
2 1 2036 2028 2038 XOR
2 1 2039 2038 2044 XOR
2 1 2052 2044 2054 XOR
2 1 1707 1789 1934 AND
2 1 1933 1934 1935 AND
2 1 1699 1790 1936 AND
2 1 1935 1936 1937 AND
2 1 1924 1932 1948 AND
2 1 1937 1948 1949 AND
2 1 2054 1949 2055 XOR
2 1 2068 2055 2070 XOR
2 1 1933 1828 1938 XOR
2 1 1827 1938 1939 AND
2 1 1805 1807 1942 AND
2 1 1793 1804 1943 AND
2 1 1941 1943 1944 AND
2 1 1942 1944 1945 AND
2 1 1939 1945 1947 AND
2 1 2070 1947 2072 XOR
2 1 91 134 2191 AND
2 1 89 147 2192 AND
2 1 90 131 2193 AND
2 1 2192 2193 2194 AND
2 1 2191 2194 2195 AND
2 1 91 90 2198 XOR
2 1 89 90 2062 AND
2 1 2061 2063 2064 AND
2 1 2062 2064 2196 AND
2 1 2198 2196 2200 XOR
2 1 138 2200 2201 AND
2 1 2195 2201 2202 AND
2 1 2202 2 2203 XOR
2 1 2028 2036 2037 AND
2 1 1920 1922 2040 AND
2 1 1911 1919 2041 AND
2 1 2038 2041 2042 AND
2 1 2040 2042 2043 AND
2 1 2037 2043 2178 AND
2 1 83 343 2169 AND
2 1 85 315 2168 AND
2 1 84 312 2170 AND
2 1 2168 2170 2171 AND
2 1 2169 2171 2172 AND
2 1 318 1441 2173 AND
2 1 2172 2173 2174 AND
2 1 2174 8 2175 XOR
2 1 2016 2024 2025 AND
2 1 1950 2026 2027 AND
2 1 2025 2027 2162 AND
2 1 80 514 2153 AND
2 1 82 460 2152 AND
2 1 81 457 2154 AND
2 1 2152 2154 2155 AND
2 1 2153 2155 2156 AND
2 1 463 1124 2157 AND
2 1 2156 2157 2158 AND
2 1 2158 11 2159 XOR
2 1 2010 1960 2012 XOR
2 1 1959 2012 2013 AND
2 1 1899 1901 2145 AND
2 1 1890 1898 2146 AND
2 1 2015 2146 2147 AND
2 1 2145 2147 2148 AND
2 1 2013 2148 2149 AND
2 1 71 1277 2125 AND
2 1 73 1166 2124 AND
2 1 72 1163 2126 AND
2 1 2124 2126 2127 AND
2 1 2125 2127 2128 AND
2 1 423 1169 2129 AND
2 1 2128 2129 2130 AND
2 1 2130 20 2131 XOR
2 1 65 1974 2112 AND
2 1 67 1862 2111 AND
2 1 66 1859 2113 AND
2 1 2111 2113 2114 AND
2 1 2112 2114 2115 AND
2 1 169 1865 2116 AND
2 1 2115 2116 2117 AND
2 1 2117 26 2118 XOR
2 1 27 26 2108 XOR
2 1 64 2108 2109 AND
2 1 1869 1981 1982 AND
2 1 2109 1982 2110 XOR
2 1 2118 2110 2120 XOR
2 1 68 1606 2101 AND
2 1 70 1491 2100 AND
2 1 69 1488 2102 AND
2 1 2100 2102 2103 AND
2 1 2101 2103 2104 AND
2 1 275 1494 2105 AND
2 1 2104 2105 2106 AND
2 1 2106 23 2107 XOR
2 1 2120 2107 2122 XOR
2 1 1983 1991 1992 AND
2 1 1971 1993 1994 AND
2 1 1992 1994 1995 AND
2 1 2122 1995 2123 XOR
2 1 2131 2123 2133 XOR
2 1 1996 2004 2005 AND
2 1 1969 2006 2007 AND
2 1 2005 2007 2099 AND
2 1 2133 2099 2135 XOR
2 1 74 992 2092 AND
2 1 76 917 2091 AND
2 1 75 914 2093 AND
2 1 2091 2093 2094 AND
2 1 2092 2094 2095 AND
2 1 576 920 2096 AND
2 1 2095 2096 2097 AND
2 1 2097 17 2098 XOR
2 1 2135 2098 2137 XOR
2 1 1968 2008 2009 AND
2 1 1960 2010 2011 AND
2 1 2009 2011 2090 AND
2 1 2137 2090 2142 XOR
2 1 77 735 2083 AND
2 1 79 650 2082 AND
2 1 78 647 2084 AND
2 1 2082 2084 2085 AND
2 1 2083 2085 2086 AND
2 1 653 792 2087 AND
2 1 2086 2087 2088 AND
2 1 2088 14 2089 XOR
2 1 2142 2089 2144 XOR
2 1 2149 2144 2151 XOR
2 1 2159 2151 2161 XOR
2 1 2162 2161 2167 XOR
2 1 2175 2167 2177 XOR
2 1 2178 2177 2180 XOR
2 1 86 236 2075 AND
2 1 88 199 2074 AND
2 1 87 196 2076 AND
2 1 2074 2076 2077 AND
2 1 2075 2077 2078 AND
2 1 202 1801 2079 AND
2 1 2078 2079 2080 AND
2 1 2080 5 2081 XOR
2 1 2180 2081 2182 XOR
2 1 2044 2052 2053 AND
2 1 2182 2053 2189 XOR
2 1 2053 2054 2187 AND
2 1 1949 2187 2188 AND
2 1 2189 2188 2190 XOR
2 1 2203 2190 2205 XOR
2 1 2055 2068 2069 AND
2 1 1947 2070 2071 AND
2 1 2069 2071 2073 AND
2 1 2205 2073 2210 XOR
2 1 92 134 2337 AND
2 1 90 147 2338 AND
2 1 91 131 2339 AND
2 1 2338 2339 2340 AND
2 1 2337 2340 2341 AND
2 1 92 91 2344 XOR
2 1 90 91 2197 AND
2 1 2196 2198 2199 AND
2 1 2197 2199 2342 AND
2 1 2344 2342 2346 XOR
2 1 138 2346 2347 AND
2 1 2341 2347 2348 AND
2 1 2348 2 2349 XOR
2 1 2081 2180 2181 AND
2 1 2044 2052 2183 AND
2 1 2182 2183 2184 AND
2 1 1949 2053 2185 AND
2 1 2184 2185 2186 AND
2 1 2181 2186 2335 AND
2 1 2167 2175 2176 AND
2 1 2177 2178 2179 AND
2 1 2176 2179 2327 AND
2 1 84 343 2318 AND
2 1 86 315 2317 AND
2 1 85 312 2319 AND
2 1 2317 2319 2320 AND
2 1 2318 2320 2321 AND
2 1 318 1567 2322 AND
2 1 2321 2322 2323 AND
2 1 2323 8 2324 XOR
2 1 2151 2159 2160 AND
2 1 2016 2024 2163 AND
2 1 2161 2163 2164 AND
2 1 1950 2025 2165 AND
2 1 2164 2165 2166 AND
2 1 2160 2166 2314 AND
2 1 81 514 2305 AND
2 1 83 460 2304 AND
2 1 82 457 2306 AND
2 1 2304 2306 2307 AND
2 1 2305 2307 2308 AND
2 1 463 1232 2309 AND
2 1 2308 2309 2310 AND
2 1 2310 11 2311 XOR
2 1 2089 2142 2143 AND
2 1 2144 2149 2150 AND
2 1 2143 2150 2298 AND
2 1 78 735 2288 AND
2 1 80 650 2287 AND
2 1 79 647 2289 AND
2 1 2287 2289 2290 AND
2 1 2288 2290 2291 AND
2 1 653 872 2292 AND
2 1 2291 2292 2293 AND
2 1 2293 14 2294 XOR
2 1 75 992 2275 AND
2 1 77 917 2274 AND
2 1 76 914 2276 AND
2 1 2274 2276 2277 AND
2 1 2275 2277 2278 AND
2 1 698 920 2279 AND
2 1 2278 2279 2280 AND
2 1 2280 17 2281 XOR
2 1 2123 2131 2132 AND
2 1 2099 2133 2134 AND
2 1 2132 2134 2271 AND
2 1 72 1277 2262 AND
2 1 74 1166 2261 AND
2 1 73 1163 2263 AND
2 1 2261 2263 2264 AND
2 1 2262 2264 2265 AND
2 1 494 1169 2266 AND
2 1 2265 2266 2267 AND
2 1 2267 20 2268 XOR
2 1 28 27 2241 XOR
2 1 2108 2241 2242 AND
2 1 64 2242 2243 AND
2 1 29 28 2244 XOR
2 1 2108 2244 2245 AND
2 1 65 2245 2246 AND
2 1 2243 2246 2247 AND
2 1 2108 2244 2248 AND
2 1 139 2248 2249 AND
2 1 2247 2249 2250 AND
2 1 2250 29 2251 XOR
2 1 29 2109 2240 AND
2 1 2251 2240 2253 XOR
2 1 66 1974 2233 AND
2 1 68 1862 2232 AND
2 1 67 1859 2234 AND
2 1 2232 2234 2235 AND
2 1 2233 2235 2236 AND
2 1 191 1865 2237 AND
2 1 2236 2237 2238 AND
2 1 2238 26 2239 XOR
2 1 2253 2239 2254 XOR
2 1 2110 2118 2119 AND
2 1 1982 2109 2230 AND
2 1 2119 2230 2231 AND
2 1 2254 2231 2256 XOR
2 1 69 1606 2223 AND
2 1 71 1491 2222 AND
2 1 70 1488 2224 AND
2 1 2222 2224 2225 AND
2 1 2223 2225 2226 AND
2 1 297 1494 2227 AND
2 1 2226 2227 2228 AND
2 1 2228 23 2229 XOR
2 1 2256 2229 2258 XOR
2 1 2107 2120 2121 AND
2 1 1995 2122 2220 AND
2 1 2121 2220 2221 AND
2 1 2258 2221 2260 XOR
2 1 2268 2260 2270 XOR
2 1 2271 2270 2273 XOR
2 1 2281 2273 2283 XOR
2 1 2294 2283 2296 XOR
2 1 2098 2135 2136 AND
2 1 1968 2008 2138 AND
2 1 2137 2138 2139 AND
2 1 1960 2009 2140 AND
2 1 2139 2140 2141 AND
2 1 2136 2141 2284 AND
2 1 2296 2284 2297 XOR
2 1 2298 2297 2303 XOR
2 1 2311 2303 2313 XOR
2 1 2314 2313 2316 XOR
2 1 2324 2316 2326 XOR
2 1 2327 2326 2332 XOR
2 1 87 236 2213 AND
2 1 89 199 2212 AND
2 1 88 196 2214 AND
2 1 2212 2214 2215 AND
2 1 2213 2215 2216 AND
2 1 202 1824 2217 AND
2 1 2216 2217 2218 AND
2 1 2218 5 2219 XOR
2 1 2332 2219 2334 XOR
2 1 2335 2334 2336 XOR
2 1 2349 2336 2351 XOR
2 1 2190 2203 2204 AND
2 1 2055 2068 2206 AND
2 1 2205 2206 2207 AND
2 1 1947 2069 2208 AND
2 1 2207 2208 2209 AND
2 1 2204 2209 2211 AND
2 1 2351 2211 2353 XOR
2 1 2336 2349 2350 AND
2 1 2211 2351 2352 AND
2 1 2350 2352 2504 AND
2 1 93 134 2485 AND
2 1 91 147 2486 AND
2 1 92 131 2487 AND
2 1 2486 2487 2488 AND
2 1 2485 2488 2489 AND
2 1 2489 2 2500 XOR
2 1 93 92 2492 XOR
2 1 91 92 2343 AND
2 1 2342 2344 2345 AND
2 1 2343 2345 2490 AND
2 1 2492 2490 2497 XOR
2 1 138 2489 2498 AND
2 1 2497 2498 2499 AND
2 1 2500 2499 2501 XOR
2 1 2316 2324 2325 AND
2 1 2176 2178 2328 AND
2 1 2167 2175 2329 AND
2 1 2326 2329 2330 AND
2 1 2328 2330 2331 AND
2 1 2325 2331 2472 AND
2 1 85 343 2463 AND
2 1 87 315 2462 AND
2 1 86 312 2464 AND
2 1 2462 2464 2465 AND
2 1 2463 2465 2466 AND
2 1 318 1687 2467 AND
2 1 2466 2467 2468 AND
2 1 2468 8 2469 XOR
2 1 2284 2283 2286 XOR
2 1 2286 2294 2295 AND
2 1 2143 2149 2299 AND
2 1 2089 2142 2300 AND
2 1 2297 2300 2301 AND
2 1 2299 2301 2302 AND
2 1 2295 2302 2442 AND
2 1 79 735 2433 AND
2 1 81 650 2432 AND
2 1 80 647 2434 AND
2 1 2432 2434 2435 AND
2 1 2433 2435 2436 AND
2 1 653 965 2437 AND
2 1 2436 2437 2438 AND
2 1 2438 14 2439 XOR
2 1 2273 2281 2282 AND
2 1 2283 2284 2285 AND
2 1 2282 2285 2426 AND
2 1 70 1606 2409 AND
2 1 72 1491 2408 AND
2 1 71 1488 2410 AND
2 1 2408 2410 2411 AND
2 1 2409 2411 2412 AND
2 1 376 1494 2413 AND
2 1 2412 2413 2414 AND
2 1 2414 23 2415 XOR
2 1 67 1974 2396 AND
2 1 69 1862 2395 AND
2 1 68 1859 2397 AND
2 1 2395 2397 2398 AND
2 1 2396 2398 2399 AND
2 1 229 1865 2400 AND
2 1 2399 2400 2401 AND
2 1 2401 26 2402 XOR
2 1 2108 2244 2384 AND
2 1 2241 2384 2385 AND
2 1 64 2385 2386 AND
2 1 66 2245 2383 AND
2 1 65 2242 2387 AND
2 1 2383 2387 2388 AND
2 1 2386 2388 2389 AND
2 1 152 2248 2390 AND
2 1 2389 2390 2391 AND
2 1 2391 29 2392 XOR
2 1 2240 2251 2252 AND
2 1 2392 2252 2394 XOR
2 1 2402 2394 2404 XOR
2 1 2231 2254 2255 AND
2 1 2239 2253 2381 AND
2 1 2255 2381 2382 AND
2 1 2404 2382 2407 XOR
2 1 2415 2407 2417 XOR
2 1 2229 2256 2257 AND
2 1 2221 2258 2259 AND
2 1 2257 2259 2380 AND
2 1 2417 2380 2419 XOR
2 1 73 1277 2373 AND
2 1 75 1166 2372 AND
2 1 74 1163 2374 AND
2 1 2372 2374 2375 AND
2 1 2373 2375 2376 AND
2 1 558 1169 2377 AND
2 1 2376 2377 2378 AND
2 1 2378 20 2379 XOR
2 1 2419 2379 2421 XOR
2 1 2260 2268 2269 AND
2 1 2270 2271 2272 AND
2 1 2269 2272 2371 AND
2 1 2421 2371 2423 XOR
2 1 76 992 2364 AND
2 1 78 917 2363 AND
2 1 77 914 2365 AND
2 1 2363 2365 2366 AND
2 1 2364 2366 2367 AND
2 1 719 920 2368 AND
2 1 2367 2368 2369 AND
2 1 2369 17 2370 XOR
2 1 2423 2370 2425 XOR
2 1 2426 2425 2431 XOR
2 1 2439 2431 2441 XOR
2 1 2442 2441 2444 XOR
2 1 82 514 2446 AND
2 1 84 460 2445 AND
2 1 83 457 2447 AND
2 1 2445 2447 2448 AND
2 1 2446 2448 2449 AND
2 1 463 1343 2450 AND
2 1 2449 2450 2451 AND
2 1 2451 11 2452 XOR
2 1 2444 2452 2453 AND
2 1 2444 2452 2454 AND
2 1 2453 2454 2460 AND
2 1 2303 2311 2312 AND
2 1 2313 2314 2315 AND
2 1 2312 2315 2362 AND
2 1 2460 2362 2461 XOR
2 1 2469 2461 2471 XOR
2 1 2472 2471 2474 XOR
2 1 88 236 2355 AND
2 1 90 199 2354 AND
2 1 89 196 2356 AND
2 1 2354 2356 2357 AND
2 1 2355 2357 2358 AND
2 1 202 2065 2359 AND
2 1 2358 2359 2360 AND
2 1 2360 5 2361 XOR
2 1 2474 2361 2476 XOR
2 1 2219 2332 2333 AND
2 1 2476 2333 2483 XOR
2 1 2333 2334 2481 AND
2 1 2335 2481 2482 AND
2 1 2483 2482 2484 XOR
2 1 2501 2484 2503 XOR
2 1 2504 2503 2509 XOR
2 1 2484 2501 2502 AND
2 1 2336 2349 2505 AND
2 1 2503 2505 2506 AND
2 1 2211 2350 2507 AND
2 1 2506 2507 2508 AND
2 1 2502 2508 2638 AND
2 1 94 134 2625 AND
2 1 92 147 2626 AND
2 1 93 131 2627 AND
2 1 2626 2627 2628 AND
2 1 2625 2628 2629 AND
2 1 94 93 2631 XOR
2 1 92 93 2491 AND
2 1 2342 2343 2493 AND
2 1 91 92 2494 AND
2 1 2492 2494 2495 AND
2 1 2493 2495 2496 AND
2 1 2491 2496 2630 AND
2 1 2631 2630 2632 XOR
2 1 138 2632 2633 AND
2 1 2629 2633 2634 AND
2 1 2634 2 2635 XOR
2 1 2361 2474 2475 AND
2 1 2333 2335 2477 AND
2 1 2219 2332 2478 AND
2 1 2476 2478 2479 AND
2 1 2477 2479 2480 AND
2 1 2475 2480 2623 AND
2 1 89 236 2614 AND
2 1 91 199 2613 AND
2 1 90 196 2615 AND
2 1 2613 2615 2616 AND
2 1 2614 2616 2617 AND
2 1 202 2200 2618 AND
2 1 2617 2618 2619 AND
2 1 2619 5 2620 XOR
2 1 86 343 2599 AND
2 1 88 315 2598 AND
2 1 87 312 2600 AND
2 1 2598 2600 2601 AND
2 1 2599 2601 2602 AND
2 1 318 1801 2603 AND
2 1 2602 2603 2604 AND
2 1 2604 8 2605 XOR
2 1 83 514 2588 AND
2 1 85 460 2587 AND
2 1 84 457 2589 AND
2 1 2587 2589 2590 AND
2 1 2588 2590 2591 AND
2 1 463 1441 2592 AND
2 1 2591 2592 2593 AND
2 1 2593 11 2594 XOR
2 1 2431 2439 2440 AND
2 1 2441 2442 2443 AND
2 1 2440 2443 2584 AND
2 1 80 735 2575 AND
2 1 82 650 2574 AND
2 1 81 647 2576 AND
2 1 2574 2576 2577 AND
2 1 2575 2577 2578 AND
2 1 653 1124 2579 AND
2 1 2578 2579 2580 AND
2 1 2580 14 2581 XOR
2 1 2370 2423 2424 AND
2 1 2282 2284 2427 AND
2 1 2273 2281 2428 AND
2 1 2425 2428 2429 AND
2 1 2427 2429 2430 AND
2 1 2424 2430 2571 AND
2 1 71 1606 2554 AND
2 1 73 1491 2553 AND
2 1 72 1488 2555 AND
2 1 2553 2555 2556 AND
2 1 2554 2556 2557 AND
2 1 423 1494 2558 AND
2 1 2557 2558 2559 AND
2 1 2559 23 2560 XOR
2 1 65 2385 2541 AND
2 1 67 2245 2540 AND
2 1 66 2242 2542 AND
2 1 2540 2542 2543 AND
2 1 2541 2543 2544 AND
2 1 169 2248 2545 AND
2 1 2544 2545 2546 AND
2 1 2546 29 2547 XOR
2 1 30 29 2537 XOR
2 1 64 2537 2538 AND
2 1 2252 2392 2393 AND
2 1 2538 2393 2539 XOR
2 1 2547 2539 2549 XOR
2 1 68 1974 2530 AND
2 1 70 1862 2529 AND
2 1 69 1859 2531 AND
2 1 2529 2531 2532 AND
2 1 2530 2532 2533 AND
2 1 275 1865 2534 AND
2 1 2533 2534 2535 AND
2 1 2535 26 2536 XOR
2 1 2549 2536 2551 XOR
2 1 2394 2402 2403 AND
2 1 2382 2404 2405 AND
2 1 2403 2405 2406 AND
2 1 2551 2406 2552 XOR
2 1 2560 2552 2562 XOR
2 1 2407 2415 2416 AND
2 1 2380 2417 2418 AND
2 1 2416 2418 2528 AND
2 1 2562 2528 2564 XOR
2 1 74 1277 2521 AND
2 1 76 1166 2520 AND
2 1 75 1163 2522 AND
2 1 2520 2522 2523 AND
2 1 2521 2523 2524 AND
2 1 576 1169 2525 AND
2 1 2524 2525 2526 AND
2 1 2526 20 2527 XOR
2 1 2564 2527 2566 XOR
2 1 2379 2419 2420 AND
2 1 2371 2421 2422 AND
2 1 2420 2422 2519 AND
2 1 2566 2519 2568 XOR
2 1 77 992 2512 AND
2 1 79 917 2511 AND
2 1 78 914 2513 AND
2 1 2511 2513 2514 AND
2 1 2512 2514 2515 AND
2 1 792 920 2516 AND
2 1 2515 2516 2517 AND
2 1 2517 17 2518 XOR
2 1 2568 2518 2570 XOR
2 1 2571 2570 2573 XOR
2 1 2581 2573 2583 XOR
2 1 2584 2583 2586 XOR
2 1 2594 2586 2596 XOR
2 1 2312 2314 2455 AND
2 1 2303 2311 2456 AND
2 1 2454 2456 2457 AND
2 1 2455 2457 2458 AND
2 1 2453 2458 2459 AND
2 1 2596 2459 2597 XOR
2 1 2605 2597 2607 XOR
2 1 2461 2469 2470 AND
2 1 2471 2472 2473 AND
2 1 2470 2473 2510 AND
2 1 2607 2510 2612 XOR
2 1 2620 2612 2622 XOR
2 1 2623 2622 2624 XOR
2 1 2635 2624 2637 XOR
2 1 2638 2637 2640 XOR
2 1 2624 2635 2636 AND
2 1 2637 2638 2639 AND
2 1 2636 2639 2805 AND
2 1 95 134 2786 AND
2 1 93 147 2787 AND
2 1 94 131 2788 AND
2 1 2787 2788 2789 AND
2 1 2786 2789 2790 AND
2 1 95 94 2797 XOR
2 1 92 94 2791 AND
2 1 93 2791 2792 AND
2 1 93 94 2793 AND
2 1 2496 2793 2794 AND
2 1 2792 2794 2795 AND
2 1 2797 2795 2799 XOR
2 1 138 2799 2800 AND
2 1 2790 2800 2801 AND
2 1 2801 2 2802 XOR
2 1 90 236 2769 AND
2 1 92 199 2768 AND
2 1 91 196 2770 AND
2 1 2768 2770 2771 AND
2 1 2769 2771 2772 AND
2 1 202 2346 2773 AND
2 1 2772 2773 2774 AND
2 1 2774 5 2775 XOR
2 1 2597 2605 2606 AND
2 1 2470 2472 2608 AND
2 1 2461 2469 2609 AND
2 1 2607 2609 2610 AND
2 1 2608 2610 2611 AND
2 1 2606 2611 2765 AND
2 1 87 343 2756 AND
2 1 89 315 2755 AND
2 1 88 312 2757 AND
2 1 2755 2757 2758 AND
2 1 2756 2758 2759 AND
2 1 318 1824 2760 AND
2 1 2759 2760 2761 AND
2 1 2761 8 2762 XOR
2 1 2586 2594 2595 AND
2 1 2459 2596 2748 AND
2 1 2595 2748 2749 AND
2 1 84 514 2738 AND
2 1 86 460 2737 AND
2 1 85 457 2739 AND
2 1 2737 2739 2740 AND
2 1 2738 2740 2741 AND
2 1 463 1567 2742 AND
2 1 2741 2742 2743 AND
2 1 2743 11 2744 XOR
2 1 81 735 2725 AND
2 1 83 650 2724 AND
2 1 82 647 2726 AND
2 1 2724 2726 2727 AND
2 1 2725 2727 2728 AND
2 1 653 1232 2729 AND
2 1 2728 2729 2730 AND
2 1 2730 14 2731 XOR
2 1 2518 2568 2569 AND
2 1 2570 2571 2572 AND
2 1 2569 2572 2718 AND
2 1 2527 2564 2565 AND
2 1 2519 2566 2567 AND
2 1 2565 2567 2713 AND
2 1 75 1277 2704 AND
2 1 77 1166 2703 AND
2 1 76 1163 2705 AND
2 1 2703 2705 2706 AND
2 1 2704 2706 2707 AND
2 1 698 1169 2708 AND
2 1 2707 2708 2709 AND
2 1 2709 20 2710 XOR
2 1 2552 2560 2561 AND
2 1 2528 2562 2563 AND
2 1 2561 2563 2700 AND
2 1 72 1606 2691 AND
2 1 74 1491 2690 AND
2 1 73 1488 2692 AND
2 1 2690 2692 2693 AND
2 1 2691 2693 2694 AND
2 1 494 1494 2695 AND
2 1 2694 2695 2696 AND
2 1 2696 23 2697 XOR
2 1 31 30 2670 XOR
2 1 2537 2670 2671 AND
2 1 64 2671 2672 AND
2 1 32 31 2673 XOR
2 1 2537 2673 2674 AND
2 1 65 2674 2675 AND
2 1 2672 2675 2676 AND
2 1 2537 2673 2677 AND
2 1 139 2677 2678 AND
2 1 2676 2678 2679 AND
2 1 2679 32 2680 XOR
2 1 32 2538 2669 AND
2 1 2680 2669 2682 XOR
2 1 66 2385 2662 AND
2 1 68 2245 2661 AND
2 1 67 2242 2663 AND
2 1 2661 2663 2664 AND
2 1 2662 2664 2665 AND
2 1 191 2248 2666 AND
2 1 2665 2666 2667 AND
2 1 2667 29 2668 XOR
2 1 2682 2668 2683 XOR
2 1 2539 2547 2548 AND
2 1 2393 2538 2659 AND
2 1 2548 2659 2660 AND
2 1 2683 2660 2685 XOR
2 1 69 1974 2652 AND
2 1 71 1862 2651 AND
2 1 70 1859 2653 AND
2 1 2651 2653 2654 AND
2 1 2652 2654 2655 AND
2 1 297 1865 2656 AND
2 1 2655 2656 2657 AND
2 1 2657 26 2658 XOR
2 1 2685 2658 2687 XOR
2 1 2536 2549 2550 AND
2 1 2406 2551 2649 AND
2 1 2550 2649 2650 AND
2 1 2687 2650 2689 XOR
2 1 2697 2689 2699 XOR
2 1 2700 2699 2702 XOR
2 1 2710 2702 2712 XOR
2 1 2713 2712 2715 XOR
2 1 78 992 2642 AND
2 1 80 917 2641 AND
2 1 79 914 2643 AND
2 1 2641 2643 2644 AND
2 1 2642 2644 2645 AND
2 1 872 920 2646 AND
2 1 2645 2646 2647 AND
2 1 2647 17 2648 XOR
2 1 2715 2648 2717 XOR
2 1 2718 2717 2723 XOR
2 1 2731 2723 2733 XOR
2 1 2744 2733 2746 XOR
2 1 2573 2581 2582 AND
2 1 2583 2584 2585 AND
2 1 2582 2585 2734 AND
2 1 2746 2734 2747 XOR
2 1 2749 2747 2754 XOR
2 1 2762 2754 2764 XOR
2 1 2765 2764 2767 XOR
2 1 2775 2767 2777 XOR
2 1 2612 2620 2621 AND
2 1 2777 2621 2784 XOR
2 1 2621 2622 2782 AND
2 1 2623 2782 2783 AND
2 1 2784 2783 2785 XOR
2 1 2802 2785 2804 XOR
2 1 2805 2804 2810 XOR
2 1 96 134 2953 AND
2 1 94 147 2954 AND
2 1 95 131 2955 AND
2 1 2954 2955 2956 AND
2 1 2953 2956 2957 AND
2 1 96 95 2959 XOR
2 1 94 95 2796 AND
2 1 2795 2797 2798 AND
2 1 2796 2798 2958 AND
2 1 2959 2958 2960 XOR
2 1 138 2960 2961 AND
2 1 2957 2961 2962 AND
2 1 2962 2 2963 XOR
2 1 91 236 2941 AND
2 1 93 199 2940 AND
2 1 92 196 2942 AND
2 1 2940 2942 2943 AND
2 1 2941 2943 2944 AND
2 1 202 2497 2945 AND
2 1 2944 2945 2946 AND
2 1 2946 5 2947 XOR
2 1 2754 2762 2763 AND
2 1 2764 2765 2766 AND
2 1 2763 2766 2934 AND
2 1 85 514 2921 AND
2 1 87 460 2920 AND
2 1 86 457 2922 AND
2 1 2920 2922 2923 AND
2 1 2921 2923 2924 AND
2 1 463 1687 2925 AND
2 1 2924 2925 2926 AND
2 1 2926 11 2927 XOR
2 1 2648 2715 2716 AND
2 1 2569 2571 2719 AND
2 1 2518 2568 2720 AND
2 1 2717 2720 2721 AND
2 1 2719 2721 2722 AND
2 1 2716 2722 2900 AND
2 1 76 1277 2887 AND
2 1 78 1166 2886 AND
2 1 77 1163 2888 AND
2 1 2886 2888 2889 AND
2 1 2887 2889 2890 AND
2 1 719 1169 2891 AND
2 1 2890 2891 2892 AND
2 1 2892 20 2893 XOR
2 1 73 1606 2874 AND
2 1 75 1491 2873 AND
2 1 74 1488 2875 AND
2 1 2873 2875 2876 AND
2 1 2874 2876 2877 AND
2 1 558 1494 2878 AND
2 1 2877 2878 2879 AND
2 1 2879 23 2880 XOR
2 1 2658 2685 2686 AND
2 1 2650 2687 2688 AND
2 1 2686 2688 2870 AND
2 1 70 1974 2861 AND
2 1 72 1862 2860 AND
2 1 71 1859 2862 AND
2 1 2860 2862 2863 AND
2 1 2861 2863 2864 AND
2 1 376 1865 2865 AND
2 1 2864 2865 2866 AND
2 1 2866 26 2867 XOR
2 1 67 2385 2848 AND
2 1 69 2245 2847 AND
2 1 68 2242 2849 AND
2 1 2847 2849 2850 AND
2 1 2848 2850 2851 AND
2 1 229 2248 2852 AND
2 1 2851 2852 2853 AND
2 1 2853 29 2854 XOR
2 1 2537 2673 2836 AND
2 1 2670 2836 2837 AND
2 1 64 2837 2838 AND
2 1 66 2674 2835 AND
2 1 65 2671 2839 AND
2 1 2835 2839 2840 AND
2 1 2838 2840 2841 AND
2 1 152 2677 2842 AND
2 1 2841 2842 2843 AND
2 1 2843 32 2844 XOR
2 1 2669 2680 2681 AND
2 1 2844 2681 2846 XOR
2 1 2854 2846 2856 XOR
2 1 2660 2683 2684 AND
2 1 2668 2682 2833 AND
2 1 2684 2833 2834 AND
2 1 2856 2834 2859 XOR
2 1 2867 2859 2869 XOR
2 1 2870 2869 2872 XOR
2 1 2880 2872 2882 XOR
2 1 2689 2697 2698 AND
2 1 2699 2700 2701 AND
2 1 2698 2701 2832 AND
2 1 2882 2832 2885 XOR
2 1 2893 2885 2895 XOR
2 1 2702 2710 2711 AND
2 1 2712 2713 2714 AND
2 1 2711 2714 2831 AND
2 1 2895 2831 2897 XOR
2 1 79 992 2824 AND
2 1 81 917 2823 AND
2 1 80 914 2825 AND
2 1 2823 2825 2826 AND
2 1 2824 2826 2827 AND
2 1 920 965 2828 AND
2 1 2827 2828 2829 AND
2 1 2829 17 2830 XOR
2 1 2897 2830 2899 XOR
2 1 2900 2899 2902 XOR
2 1 82 735 2904 AND
2 1 84 650 2903 AND
2 1 83 647 2905 AND
2 1 2903 2905 2906 AND
2 1 2904 2906 2907 AND
2 1 653 1343 2908 AND
2 1 2907 2908 2909 AND
2 1 2909 14 2910 XOR
2 1 2902 2910 2911 AND
2 1 2902 2910 2912 AND
2 1 2911 2912 2918 AND
2 1 2723 2731 2732 AND
2 1 2733 2734 2735 AND
2 1 2732 2735 2822 AND
2 1 2918 2822 2919 XOR
2 1 2927 2919 2929 XOR
2 1 2734 2733 2736 XOR
2 1 2736 2744 2745 AND
2 1 2586 2594 2750 AND
2 1 2747 2750 2751 AND
2 1 2459 2595 2752 AND
2 1 2751 2752 2753 AND
2 1 2745 2753 2821 AND
2 1 2929 2821 2931 XOR
2 1 88 343 2814 AND
2 1 90 315 2813 AND
2 1 89 312 2815 AND
2 1 2813 2815 2816 AND
2 1 2814 2816 2817 AND
2 1 318 2065 2818 AND
2 1 2817 2818 2819 AND
2 1 2819 8 2820 XOR
2 1 2931 2820 2933 XOR
2 1 2934 2933 2939 XOR
2 1 2947 2939 2949 XOR
2 1 2767 2775 2776 AND
2 1 2621 2623 2778 AND
2 1 2612 2620 2779 AND
2 1 2777 2779 2780 AND
2 1 2778 2780 2781 AND
2 1 2776 2781 2812 AND
2 1 2949 2812 2952 XOR
2 1 2963 2952 2964 XOR
2 1 2785 2802 2803 AND
2 1 2636 2638 2806 AND
2 1 2624 2635 2807 AND
2 1 2804 2807 2808 AND
2 1 2806 2808 2809 AND
2 1 2803 2809 2811 AND
2 1 2964 2811 2966 XOR
2 1 97 134 3095 AND
2 1 95 147 3096 AND
2 1 96 131 3097 AND
2 1 3096 3097 3098 AND
2 1 3095 3098 3099 AND
2 1 3099 2 3111 XOR
2 1 97 96 3106 XOR
2 1 94 96 3100 AND
2 1 95 3100 3101 AND
2 1 95 96 3102 AND
2 1 2798 3102 3103 AND
2 1 3101 3103 3104 AND
2 1 3106 3104 3108 XOR
2 1 138 3099 3109 AND
2 1 3108 3109 3110 AND
2 1 3111 3110 3112 XOR
2 1 92 236 3085 AND
2 1 94 199 3084 AND
2 1 93 196 3086 AND
2 1 3084 3086 3087 AND
2 1 3085 3087 3088 AND
2 1 202 2632 3089 AND
2 1 3088 3089 3090 AND
2 1 3090 5 3091 XOR
2 1 2820 2931 2932 AND
2 1 2763 2765 2935 AND
2 1 2754 2762 2936 AND
2 1 2933 2936 2937 AND
2 1 2935 2937 2938 AND
2 1 2932 2938 3081 AND
2 1 86 514 3064 AND
2 1 88 460 3063 AND
2 1 87 457 3065 AND
2 1 3063 3065 3066 AND
2 1 3064 3066 3067 AND
2 1 463 1801 3068 AND
2 1 3067 3068 3069 AND
2 1 3069 11 3070 XOR
2 1 83 735 3053 AND
2 1 85 650 3052 AND
2 1 84 647 3054 AND
2 1 3052 3054 3055 AND
2 1 3053 3055 3056 AND
2 1 653 1441 3057 AND
2 1 3056 3057 3058 AND
2 1 3058 14 3059 XOR
2 1 80 992 3041 AND
2 1 82 917 3040 AND
2 1 81 914 3042 AND
2 1 3040 3042 3043 AND
2 1 3041 3043 3044 AND
2 1 920 1124 3045 AND
2 1 3044 3045 3046 AND
2 1 3046 17 3047 XOR
2 1 74 1606 3026 AND
2 1 76 1491 3025 AND
2 1 75 1488 3027 AND
2 1 3025 3027 3028 AND
2 1 3026 3028 3029 AND
2 1 576 1494 3030 AND
2 1 3029 3030 3031 AND
2 1 3031 23 3032 XOR
2 1 71 1974 3014 AND
2 1 73 1862 3013 AND
2 1 72 1859 3015 AND
2 1 3013 3015 3016 AND
2 1 3014 3016 3017 AND
2 1 423 1865 3018 AND
2 1 3017 3018 3019 AND
2 1 3019 26 3020 XOR
2 1 65 2837 3001 AND
2 1 67 2674 3000 AND
2 1 66 2671 3002 AND
2 1 3000 3002 3003 AND
2 1 3001 3003 3004 AND
2 1 169 2677 3005 AND
2 1 3004 3005 3006 AND
2 1 3006 32 3007 XOR
2 1 33 32 2997 XOR
2 1 64 2997 2998 AND
2 1 2681 2844 2845 AND
2 1 2998 2845 2999 XOR
2 1 3007 2999 3009 XOR
2 1 68 2385 2990 AND
2 1 70 2245 2989 AND
2 1 69 2242 2991 AND
2 1 2989 2991 2992 AND
2 1 2990 2992 2993 AND
2 1 275 2248 2994 AND
2 1 2993 2994 2995 AND
2 1 2995 29 2996 XOR
2 1 3009 2996 3011 XOR
2 1 2846 2854 2855 AND
2 1 2834 2856 2857 AND
2 1 2855 2857 2858 AND
2 1 3011 2858 3012 XOR
2 1 3020 3012 3022 XOR
2 1 2859 2867 2868 AND
2 1 2869 2870 2871 AND
2 1 2868 2871 2988 AND
2 1 3022 2988 3024 XOR
2 1 3032 3024 3034 XOR
2 1 2872 2880 2881 AND
2 1 2832 2882 2883 AND
2 1 2881 2883 2884 AND
2 1 3034 2884 3036 XOR
2 1 77 1277 2981 AND
2 1 79 1166 2980 AND
2 1 78 1163 2982 AND
2 1 2980 2982 2983 AND
2 1 2981 2983 2984 AND
2 1 792 1169 2985 AND
2 1 2984 2985 2986 AND
2 1 2986 20 2987 XOR
2 1 3036 2987 3038 XOR
2 1 2885 2893 2894 AND
2 1 2831 2895 2896 AND
2 1 2894 2896 2979 AND
2 1 3038 2979 3039 XOR
2 1 3047 3039 3049 XOR
2 1 2830 2897 2898 AND
2 1 2899 2900 2901 AND
2 1 2898 2901 2978 AND
2 1 3049 2978 3051 XOR
2 1 3059 3051 3061 XOR
2 1 3070 3061 3072 XOR
2 1 2732 2734 2913 AND
2 1 2723 2731 2914 AND
2 1 2912 2914 2915 AND
2 1 2913 2915 2916 AND
2 1 2911 2916 2917 AND
2 1 3072 2917 3073 XOR
2 1 2919 2927 2928 AND
2 1 2821 2929 2930 AND
2 1 2928 2930 2977 AND
2 1 3073 2977 3078 XOR
2 1 89 343 2970 AND
2 1 91 315 2969 AND
2 1 90 312 2971 AND
2 1 2969 2971 2972 AND
2 1 2970 2972 2973 AND
2 1 318 2200 2974 AND
2 1 2973 2974 2975 AND
2 1 2975 8 2976 XOR
2 1 3078 2976 3080 XOR
2 1 3081 3080 3083 XOR
2 1 3091 3083 3093 XOR
2 1 3112 3093 3114 XOR
2 1 2939 2947 2948 AND
2 1 2812 2949 2950 AND
2 1 2948 2950 2951 AND
2 1 3114 2951 3115 XOR
2 1 2811 2964 2965 AND
2 1 2952 2963 2967 AND
2 1 2965 2967 2968 AND
2 1 3115 2968 3120 XOR
2 1 98 134 3284 AND
2 1 96 147 3285 AND
2 1 97 131 3286 AND
2 1 3285 3286 3287 AND
2 1 3284 3287 3288 AND
2 1 98 97 3290 XOR
2 1 96 97 3105 AND
2 1 3104 3106 3107 AND
2 1 3105 3107 3289 AND
2 1 3290 3289 3291 XOR
2 1 138 3291 3292 AND
2 1 3288 3292 3293 AND
2 1 3293 2 3294 XOR
2 1 93 236 3272 AND
2 1 95 199 3271 AND
2 1 94 196 3273 AND
2 1 3271 3273 3274 AND
2 1 3272 3274 3275 AND
2 1 202 2799 3276 AND
2 1 3275 3276 3277 AND
2 1 3277 5 3278 XOR
2 1 2976 3078 3079 AND
2 1 3080 3081 3082 AND
2 1 3079 3082 3265 AND
2 1 90 343 3256 AND
2 1 92 315 3255 AND
2 1 91 312 3257 AND
2 1 3255 3257 3258 AND
2 1 3256 3258 3259 AND
2 1 318 2346 3260 AND
2 1 3259 3260 3261 AND
2 1 3261 8 3262 XOR
2 1 87 514 3246 AND
2 1 89 460 3245 AND
2 1 88 457 3247 AND
2 1 3245 3247 3248 AND
2 1 3246 3248 3249 AND
2 1 463 1824 3250 AND
2 1 3249 3250 3251 AND
2 1 3251 11 3252 XOR
2 1 3051 3059 3060 AND
2 1 2917 3061 3238 AND
2 1 3060 3238 3239 AND
2 1 84 735 3228 AND
2 1 86 650 3227 AND
2 1 85 647 3229 AND
2 1 3227 3229 3230 AND
2 1 3228 3230 3231 AND
2 1 653 1567 3232 AND
2 1 3231 3232 3233 AND
2 1 3233 14 3234 XOR
2 1 81 992 3215 AND
2 1 83 917 3214 AND
2 1 82 914 3216 AND
2 1 3214 3216 3217 AND
2 1 3215 3217 3218 AND
2 1 920 1232 3219 AND
2 1 3218 3219 3220 AND
2 1 3220 17 3221 XOR
2 1 2987 3036 3037 AND
2 1 2979 3038 3207 AND
2 1 3037 3207 3208 AND
2 1 78 1277 3198 AND
2 1 80 1166 3197 AND
2 1 79 1163 3199 AND
2 1 3197 3199 3200 AND
2 1 3198 3200 3201 AND
2 1 872 1169 3202 AND
2 1 3201 3202 3203 AND
2 1 3203 20 3204 XOR
2 1 75 1606 3185 AND
2 1 77 1491 3184 AND
2 1 76 1488 3186 AND
2 1 3184 3186 3187 AND
2 1 3185 3187 3188 AND
2 1 698 1494 3189 AND
2 1 3188 3189 3190 AND
2 1 3190 23 3191 XOR
2 1 3012 3020 3021 AND
2 1 2988 3022 3023 AND
2 1 3021 3023 3181 AND
2 1 34 33 3158 XOR
2 1 2997 3158 3159 AND
2 1 64 3159 3160 AND
2 1 35 34 3161 XOR
2 1 2997 3161 3162 AND
2 1 65 3162 3163 AND
2 1 3160 3163 3164 AND
2 1 2997 3161 3165 AND
2 1 139 3165 3166 AND
2 1 3164 3166 3167 AND
2 1 3167 35 3168 XOR
2 1 35 2998 3157 AND
2 1 3168 3157 3170 XOR
2 1 66 2837 3150 AND
2 1 68 2674 3149 AND
2 1 67 2671 3151 AND
2 1 3149 3151 3152 AND
2 1 3150 3152 3153 AND
2 1 191 2677 3154 AND
2 1 3153 3154 3155 AND
2 1 3155 32 3156 XOR
2 1 3170 3156 3172 XOR
2 1 2999 3007 3008 AND
2 1 2845 2998 3147 AND
2 1 3008 3147 3148 AND
2 1 3172 3148 3174 XOR
2 1 69 2385 3140 AND
2 1 71 2245 3139 AND
2 1 70 2242 3141 AND
2 1 3139 3141 3142 AND
2 1 3140 3142 3143 AND
2 1 297 2248 3144 AND
2 1 3143 3144 3145 AND
2 1 3145 29 3146 XOR
2 1 3174 3146 3176 XOR
2 1 2996 3009 3010 AND
2 1 2858 3011 3137 AND
2 1 3010 3137 3138 AND
2 1 3176 3138 3178 XOR
2 1 72 1974 3130 AND
2 1 74 1862 3129 AND
2 1 73 1859 3131 AND
2 1 3129 3131 3132 AND
2 1 3130 3132 3133 AND
2 1 494 1865 3134 AND
2 1 3133 3134 3135 AND
2 1 3135 26 3136 XOR
2 1 3178 3136 3180 XOR
2 1 3181 3180 3183 XOR
2 1 3191 3183 3193 XOR
2 1 3024 3032 3033 AND
2 1 2884 3034 3035 AND
2 1 3033 3035 3128 AND
2 1 3193 3128 3196 XOR
2 1 3204 3196 3206 XOR
2 1 3208 3206 3213 XOR
2 1 3221 3213 3223 XOR
2 1 3234 3223 3236 XOR
2 1 3039 3047 3048 AND
2 1 2978 3049 3050 AND
2 1 3048 3050 3224 AND
2 1 3236 3224 3237 XOR
2 1 3239 3237 3244 XOR
2 1 3252 3244 3253 XOR
2 1 3061 2917 3062 XOR
2 1 3062 3070 3071 AND
2 1 2919 2927 3074 AND
2 1 3073 3074 3075 AND
2 1 2821 2928 3076 AND
2 1 3075 3076 3077 AND
2 1 3071 3077 3127 AND
2 1 3253 3127 3254 XOR
2 1 3262 3254 3264 XOR
2 1 3265 3264 3270 XOR
2 1 3278 3270 3280 XOR
2 1 3083 3091 3092 AND
2 1 2939 2947 3122 AND
2 1 3093 3122 3123 AND
2 1 2812 2948 3124 AND
2 1 3123 3124 3125 AND
2 1 3092 3125 3126 AND
2 1 3280 3126 3283 XOR
2 1 3294 3283 3295 XOR
2 1 3093 2951 3094 XOR
2 1 3094 3112 3113 AND
2 1 2952 2963 3116 AND
2 1 3115 3116 3117 AND
2 1 2811 2967 3118 AND
2 1 3117 3118 3119 AND
2 1 3113 3119 3121 AND
2 1 3295 3121 3297 XOR
2 1 99 134 3459 AND
2 1 97 147 3460 AND
2 1 98 131 3461 AND
2 1 3460 3461 3462 AND
2 1 3459 3462 3463 AND
2 1 3463 2 3476 XOR
2 1 3289 3290 3472 AND
2 1 97 98 3468 AND
2 1 99 98 3465 XOR
2 1 3468 3465 3471 XOR
2 1 3472 3471 3473 XOR
2 1 138 3463 3474 AND
2 1 3473 3474 3475 AND
2 1 3476 3475 3477 XOR
2 1 3254 3262 3263 AND
2 1 3079 3081 3266 AND
2 1 2976 3078 3267 AND
2 1 3264 3267 3268 AND
2 1 3266 3268 3269 AND
2 1 3263 3269 3439 AND
2 1 3244 3252 3429 AND
2 1 82 992 3396 AND
2 1 84 917 3395 AND
2 1 83 914 3397 AND
2 1 3395 3397 3398 AND
2 1 3396 3398 3399 AND
2 1 920 1343 3400 AND
2 1 3399 3400 3401 AND
2 1 3401 17 3402 XOR
2 1 3196 3204 3205 AND
2 1 2987 3036 3209 AND
2 1 3206 3209 3210 AND
2 1 2979 3037 3211 AND
2 1 3210 3211 3212 AND
2 1 3205 3212 3392 AND
2 1 76 1606 3379 AND
2 1 78 1491 3378 AND
2 1 77 1488 3380 AND
2 1 3378 3380 3381 AND
2 1 3379 3381 3382 AND
2 1 719 1494 3383 AND
2 1 3382 3383 3384 AND
2 1 3384 23 3385 XOR
2 1 70 2385 3363 AND
2 1 72 2245 3362 AND
2 1 71 2242 3364 AND
2 1 3362 3364 3365 AND
2 1 3363 3365 3366 AND
2 1 376 2248 3367 AND
2 1 3366 3367 3368 AND
2 1 3368 29 3369 XOR
2 1 67 2837 3350 AND
2 1 69 2674 3349 AND
2 1 68 2671 3351 AND
2 1 3349 3351 3352 AND
2 1 3350 3352 3353 AND
2 1 229 2677 3354 AND
2 1 3353 3354 3355 AND
2 1 3355 32 3356 XOR
2 1 2997 3161 3338 AND
2 1 3158 3338 3339 AND
2 1 64 3339 3340 AND
2 1 66 3162 3337 AND
2 1 65 3159 3341 AND
2 1 3337 3341 3342 AND
2 1 3340 3342 3343 AND
2 1 152 3165 3344 AND
2 1 3343 3344 3345 AND
2 1 3345 35 3346 XOR
2 1 3157 3168 3169 AND
2 1 3346 3169 3348 XOR
2 1 3356 3348 3358 XOR
2 1 3156 3170 3171 AND
2 1 3148 3172 3173 AND
2 1 3171 3173 3336 AND
2 1 3358 3336 3361 XOR
2 1 3369 3361 3371 XOR
2 1 3146 3174 3175 AND
2 1 3138 3176 3177 AND
2 1 3175 3177 3335 AND
2 1 3371 3335 3373 XOR
2 1 73 1974 3328 AND
2 1 75 1862 3327 AND
2 1 74 1859 3329 AND
2 1 3327 3329 3330 AND
2 1 3328 3330 3331 AND
2 1 558 1865 3332 AND
2 1 3331 3332 3333 AND
2 1 3333 26 3334 XOR
2 1 3373 3334 3375 XOR
2 1 3136 3178 3179 AND
2 1 3180 3181 3182 AND
2 1 3179 3182 3326 AND
2 1 3375 3326 3377 XOR
2 1 3385 3377 3387 XOR
2 1 3183 3191 3192 AND
2 1 3128 3193 3194 AND
2 1 3192 3194 3195 AND
2 1 3387 3195 3389 XOR
2 1 79 1277 3319 AND
2 1 81 1166 3318 AND
2 1 80 1163 3320 AND
2 1 3318 3320 3321 AND
2 1 3319 3321 3322 AND
2 1 965 1169 3323 AND
2 1 3322 3323 3324 AND
2 1 3324 20 3325 XOR
2 1 3389 3325 3391 XOR
2 1 3392 3391 3394 XOR
2 1 3402 3394 3421 XOR
2 1 85 735 3413 AND
2 1 87 650 3412 AND
2 1 86 647 3414 AND
2 1 3412 3414 3415 AND
2 1 3413 3415 3416 AND
2 1 653 1687 3417 AND
2 1 3416 3417 3418 AND
2 1 3418 14 3419 XOR
2 1 3421 3419 3422 XOR
2 1 3213 3221 3222 AND
2 1 3223 3224 3225 AND
2 1 3222 3225 3317 AND
2 1 3422 3317 3423 XOR
2 1 88 514 3309 AND
2 1 90 460 3308 AND
2 1 89 457 3310 AND
2 1 3308 3310 3311 AND
2 1 3309 3311 3312 AND
2 1 463 2065 3313 AND
2 1 3312 3313 3314 AND
2 1 3314 11 3315 XOR
2 1 3423 3315 3427 XOR
2 1 3224 3223 3226 XOR
2 1 3226 3234 3235 AND
2 1 3051 3059 3240 AND
2 1 3237 3240 3241 AND
2 1 2917 3060 3242 AND
2 1 3241 3242 3243 AND
2 1 3235 3243 3316 AND
2 1 3427 3316 3428 XOR
2 1 3429 3428 3435 XOR
2 1 3127 3253 3434 AND
2 1 3435 3434 3436 XOR
2 1 91 343 3301 AND
2 1 93 315 3300 AND
2 1 92 312 3302 AND
2 1 3300 3302 3303 AND
2 1 3301 3303 3304 AND
2 1 318 2497 3305 AND
2 1 3304 3305 3306 AND
2 1 3306 8 3307 XOR
2 1 3436 3307 3438 XOR
2 1 3439 3438 3441 XOR
2 1 94 236 3443 AND
2 1 96 199 3442 AND
2 1 95 196 3444 AND
2 1 3442 3444 3445 AND
2 1 3443 3445 3446 AND
2 1 202 2960 3447 AND
2 1 3446 3447 3448 AND
2 1 3448 5 3449 XOR
2 1 3441 3449 3450 AND
2 1 3441 3449 3451 AND
2 1 3450 3451 3457 AND
2 1 3477 3457 3478 XOR
2 1 3270 3278 3279 AND
2 1 3126 3280 3281 AND
2 1 3279 3281 3282 AND
2 1 3478 3282 3479 XOR
2 1 3121 3295 3296 AND
2 1 3283 3294 3298 AND
2 1 3296 3298 3299 AND
2 1 3479 3299 3484 XOR
2 1 3283 3294 3480 AND
2 1 3479 3480 3481 AND
2 1 3121 3298 3482 AND
2 1 3481 3482 3483 AND
2 1 3457 3282 3458 XOR
2 1 3458 3477 3641 AND
2 1 3483 3641 3642 AND
2 1 100 134 3628 AND
2 1 98 147 3629 AND
2 1 99 131 3630 AND
2 1 3629 3630 3631 AND
2 1 3628 3631 3632 AND
2 1 100 99 3634 XOR
2 1 98 99 3464 AND
2 1 97 98 3466 AND
2 1 3289 3466 3467 AND
2 1 3465 3468 3469 AND
2 1 3467 3469 3470 AND
2 1 3464 3470 3633 AND
2 1 3634 3633 3635 XOR
2 1 138 3635 3636 AND
2 1 3632 3636 3637 AND
2 1 3637 2 3638 XOR
2 1 92 343 3610 AND
2 1 94 315 3609 AND
2 1 93 312 3611 AND
2 1 3609 3611 3612 AND
2 1 3610 3612 3613 AND
2 1 318 2632 3614 AND
2 1 3613 3614 3615 AND
2 1 3615 8 3616 XOR
2 1 86 735 3591 AND
2 1 88 650 3590 AND
2 1 87 647 3592 AND
2 1 3590 3592 3593 AND
2 1 3591 3593 3594 AND
2 1 653 1801 3595 AND
2 1 3594 3595 3596 AND
2 1 3596 14 3597 XOR
2 1 83 992 3580 AND
2 1 85 917 3579 AND
2 1 84 914 3581 AND
2 1 3579 3581 3582 AND
2 1 3580 3582 3583 AND
2 1 920 1441 3584 AND
2 1 3583 3584 3585 AND
2 1 3585 17 3586 XOR
2 1 80 1277 3568 AND
2 1 82 1166 3567 AND
2 1 81 1163 3569 AND
2 1 3567 3569 3570 AND
2 1 3568 3570 3571 AND
2 1 1124 1169 3572 AND
2 1 3571 3572 3573 AND
2 1 3573 20 3574 XOR
2 1 3334 3373 3374 AND
2 1 3326 3375 3376 AND
2 1 3374 3376 3561 AND
2 1 74 1974 3552 AND
2 1 76 1862 3551 AND
2 1 75 1859 3553 AND
2 1 3551 3553 3554 AND
2 1 3552 3554 3555 AND
2 1 576 1865 3556 AND
2 1 3555 3556 3557 AND
2 1 3557 26 3558 XOR
2 1 71 2385 3540 AND
2 1 73 2245 3539 AND
2 1 72 2242 3541 AND
2 1 3539 3541 3542 AND
2 1 3540 3542 3543 AND
2 1 423 2248 3544 AND
2 1 3543 3544 3545 AND
2 1 3545 29 3546 XOR
2 1 65 3339 3527 AND
2 1 67 3162 3526 AND
2 1 66 3159 3528 AND
2 1 3526 3528 3529 AND
2 1 3527 3529 3530 AND
2 1 169 3165 3531 AND
2 1 3530 3531 3532 AND
2 1 3532 35 3533 XOR
2 1 36 35 3523 XOR
2 1 64 3523 3524 AND
2 1 3169 3346 3347 AND
2 1 3524 3347 3525 XOR
2 1 3533 3525 3535 XOR
2 1 68 2837 3516 AND
2 1 70 2674 3515 AND
2 1 69 2671 3517 AND
2 1 3515 3517 3518 AND
2 1 3516 3518 3519 AND
2 1 275 2677 3520 AND
2 1 3519 3520 3521 AND
2 1 3521 32 3522 XOR
2 1 3535 3522 3537 XOR
2 1 3348 3356 3357 AND
2 1 3336 3358 3359 AND
2 1 3357 3359 3360 AND
2 1 3537 3360 3538 XOR
2 1 3546 3538 3548 XOR
2 1 3361 3369 3370 AND
2 1 3335 3371 3372 AND
2 1 3370 3372 3514 AND
2 1 3548 3514 3550 XOR
2 1 3558 3550 3560 XOR
2 1 3561 3560 3563 XOR
2 1 77 1606 3507 AND
2 1 79 1491 3506 AND
2 1 78 1488 3508 AND
2 1 3506 3508 3509 AND
2 1 3507 3509 3510 AND
2 1 792 1494 3511 AND
2 1 3510 3511 3512 AND
2 1 3512 23 3513 XOR
2 1 3563 3513 3565 XOR
2 1 3377 3385 3386 AND
2 1 3195 3387 3388 AND
2 1 3386 3388 3505 AND
2 1 3565 3505 3566 XOR
2 1 3574 3566 3576 XOR
2 1 3325 3389 3390 AND
2 1 3391 3392 3393 AND
2 1 3390 3393 3504 AND
2 1 3576 3504 3578 XOR
2 1 3586 3578 3588 XOR
2 1 3597 3588 3599 XOR
2 1 3394 3402 3403 AND
2 1 3222 3224 3405 AND
2 1 3394 3402 3404 AND
2 1 3213 3221 3406 AND
2 1 3404 3406 3407 AND
2 1 3405 3407 3408 AND
2 1 3403 3408 3409 AND
2 1 3599 3409 3600 XOR
2 1 3403 3404 3410 AND
2 1 3410 3317 3411 XOR
2 1 3411 3419 3420 AND
2 1 3316 3423 3424 AND
2 1 3420 3424 3503 AND
2 1 3600 3503 3605 XOR
2 1 89 514 3496 AND
2 1 91 460 3495 AND
2 1 90 457 3497 AND
2 1 3495 3497 3498 AND
2 1 3496 3498 3499 AND
2 1 463 2200 3500 AND
2 1 3499 3500 3501 AND
2 1 3501 11 3502 XOR
2 1 3605 3502 3607 XOR
2 1 3423 3316 3425 XOR
2 1 3315 3425 3426 AND
2 1 3428 3429 3430 AND
2 1 3244 3252 3431 AND
2 1 3127 3431 3432 AND
2 1 3430 3432 3433 AND
2 1 3426 3433 3494 AND
2 1 3607 3494 3608 XOR
2 1 3616 3608 3618 XOR
2 1 3307 3436 3437 AND
2 1 3438 3439 3440 AND
2 1 3437 3440 3493 AND
2 1 3618 3493 3623 XOR
2 1 95 236 3486 AND
2 1 97 199 3485 AND
2 1 96 196 3487 AND
2 1 3485 3487 3488 AND
2 1 3486 3488 3489 AND
2 1 202 3108 3490 AND
2 1 3489 3490 3491 AND
2 1 3491 5 3492 XOR
2 1 3623 3492 3625 XOR
2 1 3270 3278 3452 AND
2 1 3451 3452 3453 AND
2 1 3126 3279 3454 AND
2 1 3453 3454 3455 AND
2 1 3450 3455 3456 AND
2 1 3625 3456 3627 XOR
2 1 3638 3627 3640 XOR
2 1 3642 3640 3644 XOR
2 1 101 134 3817 AND
2 1 99 147 3818 AND
2 1 100 131 3819 AND
2 1 3818 3819 3820 AND
2 1 3817 3820 3821 AND
2 1 3821 2 3833 XOR
2 1 101 100 3828 XOR
2 1 98 100 3822 AND
2 1 99 3822 3823 AND
2 1 99 100 3824 AND
2 1 3470 3824 3825 AND
2 1 3823 3825 3826 AND
2 1 3828 3826 3830 XOR
2 1 138 3821 3831 AND
2 1 3830 3831 3832 AND
2 1 3833 3832 3834 XOR
2 1 90 514 3790 AND
2 1 92 460 3789 AND
2 1 91 457 3791 AND
2 1 3789 3791 3792 AND
2 1 3790 3792 3793 AND
2 1 463 2346 3794 AND
2 1 3793 3794 3795 AND
2 1 3795 11 3796 XOR
2 1 87 735 3780 AND
2 1 89 650 3779 AND
2 1 88 647 3781 AND
2 1 3779 3781 3782 AND
2 1 3780 3782 3783 AND
2 1 653 1824 3784 AND
2 1 3783 3784 3785 AND
2 1 3785 14 3786 XOR
2 1 84 992 3761 AND
2 1 86 917 3760 AND
2 1 85 914 3762 AND
2 1 3760 3762 3763 AND
2 1 3761 3763 3764 AND
2 1 920 1567 3765 AND
2 1 3764 3765 3766 AND
2 1 3766 17 3767 XOR
2 1 81 1277 3749 AND
2 1 83 1166 3748 AND
2 1 82 1163 3750 AND
2 1 3748 3750 3751 AND
2 1 3749 3751 3752 AND
2 1 1169 1232 3753 AND
2 1 3752 3753 3754 AND
2 1 3754 20 3755 XOR
2 1 3513 3563 3564 AND
2 1 3505 3565 3744 AND
2 1 3564 3744 3745 AND
2 1 37 36 3713 XOR
2 1 3523 3713 3714 AND
2 1 64 3714 3715 AND
2 1 38 37 3716 XOR
2 1 3523 3716 3717 AND
2 1 65 3717 3718 AND
2 1 3715 3718 3719 AND
2 1 3523 3716 3720 AND
2 1 139 3720 3721 AND
2 1 3719 3721 3722 AND
2 1 3722 38 3723 XOR
2 1 38 3524 3712 AND
2 1 3723 3712 3725 XOR
2 1 66 3339 3705 AND
2 1 68 3162 3704 AND
2 1 67 3159 3706 AND
2 1 3704 3706 3707 AND
2 1 3705 3707 3708 AND
2 1 191 3165 3709 AND
2 1 3708 3709 3710 AND
2 1 3710 35 3711 XOR
2 1 3725 3711 3727 XOR
2 1 3525 3533 3534 AND
2 1 3347 3524 3702 AND
2 1 3534 3702 3703 AND
2 1 3727 3703 3729 XOR
2 1 69 2837 3695 AND
2 1 71 2674 3694 AND
2 1 70 2671 3696 AND
2 1 3694 3696 3697 AND
2 1 3695 3697 3698 AND
2 1 297 2677 3699 AND
2 1 3698 3699 3700 AND
2 1 3700 32 3701 XOR
2 1 3729 3701 3731 XOR
2 1 3522 3535 3536 AND
2 1 3360 3537 3692 AND
2 1 3536 3692 3693 AND
2 1 3731 3693 3733 XOR
2 1 72 2385 3685 AND
2 1 74 2245 3684 AND
2 1 73 2242 3686 AND
2 1 3684 3686 3687 AND
2 1 3685 3687 3688 AND
2 1 494 2248 3689 AND
2 1 3688 3689 3690 AND
2 1 3690 29 3691 XOR
2 1 3733 3691 3735 XOR
2 1 3538 3546 3547 AND
2 1 3514 3548 3549 AND
2 1 3547 3549 3683 AND
2 1 3735 3683 3737 XOR
2 1 75 1974 3676 AND
2 1 77 1862 3675 AND
2 1 76 1859 3677 AND
2 1 3675 3677 3678 AND
2 1 3676 3678 3679 AND
2 1 698 1865 3680 AND
2 1 3679 3680 3681 AND
2 1 3681 26 3682 XOR
2 1 3737 3682 3739 XOR
2 1 3550 3558 3559 AND
2 1 3560 3561 3562 AND
2 1 3559 3562 3674 AND
2 1 3739 3674 3741 XOR
2 1 78 1606 3667 AND
2 1 80 1491 3666 AND
2 1 79 1488 3668 AND
2 1 3666 3668 3669 AND
2 1 3667 3669 3670 AND
2 1 872 1494 3671 AND
2 1 3670 3671 3672 AND
2 1 3672 23 3673 XOR
2 1 3741 3673 3743 XOR
2 1 3745 3743 3747 XOR
2 1 3755 3747 3757 XOR
2 1 3767 3757 3769 XOR
2 1 3566 3574 3575 AND
2 1 3504 3576 3577 AND
2 1 3575 3577 3758 AND
2 1 3769 3758 3770 XOR
2 1 3578 3586 3587 AND
2 1 3770 3587 3777 XOR
2 1 3587 3588 3775 AND
2 1 3409 3775 3776 AND
2 1 3777 3776 3778 XOR
2 1 3786 3778 3787 XOR
2 1 3796 3787 3798 XOR
2 1 3588 3409 3589 XOR
2 1 3589 3597 3598 AND
2 1 3411 3419 3601 AND
2 1 3600 3601 3602 AND
2 1 3316 3420 3603 AND
2 1 3602 3603 3604 AND
2 1 3598 3604 3665 AND
2 1 3798 3665 3799 XOR
2 1 3502 3605 3606 AND
2 1 3494 3607 3663 AND
2 1 3606 3663 3664 AND
2 1 3799 3664 3804 XOR
2 1 93 343 3656 AND
2 1 95 315 3655 AND
2 1 94 312 3657 AND
2 1 3655 3657 3658 AND
2 1 3656 3658 3659 AND
2 1 318 2799 3660 AND
2 1 3659 3660 3661 AND
2 1 3661 8 3662 XOR
2 1 3804 3662 3806 XOR
2 1 3608 3616 3617 AND
2 1 3437 3439 3619 AND
2 1 3307 3436 3620 AND
2 1 3618 3620 3621 AND
2 1 3619 3621 3622 AND
2 1 3617 3622 3654 AND
2 1 3806 3654 3808 XOR
2 1 96 236 3647 AND
2 1 98 199 3646 AND
2 1 97 196 3648 AND
2 1 3646 3648 3649 AND
2 1 3647 3649 3650 AND
2 1 202 3291 3651 AND
2 1 3650 3651 3652 AND
2 1 3652 5 3653 XOR
2 1 3808 3653 3810 XOR
2 1 3834 3810 3836 XOR
2 1 3492 3623 3624 AND
2 1 3456 3625 3626 AND
2 1 3624 3626 3811 AND
2 1 3836 3811 3837 XOR
2 1 3627 3638 3639 AND
2 1 3640 3642 3643 AND
2 1 3639 3643 3645 AND
2 1 3837 3645 3842 XOR
2 1 3811 3810 3816 XOR
2 1 3816 3834 3835 AND
2 1 3639 3642 3838 AND
2 1 3627 3638 3839 AND
2 1 3837 3839 3840 AND
2 1 3838 3840 3841 AND
2 1 3835 3841 4025 AND
2 1 3778 3786 4000 AND
2 1 88 735 3990 AND
2 1 90 650 3989 AND
2 1 89 647 3991 AND
2 1 3989 3991 3992 AND
2 1 3990 3992 3993 AND
2 1 653 2065 3994 AND
2 1 3993 3994 3995 AND
2 1 3995 14 3996 XOR
2 1 85 992 3977 AND
2 1 87 917 3976 AND
2 1 86 914 3978 AND
2 1 3976 3978 3979 AND
2 1 3977 3979 3980 AND
2 1 920 1687 3981 AND
2 1 3980 3981 3982 AND
2 1 3982 17 3983 XOR
2 1 82 1277 3959 AND
2 1 84 1166 3958 AND
2 1 83 1163 3960 AND
2 1 3958 3960 3961 AND
2 1 3959 3961 3962 AND
2 1 1169 1343 3963 AND
2 1 3962 3963 3964 AND
2 1 3964 20 3965 XOR
2 1 3673 3741 3742 AND
2 1 3743 3745 3746 AND
2 1 3742 3746 3955 AND
2 1 76 1974 3942 AND
2 1 78 1862 3941 AND
2 1 77 1859 3943 AND
2 1 3941 3943 3944 AND
2 1 3942 3944 3945 AND
2 1 719 1865 3946 AND
2 1 3945 3946 3947 AND
2 1 3947 26 3948 XOR
2 1 70 2837 3926 AND
2 1 72 2674 3925 AND
2 1 71 2671 3927 AND
2 1 3925 3927 3928 AND
2 1 3926 3928 3929 AND
2 1 376 2677 3930 AND
2 1 3929 3930 3931 AND
2 1 3931 32 3932 XOR
2 1 67 3339 3915 AND
2 1 69 3162 3914 AND
2 1 68 3159 3916 AND
2 1 3914 3916 3917 AND
2 1 3915 3917 3918 AND
2 1 229 3165 3919 AND
2 1 3918 3919 3920 AND
2 1 3920 35 3921 XOR
2 1 3523 3716 3903 AND
2 1 3713 3903 3904 AND
2 1 64 3904 3905 AND
2 1 66 3717 3902 AND
2 1 65 3714 3906 AND
2 1 3902 3906 3907 AND
2 1 3905 3907 3908 AND
2 1 152 3720 3909 AND
2 1 3908 3909 3910 AND
2 1 3910 38 3911 XOR
2 1 3712 3723 3724 AND
2 1 3911 3724 3913 XOR
2 1 3921 3913 3923 XOR
2 1 3711 3725 3726 AND
2 1 3703 3727 3728 AND
2 1 3726 3728 3901 AND
2 1 3923 3901 3924 XOR
2 1 3932 3924 3934 XOR
2 1 3701 3729 3730 AND
2 1 3693 3731 3732 AND
2 1 3730 3732 3900 AND
2 1 3934 3900 3936 XOR
2 1 73 2385 3893 AND
2 1 75 2245 3892 AND
2 1 74 2242 3894 AND
2 1 3892 3894 3895 AND
2 1 3893 3895 3896 AND
2 1 558 2248 3897 AND
2 1 3896 3897 3898 AND
2 1 3898 29 3899 XOR
2 1 3936 3899 3938 XOR
2 1 3691 3733 3734 AND
2 1 3683 3735 3736 AND
2 1 3734 3736 3891 AND
2 1 3938 3891 3940 XOR
2 1 3948 3940 3950 XOR
2 1 3682 3737 3738 AND
2 1 3674 3739 3740 AND
2 1 3738 3740 3890 AND
2 1 3950 3890 3952 XOR
2 1 79 1606 3883 AND
2 1 81 1491 3882 AND
2 1 80 1488 3884 AND
2 1 3882 3884 3885 AND
2 1 3883 3885 3886 AND
2 1 965 1494 3887 AND
2 1 3886 3887 3888 AND
2 1 3888 23 3889 XOR
2 1 3952 3889 3954 XOR
2 1 3955 3954 3957 XOR
2 1 3965 3957 3967 XOR
2 1 3747 3755 3756 AND
2 1 3967 3756 3974 XOR
2 1 3756 3757 3972 AND
2 1 3758 3972 3973 AND
2 1 3974 3973 3975 XOR
2 1 3983 3975 3985 XOR
2 1 3996 3985 3998 XOR
2 1 3758 3757 3759 XOR
2 1 3759 3767 3768 AND
2 1 3578 3586 3771 AND
2 1 3770 3771 3772 AND
2 1 3409 3587 3773 AND
2 1 3772 3773 3774 AND
2 1 3768 3774 3881 AND
2 1 3998 3881 3999 XOR
2 1 4000 3999 4006 XOR
2 1 3665 3787 4005 AND
2 1 4006 4005 4007 XOR
2 1 91 514 3874 AND
2 1 93 460 3873 AND
2 1 92 457 3875 AND
2 1 3873 3875 3876 AND
2 1 3874 3876 3877 AND
2 1 463 2497 3878 AND
2 1 3877 3878 3879 AND
2 1 3879 11 3880 XOR
2 1 4007 3880 4009 XOR
2 1 3787 3665 3788 XOR
2 1 3788 3796 3797 AND
2 1 3502 3605 3800 AND
2 1 3799 3800 3801 AND
2 1 3494 3606 3802 AND
2 1 3801 3802 3803 AND
2 1 3797 3803 3872 AND
2 1 4009 3872 4011 XOR
2 1 94 343 3865 AND
2 1 96 315 3864 AND
2 1 95 312 3866 AND
2 1 3864 3866 3867 AND
2 1 3865 3867 3868 AND
2 1 318 2960 3869 AND
2 1 3868 3869 3870 AND
2 1 3870 8 3871 XOR
2 1 4011 3871 4013 XOR
2 1 3662 3804 3805 AND
2 1 3654 3806 3807 AND
2 1 3805 3807 3863 AND
2 1 4013 3863 4018 XOR
2 1 97 236 3856 AND
2 1 99 199 3855 AND
2 1 98 196 3857 AND
2 1 3855 3857 3858 AND
2 1 3856 3858 3859 AND
2 1 202 3473 3860 AND
2 1 3859 3860 3861 AND
2 1 3861 5 3862 XOR
2 1 4018 3862 4020 XOR
2 1 3653 3808 3809 AND
2 1 3492 3623 3812 AND
2 1 3810 3812 3813 AND
2 1 3456 3624 3814 AND
2 1 3813 3814 3815 AND
2 1 3809 3815 3854 AND
2 1 4020 3854 4022 XOR
2 1 102 134 3843 AND
2 1 100 147 3844 AND
2 1 101 131 3845 AND
2 1 3844 3845 3846 AND
2 1 3843 3846 3847 AND
2 1 102 101 3849 XOR
2 1 100 101 3827 AND
2 1 3826 3828 3829 AND
2 1 3827 3829 3848 AND
2 1 3849 3848 3850 XOR
2 1 138 3850 3851 AND
2 1 3847 3851 3852 AND
2 1 3852 2 3853 XOR
2 1 4022 3853 4024 XOR
2 1 4025 4024 4027 XOR
2 1 3853 4022 4023 AND
2 1 4024 4025 4026 AND
2 1 4023 4026 4213 AND
2 1 98 236 4196 AND
2 1 100 199 4195 AND
2 1 99 196 4197 AND
2 1 4195 4197 4198 AND
2 1 4196 4198 4199 AND
2 1 202 3635 4200 AND
2 1 4199 4200 4201 AND
2 1 4201 5 4202 XOR
2 1 92 514 4177 AND
2 1 94 460 4176 AND
2 1 93 457 4178 AND
2 1 4176 4178 4179 AND
2 1 4177 4179 4180 AND
2 1 463 2632 4181 AND
2 1 4180 4181 4182 AND
2 1 4182 11 4183 XOR
2 1 86 992 4157 AND
2 1 88 917 4156 AND
2 1 87 914 4158 AND
2 1 4156 4158 4159 AND
2 1 4157 4159 4160 AND
2 1 920 1801 4161 AND
2 1 4160 4161 4162 AND
2 1 4162 17 4163 XOR
2 1 83 1277 4145 AND
2 1 85 1166 4144 AND
2 1 84 1163 4146 AND
2 1 4144 4146 4147 AND
2 1 4145 4147 4148 AND
2 1 1169 1441 4149 AND
2 1 4148 4149 4150 AND
2 1 4150 20 4151 XOR
2 1 80 1606 4133 AND
2 1 82 1491 4132 AND
2 1 81 1488 4134 AND
2 1 4132 4134 4135 AND
2 1 4133 4135 4136 AND
2 1 1124 1494 4137 AND
2 1 4136 4137 4138 AND
2 1 4138 23 4139 XOR
2 1 3899 3936 3937 AND
2 1 3891 3938 3939 AND
2 1 3937 3939 4126 AND
2 1 74 2385 4117 AND
2 1 76 2245 4116 AND
2 1 75 2242 4118 AND
2 1 4116 4118 4119 AND
2 1 4117 4119 4120 AND
2 1 576 2248 4121 AND
2 1 4120 4121 4122 AND
2 1 4122 29 4123 XOR
2 1 3924 3932 3933 AND
2 1 3900 3934 3935 AND
2 1 3933 3935 4113 AND
2 1 71 2837 4104 AND
2 1 73 2674 4103 AND
2 1 72 2671 4105 AND
2 1 4103 4105 4106 AND
2 1 4104 4106 4107 AND
2 1 423 2677 4108 AND
2 1 4107 4108 4109 AND
2 1 4109 32 4110 XOR
2 1 3913 3921 3922 AND
2 1 3901 3923 4099 AND
2 1 3922 4099 4100 AND
2 1 65 3904 4088 AND
2 1 67 3717 4087 AND
2 1 66 3714 4089 AND
2 1 4087 4089 4090 AND
2 1 4088 4090 4091 AND
2 1 169 3720 4092 AND
2 1 4091 4092 4093 AND
2 1 4093 38 4094 XOR
2 1 39 38 4084 XOR
2 1 64 4084 4085 AND
2 1 3724 3911 3912 AND
2 1 4085 3912 4086 XOR
2 1 4094 4086 4096 XOR
2 1 68 3339 4077 AND
2 1 70 3162 4076 AND
2 1 69 3159 4078 AND
2 1 4076 4078 4079 AND
2 1 4077 4079 4080 AND
2 1 275 3165 4081 AND
2 1 4080 4081 4082 AND
2 1 4082 35 4083 XOR
2 1 4096 4083 4098 XOR
2 1 4100 4098 4102 XOR
2 1 4110 4102 4112 XOR
2 1 4113 4112 4115 XOR
2 1 4123 4115 4125 XOR
2 1 4126 4125 4128 XOR
2 1 77 1974 4069 AND
2 1 79 1862 4068 AND
2 1 78 1859 4070 AND
2 1 4068 4070 4071 AND
2 1 4069 4071 4072 AND
2 1 792 1865 4073 AND
2 1 4072 4073 4074 AND
2 1 4074 26 4075 XOR
2 1 4128 4075 4130 XOR
2 1 3940 3948 3949 AND
2 1 3890 3950 3951 AND
2 1 3949 3951 4067 AND
2 1 4130 4067 4131 XOR
2 1 4139 4131 4141 XOR
2 1 3889 3952 3953 AND
2 1 3954 3955 3956 AND
2 1 3953 3956 4066 AND
2 1 4141 4066 4143 XOR
2 1 4151 4143 4153 XOR
2 1 4163 4153 4165 XOR
2 1 3957 3965 3966 AND
2 1 3756 3758 3968 AND
2 1 3747 3755 3969 AND
2 1 3967 3969 3970 AND
2 1 3968 3970 3971 AND
2 1 3966 3971 4154 AND
2 1 4165 4154 4166 XOR
2 1 89 735 4059 AND
2 1 91 650 4058 AND
2 1 90 647 4060 AND
2 1 4058 4060 4061 AND
2 1 4059 4061 4062 AND
2 1 653 2200 4063 AND
2 1 4062 4063 4064 AND
2 1 4064 14 4065 XOR
2 1 4166 4065 4173 XOR
2 1 3975 3983 3984 AND
2 1 3881 3985 3986 AND
2 1 3984 3986 3987 AND
2 1 4173 3987 4174 XOR
2 1 4183 4174 4185 XOR
2 1 3985 3881 3988 XOR
2 1 3988 3996 3997 AND
2 1 3999 4000 4001 AND
2 1 3778 3786 4002 AND
2 1 3665 4002 4003 AND
2 1 4001 4003 4004 AND
2 1 3997 4004 4057 AND
2 1 4185 4057 4186 XOR
2 1 3880 4007 4008 AND
2 1 3872 4009 4010 AND
2 1 4008 4010 4056 AND
2 1 4186 4056 4191 XOR
2 1 95 343 4049 AND
2 1 97 315 4048 AND
2 1 96 312 4050 AND
2 1 4048 4050 4051 AND
2 1 4049 4051 4052 AND
2 1 318 3108 4053 AND
2 1 4052 4053 4054 AND
2 1 4054 8 4055 XOR
2 1 4191 4055 4193 XOR
2 1 3871 4011 4012 AND
2 1 3662 3804 4014 AND
2 1 4013 4014 4015 AND
2 1 3654 3805 4016 AND
2 1 4015 4016 4017 AND
2 1 4012 4017 4047 AND
2 1 4193 4047 4194 XOR
2 1 4202 4194 4204 XOR
2 1 103 134 4028 AND
2 1 101 147 4029 AND
2 1 102 131 4030 AND
2 1 4029 4030 4031 AND
2 1 4028 4031 4032 AND
2 1 4032 2 4044 XOR
2 1 103 102 4039 XOR
2 1 100 102 4033 AND
2 1 101 4033 4034 AND
2 1 101 102 4035 AND
2 1 3829 4035 4036 AND
2 1 4034 4036 4037 AND
2 1 4039 4037 4041 XOR
2 1 138 4032 4042 AND
2 1 4041 4042 4043 AND
2 1 4044 4043 4045 XOR
2 1 4204 4045 4211 XOR
2 1 3862 4018 4019 AND
2 1 3854 4020 4021 AND
2 1 4019 4021 4046 AND
2 1 4211 4046 4212 XOR
2 1 4213 4212 4218 XOR
2 1 104 134 4405 AND
2 1 102 147 4406 AND
2 1 103 131 4407 AND
2 1 4406 4407 4408 AND
2 1 4405 4408 4409 AND
2 1 104 103 4412 XOR
2 1 102 103 4038 AND
2 1 4037 4039 4040 AND
2 1 4038 4040 4410 AND
2 1 4412 4410 4414 XOR
2 1 138 4414 4415 AND
2 1 4409 4415 4416 AND
2 1 4416 2 4417 XOR
2 1 93 514 4384 AND
2 1 95 460 4383 AND
2 1 94 457 4385 AND
2 1 4383 4385 4386 AND
2 1 4384 4386 4387 AND
2 1 463 2799 4388 AND
2 1 4387 4388 4389 AND
2 1 4389 11 4390 XOR
2 1 87 992 4364 AND
2 1 89 917 4363 AND
2 1 88 914 4365 AND
2 1 4363 4365 4366 AND
2 1 4364 4366 4367 AND
2 1 920 1824 4368 AND
2 1 4367 4368 4369 AND
2 1 4369 17 4370 XOR
2 1 84 1277 4346 AND
2 1 86 1166 4345 AND
2 1 85 1163 4347 AND
2 1 4345 4347 4348 AND
2 1 4346 4348 4349 AND
2 1 1169 1567 4350 AND
2 1 4349 4350 4351 AND
2 1 4351 20 4352 XOR
2 1 4131 4139 4140 AND
2 1 4066 4141 4142 AND
2 1 4140 4142 4342 AND
2 1 81 1606 4333 AND
2 1 83 1491 4332 AND
2 1 82 1488 4334 AND
2 1 4332 4334 4335 AND
2 1 4333 4335 4336 AND
2 1 1232 1494 4337 AND
2 1 4336 4337 4338 AND
2 1 4338 23 4339 XOR
2 1 4075 4128 4129 AND
2 1 4067 4130 4328 AND
2 1 4129 4328 4329 AND
2 1 75 2385 4315 AND
2 1 77 2245 4314 AND
2 1 76 2242 4316 AND
2 1 4314 4316 4317 AND
2 1 4315 4317 4318 AND
2 1 698 2248 4319 AND
2 1 4318 4319 4320 AND
2 1 4320 29 4321 XOR
2 1 72 2837 4302 AND
2 1 74 2674 4301 AND
2 1 73 2671 4303 AND
2 1 4301 4303 4304 AND
2 1 4302 4304 4305 AND
2 1 494 2677 4306 AND
2 1 4305 4306 4307 AND
2 1 4307 32 4308 XOR
2 1 4083 4096 4097 AND
2 1 4098 4100 4101 AND
2 1 4097 4101 4298 AND
2 1 40 39 4279 XOR
2 1 4084 4279 4280 AND
2 1 64 4280 4281 AND
2 1 41 40 4282 XOR
2 1 4084 4282 4283 AND
2 1 65 4283 4284 AND
2 1 4281 4284 4285 AND
2 1 4084 4282 4286 AND
2 1 139 4286 4287 AND
2 1 4285 4287 4288 AND
2 1 4288 41 4289 XOR
2 1 41 4085 4278 AND
2 1 4289 4278 4291 XOR
2 1 66 3904 4271 AND
2 1 68 3717 4270 AND
2 1 67 3714 4272 AND
2 1 4270 4272 4273 AND
2 1 4271 4273 4274 AND
2 1 191 3720 4275 AND
2 1 4274 4275 4276 AND
2 1 4276 38 4277 XOR
2 1 4291 4277 4293 XOR
2 1 4086 4094 4095 AND
2 1 3912 4085 4268 AND
2 1 4095 4268 4269 AND
2 1 4293 4269 4295 XOR
2 1 69 3339 4261 AND
2 1 71 3162 4260 AND
2 1 70 3159 4262 AND
2 1 4260 4262 4263 AND
2 1 4261 4263 4264 AND
2 1 297 3165 4265 AND
2 1 4264 4265 4266 AND
2 1 4266 35 4267 XOR
2 1 4295 4267 4297 XOR
2 1 4298 4297 4300 XOR
2 1 4308 4300 4310 XOR
2 1 4102 4110 4111 AND
2 1 4112 4113 4114 AND
2 1 4111 4114 4259 AND
2 1 4310 4259 4313 XOR
2 1 4321 4313 4323 XOR
2 1 4115 4123 4124 AND
2 1 4125 4126 4127 AND
2 1 4124 4127 4258 AND
2 1 4323 4258 4325 XOR
2 1 78 1974 4251 AND
2 1 80 1862 4250 AND
2 1 79 1859 4252 AND
2 1 4250 4252 4253 AND
2 1 4251 4253 4254 AND
2 1 872 1865 4255 AND
2 1 4254 4255 4256 AND
2 1 4256 26 4257 XOR
2 1 4325 4257 4327 XOR
2 1 4329 4327 4331 XOR
2 1 4339 4331 4341 XOR
2 1 4342 4341 4344 XOR
2 1 4352 4344 4354 XOR
2 1 4143 4151 4152 AND
2 1 4354 4152 4361 XOR
2 1 4152 4153 4359 AND
2 1 4154 4359 4360 AND
2 1 4361 4360 4362 XOR
2 1 4370 4362 4372 XOR
2 1 90 735 4243 AND
2 1 92 650 4242 AND
2 1 91 647 4244 AND
2 1 4242 4244 4245 AND
2 1 4243 4245 4246 AND
2 1 653 2346 4247 AND
2 1 4246 4247 4248 AND
2 1 4248 14 4249 XOR
2 1 4372 4249 4376 XOR
2 1 4154 4153 4155 XOR
2 1 4155 4163 4164 AND
2 1 3975 3983 4167 AND
2 1 4166 4167 4168 AND
2 1 3881 3984 4169 AND
2 1 4168 4169 4170 AND
2 1 4164 4170 4373 AND
2 1 4376 4373 4377 XOR
2 1 4166 3987 4171 XOR
2 1 4065 4171 4172 AND
2 1 4057 4174 4240 AND
2 1 4172 4240 4241 AND
2 1 4377 4241 4382 XOR
2 1 4390 4382 4392 XOR
2 1 4174 4057 4175 XOR
2 1 4175 4183 4184 AND
2 1 3880 4007 4187 AND
2 1 4186 4187 4188 AND
2 1 3872 4008 4189 AND
2 1 4188 4189 4190 AND
2 1 4184 4190 4239 AND
2 1 4392 4239 4394 XOR
2 1 96 343 4232 AND
2 1 98 315 4231 AND
2 1 97 312 4233 AND
2 1 4231 4233 4234 AND
2 1 4232 4234 4235 AND
2 1 318 3291 4236 AND
2 1 4235 4236 4237 AND
2 1 4237 8 4238 XOR
2 1 4394 4238 4396 XOR
2 1 4055 4191 4192 AND
2 1 4047 4193 4229 AND
2 1 4192 4229 4230 AND
2 1 4396 4230 4401 XOR
2 1 99 236 4222 AND
2 1 101 199 4221 AND
2 1 100 196 4223 AND
2 1 4221 4223 4224 AND
2 1 4222 4224 4225 AND
2 1 202 3830 4226 AND
2 1 4225 4226 4227 AND
2 1 4227 5 4228 XOR
2 1 4401 4228 4403 XOR
2 1 4194 4202 4203 AND
2 1 3862 4018 4205 AND
2 1 4204 4205 4206 AND
2 1 3854 4019 4207 AND
2 1 4206 4207 4208 AND
2 1 4203 4208 4220 AND
2 1 4403 4220 4404 XOR
2 1 4417 4404 4419 XOR
2 1 4204 4046 4209 XOR
2 1 4045 4209 4210 AND
2 1 4023 4025 4214 AND
2 1 3853 4022 4215 AND
2 1 4212 4215 4216 AND
2 1 4214 4216 4217 AND
2 1 4210 4217 4219 AND
2 1 4419 4219 4421 XOR
2 1 105 134 4605 AND
2 1 103 147 4606 AND
2 1 104 131 4607 AND
2 1 4606 4607 4608 AND
2 1 4605 4608 4609 AND
2 1 4609 2 4620 XOR
2 1 105 104 4612 XOR
2 1 103 104 4411 AND
2 1 4410 4412 4413 AND
2 1 4411 4413 4610 AND
2 1 4612 4610 4617 XOR
2 1 138 4609 4618 AND
2 1 4617 4618 4619 AND
2 1 4620 4619 4621 XOR
2 1 100 236 4588 AND
2 1 102 199 4587 AND
2 1 101 196 4589 AND
2 1 4587 4589 4590 AND
2 1 4588 4590 4591 AND
2 1 202 3850 4592 AND
2 1 4591 4592 4593 AND
2 1 4593 5 4594 XOR
2 1 88 992 4554 AND
2 1 90 917 4553 AND
2 1 89 914 4555 AND
2 1 4553 4555 4556 AND
2 1 4554 4556 4557 AND
2 1 920 2065 4558 AND
2 1 4557 4558 4559 AND
2 1 4559 17 4560 XOR
2 1 85 1277 4544 AND
2 1 87 1166 4543 AND
2 1 86 1163 4545 AND
2 1 4543 4545 4546 AND
2 1 4544 4546 4547 AND
2 1 1169 1687 4548 AND
2 1 4547 4548 4549 AND
2 1 4549 20 4550 XOR
2 1 4331 4339 4340 AND
2 1 4341 4342 4343 AND
2 1 4340 4343 4537 AND
2 1 73 2837 4516 AND
2 1 75 2674 4515 AND
2 1 74 2671 4517 AND
2 1 4515 4517 4518 AND
2 1 4516 4518 4519 AND
2 1 558 2677 4520 AND
2 1 4519 4520 4521 AND
2 1 4521 32 4522 XOR
2 1 67 3904 4500 AND
2 1 69 3717 4499 AND
2 1 68 3714 4501 AND
2 1 4499 4501 4502 AND
2 1 4500 4502 4503 AND
2 1 229 3720 4504 AND
2 1 4503 4504 4505 AND
2 1 4505 38 4506 XOR
2 1 4084 4282 4488 AND
2 1 4279 4488 4489 AND
2 1 64 4489 4490 AND
2 1 66 4283 4487 AND
2 1 65 4280 4491 AND
2 1 4487 4491 4492 AND
2 1 4490 4492 4493 AND
2 1 152 4286 4494 AND
2 1 4493 4494 4495 AND
2 1 4495 41 4496 XOR
2 1 4278 4289 4290 AND
2 1 4496 4290 4498 XOR
2 1 4506 4498 4508 XOR
2 1 4277 4291 4292 AND
2 1 4269 4293 4294 AND
2 1 4292 4294 4486 AND
2 1 4508 4486 4510 XOR
2 1 70 3339 4479 AND
2 1 72 3162 4478 AND
2 1 71 3159 4480 AND
2 1 4478 4480 4481 AND
2 1 4479 4481 4482 AND
2 1 376 3165 4483 AND
2 1 4482 4483 4484 AND
2 1 4484 35 4485 XOR
2 1 4510 4485 4512 XOR
2 1 4267 4295 4296 AND
2 1 4297 4298 4299 AND
2 1 4296 4299 4477 AND
2 1 4512 4477 4514 XOR
2 1 4522 4514 4524 XOR
2 1 4300 4308 4309 AND
2 1 4259 4310 4311 AND
2 1 4309 4311 4312 AND
2 1 4524 4312 4526 XOR
2 1 76 2385 4470 AND
2 1 78 2245 4469 AND
2 1 77 2242 4471 AND
2 1 4469 4471 4472 AND
2 1 4470 4472 4473 AND
2 1 719 2248 4474 AND
2 1 4473 4474 4475 AND
2 1 4475 29 4476 XOR
2 1 4526 4476 4528 XOR
2 1 4313 4321 4322 AND
2 1 4258 4323 4324 AND
2 1 4322 4324 4468 AND
2 1 4528 4468 4530 XOR
2 1 79 1974 4461 AND
2 1 81 1862 4460 AND
2 1 80 1859 4462 AND
2 1 4460 4462 4463 AND
2 1 4461 4463 4464 AND
2 1 965 1865 4465 AND
2 1 4464 4465 4466 AND
2 1 4466 26 4467 XOR
2 1 4530 4467 4532 XOR
2 1 4257 4325 4326 AND
2 1 4327 4329 4330 AND
2 1 4326 4330 4459 AND
2 1 4532 4459 4534 XOR
2 1 82 1606 4452 AND
2 1 84 1491 4451 AND
2 1 83 1488 4453 AND
2 1 4451 4453 4454 AND
2 1 4452 4454 4455 AND
2 1 1343 1494 4456 AND
2 1 4455 4456 4457 AND
2 1 4457 23 4458 XOR
2 1 4534 4458 4536 XOR
2 1 4537 4536 4542 XOR
2 1 4550 4542 4551 XOR
2 1 4560 4551 4562 XOR
2 1 4344 4352 4353 AND
2 1 4152 4154 4355 AND
2 1 4143 4151 4356 AND
2 1 4354 4356 4357 AND
2 1 4355 4357 4358 AND
2 1 4353 4358 4450 AND
2 1 4562 4450 4563 XOR
2 1 4362 4370 4371 AND
2 1 4563 4371 4570 XOR
2 1 4371 4372 4568 AND
2 1 4373 4568 4569 AND
2 1 4570 4569 4571 XOR
2 1 91 735 4443 AND
2 1 93 650 4442 AND
2 1 92 647 4444 AND
2 1 4442 4444 4445 AND
2 1 4443 4445 4446 AND
2 1 653 2497 4447 AND
2 1 4446 4447 4448 AND
2 1 4448 14 4449 XOR
2 1 4571 4449 4573 XOR
2 1 94 514 4434 AND
2 1 96 460 4433 AND
2 1 95 457 4435 AND
2 1 4433 4435 4436 AND
2 1 4434 4436 4437 AND
2 1 463 2960 4438 AND
2 1 4437 4438 4439 AND
2 1 4439 11 4440 XOR
2 1 4573 4440 4577 XOR
2 1 4373 4372 4374 XOR
2 1 4249 4374 4375 AND
2 1 4065 4171 4378 AND
2 1 4377 4378 4379 AND
2 1 4057 4172 4380 AND
2 1 4379 4380 4381 AND
2 1 4375 4381 4441 AND
2 1 4577 4441 4578 XOR
2 1 4382 4390 4391 AND
2 1 4239 4392 4393 AND
2 1 4391 4393 4432 AND
2 1 4578 4432 4583 XOR
2 1 97 343 4425 AND
2 1 99 315 4424 AND
2 1 98 312 4426 AND
2 1 4424 4426 4427 AND
2 1 4425 4427 4428 AND
2 1 318 3473 4429 AND
2 1 4428 4429 4430 AND
2 1 4430 8 4431 XOR
2 1 4583 4431 4585 XOR
2 1 4238 4394 4395 AND
2 1 4055 4191 4397 AND
2 1 4396 4397 4398 AND
2 1 4047 4192 4399 AND
2 1 4398 4399 4400 AND
2 1 4395 4400 4423 AND
2 1 4585 4423 4586 XOR
2 1 4594 4586 4596 XOR
2 1 4228 4401 4402 AND
2 1 4596 4402 4603 XOR
2 1 4402 4403 4601 AND
2 1 4220 4601 4602 AND
2 1 4603 4602 4604 XOR
2 1 4621 4604 4623 XOR
2 1 4404 4417 4418 AND
2 1 4219 4419 4420 AND
2 1 4418 4420 4422 AND
2 1 4623 4422 4628 XOR
2 1 4604 4621 4622 AND
2 1 4404 4417 4624 AND
2 1 4623 4624 4625 AND
2 1 4219 4418 4626 AND
2 1 4625 4626 4627 AND
2 1 4622 4627 4820 AND
2 1 106 134 4807 AND
2 1 104 147 4808 AND
2 1 105 131 4809 AND
2 1 4808 4809 4810 AND
2 1 4807 4810 4811 AND
2 1 106 105 4813 XOR
2 1 104 105 4611 AND
2 1 4410 4411 4613 AND
2 1 103 104 4614 AND
2 1 4612 4614 4615 AND
2 1 4613 4615 4616 AND
2 1 4611 4616 4812 AND
2 1 4813 4812 4814 XOR
2 1 138 4814 4815 AND
2 1 4811 4815 4816 AND
2 1 4816 2 4817 XOR
2 1 98 343 4790 AND
2 1 100 315 4789 AND
2 1 99 312 4791 AND
2 1 4789 4791 4792 AND
2 1 4790 4792 4793 AND
2 1 318 3635 4794 AND
2 1 4793 4794 4795 AND
2 1 4795 8 4796 XOR
2 1 92 735 4771 AND
2 1 94 650 4770 AND
2 1 93 647 4772 AND
2 1 4770 4772 4773 AND
2 1 4771 4773 4774 AND
2 1 653 2632 4775 AND
2 1 4774 4775 4776 AND
2 1 4776 14 4777 XOR
2 1 4542 4550 4759 AND
2 1 86 1277 4750 AND
2 1 88 1166 4749 AND
2 1 87 1163 4751 AND
2 1 4749 4751 4752 AND
2 1 4750 4752 4753 AND
2 1 1169 1801 4754 AND
2 1 4753 4754 4755 AND
2 1 4755 20 4756 XOR
2 1 4458 4534 4535 AND
2 1 4340 4342 4538 AND
2 1 4331 4339 4539 AND
2 1 4536 4539 4540 AND
2 1 4538 4540 4541 AND
2 1 4535 4541 4746 AND
2 1 80 1974 4733 AND
2 1 82 1862 4732 AND
2 1 81 1859 4734 AND
2 1 4732 4734 4735 AND
2 1 4733 4735 4736 AND
2 1 1124 1865 4737 AND
2 1 4736 4737 4738 AND
2 1 4738 26 4739 XOR
2 1 77 2385 4722 AND
2 1 79 2245 4721 AND
2 1 78 2242 4723 AND
2 1 4721 4723 4724 AND
2 1 4722 4724 4725 AND
2 1 792 2248 4726 AND
2 1 4725 4726 4727 AND
2 1 4727 29 4728 XOR
2 1 71 3339 4706 AND
2 1 73 3162 4705 AND
2 1 72 3159 4707 AND
2 1 4705 4707 4708 AND
2 1 4706 4708 4709 AND
2 1 423 3165 4710 AND
2 1 4709 4710 4711 AND
2 1 4711 35 4712 XOR
2 1 4498 4506 4507 AND
2 1 4486 4508 4509 AND
2 1 4507 4509 4702 AND
2 1 65 4489 4691 AND
2 1 67 4283 4690 AND
2 1 66 4280 4692 AND
2 1 4690 4692 4693 AND
2 1 4691 4693 4694 AND
2 1 169 4286 4695 AND
2 1 4694 4695 4696 AND
2 1 4696 41 4697 XOR
2 1 42 41 4687 XOR
2 1 64 4687 4688 AND
2 1 4290 4496 4497 AND
2 1 4688 4497 4689 XOR
2 1 4697 4689 4699 XOR
2 1 68 3904 4680 AND
2 1 70 3717 4679 AND
2 1 69 3714 4681 AND
2 1 4679 4681 4682 AND
2 1 4680 4682 4683 AND
2 1 275 3720 4684 AND
2 1 4683 4684 4685 AND
2 1 4685 38 4686 XOR
2 1 4699 4686 4701 XOR
2 1 4702 4701 4704 XOR
2 1 4712 4704 4714 XOR
2 1 4485 4510 4511 AND
2 1 4477 4512 4513 AND
2 1 4511 4513 4678 AND
2 1 4714 4678 4716 XOR
2 1 74 2837 4671 AND
2 1 76 2674 4670 AND
2 1 75 2671 4672 AND
2 1 4670 4672 4673 AND
2 1 4671 4673 4674 AND
2 1 576 2677 4675 AND
2 1 4674 4675 4676 AND
2 1 4676 32 4677 XOR
2 1 4716 4677 4718 XOR
2 1 4514 4522 4523 AND
2 1 4312 4524 4525 AND
2 1 4523 4525 4669 AND
2 1 4718 4669 4720 XOR
2 1 4728 4720 4730 XOR
2 1 4476 4526 4527 AND
2 1 4468 4528 4529 AND
2 1 4527 4529 4668 AND
2 1 4730 4668 4731 XOR
2 1 4739 4731 4741 XOR
2 1 4467 4530 4531 AND
2 1 4459 4532 4533 AND
2 1 4531 4533 4667 AND
2 1 4741 4667 4743 XOR
2 1 83 1606 4660 AND
2 1 85 1491 4659 AND
2 1 84 1488 4661 AND
2 1 4659 4661 4662 AND
2 1 4660 4662 4663 AND
2 1 1441 1494 4664 AND
2 1 4663 4664 4665 AND
2 1 4665 23 4666 XOR
2 1 4743 4666 4745 XOR
2 1 4746 4745 4748 XOR
2 1 4756 4748 4758 XOR
2 1 4759 4758 4765 XOR
2 1 4450 4551 4764 AND
2 1 4765 4764 4766 XOR
2 1 89 992 4652 AND
2 1 91 917 4651 AND
2 1 90 914 4653 AND
2 1 4651 4653 4654 AND
2 1 4652 4654 4655 AND
2 1 920 2200 4656 AND
2 1 4655 4656 4657 AND
2 1 4657 17 4658 XOR
2 1 4766 4658 4768 XOR
2 1 4777 4768 4779 XOR
2 1 4551 4450 4552 XOR
2 1 4552 4560 4561 AND
2 1 4371 4373 4564 AND
2 1 4362 4370 4565 AND
2 1 4563 4565 4566 AND
2 1 4564 4566 4567 AND
2 1 4561 4567 4650 AND
2 1 4779 4650 4780 XOR
2 1 4449 4571 4572 AND
2 1 4441 4573 4574 AND
2 1 4572 4574 4649 AND
2 1 4780 4649 4785 XOR
2 1 95 514 4642 AND
2 1 97 460 4641 AND
2 1 96 457 4643 AND
2 1 4641 4643 4644 AND
2 1 4642 4644 4645 AND
2 1 463 3108 4646 AND
2 1 4645 4646 4647 AND
2 1 4647 11 4648 XOR
2 1 4785 4648 4787 XOR
2 1 4573 4441 4575 XOR
2 1 4440 4575 4576 AND
2 1 4382 4390 4579 AND
2 1 4578 4579 4580 AND
2 1 4239 4391 4581 AND
2 1 4580 4581 4582 AND
2 1 4576 4582 4640 AND
2 1 4787 4640 4788 XOR
2 1 4796 4788 4798 XOR
2 1 4431 4583 4584 AND
2 1 4423 4585 4638 AND
2 1 4584 4638 4639 AND
2 1 4798 4639 4803 XOR
2 1 101 236 4631 AND
2 1 103 199 4630 AND
2 1 102 196 4632 AND
2 1 4630 4632 4633 AND
2 1 4631 4633 4634 AND
2 1 202 4041 4635 AND
2 1 4634 4635 4636 AND
2 1 4636 5 4637 XOR
2 1 4803 4637 4805 XOR
2 1 4586 4594 4595 AND
2 1 4228 4401 4597 AND
2 1 4596 4597 4598 AND
2 1 4220 4402 4599 AND
2 1 4598 4599 4600 AND
2 1 4595 4600 4629 AND
2 1 4805 4629 4806 XOR
2 1 4817 4806 4819 XOR
2 1 4820 4819 4822 XOR
2 1 4806 4817 4818 AND
2 1 4819 4820 4821 AND
2 1 4818 4821 5044 AND
2 1 102 236 5025 AND
2 1 104 199 5024 AND
2 1 103 196 5026 AND
2 1 5024 5026 5027 AND
2 1 5025 5027 5028 AND
2 1 202 4414 5029 AND
2 1 5028 5029 5030 AND
2 1 5030 5 5031 XOR
2 1 99 343 5015 AND
2 1 101 315 5014 AND
2 1 100 312 5016 AND
2 1 5014 5016 5017 AND
2 1 5015 5017 5018 AND
2 1 318 3830 5019 AND
2 1 5018 5019 5020 AND
2 1 5020 8 5021 XOR
2 1 4648 4785 4786 AND
2 1 4640 4787 5007 AND
2 1 4786 5007 5008 AND
2 1 93 735 4993 AND
2 1 95 650 4992 AND
2 1 94 647 4994 AND
2 1 4992 4994 4995 AND
2 1 4993 4995 4996 AND
2 1 653 2799 4997 AND
2 1 4996 4997 4998 AND
2 1 4998 14 4999 XOR
2 1 87 1277 4970 AND
2 1 89 1166 4969 AND
2 1 88 1163 4971 AND
2 1 4969 4971 4972 AND
2 1 4970 4972 4973 AND
2 1 1169 1824 4974 AND
2 1 4973 4974 4975 AND
2 1 4975 20 4976 XOR
2 1 4666 4743 4744 AND
2 1 4745 4746 4747 AND
2 1 4744 4747 4963 AND
2 1 84 1606 4954 AND
2 1 86 1491 4953 AND
2 1 85 1488 4955 AND
2 1 4953 4955 4956 AND
2 1 4954 4956 4957 AND
2 1 1494 1567 4958 AND
2 1 4957 4958 4959 AND
2 1 4959 23 4960 XOR
2 1 4731 4739 4740 AND
2 1 4667 4741 4742 AND
2 1 4740 4742 4950 AND
2 1 81 1974 4941 AND
2 1 83 1862 4940 AND
2 1 82 1859 4942 AND
2 1 4940 4942 4943 AND
2 1 4941 4943 4944 AND
2 1 1232 1865 4945 AND
2 1 4944 4945 4946 AND
2 1 4946 26 4947 XOR
2 1 4720 4728 4729 AND
2 1 4668 4730 4936 AND
2 1 4729 4936 4937 AND
2 1 75 2837 4923 AND
2 1 77 2674 4922 AND
2 1 76 2671 4924 AND
2 1 4922 4924 4925 AND
2 1 4923 4925 4926 AND
2 1 698 2677 4927 AND
2 1 4926 4927 4928 AND
2 1 4928 32 4929 XOR
2 1 72 3339 4910 AND
2 1 74 3162 4909 AND
2 1 73 3159 4911 AND
2 1 4909 4911 4912 AND
2 1 4910 4912 4913 AND
2 1 494 3165 4914 AND
2 1 4913 4914 4915 AND
2 1 4915 35 4916 XOR
2 1 4686 4699 4700 AND
2 1 4701 4702 4703 AND
2 1 4700 4703 4906 AND
2 1 43 42 4887 XOR
2 1 4687 4887 4888 AND
2 1 64 4888 4889 AND
2 1 44 43 4890 XOR
2 1 4687 4890 4891 AND
2 1 65 4891 4892 AND
2 1 4889 4892 4893 AND
2 1 4687 4890 4894 AND
2 1 139 4894 4895 AND
2 1 4893 4895 4896 AND
2 1 4896 44 4897 XOR
2 1 44 4688 4886 AND
2 1 4897 4886 4899 XOR
2 1 66 4489 4879 AND
2 1 68 4283 4878 AND
2 1 67 4280 4880 AND
2 1 4878 4880 4881 AND
2 1 4879 4881 4882 AND
2 1 191 4286 4883 AND
2 1 4882 4883 4884 AND
2 1 4884 41 4885 XOR
2 1 4899 4885 4901 XOR
2 1 4689 4697 4698 AND
2 1 4497 4688 4876 AND
2 1 4698 4876 4877 AND
2 1 4901 4877 4903 XOR
2 1 69 3904 4869 AND
2 1 71 3717 4868 AND
2 1 70 3714 4870 AND
2 1 4868 4870 4871 AND
2 1 4869 4871 4872 AND
2 1 297 3720 4873 AND
2 1 4872 4873 4874 AND
2 1 4874 38 4875 XOR
2 1 4903 4875 4905 XOR
2 1 4906 4905 4908 XOR
2 1 4916 4908 4918 XOR
2 1 4704 4712 4713 AND
2 1 4678 4714 4715 AND
2 1 4713 4715 4867 AND
2 1 4918 4867 4921 XOR
2 1 4929 4921 4931 XOR
2 1 4677 4716 4717 AND
2 1 4669 4718 4719 AND
2 1 4717 4719 4866 AND
2 1 4931 4866 4933 XOR
2 1 78 2385 4859 AND
2 1 80 2245 4858 AND
2 1 79 2242 4860 AND
2 1 4858 4860 4861 AND
2 1 4859 4861 4862 AND
2 1 872 2248 4863 AND
2 1 4862 4863 4864 AND
2 1 4864 29 4865 XOR
2 1 4933 4865 4935 XOR
2 1 4937 4935 4939 XOR
2 1 4947 4939 4949 XOR
2 1 4950 4949 4952 XOR
2 1 4960 4952 4962 XOR
2 1 4963 4962 4968 XOR
2 1 4976 4968 4978 XOR
2 1 90 992 4851 AND
2 1 92 917 4850 AND
2 1 91 914 4852 AND
2 1 4850 4852 4853 AND
2 1 4851 4853 4854 AND
2 1 920 2346 4855 AND
2 1 4854 4855 4856 AND
2 1 4856 17 4857 XOR
2 1 4978 4857 4982 XOR
2 1 4748 4756 4757 AND
2 1 4758 4759 4760 AND
2 1 4542 4550 4761 AND
2 1 4450 4761 4762 AND
2 1 4760 4762 4763 AND
2 1 4757 4763 4979 AND
2 1 4982 4979 4983 XOR
2 1 4658 4766 4767 AND
2 1 4983 4767 4990 XOR
2 1 4767 4768 4988 AND
2 1 4650 4988 4989 AND
2 1 4990 4989 4991 XOR
2 1 4999 4991 5001 XOR
2 1 96 514 4842 AND
2 1 98 460 4841 AND
2 1 97 457 4843 AND
2 1 4841 4843 4844 AND
2 1 4842 4844 4845 AND
2 1 463 3291 4846 AND
2 1 4845 4846 4847 AND
2 1 4847 11 4848 XOR
2 1 5001 4848 5005 XOR
2 1 4768 4650 4769 XOR
2 1 4769 4777 4778 AND
2 1 4449 4571 4781 AND
2 1 4780 4781 4782 AND
2 1 4441 4572 4783 AND
2 1 4782 4783 4784 AND
2 1 4778 4784 4849 AND
2 1 5005 4849 5006 XOR
2 1 5008 5006 5013 XOR
2 1 5021 5013 5022 XOR
2 1 4788 4796 4797 AND
2 1 4431 4583 4799 AND
2 1 4798 4799 4800 AND
2 1 4423 4584 4801 AND
2 1 4800 4801 4802 AND
2 1 4797 4802 4840 AND
2 1 5022 4840 5023 XOR
2 1 5031 5023 5033 XOR
2 1 4637 4803 4804 AND
2 1 5033 4804 5040 XOR
2 1 4804 4805 5038 AND
2 1 4629 5038 5039 AND
2 1 5040 5039 5041 XOR
2 1 107 134 4823 AND
2 1 105 147 4824 AND
2 1 106 131 4825 AND
2 1 4824 4825 4826 AND
2 1 4823 4826 4827 AND
2 1 107 106 4834 XOR
2 1 104 106 4828 AND
2 1 105 4828 4829 AND
2 1 105 106 4830 AND
2 1 4616 4830 4831 AND
2 1 4829 4831 4832 AND
2 1 4834 4832 4836 XOR
2 1 138 4836 4837 AND
2 1 4827 4837 4838 AND
2 1 4838 2 4839 XOR
2 1 5041 4839 5043 XOR
2 1 5044 5043 5049 XOR
2 1 108 134 5243 AND
2 1 106 147 5244 AND
2 1 107 131 5245 AND
2 1 5244 5245 5246 AND
2 1 5243 5246 5247 AND
2 1 108 107 5249 XOR
2 1 106 107 4833 AND
2 1 4832 4834 4835 AND
2 1 4833 4835 5248 AND
2 1 5249 5248 5250 XOR
2 1 138 5250 5251 AND
2 1 5247 5251 5252 AND
2 1 5252 2 5253 XOR
2 1 5013 5021 5231 AND
2 1 100 343 5222 AND
2 1 102 315 5221 AND
2 1 101 312 5223 AND
2 1 5221 5223 5224 AND
2 1 5222 5224 5225 AND
2 1 318 3850 5226 AND
2 1 5225 5226 5227 AND
2 1 5227 8 5228 XOR
2 1 5001 4849 5003 XOR
2 1 4848 5003 5004 AND
2 1 4648 4785 5009 AND
2 1 5006 5009 5010 AND
2 1 4640 4786 5011 AND
2 1 5010 5011 5012 AND
2 1 5004 5012 5218 AND
2 1 88 1277 5187 AND
2 1 90 1166 5186 AND
2 1 89 1163 5188 AND
2 1 5186 5188 5189 AND
2 1 5187 5189 5190 AND
2 1 1169 2065 5191 AND
2 1 5190 5191 5192 AND
2 1 5192 20 5193 XOR
2 1 85 1606 5177 AND
2 1 87 1491 5176 AND
2 1 86 1488 5178 AND
2 1 5176 5178 5179 AND
2 1 5177 5179 5180 AND
2 1 1494 1687 5181 AND
2 1 5180 5181 5182 AND
2 1 5182 23 5183 XOR
2 1 4939 4947 4948 AND
2 1 4949 4950 4951 AND
2 1 4948 4951 5173 AND
2 1 73 3339 5152 AND
2 1 75 3162 5151 AND
2 1 74 3159 5153 AND
2 1 5151 5153 5154 AND
2 1 5152 5154 5155 AND
2 1 558 3165 5156 AND
2 1 5155 5156 5157 AND
2 1 5157 35 5158 XOR
2 1 67 4489 5136 AND
2 1 69 4283 5135 AND
2 1 68 4280 5137 AND
2 1 5135 5137 5138 AND
2 1 5136 5138 5139 AND
2 1 229 4286 5140 AND
2 1 5139 5140 5141 AND
2 1 5141 41 5142 XOR
2 1 4687 4890 5124 AND
2 1 4887 5124 5125 AND
2 1 64 5125 5126 AND
2 1 66 4891 5123 AND
2 1 65 4888 5127 AND
2 1 5123 5127 5128 AND
2 1 5126 5128 5129 AND
2 1 152 4894 5130 AND
2 1 5129 5130 5131 AND
2 1 5131 44 5132 XOR
2 1 4886 4897 4898 AND
2 1 5132 4898 5134 XOR
2 1 5142 5134 5144 XOR
2 1 4885 4899 4900 AND
2 1 4877 4901 4902 AND
2 1 4900 4902 5122 AND
2 1 5144 5122 5146 XOR
2 1 70 3904 5115 AND
2 1 72 3717 5114 AND
2 1 71 3714 5116 AND
2 1 5114 5116 5117 AND
2 1 5115 5117 5118 AND
2 1 376 3720 5119 AND
2 1 5118 5119 5120 AND
2 1 5120 38 5121 XOR
2 1 5146 5121 5148 XOR
2 1 4875 4903 4904 AND
2 1 4905 4906 4907 AND
2 1 4904 4907 5113 AND
2 1 5148 5113 5150 XOR
2 1 5158 5150 5160 XOR
2 1 4908 4916 4917 AND
2 1 4867 4918 4919 AND
2 1 4917 4919 4920 AND
2 1 5160 4920 5162 XOR
2 1 76 2837 5106 AND
2 1 78 2674 5105 AND
2 1 77 2671 5107 AND
2 1 5105 5107 5108 AND
2 1 5106 5108 5109 AND
2 1 719 2677 5110 AND
2 1 5109 5110 5111 AND
2 1 5111 32 5112 XOR
2 1 5162 5112 5164 XOR
2 1 4921 4929 4930 AND
2 1 4866 4931 4932 AND
2 1 4930 4932 5104 AND
2 1 5164 5104 5166 XOR
2 1 79 2385 5097 AND
2 1 81 2245 5096 AND
2 1 80 2242 5098 AND
2 1 5096 5098 5099 AND
2 1 5097 5099 5100 AND
2 1 965 2248 5101 AND
2 1 5100 5101 5102 AND
2 1 5102 29 5103 XOR
2 1 5166 5103 5168 XOR
2 1 4865 4933 4934 AND
2 1 4935 4937 4938 AND
2 1 4934 4938 5095 AND
2 1 5168 5095 5170 XOR
2 1 82 1974 5088 AND
2 1 84 1862 5087 AND
2 1 83 1859 5089 AND
2 1 5087 5089 5090 AND
2 1 5088 5090 5091 AND
2 1 1343 1865 5092 AND
2 1 5091 5092 5093 AND
2 1 5093 26 5094 XOR
2 1 5170 5094 5172 XOR
2 1 5173 5172 5175 XOR
2 1 5183 5175 5184 XOR
2 1 4952 4960 4961 AND
2 1 4744 4746 4964 AND
2 1 4666 4743 4965 AND
2 1 4962 4965 4966 AND
2 1 4964 4966 4967 AND
2 1 4961 4967 5086 AND
2 1 5184 5086 5185 XOR
2 1 5193 5185 5195 XOR
2 1 4968 4976 4977 AND
2 1 5195 4977 5202 XOR
2 1 4977 4978 5200 AND
2 1 4979 5200 5201 AND
2 1 5202 5201 5203 XOR
2 1 91 992 5079 AND
2 1 93 917 5078 AND
2 1 92 914 5080 AND
2 1 5078 5080 5081 AND
2 1 5079 5081 5082 AND
2 1 920 2497 5083 AND
2 1 5082 5083 5084 AND
2 1 5084 17 5085 XOR
2 1 5203 5085 5205 XOR
2 1 94 735 5070 AND
2 1 96 650 5069 AND
2 1 95 647 5071 AND
2 1 5069 5071 5072 AND
2 1 5070 5072 5073 AND
2 1 653 2960 5074 AND
2 1 5073 5074 5075 AND
2 1 5075 14 5076 XOR
2 1 5205 5076 5209 XOR
2 1 4979 4978 4980 XOR
2 1 4857 4980 4981 AND
2 1 4658 4766 4984 AND
2 1 4983 4984 4985 AND
2 1 4650 4767 4986 AND
2 1 4985 4986 4987 AND
2 1 4981 4987 5077 AND
2 1 5209 5077 5210 XOR
2 1 4991 4999 5000 AND
2 1 4849 5001 5002 AND
2 1 5000 5002 5068 AND
2 1 5210 5068 5215 XOR
2 1 97 514 5061 AND
2 1 99 460 5060 AND
2 1 98 457 5062 AND
2 1 5060 5062 5063 AND
2 1 5061 5063 5064 AND
2 1 463 3473 5065 AND
2 1 5064 5065 5066 AND
2 1 5066 11 5067 XOR
2 1 5215 5067 5217 XOR
2 1 5218 5217 5220 XOR
2 1 5228 5220 5230 XOR
2 1 5231 5230 5237 XOR
2 1 4840 5022 5236 AND
2 1 5237 5236 5238 XOR
2 1 103 236 5053 AND
2 1 105 199 5052 AND
2 1 104 196 5054 AND
2 1 5052 5054 5055 AND
2 1 5053 5055 5056 AND
2 1 202 4617 5057 AND
2 1 5056 5057 5058 AND
2 1 5058 5 5059 XOR
2 1 5238 5059 5240 XOR
2 1 5023 5031 5032 AND
2 1 4637 4803 5034 AND
2 1 5033 5034 5035 AND
2 1 4629 4804 5036 AND
2 1 5035 5036 5037 AND
2 1 5032 5037 5051 AND
2 1 5240 5051 5242 XOR
2 1 5253 5242 5254 XOR
2 1 4839 5041 5042 AND
2 1 4818 4820 5045 AND
2 1 4806 4817 5046 AND
2 1 5043 5046 5047 AND
2 1 5045 5047 5048 AND
2 1 5042 5048 5050 AND
2 1 5254 5050 5256 XOR
2 1 109 134 5455 AND
2 1 107 147 5456 AND
2 1 108 131 5457 AND
2 1 5456 5457 5458 AND
2 1 5455 5458 5459 AND
2 1 5459 2 5471 XOR
2 1 109 108 5466 XOR
2 1 106 108 5460 AND
2 1 107 5460 5461 AND
2 1 107 108 5462 AND
2 1 4835 5462 5463 AND
2 1 5461 5463 5464 AND
2 1 5466 5464 5468 XOR
2 1 138 5459 5469 AND
2 1 5468 5469 5470 AND
2 1 5471 5470 5472 XOR
2 1 104 236 5440 AND
2 1 106 199 5439 AND
2 1 105 196 5441 AND
2 1 5439 5441 5442 AND
2 1 5440 5442 5443 AND
2 1 202 4814 5444 AND
2 1 5443 5444 5445 AND
2 1 5445 5 5446 XOR
2 1 5220 5228 5229 AND
2 1 5230 5231 5232 AND
2 1 5013 5021 5233 AND
2 1 4840 5233 5234 AND
2 1 5232 5234 5235 AND
2 1 5229 5235 5436 AND
2 1 101 343 5427 AND
2 1 103 315 5426 AND
2 1 102 312 5428 AND
2 1 5426 5428 5429 AND
2 1 5427 5429 5430 AND
2 1 318 4041 5431 AND
2 1 5430 5431 5432 AND
2 1 5432 8 5433 XOR
2 1 98 514 5411 AND
2 1 100 460 5410 AND
2 1 99 457 5412 AND
2 1 5410 5412 5413 AND
2 1 5411 5413 5414 AND
2 1 463 3635 5415 AND
2 1 5414 5415 5416 AND
2 1 5416 11 5417 XOR
2 1 92 992 5391 AND
2 1 94 917 5390 AND
2 1 93 914 5392 AND
2 1 5390 5392 5393 AND
2 1 5391 5393 5394 AND
2 1 920 2632 5395 AND
2 1 5394 5395 5396 AND
2 1 5396 17 5397 XOR
2 1 5175 5183 5379 AND
2 1 86 1606 5370 AND
2 1 88 1491 5369 AND
2 1 87 1488 5371 AND
2 1 5369 5371 5372 AND
2 1 5370 5372 5373 AND
2 1 1494 1801 5374 AND
2 1 5373 5374 5375 AND
2 1 5375 23 5376 XOR
2 1 5094 5170 5171 AND
2 1 5172 5173 5174 AND
2 1 5171 5174 5366 AND
2 1 80 2385 5353 AND
2 1 82 2245 5352 AND
2 1 81 2242 5354 AND
2 1 5352 5354 5355 AND
2 1 5353 5355 5356 AND
2 1 1124 2248 5357 AND
2 1 5356 5357 5358 AND
2 1 5358 29 5359 XOR
2 1 77 2837 5342 AND
2 1 79 2674 5341 AND
2 1 78 2671 5343 AND
2 1 5341 5343 5344 AND
2 1 5342 5344 5345 AND
2 1 792 2677 5346 AND
2 1 5345 5346 5347 AND
2 1 5347 32 5348 XOR
2 1 71 3904 5326 AND
2 1 73 3717 5325 AND
2 1 72 3714 5327 AND
2 1 5325 5327 5328 AND
2 1 5326 5328 5329 AND
2 1 423 3720 5330 AND
2 1 5329 5330 5331 AND
2 1 5331 38 5332 XOR
2 1 5134 5142 5143 AND
2 1 5122 5144 5145 AND
2 1 5143 5145 5322 AND
2 1 65 5125 5311 AND
2 1 67 4891 5310 AND
2 1 66 4888 5312 AND
2 1 5310 5312 5313 AND
2 1 5311 5313 5314 AND
2 1 169 4894 5315 AND
2 1 5314 5315 5316 AND
2 1 5316 44 5317 XOR
2 1 45 44 5307 XOR
2 1 64 5307 5308 AND
2 1 4898 5132 5133 AND
2 1 5308 5133 5309 XOR
2 1 5317 5309 5319 XOR
2 1 68 4489 5300 AND
2 1 70 4283 5299 AND
2 1 69 4280 5301 AND
2 1 5299 5301 5302 AND
2 1 5300 5302 5303 AND
2 1 275 4286 5304 AND
2 1 5303 5304 5305 AND
2 1 5305 41 5306 XOR
2 1 5319 5306 5321 XOR
2 1 5322 5321 5324 XOR
2 1 5332 5324 5334 XOR
2 1 5121 5146 5147 AND
2 1 5113 5148 5149 AND
2 1 5147 5149 5298 AND
2 1 5334 5298 5336 XOR
2 1 74 3339 5291 AND
2 1 76 3162 5290 AND
2 1 75 3159 5292 AND
2 1 5290 5292 5293 AND
2 1 5291 5293 5294 AND
2 1 576 3165 5295 AND
2 1 5294 5295 5296 AND
2 1 5296 35 5297 XOR
2 1 5336 5297 5338 XOR
2 1 5150 5158 5159 AND
2 1 4920 5160 5161 AND
2 1 5159 5161 5289 AND
2 1 5338 5289 5340 XOR
2 1 5348 5340 5350 XOR
2 1 5112 5162 5163 AND
2 1 5104 5164 5165 AND
2 1 5163 5165 5288 AND
2 1 5350 5288 5351 XOR
2 1 5359 5351 5361 XOR
2 1 5103 5166 5167 AND
2 1 5095 5168 5169 AND
2 1 5167 5169 5287 AND
2 1 5361 5287 5363 XOR
2 1 83 1974 5280 AND
2 1 85 1862 5279 AND
2 1 84 1859 5281 AND
2 1 5279 5281 5282 AND
2 1 5280 5282 5283 AND
2 1 1441 1865 5284 AND
2 1 5283 5284 5285 AND
2 1 5285 26 5286 XOR
2 1 5363 5286 5365 XOR
2 1 5366 5365 5368 XOR
2 1 5376 5368 5378 XOR
2 1 5379 5378 5385 XOR
2 1 5086 5184 5384 AND
2 1 5385 5384 5386 XOR
2 1 89 1277 5272 AND
2 1 91 1166 5271 AND
2 1 90 1163 5273 AND
2 1 5271 5273 5274 AND
2 1 5272 5274 5275 AND
2 1 1169 2200 5276 AND
2 1 5275 5276 5277 AND
2 1 5277 20 5278 XOR
2 1 5386 5278 5388 XOR
2 1 5397 5388 5399 XOR
2 1 5185 5193 5194 AND
2 1 4977 4979 5196 AND
2 1 4968 4976 5197 AND
2 1 5195 5197 5198 AND
2 1 5196 5198 5199 AND
2 1 5194 5199 5270 AND
2 1 5399 5270 5400 XOR
2 1 95 735 5262 AND
2 1 97 650 5261 AND
2 1 96 647 5263 AND
2 1 5261 5263 5264 AND
2 1 5262 5264 5265 AND
2 1 653 3108 5266 AND
2 1 5265 5266 5267 AND
2 1 5267 14 5268 XOR
2 1 5400 5268 5407 XOR
2 1 5085 5203 5204 AND
2 1 5077 5205 5206 AND
2 1 5204 5206 5269 AND
2 1 5407 5269 5408 XOR
2 1 5417 5408 5419 XOR
2 1 5205 5077 5207 XOR
2 1 5076 5207 5208 AND
2 1 4991 4999 5211 AND
2 1 5210 5211 5212 AND
2 1 4849 5000 5213 AND
2 1 5212 5213 5214 AND
2 1 5208 5214 5260 AND
2 1 5419 5260 5420 XOR
2 1 5067 5215 5216 AND
2 1 5217 5218 5219 AND
2 1 5216 5219 5259 AND
2 1 5420 5259 5425 XOR
2 1 5433 5425 5435 XOR
2 1 5436 5435 5438 XOR
2 1 5446 5438 5448 XOR
2 1 5472 5448 5474 XOR
2 1 5059 5238 5239 AND
2 1 5051 5240 5241 AND
2 1 5239 5241 5449 AND
2 1 5474 5449 5475 XOR
2 1 5050 5254 5255 AND
2 1 5242 5253 5257 AND
2 1 5255 5257 5258 AND
2 1 5475 5258 5480 XOR
2 1 5449 5448 5454 XOR
2 1 5454 5472 5473 AND
2 1 5242 5253 5476 AND
2 1 5475 5476 5477 AND
2 1 5050 5257 5478 AND
2 1 5477 5478 5479 AND
2 1 5473 5479 5711 AND
2 1 110 134 5696 AND
2 1 108 147 5697 AND
2 1 109 131 5698 AND
2 1 5697 5698 5699 AND
2 1 5696 5699 5700 AND
2 1 110 109 5703 XOR
2 1 108 109 5465 AND
2 1 5464 5466 5467 AND
2 1 5465 5467 5701 AND
2 1 5703 5701 5705 XOR
2 1 138 5705 5706 AND
2 1 5700 5706 5707 AND
2 1 5707 2 5708 XOR
2 1 5438 5446 5447 AND
2 1 5059 5238 5450 AND
2 1 5448 5450 5451 AND
2 1 5051 5239 5452 AND
2 1 5451 5452 5453 AND
2 1 5447 5453 5694 AND
2 1 105 236 5686 AND
2 1 107 199 5685 AND
2 1 106 196 5687 AND
2 1 5685 5687 5688 AND
2 1 5686 5688 5689 AND
2 1 202 4836 5690 AND
2 1 5689 5690 5691 AND
2 1 5691 5 5692 XOR
2 1 5408 5260 5409 XOR
2 1 5409 5417 5418 AND
2 1 5216 5218 5421 AND
2 1 5067 5215 5422 AND
2 1 5420 5422 5423 AND
2 1 5421 5423 5424 AND
2 1 5418 5424 5665 AND
2 1 99 514 5656 AND
2 1 101 460 5655 AND
2 1 100 457 5657 AND
2 1 5655 5657 5658 AND
2 1 5656 5658 5659 AND
2 1 463 3830 5660 AND
2 1 5659 5660 5661 AND
2 1 5661 11 5662 XOR
2 1 5400 5269 5405 XOR
2 1 5268 5405 5406 AND
2 1 5260 5408 5648 AND
2 1 5406 5648 5649 AND
2 1 93 992 5634 AND
2 1 95 917 5633 AND
2 1 94 914 5635 AND
2 1 5633 5635 5636 AND
2 1 5634 5636 5637 AND
2 1 920 2799 5638 AND
2 1 5637 5638 5639 AND
2 1 5639 17 5640 XOR
2 1 5368 5376 5377 AND
2 1 5378 5379 5380 AND
2 1 5175 5183 5381 AND
2 1 5086 5381 5382 AND
2 1 5380 5382 5383 AND
2 1 5377 5383 5620 AND
2 1 87 1606 5611 AND
2 1 89 1491 5610 AND
2 1 88 1488 5612 AND
2 1 5610 5612 5613 AND
2 1 5611 5613 5614 AND
2 1 1494 1824 5615 AND
2 1 5614 5615 5616 AND
2 1 5616 23 5617 XOR
2 1 5286 5363 5364 AND
2 1 5365 5366 5367 AND
2 1 5364 5367 5604 AND
2 1 84 1974 5595 AND
2 1 86 1862 5594 AND
2 1 85 1859 5596 AND
2 1 5594 5596 5597 AND
2 1 5595 5597 5598 AND
2 1 1567 1865 5599 AND
2 1 5598 5599 5600 AND
2 1 5600 26 5601 XOR
2 1 5351 5359 5360 AND
2 1 5287 5361 5362 AND
2 1 5360 5362 5591 AND
2 1 81 2385 5582 AND
2 1 83 2245 5581 AND
2 1 82 2242 5583 AND
2 1 5581 5583 5584 AND
2 1 5582 5584 5585 AND
2 1 1232 2248 5586 AND
2 1 5585 5586 5587 AND
2 1 5587 29 5588 XOR
2 1 5340 5348 5349 AND
2 1 5288 5350 5577 AND
2 1 5349 5577 5578 AND
2 1 75 3339 5564 AND
2 1 77 3162 5563 AND
2 1 76 3159 5565 AND
2 1 5563 5565 5566 AND
2 1 5564 5566 5567 AND
2 1 698 3165 5568 AND
2 1 5567 5568 5569 AND
2 1 5569 35 5570 XOR
2 1 72 3904 5551 AND
2 1 74 3717 5550 AND
2 1 73 3714 5552 AND
2 1 5550 5552 5553 AND
2 1 5551 5553 5554 AND
2 1 494 3720 5555 AND
2 1 5554 5555 5556 AND
2 1 5556 38 5557 XOR
2 1 5306 5319 5320 AND
2 1 5321 5322 5323 AND
2 1 5320 5323 5547 AND
2 1 46 45 5528 XOR
2 1 5307 5528 5529 AND
2 1 64 5529 5530 AND
2 1 47 46 5531 XOR
2 1 5307 5531 5532 AND
2 1 65 5532 5533 AND
2 1 5530 5533 5534 AND
2 1 5307 5531 5535 AND
2 1 139 5535 5536 AND
2 1 5534 5536 5537 AND
2 1 5537 47 5538 XOR
2 1 47 5308 5527 AND
2 1 5538 5527 5540 XOR
2 1 66 5125 5520 AND
2 1 68 4891 5519 AND
2 1 67 4888 5521 AND
2 1 5519 5521 5522 AND
2 1 5520 5522 5523 AND
2 1 191 4894 5524 AND
2 1 5523 5524 5525 AND
2 1 5525 44 5526 XOR
2 1 5540 5526 5542 XOR
2 1 5309 5317 5318 AND
2 1 5133 5308 5517 AND
2 1 5318 5517 5518 AND
2 1 5542 5518 5544 XOR
2 1 69 4489 5510 AND
2 1 71 4283 5509 AND
2 1 70 4280 5511 AND
2 1 5509 5511 5512 AND
2 1 5510 5512 5513 AND
2 1 297 4286 5514 AND
2 1 5513 5514 5515 AND
2 1 5515 41 5516 XOR
2 1 5544 5516 5546 XOR
2 1 5547 5546 5549 XOR
2 1 5557 5549 5559 XOR
2 1 5324 5332 5333 AND
2 1 5298 5334 5335 AND
2 1 5333 5335 5508 AND
2 1 5559 5508 5562 XOR
2 1 5570 5562 5572 XOR
2 1 5297 5336 5337 AND
2 1 5289 5338 5339 AND
2 1 5337 5339 5507 AND
2 1 5572 5507 5574 XOR
2 1 78 2837 5500 AND
2 1 80 2674 5499 AND
2 1 79 2671 5501 AND
2 1 5499 5501 5502 AND
2 1 5500 5502 5503 AND
2 1 872 2677 5504 AND
2 1 5503 5504 5505 AND
2 1 5505 32 5506 XOR
2 1 5574 5506 5576 XOR
2 1 5578 5576 5580 XOR
2 1 5588 5580 5590 XOR
2 1 5591 5590 5593 XOR
2 1 5601 5593 5603 XOR
2 1 5604 5603 5609 XOR
2 1 5617 5609 5619 XOR
2 1 5620 5619 5622 XOR
2 1 90 1277 5492 AND
2 1 92 1166 5491 AND
2 1 91 1163 5493 AND
2 1 5491 5493 5494 AND
2 1 5492 5494 5495 AND
2 1 1169 2346 5496 AND
2 1 5495 5496 5497 AND
2 1 5497 20 5498 XOR
2 1 5622 5498 5624 XOR
2 1 5278 5386 5387 AND
2 1 5624 5387 5631 XOR
2 1 5387 5388 5629 AND
2 1 5270 5629 5630 AND
2 1 5631 5630 5632 XOR
2 1 5640 5632 5642 XOR
2 1 96 735 5483 AND
2 1 98 650 5482 AND
2 1 97 647 5484 AND
2 1 5482 5484 5485 AND
2 1 5483 5485 5486 AND
2 1 653 3291 5487 AND
2 1 5486 5487 5488 AND
2 1 5488 14 5489 XOR
2 1 5642 5489 5646 XOR
2 1 5388 5270 5389 XOR
2 1 5389 5397 5398 AND
2 1 5085 5203 5401 AND
2 1 5400 5401 5402 AND
2 1 5077 5204 5403 AND
2 1 5402 5403 5404 AND
2 1 5398 5404 5490 AND
2 1 5646 5490 5647 XOR
2 1 5649 5647 5654 XOR
2 1 5662 5654 5664 XOR
2 1 5665 5664 5667 XOR
2 1 102 343 5669 AND
2 1 104 315 5668 AND
2 1 103 312 5670 AND
2 1 5668 5670 5671 AND
2 1 5669 5671 5672 AND
2 1 318 4414 5673 AND
2 1 5672 5673 5674 AND
2 1 5674 8 5675 XOR
2 1 5667 5675 5676 AND
2 1 5667 5675 5677 AND
2 1 5676 5677 5683 AND
2 1 5425 5433 5434 AND
2 1 5435 5436 5437 AND
2 1 5434 5437 5481 AND
2 1 5683 5481 5684 XOR
2 1 5692 5684 5693 XOR
2 1 5694 5693 5695 XOR
2 1 5708 5695 5710 XOR
2 1 5711 5710 5713 XOR
2 1 5695 5708 5709 AND
2 1 5710 5711 5712 AND
2 1 5709 5712 5936 AND
2 1 5693 5694 5932 AND
2 1 5684 5692 5928 AND
2 1 106 236 5917 AND
2 1 108 199 5916 AND
2 1 107 196 5918 AND
2 1 5916 5918 5919 AND
2 1 5917 5919 5920 AND
2 1 202 5250 5921 AND
2 1 5920 5921 5922 AND
2 1 5922 5 5923 XOR
2 1 103 343 5907 AND
2 1 105 315 5906 AND
2 1 104 312 5908 AND
2 1 5906 5908 5909 AND
2 1 5907 5909 5910 AND
2 1 318 4617 5911 AND
2 1 5910 5911 5912 AND
2 1 5912 8 5913 XOR
2 1 5654 5662 5663 AND
2 1 5664 5665 5666 AND
2 1 5663 5666 5900 AND
2 1 100 514 5890 AND
2 1 102 460 5889 AND
2 1 101 457 5891 AND
2 1 5889 5891 5892 AND
2 1 5890 5892 5893 AND
2 1 463 3850 5894 AND
2 1 5893 5894 5895 AND
2 1 5895 11 5896 XOR
2 1 88 1606 5859 AND
2 1 90 1491 5858 AND
2 1 89 1488 5860 AND
2 1 5858 5860 5861 AND
2 1 5859 5861 5862 AND
2 1 1494 2065 5863 AND
2 1 5862 5863 5864 AND
2 1 5864 23 5865 XOR
2 1 85 1974 5849 AND
2 1 87 1862 5848 AND
2 1 86 1859 5850 AND
2 1 5848 5850 5851 AND
2 1 5849 5851 5852 AND
2 1 1687 1865 5853 AND
2 1 5852 5853 5854 AND
2 1 5854 26 5855 XOR
2 1 5580 5588 5589 AND
2 1 5590 5591 5592 AND
2 1 5589 5592 5845 AND
2 1 82 2385 5836 AND
2 1 84 2245 5835 AND
2 1 83 2242 5837 AND
2 1 5835 5837 5838 AND
2 1 5836 5838 5839 AND
2 1 1343 2248 5840 AND
2 1 5839 5840 5841 AND
2 1 5841 29 5842 XOR
2 1 73 3904 5816 AND
2 1 75 3717 5815 AND
2 1 74 3714 5817 AND
2 1 5815 5817 5818 AND
2 1 5816 5818 5819 AND
2 1 558 3720 5820 AND
2 1 5819 5820 5821 AND
2 1 5821 38 5822 XOR
2 1 67 5125 5800 AND
2 1 69 4891 5799 AND
2 1 68 4888 5801 AND
2 1 5799 5801 5802 AND
2 1 5800 5802 5803 AND
2 1 229 4894 5804 AND
2 1 5803 5804 5805 AND
2 1 5805 44 5806 XOR
2 1 5307 5531 5788 AND
2 1 5528 5788 5789 AND
2 1 64 5789 5790 AND
2 1 66 5532 5787 AND
2 1 65 5529 5791 AND
2 1 5787 5791 5792 AND
2 1 5790 5792 5793 AND
2 1 152 5535 5794 AND
2 1 5793 5794 5795 AND
2 1 5795 47 5796 XOR
2 1 5527 5538 5539 AND
2 1 5796 5539 5798 XOR
2 1 5806 5798 5808 XOR
2 1 5526 5540 5541 AND
2 1 5518 5542 5543 AND
2 1 5541 5543 5786 AND
2 1 5808 5786 5810 XOR
2 1 70 4489 5779 AND
2 1 72 4283 5778 AND
2 1 71 4280 5780 AND
2 1 5778 5780 5781 AND
2 1 5779 5781 5782 AND
2 1 376 4286 5783 AND
2 1 5782 5783 5784 AND
2 1 5784 41 5785 XOR
2 1 5810 5785 5812 XOR
2 1 5516 5544 5545 AND
2 1 5546 5547 5548 AND
2 1 5545 5548 5777 AND
2 1 5812 5777 5814 XOR
2 1 5822 5814 5824 XOR
2 1 5549 5557 5558 AND
2 1 5508 5559 5560 AND
2 1 5558 5560 5561 AND
2 1 5824 5561 5826 XOR
2 1 76 3339 5770 AND
2 1 78 3162 5769 AND
2 1 77 3159 5771 AND
2 1 5769 5771 5772 AND
2 1 5770 5772 5773 AND
2 1 719 3165 5774 AND
2 1 5773 5774 5775 AND
2 1 5775 35 5776 XOR
2 1 5826 5776 5828 XOR
2 1 5562 5570 5571 AND
2 1 5507 5572 5573 AND
2 1 5571 5573 5768 AND
2 1 5828 5768 5830 XOR
2 1 79 2837 5761 AND
2 1 81 2674 5760 AND
2 1 80 2671 5762 AND
2 1 5760 5762 5763 AND
2 1 5761 5763 5764 AND
2 1 965 2677 5765 AND
2 1 5764 5765 5766 AND
2 1 5766 32 5767 XOR
2 1 5830 5767 5832 XOR
2 1 5506 5574 5575 AND
2 1 5576 5578 5579 AND
2 1 5575 5579 5759 AND
2 1 5832 5759 5834 XOR
2 1 5842 5834 5844 XOR
2 1 5845 5844 5847 XOR
2 1 5855 5847 5856 XOR
2 1 5593 5601 5602 AND
2 1 5364 5366 5605 AND
2 1 5286 5363 5606 AND
2 1 5603 5606 5607 AND
2 1 5605 5607 5608 AND
2 1 5602 5608 5758 AND
2 1 5856 5758 5857 XOR
2 1 5865 5857 5867 XOR
2 1 5609 5617 5618 AND
2 1 5619 5620 5621 AND
2 1 5618 5621 5757 AND
2 1 5867 5757 5872 XOR
2 1 91 1277 5750 AND
2 1 93 1166 5749 AND
2 1 92 1163 5751 AND
2 1 5749 5751 5752 AND
2 1 5750 5752 5753 AND
2 1 1169 2497 5754 AND
2 1 5753 5754 5755 AND
2 1 5755 20 5756 XOR
2 1 5872 5756 5873 XOR
2 1 94 992 5741 AND
2 1 96 917 5740 AND
2 1 95 914 5742 AND
2 1 5740 5742 5743 AND
2 1 5741 5743 5744 AND
2 1 920 2960 5745 AND
2 1 5744 5745 5746 AND
2 1 5746 17 5747 XOR
2 1 5873 5747 5876 XOR
2 1 5498 5622 5623 AND
2 1 5278 5386 5625 AND
2 1 5624 5625 5626 AND
2 1 5270 5387 5627 AND
2 1 5626 5627 5628 AND
2 1 5623 5628 5748 AND
2 1 5876 5748 5877 XOR
2 1 97 735 5732 AND
2 1 99 650 5731 AND
2 1 98 647 5733 AND
2 1 5731 5733 5734 AND
2 1 5732 5734 5735 AND
2 1 653 3473 5736 AND
2 1 5735 5736 5737 AND
2 1 5737 14 5738 XOR
2 1 5877 5738 5884 XOR
2 1 5632 5640 5641 AND
2 1 5490 5642 5643 AND
2 1 5641 5643 5739 AND
2 1 5884 5739 5885 XOR
2 1 5896 5885 5898 XOR
2 1 5642 5490 5644 XOR
2 1 5489 5644 5645 AND
2 1 5268 5405 5650 AND
2 1 5647 5650 5651 AND
2 1 5260 5406 5652 AND
2 1 5651 5652 5653 AND
2 1 5645 5653 5886 AND
2 1 5898 5886 5899 XOR
2 1 5900 5899 5905 XOR
2 1 5913 5905 5914 XOR
2 1 5434 5436 5678 AND
2 1 5425 5433 5679 AND
2 1 5677 5679 5680 AND
2 1 5678 5680 5681 AND
2 1 5676 5681 5682 AND
2 1 5914 5682 5915 XOR
2 1 5923 5915 5925 XOR
2 1 5928 5925 5931 XOR
2 1 5932 5931 5933 XOR
2 1 111 134 5714 AND
2 1 109 147 5715 AND
2 1 110 131 5716 AND
2 1 5715 5716 5717 AND
2 1 5714 5717 5718 AND
2 1 5718 2 5729 XOR
2 1 111 110 5721 XOR
2 1 109 110 5702 AND
2 1 5701 5703 5704 AND
2 1 5702 5704 5719 AND
2 1 5721 5719 5726 XOR
2 1 138 5718 5727 AND
2 1 5726 5727 5728 AND
2 1 5729 5728 5730 XOR
2 1 5933 5730 5935 XOR
2 1 5936 5935 5941 XOR
2 1 107 236 6151 AND
2 1 109 199 6150 AND
2 1 108 196 6152 AND
2 1 6150 6152 6153 AND
2 1 6151 6153 6154 AND
2 1 202 5468 6155 AND
2 1 6154 6155 6156 AND
2 1 6156 5 6157 XOR
2 1 5905 5913 6147 AND
2 1 104 343 6137 AND
2 1 106 315 6136 AND
2 1 105 312 6138 AND
2 1 6136 6138 6139 AND
2 1 6137 6139 6140 AND
2 1 318 4814 6141 AND
2 1 6140 6141 6142 AND
2 1 6142 8 6143 XOR
2 1 5886 5885 5888 XOR
2 1 5888 5896 5897 AND
2 1 5663 5665 5901 AND
2 1 5654 5662 5902 AND
2 1 5899 5902 5903 AND
2 1 5901 5903 5904 AND
2 1 5897 5904 6133 AND
2 1 101 514 6124 AND
2 1 103 460 6123 AND
2 1 102 457 6125 AND
2 1 6123 6125 6126 AND
2 1 6124 6126 6127 AND
2 1 463 4041 6128 AND
2 1 6127 6128 6129 AND
2 1 6129 11 6130 XOR
2 1 98 735 6108 AND
2 1 100 650 6107 AND
2 1 99 647 6109 AND
2 1 6107 6109 6110 AND
2 1 6108 6110 6111 AND
2 1 653 3635 6112 AND
2 1 6111 6112 6113 AND
2 1 6113 14 6114 XOR
2 1 5756 5872 6098 AND
2 1 92 1277 6087 AND
2 1 94 1166 6086 AND
2 1 93 1163 6088 AND
2 1 6086 6088 6089 AND
2 1 6087 6089 6090 AND
2 1 1169 2632 6091 AND
2 1 6090 6091 6092 AND
2 1 6092 20 6093 XOR
2 1 5847 5855 6075 AND
2 1 86 1974 6066 AND
2 1 88 1862 6065 AND
2 1 87 1859 6067 AND
2 1 6065 6067 6068 AND
2 1 6066 6068 6069 AND
2 1 1801 1865 6070 AND
2 1 6069 6070 6071 AND
2 1 6071 26 6072 XOR
2 1 5834 5842 5843 AND
2 1 5844 5845 5846 AND
2 1 5843 5846 6062 AND
2 1 83 2385 6053 AND
2 1 85 2245 6052 AND
2 1 84 2242 6054 AND
2 1 6052 6054 6055 AND
2 1 6053 6055 6056 AND
2 1 1441 2248 6057 AND
2 1 6056 6057 6058 AND
2 1 6058 29 6059 XOR
2 1 5767 5830 5831 AND
2 1 5759 5832 5833 AND
2 1 5831 5833 6049 AND
2 1 80 2837 6040 AND
2 1 82 2674 6039 AND
2 1 81 2671 6041 AND
2 1 6039 6041 6042 AND
2 1 6040 6042 6043 AND
2 1 1124 2677 6044 AND
2 1 6043 6044 6045 AND
2 1 6045 32 6046 XOR
2 1 71 4489 6020 AND
2 1 73 4283 6019 AND
2 1 72 4280 6021 AND
2 1 6019 6021 6022 AND
2 1 6020 6022 6023 AND
2 1 423 4286 6024 AND
2 1 6023 6024 6025 AND
2 1 6025 41 6026 XOR
2 1 5798 5806 5807 AND
2 1 5786 5808 5809 AND
2 1 5807 5809 6016 AND
2 1 65 5789 6005 AND
2 1 67 5532 6004 AND
2 1 66 5529 6006 AND
2 1 6004 6006 6007 AND
2 1 6005 6007 6008 AND
2 1 169 5535 6009 AND
2 1 6008 6009 6010 AND
2 1 6010 47 6011 XOR
2 1 48 47 6001 XOR
2 1 64 6001 6002 AND
2 1 5539 5796 5797 AND
2 1 6002 5797 6003 XOR
2 1 6011 6003 6013 XOR
2 1 68 5125 5994 AND
2 1 70 4891 5993 AND
2 1 69 4888 5995 AND
2 1 5993 5995 5996 AND
2 1 5994 5996 5997 AND
2 1 275 4894 5998 AND
2 1 5997 5998 5999 AND
2 1 5999 44 6000 XOR
2 1 6013 6000 6015 XOR
2 1 6016 6015 6018 XOR
2 1 6026 6018 6028 XOR
2 1 5785 5810 5811 AND
2 1 5777 5812 5813 AND
2 1 5811 5813 5992 AND
2 1 6028 5992 6030 XOR
2 1 74 3904 5985 AND
2 1 76 3717 5984 AND
2 1 75 3714 5986 AND
2 1 5984 5986 5987 AND
2 1 5985 5987 5988 AND
2 1 576 3720 5989 AND
2 1 5988 5989 5990 AND
2 1 5990 38 5991 XOR
2 1 6030 5991 6032 XOR
2 1 5814 5822 5823 AND
2 1 5561 5824 5825 AND
2 1 5823 5825 5983 AND
2 1 6032 5983 6034 XOR
2 1 77 3339 5976 AND
2 1 79 3162 5975 AND
2 1 78 3159 5977 AND
2 1 5975 5977 5978 AND
2 1 5976 5978 5979 AND
2 1 792 3165 5980 AND
2 1 5979 5980 5981 AND
2 1 5981 35 5982 XOR
2 1 6034 5982 6036 XOR
2 1 5776 5826 5827 AND
2 1 5768 5828 5829 AND
2 1 5827 5829 5974 AND
2 1 6036 5974 6038 XOR
2 1 6046 6038 6048 XOR
2 1 6049 6048 6051 XOR
2 1 6059 6051 6061 XOR
2 1 6062 6061 6064 XOR
2 1 6072 6064 6074 XOR
2 1 6075 6074 6081 XOR
2 1 5758 5856 6080 AND
2 1 6081 6080 6082 XOR
2 1 89 1606 5967 AND
2 1 91 1491 5966 AND
2 1 90 1488 5968 AND
2 1 5966 5968 5969 AND
2 1 5967 5969 5970 AND
2 1 1494 2200 5971 AND
2 1 5970 5971 5972 AND
2 1 5972 23 5973 XOR
2 1 6082 5973 6084 XOR
2 1 5857 5865 5866 AND
2 1 5618 5620 5868 AND
2 1 5609 5617 5869 AND
2 1 5867 5869 5870 AND
2 1 5868 5870 5871 AND
2 1 5866 5871 5965 AND
2 1 6084 5965 6085 XOR
2 1 6093 6085 6095 XOR
2 1 6098 6095 6102 XOR
2 1 5748 5873 6101 AND
2 1 6102 6101 6103 XOR
2 1 95 992 5958 AND
2 1 97 917 5957 AND
2 1 96 914 5959 AND
2 1 5957 5959 5960 AND
2 1 5958 5960 5961 AND
2 1 920 3108 5962 AND
2 1 5961 5962 5963 AND
2 1 5963 17 5964 XOR
2 1 6103 5964 6105 XOR
2 1 6114 6105 6116 XOR
2 1 5873 5748 5874 XOR
2 1 5747 5874 5875 AND
2 1 5632 5640 5878 AND
2 1 5877 5878 5879 AND
2 1 5490 5641 5880 AND
2 1 5879 5880 5881 AND
2 1 5875 5881 5956 AND
2 1 6116 5956 6117 XOR
2 1 5877 5739 5882 XOR
2 1 5738 5882 5883 AND
2 1 5885 5886 5887 AND
2 1 5883 5887 5955 AND
2 1 6117 5955 6122 XOR
2 1 6130 6122 6132 XOR
2 1 6133 6132 6135 XOR
2 1 6143 6135 6145 XOR
2 1 6147 6145 6148 XOR
2 1 5682 5914 6146 AND
2 1 6148 6146 6149 XOR
2 1 6157 6149 6158 XOR
2 1 5915 5923 5924 AND
2 1 5684 5692 5926 AND
2 1 5694 5926 5927 AND
2 1 5925 5928 5929 AND
2 1 5927 5929 5930 AND
2 1 5924 5930 5954 AND
2 1 6158 5954 6159 XOR
2 1 112 134 5943 AND
2 1 110 147 5944 AND
2 1 111 131 5945 AND
2 1 5944 5945 5946 AND
2 1 5943 5946 5947 AND
2 1 112 111 5949 XOR
2 1 110 111 5720 AND
2 1 5701 5702 5722 AND
2 1 109 110 5723 AND
2 1 5721 5723 5724 AND
2 1 5722 5724 5725 AND
2 1 5720 5725 5948 AND
2 1 5949 5948 5950 XOR
2 1 138 5950 5951 AND
2 1 5947 5951 5952 AND
2 1 5952 2 5953 XOR
2 1 6159 5953 6161 XOR
2 1 5730 5933 5934 AND
2 1 5709 5711 5937 AND
2 1 5695 5708 5938 AND
2 1 5935 5938 5939 AND
2 1 5937 5939 5940 AND
2 1 5934 5940 5942 AND
2 1 6161 5942 6163 XOR
2 1 113 134 6399 AND
2 1 111 147 6400 AND
2 1 112 131 6401 AND
2 1 6400 6401 6402 AND
2 1 6399 6402 6403 AND
2 1 113 112 6410 XOR
2 1 110 112 6404 AND
2 1 111 6404 6405 AND
2 1 111 112 6406 AND
2 1 5725 6406 6407 AND
2 1 6405 6407 6408 AND
2 1 6410 6408 6412 XOR
2 1 138 6412 6413 AND
2 1 6403 6413 6414 AND
2 1 6414 2 6415 XOR
2 1 6149 6157 6391 AND
2 1 108 236 6382 AND
2 1 110 199 6381 AND
2 1 109 196 6383 AND
2 1 6381 6383 6384 AND
2 1 6382 6384 6385 AND
2 1 202 5705 6386 AND
2 1 6385 6386 6387 AND
2 1 6387 5 6388 XOR
2 1 6135 6143 6144 AND
2 1 6145 6147 6374 AND
2 1 5905 5913 6375 AND
2 1 5682 6375 6376 AND
2 1 6374 6376 6377 AND
2 1 6144 6377 6378 AND
2 1 105 343 6365 AND
2 1 107 315 6364 AND
2 1 106 312 6366 AND
2 1 6364 6366 6367 AND
2 1 6365 6367 6368 AND
2 1 318 4836 6369 AND
2 1 6368 6369 6370 AND
2 1 6370 8 6371 XOR
2 1 6122 6130 6131 AND
2 1 6132 6133 6134 AND
2 1 6131 6134 6358 AND
2 1 102 514 6348 AND
2 1 104 460 6347 AND
2 1 103 457 6349 AND
2 1 6347 6349 6350 AND
2 1 6348 6350 6351 AND
2 1 463 4414 6352 AND
2 1 6351 6352 6353 AND
2 1 6353 11 6354 XOR
2 1 99 735 6335 AND
2 1 101 650 6334 AND
2 1 100 647 6336 AND
2 1 6334 6336 6337 AND
2 1 6335 6337 6338 AND
2 1 653 3830 6339 AND
2 1 6338 6339 6340 AND
2 1 6340 14 6341 XOR
2 1 96 992 6316 AND
2 1 98 917 6315 AND
2 1 97 914 6317 AND
2 1 6315 6317 6318 AND
2 1 6316 6318 6319 AND
2 1 920 3291 6320 AND
2 1 6319 6320 6321 AND
2 1 6321 17 6322 XOR
2 1 93 1277 6303 AND
2 1 95 1166 6302 AND
2 1 94 1163 6304 AND
2 1 6302 6304 6305 AND
2 1 6303 6305 6306 AND
2 1 1169 2799 6307 AND
2 1 6306 6307 6308 AND
2 1 6308 20 6309 XOR
2 1 6064 6072 6073 AND
2 1 6074 6075 6076 AND
2 1 5847 5855 6077 AND
2 1 5758 6077 6078 AND
2 1 6076 6078 6079 AND
2 1 6073 6079 6292 AND
2 1 87 1974 6283 AND
2 1 89 1862 6282 AND
2 1 88 1859 6284 AND
2 1 6282 6284 6285 AND
2 1 6283 6285 6286 AND
2 1 1824 1865 6287 AND
2 1 6286 6287 6288 AND
2 1 6288 26 6289 XOR
2 1 6051 6059 6060 AND
2 1 6061 6062 6063 AND
2 1 6060 6063 6279 AND
2 1 84 2385 6270 AND
2 1 86 2245 6269 AND
2 1 85 2242 6271 AND
2 1 6269 6271 6272 AND
2 1 6270 6272 6273 AND
2 1 1567 2248 6274 AND
2 1 6273 6274 6275 AND
2 1 6275 29 6276 XOR
2 1 6038 6046 6047 AND
2 1 6048 6049 6050 AND
2 1 6047 6050 6266 AND
2 1 81 2837 6257 AND
2 1 83 2674 6256 AND
2 1 82 2671 6258 AND
2 1 6256 6258 6259 AND
2 1 6257 6259 6260 AND
2 1 1232 2677 6261 AND
2 1 6260 6261 6262 AND
2 1 6262 32 6263 XOR
2 1 5982 6034 6035 AND
2 1 5974 6036 6037 AND
2 1 6035 6037 6253 AND
2 1 75 3904 6240 AND
2 1 77 3717 6239 AND
2 1 76 3714 6241 AND
2 1 6239 6241 6242 AND
2 1 6240 6242 6243 AND
2 1 698 3720 6244 AND
2 1 6243 6244 6245 AND
2 1 6245 38 6246 XOR
2 1 72 4489 6227 AND
2 1 74 4283 6226 AND
2 1 73 4280 6228 AND
2 1 6226 6228 6229 AND
2 1 6227 6229 6230 AND
2 1 494 4286 6231 AND
2 1 6230 6231 6232 AND
2 1 6232 41 6233 XOR
2 1 6000 6013 6014 AND
2 1 6015 6016 6017 AND
2 1 6014 6017 6223 AND
2 1 49 48 6204 XOR
2 1 6001 6204 6205 AND
2 1 64 6205 6206 AND
2 1 50 49 6207 XOR
2 1 6001 6207 6208 AND
2 1 65 6208 6209 AND
2 1 6206 6209 6210 AND
2 1 6001 6207 6211 AND
2 1 139 6211 6212 AND
2 1 6210 6212 6213 AND
2 1 6213 50 6214 XOR
2 1 50 6002 6203 AND
2 1 6214 6203 6216 XOR
2 1 66 5789 6196 AND
2 1 68 5532 6195 AND
2 1 67 5529 6197 AND
2 1 6195 6197 6198 AND
2 1 6196 6198 6199 AND
2 1 191 5535 6200 AND
2 1 6199 6200 6201 AND
2 1 6201 47 6202 XOR
2 1 6216 6202 6218 XOR
2 1 6003 6011 6012 AND
2 1 5797 6002 6193 AND
2 1 6012 6193 6194 AND
2 1 6218 6194 6220 XOR
2 1 69 5125 6186 AND
2 1 71 4891 6185 AND
2 1 70 4888 6187 AND
2 1 6185 6187 6188 AND
2 1 6186 6188 6189 AND
2 1 297 4894 6190 AND
2 1 6189 6190 6191 AND
2 1 6191 44 6192 XOR
2 1 6220 6192 6222 XOR
2 1 6223 6222 6225 XOR
2 1 6233 6225 6235 XOR
2 1 6018 6026 6027 AND
2 1 5992 6028 6029 AND
2 1 6027 6029 6184 AND
2 1 6235 6184 6238 XOR
2 1 6246 6238 6248 XOR
2 1 5991 6030 6031 AND
2 1 5983 6032 6033 AND
2 1 6031 6033 6183 AND
2 1 6248 6183 6250 XOR
2 1 78 3339 6176 AND
2 1 80 3162 6175 AND
2 1 79 3159 6177 AND
2 1 6175 6177 6178 AND
2 1 6176 6178 6179 AND
2 1 872 3165 6180 AND
2 1 6179 6180 6181 AND
2 1 6181 35 6182 XOR
2 1 6250 6182 6252 XOR
2 1 6253 6252 6255 XOR
2 1 6263 6255 6265 XOR
2 1 6266 6265 6268 XOR
2 1 6276 6268 6278 XOR
2 1 6279 6278 6281 XOR
2 1 6289 6281 6291 XOR
2 1 6292 6291 6294 XOR
2 1 90 1606 6168 AND
2 1 92 1491 6167 AND
2 1 91 1488 6169 AND
2 1 6167 6169 6170 AND
2 1 6168 6170 6171 AND
2 1 1494 2346 6172 AND
2 1 6171 6172 6173 AND
2 1 6173 23 6174 XOR
2 1 6294 6174 6296 XOR
2 1 5973 6082 6083 AND
2 1 5965 6084 6165 AND
2 1 6083 6165 6166 AND
2 1 6296 6166 6301 XOR
2 1 6309 6301 6311 XOR
2 1 6322 6311 6324 XOR
2 1 6085 6093 6094 AND
2 1 5756 5872 6096 AND
2 1 6095 6096 6097 AND
2 1 5748 6098 6099 AND
2 1 6097 6099 6100 AND
2 1 6094 6100 6312 AND
2 1 6324 6312 6325 XOR
2 1 5964 6103 6104 AND
2 1 6325 6104 6332 XOR
2 1 6104 6105 6330 AND
2 1 5956 6330 6331 AND
2 1 6332 6331 6333 XOR
2 1 6341 6333 6343 XOR
2 1 6354 6343 6356 XOR
2 1 6105 5956 6106 XOR
2 1 6106 6114 6115 AND
2 1 5883 5886 6118 AND
2 1 5738 5882 6119 AND
2 1 6117 6119 6120 AND
2 1 6118 6120 6121 AND
2 1 6115 6121 6344 AND
2 1 6356 6344 6357 XOR
2 1 6358 6357 6363 XOR
2 1 6371 6363 6373 XOR
2 1 6378 6373 6380 XOR
2 1 6388 6380 6390 XOR
2 1 6391 6390 6397 XOR
2 1 5954 6158 6396 AND
2 1 6397 6396 6398 XOR
2 1 6415 6398 6417 XOR
2 1 5953 6159 6160 AND
2 1 5942 6161 6162 AND
2 1 6160 6162 6164 AND
2 1 6417 6164 6422 XOR
2 1 6398 6415 6416 AND
2 1 5953 6159 6418 AND
2 1 6417 6418 6419 AND
2 1 5942 6160 6420 AND
2 1 6419 6420 6421 AND
2 1 6416 6421 6657 AND
2 1 114 134 6639 AND
2 1 112 147 6640 AND
2 1 113 131 6641 AND
2 1 6640 6641 6642 AND
2 1 6639 6642 6643 AND
2 1 114 113 6646 XOR
2 1 112 113 6409 AND
2 1 6408 6410 6411 AND
2 1 6409 6411 6644 AND
2 1 6646 6644 6651 XOR
2 1 138 6651 6652 AND
2 1 6643 6652 6653 AND
2 1 6653 2 6654 XOR
2 1 6380 6388 6389 AND
2 1 6390 6391 6392 AND
2 1 6149 6157 6393 AND
2 1 5954 6393 6394 AND
2 1 6392 6394 6395 AND
2 1 6389 6395 6637 AND
2 1 109 236 6629 AND
2 1 111 199 6628 AND
2 1 110 196 6630 AND
2 1 6628 6630 6631 AND
2 1 6629 6631 6632 AND
2 1 202 5726 6633 AND
2 1 6632 6633 6634 AND
2 1 6634 5 6635 XOR
2 1 6344 6343 6346 XOR
2 1 6346 6354 6355 AND
2 1 6131 6133 6359 AND
2 1 6122 6130 6360 AND
2 1 6357 6360 6361 AND
2 1 6359 6361 6362 AND
2 1 6355 6362 6608 AND
2 1 103 514 6599 AND
2 1 105 460 6598 AND
2 1 104 457 6600 AND
2 1 6598 6600 6601 AND
2 1 6599 6601 6602 AND
2 1 463 4617 6603 AND
2 1 6602 6603 6604 AND
2 1 6604 11 6605 XOR
2 1 6333 6341 6342 AND
2 1 6343 6344 6345 AND
2 1 6342 6345 6595 AND
2 1 100 735 6586 AND
2 1 102 650 6585 AND
2 1 101 647 6587 AND
2 1 6585 6587 6588 AND
2 1 6586 6588 6589 AND
2 1 653 3850 6590 AND
2 1 6589 6590 6591 AND
2 1 6591 14 6592 XOR
2 1 6312 6311 6314 XOR
2 1 6314 6322 6323 AND
2 1 5964 6103 6326 AND
2 1 6325 6326 6327 AND
2 1 5956 6104 6328 AND
2 1 6327 6328 6329 AND
2 1 6323 6329 6582 AND
2 1 88 1974 6555 AND
2 1 90 1862 6554 AND
2 1 89 1859 6556 AND
2 1 6554 6556 6557 AND
2 1 6555 6557 6558 AND
2 1 1865 2065 6559 AND
2 1 6558 6559 6560 AND
2 1 6560 26 6561 XOR
2 1 85 2385 6542 AND
2 1 87 2245 6541 AND
2 1 86 2242 6543 AND
2 1 6541 6543 6544 AND
2 1 6542 6544 6545 AND
2 1 1687 2248 6546 AND
2 1 6545 6546 6547 AND
2 1 6547 29 6548 XOR
2 1 6255 6263 6264 AND
2 1 6265 6266 6267 AND
2 1 6264 6267 6538 AND
2 1 82 2837 6529 AND
2 1 84 2674 6528 AND
2 1 83 2671 6530 AND
2 1 6528 6530 6531 AND
2 1 6529 6531 6532 AND
2 1 1343 2677 6533 AND
2 1 6532 6533 6534 AND
2 1 6534 32 6535 XOR
2 1 73 4489 6509 AND
2 1 75 4283 6508 AND
2 1 74 4280 6510 AND
2 1 6508 6510 6511 AND
2 1 6509 6511 6512 AND
2 1 558 4286 6513 AND
2 1 6512 6513 6514 AND
2 1 6514 41 6515 XOR
2 1 67 5789 6493 AND
2 1 69 5532 6492 AND
2 1 68 5529 6494 AND
2 1 6492 6494 6495 AND
2 1 6493 6495 6496 AND
2 1 229 5535 6497 AND
2 1 6496 6497 6498 AND
2 1 6498 47 6499 XOR
2 1 6001 6207 6481 AND
2 1 6204 6481 6482 AND
2 1 64 6482 6483 AND
2 1 66 6208 6480 AND
2 1 65 6205 6484 AND
2 1 6480 6484 6485 AND
2 1 6483 6485 6486 AND
2 1 152 6211 6487 AND
2 1 6486 6487 6488 AND
2 1 6488 50 6489 XOR
2 1 6203 6214 6215 AND
2 1 6489 6215 6491 XOR
2 1 6499 6491 6501 XOR
2 1 6202 6216 6217 AND
2 1 6194 6218 6219 AND
2 1 6217 6219 6479 AND
2 1 6501 6479 6503 XOR
2 1 70 5125 6472 AND
2 1 72 4891 6471 AND
2 1 71 4888 6473 AND
2 1 6471 6473 6474 AND
2 1 6472 6474 6475 AND
2 1 376 4894 6476 AND
2 1 6475 6476 6477 AND
2 1 6477 44 6478 XOR
2 1 6503 6478 6505 XOR
2 1 6192 6220 6221 AND
2 1 6222 6223 6224 AND
2 1 6221 6224 6470 AND
2 1 6505 6470 6507 XOR
2 1 6515 6507 6517 XOR
2 1 6225 6233 6234 AND
2 1 6184 6235 6236 AND
2 1 6234 6236 6237 AND
2 1 6517 6237 6519 XOR
2 1 76 3904 6463 AND
2 1 78 3717 6462 AND
2 1 77 3714 6464 AND
2 1 6462 6464 6465 AND
2 1 6463 6465 6466 AND
2 1 719 3720 6467 AND
2 1 6466 6467 6468 AND
2 1 6468 38 6469 XOR
2 1 6519 6469 6521 XOR
2 1 6238 6246 6247 AND
2 1 6183 6248 6249 AND
2 1 6247 6249 6461 AND
2 1 6521 6461 6523 XOR
2 1 79 3339 6454 AND
2 1 81 3162 6453 AND
2 1 80 3159 6455 AND
2 1 6453 6455 6456 AND
2 1 6454 6456 6457 AND
2 1 965 3165 6458 AND
2 1 6457 6458 6459 AND
2 1 6459 35 6460 XOR
2 1 6523 6460 6525 XOR
2 1 6182 6250 6251 AND
2 1 6252 6253 6254 AND
2 1 6251 6254 6452 AND
2 1 6525 6452 6527 XOR
2 1 6535 6527 6537 XOR
2 1 6538 6537 6540 XOR
2 1 6548 6540 6550 XOR
2 1 6268 6276 6277 AND
2 1 6278 6279 6280 AND
2 1 6277 6280 6451 AND
2 1 6550 6451 6553 XOR
2 1 6561 6553 6563 XOR
2 1 6281 6289 6290 AND
2 1 6291 6292 6293 AND
2 1 6290 6293 6450 AND
2 1 6563 6450 6568 XOR
2 1 91 1606 6443 AND
2 1 93 1491 6442 AND
2 1 92 1488 6444 AND
2 1 6442 6444 6445 AND
2 1 6443 6445 6446 AND
2 1 1494 2497 6447 AND
2 1 6446 6447 6448 AND
2 1 6448 23 6449 XOR
2 1 6568 6449 6570 XOR
2 1 6174 6294 6295 AND
2 1 5973 6082 6297 AND
2 1 6296 6297 6298 AND
2 1 5965 6083 6299 AND
2 1 6298 6299 6300 AND
2 1 6295 6300 6441 AND
2 1 6570 6441 6572 XOR
2 1 94 1277 6434 AND
2 1 96 1166 6433 AND
2 1 95 1163 6435 AND
2 1 6433 6435 6436 AND
2 1 6434 6436 6437 AND
2 1 1169 2960 6438 AND
2 1 6437 6438 6439 AND
2 1 6439 20 6440 XOR
2 1 6572 6440 6574 XOR
2 1 6301 6309 6310 AND
2 1 6311 6312 6313 AND
2 1 6310 6313 6432 AND
2 1 6574 6432 6579 XOR
2 1 97 992 6425 AND
2 1 99 917 6424 AND
2 1 98 914 6426 AND
2 1 6424 6426 6427 AND
2 1 6425 6427 6428 AND
2 1 920 3473 6429 AND
2 1 6428 6429 6430 AND
2 1 6430 17 6431 XOR
2 1 6579 6431 6581 XOR
2 1 6582 6581 6584 XOR
2 1 6592 6584 6594 XOR
2 1 6595 6594 6597 XOR
2 1 6605 6597 6607 XOR
2 1 6608 6607 6610 XOR
2 1 106 343 6612 AND
2 1 108 315 6611 AND
2 1 107 312 6613 AND
2 1 6611 6613 6614 AND
2 1 6612 6614 6615 AND
2 1 318 5250 6616 AND
2 1 6615 6616 6617 AND
2 1 6617 8 6618 XOR
2 1 6610 6618 6619 AND
2 1 6610 6618 6620 AND
2 1 6619 6620 6626 AND
2 1 6363 6371 6372 AND
2 1 6373 6378 6379 AND
2 1 6372 6379 6423 AND
2 1 6626 6423 6627 XOR
2 1 6635 6627 6636 XOR
2 1 6637 6636 6638 XOR
2 1 6654 6638 6656 XOR
2 1 6657 6656 6659 XOR
2 1 6636 6637 6884 AND
2 1 6627 6635 6880 AND
2 1 110 236 6869 AND
2 1 112 199 6868 AND
2 1 111 196 6870 AND
2 1 6868 6870 6871 AND
2 1 6869 6871 6872 AND
2 1 202 5950 6873 AND
2 1 6872 6873 6874 AND
2 1 6874 5 6875 XOR
2 1 6597 6605 6606 AND
2 1 6607 6608 6609 AND
2 1 6606 6609 6862 AND
2 1 104 514 6853 AND
2 1 106 460 6852 AND
2 1 105 457 6854 AND
2 1 6852 6854 6855 AND
2 1 6853 6855 6856 AND
2 1 463 4814 6857 AND
2 1 6856 6857 6858 AND
2 1 6858 11 6859 XOR
2 1 6584 6592 6593 AND
2 1 6594 6595 6596 AND
2 1 6593 6596 6850 AND
2 1 101 735 6841 AND
2 1 103 650 6840 AND
2 1 102 647 6842 AND
2 1 6840 6842 6843 AND
2 1 6841 6843 6844 AND
2 1 653 4041 6845 AND
2 1 6844 6845 6846 AND
2 1 6846 14 6847 XOR
2 1 98 992 6825 AND
2 1 100 917 6824 AND
2 1 99 914 6826 AND
2 1 6824 6826 6827 AND
2 1 6825 6827 6828 AND
2 1 920 3635 6829 AND
2 1 6828 6829 6830 AND
2 1 6830 17 6831 XOR
2 1 92 1606 6807 AND
2 1 94 1491 6806 AND
2 1 93 1488 6808 AND
2 1 6806 6808 6809 AND
2 1 6807 6809 6810 AND
2 1 1494 2632 6811 AND
2 1 6810 6811 6812 AND
2 1 6812 23 6813 XOR
2 1 86 2385 6792 AND
2 1 88 2245 6791 AND
2 1 87 2242 6793 AND
2 1 6791 6793 6794 AND
2 1 6792 6794 6795 AND
2 1 1801 2248 6796 AND
2 1 6795 6796 6797 AND
2 1 6797 29 6798 XOR
2 1 6527 6535 6536 AND
2 1 6537 6538 6539 AND
2 1 6536 6539 6788 AND
2 1 83 2837 6779 AND
2 1 85 2674 6778 AND
2 1 84 2671 6780 AND
2 1 6778 6780 6781 AND
2 1 6779 6781 6782 AND
2 1 1441 2677 6783 AND
2 1 6782 6783 6784 AND
2 1 6784 32 6785 XOR
2 1 71 5125 6755 AND
2 1 73 4891 6754 AND
2 1 72 4888 6756 AND
2 1 6754 6756 6757 AND
2 1 6755 6757 6758 AND
2 1 423 4894 6759 AND
2 1 6758 6759 6760 AND
2 1 6760 44 6761 XOR
2 1 6491 6499 6500 AND
2 1 6479 6501 6502 AND
2 1 6500 6502 6751 AND
2 1 65 6482 6740 AND
2 1 67 6208 6739 AND
2 1 66 6205 6741 AND
2 1 6739 6741 6742 AND
2 1 6740 6742 6743 AND
2 1 169 6211 6744 AND
2 1 6743 6744 6745 AND
2 1 6745 50 6746 XOR
2 1 51 50 6736 XOR
2 1 64 6736 6737 AND
2 1 6215 6489 6490 AND
2 1 6737 6490 6738 XOR
2 1 6746 6738 6748 XOR
2 1 68 5789 6729 AND
2 1 70 5532 6728 AND
2 1 69 5529 6730 AND
2 1 6728 6730 6731 AND
2 1 6729 6731 6732 AND
2 1 275 5535 6733 AND
2 1 6732 6733 6734 AND
2 1 6734 47 6735 XOR
2 1 6748 6735 6750 XOR
2 1 6751 6750 6753 XOR
2 1 6761 6753 6763 XOR
2 1 6478 6503 6504 AND
2 1 6470 6505 6506 AND
2 1 6504 6506 6727 AND
2 1 6763 6727 6765 XOR
2 1 74 4489 6720 AND
2 1 76 4283 6719 AND
2 1 75 4280 6721 AND
2 1 6719 6721 6722 AND
2 1 6720 6722 6723 AND
2 1 576 4286 6724 AND
2 1 6723 6724 6725 AND
2 1 6725 41 6726 XOR
2 1 6765 6726 6767 XOR
2 1 6507 6515 6516 AND
2 1 6237 6517 6518 AND
2 1 6516 6518 6718 AND
2 1 6767 6718 6769 XOR
2 1 77 3904 6711 AND
2 1 79 3717 6710 AND
2 1 78 3714 6712 AND
2 1 6710 6712 6713 AND
2 1 6711 6713 6714 AND
2 1 792 3720 6715 AND
2 1 6714 6715 6716 AND
2 1 6716 38 6717 XOR
2 1 6769 6717 6771 XOR
2 1 6469 6519 6520 AND
2 1 6461 6521 6522 AND
2 1 6520 6522 6709 AND
2 1 6771 6709 6773 XOR
2 1 80 3339 6702 AND
2 1 82 3162 6701 AND
2 1 81 3159 6703 AND
2 1 6701 6703 6704 AND
2 1 6702 6704 6705 AND
2 1 1124 3165 6706 AND
2 1 6705 6706 6707 AND
2 1 6707 35 6708 XOR
2 1 6773 6708 6775 XOR
2 1 6460 6523 6524 AND
2 1 6452 6525 6526 AND
2 1 6524 6526 6700 AND
2 1 6775 6700 6777 XOR
2 1 6785 6777 6787 XOR
2 1 6788 6787 6790 XOR
2 1 6798 6790 6800 XOR
2 1 6540 6548 6549 AND
2 1 6451 6550 6551 AND
2 1 6549 6551 6552 AND
2 1 6800 6552 6802 XOR
2 1 89 1974 6693 AND
2 1 91 1862 6692 AND
2 1 90 1859 6694 AND
2 1 6692 6694 6695 AND
2 1 6693 6695 6696 AND
2 1 1865 2200 6697 AND
2 1 6696 6697 6698 AND
2 1 6698 26 6699 XOR
2 1 6802 6699 6804 XOR
2 1 6553 6561 6562 AND
2 1 6290 6292 6564 AND
2 1 6281 6289 6565 AND
2 1 6563 6565 6566 AND
2 1 6564 6566 6567 AND
2 1 6562 6567 6691 AND
2 1 6804 6691 6805 XOR
2 1 6813 6805 6815 XOR
2 1 6449 6568 6569 AND
2 1 6441 6570 6571 AND
2 1 6569 6571 6690 AND
2 1 6815 6690 6820 XOR
2 1 95 1277 6683 AND
2 1 97 1166 6682 AND
2 1 96 1163 6684 AND
2 1 6682 6684 6685 AND
2 1 6683 6685 6686 AND
2 1 1169 3108 6687 AND
2 1 6686 6687 6688 AND
2 1 6688 20 6689 XOR
2 1 6820 6689 6822 XOR
2 1 6831 6822 6833 XOR
2 1 6440 6572 6573 AND
2 1 6310 6312 6575 AND
2 1 6301 6309 6576 AND
2 1 6574 6576 6577 AND
2 1 6575 6577 6578 AND
2 1 6573 6578 6681 AND
2 1 6833 6681 6834 XOR
2 1 6431 6579 6580 AND
2 1 6581 6582 6583 AND
2 1 6580 6583 6680 AND
2 1 6834 6680 6839 XOR
2 1 6847 6839 6849 XOR
2 1 6850 6849 6851 XOR
2 1 6859 6851 6861 XOR
2 1 6862 6861 6864 XOR
2 1 107 343 6673 AND
2 1 109 315 6672 AND
2 1 108 312 6674 AND
2 1 6672 6674 6675 AND
2 1 6673 6675 6676 AND
2 1 318 5468 6677 AND
2 1 6676 6677 6678 AND
2 1 6678 8 6679 XOR
2 1 6864 6679 6866 XOR
2 1 6372 6378 6621 AND
2 1 6363 6371 6622 AND
2 1 6620 6622 6623 AND
2 1 6621 6623 6624 AND
2 1 6619 6624 6625 AND
2 1 6866 6625 6867 XOR
2 1 6875 6867 6877 XOR
2 1 6880 6877 6883 XOR
2 1 6884 6883 6885 XOR
2 1 115 134 6661 AND
2 1 113 147 6662 AND
2 1 114 131 6663 AND
2 1 6662 6663 6664 AND
2 1 6661 6664 6665 AND
2 1 115 114 6667 XOR
2 1 113 114 6645 AND
2 1 6408 6409 6647 AND
2 1 112 113 6648 AND
2 1 6646 6648 6649 AND
2 1 6647 6649 6650 AND
2 1 6645 6650 6666 AND
2 1 6667 6666 6668 XOR
2 1 138 6668 6669 AND
2 1 6665 6669 6670 AND
2 1 6670 2 6671 XOR
2 1 6885 6671 6887 XOR
2 1 6638 6654 6655 AND
2 1 6656 6657 6658 AND
2 1 6655 6658 6660 AND
2 1 6887 6660 6892 XOR
2 1 116 134 7137 AND
2 1 114 147 7138 AND
2 1 115 131 7139 AND
2 1 7138 7139 7140 AND
2 1 7137 7140 7141 AND
2 1 116 115 7148 XOR
2 1 113 115 7142 AND
2 1 114 7142 7143 AND
2 1 114 115 7144 AND
2 1 6650 7144 7145 AND
2 1 7143 7145 7146 AND
2 1 7148 7146 7150 XOR
2 1 138 7150 7151 AND
2 1 7141 7151 7152 AND
2 1 7152 2 7153 XOR
2 1 111 236 7127 AND
2 1 113 199 7126 AND
2 1 112 196 7128 AND
2 1 7126 7128 7129 AND
2 1 7127 7129 7130 AND
2 1 202 6412 7131 AND
2 1 7130 7131 7132 AND
2 1 7132 5 7133 XOR
2 1 6679 6864 6865 AND
2 1 6625 6866 7119 AND
2 1 6865 7119 7120 AND
2 1 108 343 7109 AND
2 1 110 315 7108 AND
2 1 109 312 7110 AND
2 1 7108 7110 7111 AND
2 1 7109 7111 7112 AND
2 1 318 5705 7113 AND
2 1 7112 7113 7114 AND
2 1 7114 8 7115 XOR
2 1 105 514 7096 AND
2 1 107 460 7095 AND
2 1 106 457 7097 AND
2 1 7095 7097 7098 AND
2 1 7096 7098 7099 AND
2 1 463 4836 7100 AND
2 1 7099 7100 7101 AND
2 1 7101 11 7102 XOR
2 1 102 735 7078 AND
2 1 104 650 7077 AND
2 1 103 647 7079 AND
2 1 7077 7079 7080 AND
2 1 7078 7080 7081 AND
2 1 653 4414 7082 AND
2 1 7081 7082 7083 AND
2 1 7083 14 7084 XOR
2 1 6822 6681 6823 XOR
2 1 6823 6831 6832 AND
2 1 6580 6582 6835 AND
2 1 6431 6579 6836 AND
2 1 6834 6836 6837 AND
2 1 6835 6837 6838 AND
2 1 6832 6838 7074 AND
2 1 99 992 7065 AND
2 1 101 917 7064 AND
2 1 100 914 7066 AND
2 1 7064 7066 7067 AND
2 1 7065 7067 7068 AND
2 1 920 3830 7069 AND
2 1 7068 7069 7070 AND
2 1 7070 17 7071 XOR
2 1 6689 6820 6821 AND
2 1 6681 6822 7057 AND
2 1 6821 7057 7058 AND
2 1 96 1277 7048 AND
2 1 98 1166 7047 AND
2 1 97 1163 7049 AND
2 1 7047 7049 7050 AND
2 1 7048 7050 7051 AND
2 1 1169 3291 7052 AND
2 1 7051 7052 7053 AND
2 1 7053 20 7054 XOR
2 1 6805 6813 6814 AND
2 1 6449 6568 6816 AND
2 1 6815 6816 6817 AND
2 1 6441 6569 6818 AND
2 1 6817 6818 6819 AND
2 1 6814 6819 7044 AND
2 1 93 1606 7035 AND
2 1 95 1491 7034 AND
2 1 94 1488 7036 AND
2 1 7034 7036 7037 AND
2 1 7035 7037 7038 AND
2 1 1494 2799 7039 AND
2 1 7038 7039 7040 AND
2 1 7040 23 7041 XOR
2 1 90 1974 7019 AND
2 1 92 1862 7018 AND
2 1 91 1859 7020 AND
2 1 7018 7020 7021 AND
2 1 7019 7021 7022 AND
2 1 1865 2346 7023 AND
2 1 7022 7023 7024 AND
2 1 7024 26 7025 XOR
2 1 87 2385 7008 AND
2 1 89 2245 7007 AND
2 1 88 2242 7009 AND
2 1 7007 7009 7010 AND
2 1 7008 7010 7011 AND
2 1 1824 2248 7012 AND
2 1 7011 7012 7013 AND
2 1 7013 29 7014 XOR
2 1 6777 6785 6786 AND
2 1 6787 6788 6789 AND
2 1 6786 6789 7004 AND
2 1 84 2837 6995 AND
2 1 86 2674 6994 AND
2 1 85 2671 6996 AND
2 1 6994 6996 6997 AND
2 1 6995 6997 6998 AND
2 1 1567 2677 6999 AND
2 1 6998 6999 7000 AND
2 1 7000 32 7001 XOR
2 1 81 3339 6982 AND
2 1 83 3162 6981 AND
2 1 82 3159 6983 AND
2 1 6981 6983 6984 AND
2 1 6982 6984 6985 AND
2 1 1232 3165 6986 AND
2 1 6985 6986 6987 AND
2 1 6987 35 6988 XOR
2 1 6717 6769 6770 AND
2 1 6709 6771 6772 AND
2 1 6770 6772 6978 AND
2 1 75 4489 6965 AND
2 1 77 4283 6964 AND
2 1 76 4280 6966 AND
2 1 6964 6966 6967 AND
2 1 6965 6967 6968 AND
2 1 698 4286 6969 AND
2 1 6968 6969 6970 AND
2 1 6970 41 6971 XOR
2 1 72 5125 6952 AND
2 1 74 4891 6951 AND
2 1 73 4888 6953 AND
2 1 6951 6953 6954 AND
2 1 6952 6954 6955 AND
2 1 494 4894 6956 AND
2 1 6955 6956 6957 AND
2 1 6957 44 6958 XOR
2 1 6735 6748 6749 AND
2 1 6750 6751 6752 AND
2 1 6749 6752 6948 AND
2 1 52 51 6929 XOR
2 1 6736 6929 6930 AND
2 1 64 6930 6931 AND
2 1 53 52 6932 XOR
2 1 6736 6932 6933 AND
2 1 65 6933 6934 AND
2 1 6931 6934 6935 AND
2 1 6736 6932 6936 AND
2 1 139 6936 6937 AND
2 1 6935 6937 6938 AND
2 1 6938 53 6939 XOR
2 1 53 6737 6928 AND
2 1 6939 6928 6941 XOR
2 1 66 6482 6921 AND
2 1 68 6208 6920 AND
2 1 67 6205 6922 AND
2 1 6920 6922 6923 AND
2 1 6921 6923 6924 AND
2 1 191 6211 6925 AND
2 1 6924 6925 6926 AND
2 1 6926 50 6927 XOR
2 1 6941 6927 6943 XOR
2 1 6738 6746 6747 AND
2 1 6490 6737 6918 AND
2 1 6747 6918 6919 AND
2 1 6943 6919 6945 XOR
2 1 69 5789 6911 AND
2 1 71 5532 6910 AND
2 1 70 5529 6912 AND
2 1 6910 6912 6913 AND
2 1 6911 6913 6914 AND
2 1 297 5535 6915 AND
2 1 6914 6915 6916 AND
2 1 6916 47 6917 XOR
2 1 6945 6917 6947 XOR
2 1 6948 6947 6950 XOR
2 1 6958 6950 6960 XOR
2 1 6753 6761 6762 AND
2 1 6727 6763 6764 AND
2 1 6762 6764 6909 AND
2 1 6960 6909 6963 XOR
2 1 6971 6963 6973 XOR
2 1 6726 6765 6766 AND
2 1 6718 6767 6768 AND
2 1 6766 6768 6908 AND
2 1 6973 6908 6975 XOR
2 1 78 3904 6901 AND
2 1 80 3717 6900 AND
2 1 79 3714 6902 AND
2 1 6900 6902 6903 AND
2 1 6901 6903 6904 AND
2 1 872 3720 6905 AND
2 1 6904 6905 6906 AND
2 1 6906 38 6907 XOR
2 1 6975 6907 6977 XOR
2 1 6978 6977 6980 XOR
2 1 6988 6980 6990 XOR
2 1 6708 6773 6774 AND
2 1 6700 6775 6776 AND
2 1 6774 6776 6899 AND
2 1 6990 6899 6993 XOR
2 1 7001 6993 7003 XOR
2 1 7004 7003 7006 XOR
2 1 7014 7006 7016 XOR
2 1 7025 7016 7027 XOR
2 1 6790 6798 6799 AND
2 1 6552 6800 6801 AND
2 1 6799 6801 6898 AND
2 1 7027 6898 7028 XOR
2 1 6699 6802 6803 AND
2 1 6691 6804 6896 AND
2 1 6803 6896 6897 AND
2 1 7028 6897 7033 XOR
2 1 7041 7033 7043 XOR
2 1 7044 7043 7046 XOR
2 1 7054 7046 7056 XOR
2 1 7058 7056 7063 XOR
2 1 7071 7063 7073 XOR
2 1 7074 7073 7076 XOR
2 1 7084 7076 7086 XOR
2 1 6839 6847 6848 AND
2 1 7086 6848 7093 XOR
2 1 6848 6849 7091 AND
2 1 6850 7091 7092 AND
2 1 7093 7092 7094 XOR
2 1 7102 7094 7104 XOR
2 1 7115 7104 7117 XOR
2 1 6851 6859 6860 AND
2 1 6861 6862 6863 AND
2 1 6860 6863 6895 AND
2 1 7117 6895 7118 XOR
2 1 7120 7118 7125 XOR
2 1 7133 7125 7135 XOR
2 1 6867 6875 6876 AND
2 1 6627 6635 6878 AND
2 1 6637 6878 6879 AND
2 1 6877 6880 6881 AND
2 1 6879 6881 6882 AND
2 1 6876 6882 6894 AND
2 1 7135 6894 7136 XOR
2 1 7153 7136 7155 XOR
2 1 6671 6885 6886 AND
2 1 6655 6657 6888 AND
2 1 6638 6654 6889 AND
2 1 6887 6889 6890 AND
2 1 6888 6890 6891 AND
2 1 6886 6891 6893 AND
2 1 7155 6893 7157 XOR
2 1 117 134 7395 AND
2 1 115 147 7396 AND
2 1 116 131 7397 AND
2 1 7396 7397 7398 AND
2 1 7395 7398 7399 AND
2 1 7399 2 7410 XOR
2 1 117 116 7402 XOR
2 1 115 116 7147 AND
2 1 7146 7148 7149 AND
2 1 7147 7149 7400 AND
2 1 7402 7400 7407 XOR
2 1 138 7399 7408 AND
2 1 7407 7408 7409 AND
2 1 7410 7409 7411 XOR
2 1 7104 6895 7107 XOR
2 1 7107 7115 7116 AND
2 1 6679 6864 7121 AND
2 1 7118 7121 7122 AND
2 1 6625 6865 7123 AND
2 1 7122 7123 7124 AND
2 1 7116 7124 7375 AND
2 1 109 343 7366 AND
2 1 111 315 7365 AND
2 1 110 312 7367 AND
2 1 7365 7367 7368 AND
2 1 7366 7368 7369 AND
2 1 318 5726 7370 AND
2 1 7369 7370 7371 AND
2 1 7371 8 7372 XOR
2 1 106 514 7353 AND
2 1 108 460 7352 AND
2 1 107 457 7354 AND
2 1 7352 7354 7355 AND
2 1 7353 7355 7356 AND
2 1 463 5250 7357 AND
2 1 7356 7357 7358 AND
2 1 7358 11 7359 XOR
2 1 7076 7084 7085 AND
2 1 6848 6850 7087 AND
2 1 6839 6847 7088 AND
2 1 7086 7088 7089 AND
2 1 7087 7089 7090 AND
2 1 7085 7090 7349 AND
2 1 103 735 7340 AND
2 1 105 650 7339 AND
2 1 104 647 7341 AND
2 1 7339 7341 7342 AND
2 1 7340 7342 7343 AND
2 1 653 4617 7344 AND
2 1 7343 7344 7345 AND
2 1 7345 14 7346 XOR
2 1 7063 7071 7072 AND
2 1 7073 7074 7075 AND
2 1 7072 7075 7333 AND
2 1 100 992 7323 AND
2 1 102 917 7322 AND
2 1 101 914 7324 AND
2 1 7322 7324 7325 AND
2 1 7323 7325 7326 AND
2 1 920 3850 7327 AND
2 1 7326 7327 7328 AND
2 1 7328 17 7329 XOR
2 1 88 2385 7292 AND
2 1 90 2245 7291 AND
2 1 89 2242 7293 AND
2 1 7291 7293 7294 AND
2 1 7292 7294 7295 AND
2 1 2065 2248 7296 AND
2 1 7295 7296 7297 AND
2 1 7297 29 7298 XOR
2 1 82 3339 7276 AND
2 1 84 3162 7275 AND
2 1 83 3159 7277 AND
2 1 7275 7277 7278 AND
2 1 7276 7278 7279 AND
2 1 1343 3165 7280 AND
2 1 7279 7280 7281 AND
2 1 7281 35 7282 XOR
2 1 70 5789 7252 AND
2 1 72 5532 7251 AND
2 1 71 5529 7253 AND
2 1 7251 7253 7254 AND
2 1 7252 7254 7255 AND
2 1 376 5535 7256 AND
2 1 7255 7256 7257 AND
2 1 7257 47 7258 XOR
2 1 67 6482 7239 AND
2 1 69 6208 7238 AND
2 1 68 6205 7240 AND
2 1 7238 7240 7241 AND
2 1 7239 7241 7242 AND
2 1 229 6211 7243 AND
2 1 7242 7243 7244 AND
2 1 7244 50 7245 XOR
2 1 6736 6932 7227 AND
2 1 6929 7227 7228 AND
2 1 64 7228 7229 AND
2 1 66 6933 7226 AND
2 1 65 6930 7230 AND
2 1 7226 7230 7231 AND
2 1 7229 7231 7232 AND
2 1 152 6936 7233 AND
2 1 7232 7233 7234 AND
2 1 7234 53 7235 XOR
2 1 6928 6939 6940 AND
2 1 7235 6940 7237 XOR
2 1 7245 7237 7247 XOR
2 1 6927 6941 6942 AND
2 1 6919 6943 6944 AND
2 1 6942 6944 7225 AND
2 1 7247 7225 7250 XOR
2 1 7258 7250 7260 XOR
2 1 6917 6945 6946 AND
2 1 6947 6948 6949 AND
2 1 6946 6949 7224 AND
2 1 7260 7224 7262 XOR
2 1 73 5125 7217 AND
2 1 75 4891 7216 AND
2 1 74 4888 7218 AND
2 1 7216 7218 7219 AND
2 1 7217 7219 7220 AND
2 1 558 4894 7221 AND
2 1 7220 7221 7222 AND
2 1 7222 44 7223 XOR
2 1 7262 7223 7264 XOR
2 1 6950 6958 6959 AND
2 1 6909 6960 6961 AND
2 1 6959 6961 6962 AND
2 1 7264 6962 7266 XOR
2 1 76 4489 7209 AND
2 1 78 4283 7208 AND
2 1 77 4280 7210 AND
2 1 7208 7210 7211 AND
2 1 7209 7211 7212 AND
2 1 719 4286 7213 AND
2 1 7212 7213 7214 AND
2 1 7214 41 7215 XOR
2 1 7266 7215 7268 XOR
2 1 6963 6971 6972 AND
2 1 6908 6973 6974 AND
2 1 6972 6974 7207 AND
2 1 7268 7207 7270 XOR
2 1 79 3904 7200 AND
2 1 81 3717 7199 AND
2 1 80 3714 7201 AND
2 1 7199 7201 7202 AND
2 1 7200 7202 7203 AND
2 1 965 3720 7204 AND
2 1 7203 7204 7205 AND
2 1 7205 38 7206 XOR
2 1 7270 7206 7272 XOR
2 1 6907 6975 6976 AND
2 1 6977 6978 6979 AND
2 1 6976 6979 7198 AND
2 1 7272 7198 7274 XOR
2 1 7282 7274 7284 XOR
2 1 6980 6988 6989 AND
2 1 6899 6990 6991 AND
2 1 6989 6991 6992 AND
2 1 7284 6992 7286 XOR
2 1 85 2837 7191 AND
2 1 87 2674 7190 AND
2 1 86 2671 7192 AND
2 1 7190 7192 7193 AND
2 1 7191 7193 7194 AND
2 1 1687 2677 7195 AND
2 1 7194 7195 7196 AND
2 1 7196 32 7197 XOR
2 1 7286 7197 7288 XOR
2 1 6993 7001 7002 AND
2 1 7003 7004 7005 AND
2 1 7002 7005 7189 AND
2 1 7288 7189 7290 XOR
2 1 7298 7290 7300 XOR
2 1 7006 7014 7015 AND
2 1 6898 7016 7187 AND
2 1 7015 7187 7188 AND
2 1 7300 7188 7305 XOR
2 1 91 1974 7180 AND
2 1 93 1862 7179 AND
2 1 92 1859 7181 AND
2 1 7179 7181 7182 AND
2 1 7180 7182 7183 AND
2 1 1865 2497 7184 AND
2 1 7183 7184 7185 AND
2 1 7185 26 7186 XOR
2 1 7305 7186 7307 XOR
2 1 7016 6898 7017 XOR
2 1 7017 7025 7026 AND
2 1 6699 6802 7029 AND
2 1 7028 7029 7030 AND
2 1 6691 6803 7031 AND
2 1 7030 7031 7032 AND
2 1 7026 7032 7178 AND
2 1 7307 7178 7309 XOR
2 1 94 1606 7171 AND
2 1 96 1491 7170 AND
2 1 95 1488 7172 AND
2 1 7170 7172 7173 AND
2 1 7171 7173 7174 AND
2 1 1494 2960 7175 AND
2 1 7174 7175 7176 AND
2 1 7176 23 7177 XOR
2 1 7309 7177 7311 XOR
2 1 7033 7041 7042 AND
2 1 7043 7044 7045 AND
2 1 7042 7045 7169 AND
2 1 7311 7169 7316 XOR
2 1 97 1277 7162 AND
2 1 99 1166 7161 AND
2 1 98 1163 7163 AND
2 1 7161 7163 7164 AND
2 1 7162 7164 7165 AND
2 1 1169 3473 7166 AND
2 1 7165 7166 7167 AND
2 1 7167 20 7168 XOR
2 1 7316 7168 7318 XOR
2 1 7329 7318 7331 XOR
2 1 7046 7054 7055 AND
2 1 6689 6820 7059 AND
2 1 7056 7059 7060 AND
2 1 6681 6821 7061 AND
2 1 7060 7061 7062 AND
2 1 7055 7062 7319 AND
2 1 7331 7319 7332 XOR
2 1 7333 7332 7338 XOR
2 1 7346 7338 7348 XOR
2 1 7349 7348 7351 XOR
2 1 7359 7351 7361 XOR
2 1 7094 7102 7103 AND
2 1 6895 7104 7105 AND
2 1 7103 7105 7106 AND
2 1 7361 7106 7364 XOR
2 1 7372 7364 7374 XOR
2 1 7375 7374 7377 XOR
2 1 112 236 7379 AND
2 1 114 199 7378 AND
2 1 113 196 7380 AND
2 1 7378 7380 7381 AND
2 1 7379 7381 7382 AND
2 1 202 6651 7383 AND
2 1 7382 7383 7384 AND
2 1 7384 5 7385 XOR
2 1 7377 7385 7386 AND
2 1 7377 7385 7387 AND
2 1 7386 7387 7393 AND
2 1 7411 7393 7412 XOR
2 1 7125 7133 7134 AND
2 1 6894 7135 7159 AND
2 1 7134 7159 7160 AND
2 1 7412 7160 7413 XOR
2 1 7136 7153 7154 AND
2 1 6893 7155 7156 AND
2 1 7154 7156 7158 AND
2 1 7413 7158 7418 XOR
2 1 113 236 7648 AND
2 1 115 199 7647 AND
2 1 114 196 7649 AND
2 1 7647 7649 7650 AND
2 1 7648 7650 7651 AND
2 1 202 6668 7652 AND
2 1 7651 7652 7653 AND
2 1 7653 5 7654 XOR
2 1 7364 7372 7373 AND
2 1 7374 7375 7376 AND
2 1 7373 7376 7644 AND
2 1 110 343 7635 AND
2 1 112 315 7634 AND
2 1 111 312 7636 AND
2 1 7634 7636 7637 AND
2 1 7635 7637 7638 AND
2 1 318 5950 7639 AND
2 1 7638 7639 7640 AND
2 1 7640 8 7641 XOR
2 1 104 735 7616 AND
2 1 106 650 7615 AND
2 1 105 647 7617 AND
2 1 7615 7617 7618 AND
2 1 7616 7618 7619 AND
2 1 653 4814 7620 AND
2 1 7619 7620 7621 AND
2 1 7621 14 7622 XOR
2 1 7319 7318 7321 XOR
2 1 7321 7329 7330 AND
2 1 7072 7074 7334 AND
2 1 7063 7071 7335 AND
2 1 7332 7335 7336 AND
2 1 7334 7336 7337 AND
2 1 7330 7337 7612 AND
2 1 101 992 7603 AND
2 1 103 917 7602 AND
2 1 102 914 7604 AND
2 1 7602 7604 7605 AND
2 1 7603 7605 7606 AND
2 1 920 4041 7607 AND
2 1 7606 7607 7608 AND
2 1 7608 17 7609 XOR
2 1 98 1277 7588 AND
2 1 100 1166 7587 AND
2 1 99 1163 7589 AND
2 1 7587 7589 7590 AND
2 1 7588 7590 7591 AND
2 1 1169 3635 7592 AND
2 1 7591 7592 7593 AND
2 1 7593 20 7594 XOR
2 1 95 1606 7577 AND
2 1 97 1491 7576 AND
2 1 96 1488 7578 AND
2 1 7576 7578 7579 AND
2 1 7577 7579 7580 AND
2 1 1494 3108 7581 AND
2 1 7580 7581 7582 AND
2 1 7582 23 7583 XOR
2 1 65 7228 7527 AND
2 1 67 6933 7526 AND
2 1 66 6930 7528 AND
2 1 7526 7528 7529 AND
2 1 7527 7529 7530 AND
2 1 169 6936 7531 AND
2 1 7530 7531 7532 AND
2 1 7532 53 7533 XOR
2 1 54 53 7523 XOR
2 1 64 7523 7524 AND
2 1 6940 7235 7236 AND
2 1 7524 7236 7525 XOR
2 1 7533 7525 7535 XOR
2 1 68 6482 7516 AND
2 1 70 6208 7515 AND
2 1 69 6205 7517 AND
2 1 7515 7517 7518 AND
2 1 7516 7518 7519 AND
2 1 275 6211 7520 AND
2 1 7519 7520 7521 AND
2 1 7521 50 7522 XOR
2 1 7535 7522 7537 XOR
2 1 7237 7245 7246 AND
2 1 7225 7247 7248 AND
2 1 7246 7248 7249 AND
2 1 7537 7249 7539 XOR
2 1 71 5789 7508 AND
2 1 73 5532 7507 AND
2 1 72 5529 7509 AND
2 1 7507 7509 7510 AND
2 1 7508 7510 7511 AND
2 1 423 5535 7512 AND
2 1 7511 7512 7513 AND
2 1 7513 47 7514 XOR
2 1 7539 7514 7541 XOR
2 1 7250 7258 7259 AND
2 1 7224 7260 7261 AND
2 1 7259 7261 7506 AND
2 1 7541 7506 7543 XOR
2 1 74 5125 7499 AND
2 1 76 4891 7498 AND
2 1 75 4888 7500 AND
2 1 7498 7500 7501 AND
2 1 7499 7501 7502 AND
2 1 576 4894 7503 AND
2 1 7502 7503 7504 AND
2 1 7504 44 7505 XOR
2 1 7543 7505 7545 XOR
2 1 7223 7262 7263 AND
2 1 6962 7264 7265 AND
2 1 7263 7265 7497 AND
2 1 7545 7497 7547 XOR
2 1 77 4489 7490 AND
2 1 79 4283 7489 AND
2 1 78 4280 7491 AND
2 1 7489 7491 7492 AND
2 1 7490 7492 7493 AND
2 1 792 4286 7494 AND
2 1 7493 7494 7495 AND
2 1 7495 41 7496 XOR
2 1 7547 7496 7549 XOR
2 1 7215 7266 7267 AND
2 1 7207 7268 7269 AND
2 1 7267 7269 7488 AND
2 1 7549 7488 7551 XOR
2 1 80 3904 7481 AND
2 1 82 3717 7480 AND
2 1 81 3714 7482 AND
2 1 7480 7482 7483 AND
2 1 7481 7483 7484 AND
2 1 1124 3720 7485 AND
2 1 7484 7485 7486 AND
2 1 7486 38 7487 XOR
2 1 7551 7487 7553 XOR
2 1 7206 7270 7271 AND
2 1 7198 7272 7273 AND
2 1 7271 7273 7479 AND
2 1 7553 7479 7555 XOR
2 1 83 3339 7472 AND
2 1 85 3162 7471 AND
2 1 84 3159 7473 AND
2 1 7471 7473 7474 AND
2 1 7472 7474 7475 AND
2 1 1441 3165 7476 AND
2 1 7475 7476 7477 AND
2 1 7477 35 7478 XOR
2 1 7555 7478 7557 XOR
2 1 7274 7282 7283 AND
2 1 6992 7284 7285 AND
2 1 7283 7285 7470 AND
2 1 7557 7470 7559 XOR
2 1 86 2837 7463 AND
2 1 88 2674 7462 AND
2 1 87 2671 7464 AND
2 1 7462 7464 7465 AND
2 1 7463 7465 7466 AND
2 1 1801 2677 7467 AND
2 1 7466 7467 7468 AND
2 1 7468 32 7469 XOR
2 1 7559 7469 7561 XOR
2 1 7197 7286 7287 AND
2 1 7189 7288 7289 AND
2 1 7287 7289 7461 AND
2 1 7561 7461 7563 XOR
2 1 89 2385 7454 AND
2 1 91 2245 7453 AND
2 1 90 2242 7455 AND
2 1 7453 7455 7456 AND
2 1 7454 7456 7457 AND
2 1 2200 2248 7458 AND
2 1 7457 7458 7459 AND
2 1 7459 29 7460 XOR
2 1 7563 7460 7565 XOR
2 1 92 1974 7445 AND
2 1 94 1862 7444 AND
2 1 93 1859 7446 AND
2 1 7444 7446 7447 AND
2 1 7445 7447 7448 AND
2 1 1865 2632 7449 AND
2 1 7448 7449 7450 AND
2 1 7450 26 7451 XOR
2 1 7565 7451 7569 XOR
2 1 7290 7298 7299 AND
2 1 7006 7014 7301 AND
2 1 7300 7301 7302 AND
2 1 6898 7015 7303 AND
2 1 7302 7303 7304 AND
2 1 7299 7304 7452 AND
2 1 7569 7452 7570 XOR
2 1 7186 7305 7306 AND
2 1 7178 7307 7308 AND
2 1 7306 7308 7443 AND
2 1 7570 7443 7575 XOR
2 1 7583 7575 7585 XOR
2 1 7177 7309 7310 AND
2 1 7042 7044 7312 AND
2 1 7033 7041 7313 AND
2 1 7311 7313 7314 AND
2 1 7312 7314 7315 AND
2 1 7310 7315 7442 AND
2 1 7585 7442 7586 XOR
2 1 7594 7586 7596 XOR
2 1 7168 7316 7317 AND
2 1 7318 7319 7320 AND
2 1 7317 7320 7441 AND
2 1 7596 7441 7601 XOR
2 1 7609 7601 7611 XOR
2 1 7612 7611 7614 XOR
2 1 7622 7614 7624 XOR
2 1 7338 7346 7347 AND
2 1 7348 7349 7350 AND
2 1 7347 7350 7440 AND
2 1 7624 7440 7629 XOR
2 1 107 514 7433 AND
2 1 109 460 7432 AND
2 1 108 457 7434 AND
2 1 7432 7434 7435 AND
2 1 7433 7435 7436 AND
2 1 463 5468 7437 AND
2 1 7436 7437 7438 AND
2 1 7438 11 7439 XOR
2 1 7629 7439 7631 XOR
2 1 7351 7359 7360 AND
2 1 7106 7361 7362 AND
2 1 7360 7362 7363 AND
2 1 7631 7363 7633 XOR
2 1 7641 7633 7643 XOR
2 1 7644 7643 7646 XOR
2 1 7654 7646 7656 XOR
2 1 7125 7133 7388 AND
2 1 7387 7388 7389 AND
2 1 6894 7134 7390 AND
2 1 7389 7390 7391 AND
2 1 7386 7391 7392 AND
2 1 7656 7392 7658 XOR
2 1 118 134 7421 AND
2 1 116 147 7422 AND
2 1 117 131 7423 AND
2 1 7422 7423 7424 AND
2 1 7421 7424 7425 AND
2 1 118 117 7427 XOR
2 1 116 117 7401 AND
2 1 7146 7147 7403 AND
2 1 115 116 7404 AND
2 1 7402 7404 7405 AND
2 1 7403 7405 7406 AND
2 1 7401 7406 7426 AND
2 1 7427 7426 7428 XOR
2 1 138 7428 7429 AND
2 1 7425 7429 7430 AND
2 1 7430 2 7431 XOR
2 1 7658 7431 7660 XOR
2 1 7136 7153 7414 AND
2 1 7413 7414 7415 AND
2 1 6893 7154 7416 AND
2 1 7415 7416 7417 AND
2 1 7393 7160 7394 XOR
2 1 7394 7411 7419 AND
2 1 7417 7419 7420 AND
2 1 7660 7420 7662 XOR
2 1 119 134 7912 AND
2 1 117 147 7913 AND
2 1 118 131 7914 AND
2 1 7913 7914 7915 AND
2 1 7912 7915 7916 AND
2 1 119 118 7923 XOR
2 1 116 118 7917 AND
2 1 117 7917 7918 AND
2 1 117 118 7919 AND
2 1 7406 7919 7920 AND
2 1 7918 7920 7921 AND
2 1 7923 7921 7925 XOR
2 1 138 7925 7926 AND
2 1 7916 7926 7927 AND
2 1 7927 2 7928 XOR
2 1 108 514 7891 AND
2 1 110 460 7890 AND
2 1 109 457 7892 AND
2 1 7890 7892 7893 AND
2 1 7891 7893 7894 AND
2 1 463 5705 7895 AND
2 1 7894 7895 7896 AND
2 1 7896 11 7897 XOR
2 1 105 735 7878 AND
2 1 107 650 7877 AND
2 1 106 647 7879 AND
2 1 7877 7879 7880 AND
2 1 7878 7880 7881 AND
2 1 653 4836 7882 AND
2 1 7881 7882 7883 AND
2 1 7883 14 7884 XOR
2 1 7601 7609 7610 AND
2 1 7611 7612 7613 AND
2 1 7610 7613 7871 AND
2 1 102 992 7861 AND
2 1 104 917 7860 AND
2 1 103 914 7862 AND
2 1 7860 7862 7863 AND
2 1 7861 7863 7864 AND
2 1 920 4414 7865 AND
2 1 7864 7865 7866 AND
2 1 7866 17 7867 XOR
2 1 99 1277 7848 AND
2 1 101 1166 7847 AND
2 1 100 1163 7849 AND
2 1 7847 7849 7850 AND
2 1 7848 7850 7851 AND
2 1 1169 3830 7852 AND
2 1 7851 7852 7853 AND
2 1 7853 20 7854 XOR
2 1 7575 7583 7584 AND
2 1 7442 7585 7840 AND
2 1 7584 7840 7841 AND
2 1 96 1606 7831 AND
2 1 98 1491 7830 AND
2 1 97 1488 7832 AND
2 1 7830 7832 7833 AND
2 1 7831 7833 7834 AND
2 1 1494 3291 7835 AND
2 1 7834 7835 7836 AND
2 1 7836 23 7837 XOR
2 1 7565 7452 7567 XOR
2 1 7451 7567 7568 AND
2 1 7186 7305 7571 AND
2 1 7570 7571 7572 AND
2 1 7178 7306 7573 AND
2 1 7572 7573 7574 AND
2 1 7568 7574 7827 AND
2 1 93 1974 7818 AND
2 1 95 1862 7817 AND
2 1 94 1859 7819 AND
2 1 7817 7819 7820 AND
2 1 7818 7820 7821 AND
2 1 1865 2799 7822 AND
2 1 7821 7822 7823 AND
2 1 7823 26 7824 XOR
2 1 7460 7563 7564 AND
2 1 7452 7565 7566 AND
2 1 7564 7566 7814 AND
2 1 90 2385 7805 AND
2 1 92 2245 7804 AND
2 1 91 2242 7806 AND
2 1 7804 7806 7807 AND
2 1 7805 7807 7808 AND
2 1 2248 2346 7809 AND
2 1 7808 7809 7810 AND
2 1 7810 29 7811 XOR
2 1 7469 7559 7560 AND
2 1 7461 7561 7562 AND
2 1 7560 7562 7801 AND
2 1 87 2837 7792 AND
2 1 89 2674 7791 AND
2 1 88 2671 7793 AND
2 1 7791 7793 7794 AND
2 1 7792 7794 7795 AND
2 1 1824 2677 7796 AND
2 1 7795 7796 7797 AND
2 1 7797 32 7798 XOR
2 1 7478 7555 7556 AND
2 1 7470 7557 7558 AND
2 1 7556 7558 7788 AND
2 1 84 3339 7779 AND
2 1 86 3162 7778 AND
2 1 85 3159 7780 AND
2 1 7778 7780 7781 AND
2 1 7779 7781 7782 AND
2 1 1567 3165 7783 AND
2 1 7782 7783 7784 AND
2 1 7784 35 7785 XOR
2 1 81 3904 7766 AND
2 1 83 3717 7765 AND
2 1 82 3714 7767 AND
2 1 7765 7767 7768 AND
2 1 7766 7768 7769 AND
2 1 1232 3720 7770 AND
2 1 7769 7770 7771 AND
2 1 7771 38 7772 XOR
2 1 7496 7547 7548 AND
2 1 7488 7549 7550 AND
2 1 7548 7550 7762 AND
2 1 55 54 7731 XOR
2 1 7523 7731 7732 AND
2 1 64 7732 7733 AND
2 1 56 55 7734 XOR
2 1 7523 7734 7735 AND
2 1 65 7735 7736 AND
2 1 7733 7736 7737 AND
2 1 7523 7734 7738 AND
2 1 139 7738 7739 AND
2 1 7737 7739 7740 AND
2 1 7740 56 7741 XOR
2 1 56 7524 7730 AND
2 1 7741 7730 7743 XOR
2 1 66 7228 7723 AND
2 1 68 6933 7722 AND
2 1 67 6930 7724 AND
2 1 7722 7724 7725 AND
2 1 7723 7725 7726 AND
2 1 191 6936 7727 AND
2 1 7726 7727 7728 AND
2 1 7728 53 7729 XOR
2 1 7743 7729 7745 XOR
2 1 7525 7533 7534 AND
2 1 7236 7524 7720 AND
2 1 7534 7720 7721 AND
2 1 7745 7721 7747 XOR
2 1 69 6482 7713 AND
2 1 71 6208 7712 AND
2 1 70 6205 7714 AND
2 1 7712 7714 7715 AND
2 1 7713 7715 7716 AND
2 1 297 6211 7717 AND
2 1 7716 7717 7718 AND
2 1 7718 50 7719 XOR
2 1 7747 7719 7749 XOR
2 1 7522 7535 7536 AND
2 1 7249 7537 7538 AND
2 1 7536 7538 7711 AND
2 1 7749 7711 7751 XOR
2 1 72 5789 7704 AND
2 1 74 5532 7703 AND
2 1 73 5529 7705 AND
2 1 7703 7705 7706 AND
2 1 7704 7706 7707 AND
2 1 494 5535 7708 AND
2 1 7707 7708 7709 AND
2 1 7709 47 7710 XOR
2 1 7751 7710 7753 XOR
2 1 7514 7539 7540 AND
2 1 7506 7541 7542 AND
2 1 7540 7542 7702 AND
2 1 7753 7702 7755 XOR
2 1 75 5125 7695 AND
2 1 77 4891 7694 AND
2 1 76 4888 7696 AND
2 1 7694 7696 7697 AND
2 1 7695 7697 7698 AND
2 1 698 4894 7699 AND
2 1 7698 7699 7700 AND
2 1 7700 44 7701 XOR
2 1 7755 7701 7757 XOR
2 1 7505 7543 7544 AND
2 1 7497 7545 7546 AND
2 1 7544 7546 7693 AND
2 1 7757 7693 7759 XOR
2 1 78 4489 7686 AND
2 1 80 4283 7685 AND
2 1 79 4280 7687 AND
2 1 7685 7687 7688 AND
2 1 7686 7688 7689 AND
2 1 872 4286 7690 AND
2 1 7689 7690 7691 AND
2 1 7691 41 7692 XOR
2 1 7759 7692 7761 XOR
2 1 7762 7761 7764 XOR
2 1 7772 7764 7774 XOR
2 1 7487 7551 7552 AND
2 1 7479 7553 7554 AND
2 1 7552 7554 7684 AND
2 1 7774 7684 7777 XOR
2 1 7785 7777 7787 XOR
2 1 7788 7787 7790 XOR
2 1 7798 7790 7800 XOR
2 1 7801 7800 7803 XOR
2 1 7811 7803 7813 XOR
2 1 7814 7813 7816 XOR
2 1 7824 7816 7826 XOR
2 1 7827 7826 7829 XOR
2 1 7837 7829 7839 XOR
2 1 7841 7839 7846 XOR
2 1 7854 7846 7856 XOR
2 1 7867 7856 7869 XOR
2 1 7586 7594 7595 AND
2 1 7317 7319 7597 AND
2 1 7168 7316 7598 AND
2 1 7596 7598 7599 AND
2 1 7597 7599 7600 AND
2 1 7595 7600 7857 AND
2 1 7869 7857 7870 XOR
2 1 7871 7870 7876 XOR
2 1 7884 7876 7886 XOR
2 1 7614 7622 7623 AND
2 1 7347 7349 7625 AND
2 1 7338 7346 7626 AND
2 1 7624 7626 7627 AND
2 1 7625 7627 7628 AND
2 1 7623 7628 7683 AND
2 1 7886 7683 7889 XOR
2 1 7897 7889 7899 XOR
2 1 7439 7629 7630 AND
2 1 7363 7631 7632 AND
2 1 7630 7632 7682 AND
2 1 7899 7682 7904 XOR
2 1 111 343 7675 AND
2 1 113 315 7674 AND
2 1 112 312 7676 AND
2 1 7674 7676 7677 AND
2 1 7675 7677 7678 AND
2 1 318 6412 7679 AND
2 1 7678 7679 7680 AND
2 1 7680 8 7681 XOR
2 1 7904 7681 7906 XOR
2 1 7633 7641 7642 AND
2 1 7643 7644 7645 AND
2 1 7642 7645 7673 AND
2 1 7906 7673 7908 XOR
2 1 114 236 7666 AND
2 1 116 199 7665 AND
2 1 115 196 7667 AND
2 1 7665 7667 7668 AND
2 1 7666 7668 7669 AND
2 1 202 7150 7670 AND
2 1 7669 7670 7671 AND
2 1 7671 5 7672 XOR
2 1 7908 7672 7910 XOR
2 1 7928 7910 7930 XOR
2 1 7646 7654 7655 AND
2 1 7392 7656 7657 AND
2 1 7655 7657 7664 AND
2 1 7930 7664 7931 XOR
2 1 7431 7658 7659 AND
2 1 7420 7660 7661 AND
2 1 7659 7661 7663 AND
2 1 7931 7663 7936 XOR
2 1 7910 7664 7911 XOR
2 1 7911 7928 7929 AND
2 1 7431 7658 7932 AND
2 1 7931 7932 7933 AND
2 1 7420 7659 7934 AND
2 1 7933 7934 7935 AND
2 1 7929 7935 8201 AND
2 1 115 236 8185 AND
2 1 117 199 8184 AND
2 1 116 196 8186 AND
2 1 8184 8186 8187 AND
2 1 8185 8187 8188 AND
2 1 202 7407 8189 AND
2 1 8188 8189 8190 AND
2 1 8190 5 8191 XOR
2 1 109 514 8167 AND
2 1 111 460 8166 AND
2 1 110 457 8168 AND
2 1 8166 8168 8169 AND
2 1 8167 8169 8170 AND
2 1 463 5726 8171 AND
2 1 8170 8171 8172 AND
2 1 8172 11 8173 XOR
2 1 7857 7856 7859 XOR
2 1 7859 7867 7868 AND
2 1 7610 7612 7872 AND
2 1 7601 7609 7873 AND
2 1 7870 7873 7874 AND
2 1 7872 7874 7875 AND
2 1 7868 7875 8146 AND
2 1 103 992 8137 AND
2 1 105 917 8136 AND
2 1 104 914 8138 AND
2 1 8136 8138 8139 AND
2 1 8137 8139 8140 AND
2 1 920 4617 8141 AND
2 1 8140 8141 8142 AND
2 1 8142 17 8143 XOR
2 1 7846 7854 7855 AND
2 1 7856 7857 7858 AND
2 1 7855 7858 8130 AND
2 1 100 1277 8121 AND
2 1 102 1166 8120 AND
2 1 101 1163 8122 AND
2 1 8120 8122 8123 AND
2 1 8121 8123 8124 AND
2 1 1169 3850 8125 AND
2 1 8124 8125 8126 AND
2 1 8126 20 8127 XOR
2 1 7829 7837 7838 AND
2 1 7575 7583 7842 AND
2 1 7839 7842 7843 AND
2 1 7442 7584 7844 AND
2 1 7843 7844 7845 AND
2 1 7838 7845 8117 AND
2 1 91 2385 8100 AND
2 1 93 2245 8099 AND
2 1 92 2242 8101 AND
2 1 8099 8101 8102 AND
2 1 8100 8102 8103 AND
2 1 2248 2497 8104 AND
2 1 8103 8104 8105 AND
2 1 8105 29 8106 XOR
2 1 88 2837 8087 AND
2 1 90 2674 8086 AND
2 1 89 2671 8088 AND
2 1 8086 8088 8089 AND
2 1 8087 8089 8090 AND
2 1 2065 2677 8091 AND
2 1 8090 8091 8092 AND
2 1 8092 32 8093 XOR
2 1 85 3339 8075 AND
2 1 87 3162 8074 AND
2 1 86 3159 8076 AND
2 1 8074 8076 8077 AND
2 1 8075 8077 8078 AND
2 1 1687 3165 8079 AND
2 1 8078 8079 8080 AND
2 1 8080 35 8081 XOR
2 1 82 3904 8064 AND
2 1 84 3717 8063 AND
2 1 83 3714 8065 AND
2 1 8063 8065 8066 AND
2 1 8064 8066 8067 AND
2 1 1343 3720 8068 AND
2 1 8067 8068 8069 AND
2 1 8069 38 8070 XOR
2 1 70 6482 8040 AND
2 1 72 6208 8039 AND
2 1 71 6205 8041 AND
2 1 8039 8041 8042 AND
2 1 8040 8042 8043 AND
2 1 376 6211 8044 AND
2 1 8043 8044 8045 AND
2 1 8045 50 8046 XOR
2 1 67 7228 8027 AND
2 1 69 6933 8026 AND
2 1 68 6930 8028 AND
2 1 8026 8028 8029 AND
2 1 8027 8029 8030 AND
2 1 229 6936 8031 AND
2 1 8030 8031 8032 AND
2 1 8032 53 8033 XOR
2 1 7523 7734 8015 AND
2 1 7731 8015 8016 AND
2 1 64 8016 8017 AND
2 1 66 7735 8014 AND
2 1 65 7732 8018 AND
2 1 8014 8018 8019 AND
2 1 8017 8019 8020 AND
2 1 152 7738 8021 AND
2 1 8020 8021 8022 AND
2 1 8022 56 8023 XOR
2 1 7730 7741 7742 AND
2 1 8023 7742 8025 XOR
2 1 8033 8025 8035 XOR
2 1 7729 7743 7744 AND
2 1 7721 7745 7746 AND
2 1 7744 7746 8013 AND
2 1 8035 8013 8038 XOR
2 1 8046 8038 8048 XOR
2 1 7719 7747 7748 AND
2 1 7711 7749 7750 AND
2 1 7748 7750 8012 AND
2 1 8048 8012 8050 XOR
2 1 73 5789 8005 AND
2 1 75 5532 8004 AND
2 1 74 5529 8006 AND
2 1 8004 8006 8007 AND
2 1 8005 8007 8008 AND
2 1 558 5535 8009 AND
2 1 8008 8009 8010 AND
2 1 8010 47 8011 XOR
2 1 8050 8011 8052 XOR
2 1 7710 7751 7752 AND
2 1 7702 7753 7754 AND
2 1 7752 7754 8003 AND
2 1 8052 8003 8054 XOR
2 1 76 5125 7996 AND
2 1 78 4891 7995 AND
2 1 77 4888 7997 AND
2 1 7995 7997 7998 AND
2 1 7996 7998 7999 AND
2 1 719 4894 8000 AND
2 1 7999 8000 8001 AND
2 1 8001 44 8002 XOR
2 1 8054 8002 8056 XOR
2 1 7701 7755 7756 AND
2 1 7693 7757 7758 AND
2 1 7756 7758 7994 AND
2 1 8056 7994 8058 XOR
2 1 79 4489 7987 AND
2 1 81 4283 7986 AND
2 1 80 4280 7988 AND
2 1 7986 7988 7989 AND
2 1 7987 7989 7990 AND
2 1 965 4286 7991 AND
2 1 7990 7991 7992 AND
2 1 7992 41 7993 XOR
2 1 8058 7993 8060 XOR
2 1 7692 7759 7760 AND
2 1 7761 7762 7763 AND
2 1 7760 7763 7985 AND
2 1 8060 7985 8062 XOR
2 1 8070 8062 8072 XOR
2 1 7764 7772 7773 AND
2 1 7684 7774 7775 AND
2 1 7773 7775 7776 AND
2 1 8072 7776 8073 XOR
2 1 8081 8073 8083 XOR
2 1 7777 7785 7786 AND
2 1 7787 7788 7789 AND
2 1 7786 7789 7984 AND
2 1 8083 7984 8085 XOR
2 1 8093 8085 8095 XOR
2 1 7790 7798 7799 AND
2 1 7800 7801 7802 AND
2 1 7799 7802 7983 AND
2 1 8095 7983 8098 XOR
2 1 8106 8098 8108 XOR
2 1 7803 7811 7812 AND
2 1 7813 7814 7815 AND
2 1 7812 7815 7982 AND
2 1 8108 7982 8110 XOR
2 1 94 1974 7975 AND
2 1 96 1862 7974 AND
2 1 95 1859 7976 AND
2 1 7974 7976 7977 AND
2 1 7975 7977 7978 AND
2 1 1865 2960 7979 AND
2 1 7978 7979 7980 AND
2 1 7980 26 7981 XOR
2 1 8110 7981 8112 XOR
2 1 7816 7824 7825 AND
2 1 7826 7827 7828 AND
2 1 7825 7828 7973 AND
2 1 8112 7973 8114 XOR
2 1 97 1606 7966 AND
2 1 99 1491 7965 AND
2 1 98 1488 7967 AND
2 1 7965 7967 7968 AND
2 1 7966 7968 7969 AND
2 1 1494 3473 7970 AND
2 1 7969 7970 7971 AND
2 1 7971 23 7972 XOR
2 1 8114 7972 8116 XOR
2 1 8117 8116 8119 XOR
2 1 8127 8119 8129 XOR
2 1 8130 8129 8135 XOR
2 1 8143 8135 8145 XOR
2 1 8146 8145 8148 XOR
2 1 106 735 8150 AND
2 1 108 650 8149 AND
2 1 107 647 8151 AND
2 1 8149 8151 8152 AND
2 1 8150 8152 8153 AND
2 1 653 5250 8154 AND
2 1 8153 8154 8155 AND
2 1 8155 14 8156 XOR
2 1 8148 8156 8157 AND
2 1 8148 8156 8158 AND
2 1 8157 8158 8164 AND
2 1 7876 7884 7885 AND
2 1 7683 7886 7887 AND
2 1 7885 7887 7888 AND
2 1 8164 7888 8165 XOR
2 1 8173 8165 8175 XOR
2 1 112 343 7957 AND
2 1 114 315 7956 AND
2 1 113 312 7958 AND
2 1 7956 7958 7959 AND
2 1 7957 7959 7960 AND
2 1 318 6651 7961 AND
2 1 7960 7961 7962 AND
2 1 7962 8 7963 XOR
2 1 8175 7963 8179 XOR
2 1 7889 7897 7898 AND
2 1 7439 7629 7900 AND
2 1 7899 7900 7901 AND
2 1 7363 7630 7902 AND
2 1 7901 7902 7903 AND
2 1 7898 7903 7964 AND
2 1 8179 7964 8180 XOR
2 1 7681 7904 7905 AND
2 1 8180 7905 8182 XOR
2 1 7673 7906 7907 AND
2 1 8182 7907 8183 XOR
2 1 8191 8183 8193 XOR
2 1 7672 7908 7909 AND
2 1 7664 7910 7953 AND
2 1 7909 7953 7954 AND
2 1 8193 7954 8198 XOR
2 1 120 134 7937 AND
2 1 118 147 7938 AND
2 1 119 131 7939 AND
2 1 7938 7939 7940 AND
2 1 7937 7940 7941 AND
2 1 120 119 7944 XOR
2 1 118 119 7922 AND
2 1 7921 7923 7924 AND
2 1 7922 7924 7942 AND
2 1 7944 7942 7949 XOR
2 1 138 7949 7950 AND
2 1 7941 7950 7951 AND
2 1 7951 2 7952 XOR
2 1 8198 7952 8200 XOR
2 1 8201 8200 8203 XOR
2 1 7952 8198 8199 AND
2 1 8200 8201 8202 AND
2 1 8199 8202 8454 AND
2 1 121 134 8440 AND
2 1 119 147 8441 AND
2 1 120 131 8442 AND
2 1 8441 8442 8443 AND
2 1 8440 8443 8444 AND
2 1 121 120 8446 XOR
2 1 119 120 7943 AND
2 1 7921 7922 7945 AND
2 1 118 119 7946 AND
2 1 7944 7946 7947 AND
2 1 7945 7947 7948 AND
2 1 7943 7948 8445 AND
2 1 8446 8445 8447 XOR
2 1 138 8447 8448 AND
2 1 8444 8448 8449 AND
2 1 8449 2 8450 XOR
2 1 113 343 8215 AND
2 1 115 315 8214 AND
2 1 114 312 8216 AND
2 1 8214 8216 8217 AND
2 1 8215 8217 8218 AND
2 1 318 6668 8219 AND
2 1 8218 8219 8220 AND
2 1 8220 8 8221 XOR
2 1 116 236 8206 AND
2 1 118 199 8205 AND
2 1 117 196 8207 AND
2 1 8205 8207 8208 AND
2 1 8206 8208 8209 AND
2 1 202 7428 8210 AND
2 1 8209 8210 8211 AND
2 1 8211 5 8212 XOR
2 1 8221 8212 8435 XOR
2 1 104 992 8410 AND
2 1 106 917 8409 AND
2 1 105 914 8411 AND
2 1 8409 8411 8412 AND
2 1 8410 8412 8413 AND
2 1 920 4814 8414 AND
2 1 8413 8414 8415 AND
2 1 8415 17 8416 XOR
2 1 8119 8127 8128 AND
2 1 7855 7857 8131 AND
2 1 7846 7854 8132 AND
2 1 8129 8132 8133 AND
2 1 8131 8133 8134 AND
2 1 8128 8134 8406 AND
2 1 101 1277 8397 AND
2 1 103 1166 8396 AND
2 1 102 1163 8398 AND
2 1 8396 8398 8399 AND
2 1 8397 8399 8400 AND
2 1 1169 4041 8401 AND
2 1 8400 8401 8402 AND
2 1 8402 20 8403 XOR
2 1 98 1606 8385 AND
2 1 100 1491 8384 AND
2 1 99 1488 8386 AND
2 1 8384 8386 8387 AND
2 1 8385 8387 8388 AND
2 1 1494 3635 8389 AND
2 1 8388 8389 8390 AND
2 1 8390 23 8391 XOR
2 1 95 1974 8374 AND
2 1 97 1862 8373 AND
2 1 96 1859 8375 AND
2 1 8373 8375 8376 AND
2 1 8374 8376 8377 AND
2 1 1865 3108 8378 AND
2 1 8377 8378 8379 AND
2 1 8379 26 8380 XOR
2 1 89 2837 8355 AND
2 1 91 2674 8354 AND
2 1 90 2671 8356 AND
2 1 8354 8356 8357 AND
2 1 8355 8357 8358 AND
2 1 2200 2677 8359 AND
2 1 8358 8359 8360 AND
2 1 8360 32 8361 XOR
2 1 8073 8081 8082 AND
2 1 7984 8083 8084 AND
2 1 8082 8084 8351 AND
2 1 86 3339 8342 AND
2 1 88 3162 8341 AND
2 1 87 3159 8343 AND
2 1 8341 8343 8344 AND
2 1 8342 8344 8345 AND
2 1 1801 3165 8346 AND
2 1 8345 8346 8347 AND
2 1 8347 35 8348 XOR
2 1 71 6482 8314 AND
2 1 73 6208 8313 AND
2 1 72 6205 8315 AND
2 1 8313 8315 8316 AND
2 1 8314 8316 8317 AND
2 1 423 6211 8318 AND
2 1 8317 8318 8319 AND
2 1 8319 50 8320 XOR
2 1 65 8016 8301 AND
2 1 67 7735 8300 AND
2 1 66 7732 8302 AND
2 1 8300 8302 8303 AND
2 1 8301 8303 8304 AND
2 1 169 7738 8305 AND
2 1 8304 8305 8306 AND
2 1 8306 56 8307 XOR
2 1 57 56 8297 XOR
2 1 64 8297 8298 AND
2 1 7742 8023 8024 AND
2 1 8298 8024 8299 XOR
2 1 8307 8299 8309 XOR
2 1 68 7228 8290 AND
2 1 70 6933 8289 AND
2 1 69 6930 8291 AND
2 1 8289 8291 8292 AND
2 1 8290 8292 8293 AND
2 1 275 6936 8294 AND
2 1 8293 8294 8295 AND
2 1 8295 53 8296 XOR
2 1 8309 8296 8311 XOR
2 1 8025 8033 8034 AND
2 1 8013 8035 8036 AND
2 1 8034 8036 8037 AND
2 1 8311 8037 8312 XOR
2 1 8320 8312 8322 XOR
2 1 8038 8046 8047 AND
2 1 8012 8048 8049 AND
2 1 8047 8049 8288 AND
2 1 8322 8288 8324 XOR
2 1 74 5789 8281 AND
2 1 76 5532 8280 AND
2 1 75 5529 8282 AND
2 1 8280 8282 8283 AND
2 1 8281 8283 8284 AND
2 1 576 5535 8285 AND
2 1 8284 8285 8286 AND
2 1 8286 47 8287 XOR
2 1 8324 8287 8326 XOR
2 1 8011 8050 8051 AND
2 1 8003 8052 8053 AND
2 1 8051 8053 8279 AND
2 1 8326 8279 8328 XOR
2 1 77 5125 8272 AND
2 1 79 4891 8271 AND
2 1 78 4888 8273 AND
2 1 8271 8273 8274 AND
2 1 8272 8274 8275 AND
2 1 792 4894 8276 AND
2 1 8275 8276 8277 AND
2 1 8277 44 8278 XOR
2 1 8328 8278 8330 XOR
2 1 8002 8054 8055 AND
2 1 7994 8056 8057 AND
2 1 8055 8057 8270 AND
2 1 8330 8270 8332 XOR
2 1 80 4489 8263 AND
2 1 82 4283 8262 AND
2 1 81 4280 8264 AND
2 1 8262 8264 8265 AND
2 1 8263 8265 8266 AND
2 1 1124 4286 8267 AND
2 1 8266 8267 8268 AND
2 1 8268 41 8269 XOR
2 1 8332 8269 8334 XOR
2 1 7993 8058 8059 AND
2 1 7985 8060 8061 AND
2 1 8059 8061 8261 AND
2 1 8334 8261 8336 XOR
2 1 83 3904 8254 AND
2 1 85 3717 8253 AND
2 1 84 3714 8255 AND
2 1 8253 8255 8256 AND
2 1 8254 8256 8257 AND
2 1 1441 3720 8258 AND
2 1 8257 8258 8259 AND
2 1 8259 38 8260 XOR
2 1 8336 8260 8338 XOR
2 1 8062 8070 8071 AND
2 1 7776 8072 8251 AND
2 1 8071 8251 8252 AND
2 1 8338 8252 8340 XOR
2 1 8348 8340 8350 XOR
2 1 8351 8350 8353 XOR
2 1 8361 8353 8363 XOR
2 1 8085 8093 8094 AND
2 1 7983 8095 8096 AND
2 1 8094 8096 8097 AND
2 1 8363 8097 8365 XOR
2 1 92 2385 8244 AND
2 1 94 2245 8243 AND
2 1 93 2242 8245 AND
2 1 8243 8245 8246 AND
2 1 8244 8246 8247 AND
2 1 2248 2632 8248 AND
2 1 8247 8248 8249 AND
2 1 8249 29 8250 XOR
2 1 8365 8250 8367 XOR
2 1 8098 8106 8107 AND
2 1 7982 8108 8109 AND
2 1 8107 8109 8242 AND
2 1 8367 8242 8372 XOR
2 1 8380 8372 8382 XOR
2 1 7981 8110 8111 AND
2 1 7973 8112 8113 AND
2 1 8111 8113 8241 AND
2 1 8382 8241 8383 XOR
2 1 8391 8383 8393 XOR
2 1 7972 8114 8115 AND
2 1 8116 8117 8118 AND
2 1 8115 8118 8240 AND
2 1 8393 8240 8395 XOR
2 1 8403 8395 8405 XOR
2 1 8406 8405 8408 XOR
2 1 8416 8408 8418 XOR
2 1 8135 8143 8144 AND
2 1 8145 8146 8147 AND
2 1 8144 8147 8239 AND
2 1 8418 8239 8420 XOR
2 1 107 735 8232 AND
2 1 109 650 8231 AND
2 1 108 647 8233 AND
2 1 8231 8233 8234 AND
2 1 8232 8234 8235 AND
2 1 653 5468 8236 AND
2 1 8235 8236 8237 AND
2 1 8237 14 8238 XOR
2 1 8420 8238 8422 XOR
2 1 7876 7884 8159 AND
2 1 8158 8159 8160 AND
2 1 7683 7885 8161 AND
2 1 8160 8161 8162 AND
2 1 8157 8162 8163 AND
2 1 8422 8163 8424 XOR
2 1 110 514 8224 AND
2 1 112 460 8223 AND
2 1 111 457 8225 AND
2 1 8223 8225 8226 AND
2 1 8224 8226 8227 AND
2 1 463 5950 8228 AND
2 1 8227 8228 8229 AND
2 1 8229 11 8230 XOR
2 1 8424 8230 8426 XOR
2 1 8165 8173 8174 AND
2 1 7964 8175 8176 AND
2 1 8174 8176 8222 AND
2 1 8426 8222 8431 XOR
2 1 8435 8431 8436 XOR
2 1 8175 7964 8177 XOR
2 1 7963 8177 8178 AND
2 1 7905 7907 7955 AND
2 1 7955 8180 8181 AND
2 1 8178 8181 8213 AND
2 1 8436 8213 8437 XOR
2 1 8450 8437 8452 XOR
2 1 8183 8191 8192 AND
2 1 7672 7908 8194 AND
2 1 8193 8194 8195 AND
2 1 7664 7909 8196 AND
2 1 8195 8196 8197 AND
2 1 8192 8197 8204 AND
2 1 8452 8204 8453 XOR
2 1 8454 8453 8459 XOR
2 1 8437 8204 8439 XOR
2 1 8439 8450 8451 AND
2 1 8199 8201 8455 AND
2 1 7952 8198 8456 AND
2 1 8453 8456 8457 AND
2 1 8455 8457 8458 AND
2 1 8451 8458 8741 AND
2 1 8221 8431 8729 AND
2 1 108 735 8710 AND
2 1 110 650 8709 AND
2 1 109 647 8711 AND
2 1 8709 8711 8712 AND
2 1 8710 8712 8713 AND
2 1 653 5705 8714 AND
2 1 8713 8714 8715 AND
2 1 8715 14 8716 XOR
2 1 105 992 8697 AND
2 1 107 917 8696 AND
2 1 106 914 8698 AND
2 1 8696 8698 8699 AND
2 1 8697 8699 8700 AND
2 1 920 4836 8701 AND
2 1 8700 8701 8702 AND
2 1 8702 17 8703 XOR
2 1 8395 8403 8404 AND
2 1 8405 8406 8407 AND
2 1 8404 8407 8693 AND
2 1 102 1277 8684 AND
2 1 104 1166 8683 AND
2 1 103 1163 8685 AND
2 1 8683 8685 8686 AND
2 1 8684 8686 8687 AND
2 1 1169 4414 8688 AND
2 1 8687 8688 8689 AND
2 1 8689 20 8690 XOR
2 1 8383 8391 8392 AND
2 1 8240 8393 8394 AND
2 1 8392 8394 8680 AND
2 1 99 1606 8671 AND
2 1 101 1491 8670 AND
2 1 100 1488 8672 AND
2 1 8670 8672 8673 AND
2 1 8671 8673 8674 AND
2 1 1494 3830 8675 AND
2 1 8674 8675 8676 AND
2 1 8676 23 8677 XOR
2 1 8372 8380 8381 AND
2 1 8241 8382 8663 AND
2 1 8381 8663 8664 AND
2 1 96 1974 8653 AND
2 1 98 1862 8652 AND
2 1 97 1859 8654 AND
2 1 8652 8654 8655 AND
2 1 8653 8655 8656 AND
2 1 1865 3291 8657 AND
2 1 8656 8657 8658 AND
2 1 8658 26 8659 XOR
2 1 93 2385 8641 AND
2 1 95 2245 8640 AND
2 1 94 2242 8642 AND
2 1 8640 8642 8643 AND
2 1 8641 8643 8644 AND
2 1 2248 2799 8645 AND
2 1 8644 8645 8646 AND
2 1 8646 29 8647 XOR
2 1 90 2837 8630 AND
2 1 92 2674 8629 AND
2 1 91 2671 8631 AND
2 1 8629 8631 8632 AND
2 1 8630 8632 8633 AND
2 1 2346 2677 8634 AND
2 1 8633 8634 8635 AND
2 1 8635 32 8636 XOR
2 1 8340 8348 8349 AND
2 1 8350 8351 8352 AND
2 1 8349 8352 8626 AND
2 1 87 3339 8617 AND
2 1 89 3162 8616 AND
2 1 88 3159 8618 AND
2 1 8616 8618 8619 AND
2 1 8617 8619 8620 AND
2 1 1824 3165 8621 AND
2 1 8620 8621 8622 AND
2 1 8622 35 8623 XOR
2 1 8260 8336 8337 AND
2 1 8252 8338 8339 AND
2 1 8337 8339 8613 AND
2 1 84 3904 8604 AND
2 1 86 3717 8603 AND
2 1 85 3714 8605 AND
2 1 8603 8605 8606 AND
2 1 8604 8606 8607 AND
2 1 1567 3720 8608 AND
2 1 8607 8608 8609 AND
2 1 8609 38 8610 XOR
2 1 81 4489 8591 AND
2 1 83 4283 8590 AND
2 1 82 4280 8592 AND
2 1 8590 8592 8593 AND
2 1 8591 8593 8594 AND
2 1 1232 4286 8595 AND
2 1 8594 8595 8596 AND
2 1 8596 41 8597 XOR
2 1 8278 8328 8329 AND
2 1 8270 8330 8331 AND
2 1 8329 8331 8587 AND
2 1 78 5125 8578 AND
2 1 80 4891 8577 AND
2 1 79 4888 8579 AND
2 1 8577 8579 8580 AND
2 1 8578 8580 8581 AND
2 1 872 4894 8582 AND
2 1 8581 8582 8583 AND
2 1 8583 44 8584 XOR
2 1 75 5789 8565 AND
2 1 77 5532 8564 AND
2 1 76 5529 8566 AND
2 1 8564 8566 8567 AND
2 1 8565 8567 8568 AND
2 1 698 5535 8569 AND
2 1 8568 8569 8570 AND
2 1 8570 47 8571 XOR
2 1 8312 8320 8321 AND
2 1 8288 8322 8323 AND
2 1 8321 8323 8561 AND
2 1 58 57 8538 XOR
2 1 8297 8538 8539 AND
2 1 64 8539 8540 AND
2 1 59 58 8541 XOR
2 1 8297 8541 8542 AND
2 1 65 8542 8543 AND
2 1 8540 8543 8544 AND
2 1 8297 8541 8545 AND
2 1 139 8545 8546 AND
2 1 8544 8546 8547 AND
2 1 8547 59 8548 XOR
2 1 59 8298 8537 AND
2 1 8548 8537 8550 XOR
2 1 66 8016 8530 AND
2 1 68 7735 8529 AND
2 1 67 7732 8531 AND
2 1 8529 8531 8532 AND
2 1 8530 8532 8533 AND
2 1 191 7738 8534 AND
2 1 8533 8534 8535 AND
2 1 8535 56 8536 XOR
2 1 8550 8536 8552 XOR
2 1 8299 8307 8308 AND
2 1 8024 8298 8527 AND
2 1 8308 8527 8528 AND
2 1 8552 8528 8554 XOR
2 1 69 7228 8520 AND
2 1 71 6933 8519 AND
2 1 70 6930 8521 AND
2 1 8519 8521 8522 AND
2 1 8520 8522 8523 AND
2 1 297 6936 8524 AND
2 1 8523 8524 8525 AND
2 1 8525 53 8526 XOR
2 1 8554 8526 8556 XOR
2 1 8296 8309 8310 AND
2 1 8037 8311 8517 AND
2 1 8310 8517 8518 AND
2 1 8556 8518 8558 XOR
2 1 72 6482 8510 AND
2 1 74 6208 8509 AND
2 1 73 6205 8511 AND
2 1 8509 8511 8512 AND
2 1 8510 8512 8513 AND
2 1 494 6211 8514 AND
2 1 8513 8514 8515 AND
2 1 8515 50 8516 XOR
2 1 8558 8516 8560 XOR
2 1 8561 8560 8563 XOR
2 1 8571 8563 8573 XOR
2 1 8287 8324 8325 AND
2 1 8279 8326 8327 AND
2 1 8325 8327 8508 AND
2 1 8573 8508 8576 XOR
2 1 8584 8576 8586 XOR
2 1 8587 8586 8589 XOR
2 1 8597 8589 8599 XOR
2 1 8269 8332 8333 AND
2 1 8261 8334 8335 AND
2 1 8333 8335 8507 AND
2 1 8599 8507 8602 XOR
2 1 8610 8602 8612 XOR
2 1 8613 8612 8615 XOR
2 1 8623 8615 8625 XOR
2 1 8626 8625 8628 XOR
2 1 8636 8628 8638 XOR
2 1 8353 8361 8362 AND
2 1 8097 8363 8364 AND
2 1 8362 8364 8506 AND
2 1 8638 8506 8639 XOR
2 1 8647 8639 8649 XOR
2 1 8659 8649 8661 XOR
2 1 8250 8365 8366 AND
2 1 8098 8106 8368 AND
2 1 8367 8368 8369 AND
2 1 7982 8107 8370 AND
2 1 8369 8370 8371 AND
2 1 8366 8371 8505 AND
2 1 8661 8505 8662 XOR
2 1 8664 8662 8669 XOR
2 1 8677 8669 8679 XOR
2 1 8680 8679 8682 XOR
2 1 8690 8682 8692 XOR
2 1 8693 8692 8695 XOR
2 1 8703 8695 8705 XOR
2 1 8408 8416 8417 AND
2 1 8239 8418 8419 AND
2 1 8417 8419 8504 AND
2 1 8705 8504 8708 XOR
2 1 8716 8708 8718 XOR
2 1 8238 8420 8421 AND
2 1 8163 8422 8423 AND
2 1 8421 8423 8503 AND
2 1 8718 8503 8720 XOR
2 1 111 514 8496 AND
2 1 113 460 8495 AND
2 1 112 457 8497 AND
2 1 8495 8497 8498 AND
2 1 8496 8498 8499 AND
2 1 463 6412 8500 AND
2 1 8499 8500 8501 AND
2 1 8501 11 8502 XOR
2 1 8720 8502 8722 XOR
2 1 8230 8424 8425 AND
2 1 8165 8173 8427 AND
2 1 8426 8427 8428 AND
2 1 7964 8174 8429 AND
2 1 8428 8429 8430 AND
2 1 8425 8430 8494 AND
2 1 8722 8494 8724 XOR
2 1 114 343 8487 AND
2 1 116 315 8486 AND
2 1 115 312 8488 AND
2 1 8486 8488 8489 AND
2 1 8487 8489 8490 AND
2 1 318 7150 8491 AND
2 1 8490 8491 8492 AND
2 1 8492 8 8493 XOR
2 1 8724 8493 8726 XOR
2 1 8729 8726 8733 XOR
2 1 8431 8221 8432 XOR
2 1 8213 8432 8732 AND
2 1 8733 8732 8734 XOR
2 1 117 236 8479 AND
2 1 119 199 8478 AND
2 1 118 196 8480 AND
2 1 8478 8480 8481 AND
2 1 8479 8481 8482 AND
2 1 202 7925 8483 AND
2 1 8482 8483 8484 AND
2 1 8484 5 8485 XOR
2 1 8734 8485 8736 XOR
2 1 8432 8213 8433 XOR
2 1 8212 8433 8434 AND
2 1 8204 8437 8438 AND
2 1 8434 8438 8477 AND
2 1 8736 8477 8738 XOR
2 1 122 134 8460 AND
2 1 120 147 8461 AND
2 1 121 131 8462 AND
2 1 8461 8462 8463 AND
2 1 8460 8463 8464 AND
2 1 122 121 8471 XOR
2 1 119 121 8465 AND
2 1 120 8465 8466 AND
2 1 120 121 8467 AND
2 1 7948 8467 8468 AND
2 1 8466 8468 8469 AND
2 1 8471 8469 8473 XOR
2 1 138 8473 8474 AND
2 1 8464 8474 8475 AND
2 1 8475 2 8476 XOR
2 1 8738 8476 8740 XOR
2 1 8741 8740 8743 XOR
2 1 118 236 8980 AND
2 1 120 199 8979 AND
2 1 119 196 8981 AND
2 1 8979 8981 8982 AND
2 1 8980 8982 8983 AND
2 1 202 7949 8984 AND
2 1 8983 8984 8985 AND
2 1 8985 5 8986 XOR
2 1 109 735 8959 AND
2 1 111 650 8958 AND
2 1 110 647 8960 AND
2 1 8958 8960 8961 AND
2 1 8959 8961 8962 AND
2 1 653 5726 8963 AND
2 1 8962 8963 8964 AND
2 1 8964 14 8965 XOR
2 1 106 992 8948 AND
2 1 108 917 8947 AND
2 1 107 914 8949 AND
2 1 8947 8949 8950 AND
2 1 8948 8950 8951 AND
2 1 920 5250 8952 AND
2 1 8951 8952 8953 AND
2 1 8953 17 8954 XOR
2 1 103 1277 8938 AND
2 1 105 1166 8937 AND
2 1 104 1163 8939 AND
2 1 8937 8939 8940 AND
2 1 8938 8940 8941 AND
2 1 1169 4617 8942 AND
2 1 8941 8942 8943 AND
2 1 8943 20 8944 XOR
2 1 8669 8677 8678 AND
2 1 8679 8680 8681 AND
2 1 8678 8681 8931 AND
2 1 100 1606 8922 AND
2 1 102 1491 8921 AND
2 1 101 1488 8923 AND
2 1 8921 8923 8924 AND
2 1 8922 8924 8925 AND
2 1 1494 3850 8926 AND
2 1 8925 8926 8927 AND
2 1 8927 23 8928 XOR
2 1 8649 8505 8651 XOR
2 1 8651 8659 8660 AND
2 1 8372 8380 8665 AND
2 1 8662 8665 8666 AND
2 1 8241 8381 8667 AND
2 1 8666 8667 8668 AND
2 1 8660 8668 8918 AND
2 1 94 2385 8905 AND
2 1 96 2245 8904 AND
2 1 95 2242 8906 AND
2 1 8904 8906 8907 AND
2 1 8905 8907 8908 AND
2 1 2248 2960 8909 AND
2 1 8908 8909 8910 AND
2 1 8910 29 8911 XOR
2 1 91 2837 8892 AND
2 1 93 2674 8891 AND
2 1 92 2671 8893 AND
2 1 8891 8893 8894 AND
2 1 8892 8894 8895 AND
2 1 2497 2677 8896 AND
2 1 8895 8896 8897 AND
2 1 8897 32 8898 XOR
2 1 8615 8623 8624 AND
2 1 8625 8626 8627 AND
2 1 8624 8627 8888 AND
2 1 88 3339 8879 AND
2 1 90 3162 8878 AND
2 1 89 3159 8880 AND
2 1 8878 8880 8881 AND
2 1 8879 8881 8882 AND
2 1 2065 3165 8883 AND
2 1 8882 8883 8884 AND
2 1 8884 35 8885 XOR
2 1 85 3904 8867 AND
2 1 87 3717 8866 AND
2 1 86 3714 8868 AND
2 1 8866 8868 8869 AND
2 1 8867 8869 8870 AND
2 1 1687 3720 8871 AND
2 1 8870 8871 8872 AND
2 1 8872 38 8873 XOR
2 1 82 4489 8856 AND
2 1 84 4283 8855 AND
2 1 83 4280 8857 AND
2 1 8855 8857 8858 AND
2 1 8856 8858 8859 AND
2 1 1343 4286 8860 AND
2 1 8859 8860 8861 AND
2 1 8861 41 8862 XOR
2 1 70 7228 8832 AND
2 1 72 6933 8831 AND
2 1 71 6930 8833 AND
2 1 8831 8833 8834 AND
2 1 8832 8834 8835 AND
2 1 376 6936 8836 AND
2 1 8835 8836 8837 AND
2 1 8837 53 8838 XOR
2 1 67 8016 8819 AND
2 1 69 7735 8818 AND
2 1 68 7732 8820 AND
2 1 8818 8820 8821 AND
2 1 8819 8821 8822 AND
2 1 229 7738 8823 AND
2 1 8822 8823 8824 AND
2 1 8824 56 8825 XOR
2 1 8297 8541 8807 AND
2 1 8538 8807 8808 AND
2 1 64 8808 8809 AND
2 1 66 8542 8806 AND
2 1 65 8539 8810 AND
2 1 8806 8810 8811 AND
2 1 8809 8811 8812 AND
2 1 152 8545 8813 AND
2 1 8812 8813 8814 AND
2 1 8814 59 8815 XOR
2 1 8537 8548 8549 AND
2 1 8815 8549 8817 XOR
2 1 8825 8817 8827 XOR
2 1 8536 8550 8551 AND
2 1 8528 8552 8553 AND
2 1 8551 8553 8805 AND
2 1 8827 8805 8830 XOR
2 1 8838 8830 8840 XOR
2 1 8526 8554 8555 AND
2 1 8518 8556 8557 AND
2 1 8555 8557 8804 AND
2 1 8840 8804 8842 XOR
2 1 73 6482 8797 AND
2 1 75 6208 8796 AND
2 1 74 6205 8798 AND
2 1 8796 8798 8799 AND
2 1 8797 8799 8800 AND
2 1 558 6211 8801 AND
2 1 8800 8801 8802 AND
2 1 8802 50 8803 XOR
2 1 8842 8803 8844 XOR
2 1 8516 8558 8559 AND
2 1 8560 8561 8562 AND
2 1 8559 8562 8795 AND
2 1 8844 8795 8846 XOR
2 1 76 5789 8788 AND
2 1 78 5532 8787 AND
2 1 77 5529 8789 AND
2 1 8787 8789 8790 AND
2 1 8788 8790 8791 AND
2 1 719 5535 8792 AND
2 1 8791 8792 8793 AND
2 1 8793 47 8794 XOR
2 1 8846 8794 8848 XOR
2 1 8563 8571 8572 AND
2 1 8508 8573 8574 AND
2 1 8572 8574 8575 AND
2 1 8848 8575 8850 XOR
2 1 79 5125 8780 AND
2 1 81 4891 8779 AND
2 1 80 4888 8781 AND
2 1 8779 8781 8782 AND
2 1 8780 8782 8783 AND
2 1 965 4894 8784 AND
2 1 8783 8784 8785 AND
2 1 8785 44 8786 XOR
2 1 8850 8786 8852 XOR
2 1 8576 8584 8585 AND
2 1 8586 8587 8588 AND
2 1 8585 8588 8778 AND
2 1 8852 8778 8854 XOR
2 1 8862 8854 8864 XOR
2 1 8589 8597 8598 AND
2 1 8507 8599 8600 AND
2 1 8598 8600 8601 AND
2 1 8864 8601 8865 XOR
2 1 8873 8865 8875 XOR
2 1 8602 8610 8611 AND
2 1 8612 8613 8614 AND
2 1 8611 8614 8777 AND
2 1 8875 8777 8877 XOR
2 1 8885 8877 8887 XOR
2 1 8888 8887 8890 XOR
2 1 8898 8890 8900 XOR
2 1 8628 8636 8637 AND
2 1 8506 8638 8775 AND
2 1 8637 8775 8776 AND
2 1 8900 8776 8903 XOR
2 1 8911 8903 8913 XOR
2 1 8639 8647 8648 AND
2 1 8505 8649 8650 AND
2 1 8648 8650 8774 AND
2 1 8913 8774 8915 XOR
2 1 97 1974 8767 AND
2 1 99 1862 8766 AND
2 1 98 1859 8768 AND
2 1 8766 8768 8769 AND
2 1 8767 8769 8770 AND
2 1 1865 3473 8771 AND
2 1 8770 8771 8772 AND
2 1 8772 26 8773 XOR
2 1 8915 8773 8917 XOR
2 1 8918 8917 8920 XOR
2 1 8928 8920 8930 XOR
2 1 8931 8930 8936 XOR
2 1 8944 8936 8945 XOR
2 1 8682 8690 8691 AND
2 1 8692 8693 8694 AND
2 1 8691 8694 8765 AND
2 1 8945 8765 8946 XOR
2 1 8954 8946 8956 XOR
2 1 8695 8703 8704 AND
2 1 8504 8705 8706 AND
2 1 8704 8706 8707 AND
2 1 8956 8707 8957 XOR
2 1 8965 8957 8967 XOR
2 1 8708 8716 8717 AND
2 1 8503 8718 8719 AND
2 1 8717 8719 8764 AND
2 1 8967 8764 8969 XOR
2 1 112 514 8757 AND
2 1 114 460 8756 AND
2 1 113 457 8758 AND
2 1 8756 8758 8759 AND
2 1 8757 8759 8760 AND
2 1 463 6651 8761 AND
2 1 8760 8761 8762 AND
2 1 8762 11 8763 XOR
2 1 8969 8763 8971 XOR
2 1 115 343 8748 AND
2 1 117 315 8747 AND
2 1 116 312 8749 AND
2 1 8747 8749 8750 AND
2 1 8748 8750 8751 AND
2 1 318 7407 8752 AND
2 1 8751 8752 8753 AND
2 1 8753 8 8754 XOR
2 1 8971 8754 8975 XOR
2 1 8502 8720 8721 AND
2 1 8494 8722 8723 AND
2 1 8721 8723 8755 AND
2 1 8975 8755 8976 XOR
2 1 8986 8976 9004 XOR
2 1 123 134 8987 AND
2 1 121 147 8988 AND
2 1 122 131 8989 AND
2 1 8988 8989 8990 AND
2 1 8987 8990 8991 AND
2 1 8991 2 9002 XOR
2 1 123 122 8994 XOR
2 1 121 122 8470 AND
2 1 8994 8470 8998 XOR
2 1 8470 8471 8996 AND
2 1 8469 8996 8997 AND
2 1 8998 8997 8999 XOR
2 1 138 8991 9000 AND
2 1 8999 9000 9001 AND
2 1 9002 9001 9003 XOR
2 1 9004 9003 9005 XOR
2 1 8493 8724 8725 AND
2 1 8221 8431 8727 AND
2 1 8726 8727 8728 AND
2 1 8213 8729 8730 AND
2 1 8728 8730 8731 AND
2 1 8725 8731 8746 AND
2 1 9005 8746 9006 XOR
2 1 8485 8734 8735 AND
2 1 8477 8736 8737 AND
2 1 8735 8737 8745 AND
2 1 9006 8745 9016 XOR
2 1 8476 8738 8739 AND
2 1 8740 8741 8742 AND
2 1 8739 8742 8744 AND
2 1 9016 8744 9017 XOR
2 1 119 236 9036 AND
2 1 121 199 9035 AND
2 1 120 196 9037 AND
2 1 9035 9037 9038 AND
2 1 9036 9038 9039 AND
2 1 202 8447 9040 AND
2 1 9039 9040 9041 AND
2 1 9041 5 9042 XOR
2 1 124 134 9023 AND
2 1 122 147 9024 AND
2 1 123 131 9025 AND
2 1 9024 9025 9026 AND
2 1 9023 9026 9027 AND
2 1 9027 2 9033 XOR
2 1 124 123 9029 XOR
2 1 122 123 8993 AND
2 1 8469 8471 8472 AND
2 1 8470 8472 8992 AND
2 1 8992 8994 8995 AND
2 1 8993 8995 9028 AND
2 1 9029 9028 9030 XOR
2 1 138 9027 9031 AND
2 1 9030 9031 9032 AND
2 1 9033 9032 9034 XOR
2 1 9042 9034 9276 XOR
2 1 8936 8944 9256 AND
2 1 104 1277 9247 AND
2 1 106 1166 9246 AND
2 1 105 1163 9248 AND
2 1 9246 9248 9249 AND
2 1 9247 9249 9250 AND
2 1 1169 4814 9251 AND
2 1 9250 9251 9252 AND
2 1 9252 20 9253 XOR
2 1 8920 8928 8929 AND
2 1 8678 8680 8932 AND
2 1 8669 8677 8933 AND
2 1 8930 8933 8934 AND
2 1 8932 8934 8935 AND
2 1 8929 8935 9243 AND
2 1 101 1606 9234 AND
2 1 103 1491 9233 AND
2 1 102 1488 9235 AND
2 1 9233 9235 9236 AND
2 1 9234 9236 9237 AND
2 1 1494 4041 9238 AND
2 1 9237 9238 9239 AND
2 1 9239 23 9240 XOR
2 1 98 1974 9222 AND
2 1 100 1862 9221 AND
2 1 99 1859 9223 AND
2 1 9221 9223 9224 AND
2 1 9222 9224 9225 AND
2 1 1865 3635 9226 AND
2 1 9225 9226 9227 AND
2 1 9227 26 9228 XOR
2 1 92 2837 9207 AND
2 1 94 2674 9206 AND
2 1 93 2671 9208 AND
2 1 9206 9208 9209 AND
2 1 9207 9209 9210 AND
2 1 2632 2677 9211 AND
2 1 9210 9211 9212 AND
2 1 9212 32 9213 XOR
2 1 8877 8885 8886 AND
2 1 8887 8888 8889 AND
2 1 8886 8889 9203 AND
2 1 89 3339 9194 AND
2 1 91 3162 9193 AND
2 1 90 3159 9195 AND
2 1 9193 9195 9196 AND
2 1 9194 9196 9197 AND
2 1 2200 3165 9198 AND
2 1 9197 9198 9199 AND
2 1 9199 35 9200 XOR
2 1 8865 8873 8874 AND
2 1 8777 8875 8876 AND
2 1 8874 8876 9190 AND
2 1 86 3904 9181 AND
2 1 88 3717 9180 AND
2 1 87 3714 9182 AND
2 1 9180 9182 9183 AND
2 1 9181 9183 9184 AND
2 1 1801 3720 9185 AND
2 1 9184 9185 9186 AND
2 1 9186 38 9187 XOR
2 1 71 7228 9153 AND
2 1 73 6933 9152 AND
2 1 72 6930 9154 AND
2 1 9152 9154 9155 AND
2 1 9153 9155 9156 AND
2 1 423 6936 9157 AND
2 1 9156 9157 9158 AND
2 1 9158 53 9159 XOR
2 1 65 8808 9140 AND
2 1 67 8542 9139 AND
2 1 66 8539 9141 AND
2 1 9139 9141 9142 AND
2 1 9140 9142 9143 AND
2 1 169 8545 9144 AND
2 1 9143 9144 9145 AND
2 1 9145 59 9146 XOR
2 1 60 59 9136 XOR
2 1 64 9136 9137 AND
2 1 8549 8815 8816 AND
2 1 9137 8816 9138 XOR
2 1 9146 9138 9148 XOR
2 1 68 8016 9129 AND
2 1 70 7735 9128 AND
2 1 69 7732 9130 AND
2 1 9128 9130 9131 AND
2 1 9129 9131 9132 AND
2 1 275 7738 9133 AND
2 1 9132 9133 9134 AND
2 1 9134 56 9135 XOR
2 1 9148 9135 9150 XOR
2 1 8817 8825 8826 AND
2 1 8805 8827 8828 AND
2 1 8826 8828 8829 AND
2 1 9150 8829 9151 XOR
2 1 9159 9151 9161 XOR
2 1 8830 8838 8839 AND
2 1 8804 8840 8841 AND
2 1 8839 8841 9127 AND
2 1 9161 9127 9163 XOR
2 1 74 6482 9120 AND
2 1 76 6208 9119 AND
2 1 75 6205 9121 AND
2 1 9119 9121 9122 AND
2 1 9120 9122 9123 AND
2 1 576 6211 9124 AND
2 1 9123 9124 9125 AND
2 1 9125 50 9126 XOR
2 1 9163 9126 9165 XOR
2 1 8803 8842 8843 AND
2 1 8795 8844 8845 AND
2 1 8843 8845 9118 AND
2 1 9165 9118 9167 XOR
2 1 77 5789 9111 AND
2 1 79 5532 9110 AND
2 1 78 5529 9112 AND
2 1 9110 9112 9113 AND
2 1 9111 9113 9114 AND
2 1 792 5535 9115 AND
2 1 9114 9115 9116 AND
2 1 9116 47 9117 XOR
2 1 9167 9117 9169 XOR
2 1 8794 8846 8847 AND
2 1 8575 8848 8849 AND
2 1 8847 8849 9109 AND
2 1 9169 9109 9171 XOR
2 1 80 5125 9102 AND
2 1 82 4891 9101 AND
2 1 81 4888 9103 AND
2 1 9101 9103 9104 AND
2 1 9102 9104 9105 AND
2 1 1124 4894 9106 AND
2 1 9105 9106 9107 AND
2 1 9107 44 9108 XOR
2 1 9171 9108 9173 XOR
2 1 8786 8850 8851 AND
2 1 8778 8852 8853 AND
2 1 8851 8853 9100 AND
2 1 9173 9100 9175 XOR
2 1 83 4489 9093 AND
2 1 85 4283 9092 AND
2 1 84 4280 9094 AND
2 1 9092 9094 9095 AND
2 1 9093 9095 9096 AND
2 1 1441 4286 9097 AND
2 1 9096 9097 9098 AND
2 1 9098 41 9099 XOR
2 1 9175 9099 9177 XOR
2 1 8854 8862 8863 AND
2 1 8601 8864 9090 AND
2 1 8863 9090 9091 AND
2 1 9177 9091 9179 XOR
2 1 9187 9179 9189 XOR
2 1 9190 9189 9192 XOR
2 1 9200 9192 9202 XOR
2 1 9203 9202 9205 XOR
2 1 9213 9205 9215 XOR
2 1 8890 8898 8899 AND
2 1 8776 8900 8901 AND
2 1 8899 8901 8902 AND
2 1 9215 8902 9217 XOR
2 1 95 2385 9083 AND
2 1 97 2245 9082 AND
2 1 96 2242 9084 AND
2 1 9082 9084 9085 AND
2 1 9083 9085 9086 AND
2 1 2248 3108 9087 AND
2 1 9086 9087 9088 AND
2 1 9088 29 9089 XOR
2 1 9217 9089 9219 XOR
2 1 8903 8911 8912 AND
2 1 8774 8913 8914 AND
2 1 8912 8914 9081 AND
2 1 9219 9081 9220 XOR
2 1 9228 9220 9230 XOR
2 1 8773 8915 8916 AND
2 1 8917 8918 8919 AND
2 1 8916 8919 9080 AND
2 1 9230 9080 9232 XOR
2 1 9240 9232 9242 XOR
2 1 9243 9242 9245 XOR
2 1 9253 9245 9255 XOR
2 1 9256 9255 9262 XOR
2 1 8765 8945 9261 AND
2 1 9262 9261 9263 XOR
2 1 107 992 9073 AND
2 1 109 917 9072 AND
2 1 108 914 9074 AND
2 1 9072 9074 9075 AND
2 1 9073 9075 9076 AND
2 1 920 5468 9077 AND
2 1 9076 9077 9078 AND
2 1 9078 17 9079 XOR
2 1 9263 9079 9264 XOR
2 1 8946 8954 8955 AND
2 1 8707 8956 9070 AND
2 1 8955 9070 9071 AND
2 1 9264 9071 9265 XOR
2 1 110 735 9063 AND
2 1 112 650 9062 AND
2 1 111 647 9064 AND
2 1 9062 9064 9065 AND
2 1 9063 9065 9066 AND
2 1 653 5950 9067 AND
2 1 9066 9067 9068 AND
2 1 9068 14 9069 XOR
2 1 9265 9069 9267 XOR
2 1 8957 8965 8966 AND
2 1 8764 8967 8968 AND
2 1 8966 8968 9061 AND
2 1 9267 9061 9269 XOR
2 1 113 514 9054 AND
2 1 115 460 9053 AND
2 1 114 457 9055 AND
2 1 9053 9055 9056 AND
2 1 9054 9056 9057 AND
2 1 463 6668 9058 AND
2 1 9057 9058 9059 AND
2 1 9059 11 9060 XOR
2 1 9269 9060 9270 XOR
2 1 8763 8969 8970 AND
2 1 8755 8971 8972 AND
2 1 8970 8972 9052 AND
2 1 9270 9052 9271 XOR
2 1 116 343 9045 AND
2 1 118 315 9044 AND
2 1 117 312 9046 AND
2 1 9044 9046 9047 AND
2 1 9045 9047 9048 AND
2 1 318 7428 9049 AND
2 1 9048 9049 9050 AND
2 1 9050 8 9051 XOR
2 1 9271 9051 9273 XOR
2 1 8971 8755 8973 XOR
2 1 8754 8973 8974 AND
2 1 8746 8976 8977 AND
2 1 8974 8977 9043 AND
2 1 9273 9043 9275 XOR
2 1 9276 9275 9277 XOR
2 1 8986 9003 9019 AND
2 1 8976 8746 8978 XOR
2 1 8986 9003 9020 AND
2 1 8978 9020 9021 AND
2 1 9019 9021 9022 AND
2 1 9277 9022 9279 XOR
2 1 8745 9006 9007 AND
2 1 8739 8741 9012 AND
2 1 9006 8735 9010 XOR
2 1 8735 8736 9008 AND
2 1 8477 9008 9009 AND
2 1 9010 9009 9011 XOR
2 1 8476 8738 9013 AND
2 1 9011 9013 9014 AND
2 1 9012 9014 9015 AND
2 1 9007 9015 9018 AND
2 1 9279 9018 9281 XOR
2 1 9022 9277 9278 AND
2 1 9018 9279 9280 AND
2 1 9278 9280 9581 AND
2 1 9034 9042 9575 AND
2 1 9034 9042 9576 AND
2 1 9275 9576 9577 AND
2 1 9575 9577 9578 AND
2 1 120 236 9547 AND
2 1 122 199 9546 AND
2 1 121 196 9548 AND
2 1 9546 9548 9549 AND
2 1 9547 9549 9550 AND
2 1 202 8473 9551 AND
2 1 9550 9551 9552 AND
2 1 9552 5 9553 XOR
2 1 9060 9269 9535 AND
2 1 9079 9263 9520 AND
2 1 108 992 9509 AND
2 1 110 917 9508 AND
2 1 109 914 9510 AND
2 1 9508 9510 9511 AND
2 1 9509 9511 9512 AND
2 1 920 5705 9513 AND
2 1 9512 9513 9514 AND
2 1 9514 17 9515 XOR
2 1 105 1277 9496 AND
2 1 107 1166 9495 AND
2 1 106 1163 9497 AND
2 1 9495 9497 9498 AND
2 1 9496 9498 9499 AND
2 1 1169 4836 9500 AND
2 1 9499 9500 9501 AND
2 1 9501 20 9502 XOR
2 1 9232 9240 9241 AND
2 1 9242 9243 9244 AND
2 1 9241 9244 9492 AND
2 1 102 1606 9483 AND
2 1 104 1491 9482 AND
2 1 103 1488 9484 AND
2 1 9482 9484 9485 AND
2 1 9483 9485 9486 AND
2 1 1494 4414 9487 AND
2 1 9486 9487 9488 AND
2 1 9488 23 9489 XOR
2 1 9220 9228 9229 AND
2 1 9080 9230 9231 AND
2 1 9229 9231 9479 AND
2 1 99 1974 9470 AND
2 1 101 1862 9469 AND
2 1 100 1859 9471 AND
2 1 9469 9471 9472 AND
2 1 9470 9472 9473 AND
2 1 1865 3830 9474 AND
2 1 9473 9474 9475 AND
2 1 9475 26 9476 XOR
2 1 96 2385 9458 AND
2 1 98 2245 9457 AND
2 1 97 2242 9459 AND
2 1 9457 9459 9460 AND
2 1 9458 9460 9461 AND
2 1 2248 3291 9462 AND
2 1 9461 9462 9463 AND
2 1 9463 29 9464 XOR
2 1 93 2837 9447 AND
2 1 95 2674 9446 AND
2 1 94 2671 9448 AND
2 1 9446 9448 9449 AND
2 1 9447 9449 9450 AND
2 1 2677 2799 9451 AND
2 1 9450 9451 9452 AND
2 1 9452 32 9453 XOR
2 1 9192 9200 9201 AND
2 1 9202 9203 9204 AND
2 1 9201 9204 9443 AND
2 1 90 3339 9434 AND
2 1 92 3162 9433 AND
2 1 91 3159 9435 AND
2 1 9433 9435 9436 AND
2 1 9434 9436 9437 AND
2 1 2346 3165 9438 AND
2 1 9437 9438 9439 AND
2 1 9439 35 9440 XOR
2 1 9179 9187 9188 AND
2 1 9189 9190 9191 AND
2 1 9188 9191 9430 AND
2 1 87 3904 9421 AND
2 1 89 3717 9420 AND
2 1 88 3714 9422 AND
2 1 9420 9422 9423 AND
2 1 9421 9423 9424 AND
2 1 1824 3720 9425 AND
2 1 9424 9425 9426 AND
2 1 9426 38 9427 XOR
2 1 9099 9175 9176 AND
2 1 9091 9177 9178 AND
2 1 9176 9178 9417 AND
2 1 84 4489 9408 AND
2 1 86 4283 9407 AND
2 1 85 4280 9409 AND
2 1 9407 9409 9410 AND
2 1 9408 9410 9411 AND
2 1 1567 4286 9412 AND
2 1 9411 9412 9413 AND
2 1 9413 41 9414 XOR
2 1 81 5125 9395 AND
2 1 83 4891 9394 AND
2 1 82 4888 9396 AND
2 1 9394 9396 9397 AND
2 1 9395 9397 9398 AND
2 1 1232 4894 9399 AND
2 1 9398 9399 9400 AND
2 1 9400 44 9401 XOR
2 1 9117 9167 9168 AND
2 1 9109 9169 9170 AND
2 1 9168 9170 9391 AND
2 1 78 5789 9382 AND
2 1 80 5532 9381 AND
2 1 79 5529 9383 AND
2 1 9381 9383 9384 AND
2 1 9382 9384 9385 AND
2 1 872 5535 9386 AND
2 1 9385 9386 9387 AND
2 1 9387 47 9388 XOR
2 1 75 6482 9369 AND
2 1 77 6208 9368 AND
2 1 76 6205 9370 AND
2 1 9368 9370 9371 AND
2 1 9369 9371 9372 AND
2 1 698 6211 9373 AND
2 1 9372 9373 9374 AND
2 1 9374 50 9375 XOR
2 1 9151 9159 9160 AND
2 1 9127 9161 9162 AND
2 1 9160 9162 9365 AND
2 1 61 60 9342 XOR
2 1 9136 9342 9343 AND
2 1 64 9343 9344 AND
2 1 62 61 9345 XOR
2 1 9136 9345 9346 AND
2 1 65 9346 9347 AND
2 1 9344 9347 9348 AND
2 1 9136 9345 9349 AND
2 1 139 9349 9350 AND
2 1 9348 9350 9351 AND
2 1 9351 62 9352 XOR
2 1 62 9137 9341 AND
2 1 9352 9341 9354 XOR
2 1 66 8808 9334 AND
2 1 68 8542 9333 AND
2 1 67 8539 9335 AND
2 1 9333 9335 9336 AND
2 1 9334 9336 9337 AND
2 1 191 8545 9338 AND
2 1 9337 9338 9339 AND
2 1 9339 59 9340 XOR
2 1 9354 9340 9356 XOR
2 1 9138 9146 9147 AND
2 1 8816 9137 9331 AND
2 1 9147 9331 9332 AND
2 1 9356 9332 9358 XOR
2 1 69 8016 9324 AND
2 1 71 7735 9323 AND
2 1 70 7732 9325 AND
2 1 9323 9325 9326 AND
2 1 9324 9326 9327 AND
2 1 297 7738 9328 AND
2 1 9327 9328 9329 AND
2 1 9329 56 9330 XOR
2 1 9358 9330 9360 XOR
2 1 9135 9148 9149 AND
2 1 8829 9150 9321 AND
2 1 9149 9321 9322 AND
2 1 9360 9322 9362 XOR
2 1 72 7228 9314 AND
2 1 74 6933 9313 AND
2 1 73 6930 9315 AND
2 1 9313 9315 9316 AND
2 1 9314 9316 9317 AND
2 1 494 6936 9318 AND
2 1 9317 9318 9319 AND
2 1 9319 53 9320 XOR
2 1 9362 9320 9364 XOR
2 1 9365 9364 9367 XOR
2 1 9375 9367 9377 XOR
2 1 9126 9163 9164 AND
2 1 9118 9165 9166 AND
2 1 9164 9166 9312 AND
2 1 9377 9312 9380 XOR
2 1 9388 9380 9390 XOR
2 1 9391 9390 9393 XOR
2 1 9401 9393 9403 XOR
2 1 9108 9171 9172 AND
2 1 9100 9173 9174 AND
2 1 9172 9174 9311 AND
2 1 9403 9311 9406 XOR
2 1 9414 9406 9416 XOR
2 1 9417 9416 9419 XOR
2 1 9427 9419 9429 XOR
2 1 9430 9429 9432 XOR
2 1 9440 9432 9442 XOR
2 1 9443 9442 9445 XOR
2 1 9453 9445 9455 XOR
2 1 9205 9213 9214 AND
2 1 8902 9215 9216 AND
2 1 9214 9216 9310 AND
2 1 9455 9310 9456 XOR
2 1 9464 9456 9466 XOR
2 1 9089 9217 9218 AND
2 1 9081 9219 9308 AND
2 1 9218 9308 9309 AND
2 1 9466 9309 9468 XOR
2 1 9476 9468 9478 XOR
2 1 9479 9478 9481 XOR
2 1 9489 9481 9491 XOR
2 1 9492 9491 9494 XOR
2 1 9502 9494 9504 XOR
2 1 9245 9253 9254 AND
2 1 9255 9256 9257 AND
2 1 8936 8944 9258 AND
2 1 8765 9258 9259 AND
2 1 9257 9259 9260 AND
2 1 9254 9260 9307 AND
2 1 9504 9307 9507 XOR
2 1 9515 9507 9517 XOR
2 1 9520 9517 9524 XOR
2 1 9071 9264 9523 AND
2 1 9524 9523 9525 XOR
2 1 111 735 9300 AND
2 1 113 650 9299 AND
2 1 112 647 9301 AND
2 1 9299 9301 9302 AND
2 1 9300 9302 9303 AND
2 1 653 6412 9304 AND
2 1 9303 9304 9305 AND
2 1 9305 14 9306 XOR
2 1 9525 9306 9527 XOR
2 1 114 514 9291 AND
2 1 116 460 9290 AND
2 1 115 457 9292 AND
2 1 9290 9292 9293 AND
2 1 9291 9293 9294 AND
2 1 463 7150 9295 AND
2 1 9294 9295 9296 AND
2 1 9296 11 9297 XOR
2 1 9527 9297 9531 XOR
2 1 9069 9265 9266 AND
2 1 9061 9267 9268 AND
2 1 9266 9268 9298 AND
2 1 9531 9298 9532 XOR
2 1 9535 9532 9539 XOR
2 1 9052 9270 9538 AND
2 1 9539 9538 9540 XOR
2 1 117 343 9283 AND
2 1 119 315 9282 AND
2 1 118 312 9284 AND
2 1 9282 9284 9285 AND
2 1 9283 9285 9286 AND
2 1 318 7925 9287 AND
2 1 9286 9287 9288 AND
2 1 9288 8 9289 XOR
2 1 9540 9289 9542 XOR
2 1 9553 9542 9572 XOR
2 1 125 134 9554 AND
2 1 123 147 9555 AND
2 1 124 131 9556 AND
2 1 9555 9556 9557 AND
2 1 9554 9557 9558 AND
2 1 9558 2 9570 XOR
2 1 125 124 9565 XOR
2 1 122 124 9559 AND
2 1 123 9559 9560 AND
2 1 123 124 9561 AND
2 1 8995 9561 9562 AND
2 1 9560 9562 9563 AND
2 1 9565 9563 9567 XOR
2 1 138 9558 9568 AND
2 1 9567 9568 9569 AND
2 1 9570 9569 9571 XOR
2 1 9572 9571 9573 XOR
2 1 9051 9271 9272 AND
2 1 9043 9273 9274 AND
2 1 9272 9274 9543 AND
2 1 9573 9543 9574 XOR
2 1 9578 9574 9580 XOR
2 1 9581 9580 9586 XOR
2 1 126 134 9844 AND
2 1 124 147 9845 AND
2 1 125 131 9846 AND
2 1 9845 9846 9847 AND
2 1 9844 9847 9848 AND
2 1 126 125 9850 XOR
2 1 124 125 9564 AND
2 1 9563 9565 9566 AND
2 1 9564 9566 9849 AND
2 1 9850 9849 9851 XOR
2 1 138 9851 9852 AND
2 1 9848 9852 9853 AND
2 1 9853 2 9854 XOR
2 1 9289 9540 9541 AND
2 1 9542 9543 9544 AND
2 1 9541 9544 9841 AND
2 1 121 236 9832 AND
2 1 123 199 9831 AND
2 1 122 196 9833 AND
2 1 9831 9833 9834 AND
2 1 9832 9834 9835 AND
2 1 202 8999 9836 AND
2 1 9835 9836 9837 AND
2 1 9837 5 9838 XOR
2 1 118 343 9824 AND
2 1 120 315 9823 AND
2 1 119 312 9825 AND
2 1 9823 9825 9826 AND
2 1 9824 9826 9827 AND
2 1 318 7949 9828 AND
2 1 9827 9828 9829 AND
2 1 9829 8 9830 XOR
2 1 9838 9830 9839 XOR
2 1 115 514 9812 AND
2 1 117 460 9811 AND
2 1 116 457 9813 AND
2 1 9811 9813 9814 AND
2 1 9812 9814 9815 AND
2 1 463 7407 9816 AND
2 1 9815 9816 9817 AND
2 1 9817 11 9818 XOR
2 1 109 992 9797 AND
2 1 111 917 9796 AND
2 1 110 914 9798 AND
2 1 9796 9798 9799 AND
2 1 9797 9799 9800 AND
2 1 920 5726 9801 AND
2 1 9800 9801 9802 AND
2 1 9802 17 9803 XOR
2 1 106 1277 9786 AND
2 1 108 1166 9785 AND
2 1 107 1163 9787 AND
2 1 9785 9787 9788 AND
2 1 9786 9788 9789 AND
2 1 1169 5250 9790 AND
2 1 9789 9790 9791 AND
2 1 9791 20 9792 XOR
2 1 103 1606 9773 AND
2 1 105 1491 9772 AND
2 1 104 1488 9774 AND
2 1 9772 9774 9775 AND
2 1 9773 9775 9776 AND
2 1 1494 4617 9777 AND
2 1 9776 9777 9778 AND
2 1 9778 23 9779 XOR
2 1 9468 9476 9477 AND
2 1 9478 9479 9480 AND
2 1 9477 9480 9769 AND
2 1 100 1974 9760 AND
2 1 102 1862 9759 AND
2 1 101 1859 9761 AND
2 1 9759 9761 9762 AND
2 1 9760 9762 9763 AND
2 1 1865 3850 9764 AND
2 1 9763 9764 9765 AND
2 1 9765 26 9766 XOR
2 1 9456 9464 9465 AND
2 1 9309 9466 9467 AND
2 1 9465 9467 9756 AND
2 1 97 2385 9747 AND
2 1 99 2245 9746 AND
2 1 98 2242 9748 AND
2 1 9746 9748 9749 AND
2 1 9747 9749 9750 AND
2 1 2248 3473 9751 AND
2 1 9750 9751 9752 AND
2 1 9752 29 9753 XOR
2 1 94 2837 9734 AND
2 1 96 2674 9733 AND
2 1 95 2671 9735 AND
2 1 9733 9735 9736 AND
2 1 9734 9736 9737 AND
2 1 2677 2960 9738 AND
2 1 9737 9738 9739 AND
2 1 9739 32 9740 XOR
2 1 9432 9440 9441 AND
2 1 9442 9443 9444 AND
2 1 9441 9444 9730 AND
2 1 91 3339 9721 AND
2 1 93 3162 9720 AND
2 1 92 3159 9722 AND
2 1 9720 9722 9723 AND
2 1 9721 9723 9724 AND
2 1 2497 3165 9725 AND
2 1 9724 9725 9726 AND
2 1 9726 35 9727 XOR
2 1 9419 9427 9428 AND
2 1 9429 9430 9431 AND
2 1 9428 9431 9717 AND
2 1 88 3904 9708 AND
2 1 90 3717 9707 AND
2 1 89 3714 9709 AND
2 1 9707 9709 9710 AND
2 1 9708 9710 9711 AND
2 1 2065 3720 9712 AND
2 1 9711 9712 9713 AND
2 1 9713 38 9714 XOR
2 1 85 4489 9696 AND
2 1 87 4283 9695 AND
2 1 86 4280 9697 AND
2 1 9695 9697 9698 AND
2 1 9696 9698 9699 AND
2 1 1687 4286 9700 AND
2 1 9699 9700 9701 AND
2 1 9701 41 9702 XOR
2 1 82 5125 9685 AND
2 1 84 4891 9684 AND
2 1 83 4888 9686 AND
2 1 9684 9686 9687 AND
2 1 9685 9687 9688 AND
2 1 1343 4894 9689 AND
2 1 9688 9689 9690 AND
2 1 9690 44 9691 XOR
2 1 70 8016 9661 AND
2 1 72 7735 9660 AND
2 1 71 7732 9662 AND
2 1 9660 9662 9663 AND
2 1 9661 9663 9664 AND
2 1 376 7738 9665 AND
2 1 9664 9665 9666 AND
2 1 9666 56 9667 XOR
2 1 67 8808 9648 AND
2 1 69 8542 9647 AND
2 1 68 8539 9649 AND
2 1 9647 9649 9650 AND
2 1 9648 9650 9651 AND
2 1 229 8545 9652 AND
2 1 9651 9652 9653 AND
2 1 9653 59 9654 XOR
2 1 9136 9345 9636 AND
2 1 9342 9636 9637 AND
2 1 64 9637 9638 AND
2 1 66 9346 9635 AND
2 1 65 9343 9639 AND
2 1 9635 9639 9640 AND
2 1 9638 9640 9641 AND
2 1 152 9349 9642 AND
2 1 9641 9642 9643 AND
2 1 9643 62 9644 XOR
2 1 9341 9352 9353 AND
2 1 9644 9353 9646 XOR
2 1 9654 9646 9656 XOR
2 1 9340 9354 9355 AND
2 1 9332 9356 9357 AND
2 1 9355 9357 9634 AND
2 1 9656 9634 9659 XOR
2 1 9667 9659 9669 XOR
2 1 9330 9358 9359 AND
2 1 9322 9360 9361 AND
2 1 9359 9361 9633 AND
2 1 9669 9633 9671 XOR
2 1 73 7228 9626 AND
2 1 75 6933 9625 AND
2 1 74 6930 9627 AND
2 1 9625 9627 9628 AND
2 1 9626 9628 9629 AND
2 1 558 6936 9630 AND
2 1 9629 9630 9631 AND
2 1 9631 53 9632 XOR
2 1 9671 9632 9673 XOR
2 1 9320 9362 9363 AND
2 1 9364 9365 9366 AND
2 1 9363 9366 9624 AND
2 1 9673 9624 9675 XOR
2 1 76 6482 9617 AND
2 1 78 6208 9616 AND
2 1 77 6205 9618 AND
2 1 9616 9618 9619 AND
2 1 9617 9619 9620 AND
2 1 719 6211 9621 AND
2 1 9620 9621 9622 AND
2 1 9622 50 9623 XOR
2 1 9675 9623 9677 XOR
2 1 9367 9375 9376 AND
2 1 9312 9377 9378 AND
2 1 9376 9378 9379 AND
2 1 9677 9379 9679 XOR
2 1 79 5789 9609 AND
2 1 81 5532 9608 AND
2 1 80 5529 9610 AND
2 1 9608 9610 9611 AND
2 1 9609 9611 9612 AND
2 1 965 5535 9613 AND
2 1 9612 9613 9614 AND
2 1 9614 47 9615 XOR
2 1 9679 9615 9681 XOR
2 1 9380 9388 9389 AND
2 1 9390 9391 9392 AND
2 1 9389 9392 9607 AND
2 1 9681 9607 9683 XOR
2 1 9691 9683 9693 XOR
2 1 9393 9401 9402 AND
2 1 9311 9403 9404 AND
2 1 9402 9404 9405 AND
2 1 9693 9405 9694 XOR
2 1 9702 9694 9704 XOR
2 1 9406 9414 9415 AND
2 1 9416 9417 9418 AND
2 1 9415 9418 9606 AND
2 1 9704 9606 9706 XOR
2 1 9714 9706 9716 XOR
2 1 9717 9716 9719 XOR
2 1 9727 9719 9729 XOR
2 1 9730 9729 9732 XOR
2 1 9740 9732 9742 XOR
2 1 9445 9453 9454 AND
2 1 9310 9455 9604 AND
2 1 9454 9604 9605 AND
2 1 9742 9605 9745 XOR
2 1 9753 9745 9755 XOR
2 1 9756 9755 9758 XOR
2 1 9766 9758 9768 XOR
2 1 9769 9768 9771 XOR
2 1 9779 9771 9781 XOR
2 1 9481 9489 9490 AND
2 1 9491 9492 9493 AND
2 1 9490 9493 9603 AND
2 1 9781 9603 9784 XOR
2 1 9792 9784 9794 XOR
2 1 9494 9502 9503 AND
2 1 9307 9504 9505 AND
2 1 9503 9505 9506 AND
2 1 9794 9506 9795 XOR
2 1 9803 9795 9805 XOR
2 1 9507 9515 9516 AND
2 1 9079 9263 9518 AND
2 1 9517 9518 9519 AND
2 1 9071 9520 9521 AND
2 1 9519 9521 9522 AND
2 1 9516 9522 9602 AND
2 1 9805 9602 9807 XOR
2 1 112 735 9595 AND
2 1 114 650 9594 AND
2 1 113 647 9596 AND
2 1 9594 9596 9597 AND
2 1 9595 9597 9598 AND
2 1 653 6651 9599 AND
2 1 9598 9599 9600 AND
2 1 9600 14 9601 XOR
2 1 9807 9601 9809 XOR
2 1 9306 9525 9526 AND
2 1 9298 9527 9528 AND
2 1 9526 9528 9593 AND
2 1 9809 9593 9810 XOR
2 1 9818 9810 9820 XOR
2 1 9527 9298 9529 XOR
2 1 9297 9529 9530 AND
2 1 9060 9269 9533 AND
2 1 9532 9533 9534 AND
2 1 9052 9535 9536 AND
2 1 9534 9536 9537 AND
2 1 9530 9537 9592 AND
2 1 9820 9592 9822 XOR
2 1 9839 9822 9840 XOR
2 1 9841 9840 9843 XOR
2 1 9854 9843 9856 XOR
2 1 9553 9571 9588 AND
2 1 9543 9542 9545 XOR
2 1 9553 9571 9589 AND
2 1 9545 9589 9590 AND
2 1 9588 9590 9591 AND
2 1 9856 9591 9858 XOR
2 1 9574 9578 9579 AND
2 1 9022 9277 9582 AND
2 1 9580 9582 9583 AND
2 1 9018 9278 9584 AND
2 1 9583 9584 9585 AND
2 1 9579 9585 9587 AND
2 1 9858 9587 9860 XOR
2 1 9591 9856 9857 AND
2 1 9587 9858 9859 AND
2 1 9857 9859 10150 AND
2 1 9854 9840 10147 XOR
2 1 9841 10147 10148 AND
2 1 9840 9854 10145 AND
2 1 127 134 10125 AND
2 1 125 147 10126 AND
2 1 126 131 10127 AND
2 1 10126 10127 10128 AND
2 1 10125 10128 10129 AND
2 1 10129 2 10139 XOR
2 1 127 126 10135 XOR
2 1 124 126 10130 AND
2 1 125 10130 10131 AND
2 1 125 126 10132 AND
2 1 9566 10132 10133 AND
2 1 10131 10133 10134 AND
2 1 10135 10134 10136 XOR
2 1 138 10129 10137 AND
2 1 10136 10137 10138 AND
2 1 10139 10138 10140 XOR
2 1 9830 9838 10119 AND
2 1 9830 9838 10120 AND
2 1 9822 10120 10121 AND
2 1 10119 10121 10122 AND
2 1 122 236 10110 AND
2 1 124 199 10109 AND
2 1 123 196 10111 AND
2 1 10109 10111 10112 AND
2 1 10110 10112 10113 AND
2 1 202 9030 10114 AND
2 1 10113 10114 10115 AND
2 1 10115 5 10116 XOR
2 1 119 343 10102 AND
2 1 121 315 10101 AND
2 1 120 312 10103 AND
2 1 10101 10103 10104 AND
2 1 10102 10104 10105 AND
2 1 318 8447 10106 AND
2 1 10105 10106 10107 AND
2 1 10107 8 10108 XOR
2 1 10116 10108 10117 XOR
2 1 9810 9818 10098 AND
2 1 116 514 10085 AND
2 1 118 460 10084 AND
2 1 117 457 10086 AND
2 1 10084 10086 10087 AND
2 1 10085 10087 10088 AND
2 1 463 7428 10089 AND
2 1 10088 10089 10090 AND
2 1 10090 11 10091 XOR
2 1 101 1974 10057 AND
2 1 103 1862 10056 AND
2 1 102 1859 10058 AND
2 1 10056 10058 10059 AND
2 1 10057 10059 10060 AND
2 1 1865 4041 10061 AND
2 1 10060 10061 10062 AND
2 1 10062 26 10063 XOR
2 1 98 2385 10045 AND
2 1 100 2245 10044 AND
2 1 99 2242 10046 AND
2 1 10044 10046 10047 AND
2 1 10045 10047 10048 AND
2 1 2248 3635 10049 AND
2 1 10048 10049 10050 AND
2 1 10050 29 10051 XOR
2 1 9719 9727 9728 AND
2 1 9729 9730 9731 AND
2 1 9728 9731 10038 AND
2 1 92 3339 10029 AND
2 1 94 3162 10028 AND
2 1 93 3159 10030 AND
2 1 10028 10030 10031 AND
2 1 10029 10031 10032 AND
2 1 2632 3165 10033 AND
2 1 10032 10033 10034 AND
2 1 10034 35 10035 XOR
2 1 9706 9714 9715 AND
2 1 9716 9717 9718 AND
2 1 9715 9718 10025 AND
2 1 89 3904 10016 AND
2 1 91 3717 10015 AND
2 1 90 3714 10017 AND
2 1 10015 10017 10018 AND
2 1 10016 10018 10019 AND
2 1 2200 3720 10020 AND
2 1 10019 10020 10021 AND
2 1 10021 38 10022 XOR
2 1 9694 9702 9703 AND
2 1 9606 9704 9705 AND
2 1 9703 9705 10012 AND
2 1 86 4489 10003 AND
2 1 88 4283 10002 AND
2 1 87 4280 10004 AND
2 1 10002 10004 10005 AND
2 1 10003 10005 10006 AND
2 1 1801 4286 10007 AND
2 1 10006 10007 10008 AND
2 1 10008 41 10009 XOR
2 1 80 5789 9987 AND
2 1 82 5532 9986 AND
2 1 81 5529 9988 AND
2 1 9986 9988 9989 AND
2 1 9987 9989 9990 AND
2 1 1124 5535 9991 AND
2 1 9990 9991 9992 AND
2 1 9992 47 9993 XOR
2 1 9623 9675 9676 AND
2 1 9379 9677 9678 AND
2 1 9676 9678 9983 AND
2 1 74 7228 9970 AND
2 1 76 6933 9969 AND
2 1 75 6930 9971 AND
2 1 9969 9971 9972 AND
2 1 9970 9972 9973 AND
2 1 576 6936 9974 AND
2 1 9973 9974 9975 AND
2 1 9975 53 9976 XOR
2 1 68 8808 9955 AND
2 1 70 8542 9954 AND
2 1 69 8539 9956 AND
2 1 9954 9956 9957 AND
2 1 9955 9957 9958 AND
2 1 275 8545 9959 AND
2 1 9958 9959 9960 AND
2 1 9960 59 9961 XOR
2 1 65 9637 9945 AND
2 1 67 9346 9944 AND
2 1 66 9343 9946 AND
2 1 9944 9946 9947 AND
2 1 9945 9947 9948 AND
2 1 169 9349 9949 AND
2 1 9948 9949 9950 AND
2 1 9950 62 9951 XOR
2 1 63 62 9940 XOR
2 1 64 9940 9941 AND
2 1 9353 9644 9645 AND
2 1 9941 9645 9943 XOR
2 1 9951 9943 9953 XOR
2 1 9961 9953 9963 XOR
2 1 9646 9654 9655 AND
2 1 9634 9656 9657 AND
2 1 9655 9657 9658 AND
2 1 9963 9658 9965 XOR
2 1 71 8016 9933 AND
2 1 73 7735 9932 AND
2 1 72 7732 9934 AND
2 1 9932 9934 9935 AND
2 1 9933 9935 9936 AND
2 1 423 7738 9937 AND
2 1 9936 9937 9938 AND
2 1 9938 56 9939 XOR
2 1 9965 9939 9967 XOR
2 1 9659 9667 9668 AND
2 1 9633 9669 9670 AND
2 1 9668 9670 9931 AND
2 1 9967 9931 9968 XOR
2 1 9976 9968 9978 XOR
2 1 9632 9671 9672 AND
2 1 9624 9673 9674 AND
2 1 9672 9674 9930 AND
2 1 9978 9930 9980 XOR
2 1 77 6482 9923 AND
2 1 79 6208 9922 AND
2 1 78 6205 9924 AND
2 1 9922 9924 9925 AND
2 1 9923 9925 9926 AND
2 1 792 6211 9927 AND
2 1 9926 9927 9928 AND
2 1 9928 50 9929 XOR
2 1 9980 9929 9982 XOR
2 1 9983 9982 9985 XOR
2 1 9993 9985 9995 XOR
2 1 9615 9679 9680 AND
2 1 9607 9681 9682 AND
2 1 9680 9682 9921 AND
2 1 9995 9921 9997 XOR
2 1 83 5125 9914 AND
2 1 85 4891 9913 AND
2 1 84 4888 9915 AND
2 1 9913 9915 9916 AND
2 1 9914 9916 9917 AND
2 1 1441 4894 9918 AND
2 1 9917 9918 9919 AND
2 1 9919 44 9920 XOR
2 1 9997 9920 9999 XOR
2 1 9683 9691 9692 AND
2 1 9405 9693 9911 AND
2 1 9692 9911 9912 AND
2 1 9999 9912 10001 XOR
2 1 10009 10001 10011 XOR
2 1 10012 10011 10014 XOR
2 1 10022 10014 10024 XOR
2 1 10025 10024 10027 XOR
2 1 10035 10027 10037 XOR
2 1 10038 10037 10040 XOR
2 1 95 2837 9904 AND
2 1 97 2674 9903 AND
2 1 96 2671 9905 AND
2 1 9903 9905 9906 AND
2 1 9904 9906 9907 AND
2 1 2677 3108 9908 AND
2 1 9907 9908 9909 AND
2 1 9909 32 9910 XOR
2 1 10040 9910 10042 XOR
2 1 9732 9740 9741 AND
2 1 9605 9742 9743 AND
2 1 9741 9743 9744 AND
2 1 10042 9744 10043 XOR
2 1 10051 10043 10053 XOR
2 1 9745 9753 9754 AND
2 1 9755 9756 9757 AND
2 1 9754 9757 9902 AND
2 1 10053 9902 10055 XOR
2 1 10063 10055 10065 XOR
2 1 9758 9766 9767 AND
2 1 9768 9769 9770 AND
2 1 9767 9770 9901 AND
2 1 10065 9901 10067 XOR
2 1 104 1606 9894 AND
2 1 106 1491 9893 AND
2 1 105 1488 9895 AND
2 1 9893 9895 9896 AND
2 1 9894 9896 9897 AND
2 1 1494 4814 9898 AND
2 1 9897 9898 9899 AND
2 1 9899 23 9900 XOR
2 1 10067 9900 10069 XOR
2 1 9771 9779 9780 AND
2 1 9603 9781 9782 AND
2 1 9780 9782 9783 AND
2 1 10069 9783 10071 XOR
2 1 107 1277 9886 AND
2 1 109 1166 9885 AND
2 1 108 1163 9887 AND
2 1 9885 9887 9888 AND
2 1 9886 9888 9889 AND
2 1 1169 5468 9890 AND
2 1 9889 9890 9891 AND
2 1 9891 20 9892 XOR
2 1 10071 9892 10073 XOR
2 1 9784 9792 9793 AND
2 1 9506 9794 9883 AND
2 1 9793 9883 9884 AND
2 1 10073 9884 10075 XOR
2 1 110 992 9876 AND
2 1 112 917 9875 AND
2 1 111 914 9877 AND
2 1 9875 9877 9878 AND
2 1 9876 9878 9879 AND
2 1 920 5950 9880 AND
2 1 9879 9880 9881 AND
2 1 9881 17 9882 XOR
2 1 10075 9882 10077 XOR
2 1 9795 9803 9804 AND
2 1 9602 9805 9806 AND
2 1 9804 9806 9874 AND
2 1 10077 9874 10079 XOR
2 1 113 735 9867 AND
2 1 115 650 9866 AND
2 1 114 647 9868 AND
2 1 9866 9868 9869 AND
2 1 9867 9869 9870 AND
2 1 653 6668 9871 AND
2 1 9870 9871 9872 AND
2 1 9872 14 9873 XOR
2 1 10079 9873 10081 XOR
2 1 10091 10081 10093 XOR
2 1 9601 9807 9808 AND
2 1 9306 9525 9861 AND
2 1 9809 9861 9862 AND
2 1 9298 9526 9863 AND
2 1 9862 9863 9864 AND
2 1 9808 9864 9865 AND
2 1 10093 9865 10094 XOR
2 1 10098 10094 10099 XOR
2 1 9592 9820 10097 AND
2 1 10099 10097 10100 XOR
2 1 10117 10100 10118 XOR
2 1 10122 10118 10124 XOR
2 1 10140 10124 10142 XOR
2 1 10145 10142 10146 XOR
2 1 10148 10146 10149 XOR
2 1 10150 10149 10155 XOR
2 1 123 236 10421 AND
2 1 125 199 10420 AND
2 1 124 196 10422 AND
2 1 10420 10422 10423 AND
2 1 10421 10423 10424 AND
2 1 202 9567 10425 AND
2 1 10424 10425 10426 AND
2 1 10426 5 10427 XOR
2 1 120 343 10413 AND
2 1 122 315 10412 AND
2 1 121 312 10414 AND
2 1 10412 10414 10415 AND
2 1 10413 10415 10416 AND
2 1 318 8473 10417 AND
2 1 10416 10417 10418 AND
2 1 10418 8 10419 XOR
2 1 10427 10419 10428 XOR
2 1 105 1606 10386 AND
2 1 107 1491 10385 AND
2 1 106 1488 10387 AND
2 1 10385 10387 10388 AND
2 1 10386 10388 10389 AND
2 1 1494 4836 10390 AND
2 1 10389 10390 10391 AND
2 1 10391 23 10392 XOR
2 1 10055 10063 10064 AND
2 1 9901 10065 10066 AND
2 1 10064 10066 10382 AND
2 1 102 1974 10373 AND
2 1 104 1862 10372 AND
2 1 103 1859 10374 AND
2 1 10372 10374 10375 AND
2 1 10373 10375 10376 AND
2 1 1865 4414 10377 AND
2 1 10376 10377 10378 AND
2 1 10378 26 10379 XOR
2 1 10043 10051 10052 AND
2 1 9902 10053 10054 AND
2 1 10052 10054 10369 AND
2 1 99 2385 10360 AND
2 1 101 2245 10359 AND
2 1 100 2242 10361 AND
2 1 10359 10361 10362 AND
2 1 10360 10362 10363 AND
2 1 2248 3830 10364 AND
2 1 10363 10364 10365 AND
2 1 10365 29 10366 XOR
2 1 9910 10040 10041 AND
2 1 9744 10042 10355 AND
2 1 10041 10355 10356 AND
2 1 10027 10035 10036 AND
2 1 10037 10038 10039 AND
2 1 10036 10039 10350 AND
2 1 93 3339 10341 AND
2 1 95 3162 10340 AND
2 1 94 3159 10342 AND
2 1 10340 10342 10343 AND
2 1 10341 10343 10344 AND
2 1 2799 3165 10345 AND
2 1 10344 10345 10346 AND
2 1 10346 35 10347 XOR
2 1 10014 10022 10023 AND
2 1 10024 10025 10026 AND
2 1 10023 10026 10337 AND
2 1 90 3904 10328 AND
2 1 92 3717 10327 AND
2 1 91 3714 10329 AND
2 1 10327 10329 10330 AND
2 1 10328 10330 10331 AND
2 1 2346 3720 10332 AND
2 1 10331 10332 10333 AND
2 1 10333 38 10334 XOR
2 1 10001 10009 10010 AND
2 1 10011 10012 10013 AND
2 1 10010 10013 10324 AND
2 1 87 4489 10315 AND
2 1 89 4283 10314 AND
2 1 88 4280 10316 AND
2 1 10314 10316 10317 AND
2 1 10315 10317 10318 AND
2 1 1824 4286 10319 AND
2 1 10318 10319 10320 AND
2 1 10320 41 10321 XOR
2 1 9920 9997 9998 AND
2 1 9912 9999 10000 AND
2 1 9998 10000 10311 AND
2 1 9985 9993 9994 AND
2 1 9921 9995 9996 AND
2 1 9994 9996 10306 AND
2 1 81 5789 10297 AND
2 1 83 5532 10296 AND
2 1 82 5529 10298 AND
2 1 10296 10298 10299 AND
2 1 10297 10299 10300 AND
2 1 1232 5535 10301 AND
2 1 10300 10301 10302 AND
2 1 10302 47 10303 XOR
2 1 9929 9980 9981 AND
2 1 9982 9983 9984 AND
2 1 9981 9984 10293 AND
2 1 9968 9976 9977 AND
2 1 9930 9978 9979 AND
2 1 9977 9979 10288 AND
2 1 75 7228 10279 AND
2 1 77 6933 10278 AND
2 1 76 6930 10280 AND
2 1 10278 10280 10281 AND
2 1 10279 10281 10282 AND
2 1 698 6936 10283 AND
2 1 10282 10283 10284 AND
2 1 10284 53 10285 XOR
2 1 9939 9965 9966 AND
2 1 9931 9967 10274 AND
2 1 9966 10274 10275 AND
2 1 69 8808 10261 AND
2 1 71 8542 10260 AND
2 1 70 8539 10262 AND
2 1 10260 10262 10263 AND
2 1 10261 10263 10264 AND
2 1 297 8545 10265 AND
2 1 10264 10265 10266 AND
2 1 10266 59 10267 XOR
2 1 9645 9941 9942 AND
2 1 9943 9951 9952 AND
2 1 9942 9952 10257 AND
2 1 66 9637 10248 AND
2 1 68 9346 10247 AND
2 1 67 9343 10249 AND
2 1 10247 10249 10250 AND
2 1 10248 10250 10251 AND
2 1 191 9349 10252 AND
2 1 10251 10252 10253 AND
2 1 10253 62 10254 XOR
2 1 62 63 10243 AND
2 1 64 10243 10244 AND
2 1 65 9940 10245 AND
2 1 10244 10245 10246 AND
2 1 10254 10246 10256 XOR
2 1 10257 10256 10259 XOR
2 1 10267 10259 10269 XOR
2 1 9953 9961 9962 AND
2 1 9658 9963 9964 AND
2 1 9962 9964 10242 AND
2 1 10269 10242 10271 XOR
2 1 72 8016 10235 AND
2 1 74 7735 10234 AND
2 1 73 7732 10236 AND
2 1 10234 10236 10237 AND
2 1 10235 10237 10238 AND
2 1 494 7738 10239 AND
2 1 10238 10239 10240 AND
2 1 10240 56 10241 XOR
2 1 10271 10241 10273 XOR
2 1 10275 10273 10277 XOR
2 1 10285 10277 10287 XOR
2 1 10288 10287 10290 XOR
2 1 78 6482 10227 AND
2 1 80 6208 10226 AND
2 1 79 6205 10228 AND
2 1 10226 10228 10229 AND
2 1 10227 10229 10230 AND
2 1 872 6211 10231 AND
2 1 10230 10231 10232 AND
2 1 10232 50 10233 XOR
2 1 10290 10233 10292 XOR
2 1 10293 10292 10295 XOR
2 1 10303 10295 10305 XOR
2 1 10306 10305 10308 XOR
2 1 84 5125 10219 AND
2 1 86 4891 10218 AND
2 1 85 4888 10220 AND
2 1 10218 10220 10221 AND
2 1 10219 10221 10222 AND
2 1 1567 4894 10223 AND
2 1 10222 10223 10224 AND
2 1 10224 44 10225 XOR
2 1 10308 10225 10310 XOR
2 1 10311 10310 10313 XOR
2 1 10321 10313 10323 XOR
2 1 10324 10323 10326 XOR
2 1 10334 10326 10336 XOR
2 1 10337 10336 10339 XOR
2 1 10347 10339 10349 XOR
2 1 10350 10349 10352 XOR
2 1 96 2837 10211 AND
2 1 98 2674 10210 AND
2 1 97 2671 10212 AND
2 1 10210 10212 10213 AND
2 1 10211 10213 10214 AND
2 1 2677 3291 10215 AND
2 1 10214 10215 10216 AND
2 1 10216 32 10217 XOR
2 1 10352 10217 10354 XOR
2 1 10356 10354 10358 XOR
2 1 10366 10358 10368 XOR
2 1 10369 10368 10371 XOR
2 1 10379 10371 10381 XOR
2 1 10382 10381 10384 XOR
2 1 10392 10384 10393 XOR
2 1 9900 10067 10068 AND
2 1 9783 10069 10070 AND
2 1 10068 10070 10209 AND
2 1 10393 10209 10395 XOR
2 1 108 1277 10202 AND
2 1 110 1166 10201 AND
2 1 109 1163 10203 AND
2 1 10201 10203 10204 AND
2 1 10202 10204 10205 AND
2 1 1169 5705 10206 AND
2 1 10205 10206 10207 AND
2 1 10207 20 10208 XOR
2 1 10395 10208 10397 XOR
2 1 9892 10071 10072 AND
2 1 9884 10073 10074 AND
2 1 10072 10074 10200 AND
2 1 10397 10200 10399 XOR
2 1 111 992 10193 AND
2 1 113 917 10192 AND
2 1 112 914 10194 AND
2 1 10192 10194 10195 AND
2 1 10193 10195 10196 AND
2 1 920 6412 10197 AND
2 1 10196 10197 10198 AND
2 1 10198 17 10199 XOR
2 1 10399 10199 10401 XOR
2 1 9882 10075 10076 AND
2 1 9874 10077 10078 AND
2 1 10076 10078 10191 AND
2 1 10401 10191 10403 XOR
2 1 114 735 10184 AND
2 1 116 650 10183 AND
2 1 115 647 10185 AND
2 1 10183 10185 10186 AND
2 1 10184 10186 10187 AND
2 1 653 7150 10188 AND
2 1 10187 10188 10189 AND
2 1 10189 14 10190 XOR
2 1 10403 10190 10405 XOR
2 1 9873 10079 10080 AND
2 1 9865 10081 10082 AND
2 1 10080 10082 10182 AND
2 1 10405 10182 10407 XOR
2 1 117 514 10175 AND
2 1 119 460 10174 AND
2 1 118 457 10176 AND
2 1 10174 10176 10177 AND
2 1 10175 10177 10178 AND
2 1 463 7925 10179 AND
2 1 10178 10179 10180 AND
2 1 10180 11 10181 XOR
2 1 10407 10181 10409 XOR
2 1 10081 9865 10083 XOR
2 1 10083 10091 10092 AND
2 1 9810 9818 9819 AND
2 1 9592 9820 9821 AND
2 1 9819 9821 10095 AND
2 1 10094 10095 10096 AND
2 1 10092 10096 10173 AND
2 1 10409 10173 10411 XOR
2 1 10428 10411 10429 XOR
2 1 10108 10116 10169 AND
2 1 10108 10116 10170 AND
2 1 10100 10170 10171 AND
2 1 10169 10171 10172 AND
2 1 10429 10172 10431 XOR
2 1 126 147 10158 AND
2 1 127 131 10159 AND
2 1 10158 10159 10160 AND
2 1 10134 126 10163 XOR
2 1 10134 127 10164 XOR
2 1 10163 10164 10165 AND
2 1 138 10165 10166 AND
2 1 10160 10166 10167 AND
2 1 10167 2 10168 XOR
2 1 10431 10168 10433 XOR
2 1 10118 10122 10123 AND
2 1 10124 10140 10141 AND
2 1 10123 10141 10157 AND
2 1 10433 10157 10435 XOR
2 1 9840 9841 9842 AND
2 1 9843 9854 9855 AND
2 1 9842 9855 10143 AND
2 1 10142 10143 10144 AND
2 1 9591 9856 10151 AND
2 1 10149 10151 10152 AND
2 1 9587 9857 10153 AND
2 1 10152 10153 10154 AND
2 1 10144 10154 10156 AND
2 1 10435 10156 10437 XOR
2 1 10157 10433 10434 AND
2 1 10156 10435 10436 AND
2 1 10434 10436 10713 AND
2 1 10172 10429 10430 AND
2 1 10168 10431 10432 AND
2 1 10430 10432 10710 AND
2 1 127 147 10702 AND
2 1 2 10702 10703 AND
2 1 126 10134 10161 AND
2 1 127 10161 10162 AND
2 1 138 10162 10701 AND
2 1 10701 2 10704 XOR
2 1 10703 10704 10705 AND
2 1 10419 10427 10697 AND
2 1 10419 10427 10698 AND
2 1 10411 10698 10699 AND
2 1 10697 10699 10700 AND
2 1 10705 10700 10707 XOR
2 1 124 236 10688 AND
2 1 126 199 10687 AND
2 1 125 196 10689 AND
2 1 10687 10689 10690 AND
2 1 10688 10690 10691 AND
2 1 202 9851 10692 AND
2 1 10691 10692 10693 AND
2 1 10693 5 10694 XOR
2 1 10181 10407 10408 AND
2 1 10173 10409 10410 AND
2 1 10408 10410 10684 AND
2 1 121 343 10675 AND
2 1 123 315 10674 AND
2 1 122 312 10676 AND
2 1 10674 10676 10677 AND
2 1 10675 10677 10678 AND
2 1 318 8999 10679 AND
2 1 10678 10679 10680 AND
2 1 10680 8 10681 XOR
2 1 118 514 10665 AND
2 1 120 460 10664 AND
2 1 119 457 10666 AND
2 1 10664 10666 10667 AND
2 1 10665 10667 10668 AND
2 1 463 7949 10669 AND
2 1 10668 10669 10670 AND
2 1 10670 11 10671 XOR
2 1 10190 10403 10404 AND
2 1 10182 10405 10406 AND
2 1 10404 10406 10661 AND
2 1 112 992 10648 AND
2 1 114 917 10647 AND
2 1 113 914 10649 AND
2 1 10647 10649 10650 AND
2 1 10648 10650 10651 AND
2 1 920 6651 10652 AND
2 1 10651 10652 10653 AND
2 1 10653 17 10654 XOR
2 1 10209 10393 10394 AND
2 1 10384 10392 10639 AND
2 1 10394 10639 10640 AND
2 1 106 1606 10630 AND
2 1 108 1491 10629 AND
2 1 107 1488 10631 AND
2 1 10629 10631 10632 AND
2 1 10630 10632 10633 AND
2 1 1494 5250 10634 AND
2 1 10633 10634 10635 AND
2 1 10635 23 10636 XOR
2 1 103 1974 10617 AND
2 1 105 1862 10616 AND
2 1 104 1859 10618 AND
2 1 10616 10618 10619 AND
2 1 10617 10619 10620 AND
2 1 1865 4617 10621 AND
2 1 10620 10621 10622 AND
2 1 10622 26 10623 XOR
2 1 10358 10366 10367 AND
2 1 10368 10369 10370 AND
2 1 10367 10370 10613 AND
2 1 100 2385 10604 AND
2 1 102 2245 10603 AND
2 1 101 2242 10605 AND
2 1 10603 10605 10606 AND
2 1 10604 10606 10607 AND
2 1 2248 3850 10608 AND
2 1 10607 10608 10609 AND
2 1 10609 29 10610 XOR
2 1 10217 10352 10353 AND
2 1 10354 10356 10357 AND
2 1 10353 10357 10600 AND
2 1 97 2837 10591 AND
2 1 99 2674 10590 AND
2 1 98 2671 10592 AND
2 1 10590 10592 10593 AND
2 1 10591 10593 10594 AND
2 1 2677 3473 10595 AND
2 1 10594 10595 10596 AND
2 1 10596 32 10597 XOR
2 1 94 3339 10578 AND
2 1 96 3162 10577 AND
2 1 95 3159 10579 AND
2 1 10577 10579 10580 AND
2 1 10578 10580 10581 AND
2 1 2960 3165 10582 AND
2 1 10581 10582 10583 AND
2 1 10583 35 10584 XOR
2 1 10326 10334 10335 AND
2 1 10336 10337 10338 AND
2 1 10335 10338 10574 AND
2 1 91 3904 10565 AND
2 1 93 3717 10564 AND
2 1 92 3714 10566 AND
2 1 10564 10566 10567 AND
2 1 10565 10567 10568 AND
2 1 2497 3720 10569 AND
2 1 10568 10569 10570 AND
2 1 10570 38 10571 XOR
2 1 10313 10321 10322 AND
2 1 10323 10324 10325 AND
2 1 10322 10325 10561 AND
2 1 88 4489 10552 AND
2 1 90 4283 10551 AND
2 1 89 4280 10553 AND
2 1 10551 10553 10554 AND
2 1 10552 10554 10555 AND
2 1 2065 4286 10556 AND
2 1 10555 10556 10557 AND
2 1 10557 41 10558 XOR
2 1 85 5125 10540 AND
2 1 87 4891 10539 AND
2 1 86 4888 10541 AND
2 1 10539 10541 10542 AND
2 1 10540 10542 10543 AND
2 1 1687 4894 10544 AND
2 1 10543 10544 10545 AND
2 1 10545 44 10546 XOR
2 1 82 5789 10529 AND
2 1 84 5532 10528 AND
2 1 83 5529 10530 AND
2 1 10528 10530 10531 AND
2 1 10529 10531 10532 AND
2 1 1343 5535 10533 AND
2 1 10532 10533 10534 AND
2 1 10534 47 10535 XOR
2 1 79 6482 10517 AND
2 1 81 6208 10516 AND
2 1 80 6205 10518 AND
2 1 10516 10518 10519 AND
2 1 10517 10519 10520 AND
2 1 965 6211 10521 AND
2 1 10520 10521 10522 AND
2 1 10522 50 10523 XOR
2 1 73 8016 10502 AND
2 1 75 7735 10501 AND
2 1 74 7732 10503 AND
2 1 10501 10503 10504 AND
2 1 10502 10504 10505 AND
2 1 558 7738 10506 AND
2 1 10505 10506 10507 AND
2 1 10507 56 10508 XOR
2 1 70 8808 10489 AND
2 1 72 8542 10488 AND
2 1 71 8539 10490 AND
2 1 10488 10490 10491 AND
2 1 10489 10491 10492 AND
2 1 376 8545 10493 AND
2 1 10492 10493 10494 AND
2 1 10494 59 10495 XOR
2 1 10246 10254 10255 AND
2 1 10256 10257 10258 AND
2 1 10255 10258 10485 AND
2 1 67 9637 10476 AND
2 1 69 9346 10475 AND
2 1 68 9343 10477 AND
2 1 10475 10477 10478 AND
2 1 10476 10478 10479 AND
2 1 229 9349 10480 AND
2 1 10479 10480 10481 AND
2 1 10481 62 10482 XOR
2 1 65 10243 10472 AND
2 1 66 9940 10473 AND
2 1 10472 10473 10474 AND
2 1 10482 10474 10484 XOR
2 1 10485 10484 10487 XOR
2 1 10495 10487 10497 XOR
2 1 10259 10267 10268 AND
2 1 10242 10269 10270 AND
2 1 10268 10270 10471 AND
2 1 10497 10471 10500 XOR
2 1 10508 10500 10510 XOR
2 1 10241 10271 10272 AND
2 1 10273 10275 10276 AND
2 1 10272 10276 10470 AND
2 1 10510 10470 10512 XOR
2 1 76 7228 10463 AND
2 1 78 6933 10462 AND
2 1 77 6930 10464 AND
2 1 10462 10464 10465 AND
2 1 10463 10465 10466 AND
2 1 719 6936 10467 AND
2 1 10466 10467 10468 AND
2 1 10468 53 10469 XOR
2 1 10512 10469 10514 XOR
2 1 10277 10285 10286 AND
2 1 10287 10288 10289 AND
2 1 10286 10289 10461 AND
2 1 10514 10461 10515 XOR
2 1 10523 10515 10525 XOR
2 1 10233 10290 10291 AND
2 1 10292 10293 10294 AND
2 1 10291 10294 10460 AND
2 1 10525 10460 10527 XOR
2 1 10535 10527 10537 XOR
2 1 10295 10303 10304 AND
2 1 10305 10306 10307 AND
2 1 10304 10307 10459 AND
2 1 10537 10459 10538 XOR
2 1 10546 10538 10548 XOR
2 1 10225 10308 10309 AND
2 1 10310 10311 10312 AND
2 1 10309 10312 10458 AND
2 1 10548 10458 10550 XOR
2 1 10558 10550 10560 XOR
2 1 10561 10560 10563 XOR
2 1 10571 10563 10573 XOR
2 1 10574 10573 10576 XOR
2 1 10584 10576 10586 XOR
2 1 10339 10347 10348 AND
2 1 10349 10350 10351 AND
2 1 10348 10351 10457 AND
2 1 10586 10457 10589 XOR
2 1 10597 10589 10599 XOR
2 1 10600 10599 10602 XOR
2 1 10610 10602 10612 XOR
2 1 10613 10612 10615 XOR
2 1 10623 10615 10625 XOR
2 1 10371 10379 10380 AND
2 1 10381 10382 10383 AND
2 1 10380 10383 10456 AND
2 1 10625 10456 10628 XOR
2 1 10636 10628 10638 XOR
2 1 10640 10638 10642 XOR
2 1 109 1277 10449 AND
2 1 111 1166 10448 AND
2 1 110 1163 10450 AND
2 1 10448 10450 10451 AND
2 1 10449 10451 10452 AND
2 1 1169 5726 10453 AND
2 1 10452 10453 10454 AND
2 1 10454 20 10455 XOR
2 1 10642 10455 10644 XOR
2 1 10208 10395 10396 AND
2 1 10200 10397 10398 AND
2 1 10396 10398 10447 AND
2 1 10644 10447 10646 XOR
2 1 10654 10646 10656 XOR
2 1 10199 10399 10400 AND
2 1 10191 10401 10402 AND
2 1 10400 10402 10446 AND
2 1 10656 10446 10658 XOR
2 1 115 735 10439 AND
2 1 117 650 10438 AND
2 1 116 647 10440 AND
2 1 10438 10440 10441 AND
2 1 10439 10441 10442 AND
2 1 653 7407 10443 AND
2 1 10442 10443 10444 AND
2 1 10444 14 10445 XOR
2 1 10658 10445 10660 XOR
2 1 10661 10660 10663 XOR
2 1 10671 10663 10673 XOR
2 1 10681 10673 10683 XOR
2 1 10684 10683 10686 XOR
2 1 10694 10686 10696 XOR
2 1 10707 10696 10709 XOR
2 1 10710 10709 10712 XOR
2 1 10713 10712 10718 XOR
2 1 10709 10710 10711 AND
2 1 10157 10433 10714 AND
2 1 10712 10714 10715 AND
2 1 10156 10434 10716 AND
2 1 10715 10716 10717 AND
2 1 10711 10717 10966 AND
2 1 10700 10705 10706 AND
2 1 10696 10707 10708 AND
2 1 10706 10708 10963 AND
2 1 10663 10671 10672 AND
2 1 10673 10681 10682 AND
2 1 10672 10682 10956 AND
2 1 122 343 10949 AND
2 1 124 315 10948 AND
2 1 123 312 10950 AND
2 1 10948 10950 10951 AND
2 1 10949 10951 10952 AND
2 1 318 9030 10953 AND
2 1 10952 10953 10954 AND
2 1 10954 8 10955 XOR
2 1 10956 10955 10958 XOR
2 1 116 735 10935 AND
2 1 118 650 10934 AND
2 1 117 647 10936 AND
2 1 10934 10936 10937 AND
2 1 10935 10937 10938 AND
2 1 653 7428 10939 AND
2 1 10938 10939 10940 AND
2 1 10940 14 10941 XOR
2 1 10646 10654 10655 AND
2 1 10446 10656 10657 AND
2 1 10655 10657 10933 AND
2 1 10941 10933 10943 XOR
2 1 98 2837 10912 AND
2 1 100 2674 10911 AND
2 1 99 2671 10913 AND
2 1 10911 10913 10914 AND
2 1 10912 10914 10915 AND
2 1 2677 3635 10916 AND
2 1 10915 10916 10917 AND
2 1 10917 32 10918 XOR
2 1 10576 10584 10585 AND
2 1 10457 10586 10587 AND
2 1 10585 10587 10588 AND
2 1 10918 10588 10920 XOR
2 1 92 3904 10899 AND
2 1 94 3717 10898 AND
2 1 93 3714 10900 AND
2 1 10898 10900 10901 AND
2 1 10899 10901 10902 AND
2 1 2632 3720 10903 AND
2 1 10902 10903 10904 AND
2 1 10904 38 10905 XOR
2 1 89 4489 10888 AND
2 1 91 4283 10887 AND
2 1 90 4280 10889 AND
2 1 10887 10889 10890 AND
2 1 10888 10890 10891 AND
2 1 2200 4286 10892 AND
2 1 10891 10892 10893 AND
2 1 10893 41 10894 XOR
2 1 83 5789 10873 AND
2 1 85 5532 10872 AND
2 1 84 5529 10874 AND
2 1 10872 10874 10875 AND
2 1 10873 10875 10876 AND
2 1 1441 5535 10877 AND
2 1 10876 10877 10878 AND
2 1 10878 47 10879 XOR
2 1 80 6482 10862 AND
2 1 82 6208 10861 AND
2 1 81 6205 10863 AND
2 1 10861 10863 10864 AND
2 1 10862 10864 10865 AND
2 1 1124 6211 10866 AND
2 1 10865 10866 10867 AND
2 1 10867 50 10868 XOR
2 1 74 8016 10848 AND
2 1 76 7735 10847 AND
2 1 75 7732 10849 AND
2 1 10847 10849 10850 AND
2 1 10848 10850 10851 AND
2 1 576 7738 10852 AND
2 1 10851 10852 10853 AND
2 1 10853 56 10854 XOR
2 1 71 8808 10838 AND
2 1 73 8542 10837 AND
2 1 72 8539 10839 AND
2 1 10837 10839 10840 AND
2 1 10838 10840 10841 AND
2 1 423 8545 10842 AND
2 1 10841 10842 10843 AND
2 1 10843 59 10844 XOR
2 1 68 9637 10826 AND
2 1 70 9346 10825 AND
2 1 69 9343 10827 AND
2 1 10825 10827 10828 AND
2 1 10826 10828 10829 AND
2 1 275 9349 10830 AND
2 1 10829 10830 10831 AND
2 1 10831 62 10832 XOR
2 1 66 10243 10820 AND
2 1 67 9940 10821 AND
2 1 10820 10821 10822 AND
2 1 10822 2 10824 XOR
2 1 10832 10824 10834 XOR
2 1 10474 10482 10483 AND
2 1 10484 10485 10486 AND
2 1 10483 10486 10819 AND
2 1 10834 10819 10836 XOR
2 1 10844 10836 10846 XOR
2 1 10854 10846 10855 XOR
2 1 10487 10495 10496 AND
2 1 10471 10497 10498 AND
2 1 10496 10498 10499 AND
2 1 10855 10499 10856 XOR
2 1 77 7228 10811 AND
2 1 79 6933 10810 AND
2 1 78 6930 10812 AND
2 1 10810 10812 10813 AND
2 1 10811 10813 10814 AND
2 1 792 6936 10815 AND
2 1 10814 10815 10816 AND
2 1 10816 53 10817 XOR
2 1 10856 10817 10857 XOR
2 1 10500 10508 10509 AND
2 1 10470 10510 10511 AND
2 1 10509 10511 10818 AND
2 1 10857 10818 10858 XOR
2 1 10868 10858 10869 XOR
2 1 10469 10512 10513 AND
2 1 10461 10514 10859 AND
2 1 10513 10859 10860 AND
2 1 10869 10860 10870 XOR
2 1 10879 10870 10880 XOR
2 1 10515 10523 10524 AND
2 1 10460 10525 10526 AND
2 1 10524 10526 10871 AND
2 1 10880 10871 10881 XOR
2 1 86 5125 10803 AND
2 1 88 4891 10802 AND
2 1 87 4888 10804 AND
2 1 10802 10804 10805 AND
2 1 10803 10805 10806 AND
2 1 1801 4894 10807 AND
2 1 10806 10807 10808 AND
2 1 10808 44 10809 XOR
2 1 10881 10809 10884 XOR
2 1 10527 10535 10536 AND
2 1 10459 10537 10882 AND
2 1 10536 10882 10883 AND
2 1 10884 10883 10885 XOR
2 1 10894 10885 10895 XOR
2 1 10538 10546 10547 AND
2 1 10458 10548 10549 AND
2 1 10547 10549 10886 AND
2 1 10895 10886 10896 XOR
2 1 10905 10896 10906 XOR
2 1 10550 10558 10559 AND
2 1 10560 10561 10562 AND
2 1 10559 10562 10897 AND
2 1 10906 10897 10907 XOR
2 1 95 3339 10795 AND
2 1 97 3162 10794 AND
2 1 96 3159 10796 AND
2 1 10794 10796 10797 AND
2 1 10795 10797 10798 AND
2 1 3108 3165 10799 AND
2 1 10798 10799 10800 AND
2 1 10800 35 10801 XOR
2 1 10907 10801 10909 XOR
2 1 10563 10571 10572 AND
2 1 10573 10574 10575 AND
2 1 10572 10575 10908 AND
2 1 10909 10908 10910 XOR
2 1 10920 10910 10922 XOR
2 1 101 2385 10785 AND
2 1 103 2245 10784 AND
2 1 102 2242 10786 AND
2 1 10784 10786 10787 AND
2 1 10785 10787 10788 AND
2 1 2248 4041 10789 AND
2 1 10788 10789 10790 AND
2 1 10790 29 10791 XOR
2 1 10589 10597 10598 AND
2 1 10599 10600 10601 AND
2 1 10598 10601 10783 AND
2 1 10791 10783 10793 XOR
2 1 10922 10793 10924 XOR
2 1 10602 10610 10611 AND
2 1 10612 10613 10614 AND
2 1 10611 10614 10780 AND
2 1 104 1974 10773 AND
2 1 106 1862 10772 AND
2 1 105 1859 10774 AND
2 1 10772 10774 10775 AND
2 1 10773 10775 10776 AND
2 1 1865 4814 10777 AND
2 1 10776 10777 10778 AND
2 1 10778 26 10779 XOR
2 1 10780 10779 10782 XOR
2 1 10924 10782 10926 XOR
2 1 107 1606 10764 AND
2 1 109 1491 10763 AND
2 1 108 1488 10765 AND
2 1 10763 10765 10766 AND
2 1 10764 10766 10767 AND
2 1 1494 5468 10768 AND
2 1 10767 10768 10769 AND
2 1 10769 23 10770 XOR
2 1 10615 10623 10624 AND
2 1 10456 10625 10626 AND
2 1 10624 10626 10627 AND
2 1 10770 10627 10771 XOR
2 1 10926 10771 10928 XOR
2 1 10628 10636 10637 AND
2 1 10638 10640 10641 AND
2 1 10637 10641 10760 AND
2 1 110 1277 10753 AND
2 1 112 1166 10752 AND
2 1 111 1163 10754 AND
2 1 10752 10754 10755 AND
2 1 10753 10755 10756 AND
2 1 1169 5950 10757 AND
2 1 10756 10757 10758 AND
2 1 10758 20 10759 XOR
2 1 10760 10759 10762 XOR
2 1 10928 10762 10930 XOR
2 1 10455 10642 10643 AND
2 1 10447 10644 10645 AND
2 1 10643 10645 10749 AND
2 1 113 992 10742 AND
2 1 115 917 10741 AND
2 1 114 914 10743 AND
2 1 10741 10743 10744 AND
2 1 10742 10744 10745 AND
2 1 920 6668 10746 AND
2 1 10745 10746 10747 AND
2 1 10747 17 10748 XOR
2 1 10749 10748 10751 XOR
2 1 10930 10751 10932 XOR
2 1 10943 10932 10945 XOR
2 1 10445 10658 10659 AND
2 1 10660 10661 10662 AND
2 1 10659 10662 10738 AND
2 1 119 514 10731 AND
2 1 121 460 10730 AND
2 1 120 457 10732 AND
2 1 10730 10732 10733 AND
2 1 10731 10733 10734 AND
2 1 463 8447 10735 AND
2 1 10734 10735 10736 AND
2 1 10736 11 10737 XOR
2 1 10738 10737 10740 XOR
2 1 10945 10740 10947 XOR
2 1 10958 10947 10960 XOR
2 1 125 236 10721 AND
2 1 127 199 10720 AND
2 1 126 196 10722 AND
2 1 10720 10722 10723 AND
2 1 10721 10723 10724 AND
2 1 202 10136 10725 AND
2 1 10724 10725 10726 AND
2 1 10726 5 10727 XOR
2 1 10683 10684 10685 AND
2 1 10686 10694 10695 AND
2 1 10685 10695 10719 AND
2 1 10727 10719 10729 XOR
2 1 10960 10729 10962 XOR
2 1 10963 10962 10965 XOR
2 1 10966 10965 10968 XOR
2 1 10955 10956 10957 AND
2 1 10947 10958 10959 AND
2 1 10957 10959 11235 AND
2 1 123 343 11224 AND
2 1 125 315 11223 AND
2 1 124 312 11225 AND
2 1 11223 11225 11226 AND
2 1 11224 11226 11227 AND
2 1 318 9567 11228 AND
2 1 11227 11228 11229 AND
2 1 11229 8 11230 XOR
2 1 10737 10738 10739 AND
2 1 10740 10945 10946 AND
2 1 10739 10946 11222 AND
2 1 11230 11222 11232 XOR
2 1 120 514 11211 AND
2 1 122 460 11210 AND
2 1 121 457 11212 AND
2 1 11210 11212 11213 AND
2 1 11211 11213 11214 AND
2 1 463 8473 11215 AND
2 1 11214 11215 11216 AND
2 1 11216 11 11217 XOR
2 1 10933 10941 10942 AND
2 1 10932 10943 10944 AND
2 1 10942 10944 11209 AND
2 1 11217 11209 11219 XOR
2 1 114 992 11197 AND
2 1 116 917 11196 AND
2 1 115 914 11198 AND
2 1 11196 11198 11199 AND
2 1 11197 11199 11200 AND
2 1 920 7150 11201 AND
2 1 11200 11201 11202 AND
2 1 11202 17 11203 XOR
2 1 108 1606 11184 AND
2 1 110 1491 11183 AND
2 1 109 1488 11185 AND
2 1 11183 11185 11186 AND
2 1 11184 11186 11187 AND
2 1 1494 5705 11188 AND
2 1 11187 11188 11189 AND
2 1 11189 23 11190 XOR
2 1 102 2385 11170 AND
2 1 104 2245 11169 AND
2 1 103 2242 11171 AND
2 1 11169 11171 11172 AND
2 1 11170 11172 11173 AND
2 1 2248 4414 11174 AND
2 1 11173 11174 11175 AND
2 1 11175 29 11176 XOR
2 1 10588 10918 10919 AND
2 1 10910 10920 10921 AND
2 1 10919 10921 11168 AND
2 1 11176 11168 11178 XOR
2 1 93 3904 11153 AND
2 1 95 3717 11152 AND
2 1 94 3714 11154 AND
2 1 11152 11154 11155 AND
2 1 11153 11155 11156 AND
2 1 2799 3720 11157 AND
2 1 11156 11157 11158 AND
2 1 11158 38 11159 XOR
2 1 90 4489 11139 AND
2 1 92 4283 11138 AND
2 1 91 4280 11140 AND
2 1 11138 11140 11141 AND
2 1 11139 11141 11142 AND
2 1 2346 4286 11143 AND
2 1 11142 11143 11144 AND
2 1 11144 41 11145 XOR
2 1 87 5125 11125 AND
2 1 89 4891 11124 AND
2 1 88 4888 11126 AND
2 1 11124 11126 11127 AND
2 1 11125 11127 11128 AND
2 1 1824 4894 11129 AND
2 1 11128 11129 11130 AND
2 1 11130 44 11131 XOR
2 1 10870 10879 11118 AND
2 1 10870 10879 11119 AND
2 1 10871 11119 11120 AND
2 1 11118 11120 11121 AND
2 1 84 5789 11109 AND
2 1 86 5532 11108 AND
2 1 85 5529 11110 AND
2 1 11108 11110 11111 AND
2 1 11109 11111 11112 AND
2 1 1567 5535 11113 AND
2 1 11112 11113 11114 AND
2 1 11114 47 11115 XOR
2 1 10858 10868 11102 AND
2 1 10858 10868 11103 AND
2 1 10860 11103 11104 AND
2 1 11102 11104 11105 AND
2 1 81 6482 11093 AND
2 1 83 6208 11092 AND
2 1 82 6205 11094 AND
2 1 11092 11094 11095 AND
2 1 11093 11095 11096 AND
2 1 1232 6211 11097 AND
2 1 11096 11097 11098 AND
2 1 11098 50 11099 XOR
2 1 10817 10856 11086 AND
2 1 10817 10856 11087 AND
2 1 10818 11087 11088 AND
2 1 11086 11088 11089 AND
2 1 10846 10854 11078 AND
2 1 10846 10854 11079 AND
2 1 10499 11079 11080 AND
2 1 11078 11080 11081 AND
2 1 75 8016 11069 AND
2 1 77 7735 11068 AND
2 1 76 7732 11070 AND
2 1 11068 11070 11071 AND
2 1 11069 11071 11072 AND
2 1 698 7738 11073 AND
2 1 11072 11073 11074 AND
2 1 11074 56 11075 XOR
2 1 10819 10834 10835 AND
2 1 10836 10844 10845 AND
2 1 10835 10845 11065 AND
2 1 72 8808 11056 AND
2 1 74 8542 11055 AND
2 1 73 8539 11057 AND
2 1 11055 11057 11058 AND
2 1 11056 11058 11059 AND
2 1 494 8545 11060 AND
2 1 11059 11060 11061 AND
2 1 11061 59 11062 XOR
2 1 2 10822 10823 AND
2 1 10824 10832 10833 AND
2 1 10823 10833 11052 AND
2 1 67 10243 11045 AND
2 1 68 9940 11046 AND
2 1 11045 11046 11047 AND
2 1 11047 2 11049 XOR
2 1 69 9637 11038 AND
2 1 71 9346 11037 AND
2 1 70 9343 11039 AND
2 1 11037 11039 11040 AND
2 1 11038 11040 11041 AND
2 1 297 9349 11042 AND
2 1 11041 11042 11043 AND
2 1 11043 62 11044 XOR
2 1 11049 11044 11051 XOR
2 1 11052 11051 11054 XOR
2 1 11062 11054 11064 XOR
2 1 11065 11064 11067 XOR
2 1 11075 11067 11077 XOR
2 1 11081 11077 11083 XOR
2 1 78 7228 11030 AND
2 1 80 6933 11029 AND
2 1 79 6930 11031 AND
2 1 11029 11031 11032 AND
2 1 11030 11032 11033 AND
2 1 872 6936 11034 AND
2 1 11033 11034 11035 AND
2 1 11035 53 11036 XOR
2 1 11083 11036 11085 XOR
2 1 11089 11085 11091 XOR
2 1 11099 11091 11101 XOR
2 1 11105 11101 11107 XOR
2 1 11115 11107 11117 XOR
2 1 11121 11117 11123 XOR
2 1 11131 11123 11133 XOR
2 1 11145 11133 11146 XOR
2 1 10809 10881 11134 AND
2 1 10809 10881 11135 AND
2 1 10883 11135 11136 AND
2 1 11134 11136 11137 AND
2 1 11146 11137 11147 XOR
2 1 11159 11147 11160 XOR
2 1 10885 10894 11148 AND
2 1 10885 10894 11149 AND
2 1 10886 11149 11150 AND
2 1 11148 11150 11151 AND
2 1 11160 11151 11161 XOR
2 1 10896 10905 11025 AND
2 1 10896 10905 11026 AND
2 1 10897 11026 11027 AND
2 1 11025 11027 11028 AND
2 1 11161 11028 11163 XOR
2 1 96 3339 11018 AND
2 1 98 3162 11017 AND
2 1 97 3159 11019 AND
2 1 11017 11019 11020 AND
2 1 11018 11020 11021 AND
2 1 3165 3291 11022 AND
2 1 11021 11022 11023 AND
2 1 11023 35 11024 XOR
2 1 11163 11024 11165 XOR
2 1 99 2837 11010 AND
2 1 101 2674 11009 AND
2 1 100 2671 11011 AND
2 1 11009 11011 11012 AND
2 1 11010 11012 11013 AND
2 1 2677 3830 11014 AND
2 1 11013 11014 11015 AND
2 1 11015 32 11016 XOR
2 1 11165 11016 11166 XOR
2 1 10801 10907 11005 AND
2 1 10801 10907 11006 AND
2 1 10908 11006 11007 AND
2 1 11005 11007 11008 AND
2 1 11166 11008 11167 XOR
2 1 11178 11167 11180 XOR
2 1 10783 10791 10792 AND
2 1 10793 10922 10923 AND
2 1 10792 10923 11002 AND
2 1 105 1974 10995 AND
2 1 107 1862 10994 AND
2 1 106 1859 10996 AND
2 1 10994 10996 10997 AND
2 1 10995 10997 10998 AND
2 1 1865 4836 10999 AND
2 1 10998 10999 11000 AND
2 1 11000 26 11001 XOR
2 1 11002 11001 11004 XOR
2 1 11180 11004 11182 XOR
2 1 11190 11182 11192 XOR
2 1 10779 10780 10781 AND
2 1 10782 10924 10925 AND
2 1 10781 10925 11191 AND
2 1 11192 11191 11193 XOR
2 1 10771 10926 10927 AND
2 1 10627 10770 10990 AND
2 1 10927 10990 10991 AND
2 1 111 1277 10983 AND
2 1 113 1166 10982 AND
2 1 112 1163 10984 AND
2 1 10982 10984 10985 AND
2 1 10983 10985 10986 AND
2 1 1169 6412 10987 AND
2 1 10986 10987 10988 AND
2 1 10988 20 10989 XOR
2 1 10991 10989 10993 XOR
2 1 11193 10993 11195 XOR
2 1 11203 11195 11205 XOR
2 1 10759 10760 10761 AND
2 1 10762 10928 10929 AND
2 1 10761 10929 11204 AND
2 1 11205 11204 11206 XOR
2 1 10748 10749 10750 AND
2 1 10751 10930 10931 AND
2 1 10750 10931 10979 AND
2 1 117 735 10972 AND
2 1 119 650 10971 AND
2 1 118 647 10973 AND
2 1 10971 10973 10974 AND
2 1 10972 10974 10975 AND
2 1 653 7925 10976 AND
2 1 10975 10976 10977 AND
2 1 10977 14 10978 XOR
2 1 10979 10978 10981 XOR
2 1 11206 10981 11208 XOR
2 1 11219 11208 11221 XOR
2 1 11232 11221 11234 XOR
2 1 11235 11234 11245 XOR
2 1 126 236 11236 AND
2 1 127 196 11237 AND
2 1 11236 11237 11238 AND
2 1 202 10165 11239 AND
2 1 11238 11239 11240 AND
2 1 11240 5 11241 XOR
2 1 11245 11241 11246 XOR
2 1 10719 10727 10728 AND
2 1 10729 10960 10961 AND
2 1 10728 10961 10970 AND
2 1 11246 10970 11248 XOR
2 1 10962 10963 10964 AND
2 1 10965 10966 10967 AND
2 1 10964 10967 10969 AND
2 1 11248 10969 11253 XOR
2 1 124 343 11511 AND
2 1 126 315 11510 AND
2 1 125 312 11512 AND
2 1 11510 11512 11513 AND
2 1 11511 11513 11514 AND
2 1 318 9851 11515 AND
2 1 11514 11515 11516 AND
2 1 11516 8 11517 XOR
2 1 106 1974 11489 AND
2 1 108 1862 11488 AND
2 1 107 1859 11490 AND
2 1 11488 11490 11491 AND
2 1 11489 11491 11492 AND
2 1 1865 5250 11493 AND
2 1 11492 11493 11494 AND
2 1 11494 26 11495 XOR
2 1 11168 11176 11177 AND
2 1 11167 11178 11179 AND
2 1 11177 11179 11487 AND
2 1 11495 11487 11497 XOR
2 1 100 2837 11474 AND
2 1 102 2674 11473 AND
2 1 101 2671 11475 AND
2 1 11473 11475 11476 AND
2 1 11474 11476 11477 AND
2 1 2677 3850 11478 AND
2 1 11477 11478 11479 AND
2 1 11479 32 11480 XOR
2 1 11028 11161 11162 AND
2 1 11024 11163 11164 AND
2 1 11162 11164 11472 AND
2 1 11480 11472 11482 XOR
2 1 11147 11159 11464 AND
2 1 11147 11159 11465 AND
2 1 11151 11465 11466 AND
2 1 11464 11466 11467 AND
2 1 94 3904 11455 AND
2 1 96 3717 11454 AND
2 1 95 3714 11456 AND
2 1 11454 11456 11457 AND
2 1 11455 11457 11458 AND
2 1 2960 3720 11459 AND
2 1 11458 11459 11460 AND
2 1 11460 38 11461 XOR
2 1 91 4489 11441 AND
2 1 93 4283 11440 AND
2 1 92 4280 11442 AND
2 1 11440 11442 11443 AND
2 1 11441 11443 11444 AND
2 1 2497 4286 11445 AND
2 1 11444 11445 11446 AND
2 1 11446 41 11447 XOR
2 1 11117 11121 11122 AND
2 1 11123 11131 11132 AND
2 1 11122 11132 11437 AND
2 1 88 5125 11428 AND
2 1 90 4891 11427 AND
2 1 89 4888 11429 AND
2 1 11427 11429 11430 AND
2 1 11428 11430 11431 AND
2 1 2065 4894 11432 AND
2 1 11431 11432 11433 AND
2 1 11433 44 11434 XOR
2 1 11101 11105 11106 AND
2 1 11107 11115 11116 AND
2 1 11106 11116 11424 AND
2 1 11085 11089 11090 AND
2 1 11091 11099 11100 AND
2 1 11090 11100 11419 AND
2 1 82 6482 11410 AND
2 1 84 6208 11409 AND
2 1 83 6205 11411 AND
2 1 11409 11411 11412 AND
2 1 11410 11412 11413 AND
2 1 1343 6211 11414 AND
2 1 11413 11414 11415 AND
2 1 11415 50 11416 XOR
2 1 11077 11081 11082 AND
2 1 11036 11083 11084 AND
2 1 11082 11084 11406 AND
2 1 79 7228 11397 AND
2 1 81 6933 11396 AND
2 1 80 6930 11398 AND
2 1 11396 11398 11399 AND
2 1 11397 11399 11400 AND
2 1 965 6936 11401 AND
2 1 11400 11401 11402 AND
2 1 11402 53 11403 XOR
2 1 11064 11065 11066 AND
2 1 11067 11075 11076 AND
2 1 11066 11076 11393 AND
2 1 11051 11052 11053 AND
2 1 11054 11062 11063 AND
2 1 11053 11063 11388 AND
2 1 73 8808 11379 AND
2 1 75 8542 11378 AND
2 1 74 8539 11380 AND
2 1 11378 11380 11381 AND
2 1 11379 11381 11382 AND
2 1 558 8545 11383 AND
2 1 11382 11383 11384 AND
2 1 11384 59 11385 XOR
2 1 2 11047 11048 AND
2 1 11044 11049 11050 AND
2 1 11048 11050 11375 AND
2 1 68 10243 11368 AND
2 1 69 9940 11369 AND
2 1 11368 11369 11370 AND
2 1 11370 2 11372 XOR
2 1 70 9637 11361 AND
2 1 72 9346 11360 AND
2 1 71 9343 11362 AND
2 1 11360 11362 11363 AND
2 1 11361 11363 11364 AND
2 1 376 9349 11365 AND
2 1 11364 11365 11366 AND
2 1 11366 62 11367 XOR
2 1 11372 11367 11374 XOR
2 1 11375 11374 11377 XOR
2 1 11385 11377 11387 XOR
2 1 11388 11387 11390 XOR
2 1 76 8016 11353 AND
2 1 78 7735 11352 AND
2 1 77 7732 11354 AND
2 1 11352 11354 11355 AND
2 1 11353 11355 11356 AND
2 1 719 7738 11357 AND
2 1 11356 11357 11358 AND
2 1 11358 56 11359 XOR
2 1 11390 11359 11392 XOR
2 1 11393 11392 11395 XOR
2 1 11403 11395 11405 XOR
2 1 11406 11405 11408 XOR
2 1 11416 11408 11418 XOR
2 1 11419 11418 11421 XOR
2 1 85 5789 11345 AND
2 1 87 5532 11344 AND
2 1 86 5529 11346 AND
2 1 11344 11346 11347 AND
2 1 11345 11347 11348 AND
2 1 1687 5535 11349 AND
2 1 11348 11349 11350 AND
2 1 11350 47 11351 XOR
2 1 11421 11351 11423 XOR
2 1 11424 11423 11426 XOR
2 1 11434 11426 11436 XOR
2 1 11437 11436 11439 XOR
2 1 11447 11439 11449 XOR
2 1 11461 11449 11462 XOR
2 1 11133 11145 11450 AND
2 1 11133 11145 11451 AND
2 1 11137 11451 11452 AND
2 1 11450 11452 11453 AND
2 1 11462 11453 11463 XOR
2 1 11467 11463 11469 XOR
2 1 97 3339 11337 AND
2 1 99 3162 11336 AND
2 1 98 3159 11338 AND
2 1 11336 11338 11339 AND
2 1 11337 11339 11340 AND
2 1 3165 3473 11341 AND
2 1 11340 11341 11342 AND
2 1 11342 35 11343 XOR
2 1 11469 11343 11471 XOR
2 1 11482 11471 11484 XOR
2 1 11016 11165 11330 AND
2 1 11016 11165 11331 AND
2 1 11008 11331 11332 AND
2 1 11330 11332 11333 AND
2 1 103 2385 11323 AND
2 1 105 2245 11322 AND
2 1 104 2242 11324 AND
2 1 11322 11324 11325 AND
2 1 11323 11325 11326 AND
2 1 2248 4617 11327 AND
2 1 11326 11327 11328 AND
2 1 11328 29 11329 XOR
2 1 11333 11329 11335 XOR
2 1 11484 11335 11486 XOR
2 1 11497 11486 11499 XOR
2 1 11001 11002 11003 AND
2 1 11004 11180 11181 AND
2 1 11003 11181 11319 AND
2 1 109 1606 11312 AND
2 1 111 1491 11311 AND
2 1 110 1488 11313 AND
2 1 11311 11313 11314 AND
2 1 11312 11314 11315 AND
2 1 1494 5726 11316 AND
2 1 11315 11316 11317 AND
2 1 11317 23 11318 XOR
2 1 11319 11318 11321 XOR
2 1 11499 11321 11501 XOR
2 1 112 1277 11300 AND
2 1 114 1166 11299 AND
2 1 113 1163 11301 AND
2 1 11299 11301 11302 AND
2 1 11300 11302 11303 AND
2 1 1169 6651 11304 AND
2 1 11303 11304 11305 AND
2 1 11305 20 11306 XOR
2 1 11501 11306 11502 XOR
2 1 11182 11190 11307 AND
2 1 11182 11190 11308 AND
2 1 11191 11308 11309 AND
2 1 11307 11309 11310 AND
2 1 11502 11310 11503 XOR
2 1 115 992 11290 AND
2 1 117 917 11289 AND
2 1 116 914 11291 AND
2 1 11289 11291 11292 AND
2 1 11290 11292 11293 AND
2 1 920 7407 11294 AND
2 1 11293 11294 11295 AND
2 1 11295 17 11296 XOR
2 1 10989 10991 10992 AND
2 1 10993 11193 11194 AND
2 1 10992 11194 11288 AND
2 1 11296 11288 11298 XOR
2 1 11503 11298 11505 XOR
2 1 11195 11203 11282 AND
2 1 11195 11203 11283 AND
2 1 11204 11283 11284 AND
2 1 11282 11284 11285 AND
2 1 118 735 11275 AND
2 1 120 650 11274 AND
2 1 119 647 11276 AND
2 1 11274 11276 11277 AND
2 1 11275 11277 11278 AND
2 1 653 7949 11279 AND
2 1 11278 11279 11280 AND
2 1 11280 14 11281 XOR
2 1 11285 11281 11287 XOR
2 1 11505 11287 11506 XOR
2 1 10978 10979 10980 AND
2 1 10981 11206 11207 AND
2 1 10980 11207 11271 AND
2 1 121 514 11264 AND
2 1 123 460 11263 AND
2 1 122 457 11265 AND
2 1 11263 11265 11266 AND
2 1 11264 11266 11267 AND
2 1 463 8999 11268 AND
2 1 11267 11268 11269 AND
2 1 11269 11 11270 XOR
2 1 11271 11270 11273 XOR
2 1 11506 11273 11508 XOR
2 1 11517 11508 11518 XOR
2 1 11209 11217 11218 AND
2 1 11208 11219 11220 AND
2 1 11218 11220 11509 AND
2 1 11518 11509 11519 XOR
2 1 127 236 11257 AND
2 1 202 10162 11258 AND
2 1 11257 11258 11259 AND
2 1 11259 5 11260 XOR
2 1 11222 11230 11231 AND
2 1 11221 11232 11233 AND
2 1 11231 11233 11256 AND
2 1 11260 11256 11262 XOR
2 1 11519 11262 11521 XOR
2 1 11235 11241 11242 AND
2 1 11241 11235 11243 XOR
2 1 11234 11243 11244 AND
2 1 11242 11244 11255 AND
2 1 11521 11255 11522 XOR
2 1 10970 11246 11247 AND
2 1 10964 10966 11249 AND
2 1 10962 10963 11250 AND
2 1 11248 11250 11251 AND
2 1 11249 11251 11252 AND
2 1 11247 11252 11254 AND
2 1 11522 11254 11523 XOR
2 1 11255 11521 11789 AND
2 1 11281 11285 11286 AND
2 1 11287 11505 11776 AND
2 1 11286 11776 11777 AND
2 1 119 735 11769 AND
2 1 121 650 11768 AND
2 1 120 647 11770 AND
2 1 11768 11770 11771 AND
2 1 11769 11771 11772 AND
2 1 653 8447 11773 AND
2 1 11772 11773 11774 AND
2 1 11774 14 11775 XOR
2 1 11777 11775 11779 XOR
2 1 11306 11501 11758 AND
2 1 11306 11501 11759 AND
2 1 11310 11759 11760 AND
2 1 11758 11760 11761 AND
2 1 113 1277 11751 AND
2 1 115 1166 11750 AND
2 1 114 1163 11752 AND
2 1 11750 11752 11753 AND
2 1 11751 11753 11754 AND
2 1 1169 6668 11755 AND
2 1 11754 11755 11756 AND
2 1 11756 20 11757 XOR
2 1 11761 11757 11763 XOR
2 1 11472 11480 11481 AND
2 1 11471 11482 11483 AND
2 1 11481 11483 11740 AND
2 1 101 2837 11733 AND
2 1 103 2674 11732 AND
2 1 102 2671 11734 AND
2 1 11732 11734 11735 AND
2 1 11733 11735 11736 AND
2 1 2677 4041 11737 AND
2 1 11736 11737 11738 AND
2 1 11738 32 11739 XOR
2 1 11740 11739 11742 XOR
2 1 98 3339 11721 AND
2 1 100 3162 11720 AND
2 1 99 3159 11722 AND
2 1 11720 11722 11723 AND
2 1 11721 11723 11724 AND
2 1 3165 3635 11725 AND
2 1 11724 11725 11726 AND
2 1 11726 35 11727 XOR
2 1 95 3904 11710 AND
2 1 97 3717 11709 AND
2 1 96 3714 11711 AND
2 1 11709 11711 11712 AND
2 1 11710 11712 11713 AND
2 1 3108 3720 11714 AND
2 1 11713 11714 11715 AND
2 1 11715 38 11716 XOR
2 1 92 4489 11697 AND
2 1 94 4283 11696 AND
2 1 93 4280 11698 AND
2 1 11696 11698 11699 AND
2 1 11697 11699 11700 AND
2 1 2632 4286 11701 AND
2 1 11700 11701 11702 AND
2 1 11702 41 11703 XOR
2 1 11423 11424 11425 AND
2 1 11426 11434 11435 AND
2 1 11425 11435 11693 AND
2 1 89 5125 11684 AND
2 1 91 4891 11683 AND
2 1 90 4888 11685 AND
2 1 11683 11685 11686 AND
2 1 11684 11686 11687 AND
2 1 2200 4894 11688 AND
2 1 11687 11688 11689 AND
2 1 11689 44 11690 XOR
2 1 86 5789 11672 AND
2 1 88 5532 11671 AND
2 1 87 5529 11673 AND
2 1 11671 11673 11674 AND
2 1 11672 11674 11675 AND
2 1 1801 5535 11676 AND
2 1 11675 11676 11677 AND
2 1 11677 47 11678 XOR
2 1 83 6482 11661 AND
2 1 85 6208 11660 AND
2 1 84 6205 11662 AND
2 1 11660 11662 11663 AND
2 1 11661 11663 11664 AND
2 1 1441 6211 11665 AND
2 1 11664 11665 11666 AND
2 1 11666 50 11667 XOR
2 1 11392 11393 11394 AND
2 1 11395 11403 11404 AND
2 1 11394 11404 11657 AND
2 1 80 7228 11648 AND
2 1 82 6933 11647 AND
2 1 81 6930 11649 AND
2 1 11647 11649 11650 AND
2 1 11648 11650 11651 AND
2 1 1124 6936 11652 AND
2 1 11651 11652 11653 AND
2 1 11653 53 11654 XOR
2 1 11387 11388 11389 AND
2 1 11359 11390 11391 AND
2 1 11389 11391 11644 AND
2 1 77 8016 11635 AND
2 1 79 7735 11634 AND
2 1 78 7732 11636 AND
2 1 11634 11636 11637 AND
2 1 11635 11637 11638 AND
2 1 792 7738 11639 AND
2 1 11638 11639 11640 AND
2 1 11640 56 11641 XOR
2 1 71 9637 11621 AND
2 1 73 9346 11620 AND
2 1 72 9343 11622 AND
2 1 11620 11622 11623 AND
2 1 11621 11623 11624 AND
2 1 423 9349 11625 AND
2 1 11624 11625 11626 AND
2 1 11626 62 11627 XOR
2 1 5 2 11615 XOR
2 1 69 10243 11612 AND
2 1 70 9940 11613 AND
2 1 11612 11613 11614 AND
2 1 11615 11614 11617 XOR
2 1 2 11370 11371 AND
2 1 11367 11372 11373 AND
2 1 11371 11373 11611 AND
2 1 11617 11611 11619 XOR
2 1 11627 11619 11629 XOR
2 1 74 8808 11604 AND
2 1 76 8542 11603 AND
2 1 75 8539 11605 AND
2 1 11603 11605 11606 AND
2 1 11604 11606 11607 AND
2 1 576 8545 11608 AND
2 1 11607 11608 11609 AND
2 1 11609 59 11610 XOR
2 1 11629 11610 11631 XOR
2 1 11374 11375 11376 AND
2 1 11377 11385 11386 AND
2 1 11376 11386 11602 AND
2 1 11631 11602 11633 XOR
2 1 11641 11633 11643 XOR
2 1 11644 11643 11646 XOR
2 1 11654 11646 11656 XOR
2 1 11657 11656 11659 XOR
2 1 11667 11659 11669 XOR
2 1 11405 11406 11407 AND
2 1 11408 11416 11417 AND
2 1 11407 11417 11601 AND
2 1 11669 11601 11670 XOR
2 1 11678 11670 11680 XOR
2 1 11418 11419 11420 AND
2 1 11351 11421 11422 AND
2 1 11420 11422 11600 AND
2 1 11680 11600 11682 XOR
2 1 11690 11682 11692 XOR
2 1 11693 11692 11695 XOR
2 1 11703 11695 11705 XOR
2 1 11436 11437 11438 AND
2 1 11439 11447 11448 AND
2 1 11438 11448 11599 AND
2 1 11705 11599 11708 XOR
2 1 11716 11708 11718 XOR
2 1 11449 11461 11595 AND
2 1 11449 11461 11596 AND
2 1 11453 11596 11597 AND
2 1 11595 11597 11598 AND
2 1 11718 11598 11719 XOR
2 1 11727 11719 11729 XOR
2 1 11463 11467 11468 AND
2 1 11343 11469 11470 AND
2 1 11468 11470 11594 AND
2 1 11729 11594 11731 XOR
2 1 11742 11731 11744 XOR
2 1 11329 11333 11334 AND
2 1 11335 11484 11485 AND
2 1 11334 11485 11591 AND
2 1 104 2385 11584 AND
2 1 106 2245 11583 AND
2 1 105 2242 11585 AND
2 1 11583 11585 11586 AND
2 1 11584 11586 11587 AND
2 1 2248 4814 11588 AND
2 1 11587 11588 11589 AND
2 1 11589 29 11590 XOR
2 1 11591 11590 11593 XOR
2 1 11744 11593 11746 XOR
2 1 107 1974 11574 AND
2 1 109 1862 11573 AND
2 1 108 1859 11575 AND
2 1 11573 11575 11576 AND
2 1 11574 11576 11577 AND
2 1 1865 5468 11578 AND
2 1 11577 11578 11579 AND
2 1 11579 26 11580 XOR
2 1 11487 11495 11496 AND
2 1 11486 11497 11498 AND
2 1 11496 11498 11572 AND
2 1 11580 11572 11582 XOR
2 1 11746 11582 11747 XOR
2 1 11318 11319 11320 AND
2 1 11321 11499 11500 AND
2 1 11320 11500 11569 AND
2 1 110 1606 11562 AND
2 1 112 1491 11561 AND
2 1 111 1488 11563 AND
2 1 11561 11563 11564 AND
2 1 11562 11564 11565 AND
2 1 1494 5950 11566 AND
2 1 11565 11566 11567 AND
2 1 11567 23 11568 XOR
2 1 11569 11568 11571 XOR
2 1 11747 11571 11749 XOR
2 1 11763 11749 11765 XOR
2 1 116 992 11552 AND
2 1 118 917 11551 AND
2 1 117 914 11553 AND
2 1 11551 11553 11554 AND
2 1 11552 11554 11555 AND
2 1 920 7428 11556 AND
2 1 11555 11556 11557 AND
2 1 11557 17 11558 XOR
2 1 11288 11296 11297 AND
2 1 11298 11503 11504 AND
2 1 11297 11504 11550 AND
2 1 11558 11550 11560 XOR
2 1 11765 11560 11767 XOR
2 1 11779 11767 11781 XOR
2 1 11270 11271 11272 AND
2 1 11273 11506 11507 AND
2 1 11272 11507 11547 AND
2 1 122 514 11540 AND
2 1 124 460 11539 AND
2 1 123 457 11541 AND
2 1 11539 11541 11542 AND
2 1 11540 11542 11543 AND
2 1 463 9030 11544 AND
2 1 11543 11544 11545 AND
2 1 11545 11 11546 XOR
2 1 11547 11546 11549 XOR
2 1 11781 11549 11783 XOR
2 1 125 343 11530 AND
2 1 127 315 11529 AND
2 1 126 312 11531 AND
2 1 11529 11531 11532 AND
2 1 11530 11532 11533 AND
2 1 318 10136 11534 AND
2 1 11533 11534 11535 AND
2 1 11535 8 11536 XOR
2 1 11508 11517 11525 AND
2 1 11508 11517 11526 AND
2 1 11509 11526 11527 AND
2 1 11525 11527 11528 AND
2 1 11536 11528 11538 XOR
2 1 11783 11538 11784 XOR
2 1 11256 11260 11261 AND
2 1 11262 11519 11520 AND
2 1 11261 11520 11524 AND
2 1 11784 11524 11786 XOR
2 1 11789 11786 11793 XOR
2 1 11254 11522 11792 AND
2 1 11793 11792 11794 XOR
2 1 11524 11784 11785 AND
2 1 11255 11521 11787 AND
2 1 11786 11787 11788 AND
2 1 11254 11789 11790 AND
2 1 11788 11790 11791 AND
2 1 11785 11791 12046 AND
2 1 11528 11536 11537 AND
2 1 11538 11783 12042 AND
2 1 11537 12042 12043 AND
2 1 93 4489 12007 AND
2 1 95 4283 12006 AND
2 1 94 4280 12008 AND
2 1 12006 12008 12009 AND
2 1 12007 12009 12010 AND
2 1 2799 4286 12011 AND
2 1 12010 12011 12012 AND
2 1 12012 41 12013 XOR
2 1 11682 11690 11691 AND
2 1 11692 11693 11694 AND
2 1 11691 11694 12003 AND
2 1 90 5125 11994 AND
2 1 92 4891 11993 AND
2 1 91 4888 11995 AND
2 1 11993 11995 11996 AND
2 1 11994 11996 11997 AND
2 1 2346 4894 11998 AND
2 1 11997 11998 11999 AND
2 1 11999 44 12000 XOR
2 1 11670 11678 11679 AND
2 1 11600 11680 11681 AND
2 1 11679 11681 11990 AND
2 1 87 5789 11981 AND
2 1 89 5532 11980 AND
2 1 88 5529 11982 AND
2 1 11980 11982 11983 AND
2 1 11981 11983 11984 AND
2 1 1824 5535 11985 AND
2 1 11984 11985 11986 AND
2 1 11986 47 11987 XOR
2 1 11659 11667 11668 AND
2 1 11601 11669 11976 AND
2 1 11668 11976 11977 AND
2 1 84 6482 11967 AND
2 1 86 6208 11966 AND
2 1 85 6205 11968 AND
2 1 11966 11968 11969 AND
2 1 11967 11969 11970 AND
2 1 1567 6211 11971 AND
2 1 11970 11971 11972 AND
2 1 11972 50 11973 XOR
2 1 11646 11654 11655 AND
2 1 11656 11657 11658 AND
2 1 11655 11658 11963 AND
2 1 81 7228 11954 AND
2 1 83 6933 11953 AND
2 1 82 6930 11955 AND
2 1 11953 11955 11956 AND
2 1 11954 11956 11957 AND
2 1 1232 6936 11958 AND
2 1 11957 11958 11959 AND
2 1 11959 53 11960 XOR
2 1 11633 11641 11642 AND
2 1 11643 11644 11645 AND
2 1 11642 11645 11950 AND
2 1 78 8016 11941 AND
2 1 80 7735 11940 AND
2 1 79 7732 11942 AND
2 1 11940 11942 11943 AND
2 1 11941 11943 11944 AND
2 1 872 7738 11945 AND
2 1 11944 11945 11946 AND
2 1 11946 56 11947 XOR
2 1 11610 11629 11630 AND
2 1 11602 11631 11632 AND
2 1 11630 11632 11937 AND
2 1 75 8808 11928 AND
2 1 77 8542 11927 AND
2 1 76 8539 11929 AND
2 1 11927 11929 11930 AND
2 1 11928 11930 11931 AND
2 1 698 8545 11932 AND
2 1 11931 11932 11933 AND
2 1 11933 59 11934 XOR
2 1 72 9637 11916 AND
2 1 74 9346 11915 AND
2 1 73 9343 11917 AND
2 1 11915 11917 11918 AND
2 1 11916 11918 11919 AND
2 1 494 9349 11920 AND
2 1 11919 11920 11921 AND
2 1 11921 62 11922 XOR
2 1 70 10243 11910 AND
2 1 71 9940 11911 AND
2 1 11910 11911 11912 AND
2 1 11614 11615 11616 AND
2 1 2 5 11908 AND
2 1 11616 11908 11909 AND
2 1 11912 11909 11914 XOR
2 1 11922 11914 11924 XOR
2 1 11611 11617 11618 AND
2 1 11619 11627 11628 AND
2 1 11618 11628 11907 AND
2 1 11924 11907 11926 XOR
2 1 11934 11926 11936 XOR
2 1 11937 11936 11939 XOR
2 1 11947 11939 11949 XOR
2 1 11950 11949 11952 XOR
2 1 11960 11952 11962 XOR
2 1 11963 11962 11965 XOR
2 1 11973 11965 11975 XOR
2 1 11977 11975 11979 XOR
2 1 11987 11979 11989 XOR
2 1 11990 11989 11992 XOR
2 1 12000 11992 12002 XOR
2 1 12003 12002 12005 XOR
2 1 12013 12005 12015 XOR
2 1 11695 11703 11704 AND
2 1 11599 11705 11706 AND
2 1 11704 11706 11707 AND
2 1 12015 11707 12017 XOR
2 1 96 3904 11900 AND
2 1 98 3717 11899 AND
2 1 97 3714 11901 AND
2 1 11899 11901 11902 AND
2 1 11900 11902 11903 AND
2 1 3291 3720 11904 AND
2 1 11903 11904 11905 AND
2 1 11905 38 11906 XOR
2 1 12017 11906 12019 XOR
2 1 11708 11716 11717 AND
2 1 11598 11718 11897 AND
2 1 11717 11897 11898 AND
2 1 12019 11898 12021 XOR
2 1 99 3339 11890 AND
2 1 101 3162 11889 AND
2 1 100 3159 11891 AND
2 1 11889 11891 11892 AND
2 1 11890 11892 11893 AND
2 1 3165 3830 11894 AND
2 1 11893 11894 11895 AND
2 1 11895 35 11896 XOR
2 1 12021 11896 12023 XOR
2 1 11719 11727 11728 AND
2 1 11594 11729 11730 AND
2 1 11728 11730 11886 AND
2 1 102 2837 11879 AND
2 1 104 2674 11878 AND
2 1 103 2671 11880 AND
2 1 11878 11880 11881 AND
2 1 11879 11881 11882 AND
2 1 2677 4414 11883 AND
2 1 11882 11883 11884 AND
2 1 11884 32 11885 XOR
2 1 11886 11885 11888 XOR
2 1 12023 11888 12025 XOR
2 1 105 2385 11870 AND
2 1 107 2245 11869 AND
2 1 106 2242 11871 AND
2 1 11869 11871 11872 AND
2 1 11870 11872 11873 AND
2 1 2248 4836 11874 AND
2 1 11873 11874 11875 AND
2 1 11875 29 11876 XOR
2 1 12025 11876 12026 XOR
2 1 11739 11740 11741 AND
2 1 11731 11742 11743 AND
2 1 11741 11743 11877 AND
2 1 12026 11877 12027 XOR
2 1 108 1974 11860 AND
2 1 110 1862 11859 AND
2 1 109 1859 11861 AND
2 1 11859 11861 11862 AND
2 1 11860 11862 11863 AND
2 1 1865 5705 11864 AND
2 1 11863 11864 11865 AND
2 1 11865 26 11866 XOR
2 1 11590 11591 11592 AND
2 1 11593 11744 11745 AND
2 1 11592 11745 11858 AND
2 1 11866 11858 11868 XOR
2 1 12027 11868 12029 XOR
2 1 111 1606 11849 AND
2 1 113 1491 11848 AND
2 1 112 1488 11850 AND
2 1 11848 11850 11851 AND
2 1 11849 11851 11852 AND
2 1 1494 6412 11853 AND
2 1 11852 11853 11854 AND
2 1 11854 23 11855 XOR
2 1 12029 11855 12030 XOR
2 1 11572 11580 11581 AND
2 1 11582 11746 11856 AND
2 1 11581 11856 11857 AND
2 1 12030 11857 12031 XOR
2 1 11568 11569 11570 AND
2 1 11571 11747 11748 AND
2 1 11570 11748 11845 AND
2 1 114 1277 11838 AND
2 1 116 1166 11837 AND
2 1 115 1163 11839 AND
2 1 11837 11839 11840 AND
2 1 11838 11840 11841 AND
2 1 1169 7150 11842 AND
2 1 11841 11842 11843 AND
2 1 11843 20 11844 XOR
2 1 11845 11844 11847 XOR
2 1 12031 11847 12033 XOR
2 1 11757 11761 11762 AND
2 1 11749 11763 11764 AND
2 1 11762 11764 11834 AND
2 1 117 992 11827 AND
2 1 119 917 11826 AND
2 1 118 914 11828 AND
2 1 11826 11828 11829 AND
2 1 11827 11829 11830 AND
2 1 920 7925 11831 AND
2 1 11830 11831 11832 AND
2 1 11832 17 11833 XOR
2 1 11834 11833 11836 XOR
2 1 12033 11836 12035 XOR
2 1 120 735 11817 AND
2 1 122 650 11816 AND
2 1 121 647 11818 AND
2 1 11816 11818 11819 AND
2 1 11817 11819 11820 AND
2 1 653 8473 11821 AND
2 1 11820 11821 11822 AND
2 1 11822 14 11823 XOR
2 1 11550 11558 11559 AND
2 1 11560 11765 11766 AND
2 1 11559 11766 11815 AND
2 1 11823 11815 11825 XOR
2 1 12035 11825 12037 XOR
2 1 11775 11777 11778 AND
2 1 11767 11779 11780 AND
2 1 11778 11780 11812 AND
2 1 123 514 11805 AND
2 1 125 460 11804 AND
2 1 124 457 11806 AND
2 1 11804 11806 11807 AND
2 1 11805 11807 11808 AND
2 1 463 9567 11809 AND
2 1 11808 11809 11810 AND
2 1 11810 11 11811 XOR
2 1 11812 11811 11814 XOR
2 1 12037 11814 12039 XOR
2 1 126 343 11796 AND
2 1 127 312 11797 AND
2 1 11796 11797 11798 AND
2 1 318 10165 11799 AND
2 1 11798 11799 11800 AND
2 1 11800 8 11801 XOR
2 1 11546 11547 11548 AND
2 1 11549 11781 11782 AND
2 1 11548 11782 11795 AND
2 1 11801 11795 11803 XOR
2 1 12039 11803 12041 XOR
2 1 12043 12041 12045 XOR
2 1 12046 12045 12048 XOR
2 1 124 514 12286 AND
2 1 126 460 12285 AND
2 1 125 457 12287 AND
2 1 12285 12287 12288 AND
2 1 12286 12288 12289 AND
2 1 463 9851 12290 AND
2 1 12289 12290 12291 AND
2 1 12291 11 12292 XOR
2 1 11833 11834 11835 AND
2 1 11836 12033 12034 AND
2 1 11835 12034 12280 AND
2 1 121 735 12273 AND
2 1 123 650 12272 AND
2 1 122 647 12274 AND
2 1 12272 12274 12275 AND
2 1 12273 12275 12276 AND
2 1 653 8999 12277 AND
2 1 12276 12277 12278 AND
2 1 12278 14 12279 XOR
2 1 12280 12279 12282 XOR
2 1 115 1277 12259 AND
2 1 117 1166 12258 AND
2 1 116 1163 12260 AND
2 1 12258 12260 12261 AND
2 1 12259 12261 12262 AND
2 1 1169 7407 12263 AND
2 1 12262 12263 12264 AND
2 1 12264 20 12265 XOR
2 1 11855 12029 12254 AND
2 1 11855 12029 12255 AND
2 1 11857 12255 12256 AND
2 1 12254 12256 12257 AND
2 1 12265 12257 12267 XOR
2 1 106 2385 12239 AND
2 1 108 2245 12238 AND
2 1 107 2242 12240 AND
2 1 12238 12240 12241 AND
2 1 12239 12241 12242 AND
2 1 2248 5250 12243 AND
2 1 12242 12243 12244 AND
2 1 12244 29 12245 XOR
2 1 11885 11886 11887 AND
2 1 11888 12023 12024 AND
2 1 11887 12024 12237 AND
2 1 12245 12237 12247 XOR
2 1 100 3339 12226 AND
2 1 102 3162 12225 AND
2 1 101 3159 12227 AND
2 1 12225 12227 12228 AND
2 1 12226 12228 12229 AND
2 1 3165 3850 12230 AND
2 1 12229 12230 12231 AND
2 1 12231 35 12232 XOR
2 1 11707 12015 12016 AND
2 1 11906 12017 12018 AND
2 1 12016 12018 12222 AND
2 1 12002 12003 12004 AND
2 1 12005 12013 12014 AND
2 1 12004 12014 12217 AND
2 1 94 4489 12208 AND
2 1 96 4283 12207 AND
2 1 95 4280 12209 AND
2 1 12207 12209 12210 AND
2 1 12208 12210 12211 AND
2 1 2960 4286 12212 AND
2 1 12211 12212 12213 AND
2 1 12213 41 12214 XOR
2 1 11989 11990 11991 AND
2 1 11992 12000 12001 AND
2 1 11991 12001 12204 AND
2 1 91 5125 12195 AND
2 1 93 4891 12194 AND
2 1 92 4888 12196 AND
2 1 12194 12196 12197 AND
2 1 12195 12197 12198 AND
2 1 2497 4894 12199 AND
2 1 12198 12199 12200 AND
2 1 12200 44 12201 XOR
2 1 11975 11977 11978 AND
2 1 11979 11987 11988 AND
2 1 11978 11988 12191 AND
2 1 82 7228 12174 AND
2 1 84 6933 12173 AND
2 1 83 6930 12175 AND
2 1 12173 12175 12176 AND
2 1 12174 12176 12177 AND
2 1 1343 6936 12178 AND
2 1 12177 12178 12179 AND
2 1 12179 53 12180 XOR
2 1 11936 11937 11938 AND
2 1 11939 11947 11948 AND
2 1 11938 11948 12170 AND
2 1 79 8016 12161 AND
2 1 81 7735 12160 AND
2 1 80 7732 12162 AND
2 1 12160 12162 12163 AND
2 1 12161 12163 12164 AND
2 1 965 7738 12165 AND
2 1 12164 12165 12166 AND
2 1 12166 56 12167 XOR
2 1 76 8808 12149 AND
2 1 78 8542 12148 AND
2 1 77 8539 12150 AND
2 1 12148 12150 12151 AND
2 1 12149 12151 12152 AND
2 1 719 8545 12153 AND
2 1 12152 12153 12154 AND
2 1 12154 59 12155 XOR
2 1 73 9637 12140 AND
2 1 75 9346 12139 AND
2 1 74 9343 12141 AND
2 1 12139 12141 12142 AND
2 1 12140 12142 12143 AND
2 1 558 9349 12144 AND
2 1 12143 12144 12145 AND
2 1 12145 62 12146 XOR
2 1 71 10243 12131 AND
2 1 72 9940 12132 AND
2 1 12131 12132 12133 AND
2 1 12133 11912 12135 XOR
2 1 11909 11912 11913 AND
2 1 11914 11922 11923 AND
2 1 11913 11923 12130 AND
2 1 12135 12130 12138 XOR
2 1 12146 12138 12147 XOR
2 1 12155 12147 12157 XOR
2 1 11907 11924 11925 AND
2 1 11926 11934 11935 AND
2 1 11925 11935 12129 AND
2 1 12157 12129 12159 XOR
2 1 12167 12159 12169 XOR
2 1 12170 12169 12172 XOR
2 1 12180 12172 12182 XOR
2 1 11949 11950 11951 AND
2 1 11952 11960 11961 AND
2 1 11951 11961 12128 AND
2 1 12182 12128 12184 XOR
2 1 85 6482 12121 AND
2 1 87 6208 12120 AND
2 1 86 6205 12122 AND
2 1 12120 12122 12123 AND
2 1 12121 12123 12124 AND
2 1 1687 6211 12125 AND
2 1 12124 12125 12126 AND
2 1 12126 50 12127 XOR
2 1 12184 12127 12186 XOR
2 1 11962 11963 11964 AND
2 1 11965 11973 11974 AND
2 1 11964 11974 12119 AND
2 1 12186 12119 12188 XOR
2 1 88 5789 12112 AND
2 1 90 5532 12111 AND
2 1 89 5529 12113 AND
2 1 12111 12113 12114 AND
2 1 12112 12114 12115 AND
2 1 2065 5535 12116 AND
2 1 12115 12116 12117 AND
2 1 12117 47 12118 XOR
2 1 12188 12118 12190 XOR
2 1 12191 12190 12193 XOR
2 1 12201 12193 12203 XOR
2 1 12204 12203 12206 XOR
2 1 12214 12206 12216 XOR
2 1 12217 12216 12219 XOR
2 1 97 3904 12104 AND
2 1 99 3717 12103 AND
2 1 98 3714 12105 AND
2 1 12103 12105 12106 AND
2 1 12104 12106 12107 AND
2 1 3473 3720 12108 AND
2 1 12107 12108 12109 AND
2 1 12109 38 12110 XOR
2 1 12219 12110 12221 XOR
2 1 12222 12221 12224 XOR
2 1 12232 12224 12234 XOR
2 1 11898 12019 12020 AND
2 1 11896 12021 12022 AND
2 1 12020 12022 12100 AND
2 1 103 2837 12093 AND
2 1 105 2674 12092 AND
2 1 104 2671 12094 AND
2 1 12092 12094 12095 AND
2 1 12093 12095 12096 AND
2 1 2677 4617 12097 AND
2 1 12096 12097 12098 AND
2 1 12098 32 12099 XOR
2 1 12100 12099 12102 XOR
2 1 12234 12102 12236 XOR
2 1 12247 12236 12249 XOR
2 1 11876 12025 12086 AND
2 1 11876 12025 12087 AND
2 1 11877 12087 12088 AND
2 1 12086 12088 12089 AND
2 1 109 1974 12079 AND
2 1 111 1862 12078 AND
2 1 110 1859 12080 AND
2 1 12078 12080 12081 AND
2 1 12079 12081 12082 AND
2 1 1865 5726 12083 AND
2 1 12082 12083 12084 AND
2 1 12084 26 12085 XOR
2 1 12089 12085 12091 XOR
2 1 12249 12091 12251 XOR
2 1 112 1606 12070 AND
2 1 114 1491 12069 AND
2 1 113 1488 12071 AND
2 1 12069 12071 12072 AND
2 1 12070 12072 12073 AND
2 1 1494 6651 12074 AND
2 1 12073 12074 12075 AND
2 1 12075 23 12076 XOR
2 1 12251 12076 12252 XOR
2 1 11858 11866 11867 AND
2 1 11868 12027 12028 AND
2 1 11867 12028 12077 AND
2 1 12252 12077 12253 XOR
2 1 12267 12253 12269 XOR
2 1 11844 11845 11846 AND
2 1 11847 12031 12032 AND
2 1 11846 12032 12066 AND
2 1 118 992 12059 AND
2 1 120 917 12058 AND
2 1 119 914 12060 AND
2 1 12058 12060 12061 AND
2 1 12059 12061 12062 AND
2 1 920 7949 12063 AND
2 1 12062 12063 12064 AND
2 1 12064 17 12065 XOR
2 1 12066 12065 12068 XOR
2 1 12269 12068 12271 XOR
2 1 12282 12271 12283 XOR
2 1 12292 12283 12293 XOR
2 1 11815 11823 11824 AND
2 1 11825 12035 12036 AND
2 1 11824 12036 12284 AND
2 1 12293 12284 12294 XOR
2 1 127 343 12052 AND
2 1 318 10162 12053 AND
2 1 12052 12053 12054 AND
2 1 12054 8 12055 XOR
2 1 11811 11812 11813 AND
2 1 11814 12037 12038 AND
2 1 11813 12038 12051 AND
2 1 12055 12051 12057 XOR
2 1 12294 12057 12296 XOR
2 1 11795 11801 11802 AND
2 1 11803 12039 12040 AND
2 1 11802 12040 12050 AND
2 1 12296 12050 12298 XOR
2 1 12041 12043 12044 AND
2 1 12045 12046 12047 AND
2 1 12044 12047 12049 AND
2 1 12298 12049 12303 XOR
2 1 12065 12066 12067 AND
2 1 12068 12269 12270 AND
2 1 12067 12270 12339 AND
2 1 119 992 12332 AND
2 1 121 917 12331 AND
2 1 120 914 12333 AND
2 1 12331 12333 12334 AND
2 1 12332 12334 12335 AND
2 1 920 8447 12336 AND
2 1 12335 12336 12337 AND
2 1 12337 17 12338 XOR
2 1 12339 12338 12341 XOR
2 1 12076 12251 12533 AND
2 1 12076 12251 12534 AND
2 1 12077 12534 12535 AND
2 1 12533 12535 12536 AND
2 1 113 1606 12526 AND
2 1 115 1491 12525 AND
2 1 114 1488 12527 AND
2 1 12525 12527 12528 AND
2 1 12526 12528 12529 AND
2 1 1494 6668 12530 AND
2 1 12529 12530 12531 AND
2 1 12531 23 12532 XOR
2 1 12536 12532 12538 XOR
2 1 12221 12222 12223 AND
2 1 12224 12232 12233 AND
2 1 12223 12233 12517 AND
2 1 101 3339 12508 AND
2 1 103 3162 12507 AND
2 1 102 3159 12509 AND
2 1 12507 12509 12510 AND
2 1 12508 12510 12511 AND
2 1 3165 4041 12512 AND
2 1 12511 12512 12513 AND
2 1 12513 35 12514 XOR
2 1 98 3904 12496 AND
2 1 100 3717 12495 AND
2 1 99 3714 12497 AND
2 1 12495 12497 12498 AND
2 1 12496 12498 12499 AND
2 1 3635 3720 12500 AND
2 1 12499 12500 12501 AND
2 1 12501 38 12502 XOR
2 1 95 4489 12485 AND
2 1 97 4283 12484 AND
2 1 96 4280 12486 AND
2 1 12484 12486 12487 AND
2 1 12485 12487 12488 AND
2 1 3108 4286 12489 AND
2 1 12488 12489 12490 AND
2 1 12490 41 12491 XOR
2 1 92 5125 12472 AND
2 1 94 4891 12471 AND
2 1 93 4888 12473 AND
2 1 12471 12473 12474 AND
2 1 12472 12474 12475 AND
2 1 2632 4894 12476 AND
2 1 12475 12476 12477 AND
2 1 12477 44 12478 XOR
2 1 12119 12186 12187 AND
2 1 12118 12188 12189 AND
2 1 12187 12189 12468 AND
2 1 89 5789 12459 AND
2 1 91 5532 12458 AND
2 1 90 5529 12460 AND
2 1 12458 12460 12461 AND
2 1 12459 12461 12462 AND
2 1 2200 5535 12463 AND
2 1 12462 12463 12464 AND
2 1 12464 47 12465 XOR
2 1 12169 12170 12171 AND
2 1 12172 12180 12181 AND
2 1 12171 12181 12451 AND
2 1 83 7228 12442 AND
2 1 85 6933 12441 AND
2 1 84 6930 12443 AND
2 1 12441 12443 12444 AND
2 1 12442 12444 12445 AND
2 1 1441 6936 12446 AND
2 1 12445 12446 12447 AND
2 1 12447 53 12448 XOR
2 1 12129 12157 12158 AND
2 1 12159 12167 12168 AND
2 1 12158 12168 12438 AND
2 1 77 8808 12425 AND
2 1 79 8542 12424 AND
2 1 78 8539 12426 AND
2 1 12424 12426 12427 AND
2 1 12425 12427 12428 AND
2 1 792 8545 12429 AND
2 1 12428 12429 12430 AND
2 1 12430 59 12431 XOR
2 1 12133 8 12419 XOR
2 1 72 10243 12416 AND
2 1 73 9940 12417 AND
2 1 12416 12417 12418 AND
2 1 12419 12418 12421 XOR
2 1 74 9637 12409 AND
2 1 76 9346 12408 AND
2 1 75 9343 12410 AND
2 1 12408 12410 12411 AND
2 1 12409 12411 12412 AND
2 1 576 9349 12413 AND
2 1 12412 12413 12414 AND
2 1 12414 62 12415 XOR
2 1 12421 12415 12422 XOR
2 1 11912 12133 12134 AND
2 1 12130 12135 12136 AND
2 1 12134 12136 12137 AND
2 1 12422 12137 12423 XOR
2 1 12431 12423 12433 XOR
2 1 12147 12155 12156 AND
2 1 12138 12146 12406 AND
2 1 12156 12406 12407 AND
2 1 12433 12407 12435 XOR
2 1 80 8016 12399 AND
2 1 82 7735 12398 AND
2 1 81 7732 12400 AND
2 1 12398 12400 12401 AND
2 1 12399 12401 12402 AND
2 1 1124 7738 12403 AND
2 1 12402 12403 12404 AND
2 1 12404 56 12405 XOR
2 1 12435 12405 12437 XOR
2 1 12438 12437 12440 XOR
2 1 12448 12440 12450 XOR
2 1 12451 12450 12453 XOR
2 1 86 6482 12391 AND
2 1 88 6208 12390 AND
2 1 87 6205 12392 AND
2 1 12390 12392 12393 AND
2 1 12391 12393 12394 AND
2 1 1801 6211 12395 AND
2 1 12394 12395 12396 AND
2 1 12396 50 12397 XOR
2 1 12453 12397 12455 XOR
2 1 12128 12182 12183 AND
2 1 12127 12184 12185 AND
2 1 12183 12185 12389 AND
2 1 12455 12389 12457 XOR
2 1 12465 12457 12467 XOR
2 1 12468 12467 12470 XOR
2 1 12478 12470 12480 XOR
2 1 12190 12191 12192 AND
2 1 12193 12201 12202 AND
2 1 12192 12202 12388 AND
2 1 12480 12388 12483 XOR
2 1 12491 12483 12493 XOR
2 1 12203 12204 12205 AND
2 1 12206 12214 12215 AND
2 1 12205 12215 12387 AND
2 1 12493 12387 12494 XOR
2 1 12502 12494 12504 XOR
2 1 12216 12217 12218 AND
2 1 12110 12219 12220 AND
2 1 12218 12220 12386 AND
2 1 12504 12386 12506 XOR
2 1 12514 12506 12516 XOR
2 1 12517 12516 12519 XOR
2 1 104 2837 12377 AND
2 1 106 2674 12376 AND
2 1 105 2671 12378 AND
2 1 12376 12378 12379 AND
2 1 12377 12379 12380 AND
2 1 2677 4814 12381 AND
2 1 12380 12381 12382 AND
2 1 12382 32 12383 XOR
2 1 12099 12100 12101 AND
2 1 12102 12234 12235 AND
2 1 12101 12235 12375 AND
2 1 12383 12375 12385 XOR
2 1 12519 12385 12521 XOR
2 1 107 2385 12366 AND
2 1 109 2245 12365 AND
2 1 108 2242 12367 AND
2 1 12365 12367 12368 AND
2 1 12366 12368 12369 AND
2 1 2248 5468 12370 AND
2 1 12369 12370 12371 AND
2 1 12371 29 12372 XOR
2 1 12237 12245 12246 AND
2 1 12236 12247 12248 AND
2 1 12246 12248 12364 AND
2 1 12372 12364 12374 XOR
2 1 12521 12374 12522 XOR
2 1 12085 12089 12090 AND
2 1 12091 12249 12250 AND
2 1 12090 12250 12361 AND
2 1 110 1974 12354 AND
2 1 112 1862 12353 AND
2 1 111 1859 12355 AND
2 1 12353 12355 12356 AND
2 1 12354 12356 12357 AND
2 1 1865 5950 12358 AND
2 1 12357 12358 12359 AND
2 1 12359 26 12360 XOR
2 1 12361 12360 12363 XOR
2 1 12522 12363 12524 XOR
2 1 12538 12524 12540 XOR
2 1 116 1277 12344 AND
2 1 118 1166 12343 AND
2 1 117 1163 12345 AND
2 1 12343 12345 12346 AND
2 1 12344 12346 12347 AND
2 1 1169 7428 12348 AND
2 1 12347 12348 12349 AND
2 1 12349 20 12350 XOR
2 1 12257 12265 12266 AND
2 1 12253 12267 12268 AND
2 1 12266 12268 12342 AND
2 1 12350 12342 12352 XOR
2 1 12540 12352 12542 XOR
2 1 12341 12542 12543 AND
2 1 12341 12542 12544 AND
2 1 12543 12544 12545 AND
2 1 122 735 12323 AND
2 1 124 650 12322 AND
2 1 123 647 12324 AND
2 1 12322 12324 12325 AND
2 1 12323 12325 12326 AND
2 1 653 9030 12327 AND
2 1 12326 12327 12328 AND
2 1 12328 14 12329 XOR
2 1 12279 12280 12281 AND
2 1 12271 12282 12320 AND
2 1 12281 12320 12321 AND
2 1 12329 12321 12330 XOR
2 1 12545 12330 12547 XOR
2 1 125 514 12311 AND
2 1 127 460 12310 AND
2 1 126 457 12312 AND
2 1 12310 12312 12313 AND
2 1 12311 12313 12314 AND
2 1 463 10136 12315 AND
2 1 12314 12315 12316 AND
2 1 12316 11 12317 XOR
2 1 12283 12292 12306 AND
2 1 12283 12292 12307 AND
2 1 12284 12307 12308 AND
2 1 12306 12308 12309 AND
2 1 12317 12309 12319 XOR
2 1 12547 12319 12548 XOR
2 1 12051 12055 12056 AND
2 1 12057 12294 12295 AND
2 1 12056 12295 12305 AND
2 1 12548 12305 12550 XOR
2 1 12050 12296 12297 AND
2 1 12044 12046 12299 AND
2 1 12041 12043 12300 AND
2 1 12298 12300 12301 AND
2 1 12299 12301 12302 AND
2 1 12297 12302 12304 AND
2 1 12550 12304 12552 XOR
2 1 12330 12545 12546 AND
2 1 12321 12329 12785 AND
2 1 12546 12785 12786 AND
2 1 120 992 12772 AND
2 1 122 917 12771 AND
2 1 121 914 12773 AND
2 1 12771 12773 12774 AND
2 1 12772 12774 12775 AND
2 1 920 8473 12776 AND
2 1 12775 12776 12777 AND
2 1 12777 17 12778 XOR
2 1 12342 12350 12351 AND
2 1 12352 12540 12541 AND
2 1 12351 12541 12770 AND
2 1 12778 12770 12780 XOR
2 1 108 2385 12753 AND
2 1 110 2245 12752 AND
2 1 109 2242 12754 AND
2 1 12752 12754 12755 AND
2 1 12753 12755 12756 AND
2 1 2248 5705 12757 AND
2 1 12756 12757 12758 AND
2 1 12758 29 12759 XOR
2 1 12375 12383 12384 AND
2 1 12385 12519 12520 AND
2 1 12384 12520 12751 AND
2 1 12759 12751 12761 XOR
2 1 93 5125 12728 AND
2 1 95 4891 12727 AND
2 1 94 4888 12729 AND
2 1 12727 12729 12730 AND
2 1 12728 12730 12731 AND
2 1 2799 4894 12732 AND
2 1 12731 12732 12733 AND
2 1 12733 44 12734 XOR
2 1 12457 12465 12466 AND
2 1 12467 12468 12469 AND
2 1 12466 12469 12724 AND
2 1 90 5789 12715 AND
2 1 92 5532 12714 AND
2 1 91 5529 12716 AND
2 1 12714 12716 12717 AND
2 1 12715 12717 12718 AND
2 1 2346 5535 12719 AND
2 1 12718 12719 12720 AND
2 1 12720 47 12721 XOR
2 1 12397 12453 12454 AND
2 1 12389 12455 12456 AND
2 1 12454 12456 12711 AND
2 1 87 6482 12702 AND
2 1 89 6208 12701 AND
2 1 88 6205 12703 AND
2 1 12701 12703 12704 AND
2 1 12702 12704 12705 AND
2 1 1824 6211 12706 AND
2 1 12705 12706 12707 AND
2 1 12707 50 12708 XOR
2 1 12440 12448 12449 AND
2 1 12450 12451 12452 AND
2 1 12449 12452 12698 AND
2 1 84 7228 12689 AND
2 1 86 6933 12688 AND
2 1 85 6930 12690 AND
2 1 12688 12690 12691 AND
2 1 12689 12691 12692 AND
2 1 1567 6936 12693 AND
2 1 12692 12693 12694 AND
2 1 12694 53 12695 XOR
2 1 12405 12435 12436 AND
2 1 12437 12438 12439 AND
2 1 12436 12439 12685 AND
2 1 81 8016 12676 AND
2 1 83 7735 12675 AND
2 1 82 7732 12677 AND
2 1 12675 12677 12678 AND
2 1 12676 12678 12679 AND
2 1 1232 7738 12680 AND
2 1 12679 12680 12681 AND
2 1 12681 56 12682 XOR
2 1 12423 12431 12432 AND
2 1 12407 12433 12434 AND
2 1 12432 12434 12672 AND
2 1 78 8808 12663 AND
2 1 80 8542 12662 AND
2 1 79 8539 12664 AND
2 1 12662 12664 12665 AND
2 1 12663 12665 12666 AND
2 1 872 8545 12667 AND
2 1 12666 12667 12668 AND
2 1 12668 59 12669 XOR
2 1 12415 12421 12656 AND
2 1 12415 12421 12657 AND
2 1 12137 12657 12658 AND
2 1 12656 12658 12659 AND
2 1 12418 12419 12420 AND
2 1 8 12133 12650 AND
2 1 12420 12650 12651 AND
2 1 73 10243 12647 AND
2 1 74 9940 12648 AND
2 1 12647 12648 12649 AND
2 1 12651 12649 12653 XOR
2 1 75 9637 12640 AND
2 1 77 9346 12639 AND
2 1 76 9343 12641 AND
2 1 12639 12641 12642 AND
2 1 12640 12642 12643 AND
2 1 698 9349 12644 AND
2 1 12643 12644 12645 AND
2 1 12645 62 12646 XOR
2 1 12653 12646 12655 XOR
2 1 12659 12655 12661 XOR
2 1 12669 12661 12671 XOR
2 1 12672 12671 12674 XOR
2 1 12682 12674 12684 XOR
2 1 12685 12684 12687 XOR
2 1 12695 12687 12697 XOR
2 1 12698 12697 12700 XOR
2 1 12708 12700 12710 XOR
2 1 12711 12710 12713 XOR
2 1 12721 12713 12723 XOR
2 1 12724 12723 12726 XOR
2 1 12734 12726 12736 XOR
2 1 12470 12478 12479 AND
2 1 12388 12480 12481 AND
2 1 12479 12481 12482 AND
2 1 12736 12482 12738 XOR
2 1 96 4489 12632 AND
2 1 98 4283 12631 AND
2 1 97 4280 12633 AND
2 1 12631 12633 12634 AND
2 1 12632 12634 12635 AND
2 1 3291 4286 12636 AND
2 1 12635 12636 12637 AND
2 1 12637 41 12638 XOR
2 1 12738 12638 12740 XOR
2 1 12483 12491 12492 AND
2 1 12387 12493 12629 AND
2 1 12492 12629 12630 AND
2 1 12740 12630 12742 XOR
2 1 99 3904 12622 AND
2 1 101 3717 12621 AND
2 1 100 3714 12623 AND
2 1 12621 12623 12624 AND
2 1 12622 12624 12625 AND
2 1 3720 3830 12626 AND
2 1 12625 12626 12627 AND
2 1 12627 38 12628 XOR
2 1 12742 12628 12744 XOR
2 1 12494 12502 12503 AND
2 1 12386 12504 12505 AND
2 1 12503 12505 12620 AND
2 1 12744 12620 12746 XOR
2 1 102 3339 12613 AND
2 1 104 3162 12612 AND
2 1 103 3159 12614 AND
2 1 12612 12614 12615 AND
2 1 12613 12615 12616 AND
2 1 3165 4414 12617 AND
2 1 12616 12617 12618 AND
2 1 12618 35 12619 XOR
2 1 12746 12619 12748 XOR
2 1 12506 12514 12515 AND
2 1 12516 12517 12518 AND
2 1 12515 12518 12609 AND
2 1 105 2837 12602 AND
2 1 107 2674 12601 AND
2 1 106 2671 12603 AND
2 1 12601 12603 12604 AND
2 1 12602 12604 12605 AND
2 1 2677 4836 12606 AND
2 1 12605 12606 12607 AND
2 1 12607 32 12608 XOR
2 1 12609 12608 12611 XOR
2 1 12748 12611 12750 XOR
2 1 12761 12750 12763 XOR
2 1 12364 12372 12373 AND
2 1 12374 12521 12597 AND
2 1 12373 12597 12598 AND
2 1 111 1974 12590 AND
2 1 113 1862 12589 AND
2 1 112 1859 12591 AND
2 1 12589 12591 12592 AND
2 1 12590 12592 12593 AND
2 1 1865 6412 12594 AND
2 1 12593 12594 12595 AND
2 1 12595 26 12596 XOR
2 1 12598 12596 12600 XOR
2 1 12763 12600 12765 XOR
2 1 12360 12361 12362 AND
2 1 12363 12522 12523 AND
2 1 12362 12523 12586 AND
2 1 114 1606 12579 AND
2 1 116 1491 12578 AND
2 1 115 1488 12580 AND
2 1 12578 12580 12581 AND
2 1 12579 12581 12582 AND
2 1 1494 7150 12583 AND
2 1 12582 12583 12584 AND
2 1 12584 23 12585 XOR
2 1 12586 12585 12588 XOR
2 1 12765 12588 12767 XOR
2 1 12532 12536 12537 AND
2 1 12524 12538 12539 AND
2 1 12537 12539 12575 AND
2 1 117 1277 12568 AND
2 1 119 1166 12567 AND
2 1 118 1163 12569 AND
2 1 12567 12569 12570 AND
2 1 12568 12570 12571 AND
2 1 1169 7925 12572 AND
2 1 12571 12572 12573 AND
2 1 12573 20 12574 XOR
2 1 12575 12574 12577 XOR
2 1 12767 12577 12769 XOR
2 1 12780 12769 12782 XOR
2 1 12338 12339 12340 AND
2 1 12340 12543 12564 AND
2 1 123 735 12557 AND
2 1 125 650 12556 AND
2 1 124 647 12558 AND
2 1 12556 12558 12559 AND
2 1 12557 12559 12560 AND
2 1 653 9567 12561 AND
2 1 12560 12561 12562 AND
2 1 12562 14 12563 XOR
2 1 12564 12563 12566 XOR
2 1 12782 12566 12784 XOR
2 1 12786 12784 12796 XOR
2 1 126 514 12787 AND
2 1 127 457 12788 AND
2 1 12787 12788 12789 AND
2 1 463 10165 12790 AND
2 1 12789 12790 12791 AND
2 1 12791 11 12792 XOR
2 1 12796 12792 12797 XOR
2 1 12309 12317 12318 AND
2 1 12319 12547 12554 AND
2 1 12318 12554 12555 AND
2 1 12797 12555 12799 XOR
2 1 12305 12548 12549 AND
2 1 12304 12550 12551 AND
2 1 12549 12551 12553 AND
2 1 12799 12553 12804 XOR
2 1 115 1606 13018 AND
2 1 117 1491 13017 AND
2 1 116 1488 13019 AND
2 1 13017 13019 13020 AND
2 1 13018 13020 13021 AND
2 1 1494 7407 13022 AND
2 1 13021 13022 13023 AND
2 1 13023 23 13024 XOR
2 1 12596 12598 12599 AND
2 1 12600 12763 12764 AND
2 1 12599 12764 13016 AND
2 1 13024 13016 13026 XOR
2 1 100 3904 12997 AND
2 1 102 3717 12996 AND
2 1 101 3714 12998 AND
2 1 12996 12998 12999 AND
2 1 12997 12999 13000 AND
2 1 3720 3850 13001 AND
2 1 13000 13001 13002 AND
2 1 13002 38 13003 XOR
2 1 12482 12736 12737 AND
2 1 12638 12738 12739 AND
2 1 12737 12739 12993 AND
2 1 12723 12724 12725 AND
2 1 12726 12734 12735 AND
2 1 12725 12735 12988 AND
2 1 94 5125 12979 AND
2 1 96 4891 12978 AND
2 1 95 4888 12980 AND
2 1 12978 12980 12981 AND
2 1 12979 12981 12982 AND
2 1 2960 4894 12983 AND
2 1 12982 12983 12984 AND
2 1 12984 44 12985 XOR
2 1 12710 12711 12712 AND
2 1 12713 12721 12722 AND
2 1 12712 12722 12975 AND
2 1 91 5789 12966 AND
2 1 93 5532 12965 AND
2 1 92 5529 12967 AND
2 1 12965 12967 12968 AND
2 1 12966 12968 12969 AND
2 1 2497 5535 12970 AND
2 1 12969 12970 12971 AND
2 1 12971 47 12972 XOR
2 1 82 8016 12946 AND
2 1 84 7735 12945 AND
2 1 83 7732 12947 AND
2 1 12945 12947 12948 AND
2 1 12946 12948 12949 AND
2 1 1343 7738 12950 AND
2 1 12949 12950 12951 AND
2 1 12951 56 12952 XOR
2 1 12655 12659 12660 AND
2 1 12661 12669 12670 AND
2 1 12660 12670 12942 AND
2 1 79 8808 12933 AND
2 1 81 8542 12932 AND
2 1 80 8539 12934 AND
2 1 12932 12934 12935 AND
2 1 12933 12935 12936 AND
2 1 965 8545 12937 AND
2 1 12936 12937 12938 AND
2 1 12938 59 12939 XOR
2 1 76 9637 12923 AND
2 1 78 9346 12922 AND
2 1 77 9343 12924 AND
2 1 12922 12924 12925 AND
2 1 12923 12925 12926 AND
2 1 719 9349 12927 AND
2 1 12926 12927 12928 AND
2 1 12928 62 12929 XOR
2 1 74 10243 12915 AND
2 1 75 9940 12916 AND
2 1 12915 12916 12917 AND
2 1 12917 12649 12919 XOR
2 1 12649 12651 12652 AND
2 1 12646 12653 12654 AND
2 1 12652 12654 12914 AND
2 1 12919 12914 12921 XOR
2 1 12929 12921 12931 XOR
2 1 12939 12931 12941 XOR
2 1 12942 12941 12944 XOR
2 1 12952 12944 12954 XOR
2 1 12671 12672 12673 AND
2 1 12674 12682 12683 AND
2 1 12673 12683 12913 AND
2 1 12954 12913 12956 XOR
2 1 85 7228 12906 AND
2 1 87 6933 12905 AND
2 1 86 6930 12907 AND
2 1 12905 12907 12908 AND
2 1 12906 12908 12909 AND
2 1 1687 6936 12910 AND
2 1 12909 12910 12911 AND
2 1 12911 53 12912 XOR
2 1 12956 12912 12958 XOR
2 1 12684 12685 12686 AND
2 1 12687 12695 12696 AND
2 1 12686 12696 12904 AND
2 1 12958 12904 12960 XOR
2 1 88 6482 12897 AND
2 1 90 6208 12896 AND
2 1 89 6205 12898 AND
2 1 12896 12898 12899 AND
2 1 12897 12899 12900 AND
2 1 2065 6211 12901 AND
2 1 12900 12901 12902 AND
2 1 12902 50 12903 XOR
2 1 12960 12903 12962 XOR
2 1 12697 12698 12699 AND
2 1 12700 12708 12709 AND
2 1 12699 12709 12895 AND
2 1 12962 12895 12964 XOR
2 1 12972 12964 12974 XOR
2 1 12975 12974 12977 XOR
2 1 12985 12977 12987 XOR
2 1 12988 12987 12990 XOR
2 1 97 4489 12888 AND
2 1 99 4283 12887 AND
2 1 98 4280 12889 AND
2 1 12887 12889 12890 AND
2 1 12888 12890 12891 AND
2 1 3473 4286 12892 AND
2 1 12891 12892 12893 AND
2 1 12893 41 12894 XOR
2 1 12990 12894 12992 XOR
2 1 12993 12992 12995 XOR
2 1 13003 12995 13005 XOR
2 1 12630 12740 12741 AND
2 1 12628 12742 12743 AND
2 1 12741 12743 12886 AND
2 1 13005 12886 13007 XOR
2 1 103 3339 12879 AND
2 1 105 3162 12878 AND
2 1 104 3159 12880 AND
2 1 12878 12880 12881 AND
2 1 12879 12881 12882 AND
2 1 3165 4617 12883 AND
2 1 12882 12883 12884 AND
2 1 12884 35 12885 XOR
2 1 13007 12885 13009 XOR
2 1 106 2837 12869 AND
2 1 108 2674 12868 AND
2 1 107 2671 12870 AND
2 1 12868 12870 12871 AND
2 1 12869 12871 12872 AND
2 1 2677 5250 12873 AND
2 1 12872 12873 12874 AND
2 1 12874 32 12875 XOR
2 1 12620 12744 12745 AND
2 1 12619 12746 12747 AND
2 1 12745 12747 12867 AND
2 1 12875 12867 12877 XOR
2 1 13009 12877 13011 XOR
2 1 12608 12609 12610 AND
2 1 12611 12748 12749 AND
2 1 12610 12749 12864 AND
2 1 109 2385 12857 AND
2 1 111 2245 12856 AND
2 1 110 2242 12858 AND
2 1 12856 12858 12859 AND
2 1 12857 12859 12860 AND
2 1 2248 5726 12861 AND
2 1 12860 12861 12862 AND
2 1 12862 29 12863 XOR
2 1 12864 12863 12866 XOR
2 1 13011 12866 13013 XOR
2 1 112 1974 12847 AND
2 1 114 1862 12846 AND
2 1 113 1859 12848 AND
2 1 12846 12848 12849 AND
2 1 12847 12849 12850 AND
2 1 1865 6651 12851 AND
2 1 12850 12851 12852 AND
2 1 12852 26 12853 XOR
2 1 12751 12759 12760 AND
2 1 12750 12761 12762 AND
2 1 12760 12762 12845 AND
2 1 12853 12845 12855 XOR
2 1 13013 12855 13015 XOR
2 1 13026 13015 13028 XOR
2 1 12585 12586 12587 AND
2 1 12588 12765 12766 AND
2 1 12587 12766 12842 AND
2 1 118 1277 12835 AND
2 1 120 1166 12834 AND
2 1 119 1163 12836 AND
2 1 12834 12836 12837 AND
2 1 12835 12837 12838 AND
2 1 1169 7949 12839 AND
2 1 12838 12839 12840 AND
2 1 12840 20 12841 XOR
2 1 12842 12841 12844 XOR
2 1 13028 12844 13030 XOR
2 1 12574 12575 12576 AND
2 1 12577 12767 12768 AND
2 1 12576 12768 12831 AND
2 1 121 992 12824 AND
2 1 123 917 12823 AND
2 1 122 914 12825 AND
2 1 12823 12825 12826 AND
2 1 12824 12826 12827 AND
2 1 920 8999 12828 AND
2 1 12827 12828 12829 AND
2 1 12829 17 12830 XOR
2 1 12831 12830 12833 XOR
2 1 13030 12833 13032 XOR
2 1 124 735 12814 AND
2 1 126 650 12813 AND
2 1 125 647 12815 AND
2 1 12813 12815 12816 AND
2 1 12814 12816 12817 AND
2 1 653 9851 12818 AND
2 1 12817 12818 12819 AND
2 1 12819 14 12820 XOR
2 1 12770 12778 12779 AND
2 1 12769 12780 12781 AND
2 1 12779 12781 12812 AND
2 1 12820 12812 12822 XOR
2 1 13032 12822 13034 XOR
2 1 127 514 12808 AND
2 1 463 10162 12809 AND
2 1 12808 12809 12810 AND
2 1 12810 11 12811 XOR
2 1 13034 12811 13035 XOR
2 1 12563 12564 12565 AND
2 1 12566 12782 12783 AND
2 1 12565 12783 12807 AND
2 1 13035 12807 13036 XOR
2 1 12786 12792 12793 AND
2 1 12792 12786 12794 XOR
2 1 12784 12794 12795 AND
2 1 12793 12795 12806 AND
2 1 13036 12806 13038 XOR
2 1 12555 12797 12798 AND
2 1 12305 12548 12800 AND
2 1 12799 12800 12801 AND
2 1 12304 12549 12802 AND
2 1 12801 12802 12803 AND
2 1 12798 12803 12805 AND
2 1 13038 12805 13040 XOR
2 1 12841 12842 12843 AND
2 1 12844 13028 13029 AND
2 1 12843 13029 13075 AND
2 1 119 1277 13068 AND
2 1 121 1166 13067 AND
2 1 120 1163 13069 AND
2 1 13067 13069 13070 AND
2 1 13068 13070 13071 AND
2 1 1169 8447 13072 AND
2 1 13071 13072 13073 AND
2 1 13073 20 13074 XOR
2 1 13075 13074 13077 XOR
2 1 12845 12853 12854 AND
2 1 12855 13013 13014 AND
2 1 12854 13014 13097 AND
2 1 113 1974 13090 AND
2 1 115 1862 13089 AND
2 1 114 1859 13091 AND
2 1 13089 13091 13092 AND
2 1 13090 13092 13093 AND
2 1 1865 6668 13094 AND
2 1 13093 13094 13095 AND
2 1 13095 26 13096 XOR
2 1 13097 13096 13099 XOR
2 1 104 3339 13234 AND
2 1 106 3162 13233 AND
2 1 105 3159 13235 AND
2 1 13233 13235 13236 AND
2 1 13234 13236 13237 AND
2 1 3165 4814 13238 AND
2 1 13237 13238 13239 AND
2 1 13239 35 13240 XOR
2 1 101 3904 13223 AND
2 1 103 3717 13222 AND
2 1 102 3714 13224 AND
2 1 13222 13224 13225 AND
2 1 13223 13225 13226 AND
2 1 3720 4041 13227 AND
2 1 13226 13227 13228 AND
2 1 13228 38 13229 XOR
2 1 98 4489 13211 AND
2 1 100 4283 13210 AND
2 1 99 4280 13212 AND
2 1 13210 13212 13213 AND
2 1 13211 13213 13214 AND
2 1 3635 4286 13215 AND
2 1 13214 13215 13216 AND
2 1 13216 41 13217 XOR
2 1 95 5125 13200 AND
2 1 97 4891 13199 AND
2 1 96 4888 13201 AND
2 1 13199 13201 13202 AND
2 1 13200 13202 13203 AND
2 1 3108 4894 13204 AND
2 1 13203 13204 13205 AND
2 1 13205 44 13206 XOR
2 1 92 5789 13187 AND
2 1 94 5532 13186 AND
2 1 93 5529 13188 AND
2 1 13186 13188 13189 AND
2 1 13187 13189 13190 AND
2 1 2632 5535 13191 AND
2 1 13190 13191 13192 AND
2 1 13192 47 13193 XOR
2 1 12904 12958 12959 AND
2 1 12903 12960 12961 AND
2 1 12959 12961 13183 AND
2 1 89 6482 13174 AND
2 1 91 6208 13173 AND
2 1 90 6205 13175 AND
2 1 13173 13175 13176 AND
2 1 13174 13176 13177 AND
2 1 2200 6211 13178 AND
2 1 13177 13178 13179 AND
2 1 13179 50 13180 XOR
2 1 12941 12942 12943 AND
2 1 12944 12952 12953 AND
2 1 12943 12953 13166 AND
2 1 83 8016 13157 AND
2 1 85 7735 13156 AND
2 1 84 7732 13158 AND
2 1 13156 13158 13159 AND
2 1 13157 13159 13160 AND
2 1 1441 7738 13161 AND
2 1 13160 13161 13162 AND
2 1 13162 56 13163 XOR
2 1 12921 12929 12930 AND
2 1 12931 12939 12940 AND
2 1 12930 12940 13153 AND
2 1 80 8808 13144 AND
2 1 82 8542 13143 AND
2 1 81 8539 13145 AND
2 1 13143 13145 13146 AND
2 1 13144 13146 13147 AND
2 1 1124 8545 13148 AND
2 1 13147 13148 13149 AND
2 1 13149 59 13150 XOR
2 1 12649 11 13136 XOR
2 1 75 10243 13133 AND
2 1 76 9940 13134 AND
2 1 13133 13134 13135 AND
2 1 13136 13135 13138 XOR
2 1 77 9637 13126 AND
2 1 79 9346 13125 AND
2 1 78 9343 13127 AND
2 1 13125 13127 13128 AND
2 1 13126 13128 13129 AND
2 1 792 9349 13130 AND
2 1 13129 13130 13131 AND
2 1 13131 62 13132 XOR
2 1 13138 13132 13140 XOR
2 1 12649 12917 12918 AND
2 1 12914 12919 12920 AND
2 1 12918 12920 13124 AND
2 1 13140 13124 13142 XOR
2 1 13150 13142 13152 XOR
2 1 13153 13152 13155 XOR
2 1 13163 13155 13165 XOR
2 1 13166 13165 13168 XOR
2 1 86 7228 13117 AND
2 1 88 6933 13116 AND
2 1 87 6930 13118 AND
2 1 13116 13118 13119 AND
2 1 13117 13119 13120 AND
2 1 1801 6936 13121 AND
2 1 13120 13121 13122 AND
2 1 13122 53 13123 XOR
2 1 13168 13123 13170 XOR
2 1 12913 12954 12955 AND
2 1 12912 12956 12957 AND
2 1 12955 12957 13115 AND
2 1 13170 13115 13172 XOR
2 1 13180 13172 13182 XOR
2 1 13183 13182 13185 XOR
2 1 13193 13185 13195 XOR
2 1 12895 12962 12963 AND
2 1 12964 12972 12973 AND
2 1 12963 12973 13114 AND
2 1 13195 13114 13198 XOR
2 1 13206 13198 13208 XOR
2 1 12974 12975 12976 AND
2 1 12977 12985 12986 AND
2 1 12976 12986 13113 AND
2 1 13208 13113 13209 XOR
2 1 13217 13209 13219 XOR
2 1 12987 12988 12989 AND
2 1 12894 12990 12991 AND
2 1 12989 12991 13112 AND
2 1 13219 13112 13221 XOR
2 1 13229 13221 13231 XOR
2 1 12992 12993 12994 AND
2 1 12995 13003 13004 AND
2 1 12994 13004 13111 AND
2 1 13231 13111 13232 XOR
2 1 13240 13232 13242 XOR
2 1 12886 13005 13006 AND
2 1 12885 13007 13008 AND
2 1 13006 13008 13110 AND
2 1 13242 13110 13244 XOR
2 1 107 2837 13247 AND
2 1 109 2674 13246 AND
2 1 108 2671 13248 AND
2 1 13246 13248 13249 AND
2 1 13247 13249 13250 AND
2 1 2677 5468 13251 AND
2 1 13250 13251 13252 AND
2 1 13252 32 13253 XOR
2 1 12867 12875 12876 AND
2 1 12877 13009 13010 AND
2 1 12876 13010 13245 AND
2 1 13253 13245 13255 XOR
2 1 13244 13255 13256 AND
2 1 13244 13255 13257 AND
2 1 13256 13257 13258 AND
2 1 110 2385 13102 AND
2 1 112 2245 13101 AND
2 1 111 2242 13103 AND
2 1 13101 13103 13104 AND
2 1 13102 13104 13105 AND
2 1 2248 5950 13106 AND
2 1 13105 13106 13107 AND
2 1 13107 29 13108 XOR
2 1 12863 12864 12865 AND
2 1 12866 13011 13012 AND
2 1 12865 13012 13100 AND
2 1 13108 13100 13109 XOR
2 1 13258 13109 13260 XOR
2 1 13099 13260 13261 AND
2 1 13099 13260 13262 AND
2 1 13261 13262 13263 AND
2 1 116 1606 13080 AND
2 1 118 1491 13079 AND
2 1 117 1488 13081 AND
2 1 13079 13081 13082 AND
2 1 13080 13082 13083 AND
2 1 1494 7428 13084 AND
2 1 13083 13084 13085 AND
2 1 13085 23 13086 XOR
2 1 13016 13024 13025 AND
2 1 13015 13026 13027 AND
2 1 13025 13027 13078 AND
2 1 13086 13078 13088 XOR
2 1 13263 13088 13265 XOR
2 1 13077 13265 13266 AND
2 1 13077 13265 13267 AND
2 1 13266 13267 13268 AND
2 1 122 992 13059 AND
2 1 124 917 13058 AND
2 1 123 914 13060 AND
2 1 13058 13060 13061 AND
2 1 13059 13061 13062 AND
2 1 920 9030 13063 AND
2 1 13062 13063 13064 AND
2 1 13064 17 13065 XOR
2 1 12830 12831 12832 AND
2 1 12833 13030 13031 AND
2 1 12832 13031 13057 AND
2 1 13065 13057 13066 XOR
2 1 13268 13066 13270 XOR
2 1 125 735 13048 AND
2 1 127 650 13047 AND
2 1 126 647 13049 AND
2 1 13047 13049 13050 AND
2 1 13048 13050 13051 AND
2 1 653 10136 13052 AND
2 1 13051 13052 13053 AND
2 1 13053 14 13054 XOR
2 1 12812 12820 12821 AND
2 1 12822 13032 13033 AND
2 1 12821 13033 13046 AND
2 1 13054 13046 13056 XOR
2 1 13270 13056 13271 XOR
2 1 12811 13034 13042 AND
2 1 12811 13034 13043 AND
2 1 12807 13043 13044 AND
2 1 13042 13044 13045 AND
2 1 13271 13045 13273 XOR
2 1 12806 13036 13037 AND
2 1 12805 13038 13039 AND
2 1 13037 13039 13041 AND
2 1 13273 13041 13278 XOR
2 1 13066 13268 13269 AND
2 1 13057 13065 13495 AND
2 1 13269 13495 13496 AND
2 1 120 1277 13482 AND
2 1 122 1166 13481 AND
2 1 121 1163 13483 AND
2 1 13481 13483 13484 AND
2 1 13482 13484 13485 AND
2 1 1169 8473 13486 AND
2 1 13485 13486 13487 AND
2 1 13487 20 13488 XOR
2 1 13078 13086 13087 AND
2 1 13088 13263 13264 AND
2 1 13087 13264 13480 AND
2 1 13488 13480 13490 XOR
2 1 114 1974 13467 AND
2 1 116 1862 13466 AND
2 1 115 1859 13468 AND
2 1 13466 13468 13469 AND
2 1 13467 13469 13470 AND
2 1 1865 7150 13471 AND
2 1 13470 13471 13472 AND
2 1 13472 26 13473 XOR
2 1 13109 13258 13259 AND
2 1 13100 13108 13464 AND
2 1 13259 13464 13465 AND
2 1 13473 13465 13475 XOR
2 1 108 2837 13451 AND
2 1 110 2674 13450 AND
2 1 109 2671 13452 AND
2 1 13450 13452 13453 AND
2 1 13451 13453 13454 AND
2 1 2677 5705 13455 AND
2 1 13454 13455 13456 AND
2 1 13456 32 13457 XOR
2 1 13232 13240 13241 AND
2 1 13110 13242 13243 AND
2 1 13241 13243 13449 AND
2 1 13457 13449 13459 XOR
2 1 90 6482 13420 AND
2 1 92 6208 13419 AND
2 1 91 6205 13421 AND
2 1 13419 13421 13422 AND
2 1 13420 13422 13423 AND
2 1 2346 6211 13424 AND
2 1 13423 13424 13425 AND
2 1 13425 50 13426 XOR
2 1 13123 13168 13169 AND
2 1 13115 13170 13171 AND
2 1 13169 13171 13416 AND
2 1 87 7228 13407 AND
2 1 89 6933 13406 AND
2 1 88 6930 13408 AND
2 1 13406 13408 13409 AND
2 1 13407 13409 13410 AND
2 1 1824 6936 13411 AND
2 1 13410 13411 13412 AND
2 1 13412 53 13413 XOR
2 1 13155 13163 13164 AND
2 1 13165 13166 13167 AND
2 1 13164 13167 13403 AND
2 1 84 8016 13394 AND
2 1 86 7735 13393 AND
2 1 85 7732 13395 AND
2 1 13393 13395 13396 AND
2 1 13394 13396 13397 AND
2 1 1567 7738 13398 AND
2 1 13397 13398 13399 AND
2 1 13399 56 13400 XOR
2 1 13142 13150 13151 AND
2 1 13152 13153 13154 AND
2 1 13151 13154 13390 AND
2 1 81 8808 13381 AND
2 1 83 8542 13380 AND
2 1 82 8539 13382 AND
2 1 13380 13382 13383 AND
2 1 13381 13383 13384 AND
2 1 1232 8545 13385 AND
2 1 13384 13385 13386 AND
2 1 13386 59 13387 XOR
2 1 13132 13138 13139 AND
2 1 13124 13140 13141 AND
2 1 13139 13141 13377 AND
2 1 78 9637 13369 AND
2 1 80 9346 13368 AND
2 1 79 9343 13370 AND
2 1 13368 13370 13371 AND
2 1 13369 13371 13372 AND
2 1 872 9349 13373 AND
2 1 13372 13373 13374 AND
2 1 13374 62 13375 XOR
2 1 13135 13136 13137 AND
2 1 11 12649 13364 AND
2 1 13137 13364 13365 AND
2 1 76 10243 13361 AND
2 1 77 9940 13362 AND
2 1 13361 13362 13363 AND
2 1 13365 13363 13367 XOR
2 1 13375 13367 13376 XOR
2 1 13377 13376 13379 XOR
2 1 13387 13379 13389 XOR
2 1 13390 13389 13392 XOR
2 1 13400 13392 13402 XOR
2 1 13403 13402 13405 XOR
2 1 13413 13405 13415 XOR
2 1 13416 13415 13418 XOR
2 1 13426 13418 13428 XOR
2 1 13172 13180 13181 AND
2 1 13182 13183 13184 AND
2 1 13181 13184 13360 AND
2 1 13428 13360 13430 XOR
2 1 93 5789 13353 AND
2 1 95 5532 13352 AND
2 1 94 5529 13354 AND
2 1 13352 13354 13355 AND
2 1 13353 13355 13356 AND
2 1 2799 5535 13357 AND
2 1 13356 13357 13358 AND
2 1 13358 47 13359 XOR
2 1 13430 13359 13432 XOR
2 1 13185 13193 13194 AND
2 1 13114 13195 13196 AND
2 1 13194 13196 13197 AND
2 1 13432 13197 13434 XOR
2 1 96 5125 13345 AND
2 1 98 4891 13344 AND
2 1 97 4888 13346 AND
2 1 13344 13346 13347 AND
2 1 13345 13347 13348 AND
2 1 3291 4894 13349 AND
2 1 13348 13349 13350 AND
2 1 13350 44 13351 XOR
2 1 13434 13351 13436 XOR
2 1 13198 13206 13207 AND
2 1 13113 13208 13342 AND
2 1 13207 13342 13343 AND
2 1 13436 13343 13438 XOR
2 1 99 4489 13335 AND
2 1 101 4283 13334 AND
2 1 100 4280 13336 AND
2 1 13334 13336 13337 AND
2 1 13335 13337 13338 AND
2 1 3830 4286 13339 AND
2 1 13338 13339 13340 AND
2 1 13340 41 13341 XOR
2 1 13438 13341 13440 XOR
2 1 13209 13217 13218 AND
2 1 13112 13219 13220 AND
2 1 13218 13220 13333 AND
2 1 13440 13333 13442 XOR
2 1 102 3904 13326 AND
2 1 104 3717 13325 AND
2 1 103 3714 13327 AND
2 1 13325 13327 13328 AND
2 1 13326 13328 13329 AND
2 1 3720 4414 13330 AND
2 1 13329 13330 13331 AND
2 1 13331 38 13332 XOR
2 1 13442 13332 13444 XOR
2 1 13221 13229 13230 AND
2 1 13111 13231 13323 AND
2 1 13230 13323 13324 AND
2 1 13444 13324 13446 XOR
2 1 105 3339 13316 AND
2 1 107 3162 13315 AND
2 1 106 3159 13317 AND
2 1 13315 13317 13318 AND
2 1 13316 13318 13319 AND
2 1 3165 4836 13320 AND
2 1 13319 13320 13321 AND
2 1 13321 35 13322 XOR
2 1 13446 13322 13448 XOR
2 1 13459 13448 13461 XOR
2 1 13245 13253 13254 AND
2 1 13254 13256 13312 AND
2 1 111 2385 13305 AND
2 1 113 2245 13304 AND
2 1 112 2242 13306 AND
2 1 13304 13306 13307 AND
2 1 13305 13307 13308 AND
2 1 2248 6412 13309 AND
2 1 13308 13309 13310 AND
2 1 13310 29 13311 XOR
2 1 13312 13311 13314 XOR
2 1 13461 13314 13463 XOR
2 1 13475 13463 13477 XOR
2 1 13096 13097 13098 AND
2 1 13098 13261 13301 AND
2 1 117 1606 13294 AND
2 1 119 1491 13293 AND
2 1 118 1488 13295 AND
2 1 13293 13295 13296 AND
2 1 13294 13296 13297 AND
2 1 1494 7925 13298 AND
2 1 13297 13298 13299 AND
2 1 13299 23 13300 XOR
2 1 13301 13300 13303 XOR
2 1 13477 13303 13479 XOR
2 1 13490 13479 13492 XOR
2 1 13074 13075 13076 AND
2 1 13076 13266 13290 AND
2 1 123 992 13283 AND
2 1 125 917 13282 AND
2 1 124 914 13284 AND
2 1 13282 13284 13285 AND
2 1 13283 13285 13286 AND
2 1 920 9567 13287 AND
2 1 13286 13287 13288 AND
2 1 13288 17 13289 XOR
2 1 13290 13289 13292 XOR
2 1 13492 13292 13494 XOR
2 1 13496 13494 13503 XOR
2 1 126 735 13497 AND
2 1 127 647 13498 AND
2 1 13497 13498 13499 AND
2 1 653 10165 13500 AND
2 1 13499 13500 13501 AND
2 1 13501 14 13502 XOR
2 1 13503 13502 13504 XOR
2 1 13046 13054 13055 AND
2 1 13056 13270 13280 AND
2 1 13055 13280 13281 AND
2 1 13504 13281 13505 XOR
2 1 13045 13271 13272 AND
2 1 12806 13036 13274 AND
2 1 13273 13274 13275 AND
2 1 12805 13037 13276 AND
2 1 13275 13276 13277 AND
2 1 13272 13277 13279 AND
2 1 13505 13279 13506 XOR
2 1 13281 13504 13732 AND
2 1 13480 13488 13489 AND
2 1 13479 13490 13491 AND
2 1 13489 13491 13715 AND
2 1 112 2385 13698 AND
2 1 114 2245 13697 AND
2 1 113 2242 13699 AND
2 1 13697 13699 13700 AND
2 1 13698 13700 13701 AND
2 1 2248 6651 13702 AND
2 1 13701 13702 13703 AND
2 1 13703 29 13704 XOR
2 1 13449 13457 13458 AND
2 1 13448 13459 13460 AND
2 1 13458 13460 13696 AND
2 1 13704 13696 13706 XOR
2 1 100 4489 13677 AND
2 1 102 4283 13676 AND
2 1 101 4280 13678 AND
2 1 13676 13678 13679 AND
2 1 13677 13679 13680 AND
2 1 3850 4286 13681 AND
2 1 13680 13681 13682 AND
2 1 13682 41 13683 XOR
2 1 13197 13432 13433 AND
2 1 13351 13434 13435 AND
2 1 13433 13435 13673 AND
2 1 97 5125 13664 AND
2 1 99 4891 13663 AND
2 1 98 4888 13665 AND
2 1 13663 13665 13666 AND
2 1 13664 13666 13667 AND
2 1 3473 4894 13668 AND
2 1 13667 13668 13669 AND
2 1 13669 44 13670 XOR
2 1 94 5789 13653 AND
2 1 96 5532 13652 AND
2 1 95 5529 13654 AND
2 1 13652 13654 13655 AND
2 1 13653 13655 13656 AND
2 1 2960 5535 13657 AND
2 1 13656 13657 13658 AND
2 1 13658 47 13659 XOR
2 1 13415 13416 13417 AND
2 1 13418 13426 13427 AND
2 1 13417 13427 13649 AND
2 1 91 6482 13640 AND
2 1 93 6208 13639 AND
2 1 92 6205 13641 AND
2 1 13639 13641 13642 AND
2 1 13640 13642 13643 AND
2 1 2497 6211 13644 AND
2 1 13643 13644 13645 AND
2 1 13645 50 13646 XOR
2 1 85 8016 13624 AND
2 1 87 7735 13623 AND
2 1 86 7732 13625 AND
2 1 13623 13625 13626 AND
2 1 13624 13626 13627 AND
2 1 1687 7738 13628 AND
2 1 13627 13628 13629 AND
2 1 13629 56 13630 XOR
2 1 13376 13377 13378 AND
2 1 13379 13387 13388 AND
2 1 13378 13388 13620 AND
2 1 82 8808 13611 AND
2 1 84 8542 13610 AND
2 1 83 8539 13612 AND
2 1 13610 13612 13613 AND
2 1 13611 13613 13614 AND
2 1 1343 8545 13615 AND
2 1 13614 13615 13616 AND
2 1 13616 59 13617 XOR
2 1 79 9637 13599 AND
2 1 81 9346 13598 AND
2 1 80 9343 13600 AND
2 1 13598 13600 13601 AND
2 1 13599 13601 13602 AND
2 1 965 9349 13603 AND
2 1 13602 13603 13604 AND
2 1 13604 62 13605 XOR
2 1 77 10243 13593 AND
2 1 78 9940 13594 AND
2 1 13593 13594 13595 AND
2 1 13595 13363 13597 XOR
2 1 13605 13597 13607 XOR
2 1 13363 13365 13366 AND
2 1 13367 13375 13591 AND
2 1 13366 13591 13592 AND
2 1 13607 13592 13609 XOR
2 1 13617 13609 13619 XOR
2 1 13620 13619 13622 XOR
2 1 13630 13622 13632 XOR
2 1 13389 13390 13391 AND
2 1 13392 13400 13401 AND
2 1 13391 13401 13590 AND
2 1 13632 13590 13634 XOR
2 1 88 7228 13583 AND
2 1 90 6933 13582 AND
2 1 89 6930 13584 AND
2 1 13582 13584 13585 AND
2 1 13583 13585 13586 AND
2 1 2065 6936 13587 AND
2 1 13586 13587 13588 AND
2 1 13588 53 13589 XOR
2 1 13634 13589 13636 XOR
2 1 13402 13403 13404 AND
2 1 13405 13413 13414 AND
2 1 13404 13414 13581 AND
2 1 13636 13581 13638 XOR
2 1 13646 13638 13648 XOR
2 1 13649 13648 13651 XOR
2 1 13659 13651 13660 XOR
2 1 13360 13428 13429 AND
2 1 13359 13430 13431 AND
2 1 13429 13431 13580 AND
2 1 13660 13580 13662 XOR
2 1 13670 13662 13672 XOR
2 1 13673 13672 13675 XOR
2 1 13683 13675 13685 XOR
2 1 13343 13436 13437 AND
2 1 13341 13438 13439 AND
2 1 13437 13439 13579 AND
2 1 13685 13579 13687 XOR
2 1 103 3904 13572 AND
2 1 105 3717 13571 AND
2 1 104 3714 13573 AND
2 1 13571 13573 13574 AND
2 1 13572 13574 13575 AND
2 1 3720 4617 13576 AND
2 1 13575 13576 13577 AND
2 1 13577 38 13578 XOR
2 1 13687 13578 13689 XOR
2 1 13333 13440 13441 AND
2 1 13332 13442 13443 AND
2 1 13441 13443 13570 AND
2 1 13689 13570 13691 XOR
2 1 106 3339 13563 AND
2 1 108 3162 13562 AND
2 1 107 3159 13564 AND
2 1 13562 13564 13565 AND
2 1 13563 13565 13566 AND
2 1 3165 5250 13567 AND
2 1 13566 13567 13568 AND
2 1 13568 35 13569 XOR
2 1 13691 13569 13693 XOR
2 1 109 2837 13553 AND
2 1 111 2674 13552 AND
2 1 110 2671 13554 AND
2 1 13552 13554 13555 AND
2 1 13553 13555 13556 AND
2 1 2677 5726 13557 AND
2 1 13556 13557 13558 AND
2 1 13558 32 13559 XOR
2 1 13324 13444 13445 AND
2 1 13322 13446 13447 AND
2 1 13445 13447 13551 AND
2 1 13559 13551 13561 XOR
2 1 13693 13561 13695 XOR
2 1 13706 13695 13708 XOR
2 1 13311 13312 13313 AND
2 1 13314 13461 13462 AND
2 1 13313 13462 13548 AND
2 1 115 1974 13541 AND
2 1 117 1862 13540 AND
2 1 116 1859 13542 AND
2 1 13540 13542 13543 AND
2 1 13541 13543 13544 AND
2 1 1865 7407 13545 AND
2 1 13544 13545 13546 AND
2 1 13546 26 13547 XOR
2 1 13548 13547 13550 XOR
2 1 13708 13550 13710 XOR
2 1 13465 13473 13474 AND
2 1 13463 13475 13476 AND
2 1 13474 13476 13537 AND
2 1 118 1606 13530 AND
2 1 120 1491 13529 AND
2 1 119 1488 13531 AND
2 1 13529 13531 13532 AND
2 1 13530 13532 13533 AND
2 1 1494 7949 13534 AND
2 1 13533 13534 13535 AND
2 1 13535 23 13536 XOR
2 1 13537 13536 13539 XOR
2 1 13710 13539 13712 XOR
2 1 13300 13301 13302 AND
2 1 13303 13477 13478 AND
2 1 13302 13478 13526 AND
2 1 121 1277 13519 AND
2 1 123 1166 13518 AND
2 1 122 1163 13520 AND
2 1 13518 13520 13521 AND
2 1 13519 13521 13522 AND
2 1 1169 8999 13523 AND
2 1 13522 13523 13524 AND
2 1 13524 20 13525 XOR
2 1 13526 13525 13528 XOR
2 1 13712 13528 13714 XOR
2 1 13715 13714 13724 XOR
2 1 124 992 13717 AND
2 1 126 917 13716 AND
2 1 125 914 13718 AND
2 1 13716 13718 13719 AND
2 1 13717 13719 13720 AND
2 1 920 9851 13721 AND
2 1 13720 13721 13722 AND
2 1 13722 17 13723 XOR
2 1 13724 13723 13725 XOR
2 1 127 735 13512 AND
2 1 653 10162 13513 AND
2 1 13512 13513 13514 AND
2 1 13514 14 13515 XOR
2 1 13289 13290 13291 AND
2 1 13292 13492 13493 AND
2 1 13291 13493 13511 AND
2 1 13515 13511 13517 XOR
2 1 13725 13517 13727 XOR
2 1 13494 13496 13507 AND
2 1 13494 13496 13508 AND
2 1 13502 13508 13509 AND
2 1 13507 13509 13510 AND
2 1 13727 13510 13729 XOR
2 1 13732 13729 13736 XOR
2 1 13279 13505 13735 AND
2 1 13736 13735 13737 XOR
2 1 13510 13727 13728 AND
2 1 13281 13504 13730 AND
2 1 13729 13730 13731 AND
2 1 13279 13732 13733 AND
2 1 13731 13733 13734 AND
2 1 13728 13734 13960 AND
2 1 13511 13515 13516 AND
2 1 13517 13725 13726 AND
2 1 13516 13726 13957 AND
2 1 13525 13526 13527 AND
2 1 13528 13712 13713 AND
2 1 13527 13713 13760 AND
2 1 122 1277 13753 AND
2 1 124 1166 13752 AND
2 1 123 1163 13754 AND
2 1 13752 13754 13755 AND
2 1 13753 13755 13756 AND
2 1 1169 9030 13757 AND
2 1 13756 13757 13758 AND
2 1 13758 20 13759 XOR
2 1 13760 13759 13762 XOR
2 1 13547 13548 13549 AND
2 1 13550 13708 13709 AND
2 1 13549 13709 13781 AND
2 1 116 1974 13774 AND
2 1 118 1862 13773 AND
2 1 117 1859 13775 AND
2 1 13773 13775 13776 AND
2 1 13774 13776 13777 AND
2 1 1865 7428 13778 AND
2 1 13777 13778 13779 AND
2 1 13779 26 13780 XOR
2 1 13781 13780 13783 XOR
2 1 110 2837 13934 AND
2 1 112 2674 13933 AND
2 1 111 2671 13935 AND
2 1 13933 13935 13936 AND
2 1 13934 13936 13937 AND
2 1 2677 5950 13938 AND
2 1 13937 13938 13939 AND
2 1 13939 32 13940 XOR
2 1 13551 13559 13560 AND
2 1 13561 13693 13694 AND
2 1 13560 13694 13932 AND
2 1 13940 13932 13942 XOR
2 1 13570 13689 13690 AND
2 1 13569 13691 13692 AND
2 1 13690 13692 13929 AND
2 1 107 3339 13920 AND
2 1 109 3162 13919 AND
2 1 108 3159 13921 AND
2 1 13919 13921 13922 AND
2 1 13920 13922 13923 AND
2 1 3165 5468 13924 AND
2 1 13923 13924 13925 AND
2 1 13925 35 13926 XOR
2 1 104 3904 13908 AND
2 1 106 3717 13907 AND
2 1 105 3714 13909 AND
2 1 13907 13909 13910 AND
2 1 13908 13910 13911 AND
2 1 3720 4814 13912 AND
2 1 13911 13912 13913 AND
2 1 13913 38 13914 XOR
2 1 101 4489 13897 AND
2 1 103 4283 13896 AND
2 1 102 4280 13898 AND
2 1 13896 13898 13899 AND
2 1 13897 13899 13900 AND
2 1 4041 4286 13901 AND
2 1 13900 13901 13902 AND
2 1 13902 41 13903 XOR
2 1 98 5125 13885 AND
2 1 100 4891 13884 AND
2 1 99 4888 13886 AND
2 1 13884 13886 13887 AND
2 1 13885 13887 13888 AND
2 1 3635 4894 13889 AND
2 1 13888 13889 13890 AND
2 1 13890 44 13891 XOR
2 1 95 5789 13874 AND
2 1 97 5532 13873 AND
2 1 96 5529 13875 AND
2 1 13873 13875 13876 AND
2 1 13874 13876 13877 AND
2 1 3108 5535 13878 AND
2 1 13877 13878 13879 AND
2 1 13879 47 13880 XOR
2 1 13581 13636 13637 AND
2 1 13638 13646 13647 AND
2 1 13637 13647 13870 AND
2 1 92 6482 13861 AND
2 1 94 6208 13860 AND
2 1 93 6205 13862 AND
2 1 13860 13862 13863 AND
2 1 13861 13863 13864 AND
2 1 2632 6211 13865 AND
2 1 13864 13865 13866 AND
2 1 13866 50 13867 XOR
2 1 13590 13632 13633 AND
2 1 13589 13634 13635 AND
2 1 13633 13635 13857 AND
2 1 89 7228 13848 AND
2 1 91 6933 13847 AND
2 1 90 6930 13849 AND
2 1 13847 13849 13850 AND
2 1 13848 13850 13851 AND
2 1 2200 6936 13852 AND
2 1 13851 13852 13853 AND
2 1 13853 53 13854 XOR
2 1 86 8016 13835 AND
2 1 88 7735 13834 AND
2 1 87 7732 13836 AND
2 1 13834 13836 13837 AND
2 1 13835 13837 13838 AND
2 1 1801 7738 13839 AND
2 1 13838 13839 13840 AND
2 1 13840 56 13841 XOR
2 1 13592 13607 13608 AND
2 1 13609 13617 13618 AND
2 1 13608 13618 13831 AND
2 1 83 8808 13822 AND
2 1 85 8542 13821 AND
2 1 84 8539 13823 AND
2 1 13821 13823 13824 AND
2 1 13822 13824 13825 AND
2 1 1441 8545 13826 AND
2 1 13825 13826 13827 AND
2 1 13827 59 13828 XOR
2 1 13363 13595 13596 AND
2 1 13597 13605 13606 AND
2 1 13596 13606 13818 AND
2 1 80 9637 13809 AND
2 1 82 9346 13808 AND
2 1 81 9343 13810 AND
2 1 13808 13810 13811 AND
2 1 13809 13811 13812 AND
2 1 1124 9349 13813 AND
2 1 13812 13813 13814 AND
2 1 13814 62 13815 XOR
2 1 78 10243 13801 AND
2 1 79 9940 13802 AND
2 1 13801 13802 13803 AND
2 1 13803 14 13805 XOR
2 1 13805 13363 13807 XOR
2 1 13815 13807 13817 XOR
2 1 13818 13817 13820 XOR
2 1 13828 13820 13830 XOR
2 1 13831 13830 13833 XOR
2 1 13841 13833 13843 XOR
2 1 13619 13620 13621 AND
2 1 13622 13630 13631 AND
2 1 13621 13631 13800 AND
2 1 13843 13800 13846 XOR
2 1 13854 13846 13856 XOR
2 1 13857 13856 13859 XOR
2 1 13867 13859 13869 XOR
2 1 13870 13869 13872 XOR
2 1 13880 13872 13882 XOR
2 1 13648 13649 13650 AND
2 1 13651 13659 13798 AND
2 1 13650 13798 13799 AND
2 1 13882 13799 13883 XOR
2 1 13891 13883 13893 XOR
2 1 13580 13660 13661 AND
2 1 13662 13670 13671 AND
2 1 13661 13671 13797 AND
2 1 13893 13797 13895 XOR
2 1 13903 13895 13905 XOR
2 1 13672 13673 13674 AND
2 1 13675 13683 13684 AND
2 1 13674 13684 13796 AND
2 1 13905 13796 13906 XOR
2 1 13914 13906 13916 XOR
2 1 13579 13685 13686 AND
2 1 13578 13687 13688 AND
2 1 13686 13688 13795 AND
2 1 13916 13795 13918 XOR
2 1 13926 13918 13928 XOR
2 1 13929 13928 13931 XOR
2 1 13942 13931 13944 XOR
2 1 13696 13704 13705 AND
2 1 13695 13706 13707 AND
2 1 13705 13707 13792 AND
2 1 113 2385 13785 AND
2 1 115 2245 13784 AND
2 1 114 2242 13786 AND
2 1 13784 13786 13787 AND
2 1 13785 13787 13788 AND
2 1 2248 6668 13789 AND
2 1 13788 13789 13790 AND
2 1 13790 29 13791 XOR
2 1 13792 13791 13794 XOR
2 1 13944 13794 13946 XOR
2 1 13783 13946 13947 AND
2 1 13783 13946 13948 AND
2 1 13947 13948 13949 AND
2 1 119 1606 13765 AND
2 1 121 1491 13764 AND
2 1 120 1488 13766 AND
2 1 13764 13766 13767 AND
2 1 13765 13767 13768 AND
2 1 1494 8447 13769 AND
2 1 13768 13769 13770 AND
2 1 13770 23 13771 XOR
2 1 13536 13537 13538 AND
2 1 13539 13710 13711 AND
2 1 13538 13711 13763 AND
2 1 13771 13763 13772 XOR
2 1 13949 13772 13951 XOR
2 1 13762 13951 13952 AND
2 1 13762 13951 13953 AND
2 1 13952 13953 13954 AND
2 1 125 992 13743 AND
2 1 127 917 13742 AND
2 1 126 914 13744 AND
2 1 13742 13744 13745 AND
2 1 13743 13745 13746 AND
2 1 920 10136 13747 AND
2 1 13746 13747 13748 AND
2 1 13748 17 13749 XOR
2 1 13714 13715 13738 AND
2 1 13714 13715 13739 AND
2 1 13723 13739 13740 AND
2 1 13738 13740 13741 AND
2 1 13749 13741 13751 XOR
2 1 13954 13751 13956 XOR
2 1 13957 13956 13959 XOR
2 1 13960 13959 13962 XOR
2 1 13956 13957 13958 AND
2 1 13959 13960 13961 AND
2 1 13958 13961 14177 AND
2 1 13741 13749 13750 AND
2 1 13751 13954 13955 AND
2 1 13750 13955 14174 AND
2 1 13918 13926 13927 AND
2 1 13928 13929 13930 AND
2 1 13927 13930 14025 AND
2 1 111 2837 14018 AND
2 1 113 2674 14017 AND
2 1 112 2671 14019 AND
2 1 14017 14019 14020 AND
2 1 14018 14020 14021 AND
2 1 2677 6412 14022 AND
2 1 14021 14022 14023 AND
2 1 14023 32 14024 XOR
2 1 14025 14024 14027 XOR
2 1 108 3339 14152 AND
2 1 110 3162 14151 AND
2 1 109 3159 14153 AND
2 1 14151 14153 14154 AND
2 1 14152 14154 14155 AND
2 1 3165 5705 14156 AND
2 1 14155 14156 14157 AND
2 1 14157 35 14158 XOR
2 1 13906 13914 13915 AND
2 1 13795 13916 13917 AND
2 1 13915 13917 14148 AND
2 1 96 5789 14127 AND
2 1 98 5532 14126 AND
2 1 97 5529 14128 AND
2 1 14126 14128 14129 AND
2 1 14127 14129 14130 AND
2 1 3291 5535 14131 AND
2 1 14130 14131 14132 AND
2 1 14132 47 14133 XOR
2 1 13859 13867 13868 AND
2 1 13869 13870 13871 AND
2 1 13868 13871 14123 AND
2 1 13846 13854 13855 AND
2 1 13856 13857 13858 AND
2 1 13855 13858 14118 AND
2 1 90 7228 14109 AND
2 1 92 6933 14108 AND
2 1 91 6930 14110 AND
2 1 14108 14110 14111 AND
2 1 14109 14111 14112 AND
2 1 2346 6936 14113 AND
2 1 14112 14113 14114 AND
2 1 14114 53 14115 XOR
2 1 87 8016 14098 AND
2 1 89 7735 14097 AND
2 1 88 7732 14099 AND
2 1 14097 14099 14100 AND
2 1 14098 14100 14101 AND
2 1 1824 7738 14102 AND
2 1 14101 14102 14103 AND
2 1 14103 56 14104 XOR
2 1 13820 13828 13829 AND
2 1 13830 13831 13832 AND
2 1 13829 13832 14094 AND
2 1 84 8808 14085 AND
2 1 86 8542 14084 AND
2 1 85 8539 14086 AND
2 1 14084 14086 14087 AND
2 1 14085 14087 14088 AND
2 1 1567 8545 14089 AND
2 1 14088 14089 14090 AND
2 1 14090 59 14091 XOR
2 1 81 9637 14073 AND
2 1 83 9346 14072 AND
2 1 82 9343 14074 AND
2 1 14072 14074 14075 AND
2 1 14073 14075 14076 AND
2 1 1232 9349 14077 AND
2 1 14076 14077 14078 AND
2 1 14078 62 14079 XOR
2 1 14 13803 13804 AND
2 1 13363 13805 13806 AND
2 1 13804 13806 14069 AND
2 1 79 10243 14066 AND
2 1 80 9940 14067 AND
2 1 14066 14067 14068 AND
2 1 14069 14068 14071 XOR
2 1 14079 14071 14081 XOR
2 1 13807 13815 13816 AND
2 1 13817 13818 13819 AND
2 1 13816 13819 14065 AND
2 1 14081 14065 14083 XOR
2 1 14091 14083 14093 XOR
2 1 14094 14093 14096 XOR
2 1 14104 14096 14106 XOR
2 1 13833 13841 13842 AND
2 1 13800 13843 13844 AND
2 1 13842 13844 13845 AND
2 1 14106 13845 14107 XOR
2 1 14115 14107 14117 XOR
2 1 14118 14117 14120 XOR
2 1 93 6482 14058 AND
2 1 95 6208 14057 AND
2 1 94 6205 14059 AND
2 1 14057 14059 14060 AND
2 1 14058 14060 14061 AND
2 1 2799 6211 14062 AND
2 1 14061 14062 14063 AND
2 1 14063 50 14064 XOR
2 1 14120 14064 14122 XOR
2 1 14123 14122 14125 XOR
2 1 14133 14125 14135 XOR
2 1 13872 13880 13881 AND
2 1 13799 13882 14055 AND
2 1 13881 14055 14056 AND
2 1 14135 14056 14137 XOR
2 1 99 5125 14048 AND
2 1 101 4891 14047 AND
2 1 100 4888 14049 AND
2 1 14047 14049 14050 AND
2 1 14048 14050 14051 AND
2 1 3830 4894 14052 AND
2 1 14051 14052 14053 AND
2 1 14053 44 14054 XOR
2 1 14137 14054 14139 XOR
2 1 13883 13891 13892 AND
2 1 13797 13893 13894 AND
2 1 13892 13894 14046 AND
2 1 14139 14046 14141 XOR
2 1 102 4489 14039 AND
2 1 104 4283 14038 AND
2 1 103 4280 14040 AND
2 1 14038 14040 14041 AND
2 1 14039 14041 14042 AND
2 1 4286 4414 14043 AND
2 1 14042 14043 14044 AND
2 1 14044 41 14045 XOR
2 1 14141 14045 14143 XOR
2 1 13895 13903 13904 AND
2 1 13796 13905 14036 AND
2 1 13904 14036 14037 AND
2 1 14143 14037 14145 XOR
2 1 105 3904 14029 AND
2 1 107 3717 14028 AND
2 1 106 3714 14030 AND
2 1 14028 14030 14031 AND
2 1 14029 14031 14032 AND
2 1 3720 4836 14033 AND
2 1 14032 14033 14034 AND
2 1 14034 38 14035 XOR
2 1 14145 14035 14147 XOR
2 1 14148 14147 14150 XOR
2 1 14158 14150 14160 XOR
2 1 14027 14160 14161 AND
2 1 14027 14160 14162 AND
2 1 14161 14162 14163 AND
2 1 13932 13940 13941 AND
2 1 13931 13942 13943 AND
2 1 13941 13943 14014 AND
2 1 114 2385 14007 AND
2 1 116 2245 14006 AND
2 1 115 2242 14008 AND
2 1 14006 14008 14009 AND
2 1 14007 14009 14010 AND
2 1 2248 7150 14011 AND
2 1 14010 14011 14012 AND
2 1 14012 29 14013 XOR
2 1 14014 14013 14016 XOR
2 1 14163 14016 14165 XOR
2 1 13791 13792 13793 AND
2 1 13794 13944 13945 AND
2 1 13793 13945 14003 AND
2 1 117 1974 13996 AND
2 1 119 1862 13995 AND
2 1 118 1859 13997 AND
2 1 13995 13997 13998 AND
2 1 13996 13998 13999 AND
2 1 1865 7925 14000 AND
2 1 13999 14000 14001 AND
2 1 14001 26 14002 XOR
2 1 14003 14002 14005 XOR
2 1 14165 14005 14167 XOR
2 1 120 1606 13986 AND
2 1 122 1491 13985 AND
2 1 121 1488 13987 AND
2 1 13985 13987 13988 AND
2 1 13986 13988 13989 AND
2 1 1494 8473 13990 AND
2 1 13989 13990 13991 AND
2 1 13991 23 13992 XOR
2 1 13780 13781 13782 AND
2 1 13782 13947 13984 AND
2 1 13992 13984 13994 XOR
2 1 14167 13994 14169 XOR
2 1 13772 13949 13950 AND
2 1 13763 13771 13980 AND
2 1 13950 13980 13981 AND
2 1 123 1277 13973 AND
2 1 125 1166 13972 AND
2 1 124 1163 13974 AND
2 1 13972 13974 13975 AND
2 1 13973 13975 13976 AND
2 1 1169 9567 13977 AND
2 1 13976 13977 13978 AND
2 1 13978 20 13979 XOR
2 1 13981 13979 13983 XOR
2 1 14169 13983 14171 XOR
2 1 126 992 13964 AND
2 1 127 914 13965 AND
2 1 13964 13965 13966 AND
2 1 920 10165 13967 AND
2 1 13966 13967 13968 AND
2 1 13968 17 13969 XOR
2 1 13759 13760 13761 AND
2 1 13761 13952 13963 AND
2 1 13969 13963 13971 XOR
2 1 14171 13971 14173 XOR
2 1 14174 14173 14176 XOR
2 1 14177 14176 14182 XOR
2 1 14013 14014 14015 AND
2 1 14016 14163 14164 AND
2 1 14015 14164 14220 AND
2 1 118 1974 14213 AND
2 1 120 1862 14212 AND
2 1 119 1859 14214 AND
2 1 14212 14214 14215 AND
2 1 14213 14215 14216 AND
2 1 1865 7949 14217 AND
2 1 14216 14217 14218 AND
2 1 14218 26 14219 XOR
2 1 14220 14219 14222 XOR
2 1 14147 14148 14149 AND
2 1 14150 14158 14159 AND
2 1 14149 14159 14242 AND
2 1 112 2837 14235 AND
2 1 114 2674 14234 AND
2 1 113 2671 14236 AND
2 1 14234 14236 14237 AND
2 1 14235 14237 14238 AND
2 1 2677 6651 14239 AND
2 1 14238 14239 14240 AND
2 1 14240 32 14241 XOR
2 1 14242 14241 14244 XOR
2 1 109 3339 14368 AND
2 1 111 3162 14367 AND
2 1 110 3159 14369 AND
2 1 14367 14369 14370 AND
2 1 14368 14370 14371 AND
2 1 3165 5726 14372 AND
2 1 14371 14372 14373 AND
2 1 14373 35 14374 XOR
2 1 100 5125 14349 AND
2 1 102 4891 14348 AND
2 1 101 4888 14350 AND
2 1 14348 14350 14351 AND
2 1 14349 14351 14352 AND
2 1 3850 4894 14353 AND
2 1 14352 14353 14354 AND
2 1 14354 44 14355 XOR
2 1 14122 14123 14124 AND
2 1 14125 14133 14134 AND
2 1 14124 14134 14345 AND
2 1 97 5789 14336 AND
2 1 99 5532 14335 AND
2 1 98 5529 14337 AND
2 1 14335 14337 14338 AND
2 1 14336 14338 14339 AND
2 1 3473 5535 14340 AND
2 1 14339 14340 14341 AND
2 1 14341 47 14342 XOR
2 1 14117 14118 14119 AND
2 1 14064 14120 14121 AND
2 1 14119 14121 14332 AND
2 1 94 6482 14324 AND
2 1 96 6208 14323 AND
2 1 95 6205 14325 AND
2 1 14323 14325 14326 AND
2 1 14324 14326 14327 AND
2 1 2960 6211 14328 AND
2 1 14327 14328 14329 AND
2 1 14329 50 14330 XOR
2 1 14107 14115 14116 AND
2 1 13845 14106 14319 AND
2 1 14116 14319 14320 AND
2 1 91 7228 14310 AND
2 1 93 6933 14309 AND
2 1 92 6930 14311 AND
2 1 14309 14311 14312 AND
2 1 14310 14312 14313 AND
2 1 2497 6936 14314 AND
2 1 14313 14314 14315 AND
2 1 14315 53 14316 XOR
2 1 85 8808 14294 AND
2 1 87 8542 14293 AND
2 1 86 8539 14295 AND
2 1 14293 14295 14296 AND
2 1 14294 14296 14297 AND
2 1 1687 8545 14298 AND
2 1 14297 14298 14299 AND
2 1 14299 59 14300 XOR
2 1 14068 14069 14070 AND
2 1 14071 14079 14080 AND
2 1 14070 14080 14290 AND
2 1 80 10243 14282 AND
2 1 81 9940 14283 AND
2 1 14282 14283 14284 AND
2 1 14284 14068 14286 XOR
2 1 82 9637 14275 AND
2 1 84 9346 14274 AND
2 1 83 9343 14276 AND
2 1 14274 14276 14277 AND
2 1 14275 14277 14278 AND
2 1 1343 9349 14279 AND
2 1 14278 14279 14280 AND
2 1 14280 62 14281 XOR
2 1 14286 14281 14289 XOR
2 1 14290 14289 14292 XOR
2 1 14300 14292 14302 XOR
2 1 14065 14081 14082 AND
2 1 14083 14091 14092 AND
2 1 14082 14092 14273 AND
2 1 14302 14273 14304 XOR
2 1 88 8016 14266 AND
2 1 90 7735 14265 AND
2 1 89 7732 14267 AND
2 1 14265 14267 14268 AND
2 1 14266 14268 14269 AND
2 1 2065 7738 14270 AND
2 1 14269 14270 14271 AND
2 1 14271 56 14272 XOR
2 1 14304 14272 14306 XOR
2 1 14093 14094 14095 AND
2 1 14096 14104 14105 AND
2 1 14095 14105 14264 AND
2 1 14306 14264 14308 XOR
2 1 14316 14308 14318 XOR
2 1 14320 14318 14322 XOR
2 1 14330 14322 14331 XOR
2 1 14332 14331 14334 XOR
2 1 14342 14334 14344 XOR
2 1 14345 14344 14347 XOR
2 1 14355 14347 14356 XOR
2 1 14056 14135 14136 AND
2 1 14054 14137 14138 AND
2 1 14136 14138 14263 AND
2 1 14356 14263 14358 XOR
2 1 103 4489 14256 AND
2 1 105 4283 14255 AND
2 1 104 4280 14257 AND
2 1 14255 14257 14258 AND
2 1 14256 14258 14259 AND
2 1 4286 4617 14260 AND
2 1 14259 14260 14261 AND
2 1 14261 41 14262 XOR
2 1 14358 14262 14360 XOR
2 1 14046 14139 14140 AND
2 1 14045 14141 14142 AND
2 1 14140 14142 14254 AND
2 1 14360 14254 14362 XOR
2 1 106 3904 14247 AND
2 1 108 3717 14246 AND
2 1 107 3714 14248 AND
2 1 14246 14248 14249 AND
2 1 14247 14249 14250 AND
2 1 3720 5250 14251 AND
2 1 14250 14251 14252 AND
2 1 14252 38 14253 XOR
2 1 14362 14253 14364 XOR
2 1 14037 14143 14144 AND
2 1 14035 14145 14146 AND
2 1 14144 14146 14245 AND
2 1 14364 14245 14366 XOR
2 1 14374 14366 14376 XOR
2 1 14244 14376 14377 AND
2 1 14244 14376 14378 AND
2 1 14377 14378 14379 AND
2 1 14024 14025 14026 AND
2 1 14026 14161 14231 AND
2 1 115 2385 14224 AND
2 1 117 2245 14223 AND
2 1 116 2242 14225 AND
2 1 14223 14225 14226 AND
2 1 14224 14226 14227 AND
2 1 2248 7407 14228 AND
2 1 14227 14228 14229 AND
2 1 14229 29 14230 XOR
2 1 14231 14230 14233 XOR
2 1 14379 14233 14381 XOR
2 1 14222 14381 14382 AND
2 1 14222 14381 14383 AND
2 1 14382 14383 14384 AND
2 1 14002 14003 14004 AND
2 1 14005 14165 14166 AND
2 1 14004 14166 14209 AND
2 1 121 1606 14202 AND
2 1 123 1491 14201 AND
2 1 122 1488 14203 AND
2 1 14201 14203 14204 AND
2 1 14202 14204 14205 AND
2 1 1494 8999 14206 AND
2 1 14205 14206 14207 AND
2 1 14207 23 14208 XOR
2 1 14209 14208 14211 XOR
2 1 14384 14211 14386 XOR
2 1 13984 13992 13993 AND
2 1 13994 14167 14168 AND
2 1 13993 14168 14200 AND
2 1 14386 14200 14387 XOR
2 1 124 1277 14193 AND
2 1 126 1166 14192 AND
2 1 125 1163 14194 AND
2 1 14192 14194 14195 AND
2 1 14193 14195 14196 AND
2 1 1169 9851 14197 AND
2 1 14196 14197 14198 AND
2 1 14198 20 14199 XOR
2 1 14387 14199 14388 XOR
2 1 127 992 14186 AND
2 1 920 10162 14187 AND
2 1 14186 14187 14188 AND
2 1 14188 17 14189 XOR
2 1 13979 13981 13982 AND
2 1 13983 14169 14170 AND
2 1 13982 14170 14185 AND
2 1 14189 14185 14191 XOR
2 1 14388 14191 14390 XOR
2 1 13963 13969 13970 AND
2 1 13971 14171 14172 AND
2 1 13970 14172 14184 AND
2 1 14390 14184 14392 XOR
2 1 14173 14174 14175 AND
2 1 13958 13960 14178 AND
2 1 13956 13957 14179 AND
2 1 14176 14179 14180 AND
2 1 14178 14180 14181 AND
2 1 14175 14181 14183 AND
2 1 14392 14183 14394 XOR
2 1 14219 14220 14221 AND
2 1 14221 14382 14591 AND
2 1 119 1974 14584 AND
2 1 121 1862 14583 AND
2 1 120 1859 14585 AND
2 1 14583 14585 14586 AND
2 1 14584 14586 14587 AND
2 1 1865 8447 14588 AND
2 1 14587 14588 14589 AND
2 1 14589 26 14590 XOR
2 1 14591 14590 14593 XOR
2 1 14241 14242 14243 AND
2 1 14243 14377 14576 AND
2 1 113 2837 14569 AND
2 1 115 2674 14568 AND
2 1 114 2671 14570 AND
2 1 14568 14570 14571 AND
2 1 14569 14571 14572 AND
2 1 2677 6668 14573 AND
2 1 14572 14573 14574 AND
2 1 14574 32 14575 XOR
2 1 14576 14575 14578 XOR
2 1 14245 14364 14365 AND
2 1 14366 14374 14375 AND
2 1 14365 14375 14565 AND
2 1 110 3339 14556 AND
2 1 112 3162 14555 AND
2 1 111 3159 14557 AND
2 1 14555 14557 14558 AND
2 1 14556 14558 14559 AND
2 1 3165 5950 14560 AND
2 1 14559 14560 14561 AND
2 1 14561 35 14562 XOR
2 1 14254 14360 14361 AND
2 1 14253 14362 14363 AND
2 1 14361 14363 14552 AND
2 1 107 3904 14543 AND
2 1 109 3717 14542 AND
2 1 108 3714 14544 AND
2 1 14542 14544 14545 AND
2 1 14543 14545 14546 AND
2 1 3720 5468 14547 AND
2 1 14546 14547 14548 AND
2 1 14548 38 14549 XOR
2 1 104 4489 14531 AND
2 1 106 4283 14530 AND
2 1 105 4280 14532 AND
2 1 14530 14532 14533 AND
2 1 14531 14533 14534 AND
2 1 4286 4814 14535 AND
2 1 14534 14535 14536 AND
2 1 14536 41 14537 XOR
2 1 101 5125 14520 AND
2 1 103 4891 14519 AND
2 1 102 4888 14521 AND
2 1 14519 14521 14522 AND
2 1 14520 14522 14523 AND
2 1 4041 4894 14524 AND
2 1 14523 14524 14525 AND
2 1 14525 44 14526 XOR
2 1 98 5789 14508 AND
2 1 100 5532 14507 AND
2 1 99 5529 14509 AND
2 1 14507 14509 14510 AND
2 1 14508 14510 14511 AND
2 1 3635 5535 14512 AND
2 1 14511 14512 14513 AND
2 1 14513 47 14514 XOR
2 1 95 6482 14496 AND
2 1 97 6208 14495 AND
2 1 96 6205 14497 AND
2 1 14495 14497 14498 AND
2 1 14496 14498 14499 AND
2 1 3108 6211 14500 AND
2 1 14499 14500 14501 AND
2 1 14501 50 14502 XOR
2 1 14264 14306 14307 AND
2 1 14308 14316 14317 AND
2 1 14307 14317 14492 AND
2 1 92 7228 14483 AND
2 1 94 6933 14482 AND
2 1 93 6930 14484 AND
2 1 14482 14484 14485 AND
2 1 14483 14485 14486 AND
2 1 2632 6936 14487 AND
2 1 14486 14487 14488 AND
2 1 14488 53 14489 XOR
2 1 14273 14302 14303 AND
2 1 14272 14304 14305 AND
2 1 14303 14305 14479 AND
2 1 86 8808 14466 AND
2 1 88 8542 14465 AND
2 1 87 8539 14467 AND
2 1 14465 14467 14468 AND
2 1 14466 14468 14469 AND
2 1 1801 8545 14470 AND
2 1 14469 14470 14471 AND
2 1 14471 59 14472 XOR
2 1 81 10243 14454 AND
2 1 82 9940 14455 AND
2 1 14454 14455 14456 AND
2 1 14456 17 14458 XOR
2 1 14458 14284 14460 XOR
2 1 83 9637 14447 AND
2 1 85 9346 14446 AND
2 1 84 9343 14448 AND
2 1 14446 14448 14449 AND
2 1 14447 14449 14450 AND
2 1 1441 9349 14451 AND
2 1 14450 14451 14452 AND
2 1 14452 62 14453 XOR
2 1 14460 14453 14462 XOR
2 1 14068 14284 14285 AND
2 1 14281 14286 14287 AND
2 1 14285 14287 14288 AND
2 1 14462 14288 14464 XOR
2 1 14472 14464 14474 XOR
2 1 14289 14290 14291 AND
2 1 14292 14300 14301 AND
2 1 14291 14301 14445 AND
2 1 14474 14445 14476 XOR
2 1 89 8016 14438 AND
2 1 91 7735 14437 AND
2 1 90 7732 14439 AND
2 1 14437 14439 14440 AND
2 1 14438 14440 14441 AND
2 1 2200 7738 14442 AND
2 1 14441 14442 14443 AND
2 1 14443 56 14444 XOR
2 1 14476 14444 14478 XOR
2 1 14479 14478 14481 XOR
2 1 14489 14481 14491 XOR
2 1 14492 14491 14494 XOR
2 1 14502 14494 14505 XOR
2 1 14318 14320 14321 AND
2 1 14322 14330 14503 AND
2 1 14321 14503 14504 AND
2 1 14505 14504 14506 XOR
2 1 14514 14506 14516 XOR
2 1 14331 14332 14333 AND
2 1 14334 14342 14343 AND
2 1 14333 14343 14436 AND
2 1 14516 14436 14518 XOR
2 1 14526 14518 14528 XOR
2 1 14344 14345 14346 AND
2 1 14347 14355 14434 AND
2 1 14346 14434 14435 AND
2 1 14528 14435 14529 XOR
2 1 14537 14529 14539 XOR
2 1 14263 14356 14357 AND
2 1 14262 14358 14359 AND
2 1 14357 14359 14433 AND
2 1 14539 14433 14541 XOR
2 1 14549 14541 14551 XOR
2 1 14552 14551 14554 XOR
2 1 14562 14554 14564 XOR
2 1 14565 14564 14567 XOR
2 1 14578 14567 14580 XOR
2 1 14230 14231 14232 AND
2 1 14233 14379 14380 AND
2 1 14232 14380 14430 AND
2 1 116 2385 14423 AND
2 1 118 2245 14422 AND
2 1 117 2242 14424 AND
2 1 14422 14424 14425 AND
2 1 14423 14425 14426 AND
2 1 2248 7428 14427 AND
2 1 14426 14427 14428 AND
2 1 14428 29 14429 XOR
2 1 14430 14429 14432 XOR
2 1 14580 14432 14582 XOR
2 1 14593 14582 14595 XOR
2 1 14208 14209 14210 AND
2 1 14211 14384 14385 AND
2 1 14210 14385 14419 AND
2 1 122 1606 14412 AND
2 1 124 1491 14411 AND
2 1 123 1488 14413 AND
2 1 14411 14413 14414 AND
2 1 14412 14414 14415 AND
2 1 1494 9030 14416 AND
2 1 14415 14416 14417 AND
2 1 14417 23 14418 XOR
2 1 14419 14418 14421 XOR
2 1 14595 14421 14597 XOR
2 1 125 1277 14402 AND
2 1 127 1166 14401 AND
2 1 126 1163 14403 AND
2 1 14401 14403 14404 AND
2 1 14402 14404 14405 AND
2 1 1169 10136 14406 AND
2 1 14405 14406 14407 AND
2 1 14407 20 14408 XOR
2 1 14200 14386 14397 AND
2 1 14200 14386 14398 AND
2 1 14199 14398 14399 AND
2 1 14397 14399 14400 AND
2 1 14408 14400 14410 XOR
2 1 14597 14410 14598 XOR
2 1 14185 14189 14190 AND
2 1 14191 14388 14389 AND
2 1 14190 14389 14396 AND
2 1 14598 14396 14600 XOR
2 1 14184 14390 14391 AND
2 1 14183 14392 14393 AND
2 1 14391 14393 14395 AND
2 1 14600 14395 14605 XOR
2 1 14418 14419 14420 AND
2 1 14421 14595 14596 AND
2 1 14420 14596 14797 AND
2 1 111 3339 14780 AND
2 1 113 3162 14779 AND
2 1 112 3159 14781 AND
2 1 14779 14781 14782 AND
2 1 14780 14782 14783 AND
2 1 3165 6412 14784 AND
2 1 14783 14784 14785 AND
2 1 14785 35 14786 XOR
2 1 14541 14549 14550 AND
2 1 14551 14552 14553 AND
2 1 14550 14553 14776 AND
2 1 108 3904 14767 AND
2 1 110 3717 14766 AND
2 1 109 3714 14768 AND
2 1 14766 14768 14769 AND
2 1 14767 14769 14770 AND
2 1 3720 5705 14771 AND
2 1 14770 14771 14772 AND
2 1 14772 38 14773 XOR
2 1 14529 14537 14538 AND
2 1 14433 14539 14540 AND
2 1 14538 14540 14763 AND
2 1 99 5789 14746 AND
2 1 101 5532 14745 AND
2 1 100 5529 14747 AND
2 1 14745 14747 14748 AND
2 1 14746 14748 14749 AND
2 1 3830 5535 14750 AND
2 1 14749 14750 14751 AND
2 1 14751 47 14752 XOR
2 1 14494 14502 14739 AND
2 1 14494 14502 14740 AND
2 1 14504 14740 14741 AND
2 1 14739 14741 14742 AND
2 1 96 6482 14730 AND
2 1 98 6208 14729 AND
2 1 97 6205 14731 AND
2 1 14729 14731 14732 AND
2 1 14730 14732 14733 AND
2 1 3291 6211 14734 AND
2 1 14733 14734 14735 AND
2 1 14735 50 14736 XOR
2 1 14481 14489 14490 AND
2 1 14491 14492 14493 AND
2 1 14490 14493 14726 AND
2 1 14444 14476 14477 AND
2 1 14478 14479 14480 AND
2 1 14477 14480 14721 AND
2 1 90 8016 14712 AND
2 1 92 7735 14711 AND
2 1 91 7732 14713 AND
2 1 14711 14713 14714 AND
2 1 14712 14714 14715 AND
2 1 2346 7738 14716 AND
2 1 14715 14716 14717 AND
2 1 14717 56 14718 XOR
2 1 14453 14460 14461 AND
2 1 14288 14462 14463 AND
2 1 14461 14463 14705 AND
2 1 84 9637 14696 AND
2 1 86 9346 14695 AND
2 1 85 9343 14697 AND
2 1 14695 14697 14698 AND
2 1 14696 14698 14699 AND
2 1 1567 9349 14700 AND
2 1 14699 14700 14701 AND
2 1 14701 62 14702 XOR
2 1 17 14456 14457 AND
2 1 14284 14458 14459 AND
2 1 14457 14459 14692 AND
2 1 82 10243 14689 AND
2 1 83 9940 14690 AND
2 1 14689 14690 14691 AND
2 1 14692 14691 14694 XOR
2 1 14702 14694 14704 XOR
2 1 14705 14704 14707 XOR
2 1 87 8808 14682 AND
2 1 89 8542 14681 AND
2 1 88 8539 14683 AND
2 1 14681 14683 14684 AND
2 1 14682 14684 14685 AND
2 1 1824 8545 14686 AND
2 1 14685 14686 14687 AND
2 1 14687 59 14688 XOR
2 1 14707 14688 14709 XOR
2 1 14464 14472 14473 AND
2 1 14445 14474 14475 AND
2 1 14473 14475 14680 AND
2 1 14709 14680 14710 XOR
2 1 14718 14710 14720 XOR
2 1 14721 14720 14723 XOR
2 1 93 7228 14673 AND
2 1 95 6933 14672 AND
2 1 94 6930 14674 AND
2 1 14672 14674 14675 AND
2 1 14673 14675 14676 AND
2 1 2799 6936 14677 AND
2 1 14676 14677 14678 AND
2 1 14678 53 14679 XOR
2 1 14723 14679 14725 XOR
2 1 14726 14725 14728 XOR
2 1 14736 14728 14738 XOR
2 1 14742 14738 14744 XOR
2 1 14752 14744 14754 XOR
2 1 14506 14514 14515 AND
2 1 14436 14516 14517 AND
2 1 14515 14517 14671 AND
2 1 14754 14671 14756 XOR
2 1 102 5125 14664 AND
2 1 104 4891 14663 AND
2 1 103 4888 14665 AND
2 1 14663 14665 14666 AND
2 1 14664 14666 14667 AND
2 1 4414 4894 14668 AND
2 1 14667 14668 14669 AND
2 1 14669 44 14670 XOR
2 1 14756 14670 14758 XOR
2 1 14518 14526 14527 AND
2 1 14435 14528 14661 AND
2 1 14527 14661 14662 AND
2 1 14758 14662 14760 XOR
2 1 105 4489 14654 AND
2 1 107 4283 14653 AND
2 1 106 4280 14655 AND
2 1 14653 14655 14656 AND
2 1 14654 14656 14657 AND
2 1 4286 4836 14658 AND
2 1 14657 14658 14659 AND
2 1 14659 41 14660 XOR
2 1 14760 14660 14762 XOR
2 1 14763 14762 14765 XOR
2 1 14773 14765 14775 XOR
2 1 14776 14775 14778 XOR
2 1 14786 14778 14788 XOR
2 1 14554 14562 14563 AND
2 1 14564 14565 14566 AND
2 1 14563 14566 14650 AND
2 1 114 2837 14643 AND
2 1 116 2674 14642 AND
2 1 115 2671 14644 AND
2 1 14642 14644 14645 AND
2 1 14643 14645 14646 AND
2 1 2677 7150 14647 AND
2 1 14646 14647 14648 AND
2 1 14648 32 14649 XOR
2 1 14650 14649 14652 XOR
2 1 14788 14652 14790 XOR
2 1 14575 14576 14577 AND
2 1 14567 14578 14579 AND
2 1 14577 14579 14639 AND
2 1 117 2385 14632 AND
2 1 119 2245 14631 AND
2 1 118 2242 14633 AND
2 1 14631 14633 14634 AND
2 1 14632 14634 14635 AND
2 1 2248 7925 14636 AND
2 1 14635 14636 14637 AND
2 1 14637 29 14638 XOR
2 1 14639 14638 14641 XOR
2 1 14790 14641 14792 XOR
2 1 14429 14430 14431 AND
2 1 14432 14580 14581 AND
2 1 14431 14581 14628 AND
2 1 120 1974 14621 AND
2 1 122 1862 14620 AND
2 1 121 1859 14622 AND
2 1 14620 14622 14623 AND
2 1 14621 14623 14624 AND
2 1 1865 8473 14625 AND
2 1 14624 14625 14626 AND
2 1 14626 26 14627 XOR
2 1 14628 14627 14630 XOR
2 1 14792 14630 14794 XOR
2 1 14590 14591 14592 AND
2 1 14582 14593 14594 AND
2 1 14592 14594 14617 AND
2 1 123 1606 14610 AND
2 1 125 1491 14609 AND
2 1 124 1488 14611 AND
2 1 14609 14611 14612 AND
2 1 14610 14612 14613 AND
2 1 1494 9567 14614 AND
2 1 14613 14614 14615 AND
2 1 14615 23 14616 XOR
2 1 14617 14616 14619 XOR
2 1 14794 14619 14796 XOR
2 1 14797 14796 14804 XOR
2 1 126 1277 14798 AND
2 1 127 1163 14799 AND
2 1 14798 14799 14800 AND
2 1 1169 10165 14801 AND
2 1 14800 14801 14802 AND
2 1 14802 20 14803 XOR
2 1 14804 14803 14805 XOR
2 1 14400 14408 14409 AND
2 1 14410 14597 14607 AND
2 1 14409 14607 14608 AND
2 1 14805 14608 14806 XOR
2 1 14396 14598 14599 AND
2 1 14184 14390 14601 AND
2 1 14600 14601 14602 AND
2 1 14183 14391 14603 AND
2 1 14602 14603 14604 AND
2 1 14599 14604 14606 AND
2 1 14806 14606 14807 XOR
2 1 14608 14805 15005 AND
2 1 112 3339 14982 AND
2 1 114 3162 14981 AND
2 1 113 3159 14983 AND
2 1 14981 14983 14984 AND
2 1 14982 14984 14985 AND
2 1 3165 6651 14986 AND
2 1 14985 14986 14987 AND
2 1 14987 35 14988 XOR
2 1 14762 14763 14764 AND
2 1 14765 14773 14774 AND
2 1 14764 14774 14978 AND
2 1 109 3904 14969 AND
2 1 111 3717 14968 AND
2 1 110 3714 14970 AND
2 1 14968 14970 14971 AND
2 1 14969 14971 14972 AND
2 1 3720 5726 14973 AND
2 1 14972 14973 14974 AND
2 1 14974 38 14975 XOR
2 1 94 7228 14942 AND
2 1 96 6933 14941 AND
2 1 95 6930 14943 AND
2 1 14941 14943 14944 AND
2 1 14942 14944 14945 AND
2 1 2960 6936 14946 AND
2 1 14945 14946 14947 AND
2 1 14947 53 14948 XOR
2 1 14710 14718 14719 AND
2 1 14680 14709 14937 AND
2 1 14719 14937 14938 AND
2 1 91 8016 14928 AND
2 1 93 7735 14927 AND
2 1 92 7732 14929 AND
2 1 14927 14929 14930 AND
2 1 14928 14930 14931 AND
2 1 2497 7738 14932 AND
2 1 14931 14932 14933 AND
2 1 14933 56 14934 XOR
2 1 85 9637 14912 AND
2 1 87 9346 14911 AND
2 1 86 9343 14913 AND
2 1 14911 14913 14914 AND
2 1 14912 14914 14915 AND
2 1 1687 9349 14916 AND
2 1 14915 14916 14917 AND
2 1 14917 62 14918 XOR
2 1 83 10243 14906 AND
2 1 84 9940 14907 AND
2 1 14906 14907 14908 AND
2 1 14908 14691 14910 XOR
2 1 14918 14910 14920 XOR
2 1 14691 14692 14693 AND
2 1 14694 14702 14703 AND
2 1 14693 14703 14905 AND
2 1 14920 14905 14922 XOR
2 1 88 8808 14898 AND
2 1 90 8542 14897 AND
2 1 89 8539 14899 AND
2 1 14897 14899 14900 AND
2 1 14898 14900 14901 AND
2 1 2065 8545 14902 AND
2 1 14901 14902 14903 AND
2 1 14903 59 14904 XOR
2 1 14922 14904 14924 XOR
2 1 14704 14705 14706 AND
2 1 14688 14707 14708 AND
2 1 14706 14708 14896 AND
2 1 14924 14896 14926 XOR
2 1 14934 14926 14936 XOR
2 1 14938 14936 14940 XOR
2 1 14948 14940 14949 XOR
2 1 14720 14721 14722 AND
2 1 14679 14723 14724 AND
2 1 14722 14724 14895 AND
2 1 14949 14895 14951 XOR
2 1 97 6482 14888 AND
2 1 99 6208 14887 AND
2 1 98 6205 14889 AND
2 1 14887 14889 14890 AND
2 1 14888 14890 14891 AND
2 1 3473 6211 14892 AND
2 1 14891 14892 14893 AND
2 1 14893 50 14894 XOR
2 1 14951 14894 14953 XOR
2 1 14725 14726 14727 AND
2 1 14728 14736 14737 AND
2 1 14727 14737 14886 AND
2 1 14953 14886 14955 XOR
2 1 100 5789 14879 AND
2 1 102 5532 14878 AND
2 1 101 5529 14880 AND
2 1 14878 14880 14881 AND
2 1 14879 14881 14882 AND
2 1 3850 5535 14883 AND
2 1 14882 14883 14884 AND
2 1 14884 47 14885 XOR
2 1 14955 14885 14957 XOR
2 1 14738 14742 14743 AND
2 1 14744 14752 14753 AND
2 1 14743 14753 14877 AND
2 1 14957 14877 14959 XOR
2 1 103 5125 14870 AND
2 1 105 4891 14869 AND
2 1 104 4888 14871 AND
2 1 14869 14871 14872 AND
2 1 14870 14872 14873 AND
2 1 4617 4894 14874 AND
2 1 14873 14874 14875 AND
2 1 14875 44 14876 XOR
2 1 14959 14876 14961 XOR
2 1 14671 14754 14755 AND
2 1 14670 14756 14757 AND
2 1 14755 14757 14868 AND
2 1 14961 14868 14963 XOR
2 1 106 4489 14861 AND
2 1 108 4283 14860 AND
2 1 107 4280 14862 AND
2 1 14860 14862 14863 AND
2 1 14861 14863 14864 AND
2 1 4286 5250 14865 AND
2 1 14864 14865 14866 AND
2 1 14866 41 14867 XOR
2 1 14963 14867 14965 XOR
2 1 14662 14758 14759 AND
2 1 14660 14760 14761 AND
2 1 14759 14761 14859 AND
2 1 14965 14859 14967 XOR
2 1 14975 14967 14977 XOR
2 1 14978 14977 14980 XOR
2 1 14988 14980 14990 XOR
2 1 14775 14776 14777 AND
2 1 14778 14786 14787 AND
2 1 14777 14787 14856 AND
2 1 115 2837 14849 AND
2 1 117 2674 14848 AND
2 1 116 2671 14850 AND
2 1 14848 14850 14851 AND
2 1 14849 14851 14852 AND
2 1 2677 7407 14853 AND
2 1 14852 14853 14854 AND
2 1 14854 32 14855 XOR
2 1 14856 14855 14858 XOR
2 1 14990 14858 14992 XOR
2 1 14649 14650 14651 AND
2 1 14652 14788 14789 AND
2 1 14651 14789 14847 AND
2 1 14992 14847 14993 XOR
2 1 118 2385 14840 AND
2 1 120 2245 14839 AND
2 1 119 2242 14841 AND
2 1 14839 14841 14842 AND
2 1 14840 14842 14843 AND
2 1 2248 7949 14844 AND
2 1 14843 14844 14845 AND
2 1 14845 29 14846 XOR
2 1 14993 14846 14994 XOR
2 1 14638 14639 14640 AND
2 1 14641 14790 14791 AND
2 1 14640 14791 14836 AND
2 1 121 1974 14829 AND
2 1 123 1862 14828 AND
2 1 122 1859 14830 AND
2 1 14828 14830 14831 AND
2 1 14829 14831 14832 AND
2 1 1865 8999 14833 AND
2 1 14832 14833 14834 AND
2 1 14834 26 14835 XOR
2 1 14836 14835 14838 XOR
2 1 14994 14838 14996 XOR
2 1 14627 14628 14629 AND
2 1 14630 14792 14793 AND
2 1 14629 14793 14827 AND
2 1 14996 14827 14997 XOR
2 1 124 1606 14820 AND
2 1 126 1491 14819 AND
2 1 125 1488 14821 AND
2 1 14819 14821 14822 AND
2 1 14820 14822 14823 AND
2 1 1494 9851 14824 AND
2 1 14823 14824 14825 AND
2 1 14825 23 14826 XOR
2 1 14997 14826 14998 XOR
2 1 127 1277 14813 AND
2 1 1169 10162 14814 AND
2 1 14813 14814 14815 AND
2 1 14815 20 14816 XOR
2 1 14616 14617 14618 AND
2 1 14619 14794 14795 AND
2 1 14618 14795 14812 AND
2 1 14816 14812 14818 XOR
2 1 14998 14818 15000 XOR
2 1 14796 14797 14808 AND
2 1 14796 14797 14809 AND
2 1 14803 14809 14810 AND
2 1 14808 14810 14811 AND
2 1 15000 14811 15002 XOR
2 1 15005 15002 15009 XOR
2 1 14606 14806 15008 AND
2 1 15009 15008 15010 XOR
2 1 14811 15000 15001 AND
2 1 14608 14805 15003 AND
2 1 15002 15003 15004 AND
2 1 14606 15005 15006 AND
2 1 15004 15006 15007 AND
2 1 15001 15007 15210 AND
2 1 14812 14816 14817 AND
2 1 14818 14998 14999 AND
2 1 14817 14999 15207 AND
2 1 14835 14836 14837 AND
2 1 14838 14994 14995 AND
2 1 14837 14995 15033 AND
2 1 122 1974 15026 AND
2 1 124 1862 15025 AND
2 1 123 1859 15027 AND
2 1 15025 15027 15028 AND
2 1 15026 15028 15029 AND
2 1 1865 9030 15030 AND
2 1 15029 15030 15031 AND
2 1 15031 26 15032 XOR
2 1 15033 15032 15035 XOR
2 1 14855 14856 14857 AND
2 1 14858 14990 14991 AND
2 1 14857 14991 15057 AND
2 1 116 2837 15050 AND
2 1 118 2674 15049 AND
2 1 117 2671 15051 AND
2 1 15049 15051 15052 AND
2 1 15050 15052 15053 AND
2 1 2677 7428 15054 AND
2 1 15053 15054 15055 AND
2 1 15055 32 15056 XOR
2 1 15057 15056 15059 XOR
2 1 113 3339 15185 AND
2 1 115 3162 15184 AND
2 1 114 3159 15186 AND
2 1 15184 15186 15187 AND
2 1 15185 15187 15188 AND
2 1 3165 6668 15189 AND
2 1 15188 15189 15190 AND
2 1 15190 35 15191 XOR
2 1 14859 14965 14966 AND
2 1 14967 14975 14976 AND
2 1 14966 14976 15181 AND
2 1 110 3904 15172 AND
2 1 112 3717 15171 AND
2 1 111 3714 15173 AND
2 1 15171 15173 15174 AND
2 1 15172 15174 15175 AND
2 1 3720 5950 15176 AND
2 1 15175 15176 15177 AND
2 1 15177 38 15178 XOR
2 1 14868 14961 14962 AND
2 1 14867 14963 14964 AND
2 1 14962 14964 15168 AND
2 1 107 4489 15159 AND
2 1 109 4283 15158 AND
2 1 108 4280 15160 AND
2 1 15158 15160 15161 AND
2 1 15159 15161 15162 AND
2 1 4286 5468 15163 AND
2 1 15162 15163 15164 AND
2 1 15164 41 15165 XOR
2 1 14877 14957 14958 AND
2 1 14876 14959 14960 AND
2 1 14958 14960 15155 AND
2 1 104 5125 15146 AND
2 1 106 4891 15145 AND
2 1 105 4888 15147 AND
2 1 15145 15147 15148 AND
2 1 15146 15148 15149 AND
2 1 4814 4894 15150 AND
2 1 15149 15150 15151 AND
2 1 15151 44 15152 XOR
2 1 14886 14953 14954 AND
2 1 14885 14955 14956 AND
2 1 14954 14956 15142 AND
2 1 101 5789 15133 AND
2 1 103 5532 15132 AND
2 1 102 5529 15134 AND
2 1 15132 15134 15135 AND
2 1 15133 15135 15136 AND
2 1 4041 5535 15137 AND
2 1 15136 15137 15138 AND
2 1 15138 47 15139 XOR
2 1 98 6482 15121 AND
2 1 100 6208 15120 AND
2 1 99 6205 15122 AND
2 1 15120 15122 15123 AND
2 1 15121 15123 15124 AND
2 1 3635 6211 15125 AND
2 1 15124 15125 15126 AND
2 1 15126 50 15127 XOR
2 1 95 7228 15109 AND
2 1 97 6933 15108 AND
2 1 96 6930 15110 AND
2 1 15108 15110 15111 AND
2 1 15109 15111 15112 AND
2 1 3108 6936 15113 AND
2 1 15112 15113 15114 AND
2 1 15114 53 15115 XOR
2 1 14896 14924 14925 AND
2 1 14926 14934 14935 AND
2 1 14925 14935 15105 AND
2 1 92 8016 15096 AND
2 1 94 7735 15095 AND
2 1 93 7732 15097 AND
2 1 15095 15097 15098 AND
2 1 15096 15098 15099 AND
2 1 2632 7738 15100 AND
2 1 15099 15100 15101 AND
2 1 15101 56 15102 XOR
2 1 14905 14920 14921 AND
2 1 14904 14922 14923 AND
2 1 14921 14923 15092 AND
2 1 89 8808 15083 AND
2 1 91 8542 15082 AND
2 1 90 8539 15084 AND
2 1 15082 15084 15085 AND
2 1 15083 15085 15086 AND
2 1 2200 8545 15087 AND
2 1 15086 15087 15088 AND
2 1 15088 59 15089 XOR
2 1 14691 14908 14909 AND
2 1 14910 14918 14919 AND
2 1 14909 14919 15079 AND
2 1 86 9637 15070 AND
2 1 88 9346 15069 AND
2 1 87 9343 15071 AND
2 1 15069 15071 15072 AND
2 1 15070 15072 15073 AND
2 1 1801 9349 15074 AND
2 1 15073 15074 15075 AND
2 1 15075 62 15076 XOR
2 1 84 10243 15062 AND
2 1 85 9940 15063 AND
2 1 15062 15063 15064 AND
2 1 15064 20 15066 XOR
2 1 15066 14908 15068 XOR
2 1 15076 15068 15078 XOR
2 1 15079 15078 15081 XOR
2 1 15089 15081 15091 XOR
2 1 15092 15091 15094 XOR
2 1 15102 15094 15104 XOR
2 1 15105 15104 15107 XOR
2 1 15115 15107 15118 XOR
2 1 14936 14938 14939 AND
2 1 14940 14948 15116 AND
2 1 14939 15116 15117 AND
2 1 15118 15117 15119 XOR
2 1 15127 15119 15129 XOR
2 1 14895 14949 14950 AND
2 1 14894 14951 14952 AND
2 1 14950 14952 15061 AND
2 1 15129 15061 15131 XOR
2 1 15139 15131 15141 XOR
2 1 15142 15141 15144 XOR
2 1 15152 15144 15154 XOR
2 1 15155 15154 15157 XOR
2 1 15165 15157 15167 XOR
2 1 15168 15167 15170 XOR
2 1 15178 15170 15180 XOR
2 1 15181 15180 15183 XOR
2 1 15191 15183 15193 XOR
2 1 14977 14978 14979 AND
2 1 14980 14988 14989 AND
2 1 14979 14989 15060 AND
2 1 15193 15060 15196 XOR
2 1 15059 15196 15197 AND
2 1 15059 15196 15198 AND
2 1 15197 15198 15199 AND
2 1 119 2385 15041 AND
2 1 121 2245 15040 AND
2 1 120 2242 15042 AND
2 1 15040 15042 15043 AND
2 1 15041 15043 15044 AND
2 1 2248 8447 15045 AND
2 1 15044 15045 15046 AND
2 1 15046 29 15047 XOR
2 1 14847 14992 15036 AND
2 1 14847 14992 15037 AND
2 1 14846 15037 15038 AND
2 1 15036 15038 15039 AND
2 1 15047 15039 15048 XOR
2 1 15199 15048 15201 XOR
2 1 15035 15201 15202 AND
2 1 15035 15201 15203 AND
2 1 15202 15203 15204 AND
2 1 125 1606 15016 AND
2 1 127 1491 15015 AND
2 1 126 1488 15017 AND
2 1 15015 15017 15018 AND
2 1 15016 15018 15019 AND
2 1 1494 10136 15020 AND
2 1 15019 15020 15021 AND
2 1 15021 23 15022 XOR
2 1 14827 14996 15011 AND
2 1 14827 14996 15012 AND
2 1 14826 15012 15013 AND
2 1 15011 15013 15014 AND
2 1 15022 15014 15024 XOR
2 1 15204 15024 15206 XOR
2 1 15207 15206 15209 XOR
2 1 15210 15209 15212 XOR
2 1 15206 15207 15208 AND
2 1 15209 15210 15211 AND
2 1 15208 15211 15401 AND
2 1 15014 15022 15023 AND
2 1 15024 15204 15205 AND
2 1 15023 15205 15398 AND
2 1 114 3339 15381 AND
2 1 116 3162 15380 AND
2 1 115 3159 15382 AND
2 1 15380 15382 15383 AND
2 1 15381 15383 15384 AND
2 1 3165 7150 15385 AND
2 1 15384 15385 15386 AND
2 1 15386 35 15387 XOR
2 1 15170 15178 15179 AND
2 1 15180 15181 15182 AND
2 1 15179 15182 15377 AND
2 1 111 3904 15368 AND
2 1 113 3717 15367 AND
2 1 112 3714 15369 AND
2 1 15367 15369 15370 AND
2 1 15368 15370 15371 AND
2 1 3720 6412 15372 AND
2 1 15371 15372 15373 AND
2 1 15373 38 15374 XOR
2 1 15157 15165 15166 AND
2 1 15167 15168 15169 AND
2 1 15166 15169 15364 AND
2 1 108 4489 15355 AND
2 1 110 4283 15354 AND
2 1 109 4280 15356 AND
2 1 15354 15356 15357 AND
2 1 15355 15357 15358 AND
2 1 4286 5705 15359 AND
2 1 15358 15359 15360 AND
2 1 15360 41 15361 XOR
2 1 15144 15152 15153 AND
2 1 15154 15155 15156 AND
2 1 15153 15156 15351 AND
2 1 99 6482 15334 AND
2 1 101 6208 15333 AND
2 1 100 6205 15335 AND
2 1 15333 15335 15336 AND
2 1 15334 15336 15337 AND
2 1 3830 6211 15338 AND
2 1 15337 15338 15339 AND
2 1 15339 50 15340 XOR
2 1 15107 15115 15327 AND
2 1 15107 15115 15328 AND
2 1 15117 15328 15329 AND
2 1 15327 15329 15330 AND
2 1 96 7228 15318 AND
2 1 98 6933 15317 AND
2 1 97 6930 15319 AND
2 1 15317 15319 15320 AND
2 1 15318 15320 15321 AND
2 1 3291 6936 15322 AND
2 1 15321 15322 15323 AND
2 1 15323 53 15324 XOR
2 1 15094 15102 15103 AND
2 1 15104 15105 15106 AND
2 1 15103 15106 15314 AND
2 1 93 8016 15305 AND
2 1 95 7735 15304 AND
2 1 94 7732 15306 AND
2 1 15304 15306 15307 AND
2 1 15305 15307 15308 AND
2 1 2799 7738 15309 AND
2 1 15308 15309 15310 AND
2 1 15310 56 15311 XOR
2 1 87 9637 15289 AND
2 1 89 9346 15288 AND
2 1 88 9343 15290 AND
2 1 15288 15290 15291 AND
2 1 15289 15291 15292 AND
2 1 1824 9349 15293 AND
2 1 15292 15293 15294 AND
2 1 15294 62 15295 XOR
2 1 20 15064 15065 AND
2 1 14908 15066 15067 AND
2 1 15065 15067 15285 AND
2 1 85 10243 15282 AND
2 1 86 9940 15283 AND
2 1 15282 15283 15284 AND
2 1 15285 15284 15287 XOR
2 1 15295 15287 15297 XOR
2 1 15068 15076 15077 AND
2 1 15078 15079 15080 AND
2 1 15077 15080 15281 AND
2 1 15297 15281 15299 XOR
2 1 90 8808 15274 AND
2 1 92 8542 15273 AND
2 1 91 8539 15275 AND
2 1 15273 15275 15276 AND
2 1 15274 15276 15277 AND
2 1 2346 8545 15278 AND
2 1 15277 15278 15279 AND
2 1 15279 59 15280 XOR
2 1 15299 15280 15301 XOR
2 1 15081 15089 15090 AND
2 1 15091 15092 15093 AND
2 1 15090 15093 15272 AND
2 1 15301 15272 15303 XOR
2 1 15311 15303 15313 XOR
2 1 15314 15313 15316 XOR
2 1 15324 15316 15326 XOR
2 1 15330 15326 15332 XOR
2 1 15340 15332 15342 XOR
2 1 15119 15127 15128 AND
2 1 15061 15129 15130 AND
2 1 15128 15130 15271 AND
2 1 15342 15271 15344 XOR
2 1 102 5789 15264 AND
2 1 104 5532 15263 AND
2 1 103 5529 15265 AND
2 1 15263 15265 15266 AND
2 1 15264 15266 15267 AND
2 1 4414 5535 15268 AND
2 1 15267 15268 15269 AND
2 1 15269 47 15270 XOR
2 1 15344 15270 15346 XOR
2 1 15131 15139 15140 AND
2 1 15141 15142 15143 AND
2 1 15140 15143 15262 AND
2 1 15346 15262 15348 XOR
2 1 105 5125 15255 AND
2 1 107 4891 15254 AND
2 1 106 4888 15256 AND
2 1 15254 15256 15257 AND
2 1 15255 15257 15258 AND
2 1 4836 4894 15259 AND
2 1 15258 15259 15260 AND
2 1 15260 44 15261 XOR
2 1 15348 15261 15350 XOR
2 1 15351 15350 15353 XOR
2 1 15361 15353 15363 XOR
2 1 15364 15363 15366 XOR
2 1 15374 15366 15376 XOR
2 1 15377 15376 15379 XOR
2 1 15387 15379 15389 XOR
2 1 117 2837 15246 AND
2 1 119 2674 15245 AND
2 1 118 2671 15247 AND
2 1 15245 15247 15248 AND
2 1 15246 15248 15249 AND
2 1 2677 7925 15250 AND
2 1 15249 15250 15251 AND
2 1 15251 32 15252 XOR
2 1 15183 15191 15192 AND
2 1 15060 15193 15194 AND
2 1 15192 15194 15195 AND
2 1 15252 15195 15253 XOR
2 1 15389 15253 15391 XOR
2 1 120 2385 15236 AND
2 1 122 2245 15235 AND
2 1 121 2242 15237 AND
2 1 15235 15237 15238 AND
2 1 15236 15238 15239 AND
2 1 2248 8473 15240 AND
2 1 15239 15240 15241 AND
2 1 15241 29 15242 XOR
2 1 15056 15057 15058 AND
2 1 15058 15197 15234 AND
2 1 15242 15234 15244 XOR
2 1 15391 15244 15393 XOR
2 1 15048 15199 15200 AND
2 1 15039 15047 15230 AND
2 1 15200 15230 15231 AND
2 1 123 1974 15223 AND
2 1 125 1862 15222 AND
2 1 124 1859 15224 AND
2 1 15222 15224 15225 AND
2 1 15223 15225 15226 AND
2 1 1865 9567 15227 AND
2 1 15226 15227 15228 AND
2 1 15228 26 15229 XOR
2 1 15231 15229 15233 XOR
2 1 15393 15233 15395 XOR
2 1 126 1606 15214 AND
2 1 127 1488 15215 AND
2 1 15214 15215 15216 AND
2 1 1494 10165 15217 AND
2 1 15216 15217 15218 AND
2 1 15218 23 15219 XOR
2 1 15032 15033 15034 AND
2 1 15034 15202 15213 AND
2 1 15219 15213 15221 XOR
2 1 15395 15221 15397 XOR
2 1 15398 15397 15400 XOR
2 1 15401 15400 15406 XOR
2 1 112 3904 15566 AND
2 1 114 3717 15565 AND
2 1 113 3714 15567 AND
2 1 15565 15567 15568 AND
2 1 15566 15568 15569 AND
2 1 3720 6651 15570 AND
2 1 15569 15570 15571 AND
2 1 15571 38 15572 XOR
2 1 15350 15351 15352 AND
2 1 15353 15361 15362 AND
2 1 15352 15362 15562 AND
2 1 109 4489 15553 AND
2 1 111 4283 15552 AND
2 1 110 4280 15554 AND
2 1 15552 15554 15555 AND
2 1 15553 15555 15556 AND
2 1 4286 5726 15557 AND
2 1 15556 15557 15558 AND
2 1 15558 41 15559 XOR
2 1 103 5789 15538 AND
2 1 105 5532 15537 AND
2 1 104 5529 15539 AND
2 1 15537 15539 15540 AND
2 1 15538 15540 15541 AND
2 1 4617 5535 15542 AND
2 1 15541 15542 15543 AND
2 1 15543 47 15544 XOR
2 1 15326 15330 15331 AND
2 1 15332 15340 15341 AND
2 1 15331 15341 15534 AND
2 1 100 6482 15525 AND
2 1 102 6208 15524 AND
2 1 101 6205 15526 AND
2 1 15524 15526 15527 AND
2 1 15525 15527 15528 AND
2 1 3850 6211 15529 AND
2 1 15528 15529 15530 AND
2 1 15530 50 15531 XOR
2 1 94 8016 15509 AND
2 1 96 7735 15508 AND
2 1 95 7732 15510 AND
2 1 15508 15510 15511 AND
2 1 15509 15511 15512 AND
2 1 2960 7738 15513 AND
2 1 15512 15513 15514 AND
2 1 15514 56 15515 XOR
2 1 15281 15297 15298 AND
2 1 15280 15299 15300 AND
2 1 15298 15300 15505 AND
2 1 91 8808 15496 AND
2 1 93 8542 15495 AND
2 1 92 8539 15497 AND
2 1 15495 15497 15498 AND
2 1 15496 15498 15499 AND
2 1 2497 8545 15500 AND
2 1 15499 15500 15501 AND
2 1 15501 59 15502 XOR
2 1 88 9637 15484 AND
2 1 90 9346 15483 AND
2 1 89 9343 15485 AND
2 1 15483 15485 15486 AND
2 1 15484 15486 15487 AND
2 1 2065 9349 15488 AND
2 1 15487 15488 15489 AND
2 1 15489 62 15490 XOR
2 1 86 10243 15478 AND
2 1 87 9940 15479 AND
2 1 15478 15479 15480 AND
2 1 15480 15284 15482 XOR
2 1 15490 15482 15492 XOR
2 1 15284 15285 15286 AND
2 1 15287 15295 15296 AND
2 1 15286 15296 15477 AND
2 1 15492 15477 15494 XOR
2 1 15502 15494 15504 XOR
2 1 15505 15504 15507 XOR
2 1 15515 15507 15517 XOR
2 1 15272 15301 15302 AND
2 1 15303 15311 15312 AND
2 1 15302 15312 15476 AND
2 1 15517 15476 15519 XOR
2 1 97 7228 15469 AND
2 1 99 6933 15468 AND
2 1 98 6930 15470 AND
2 1 15468 15470 15471 AND
2 1 15469 15471 15472 AND
2 1 3473 6936 15473 AND
2 1 15472 15473 15474 AND
2 1 15474 53 15475 XOR
2 1 15519 15475 15521 XOR
2 1 15313 15314 15315 AND
2 1 15316 15324 15325 AND
2 1 15315 15325 15467 AND
2 1 15521 15467 15523 XOR
2 1 15531 15523 15533 XOR
2 1 15534 15533 15536 XOR
2 1 15544 15536 15545 XOR
2 1 15271 15342 15343 AND
2 1 15270 15344 15345 AND
2 1 15343 15345 15466 AND
2 1 15545 15466 15547 XOR
2 1 106 5125 15459 AND
2 1 108 4891 15458 AND
2 1 107 4888 15460 AND
2 1 15458 15460 15461 AND
2 1 15459 15461 15462 AND
2 1 4894 5250 15463 AND
2 1 15462 15463 15464 AND
2 1 15464 44 15465 XOR
2 1 15547 15465 15549 XOR
2 1 15262 15346 15347 AND
2 1 15261 15348 15349 AND
2 1 15347 15349 15457 AND
2 1 15549 15457 15551 XOR
2 1 15559 15551 15561 XOR
2 1 15562 15561 15564 XOR
2 1 15572 15564 15574 XOR
2 1 15363 15364 15365 AND
2 1 15366 15374 15375 AND
2 1 15365 15375 15456 AND
2 1 15574 15456 15576 XOR
2 1 115 3339 15449 AND
2 1 117 3162 15448 AND
2 1 116 3159 15450 AND
2 1 15448 15450 15451 AND
2 1 15449 15451 15452 AND
2 1 3165 7407 15453 AND
2 1 15452 15453 15454 AND
2 1 15454 35 15455 XOR
2 1 15576 15455 15578 XOR
2 1 15376 15377 15378 AND
2 1 15379 15387 15388 AND
2 1 15378 15388 15445 AND
2 1 118 2837 15438 AND
2 1 120 2674 15437 AND
2 1 119 2671 15439 AND
2 1 15437 15439 15440 AND
2 1 15438 15440 15441 AND
2 1 2677 7949 15442 AND
2 1 15441 15442 15443 AND
2 1 15443 32 15444 XOR
2 1 15445 15444 15447 XOR
2 1 15578 15447 15580 XOR
2 1 15253 15389 15390 AND
2 1 15195 15252 15435 AND
2 1 15390 15435 15436 AND
2 1 15580 15436 15581 XOR
2 1 121 2385 15428 AND
2 1 123 2245 15427 AND
2 1 122 2242 15429 AND
2 1 15427 15429 15430 AND
2 1 15428 15430 15431 AND
2 1 2248 8999 15432 AND
2 1 15431 15432 15433 AND
2 1 15433 29 15434 XOR
2 1 15581 15434 15582 XOR
2 1 15234 15242 15243 AND
2 1 15244 15391 15392 AND
2 1 15243 15392 15424 AND
2 1 124 1974 15417 AND
2 1 126 1862 15416 AND
2 1 125 1859 15418 AND
2 1 15416 15418 15419 AND
2 1 15417 15419 15420 AND
2 1 1865 9851 15421 AND
2 1 15420 15421 15422 AND
2 1 15422 26 15423 XOR
2 1 15424 15423 15426 XOR
2 1 15582 15426 15584 XOR
2 1 127 1606 15410 AND
2 1 1494 10162 15411 AND
2 1 15410 15411 15412 AND
2 1 15412 23 15413 XOR
2 1 15229 15231 15232 AND
2 1 15233 15393 15394 AND
2 1 15232 15394 15409 AND
2 1 15413 15409 15415 XOR
2 1 15584 15415 15585 XOR
2 1 15213 15219 15220 AND
2 1 15221 15395 15396 AND
2 1 15220 15396 15408 AND
2 1 15585 15408 15587 XOR
2 1 15397 15398 15399 AND
2 1 15208 15210 15402 AND
2 1 15206 15207 15403 AND
2 1 15400 15403 15404 AND
2 1 15402 15404 15405 AND
2 1 15399 15405 15407 AND
2 1 15587 15407 15589 XOR
2 1 15444 15445 15446 AND
2 1 15447 15578 15579 AND
2 1 15446 15579 15625 AND
2 1 119 2837 15618 AND
2 1 121 2674 15617 AND
2 1 120 2671 15619 AND
2 1 15617 15619 15620 AND
2 1 15618 15620 15621 AND
2 1 2677 8447 15622 AND
2 1 15621 15622 15623 AND
2 1 15623 32 15624 XOR
2 1 15625 15624 15627 XOR
2 1 116 3339 15754 AND
2 1 118 3162 15753 AND
2 1 117 3159 15755 AND
2 1 15753 15755 15756 AND
2 1 15754 15756 15757 AND
2 1 3165 7428 15758 AND
2 1 15757 15758 15759 AND
2 1 15759 35 15760 XOR
2 1 113 3904 15741 AND
2 1 115 3717 15740 AND
2 1 114 3714 15742 AND
2 1 15740 15742 15743 AND
2 1 15741 15743 15744 AND
2 1 3720 6668 15745 AND
2 1 15744 15745 15746 AND
2 1 15746 38 15747 XOR
2 1 15457 15549 15550 AND
2 1 15551 15559 15560 AND
2 1 15550 15560 15737 AND
2 1 110 4489 15728 AND
2 1 112 4283 15727 AND
2 1 111 4280 15729 AND
2 1 15727 15729 15730 AND
2 1 15728 15730 15731 AND
2 1 4286 5950 15732 AND
2 1 15731 15732 15733 AND
2 1 15733 41 15734 XOR
2 1 107 5125 15716 AND
2 1 109 4891 15715 AND
2 1 108 4888 15717 AND
2 1 15715 15717 15718 AND
2 1 15716 15718 15719 AND
2 1 4894 5468 15720 AND
2 1 15719 15720 15721 AND
2 1 15721 44 15722 XOR
2 1 104 5789 15705 AND
2 1 106 5532 15704 AND
2 1 105 5529 15706 AND
2 1 15704 15706 15707 AND
2 1 15705 15707 15708 AND
2 1 4814 5535 15709 AND
2 1 15708 15709 15710 AND
2 1 15710 47 15711 XOR
2 1 15467 15521 15522 AND
2 1 15523 15531 15532 AND
2 1 15522 15532 15701 AND
2 1 101 6482 15692 AND
2 1 103 6208 15691 AND
2 1 102 6205 15693 AND
2 1 15691 15693 15694 AND
2 1 15692 15694 15695 AND
2 1 4041 6211 15696 AND
2 1 15695 15696 15697 AND
2 1 15697 50 15698 XOR
2 1 15476 15517 15518 AND
2 1 15475 15519 15520 AND
2 1 15518 15520 15688 AND
2 1 15504 15505 15506 AND
2 1 15507 15515 15516 AND
2 1 15506 15516 15681 AND
2 1 95 8016 15674 AND
2 1 97 7735 15673 AND
2 1 96 7732 15675 AND
2 1 15673 15675 15676 AND
2 1 15674 15676 15677 AND
2 1 3108 7738 15678 AND
2 1 15677 15678 15679 AND
2 1 15679 56 15680 XOR
2 1 15681 15680 15683 XOR
2 1 92 8808 15662 AND
2 1 94 8542 15661 AND
2 1 93 8539 15663 AND
2 1 15661 15663 15664 AND
2 1 15662 15664 15665 AND
2 1 2632 8545 15666 AND
2 1 15665 15666 15667 AND
2 1 15667 59 15668 XOR
2 1 89 9637 15651 AND
2 1 91 9346 15650 AND
2 1 90 9343 15652 AND
2 1 15650 15652 15653 AND
2 1 15651 15653 15654 AND
2 1 2200 9349 15655 AND
2 1 15654 15655 15656 AND
2 1 15656 62 15657 XOR
2 1 87 10243 15643 AND
2 1 88 9940 15644 AND
2 1 15643 15644 15645 AND
2 1 15645 23 15647 XOR
2 1 15647 15480 15649 XOR
2 1 15657 15649 15659 XOR
2 1 15284 15480 15481 AND
2 1 15482 15490 15491 AND
2 1 15481 15491 15642 AND
2 1 15659 15642 15660 XOR
2 1 15668 15660 15670 XOR
2 1 15477 15492 15493 AND
2 1 15494 15502 15503 AND
2 1 15493 15503 15641 AND
2 1 15670 15641 15672 XOR
2 1 15683 15672 15685 XOR
2 1 98 7228 15634 AND
2 1 100 6933 15633 AND
2 1 99 6930 15635 AND
2 1 15633 15635 15636 AND
2 1 15634 15636 15637 AND
2 1 3635 6936 15638 AND
2 1 15637 15638 15639 AND
2 1 15639 53 15640 XOR
2 1 15685 15640 15687 XOR
2 1 15688 15687 15690 XOR
2 1 15698 15690 15700 XOR
2 1 15701 15700 15703 XOR
2 1 15711 15703 15713 XOR
2 1 15533 15534 15535 AND
2 1 15536 15544 15631 AND
2 1 15535 15631 15632 AND
2 1 15713 15632 15714 XOR
2 1 15722 15714 15724 XOR
2 1 15466 15545 15546 AND
2 1 15465 15547 15548 AND
2 1 15546 15548 15630 AND
2 1 15724 15630 15726 XOR
2 1 15734 15726 15736 XOR
2 1 15737 15736 15739 XOR
2 1 15747 15739 15749 XOR
2 1 15561 15562 15563 AND
2 1 15564 15572 15573 AND
2 1 15563 15573 15629 AND
2 1 15749 15629 15752 XOR
2 1 15760 15752 15762 XOR
2 1 15456 15574 15575 AND
2 1 15455 15576 15577 AND
2 1 15575 15577 15628 AND
2 1 15762 15628 15764 XOR
2 1 15627 15764 15765 AND
2 1 15627 15764 15766 AND
2 1 15765 15766 15767 AND
2 1 122 2385 15609 AND
2 1 124 2245 15608 AND
2 1 123 2242 15610 AND
2 1 15608 15610 15611 AND
2 1 15609 15611 15612 AND
2 1 2248 9030 15613 AND
2 1 15612 15613 15614 AND
2 1 15614 29 15615 XOR
2 1 15436 15580 15604 AND
2 1 15436 15580 15605 AND
2 1 15434 15605 15606 AND
2 1 15604 15606 15607 AND
2 1 15615 15607 15616 XOR
2 1 15767 15616 15769 XOR
2 1 125 1974 15595 AND
2 1 127 1862 15594 AND
2 1 126 1859 15596 AND
2 1 15594 15596 15597 AND
2 1 15595 15597 15598 AND
2 1 1865 10136 15599 AND
2 1 15598 15599 15600 AND
2 1 15600 26 15601 XOR
2 1 15423 15424 15425 AND
2 1 15426 15582 15583 AND
2 1 15425 15583 15593 AND
2 1 15601 15593 15603 XOR
2 1 15769 15603 15770 XOR
2 1 15409 15413 15414 AND
2 1 15415 15584 15591 AND
2 1 15414 15591 15592 AND
2 1 15770 15592 15772 XOR
2 1 15408 15585 15586 AND
2 1 15407 15587 15588 AND
2 1 15586 15588 15590 AND
2 1 15772 15590 15777 XOR
2 1 15616 15767 15768 AND
2 1 15607 15615 15938 AND
2 1 15768 15938 15939 AND
2 1 117 3339 15925 AND
2 1 119 3162 15924 AND
2 1 118 3159 15926 AND
2 1 15924 15926 15927 AND
2 1 15925 15927 15928 AND
2 1 3165 7925 15929 AND
2 1 15928 15929 15930 AND
2 1 15930 35 15931 XOR
2 1 114 3904 15914 AND
2 1 116 3717 15913 AND
2 1 115 3714 15915 AND
2 1 15913 15915 15916 AND
2 1 15914 15916 15917 AND
2 1 3720 7150 15918 AND
2 1 15917 15918 15919 AND
2 1 15919 38 15920 XOR
2 1 15726 15734 15735 AND
2 1 15736 15737 15738 AND
2 1 15735 15738 15910 AND
2 1 111 4489 15901 AND
2 1 113 4283 15900 AND
2 1 112 4280 15902 AND
2 1 15900 15902 15903 AND
2 1 15901 15903 15904 AND
2 1 4286 6412 15905 AND
2 1 15904 15905 15906 AND
2 1 15906 41 15907 XOR
2 1 15714 15722 15723 AND
2 1 15630 15724 15725 AND
2 1 15723 15725 15897 AND
2 1 108 5125 15888 AND
2 1 110 4891 15887 AND
2 1 109 4888 15889 AND
2 1 15887 15889 15890 AND
2 1 15888 15890 15891 AND
2 1 4894 5705 15892 AND
2 1 15891 15892 15893 AND
2 1 15893 44 15894 XOR
2 1 15703 15711 15712 AND
2 1 15632 15713 15883 AND
2 1 15712 15883 15884 AND
2 1 99 7228 15866 AND
2 1 101 6933 15865 AND
2 1 100 6930 15867 AND
2 1 15865 15867 15868 AND
2 1 15866 15868 15869 AND
2 1 3830 6936 15870 AND
2 1 15869 15870 15871 AND
2 1 15871 53 15872 XOR
2 1 15680 15681 15682 AND
2 1 15672 15683 15684 AND
2 1 15682 15684 15862 AND
2 1 96 8016 15853 AND
2 1 98 7735 15852 AND
2 1 97 7732 15854 AND
2 1 15852 15854 15855 AND
2 1 15853 15855 15856 AND
2 1 3291 7738 15857 AND
2 1 15856 15857 15858 AND
2 1 15858 56 15859 XOR
2 1 15660 15668 15669 AND
2 1 15641 15670 15671 AND
2 1 15669 15671 15849 AND
2 1 93 8808 15840 AND
2 1 95 8542 15839 AND
2 1 94 8539 15841 AND
2 1 15839 15841 15842 AND
2 1 15840 15842 15843 AND
2 1 2799 8545 15844 AND
2 1 15843 15844 15845 AND
2 1 15845 59 15846 XOR
2 1 90 9637 15828 AND
2 1 92 9346 15827 AND
2 1 91 9343 15829 AND
2 1 15827 15829 15830 AND
2 1 15828 15830 15831 AND
2 1 2346 9349 15832 AND
2 1 15831 15832 15833 AND
2 1 15833 62 15834 XOR
2 1 23 15645 15646 AND
2 1 15480 15647 15648 AND
2 1 15646 15648 15824 AND
2 1 88 10243 15821 AND
2 1 89 9940 15822 AND
2 1 15821 15822 15823 AND
2 1 15824 15823 15826 XOR
2 1 15834 15826 15836 XOR
2 1 15649 15657 15658 AND
2 1 15642 15659 15819 AND
2 1 15658 15819 15820 AND
2 1 15836 15820 15838 XOR
2 1 15846 15838 15848 XOR
2 1 15849 15848 15851 XOR
2 1 15859 15851 15861 XOR
2 1 15862 15861 15864 XOR
2 1 15872 15864 15874 XOR
2 1 15640 15685 15686 AND
2 1 15687 15688 15689 AND
2 1 15686 15689 15818 AND
2 1 15874 15818 15876 XOR
2 1 102 6482 15811 AND
2 1 104 6208 15810 AND
2 1 103 6205 15812 AND
2 1 15810 15812 15813 AND
2 1 15811 15813 15814 AND
2 1 4414 6211 15815 AND
2 1 15814 15815 15816 AND
2 1 15816 50 15817 XOR
2 1 15876 15817 15878 XOR
2 1 15690 15698 15699 AND
2 1 15700 15701 15702 AND
2 1 15699 15702 15809 AND
2 1 15878 15809 15880 XOR
2 1 105 5789 15802 AND
2 1 107 5532 15801 AND
2 1 106 5529 15803 AND
2 1 15801 15803 15804 AND
2 1 15802 15804 15805 AND
2 1 4836 5535 15806 AND
2 1 15805 15806 15807 AND
2 1 15807 47 15808 XOR
2 1 15880 15808 15882 XOR
2 1 15884 15882 15886 XOR
2 1 15894 15886 15896 XOR
2 1 15897 15896 15899 XOR
2 1 15907 15899 15909 XOR
2 1 15910 15909 15912 XOR
2 1 15920 15912 15922 XOR
2 1 15739 15747 15748 AND
2 1 15629 15749 15750 AND
2 1 15748 15750 15751 AND
2 1 15922 15751 15923 XOR
2 1 15931 15923 15933 XOR
2 1 15752 15760 15761 AND
2 1 15628 15762 15763 AND
2 1 15761 15763 15792 AND
2 1 15933 15792 15934 XOR
2 1 120 2837 15794 AND
2 1 122 2674 15793 AND
2 1 121 2671 15795 AND
2 1 15793 15795 15796 AND
2 1 15794 15796 15797 AND
2 1 2677 8473 15798 AND
2 1 15797 15798 15799 AND
2 1 15799 32 15800 XOR
2 1 15934 15800 15935 XOR
2 1 15624 15625 15626 AND
2 1 15626 15765 15789 AND
2 1 123 2385 15782 AND
2 1 125 2245 15781 AND
2 1 124 2242 15783 AND
2 1 15781 15783 15784 AND
2 1 15782 15784 15785 AND
2 1 2248 9567 15786 AND
2 1 15785 15786 15787 AND
2 1 15787 29 15788 XOR
2 1 15789 15788 15791 XOR
2 1 15935 15791 15937 XOR
2 1 15939 15937 15946 XOR
2 1 126 1974 15940 AND
2 1 127 1859 15941 AND
2 1 15940 15941 15942 AND
2 1 1865 10165 15943 AND
2 1 15942 15943 15944 AND
2 1 15944 26 15945 XOR
2 1 15946 15945 15947 XOR
2 1 15593 15601 15602 AND
2 1 15603 15769 15779 AND
2 1 15602 15779 15780 AND
2 1 15947 15780 15948 XOR
2 1 15592 15770 15771 AND
2 1 15408 15585 15773 AND
2 1 15772 15773 15774 AND
2 1 15407 15586 15775 AND
2 1 15774 15775 15776 AND
2 1 15771 15776 15778 AND
2 1 15948 15778 15949 XOR
2 1 15780 15947 16126 AND
2 1 112 4489 16099 AND
2 1 114 4283 16098 AND
2 1 113 4280 16100 AND
2 1 16098 16100 16101 AND
2 1 16099 16101 16102 AND
2 1 4286 6651 16103 AND
2 1 16102 16103 16104 AND
2 1 16104 41 16105 XOR
2 1 15882 15884 15885 AND
2 1 15886 15894 15895 AND
2 1 15885 15895 16095 AND
2 1 109 5125 16086 AND
2 1 111 4891 16085 AND
2 1 110 4888 16087 AND
2 1 16085 16087 16088 AND
2 1 16086 16088 16089 AND
2 1 4894 5726 16090 AND
2 1 16089 16090 16091 AND
2 1 16091 44 16092 XOR
2 1 103 6482 16071 AND
2 1 105 6208 16070 AND
2 1 104 6205 16072 AND
2 1 16070 16072 16073 AND
2 1 16071 16073 16074 AND
2 1 4617 6211 16075 AND
2 1 16074 16075 16076 AND
2 1 16076 50 16077 XOR
2 1 15861 15862 15863 AND
2 1 15864 15872 15873 AND
2 1 15863 15873 16067 AND
2 1 100 7228 16058 AND
2 1 102 6933 16057 AND
2 1 101 6930 16059 AND
2 1 16057 16059 16060 AND
2 1 16058 16060 16061 AND
2 1 3850 6936 16062 AND
2 1 16061 16062 16063 AND
2 1 16063 53 16064 XOR
2 1 91 9637 16038 AND
2 1 93 9346 16037 AND
2 1 92 9343 16039 AND
2 1 16037 16039 16040 AND
2 1 16038 16040 16041 AND
2 1 2497 9349 16042 AND
2 1 16041 16042 16043 AND
2 1 16043 62 16044 XOR
2 1 89 10243 16032 AND
2 1 90 9940 16033 AND
2 1 16032 16033 16034 AND
2 1 16034 15823 16036 XOR
2 1 16044 16036 16046 XOR
2 1 15823 15824 15825 AND
2 1 15826 15834 15835 AND
2 1 15825 15835 16031 AND
2 1 16046 16031 16048 XOR
2 1 94 8808 16024 AND
2 1 96 8542 16023 AND
2 1 95 8539 16025 AND
2 1 16023 16025 16026 AND
2 1 16024 16026 16027 AND
2 1 2960 8545 16028 AND
2 1 16027 16028 16029 AND
2 1 16029 59 16030 XOR
2 1 16048 16030 16050 XOR
2 1 15820 15836 15837 AND
2 1 15838 15846 15847 AND
2 1 15837 15847 16022 AND
2 1 16050 16022 16052 XOR
2 1 97 8016 16015 AND
2 1 99 7735 16014 AND
2 1 98 7732 16016 AND
2 1 16014 16016 16017 AND
2 1 16015 16017 16018 AND
2 1 3473 7738 16019 AND
2 1 16018 16019 16020 AND
2 1 16020 56 16021 XOR
2 1 16052 16021 16054 XOR
2 1 15848 15849 15850 AND
2 1 15851 15859 15860 AND
2 1 15850 15860 16013 AND
2 1 16054 16013 16056 XOR
2 1 16064 16056 16066 XOR
2 1 16067 16066 16069 XOR
2 1 16077 16069 16078 XOR
2 1 15818 15874 15875 AND
2 1 15817 15876 15877 AND
2 1 15875 15877 16012 AND
2 1 16078 16012 16080 XOR
2 1 106 5789 16005 AND
2 1 108 5532 16004 AND
2 1 107 5529 16006 AND
2 1 16004 16006 16007 AND
2 1 16005 16007 16008 AND
2 1 5250 5535 16009 AND
2 1 16008 16009 16010 AND
2 1 16010 47 16011 XOR
2 1 16080 16011 16082 XOR
2 1 15809 15878 15879 AND
2 1 15808 15880 15881 AND
2 1 15879 15881 16003 AND
2 1 16082 16003 16084 XOR
2 1 16092 16084 16094 XOR
2 1 16095 16094 16097 XOR
2 1 16105 16097 16107 XOR
2 1 15896 15897 15898 AND
2 1 15899 15907 15908 AND
2 1 15898 15908 16002 AND
2 1 16107 16002 16109 XOR
2 1 115 3904 15995 AND
2 1 117 3717 15994 AND
2 1 116 3714 15996 AND
2 1 15994 15996 15997 AND
2 1 15995 15997 15998 AND
2 1 3720 7407 15999 AND
2 1 15998 15999 16000 AND
2 1 16000 38 16001 XOR
2 1 16109 16001 16111 XOR
2 1 15909 15910 15911 AND
2 1 15912 15920 15921 AND
2 1 15911 15921 15993 AND
2 1 16111 15993 16113 XOR
2 1 118 3339 15986 AND
2 1 120 3162 15985 AND
2 1 119 3159 15987 AND
2 1 15985 15987 15988 AND
2 1 15986 15988 15989 AND
2 1 3165 7949 15990 AND
2 1 15989 15990 15991 AND
2 1 15991 35 15992 XOR
2 1 16113 15992 16115 XOR
2 1 15923 15931 15932 AND
2 1 15751 15922 15981 AND
2 1 15932 15981 15982 AND
2 1 121 2837 15974 AND
2 1 123 2674 15973 AND
2 1 122 2671 15975 AND
2 1 15973 15975 15976 AND
2 1 15974 15976 15977 AND
2 1 2677 8999 15978 AND
2 1 15977 15978 15979 AND
2 1 15979 32 15980 XOR
2 1 15982 15980 15984 XOR
2 1 16115 15984 16117 XOR
2 1 15792 15933 15969 AND
2 1 15792 15933 15970 AND
2 1 15800 15970 15971 AND
2 1 15969 15971 15972 AND
2 1 16117 15972 16118 XOR
2 1 124 2385 15962 AND
2 1 126 2245 15961 AND
2 1 125 2242 15963 AND
2 1 15961 15963 15964 AND
2 1 15962 15964 15965 AND
2 1 2248 9851 15966 AND
2 1 15965 15966 15967 AND
2 1 15967 29 15968 XOR
2 1 16118 15968 16119 XOR
2 1 127 1974 15955 AND
2 1 1865 10162 15956 AND
2 1 15955 15956 15957 AND
2 1 15957 26 15958 XOR
2 1 15788 15789 15790 AND
2 1 15791 15935 15936 AND
2 1 15790 15936 15954 AND
2 1 15958 15954 15960 XOR
2 1 16119 15960 16121 XOR
2 1 15937 15939 15950 AND
2 1 15937 15939 15951 AND
2 1 15945 15951 15952 AND
2 1 15950 15952 15953 AND
2 1 16121 15953 16123 XOR
2 1 16126 16123 16130 XOR
2 1 15778 15948 16129 AND
2 1 16130 16129 16131 XOR
2 1 15953 16121 16122 AND
2 1 15780 15947 16124 AND
2 1 16123 16124 16125 AND
2 1 15778 16126 16127 AND
2 1 16125 16127 16128 AND
2 1 16122 16128 16301 AND
2 1 15980 15982 15983 AND
2 1 15984 16115 16116 AND
2 1 15983 16116 16293 AND
2 1 122 2837 16286 AND
2 1 124 2674 16285 AND
2 1 123 2671 16287 AND
2 1 16285 16287 16288 AND
2 1 16286 16288 16289 AND
2 1 2677 9030 16290 AND
2 1 16289 16290 16291 AND
2 1 16291 32 16292 XOR
2 1 16293 16292 16295 XOR
2 1 15993 16111 16112 AND
2 1 15992 16113 16114 AND
2 1 16112 16114 16282 AND
2 1 116 3904 16269 AND
2 1 118 3717 16268 AND
2 1 117 3714 16270 AND
2 1 16268 16270 16271 AND
2 1 16269 16271 16272 AND
2 1 3720 7428 16273 AND
2 1 16272 16273 16274 AND
2 1 16274 38 16275 XOR
2 1 113 4489 16256 AND
2 1 115 4283 16255 AND
2 1 114 4280 16257 AND
2 1 16255 16257 16258 AND
2 1 16256 16258 16259 AND
2 1 4286 6668 16260 AND
2 1 16259 16260 16261 AND
2 1 16261 41 16262 XOR
2 1 16003 16082 16083 AND
2 1 16084 16092 16093 AND
2 1 16083 16093 16252 AND
2 1 110 5125 16243 AND
2 1 112 4891 16242 AND
2 1 111 4888 16244 AND
2 1 16242 16244 16245 AND
2 1 16243 16245 16246 AND
2 1 4894 5950 16247 AND
2 1 16246 16247 16248 AND
2 1 16248 44 16249 XOR
2 1 107 5789 16231 AND
2 1 109 5532 16230 AND
2 1 108 5529 16232 AND
2 1 16230 16232 16233 AND
2 1 16231 16233 16234 AND
2 1 5468 5535 16235 AND
2 1 16234 16235 16236 AND
2 1 16236 47 16237 XOR
2 1 104 6482 16220 AND
2 1 106 6208 16219 AND
2 1 105 6205 16221 AND
2 1 16219 16221 16222 AND
2 1 16220 16222 16223 AND
2 1 4814 6211 16224 AND
2 1 16223 16224 16225 AND
2 1 16225 50 16226 XOR
2 1 16013 16054 16055 AND
2 1 16056 16064 16065 AND
2 1 16055 16065 16216 AND
2 1 101 7228 16207 AND
2 1 103 6933 16206 AND
2 1 102 6930 16208 AND
2 1 16206 16208 16209 AND
2 1 16207 16209 16210 AND
2 1 4041 6936 16211 AND
2 1 16210 16211 16212 AND
2 1 16212 53 16213 XOR
2 1 16022 16050 16051 AND
2 1 16021 16052 16053 AND
2 1 16051 16053 16203 AND
2 1 98 8016 16194 AND
2 1 100 7735 16193 AND
2 1 99 7732 16195 AND
2 1 16193 16195 16196 AND
2 1 16194 16196 16197 AND
2 1 3635 7738 16198 AND
2 1 16197 16198 16199 AND
2 1 16199 56 16200 XOR
2 1 92 9637 16182 AND
2 1 94 9346 16181 AND
2 1 93 9343 16183 AND
2 1 16181 16183 16184 AND
2 1 16182 16184 16185 AND
2 1 2632 9349 16186 AND
2 1 16185 16186 16187 AND
2 1 16187 62 16188 XOR
2 1 90 10243 16172 AND
2 1 91 9940 16173 AND
2 1 16172 16173 16174 AND
2 1 16174 26 16176 XOR
2 1 16176 16034 16178 XOR
2 1 15823 16034 16035 AND
2 1 16036 16044 16045 AND
2 1 16035 16045 16171 AND
2 1 16178 16171 16180 XOR
2 1 16188 16180 16190 XOR
2 1 16031 16046 16047 AND
2 1 16030 16048 16049 AND
2 1 16047 16049 16168 AND
2 1 95 8808 16161 AND
2 1 97 8542 16160 AND
2 1 96 8539 16162 AND
2 1 16160 16162 16163 AND
2 1 16161 16163 16164 AND
2 1 3108 8545 16165 AND
2 1 16164 16165 16166 AND
2 1 16166 59 16167 XOR
2 1 16168 16167 16170 XOR
2 1 16190 16170 16192 XOR
2 1 16200 16192 16202 XOR
2 1 16203 16202 16205 XOR
2 1 16213 16205 16215 XOR
2 1 16216 16215 16218 XOR
2 1 16226 16218 16228 XOR
2 1 16066 16067 16068 AND
2 1 16069 16077 16158 AND
2 1 16068 16158 16159 AND
2 1 16228 16159 16229 XOR
2 1 16237 16229 16239 XOR
2 1 16012 16078 16079 AND
2 1 16011 16080 16081 AND
2 1 16079 16081 16157 AND
2 1 16239 16157 16241 XOR
2 1 16249 16241 16251 XOR
2 1 16252 16251 16254 XOR
2 1 16262 16254 16264 XOR
2 1 16094 16095 16096 AND
2 1 16097 16105 16106 AND
2 1 16096 16106 16156 AND
2 1 16264 16156 16267 XOR
2 1 16275 16267 16277 XOR
2 1 16002 16107 16108 AND
2 1 16001 16109 16110 AND
2 1 16108 16110 16155 AND
2 1 16277 16155 16279 XOR
2 1 119 3339 16148 AND
2 1 121 3162 16147 AND
2 1 120 3159 16149 AND
2 1 16147 16149 16150 AND
2 1 16148 16150 16151 AND
2 1 3165 8447 16152 AND
2 1 16151 16152 16153 AND
2 1 16153 35 16154 XOR
2 1 16279 16154 16281 XOR
2 1 16282 16281 16284 XOR
2 1 16295 16284 16296 XOR
2 1 125 2385 16138 AND
2 1 127 2245 16137 AND
2 1 126 2242 16139 AND
2 1 16137 16139 16140 AND
2 1 16138 16140 16141 AND
2 1 2248 10136 16142 AND
2 1 16141 16142 16143 AND
2 1 16143 29 16144 XOR
2 1 15972 16117 16133 AND
2 1 15972 16117 16134 AND
2 1 15968 16134 16135 AND
2 1 16133 16135 16136 AND
2 1 16144 16136 16146 XOR
2 1 16296 16146 16298 XOR
2 1 15954 15958 15959 AND
2 1 15960 16119 16120 AND
2 1 15959 16120 16132 AND
2 1 16298 16132 16300 XOR
2 1 16301 16300 16303 XOR
2 1 16132 16298 16299 AND
2 1 16300 16301 16302 AND
2 1 16299 16302 16463 AND
2 1 16136 16144 16145 AND
2 1 16146 16296 16297 AND
2 1 16145 16297 16460 AND
2 1 117 3904 16443 AND
2 1 119 3717 16442 AND
2 1 118 3714 16444 AND
2 1 16442 16444 16445 AND
2 1 16443 16445 16446 AND
2 1 3720 7925 16447 AND
2 1 16446 16447 16448 AND
2 1 16448 38 16449 XOR
2 1 114 4489 16432 AND
2 1 116 4283 16431 AND
2 1 115 4280 16433 AND
2 1 16431 16433 16434 AND
2 1 16432 16434 16435 AND
2 1 4286 7150 16436 AND
2 1 16435 16436 16437 AND
2 1 16437 41 16438 XOR
2 1 16241 16249 16250 AND
2 1 16251 16252 16253 AND
2 1 16250 16253 16428 AND
2 1 111 5125 16419 AND
2 1 113 4891 16418 AND
2 1 112 4888 16420 AND
2 1 16418 16420 16421 AND
2 1 16419 16421 16422 AND
2 1 4894 6412 16423 AND
2 1 16422 16423 16424 AND
2 1 16424 44 16425 XOR
2 1 16229 16237 16238 AND
2 1 16157 16239 16240 AND
2 1 16238 16240 16415 AND
2 1 108 5789 16406 AND
2 1 110 5532 16405 AND
2 1 109 5529 16407 AND
2 1 16405 16407 16408 AND
2 1 16406 16408 16409 AND
2 1 5535 5705 16410 AND
2 1 16409 16410 16411 AND
2 1 16411 47 16412 XOR
2 1 16218 16226 16227 AND
2 1 16159 16228 16401 AND
2 1 16227 16401 16402 AND
2 1 99 8016 16385 AND
2 1 101 7735 16384 AND
2 1 100 7732 16386 AND
2 1 16384 16386 16387 AND
2 1 16385 16387 16388 AND
2 1 3830 7738 16389 AND
2 1 16388 16389 16390 AND
2 1 16390 56 16391 XOR
2 1 16167 16168 16169 AND
2 1 16170 16190 16191 AND
2 1 16169 16191 16381 AND
2 1 16171 16178 16179 AND
2 1 16180 16188 16189 AND
2 1 16179 16189 16376 AND
2 1 93 9637 16367 AND
2 1 95 9346 16366 AND
2 1 94 9343 16368 AND
2 1 16366 16368 16369 AND
2 1 16367 16369 16370 AND
2 1 2799 9349 16371 AND
2 1 16370 16371 16372 AND
2 1 16372 62 16373 XOR
2 1 26 16174 16175 AND
2 1 16034 16176 16177 AND
2 1 16175 16177 16363 AND
2 1 91 10243 16360 AND
2 1 92 9940 16361 AND
2 1 16360 16361 16362 AND
2 1 16363 16362 16365 XOR
2 1 16373 16365 16375 XOR
2 1 16376 16375 16378 XOR
2 1 96 8808 16353 AND
2 1 98 8542 16352 AND
2 1 97 8539 16354 AND
2 1 16352 16354 16355 AND
2 1 16353 16355 16356 AND
2 1 3291 8545 16357 AND
2 1 16356 16357 16358 AND
2 1 16358 59 16359 XOR
2 1 16378 16359 16380 XOR
2 1 16381 16380 16383 XOR
2 1 16391 16383 16392 XOR
2 1 16192 16200 16201 AND
2 1 16202 16203 16204 AND
2 1 16201 16204 16351 AND
2 1 16392 16351 16394 XOR
2 1 102 7228 16344 AND
2 1 104 6933 16343 AND
2 1 103 6930 16345 AND
2 1 16343 16345 16346 AND
2 1 16344 16346 16347 AND
2 1 4414 6936 16348 AND
2 1 16347 16348 16349 AND
2 1 16349 53 16350 XOR
2 1 16394 16350 16396 XOR
2 1 16205 16213 16214 AND
2 1 16215 16216 16217 AND
2 1 16214 16217 16342 AND
2 1 16396 16342 16398 XOR
2 1 105 6482 16335 AND
2 1 107 6208 16334 AND
2 1 106 6205 16336 AND
2 1 16334 16336 16337 AND
2 1 16335 16337 16338 AND
2 1 4836 6211 16339 AND
2 1 16338 16339 16340 AND
2 1 16340 50 16341 XOR
2 1 16398 16341 16400 XOR
2 1 16402 16400 16404 XOR
2 1 16412 16404 16414 XOR
2 1 16415 16414 16417 XOR
2 1 16425 16417 16427 XOR
2 1 16428 16427 16430 XOR
2 1 16438 16430 16440 XOR
2 1 16254 16262 16263 AND
2 1 16156 16264 16265 AND
2 1 16263 16265 16266 AND
2 1 16440 16266 16441 XOR
2 1 16449 16441 16451 XOR
2 1 16267 16275 16276 AND
2 1 16155 16277 16278 AND
2 1 16276 16278 16333 AND
2 1 16451 16333 16453 XOR
2 1 120 3339 16326 AND
2 1 122 3162 16325 AND
2 1 121 3159 16327 AND
2 1 16325 16327 16328 AND
2 1 16326 16328 16329 AND
2 1 3165 8473 16330 AND
2 1 16329 16330 16331 AND
2 1 16331 35 16332 XOR
2 1 16453 16332 16455 XOR
2 1 16154 16279 16280 AND
2 1 16281 16282 16283 AND
2 1 16280 16283 16322 AND
2 1 123 2837 16315 AND
2 1 125 2674 16314 AND
2 1 124 2671 16316 AND
2 1 16314 16316 16317 AND
2 1 16315 16317 16318 AND
2 1 2677 9567 16319 AND
2 1 16318 16319 16320 AND
2 1 16320 32 16321 XOR
2 1 16322 16321 16324 XOR
2 1 16455 16324 16457 XOR
2 1 126 2385 16306 AND
2 1 127 2242 16307 AND
2 1 16306 16307 16308 AND
2 1 2248 10165 16309 AND
2 1 16308 16309 16310 AND
2 1 16310 29 16311 XOR
2 1 16292 16293 16294 AND
2 1 16284 16295 16304 AND
2 1 16294 16304 16305 AND
2 1 16311 16305 16313 XOR
2 1 16457 16313 16459 XOR
2 1 16460 16459 16462 XOR
2 1 16463 16462 16468 XOR
2 1 121 3339 16611 AND
2 1 123 3162 16610 AND
2 1 122 3159 16612 AND
2 1 16610 16612 16613 AND
2 1 16611 16613 16614 AND
2 1 3165 8999 16615 AND
2 1 16614 16615 16616 AND
2 1 16616 35 16617 XOR
2 1 112 5125 16591 AND
2 1 114 4891 16590 AND
2 1 113 4888 16592 AND
2 1 16590 16592 16593 AND
2 1 16591 16593 16594 AND
2 1 4894 6651 16595 AND
2 1 16594 16595 16596 AND
2 1 16596 44 16597 XOR
2 1 16400 16402 16403 AND
2 1 16404 16412 16413 AND
2 1 16403 16413 16587 AND
2 1 109 5789 16578 AND
2 1 111 5532 16577 AND
2 1 110 5529 16579 AND
2 1 16577 16579 16580 AND
2 1 16578 16580 16581 AND
2 1 5535 5726 16582 AND
2 1 16581 16582 16583 AND
2 1 16583 47 16584 XOR
2 1 103 7228 16563 AND
2 1 105 6933 16562 AND
2 1 104 6930 16564 AND
2 1 16562 16564 16565 AND
2 1 16563 16565 16566 AND
2 1 4617 6936 16567 AND
2 1 16566 16567 16568 AND
2 1 16568 53 16569 XOR
2 1 16380 16381 16382 AND
2 1 16383 16391 16558 AND
2 1 16382 16558 16559 AND
2 1 100 8016 16549 AND
2 1 102 7735 16548 AND
2 1 101 7732 16550 AND
2 1 16548 16550 16551 AND
2 1 16549 16551 16552 AND
2 1 3850 7738 16553 AND
2 1 16552 16553 16554 AND
2 1 16554 56 16555 XOR
2 1 94 9637 16536 AND
2 1 96 9346 16535 AND
2 1 95 9343 16537 AND
2 1 16535 16537 16538 AND
2 1 16536 16538 16539 AND
2 1 2960 9349 16540 AND
2 1 16539 16540 16541 AND
2 1 16541 62 16542 XOR
2 1 92 10243 16527 AND
2 1 93 9940 16528 AND
2 1 16527 16528 16529 AND
2 1 16529 16362 16531 XOR
2 1 16362 16363 16364 AND
2 1 16365 16373 16374 AND
2 1 16364 16374 16526 AND
2 1 16531 16526 16534 XOR
2 1 16542 16534 16543 XOR
2 1 97 8808 16519 AND
2 1 99 8542 16518 AND
2 1 98 8539 16520 AND
2 1 16518 16520 16521 AND
2 1 16519 16521 16522 AND
2 1 3473 8545 16523 AND
2 1 16522 16523 16524 AND
2 1 16524 59 16525 XOR
2 1 16543 16525 16545 XOR
2 1 16375 16376 16377 AND
2 1 16359 16378 16379 AND
2 1 16377 16379 16517 AND
2 1 16545 16517 16547 XOR
2 1 16555 16547 16557 XOR
2 1 16559 16557 16561 XOR
2 1 16569 16561 16570 XOR
2 1 16351 16392 16393 AND
2 1 16350 16394 16395 AND
2 1 16393 16395 16516 AND
2 1 16570 16516 16572 XOR
2 1 106 6482 16509 AND
2 1 108 6208 16508 AND
2 1 107 6205 16510 AND
2 1 16508 16510 16511 AND
2 1 16509 16511 16512 AND
2 1 5250 6211 16513 AND
2 1 16512 16513 16514 AND
2 1 16514 50 16515 XOR
2 1 16572 16515 16574 XOR
2 1 16342 16396 16397 AND
2 1 16341 16398 16399 AND
2 1 16397 16399 16507 AND
2 1 16574 16507 16576 XOR
2 1 16584 16576 16586 XOR
2 1 16587 16586 16589 XOR
2 1 16597 16589 16599 XOR
2 1 16414 16415 16416 AND
2 1 16417 16425 16426 AND
2 1 16416 16426 16506 AND
2 1 16599 16506 16601 XOR
2 1 115 4489 16499 AND
2 1 117 4283 16498 AND
2 1 116 4280 16500 AND
2 1 16498 16500 16501 AND
2 1 16499 16501 16502 AND
2 1 4286 7407 16503 AND
2 1 16502 16503 16504 AND
2 1 16504 41 16505 XOR
2 1 16601 16505 16603 XOR
2 1 16427 16428 16429 AND
2 1 16430 16438 16439 AND
2 1 16429 16439 16497 AND
2 1 16603 16497 16605 XOR
2 1 118 3904 16490 AND
2 1 120 3717 16489 AND
2 1 119 3714 16491 AND
2 1 16489 16491 16492 AND
2 1 16490 16492 16493 AND
2 1 3720 7949 16494 AND
2 1 16493 16494 16495 AND
2 1 16495 38 16496 XOR
2 1 16605 16496 16607 XOR
2 1 16441 16449 16450 AND
2 1 16266 16440 16487 AND
2 1 16450 16487 16488 AND
2 1 16607 16488 16609 XOR
2 1 16617 16609 16619 XOR
2 1 16333 16451 16452 AND
2 1 16332 16453 16454 AND
2 1 16452 16454 16486 AND
2 1 16619 16486 16620 XOR
2 1 124 2837 16479 AND
2 1 126 2674 16478 AND
2 1 125 2671 16480 AND
2 1 16478 16480 16481 AND
2 1 16479 16481 16482 AND
2 1 2677 9851 16483 AND
2 1 16482 16483 16484 AND
2 1 16484 32 16485 XOR
2 1 16620 16485 16621 XOR
2 1 127 2385 16472 AND
2 1 2248 10162 16473 AND
2 1 16472 16473 16474 AND
2 1 16474 29 16475 XOR
2 1 16321 16322 16323 AND
2 1 16324 16455 16456 AND
2 1 16323 16456 16471 AND
2 1 16475 16471 16477 XOR
2 1 16621 16477 16623 XOR
2 1 16305 16311 16312 AND
2 1 16313 16457 16458 AND
2 1 16312 16458 16470 AND
2 1 16623 16470 16624 XOR
2 1 16459 16460 16461 AND
2 1 16299 16301 16464 AND
2 1 16132 16298 16465 AND
2 1 16462 16465 16466 AND
2 1 16464 16466 16467 AND
2 1 16461 16467 16469 AND
2 1 16624 16469 16625 XOR
2 1 16470 16623 16784 AND
2 1 125 2837 16769 AND
2 1 127 2674 16768 AND
2 1 126 2671 16770 AND
2 1 16768 16770 16771 AND
2 1 16769 16771 16772 AND
2 1 2677 10136 16773 AND
2 1 16772 16773 16774 AND
2 1 16774 32 16775 XOR
2 1 16486 16619 16764 AND
2 1 16486 16619 16765 AND
2 1 16485 16765 16766 AND
2 1 16764 16766 16767 AND
2 1 16775 16767 16777 XOR
2 1 16488 16607 16608 AND
2 1 16609 16617 16618 AND
2 1 16608 16618 16761 AND
2 1 122 3339 16752 AND
2 1 124 3162 16751 AND
2 1 123 3159 16753 AND
2 1 16751 16753 16754 AND
2 1 16752 16754 16755 AND
2 1 3165 9030 16756 AND
2 1 16755 16756 16757 AND
2 1 16757 35 16758 XOR
2 1 16497 16603 16604 AND
2 1 16496 16605 16606 AND
2 1 16604 16606 16748 AND
2 1 116 4489 16735 AND
2 1 118 4283 16734 AND
2 1 117 4280 16736 AND
2 1 16734 16736 16737 AND
2 1 16735 16737 16738 AND
2 1 4286 7428 16739 AND
2 1 16738 16739 16740 AND
2 1 16740 41 16741 XOR
2 1 113 5125 16722 AND
2 1 115 4891 16721 AND
2 1 114 4888 16723 AND
2 1 16721 16723 16724 AND
2 1 16722 16724 16725 AND
2 1 4894 6668 16726 AND
2 1 16725 16726 16727 AND
2 1 16727 44 16728 XOR
2 1 16507 16574 16575 AND
2 1 16576 16584 16585 AND
2 1 16575 16585 16718 AND
2 1 110 5789 16709 AND
2 1 112 5532 16708 AND
2 1 111 5529 16710 AND
2 1 16708 16710 16711 AND
2 1 16709 16711 16712 AND
2 1 5535 5950 16713 AND
2 1 16712 16713 16714 AND
2 1 16714 47 16715 XOR
2 1 107 6482 16697 AND
2 1 109 6208 16696 AND
2 1 108 6205 16698 AND
2 1 16696 16698 16699 AND
2 1 16697 16699 16700 AND
2 1 5468 6211 16701 AND
2 1 16700 16701 16702 AND
2 1 16702 50 16703 XOR
2 1 104 7228 16686 AND
2 1 106 6933 16685 AND
2 1 105 6930 16687 AND
2 1 16685 16687 16688 AND
2 1 16686 16688 16689 AND
2 1 4814 6936 16690 AND
2 1 16689 16690 16691 AND
2 1 16691 53 16692 XOR
2 1 16517 16545 16546 AND
2 1 16547 16555 16556 AND
2 1 16546 16556 16682 AND
2 1 98 8808 16669 AND
2 1 100 8542 16668 AND
2 1 99 8539 16670 AND
2 1 16668 16670 16671 AND
2 1 16669 16671 16672 AND
2 1 3635 8545 16673 AND
2 1 16672 16673 16674 AND
2 1 16674 59 16675 XOR
2 1 95 9637 16660 AND
2 1 97 9346 16659 AND
2 1 96 9343 16661 AND
2 1 16659 16661 16662 AND
2 1 16660 16662 16663 AND
2 1 3108 9349 16664 AND
2 1 16663 16664 16665 AND
2 1 16665 62 16666 XOR
2 1 93 10243 16650 AND
2 1 94 9940 16651 AND
2 1 16650 16651 16652 AND
2 1 16652 29 16654 XOR
2 1 16654 16529 16656 XOR
2 1 16362 16529 16530 AND
2 1 16526 16531 16532 AND
2 1 16530 16532 16533 AND
2 1 16656 16533 16658 XOR
2 1 16666 16658 16667 XOR
2 1 16675 16667 16677 XOR
2 1 16525 16543 16544 AND
2 1 16534 16542 16648 AND
2 1 16544 16648 16649 AND
2 1 16677 16649 16679 XOR
2 1 101 8016 16641 AND
2 1 103 7735 16640 AND
2 1 102 7732 16642 AND
2 1 16640 16642 16643 AND
2 1 16641 16643 16644 AND
2 1 4041 7738 16645 AND
2 1 16644 16645 16646 AND
2 1 16646 56 16647 XOR
2 1 16679 16647 16681 XOR
2 1 16682 16681 16684 XOR
2 1 16692 16684 16694 XOR
2 1 16557 16559 16560 AND
2 1 16561 16569 16638 AND
2 1 16560 16638 16639 AND
2 1 16694 16639 16695 XOR
2 1 16703 16695 16705 XOR
2 1 16516 16570 16571 AND
2 1 16515 16572 16573 AND
2 1 16571 16573 16637 AND
2 1 16705 16637 16707 XOR
2 1 16715 16707 16717 XOR
2 1 16718 16717 16720 XOR
2 1 16728 16720 16730 XOR
2 1 16586 16587 16588 AND
2 1 16589 16597 16598 AND
2 1 16588 16598 16636 AND
2 1 16730 16636 16733 XOR
2 1 16741 16733 16743 XOR
2 1 16506 16599 16600 AND
2 1 16505 16601 16602 AND
2 1 16600 16602 16635 AND
2 1 16743 16635 16745 XOR
2 1 119 3904 16628 AND
2 1 121 3717 16627 AND
2 1 120 3714 16629 AND
2 1 16627 16629 16630 AND
2 1 16628 16630 16631 AND
2 1 3720 8447 16632 AND
2 1 16631 16632 16633 AND
2 1 16633 38 16634 XOR
2 1 16745 16634 16747 XOR
2 1 16748 16747 16750 XOR
2 1 16758 16750 16760 XOR
2 1 16761 16760 16763 XOR
2 1 16777 16763 16779 XOR
2 1 16471 16475 16476 AND
2 1 16477 16621 16622 AND
2 1 16476 16622 16626 AND
2 1 16779 16626 16781 XOR
2 1 16784 16781 16788 XOR
2 1 16469 16624 16787 AND
2 1 16788 16787 16789 XOR
2 1 16626 16779 16780 AND
2 1 16470 16623 16782 AND
2 1 16781 16782 16783 AND
2 1 16469 16784 16785 AND
2 1 16783 16785 16786 AND
2 1 16780 16786 16937 AND
2 1 16767 16775 16776 AND
2 1 16763 16777 16778 AND
2 1 16776 16778 16934 AND
2 1 123 3339 16923 AND
2 1 125 3162 16922 AND
2 1 124 3159 16924 AND
2 1 16922 16924 16925 AND
2 1 16923 16925 16926 AND
2 1 3165 9567 16927 AND
2 1 16926 16927 16928 AND
2 1 16928 35 16929 XOR
2 1 16634 16745 16746 AND
2 1 16747 16748 16749 AND
2 1 16746 16749 16919 AND
2 1 117 4489 16906 AND
2 1 119 4283 16905 AND
2 1 118 4280 16907 AND
2 1 16905 16907 16908 AND
2 1 16906 16908 16909 AND
2 1 4286 7925 16910 AND
2 1 16909 16910 16911 AND
2 1 16911 41 16912 XOR
2 1 114 5125 16895 AND
2 1 116 4891 16894 AND
2 1 115 4888 16896 AND
2 1 16894 16896 16897 AND
2 1 16895 16897 16898 AND
2 1 4894 7150 16899 AND
2 1 16898 16899 16900 AND
2 1 16900 44 16901 XOR
2 1 16707 16715 16716 AND
2 1 16717 16718 16719 AND
2 1 16716 16719 16891 AND
2 1 111 5789 16882 AND
2 1 113 5532 16881 AND
2 1 112 5529 16883 AND
2 1 16881 16883 16884 AND
2 1 16882 16884 16885 AND
2 1 5535 6412 16886 AND
2 1 16885 16886 16887 AND
2 1 16887 47 16888 XOR
2 1 16695 16703 16704 AND
2 1 16637 16705 16706 AND
2 1 16704 16706 16878 AND
2 1 108 6482 16869 AND
2 1 110 6208 16868 AND
2 1 109 6205 16870 AND
2 1 16868 16870 16871 AND
2 1 16869 16871 16872 AND
2 1 5705 6211 16873 AND
2 1 16872 16873 16874 AND
2 1 16874 50 16875 XOR
2 1 16684 16692 16693 AND
2 1 16639 16694 16864 AND
2 1 16693 16864 16865 AND
2 1 96 9637 16843 AND
2 1 98 9346 16842 AND
2 1 97 9343 16844 AND
2 1 16842 16844 16845 AND
2 1 16843 16845 16846 AND
2 1 3291 9349 16847 AND
2 1 16846 16847 16848 AND
2 1 16848 62 16849 XOR
2 1 29 16652 16653 AND
2 1 16529 16654 16655 AND
2 1 16653 16655 16839 AND
2 1 94 10243 16836 AND
2 1 95 9940 16837 AND
2 1 16836 16837 16838 AND
2 1 16839 16838 16841 XOR
2 1 16849 16841 16851 XOR
2 1 16533 16656 16657 AND
2 1 16658 16666 16834 AND
2 1 16657 16834 16835 AND
2 1 16851 16835 16853 XOR
2 1 99 8808 16827 AND
2 1 101 8542 16826 AND
2 1 100 8539 16828 AND
2 1 16826 16828 16829 AND
2 1 16827 16829 16830 AND
2 1 3830 8545 16831 AND
2 1 16830 16831 16832 AND
2 1 16832 59 16833 XOR
2 1 16853 16833 16855 XOR
2 1 16667 16675 16676 AND
2 1 16649 16677 16678 AND
2 1 16676 16678 16825 AND
2 1 16855 16825 16857 XOR
2 1 102 8016 16818 AND
2 1 104 7735 16817 AND
2 1 103 7732 16819 AND
2 1 16817 16819 16820 AND
2 1 16818 16820 16821 AND
2 1 4414 7738 16822 AND
2 1 16821 16822 16823 AND
2 1 16823 56 16824 XOR
2 1 16857 16824 16859 XOR
2 1 16647 16679 16680 AND
2 1 16681 16682 16683 AND
2 1 16680 16683 16816 AND
2 1 16859 16816 16861 XOR
2 1 105 7228 16809 AND
2 1 107 6933 16808 AND
2 1 106 6930 16810 AND
2 1 16808 16810 16811 AND
2 1 16809 16811 16812 AND
2 1 4836 6936 16813 AND
2 1 16812 16813 16814 AND
2 1 16814 53 16815 XOR
2 1 16861 16815 16863 XOR
2 1 16865 16863 16867 XOR
2 1 16875 16867 16877 XOR
2 1 16878 16877 16880 XOR
2 1 16888 16880 16890 XOR
2 1 16891 16890 16893 XOR
2 1 16901 16893 16903 XOR
2 1 16720 16728 16729 AND
2 1 16636 16730 16731 AND
2 1 16729 16731 16732 AND
2 1 16903 16732 16904 XOR
2 1 16912 16904 16914 XOR
2 1 16733 16741 16742 AND
2 1 16635 16743 16744 AND
2 1 16742 16744 16807 AND
2 1 16914 16807 16916 XOR
2 1 120 3904 16800 AND
2 1 122 3717 16799 AND
2 1 121 3714 16801 AND
2 1 16799 16801 16802 AND
2 1 16800 16802 16803 AND
2 1 3720 8473 16804 AND
2 1 16803 16804 16805 AND
2 1 16805 38 16806 XOR
2 1 16916 16806 16918 XOR
2 1 16919 16918 16921 XOR
2 1 16929 16921 16931 XOR
2 1 126 2837 16791 AND
2 1 127 2671 16792 AND
2 1 16791 16792 16793 AND
2 1 2677 10165 16794 AND
2 1 16793 16794 16795 AND
2 1 16795 32 16796 XOR
2 1 16750 16758 16759 AND
2 1 16760 16761 16762 AND
2 1 16759 16762 16790 AND
2 1 16796 16790 16798 XOR
2 1 16931 16798 16933 XOR
2 1 16934 16933 16936 XOR
2 1 16937 16936 16939 XOR
2 1 124 3339 17071 AND
2 1 126 3162 17070 AND
2 1 125 3159 17072 AND
2 1 17070 17072 17073 AND
2 1 17071 17073 17074 AND
2 1 3165 9851 17075 AND
2 1 17074 17075 17076 AND
2 1 17076 35 17077 XOR
2 1 16807 16914 16915 AND
2 1 16806 16916 16917 AND
2 1 16915 16917 17067 AND
2 1 121 3904 17058 AND
2 1 123 3717 17057 AND
2 1 122 3714 17059 AND
2 1 17057 17059 17060 AND
2 1 17058 17060 17061 AND
2 1 3720 8999 17062 AND
2 1 17061 17062 17063 AND
2 1 17063 38 17064 XOR
2 1 112 5789 17038 AND
2 1 114 5532 17037 AND
2 1 113 5529 17039 AND
2 1 17037 17039 17040 AND
2 1 17038 17040 17041 AND
2 1 5535 6651 17042 AND
2 1 17041 17042 17043 AND
2 1 17043 47 17044 XOR
2 1 16863 16865 16866 AND
2 1 16867 16875 16876 AND
2 1 16866 16876 17034 AND
2 1 109 6482 17025 AND
2 1 111 6208 17024 AND
2 1 110 6205 17026 AND
2 1 17024 17026 17027 AND
2 1 17025 17027 17028 AND
2 1 5726 6211 17029 AND
2 1 17028 17029 17030 AND
2 1 17030 50 17031 XOR
2 1 100 8808 17006 AND
2 1 102 8542 17005 AND
2 1 101 8539 17007 AND
2 1 17005 17007 17008 AND
2 1 17006 17008 17009 AND
2 1 3850 8545 17010 AND
2 1 17009 17010 17011 AND
2 1 17011 59 17012 XOR
2 1 97 9637 16996 AND
2 1 99 9346 16995 AND
2 1 98 9343 16997 AND
2 1 16995 16997 16998 AND
2 1 16996 16998 16999 AND
2 1 3473 9349 17000 AND
2 1 16999 17000 17001 AND
2 1 17001 62 17002 XOR
2 1 95 10243 16987 AND
2 1 96 9940 16988 AND
2 1 16987 16988 16989 AND
2 1 16989 16838 16991 XOR
2 1 16838 16839 16840 AND
2 1 16841 16849 16850 AND
2 1 16840 16850 16986 AND
2 1 16991 16986 16994 XOR
2 1 17002 16994 17004 XOR
2 1 17012 17004 17013 XOR
2 1 16835 16851 16852 AND
2 1 16833 16853 16854 AND
2 1 16852 16854 16985 AND
2 1 17013 16985 17015 XOR
2 1 103 8016 16978 AND
2 1 105 7735 16977 AND
2 1 104 7732 16979 AND
2 1 16977 16979 16980 AND
2 1 16978 16980 16981 AND
2 1 4617 7738 16982 AND
2 1 16981 16982 16983 AND
2 1 16983 56 16984 XOR
2 1 17015 16984 17017 XOR
2 1 16825 16855 16856 AND
2 1 16824 16857 16858 AND
2 1 16856 16858 16976 AND
2 1 17017 16976 17019 XOR
2 1 106 7228 16969 AND
2 1 108 6933 16968 AND
2 1 107 6930 16970 AND
2 1 16968 16970 16971 AND
2 1 16969 16971 16972 AND
2 1 5250 6936 16973 AND
2 1 16972 16973 16974 AND
2 1 16974 53 16975 XOR
2 1 17019 16975 17021 XOR
2 1 16816 16859 16860 AND
2 1 16815 16861 16862 AND
2 1 16860 16862 16967 AND
2 1 17021 16967 17023 XOR
2 1 17031 17023 17033 XOR
2 1 17034 17033 17036 XOR
2 1 17044 17036 17046 XOR
2 1 16877 16878 16879 AND
2 1 16880 16888 16889 AND
2 1 16879 16889 16966 AND
2 1 17046 16966 17048 XOR
2 1 115 5125 16959 AND
2 1 117 4891 16958 AND
2 1 116 4888 16960 AND
2 1 16958 16960 16961 AND
2 1 16959 16961 16962 AND
2 1 4894 7407 16963 AND
2 1 16962 16963 16964 AND
2 1 16964 44 16965 XOR
2 1 17048 16965 17050 XOR
2 1 16890 16891 16892 AND
2 1 16893 16901 16902 AND
2 1 16892 16902 16957 AND
2 1 17050 16957 17052 XOR
2 1 118 4489 16950 AND
2 1 120 4283 16949 AND
2 1 119 4280 16951 AND
2 1 16949 16951 16952 AND
2 1 16950 16952 16953 AND
2 1 4286 7949 16954 AND
2 1 16953 16954 16955 AND
2 1 16955 41 16956 XOR
2 1 17052 16956 17054 XOR
2 1 16904 16912 16913 AND
2 1 16732 16903 16947 AND
2 1 16913 16947 16948 AND
2 1 17054 16948 17056 XOR
2 1 17064 17056 17066 XOR
2 1 17067 17066 17069 XOR
2 1 17077 17069 17079 XOR
2 1 16918 16919 16920 AND
2 1 16921 16929 16930 AND
2 1 16920 16930 16942 AND
2 1 17079 16942 17080 XOR
2 1 127 2837 16943 AND
2 1 2677 10162 16944 AND
2 1 16943 16944 16945 AND
2 1 16945 32 16946 XOR
2 1 17080 16946 17081 XOR
2 1 16790 16796 16797 AND
2 1 16798 16931 16932 AND
2 1 16797 16932 16941 AND
2 1 17081 16941 17083 XOR
2 1 16933 16934 16935 AND
2 1 16936 16937 16938 AND
2 1 16935 16938 16940 AND
2 1 17083 16940 17088 XOR
2 1 125 3339 17220 AND
2 1 127 3162 17219 AND
2 1 126 3159 17221 AND
2 1 17219 17221 17222 AND
2 1 17220 17222 17223 AND
2 1 3165 10136 17224 AND
2 1 17223 17224 17225 AND
2 1 17225 35 17226 XOR
2 1 17066 17067 17068 AND
2 1 17069 17077 17078 AND
2 1 17068 17078 17218 AND
2 1 17226 17218 17228 XOR
2 1 16948 17054 17055 AND
2 1 17056 17064 17065 AND
2 1 17055 17065 17215 AND
2 1 122 3904 17206 AND
2 1 124 3717 17205 AND
2 1 123 3714 17207 AND
2 1 17205 17207 17208 AND
2 1 17206 17208 17209 AND
2 1 3720 9030 17210 AND
2 1 17209 17210 17211 AND
2 1 17211 38 17212 XOR
2 1 16957 17050 17051 AND
2 1 16956 17052 17053 AND
2 1 17051 17053 17202 AND
2 1 116 5125 17189 AND
2 1 118 4891 17188 AND
2 1 117 4888 17190 AND
2 1 17188 17190 17191 AND
2 1 17189 17191 17192 AND
2 1 4894 7428 17193 AND
2 1 17192 17193 17194 AND
2 1 17194 44 17195 XOR
2 1 113 5789 17176 AND
2 1 115 5532 17175 AND
2 1 114 5529 17177 AND
2 1 17175 17177 17178 AND
2 1 17176 17178 17179 AND
2 1 5535 6668 17180 AND
2 1 17179 17180 17181 AND
2 1 17181 47 17182 XOR
2 1 16967 17021 17022 AND
2 1 17023 17031 17032 AND
2 1 17022 17032 17172 AND
2 1 110 6482 17163 AND
2 1 112 6208 17162 AND
2 1 111 6205 17164 AND
2 1 17162 17164 17165 AND
2 1 17163 17165 17166 AND
2 1 5950 6211 17167 AND
2 1 17166 17167 17168 AND
2 1 17168 50 17169 XOR
2 1 16976 17017 17018 AND
2 1 16975 17019 17020 AND
2 1 17018 17020 17159 AND
2 1 107 7228 17150 AND
2 1 109 6933 17149 AND
2 1 108 6930 17151 AND
2 1 17149 17151 17152 AND
2 1 17150 17152 17153 AND
2 1 5468 6936 17154 AND
2 1 17153 17154 17155 AND
2 1 17155 53 17156 XOR
2 1 16985 17013 17014 AND
2 1 16984 17015 17016 AND
2 1 17014 17016 17146 AND
2 1 101 8808 17133 AND
2 1 103 8542 17132 AND
2 1 102 8539 17134 AND
2 1 17132 17134 17135 AND
2 1 17133 17135 17136 AND
2 1 4041 8545 17137 AND
2 1 17136 17137 17138 AND
2 1 17138 59 17139 XOR
2 1 98 9637 17124 AND
2 1 100 9346 17123 AND
2 1 99 9343 17125 AND
2 1 17123 17125 17126 AND
2 1 17124 17126 17127 AND
2 1 3635 9349 17128 AND
2 1 17127 17128 17129 AND
2 1 17129 62 17130 XOR
2 1 96 10243 17114 AND
2 1 97 9940 17115 AND
2 1 17114 17115 17116 AND
2 1 17116 32 17118 XOR
2 1 17118 16989 17120 XOR
2 1 16838 16989 16990 AND
2 1 16986 16991 16992 AND
2 1 16990 16992 16993 AND
2 1 17120 16993 17122 XOR
2 1 17130 17122 17131 XOR
2 1 17139 17131 17141 XOR
2 1 16994 17002 17003 AND
2 1 17004 17012 17112 AND
2 1 17003 17112 17113 AND
2 1 17141 17113 17143 XOR
2 1 104 8016 17105 AND
2 1 106 7735 17104 AND
2 1 105 7732 17106 AND
2 1 17104 17106 17107 AND
2 1 17105 17107 17108 AND
2 1 4814 7738 17109 AND
2 1 17108 17109 17110 AND
2 1 17110 56 17111 XOR
2 1 17143 17111 17145 XOR
2 1 17146 17145 17148 XOR
2 1 17156 17148 17158 XOR
2 1 17159 17158 17161 XOR
2 1 17169 17161 17171 XOR
2 1 17172 17171 17174 XOR
2 1 17182 17174 17184 XOR
2 1 17033 17034 17035 AND
2 1 17036 17044 17045 AND
2 1 17035 17045 17103 AND
2 1 17184 17103 17187 XOR
2 1 17195 17187 17197 XOR
2 1 16966 17046 17047 AND
2 1 16965 17048 17049 AND
2 1 17047 17049 17102 AND
2 1 17197 17102 17199 XOR
2 1 119 4489 17095 AND
2 1 121 4283 17094 AND
2 1 120 4280 17096 AND
2 1 17094 17096 17097 AND
2 1 17095 17097 17098 AND
2 1 4286 8447 17099 AND
2 1 17098 17099 17100 AND
2 1 17100 41 17101 XOR
2 1 17199 17101 17201 XOR
2 1 17202 17201 17204 XOR
2 1 17212 17204 17214 XOR
2 1 17215 17214 17217 XOR
2 1 17228 17217 17230 XOR
2 1 16942 17079 17090 AND
2 1 16942 17079 17091 AND
2 1 16946 17091 17092 AND
2 1 17090 17092 17093 AND
2 1 17230 17093 17232 XOR
2 1 16941 17081 17082 AND
2 1 16935 16937 17084 AND
2 1 16933 16934 17085 AND
2 1 17083 17085 17086 AND
2 1 17084 17086 17087 AND
2 1 17082 17087 17089 AND
2 1 17232 17089 17234 XOR
2 1 17093 17230 17231 AND
2 1 17089 17232 17233 AND
2 1 17231 17233 17368 AND
2 1 17218 17226 17227 AND
2 1 17217 17228 17229 AND
2 1 17227 17229 17365 AND
2 1 123 3904 17354 AND
2 1 125 3717 17353 AND
2 1 124 3714 17355 AND
2 1 17353 17355 17356 AND
2 1 17354 17356 17357 AND
2 1 3720 9567 17358 AND
2 1 17357 17358 17359 AND
2 1 17359 38 17360 XOR
2 1 17101 17199 17200 AND
2 1 17201 17202 17203 AND
2 1 17200 17203 17350 AND
2 1 117 5125 17337 AND
2 1 119 4891 17336 AND
2 1 118 4888 17338 AND
2 1 17336 17338 17339 AND
2 1 17337 17339 17340 AND
2 1 4894 7925 17341 AND
2 1 17340 17341 17342 AND
2 1 17342 44 17343 XOR
2 1 114 5789 17326 AND
2 1 116 5532 17325 AND
2 1 115 5529 17327 AND
2 1 17325 17327 17328 AND
2 1 17326 17328 17329 AND
2 1 5535 7150 17330 AND
2 1 17329 17330 17331 AND
2 1 17331 47 17332 XOR
2 1 17161 17169 17170 AND
2 1 17171 17172 17173 AND
2 1 17170 17173 17322 AND
2 1 111 6482 17313 AND
2 1 113 6208 17312 AND
2 1 112 6205 17314 AND
2 1 17312 17314 17315 AND
2 1 17313 17315 17316 AND
2 1 6211 6412 17317 AND
2 1 17316 17317 17318 AND
2 1 17318 50 17319 XOR
2 1 17148 17156 17157 AND
2 1 17158 17159 17160 AND
2 1 17157 17160 17309 AND
2 1 108 7228 17300 AND
2 1 110 6933 17299 AND
2 1 109 6930 17301 AND
2 1 17299 17301 17302 AND
2 1 17300 17302 17303 AND
2 1 5705 6936 17304 AND
2 1 17303 17304 17305 AND
2 1 17305 53 17306 XOR
2 1 17111 17143 17144 AND
2 1 17145 17146 17147 AND
2 1 17144 17147 17296 AND
2 1 99 9637 17279 AND
2 1 101 9346 17278 AND
2 1 100 9343 17280 AND
2 1 17278 17280 17281 AND
2 1 17279 17281 17282 AND
2 1 3830 9349 17283 AND
2 1 17282 17283 17284 AND
2 1 17284 62 17285 XOR
2 1 32 17116 17117 AND
2 1 16989 17118 17119 AND
2 1 17117 17119 17275 AND
2 1 97 10243 17272 AND
2 1 98 9940 17273 AND
2 1 17272 17273 17274 AND
2 1 17275 17274 17277 XOR
2 1 17285 17277 17287 XOR
2 1 16993 17120 17121 AND
2 1 17122 17130 17270 AND
2 1 17121 17270 17271 AND
2 1 17287 17271 17289 XOR
2 1 102 8808 17263 AND
2 1 104 8542 17262 AND
2 1 103 8539 17264 AND
2 1 17262 17264 17265 AND
2 1 17263 17265 17266 AND
2 1 4414 8545 17267 AND
2 1 17266 17267 17268 AND
2 1 17268 59 17269 XOR
2 1 17289 17269 17291 XOR
2 1 17131 17139 17140 AND
2 1 17113 17141 17142 AND
2 1 17140 17142 17261 AND
2 1 17291 17261 17293 XOR
2 1 105 8016 17254 AND
2 1 107 7735 17253 AND
2 1 106 7732 17255 AND
2 1 17253 17255 17256 AND
2 1 17254 17256 17257 AND
2 1 4836 7738 17258 AND
2 1 17257 17258 17259 AND
2 1 17259 56 17260 XOR
2 1 17293 17260 17295 XOR
2 1 17296 17295 17298 XOR
2 1 17306 17298 17308 XOR
2 1 17309 17308 17311 XOR
2 1 17319 17311 17321 XOR
2 1 17322 17321 17324 XOR
2 1 17332 17324 17334 XOR
2 1 17174 17182 17183 AND
2 1 17103 17184 17185 AND
2 1 17183 17185 17186 AND
2 1 17334 17186 17335 XOR
2 1 17343 17335 17345 XOR
2 1 17187 17195 17196 AND
2 1 17102 17197 17198 AND
2 1 17196 17198 17252 AND
2 1 17345 17252 17347 XOR
2 1 120 4489 17245 AND
2 1 122 4283 17244 AND
2 1 121 4280 17246 AND
2 1 17244 17246 17247 AND
2 1 17245 17247 17248 AND
2 1 4286 8473 17249 AND
2 1 17248 17249 17250 AND
2 1 17250 41 17251 XOR
2 1 17347 17251 17349 XOR
2 1 17350 17349 17352 XOR
2 1 17360 17352 17362 XOR
2 1 126 3339 17236 AND
2 1 127 3159 17237 AND
2 1 17236 17237 17238 AND
2 1 3165 10165 17239 AND
2 1 17238 17239 17240 AND
2 1 17240 35 17241 XOR
2 1 17204 17212 17213 AND
2 1 17214 17215 17216 AND
2 1 17213 17216 17235 AND
2 1 17241 17235 17243 XOR
2 1 17362 17243 17364 XOR
2 1 17365 17364 17367 XOR
2 1 17368 17367 17373 XOR
2 1 124 3904 17492 AND
2 1 126 3717 17491 AND
2 1 125 3714 17493 AND
2 1 17491 17493 17494 AND
2 1 17492 17494 17495 AND
2 1 3720 9851 17496 AND
2 1 17495 17496 17497 AND
2 1 17497 38 17498 XOR
2 1 17252 17345 17346 AND
2 1 17251 17347 17348 AND
2 1 17346 17348 17488 AND
2 1 121 4489 17479 AND
2 1 123 4283 17478 AND
2 1 122 4280 17480 AND
2 1 17478 17480 17481 AND
2 1 17479 17481 17482 AND
2 1 4286 8999 17483 AND
2 1 17482 17483 17484 AND
2 1 17484 41 17485 XOR
2 1 112 6482 17459 AND
2 1 114 6208 17458 AND
2 1 113 6205 17460 AND
2 1 17458 17460 17461 AND
2 1 17459 17461 17462 AND
2 1 6211 6651 17463 AND
2 1 17462 17463 17464 AND
2 1 17464 50 17465 XOR
2 1 17295 17296 17297 AND
2 1 17298 17306 17307 AND
2 1 17297 17307 17455 AND
2 1 109 7228 17446 AND
2 1 111 6933 17445 AND
2 1 110 6930 17447 AND
2 1 17445 17447 17448 AND
2 1 17446 17448 17449 AND
2 1 5726 6936 17450 AND
2 1 17449 17450 17451 AND
2 1 17451 53 17452 XOR
2 1 103 8808 17431 AND
2 1 105 8542 17430 AND
2 1 104 8539 17432 AND
2 1 17430 17432 17433 AND
2 1 17431 17433 17434 AND
2 1 4617 8545 17435 AND
2 1 17434 17435 17436 AND
2 1 17436 59 17437 XOR
2 1 100 9637 17421 AND
2 1 102 9346 17420 AND
2 1 101 9343 17422 AND
2 1 17420 17422 17423 AND
2 1 17421 17423 17424 AND
2 1 3850 9349 17425 AND
2 1 17424 17425 17426 AND
2 1 17426 62 17427 XOR
2 1 98 10243 17412 AND
2 1 99 9940 17413 AND
2 1 17412 17413 17414 AND
2 1 17414 17274 17416 XOR
2 1 17274 17275 17276 AND
2 1 17277 17285 17286 AND
2 1 17276 17286 17411 AND
2 1 17416 17411 17419 XOR
2 1 17427 17419 17429 XOR
2 1 17437 17429 17438 XOR
2 1 17271 17287 17288 AND
2 1 17269 17289 17290 AND
2 1 17288 17290 17410 AND
2 1 17438 17410 17440 XOR
2 1 106 8016 17403 AND
2 1 108 7735 17402 AND
2 1 107 7732 17404 AND
2 1 17402 17404 17405 AND
2 1 17403 17405 17406 AND
2 1 5250 7738 17407 AND
2 1 17406 17407 17408 AND
2 1 17408 56 17409 XOR
2 1 17440 17409 17442 XOR
2 1 17261 17291 17292 AND
2 1 17260 17293 17294 AND
2 1 17292 17294 17401 AND
2 1 17442 17401 17444 XOR
2 1 17452 17444 17454 XOR
2 1 17455 17454 17457 XOR
2 1 17465 17457 17467 XOR
2 1 17308 17309 17310 AND
2 1 17311 17319 17320 AND
2 1 17310 17320 17400 AND
2 1 17467 17400 17469 XOR
2 1 115 5789 17393 AND
2 1 117 5532 17392 AND
2 1 116 5529 17394 AND
2 1 17392 17394 17395 AND
2 1 17393 17395 17396 AND
2 1 5535 7407 17397 AND
2 1 17396 17397 17398 AND
2 1 17398 47 17399 XOR
2 1 17469 17399 17471 XOR
2 1 17321 17322 17323 AND
2 1 17324 17332 17333 AND
2 1 17323 17333 17391 AND
2 1 17471 17391 17473 XOR
2 1 118 5125 17384 AND
2 1 120 4891 17383 AND
2 1 119 4888 17385 AND
2 1 17383 17385 17386 AND
2 1 17384 17386 17387 AND
2 1 4894 7949 17388 AND
2 1 17387 17388 17389 AND
2 1 17389 44 17390 XOR
2 1 17473 17390 17475 XOR
2 1 17335 17343 17344 AND
2 1 17186 17334 17381 AND
2 1 17344 17381 17382 AND
2 1 17475 17382 17477 XOR
2 1 17485 17477 17487 XOR
2 1 17488 17487 17490 XOR
2 1 17498 17490 17500 XOR
2 1 17349 17350 17351 AND
2 1 17352 17360 17361 AND
2 1 17351 17361 17376 AND
2 1 17500 17376 17501 XOR
2 1 127 3339 17377 AND
2 1 3165 10162 17378 AND
2 1 17377 17378 17379 AND
2 1 17379 35 17380 XOR
2 1 17501 17380 17502 XOR
2 1 17235 17241 17242 AND
2 1 17243 17362 17363 AND
2 1 17242 17363 17375 AND
2 1 17502 17375 17504 XOR
2 1 17364 17365 17366 AND
2 1 17093 17230 17369 AND
2 1 17367 17369 17370 AND
2 1 17089 17231 17371 AND
2 1 17370 17371 17372 AND
2 1 17366 17372 17374 AND
2 1 17504 17374 17506 XOR
2 1 17376 17500 17631 AND
2 1 17376 17500 17632 AND
2 1 17380 17632 17633 AND
2 1 17631 17633 17634 AND
2 1 17487 17488 17489 AND
2 1 17490 17498 17499 AND
2 1 17489 17499 17628 AND
2 1 125 3904 17619 AND
2 1 127 3717 17618 AND
2 1 126 3714 17620 AND
2 1 17618 17620 17621 AND
2 1 17619 17621 17622 AND
2 1 3720 10136 17623 AND
2 1 17622 17623 17624 AND
2 1 17624 38 17625 XOR
2 1 17382 17475 17476 AND
2 1 17477 17485 17486 AND
2 1 17476 17486 17615 AND
2 1 122 4489 17606 AND
2 1 124 4283 17605 AND
2 1 123 4280 17607 AND
2 1 17605 17607 17608 AND
2 1 17606 17608 17609 AND
2 1 4286 9030 17610 AND
2 1 17609 17610 17611 AND
2 1 17611 41 17612 XOR
2 1 17391 17471 17472 AND
2 1 17390 17473 17474 AND
2 1 17472 17474 17602 AND
2 1 119 5125 17593 AND
2 1 121 4891 17592 AND
2 1 120 4888 17594 AND
2 1 17592 17594 17595 AND
2 1 17593 17595 17596 AND
2 1 4894 8447 17597 AND
2 1 17596 17597 17598 AND
2 1 17598 44 17599 XOR
2 1 113 6482 17577 AND
2 1 115 6208 17576 AND
2 1 114 6205 17578 AND
2 1 17576 17578 17579 AND
2 1 17577 17579 17580 AND
2 1 6211 6668 17581 AND
2 1 17580 17581 17582 AND
2 1 17582 50 17583 XOR
2 1 17401 17442 17443 AND
2 1 17444 17452 17453 AND
2 1 17443 17453 17573 AND
2 1 110 7228 17564 AND
2 1 112 6933 17563 AND
2 1 111 6930 17565 AND
2 1 17563 17565 17566 AND
2 1 17564 17566 17567 AND
2 1 5950 6936 17568 AND
2 1 17567 17568 17569 AND
2 1 17569 53 17570 XOR
2 1 17410 17438 17439 AND
2 1 17409 17440 17441 AND
2 1 17439 17441 17560 AND
2 1 107 8016 17551 AND
2 1 109 7735 17550 AND
2 1 108 7732 17552 AND
2 1 17550 17552 17553 AND
2 1 17551 17553 17554 AND
2 1 5468 7738 17555 AND
2 1 17554 17555 17556 AND
2 1 17556 56 17557 XOR
2 1 17419 17427 17428 AND
2 1 17429 17437 17546 AND
2 1 17428 17546 17547 AND
2 1 104 8808 17537 AND
2 1 106 8542 17536 AND
2 1 105 8539 17538 AND
2 1 17536 17538 17539 AND
2 1 17537 17539 17540 AND
2 1 4814 8545 17541 AND
2 1 17540 17541 17542 AND
2 1 17542 59 17543 XOR
2 1 101 9637 17527 AND
2 1 103 9346 17526 AND
2 1 102 9343 17528 AND
2 1 17526 17528 17529 AND
2 1 17527 17529 17530 AND
2 1 4041 9349 17531 AND
2 1 17530 17531 17532 AND
2 1 17532 62 17533 XOR
2 1 17414 35 17521 XOR
2 1 99 10243 17518 AND
2 1 100 9940 17519 AND
2 1 17518 17519 17520 AND
2 1 17521 17520 17523 XOR
2 1 17274 17414 17415 AND
2 1 17411 17416 17417 AND
2 1 17415 17417 17418 AND
2 1 17523 17418 17525 XOR
2 1 17533 17525 17535 XOR
2 1 17543 17535 17545 XOR
2 1 17547 17545 17549 XOR
2 1 17557 17549 17559 XOR
2 1 17560 17559 17562 XOR
2 1 17570 17562 17572 XOR
2 1 17573 17572 17575 XOR
2 1 17583 17575 17585 XOR
2 1 17454 17455 17456 AND
2 1 17457 17465 17466 AND
2 1 17456 17466 17517 AND
2 1 17585 17517 17587 XOR
2 1 116 5789 17510 AND
2 1 118 5532 17509 AND
2 1 117 5529 17511 AND
2 1 17509 17511 17512 AND
2 1 17510 17512 17513 AND
2 1 5535 7428 17514 AND
2 1 17513 17514 17515 AND
2 1 17515 47 17516 XOR
2 1 17587 17516 17589 XOR
2 1 17400 17467 17468 AND
2 1 17399 17469 17470 AND
2 1 17468 17470 17508 AND
2 1 17589 17508 17591 XOR
2 1 17599 17591 17601 XOR
2 1 17602 17601 17604 XOR
2 1 17612 17604 17614 XOR
2 1 17615 17614 17617 XOR
2 1 17625 17617 17627 XOR
2 1 17628 17627 17630 XOR
2 1 17634 17630 17636 XOR
2 1 17375 17502 17503 AND
2 1 17374 17504 17505 AND
2 1 17503 17505 17507 AND
2 1 17636 17507 17641 XOR
2 1 17630 17634 17635 AND
2 1 17375 17502 17637 AND
2 1 17636 17637 17638 AND
2 1 17374 17503 17639 AND
2 1 17638 17639 17640 AND
2 1 17635 17640 17764 AND
2 1 17617 17625 17626 AND
2 1 17627 17628 17629 AND
2 1 17626 17629 17761 AND
2 1 123 4489 17750 AND
2 1 125 4283 17749 AND
2 1 124 4280 17751 AND
2 1 17749 17751 17752 AND
2 1 17750 17752 17753 AND
2 1 4286 9567 17754 AND
2 1 17753 17754 17755 AND
2 1 17755 41 17756 XOR
2 1 17591 17599 17600 AND
2 1 17601 17602 17603 AND
2 1 17600 17603 17746 AND
2 1 120 5125 17737 AND
2 1 122 4891 17736 AND
2 1 121 4888 17738 AND
2 1 17736 17738 17739 AND
2 1 17737 17739 17740 AND
2 1 4894 8473 17741 AND
2 1 17740 17741 17742 AND
2 1 17742 44 17743 XOR
2 1 17516 17587 17588 AND
2 1 17508 17589 17590 AND
2 1 17588 17590 17733 AND
2 1 117 5789 17724 AND
2 1 119 5532 17723 AND
2 1 118 5529 17725 AND
2 1 17723 17725 17726 AND
2 1 17724 17726 17727 AND
2 1 5535 7925 17728 AND
2 1 17727 17728 17729 AND
2 1 17729 47 17730 XOR
2 1 17575 17583 17584 AND
2 1 17517 17585 17586 AND
2 1 17584 17586 17720 AND
2 1 114 6482 17711 AND
2 1 116 6208 17710 AND
2 1 115 6205 17712 AND
2 1 17710 17712 17713 AND
2 1 17711 17713 17714 AND
2 1 6211 7150 17715 AND
2 1 17714 17715 17716 AND
2 1 17716 50 17717 XOR
2 1 17562 17570 17571 AND
2 1 17572 17573 17574 AND
2 1 17571 17574 17707 AND
2 1 111 7228 17698 AND
2 1 113 6933 17697 AND
2 1 112 6930 17699 AND
2 1 17697 17699 17700 AND
2 1 17698 17700 17701 AND
2 1 6412 6936 17702 AND
2 1 17701 17702 17703 AND
2 1 17703 53 17704 XOR
2 1 17549 17557 17558 AND
2 1 17559 17560 17561 AND
2 1 17558 17561 17694 AND
2 1 108 8016 17685 AND
2 1 110 7735 17684 AND
2 1 109 7732 17686 AND
2 1 17684 17686 17687 AND
2 1 17685 17687 17688 AND
2 1 5705 7738 17689 AND
2 1 17688 17689 17690 AND
2 1 17690 56 17691 XOR
2 1 17535 17543 17544 AND
2 1 17545 17547 17548 AND
2 1 17544 17548 17681 AND
2 1 105 8808 17672 AND
2 1 107 8542 17671 AND
2 1 106 8539 17673 AND
2 1 17671 17673 17674 AND
2 1 17672 17674 17675 AND
2 1 4836 8545 17676 AND
2 1 17675 17676 17677 AND
2 1 17677 59 17678 XOR
2 1 17418 17523 17524 AND
2 1 17525 17533 17534 AND
2 1 17524 17534 17668 AND
2 1 17520 17521 17522 AND
2 1 35 17414 17662 AND
2 1 17522 17662 17663 AND
2 1 100 10243 17659 AND
2 1 101 9940 17660 AND
2 1 17659 17660 17661 AND
2 1 17663 17661 17665 XOR
2 1 102 9637 17652 AND
2 1 104 9346 17651 AND
2 1 103 9343 17653 AND
2 1 17651 17653 17654 AND
2 1 17652 17654 17655 AND
2 1 4414 9349 17656 AND
2 1 17655 17656 17657 AND
2 1 17657 62 17658 XOR
2 1 17665 17658 17667 XOR
2 1 17668 17667 17670 XOR
2 1 17678 17670 17680 XOR
2 1 17681 17680 17683 XOR
2 1 17691 17683 17693 XOR
2 1 17694 17693 17696 XOR
2 1 17704 17696 17706 XOR
2 1 17707 17706 17709 XOR
2 1 17717 17709 17719 XOR
2 1 17720 17719 17722 XOR
2 1 17730 17722 17732 XOR
2 1 17733 17732 17735 XOR
2 1 17743 17735 17745 XOR
2 1 17746 17745 17748 XOR
2 1 17756 17748 17758 XOR
2 1 126 3904 17643 AND
2 1 127 3714 17644 AND
2 1 17643 17644 17645 AND
2 1 3720 10165 17646 AND
2 1 17645 17646 17647 AND
2 1 17647 38 17648 XOR
2 1 17604 17612 17613 AND
2 1 17614 17615 17616 AND
2 1 17613 17616 17642 AND
2 1 17648 17642 17650 XOR
2 1 17758 17650 17760 XOR
2 1 17761 17760 17763 XOR
2 1 17764 17763 17766 XOR
2 1 124 4489 17870 AND
2 1 126 4283 17869 AND
2 1 125 4280 17871 AND
2 1 17869 17871 17872 AND
2 1 17870 17872 17873 AND
2 1 4286 9851 17874 AND
2 1 17873 17874 17875 AND
2 1 17875 41 17876 XOR
2 1 17732 17733 17734 AND
2 1 17735 17743 17744 AND
2 1 17734 17744 17866 AND
2 1 121 5125 17857 AND
2 1 123 4891 17856 AND
2 1 122 4888 17858 AND
2 1 17856 17858 17859 AND
2 1 17857 17859 17860 AND
2 1 4894 8999 17861 AND
2 1 17860 17861 17862 AND
2 1 17862 44 17863 XOR
2 1 112 7228 17837 AND
2 1 114 6933 17836 AND
2 1 113 6930 17838 AND
2 1 17836 17838 17839 AND
2 1 17837 17839 17840 AND
2 1 6651 6936 17841 AND
2 1 17840 17841 17842 AND
2 1 17842 53 17843 XOR
2 1 17680 17681 17682 AND
2 1 17683 17691 17692 AND
2 1 17682 17692 17833 AND
2 1 109 8016 17824 AND
2 1 111 7735 17823 AND
2 1 110 7732 17825 AND
2 1 17823 17825 17826 AND
2 1 17824 17826 17827 AND
2 1 5726 7738 17828 AND
2 1 17827 17828 17829 AND
2 1 17829 56 17830 XOR
2 1 17667 17668 17669 AND
2 1 17670 17678 17679 AND
2 1 17669 17679 17820 AND
2 1 106 8808 17812 AND
2 1 108 8542 17811 AND
2 1 107 8539 17813 AND
2 1 17811 17813 17814 AND
2 1 17812 17814 17815 AND
2 1 5250 8545 17816 AND
2 1 17815 17816 17817 AND
2 1 17817 59 17818 XOR
2 1 103 9637 17802 AND
2 1 105 9346 17801 AND
2 1 104 9343 17803 AND
2 1 17801 17803 17804 AND
2 1 17802 17804 17805 AND
2 1 4617 9349 17806 AND
2 1 17805 17806 17807 AND
2 1 17807 62 17808 XOR
2 1 101 10243 17794 AND
2 1 102 9940 17795 AND
2 1 17794 17795 17796 AND
2 1 17796 17661 17798 XOR
2 1 17661 17663 17664 AND
2 1 17658 17665 17666 AND
2 1 17664 17666 17793 AND
2 1 17798 17793 17800 XOR
2 1 17808 17800 17810 XOR
2 1 17818 17810 17819 XOR
2 1 17820 17819 17822 XOR
2 1 17830 17822 17832 XOR
2 1 17833 17832 17835 XOR
2 1 17843 17835 17845 XOR
2 1 17693 17694 17695 AND
2 1 17696 17704 17705 AND
2 1 17695 17705 17792 AND
2 1 17845 17792 17847 XOR
2 1 115 6482 17785 AND
2 1 117 6208 17784 AND
2 1 116 6205 17786 AND
2 1 17784 17786 17787 AND
2 1 17785 17787 17788 AND
2 1 6211 7407 17789 AND
2 1 17788 17789 17790 AND
2 1 17790 50 17791 XOR
2 1 17847 17791 17849 XOR
2 1 17706 17707 17708 AND
2 1 17709 17717 17718 AND
2 1 17708 17718 17783 AND
2 1 17849 17783 17851 XOR
2 1 118 5789 17776 AND
2 1 120 5532 17775 AND
2 1 119 5529 17777 AND
2 1 17775 17777 17778 AND
2 1 17776 17778 17779 AND
2 1 5535 7949 17780 AND
2 1 17779 17780 17781 AND
2 1 17781 47 17782 XOR
2 1 17851 17782 17853 XOR
2 1 17719 17720 17721 AND
2 1 17722 17730 17731 AND
2 1 17721 17731 17774 AND
2 1 17853 17774 17855 XOR
2 1 17863 17855 17865 XOR
2 1 17866 17865 17868 XOR
2 1 17876 17868 17878 XOR
2 1 17745 17746 17747 AND
2 1 17748 17756 17757 AND
2 1 17747 17757 17769 AND
2 1 17878 17769 17879 XOR
2 1 127 3904 17770 AND
2 1 3720 10162 17771 AND
2 1 17770 17771 17772 AND
2 1 17772 38 17773 XOR
2 1 17879 17773 17880 XOR
2 1 17642 17648 17649 AND
2 1 17650 17758 17759 AND
2 1 17649 17759 17768 AND
2 1 17880 17768 17882 XOR
2 1 17760 17761 17762 AND
2 1 17763 17764 17765 AND
2 1 17762 17765 17767 AND
2 1 17882 17767 17887 XOR
2 1 17769 17878 18000 AND
2 1 17769 17878 18001 AND
2 1 17773 18001 18002 AND
2 1 18000 18002 18003 AND
2 1 17865 17866 17867 AND
2 1 17868 17876 17877 AND
2 1 17867 17877 17997 AND
2 1 125 4489 17988 AND
2 1 127 4283 17987 AND
2 1 126 4280 17989 AND
2 1 17987 17989 17990 AND
2 1 17988 17990 17991 AND
2 1 4286 10136 17992 AND
2 1 17991 17992 17993 AND
2 1 17993 41 17994 XOR
2 1 17774 17853 17854 AND
2 1 17855 17863 17864 AND
2 1 17854 17864 17984 AND
2 1 122 5125 17975 AND
2 1 124 4891 17974 AND
2 1 123 4888 17976 AND
2 1 17974 17976 17977 AND
2 1 17975 17977 17978 AND
2 1 4894 9030 17979 AND
2 1 17978 17979 17980 AND
2 1 17980 44 17981 XOR
2 1 17783 17849 17850 AND
2 1 17782 17851 17852 AND
2 1 17850 17852 17971 AND
2 1 119 5789 17962 AND
2 1 121 5532 17961 AND
2 1 120 5529 17963 AND
2 1 17961 17963 17964 AND
2 1 17962 17964 17965 AND
2 1 5535 8447 17966 AND
2 1 17965 17966 17967 AND
2 1 17967 47 17968 XOR
2 1 113 7228 17946 AND
2 1 115 6933 17945 AND
2 1 114 6930 17947 AND
2 1 17945 17947 17948 AND
2 1 17946 17948 17949 AND
2 1 6668 6936 17950 AND
2 1 17949 17950 17951 AND
2 1 17951 53 17952 XOR
2 1 17819 17820 17821 AND
2 1 17822 17830 17831 AND
2 1 17821 17831 17942 AND
2 1 110 8016 17933 AND
2 1 112 7735 17932 AND
2 1 111 7732 17934 AND
2 1 17932 17934 17935 AND
2 1 17933 17935 17936 AND
2 1 5950 7738 17937 AND
2 1 17936 17937 17938 AND
2 1 17938 56 17939 XOR
2 1 17800 17808 17809 AND
2 1 17810 17818 17928 AND
2 1 17809 17928 17929 AND
2 1 107 8808 17919 AND
2 1 109 8542 17918 AND
2 1 108 8539 17920 AND
2 1 17918 17920 17921 AND
2 1 17919 17921 17922 AND
2 1 5468 8545 17923 AND
2 1 17922 17923 17924 AND
2 1 17924 59 17925 XOR
2 1 104 9637 17909 AND
2 1 106 9346 17908 AND
2 1 105 9343 17910 AND
2 1 17908 17910 17911 AND
2 1 17909 17911 17912 AND
2 1 4814 9349 17913 AND
2 1 17912 17913 17914 AND
2 1 17914 62 17915 XOR
2 1 17661 38 17903 XOR
2 1 102 10243 17900 AND
2 1 103 9940 17901 AND
2 1 17900 17901 17902 AND
2 1 17903 17902 17905 XOR
2 1 17661 17796 17797 AND
2 1 17793 17798 17799 AND
2 1 17797 17799 17899 AND
2 1 17905 17899 17907 XOR
2 1 17915 17907 17917 XOR
2 1 17925 17917 17927 XOR
2 1 17929 17927 17931 XOR
2 1 17939 17931 17941 XOR
2 1 17942 17941 17944 XOR
2 1 17952 17944 17954 XOR
2 1 17832 17833 17834 AND
2 1 17835 17843 17844 AND
2 1 17834 17844 17898 AND
2 1 17954 17898 17956 XOR
2 1 116 6482 17891 AND
2 1 118 6208 17890 AND
2 1 117 6205 17892 AND
2 1 17890 17892 17893 AND
2 1 17891 17893 17894 AND
2 1 6211 7428 17895 AND
2 1 17894 17895 17896 AND
2 1 17896 50 17897 XOR
2 1 17956 17897 17958 XOR
2 1 17792 17845 17846 AND
2 1 17791 17847 17848 AND
2 1 17846 17848 17889 AND
2 1 17958 17889 17960 XOR
2 1 17968 17960 17970 XOR
2 1 17971 17970 17973 XOR
2 1 17981 17973 17983 XOR
2 1 17984 17983 17986 XOR
2 1 17994 17986 17996 XOR
2 1 17997 17996 17999 XOR
2 1 18003 17999 18005 XOR
2 1 17768 17880 17881 AND
2 1 17762 17764 17883 AND
2 1 17760 17761 17884 AND
2 1 17882 17884 17885 AND
2 1 17883 17885 17886 AND
2 1 17881 17886 17888 AND
2 1 18005 17888 18007 XOR
2 1 17999 18003 18004 AND
2 1 17888 18005 18006 AND
2 1 18004 18006 18117 AND
2 1 17986 17994 17995 AND
2 1 17996 17997 17998 AND
2 1 17995 17998 18114 AND
2 1 123 5125 18103 AND
2 1 125 4891 18102 AND
2 1 124 4888 18104 AND
2 1 18102 18104 18105 AND
2 1 18103 18105 18106 AND
2 1 4894 9567 18107 AND
2 1 18106 18107 18108 AND
2 1 18108 44 18109 XOR
2 1 17960 17968 17969 AND
2 1 17970 17971 17972 AND
2 1 17969 17972 18099 AND
2 1 120 5789 18090 AND
2 1 122 5532 18089 AND
2 1 121 5529 18091 AND
2 1 18089 18091 18092 AND
2 1 18090 18092 18093 AND
2 1 5535 8473 18094 AND
2 1 18093 18094 18095 AND
2 1 18095 47 18096 XOR
2 1 17897 17956 17957 AND
2 1 17889 17958 17959 AND
2 1 17957 17959 18086 AND
2 1 117 6482 18077 AND
2 1 119 6208 18076 AND
2 1 118 6205 18078 AND
2 1 18076 18078 18079 AND
2 1 18077 18079 18080 AND
2 1 6211 7925 18081 AND
2 1 18080 18081 18082 AND
2 1 18082 50 18083 XOR
2 1 17944 17952 17953 AND
2 1 17898 17954 17955 AND
2 1 17953 17955 18073 AND
2 1 114 7228 18064 AND
2 1 116 6933 18063 AND
2 1 115 6930 18065 AND
2 1 18063 18065 18066 AND
2 1 18064 18066 18067 AND
2 1 6936 7150 18068 AND
2 1 18067 18068 18069 AND
2 1 18069 53 18070 XOR
2 1 17931 17939 17940 AND
2 1 17941 17942 17943 AND
2 1 17940 17943 18060 AND
2 1 111 8016 18051 AND
2 1 113 7735 18050 AND
2 1 112 7732 18052 AND
2 1 18050 18052 18053 AND
2 1 18051 18053 18054 AND
2 1 6412 7738 18055 AND
2 1 18054 18055 18056 AND
2 1 18056 56 18057 XOR
2 1 17917 17925 17926 AND
2 1 17927 17929 17930 AND
2 1 17926 17930 18047 AND
2 1 108 8808 18038 AND
2 1 110 8542 18037 AND
2 1 109 8539 18039 AND
2 1 18037 18039 18040 AND
2 1 18038 18040 18041 AND
2 1 5705 8545 18042 AND
2 1 18041 18042 18043 AND
2 1 18043 59 18044 XOR
2 1 105 9637 18026 AND
2 1 107 9346 18025 AND
2 1 106 9343 18027 AND
2 1 18025 18027 18028 AND
2 1 18026 18028 18029 AND
2 1 4836 9349 18030 AND
2 1 18029 18030 18031 AND
2 1 18031 62 18032 XOR
2 1 17902 17903 17904 AND
2 1 38 17661 18021 AND
2 1 17904 18021 18022 AND
2 1 103 10243 18018 AND
2 1 104 9940 18019 AND
2 1 18018 18019 18020 AND
2 1 18022 18020 18024 XOR
2 1 18032 18024 18034 XOR
2 1 17899 17905 17906 AND
2 1 17907 17915 17916 AND
2 1 17906 17916 18017 AND
2 1 18034 18017 18036 XOR
2 1 18044 18036 18046 XOR
2 1 18047 18046 18049 XOR
2 1 18057 18049 18059 XOR
2 1 18060 18059 18062 XOR
2 1 18070 18062 18072 XOR
2 1 18073 18072 18075 XOR
2 1 18083 18075 18085 XOR
2 1 18086 18085 18088 XOR
2 1 18096 18088 18098 XOR
2 1 18099 18098 18101 XOR
2 1 18109 18101 18111 XOR
2 1 126 4489 18009 AND
2 1 127 4280 18010 AND
2 1 18009 18010 18011 AND
2 1 4286 10165 18012 AND
2 1 18011 18012 18013 AND
2 1 18013 41 18014 XOR
2 1 17973 17981 17982 AND
2 1 17983 17984 17985 AND
2 1 17982 17985 18008 AND
2 1 18014 18008 18016 XOR
2 1 18111 18016 18113 XOR
2 1 18114 18113 18116 XOR
2 1 18117 18116 18122 XOR
2 1 124 5125 18213 AND
2 1 126 4891 18212 AND
2 1 125 4888 18214 AND
2 1 18212 18214 18215 AND
2 1 18213 18215 18216 AND
2 1 4894 9851 18217 AND
2 1 18216 18217 18218 AND
2 1 18218 44 18219 XOR
2 1 18085 18086 18087 AND
2 1 18088 18096 18097 AND
2 1 18087 18097 18209 AND
2 1 112 8016 18188 AND
2 1 114 7735 18187 AND
2 1 113 7732 18189 AND
2 1 18187 18189 18190 AND
2 1 18188 18190 18191 AND
2 1 6651 7738 18192 AND
2 1 18191 18192 18193 AND
2 1 18193 56 18194 XOR
2 1 109 8808 18176 AND
2 1 111 8542 18175 AND
2 1 110 8539 18177 AND
2 1 18175 18177 18178 AND
2 1 18176 18178 18179 AND
2 1 5726 8545 18180 AND
2 1 18179 18180 18181 AND
2 1 18181 59 18182 XOR
2 1 106 9637 18167 AND
2 1 108 9346 18166 AND
2 1 107 9343 18168 AND
2 1 18166 18168 18169 AND
2 1 18167 18169 18170 AND
2 1 5250 9349 18171 AND
2 1 18170 18171 18172 AND
2 1 18172 62 18173 XOR
2 1 104 10243 18159 AND
2 1 105 9940 18160 AND
2 1 18159 18160 18161 AND
2 1 18161 18020 18163 XOR
2 1 18020 18022 18023 AND
2 1 18024 18032 18033 AND
2 1 18023 18033 18158 AND
2 1 18163 18158 18165 XOR
2 1 18173 18165 18174 XOR
2 1 18182 18174 18184 XOR
2 1 18017 18034 18035 AND
2 1 18036 18044 18045 AND
2 1 18035 18045 18157 AND
2 1 18184 18157 18186 XOR
2 1 18194 18186 18196 XOR
2 1 18046 18047 18048 AND
2 1 18049 18057 18058 AND
2 1 18048 18058 18156 AND
2 1 18196 18156 18198 XOR
2 1 115 7228 18149 AND
2 1 117 6933 18148 AND
2 1 116 6930 18150 AND
2 1 18148 18150 18151 AND
2 1 18149 18151 18152 AND
2 1 6936 7407 18153 AND
2 1 18152 18153 18154 AND
2 1 18154 53 18155 XOR
2 1 18198 18155 18200 XOR
2 1 18059 18060 18061 AND
2 1 18062 18070 18071 AND
2 1 18061 18071 18147 AND
2 1 18200 18147 18202 XOR
2 1 118 6482 18140 AND
2 1 120 6208 18139 AND
2 1 119 6205 18141 AND
2 1 18139 18141 18142 AND
2 1 18140 18142 18143 AND
2 1 6211 7949 18144 AND
2 1 18143 18144 18145 AND
2 1 18145 50 18146 XOR
2 1 18202 18146 18204 XOR
2 1 18072 18073 18074 AND
2 1 18075 18083 18084 AND
2 1 18074 18084 18138 AND
2 1 18204 18138 18206 XOR
2 1 121 5789 18131 AND
2 1 123 5532 18130 AND
2 1 122 5529 18132 AND
2 1 18130 18132 18133 AND
2 1 18131 18133 18134 AND
2 1 5535 8999 18135 AND
2 1 18134 18135 18136 AND
2 1 18136 47 18137 XOR
2 1 18206 18137 18208 XOR
2 1 18209 18208 18211 XOR
2 1 18219 18211 18221 XOR
2 1 18098 18099 18100 AND
2 1 18101 18109 18110 AND
2 1 18100 18110 18125 AND
2 1 18221 18125 18222 XOR
2 1 127 4489 18126 AND
2 1 4286 10162 18127 AND
2 1 18126 18127 18128 AND
2 1 18128 41 18129 XOR
2 1 18222 18129 18223 XOR
2 1 18008 18014 18015 AND
2 1 18016 18111 18112 AND
2 1 18015 18112 18124 AND
2 1 18223 18124 18225 XOR
2 1 18113 18114 18115 AND
2 1 17999 18003 18118 AND
2 1 18116 18118 18119 AND
2 1 17888 18004 18120 AND
2 1 18119 18120 18121 AND
2 1 18115 18121 18123 AND
2 1 18225 18123 18227 XOR
2 1 18125 18221 18327 AND
2 1 18125 18221 18328 AND
2 1 18129 18328 18329 AND
2 1 18327 18329 18330 AND
2 1 18208 18209 18210 AND
2 1 18211 18219 18220 AND
2 1 18210 18220 18324 AND
2 1 125 5125 18315 AND
2 1 127 4891 18314 AND
2 1 126 4888 18316 AND
2 1 18314 18316 18317 AND
2 1 18315 18317 18318 AND
2 1 4894 10136 18319 AND
2 1 18318 18319 18320 AND
2 1 18320 44 18321 XOR
2 1 18138 18204 18205 AND
2 1 18137 18206 18207 AND
2 1 18205 18207 18311 AND
2 1 116 7228 18294 AND
2 1 118 6933 18293 AND
2 1 117 6930 18295 AND
2 1 18293 18295 18296 AND
2 1 18294 18296 18297 AND
2 1 6936 7428 18298 AND
2 1 18297 18298 18299 AND
2 1 18299 53 18300 XOR
2 1 18174 18182 18183 AND
2 1 18165 18173 18285 AND
2 1 18183 18285 18286 AND
2 1 110 8808 18276 AND
2 1 112 8542 18275 AND
2 1 111 8539 18277 AND
2 1 18275 18277 18278 AND
2 1 18276 18278 18279 AND
2 1 5950 8545 18280 AND
2 1 18279 18280 18281 AND
2 1 18281 59 18282 XOR
2 1 18020 18161 18162 AND
2 1 18158 18163 18164 AND
2 1 18162 18164 18272 AND
2 1 107 9637 18263 AND
2 1 109 9346 18262 AND
2 1 108 9343 18264 AND
2 1 18262 18264 18265 AND
2 1 18263 18265 18266 AND
2 1 5468 9349 18267 AND
2 1 18266 18267 18268 AND
2 1 18268 62 18269 XOR
2 1 105 10243 18257 AND
2 1 106 9940 18258 AND
2 1 18257 18258 18259 AND
2 1 18020 41 18256 XOR
2 1 18259 18256 18261 XOR
2 1 18269 18261 18271 XOR
2 1 18272 18271 18274 XOR
2 1 18282 18274 18284 XOR
2 1 18286 18284 18288 XOR
2 1 113 8016 18249 AND
2 1 115 7735 18248 AND
2 1 114 7732 18250 AND
2 1 18248 18250 18251 AND
2 1 18249 18251 18252 AND
2 1 6668 7738 18253 AND
2 1 18252 18253 18254 AND
2 1 18254 56 18255 XOR
2 1 18288 18255 18290 XOR
2 1 18157 18184 18185 AND
2 1 18186 18194 18195 AND
2 1 18185 18195 18247 AND
2 1 18290 18247 18292 XOR
2 1 18300 18292 18302 XOR
2 1 18156 18196 18197 AND
2 1 18155 18198 18199 AND
2 1 18197 18199 18246 AND
2 1 18302 18246 18304 XOR
2 1 119 6482 18239 AND
2 1 121 6208 18238 AND
2 1 120 6205 18240 AND
2 1 18238 18240 18241 AND
2 1 18239 18241 18242 AND
2 1 6211 8447 18243 AND
2 1 18242 18243 18244 AND
2 1 18244 50 18245 XOR
2 1 18304 18245 18306 XOR
2 1 18147 18200 18201 AND
2 1 18146 18202 18203 AND
2 1 18201 18203 18237 AND
2 1 18306 18237 18308 XOR
2 1 122 5789 18230 AND
2 1 124 5532 18229 AND
2 1 123 5529 18231 AND
2 1 18229 18231 18232 AND
2 1 18230 18232 18233 AND
2 1 5535 9030 18234 AND
2 1 18233 18234 18235 AND
2 1 18235 47 18236 XOR
2 1 18308 18236 18310 XOR
2 1 18311 18310 18313 XOR
2 1 18321 18313 18323 XOR
2 1 18324 18323 18326 XOR
2 1 18330 18326 18332 XOR
2 1 18124 18223 18224 AND
2 1 18123 18225 18226 AND
2 1 18224 18226 18228 AND
2 1 18332 18228 18337 XOR
2 1 18326 18330 18331 AND
2 1 18124 18223 18333 AND
2 1 18332 18333 18334 AND
2 1 18123 18224 18335 AND
2 1 18334 18335 18336 AND
2 1 18331 18336 18433 AND
2 1 18313 18321 18322 AND
2 1 18323 18324 18325 AND
2 1 18322 18325 18430 AND
2 1 120 6482 18415 AND
2 1 122 6208 18414 AND
2 1 121 6205 18416 AND
2 1 18414 18416 18417 AND
2 1 18415 18417 18418 AND
2 1 6211 8473 18419 AND
2 1 18418 18419 18420 AND
2 1 18420 50 18421 XOR
2 1 117 7228 18404 AND
2 1 119 6933 18403 AND
2 1 118 6930 18405 AND
2 1 18403 18405 18406 AND
2 1 18404 18406 18407 AND
2 1 6936 7925 18408 AND
2 1 18407 18408 18409 AND
2 1 18409 53 18410 XOR
2 1 18255 18288 18289 AND
2 1 18247 18290 18291 AND
2 1 18289 18291 18400 AND
2 1 114 8016 18391 AND
2 1 116 7735 18390 AND
2 1 115 7732 18392 AND
2 1 18390 18392 18393 AND
2 1 18391 18393 18394 AND
2 1 7150 7738 18395 AND
2 1 18394 18395 18396 AND
2 1 18396 56 18397 XOR
2 1 18274 18282 18283 AND
2 1 18284 18286 18287 AND
2 1 18283 18287 18387 AND
2 1 111 8808 18378 AND
2 1 113 8542 18377 AND
2 1 112 8539 18379 AND
2 1 18377 18379 18380 AND
2 1 18378 18380 18381 AND
2 1 6412 8545 18382 AND
2 1 18381 18382 18383 AND
2 1 18383 59 18384 XOR
2 1 108 9637 18366 AND
2 1 110 9346 18365 AND
2 1 109 9343 18367 AND
2 1 18365 18367 18368 AND
2 1 18366 18368 18369 AND
2 1 5705 9349 18370 AND
2 1 18369 18370 18371 AND
2 1 18371 62 18372 XOR
2 1 18256 18259 18260 AND
2 1 41 18020 18361 AND
2 1 18260 18361 18362 AND
2 1 106 10243 18358 AND
2 1 107 9940 18359 AND
2 1 18358 18359 18360 AND
2 1 18362 18360 18364 XOR
2 1 18372 18364 18374 XOR
2 1 18261 18269 18270 AND
2 1 18271 18272 18273 AND
2 1 18270 18273 18357 AND
2 1 18374 18357 18376 XOR
2 1 18384 18376 18386 XOR
2 1 18387 18386 18389 XOR
2 1 18397 18389 18399 XOR
2 1 18400 18399 18402 XOR
2 1 18410 18402 18412 XOR
2 1 18292 18300 18301 AND
2 1 18246 18302 18303 AND
2 1 18301 18303 18356 AND
2 1 18412 18356 18413 XOR
2 1 18421 18413 18423 XOR
2 1 18245 18304 18305 AND
2 1 18237 18306 18307 AND
2 1 18305 18307 18355 AND
2 1 18423 18355 18425 XOR
2 1 123 5789 18348 AND
2 1 125 5532 18347 AND
2 1 124 5529 18349 AND
2 1 18347 18349 18350 AND
2 1 18348 18350 18351 AND
2 1 5535 9567 18352 AND
2 1 18351 18352 18353 AND
2 1 18353 47 18354 XOR
2 1 18425 18354 18427 XOR
2 1 126 5125 18339 AND
2 1 127 4888 18340 AND
2 1 18339 18340 18341 AND
2 1 4894 10165 18342 AND
2 1 18341 18342 18343 AND
2 1 18343 44 18344 XOR
2 1 18236 18308 18309 AND
2 1 18310 18311 18312 AND
2 1 18309 18312 18338 AND
2 1 18344 18338 18346 XOR
2 1 18427 18346 18429 XOR
2 1 18430 18429 18432 XOR
2 1 18433 18432 18435 XOR
2 1 124 5789 18515 AND
2 1 126 5532 18514 AND
2 1 125 5529 18516 AND
2 1 18514 18516 18517 AND
2 1 18515 18517 18518 AND
2 1 5535 9851 18519 AND
2 1 18518 18519 18520 AND
2 1 18520 47 18521 XOR
2 1 18413 18421 18422 AND
2 1 18356 18412 18510 AND
2 1 18422 18510 18511 AND
2 1 109 9637 18485 AND
2 1 111 9346 18484 AND
2 1 110 9343 18486 AND
2 1 18484 18486 18487 AND
2 1 18485 18487 18488 AND
2 1 5726 9349 18489 AND
2 1 18488 18489 18490 AND
2 1 18490 62 18491 XOR
2 1 107 10243 18479 AND
2 1 108 9940 18480 AND
2 1 18479 18480 18481 AND
2 1 18481 18360 18483 XOR
2 1 18491 18483 18493 XOR
2 1 18360 18362 18363 AND
2 1 18364 18372 18373 AND
2 1 18363 18373 18478 AND
2 1 18493 18478 18495 XOR
2 1 112 8808 18471 AND
2 1 114 8542 18470 AND
2 1 113 8539 18472 AND
2 1 18470 18472 18473 AND
2 1 18471 18473 18474 AND
2 1 6651 8545 18475 AND
2 1 18474 18475 18476 AND
2 1 18476 59 18477 XOR
2 1 18495 18477 18497 XOR
2 1 18357 18374 18375 AND
2 1 18376 18384 18385 AND
2 1 18375 18385 18469 AND
2 1 18497 18469 18499 XOR
2 1 115 8016 18462 AND
2 1 117 7735 18461 AND
2 1 116 7732 18463 AND
2 1 18461 18463 18464 AND
2 1 18462 18464 18465 AND
2 1 7407 7738 18466 AND
2 1 18465 18466 18467 AND
2 1 18467 56 18468 XOR
2 1 18499 18468 18501 XOR
2 1 18386 18387 18388 AND
2 1 18389 18397 18398 AND
2 1 18388 18398 18460 AND
2 1 18501 18460 18503 XOR
2 1 118 7228 18453 AND
2 1 120 6933 18452 AND
2 1 119 6930 18454 AND
2 1 18452 18454 18455 AND
2 1 18453 18455 18456 AND
2 1 6936 7949 18457 AND
2 1 18456 18457 18458 AND
2 1 18458 53 18459 XOR
2 1 18503 18459 18505 XOR
2 1 18399 18400 18401 AND
2 1 18402 18410 18411 AND
2 1 18401 18411 18451 AND
2 1 18505 18451 18507 XOR
2 1 121 6482 18444 AND
2 1 123 6208 18443 AND
2 1 122 6205 18445 AND
2 1 18443 18445 18446 AND
2 1 18444 18446 18447 AND
2 1 6211 8999 18448 AND
2 1 18447 18448 18449 AND
2 1 18449 50 18450 XOR
2 1 18507 18450 18509 XOR
2 1 18511 18509 18513 XOR
2 1 18521 18513 18523 XOR
2 1 18355 18423 18424 AND
2 1 18354 18425 18426 AND
2 1 18424 18426 18438 AND
2 1 18523 18438 18524 XOR
2 1 127 5125 18439 AND
2 1 4894 10162 18440 AND
2 1 18439 18440 18441 AND
2 1 18441 44 18442 XOR
2 1 18524 18442 18525 XOR
2 1 18338 18344 18345 AND
2 1 18346 18427 18428 AND
2 1 18345 18428 18437 AND
2 1 18525 18437 18527 XOR
2 1 18429 18430 18431 AND
2 1 18432 18433 18434 AND
2 1 18431 18434 18436 AND
2 1 18527 18436 18532 XOR
2 1 18438 18523 18619 AND
2 1 18438 18523 18620 AND
2 1 18442 18620 18621 AND
2 1 18619 18621 18622 AND
2 1 18509 18511 18512 AND
2 1 18513 18521 18522 AND
2 1 18512 18522 18616 AND
2 1 113 8808 18591 AND
2 1 115 8542 18590 AND
2 1 114 8539 18592 AND
2 1 18590 18592 18593 AND
2 1 18591 18593 18594 AND
2 1 6668 8545 18595 AND
2 1 18594 18595 18596 AND
2 1 18596 59 18597 XOR
2 1 110 9637 18581 AND
2 1 112 9346 18580 AND
2 1 111 9343 18582 AND
2 1 18580 18582 18583 AND
2 1 18581 18583 18584 AND
2 1 5950 9349 18585 AND
2 1 18584 18585 18586 AND
2 1 18586 62 18587 XOR
2 1 108 10243 18571 AND
2 1 109 9940 18572 AND
2 1 18571 18572 18573 AND
2 1 18573 44 18575 XOR
2 1 18575 18360 18577 XOR
2 1 18360 18481 18482 AND
2 1 18483 18491 18492 AND
2 1 18482 18492 18570 AND
2 1 18577 18570 18579 XOR
2 1 18587 18579 18589 XOR
2 1 18597 18589 18599 XOR
2 1 18478 18493 18494 AND
2 1 18477 18495 18496 AND
2 1 18494 18496 18569 AND
2 1 18599 18569 18601 XOR
2 1 116 8016 18562 AND
2 1 118 7735 18561 AND
2 1 117 7732 18563 AND
2 1 18561 18563 18564 AND
2 1 18562 18564 18565 AND
2 1 7428 7738 18566 AND
2 1 18565 18566 18567 AND
2 1 18567 56 18568 XOR
2 1 18601 18568 18603 XOR
2 1 18469 18497 18498 AND
2 1 18468 18499 18500 AND
2 1 18498 18500 18560 AND
2 1 18603 18560 18605 XOR
2 1 119 7228 18553 AND
2 1 121 6933 18552 AND
2 1 120 6930 18554 AND
2 1 18552 18554 18555 AND
2 1 18553 18555 18556 AND
2 1 6936 8447 18557 AND
2 1 18556 18557 18558 AND
2 1 18558 53 18559 XOR
2 1 18605 18559 18607 XOR
2 1 18460 18501 18502 AND
2 1 18459 18503 18504 AND
2 1 18502 18504 18551 AND
2 1 18607 18551 18609 XOR
2 1 122 6482 18544 AND
2 1 124 6208 18543 AND
2 1 123 6205 18545 AND
2 1 18543 18545 18546 AND
2 1 18544 18546 18547 AND
2 1 6211 9030 18548 AND
2 1 18547 18548 18549 AND
2 1 18549 50 18550 XOR
2 1 18609 18550 18611 XOR
2 1 18451 18505 18506 AND
2 1 18450 18507 18508 AND
2 1 18506 18508 18542 AND
2 1 18611 18542 18613 XOR
2 1 125 5789 18535 AND
2 1 127 5532 18534 AND
2 1 126 5529 18536 AND
2 1 18534 18536 18537 AND
2 1 18535 18537 18538 AND
2 1 5535 10136 18539 AND
2 1 18538 18539 18540 AND
2 1 18540 47 18541 XOR
2 1 18613 18541 18615 XOR
2 1 18616 18615 18618 XOR
2 1 18622 18618 18624 XOR
2 1 18437 18525 18526 AND
2 1 18431 18433 18528 AND
2 1 18429 18430 18529 AND
2 1 18527 18529 18530 AND
2 1 18528 18530 18531 AND
2 1 18526 18531 18533 AND
2 1 18624 18533 18626 XOR
2 1 18618 18622 18623 AND
2 1 18533 18624 18625 AND
2 1 18623 18625 18708 AND
2 1 18541 18613 18614 AND
2 1 18615 18616 18617 AND
2 1 18614 18617 18705 AND
2 1 120 7228 18690 AND
2 1 122 6933 18689 AND
2 1 121 6930 18691 AND
2 1 18689 18691 18692 AND
2 1 18690 18692 18693 AND
2 1 6936 8473 18694 AND
2 1 18693 18694 18695 AND
2 1 18695 53 18696 XOR
2 1 111 9637 18671 AND
2 1 113 9346 18670 AND
2 1 112 9343 18672 AND
2 1 18670 18672 18673 AND
2 1 18671 18673 18674 AND
2 1 6412 9349 18675 AND
2 1 18674 18675 18676 AND
2 1 18676 62 18677 XOR
2 1 44 18573 18574 AND
2 1 18360 18575 18576 AND
2 1 18574 18576 18667 AND
2 1 109 10243 18664 AND
2 1 110 9940 18665 AND
2 1 18664 18665 18666 AND
2 1 18667 18666 18669 XOR
2 1 18677 18669 18679 XOR
2 1 18570 18577 18578 AND
2 1 18579 18587 18588 AND
2 1 18578 18588 18663 AND
2 1 18679 18663 18681 XOR
2 1 114 8808 18656 AND
2 1 116 8542 18655 AND
2 1 115 8539 18657 AND
2 1 18655 18657 18658 AND
2 1 18656 18658 18659 AND
2 1 7150 8545 18660 AND
2 1 18659 18660 18661 AND
2 1 18661 59 18662 XOR
2 1 18681 18662 18683 XOR
2 1 18589 18597 18598 AND
2 1 18569 18599 18600 AND
2 1 18598 18600 18654 AND
2 1 18683 18654 18685 XOR
2 1 117 8016 18647 AND
2 1 119 7735 18646 AND
2 1 118 7732 18648 AND
2 1 18646 18648 18649 AND
2 1 18647 18649 18650 AND
2 1 7738 7925 18651 AND
2 1 18650 18651 18652 AND
2 1 18652 56 18653 XOR
2 1 18685 18653 18687 XOR
2 1 18568 18601 18602 AND
2 1 18560 18603 18604 AND
2 1 18602 18604 18645 AND
2 1 18687 18645 18688 XOR
2 1 18696 18688 18698 XOR
2 1 18559 18605 18606 AND
2 1 18551 18607 18608 AND
2 1 18606 18608 18644 AND
2 1 18698 18644 18700 XOR
2 1 123 6482 18637 AND
2 1 125 6208 18636 AND
2 1 124 6205 18638 AND
2 1 18636 18638 18639 AND
2 1 18637 18639 18640 AND
2 1 6211 9567 18641 AND
2 1 18640 18641 18642 AND
2 1 18642 50 18643 XOR
2 1 18700 18643 18702 XOR
2 1 126 5789 18628 AND
2 1 127 5529 18629 AND
2 1 18628 18629 18630 AND
2 1 5535 10165 18631 AND
2 1 18630 18631 18632 AND
2 1 18632 47 18633 XOR
2 1 18550 18609 18610 AND
2 1 18542 18611 18612 AND
2 1 18610 18612 18627 AND
2 1 18633 18627 18635 XOR
2 1 18702 18635 18704 XOR
2 1 18705 18704 18707 XOR
2 1 18708 18707 18713 XOR
2 1 18704 18705 18706 AND
2 1 18618 18622 18709 AND
2 1 18707 18709 18710 AND
2 1 18533 18623 18711 AND
2 1 18710 18711 18712 AND
2 1 18706 18712 18794 AND
2 1 18627 18633 18634 AND
2 1 18635 18702 18703 AND
2 1 18634 18703 18791 AND
2 1 127 5789 18783 AND
2 1 5535 10162 18784 AND
2 1 18783 18784 18785 AND
2 1 18785 47 18786 XOR
2 1 18644 18698 18699 AND
2 1 18643 18700 18701 AND
2 1 18699 18701 18782 AND
2 1 18786 18782 18788 XOR
2 1 124 6482 18773 AND
2 1 126 6208 18772 AND
2 1 125 6205 18774 AND
2 1 18772 18774 18775 AND
2 1 18773 18775 18776 AND
2 1 6211 9851 18777 AND
2 1 18776 18777 18778 AND
2 1 18778 50 18779 XOR
2 1 18688 18696 18697 AND
2 1 18645 18687 18768 AND
2 1 18697 18768 18769 AND
2 1 112 9637 18750 AND
2 1 114 9346 18749 AND
2 1 113 9343 18751 AND
2 1 18749 18751 18752 AND
2 1 18750 18752 18753 AND
2 1 6651 9349 18754 AND
2 1 18753 18754 18755 AND
2 1 18755 62 18756 XOR
2 1 110 10243 18741 AND
2 1 111 9940 18742 AND
2 1 18741 18742 18743 AND
2 1 18743 18666 18745 XOR
2 1 18666 18667 18668 AND
2 1 18669 18677 18678 AND
2 1 18668 18678 18740 AND
2 1 18745 18740 18748 XOR
2 1 18756 18748 18757 XOR
2 1 115 8808 18733 AND
2 1 117 8542 18732 AND
2 1 116 8539 18734 AND
2 1 18732 18734 18735 AND
2 1 18733 18735 18736 AND
2 1 7407 8545 18737 AND
2 1 18736 18737 18738 AND
2 1 18738 59 18739 XOR
2 1 18757 18739 18759 XOR
2 1 18663 18679 18680 AND
2 1 18662 18681 18682 AND
2 1 18680 18682 18731 AND
2 1 18759 18731 18761 XOR
2 1 118 8016 18724 AND
2 1 120 7735 18723 AND
2 1 119 7732 18725 AND
2 1 18723 18725 18726 AND
2 1 18724 18726 18727 AND
2 1 7738 7949 18728 AND
2 1 18727 18728 18729 AND
2 1 18729 56 18730 XOR
2 1 18761 18730 18763 XOR
2 1 18654 18683 18684 AND
2 1 18653 18685 18686 AND
2 1 18684 18686 18722 AND
2 1 18763 18722 18765 XOR
2 1 121 7228 18715 AND
2 1 123 6933 18714 AND
2 1 122 6930 18716 AND
2 1 18714 18716 18717 AND
2 1 18715 18717 18718 AND
2 1 6936 8999 18719 AND
2 1 18718 18719 18720 AND
2 1 18720 53 18721 XOR
2 1 18765 18721 18767 XOR
2 1 18769 18767 18771 XOR
2 1 18779 18771 18781 XOR
2 1 18788 18781 18790 XOR
2 1 18791 18790 18793 XOR
2 1 18794 18793 18796 XOR
2 1 18790 18791 18792 AND
2 1 18793 18794 18795 AND
2 1 18792 18795 18871 AND
2 1 18782 18786 18787 AND
2 1 18781 18788 18789 AND
2 1 18787 18789 18868 AND
2 1 18767 18769 18770 AND
2 1 18771 18779 18780 AND
2 1 18770 18780 18865 AND
2 1 116 8808 18844 AND
2 1 118 8542 18843 AND
2 1 117 8539 18845 AND
2 1 18843 18845 18846 AND
2 1 18844 18846 18847 AND
2 1 7428 8545 18848 AND
2 1 18847 18848 18849 AND
2 1 18849 59 18850 XOR
2 1 18743 47 18836 XOR
2 1 111 10243 18833 AND
2 1 112 9940 18834 AND
2 1 18833 18834 18835 AND
2 1 18836 18835 18838 XOR
2 1 113 9637 18826 AND
2 1 115 9346 18825 AND
2 1 114 9343 18827 AND
2 1 18825 18827 18828 AND
2 1 18826 18828 18829 AND
2 1 6668 9349 18830 AND
2 1 18829 18830 18831 AND
2 1 18831 62 18832 XOR
2 1 18838 18832 18840 XOR
2 1 18666 18743 18744 AND
2 1 18740 18745 18746 AND
2 1 18744 18746 18747 AND
2 1 18840 18747 18842 XOR
2 1 18850 18842 18852 XOR
2 1 18739 18757 18758 AND
2 1 18748 18756 18823 AND
2 1 18758 18823 18824 AND
2 1 18852 18824 18854 XOR
2 1 119 8016 18816 AND
2 1 121 7735 18815 AND
2 1 120 7732 18817 AND
2 1 18815 18817 18818 AND
2 1 18816 18818 18819 AND
2 1 7738 8447 18820 AND
2 1 18819 18820 18821 AND
2 1 18821 56 18822 XOR
2 1 18854 18822 18856 XOR
2 1 18731 18759 18760 AND
2 1 18730 18761 18762 AND
2 1 18760 18762 18814 AND
2 1 18856 18814 18858 XOR
2 1 122 7228 18807 AND
2 1 124 6933 18806 AND
2 1 123 6930 18808 AND
2 1 18806 18808 18809 AND
2 1 18807 18809 18810 AND
2 1 6936 9030 18811 AND
2 1 18810 18811 18812 AND
2 1 18812 53 18813 XOR
2 1 18858 18813 18860 XOR
2 1 18722 18763 18764 AND
2 1 18721 18765 18766 AND
2 1 18764 18766 18805 AND
2 1 18860 18805 18862 XOR
2 1 125 6482 18798 AND
2 1 127 6208 18797 AND
2 1 126 6205 18799 AND
2 1 18797 18799 18800 AND
2 1 18798 18800 18801 AND
2 1 6211 10136 18802 AND
2 1 18801 18802 18803 AND
2 1 18803 50 18804 XOR
2 1 18862 18804 18864 XOR
2 1 18865 18864 18867 XOR
2 1 18868 18867 18870 XOR
2 1 18871 18870 18876 XOR
2 1 18867 18868 18869 AND
2 1 18792 18794 18872 AND
2 1 18790 18791 18873 AND
2 1 18870 18873 18874 AND
2 1 18872 18874 18875 AND
2 1 18869 18875 18947 AND
2 1 18804 18862 18863 AND
2 1 18864 18865 18866 AND
2 1 18863 18866 18944 AND
2 1 114 9637 18919 AND
2 1 116 9346 18918 AND
2 1 115 9343 18920 AND
2 1 18918 18920 18921 AND
2 1 18919 18921 18922 AND
2 1 7150 9349 18923 AND
2 1 18922 18923 18924 AND
2 1 18924 62 18925 XOR
2 1 18835 18836 18837 AND
2 1 47 18743 18914 AND
2 1 18837 18914 18915 AND
2 1 112 10243 18911 AND
2 1 113 9940 18912 AND
2 1 18911 18912 18913 AND
2 1 18915 18913 18917 XOR
2 1 18925 18917 18927 XOR
2 1 18832 18838 18839 AND
2 1 18747 18840 18841 AND
2 1 18839 18841 18910 AND
2 1 18927 18910 18929 XOR
2 1 117 8808 18903 AND
2 1 119 8542 18902 AND
2 1 118 8539 18904 AND
2 1 18902 18904 18905 AND
2 1 18903 18905 18906 AND
2 1 7925 8545 18907 AND
2 1 18906 18907 18908 AND
2 1 18908 59 18909 XOR
2 1 18929 18909 18931 XOR
2 1 18842 18850 18851 AND
2 1 18824 18852 18853 AND
2 1 18851 18853 18901 AND
2 1 18931 18901 18933 XOR
2 1 120 8016 18894 AND
2 1 122 7735 18893 AND
2 1 121 7732 18895 AND
2 1 18893 18895 18896 AND
2 1 18894 18896 18897 AND
2 1 7738 8473 18898 AND
2 1 18897 18898 18899 AND
2 1 18899 56 18900 XOR
2 1 18933 18900 18935 XOR
2 1 18822 18854 18855 AND
2 1 18814 18856 18857 AND
2 1 18855 18857 18892 AND
2 1 18935 18892 18937 XOR
2 1 123 7228 18885 AND
2 1 125 6933 18884 AND
2 1 124 6930 18886 AND
2 1 18884 18886 18887 AND
2 1 18885 18887 18888 AND
2 1 6936 9567 18889 AND
2 1 18888 18889 18890 AND
2 1 18890 53 18891 XOR
2 1 18937 18891 18939 XOR
2 1 18813 18858 18859 AND
2 1 18805 18860 18861 AND
2 1 18859 18861 18883 AND
2 1 18939 18883 18941 XOR
2 1 126 6482 18877 AND
2 1 127 6205 18878 AND
2 1 18877 18878 18879 AND
2 1 6211 10165 18880 AND
2 1 18879 18880 18881 AND
2 1 18881 50 18882 XOR
2 1 18941 18882 18943 XOR
2 1 18944 18943 18946 XOR
2 1 18947 18946 18949 XOR
2 1 18943 18944 18945 AND
2 1 18946 18947 18948 AND
2 1 18945 18948 19016 AND
2 1 18883 18939 18940 AND
2 1 18882 18941 18942 AND
2 1 18940 18942 19013 AND
2 1 127 6482 19005 AND
2 1 6211 10162 19006 AND
2 1 19005 19006 19007 AND
2 1 19007 50 19008 XOR
2 1 18892 18935 18936 AND
2 1 18891 18937 18938 AND
2 1 18936 18938 19004 AND
2 1 19008 19004 19010 XOR
2 1 124 7228 18995 AND
2 1 126 6933 18994 AND
2 1 125 6930 18996 AND
2 1 18994 18996 18997 AND
2 1 18995 18997 18998 AND
2 1 6936 9851 18999 AND
2 1 18998 18999 19000 AND
2 1 19000 53 19001 XOR
2 1 18901 18931 18932 AND
2 1 18900 18933 18934 AND
2 1 18932 18934 18991 AND
2 1 118 8808 18978 AND
2 1 120 8542 18977 AND
2 1 119 8539 18979 AND
2 1 18977 18979 18980 AND
2 1 18978 18980 18981 AND
2 1 7949 8545 18982 AND
2 1 18981 18982 18983 AND
2 1 18983 59 18984 XOR
2 1 18913 18915 18916 AND
2 1 18917 18925 18926 AND
2 1 18916 18926 18974 AND
2 1 113 10243 18967 AND
2 1 114 9940 18968 AND
2 1 18967 18968 18969 AND
2 1 18969 18913 18971 XOR
2 1 115 9637 18960 AND
2 1 117 9346 18959 AND
2 1 116 9343 18961 AND
2 1 18959 18961 18962 AND
2 1 18960 18962 18963 AND
2 1 7407 9349 18964 AND
2 1 18963 18964 18965 AND
2 1 18965 62 18966 XOR
2 1 18971 18966 18973 XOR
2 1 18974 18973 18976 XOR
2 1 18984 18976 18986 XOR
2 1 18910 18927 18928 AND
2 1 18909 18929 18930 AND
2 1 18928 18930 18958 AND
2 1 18986 18958 18988 XOR
2 1 121 8016 18951 AND
2 1 123 7735 18950 AND
2 1 122 7732 18952 AND
2 1 18950 18952 18953 AND
2 1 18951 18953 18954 AND
2 1 7738 8999 18955 AND
2 1 18954 18955 18956 AND
2 1 18956 56 18957 XOR
2 1 18988 18957 18990 XOR
2 1 18991 18990 18993 XOR
2 1 19001 18993 19003 XOR
2 1 19010 19003 19012 XOR
2 1 19013 19012 19015 XOR
2 1 19016 19015 19021 XOR
2 1 19012 19013 19014 AND
2 1 18945 18947 19017 AND
2 1 18943 18944 19018 AND
2 1 19015 19018 19019 AND
2 1 19017 19019 19020 AND
2 1 19014 19020 19082 AND
2 1 19004 19008 19009 AND
2 1 19003 19010 19011 AND
2 1 19009 19011 19079 AND
2 1 18990 18991 18992 AND
2 1 18993 19001 19002 AND
2 1 18992 19002 19076 AND
2 1 125 7228 19067 AND
2 1 127 6933 19066 AND
2 1 126 6930 19068 AND
2 1 19066 19068 19069 AND
2 1 19067 19069 19070 AND
2 1 6936 10136 19071 AND
2 1 19070 19071 19072 AND
2 1 19072 53 19073 XOR
2 1 114 10243 19049 AND
2 1 115 9940 19050 AND
2 1 19049 19050 19051 AND
2 1 19051 50 19053 XOR
2 1 19053 18913 19055 XOR
2 1 116 9637 19041 AND
2 1 118 9346 19040 AND
2 1 117 9343 19042 AND
2 1 19040 19042 19043 AND
2 1 19041 19043 19044 AND
2 1 7428 9349 19045 AND
2 1 19044 19045 19046 AND
2 1 19046 62 19047 XOR
2 1 19055 19047 19056 XOR
2 1 18913 18969 18970 AND
2 1 18966 18971 18972 AND
2 1 18970 18972 19048 AND
2 1 19056 19048 19057 XOR
2 1 119 8808 19033 AND
2 1 121 8542 19032 AND
2 1 120 8539 19034 AND
2 1 19032 19034 19035 AND
2 1 19033 19035 19036 AND
2 1 8447 8545 19037 AND
2 1 19036 19037 19038 AND
2 1 19038 59 19039 XOR
2 1 19057 19039 19059 XOR
2 1 18973 18974 18975 AND
2 1 18976 18984 18985 AND
2 1 18975 18985 19031 AND
2 1 19059 19031 19061 XOR
2 1 122 8016 19024 AND
2 1 124 7735 19023 AND
2 1 123 7732 19025 AND
2 1 19023 19025 19026 AND
2 1 19024 19026 19027 AND
2 1 7738 9030 19028 AND
2 1 19027 19028 19029 AND
2 1 19029 56 19030 XOR
2 1 19061 19030 19063 XOR
2 1 18958 18986 18987 AND
2 1 18957 18988 18989 AND
2 1 18987 18989 19022 AND
2 1 19063 19022 19065 XOR
2 1 19073 19065 19075 XOR
2 1 19076 19075 19078 XOR
2 1 19079 19078 19081 XOR
2 1 19082 19081 19084 XOR
2 1 19078 19079 19080 AND
2 1 19081 19082 19083 AND
2 1 19080 19083 19144 AND
2 1 19065 19073 19074 AND
2 1 19075 19076 19077 AND
2 1 19074 19077 19141 AND
2 1 117 9637 19120 AND
2 1 119 9346 19119 AND
2 1 118 9343 19121 AND
2 1 19119 19121 19122 AND
2 1 19120 19122 19123 AND
2 1 7925 9349 19124 AND
2 1 19123 19124 19125 AND
2 1 19125 62 19126 XOR
2 1 50 19051 19052 AND
2 1 18913 19053 19054 AND
2 1 19052 19054 19116 AND
2 1 115 10243 19113 AND
2 1 116 9940 19114 AND
2 1 19113 19114 19115 AND
2 1 19116 19115 19118 XOR
2 1 19126 19118 19128 XOR
2 1 19047 19055 19109 AND
2 1 19047 19055 19110 AND
2 1 19048 19110 19111 AND
2 1 19109 19111 19112 AND
2 1 19128 19112 19130 XOR
2 1 120 8808 19102 AND
2 1 122 8542 19101 AND
2 1 121 8539 19103 AND
2 1 19101 19103 19104 AND
2 1 19102 19104 19105 AND
2 1 8473 8545 19106 AND
2 1 19105 19106 19107 AND
2 1 19107 59 19108 XOR
2 1 19130 19108 19132 XOR
2 1 19039 19057 19058 AND
2 1 19031 19059 19060 AND
2 1 19058 19060 19100 AND
2 1 19132 19100 19134 XOR
2 1 123 8016 19093 AND
2 1 125 7735 19092 AND
2 1 124 7732 19094 AND
2 1 19092 19094 19095 AND
2 1 19093 19095 19096 AND
2 1 7738 9567 19097 AND
2 1 19096 19097 19098 AND
2 1 19098 56 19099 XOR
2 1 19134 19099 19136 XOR
2 1 19030 19061 19062 AND
2 1 19022 19063 19064 AND
2 1 19062 19064 19091 AND
2 1 19136 19091 19138 XOR
2 1 126 7228 19085 AND
2 1 127 6930 19086 AND
2 1 19085 19086 19087 AND
2 1 6936 10165 19088 AND
2 1 19087 19088 19089 AND
2 1 19089 53 19090 XOR
2 1 19138 19090 19140 XOR
2 1 19141 19140 19143 XOR
2 1 19144 19143 19149 XOR
2 1 19140 19141 19142 AND
2 1 19080 19082 19145 AND
2 1 19078 19079 19146 AND
2 1 19143 19146 19147 AND
2 1 19145 19147 19148 AND
2 1 19142 19148 19203 AND
2 1 19091 19136 19137 AND
2 1 19090 19138 19139 AND
2 1 19137 19139 19200 AND
2 1 127 7228 19192 AND
2 1 6936 10162 19193 AND
2 1 19192 19193 19194 AND
2 1 19194 53 19195 XOR
2 1 19100 19132 19133 AND
2 1 19099 19134 19135 AND
2 1 19133 19135 19191 AND
2 1 19195 19191 19197 XOR
2 1 124 8016 19182 AND
2 1 126 7735 19181 AND
2 1 125 7732 19183 AND
2 1 19181 19183 19184 AND
2 1 19182 19184 19185 AND
2 1 7738 9851 19186 AND
2 1 19185 19186 19187 AND
2 1 19187 56 19188 XOR
2 1 121 8808 19170 AND
2 1 123 8542 19169 AND
2 1 122 8539 19171 AND
2 1 19169 19171 19172 AND
2 1 19170 19172 19173 AND
2 1 8545 8999 19174 AND
2 1 19173 19174 19175 AND
2 1 19175 59 19176 XOR
2 1 118 9637 19161 AND
2 1 120 9346 19160 AND
2 1 119 9343 19162 AND
2 1 19160 19162 19163 AND
2 1 19161 19163 19164 AND
2 1 7949 9349 19165 AND
2 1 19164 19165 19166 AND
2 1 19166 62 19167 XOR
2 1 116 10243 19152 AND
2 1 117 9940 19153 AND
2 1 19152 19153 19154 AND
2 1 19154 19115 19156 XOR
2 1 19115 19116 19117 AND
2 1 19118 19126 19127 AND
2 1 19117 19127 19151 AND
2 1 19156 19151 19159 XOR
2 1 19167 19159 19168 XOR
2 1 19176 19168 19178 XOR
2 1 19112 19128 19129 AND
2 1 19108 19130 19131 AND
2 1 19129 19131 19150 AND
2 1 19178 19150 19180 XOR
2 1 19188 19180 19190 XOR
2 1 19197 19190 19199 XOR
2 1 19200 19199 19202 XOR
2 1 19203 19202 19205 XOR
2 1 119 9637 19236 AND
2 1 121 9346 19235 AND
2 1 120 9343 19237 AND
2 1 19235 19237 19238 AND
2 1 19236 19238 19239 AND
2 1 8447 9349 19240 AND
2 1 19239 19240 19241 AND
2 1 19241 62 19242 XOR
2 1 117 10243 19230 AND
2 1 118 9940 19231 AND
2 1 19230 19231 19232 AND
2 1 19154 53 19229 XOR
2 1 19232 19229 19234 XOR
2 1 19242 19234 19244 XOR
2 1 19115 19154 19155 AND
2 1 19151 19156 19157 AND
2 1 19155 19157 19158 AND
2 1 19244 19158 19246 XOR
2 1 122 8808 19222 AND
2 1 124 8542 19221 AND
2 1 123 8539 19223 AND
2 1 19221 19223 19224 AND
2 1 19222 19224 19225 AND
2 1 8545 9030 19226 AND
2 1 19225 19226 19227 AND
2 1 19227 59 19228 XOR
2 1 19246 19228 19248 XOR
2 1 19168 19176 19177 AND
2 1 19159 19167 19219 AND
2 1 19177 19219 19220 AND
2 1 19248 19220 19250 XOR
2 1 125 8016 19210 AND
2 1 127 7735 19209 AND
2 1 126 7732 19211 AND
2 1 19209 19211 19212 AND
2 1 19210 19212 19213 AND
2 1 7738 10136 19214 AND
2 1 19213 19214 19215 AND
2 1 19215 56 19216 XOR
2 1 19150 19178 19179 AND
2 1 19180 19188 19189 AND
2 1 19179 19189 19208 AND
2 1 19216 19208 19218 XOR
2 1 19250 19218 19251 XOR
2 1 19191 19195 19196 AND
2 1 19190 19197 19198 AND
2 1 19196 19198 19207 AND
2 1 19251 19207 19253 XOR
2 1 19199 19200 19201 AND
2 1 19202 19203 19204 AND
2 1 19201 19204 19206 AND
2 1 19253 19206 19258 XOR
2 1 19207 19251 19252 AND
2 1 19201 19203 19254 AND
2 1 19199 19200 19255 AND
2 1 19253 19255 19256 AND
2 1 19254 19256 19257 AND
2 1 19252 19257 19304 AND
2 1 19208 19216 19217 AND
2 1 19218 19250 19300 AND
2 1 19217 19300 19301 AND
2 1 120 9637 19283 AND
2 1 122 9346 19282 AND
2 1 121 9343 19284 AND
2 1 19282 19284 19285 AND
2 1 19283 19285 19286 AND
2 1 8473 9349 19287 AND
2 1 19286 19287 19288 AND
2 1 19288 62 19289 XOR
2 1 19229 19232 19233 AND
2 1 53 19154 19278 AND
2 1 19233 19278 19279 AND
2 1 118 10243 19275 AND
2 1 119 9940 19276 AND
2 1 19275 19276 19277 AND
2 1 19279 19277 19281 XOR
2 1 19289 19281 19291 XOR
2 1 19234 19242 19243 AND
2 1 19158 19244 19245 AND
2 1 19243 19245 19274 AND
2 1 19291 19274 19293 XOR
2 1 123 8808 19267 AND
2 1 125 8542 19266 AND
2 1 124 8539 19268 AND
2 1 19266 19268 19269 AND
2 1 19267 19269 19270 AND
2 1 8545 9567 19271 AND
2 1 19270 19271 19272 AND
2 1 19272 59 19273 XOR
2 1 19293 19273 19295 XOR
2 1 19228 19246 19247 AND
2 1 19220 19248 19249 AND
2 1 19247 19249 19265 AND
2 1 19295 19265 19297 XOR
2 1 126 8016 19259 AND
2 1 127 7732 19260 AND
2 1 19259 19260 19261 AND
2 1 7738 10165 19262 AND
2 1 19261 19262 19263 AND
2 1 19263 56 19264 XOR
2 1 19297 19264 19299 XOR
2 1 19301 19299 19303 XOR
2 1 19304 19303 19306 XOR
2 1 19299 19301 19302 AND
2 1 19303 19304 19305 AND
2 1 19302 19305 19347 AND
2 1 19265 19295 19296 AND
2 1 19264 19297 19298 AND
2 1 19296 19298 19344 AND
2 1 127 8016 19336 AND
2 1 7738 10162 19337 AND
2 1 19336 19337 19338 AND
2 1 19338 56 19339 XOR
2 1 19274 19291 19292 AND
2 1 19273 19293 19294 AND
2 1 19292 19294 19335 AND
2 1 19339 19335 19341 XOR
2 1 124 8808 19326 AND
2 1 126 8542 19325 AND
2 1 125 8539 19327 AND
2 1 19325 19327 19328 AND
2 1 19326 19328 19329 AND
2 1 8545 9851 19330 AND
2 1 19329 19330 19331 AND
2 1 19331 59 19332 XOR
2 1 19277 19279 19280 AND
2 1 19281 19289 19290 AND
2 1 19280 19290 19322 AND
2 1 119 10243 19315 AND
2 1 120 9940 19316 AND
2 1 19315 19316 19317 AND
2 1 19317 19277 19319 XOR
2 1 121 9637 19308 AND
2 1 123 9346 19307 AND
2 1 122 9343 19309 AND
2 1 19307 19309 19310 AND
2 1 19308 19310 19311 AND
2 1 8999 9349 19312 AND
2 1 19311 19312 19313 AND
2 1 19313 62 19314 XOR
2 1 19319 19314 19321 XOR
2 1 19322 19321 19324 XOR
2 1 19332 19324 19334 XOR
2 1 19341 19334 19343 XOR
2 1 19344 19343 19346 XOR
2 1 19347 19346 19352 XOR
2 1 19343 19344 19345 AND
2 1 19302 19304 19348 AND
2 1 19299 19301 19349 AND
2 1 19346 19349 19350 AND
2 1 19348 19350 19351 AND
2 1 19345 19351 19389 AND
2 1 19335 19339 19340 AND
2 1 19334 19341 19342 AND
2 1 19340 19342 19386 AND
2 1 122 9637 19375 AND
2 1 124 9346 19374 AND
2 1 123 9343 19376 AND
2 1 19374 19376 19377 AND
2 1 19375 19377 19378 AND
2 1 9030 9349 19379 AND
2 1 19378 19379 19380 AND
2 1 19380 62 19381 XOR
2 1 19277 19317 19318 AND
2 1 19314 19319 19320 AND
2 1 19318 19320 19371 AND
2 1 120 10243 19364 AND
2 1 121 9940 19365 AND
2 1 19364 19365 19366 AND
2 1 19366 56 19368 XOR
2 1 19368 19277 19370 XOR
2 1 19371 19370 19373 XOR
2 1 19381 19373 19383 XOR
2 1 125 8808 19355 AND
2 1 127 8542 19354 AND
2 1 126 8539 19356 AND
2 1 19354 19356 19357 AND
2 1 19355 19357 19358 AND
2 1 8545 10136 19359 AND
2 1 19358 19359 19360 AND
2 1 19360 59 19361 XOR
2 1 19321 19322 19323 AND
2 1 19324 19332 19333 AND
2 1 19323 19333 19353 AND
2 1 19361 19353 19363 XOR
2 1 19383 19363 19385 XOR
2 1 19386 19385 19388 XOR
2 1 19389 19388 19391 XOR
2 1 19385 19386 19387 AND
2 1 19388 19389 19390 AND
2 1 19387 19390 19422 AND
2 1 19353 19361 19362 AND
2 1 19363 19383 19384 AND
2 1 19362 19384 19419 AND
2 1 126 8808 19411 AND
2 1 127 8539 19412 AND
2 1 19411 19412 19413 AND
2 1 8545 10165 19414 AND
2 1 19413 19414 19415 AND
2 1 19415 59 19416 XOR
2 1 123 9637 19400 AND
2 1 125 9346 19399 AND
2 1 124 9343 19401 AND
2 1 19399 19401 19402 AND
2 1 19400 19402 19403 AND
2 1 9349 9567 19404 AND
2 1 19403 19404 19405 AND
2 1 19405 62 19406 XOR
2 1 56 19366 19367 AND
2 1 19277 19368 19369 AND
2 1 19367 19369 19396 AND
2 1 121 10243 19393 AND
2 1 122 9940 19394 AND
2 1 19393 19394 19395 AND
2 1 19396 19395 19398 XOR
2 1 19406 19398 19408 XOR
2 1 19370 19371 19372 AND
2 1 19373 19381 19382 AND
2 1 19372 19382 19392 AND
2 1 19408 19392 19410 XOR
2 1 19416 19410 19418 XOR
2 1 19419 19418 19421 XOR
2 1 19422 19421 19427 XOR
2 1 127 8808 19447 AND
2 1 8545 10162 19448 AND
2 1 19447 19448 19449 AND
2 1 19449 59 19450 XOR
2 1 124 9637 19440 AND
2 1 126 9346 19439 AND
2 1 125 9343 19441 AND
2 1 19439 19441 19442 AND
2 1 19440 19442 19443 AND
2 1 9349 9851 19444 AND
2 1 19443 19444 19445 AND
2 1 19445 62 19446 XOR
2 1 19450 19446 19452 XOR
2 1 122 10243 19431 AND
2 1 123 9940 19432 AND
2 1 19431 19432 19433 AND
2 1 19433 19395 19435 XOR
2 1 19395 19396 19397 AND
2 1 19398 19406 19407 AND
2 1 19397 19407 19430 AND
2 1 19435 19430 19438 XOR
2 1 19452 19438 19453 XOR
2 1 19392 19408 19409 AND
2 1 19410 19416 19417 AND
2 1 19409 19417 19429 AND
2 1 19453 19429 19455 XOR
2 1 19418 19419 19420 AND
2 1 19387 19389 19423 AND
2 1 19385 19386 19424 AND
2 1 19421 19424 19425 AND
2 1 19423 19425 19426 AND
2 1 19420 19426 19428 AND
2 1 19455 19428 19457 XOR
2 1 125 9637 19468 AND
2 1 127 9346 19467 AND
2 1 126 9343 19469 AND
2 1 19467 19469 19470 AND
2 1 19468 19470 19471 AND
2 1 9349 10136 19472 AND
2 1 19471 19472 19473 AND
2 1 19473 62 19474 XOR
2 1 123 10243 19462 AND
2 1 124 9940 19463 AND
2 1 19462 19463 19464 AND
2 1 19433 59 19461 XOR
2 1 19464 19461 19466 XOR
2 1 19474 19466 19476 XOR
2 1 19395 19433 19434 AND
2 1 19430 19435 19436 AND
2 1 19434 19436 19437 AND
2 1 19476 19437 19478 XOR
2 1 19446 19450 19451 AND
2 1 19438 19452 19459 AND
2 1 19451 19459 19460 AND
2 1 19478 19460 19480 XOR
2 1 19429 19453 19454 AND
2 1 19428 19455 19456 AND
2 1 19454 19456 19458 AND
2 1 19480 19458 19485 XOR
2 1 126 9637 19495 AND
2 1 127 9343 19496 AND
2 1 19495 19496 19497 AND
2 1 9349 10165 19498 AND
2 1 19497 19498 19499 AND
2 1 19499 62 19500 XOR
2 1 19461 19464 19465 AND
2 1 59 19433 19491 AND
2 1 19465 19491 19492 AND
2 1 124 10243 19488 AND
2 1 125 9940 19489 AND
2 1 19488 19489 19490 AND
2 1 19492 19490 19494 XOR
2 1 19500 19494 19502 XOR
2 1 19466 19474 19475 AND
2 1 19437 19476 19477 AND
2 1 19475 19477 19487 AND
2 1 19502 19487 19504 XOR
2 1 19460 19478 19479 AND
2 1 19429 19453 19481 AND
2 1 19480 19481 19482 AND
2 1 19428 19454 19483 AND
2 1 19482 19483 19484 AND
2 1 19479 19484 19486 AND
2 1 19504 19486 19506 XOR
2 1 127 9637 19514 AND
2 1 9349 10162 19515 AND
2 1 19514 19515 19516 AND
2 1 19516 62 19517 XOR
2 1 125 10243 19509 AND
2 1 126 9940 19510 AND
2 1 19509 19510 19511 AND
2 1 19511 19490 19513 XOR
2 1 19517 19513 19519 XOR
2 1 19490 19492 19493 AND
2 1 19494 19500 19501 AND
2 1 19493 19501 19508 AND
2 1 19519 19508 19521 XOR
2 1 19487 19502 19503 AND
2 1 19486 19504 19505 AND
2 1 19503 19505 19507 AND
2 1 19521 19507 19526 XOR
2 1 126 10243 19529 AND
2 1 127 9940 19530 AND
2 1 19529 19530 19531 AND
2 1 19531 62 19533 XOR
2 1 19533 19490 19535 XOR
2 1 19490 19511 19512 AND
2 1 19513 19517 19518 AND
2 1 19512 19518 19528 AND
2 1 19535 19528 19536 XOR
2 1 19508 19519 19520 AND
2 1 19487 19502 19522 AND
2 1 19521 19522 19523 AND
2 1 19486 19503 19524 AND
2 1 19523 19524 19525 AND
2 1 19520 19525 19527 AND
2 1 19536 19527 19537 XOR
2 1 19528 19535 19542 AND
2 1 127 10243 19539 AND
2 1 62 19530 19532 AND
2 1 19490 19533 19534 AND
2 1 19532 19534 19538 AND
2 1 19539 19538 19540 XOR
2 1 19542 19540 19543 XOR
2 1 19527 19536 19541 AND
2 1 19543 19541 19544 XOR