2 1 126 127 129 AND
2 1 126 127 134 AND
2 1 124 134 135 AND
2 1 122 123 136 AND
2 1 124 136 137 AND
2 1 135 137 138 AND
2 1 124 126 139 AND
2 1 124 127 140 AND
2 1 140 125 141 XOR
2 1 139 141 142 AND
2 1 138 142 143 AND
2 1 129 143 144 AND
2 1 138 142 145 AND
2 1 124 125 131 AND
2 1 131 126 146 XOR
2 1 127 146 147 AND
2 1 145 147 148 AND
2 1 144 148 149 AND
2 1 126 127 130 AND
2 1 126 131 132 AND
2 1 130 132 133 AND
2 1 122 149 150 AND
2 1 120 121 151 AND
2 1 122 151 152 AND
2 1 150 152 153 AND
2 1 133 153 154 AND
2 1 130 152 155 AND
2 1 132 155 156 AND
2 1 150 156 157 AND
2 1 122 149 159 AND
2 1 159 123 160 XOR
2 1 157 160 161 AND
2 1 154 161 162 AND
2 1 136 149 158 AND
2 1 133 147 163 AND
2 1 145 163 164 AND
2 1 144 164 165 AND
2 1 158 165 166 AND
2 1 166 124 167 XOR
2 1 143 147 168 AND
2 1 145 168 169 AND
2 1 167 169 170 AND
2 1 162 170 171 AND
2 1 129 171 172 AND
2 1 162 167 173 AND
2 1 142 147 174 AND
2 1 142 138 175 XOR
2 1 129 175 176 AND
2 1 174 176 177 AND
2 1 138 142 178 AND
2 1 129 147 179 AND
2 1 178 179 180 AND
2 1 177 180 181 AND
2 1 173 181 182 AND
2 1 172 182 183 AND
2 1 120 183 187 AND
2 1 118 119 185 AND
2 1 120 185 188 AND
2 1 149 188 189 AND
2 1 187 189 190 AND
2 1 120 183 192 AND
2 1 192 121 193 XOR
2 1 120 183 184 AND
2 1 120 185 186 AND
2 1 147 186 194 AND
2 1 145 194 195 AND
2 1 144 195 196 AND
2 1 184 196 197 AND
2 1 193 197 198 AND
2 1 190 198 199 AND
2 1 133 199 200 AND
2 1 133 190 201 AND
2 1 198 201 202 AND
2 1 151 183 191 AND
2 1 149 180 203 AND
2 1 177 203 204 AND
2 1 173 204 205 AND
2 1 172 205 206 AND
2 1 191 206 207 AND
2 1 207 122 208 XOR
2 1 202 208 209 AND
2 1 200 209 210 AND
2 1 154 157 211 AND
2 1 183 211 212 AND
2 1 212 160 213 XOR
2 1 162 167 214 AND
2 1 183 214 215 AND
2 1 173 215 216 AND
2 1 213 216 217 AND
2 1 210 217 218 AND
2 1 129 218 219 AND
2 1 200 213 220 AND
2 1 209 220 221 AND
2 1 167 182 222 AND
2 1 167 162 223 XOR
2 1 129 223 224 AND
2 1 222 224 225 AND
2 1 167 180 226 AND
2 1 177 226 227 AND
2 1 173 227 228 AND
2 1 172 228 229 AND
2 1 225 229 230 AND
2 1 221 230 231 AND
2 1 219 231 232 AND
2 1 190 232 264 AND
2 1 197 264 265 AND
2 1 265 193 266 XOR
2 1 133 266 268 AND
2 1 118 232 236 AND
2 1 116 117 234 AND
2 1 118 234 237 AND
2 1 183 237 238 AND
2 1 236 238 239 AND
2 1 118 232 233 AND
2 1 118 234 235 AND
2 1 180 235 240 AND
2 1 177 240 241 AND
2 1 173 241 242 AND
2 1 172 242 243 AND
2 1 233 243 244 AND
2 1 118 232 246 AND
2 1 246 119 247 XOR
2 1 244 247 248 AND
2 1 239 248 249 AND
2 1 149 249 250 AND
2 1 149 239 251 AND
2 1 248 251 252 AND
2 1 185 232 245 AND
2 1 183 229 253 AND
2 1 225 253 254 AND
2 1 221 254 255 AND
2 1 219 255 256 AND
2 1 245 256 257 AND
2 1 257 120 258 XOR
2 1 252 258 259 AND
2 1 250 259 260 AND
2 1 133 266 269 AND
2 1 260 269 270 AND
2 1 268 270 271 AND
2 1 202 208 272 AND
2 1 200 272 273 AND
2 1 232 273 274 AND
2 1 200 202 275 AND
2 1 232 275 276 AND
2 1 208 276 277 AND
2 1 274 277 278 AND
2 1 210 213 279 AND
2 1 232 279 280 AND
2 1 221 280 281 AND
2 1 278 281 282 AND
2 1 271 282 283 AND
2 1 129 283 284 AND
2 1 133 250 262 AND
2 1 259 262 263 AND
2 1 263 266 267 AND
2 1 133 260 261 AND
2 1 261 278 285 AND
2 1 267 285 286 AND
2 1 210 232 287 AND
2 1 213 287 288 AND
2 1 129 221 289 AND
2 1 288 289 290 AND
2 1 213 229 291 AND
2 1 225 291 292 AND
2 1 221 292 293 AND
2 1 219 293 294 AND
2 1 290 294 295 AND
2 1 286 295 296 AND
2 1 284 296 297 AND
2 1 116 297 301 AND
2 1 114 115 299 AND
2 1 116 299 302 AND
2 1 232 302 303 AND
2 1 301 303 304 AND
2 1 116 297 298 AND
2 1 116 299 300 AND
2 1 229 300 305 AND
2 1 225 305 306 AND
2 1 221 306 307 AND
2 1 219 307 308 AND
2 1 298 308 309 AND
2 1 116 297 311 AND
2 1 311 117 312 XOR
2 1 309 312 313 AND
2 1 304 313 314 AND
2 1 183 314 315 AND
2 1 183 304 316 AND
2 1 313 316 317 AND
2 1 234 297 310 AND
2 1 232 294 318 AND
2 1 290 318 319 AND
2 1 286 319 320 AND
2 1 284 320 321 AND
2 1 310 321 322 AND
2 1 322 118 323 XOR
2 1 317 323 324 AND
2 1 315 324 325 AND
2 1 149 325 326 AND
2 1 239 244 327 AND
2 1 297 327 328 AND
2 1 328 247 329 XOR
2 1 149 315 330 AND
2 1 324 330 331 AND
2 1 329 331 332 AND
2 1 326 332 333 AND
2 1 133 333 334 AND
2 1 250 252 335 AND
2 1 297 335 336 AND
2 1 336 258 337 XOR
2 1 133 326 338 AND
2 1 332 338 339 AND
2 1 337 339 340 AND
2 1 334 340 341 AND
2 1 261 266 342 AND
2 1 263 342 343 AND
2 1 297 343 344 AND
2 1 261 263 345 AND
2 1 297 345 346 AND
2 1 266 346 347 AND
2 1 344 347 348 AND
2 1 271 278 349 AND
2 1 297 349 350 AND
2 1 286 350 351 AND
2 1 348 351 352 AND
2 1 341 352 353 AND
2 1 129 353 354 AND
2 1 334 348 355 AND
2 1 340 355 356 AND
2 1 278 297 357 AND
2 1 278 271 358 XOR
2 1 129 358 359 AND
2 1 357 359 360 AND
2 1 274 294 361 AND
2 1 277 361 362 AND
2 1 290 362 363 AND
2 1 286 363 364 AND
2 1 284 364 365 AND
2 1 360 365 366 AND
2 1 356 366 367 AND
2 1 354 367 368 AND
2 1 304 309 398 AND
2 1 368 398 399 AND
2 1 399 312 400 XOR
2 1 114 368 369 AND
2 1 112 113 370 AND
2 1 114 370 371 AND
2 1 294 371 376 AND
2 1 290 376 377 AND
2 1 286 377 378 AND
2 1 284 378 379 AND
2 1 369 379 380 AND
2 1 114 368 382 AND
2 1 382 115 383 XOR
2 1 380 383 384 AND
2 1 114 368 372 AND
2 1 114 370 373 AND
2 1 297 373 374 AND
2 1 372 374 375 AND
2 1 232 375 387 AND
2 1 384 387 388 AND
2 1 299 368 381 AND
2 1 297 365 389 AND
2 1 360 389 390 AND
2 1 356 390 391 AND
2 1 354 391 392 AND
2 1 381 392 393 AND
2 1 393 116 394 XOR
2 1 388 394 395 AND
2 1 375 384 385 AND
2 1 232 385 386 AND
2 1 183 386 401 AND
2 1 395 401 402 AND
2 1 400 402 403 AND
2 1 386 395 396 AND
2 1 183 396 397 AND
2 1 149 397 412 AND
2 1 403 412 413 AND
2 1 183 400 404 AND
2 1 183 400 405 AND
2 1 396 405 406 AND
2 1 404 406 407 AND
2 1 149 407 408 AND
2 1 315 317 409 AND
2 1 368 409 410 AND
2 1 410 323 411 XOR
2 1 411 413 414 AND
2 1 408 414 415 AND
2 1 133 415 416 AND
2 1 326 368 417 AND
2 1 331 417 418 AND
2 1 418 329 419 XOR
2 1 133 408 420 AND
2 1 414 420 421 AND
2 1 419 421 422 AND
2 1 416 422 423 AND
2 1 337 339 424 AND
2 1 334 424 425 AND
2 1 368 425 426 AND
2 1 334 339 427 AND
2 1 368 427 428 AND
2 1 337 428 429 AND
2 1 426 429 430 AND
2 1 341 348 431 AND
2 1 368 431 432 AND
2 1 356 432 433 AND
2 1 430 433 434 AND
2 1 423 434 435 AND
2 1 129 435 436 AND
2 1 416 430 437 AND
2 1 422 437 438 AND
2 1 348 368 439 AND
2 1 348 341 440 XOR
2 1 129 440 441 AND
2 1 439 441 442 AND
2 1 344 365 443 AND
2 1 347 443 444 AND
2 1 360 444 445 AND
2 1 356 445 446 AND
2 1 354 446 447 AND
2 1 442 447 448 AND
2 1 438 448 449 AND
2 1 436 449 450 AND
2 1 408 450 507 AND
2 1 413 507 508 AND
2 1 508 411 509 XOR
2 1 133 509 513 AND
2 1 375 380 480 AND
2 1 450 480 481 AND
2 1 481 383 482 XOR
2 1 232 482 486 AND
2 1 112 450 454 AND
2 1 110 111 452 AND
2 1 112 452 455 AND
2 1 368 455 456 AND
2 1 454 456 457 AND
2 1 112 450 459 AND
2 1 459 113 460 XOR
2 1 112 450 451 AND
2 1 112 452 453 AND
2 1 365 453 461 AND
2 1 360 461 462 AND
2 1 356 462 463 AND
2 1 354 463 464 AND
2 1 451 464 465 AND
2 1 460 465 466 AND
2 1 457 466 467 AND
2 1 297 467 468 AND
2 1 297 457 469 AND
2 1 466 469 470 AND
2 1 370 450 458 AND
2 1 368 447 471 AND
2 1 442 471 472 AND
2 1 438 472 473 AND
2 1 436 473 474 AND
2 1 458 474 475 AND
2 1 475 114 476 XOR
2 1 470 476 477 AND
2 1 468 477 478 AND
2 1 232 482 487 AND
2 1 478 487 488 AND
2 1 486 488 489 AND
2 1 183 489 490 AND
2 1 386 388 491 AND
2 1 450 491 492 AND
2 1 492 394 493 XOR
2 1 232 468 483 AND
2 1 477 483 484 AND
2 1 482 484 485 AND
2 1 232 478 479 AND
2 1 183 479 494 AND
2 1 485 494 495 AND
2 1 493 495 496 AND
2 1 490 496 497 AND
2 1 149 497 498 AND
2 1 397 450 499 AND
2 1 402 499 500 AND
2 1 500 400 501 XOR
2 1 149 490 502 AND
2 1 496 502 503 AND
2 1 501 503 504 AND
2 1 498 504 505 AND
2 1 133 509 514 AND
2 1 505 514 515 AND
2 1 513 515 516 AND
2 1 419 421 517 AND
2 1 416 517 518 AND
2 1 450 518 519 AND
2 1 416 421 520 AND
2 1 450 520 521 AND
2 1 419 521 522 AND
2 1 519 522 523 AND
2 1 423 430 524 AND
2 1 450 524 525 AND
2 1 438 525 526 AND
2 1 523 526 527 AND
2 1 516 527 528 AND
2 1 129 528 529 AND
2 1 133 498 510 AND
2 1 504 510 511 AND
2 1 509 511 512 AND
2 1 133 505 506 AND
2 1 506 523 530 AND
2 1 512 530 531 AND
2 1 430 450 532 AND
2 1 430 423 533 XOR
2 1 129 533 534 AND
2 1 532 534 535 AND
2 1 426 447 536 AND
2 1 429 536 537 AND
2 1 442 537 538 AND
2 1 438 538 539 AND
2 1 436 539 540 AND
2 1 535 540 541 AND
2 1 531 541 542 AND
2 1 529 542 543 AND
2 1 110 543 544 AND
2 1 108 109 545 AND
2 1 110 545 546 AND
2 1 447 546 551 AND
2 1 442 551 552 AND
2 1 438 552 553 AND
2 1 436 553 554 AND
2 1 544 554 555 AND
2 1 110 543 557 AND
2 1 557 111 558 XOR
2 1 555 558 559 AND
2 1 110 543 547 AND
2 1 110 545 548 AND
2 1 450 548 549 AND
2 1 547 549 550 AND
2 1 368 550 562 AND
2 1 559 562 563 AND
2 1 452 543 556 AND
2 1 450 540 564 AND
2 1 535 564 565 AND
2 1 531 565 566 AND
2 1 529 566 567 AND
2 1 556 567 568 AND
2 1 568 112 569 XOR
2 1 563 569 570 AND
2 1 550 559 560 AND
2 1 368 560 561 AND
2 1 297 561 573 AND
2 1 570 573 574 AND
2 1 457 543 575 AND
2 1 465 575 576 AND
2 1 576 460 577 XOR
2 1 574 577 578 AND
2 1 561 570 571 AND
2 1 297 571 572 AND
2 1 232 572 587 AND
2 1 578 587 588 AND
2 1 297 577 579 AND
2 1 297 577 580 AND
2 1 571 580 581 AND
2 1 579 581 582 AND
2 1 232 582 583 AND
2 1 468 470 584 AND
2 1 543 584 585 AND
2 1 585 476 586 XOR
2 1 586 588 589 AND
2 1 583 589 590 AND
2 1 183 590 591 AND
2 1 479 543 592 AND
2 1 484 592 593 AND
2 1 593 482 594 XOR
2 1 183 583 595 AND
2 1 589 595 596 AND
2 1 594 596 597 AND
2 1 591 597 598 AND
2 1 149 598 599 AND
2 1 490 543 600 AND
2 1 495 600 601 AND
2 1 601 493 602 XOR
2 1 149 591 603 AND
2 1 597 603 604 AND
2 1 602 604 605 AND
2 1 599 605 606 AND
2 1 133 606 607 AND
2 1 498 543 608 AND
2 1 503 608 609 AND
2 1 609 501 610 XOR
2 1 133 599 611 AND
2 1 605 611 612 AND
2 1 610 612 613 AND
2 1 607 613 614 AND
2 1 509 511 615 AND
2 1 506 615 616 AND
2 1 543 616 617 AND
2 1 506 511 618 AND
2 1 543 618 619 AND
2 1 509 619 620 AND
2 1 617 620 621 AND
2 1 516 523 622 AND
2 1 543 622 623 AND
2 1 531 623 624 AND
2 1 621 624 625 AND
2 1 614 625 626 AND
2 1 129 626 627 AND
2 1 607 621 628 AND
2 1 613 628 629 AND
2 1 523 543 630 AND
2 1 523 516 631 XOR
2 1 129 631 632 AND
2 1 630 632 633 AND
2 1 519 540 634 AND
2 1 522 634 635 AND
2 1 535 635 636 AND
2 1 531 636 637 AND
2 1 529 637 638 AND
2 1 633 638 639 AND
2 1 629 639 640 AND
2 1 627 640 641 AND
2 1 583 641 698 AND
2 1 588 698 699 AND
2 1 699 586 700 XOR
2 1 183 700 704 AND
2 1 550 555 671 AND
2 1 641 671 672 AND
2 1 672 558 673 XOR
2 1 368 673 677 AND
2 1 108 641 645 AND
2 1 106 107 643 AND
2 1 108 643 646 AND
2 1 543 646 647 AND
2 1 645 647 648 AND
2 1 108 641 642 AND
2 1 108 643 644 AND
2 1 540 644 649 AND
2 1 535 649 650 AND
2 1 531 650 651 AND
2 1 529 651 652 AND
2 1 642 652 653 AND
2 1 108 641 655 AND
2 1 655 109 656 XOR
2 1 653 656 657 AND
2 1 648 657 658 AND
2 1 450 658 659 AND
2 1 450 648 660 AND
2 1 657 660 661 AND
2 1 545 641 654 AND
2 1 543 638 662 AND
2 1 633 662 663 AND
2 1 629 663 664 AND
2 1 627 664 665 AND
2 1 654 665 666 AND
2 1 666 110 667 XOR
2 1 661 667 668 AND
2 1 659 668 669 AND
2 1 368 673 678 AND
2 1 669 678 679 AND
2 1 677 679 680 AND
2 1 297 680 681 AND
2 1 561 563 682 AND
2 1 641 682 683 AND
2 1 683 569 684 XOR
2 1 368 659 674 AND
2 1 668 674 675 AND
2 1 673 675 676 AND
2 1 368 669 670 AND
2 1 297 670 685 AND
2 1 676 685 686 AND
2 1 684 686 687 AND
2 1 681 687 688 AND
2 1 232 688 689 AND
2 1 232 681 690 AND
2 1 687 690 691 AND
2 1 572 574 692 AND
2 1 641 692 693 AND
2 1 693 577 694 XOR
2 1 691 694 695 AND
2 1 689 695 696 AND
2 1 183 700 705 AND
2 1 696 705 706 AND
2 1 704 706 707 AND
2 1 149 707 708 AND
2 1 591 641 709 AND
2 1 596 709 710 AND
2 1 710 594 711 XOR
2 1 183 689 701 AND
2 1 695 701 702 AND
2 1 700 702 703 AND
2 1 183 696 697 AND
2 1 149 697 712 AND
2 1 703 712 713 AND
2 1 711 713 714 AND
2 1 708 714 715 AND
2 1 133 715 716 AND
2 1 599 641 717 AND
2 1 604 717 718 AND
2 1 718 602 719 XOR
2 1 133 708 720 AND
2 1 714 720 721 AND
2 1 719 721 722 AND
2 1 716 722 723 AND
2 1 610 612 724 AND
2 1 607 724 725 AND
2 1 641 725 726 AND
2 1 607 612 727 AND
2 1 641 727 728 AND
2 1 610 728 729 AND
2 1 726 729 730 AND
2 1 614 621 731 AND
2 1 641 731 732 AND
2 1 629 732 733 AND
2 1 730 733 734 AND
2 1 723 734 735 AND
2 1 129 735 736 AND
2 1 716 730 737 AND
2 1 722 737 738 AND
2 1 621 641 739 AND
2 1 621 614 740 XOR
2 1 129 740 741 AND
2 1 739 741 742 AND
2 1 617 638 743 AND
2 1 620 743 744 AND
2 1 633 744 745 AND
2 1 629 745 746 AND
2 1 627 746 747 AND
2 1 742 747 748 AND
2 1 738 748 749 AND
2 1 736 749 750 AND
2 1 648 653 780 AND
2 1 750 780 781 AND
2 1 781 656 782 XOR
2 1 106 750 751 AND
2 1 104 105 752 AND
2 1 106 752 753 AND
2 1 638 753 758 AND
2 1 633 758 759 AND
2 1 629 759 760 AND
2 1 627 760 761 AND
2 1 751 761 762 AND
2 1 106 750 764 AND
2 1 764 107 765 XOR
2 1 762 765 766 AND
2 1 106 750 754 AND
2 1 106 752 755 AND
2 1 641 755 756 AND
2 1 754 756 757 AND
2 1 543 757 769 AND
2 1 766 769 770 AND
2 1 643 750 763 AND
2 1 641 747 771 AND
2 1 742 771 772 AND
2 1 738 772 773 AND
2 1 736 773 774 AND
2 1 763 774 775 AND
2 1 775 108 776 XOR
2 1 770 776 777 AND
2 1 757 766 767 AND
2 1 543 767 768 AND
2 1 450 768 783 AND
2 1 777 783 784 AND
2 1 782 784 785 AND
2 1 768 777 778 AND
2 1 450 778 779 AND
2 1 368 779 794 AND
2 1 785 794 795 AND
2 1 450 782 786 AND
2 1 450 782 787 AND
2 1 778 787 788 AND
2 1 786 788 789 AND
2 1 368 789 790 AND
2 1 708 750 834 AND
2 1 713 834 835 AND
2 1 835 711 836 XOR
2 1 133 836 840 AND
2 1 681 750 807 AND
2 1 686 807 808 AND
2 1 808 684 809 XOR
2 1 232 809 813 AND
2 1 659 661 791 AND
2 1 750 791 792 AND
2 1 792 667 793 XOR
2 1 793 795 796 AND
2 1 790 796 797 AND
2 1 297 797 798 AND
2 1 670 750 799 AND
2 1 675 799 800 AND
2 1 800 673 801 XOR
2 1 297 790 802 AND
2 1 796 802 803 AND
2 1 801 803 804 AND
2 1 798 804 805 AND
2 1 232 809 814 AND
2 1 805 814 815 AND
2 1 813 815 816 AND
2 1 183 816 817 AND
2 1 232 798 810 AND
2 1 804 810 811 AND
2 1 809 811 812 AND
2 1 232 805 806 AND
2 1 183 806 818 AND
2 1 812 818 819 AND
2 1 689 691 820 AND
2 1 750 820 821 AND
2 1 821 694 822 XOR
2 1 819 822 823 AND
2 1 817 823 824 AND
2 1 149 824 825 AND
2 1 697 750 826 AND
2 1 702 826 827 AND
2 1 827 700 828 XOR
2 1 149 817 829 AND
2 1 823 829 830 AND
2 1 828 830 831 AND
2 1 825 831 832 AND
2 1 133 836 841 AND
2 1 832 841 842 AND
2 1 840 842 843 AND
2 1 719 721 844 AND
2 1 716 844 845 AND
2 1 750 845 846 AND
2 1 716 721 847 AND
2 1 750 847 848 AND
2 1 719 848 849 AND
2 1 846 849 850 AND
2 1 723 730 851 AND
2 1 750 851 852 AND
2 1 738 852 853 AND
2 1 850 853 854 AND
2 1 843 854 855 AND
2 1 129 855 856 AND
2 1 133 825 837 AND
2 1 831 837 838 AND
2 1 836 838 839 AND
2 1 133 832 833 AND
2 1 833 850 857 AND
2 1 839 857 858 AND
2 1 730 750 859 AND
2 1 730 723 860 XOR
2 1 129 860 861 AND
2 1 859 861 862 AND
2 1 726 747 863 AND
2 1 729 863 864 AND
2 1 742 864 865 AND
2 1 738 865 866 AND
2 1 736 866 867 AND
2 1 862 867 868 AND
2 1 858 868 869 AND
2 1 856 869 870 AND
2 1 790 870 927 AND
2 1 795 927 928 AND
2 1 928 793 929 XOR
2 1 297 929 933 AND
2 1 757 762 900 AND
2 1 870 900 901 AND
2 1 901 765 902 XOR
2 1 543 902 906 AND
2 1 104 870 874 AND
2 1 102 103 872 AND
2 1 104 872 875 AND
2 1 750 875 876 AND
2 1 874 876 877 AND
2 1 104 870 871 AND
2 1 104 872 873 AND
2 1 747 873 878 AND
2 1 742 878 879 AND
2 1 738 879 880 AND
2 1 736 880 881 AND
2 1 871 881 882 AND
2 1 104 870 884 AND
2 1 884 105 885 XOR
2 1 882 885 886 AND
2 1 877 886 887 AND
2 1 641 887 888 AND
2 1 641 877 889 AND
2 1 886 889 890 AND
2 1 752 870 883 AND
2 1 750 867 891 AND
2 1 862 891 892 AND
2 1 858 892 893 AND
2 1 856 893 894 AND
2 1 883 894 895 AND
2 1 895 106 896 XOR
2 1 890 896 897 AND
2 1 888 897 898 AND
2 1 543 902 907 AND
2 1 898 907 908 AND
2 1 906 908 909 AND
2 1 450 909 910 AND
2 1 768 770 911 AND
2 1 870 911 912 AND
2 1 912 776 913 XOR
2 1 543 888 903 AND
2 1 897 903 904 AND
2 1 902 904 905 AND
2 1 543 898 899 AND
2 1 450 899 914 AND
2 1 905 914 915 AND
2 1 913 915 916 AND
2 1 910 916 917 AND
2 1 368 917 918 AND
2 1 779 870 919 AND
2 1 784 919 920 AND
2 1 920 782 921 XOR
2 1 368 910 922 AND
2 1 916 922 923 AND
2 1 921 923 924 AND
2 1 918 924 925 AND
2 1 297 929 934 AND
2 1 925 934 935 AND
2 1 933 935 936 AND
2 1 232 936 937 AND
2 1 798 870 938 AND
2 1 803 938 939 AND
2 1 939 801 940 XOR
2 1 297 918 930 AND
2 1 924 930 931 AND
2 1 929 931 932 AND
2 1 297 925 926 AND
2 1 232 926 941 AND
2 1 932 941 942 AND
2 1 940 942 943 AND
2 1 937 943 944 AND
2 1 183 944 945 AND
2 1 806 870 946 AND
2 1 811 946 947 AND
2 1 947 809 948 XOR
2 1 183 937 949 AND
2 1 943 949 950 AND
2 1 948 950 951 AND
2 1 945 951 952 AND
2 1 149 952 953 AND
2 1 149 945 954 AND
2 1 951 954 955 AND
2 1 817 819 956 AND
2 1 870 956 957 AND
2 1 957 822 958 XOR
2 1 955 958 959 AND
2 1 953 959 960 AND
2 1 133 960 961 AND
2 1 825 870 962 AND
2 1 830 962 963 AND
2 1 963 828 964 XOR
2 1 133 953 965 AND
2 1 959 965 966 AND
2 1 964 966 967 AND
2 1 961 967 968 AND
2 1 833 836 969 AND
2 1 838 969 970 AND
2 1 870 970 971 AND
2 1 833 838 972 AND
2 1 870 972 973 AND
2 1 836 973 974 AND
2 1 971 974 975 AND
2 1 843 850 976 AND
2 1 870 976 977 AND
2 1 858 977 978 AND
2 1 975 978 979 AND
2 1 968 979 980 AND
2 1 129 980 981 AND
2 1 961 975 982 AND
2 1 967 982 983 AND
2 1 850 870 984 AND
2 1 850 843 985 XOR
2 1 129 985 986 AND
2 1 984 986 987 AND
2 1 846 867 988 AND
2 1 849 988 989 AND
2 1 862 989 990 AND
2 1 858 990 991 AND
2 1 856 991 992 AND
2 1 987 992 993 AND
2 1 983 993 994 AND
2 1 981 994 995 AND
2 1 877 882 1025 AND
2 1 995 1025 1026 AND
2 1 1026 885 1027 XOR
2 1 102 995 996 AND
2 1 100 101 997 AND
2 1 102 997 998 AND
2 1 867 998 1003 AND
2 1 862 1003 1004 AND
2 1 858 1004 1005 AND
2 1 856 1005 1006 AND
2 1 996 1006 1007 AND
2 1 102 995 1009 AND
2 1 1009 103 1010 XOR
2 1 1007 1010 1011 AND
2 1 102 995 999 AND
2 1 102 997 1000 AND
2 1 870 1000 1001 AND
2 1 999 1001 1002 AND
2 1 750 1002 1014 AND
2 1 1011 1014 1015 AND
2 1 872 995 1008 AND
2 1 870 992 1016 AND
2 1 987 1016 1017 AND
2 1 983 1017 1018 AND
2 1 981 1018 1019 AND
2 1 1008 1019 1020 AND
2 1 1020 104 1021 XOR
2 1 1015 1021 1022 AND
2 1 1002 1011 1012 AND
2 1 750 1012 1013 AND
2 1 641 1013 1028 AND
2 1 1022 1028 1029 AND
2 1 1027 1029 1030 AND
2 1 1013 1022 1023 AND
2 1 641 1023 1024 AND
2 1 543 1024 1039 AND
2 1 1030 1039 1040 AND
2 1 641 1027 1031 AND
2 1 641 1027 1032 AND
2 1 1023 1032 1033 AND
2 1 1031 1033 1034 AND
2 1 543 1034 1035 AND
2 1 937 995 1079 AND
2 1 942 1079 1080 AND
2 1 1080 940 1081 XOR
2 1 183 1081 1085 AND
2 1 910 995 1052 AND
2 1 915 1052 1053 AND
2 1 1053 913 1054 XOR
2 1 368 1054 1058 AND
2 1 888 890 1036 AND
2 1 995 1036 1037 AND
2 1 1037 896 1038 XOR
2 1 1038 1040 1041 AND
2 1 1035 1041 1042 AND
2 1 450 1042 1043 AND
2 1 899 995 1044 AND
2 1 904 1044 1045 AND
2 1 1045 902 1046 XOR
2 1 450 1035 1047 AND
2 1 1041 1047 1048 AND
2 1 1046 1048 1049 AND
2 1 1043 1049 1050 AND
2 1 368 1054 1059 AND
2 1 1050 1059 1060 AND
2 1 1058 1060 1061 AND
2 1 297 1061 1062 AND
2 1 918 995 1063 AND
2 1 923 1063 1064 AND
2 1 1064 921 1065 XOR
2 1 368 1043 1055 AND
2 1 1049 1055 1056 AND
2 1 1054 1056 1057 AND
2 1 368 1050 1051 AND
2 1 297 1051 1066 AND
2 1 1057 1066 1067 AND
2 1 1065 1067 1068 AND
2 1 1062 1068 1069 AND
2 1 232 1069 1070 AND
2 1 926 995 1071 AND
2 1 931 1071 1072 AND
2 1 1072 929 1073 XOR
2 1 232 1062 1074 AND
2 1 1068 1074 1075 AND
2 1 1073 1075 1076 AND
2 1 1070 1076 1077 AND
2 1 183 1081 1086 AND
2 1 1077 1086 1087 AND
2 1 1085 1087 1088 AND
2 1 149 1088 1089 AND
2 1 945 995 1090 AND
2 1 950 1090 1091 AND
2 1 1091 948 1092 XOR
2 1 183 1070 1082 AND
2 1 1076 1082 1083 AND
2 1 1081 1083 1084 AND
2 1 183 1077 1078 AND
2 1 149 1078 1093 AND
2 1 1084 1093 1094 AND
2 1 1092 1094 1095 AND
2 1 1089 1095 1096 AND
2 1 133 1096 1097 AND
2 1 133 1089 1098 AND
2 1 1095 1098 1099 AND
2 1 953 955 1100 AND
2 1 995 1100 1101 AND
2 1 1101 958 1102 XOR
2 1 1099 1102 1103 AND
2 1 1097 1103 1104 AND
2 1 964 966 1105 AND
2 1 961 1105 1106 AND
2 1 995 1106 1107 AND
2 1 961 966 1108 AND
2 1 995 1108 1109 AND
2 1 964 1109 1110 AND
2 1 1107 1110 1111 AND
2 1 968 975 1112 AND
2 1 995 1112 1113 AND
2 1 983 1113 1114 AND
2 1 1111 1114 1115 AND
2 1 1104 1115 1116 AND
2 1 129 1116 1117 AND
2 1 1097 1111 1118 AND
2 1 1103 1118 1119 AND
2 1 975 995 1120 AND
2 1 975 968 1121 XOR
2 1 129 1121 1122 AND
2 1 1120 1122 1123 AND
2 1 971 992 1124 AND
2 1 974 1124 1125 AND
2 1 987 1125 1126 AND
2 1 983 1126 1127 AND
2 1 981 1127 1128 AND
2 1 1123 1128 1129 AND
2 1 1119 1129 1130 AND
2 1 1117 1130 1131 AND
2 1 1035 1131 1188 AND
2 1 1040 1188 1189 AND
2 1 1189 1038 1190 XOR
2 1 1024 1131 1180 AND
2 1 1029 1180 1181 AND
2 1 1181 1027 1182 XOR
2 1 1013 1015 1172 AND
2 1 1131 1172 1173 AND
2 1 1173 1021 1174 XOR
2 1 1002 1007 1161 AND
2 1 1131 1161 1162 AND
2 1 1162 1010 1163 XOR
2 1 100 1131 1132 AND
2 1 98 99 1133 AND
2 1 100 1133 1134 AND
2 1 992 1134 1139 AND
2 1 987 1139 1140 AND
2 1 983 1140 1141 AND
2 1 981 1141 1142 AND
2 1 1132 1142 1143 AND
2 1 100 1131 1145 AND
2 1 1145 101 1146 XOR
2 1 1143 1146 1147 AND
2 1 100 1131 1135 AND
2 1 100 1133 1136 AND
2 1 995 1136 1137 AND
2 1 1135 1137 1138 AND
2 1 870 1138 1150 AND
2 1 1147 1150 1151 AND
2 1 997 1131 1144 AND
2 1 995 1128 1152 AND
2 1 1123 1152 1153 AND
2 1 1119 1153 1154 AND
2 1 1117 1154 1155 AND
2 1 1144 1155 1156 AND
2 1 1156 102 1157 XOR
2 1 1151 1157 1158 AND
2 1 1138 1147 1148 AND
2 1 870 1148 1149 AND
2 1 750 1149 1164 AND
2 1 1158 1164 1165 AND
2 1 1163 1165 1166 AND
2 1 1149 1158 1159 AND
2 1 750 1159 1160 AND
2 1 641 1160 1175 AND
2 1 1166 1175 1176 AND
2 1 1174 1176 1177 AND
2 1 750 1163 1167 AND
2 1 750 1163 1168 AND
2 1 1159 1168 1169 AND
2 1 1167 1169 1170 AND
2 1 641 1170 1171 AND
2 1 543 1171 1183 AND
2 1 1177 1183 1184 AND
2 1 1182 1184 1185 AND
2 1 1171 1177 1178 AND
2 1 543 1178 1179 AND
2 1 450 1179 1191 AND
2 1 1185 1191 1192 AND
2 1 1190 1192 1193 AND
2 1 1179 1185 1186 AND
2 1 450 1186 1187 AND
2 1 368 1187 1202 AND
2 1 1193 1202 1203 AND
2 1 450 1190 1194 AND
2 1 450 1190 1195 AND
2 1 1186 1195 1196 AND
2 1 1194 1196 1197 AND
2 1 368 1197 1198 AND
2 1 1089 1131 1242 AND
2 1 1094 1242 1243 AND
2 1 1243 1092 1244 XOR
2 1 133 1244 1248 AND
2 1 1062 1131 1215 AND
2 1 1067 1215 1216 AND
2 1 1216 1065 1217 XOR
2 1 232 1217 1221 AND
2 1 1043 1131 1199 AND
2 1 1048 1199 1200 AND
2 1 1200 1046 1201 XOR
2 1 1201 1203 1204 AND
2 1 1198 1204 1205 AND
2 1 297 1205 1206 AND
2 1 1051 1131 1207 AND
2 1 1056 1207 1208 AND
2 1 1208 1054 1209 XOR
2 1 297 1198 1210 AND
2 1 1204 1210 1211 AND
2 1 1209 1211 1212 AND
2 1 1206 1212 1213 AND
2 1 232 1217 1222 AND
2 1 1213 1222 1223 AND
2 1 1221 1223 1224 AND
2 1 183 1224 1225 AND
2 1 1070 1131 1226 AND
2 1 1075 1226 1227 AND
2 1 1227 1073 1228 XOR
2 1 232 1206 1218 AND
2 1 1212 1218 1219 AND
2 1 1217 1219 1220 AND
2 1 232 1213 1214 AND
2 1 183 1214 1229 AND
2 1 1220 1229 1230 AND
2 1 1228 1230 1231 AND
2 1 1225 1231 1232 AND
2 1 149 1232 1233 AND
2 1 1078 1131 1234 AND
2 1 1083 1234 1235 AND
2 1 1235 1081 1236 XOR
2 1 149 1225 1237 AND
2 1 1231 1237 1238 AND
2 1 1236 1238 1239 AND
2 1 1233 1239 1240 AND
2 1 133 1244 1249 AND
2 1 1240 1249 1250 AND
2 1 1248 1250 1251 AND
2 1 1099 1102 1252 AND
2 1 1097 1252 1253 AND
2 1 1131 1253 1254 AND
2 1 1097 1099 1255 AND
2 1 1131 1255 1256 AND
2 1 1102 1256 1257 AND
2 1 1254 1257 1258 AND
2 1 1104 1111 1259 AND
2 1 1131 1259 1260 AND
2 1 1119 1260 1261 AND
2 1 1258 1261 1262 AND
2 1 1251 1262 1263 AND
2 1 129 1263 1264 AND
2 1 133 1233 1245 AND
2 1 1239 1245 1246 AND
2 1 1244 1246 1247 AND
2 1 133 1240 1241 AND
2 1 1241 1258 1265 AND
2 1 1247 1265 1266 AND
2 1 1111 1131 1267 AND
2 1 1111 1104 1268 XOR
2 1 129 1268 1269 AND
2 1 1267 1269 1270 AND
2 1 1107 1128 1271 AND
2 1 1110 1271 1272 AND
2 1 1123 1272 1273 AND
2 1 1119 1273 1274 AND
2 1 1117 1274 1275 AND
2 1 1270 1275 1276 AND
2 1 1266 1276 1277 AND
2 1 1264 1277 1278 AND
2 1 1198 1278 1362 AND
2 1 1203 1362 1363 AND
2 1 1363 1201 1364 XOR
2 1 1187 1278 1354 AND
2 1 1192 1354 1355 AND
2 1 1355 1190 1356 XOR
2 1 1179 1278 1346 AND
2 1 1184 1346 1347 AND
2 1 1347 1182 1348 XOR
2 1 1171 1278 1335 AND
2 1 1176 1335 1336 AND
2 1 1336 1174 1337 XOR
2 1 1160 1278 1327 AND
2 1 1165 1327 1328 AND
2 1 1328 1163 1329 XOR
2 1 1149 1151 1319 AND
2 1 1278 1319 1320 AND
2 1 1320 1157 1321 XOR
2 1 1138 1143 1308 AND
2 1 1278 1308 1309 AND
2 1 1309 1146 1310 XOR
2 1 98 1278 1279 AND
2 1 96 97 1280 AND
2 1 98 1280 1281 AND
2 1 1128 1281 1286 AND
2 1 1123 1286 1287 AND
2 1 1119 1287 1288 AND
2 1 1117 1288 1289 AND
2 1 1279 1289 1290 AND
2 1 98 1278 1292 AND
2 1 1292 99 1293 XOR
2 1 1290 1293 1294 AND
2 1 98 1278 1282 AND
2 1 98 1280 1283 AND
2 1 1131 1283 1284 AND
2 1 1282 1284 1285 AND
2 1 995 1285 1297 AND
2 1 1294 1297 1298 AND
2 1 1133 1278 1291 AND
2 1 1131 1275 1299 AND
2 1 1270 1299 1300 AND
2 1 1266 1300 1301 AND
2 1 1264 1301 1302 AND
2 1 1291 1302 1303 AND
2 1 1303 100 1304 XOR
2 1 1298 1304 1305 AND
2 1 1285 1294 1295 AND
2 1 995 1295 1296 AND
2 1 870 1296 1311 AND
2 1 1305 1311 1312 AND
2 1 1310 1312 1313 AND
2 1 1296 1305 1306 AND
2 1 870 1306 1307 AND
2 1 750 1307 1322 AND
2 1 1313 1322 1323 AND
2 1 1321 1323 1324 AND
2 1 870 1310 1314 AND
2 1 870 1310 1315 AND
2 1 1306 1315 1316 AND
2 1 1314 1316 1317 AND
2 1 750 1317 1318 AND
2 1 641 1318 1330 AND
2 1 1324 1330 1331 AND
2 1 1329 1331 1332 AND
2 1 1318 1324 1325 AND
2 1 641 1325 1326 AND
2 1 543 1326 1338 AND
2 1 1332 1338 1339 AND
2 1 1337 1339 1340 AND
2 1 1326 1332 1333 AND
2 1 543 1333 1334 AND
2 1 450 1334 1349 AND
2 1 1340 1349 1350 AND
2 1 1348 1350 1351 AND
2 1 543 1337 1341 AND
2 1 543 1337 1342 AND
2 1 1333 1342 1343 AND
2 1 1341 1343 1344 AND
2 1 450 1344 1345 AND
2 1 368 1345 1357 AND
2 1 1351 1357 1358 AND
2 1 1356 1358 1359 AND
2 1 1345 1351 1352 AND
2 1 368 1352 1353 AND
2 1 297 1353 1365 AND
2 1 1359 1365 1366 AND
2 1 1364 1366 1367 AND
2 1 1353 1359 1360 AND
2 1 297 1360 1361 AND
2 1 232 1361 1376 AND
2 1 1367 1376 1377 AND
2 1 297 1364 1368 AND
2 1 297 1364 1369 AND
2 1 1360 1369 1370 AND
2 1 1368 1370 1371 AND
2 1 232 1371 1372 AND
2 1 1206 1278 1373 AND
2 1 1211 1373 1374 AND
2 1 1374 1209 1375 XOR
2 1 1375 1377 1378 AND
2 1 1372 1378 1379 AND
2 1 183 1379 1380 AND
2 1 1214 1278 1381 AND
2 1 1219 1381 1382 AND
2 1 1382 1217 1383 XOR
2 1 183 1372 1384 AND
2 1 1378 1384 1385 AND
2 1 1383 1385 1386 AND
2 1 1380 1386 1387 AND
2 1 149 1387 1388 AND
2 1 1225 1278 1389 AND
2 1 1230 1389 1390 AND
2 1 1390 1228 1391 XOR
2 1 149 1380 1392 AND
2 1 1386 1392 1393 AND
2 1 1391 1393 1394 AND
2 1 1388 1394 1395 AND
2 1 133 1395 1396 AND
2 1 1233 1278 1397 AND
2 1 1238 1397 1398 AND
2 1 1398 1236 1399 XOR
2 1 133 1388 1400 AND
2 1 1394 1400 1401 AND
2 1 1399 1401 1402 AND
2 1 1396 1402 1403 AND
2 1 1244 1246 1404 AND
2 1 1241 1404 1405 AND
2 1 1278 1405 1406 AND
2 1 1241 1246 1407 AND
2 1 1278 1407 1408 AND
2 1 1244 1408 1409 AND
2 1 1406 1409 1410 AND
2 1 1251 1258 1411 AND
2 1 1278 1411 1412 AND
2 1 1266 1412 1413 AND
2 1 1410 1413 1414 AND
2 1 1403 1414 1415 AND
2 1 129 1415 1416 AND
2 1 1396 1410 1417 AND
2 1 1402 1417 1418 AND
2 1 1258 1278 1419 AND
2 1 1258 1251 1420 XOR
2 1 129 1420 1421 AND
2 1 1419 1421 1422 AND
2 1 1254 1275 1423 AND
2 1 1257 1423 1424 AND
2 1 1270 1424 1425 AND
2 1 1266 1425 1426 AND
2 1 1264 1426 1427 AND
2 1 1422 1427 1428 AND
2 1 1418 1428 1429 AND
2 1 1416 1429 1430 AND
2 1 1372 1430 1541 AND
2 1 1377 1541 1542 AND
2 1 1542 1375 1543 XOR
2 1 183 1543 1547 AND
2 1 1345 1430 1514 AND
2 1 1350 1514 1515 AND
2 1 1515 1348 1516 XOR
2 1 368 1516 1520 AND
2 1 1318 1430 1487 AND
2 1 1323 1487 1488 AND
2 1 1488 1321 1489 XOR
2 1 641 1489 1493 AND
2 1 1285 1290 1460 AND
2 1 1430 1460 1461 AND
2 1 1461 1293 1462 XOR
2 1 995 1462 1466 AND
2 1 96 1430 1434 AND
2 1 94 95 1432 AND
2 1 96 1432 1435 AND
2 1 1278 1435 1436 AND
2 1 1434 1436 1437 AND
2 1 96 1430 1439 AND
2 1 1439 97 1440 XOR
2 1 96 1430 1431 AND
2 1 96 1432 1433 AND
2 1 1275 1433 1441 AND
2 1 1270 1441 1442 AND
2 1 1266 1442 1443 AND
2 1 1264 1443 1444 AND
2 1 1431 1444 1445 AND
2 1 1440 1445 1446 AND
2 1 1437 1446 1447 AND
2 1 1131 1447 1448 AND
2 1 1131 1437 1449 AND
2 1 1446 1449 1450 AND
2 1 1280 1430 1438 AND
2 1 1278 1427 1451 AND
2 1 1422 1451 1452 AND
2 1 1418 1452 1453 AND
2 1 1416 1453 1454 AND
2 1 1438 1454 1455 AND
2 1 1455 98 1456 XOR
2 1 1450 1456 1457 AND
2 1 1448 1457 1458 AND
2 1 995 1462 1467 AND
2 1 1458 1467 1468 AND
2 1 1466 1468 1469 AND
2 1 870 1469 1470 AND
2 1 1296 1298 1471 AND
2 1 1430 1471 1472 AND
2 1 1472 1304 1473 XOR
2 1 995 1448 1463 AND
2 1 1457 1463 1464 AND
2 1 1462 1464 1465 AND
2 1 995 1458 1459 AND
2 1 870 1459 1474 AND
2 1 1465 1474 1475 AND
2 1 1473 1475 1476 AND
2 1 1470 1476 1477 AND
2 1 750 1477 1478 AND
2 1 1307 1430 1479 AND
2 1 1312 1479 1480 AND
2 1 1480 1310 1481 XOR
2 1 750 1470 1482 AND
2 1 1476 1482 1483 AND
2 1 1481 1483 1484 AND
2 1 1478 1484 1485 AND
2 1 641 1489 1494 AND
2 1 1485 1494 1495 AND
2 1 1493 1495 1496 AND
2 1 543 1496 1497 AND
2 1 1326 1430 1498 AND
2 1 1331 1498 1499 AND
2 1 1499 1329 1500 XOR
2 1 641 1478 1490 AND
2 1 1484 1490 1491 AND
2 1 1489 1491 1492 AND
2 1 641 1485 1486 AND
2 1 543 1486 1501 AND
2 1 1492 1501 1502 AND
2 1 1500 1502 1503 AND
2 1 1497 1503 1504 AND
2 1 450 1504 1505 AND
2 1 1334 1430 1506 AND
2 1 1339 1506 1507 AND
2 1 1507 1337 1508 XOR
2 1 450 1497 1509 AND
2 1 1503 1509 1510 AND
2 1 1508 1510 1511 AND
2 1 1505 1511 1512 AND
2 1 368 1516 1521 AND
2 1 1512 1521 1522 AND
2 1 1520 1522 1523 AND
2 1 297 1523 1524 AND
2 1 1353 1430 1525 AND
2 1 1358 1525 1526 AND
2 1 1526 1356 1527 XOR
2 1 368 1505 1517 AND
2 1 1511 1517 1518 AND
2 1 1516 1518 1519 AND
2 1 368 1512 1513 AND
2 1 297 1513 1528 AND
2 1 1519 1528 1529 AND
2 1 1527 1529 1530 AND
2 1 1524 1530 1531 AND
2 1 232 1531 1532 AND
2 1 1361 1430 1533 AND
2 1 1366 1533 1534 AND
2 1 1534 1364 1535 XOR
2 1 232 1524 1536 AND
2 1 1530 1536 1537 AND
2 1 1535 1537 1538 AND
2 1 1532 1538 1539 AND
2 1 183 1543 1548 AND
2 1 1539 1548 1549 AND
2 1 1547 1549 1550 AND
2 1 149 1550 1551 AND
2 1 1380 1430 1552 AND
2 1 1385 1552 1553 AND
2 1 1553 1383 1554 XOR
2 1 183 1532 1544 AND
2 1 1538 1544 1545 AND
2 1 1543 1545 1546 AND
2 1 183 1539 1540 AND
2 1 149 1540 1555 AND
2 1 1546 1555 1556 AND
2 1 1554 1556 1557 AND
2 1 1551 1557 1558 AND
2 1 133 1558 1559 AND
2 1 1388 1430 1560 AND
2 1 1393 1560 1561 AND
2 1 1561 1391 1562 XOR
2 1 133 1551 1563 AND
2 1 1557 1563 1564 AND
2 1 1562 1564 1565 AND
2 1 1559 1565 1566 AND
2 1 1399 1401 1567 AND
2 1 1396 1567 1568 AND
2 1 1430 1568 1569 AND
2 1 1396 1401 1570 AND
2 1 1430 1570 1571 AND
2 1 1399 1571 1572 AND
2 1 1569 1572 1573 AND
2 1 1403 1410 1574 AND
2 1 1430 1574 1575 AND
2 1 1418 1575 1576 AND
2 1 1573 1576 1577 AND
2 1 1566 1577 1578 AND
2 1 129 1578 1579 AND
2 1 1559 1573 1580 AND
2 1 1565 1580 1581 AND
2 1 1410 1430 1582 AND
2 1 1410 1403 1583 XOR
2 1 129 1583 1584 AND
2 1 1582 1584 1585 AND
2 1 1406 1427 1586 AND
2 1 1409 1586 1587 AND
2 1 1422 1587 1588 AND
2 1 1418 1588 1589 AND
2 1 1416 1589 1590 AND
2 1 1585 1590 1591 AND
2 1 1581 1591 1592 AND
2 1 1579 1592 1593 AND
2 1 94 1593 1594 AND
2 1 92 93 1595 AND
2 1 94 1595 1596 AND
2 1 1427 1596 1601 AND
2 1 1422 1601 1602 AND
2 1 1418 1602 1603 AND
2 1 1416 1603 1604 AND
2 1 1594 1604 1605 AND
2 1 94 1593 1607 AND
2 1 1607 95 1608 XOR
2 1 1605 1608 1609 AND
2 1 94 1593 1597 AND
2 1 94 1595 1598 AND
2 1 1430 1598 1599 AND
2 1 1597 1599 1600 AND
2 1 1278 1600 1612 AND
2 1 1609 1612 1613 AND
2 1 1432 1593 1606 AND
2 1 1430 1590 1614 AND
2 1 1585 1614 1615 AND
2 1 1581 1615 1616 AND
2 1 1579 1616 1617 AND
2 1 1606 1617 1618 AND
2 1 1618 96 1619 XOR
2 1 1613 1619 1620 AND
2 1 1600 1609 1610 AND
2 1 1278 1610 1611 AND
2 1 1131 1611 1623 AND
2 1 1620 1623 1624 AND
2 1 1437 1593 1625 AND
2 1 1445 1625 1626 AND
2 1 1626 1440 1627 XOR
2 1 1624 1627 1628 AND
2 1 1611 1620 1621 AND
2 1 1131 1621 1622 AND
2 1 995 1622 1637 AND
2 1 1628 1637 1638 AND
2 1 1131 1627 1629 AND
2 1 1131 1627 1630 AND
2 1 1621 1630 1631 AND
2 1 1629 1631 1632 AND
2 1 995 1632 1633 AND
2 1 1551 1593 1731 AND
2 1 1556 1731 1732 AND
2 1 1732 1554 1733 XOR
2 1 133 1733 1737 AND
2 1 1524 1593 1704 AND
2 1 1529 1704 1705 AND
2 1 1705 1527 1706 XOR
2 1 232 1706 1710 AND
2 1 1497 1593 1677 AND
2 1 1502 1677 1678 AND
2 1 1678 1500 1679 XOR
2 1 450 1679 1683 AND
2 1 1470 1593 1650 AND
2 1 1475 1650 1651 AND
2 1 1651 1473 1652 XOR
2 1 750 1652 1656 AND
2 1 1448 1450 1634 AND
2 1 1593 1634 1635 AND
2 1 1635 1456 1636 XOR
2 1 1636 1638 1639 AND
2 1 1633 1639 1640 AND
2 1 870 1640 1641 AND
2 1 1459 1593 1642 AND
2 1 1464 1642 1643 AND
2 1 1643 1462 1644 XOR
2 1 870 1633 1645 AND
2 1 1639 1645 1646 AND
2 1 1644 1646 1647 AND
2 1 1641 1647 1648 AND
2 1 750 1652 1657 AND
2 1 1648 1657 1658 AND
2 1 1656 1658 1659 AND
2 1 641 1659 1660 AND
2 1 1478 1593 1661 AND
2 1 1483 1661 1662 AND
2 1 1662 1481 1663 XOR
2 1 750 1641 1653 AND
2 1 1647 1653 1654 AND
2 1 1652 1654 1655 AND
2 1 750 1648 1649 AND
2 1 641 1649 1664 AND
2 1 1655 1664 1665 AND
2 1 1663 1665 1666 AND
2 1 1660 1666 1667 AND
2 1 543 1667 1668 AND
2 1 1486 1593 1669 AND
2 1 1491 1669 1670 AND
2 1 1670 1489 1671 XOR
2 1 543 1660 1672 AND
2 1 1666 1672 1673 AND
2 1 1671 1673 1674 AND
2 1 1668 1674 1675 AND
2 1 450 1679 1684 AND
2 1 1675 1684 1685 AND
2 1 1683 1685 1686 AND
2 1 368 1686 1687 AND
2 1 1505 1593 1688 AND
2 1 1510 1688 1689 AND
2 1 1689 1508 1690 XOR
2 1 450 1668 1680 AND
2 1 1674 1680 1681 AND
2 1 1679 1681 1682 AND
2 1 450 1675 1676 AND
2 1 368 1676 1691 AND
2 1 1682 1691 1692 AND
2 1 1690 1692 1693 AND
2 1 1687 1693 1694 AND
2 1 297 1694 1695 AND
2 1 1513 1593 1696 AND
2 1 1518 1696 1697 AND
2 1 1697 1516 1698 XOR
2 1 297 1687 1699 AND
2 1 1693 1699 1700 AND
2 1 1698 1700 1701 AND
2 1 1695 1701 1702 AND
2 1 232 1706 1711 AND
2 1 1702 1711 1712 AND
2 1 1710 1712 1713 AND
2 1 183 1713 1714 AND
2 1 1532 1593 1715 AND
2 1 1537 1715 1716 AND
2 1 1716 1535 1717 XOR
2 1 232 1695 1707 AND
2 1 1701 1707 1708 AND
2 1 1706 1708 1709 AND
2 1 232 1702 1703 AND
2 1 183 1703 1718 AND
2 1 1709 1718 1719 AND
2 1 1717 1719 1720 AND
2 1 1714 1720 1721 AND
2 1 149 1721 1722 AND
2 1 1540 1593 1723 AND
2 1 1545 1723 1724 AND
2 1 1724 1543 1725 XOR
2 1 149 1714 1726 AND
2 1 1720 1726 1727 AND
2 1 1725 1727 1728 AND
2 1 1722 1728 1729 AND
2 1 133 1733 1738 AND
2 1 1729 1738 1739 AND
2 1 1737 1739 1740 AND
2 1 1562 1564 1741 AND
2 1 1559 1741 1742 AND
2 1 1593 1742 1743 AND
2 1 1559 1564 1744 AND
2 1 1593 1744 1745 AND
2 1 1562 1745 1746 AND
2 1 1743 1746 1747 AND
2 1 1566 1573 1748 AND
2 1 1593 1748 1749 AND
2 1 1581 1749 1750 AND
2 1 1747 1750 1751 AND
2 1 1740 1751 1752 AND
2 1 129 1752 1753 AND
2 1 133 1722 1734 AND
2 1 1728 1734 1735 AND
2 1 1733 1735 1736 AND
2 1 133 1729 1730 AND
2 1 1730 1747 1754 AND
2 1 1736 1754 1755 AND
2 1 1573 1593 1756 AND
2 1 1573 1566 1757 XOR
2 1 129 1757 1758 AND
2 1 1756 1758 1759 AND
2 1 1569 1590 1760 AND
2 1 1572 1760 1761 AND
2 1 1585 1761 1762 AND
2 1 1581 1762 1763 AND
2 1 1579 1763 1764 AND
2 1 1759 1764 1765 AND
2 1 1755 1765 1766 AND
2 1 1753 1766 1767 AND
2 1 1633 1767 1824 AND
2 1 1638 1824 1825 AND
2 1 1825 1636 1826 XOR
2 1 1611 1613 1808 AND
2 1 1767 1808 1809 AND
2 1 1809 1619 1810 XOR
2 1 1600 1605 1797 AND
2 1 1767 1797 1798 AND
2 1 1798 1608 1799 XOR
2 1 92 1767 1768 AND
2 1 90 91 1769 AND
2 1 92 1769 1770 AND
2 1 1590 1770 1775 AND
2 1 1585 1775 1776 AND
2 1 1581 1776 1777 AND
2 1 1579 1777 1778 AND
2 1 1768 1778 1779 AND
2 1 92 1767 1781 AND
2 1 1781 93 1782 XOR
2 1 1779 1782 1783 AND
2 1 92 1767 1771 AND
2 1 92 1769 1772 AND
2 1 1593 1772 1773 AND
2 1 1771 1773 1774 AND
2 1 1430 1774 1786 AND
2 1 1783 1786 1787 AND
2 1 1595 1767 1780 AND
2 1 1593 1764 1788 AND
2 1 1759 1788 1789 AND
2 1 1755 1789 1790 AND
2 1 1753 1790 1791 AND
2 1 1780 1791 1792 AND
2 1 1792 94 1793 XOR
2 1 1787 1793 1794 AND
2 1 1774 1783 1784 AND
2 1 1430 1784 1785 AND
2 1 1278 1785 1800 AND
2 1 1794 1800 1801 AND
2 1 1799 1801 1802 AND
2 1 1785 1794 1795 AND
2 1 1278 1795 1796 AND
2 1 1131 1796 1811 AND
2 1 1802 1811 1812 AND
2 1 1810 1812 1813 AND
2 1 1278 1799 1803 AND
2 1 1278 1799 1804 AND
2 1 1795 1804 1805 AND
2 1 1803 1805 1806 AND
2 1 1131 1806 1807 AND
2 1 995 1807 1816 AND
2 1 1813 1816 1817 AND
2 1 1622 1624 1818 AND
2 1 1767 1818 1819 AND
2 1 1819 1627 1820 XOR
2 1 1817 1820 1821 AND
2 1 1807 1813 1814 AND
2 1 995 1814 1815 AND
2 1 870 1815 1827 AND
2 1 1821 1827 1828 AND
2 1 1826 1828 1829 AND
2 1 1815 1821 1822 AND
2 1 870 1822 1823 AND
2 1 750 1823 1838 AND
2 1 1829 1838 1839 AND
2 1 870 1826 1830 AND
2 1 870 1826 1831 AND
2 1 1822 1831 1832 AND
2 1 1830 1832 1833 AND
2 1 750 1833 1834 AND
2 1 1687 1767 1878 AND
2 1 1692 1878 1879 AND
2 1 1879 1690 1880 XOR
2 1 297 1880 1884 AND
2 1 1660 1767 1851 AND
2 1 1665 1851 1852 AND
2 1 1852 1663 1853 XOR
2 1 543 1853 1857 AND
2 1 1641 1767 1835 AND
2 1 1646 1835 1836 AND
2 1 1836 1644 1837 XOR
2 1 1837 1839 1840 AND
2 1 1834 1840 1841 AND
2 1 641 1841 1842 AND
2 1 1649 1767 1843 AND
2 1 1654 1843 1844 AND
2 1 1844 1652 1845 XOR
2 1 641 1834 1846 AND
2 1 1840 1846 1847 AND
2 1 1845 1847 1848 AND
2 1 1842 1848 1849 AND
2 1 543 1853 1858 AND
2 1 1849 1858 1859 AND
2 1 1857 1859 1860 AND
2 1 450 1860 1861 AND
2 1 1668 1767 1862 AND
2 1 1673 1862 1863 AND
2 1 1863 1671 1864 XOR
2 1 543 1842 1854 AND
2 1 1848 1854 1855 AND
2 1 1853 1855 1856 AND
2 1 543 1849 1850 AND
2 1 450 1850 1865 AND
2 1 1856 1865 1866 AND
2 1 1864 1866 1867 AND
2 1 1861 1867 1868 AND
2 1 368 1868 1869 AND
2 1 1676 1767 1870 AND
2 1 1681 1870 1871 AND
2 1 1871 1679 1872 XOR
2 1 368 1861 1873 AND
2 1 1867 1873 1874 AND
2 1 1872 1874 1875 AND
2 1 1869 1875 1876 AND
2 1 297 1880 1885 AND
2 1 1876 1885 1886 AND
2 1 1884 1886 1887 AND
2 1 232 1887 1888 AND
2 1 1695 1767 1889 AND
2 1 1700 1889 1890 AND
2 1 1890 1698 1891 XOR
2 1 297 1869 1881 AND
2 1 1875 1881 1882 AND
2 1 1880 1882 1883 AND
2 1 297 1876 1877 AND
2 1 232 1877 1892 AND
2 1 1883 1892 1893 AND
2 1 1891 1893 1894 AND
2 1 1888 1894 1895 AND
2 1 183 1895 1896 AND
2 1 1703 1767 1897 AND
2 1 1708 1897 1898 AND
2 1 1898 1706 1899 XOR
2 1 183 1888 1900 AND
2 1 1894 1900 1901 AND
2 1 1899 1901 1902 AND
2 1 1896 1902 1903 AND
2 1 149 1903 1904 AND
2 1 1714 1767 1905 AND
2 1 1719 1905 1906 AND
2 1 1906 1717 1907 XOR
2 1 149 1896 1908 AND
2 1 1902 1908 1909 AND
2 1 1907 1909 1910 AND
2 1 1904 1910 1911 AND
2 1 133 1911 1912 AND
2 1 1722 1767 1913 AND
2 1 1727 1913 1914 AND
2 1 1914 1725 1915 XOR
2 1 133 1904 1916 AND
2 1 1910 1916 1917 AND
2 1 1915 1917 1918 AND
2 1 1912 1918 1919 AND
2 1 1730 1733 1920 AND
2 1 1735 1920 1921 AND
2 1 1767 1921 1922 AND
2 1 1730 1735 1923 AND
2 1 1767 1923 1924 AND
2 1 1733 1924 1925 AND
2 1 1922 1925 1926 AND
2 1 1740 1747 1927 AND
2 1 1767 1927 1928 AND
2 1 1755 1928 1929 AND
2 1 1926 1929 1930 AND
2 1 1919 1930 1931 AND
2 1 129 1931 1932 AND
2 1 1912 1926 1933 AND
2 1 1918 1933 1934 AND
2 1 1747 1767 1935 AND
2 1 1747 1740 1936 XOR
2 1 129 1936 1937 AND
2 1 1935 1937 1938 AND
2 1 1743 1764 1939 AND
2 1 1746 1939 1940 AND
2 1 1759 1940 1941 AND
2 1 1755 1941 1942 AND
2 1 1753 1942 1943 AND
2 1 1938 1943 1944 AND
2 1 1934 1944 1945 AND
2 1 1932 1945 1946 AND
2 1 1834 1946 2030 AND
2 1 1839 2030 2031 AND
2 1 2031 1837 2032 XOR
2 1 1823 1946 2022 AND
2 1 1828 2022 2023 AND
2 1 2023 1826 2024 XOR
2 1 1807 1946 2003 AND
2 1 1812 2003 2004 AND
2 1 2004 1810 2005 XOR
2 1 1796 1946 1995 AND
2 1 1801 1995 1996 AND
2 1 1996 1799 1997 XOR
2 1 1785 1787 1987 AND
2 1 1946 1987 1988 AND
2 1 1988 1793 1989 XOR
2 1 1774 1779 1976 AND
2 1 1946 1976 1977 AND
2 1 1977 1782 1978 XOR
2 1 90 1946 1947 AND
2 1 88 89 1948 AND
2 1 90 1948 1949 AND
2 1 1764 1949 1954 AND
2 1 1759 1954 1955 AND
2 1 1755 1955 1956 AND
2 1 1753 1956 1957 AND
2 1 1947 1957 1958 AND
2 1 90 1946 1960 AND
2 1 1960 91 1961 XOR
2 1 1958 1961 1962 AND
2 1 90 1946 1950 AND
2 1 90 1948 1951 AND
2 1 1767 1951 1952 AND
2 1 1950 1952 1953 AND
2 1 1593 1953 1965 AND
2 1 1962 1965 1966 AND
2 1 1769 1946 1959 AND
2 1 1767 1943 1967 AND
2 1 1938 1967 1968 AND
2 1 1934 1968 1969 AND
2 1 1932 1969 1970 AND
2 1 1959 1970 1971 AND
2 1 1971 92 1972 XOR
2 1 1966 1972 1973 AND
2 1 1953 1962 1963 AND
2 1 1593 1963 1964 AND
2 1 1430 1964 1979 AND
2 1 1973 1979 1980 AND
2 1 1978 1980 1981 AND
2 1 1964 1973 1974 AND
2 1 1430 1974 1975 AND
2 1 1278 1975 1990 AND
2 1 1981 1990 1991 AND
2 1 1989 1991 1992 AND
2 1 1430 1978 1982 AND
2 1 1430 1978 1983 AND
2 1 1974 1983 1984 AND
2 1 1982 1984 1985 AND
2 1 1278 1985 1986 AND
2 1 1131 1986 1998 AND
2 1 1992 1998 1999 AND
2 1 1997 1999 2000 AND
2 1 1986 1992 1993 AND
2 1 1131 1993 1994 AND
2 1 995 1994 2006 AND
2 1 2000 2006 2007 AND
2 1 2005 2007 2008 AND
2 1 1994 2000 2001 AND
2 1 995 2001 2002 AND
2 1 870 2002 2014 AND
2 1 2008 2014 2015 AND
2 1 1815 1817 2016 AND
2 1 1946 2016 2017 AND
2 1 2017 1820 2018 XOR
2 1 2015 2018 2019 AND
2 1 995 2005 2009 AND
2 1 995 2005 2010 AND
2 1 2001 2010 2011 AND
2 1 2009 2011 2012 AND
2 1 870 2012 2013 AND
2 1 750 2013 2025 AND
2 1 2019 2025 2026 AND
2 1 2024 2026 2027 AND
2 1 2013 2019 2020 AND
2 1 750 2020 2021 AND
2 1 641 2021 2033 AND
2 1 2027 2033 2034 AND
2 1 2032 2034 2035 AND
2 1 2021 2027 2028 AND
2 1 641 2028 2029 AND
2 1 543 2029 2044 AND
2 1 2035 2044 2045 AND
2 1 641 2032 2036 AND
2 1 641 2032 2037 AND
2 1 2028 2037 2038 AND
2 1 2036 2038 2039 AND
2 1 543 2039 2040 AND
2 1 1888 1946 2084 AND
2 1 1893 2084 2085 AND
2 1 2085 1891 2086 XOR
2 1 183 2086 2090 AND
2 1 1861 1946 2057 AND
2 1 1866 2057 2058 AND
2 1 2058 1864 2059 XOR
2 1 368 2059 2063 AND
2 1 1842 1946 2041 AND
2 1 1847 2041 2042 AND
2 1 2042 1845 2043 XOR
2 1 2043 2045 2046 AND
2 1 2040 2046 2047 AND
2 1 450 2047 2048 AND
2 1 1850 1946 2049 AND
2 1 1855 2049 2050 AND
2 1 2050 1853 2051 XOR
2 1 450 2040 2052 AND
2 1 2046 2052 2053 AND
2 1 2051 2053 2054 AND
2 1 2048 2054 2055 AND
2 1 368 2059 2064 AND
2 1 2055 2064 2065 AND
2 1 2063 2065 2066 AND
2 1 297 2066 2067 AND
2 1 1869 1946 2068 AND
2 1 1874 2068 2069 AND
2 1 2069 1872 2070 XOR
2 1 368 2048 2060 AND
2 1 2054 2060 2061 AND
2 1 2059 2061 2062 AND
2 1 368 2055 2056 AND
2 1 297 2056 2071 AND
2 1 2062 2071 2072 AND
2 1 2070 2072 2073 AND
2 1 2067 2073 2074 AND
2 1 232 2074 2075 AND
2 1 1877 1946 2076 AND
2 1 1882 2076 2077 AND
2 1 2077 1880 2078 XOR
2 1 232 2067 2079 AND
2 1 2073 2079 2080 AND
2 1 2078 2080 2081 AND
2 1 2075 2081 2082 AND
2 1 183 2086 2091 AND
2 1 2082 2091 2092 AND
2 1 2090 2092 2093 AND
2 1 149 2093 2094 AND
2 1 1896 1946 2095 AND
2 1 1901 2095 2096 AND
2 1 2096 1899 2097 XOR
2 1 183 2075 2087 AND
2 1 2081 2087 2088 AND
2 1 2086 2088 2089 AND
2 1 183 2082 2083 AND
2 1 149 2083 2098 AND
2 1 2089 2098 2099 AND
2 1 2097 2099 2100 AND
2 1 2094 2100 2101 AND
2 1 133 2101 2102 AND
2 1 1904 1946 2103 AND
2 1 1909 2103 2104 AND
2 1 2104 1907 2105 XOR
2 1 133 2094 2106 AND
2 1 2100 2106 2107 AND
2 1 2105 2107 2108 AND
2 1 2102 2108 2109 AND
2 1 1915 1917 2110 AND
2 1 1912 2110 2111 AND
2 1 1946 2111 2112 AND
2 1 1912 1917 2113 AND
2 1 1946 2113 2114 AND
2 1 1915 2114 2115 AND
2 1 2112 2115 2116 AND
2 1 1919 1926 2117 AND
2 1 1946 2117 2118 AND
2 1 1934 2118 2119 AND
2 1 2116 2119 2120 AND
2 1 2109 2120 2121 AND
2 1 129 2121 2122 AND
2 1 2102 2116 2123 AND
2 1 2108 2123 2124 AND
2 1 1926 1946 2125 AND
2 1 1926 1919 2126 XOR
2 1 129 2126 2127 AND
2 1 2125 2127 2128 AND
2 1 1922 1943 2129 AND
2 1 1925 2129 2130 AND
2 1 1938 2130 2131 AND
2 1 1934 2131 2132 AND
2 1 1932 2132 2133 AND
2 1 2128 2133 2134 AND
2 1 2124 2134 2135 AND
2 1 2122 2135 2136 AND
2 1 2040 2136 2247 AND
2 1 2045 2247 2248 AND
2 1 2248 2043 2249 XOR
2 1 2029 2136 2239 AND
2 1 2034 2239 2240 AND
2 1 2240 2032 2241 XOR
2 1 2021 2136 2231 AND
2 1 2026 2231 2232 AND
2 1 2232 2024 2233 XOR
2 1 2002 2136 2212 AND
2 1 2007 2212 2213 AND
2 1 2213 2005 2214 XOR
2 1 1994 2136 2204 AND
2 1 1999 2204 2205 AND
2 1 2205 1997 2206 XOR
2 1 1986 2136 2193 AND
2 1 1991 2193 2194 AND
2 1 2194 1989 2195 XOR
2 1 1975 2136 2185 AND
2 1 1980 2185 2186 AND
2 1 2186 1978 2187 XOR
2 1 1964 1966 2177 AND
2 1 2136 2177 2178 AND
2 1 2178 1972 2179 XOR
2 1 1953 1958 2166 AND
2 1 2136 2166 2167 AND
2 1 2167 1961 2168 XOR
2 1 88 2136 2137 AND
2 1 86 87 2138 AND
2 1 88 2138 2139 AND
2 1 1943 2139 2144 AND
2 1 1938 2144 2145 AND
2 1 1934 2145 2146 AND
2 1 1932 2146 2147 AND
2 1 2137 2147 2148 AND
2 1 88 2136 2150 AND
2 1 2150 89 2151 XOR
2 1 2148 2151 2152 AND
2 1 88 2136 2140 AND
2 1 88 2138 2141 AND
2 1 1946 2141 2142 AND
2 1 2140 2142 2143 AND
2 1 1767 2143 2155 AND
2 1 2152 2155 2156 AND
2 1 1948 2136 2149 AND
2 1 1946 2133 2157 AND
2 1 2128 2157 2158 AND
2 1 2124 2158 2159 AND
2 1 2122 2159 2160 AND
2 1 2149 2160 2161 AND
2 1 2161 90 2162 XOR
2 1 2156 2162 2163 AND
2 1 2143 2152 2153 AND
2 1 1767 2153 2154 AND
2 1 1593 2154 2169 AND
2 1 2163 2169 2170 AND
2 1 2168 2170 2171 AND
2 1 2154 2163 2164 AND
2 1 1593 2164 2165 AND
2 1 1430 2165 2180 AND
2 1 2171 2180 2181 AND
2 1 2179 2181 2182 AND
2 1 1593 2168 2172 AND
2 1 1593 2168 2173 AND
2 1 2164 2173 2174 AND
2 1 2172 2174 2175 AND
2 1 1430 2175 2176 AND
2 1 1278 2176 2188 AND
2 1 2182 2188 2189 AND
2 1 2187 2189 2190 AND
2 1 2176 2182 2183 AND
2 1 1278 2183 2184 AND
2 1 1131 2184 2196 AND
2 1 2190 2196 2197 AND
2 1 2195 2197 2198 AND
2 1 2184 2190 2191 AND
2 1 1131 2191 2192 AND
2 1 995 2192 2207 AND
2 1 2198 2207 2208 AND
2 1 2206 2208 2209 AND
2 1 1131 2195 2199 AND
2 1 1131 2195 2200 AND
2 1 2191 2200 2201 AND
2 1 2199 2201 2202 AND
2 1 995 2202 2203 AND
2 1 870 2203 2215 AND
2 1 2209 2215 2216 AND
2 1 2214 2216 2217 AND
2 1 2203 2209 2210 AND
2 1 870 2210 2211 AND
2 1 750 2211 2220 AND
2 1 2217 2220 2221 AND
2 1 2013 2015 2222 AND
2 1 2136 2222 2223 AND
2 1 2223 2018 2224 XOR
2 1 2221 2224 2225 AND
2 1 2211 2217 2218 AND
2 1 750 2218 2219 AND
2 1 641 2219 2234 AND
2 1 2225 2234 2235 AND
2 1 2233 2235 2236 AND
2 1 750 2224 2226 AND
2 1 750 2224 2227 AND
2 1 2218 2227 2228 AND
2 1 2226 2228 2229 AND
2 1 641 2229 2230 AND
2 1 543 2230 2242 AND
2 1 2236 2242 2243 AND
2 1 2241 2243 2244 AND
2 1 2230 2236 2237 AND
2 1 543 2237 2238 AND
2 1 450 2238 2250 AND
2 1 2244 2250 2251 AND
2 1 2249 2251 2252 AND
2 1 2238 2244 2245 AND
2 1 450 2245 2246 AND
2 1 368 2246 2261 AND
2 1 2252 2261 2262 AND
2 1 450 2249 2253 AND
2 1 450 2249 2254 AND
2 1 2245 2254 2255 AND
2 1 2253 2255 2256 AND
2 1 368 2256 2257 AND
2 1 2094 2136 2301 AND
2 1 2099 2301 2302 AND
2 1 2302 2097 2303 XOR
2 1 133 2303 2307 AND
2 1 2067 2136 2274 AND
2 1 2072 2274 2275 AND
2 1 2275 2070 2276 XOR
2 1 232 2276 2280 AND
2 1 2048 2136 2258 AND
2 1 2053 2258 2259 AND
2 1 2259 2051 2260 XOR
2 1 2260 2262 2263 AND
2 1 2257 2263 2264 AND
2 1 297 2264 2265 AND
2 1 2056 2136 2266 AND
2 1 2061 2266 2267 AND
2 1 2267 2059 2268 XOR
2 1 297 2257 2269 AND
2 1 2263 2269 2270 AND
2 1 2268 2270 2271 AND
2 1 2265 2271 2272 AND
2 1 232 2276 2281 AND
2 1 2272 2281 2282 AND
2 1 2280 2282 2283 AND
2 1 183 2283 2284 AND
2 1 2075 2136 2285 AND
2 1 2080 2285 2286 AND
2 1 2286 2078 2287 XOR
2 1 232 2265 2277 AND
2 1 2271 2277 2278 AND
2 1 2276 2278 2279 AND
2 1 232 2272 2273 AND
2 1 183 2273 2288 AND
2 1 2279 2288 2289 AND
2 1 2287 2289 2290 AND
2 1 2284 2290 2291 AND
2 1 149 2291 2292 AND
2 1 2083 2136 2293 AND
2 1 2088 2293 2294 AND
2 1 2294 2086 2295 XOR
2 1 149 2284 2296 AND
2 1 2290 2296 2297 AND
2 1 2295 2297 2298 AND
2 1 2292 2298 2299 AND
2 1 133 2303 2308 AND
2 1 2299 2308 2309 AND
2 1 2307 2309 2310 AND
2 1 2105 2107 2311 AND
2 1 2102 2311 2312 AND
2 1 2136 2312 2313 AND
2 1 2102 2107 2314 AND
2 1 2136 2314 2315 AND
2 1 2105 2315 2316 AND
2 1 2313 2316 2317 AND
2 1 2109 2116 2318 AND
2 1 2136 2318 2319 AND
2 1 2124 2319 2320 AND
2 1 2317 2320 2321 AND
2 1 2310 2321 2322 AND
2 1 129 2322 2323 AND
2 1 133 2292 2304 AND
2 1 2298 2304 2305 AND
2 1 2303 2305 2306 AND
2 1 133 2299 2300 AND
2 1 2300 2317 2324 AND
2 1 2306 2324 2325 AND
2 1 2116 2136 2326 AND
2 1 2116 2109 2327 XOR
2 1 129 2327 2328 AND
2 1 2326 2328 2329 AND
2 1 2112 2133 2330 AND
2 1 2115 2330 2331 AND
2 1 2128 2331 2332 AND
2 1 2124 2332 2333 AND
2 1 2122 2333 2334 AND
2 1 2329 2334 2335 AND
2 1 2325 2335 2336 AND
2 1 2323 2336 2337 AND
2 1 2257 2337 2475 AND
2 1 2262 2475 2476 AND
2 1 2476 2260 2477 XOR
2 1 2246 2337 2467 AND
2 1 2251 2467 2468 AND
2 1 2468 2249 2469 XOR
2 1 2238 2337 2459 AND
2 1 2243 2459 2460 AND
2 1 2460 2241 2461 XOR
2 1 2230 2337 2448 AND
2 1 2235 2448 2449 AND
2 1 2449 2233 2450 XOR
2 1 2211 2337 2432 AND
2 1 2216 2432 2433 AND
2 1 2433 2214 2434 XOR
2 1 2203 2337 2421 AND
2 1 2208 2421 2422 AND
2 1 2422 2206 2423 XOR
2 1 2192 2337 2413 AND
2 1 2197 2413 2414 AND
2 1 2414 2195 2415 XOR
2 1 2184 2337 2405 AND
2 1 2189 2405 2406 AND
2 1 2406 2187 2407 XOR
2 1 2176 2337 2394 AND
2 1 2181 2394 2395 AND
2 1 2395 2179 2396 XOR
2 1 2165 2337 2386 AND
2 1 2170 2386 2387 AND
2 1 2387 2168 2388 XOR
2 1 2154 2156 2378 AND
2 1 2337 2378 2379 AND
2 1 2379 2162 2380 XOR
2 1 2143 2148 2367 AND
2 1 2337 2367 2368 AND
2 1 2368 2151 2369 XOR
2 1 86 2337 2338 AND
2 1 84 85 2339 AND
2 1 86 2339 2340 AND
2 1 2133 2340 2345 AND
2 1 2128 2345 2346 AND
2 1 2124 2346 2347 AND
2 1 2122 2347 2348 AND
2 1 2338 2348 2349 AND
2 1 86 2337 2351 AND
2 1 2351 87 2352 XOR
2 1 2349 2352 2353 AND
2 1 86 2337 2341 AND
2 1 86 2339 2342 AND
2 1 2136 2342 2343 AND
2 1 2341 2343 2344 AND
2 1 1946 2344 2356 AND
2 1 2353 2356 2357 AND
2 1 2138 2337 2350 AND
2 1 2136 2334 2358 AND
2 1 2329 2358 2359 AND
2 1 2325 2359 2360 AND
2 1 2323 2360 2361 AND
2 1 2350 2361 2362 AND
2 1 2362 88 2363 XOR
2 1 2357 2363 2364 AND
2 1 2344 2353 2354 AND
2 1 1946 2354 2355 AND
2 1 1767 2355 2370 AND
2 1 2364 2370 2371 AND
2 1 2369 2371 2372 AND
2 1 2355 2364 2365 AND
2 1 1767 2365 2366 AND
2 1 1593 2366 2381 AND
2 1 2372 2381 2382 AND
2 1 2380 2382 2383 AND
2 1 1767 2369 2373 AND
2 1 1767 2369 2374 AND
2 1 2365 2374 2375 AND
2 1 2373 2375 2376 AND
2 1 1593 2376 2377 AND
2 1 1430 2377 2389 AND
2 1 2383 2389 2390 AND
2 1 2388 2390 2391 AND
2 1 2377 2383 2384 AND
2 1 1430 2384 2385 AND
2 1 1278 2385 2397 AND
2 1 2391 2397 2398 AND
2 1 2396 2398 2399 AND
2 1 2385 2391 2392 AND
2 1 1278 2392 2393 AND
2 1 1131 2393 2408 AND
2 1 2399 2408 2409 AND
2 1 2407 2409 2410 AND
2 1 1278 2396 2400 AND
2 1 1278 2396 2401 AND
2 1 2392 2401 2402 AND
2 1 2400 2402 2403 AND
2 1 1131 2403 2404 AND
2 1 995 2404 2416 AND
2 1 2410 2416 2417 AND
2 1 2415 2417 2418 AND
2 1 2404 2410 2411 AND
2 1 995 2411 2412 AND
2 1 870 2412 2424 AND
2 1 2418 2424 2425 AND
2 1 2423 2425 2426 AND
2 1 2412 2418 2419 AND
2 1 870 2419 2420 AND
2 1 750 2420 2435 AND
2 1 2426 2435 2436 AND
2 1 2434 2436 2437 AND
2 1 870 2423 2427 AND
2 1 870 2423 2428 AND
2 1 2419 2428 2429 AND
2 1 2427 2429 2430 AND
2 1 750 2430 2431 AND
2 1 641 2431 2440 AND
2 1 2437 2440 2441 AND
2 1 2219 2221 2442 AND
2 1 2337 2442 2443 AND
2 1 2443 2224 2444 XOR
2 1 2441 2444 2445 AND
2 1 2431 2437 2438 AND
2 1 641 2438 2439 AND
2 1 543 2439 2451 AND
2 1 2445 2451 2452 AND
2 1 2450 2452 2453 AND
2 1 2439 2445 2446 AND
2 1 543 2446 2447 AND
2 1 450 2447 2462 AND
2 1 2453 2462 2463 AND
2 1 2461 2463 2464 AND
2 1 543 2450 2454 AND
2 1 543 2450 2455 AND
2 1 2446 2455 2456 AND
2 1 2454 2456 2457 AND
2 1 450 2457 2458 AND
2 1 368 2458 2470 AND
2 1 2464 2470 2471 AND
2 1 2469 2471 2472 AND
2 1 2458 2464 2465 AND
2 1 368 2465 2466 AND
2 1 297 2466 2478 AND
2 1 2472 2478 2479 AND
2 1 2477 2479 2480 AND
2 1 2466 2472 2473 AND
2 1 297 2473 2474 AND
2 1 232 2474 2489 AND
2 1 2480 2489 2490 AND
2 1 297 2477 2481 AND
2 1 297 2477 2482 AND
2 1 2473 2482 2483 AND
2 1 2481 2483 2484 AND
2 1 232 2484 2485 AND
2 1 2265 2337 2486 AND
2 1 2270 2486 2487 AND
2 1 2487 2268 2488 XOR
2 1 2488 2490 2491 AND
2 1 2485 2491 2492 AND
2 1 183 2492 2493 AND
2 1 2273 2337 2494 AND
2 1 2278 2494 2495 AND
2 1 2495 2276 2496 XOR
2 1 183 2485 2497 AND
2 1 2491 2497 2498 AND
2 1 2496 2498 2499 AND
2 1 2493 2499 2500 AND
2 1 149 2500 2501 AND
2 1 2284 2337 2502 AND
2 1 2289 2502 2503 AND
2 1 2503 2287 2504 XOR
2 1 149 2493 2505 AND
2 1 2499 2505 2506 AND
2 1 2504 2506 2507 AND
2 1 2501 2507 2508 AND
2 1 133 2508 2509 AND
2 1 2292 2337 2510 AND
2 1 2297 2510 2511 AND
2 1 2511 2295 2512 XOR
2 1 133 2501 2513 AND
2 1 2507 2513 2514 AND
2 1 2512 2514 2515 AND
2 1 2509 2515 2516 AND
2 1 2303 2305 2517 AND
2 1 2300 2517 2518 AND
2 1 2337 2518 2519 AND
2 1 2300 2305 2520 AND
2 1 2337 2520 2521 AND
2 1 2303 2521 2522 AND
2 1 2519 2522 2523 AND
2 1 2310 2317 2524 AND
2 1 2337 2524 2525 AND
2 1 2325 2525 2526 AND
2 1 2523 2526 2527 AND
2 1 2516 2527 2528 AND
2 1 129 2528 2529 AND
2 1 2509 2523 2530 AND
2 1 2515 2530 2531 AND
2 1 2317 2337 2532 AND
2 1 2317 2310 2533 XOR
2 1 129 2533 2534 AND
2 1 2532 2534 2535 AND
2 1 2313 2334 2536 AND
2 1 2316 2536 2537 AND
2 1 2329 2537 2538 AND
2 1 2325 2538 2539 AND
2 1 2323 2539 2540 AND
2 1 2535 2540 2541 AND
2 1 2531 2541 2542 AND
2 1 2529 2542 2543 AND
2 1 2485 2543 2708 AND
2 1 2490 2708 2709 AND
2 1 2709 2488 2710 XOR
2 1 183 2710 2714 AND
2 1 2458 2543 2681 AND
2 1 2463 2681 2682 AND
2 1 2682 2461 2683 XOR
2 1 368 2683 2687 AND
2 1 2431 2543 2654 AND
2 1 2436 2654 2655 AND
2 1 2655 2434 2656 XOR
2 1 641 2656 2660 AND
2 1 2404 2543 2627 AND
2 1 2409 2627 2628 AND
2 1 2628 2407 2629 XOR
2 1 995 2629 2633 AND
2 1 2377 2543 2600 AND
2 1 2382 2600 2601 AND
2 1 2601 2380 2602 XOR
2 1 1430 2602 2606 AND
2 1 2344 2349 2573 AND
2 1 2543 2573 2574 AND
2 1 2574 2352 2575 XOR
2 1 1946 2575 2579 AND
2 1 84 2543 2547 AND
2 1 82 83 2545 AND
2 1 84 2545 2548 AND
2 1 2337 2548 2549 AND
2 1 2547 2549 2550 AND
2 1 84 2543 2544 AND
2 1 84 2545 2546 AND
2 1 2334 2546 2551 AND
2 1 2329 2551 2552 AND
2 1 2325 2552 2553 AND
2 1 2323 2553 2554 AND
2 1 2544 2554 2555 AND
2 1 84 2543 2557 AND
2 1 2557 85 2558 XOR
2 1 2555 2558 2559 AND
2 1 2550 2559 2560 AND
2 1 2136 2560 2561 AND
2 1 2136 2550 2562 AND
2 1 2559 2562 2563 AND
2 1 2339 2543 2556 AND
2 1 2337 2540 2564 AND
2 1 2535 2564 2565 AND
2 1 2531 2565 2566 AND
2 1 2529 2566 2567 AND
2 1 2556 2567 2568 AND
2 1 2568 86 2569 XOR
2 1 2563 2569 2570 AND
2 1 2561 2570 2571 AND
2 1 1946 2575 2580 AND
2 1 2571 2580 2581 AND
2 1 2579 2581 2582 AND
2 1 1767 2582 2583 AND
2 1 2355 2357 2584 AND
2 1 2543 2584 2585 AND
2 1 2585 2363 2586 XOR
2 1 1946 2561 2576 AND
2 1 2570 2576 2577 AND
2 1 2575 2577 2578 AND
2 1 1946 2571 2572 AND
2 1 1767 2572 2587 AND
2 1 2578 2587 2588 AND
2 1 2586 2588 2589 AND
2 1 2583 2589 2590 AND
2 1 1593 2590 2591 AND
2 1 2366 2543 2592 AND
2 1 2371 2592 2593 AND
2 1 2593 2369 2594 XOR
2 1 1593 2583 2595 AND
2 1 2589 2595 2596 AND
2 1 2594 2596 2597 AND
2 1 2591 2597 2598 AND
2 1 1430 2602 2607 AND
2 1 2598 2607 2608 AND
2 1 2606 2608 2609 AND
2 1 1278 2609 2610 AND
2 1 2385 2543 2611 AND
2 1 2390 2611 2612 AND
2 1 2612 2388 2613 XOR
2 1 1430 2591 2603 AND
2 1 2597 2603 2604 AND
2 1 2602 2604 2605 AND
2 1 1430 2598 2599 AND
2 1 1278 2599 2614 AND
2 1 2605 2614 2615 AND
2 1 2613 2615 2616 AND
2 1 2610 2616 2617 AND
2 1 1131 2617 2618 AND
2 1 2393 2543 2619 AND
2 1 2398 2619 2620 AND
2 1 2620 2396 2621 XOR
2 1 1131 2610 2622 AND
2 1 2616 2622 2623 AND
2 1 2621 2623 2624 AND
2 1 2618 2624 2625 AND
2 1 995 2629 2634 AND
2 1 2625 2634 2635 AND
2 1 2633 2635 2636 AND
2 1 870 2636 2637 AND
2 1 2412 2543 2638 AND
2 1 2417 2638 2639 AND
2 1 2639 2415 2640 XOR
2 1 995 2618 2630 AND
2 1 2624 2630 2631 AND
2 1 2629 2631 2632 AND
2 1 995 2625 2626 AND
2 1 870 2626 2641 AND
2 1 2632 2641 2642 AND
2 1 2640 2642 2643 AND
2 1 2637 2643 2644 AND
2 1 750 2644 2645 AND
2 1 2420 2543 2646 AND
2 1 2425 2646 2647 AND
2 1 2647 2423 2648 XOR
2 1 750 2637 2649 AND
2 1 2643 2649 2650 AND
2 1 2648 2650 2651 AND
2 1 2645 2651 2652 AND
2 1 641 2656 2661 AND
2 1 2652 2661 2662 AND
2 1 2660 2662 2663 AND
2 1 543 2663 2664 AND
2 1 641 2645 2657 AND
2 1 2651 2657 2658 AND
2 1 2656 2658 2659 AND
2 1 641 2652 2653 AND
2 1 543 2653 2665 AND
2 1 2659 2665 2666 AND
2 1 2439 2441 2667 AND
2 1 2543 2667 2668 AND
2 1 2668 2444 2669 XOR
2 1 2666 2669 2670 AND
2 1 2664 2670 2671 AND
2 1 450 2671 2672 AND
2 1 2447 2543 2673 AND
2 1 2452 2673 2674 AND
2 1 2674 2450 2675 XOR
2 1 450 2664 2676 AND
2 1 2670 2676 2677 AND
2 1 2675 2677 2678 AND
2 1 2672 2678 2679 AND
2 1 368 2683 2688 AND
2 1 2679 2688 2689 AND
2 1 2687 2689 2690 AND
2 1 297 2690 2691 AND
2 1 2466 2543 2692 AND
2 1 2471 2692 2693 AND
2 1 2693 2469 2694 XOR
2 1 368 2672 2684 AND
2 1 2678 2684 2685 AND
2 1 2683 2685 2686 AND
2 1 368 2679 2680 AND
2 1 297 2680 2695 AND
2 1 2686 2695 2696 AND
2 1 2694 2696 2697 AND
2 1 2691 2697 2698 AND
2 1 232 2698 2699 AND
2 1 2474 2543 2700 AND
2 1 2479 2700 2701 AND
2 1 2701 2477 2702 XOR
2 1 232 2691 2703 AND
2 1 2697 2703 2704 AND
2 1 2702 2704 2705 AND
2 1 2699 2705 2706 AND
2 1 183 2710 2715 AND
2 1 2706 2715 2716 AND
2 1 2714 2716 2717 AND
2 1 149 2717 2718 AND
2 1 2493 2543 2719 AND
2 1 2498 2719 2720 AND
2 1 2720 2496 2721 XOR
2 1 183 2699 2711 AND
2 1 2705 2711 2712 AND
2 1 2710 2712 2713 AND
2 1 183 2706 2707 AND
2 1 149 2707 2722 AND
2 1 2713 2722 2723 AND
2 1 2721 2723 2724 AND
2 1 2718 2724 2725 AND
2 1 133 2725 2726 AND
2 1 2501 2543 2727 AND
2 1 2506 2727 2728 AND
2 1 2728 2504 2729 XOR
2 1 133 2718 2730 AND
2 1 2724 2730 2731 AND
2 1 2729 2731 2732 AND
2 1 2726 2732 2733 AND
2 1 2512 2514 2734 AND
2 1 2509 2734 2735 AND
2 1 2543 2735 2736 AND
2 1 2509 2514 2737 AND
2 1 2543 2737 2738 AND
2 1 2512 2738 2739 AND
2 1 2736 2739 2740 AND
2 1 2516 2523 2741 AND
2 1 2543 2741 2742 AND
2 1 2531 2742 2743 AND
2 1 2740 2743 2744 AND
2 1 2733 2744 2745 AND
2 1 129 2745 2746 AND
2 1 2726 2740 2747 AND
2 1 2732 2747 2748 AND
2 1 2523 2543 2749 AND
2 1 2523 2516 2750 XOR
2 1 129 2750 2751 AND
2 1 2749 2751 2752 AND
2 1 2519 2540 2753 AND
2 1 2522 2753 2754 AND
2 1 2535 2754 2755 AND
2 1 2531 2755 2756 AND
2 1 2529 2756 2757 AND
2 1 2752 2757 2758 AND
2 1 2748 2758 2759 AND
2 1 2746 2759 2760 AND
2 1 2550 2555 2790 AND
2 1 2760 2790 2791 AND
2 1 2791 2558 2792 XOR
2 1 82 2760 2761 AND
2 1 80 81 2762 AND
2 1 82 2762 2763 AND
2 1 2540 2763 2768 AND
2 1 2535 2768 2769 AND
2 1 2531 2769 2770 AND
2 1 2529 2770 2771 AND
2 1 2761 2771 2772 AND
2 1 82 2760 2774 AND
2 1 2774 83 2775 XOR
2 1 2772 2775 2776 AND
2 1 82 2760 2764 AND
2 1 82 2762 2765 AND
2 1 2543 2765 2766 AND
2 1 2764 2766 2767 AND
2 1 2337 2767 2779 AND
2 1 2776 2779 2780 AND
2 1 2545 2760 2773 AND
2 1 2543 2757 2781 AND
2 1 2752 2781 2782 AND
2 1 2748 2782 2783 AND
2 1 2746 2783 2784 AND
2 1 2773 2784 2785 AND
2 1 2785 84 2786 XOR
2 1 2780 2786 2787 AND
2 1 2767 2776 2777 AND
2 1 2337 2777 2778 AND
2 1 2136 2778 2793 AND
2 1 2787 2793 2794 AND
2 1 2792 2794 2795 AND
2 1 2778 2787 2788 AND
2 1 2136 2788 2789 AND
2 1 1946 2789 2804 AND
2 1 2795 2804 2805 AND
2 1 2136 2792 2796 AND
2 1 2136 2792 2797 AND
2 1 2788 2797 2798 AND
2 1 2796 2798 2799 AND
2 1 1946 2799 2800 AND
2 1 2718 2760 2952 AND
2 1 2723 2952 2953 AND
2 1 2953 2721 2954 XOR
2 1 133 2954 2958 AND
2 1 2691 2760 2925 AND
2 1 2696 2925 2926 AND
2 1 2926 2694 2927 XOR
2 1 232 2927 2931 AND
2 1 2664 2666 2900 AND
2 1 2760 2900 2901 AND
2 1 2901 2669 2902 XOR
2 1 450 2902 2904 AND
2 1 2637 2760 2871 AND
2 1 2642 2871 2872 AND
2 1 2872 2640 2873 XOR
2 1 750 2873 2877 AND
2 1 2610 2760 2844 AND
2 1 2615 2844 2845 AND
2 1 2845 2613 2846 XOR
2 1 1131 2846 2850 AND
2 1 2583 2760 2817 AND
2 1 2588 2817 2818 AND
2 1 2818 2586 2819 XOR
2 1 1593 2819 2823 AND
2 1 2561 2563 2801 AND
2 1 2760 2801 2802 AND
2 1 2802 2569 2803 XOR
2 1 2803 2805 2806 AND
2 1 2800 2806 2807 AND
2 1 1767 2807 2808 AND
2 1 2572 2760 2809 AND
2 1 2577 2809 2810 AND
2 1 2810 2575 2811 XOR
2 1 1767 2800 2812 AND
2 1 2806 2812 2813 AND
2 1 2811 2813 2814 AND
2 1 2808 2814 2815 AND
2 1 1593 2819 2824 AND
2 1 2815 2824 2825 AND
2 1 2823 2825 2826 AND
2 1 1430 2826 2827 AND
2 1 2591 2760 2828 AND
2 1 2596 2828 2829 AND
2 1 2829 2594 2830 XOR
2 1 1593 2808 2820 AND
2 1 2814 2820 2821 AND
2 1 2819 2821 2822 AND
2 1 1593 2815 2816 AND
2 1 1430 2816 2831 AND
2 1 2822 2831 2832 AND
2 1 2830 2832 2833 AND
2 1 2827 2833 2834 AND
2 1 1278 2834 2835 AND
2 1 2599 2760 2836 AND
2 1 2604 2836 2837 AND
2 1 2837 2602 2838 XOR
2 1 1278 2827 2839 AND
2 1 2833 2839 2840 AND
2 1 2838 2840 2841 AND
2 1 2835 2841 2842 AND
2 1 1131 2846 2851 AND
2 1 2842 2851 2852 AND
2 1 2850 2852 2853 AND
2 1 995 2853 2854 AND
2 1 2618 2760 2855 AND
2 1 2623 2855 2856 AND
2 1 2856 2621 2857 XOR
2 1 1131 2835 2847 AND
2 1 2841 2847 2848 AND
2 1 2846 2848 2849 AND
2 1 1131 2842 2843 AND
2 1 995 2843 2858 AND
2 1 2849 2858 2859 AND
2 1 2857 2859 2860 AND
2 1 2854 2860 2861 AND
2 1 870 2861 2862 AND
2 1 2626 2760 2863 AND
2 1 2631 2863 2864 AND
2 1 2864 2629 2865 XOR
2 1 870 2854 2866 AND
2 1 2860 2866 2867 AND
2 1 2865 2867 2868 AND
2 1 2862 2868 2869 AND
2 1 750 2873 2878 AND
2 1 2869 2878 2879 AND
2 1 2877 2879 2880 AND
2 1 641 2880 2881 AND
2 1 2645 2760 2882 AND
2 1 2650 2882 2883 AND
2 1 2883 2648 2884 XOR
2 1 750 2862 2874 AND
2 1 2868 2874 2875 AND
2 1 2873 2875 2876 AND
2 1 750 2869 2870 AND
2 1 641 2870 2885 AND
2 1 2876 2885 2886 AND
2 1 2884 2886 2887 AND
2 1 2881 2887 2888 AND
2 1 543 2888 2889 AND
2 1 2653 2760 2890 AND
2 1 2658 2890 2891 AND
2 1 2891 2656 2892 XOR
2 1 543 2881 2893 AND
2 1 2887 2893 2894 AND
2 1 2892 2894 2895 AND
2 1 2889 2895 2896 AND
2 1 450 2902 2905 AND
2 1 2896 2905 2906 AND
2 1 2904 2906 2907 AND
2 1 368 2907 2908 AND
2 1 2672 2760 2909 AND
2 1 2677 2909 2910 AND
2 1 2910 2675 2911 XOR
2 1 450 2889 2898 AND
2 1 2895 2898 2899 AND
2 1 2899 2902 2903 AND
2 1 450 2896 2897 AND
2 1 368 2897 2912 AND
2 1 2903 2912 2913 AND
2 1 2911 2913 2914 AND
2 1 2908 2914 2915 AND
2 1 297 2915 2916 AND
2 1 2680 2760 2917 AND
2 1 2685 2917 2918 AND
2 1 2918 2683 2919 XOR
2 1 297 2908 2920 AND
2 1 2914 2920 2921 AND
2 1 2919 2921 2922 AND
2 1 2916 2922 2923 AND
2 1 232 2927 2932 AND
2 1 2923 2932 2933 AND
2 1 2931 2933 2934 AND
2 1 183 2934 2935 AND
2 1 2699 2760 2936 AND
2 1 2704 2936 2937 AND
2 1 2937 2702 2938 XOR
2 1 232 2916 2928 AND
2 1 2922 2928 2929 AND
2 1 2927 2929 2930 AND
2 1 232 2923 2924 AND
2 1 183 2924 2939 AND
2 1 2930 2939 2940 AND
2 1 2938 2940 2941 AND
2 1 2935 2941 2942 AND
2 1 149 2942 2943 AND
2 1 2707 2760 2944 AND
2 1 2712 2944 2945 AND
2 1 2945 2710 2946 XOR
2 1 149 2935 2947 AND
2 1 2941 2947 2948 AND
2 1 2946 2948 2949 AND
2 1 2943 2949 2950 AND
2 1 133 2954 2959 AND
2 1 2950 2959 2960 AND
2 1 2958 2960 2961 AND
2 1 2729 2731 2962 AND
2 1 2726 2962 2963 AND
2 1 2760 2963 2964 AND
2 1 2726 2731 2965 AND
2 1 2760 2965 2966 AND
2 1 2729 2966 2967 AND
2 1 2964 2967 2968 AND
2 1 2733 2740 2969 AND
2 1 2760 2969 2970 AND
2 1 2748 2970 2971 AND
2 1 2968 2971 2972 AND
2 1 2961 2972 2973 AND
2 1 129 2973 2974 AND
2 1 133 2943 2955 AND
2 1 2949 2955 2956 AND
2 1 2954 2956 2957 AND
2 1 133 2950 2951 AND
2 1 2951 2968 2975 AND
2 1 2957 2975 2976 AND
2 1 2740 2760 2977 AND
2 1 2740 2733 2978 XOR
2 1 129 2978 2979 AND
2 1 2977 2979 2980 AND
2 1 2736 2757 2981 AND
2 1 2739 2981 2982 AND
2 1 2752 2982 2983 AND
2 1 2748 2983 2984 AND
2 1 2746 2984 2985 AND
2 1 2980 2985 2986 AND
2 1 2976 2986 2987 AND
2 1 2974 2987 2988 AND
2 1 2800 2988 3045 AND
2 1 2805 3045 3046 AND
2 1 3046 2803 3047 XOR
2 1 2789 2988 3037 AND
2 1 2794 3037 3038 AND
2 1 3038 2792 3039 XOR
2 1 2778 2780 3029 AND
2 1 2988 3029 3030 AND
2 1 3030 2786 3031 XOR
2 1 2767 2772 3018 AND
2 1 2988 3018 3019 AND
2 1 3019 2775 3020 XOR
2 1 80 2988 2989 AND
2 1 78 79 2990 AND
2 1 80 2990 2991 AND
2 1 2757 2991 2996 AND
2 1 2752 2996 2997 AND
2 1 2748 2997 2998 AND
2 1 2746 2998 2999 AND
2 1 2989 2999 3000 AND
2 1 80 2988 3002 AND
2 1 3002 81 3003 XOR
2 1 3000 3003 3004 AND
2 1 80 2988 2992 AND
2 1 80 2990 2993 AND
2 1 2760 2993 2994 AND
2 1 2992 2994 2995 AND
2 1 2543 2995 3007 AND
2 1 3004 3007 3008 AND
2 1 2762 2988 3001 AND
2 1 2760 2985 3009 AND
2 1 2980 3009 3010 AND
2 1 2976 3010 3011 AND
2 1 2974 3011 3012 AND
2 1 3001 3012 3013 AND
2 1 3013 82 3014 XOR
2 1 3008 3014 3015 AND
2 1 2995 3004 3005 AND
2 1 2543 3005 3006 AND
2 1 2337 3006 3021 AND
2 1 3015 3021 3022 AND
2 1 3020 3022 3023 AND
2 1 3006 3015 3016 AND
2 1 2337 3016 3017 AND
2 1 2136 3017 3032 AND
2 1 3023 3032 3033 AND
2 1 3031 3033 3034 AND
2 1 2337 3020 3024 AND
2 1 2337 3020 3025 AND
2 1 3016 3025 3026 AND
2 1 3024 3026 3027 AND
2 1 2136 3027 3028 AND
2 1 1946 3028 3040 AND
2 1 3034 3040 3041 AND
2 1 3039 3041 3042 AND
2 1 3028 3034 3035 AND
2 1 1946 3035 3036 AND
2 1 1767 3036 3048 AND
2 1 3042 3048 3049 AND
2 1 3047 3049 3050 AND
2 1 3036 3042 3043 AND
2 1 1767 3043 3044 AND
2 1 1593 3044 3059 AND
2 1 3050 3059 3060 AND
2 1 1767 3047 3051 AND
2 1 1767 3047 3052 AND
2 1 3043 3052 3053 AND
2 1 3051 3053 3054 AND
2 1 1593 3054 3055 AND
2 1 2908 2988 3153 AND
2 1 2913 3153 3154 AND
2 1 3154 2911 3155 XOR
2 1 297 3155 3159 AND
2 1 2881 2988 3126 AND
2 1 2886 3126 3127 AND
2 1 3127 2884 3128 XOR
2 1 543 3128 3132 AND
2 1 2854 2988 3099 AND
2 1 2859 3099 3100 AND
2 1 3100 2857 3101 XOR
2 1 870 3101 3105 AND
2 1 2827 2988 3072 AND
2 1 2832 3072 3073 AND
2 1 3073 2830 3074 XOR
2 1 1278 3074 3078 AND
2 1 2808 2988 3056 AND
2 1 2813 3056 3057 AND
2 1 3057 2811 3058 XOR
2 1 3058 3060 3061 AND
2 1 3055 3061 3062 AND
2 1 1430 3062 3063 AND
2 1 2816 2988 3064 AND
2 1 2821 3064 3065 AND
2 1 3065 2819 3066 XOR
2 1 1430 3055 3067 AND
2 1 3061 3067 3068 AND
2 1 3066 3068 3069 AND
2 1 3063 3069 3070 AND
2 1 1278 3074 3079 AND
2 1 3070 3079 3080 AND
2 1 3078 3080 3081 AND
2 1 1131 3081 3082 AND
2 1 2835 2988 3083 AND
2 1 2840 3083 3084 AND
2 1 3084 2838 3085 XOR
2 1 1278 3063 3075 AND
2 1 3069 3075 3076 AND
2 1 3074 3076 3077 AND
2 1 1278 3070 3071 AND
2 1 1131 3071 3086 AND
2 1 3077 3086 3087 AND
2 1 3085 3087 3088 AND
2 1 3082 3088 3089 AND
2 1 995 3089 3090 AND
2 1 2843 2988 3091 AND
2 1 2848 3091 3092 AND
2 1 3092 2846 3093 XOR
2 1 995 3082 3094 AND
2 1 3088 3094 3095 AND
2 1 3093 3095 3096 AND
2 1 3090 3096 3097 AND
2 1 870 3101 3106 AND
2 1 3097 3106 3107 AND
2 1 3105 3107 3108 AND
2 1 750 3108 3109 AND
2 1 2862 2988 3110 AND
2 1 2867 3110 3111 AND
2 1 3111 2865 3112 XOR
2 1 870 3090 3102 AND
2 1 3096 3102 3103 AND
2 1 3101 3103 3104 AND
2 1 870 3097 3098 AND
2 1 750 3098 3113 AND
2 1 3104 3113 3114 AND
2 1 3112 3114 3115 AND
2 1 3109 3115 3116 AND
2 1 641 3116 3117 AND
2 1 2870 2988 3118 AND
2 1 2875 3118 3119 AND
2 1 3119 2873 3120 XOR
2 1 641 3109 3121 AND
2 1 3115 3121 3122 AND
2 1 3120 3122 3123 AND
2 1 3117 3123 3124 AND
2 1 543 3128 3133 AND
2 1 3124 3133 3134 AND
2 1 3132 3134 3135 AND
2 1 450 3135 3136 AND
2 1 2889 2988 3137 AND
2 1 2894 3137 3138 AND
2 1 3138 2892 3139 XOR
2 1 543 3117 3129 AND
2 1 3123 3129 3130 AND
2 1 3128 3130 3131 AND
2 1 543 3124 3125 AND
2 1 450 3125 3140 AND
2 1 3131 3140 3141 AND
2 1 3139 3141 3142 AND
2 1 3136 3142 3143 AND
2 1 368 3143 3144 AND
2 1 368 3136 3145 AND
2 1 3142 3145 3146 AND
2 1 2897 2899 3147 AND
2 1 2988 3147 3148 AND
2 1 3148 2902 3149 XOR
2 1 3146 3149 3150 AND
2 1 3144 3150 3151 AND
2 1 297 3155 3160 AND
2 1 3151 3160 3161 AND
2 1 3159 3161 3162 AND
2 1 232 3162 3163 AND
2 1 2916 2988 3164 AND
2 1 2921 3164 3165 AND
2 1 3165 2919 3166 XOR
2 1 297 3144 3156 AND
2 1 3150 3156 3157 AND
2 1 3155 3157 3158 AND
2 1 297 3151 3152 AND
2 1 232 3152 3167 AND
2 1 3158 3167 3168 AND
2 1 3166 3168 3169 AND
2 1 3163 3169 3170 AND
2 1 183 3170 3171 AND
2 1 2924 2988 3172 AND
2 1 2929 3172 3173 AND
2 1 3173 2927 3174 XOR
2 1 183 3163 3175 AND
2 1 3169 3175 3176 AND
2 1 3174 3176 3177 AND
2 1 3171 3177 3178 AND
2 1 149 3178 3179 AND
2 1 2935 2988 3180 AND
2 1 2940 3180 3181 AND
2 1 3181 2938 3182 XOR
2 1 149 3171 3183 AND
2 1 3177 3183 3184 AND
2 1 3182 3184 3185 AND
2 1 3179 3185 3186 AND
2 1 133 3186 3187 AND
2 1 2943 2988 3188 AND
2 1 2948 3188 3189 AND
2 1 3189 2946 3190 XOR
2 1 133 3179 3191 AND
2 1 3185 3191 3192 AND
2 1 3190 3192 3193 AND
2 1 3187 3193 3194 AND
2 1 2951 2954 3195 AND
2 1 2956 3195 3196 AND
2 1 2988 3196 3197 AND
2 1 2951 2956 3198 AND
2 1 2988 3198 3199 AND
2 1 2954 3199 3200 AND
2 1 3197 3200 3201 AND
2 1 2961 2968 3202 AND
2 1 2988 3202 3203 AND
2 1 2976 3203 3204 AND
2 1 3201 3204 3205 AND
2 1 3194 3205 3206 AND
2 1 129 3206 3207 AND
2 1 3187 3201 3208 AND
2 1 3193 3208 3209 AND
2 1 2968 2988 3210 AND
2 1 2968 2961 3211 XOR
2 1 129 3211 3212 AND
2 1 3210 3212 3213 AND
2 1 2964 2985 3214 AND
2 1 2967 3214 3215 AND
2 1 2980 3215 3216 AND
2 1 2976 3216 3217 AND
2 1 2974 3217 3218 AND
2 1 3213 3218 3219 AND
2 1 3209 3219 3220 AND
2 1 3207 3220 3221 AND
2 1 3055 3221 3305 AND
2 1 3060 3305 3306 AND
2 1 3306 3058 3307 XOR
2 1 3044 3221 3297 AND
2 1 3049 3297 3298 AND
2 1 3298 3047 3299 XOR
2 1 3036 3221 3289 AND
2 1 3041 3289 3290 AND
2 1 3290 3039 3291 XOR
2 1 3028 3221 3278 AND
2 1 3033 3278 3279 AND
2 1 3279 3031 3280 XOR
2 1 3017 3221 3270 AND
2 1 3022 3270 3271 AND
2 1 3271 3020 3272 XOR
2 1 3006 3008 3262 AND
2 1 3221 3262 3263 AND
2 1 3263 3014 3264 XOR
2 1 2995 3000 3251 AND
2 1 3221 3251 3252 AND
2 1 3252 3003 3253 XOR
2 1 78 3221 3222 AND
2 1 76 77 3223 AND
2 1 78 3223 3224 AND
2 1 2985 3224 3229 AND
2 1 2980 3229 3230 AND
2 1 2976 3230 3231 AND
2 1 2974 3231 3232 AND
2 1 3222 3232 3233 AND
2 1 78 3221 3235 AND
2 1 3235 79 3236 XOR
2 1 3233 3236 3237 AND
2 1 78 3221 3225 AND
2 1 78 3223 3226 AND
2 1 2988 3226 3227 AND
2 1 3225 3227 3228 AND
2 1 2760 3228 3240 AND
2 1 3237 3240 3241 AND
2 1 2990 3221 3234 AND
2 1 2988 3218 3242 AND
2 1 3213 3242 3243 AND
2 1 3209 3243 3244 AND
2 1 3207 3244 3245 AND
2 1 3234 3245 3246 AND
2 1 3246 80 3247 XOR
2 1 3241 3247 3248 AND
2 1 3228 3237 3238 AND
2 1 2760 3238 3239 AND
2 1 2543 3239 3254 AND
2 1 3248 3254 3255 AND
2 1 3253 3255 3256 AND
2 1 3239 3248 3249 AND
2 1 2543 3249 3250 AND
2 1 2337 3250 3265 AND
2 1 3256 3265 3266 AND
2 1 3264 3266 3267 AND
2 1 2543 3253 3257 AND
2 1 2543 3253 3258 AND
2 1 3249 3258 3259 AND
2 1 3257 3259 3260 AND
2 1 2337 3260 3261 AND
2 1 2136 3261 3273 AND
2 1 3267 3273 3274 AND
2 1 3272 3274 3275 AND
2 1 3261 3267 3268 AND
2 1 2136 3268 3269 AND
2 1 1946 3269 3281 AND
2 1 3275 3281 3282 AND
2 1 3280 3282 3283 AND
2 1 3269 3275 3276 AND
2 1 1946 3276 3277 AND
2 1 1767 3277 3292 AND
2 1 3283 3292 3293 AND
2 1 3291 3293 3294 AND
2 1 1946 3280 3284 AND
2 1 1946 3280 3285 AND
2 1 3276 3285 3286 AND
2 1 3284 3286 3287 AND
2 1 1767 3287 3288 AND
2 1 1593 3288 3300 AND
2 1 3294 3300 3301 AND
2 1 3299 3301 3302 AND
2 1 3288 3294 3295 AND
2 1 1593 3295 3296 AND
2 1 1430 3296 3308 AND
2 1 3302 3308 3309 AND
2 1 3307 3309 3310 AND
2 1 3296 3302 3303 AND
2 1 1430 3303 3304 AND
2 1 1278 3304 3319 AND
2 1 3310 3319 3320 AND
2 1 1430 3307 3311 AND
2 1 1430 3307 3312 AND
2 1 3303 3312 3313 AND
2 1 3311 3313 3314 AND
2 1 1278 3314 3315 AND
2 1 3163 3221 3413 AND
2 1 3168 3413 3414 AND
2 1 3414 3166 3415 XOR
2 1 183 3415 3419 AND
2 1 3136 3221 3386 AND
2 1 3141 3386 3387 AND
2 1 3387 3139 3388 XOR
2 1 368 3388 3392 AND
2 1 3109 3221 3359 AND
2 1 3114 3359 3360 AND
2 1 3360 3112 3361 XOR
2 1 641 3361 3365 AND
2 1 3082 3221 3332 AND
2 1 3087 3332 3333 AND
2 1 3333 3085 3334 XOR
2 1 995 3334 3338 AND
2 1 3063 3221 3316 AND
2 1 3068 3316 3317 AND
2 1 3317 3066 3318 XOR
2 1 3318 3320 3321 AND
2 1 3315 3321 3322 AND
2 1 1131 3322 3323 AND
2 1 3071 3221 3324 AND
2 1 3076 3324 3325 AND
2 1 3325 3074 3326 XOR
2 1 1131 3315 3327 AND
2 1 3321 3327 3328 AND
2 1 3326 3328 3329 AND
2 1 3323 3329 3330 AND
2 1 995 3334 3339 AND
2 1 3330 3339 3340 AND
2 1 3338 3340 3341 AND
2 1 870 3341 3342 AND
2 1 3090 3221 3343 AND
2 1 3095 3343 3344 AND
2 1 3344 3093 3345 XOR
2 1 995 3323 3335 AND
2 1 3329 3335 3336 AND
2 1 3334 3336 3337 AND
2 1 995 3330 3331 AND
2 1 870 3331 3346 AND
2 1 3337 3346 3347 AND
2 1 3345 3347 3348 AND
2 1 3342 3348 3349 AND
2 1 750 3349 3350 AND
2 1 3098 3221 3351 AND
2 1 3103 3351 3352 AND
2 1 3352 3101 3353 XOR
2 1 750 3342 3354 AND
2 1 3348 3354 3355 AND
2 1 3353 3355 3356 AND
2 1 3350 3356 3357 AND
2 1 641 3361 3366 AND
2 1 3357 3366 3367 AND
2 1 3365 3367 3368 AND
2 1 543 3368 3369 AND
2 1 3117 3221 3370 AND
2 1 3122 3370 3371 AND
2 1 3371 3120 3372 XOR
2 1 641 3350 3362 AND
2 1 3356 3362 3363 AND
2 1 3361 3363 3364 AND
2 1 641 3357 3358 AND
2 1 543 3358 3373 AND
2 1 3364 3373 3374 AND
2 1 3372 3374 3375 AND
2 1 3369 3375 3376 AND
2 1 450 3376 3377 AND
2 1 3125 3221 3378 AND
2 1 3130 3378 3379 AND
2 1 3379 3128 3380 XOR
2 1 450 3369 3381 AND
2 1 3375 3381 3382 AND
2 1 3380 3382 3383 AND
2 1 3377 3383 3384 AND
2 1 368 3388 3393 AND
2 1 3384 3393 3394 AND
2 1 3392 3394 3395 AND
2 1 297 3395 3396 AND
2 1 368 3377 3389 AND
2 1 3383 3389 3390 AND
2 1 3388 3390 3391 AND
2 1 368 3384 3385 AND
2 1 297 3385 3397 AND
2 1 3391 3397 3398 AND
2 1 3144 3146 3399 AND
2 1 3221 3399 3400 AND
2 1 3400 3149 3401 XOR
2 1 3398 3401 3402 AND
2 1 3396 3402 3403 AND
2 1 232 3403 3404 AND
2 1 3152 3221 3405 AND
2 1 3157 3405 3406 AND
2 1 3406 3155 3407 XOR
2 1 232 3396 3408 AND
2 1 3402 3408 3409 AND
2 1 3407 3409 3410 AND
2 1 3404 3410 3411 AND
2 1 183 3415 3420 AND
2 1 3411 3420 3421 AND
2 1 3419 3421 3422 AND
2 1 149 3422 3423 AND
2 1 3171 3221 3424 AND
2 1 3176 3424 3425 AND
2 1 3425 3174 3426 XOR
2 1 183 3404 3416 AND
2 1 3410 3416 3417 AND
2 1 3415 3417 3418 AND
2 1 183 3411 3412 AND
2 1 149 3412 3427 AND
2 1 3418 3427 3428 AND
2 1 3426 3428 3429 AND
2 1 3423 3429 3430 AND
2 1 133 3430 3431 AND
2 1 3179 3221 3432 AND
2 1 3184 3432 3433 AND
2 1 3433 3182 3434 XOR
2 1 133 3423 3435 AND
2 1 3429 3435 3436 AND
2 1 3434 3436 3437 AND
2 1 3431 3437 3438 AND
2 1 3190 3192 3439 AND
2 1 3187 3439 3440 AND
2 1 3221 3440 3441 AND
2 1 3187 3192 3442 AND
2 1 3221 3442 3443 AND
2 1 3190 3443 3444 AND
2 1 3441 3444 3445 AND
2 1 3194 3201 3446 AND
2 1 3221 3446 3447 AND
2 1 3209 3447 3448 AND
2 1 3445 3448 3449 AND
2 1 3438 3449 3450 AND
2 1 129 3450 3451 AND
2 1 3431 3445 3452 AND
2 1 3437 3452 3453 AND
2 1 3201 3221 3454 AND
2 1 3201 3194 3455 XOR
2 1 129 3455 3456 AND
2 1 3454 3456 3457 AND
2 1 3197 3218 3458 AND
2 1 3200 3458 3459 AND
2 1 3213 3459 3460 AND
2 1 3209 3460 3461 AND
2 1 3207 3461 3462 AND
2 1 3457 3462 3463 AND
2 1 3453 3463 3464 AND
2 1 3451 3464 3465 AND
2 1 3315 3465 3576 AND
2 1 3320 3576 3577 AND
2 1 3577 3318 3578 XOR
2 1 3304 3465 3568 AND
2 1 3309 3568 3569 AND
2 1 3569 3307 3570 XOR
2 1 3296 3465 3560 AND
2 1 3301 3560 3561 AND
2 1 3561 3299 3562 XOR
2 1 3288 3465 3549 AND
2 1 3293 3549 3550 AND
2 1 3550 3291 3551 XOR
2 1 3277 3465 3541 AND
2 1 3282 3541 3542 AND
2 1 3542 3280 3543 XOR
2 1 3269 3465 3533 AND
2 1 3274 3533 3534 AND
2 1 3534 3272 3535 XOR
2 1 3261 3465 3522 AND
2 1 3266 3522 3523 AND
2 1 3523 3264 3524 XOR
2 1 3250 3465 3514 AND
2 1 3255 3514 3515 AND
2 1 3515 3253 3516 XOR
2 1 3239 3241 3506 AND
2 1 3465 3506 3507 AND
2 1 3507 3247 3508 XOR
2 1 3228 3233 3495 AND
2 1 3465 3495 3496 AND
2 1 3496 3236 3497 XOR
2 1 76 3465 3466 AND
2 1 74 75 3467 AND
2 1 76 3467 3468 AND
2 1 3218 3468 3473 AND
2 1 3213 3473 3474 AND
2 1 3209 3474 3475 AND
2 1 3207 3475 3476 AND
2 1 3466 3476 3477 AND
2 1 76 3465 3479 AND
2 1 3479 77 3480 XOR
2 1 3477 3480 3481 AND
2 1 76 3465 3469 AND
2 1 76 3467 3470 AND
2 1 3221 3470 3471 AND
2 1 3469 3471 3472 AND
2 1 2988 3472 3484 AND
2 1 3481 3484 3485 AND
2 1 3223 3465 3478 AND
2 1 3221 3462 3486 AND
2 1 3457 3486 3487 AND
2 1 3453 3487 3488 AND
2 1 3451 3488 3489 AND
2 1 3478 3489 3490 AND
2 1 3490 78 3491 XOR
2 1 3485 3491 3492 AND
2 1 3472 3481 3482 AND
2 1 2988 3482 3483 AND
2 1 2760 3483 3498 AND
2 1 3492 3498 3499 AND
2 1 3497 3499 3500 AND
2 1 3483 3492 3493 AND
2 1 2760 3493 3494 AND
2 1 2543 3494 3509 AND
2 1 3500 3509 3510 AND
2 1 3508 3510 3511 AND
2 1 2760 3497 3501 AND
2 1 2760 3497 3502 AND
2 1 3493 3502 3503 AND
2 1 3501 3503 3504 AND
2 1 2543 3504 3505 AND
2 1 2337 3505 3517 AND
2 1 3511 3517 3518 AND
2 1 3516 3518 3519 AND
2 1 3505 3511 3512 AND
2 1 2337 3512 3513 AND
2 1 2136 3513 3525 AND
2 1 3519 3525 3526 AND
2 1 3524 3526 3527 AND
2 1 3513 3519 3520 AND
2 1 2136 3520 3521 AND
2 1 1946 3521 3536 AND
2 1 3527 3536 3537 AND
2 1 3535 3537 3538 AND
2 1 2136 3524 3528 AND
2 1 2136 3524 3529 AND
2 1 3520 3529 3530 AND
2 1 3528 3530 3531 AND
2 1 1946 3531 3532 AND
2 1 1767 3532 3544 AND
2 1 3538 3544 3545 AND
2 1 3543 3545 3546 AND
2 1 3532 3538 3539 AND
2 1 1767 3539 3540 AND
2 1 1593 3540 3552 AND
2 1 3546 3552 3553 AND
2 1 3551 3553 3554 AND
2 1 3540 3546 3547 AND
2 1 1593 3547 3548 AND
2 1 1430 3548 3563 AND
2 1 3554 3563 3564 AND
2 1 3562 3564 3565 AND
2 1 1593 3551 3555 AND
2 1 1593 3551 3556 AND
2 1 3547 3556 3557 AND
2 1 3555 3557 3558 AND
2 1 1430 3558 3559 AND
2 1 1278 3559 3571 AND
2 1 3565 3571 3572 AND
2 1 3570 3572 3573 AND
2 1 3559 3565 3566 AND
2 1 1278 3566 3567 AND
2 1 1131 3567 3579 AND
2 1 3573 3579 3580 AND
2 1 3578 3580 3581 AND
2 1 3567 3573 3574 AND
2 1 1131 3574 3575 AND
2 1 995 3575 3590 AND
2 1 3581 3590 3591 AND
2 1 1131 3578 3582 AND
2 1 1131 3578 3583 AND
2 1 3574 3583 3584 AND
2 1 3582 3584 3585 AND
2 1 995 3585 3586 AND
2 1 3423 3465 3684 AND
2 1 3428 3684 3685 AND
2 1 3685 3426 3686 XOR
2 1 133 3686 3690 AND
2 1 3396 3398 3659 AND
2 1 3465 3659 3660 AND
2 1 3660 3401 3661 XOR
2 1 232 3661 3663 AND
2 1 3369 3465 3630 AND
2 1 3374 3630 3631 AND
2 1 3631 3372 3632 XOR
2 1 450 3632 3636 AND
2 1 3342 3465 3603 AND
2 1 3347 3603 3604 AND
2 1 3604 3345 3605 XOR
2 1 750 3605 3609 AND
2 1 3323 3465 3587 AND
2 1 3328 3587 3588 AND
2 1 3588 3326 3589 XOR
2 1 3589 3591 3592 AND
2 1 3586 3592 3593 AND
2 1 870 3593 3594 AND
2 1 3331 3465 3595 AND
2 1 3336 3595 3596 AND
2 1 3596 3334 3597 XOR
2 1 870 3586 3598 AND
2 1 3592 3598 3599 AND
2 1 3597 3599 3600 AND
2 1 3594 3600 3601 AND
2 1 750 3605 3610 AND
2 1 3601 3610 3611 AND
2 1 3609 3611 3612 AND
2 1 641 3612 3613 AND
2 1 3350 3465 3614 AND
2 1 3355 3614 3615 AND
2 1 3615 3353 3616 XOR
2 1 750 3594 3606 AND
2 1 3600 3606 3607 AND
2 1 3605 3607 3608 AND
2 1 750 3601 3602 AND
2 1 641 3602 3617 AND
2 1 3608 3617 3618 AND
2 1 3616 3618 3619 AND
2 1 3613 3619 3620 AND
2 1 543 3620 3621 AND
2 1 3358 3465 3622 AND
2 1 3363 3622 3623 AND
2 1 3623 3361 3624 XOR
2 1 543 3613 3625 AND
2 1 3619 3625 3626 AND
2 1 3624 3626 3627 AND
2 1 3621 3627 3628 AND
2 1 450 3632 3637 AND
2 1 3628 3637 3638 AND
2 1 3636 3638 3639 AND
2 1 368 3639 3640 AND
2 1 3377 3465 3641 AND
2 1 3382 3641 3642 AND
2 1 3642 3380 3643 XOR
2 1 450 3621 3633 AND
2 1 3627 3633 3634 AND
2 1 3632 3634 3635 AND
2 1 450 3628 3629 AND
2 1 368 3629 3644 AND
2 1 3635 3644 3645 AND
2 1 3643 3645 3646 AND
2 1 3640 3646 3647 AND
2 1 297 3647 3648 AND
2 1 3385 3465 3649 AND
2 1 3390 3649 3650 AND
2 1 3650 3388 3651 XOR
2 1 297 3640 3652 AND
2 1 3646 3652 3653 AND
2 1 3651 3653 3654 AND
2 1 3648 3654 3655 AND
2 1 232 3661 3664 AND
2 1 3655 3664 3665 AND
2 1 3663 3665 3666 AND
2 1 183 3666 3667 AND
2 1 3404 3465 3668 AND
2 1 3409 3668 3669 AND
2 1 3669 3407 3670 XOR
2 1 232 3648 3657 AND
2 1 3654 3657 3658 AND
2 1 3658 3661 3662 AND
2 1 232 3655 3656 AND
2 1 183 3656 3671 AND
2 1 3662 3671 3672 AND
2 1 3670 3672 3673 AND
2 1 3667 3673 3674 AND
2 1 149 3674 3675 AND
2 1 3412 3465 3676 AND
2 1 3417 3676 3677 AND
2 1 3677 3415 3678 XOR
2 1 149 3667 3679 AND
2 1 3673 3679 3680 AND
2 1 3678 3680 3681 AND
2 1 3675 3681 3682 AND
2 1 133 3686 3691 AND
2 1 3682 3691 3692 AND
2 1 3690 3692 3693 AND
2 1 3434 3436 3694 AND
2 1 3431 3694 3695 AND
2 1 3465 3695 3696 AND
2 1 3431 3436 3697 AND
2 1 3465 3697 3698 AND
2 1 3434 3698 3699 AND
2 1 3696 3699 3700 AND
2 1 3438 3445 3701 AND
2 1 3465 3701 3702 AND
2 1 3453 3702 3703 AND
2 1 3700 3703 3704 AND
2 1 3693 3704 3705 AND
2 1 129 3705 3706 AND
2 1 133 3675 3687 AND
2 1 3681 3687 3688 AND
2 1 3686 3688 3689 AND
2 1 133 3682 3683 AND
2 1 3683 3700 3707 AND
2 1 3689 3707 3708 AND
2 1 3445 3465 3709 AND
2 1 3445 3438 3710 XOR
2 1 129 3710 3711 AND
2 1 3709 3711 3712 AND
2 1 3441 3462 3713 AND
2 1 3444 3713 3714 AND
2 1 3457 3714 3715 AND
2 1 3453 3715 3716 AND
2 1 3451 3716 3717 AND
2 1 3712 3717 3718 AND
2 1 3708 3718 3719 AND
2 1 3706 3719 3720 AND
2 1 3586 3720 3858 AND
2 1 3591 3858 3859 AND
2 1 3859 3589 3860 XOR
2 1 3575 3720 3850 AND
2 1 3580 3850 3851 AND
2 1 3851 3578 3852 XOR
2 1 3567 3720 3842 AND
2 1 3572 3842 3843 AND
2 1 3843 3570 3844 XOR
2 1 3559 3720 3831 AND
2 1 3564 3831 3832 AND
2 1 3832 3562 3833 XOR
2 1 3548 3720 3823 AND
2 1 3553 3823 3824 AND
2 1 3824 3551 3825 XOR
2 1 3540 3720 3815 AND
2 1 3545 3815 3816 AND
2 1 3816 3543 3817 XOR
2 1 3532 3720 3804 AND
2 1 3537 3804 3805 AND
2 1 3805 3535 3806 XOR
2 1 3521 3720 3796 AND
2 1 3526 3796 3797 AND
2 1 3797 3524 3798 XOR
2 1 3513 3720 3788 AND
2 1 3518 3788 3789 AND
2 1 3789 3516 3790 XOR
2 1 3505 3720 3777 AND
2 1 3510 3777 3778 AND
2 1 3778 3508 3779 XOR
2 1 3494 3720 3769 AND
2 1 3499 3769 3770 AND
2 1 3770 3497 3771 XOR
2 1 3483 3485 3761 AND
2 1 3720 3761 3762 AND
2 1 3762 3491 3763 XOR
2 1 3472 3477 3750 AND
2 1 3720 3750 3751 AND
2 1 3751 3480 3752 XOR
2 1 74 3720 3721 AND
2 1 72 73 3722 AND
2 1 74 3722 3723 AND
2 1 3462 3723 3728 AND
2 1 3457 3728 3729 AND
2 1 3453 3729 3730 AND
2 1 3451 3730 3731 AND
2 1 3721 3731 3732 AND
2 1 74 3720 3734 AND
2 1 3734 75 3735 XOR
2 1 3732 3735 3736 AND
2 1 74 3720 3724 AND
2 1 74 3722 3725 AND
2 1 3465 3725 3726 AND
2 1 3724 3726 3727 AND
2 1 3221 3727 3739 AND
2 1 3736 3739 3740 AND
2 1 3467 3720 3733 AND
2 1 3465 3717 3741 AND
2 1 3712 3741 3742 AND
2 1 3708 3742 3743 AND
2 1 3706 3743 3744 AND
2 1 3733 3744 3745 AND
2 1 3745 76 3746 XOR
2 1 3740 3746 3747 AND
2 1 3727 3736 3737 AND
2 1 3221 3737 3738 AND
2 1 2988 3738 3753 AND
2 1 3747 3753 3754 AND
2 1 3752 3754 3755 AND
2 1 3738 3747 3748 AND
2 1 2988 3748 3749 AND
2 1 2760 3749 3764 AND
2 1 3755 3764 3765 AND
2 1 3763 3765 3766 AND
2 1 2988 3752 3756 AND
2 1 2988 3752 3757 AND
2 1 3748 3757 3758 AND
2 1 3756 3758 3759 AND
2 1 2760 3759 3760 AND
2 1 2543 3760 3772 AND
2 1 3766 3772 3773 AND
2 1 3771 3773 3774 AND
2 1 3760 3766 3767 AND
2 1 2543 3767 3768 AND
2 1 2337 3768 3780 AND
2 1 3774 3780 3781 AND
2 1 3779 3781 3782 AND
2 1 3768 3774 3775 AND
2 1 2337 3775 3776 AND
2 1 2136 3776 3791 AND
2 1 3782 3791 3792 AND
2 1 3790 3792 3793 AND
2 1 2337 3779 3783 AND
2 1 2337 3779 3784 AND
2 1 3775 3784 3785 AND
2 1 3783 3785 3786 AND
2 1 2136 3786 3787 AND
2 1 1946 3787 3799 AND
2 1 3793 3799 3800 AND
2 1 3798 3800 3801 AND
2 1 3787 3793 3794 AND
2 1 1946 3794 3795 AND
2 1 1767 3795 3807 AND
2 1 3801 3807 3808 AND
2 1 3806 3808 3809 AND
2 1 3795 3801 3802 AND
2 1 1767 3802 3803 AND
2 1 1593 3803 3818 AND
2 1 3809 3818 3819 AND
2 1 3817 3819 3820 AND
2 1 1767 3806 3810 AND
2 1 1767 3806 3811 AND
2 1 3802 3811 3812 AND
2 1 3810 3812 3813 AND
2 1 1593 3813 3814 AND
2 1 1430 3814 3826 AND
2 1 3820 3826 3827 AND
2 1 3825 3827 3828 AND
2 1 3814 3820 3821 AND
2 1 1430 3821 3822 AND
2 1 1278 3822 3834 AND
2 1 3828 3834 3835 AND
2 1 3833 3835 3836 AND
2 1 3822 3828 3829 AND
2 1 1278 3829 3830 AND
2 1 1131 3830 3845 AND
2 1 3836 3845 3846 AND
2 1 3844 3846 3847 AND
2 1 1278 3833 3837 AND
2 1 1278 3833 3838 AND
2 1 3829 3838 3839 AND
2 1 3837 3839 3840 AND
2 1 1131 3840 3841 AND
2 1 995 3841 3853 AND
2 1 3847 3853 3854 AND
2 1 3852 3854 3855 AND
2 1 3841 3847 3848 AND
2 1 995 3848 3849 AND
2 1 870 3849 3861 AND
2 1 3855 3861 3862 AND
2 1 3860 3862 3863 AND
2 1 3849 3855 3856 AND
2 1 870 3856 3857 AND
2 1 750 3857 3872 AND
2 1 3863 3872 3873 AND
2 1 870 3860 3864 AND
2 1 870 3860 3865 AND
2 1 3856 3865 3866 AND
2 1 3864 3866 3867 AND
2 1 750 3867 3868 AND
2 1 3640 3720 3912 AND
2 1 3645 3912 3913 AND
2 1 3913 3643 3914 XOR
2 1 297 3914 3918 AND
2 1 3613 3720 3885 AND
2 1 3618 3885 3886 AND
2 1 3886 3616 3887 XOR
2 1 543 3887 3891 AND
2 1 3594 3720 3869 AND
2 1 3599 3869 3870 AND
2 1 3870 3597 3871 XOR
2 1 3871 3873 3874 AND
2 1 3868 3874 3875 AND
2 1 641 3875 3876 AND
2 1 3602 3720 3877 AND
2 1 3607 3877 3878 AND
2 1 3878 3605 3879 XOR
2 1 641 3868 3880 AND
2 1 3874 3880 3881 AND
2 1 3879 3881 3882 AND
2 1 3876 3882 3883 AND
2 1 543 3887 3892 AND
2 1 3883 3892 3893 AND
2 1 3891 3893 3894 AND
2 1 450 3894 3895 AND
2 1 3621 3720 3896 AND
2 1 3626 3896 3897 AND
2 1 3897 3624 3898 XOR
2 1 543 3876 3888 AND
2 1 3882 3888 3889 AND
2 1 3887 3889 3890 AND
2 1 543 3883 3884 AND
2 1 450 3884 3899 AND
2 1 3890 3899 3900 AND
2 1 3898 3900 3901 AND
2 1 3895 3901 3902 AND
2 1 368 3902 3903 AND
2 1 3629 3720 3904 AND
2 1 3634 3904 3905 AND
2 1 3905 3632 3906 XOR
2 1 368 3895 3907 AND
2 1 3901 3907 3908 AND
2 1 3906 3908 3909 AND
2 1 3903 3909 3910 AND
2 1 297 3914 3919 AND
2 1 3910 3919 3920 AND
2 1 3918 3920 3921 AND
2 1 232 3921 3922 AND
2 1 3648 3720 3923 AND
2 1 3653 3923 3924 AND
2 1 3924 3651 3925 XOR
2 1 297 3903 3915 AND
2 1 3909 3915 3916 AND
2 1 3914 3916 3917 AND
2 1 297 3910 3911 AND
2 1 232 3911 3926 AND
2 1 3917 3926 3927 AND
2 1 3925 3927 3928 AND
2 1 3922 3928 3929 AND
2 1 183 3929 3930 AND
2 1 183 3922 3931 AND
2 1 3928 3931 3932 AND
2 1 3656 3658 3933 AND
2 1 3720 3933 3934 AND
2 1 3934 3661 3935 XOR
2 1 3932 3935 3936 AND
2 1 3930 3936 3937 AND
2 1 149 3937 3938 AND
2 1 3667 3720 3939 AND
2 1 3672 3939 3940 AND
2 1 3940 3670 3941 XOR
2 1 149 3930 3942 AND
2 1 3936 3942 3943 AND
2 1 3941 3943 3944 AND
2 1 3938 3944 3945 AND
2 1 133 3945 3946 AND
2 1 3675 3720 3947 AND
2 1 3680 3947 3948 AND
2 1 3948 3678 3949 XOR
2 1 133 3938 3950 AND
2 1 3944 3950 3951 AND
2 1 3949 3951 3952 AND
2 1 3946 3952 3953 AND
2 1 3686 3688 3954 AND
2 1 3683 3954 3955 AND
2 1 3720 3955 3956 AND
2 1 3683 3688 3957 AND
2 1 3720 3957 3958 AND
2 1 3686 3958 3959 AND
2 1 3956 3959 3960 AND
2 1 3693 3700 3961 AND
2 1 3720 3961 3962 AND
2 1 3708 3962 3963 AND
2 1 3960 3963 3964 AND
2 1 3953 3964 3965 AND
2 1 129 3965 3966 AND
2 1 3946 3960 3967 AND
2 1 3952 3967 3968 AND
2 1 3700 3720 3969 AND
2 1 3700 3693 3970 XOR
2 1 129 3970 3971 AND
2 1 3969 3971 3972 AND
2 1 3696 3717 3973 AND
2 1 3699 3973 3974 AND
2 1 3712 3974 3975 AND
2 1 3708 3975 3976 AND
2 1 3706 3976 3977 AND
2 1 3972 3977 3978 AND
2 1 3968 3978 3979 AND
2 1 3966 3979 3980 AND
2 1 3868 3980 4145 AND
2 1 3873 4145 4146 AND
2 1 4146 3871 4147 XOR
2 1 3857 3980 4137 AND
2 1 3862 4137 4138 AND
2 1 4138 3860 4139 XOR
2 1 3849 3980 4129 AND
2 1 3854 4129 4130 AND
2 1 4130 3852 4131 XOR
2 1 3841 3980 4118 AND
2 1 3846 4118 4119 AND
2 1 4119 3844 4120 XOR
2 1 3830 3980 4110 AND
2 1 3835 4110 4111 AND
2 1 4111 3833 4112 XOR
2 1 3822 3980 4102 AND
2 1 3827 4102 4103 AND
2 1 4103 3825 4104 XOR
2 1 3814 3980 4091 AND
2 1 3819 4091 4092 AND
2 1 4092 3817 4093 XOR
2 1 3803 3980 4083 AND
2 1 3808 4083 4084 AND
2 1 4084 3806 4085 XOR
2 1 3795 3980 4075 AND
2 1 3800 4075 4076 AND
2 1 4076 3798 4077 XOR
2 1 3787 3980 4064 AND
2 1 3792 4064 4065 AND
2 1 4065 3790 4066 XOR
2 1 3776 3980 4056 AND
2 1 3781 4056 4057 AND
2 1 4057 3779 4058 XOR
2 1 3768 3980 4048 AND
2 1 3773 4048 4049 AND
2 1 4049 3771 4050 XOR
2 1 3760 3980 4037 AND
2 1 3765 4037 4038 AND
2 1 4038 3763 4039 XOR
2 1 3749 3980 4029 AND
2 1 3754 4029 4030 AND
2 1 4030 3752 4031 XOR
2 1 3738 3740 4021 AND
2 1 3980 4021 4022 AND
2 1 4022 3746 4023 XOR
2 1 3727 3732 4010 AND
2 1 3980 4010 4011 AND
2 1 4011 3735 4012 XOR
2 1 72 3980 3981 AND
2 1 70 71 3982 AND
2 1 72 3982 3983 AND
2 1 3717 3983 3988 AND
2 1 3712 3988 3989 AND
2 1 3708 3989 3990 AND
2 1 3706 3990 3991 AND
2 1 3981 3991 3992 AND
2 1 72 3980 3994 AND
2 1 3994 73 3995 XOR
2 1 3992 3995 3996 AND
2 1 72 3980 3984 AND
2 1 72 3982 3985 AND
2 1 3720 3985 3986 AND
2 1 3984 3986 3987 AND
2 1 3465 3987 3999 AND
2 1 3996 3999 4000 AND
2 1 3722 3980 3993 AND
2 1 3720 3977 4001 AND
2 1 3972 4001 4002 AND
2 1 3968 4002 4003 AND
2 1 3966 4003 4004 AND
2 1 3993 4004 4005 AND
2 1 4005 74 4006 XOR
2 1 4000 4006 4007 AND
2 1 3987 3996 3997 AND
2 1 3465 3997 3998 AND
2 1 3221 3998 4013 AND
2 1 4007 4013 4014 AND
2 1 4012 4014 4015 AND
2 1 3998 4007 4008 AND
2 1 3221 4008 4009 AND
2 1 2988 4009 4024 AND
2 1 4015 4024 4025 AND
2 1 4023 4025 4026 AND
2 1 3221 4012 4016 AND
2 1 3221 4012 4017 AND
2 1 4008 4017 4018 AND
2 1 4016 4018 4019 AND
2 1 2988 4019 4020 AND
2 1 2760 4020 4032 AND
2 1 4026 4032 4033 AND
2 1 4031 4033 4034 AND
2 1 4020 4026 4027 AND
2 1 2760 4027 4028 AND
2 1 2543 4028 4040 AND
2 1 4034 4040 4041 AND
2 1 4039 4041 4042 AND
2 1 4028 4034 4035 AND
2 1 2543 4035 4036 AND
2 1 2337 4036 4051 AND
2 1 4042 4051 4052 AND
2 1 4050 4052 4053 AND
2 1 2543 4039 4043 AND
2 1 2543 4039 4044 AND
2 1 4035 4044 4045 AND
2 1 4043 4045 4046 AND
2 1 2337 4046 4047 AND
2 1 2136 4047 4059 AND
2 1 4053 4059 4060 AND
2 1 4058 4060 4061 AND
2 1 4047 4053 4054 AND
2 1 2136 4054 4055 AND
2 1 1946 4055 4067 AND
2 1 4061 4067 4068 AND
2 1 4066 4068 4069 AND
2 1 4055 4061 4062 AND
2 1 1946 4062 4063 AND
2 1 1767 4063 4078 AND
2 1 4069 4078 4079 AND
2 1 4077 4079 4080 AND
2 1 1946 4066 4070 AND
2 1 1946 4066 4071 AND
2 1 4062 4071 4072 AND
2 1 4070 4072 4073 AND
2 1 1767 4073 4074 AND
2 1 1593 4074 4086 AND
2 1 4080 4086 4087 AND
2 1 4085 4087 4088 AND
2 1 4074 4080 4081 AND
2 1 1593 4081 4082 AND
2 1 1430 4082 4094 AND
2 1 4088 4094 4095 AND
2 1 4093 4095 4096 AND
2 1 4082 4088 4089 AND
2 1 1430 4089 4090 AND
2 1 1278 4090 4105 AND
2 1 4096 4105 4106 AND
2 1 4104 4106 4107 AND
2 1 1430 4093 4097 AND
2 1 1430 4093 4098 AND
2 1 4089 4098 4099 AND
2 1 4097 4099 4100 AND
2 1 1278 4100 4101 AND
2 1 1131 4101 4113 AND
2 1 4107 4113 4114 AND
2 1 4112 4114 4115 AND
2 1 4101 4107 4108 AND
2 1 1131 4108 4109 AND
2 1 995 4109 4121 AND
2 1 4115 4121 4122 AND
2 1 4120 4122 4123 AND
2 1 4109 4115 4116 AND
2 1 995 4116 4117 AND
2 1 870 4117 4132 AND
2 1 4123 4132 4133 AND
2 1 4131 4133 4134 AND
2 1 995 4120 4124 AND
2 1 995 4120 4125 AND
2 1 4116 4125 4126 AND
2 1 4124 4126 4127 AND
2 1 870 4127 4128 AND
2 1 750 4128 4140 AND
2 1 4134 4140 4141 AND
2 1 4139 4141 4142 AND
2 1 4128 4134 4135 AND
2 1 750 4135 4136 AND
2 1 641 4136 4148 AND
2 1 4142 4148 4149 AND
2 1 4147 4149 4150 AND
2 1 4136 4142 4143 AND
2 1 641 4143 4144 AND
2 1 543 4144 4159 AND
2 1 4150 4159 4160 AND
2 1 641 4147 4151 AND
2 1 641 4147 4152 AND
2 1 4143 4152 4153 AND
2 1 4151 4153 4154 AND
2 1 543 4154 4155 AND
2 1 3922 3980 4199 AND
2 1 3927 4199 4200 AND
2 1 4200 3925 4201 XOR
2 1 183 4201 4205 AND
2 1 3895 3980 4172 AND
2 1 3900 4172 4173 AND
2 1 4173 3898 4174 XOR
2 1 368 4174 4178 AND
2 1 3876 3980 4156 AND
2 1 3881 4156 4157 AND
2 1 4157 3879 4158 XOR
2 1 4158 4160 4161 AND
2 1 4155 4161 4162 AND
2 1 450 4162 4163 AND
2 1 3884 3980 4164 AND
2 1 3889 4164 4165 AND
2 1 4165 3887 4166 XOR
2 1 450 4155 4167 AND
2 1 4161 4167 4168 AND
2 1 4166 4168 4169 AND
2 1 4163 4169 4170 AND
2 1 368 4174 4179 AND
2 1 4170 4179 4180 AND
2 1 4178 4180 4181 AND
2 1 297 4181 4182 AND
2 1 3903 3980 4183 AND
2 1 3908 4183 4184 AND
2 1 4184 3906 4185 XOR
2 1 368 4163 4175 AND
2 1 4169 4175 4176 AND
2 1 4174 4176 4177 AND
2 1 368 4170 4171 AND
2 1 297 4171 4186 AND
2 1 4177 4186 4187 AND
2 1 4185 4187 4188 AND
2 1 4182 4188 4189 AND
2 1 232 4189 4190 AND
2 1 3911 3980 4191 AND
2 1 3916 4191 4192 AND
2 1 4192 3914 4193 XOR
2 1 232 4182 4194 AND
2 1 4188 4194 4195 AND
2 1 4193 4195 4196 AND
2 1 4190 4196 4197 AND
2 1 183 4201 4206 AND
2 1 4197 4206 4207 AND
2 1 4205 4207 4208 AND
2 1 149 4208 4209 AND
2 1 183 4190 4202 AND
2 1 4196 4202 4203 AND
2 1 4201 4203 4204 AND
2 1 183 4197 4198 AND
2 1 149 4198 4210 AND
2 1 4204 4210 4211 AND
2 1 3930 3932 4212 AND
2 1 3980 4212 4213 AND
2 1 4213 3935 4214 XOR
2 1 4211 4214 4215 AND
2 1 4209 4215 4216 AND
2 1 133 4216 4217 AND
2 1 3938 3980 4218 AND
2 1 3943 4218 4219 AND
2 1 4219 3941 4220 XOR
2 1 133 4209 4221 AND
2 1 4215 4221 4222 AND
2 1 4220 4222 4223 AND
2 1 4217 4223 4224 AND
2 1 3949 3951 4225 AND
2 1 3946 4225 4226 AND
2 1 3980 4226 4227 AND
2 1 3946 3951 4228 AND
2 1 3980 4228 4229 AND
2 1 3949 4229 4230 AND
2 1 4227 4230 4231 AND
2 1 3953 3960 4232 AND
2 1 3980 4232 4233 AND
2 1 3968 4233 4234 AND
2 1 4231 4234 4235 AND
2 1 4224 4235 4236 AND
2 1 129 4236 4237 AND
2 1 4217 4231 4238 AND
2 1 4223 4238 4239 AND
2 1 3960 3980 4240 AND
2 1 3960 3953 4241 XOR
2 1 129 4241 4242 AND
2 1 4240 4242 4243 AND
2 1 3956 3977 4244 AND
2 1 3959 4244 4245 AND
2 1 3972 4245 4246 AND
2 1 3968 4246 4247 AND
2 1 3966 4247 4248 AND
2 1 4243 4248 4249 AND
2 1 4239 4249 4250 AND
2 1 4237 4250 4251 AND
2 1 4155 4251 4443 AND
2 1 4160 4443 4444 AND
2 1 4444 4158 4445 XOR
2 1 4144 4251 4435 AND
2 1 4149 4435 4436 AND
2 1 4436 4147 4437 XOR
2 1 4136 4251 4427 AND
2 1 4141 4427 4428 AND
2 1 4428 4139 4429 XOR
2 1 4128 4251 4416 AND
2 1 4133 4416 4417 AND
2 1 4417 4131 4418 XOR
2 1 4117 4251 4408 AND
2 1 4122 4408 4409 AND
2 1 4409 4120 4410 XOR
2 1 4109 4251 4400 AND
2 1 4114 4400 4401 AND
2 1 4401 4112 4402 XOR
2 1 4101 4251 4389 AND
2 1 4106 4389 4390 AND
2 1 4390 4104 4391 XOR
2 1 4090 4251 4381 AND
2 1 4095 4381 4382 AND
2 1 4382 4093 4383 XOR
2 1 4082 4251 4373 AND
2 1 4087 4373 4374 AND
2 1 4374 4085 4375 XOR
2 1 4074 4251 4362 AND
2 1 4079 4362 4363 AND
2 1 4363 4077 4364 XOR
2 1 4063 4251 4354 AND
2 1 4068 4354 4355 AND
2 1 4355 4066 4356 XOR
2 1 4055 4251 4346 AND
2 1 4060 4346 4347 AND
2 1 4347 4058 4348 XOR
2 1 4047 4251 4335 AND
2 1 4052 4335 4336 AND
2 1 4336 4050 4337 XOR
2 1 4036 4251 4327 AND
2 1 4041 4327 4328 AND
2 1 4328 4039 4329 XOR
2 1 4028 4251 4319 AND
2 1 4033 4319 4320 AND
2 1 4320 4031 4321 XOR
2 1 4020 4251 4308 AND
2 1 4025 4308 4309 AND
2 1 4309 4023 4310 XOR
2 1 4009 4251 4300 AND
2 1 4014 4300 4301 AND
2 1 4301 4012 4302 XOR
2 1 3998 4000 4292 AND
2 1 4251 4292 4293 AND
2 1 4293 4006 4294 XOR
2 1 3987 3992 4281 AND
2 1 4251 4281 4282 AND
2 1 4282 3995 4283 XOR
2 1 70 4251 4252 AND
2 1 68 69 4253 AND
2 1 70 4253 4254 AND
2 1 3977 4254 4259 AND
2 1 3972 4259 4260 AND
2 1 3968 4260 4261 AND
2 1 3966 4261 4262 AND
2 1 4252 4262 4263 AND
2 1 70 4251 4265 AND
2 1 4265 71 4266 XOR
2 1 4263 4266 4267 AND
2 1 70 4251 4255 AND
2 1 70 4253 4256 AND
2 1 3980 4256 4257 AND
2 1 4255 4257 4258 AND
2 1 3720 4258 4270 AND
2 1 4267 4270 4271 AND
2 1 3982 4251 4264 AND
2 1 3980 4248 4272 AND
2 1 4243 4272 4273 AND
2 1 4239 4273 4274 AND
2 1 4237 4274 4275 AND
2 1 4264 4275 4276 AND
2 1 4276 72 4277 XOR
2 1 4271 4277 4278 AND
2 1 4258 4267 4268 AND
2 1 3720 4268 4269 AND
2 1 3465 4269 4284 AND
2 1 4278 4284 4285 AND
2 1 4283 4285 4286 AND
2 1 4269 4278 4279 AND
2 1 3465 4279 4280 AND
2 1 3221 4280 4295 AND
2 1 4286 4295 4296 AND
2 1 4294 4296 4297 AND
2 1 3465 4283 4287 AND
2 1 3465 4283 4288 AND
2 1 4279 4288 4289 AND
2 1 4287 4289 4290 AND
2 1 3221 4290 4291 AND
2 1 2988 4291 4303 AND
2 1 4297 4303 4304 AND
2 1 4302 4304 4305 AND
2 1 4291 4297 4298 AND
2 1 2988 4298 4299 AND
2 1 2760 4299 4311 AND
2 1 4305 4311 4312 AND
2 1 4310 4312 4313 AND
2 1 4299 4305 4306 AND
2 1 2760 4306 4307 AND
2 1 2543 4307 4322 AND
2 1 4313 4322 4323 AND
2 1 4321 4323 4324 AND
2 1 2760 4310 4314 AND
2 1 2760 4310 4315 AND
2 1 4306 4315 4316 AND
2 1 4314 4316 4317 AND
2 1 2543 4317 4318 AND
2 1 2337 4318 4330 AND
2 1 4324 4330 4331 AND
2 1 4329 4331 4332 AND
2 1 4318 4324 4325 AND
2 1 2337 4325 4326 AND
2 1 2136 4326 4338 AND
2 1 4332 4338 4339 AND
2 1 4337 4339 4340 AND
2 1 4326 4332 4333 AND
2 1 2136 4333 4334 AND
2 1 1946 4334 4349 AND
2 1 4340 4349 4350 AND
2 1 4348 4350 4351 AND
2 1 2136 4337 4341 AND
2 1 2136 4337 4342 AND
2 1 4333 4342 4343 AND
2 1 4341 4343 4344 AND
2 1 1946 4344 4345 AND
2 1 1767 4345 4357 AND
2 1 4351 4357 4358 AND
2 1 4356 4358 4359 AND
2 1 4345 4351 4352 AND
2 1 1767 4352 4353 AND
2 1 1593 4353 4365 AND
2 1 4359 4365 4366 AND
2 1 4364 4366 4367 AND
2 1 4353 4359 4360 AND
2 1 1593 4360 4361 AND
2 1 1430 4361 4376 AND
2 1 4367 4376 4377 AND
2 1 4375 4377 4378 AND
2 1 1593 4364 4368 AND
2 1 1593 4364 4369 AND
2 1 4360 4369 4370 AND
2 1 4368 4370 4371 AND
2 1 1430 4371 4372 AND
2 1 1278 4372 4384 AND
2 1 4378 4384 4385 AND
2 1 4383 4385 4386 AND
2 1 4372 4378 4379 AND
2 1 1278 4379 4380 AND
2 1 1131 4380 4392 AND
2 1 4386 4392 4393 AND
2 1 4391 4393 4394 AND
2 1 4380 4386 4387 AND
2 1 1131 4387 4388 AND
2 1 995 4388 4403 AND
2 1 4394 4403 4404 AND
2 1 4402 4404 4405 AND
2 1 1131 4391 4395 AND
2 1 1131 4391 4396 AND
2 1 4387 4396 4397 AND
2 1 4395 4397 4398 AND
2 1 995 4398 4399 AND
2 1 870 4399 4411 AND
2 1 4405 4411 4412 AND
2 1 4410 4412 4413 AND
2 1 4399 4405 4406 AND
2 1 870 4406 4407 AND
2 1 750 4407 4419 AND
2 1 4413 4419 4420 AND
2 1 4418 4420 4421 AND
2 1 4407 4413 4414 AND
2 1 750 4414 4415 AND
2 1 641 4415 4430 AND
2 1 4421 4430 4431 AND
2 1 4429 4431 4432 AND
2 1 750 4418 4422 AND
2 1 750 4418 4423 AND
2 1 4414 4423 4424 AND
2 1 4422 4424 4425 AND
2 1 641 4425 4426 AND
2 1 543 4426 4438 AND
2 1 4432 4438 4439 AND
2 1 4437 4439 4440 AND
2 1 4426 4432 4433 AND
2 1 543 4433 4434 AND
2 1 450 4434 4446 AND
2 1 4440 4446 4447 AND
2 1 4445 4447 4448 AND
2 1 4434 4440 4441 AND
2 1 450 4441 4442 AND
2 1 368 4442 4457 AND
2 1 4448 4457 4458 AND
2 1 450 4445 4449 AND
2 1 450 4445 4450 AND
2 1 4441 4450 4451 AND
2 1 4449 4451 4452 AND
2 1 368 4452 4453 AND
2 1 4209 4211 4499 AND
2 1 4251 4499 4500 AND
2 1 4500 4214 4501 XOR
2 1 133 4501 4503 AND
2 1 4182 4251 4470 AND
2 1 4187 4470 4471 AND
2 1 4471 4185 4472 XOR
2 1 232 4472 4476 AND
2 1 4163 4251 4454 AND
2 1 4168 4454 4455 AND
2 1 4455 4166 4456 XOR
2 1 4456 4458 4459 AND
2 1 4453 4459 4460 AND
2 1 297 4460 4461 AND
2 1 4171 4251 4462 AND
2 1 4176 4462 4463 AND
2 1 4463 4174 4464 XOR
2 1 297 4453 4465 AND
2 1 4459 4465 4466 AND
2 1 4464 4466 4467 AND
2 1 4461 4467 4468 AND
2 1 232 4472 4477 AND
2 1 4468 4477 4478 AND
2 1 4476 4478 4479 AND
2 1 183 4479 4480 AND
2 1 4190 4251 4481 AND
2 1 4195 4481 4482 AND
2 1 4482 4193 4483 XOR
2 1 232 4461 4473 AND
2 1 4467 4473 4474 AND
2 1 4472 4474 4475 AND
2 1 232 4468 4469 AND
2 1 183 4469 4484 AND
2 1 4475 4484 4485 AND
2 1 4483 4485 4486 AND
2 1 4480 4486 4487 AND
2 1 149 4487 4488 AND
2 1 4198 4251 4489 AND
2 1 4203 4489 4490 AND
2 1 4490 4201 4491 XOR
2 1 149 4480 4492 AND
2 1 4486 4492 4493 AND
2 1 4491 4493 4494 AND
2 1 4488 4494 4495 AND
2 1 133 4501 4504 AND
2 1 4495 4504 4505 AND
2 1 4503 4505 4506 AND
2 1 4220 4222 4507 AND
2 1 4217 4507 4508 AND
2 1 4251 4508 4509 AND
2 1 4217 4222 4510 AND
2 1 4251 4510 4511 AND
2 1 4220 4511 4512 AND
2 1 4509 4512 4513 AND
2 1 4224 4231 4514 AND
2 1 4251 4514 4515 AND
2 1 4239 4515 4516 AND
2 1 4513 4516 4517 AND
2 1 4506 4517 4518 AND
2 1 129 4518 4519 AND
2 1 133 4488 4497 AND
2 1 4494 4497 4498 AND
2 1 4498 4501 4502 AND
2 1 133 4495 4496 AND
2 1 4496 4513 4520 AND
2 1 4502 4520 4521 AND
2 1 4231 4251 4522 AND
2 1 4231 4224 4523 XOR
2 1 129 4523 4524 AND
2 1 4522 4524 4525 AND
2 1 4227 4248 4526 AND
2 1 4230 4526 4527 AND
2 1 4243 4527 4528 AND
2 1 4239 4528 4529 AND
2 1 4237 4529 4530 AND
2 1 4525 4530 4531 AND
2 1 4521 4531 4532 AND
2 1 4519 4532 4533 AND
2 1 4453 4533 4752 AND
2 1 4458 4752 4753 AND
2 1 4753 4456 4754 XOR
2 1 297 4754 4758 AND
2 1 4426 4533 4725 AND
2 1 4431 4725 4726 AND
2 1 4726 4429 4727 XOR
2 1 543 4727 4731 AND
2 1 4399 4533 4698 AND
2 1 4404 4698 4699 AND
2 1 4699 4402 4700 XOR
2 1 870 4700 4704 AND
2 1 4372 4533 4671 AND
2 1 4377 4671 4672 AND
2 1 4672 4375 4673 XOR
2 1 1278 4673 4677 AND
2 1 4345 4533 4644 AND
2 1 4350 4644 4645 AND
2 1 4645 4348 4646 XOR
2 1 1767 4646 4650 AND
2 1 4318 4533 4617 AND
2 1 4323 4617 4618 AND
2 1 4618 4321 4619 XOR
2 1 2337 4619 4623 AND
2 1 4291 4533 4590 AND
2 1 4296 4590 4591 AND
2 1 4591 4294 4592 XOR
2 1 2988 4592 4596 AND
2 1 4258 4263 4563 AND
2 1 4533 4563 4564 AND
2 1 4564 4266 4565 XOR
2 1 3720 4565 4569 AND
2 1 68 4533 4537 AND
2 1 66 67 4535 AND
2 1 68 4535 4538 AND
2 1 4251 4538 4539 AND
2 1 4537 4539 4540 AND
2 1 68 4533 4534 AND
2 1 68 4535 4536 AND
2 1 4248 4536 4541 AND
2 1 4243 4541 4542 AND
2 1 4239 4542 4543 AND
2 1 4237 4543 4544 AND
2 1 4534 4544 4545 AND
2 1 68 4533 4547 AND
2 1 4547 69 4548 XOR
2 1 4545 4548 4549 AND
2 1 4540 4549 4550 AND
2 1 3980 4550 4551 AND
2 1 3980 4540 4552 AND
2 1 4549 4552 4553 AND
2 1 4253 4533 4546 AND
2 1 4251 4530 4554 AND
2 1 4525 4554 4555 AND
2 1 4521 4555 4556 AND
2 1 4519 4556 4557 AND
2 1 4546 4557 4558 AND
2 1 4558 70 4559 XOR
2 1 4553 4559 4560 AND
2 1 4551 4560 4561 AND
2 1 3720 4565 4570 AND
2 1 4561 4570 4571 AND
2 1 4569 4571 4572 AND
2 1 3465 4572 4573 AND
2 1 4269 4271 4574 AND
2 1 4533 4574 4575 AND
2 1 4575 4277 4576 XOR
2 1 3720 4551 4566 AND
2 1 4560 4566 4567 AND
2 1 4565 4567 4568 AND
2 1 3720 4561 4562 AND
2 1 3465 4562 4577 AND
2 1 4568 4577 4578 AND
2 1 4576 4578 4579 AND
2 1 4573 4579 4580 AND
2 1 3221 4580 4581 AND
2 1 4280 4533 4582 AND
2 1 4285 4582 4583 AND
2 1 4583 4283 4584 XOR
2 1 3221 4573 4585 AND
2 1 4579 4585 4586 AND
2 1 4584 4586 4587 AND
2 1 4581 4587 4588 AND
2 1 2988 4592 4597 AND
2 1 4588 4597 4598 AND
2 1 4596 4598 4599 AND
2 1 2760 4599 4600 AND
2 1 4299 4533 4601 AND
2 1 4304 4601 4602 AND
2 1 4602 4302 4603 XOR
2 1 2988 4581 4593 AND
2 1 4587 4593 4594 AND
2 1 4592 4594 4595 AND
2 1 2988 4588 4589 AND
2 1 2760 4589 4604 AND
2 1 4595 4604 4605 AND
2 1 4603 4605 4606 AND
2 1 4600 4606 4607 AND
2 1 2543 4607 4608 AND
2 1 4307 4533 4609 AND
2 1 4312 4609 4610 AND
2 1 4610 4310 4611 XOR
2 1 2543 4600 4612 AND
2 1 4606 4612 4613 AND
2 1 4611 4613 4614 AND
2 1 4608 4614 4615 AND
2 1 2337 4619 4624 AND
2 1 4615 4624 4625 AND
2 1 4623 4625 4626 AND
2 1 2136 4626 4627 AND
2 1 4326 4533 4628 AND
2 1 4331 4628 4629 AND
2 1 4629 4329 4630 XOR
2 1 2337 4608 4620 AND
2 1 4614 4620 4621 AND
2 1 4619 4621 4622 AND
2 1 2337 4615 4616 AND
2 1 2136 4616 4631 AND
2 1 4622 4631 4632 AND
2 1 4630 4632 4633 AND
2 1 4627 4633 4634 AND
2 1 1946 4634 4635 AND
2 1 4334 4533 4636 AND
2 1 4339 4636 4637 AND
2 1 4637 4337 4638 XOR
2 1 1946 4627 4639 AND
2 1 4633 4639 4640 AND
2 1 4638 4640 4641 AND
2 1 4635 4641 4642 AND
2 1 1767 4646 4651 AND
2 1 4642 4651 4652 AND
2 1 4650 4652 4653 AND
2 1 1593 4653 4654 AND
2 1 4353 4533 4655 AND
2 1 4358 4655 4656 AND
2 1 4656 4356 4657 XOR
2 1 1767 4635 4647 AND
2 1 4641 4647 4648 AND
2 1 4646 4648 4649 AND
2 1 1767 4642 4643 AND
2 1 1593 4643 4658 AND
2 1 4649 4658 4659 AND
2 1 4657 4659 4660 AND
2 1 4654 4660 4661 AND
2 1 1430 4661 4662 AND
2 1 4361 4533 4663 AND
2 1 4366 4663 4664 AND
2 1 4664 4364 4665 XOR
2 1 1430 4654 4666 AND
2 1 4660 4666 4667 AND
2 1 4665 4667 4668 AND
2 1 4662 4668 4669 AND
2 1 1278 4673 4678 AND
2 1 4669 4678 4679 AND
2 1 4677 4679 4680 AND
2 1 1131 4680 4681 AND
2 1 4380 4533 4682 AND
2 1 4385 4682 4683 AND
2 1 4683 4383 4684 XOR
2 1 1278 4662 4674 AND
2 1 4668 4674 4675 AND
2 1 4673 4675 4676 AND
2 1 1278 4669 4670 AND
2 1 1131 4670 4685 AND
2 1 4676 4685 4686 AND
2 1 4684 4686 4687 AND
2 1 4681 4687 4688 AND
2 1 995 4688 4689 AND
2 1 4388 4533 4690 AND
2 1 4393 4690 4691 AND
2 1 4691 4391 4692 XOR
2 1 995 4681 4693 AND
2 1 4687 4693 4694 AND
2 1 4692 4694 4695 AND
2 1 4689 4695 4696 AND
2 1 870 4700 4705 AND
2 1 4696 4705 4706 AND
2 1 4704 4706 4707 AND
2 1 750 4707 4708 AND
2 1 4407 4533 4709 AND
2 1 4412 4709 4710 AND
2 1 4710 4410 4711 XOR
2 1 870 4689 4701 AND
2 1 4695 4701 4702 AND
2 1 4700 4702 4703 AND
2 1 870 4696 4697 AND
2 1 750 4697 4712 AND
2 1 4703 4712 4713 AND
2 1 4711 4713 4714 AND
2 1 4708 4714 4715 AND
2 1 641 4715 4716 AND
2 1 4415 4533 4717 AND
2 1 4420 4717 4718 AND
2 1 4718 4418 4719 XOR
2 1 641 4708 4720 AND
2 1 4714 4720 4721 AND
2 1 4719 4721 4722 AND
2 1 4716 4722 4723 AND
2 1 543 4727 4732 AND
2 1 4723 4732 4733 AND
2 1 4731 4733 4734 AND
2 1 450 4734 4735 AND
2 1 4434 4533 4736 AND
2 1 4439 4736 4737 AND
2 1 4737 4437 4738 XOR
2 1 543 4716 4728 AND
2 1 4722 4728 4729 AND
2 1 4727 4729 4730 AND
2 1 543 4723 4724 AND
2 1 450 4724 4739 AND
2 1 4730 4739 4740 AND
2 1 4738 4740 4741 AND
2 1 4735 4741 4742 AND
2 1 368 4742 4743 AND
2 1 4442 4533 4744 AND
2 1 4447 4744 4745 AND
2 1 4745 4445 4746 XOR
2 1 368 4735 4747 AND
2 1 4741 4747 4748 AND
2 1 4746 4748 4749 AND
2 1 4743 4749 4750 AND
2 1 297 4754 4759 AND
2 1 4750 4759 4760 AND
2 1 4758 4760 4761 AND
2 1 232 4761 4762 AND
2 1 4461 4533 4763 AND
2 1 4466 4763 4764 AND
2 1 4764 4464 4765 XOR
2 1 297 4743 4755 AND
2 1 4749 4755 4756 AND
2 1 4754 4756 4757 AND
2 1 297 4750 4751 AND
2 1 232 4751 4766 AND
2 1 4757 4766 4767 AND
2 1 4765 4767 4768 AND
2 1 4762 4768 4769 AND
2 1 183 4769 4770 AND
2 1 4469 4533 4771 AND
2 1 4474 4771 4772 AND
2 1 4772 4472 4773 XOR
2 1 183 4762 4774 AND
2 1 4768 4774 4775 AND
2 1 4773 4775 4776 AND
2 1 4770 4776 4777 AND
2 1 149 4777 4778 AND
2 1 4480 4533 4779 AND
2 1 4485 4779 4780 AND
2 1 4780 4483 4781 XOR
2 1 149 4770 4782 AND
2 1 4776 4782 4783 AND
2 1 4781 4783 4784 AND
2 1 4778 4784 4785 AND
2 1 133 4785 4786 AND
2 1 4488 4533 4787 AND
2 1 4493 4787 4788 AND
2 1 4788 4491 4789 XOR
2 1 133 4778 4790 AND
2 1 4784 4790 4791 AND
2 1 4789 4791 4792 AND
2 1 4786 4792 4793 AND
2 1 4496 4501 4794 AND
2 1 4498 4794 4795 AND
2 1 4533 4795 4796 AND
2 1 4496 4498 4797 AND
2 1 4533 4797 4798 AND
2 1 4501 4798 4799 AND
2 1 4796 4799 4800 AND
2 1 4506 4513 4801 AND
2 1 4533 4801 4802 AND
2 1 4521 4802 4803 AND
2 1 4800 4803 4804 AND
2 1 4793 4804 4805 AND
2 1 129 4805 4806 AND
2 1 4786 4800 4807 AND
2 1 4792 4807 4808 AND
2 1 4513 4533 4809 AND
2 1 4513 4506 4810 XOR
2 1 129 4810 4811 AND
2 1 4809 4811 4812 AND
2 1 4509 4530 4813 AND
2 1 4512 4813 4814 AND
2 1 4525 4814 4815 AND
2 1 4521 4815 4816 AND
2 1 4519 4816 4817 AND
2 1 4812 4817 4818 AND
2 1 4808 4818 4819 AND
2 1 4806 4819 4820 AND
2 1 4540 4545 4850 AND
2 1 4820 4850 4851 AND
2 1 4851 4548 4852 XOR
2 1 66 4820 4821 AND
2 1 64 65 4822 AND
2 1 66 4822 4823 AND
2 1 4530 4823 4828 AND
2 1 4525 4828 4829 AND
2 1 4521 4829 4830 AND
2 1 4519 4830 4831 AND
2 1 4821 4831 4832 AND
2 1 66 4820 4834 AND
2 1 4834 67 4835 XOR
2 1 4832 4835 4836 AND
2 1 66 4820 4824 AND
2 1 66 4822 4825 AND
2 1 4533 4825 4826 AND
2 1 4824 4826 4827 AND
2 1 4251 4827 4839 AND
2 1 4836 4839 4840 AND
2 1 4535 4820 4833 AND
2 1 4533 4817 4841 AND
2 1 4812 4841 4842 AND
2 1 4808 4842 4843 AND
2 1 4806 4843 4844 AND
2 1 4833 4844 4845 AND
2 1 4845 68 4846 XOR
2 1 4840 4846 4847 AND
2 1 4827 4836 4837 AND
2 1 4251 4837 4838 AND
2 1 3980 4838 4853 AND
2 1 4847 4853 4854 AND
2 1 4852 4854 4855 AND
2 1 4838 4847 4848 AND
2 1 3980 4848 4849 AND
2 1 3720 4849 4864 AND
2 1 4855 4864 4865 AND
2 1 3980 4852 4856 AND
2 1 3980 4852 4857 AND
2 1 4848 4857 4858 AND
2 1 4856 4858 4859 AND
2 1 3720 4859 4860 AND
2 1 4762 4820 5066 AND
2 1 4767 5066 5067 AND
2 1 5067 4765 5068 XOR
2 1 183 5068 5072 AND
2 1 4735 4820 5039 AND
2 1 4740 5039 5040 AND
2 1 5040 4738 5041 XOR
2 1 368 5041 5045 AND
2 1 4708 4820 5012 AND
2 1 4713 5012 5013 AND
2 1 5013 4711 5014 XOR
2 1 641 5014 5018 AND
2 1 4681 4820 4985 AND
2 1 4686 4985 4986 AND
2 1 4986 4684 4987 XOR
2 1 995 4987 4991 AND
2 1 4654 4820 4958 AND
2 1 4659 4958 4959 AND
2 1 4959 4657 4960 XOR
2 1 1430 4960 4964 AND
2 1 4627 4820 4931 AND
2 1 4632 4931 4932 AND
2 1 4932 4630 4933 XOR
2 1 1946 4933 4937 AND
2 1 4600 4820 4904 AND
2 1 4605 4904 4905 AND
2 1 4905 4603 4906 XOR
2 1 2543 4906 4910 AND
2 1 4573 4820 4877 AND
2 1 4578 4877 4878 AND
2 1 4878 4576 4879 XOR
2 1 3221 4879 4883 AND
2 1 4551 4553 4861 AND
2 1 4820 4861 4862 AND
2 1 4862 4559 4863 XOR
2 1 4863 4865 4866 AND
2 1 4860 4866 4867 AND
2 1 3465 4867 4868 AND
2 1 4562 4820 4869 AND
2 1 4567 4869 4870 AND
2 1 4870 4565 4871 XOR
2 1 3465 4860 4872 AND
2 1 4866 4872 4873 AND
2 1 4871 4873 4874 AND
2 1 4868 4874 4875 AND
2 1 3221 4879 4884 AND
2 1 4875 4884 4885 AND
2 1 4883 4885 4886 AND
2 1 2988 4886 4887 AND
2 1 4581 4820 4888 AND
2 1 4586 4888 4889 AND
2 1 4889 4584 4890 XOR
2 1 3221 4868 4880 AND
2 1 4874 4880 4881 AND
2 1 4879 4881 4882 AND
2 1 3221 4875 4876 AND
2 1 2988 4876 4891 AND
2 1 4882 4891 4892 AND
2 1 4890 4892 4893 AND
2 1 4887 4893 4894 AND
2 1 2760 4894 4895 AND
2 1 4589 4820 4896 AND
2 1 4594 4896 4897 AND
2 1 4897 4592 4898 XOR
2 1 2760 4887 4899 AND
2 1 4893 4899 4900 AND
2 1 4898 4900 4901 AND
2 1 4895 4901 4902 AND
2 1 2543 4906 4911 AND
2 1 4902 4911 4912 AND
2 1 4910 4912 4913 AND
2 1 2337 4913 4914 AND
2 1 4608 4820 4915 AND
2 1 4613 4915 4916 AND
2 1 4916 4611 4917 XOR
2 1 2543 4895 4907 AND
2 1 4901 4907 4908 AND
2 1 4906 4908 4909 AND
2 1 2543 4902 4903 AND
2 1 2337 4903 4918 AND
2 1 4909 4918 4919 AND
2 1 4917 4919 4920 AND
2 1 4914 4920 4921 AND
2 1 2136 4921 4922 AND
2 1 4616 4820 4923 AND
2 1 4621 4923 4924 AND
2 1 4924 4619 4925 XOR
2 1 2136 4914 4926 AND
2 1 4920 4926 4927 AND
2 1 4925 4927 4928 AND
2 1 4922 4928 4929 AND
2 1 1946 4933 4938 AND
2 1 4929 4938 4939 AND
2 1 4937 4939 4940 AND
2 1 1767 4940 4941 AND
2 1 4635 4820 4942 AND
2 1 4640 4942 4943 AND
2 1 4943 4638 4944 XOR
2 1 1946 4922 4934 AND
2 1 4928 4934 4935 AND
2 1 4933 4935 4936 AND
2 1 1946 4929 4930 AND
2 1 1767 4930 4945 AND
2 1 4936 4945 4946 AND
2 1 4944 4946 4947 AND
2 1 4941 4947 4948 AND
2 1 1593 4948 4949 AND
2 1 4643 4820 4950 AND
2 1 4648 4950 4951 AND
2 1 4951 4646 4952 XOR
2 1 1593 4941 4953 AND
2 1 4947 4953 4954 AND
2 1 4952 4954 4955 AND
2 1 4949 4955 4956 AND
2 1 1430 4960 4965 AND
2 1 4956 4965 4966 AND
2 1 4964 4966 4967 AND
2 1 1278 4967 4968 AND
2 1 4662 4820 4969 AND
2 1 4667 4969 4970 AND
2 1 4970 4665 4971 XOR
2 1 1430 4949 4961 AND
2 1 4955 4961 4962 AND
2 1 4960 4962 4963 AND
2 1 1430 4956 4957 AND
2 1 1278 4957 4972 AND
2 1 4963 4972 4973 AND
2 1 4971 4973 4974 AND
2 1 4968 4974 4975 AND
2 1 1131 4975 4976 AND
2 1 4670 4820 4977 AND
2 1 4675 4977 4978 AND
2 1 4978 4673 4979 XOR
2 1 1131 4968 4980 AND
2 1 4974 4980 4981 AND
2 1 4979 4981 4982 AND
2 1 4976 4982 4983 AND
2 1 995 4987 4992 AND
2 1 4983 4992 4993 AND
2 1 4991 4993 4994 AND
2 1 870 4994 4995 AND
2 1 4689 4820 4996 AND
2 1 4694 4996 4997 AND
2 1 4997 4692 4998 XOR
2 1 995 4976 4988 AND
2 1 4982 4988 4989 AND
2 1 4987 4989 4990 AND
2 1 995 4983 4984 AND
2 1 870 4984 4999 AND
2 1 4990 4999 5000 AND
2 1 4998 5000 5001 AND
2 1 4995 5001 5002 AND
2 1 750 5002 5003 AND
2 1 4697 4820 5004 AND
2 1 4702 5004 5005 AND
2 1 5005 4700 5006 XOR
2 1 750 4995 5007 AND
2 1 5001 5007 5008 AND
2 1 5006 5008 5009 AND
2 1 5003 5009 5010 AND
2 1 641 5014 5019 AND
2 1 5010 5019 5020 AND
2 1 5018 5020 5021 AND
2 1 543 5021 5022 AND
2 1 4716 4820 5023 AND
2 1 4721 5023 5024 AND
2 1 5024 4719 5025 XOR
2 1 641 5003 5015 AND
2 1 5009 5015 5016 AND
2 1 5014 5016 5017 AND
2 1 641 5010 5011 AND
2 1 543 5011 5026 AND
2 1 5017 5026 5027 AND
2 1 5025 5027 5028 AND
2 1 5022 5028 5029 AND
2 1 450 5029 5030 AND
2 1 4724 4820 5031 AND
2 1 4729 5031 5032 AND
2 1 5032 4727 5033 XOR
2 1 450 5022 5034 AND
2 1 5028 5034 5035 AND
2 1 5033 5035 5036 AND
2 1 5030 5036 5037 AND
2 1 368 5041 5046 AND
2 1 5037 5046 5047 AND
2 1 5045 5047 5048 AND
2 1 297 5048 5049 AND
2 1 4743 4820 5050 AND
2 1 4748 5050 5051 AND
2 1 5051 4746 5052 XOR
2 1 368 5030 5042 AND
2 1 5036 5042 5043 AND
2 1 5041 5043 5044 AND
2 1 368 5037 5038 AND
2 1 297 5038 5053 AND
2 1 5044 5053 5054 AND
2 1 5052 5054 5055 AND
2 1 5049 5055 5056 AND
2 1 232 5056 5057 AND
2 1 4751 4820 5058 AND
2 1 4756 5058 5059 AND
2 1 5059 4754 5060 XOR
2 1 232 5049 5061 AND
2 1 5055 5061 5062 AND
2 1 5060 5062 5063 AND
2 1 5057 5063 5064 AND
2 1 183 5068 5073 AND
2 1 5064 5073 5074 AND
2 1 5072 5074 5075 AND
2 1 149 5075 5076 AND
2 1 4770 4820 5077 AND
2 1 4775 5077 5078 AND
2 1 5078 4773 5079 XOR
2 1 183 5057 5069 AND
2 1 5063 5069 5070 AND
2 1 5068 5070 5071 AND
2 1 183 5064 5065 AND
2 1 149 5065 5080 AND
2 1 5071 5080 5081 AND
2 1 5079 5081 5082 AND
2 1 5076 5082 5083 AND
2 1 133 5083 5084 AND
2 1 4778 4820 5085 AND
2 1 4783 5085 5086 AND
2 1 5086 4781 5087 XOR
2 1 133 5076 5088 AND
2 1 5082 5088 5089 AND
2 1 5087 5089 5090 AND
2 1 5084 5090 5091 AND
2 1 4789 4791 5092 AND
2 1 4786 5092 5093 AND
2 1 4820 5093 5094 AND
2 1 4786 4791 5095 AND
2 1 4820 5095 5096 AND
2 1 4789 5096 5097 AND
2 1 5094 5097 5098 AND
2 1 4793 4800 5099 AND
2 1 4820 5099 5100 AND
2 1 4808 5100 5101 AND
2 1 5098 5101 5102 AND
2 1 5091 5102 5103 AND
2 1 129 5103 5104 AND
2 1 5084 5098 5105 AND
2 1 5090 5105 5106 AND
2 1 4800 4820 5107 AND
2 1 4800 4793 5108 XOR
2 1 129 5108 5109 AND
2 1 5107 5109 5110 AND
2 1 4796 4817 5111 AND
2 1 4799 5111 5112 AND
2 1 4812 5112 5113 AND
2 1 4808 5113 5114 AND
2 1 4806 5114 5115 AND
2 1 5110 5115 5116 AND
2 1 5106 5116 5117 AND
2 1 5104 5117 5118 AND
2 1 4860 5118 5175 AND
2 1 4865 5175 5176 AND
2 1 5176 4863 5177 XOR
2 1 4849 5118 5167 AND
2 1 4854 5167 5168 AND
2 1 5168 4852 5169 XOR
2 1 4838 4840 5159 AND
2 1 5118 5159 5160 AND
2 1 5160 4846 5161 XOR
2 1 4827 4832 5148 AND
2 1 5118 5148 5149 AND
2 1 5149 4835 5150 XOR
2 1 64 5118 5127 AND
2 1 5127 65 5128 XOR
2 1 64 5118 5119 AND
2 1 62 63 5120 AND
2 1 64 5120 5121 AND
2 1 4817 5121 5129 AND
2 1 4812 5129 5130 AND
2 1 4808 5130 5131 AND
2 1 4806 5131 5132 AND
2 1 5119 5132 5133 AND
2 1 5128 5133 5134 AND
2 1 64 5118 5122 AND
2 1 64 5120 5123 AND
2 1 4820 5123 5124 AND
2 1 5122 5124 5125 AND
2 1 4533 5125 5137 AND
2 1 5134 5137 5138 AND
2 1 4822 5118 5126 AND
2 1 4820 5115 5139 AND
2 1 5110 5139 5140 AND
2 1 5106 5140 5141 AND
2 1 5104 5141 5142 AND
2 1 5126 5142 5143 AND
2 1 5143 66 5144 XOR
2 1 5138 5144 5145 AND
2 1 5125 5134 5135 AND
2 1 4533 5135 5136 AND
2 1 4251 5136 5151 AND
2 1 5145 5151 5152 AND
2 1 5150 5152 5153 AND
2 1 5136 5145 5146 AND
2 1 4251 5146 5147 AND
2 1 3980 5147 5162 AND
2 1 5153 5162 5163 AND
2 1 5161 5163 5164 AND
2 1 4251 5150 5154 AND
2 1 4251 5150 5155 AND
2 1 5146 5155 5156 AND
2 1 5154 5156 5157 AND
2 1 3980 5157 5158 AND
2 1 3720 5158 5170 AND
2 1 5164 5170 5171 AND
2 1 5169 5171 5172 AND
2 1 5158 5164 5165 AND
2 1 3720 5165 5166 AND
2 1 3465 5166 5178 AND
2 1 5172 5178 5179 AND
2 1 5177 5179 5180 AND
2 1 5166 5172 5173 AND
2 1 3465 5173 5174 AND
2 1 3221 5174 5189 AND
2 1 5180 5189 5190 AND
2 1 3465 5177 5181 AND
2 1 3465 5177 5182 AND
2 1 5173 5182 5183 AND
2 1 5181 5183 5184 AND
2 1 3221 5184 5185 AND
2 1 5076 5118 5391 AND
2 1 5081 5391 5392 AND
2 1 5392 5079 5393 XOR
2 1 133 5393 5397 AND
2 1 5049 5118 5364 AND
2 1 5054 5364 5365 AND
2 1 5365 5052 5366 XOR
2 1 232 5366 5370 AND
2 1 5022 5118 5337 AND
2 1 5027 5337 5338 AND
2 1 5338 5025 5339 XOR
2 1 450 5339 5343 AND
2 1 4995 5118 5310 AND
2 1 5000 5310 5311 AND
2 1 5311 4998 5312 XOR
2 1 750 5312 5316 AND
2 1 4968 5118 5283 AND
2 1 4973 5283 5284 AND
2 1 5284 4971 5285 XOR
2 1 1131 5285 5289 AND
2 1 4941 5118 5256 AND
2 1 4946 5256 5257 AND
2 1 5257 4944 5258 XOR
2 1 1593 5258 5262 AND
2 1 4914 5118 5229 AND
2 1 4919 5229 5230 AND
2 1 5230 4917 5231 XOR
2 1 2136 5231 5235 AND
2 1 4887 5118 5202 AND
2 1 4892 5202 5203 AND
2 1 5203 4890 5204 XOR
2 1 2760 5204 5208 AND
2 1 4868 5118 5186 AND
2 1 4873 5186 5187 AND
2 1 5187 4871 5188 XOR
2 1 5188 5190 5191 AND
2 1 5185 5191 5192 AND
2 1 2988 5192 5193 AND
2 1 4876 5118 5194 AND
2 1 4881 5194 5195 AND
2 1 5195 4879 5196 XOR
2 1 2988 5185 5197 AND
2 1 5191 5197 5198 AND
2 1 5196 5198 5199 AND
2 1 5193 5199 5200 AND
2 1 2760 5204 5209 AND
2 1 5200 5209 5210 AND
2 1 5208 5210 5211 AND
2 1 2543 5211 5212 AND
2 1 4895 5118 5213 AND
2 1 4900 5213 5214 AND
2 1 5214 4898 5215 XOR
2 1 2760 5193 5205 AND
2 1 5199 5205 5206 AND
2 1 5204 5206 5207 AND
2 1 2760 5200 5201 AND
2 1 2543 5201 5216 AND
2 1 5207 5216 5217 AND
2 1 5215 5217 5218 AND
2 1 5212 5218 5219 AND
2 1 2337 5219 5220 AND
2 1 4903 5118 5221 AND
2 1 4908 5221 5222 AND
2 1 5222 4906 5223 XOR
2 1 2337 5212 5224 AND
2 1 5218 5224 5225 AND
2 1 5223 5225 5226 AND
2 1 5220 5226 5227 AND
2 1 2136 5231 5236 AND
2 1 5227 5236 5237 AND
2 1 5235 5237 5238 AND
2 1 1946 5238 5239 AND
2 1 4922 5118 5240 AND
2 1 4927 5240 5241 AND
2 1 5241 4925 5242 XOR
2 1 2136 5220 5232 AND
2 1 5226 5232 5233 AND
2 1 5231 5233 5234 AND
2 1 2136 5227 5228 AND
2 1 1946 5228 5243 AND
2 1 5234 5243 5244 AND
2 1 5242 5244 5245 AND
2 1 5239 5245 5246 AND
2 1 1767 5246 5247 AND
2 1 4930 5118 5248 AND
2 1 4935 5248 5249 AND
2 1 5249 4933 5250 XOR
2 1 1767 5239 5251 AND
2 1 5245 5251 5252 AND
2 1 5250 5252 5253 AND
2 1 5247 5253 5254 AND
2 1 1593 5258 5263 AND
2 1 5254 5263 5264 AND
2 1 5262 5264 5265 AND
2 1 1430 5265 5266 AND
2 1 4949 5118 5267 AND
2 1 4954 5267 5268 AND
2 1 5268 4952 5269 XOR
2 1 1593 5247 5259 AND
2 1 5253 5259 5260 AND
2 1 5258 5260 5261 AND
2 1 1593 5254 5255 AND
2 1 1430 5255 5270 AND
2 1 5261 5270 5271 AND
2 1 5269 5271 5272 AND
2 1 5266 5272 5273 AND
2 1 1278 5273 5274 AND
2 1 4957 5118 5275 AND
2 1 4962 5275 5276 AND
2 1 5276 4960 5277 XOR
2 1 1278 5266 5278 AND
2 1 5272 5278 5279 AND
2 1 5277 5279 5280 AND
2 1 5274 5280 5281 AND
2 1 1131 5285 5290 AND
2 1 5281 5290 5291 AND
2 1 5289 5291 5292 AND
2 1 995 5292 5293 AND
2 1 4976 5118 5294 AND
2 1 4981 5294 5295 AND
2 1 5295 4979 5296 XOR
2 1 1131 5274 5286 AND
2 1 5280 5286 5287 AND
2 1 5285 5287 5288 AND
2 1 1131 5281 5282 AND
2 1 995 5282 5297 AND
2 1 5288 5297 5298 AND
2 1 5296 5298 5299 AND
2 1 5293 5299 5300 AND
2 1 870 5300 5301 AND
2 1 4984 5118 5302 AND
2 1 4989 5302 5303 AND
2 1 5303 4987 5304 XOR
2 1 870 5293 5305 AND
2 1 5299 5305 5306 AND
2 1 5304 5306 5307 AND
2 1 5301 5307 5308 AND
2 1 750 5312 5317 AND
2 1 5308 5317 5318 AND
2 1 5316 5318 5319 AND
2 1 641 5319 5320 AND
2 1 5003 5118 5321 AND
2 1 5008 5321 5322 AND
2 1 5322 5006 5323 XOR
2 1 750 5301 5313 AND
2 1 5307 5313 5314 AND
2 1 5312 5314 5315 AND
2 1 750 5308 5309 AND
2 1 641 5309 5324 AND
2 1 5315 5324 5325 AND
2 1 5323 5325 5326 AND
2 1 5320 5326 5327 AND
2 1 543 5327 5328 AND
2 1 5011 5118 5329 AND
2 1 5016 5329 5330 AND
2 1 5330 5014 5331 XOR
2 1 543 5320 5332 AND
2 1 5326 5332 5333 AND
2 1 5331 5333 5334 AND
2 1 5328 5334 5335 AND
2 1 450 5339 5344 AND
2 1 5335 5344 5345 AND
2 1 5343 5345 5346 AND
2 1 368 5346 5347 AND
2 1 5030 5118 5348 AND
2 1 5035 5348 5349 AND
2 1 5349 5033 5350 XOR
2 1 450 5328 5340 AND
2 1 5334 5340 5341 AND
2 1 5339 5341 5342 AND
2 1 450 5335 5336 AND
2 1 368 5336 5351 AND
2 1 5342 5351 5352 AND
2 1 5350 5352 5353 AND
2 1 5347 5353 5354 AND
2 1 297 5354 5355 AND
2 1 5038 5118 5356 AND
2 1 5043 5356 5357 AND
2 1 5357 5041 5358 XOR
2 1 297 5347 5359 AND
2 1 5353 5359 5360 AND
2 1 5358 5360 5361 AND
2 1 5355 5361 5362 AND
2 1 232 5366 5371 AND
2 1 5362 5371 5372 AND
2 1 5370 5372 5373 AND
2 1 183 5373 5374 AND
2 1 5057 5118 5375 AND
2 1 5062 5375 5376 AND
2 1 5376 5060 5377 XOR
2 1 232 5355 5367 AND
2 1 5361 5367 5368 AND
2 1 5366 5368 5369 AND
2 1 232 5362 5363 AND
2 1 183 5363 5378 AND
2 1 5369 5378 5379 AND
2 1 5377 5379 5380 AND
2 1 5374 5380 5381 AND
2 1 149 5381 5382 AND
2 1 5065 5118 5383 AND
2 1 5070 5383 5384 AND
2 1 5384 5068 5385 XOR
2 1 149 5374 5386 AND
2 1 5380 5386 5387 AND
2 1 5385 5387 5388 AND
2 1 5382 5388 5389 AND
2 1 133 5393 5398 AND
2 1 5389 5398 5399 AND
2 1 5397 5399 5400 AND
2 1 5087 5089 5401 AND
2 1 5084 5401 5402 AND
2 1 5118 5402 5403 AND
2 1 5084 5089 5404 AND
2 1 5118 5404 5405 AND
2 1 5087 5405 5406 AND
2 1 5403 5406 5407 AND
2 1 5091 5098 5408 AND
2 1 5118 5408 5409 AND
2 1 5106 5409 5410 AND
2 1 5407 5410 5411 AND
2 1 5400 5411 5412 AND
2 1 129 5412 5413 AND
2 1 133 5382 5394 AND
2 1 5388 5394 5395 AND
2 1 5393 5395 5396 AND
2 1 133 5389 5390 AND
2 1 5390 5407 5414 AND
2 1 5396 5414 5415 AND
2 1 5098 5118 5416 AND
2 1 5098 5091 5417 XOR
2 1 129 5417 5418 AND
2 1 5416 5418 5419 AND
2 1 5094 5115 5420 AND
2 1 5097 5420 5421 AND
2 1 5110 5421 5422 AND
2 1 5106 5422 5423 AND
2 1 5104 5423 5424 AND
2 1 5419 5424 5425 AND
2 1 5415 5425 5426 AND
2 1 5413 5426 5427 AND
2 1 5185 5427 5511 AND
2 1 5190 5511 5512 AND
2 1 5512 5188 5513 XOR
2 1 5174 5427 5503 AND
2 1 5179 5503 5504 AND
2 1 5504 5177 5505 XOR
2 1 5166 5427 5495 AND
2 1 5171 5495 5496 AND
2 1 5496 5169 5497 XOR
2 1 5158 5427 5484 AND
2 1 5163 5484 5485 AND
2 1 5485 5161 5486 XOR
2 1 5147 5427 5476 AND
2 1 5152 5476 5477 AND
2 1 5477 5150 5478 XOR
2 1 5136 5138 5468 AND
2 1 5427 5468 5469 AND
2 1 5469 5144 5470 XOR
2 1 62 5427 5428 AND
2 1 60 61 5429 AND
2 1 62 5429 5430 AND
2 1 5115 5430 5435 AND
2 1 5110 5435 5436 AND
2 1 5106 5436 5437 AND
2 1 5104 5437 5438 AND
2 1 5428 5438 5439 AND
2 1 62 5427 5441 AND
2 1 5441 63 5442 XOR
2 1 5439 5442 5443 AND
2 1 62 5427 5431 AND
2 1 62 5429 5432 AND
2 1 5118 5432 5433 AND
2 1 5431 5433 5434 AND
2 1 4820 5434 5446 AND
2 1 5443 5446 5447 AND
2 1 5120 5427 5440 AND
2 1 5118 5424 5448 AND
2 1 5419 5448 5449 AND
2 1 5415 5449 5450 AND
2 1 5413 5450 5451 AND
2 1 5440 5451 5452 AND
2 1 5452 64 5453 XOR
2 1 5447 5453 5454 AND
2 1 5434 5443 5444 AND
2 1 4820 5444 5445 AND
2 1 4533 5445 5457 AND
2 1 5454 5457 5458 AND
2 1 5125 5427 5459 AND
2 1 5133 5459 5460 AND
2 1 5460 5128 5461 XOR
2 1 5458 5461 5462 AND
2 1 5445 5454 5455 AND
2 1 4533 5455 5456 AND
2 1 4251 5456 5471 AND
2 1 5462 5471 5472 AND
2 1 5470 5472 5473 AND
2 1 4533 5461 5463 AND
2 1 4533 5461 5464 AND
2 1 5455 5464 5465 AND
2 1 5463 5465 5466 AND
2 1 4251 5466 5467 AND
2 1 3980 5467 5479 AND
2 1 5473 5479 5480 AND
2 1 5478 5480 5481 AND
2 1 5467 5473 5474 AND
2 1 3980 5474 5475 AND
2 1 3720 5475 5487 AND
2 1 5481 5487 5488 AND
2 1 5486 5488 5489 AND
2 1 5475 5481 5482 AND
2 1 3720 5482 5483 AND
2 1 3465 5483 5498 AND
2 1 5489 5498 5499 AND
2 1 5497 5499 5500 AND
2 1 3720 5486 5490 AND
2 1 3720 5486 5491 AND
2 1 5482 5491 5492 AND
2 1 5490 5492 5493 AND
2 1 3465 5493 5494 AND
2 1 3221 5494 5506 AND
2 1 5500 5506 5507 AND
2 1 5505 5507 5508 AND
2 1 5494 5500 5501 AND
2 1 3221 5501 5502 AND
2 1 2988 5502 5514 AND
2 1 5508 5514 5515 AND
2 1 5513 5515 5516 AND
2 1 5502 5508 5509 AND
2 1 2988 5509 5510 AND
2 1 2760 5510 5525 AND
2 1 5516 5525 5526 AND
2 1 2988 5513 5517 AND
2 1 2988 5513 5518 AND
2 1 5509 5518 5519 AND
2 1 5517 5519 5520 AND
2 1 2760 5520 5521 AND
2 1 5347 5427 5673 AND
2 1 5352 5673 5674 AND
2 1 5674 5350 5675 XOR
2 1 297 5675 5679 AND
2 1 5320 5427 5646 AND
2 1 5325 5646 5647 AND
2 1 5647 5323 5648 XOR
2 1 543 5648 5652 AND
2 1 5293 5427 5619 AND
2 1 5298 5619 5620 AND
2 1 5620 5296 5621 XOR
2 1 870 5621 5625 AND
2 1 5266 5427 5592 AND
2 1 5271 5592 5593 AND
2 1 5593 5269 5594 XOR
2 1 1278 5594 5598 AND
2 1 5239 5427 5565 AND
2 1 5244 5565 5566 AND
2 1 5566 5242 5567 XOR
2 1 1767 5567 5571 AND
2 1 5212 5427 5538 AND
2 1 5217 5538 5539 AND
2 1 5539 5215 5540 XOR
2 1 2337 5540 5544 AND
2 1 5193 5427 5522 AND
2 1 5198 5522 5523 AND
2 1 5523 5196 5524 XOR
2 1 5524 5526 5527 AND
2 1 5521 5527 5528 AND
2 1 2543 5528 5529 AND
2 1 5201 5427 5530 AND
2 1 5206 5530 5531 AND
2 1 5531 5204 5532 XOR
2 1 2543 5521 5533 AND
2 1 5527 5533 5534 AND
2 1 5532 5534 5535 AND
2 1 5529 5535 5536 AND
2 1 2337 5540 5545 AND
2 1 5536 5545 5546 AND
2 1 5544 5546 5547 AND
2 1 2136 5547 5548 AND
2 1 5220 5427 5549 AND
2 1 5225 5549 5550 AND
2 1 5550 5223 5551 XOR
2 1 2337 5529 5541 AND
2 1 5535 5541 5542 AND
2 1 5540 5542 5543 AND
2 1 2337 5536 5537 AND
2 1 2136 5537 5552 AND
2 1 5543 5552 5553 AND
2 1 5551 5553 5554 AND
2 1 5548 5554 5555 AND
2 1 1946 5555 5556 AND
2 1 5228 5427 5557 AND
2 1 5233 5557 5558 AND
2 1 5558 5231 5559 XOR
2 1 1946 5548 5560 AND
2 1 5554 5560 5561 AND
2 1 5559 5561 5562 AND
2 1 5556 5562 5563 AND
2 1 1767 5567 5572 AND
2 1 5563 5572 5573 AND
2 1 5571 5573 5574 AND
2 1 1593 5574 5575 AND
2 1 5247 5427 5576 AND
2 1 5252 5576 5577 AND
2 1 5577 5250 5578 XOR
2 1 1767 5556 5568 AND
2 1 5562 5568 5569 AND
2 1 5567 5569 5570 AND
2 1 1767 5563 5564 AND
2 1 1593 5564 5579 AND
2 1 5570 5579 5580 AND
2 1 5578 5580 5581 AND
2 1 5575 5581 5582 AND
2 1 1430 5582 5583 AND
2 1 5255 5427 5584 AND
2 1 5260 5584 5585 AND
2 1 5585 5258 5586 XOR
2 1 1430 5575 5587 AND
2 1 5581 5587 5588 AND
2 1 5586 5588 5589 AND
2 1 5583 5589 5590 AND
2 1 1278 5594 5599 AND
2 1 5590 5599 5600 AND
2 1 5598 5600 5601 AND
2 1 1131 5601 5602 AND
2 1 5274 5427 5603 AND
2 1 5279 5603 5604 AND
2 1 5604 5277 5605 XOR
2 1 1278 5583 5595 AND
2 1 5589 5595 5596 AND
2 1 5594 5596 5597 AND
2 1 1278 5590 5591 AND
2 1 1131 5591 5606 AND
2 1 5597 5606 5607 AND
2 1 5605 5607 5608 AND
2 1 5602 5608 5609 AND
2 1 995 5609 5610 AND
2 1 5282 5427 5611 AND
2 1 5287 5611 5612 AND
2 1 5612 5285 5613 XOR
2 1 995 5602 5614 AND
2 1 5608 5614 5615 AND
2 1 5613 5615 5616 AND
2 1 5610 5616 5617 AND
2 1 870 5621 5626 AND
2 1 5617 5626 5627 AND
2 1 5625 5627 5628 AND
2 1 750 5628 5629 AND
2 1 5301 5427 5630 AND
2 1 5306 5630 5631 AND
2 1 5631 5304 5632 XOR
2 1 870 5610 5622 AND
2 1 5616 5622 5623 AND
2 1 5621 5623 5624 AND
2 1 870 5617 5618 AND
2 1 750 5618 5633 AND
2 1 5624 5633 5634 AND
2 1 5632 5634 5635 AND
2 1 5629 5635 5636 AND
2 1 641 5636 5637 AND
2 1 5309 5427 5638 AND
2 1 5314 5638 5639 AND
2 1 5639 5312 5640 XOR
2 1 641 5629 5641 AND
2 1 5635 5641 5642 AND
2 1 5640 5642 5643 AND
2 1 5637 5643 5644 AND
2 1 543 5648 5653 AND
2 1 5644 5653 5654 AND
2 1 5652 5654 5655 AND
2 1 450 5655 5656 AND
2 1 5328 5427 5657 AND
2 1 5333 5657 5658 AND
2 1 5658 5331 5659 XOR
2 1 543 5637 5649 AND
2 1 5643 5649 5650 AND
2 1 5648 5650 5651 AND
2 1 543 5644 5645 AND
2 1 450 5645 5660 AND
2 1 5651 5660 5661 AND
2 1 5659 5661 5662 AND
2 1 5656 5662 5663 AND
2 1 368 5663 5664 AND
2 1 5336 5427 5665 AND
2 1 5341 5665 5666 AND
2 1 5666 5339 5667 XOR
2 1 368 5656 5668 AND
2 1 5662 5668 5669 AND
2 1 5667 5669 5670 AND
2 1 5664 5670 5671 AND
2 1 297 5675 5680 AND
2 1 5671 5680 5681 AND
2 1 5679 5681 5682 AND
2 1 232 5682 5683 AND
2 1 5355 5427 5684 AND
2 1 5360 5684 5685 AND
2 1 5685 5358 5686 XOR
2 1 297 5664 5676 AND
2 1 5670 5676 5677 AND
2 1 5675 5677 5678 AND
2 1 297 5671 5672 AND
2 1 232 5672 5687 AND
2 1 5678 5687 5688 AND
2 1 5686 5688 5689 AND
2 1 5683 5689 5690 AND
2 1 183 5690 5691 AND
2 1 5363 5427 5692 AND
2 1 5368 5692 5693 AND
2 1 5693 5366 5694 XOR
2 1 183 5683 5695 AND
2 1 5689 5695 5696 AND
2 1 5694 5696 5697 AND
2 1 5691 5697 5698 AND
2 1 149 5698 5699 AND
2 1 5374 5427 5700 AND
2 1 5379 5700 5701 AND
2 1 5701 5377 5702 XOR
2 1 149 5691 5703 AND
2 1 5697 5703 5704 AND
2 1 5702 5704 5705 AND
2 1 5699 5705 5706 AND
2 1 133 5706 5707 AND
2 1 5382 5427 5708 AND
2 1 5387 5708 5709 AND
2 1 5709 5385 5710 XOR
2 1 133 5699 5711 AND
2 1 5705 5711 5712 AND
2 1 5710 5712 5713 AND
2 1 5707 5713 5714 AND
2 1 5393 5395 5715 AND
2 1 5390 5715 5716 AND
2 1 5427 5716 5717 AND
2 1 5390 5395 5718 AND
2 1 5427 5718 5719 AND
2 1 5393 5719 5720 AND
2 1 5717 5720 5721 AND
2 1 5400 5407 5722 AND
2 1 5427 5722 5723 AND
2 1 5415 5723 5724 AND
2 1 5721 5724 5725 AND
2 1 5714 5725 5726 AND
2 1 129 5726 5727 AND
2 1 5707 5721 5728 AND
2 1 5713 5728 5729 AND
2 1 5407 5427 5730 AND
2 1 5407 5400 5731 XOR
2 1 129 5731 5732 AND
2 1 5730 5732 5733 AND
2 1 5403 5424 5734 AND
2 1 5406 5734 5735 AND
2 1 5419 5735 5736 AND
2 1 5415 5736 5737 AND
2 1 5413 5737 5738 AND
2 1 5733 5738 5739 AND
2 1 5729 5739 5740 AND
2 1 5727 5740 5741 AND
2 1 5521 5741 5852 AND
2 1 5526 5852 5853 AND
2 1 5853 5524 5854 XOR
2 1 5510 5741 5844 AND
2 1 5515 5844 5845 AND
2 1 5845 5513 5846 XOR
2 1 5502 5741 5836 AND
2 1 5507 5836 5837 AND
2 1 5837 5505 5838 XOR
2 1 5494 5741 5825 AND
2 1 5499 5825 5826 AND
2 1 5826 5497 5827 XOR
2 1 5483 5741 5817 AND
2 1 5488 5817 5818 AND
2 1 5818 5486 5819 XOR
2 1 5475 5741 5809 AND
2 1 5480 5809 5810 AND
2 1 5810 5478 5811 XOR
2 1 5467 5741 5798 AND
2 1 5472 5798 5799 AND
2 1 5799 5470 5800 XOR
2 1 5445 5447 5782 AND
2 1 5741 5782 5783 AND
2 1 5783 5453 5784 XOR
2 1 5434 5439 5771 AND
2 1 5741 5771 5772 AND
2 1 5772 5442 5773 XOR
2 1 60 5741 5742 AND
2 1 58 59 5743 AND
2 1 60 5743 5744 AND
2 1 5424 5744 5749 AND
2 1 5419 5749 5750 AND
2 1 5415 5750 5751 AND
2 1 5413 5751 5752 AND
2 1 5742 5752 5753 AND
2 1 60 5741 5755 AND
2 1 5755 61 5756 XOR
2 1 5753 5756 5757 AND
2 1 60 5741 5745 AND
2 1 60 5743 5746 AND
2 1 5427 5746 5747 AND
2 1 5745 5747 5748 AND
2 1 5118 5748 5760 AND
2 1 5757 5760 5761 AND
2 1 5429 5741 5754 AND
2 1 5427 5738 5762 AND
2 1 5733 5762 5763 AND
2 1 5729 5763 5764 AND
2 1 5727 5764 5765 AND
2 1 5754 5765 5766 AND
2 1 5766 62 5767 XOR
2 1 5761 5767 5768 AND
2 1 5748 5757 5758 AND
2 1 5118 5758 5759 AND
2 1 4820 5759 5774 AND
2 1 5768 5774 5775 AND
2 1 5773 5775 5776 AND
2 1 5759 5768 5769 AND
2 1 4820 5769 5770 AND
2 1 4533 5770 5785 AND
2 1 5776 5785 5786 AND
2 1 5784 5786 5787 AND
2 1 4820 5773 5777 AND
2 1 4820 5773 5778 AND
2 1 5769 5778 5779 AND
2 1 5777 5779 5780 AND
2 1 4533 5780 5781 AND
2 1 4251 5781 5790 AND
2 1 5787 5790 5791 AND
2 1 5456 5458 5792 AND
2 1 5741 5792 5793 AND
2 1 5793 5461 5794 XOR
2 1 5791 5794 5795 AND
2 1 5781 5787 5788 AND
2 1 4251 5788 5789 AND
2 1 3980 5789 5801 AND
2 1 5795 5801 5802 AND
2 1 5800 5802 5803 AND
2 1 5789 5795 5796 AND
2 1 3980 5796 5797 AND
2 1 3720 5797 5812 AND
2 1 5803 5812 5813 AND
2 1 5811 5813 5814 AND
2 1 3980 5800 5804 AND
2 1 3980 5800 5805 AND
2 1 5796 5805 5806 AND
2 1 5804 5806 5807 AND
2 1 3720 5807 5808 AND
2 1 3465 5808 5820 AND
2 1 5814 5820 5821 AND
2 1 5819 5821 5822 AND
2 1 5808 5814 5815 AND
2 1 3465 5815 5816 AND
2 1 3221 5816 5828 AND
2 1 5822 5828 5829 AND
2 1 5827 5829 5830 AND
2 1 5816 5822 5823 AND
2 1 3221 5823 5824 AND
2 1 2988 5824 5839 AND
2 1 5830 5839 5840 AND
2 1 5838 5840 5841 AND
2 1 3221 5827 5831 AND
2 1 3221 5827 5832 AND
2 1 5823 5832 5833 AND
2 1 5831 5833 5834 AND
2 1 2988 5834 5835 AND
2 1 2760 5835 5847 AND
2 1 5841 5847 5848 AND
2 1 5846 5848 5849 AND
2 1 5835 5841 5842 AND
2 1 2760 5842 5843 AND
2 1 2543 5843 5855 AND
2 1 5849 5855 5856 AND
2 1 5854 5856 5857 AND
2 1 5843 5849 5850 AND
2 1 2543 5850 5851 AND
2 1 2337 5851 5866 AND
2 1 5857 5866 5867 AND
2 1 2543 5854 5858 AND
2 1 2543 5854 5859 AND
2 1 5850 5859 5860 AND
2 1 5858 5860 5861 AND
2 1 2337 5861 5862 AND
2 1 5683 5741 6014 AND
2 1 5688 6014 6015 AND
2 1 6015 5686 6016 XOR
2 1 183 6016 6020 AND
2 1 5656 5741 5987 AND
2 1 5661 5987 5988 AND
2 1 5988 5659 5989 XOR
2 1 368 5989 5993 AND
2 1 5629 5741 5960 AND
2 1 5634 5960 5961 AND
2 1 5961 5632 5962 XOR
2 1 641 5962 5966 AND
2 1 5602 5741 5933 AND
2 1 5607 5933 5934 AND
2 1 5934 5605 5935 XOR
2 1 995 5935 5939 AND
2 1 5575 5741 5906 AND
2 1 5580 5906 5907 AND
2 1 5907 5578 5908 XOR
2 1 1430 5908 5912 AND
2 1 5548 5741 5879 AND
2 1 5553 5879 5880 AND
2 1 5880 5551 5881 XOR
2 1 1946 5881 5885 AND
2 1 5529 5741 5863 AND
2 1 5534 5863 5864 AND
2 1 5864 5532 5865 XOR
2 1 5865 5867 5868 AND
2 1 5862 5868 5869 AND
2 1 2136 5869 5870 AND
2 1 5537 5741 5871 AND
2 1 5542 5871 5872 AND
2 1 5872 5540 5873 XOR
2 1 2136 5862 5874 AND
2 1 5868 5874 5875 AND
2 1 5873 5875 5876 AND
2 1 5870 5876 5877 AND
2 1 1946 5881 5886 AND
2 1 5877 5886 5887 AND
2 1 5885 5887 5888 AND
2 1 1767 5888 5889 AND
2 1 5556 5741 5890 AND
2 1 5561 5890 5891 AND
2 1 5891 5559 5892 XOR
2 1 1946 5870 5882 AND
2 1 5876 5882 5883 AND
2 1 5881 5883 5884 AND
2 1 1946 5877 5878 AND
2 1 1767 5878 5893 AND
2 1 5884 5893 5894 AND
2 1 5892 5894 5895 AND
2 1 5889 5895 5896 AND
2 1 1593 5896 5897 AND
2 1 5564 5741 5898 AND
2 1 5569 5898 5899 AND
2 1 5899 5567 5900 XOR
2 1 1593 5889 5901 AND
2 1 5895 5901 5902 AND
2 1 5900 5902 5903 AND
2 1 5897 5903 5904 AND
2 1 1430 5908 5913 AND
2 1 5904 5913 5914 AND
2 1 5912 5914 5915 AND
2 1 1278 5915 5916 AND
2 1 5583 5741 5917 AND
2 1 5588 5917 5918 AND
2 1 5918 5586 5919 XOR
2 1 1430 5897 5909 AND
2 1 5903 5909 5910 AND
2 1 5908 5910 5911 AND
2 1 1430 5904 5905 AND
2 1 1278 5905 5920 AND
2 1 5911 5920 5921 AND
2 1 5919 5921 5922 AND
2 1 5916 5922 5923 AND
2 1 1131 5923 5924 AND
2 1 5591 5741 5925 AND
2 1 5596 5925 5926 AND
2 1 5926 5594 5927 XOR
2 1 1131 5916 5928 AND
2 1 5922 5928 5929 AND
2 1 5927 5929 5930 AND
2 1 5924 5930 5931 AND
2 1 995 5935 5940 AND
2 1 5931 5940 5941 AND
2 1 5939 5941 5942 AND
2 1 870 5942 5943 AND
2 1 5610 5741 5944 AND
2 1 5615 5944 5945 AND
2 1 5945 5613 5946 XOR
2 1 995 5924 5936 AND
2 1 5930 5936 5937 AND
2 1 5935 5937 5938 AND
2 1 995 5931 5932 AND
2 1 870 5932 5947 AND
2 1 5938 5947 5948 AND
2 1 5946 5948 5949 AND
2 1 5943 5949 5950 AND
2 1 750 5950 5951 AND
2 1 5618 5741 5952 AND
2 1 5623 5952 5953 AND
2 1 5953 5621 5954 XOR
2 1 750 5943 5955 AND
2 1 5949 5955 5956 AND
2 1 5954 5956 5957 AND
2 1 5951 5957 5958 AND
2 1 641 5962 5967 AND
2 1 5958 5967 5968 AND
2 1 5966 5968 5969 AND
2 1 543 5969 5970 AND
2 1 5637 5741 5971 AND
2 1 5642 5971 5972 AND
2 1 5972 5640 5973 XOR
2 1 641 5951 5963 AND
2 1 5957 5963 5964 AND
2 1 5962 5964 5965 AND
2 1 641 5958 5959 AND
2 1 543 5959 5974 AND
2 1 5965 5974 5975 AND
2 1 5973 5975 5976 AND
2 1 5970 5976 5977 AND
2 1 450 5977 5978 AND
2 1 5645 5741 5979 AND
2 1 5650 5979 5980 AND
2 1 5980 5648 5981 XOR
2 1 450 5970 5982 AND
2 1 5976 5982 5983 AND
2 1 5981 5983 5984 AND
2 1 5978 5984 5985 AND
2 1 368 5989 5994 AND
2 1 5985 5994 5995 AND
2 1 5993 5995 5996 AND
2 1 297 5996 5997 AND
2 1 5664 5741 5998 AND
2 1 5669 5998 5999 AND
2 1 5999 5667 6000 XOR
2 1 368 5978 5990 AND
2 1 5984 5990 5991 AND
2 1 5989 5991 5992 AND
2 1 368 5985 5986 AND
2 1 297 5986 6001 AND
2 1 5992 6001 6002 AND
2 1 6000 6002 6003 AND
2 1 5997 6003 6004 AND
2 1 232 6004 6005 AND
2 1 5672 5741 6006 AND
2 1 5677 6006 6007 AND
2 1 6007 5675 6008 XOR
2 1 232 5997 6009 AND
2 1 6003 6009 6010 AND
2 1 6008 6010 6011 AND
2 1 6005 6011 6012 AND
2 1 183 6016 6021 AND
2 1 6012 6021 6022 AND
2 1 6020 6022 6023 AND
2 1 149 6023 6024 AND
2 1 5691 5741 6025 AND
2 1 5696 6025 6026 AND
2 1 6026 5694 6027 XOR
2 1 183 6005 6017 AND
2 1 6011 6017 6018 AND
2 1 6016 6018 6019 AND
2 1 183 6012 6013 AND
2 1 149 6013 6028 AND
2 1 6019 6028 6029 AND
2 1 6027 6029 6030 AND
2 1 6024 6030 6031 AND
2 1 133 6031 6032 AND
2 1 5699 5741 6033 AND
2 1 5704 6033 6034 AND
2 1 6034 5702 6035 XOR
2 1 133 6024 6036 AND
2 1 6030 6036 6037 AND
2 1 6035 6037 6038 AND
2 1 6032 6038 6039 AND
2 1 5710 5712 6040 AND
2 1 5707 6040 6041 AND
2 1 5741 6041 6042 AND
2 1 5707 5712 6043 AND
2 1 5741 6043 6044 AND
2 1 5710 6044 6045 AND
2 1 6042 6045 6046 AND
2 1 5714 5721 6047 AND
2 1 5741 6047 6048 AND
2 1 5729 6048 6049 AND
2 1 6046 6049 6050 AND
2 1 6039 6050 6051 AND
2 1 129 6051 6052 AND
2 1 6032 6046 6053 AND
2 1 6038 6053 6054 AND
2 1 5721 5741 6055 AND
2 1 5721 5714 6056 XOR
2 1 129 6056 6057 AND
2 1 6055 6057 6058 AND
2 1 5717 5738 6059 AND
2 1 5720 6059 6060 AND
2 1 5733 6060 6061 AND
2 1 5729 6061 6062 AND
2 1 5727 6062 6063 AND
2 1 6058 6063 6064 AND
2 1 6054 6064 6065 AND
2 1 6052 6065 6066 AND
2 1 5862 6066 6204 AND
2 1 5867 6204 6205 AND
2 1 6205 5865 6206 XOR
2 1 5851 6066 6196 AND
2 1 5856 6196 6197 AND
2 1 6197 5854 6198 XOR
2 1 5843 6066 6188 AND
2 1 5848 6188 6189 AND
2 1 6189 5846 6190 XOR
2 1 5835 6066 6177 AND
2 1 5840 6177 6178 AND
2 1 6178 5838 6179 XOR
2 1 5824 6066 6169 AND
2 1 5829 6169 6170 AND
2 1 6170 5827 6171 XOR
2 1 5816 6066 6161 AND
2 1 5821 6161 6162 AND
2 1 6162 5819 6163 XOR
2 1 5808 6066 6150 AND
2 1 5813 6150 6151 AND
2 1 6151 5811 6152 XOR
2 1 5797 6066 6142 AND
2 1 5802 6142 6143 AND
2 1 6143 5800 6144 XOR
2 1 5781 6066 6123 AND
2 1 5786 6123 6124 AND
2 1 6124 5784 6125 XOR
2 1 5770 6066 6115 AND
2 1 5775 6115 6116 AND
2 1 6116 5773 6117 XOR
2 1 5759 5761 6107 AND
2 1 6066 6107 6108 AND
2 1 6108 5767 6109 XOR
2 1 5748 5753 6096 AND
2 1 6066 6096 6097 AND
2 1 6097 5756 6098 XOR
2 1 58 6066 6067 AND
2 1 56 57 6068 AND
2 1 58 6068 6069 AND
2 1 5738 6069 6074 AND
2 1 5733 6074 6075 AND
2 1 5729 6075 6076 AND
2 1 5727 6076 6077 AND
2 1 6067 6077 6078 AND
2 1 58 6066 6080 AND
2 1 6080 59 6081 XOR
2 1 6078 6081 6082 AND
2 1 58 6066 6070 AND
2 1 58 6068 6071 AND
2 1 5741 6071 6072 AND
2 1 6070 6072 6073 AND
2 1 5427 6073 6085 AND
2 1 6082 6085 6086 AND
2 1 5743 6066 6079 AND
2 1 5741 6063 6087 AND
2 1 6058 6087 6088 AND
2 1 6054 6088 6089 AND
2 1 6052 6089 6090 AND
2 1 6079 6090 6091 AND
2 1 6091 60 6092 XOR
2 1 6086 6092 6093 AND
2 1 6073 6082 6083 AND
2 1 5427 6083 6084 AND
2 1 5118 6084 6099 AND
2 1 6093 6099 6100 AND
2 1 6098 6100 6101 AND
2 1 6084 6093 6094 AND
2 1 5118 6094 6095 AND
2 1 4820 6095 6110 AND
2 1 6101 6110 6111 AND
2 1 6109 6111 6112 AND
2 1 5118 6098 6102 AND
2 1 5118 6098 6103 AND
2 1 6094 6103 6104 AND
2 1 6102 6104 6105 AND
2 1 4820 6105 6106 AND
2 1 4533 6106 6118 AND
2 1 6112 6118 6119 AND
2 1 6117 6119 6120 AND
2 1 6106 6112 6113 AND
2 1 4533 6113 6114 AND
2 1 4251 6114 6126 AND
2 1 6120 6126 6127 AND
2 1 6125 6127 6128 AND
2 1 6114 6120 6121 AND
2 1 4251 6121 6122 AND
2 1 3980 6122 6134 AND
2 1 6128 6134 6135 AND
2 1 5789 5791 6136 AND
2 1 6066 6136 6137 AND
2 1 6137 5794 6138 XOR
2 1 6135 6138 6139 AND
2 1 4251 6125 6129 AND
2 1 4251 6125 6130 AND
2 1 6121 6130 6131 AND
2 1 6129 6131 6132 AND
2 1 3980 6132 6133 AND
2 1 3720 6133 6145 AND
2 1 6139 6145 6146 AND
2 1 6144 6146 6147 AND
2 1 6133 6139 6140 AND
2 1 3720 6140 6141 AND
2 1 3465 6141 6153 AND
2 1 6147 6153 6154 AND
2 1 6152 6154 6155 AND
2 1 6141 6147 6148 AND
2 1 3465 6148 6149 AND
2 1 3221 6149 6164 AND
2 1 6155 6164 6165 AND
2 1 6163 6165 6166 AND
2 1 3465 6152 6156 AND
2 1 3465 6152 6157 AND
2 1 6148 6157 6158 AND
2 1 6156 6158 6159 AND
2 1 3221 6159 6160 AND
2 1 2988 6160 6172 AND
2 1 6166 6172 6173 AND
2 1 6171 6173 6174 AND
2 1 6160 6166 6167 AND
2 1 2988 6167 6168 AND
2 1 2760 6168 6180 AND
2 1 6174 6180 6181 AND
2 1 6179 6181 6182 AND
2 1 6168 6174 6175 AND
2 1 2760 6175 6176 AND
2 1 2543 6176 6191 AND
2 1 6182 6191 6192 AND
2 1 6190 6192 6193 AND
2 1 2760 6179 6183 AND
2 1 2760 6179 6184 AND
2 1 6175 6184 6185 AND
2 1 6183 6185 6186 AND
2 1 2543 6186 6187 AND
2 1 2337 6187 6199 AND
2 1 6193 6199 6200 AND
2 1 6198 6200 6201 AND
2 1 6187 6193 6194 AND
2 1 2337 6194 6195 AND
2 1 2136 6195 6207 AND
2 1 6201 6207 6208 AND
2 1 6206 6208 6209 AND
2 1 6195 6201 6202 AND
2 1 2136 6202 6203 AND
2 1 1946 6203 6218 AND
2 1 6209 6218 6219 AND
2 1 2136 6206 6210 AND
2 1 2136 6206 6211 AND
2 1 6202 6211 6212 AND
2 1 6210 6212 6213 AND
2 1 1946 6213 6214 AND
2 1 6024 6066 6366 AND
2 1 6029 6366 6367 AND
2 1 6367 6027 6368 XOR
2 1 133 6368 6372 AND
2 1 5997 6066 6339 AND
2 1 6002 6339 6340 AND
2 1 6340 6000 6341 XOR
2 1 232 6341 6345 AND
2 1 5970 6066 6312 AND
2 1 5975 6312 6313 AND
2 1 6313 5973 6314 XOR
2 1 450 6314 6318 AND
2 1 5943 6066 6285 AND
2 1 5948 6285 6286 AND
2 1 6286 5946 6287 XOR
2 1 750 6287 6291 AND
2 1 5916 6066 6258 AND
2 1 5921 6258 6259 AND
2 1 6259 5919 6260 XOR
2 1 1131 6260 6264 AND
2 1 5889 6066 6231 AND
2 1 5894 6231 6232 AND
2 1 6232 5892 6233 XOR
2 1 1593 6233 6237 AND
2 1 5870 6066 6215 AND
2 1 5875 6215 6216 AND
2 1 6216 5873 6217 XOR
2 1 6217 6219 6220 AND
2 1 6214 6220 6221 AND
2 1 1767 6221 6222 AND
2 1 5878 6066 6223 AND
2 1 5883 6223 6224 AND
2 1 6224 5881 6225 XOR
2 1 1767 6214 6226 AND
2 1 6220 6226 6227 AND
2 1 6225 6227 6228 AND
2 1 6222 6228 6229 AND
2 1 1593 6233 6238 AND
2 1 6229 6238 6239 AND
2 1 6237 6239 6240 AND
2 1 1430 6240 6241 AND
2 1 5897 6066 6242 AND
2 1 5902 6242 6243 AND
2 1 6243 5900 6244 XOR
2 1 1593 6222 6234 AND
2 1 6228 6234 6235 AND
2 1 6233 6235 6236 AND
2 1 1593 6229 6230 AND
2 1 1430 6230 6245 AND
2 1 6236 6245 6246 AND
2 1 6244 6246 6247 AND
2 1 6241 6247 6248 AND
2 1 1278 6248 6249 AND
2 1 5905 6066 6250 AND
2 1 5910 6250 6251 AND
2 1 6251 5908 6252 XOR
2 1 1278 6241 6253 AND
2 1 6247 6253 6254 AND
2 1 6252 6254 6255 AND
2 1 6249 6255 6256 AND
2 1 1131 6260 6265 AND
2 1 6256 6265 6266 AND
2 1 6264 6266 6267 AND
2 1 995 6267 6268 AND
2 1 5924 6066 6269 AND
2 1 5929 6269 6270 AND
2 1 6270 5927 6271 XOR
2 1 1131 6249 6261 AND
2 1 6255 6261 6262 AND
2 1 6260 6262 6263 AND
2 1 1131 6256 6257 AND
2 1 995 6257 6272 AND
2 1 6263 6272 6273 AND
2 1 6271 6273 6274 AND
2 1 6268 6274 6275 AND
2 1 870 6275 6276 AND
2 1 5932 6066 6277 AND
2 1 5937 6277 6278 AND
2 1 6278 5935 6279 XOR
2 1 870 6268 6280 AND
2 1 6274 6280 6281 AND
2 1 6279 6281 6282 AND
2 1 6276 6282 6283 AND
2 1 750 6287 6292 AND
2 1 6283 6292 6293 AND
2 1 6291 6293 6294 AND
2 1 641 6294 6295 AND
2 1 5951 6066 6296 AND
2 1 5956 6296 6297 AND
2 1 6297 5954 6298 XOR
2 1 750 6276 6288 AND
2 1 6282 6288 6289 AND
2 1 6287 6289 6290 AND
2 1 750 6283 6284 AND
2 1 641 6284 6299 AND
2 1 6290 6299 6300 AND
2 1 6298 6300 6301 AND
2 1 6295 6301 6302 AND
2 1 543 6302 6303 AND
2 1 5959 6066 6304 AND
2 1 5964 6304 6305 AND
2 1 6305 5962 6306 XOR
2 1 543 6295 6307 AND
2 1 6301 6307 6308 AND
2 1 6306 6308 6309 AND
2 1 6303 6309 6310 AND
2 1 450 6314 6319 AND
2 1 6310 6319 6320 AND
2 1 6318 6320 6321 AND
2 1 368 6321 6322 AND
2 1 5978 6066 6323 AND
2 1 5983 6323 6324 AND
2 1 6324 5981 6325 XOR
2 1 450 6303 6315 AND
2 1 6309 6315 6316 AND
2 1 6314 6316 6317 AND
2 1 450 6310 6311 AND
2 1 368 6311 6326 AND
2 1 6317 6326 6327 AND
2 1 6325 6327 6328 AND
2 1 6322 6328 6329 AND
2 1 297 6329 6330 AND
2 1 5986 6066 6331 AND
2 1 5991 6331 6332 AND
2 1 6332 5989 6333 XOR
2 1 297 6322 6334 AND
2 1 6328 6334 6335 AND
2 1 6333 6335 6336 AND
2 1 6330 6336 6337 AND
2 1 232 6341 6346 AND
2 1 6337 6346 6347 AND
2 1 6345 6347 6348 AND
2 1 183 6348 6349 AND
2 1 6005 6066 6350 AND
2 1 6010 6350 6351 AND
2 1 6351 6008 6352 XOR
2 1 232 6330 6342 AND
2 1 6336 6342 6343 AND
2 1 6341 6343 6344 AND
2 1 232 6337 6338 AND
2 1 183 6338 6353 AND
2 1 6344 6353 6354 AND
2 1 6352 6354 6355 AND
2 1 6349 6355 6356 AND
2 1 149 6356 6357 AND
2 1 6013 6066 6358 AND
2 1 6018 6358 6359 AND
2 1 6359 6016 6360 XOR
2 1 149 6349 6361 AND
2 1 6355 6361 6362 AND
2 1 6360 6362 6363 AND
2 1 6357 6363 6364 AND
2 1 133 6368 6373 AND
2 1 6364 6373 6374 AND
2 1 6372 6374 6375 AND
2 1 6035 6037 6376 AND
2 1 6032 6376 6377 AND
2 1 6066 6377 6378 AND
2 1 6032 6037 6379 AND
2 1 6066 6379 6380 AND
2 1 6035 6380 6381 AND
2 1 6378 6381 6382 AND
2 1 6039 6046 6383 AND
2 1 6066 6383 6384 AND
2 1 6054 6384 6385 AND
2 1 6382 6385 6386 AND
2 1 6375 6386 6387 AND
2 1 129 6387 6388 AND
2 1 133 6357 6369 AND
2 1 6363 6369 6370 AND
2 1 6368 6370 6371 AND
2 1 133 6364 6365 AND
2 1 6365 6382 6389 AND
2 1 6371 6389 6390 AND
2 1 6046 6066 6391 AND
2 1 6046 6039 6392 XOR
2 1 129 6392 6393 AND
2 1 6391 6393 6394 AND
2 1 6042 6063 6395 AND
2 1 6045 6395 6396 AND
2 1 6058 6396 6397 AND
2 1 6054 6397 6398 AND
2 1 6052 6398 6399 AND
2 1 6394 6399 6400 AND
2 1 6390 6400 6401 AND
2 1 6388 6401 6402 AND
2 1 6214 6402 6567 AND
2 1 6219 6567 6568 AND
2 1 6568 6217 6569 XOR
2 1 6203 6402 6559 AND
2 1 6208 6559 6560 AND
2 1 6560 6206 6561 XOR
2 1 6195 6402 6551 AND
2 1 6200 6551 6552 AND
2 1 6552 6198 6553 XOR
2 1 6187 6402 6540 AND
2 1 6192 6540 6541 AND
2 1 6541 6190 6542 XOR
2 1 6176 6402 6532 AND
2 1 6181 6532 6533 AND
2 1 6533 6179 6534 XOR
2 1 6168 6402 6524 AND
2 1 6173 6524 6525 AND
2 1 6525 6171 6526 XOR
2 1 6160 6402 6513 AND
2 1 6165 6513 6514 AND
2 1 6514 6163 6515 XOR
2 1 6149 6402 6505 AND
2 1 6154 6505 6506 AND
2 1 6506 6152 6507 XOR
2 1 6141 6402 6497 AND
2 1 6146 6497 6498 AND
2 1 6498 6144 6499 XOR
2 1 6122 6402 6478 AND
2 1 6127 6478 6479 AND
2 1 6479 6125 6480 XOR
2 1 6114 6402 6470 AND
2 1 6119 6470 6471 AND
2 1 6471 6117 6472 XOR
2 1 6106 6402 6459 AND
2 1 6111 6459 6460 AND
2 1 6460 6109 6461 XOR
2 1 6095 6402 6451 AND
2 1 6100 6451 6452 AND
2 1 6452 6098 6453 XOR
2 1 6084 6086 6443 AND
2 1 6402 6443 6444 AND
2 1 6444 6092 6445 XOR
2 1 6073 6078 6432 AND
2 1 6402 6432 6433 AND
2 1 6433 6081 6434 XOR
2 1 56 6402 6403 AND
2 1 54 55 6404 AND
2 1 56 6404 6405 AND
2 1 6063 6405 6410 AND
2 1 6058 6410 6411 AND
2 1 6054 6411 6412 AND
2 1 6052 6412 6413 AND
2 1 6403 6413 6414 AND
2 1 56 6402 6416 AND
2 1 6416 57 6417 XOR
2 1 6414 6417 6418 AND
2 1 56 6402 6406 AND
2 1 56 6404 6407 AND
2 1 6066 6407 6408 AND
2 1 6406 6408 6409 AND
2 1 5741 6409 6421 AND
2 1 6418 6421 6422 AND
2 1 6068 6402 6415 AND
2 1 6066 6399 6423 AND
2 1 6394 6423 6424 AND
2 1 6390 6424 6425 AND
2 1 6388 6425 6426 AND
2 1 6415 6426 6427 AND
2 1 6427 58 6428 XOR
2 1 6422 6428 6429 AND
2 1 6409 6418 6419 AND
2 1 5741 6419 6420 AND
2 1 5427 6420 6435 AND
2 1 6429 6435 6436 AND
2 1 6434 6436 6437 AND
2 1 6420 6429 6430 AND
2 1 5427 6430 6431 AND
2 1 5118 6431 6446 AND
2 1 6437 6446 6447 AND
2 1 6445 6447 6448 AND
2 1 5427 6434 6438 AND
2 1 5427 6434 6439 AND
2 1 6430 6439 6440 AND
2 1 6438 6440 6441 AND
2 1 5118 6441 6442 AND
2 1 4820 6442 6454 AND
2 1 6448 6454 6455 AND
2 1 6453 6455 6456 AND
2 1 6442 6448 6449 AND
2 1 4820 6449 6450 AND
2 1 4533 6450 6462 AND
2 1 6456 6462 6463 AND
2 1 6461 6463 6464 AND
2 1 6450 6456 6457 AND
2 1 4533 6457 6458 AND
2 1 4251 6458 6473 AND
2 1 6464 6473 6474 AND
2 1 6472 6474 6475 AND
2 1 4533 6461 6465 AND
2 1 4533 6461 6466 AND
2 1 6457 6466 6467 AND
2 1 6465 6467 6468 AND
2 1 4251 6468 6469 AND
2 1 3980 6469 6481 AND
2 1 6475 6481 6482 AND
2 1 6480 6482 6483 AND
2 1 6469 6475 6476 AND
2 1 3980 6476 6477 AND
2 1 3720 6477 6486 AND
2 1 6483 6486 6487 AND
2 1 6133 6135 6488 AND
2 1 6402 6488 6489 AND
2 1 6489 6138 6490 XOR
2 1 6487 6490 6491 AND
2 1 6477 6483 6484 AND
2 1 3720 6484 6485 AND
2 1 3465 6485 6500 AND
2 1 6491 6500 6501 AND
2 1 6499 6501 6502 AND
2 1 3720 6490 6492 AND
2 1 3720 6490 6493 AND
2 1 6484 6493 6494 AND
2 1 6492 6494 6495 AND
2 1 3465 6495 6496 AND
2 1 3221 6496 6508 AND
2 1 6502 6508 6509 AND
2 1 6507 6509 6510 AND
2 1 6496 6502 6503 AND
2 1 3221 6503 6504 AND
2 1 2988 6504 6516 AND
2 1 6510 6516 6517 AND
2 1 6515 6517 6518 AND
2 1 6504 6510 6511 AND
2 1 2988 6511 6512 AND
2 1 2760 6512 6527 AND
2 1 6518 6527 6528 AND
2 1 6526 6528 6529 AND
2 1 2988 6515 6519 AND
2 1 2988 6515 6520 AND
2 1 6511 6520 6521 AND
2 1 6519 6521 6522 AND
2 1 2760 6522 6523 AND
2 1 2543 6523 6535 AND
2 1 6529 6535 6536 AND
2 1 6534 6536 6537 AND
2 1 6523 6529 6530 AND
2 1 2543 6530 6531 AND
2 1 2337 6531 6543 AND
2 1 6537 6543 6544 AND
2 1 6542 6544 6545 AND
2 1 6531 6537 6538 AND
2 1 2337 6538 6539 AND
2 1 2136 6539 6554 AND
2 1 6545 6554 6555 AND
2 1 6553 6555 6556 AND
2 1 2337 6542 6546 AND
2 1 2337 6542 6547 AND
2 1 6538 6547 6548 AND
2 1 6546 6548 6549 AND
2 1 2136 6549 6550 AND
2 1 1946 6550 6562 AND
2 1 6556 6562 6563 AND
2 1 6561 6563 6564 AND
2 1 6550 6556 6557 AND
2 1 1946 6557 6558 AND
2 1 1767 6558 6570 AND
2 1 6564 6570 6571 AND
2 1 6569 6571 6572 AND
2 1 6558 6564 6565 AND
2 1 1767 6565 6566 AND
2 1 1593 6566 6581 AND
2 1 6572 6581 6582 AND
2 1 1767 6569 6573 AND
2 1 1767 6569 6574 AND
2 1 6565 6574 6575 AND
2 1 6573 6575 6576 AND
2 1 1593 6576 6577 AND
2 1 6322 6402 6675 AND
2 1 6327 6675 6676 AND
2 1 6676 6325 6677 XOR
2 1 297 6677 6681 AND
2 1 6295 6402 6648 AND
2 1 6300 6648 6649 AND
2 1 6649 6298 6650 XOR
2 1 543 6650 6654 AND
2 1 6268 6402 6621 AND
2 1 6273 6621 6622 AND
2 1 6622 6271 6623 XOR
2 1 870 6623 6627 AND
2 1 6241 6402 6594 AND
2 1 6246 6594 6595 AND
2 1 6595 6244 6596 XOR
2 1 1278 6596 6600 AND
2 1 6222 6402 6578 AND
2 1 6227 6578 6579 AND
2 1 6579 6225 6580 XOR
2 1 6580 6582 6583 AND
2 1 6577 6583 6584 AND
2 1 1430 6584 6585 AND
2 1 6230 6402 6586 AND
2 1 6235 6586 6587 AND
2 1 6587 6233 6588 XOR
2 1 1430 6577 6589 AND
2 1 6583 6589 6590 AND
2 1 6588 6590 6591 AND
2 1 6585 6591 6592 AND
2 1 1278 6596 6601 AND
2 1 6592 6601 6602 AND
2 1 6600 6602 6603 AND
2 1 1131 6603 6604 AND
2 1 6249 6402 6605 AND
2 1 6254 6605 6606 AND
2 1 6606 6252 6607 XOR
2 1 1278 6585 6597 AND
2 1 6591 6597 6598 AND
2 1 6596 6598 6599 AND
2 1 1278 6592 6593 AND
2 1 1131 6593 6608 AND
2 1 6599 6608 6609 AND
2 1 6607 6609 6610 AND
2 1 6604 6610 6611 AND
2 1 995 6611 6612 AND
2 1 6257 6402 6613 AND
2 1 6262 6613 6614 AND
2 1 6614 6260 6615 XOR
2 1 995 6604 6616 AND
2 1 6610 6616 6617 AND
2 1 6615 6617 6618 AND
2 1 6612 6618 6619 AND
2 1 870 6623 6628 AND
2 1 6619 6628 6629 AND
2 1 6627 6629 6630 AND
2 1 750 6630 6631 AND
2 1 6276 6402 6632 AND
2 1 6281 6632 6633 AND
2 1 6633 6279 6634 XOR
2 1 870 6612 6624 AND
2 1 6618 6624 6625 AND
2 1 6623 6625 6626 AND
2 1 870 6619 6620 AND
2 1 750 6620 6635 AND
2 1 6626 6635 6636 AND
2 1 6634 6636 6637 AND
2 1 6631 6637 6638 AND
2 1 641 6638 6639 AND
2 1 6284 6402 6640 AND
2 1 6289 6640 6641 AND
2 1 6641 6287 6642 XOR
2 1 641 6631 6643 AND
2 1 6637 6643 6644 AND
2 1 6642 6644 6645 AND
2 1 6639 6645 6646 AND
2 1 543 6650 6655 AND
2 1 6646 6655 6656 AND
2 1 6654 6656 6657 AND
2 1 450 6657 6658 AND
2 1 6303 6402 6659 AND
2 1 6308 6659 6660 AND
2 1 6660 6306 6661 XOR
2 1 543 6639 6651 AND
2 1 6645 6651 6652 AND
2 1 6650 6652 6653 AND
2 1 543 6646 6647 AND
2 1 450 6647 6662 AND
2 1 6653 6662 6663 AND
2 1 6661 6663 6664 AND
2 1 6658 6664 6665 AND
2 1 368 6665 6666 AND
2 1 6311 6402 6667 AND
2 1 6316 6667 6668 AND
2 1 6668 6314 6669 XOR
2 1 368 6658 6670 AND
2 1 6664 6670 6671 AND
2 1 6669 6671 6672 AND
2 1 6666 6672 6673 AND
2 1 297 6677 6682 AND
2 1 6673 6682 6683 AND
2 1 6681 6683 6684 AND
2 1 232 6684 6685 AND
2 1 6330 6402 6686 AND
2 1 6335 6686 6687 AND
2 1 6687 6333 6688 XOR
2 1 297 6666 6678 AND
2 1 6672 6678 6679 AND
2 1 6677 6679 6680 AND
2 1 297 6673 6674 AND
2 1 232 6674 6689 AND
2 1 6680 6689 6690 AND
2 1 6688 6690 6691 AND
2 1 6685 6691 6692 AND
2 1 183 6692 6693 AND
2 1 6338 6402 6694 AND
2 1 6343 6694 6695 AND
2 1 6695 6341 6696 XOR
2 1 183 6685 6697 AND
2 1 6691 6697 6698 AND
2 1 6696 6698 6699 AND
2 1 6693 6699 6700 AND
2 1 149 6700 6701 AND
2 1 6349 6402 6702 AND
2 1 6354 6702 6703 AND
2 1 6703 6352 6704 XOR
2 1 149 6693 6705 AND
2 1 6699 6705 6706 AND
2 1 6704 6706 6707 AND
2 1 6701 6707 6708 AND
2 1 133 6708 6709 AND
2 1 6357 6402 6710 AND
2 1 6362 6710 6711 AND
2 1 6711 6360 6712 XOR
2 1 133 6701 6713 AND
2 1 6707 6713 6714 AND
2 1 6712 6714 6715 AND
2 1 6709 6715 6716 AND
2 1 6365 6368 6717 AND
2 1 6370 6717 6718 AND
2 1 6402 6718 6719 AND
2 1 6365 6370 6720 AND
2 1 6402 6720 6721 AND
2 1 6368 6721 6722 AND
2 1 6719 6722 6723 AND
2 1 6375 6382 6724 AND
2 1 6402 6724 6725 AND
2 1 6390 6725 6726 AND
2 1 6723 6726 6727 AND
2 1 6716 6727 6728 AND
2 1 129 6728 6729 AND
2 1 6709 6723 6730 AND
2 1 6715 6730 6731 AND
2 1 6382 6402 6732 AND
2 1 6382 6375 6733 XOR
2 1 129 6733 6734 AND
2 1 6732 6734 6735 AND
2 1 6378 6399 6736 AND
2 1 6381 6736 6737 AND
2 1 6394 6737 6738 AND
2 1 6390 6738 6739 AND
2 1 6388 6739 6740 AND
2 1 6735 6740 6741 AND
2 1 6731 6741 6742 AND
2 1 6729 6742 6743 AND
2 1 6577 6743 6935 AND
2 1 6582 6935 6936 AND
2 1 6936 6580 6937 XOR
2 1 6566 6743 6927 AND
2 1 6571 6927 6928 AND
2 1 6928 6569 6929 XOR
2 1 6558 6743 6919 AND
2 1 6563 6919 6920 AND
2 1 6920 6561 6921 XOR
2 1 6550 6743 6908 AND
2 1 6555 6908 6909 AND
2 1 6909 6553 6910 XOR
2 1 6539 6743 6900 AND
2 1 6544 6900 6901 AND
2 1 6901 6542 6902 XOR
2 1 6531 6743 6892 AND
2 1 6536 6892 6893 AND
2 1 6893 6534 6894 XOR
2 1 6523 6743 6881 AND
2 1 6528 6881 6882 AND
2 1 6882 6526 6883 XOR
2 1 6512 6743 6873 AND
2 1 6517 6873 6874 AND
2 1 6874 6515 6875 XOR
2 1 6504 6743 6865 AND
2 1 6509 6865 6866 AND
2 1 6866 6507 6867 XOR
2 1 6496 6743 6854 AND
2 1 6501 6854 6855 AND
2 1 6855 6499 6856 XOR
2 1 6477 6743 6838 AND
2 1 6482 6838 6839 AND
2 1 6839 6480 6840 XOR
2 1 6469 6743 6827 AND
2 1 6474 6827 6828 AND
2 1 6828 6472 6829 XOR
2 1 6458 6743 6819 AND
2 1 6463 6819 6820 AND
2 1 6820 6461 6821 XOR
2 1 6450 6743 6811 AND
2 1 6455 6811 6812 AND
2 1 6812 6453 6813 XOR
2 1 6442 6743 6800 AND
2 1 6447 6800 6801 AND
2 1 6801 6445 6802 XOR
2 1 6431 6743 6792 AND
2 1 6436 6792 6793 AND
2 1 6793 6434 6794 XOR
2 1 6420 6422 6784 AND
2 1 6743 6784 6785 AND
2 1 6785 6428 6786 XOR
2 1 6409 6414 6773 AND
2 1 6743 6773 6774 AND
2 1 6774 6417 6775 XOR
2 1 54 6743 6744 AND
2 1 52 53 6745 AND
2 1 54 6745 6746 AND
2 1 6399 6746 6751 AND
2 1 6394 6751 6752 AND
2 1 6390 6752 6753 AND
2 1 6388 6753 6754 AND
2 1 6744 6754 6755 AND
2 1 54 6743 6757 AND
2 1 6757 55 6758 XOR
2 1 6755 6758 6759 AND
2 1 54 6743 6747 AND
2 1 54 6745 6748 AND
2 1 6402 6748 6749 AND
2 1 6747 6749 6750 AND
2 1 6066 6750 6762 AND
2 1 6759 6762 6763 AND
2 1 6404 6743 6756 AND
2 1 6402 6740 6764 AND
2 1 6735 6764 6765 AND
2 1 6731 6765 6766 AND
2 1 6729 6766 6767 AND
2 1 6756 6767 6768 AND
2 1 6768 56 6769 XOR
2 1 6763 6769 6770 AND
2 1 6750 6759 6760 AND
2 1 6066 6760 6761 AND
2 1 5741 6761 6776 AND
2 1 6770 6776 6777 AND
2 1 6775 6777 6778 AND
2 1 6761 6770 6771 AND
2 1 5741 6771 6772 AND
2 1 5427 6772 6787 AND
2 1 6778 6787 6788 AND
2 1 6786 6788 6789 AND
2 1 5741 6775 6779 AND
2 1 5741 6775 6780 AND
2 1 6771 6780 6781 AND
2 1 6779 6781 6782 AND
2 1 5427 6782 6783 AND
2 1 5118 6783 6795 AND
2 1 6789 6795 6796 AND
2 1 6794 6796 6797 AND
2 1 6783 6789 6790 AND
2 1 5118 6790 6791 AND
2 1 4820 6791 6803 AND
2 1 6797 6803 6804 AND
2 1 6802 6804 6805 AND
2 1 6791 6797 6798 AND
2 1 4820 6798 6799 AND
2 1 4533 6799 6814 AND
2 1 6805 6814 6815 AND
2 1 6813 6815 6816 AND
2 1 4820 6802 6806 AND
2 1 4820 6802 6807 AND
2 1 6798 6807 6808 AND
2 1 6806 6808 6809 AND
2 1 4533 6809 6810 AND
2 1 4251 6810 6822 AND
2 1 6816 6822 6823 AND
2 1 6821 6823 6824 AND
2 1 6810 6816 6817 AND
2 1 4251 6817 6818 AND
2 1 3980 6818 6830 AND
2 1 6824 6830 6831 AND
2 1 6829 6831 6832 AND
2 1 6818 6824 6825 AND
2 1 3980 6825 6826 AND
2 1 3720 6826 6841 AND
2 1 6832 6841 6842 AND
2 1 6840 6842 6843 AND
2 1 3980 6829 6833 AND
2 1 3980 6829 6834 AND
2 1 6825 6834 6835 AND
2 1 6833 6835 6836 AND
2 1 3720 6836 6837 AND
2 1 3465 6837 6846 AND
2 1 6843 6846 6847 AND
2 1 6485 6487 6848 AND
2 1 6743 6848 6849 AND
2 1 6849 6490 6850 XOR
2 1 6847 6850 6851 AND
2 1 6837 6843 6844 AND
2 1 3465 6844 6845 AND
2 1 3221 6845 6857 AND
2 1 6851 6857 6858 AND
2 1 6856 6858 6859 AND
2 1 6845 6851 6852 AND
2 1 3221 6852 6853 AND
2 1 2988 6853 6868 AND
2 1 6859 6868 6869 AND
2 1 6867 6869 6870 AND
2 1 3221 6856 6860 AND
2 1 3221 6856 6861 AND
2 1 6852 6861 6862 AND
2 1 6860 6862 6863 AND
2 1 2988 6863 6864 AND
2 1 2760 6864 6876 AND
2 1 6870 6876 6877 AND
2 1 6875 6877 6878 AND
2 1 6864 6870 6871 AND
2 1 2760 6871 6872 AND
2 1 2543 6872 6884 AND
2 1 6878 6884 6885 AND
2 1 6883 6885 6886 AND
2 1 6872 6878 6879 AND
2 1 2543 6879 6880 AND
2 1 2337 6880 6895 AND
2 1 6886 6895 6896 AND
2 1 6894 6896 6897 AND
2 1 2543 6883 6887 AND
2 1 2543 6883 6888 AND
2 1 6879 6888 6889 AND
2 1 6887 6889 6890 AND
2 1 2337 6890 6891 AND
2 1 2136 6891 6903 AND
2 1 6897 6903 6904 AND
2 1 6902 6904 6905 AND
2 1 6891 6897 6898 AND
2 1 2136 6898 6899 AND
2 1 1946 6899 6911 AND
2 1 6905 6911 6912 AND
2 1 6910 6912 6913 AND
2 1 6899 6905 6906 AND
2 1 1946 6906 6907 AND
2 1 1767 6907 6922 AND
2 1 6913 6922 6923 AND
2 1 6921 6923 6924 AND
2 1 1946 6910 6914 AND
2 1 1946 6910 6915 AND
2 1 6906 6915 6916 AND
2 1 6914 6916 6917 AND
2 1 1767 6917 6918 AND
2 1 1593 6918 6930 AND
2 1 6924 6930 6931 AND
2 1 6929 6931 6932 AND
2 1 6918 6924 6925 AND
2 1 1593 6925 6926 AND
2 1 1430 6926 6938 AND
2 1 6932 6938 6939 AND
2 1 6937 6939 6940 AND
2 1 6926 6932 6933 AND
2 1 1430 6933 6934 AND
2 1 1278 6934 6949 AND
2 1 6940 6949 6950 AND
2 1 1430 6937 6941 AND
2 1 1430 6937 6942 AND
2 1 6933 6942 6943 AND
2 1 6941 6943 6944 AND
2 1 1278 6944 6945 AND
2 1 6685 6743 7043 AND
2 1 6690 7043 7044 AND
2 1 7044 6688 7045 XOR
2 1 183 7045 7049 AND
2 1 6658 6743 7016 AND
2 1 6663 7016 7017 AND
2 1 7017 6661 7018 XOR
2 1 368 7018 7022 AND
2 1 6631 6743 6989 AND
2 1 6636 6989 6990 AND
2 1 6990 6634 6991 XOR
2 1 641 6991 6995 AND
2 1 6604 6743 6962 AND
2 1 6609 6962 6963 AND
2 1 6963 6607 6964 XOR
2 1 995 6964 6968 AND
2 1 6585 6743 6946 AND
2 1 6590 6946 6947 AND
2 1 6947 6588 6948 XOR
2 1 6948 6950 6951 AND
2 1 6945 6951 6952 AND
2 1 1131 6952 6953 AND
2 1 6593 6743 6954 AND
2 1 6598 6954 6955 AND
2 1 6955 6596 6956 XOR
2 1 1131 6945 6957 AND
2 1 6951 6957 6958 AND
2 1 6956 6958 6959 AND
2 1 6953 6959 6960 AND
2 1 995 6964 6969 AND
2 1 6960 6969 6970 AND
2 1 6968 6970 6971 AND
2 1 870 6971 6972 AND
2 1 6612 6743 6973 AND
2 1 6617 6973 6974 AND
2 1 6974 6615 6975 XOR
2 1 995 6953 6965 AND
2 1 6959 6965 6966 AND
2 1 6964 6966 6967 AND
2 1 995 6960 6961 AND
2 1 870 6961 6976 AND
2 1 6967 6976 6977 AND
2 1 6975 6977 6978 AND
2 1 6972 6978 6979 AND
2 1 750 6979 6980 AND
2 1 6620 6743 6981 AND
2 1 6625 6981 6982 AND
2 1 6982 6623 6983 XOR
2 1 750 6972 6984 AND
2 1 6978 6984 6985 AND
2 1 6983 6985 6986 AND
2 1 6980 6986 6987 AND
2 1 641 6991 6996 AND
2 1 6987 6996 6997 AND
2 1 6995 6997 6998 AND
2 1 543 6998 6999 AND
2 1 6639 6743 7000 AND
2 1 6644 7000 7001 AND
2 1 7001 6642 7002 XOR
2 1 641 6980 6992 AND
2 1 6986 6992 6993 AND
2 1 6991 6993 6994 AND
2 1 641 6987 6988 AND
2 1 543 6988 7003 AND
2 1 6994 7003 7004 AND
2 1 7002 7004 7005 AND
2 1 6999 7005 7006 AND
2 1 450 7006 7007 AND
2 1 6647 6743 7008 AND
2 1 6652 7008 7009 AND
2 1 7009 6650 7010 XOR
2 1 450 6999 7011 AND
2 1 7005 7011 7012 AND
2 1 7010 7012 7013 AND
2 1 7007 7013 7014 AND
2 1 368 7018 7023 AND
2 1 7014 7023 7024 AND
2 1 7022 7024 7025 AND
2 1 297 7025 7026 AND
2 1 6666 6743 7027 AND
2 1 6671 7027 7028 AND
2 1 7028 6669 7029 XOR
2 1 368 7007 7019 AND
2 1 7013 7019 7020 AND
2 1 7018 7020 7021 AND
2 1 368 7014 7015 AND
2 1 297 7015 7030 AND
2 1 7021 7030 7031 AND
2 1 7029 7031 7032 AND
2 1 7026 7032 7033 AND
2 1 232 7033 7034 AND
2 1 6674 6743 7035 AND
2 1 6679 7035 7036 AND
2 1 7036 6677 7037 XOR
2 1 232 7026 7038 AND
2 1 7032 7038 7039 AND
2 1 7037 7039 7040 AND
2 1 7034 7040 7041 AND
2 1 183 7045 7050 AND
2 1 7041 7050 7051 AND
2 1 7049 7051 7052 AND
2 1 149 7052 7053 AND
2 1 6693 6743 7054 AND
2 1 6698 7054 7055 AND
2 1 7055 6696 7056 XOR
2 1 183 7034 7046 AND
2 1 7040 7046 7047 AND
2 1 7045 7047 7048 AND
2 1 183 7041 7042 AND
2 1 149 7042 7057 AND
2 1 7048 7057 7058 AND
2 1 7056 7058 7059 AND
2 1 7053 7059 7060 AND
2 1 133 7060 7061 AND
2 1 6701 6743 7062 AND
2 1 6706 7062 7063 AND
2 1 7063 6704 7064 XOR
2 1 133 7053 7065 AND
2 1 7059 7065 7066 AND
2 1 7064 7066 7067 AND
2 1 7061 7067 7068 AND
2 1 6712 6714 7069 AND
2 1 6709 7069 7070 AND
2 1 6743 7070 7071 AND
2 1 6709 6714 7072 AND
2 1 6743 7072 7073 AND
2 1 6712 7073 7074 AND
2 1 7071 7074 7075 AND
2 1 6716 6723 7076 AND
2 1 6743 7076 7077 AND
2 1 6731 7077 7078 AND
2 1 7075 7078 7079 AND
2 1 7068 7079 7080 AND
2 1 129 7080 7081 AND
2 1 7061 7075 7082 AND
2 1 7067 7082 7083 AND
2 1 6723 6743 7084 AND
2 1 6723 6716 7085 XOR
2 1 129 7085 7086 AND
2 1 7084 7086 7087 AND
2 1 6719 6740 7088 AND
2 1 6722 7088 7089 AND
2 1 6735 7089 7090 AND
2 1 6731 7090 7091 AND
2 1 6729 7091 7092 AND
2 1 7087 7092 7093 AND
2 1 7083 7093 7094 AND
2 1 7081 7094 7095 AND
2 1 6945 7095 7314 AND
2 1 6950 7314 7315 AND
2 1 7315 6948 7316 XOR
2 1 6934 7095 7306 AND
2 1 6939 7306 7307 AND
2 1 7307 6937 7308 XOR
2 1 6926 7095 7298 AND
2 1 6931 7298 7299 AND
2 1 7299 6929 7300 XOR
2 1 6918 7095 7287 AND
2 1 6923 7287 7288 AND
2 1 7288 6921 7289 XOR
2 1 6907 7095 7279 AND
2 1 6912 7279 7280 AND
2 1 7280 6910 7281 XOR
2 1 6899 7095 7271 AND
2 1 6904 7271 7272 AND
2 1 7272 6902 7273 XOR
2 1 6891 7095 7260 AND
2 1 6896 7260 7261 AND
2 1 7261 6894 7262 XOR
2 1 6880 7095 7252 AND
2 1 6885 7252 7253 AND
2 1 7253 6883 7254 XOR
2 1 6872 7095 7244 AND
2 1 6877 7244 7245 AND
2 1 7245 6875 7246 XOR
2 1 6864 7095 7233 AND
2 1 6869 7233 7234 AND
2 1 7234 6867 7235 XOR
2 1 6853 7095 7225 AND
2 1 6858 7225 7226 AND
2 1 7226 6856 7227 XOR
2 1 6837 7095 7206 AND
2 1 6842 7206 7207 AND
2 1 7207 6840 7208 XOR
2 1 6826 7095 7198 AND
2 1 6831 7198 7199 AND
2 1 7199 6829 7200 XOR
2 1 6818 7095 7190 AND
2 1 6823 7190 7191 AND
2 1 7191 6821 7192 XOR
2 1 6810 7095 7179 AND
2 1 6815 7179 7180 AND
2 1 7180 6813 7181 XOR
2 1 6799 7095 7171 AND
2 1 6804 7171 7172 AND
2 1 7172 6802 7173 XOR
2 1 6791 7095 7163 AND
2 1 6796 7163 7164 AND
2 1 7164 6794 7165 XOR
2 1 6783 7095 7152 AND
2 1 6788 7152 7153 AND
2 1 7153 6786 7154 XOR
2 1 6772 7095 7144 AND
2 1 6777 7144 7145 AND
2 1 7145 6775 7146 XOR
2 1 6761 6763 7136 AND
2 1 7095 7136 7137 AND
2 1 7137 6769 7138 XOR
2 1 6750 6755 7125 AND
2 1 7095 7125 7126 AND
2 1 7126 6758 7127 XOR
2 1 52 7095 7096 AND
2 1 50 51 7097 AND
2 1 52 7097 7098 AND
2 1 6740 7098 7103 AND
2 1 6735 7103 7104 AND
2 1 6731 7104 7105 AND
2 1 6729 7105 7106 AND
2 1 7096 7106 7107 AND
2 1 52 7095 7109 AND
2 1 7109 53 7110 XOR
2 1 7107 7110 7111 AND
2 1 52 7095 7099 AND
2 1 52 7097 7100 AND
2 1 6743 7100 7101 AND
2 1 7099 7101 7102 AND
2 1 6402 7102 7114 AND
2 1 7111 7114 7115 AND
2 1 6745 7095 7108 AND
2 1 6743 7092 7116 AND
2 1 7087 7116 7117 AND
2 1 7083 7117 7118 AND
2 1 7081 7118 7119 AND
2 1 7108 7119 7120 AND
2 1 7120 54 7121 XOR
2 1 7115 7121 7122 AND
2 1 7102 7111 7112 AND
2 1 6402 7112 7113 AND
2 1 6066 7113 7128 AND
2 1 7122 7128 7129 AND
2 1 7127 7129 7130 AND
2 1 7113 7122 7123 AND
2 1 6066 7123 7124 AND
2 1 5741 7124 7139 AND
2 1 7130 7139 7140 AND
2 1 7138 7140 7141 AND
2 1 6066 7127 7131 AND
2 1 6066 7127 7132 AND
2 1 7123 7132 7133 AND
2 1 7131 7133 7134 AND
2 1 5741 7134 7135 AND
2 1 5427 7135 7147 AND
2 1 7141 7147 7148 AND
2 1 7146 7148 7149 AND
2 1 7135 7141 7142 AND
2 1 5427 7142 7143 AND
2 1 5118 7143 7155 AND
2 1 7149 7155 7156 AND
2 1 7154 7156 7157 AND
2 1 7143 7149 7150 AND
2 1 5118 7150 7151 AND
2 1 4820 7151 7166 AND
2 1 7157 7166 7167 AND
2 1 7165 7167 7168 AND
2 1 5118 7154 7158 AND
2 1 5118 7154 7159 AND
2 1 7150 7159 7160 AND
2 1 7158 7160 7161 AND
2 1 4820 7161 7162 AND
2 1 4533 7162 7174 AND
2 1 7168 7174 7175 AND
2 1 7173 7175 7176 AND
2 1 7162 7168 7169 AND
2 1 4533 7169 7170 AND
2 1 4251 7170 7182 AND
2 1 7176 7182 7183 AND
2 1 7181 7183 7184 AND
2 1 7170 7176 7177 AND
2 1 4251 7177 7178 AND
2 1 3980 7178 7193 AND
2 1 7184 7193 7194 AND
2 1 7192 7194 7195 AND
2 1 4251 7181 7185 AND
2 1 4251 7181 7186 AND
2 1 7177 7186 7187 AND
2 1 7185 7187 7188 AND
2 1 3980 7188 7189 AND
2 1 3720 7189 7201 AND
2 1 7195 7201 7202 AND
2 1 7200 7202 7203 AND
2 1 7189 7195 7196 AND
2 1 3720 7196 7197 AND
2 1 3465 7197 7209 AND
2 1 7203 7209 7210 AND
2 1 7208 7210 7211 AND
2 1 7197 7203 7204 AND
2 1 3465 7204 7205 AND
2 1 3221 7205 7217 AND
2 1 7211 7217 7218 AND
2 1 6845 6847 7219 AND
2 1 7095 7219 7220 AND
2 1 7220 6850 7221 XOR
2 1 7218 7221 7222 AND
2 1 3465 7208 7212 AND
2 1 3465 7208 7213 AND
2 1 7204 7213 7214 AND
2 1 7212 7214 7215 AND
2 1 3221 7215 7216 AND
2 1 2988 7216 7228 AND
2 1 7222 7228 7229 AND
2 1 7227 7229 7230 AND
2 1 7216 7222 7223 AND
2 1 2988 7223 7224 AND
2 1 2760 7224 7236 AND
2 1 7230 7236 7237 AND
2 1 7235 7237 7238 AND
2 1 7224 7230 7231 AND
2 1 2760 7231 7232 AND
2 1 2543 7232 7247 AND
2 1 7238 7247 7248 AND
2 1 7246 7248 7249 AND
2 1 2760 7235 7239 AND
2 1 2760 7235 7240 AND
2 1 7231 7240 7241 AND
2 1 7239 7241 7242 AND
2 1 2543 7242 7243 AND
2 1 2337 7243 7255 AND
2 1 7249 7255 7256 AND
2 1 7254 7256 7257 AND
2 1 7243 7249 7250 AND
2 1 2337 7250 7251 AND
2 1 2136 7251 7263 AND
2 1 7257 7263 7264 AND
2 1 7262 7264 7265 AND
2 1 7251 7257 7258 AND
2 1 2136 7258 7259 AND
2 1 1946 7259 7274 AND
2 1 7265 7274 7275 AND
2 1 7273 7275 7276 AND
2 1 2136 7262 7266 AND
2 1 2136 7262 7267 AND
2 1 7258 7267 7268 AND
2 1 7266 7268 7269 AND
2 1 1946 7269 7270 AND
2 1 1767 7270 7282 AND
2 1 7276 7282 7283 AND
2 1 7281 7283 7284 AND
2 1 7270 7276 7277 AND
2 1 1767 7277 7278 AND
2 1 1593 7278 7290 AND
2 1 7284 7290 7291 AND
2 1 7289 7291 7292 AND
2 1 7278 7284 7285 AND
2 1 1593 7285 7286 AND
2 1 1430 7286 7301 AND
2 1 7292 7301 7302 AND
2 1 7300 7302 7303 AND
2 1 1593 7289 7293 AND
2 1 1593 7289 7294 AND
2 1 7285 7294 7295 AND
2 1 7293 7295 7296 AND
2 1 1430 7296 7297 AND
2 1 1278 7297 7309 AND
2 1 7303 7309 7310 AND
2 1 7308 7310 7311 AND
2 1 7297 7303 7304 AND
2 1 1278 7304 7305 AND
2 1 1131 7305 7317 AND
2 1 7311 7317 7318 AND
2 1 7316 7318 7319 AND
2 1 7305 7311 7312 AND
2 1 1131 7312 7313 AND
2 1 995 7313 7328 AND
2 1 7319 7328 7329 AND
2 1 1131 7316 7320 AND
2 1 1131 7316 7321 AND
2 1 7312 7321 7322 AND
2 1 7320 7322 7323 AND
2 1 995 7323 7324 AND
2 1 7053 7095 7422 AND
2 1 7058 7422 7423 AND
2 1 7423 7056 7424 XOR
2 1 133 7424 7428 AND
2 1 7026 7095 7395 AND
2 1 7031 7395 7396 AND
2 1 7396 7029 7397 XOR
2 1 232 7397 7401 AND
2 1 6999 7095 7368 AND
2 1 7004 7368 7369 AND
2 1 7369 7002 7370 XOR
2 1 450 7370 7374 AND
2 1 6972 7095 7341 AND
2 1 6977 7341 7342 AND
2 1 7342 6975 7343 XOR
2 1 750 7343 7347 AND
2 1 6953 7095 7325 AND
2 1 6958 7325 7326 AND
2 1 7326 6956 7327 XOR
2 1 7327 7329 7330 AND
2 1 7324 7330 7331 AND
2 1 870 7331 7332 AND
2 1 6961 7095 7333 AND
2 1 6966 7333 7334 AND
2 1 7334 6964 7335 XOR
2 1 870 7324 7336 AND
2 1 7330 7336 7337 AND
2 1 7335 7337 7338 AND
2 1 7332 7338 7339 AND
2 1 750 7343 7348 AND
2 1 7339 7348 7349 AND
2 1 7347 7349 7350 AND
2 1 641 7350 7351 AND
2 1 6980 7095 7352 AND
2 1 6985 7352 7353 AND
2 1 7353 6983 7354 XOR
2 1 750 7332 7344 AND
2 1 7338 7344 7345 AND
2 1 7343 7345 7346 AND
2 1 750 7339 7340 AND
2 1 641 7340 7355 AND
2 1 7346 7355 7356 AND
2 1 7354 7356 7357 AND
2 1 7351 7357 7358 AND
2 1 543 7358 7359 AND
2 1 6988 7095 7360 AND
2 1 6993 7360 7361 AND
2 1 7361 6991 7362 XOR
2 1 543 7351 7363 AND
2 1 7357 7363 7364 AND
2 1 7362 7364 7365 AND
2 1 7359 7365 7366 AND
2 1 450 7370 7375 AND
2 1 7366 7375 7376 AND
2 1 7374 7376 7377 AND
2 1 368 7377 7378 AND
2 1 7007 7095 7379 AND
2 1 7012 7379 7380 AND
2 1 7380 7010 7381 XOR
2 1 450 7359 7371 AND
2 1 7365 7371 7372 AND
2 1 7370 7372 7373 AND
2 1 450 7366 7367 AND
2 1 368 7367 7382 AND
2 1 7373 7382 7383 AND
2 1 7381 7383 7384 AND
2 1 7378 7384 7385 AND
2 1 297 7385 7386 AND
2 1 7015 7095 7387 AND
2 1 7020 7387 7388 AND
2 1 7388 7018 7389 XOR
2 1 297 7378 7390 AND
2 1 7384 7390 7391 AND
2 1 7389 7391 7392 AND
2 1 7386 7392 7393 AND
2 1 232 7397 7402 AND
2 1 7393 7402 7403 AND
2 1 7401 7403 7404 AND
2 1 183 7404 7405 AND
2 1 7034 7095 7406 AND
2 1 7039 7406 7407 AND
2 1 7407 7037 7408 XOR
2 1 232 7386 7398 AND
2 1 7392 7398 7399 AND
2 1 7397 7399 7400 AND
2 1 232 7393 7394 AND
2 1 183 7394 7409 AND
2 1 7400 7409 7410 AND
2 1 7408 7410 7411 AND
2 1 7405 7411 7412 AND
2 1 149 7412 7413 AND
2 1 7042 7095 7414 AND
2 1 7047 7414 7415 AND
2 1 7415 7045 7416 XOR
2 1 149 7405 7417 AND
2 1 7411 7417 7418 AND
2 1 7416 7418 7419 AND
2 1 7413 7419 7420 AND
2 1 133 7424 7429 AND
2 1 7420 7429 7430 AND
2 1 7428 7430 7431 AND
2 1 7064 7066 7432 AND
2 1 7061 7432 7433 AND
2 1 7095 7433 7434 AND
2 1 7061 7066 7435 AND
2 1 7095 7435 7436 AND
2 1 7064 7436 7437 AND
2 1 7434 7437 7438 AND
2 1 7068 7075 7439 AND
2 1 7095 7439 7440 AND
2 1 7083 7440 7441 AND
2 1 7438 7441 7442 AND
2 1 7431 7442 7443 AND
2 1 129 7443 7444 AND
2 1 133 7413 7425 AND
2 1 7419 7425 7426 AND
2 1 7424 7426 7427 AND
2 1 133 7420 7421 AND
2 1 7421 7438 7445 AND
2 1 7427 7445 7446 AND
2 1 7075 7095 7447 AND
2 1 7075 7068 7448 XOR
2 1 129 7448 7449 AND
2 1 7447 7449 7450 AND
2 1 7071 7092 7451 AND
2 1 7074 7451 7452 AND
2 1 7087 7452 7453 AND
2 1 7083 7453 7454 AND
2 1 7081 7454 7455 AND
2 1 7450 7455 7456 AND
2 1 7446 7456 7457 AND
2 1 7444 7457 7458 AND
2 1 7324 7458 7704 AND
2 1 7329 7704 7705 AND
2 1 7705 7327 7706 XOR
2 1 7313 7458 7696 AND
2 1 7318 7696 7697 AND
2 1 7697 7316 7698 XOR
2 1 7305 7458 7688 AND
2 1 7310 7688 7689 AND
2 1 7689 7308 7690 XOR
2 1 7297 7458 7677 AND
2 1 7302 7677 7678 AND
2 1 7678 7300 7679 XOR
2 1 7286 7458 7669 AND
2 1 7291 7669 7670 AND
2 1 7670 7289 7671 XOR
2 1 7278 7458 7661 AND
2 1 7283 7661 7662 AND
2 1 7662 7281 7663 XOR
2 1 7270 7458 7650 AND
2 1 7275 7650 7651 AND
2 1 7651 7273 7652 XOR
2 1 7259 7458 7642 AND
2 1 7264 7642 7643 AND
2 1 7643 7262 7644 XOR
2 1 7251 7458 7634 AND
2 1 7256 7634 7635 AND
2 1 7635 7254 7636 XOR
2 1 7243 7458 7623 AND
2 1 7248 7623 7624 AND
2 1 7624 7246 7625 XOR
2 1 7232 7458 7615 AND
2 1 7237 7615 7616 AND
2 1 7616 7235 7617 XOR
2 1 7224 7458 7607 AND
2 1 7229 7607 7608 AND
2 1 7608 7227 7609 XOR
2 1 7205 7458 7588 AND
2 1 7210 7588 7589 AND
2 1 7589 7208 7590 XOR
2 1 7197 7458 7580 AND
2 1 7202 7580 7581 AND
2 1 7581 7200 7582 XOR
2 1 7189 7458 7569 AND
2 1 7194 7569 7570 AND
2 1 7570 7192 7571 XOR
2 1 7178 7458 7561 AND
2 1 7183 7561 7562 AND
2 1 7562 7181 7563 XOR
2 1 7170 7458 7553 AND
2 1 7175 7553 7554 AND
2 1 7554 7173 7555 XOR
2 1 7162 7458 7542 AND
2 1 7167 7542 7543 AND
2 1 7543 7165 7544 XOR
2 1 7151 7458 7534 AND
2 1 7156 7534 7535 AND
2 1 7535 7154 7536 XOR
2 1 7143 7458 7526 AND
2 1 7148 7526 7527 AND
2 1 7527 7146 7528 XOR
2 1 7135 7458 7515 AND
2 1 7140 7515 7516 AND
2 1 7516 7138 7517 XOR
2 1 7124 7458 7507 AND
2 1 7129 7507 7508 AND
2 1 7508 7127 7509 XOR
2 1 7113 7115 7499 AND
2 1 7458 7499 7500 AND
2 1 7500 7121 7501 XOR
2 1 7102 7107 7488 AND
2 1 7458 7488 7489 AND
2 1 7489 7110 7490 XOR
2 1 50 7458 7459 AND
2 1 48 49 7460 AND
2 1 50 7460 7461 AND
2 1 7092 7461 7466 AND
2 1 7087 7466 7467 AND
2 1 7083 7467 7468 AND
2 1 7081 7468 7469 AND
2 1 7459 7469 7470 AND
2 1 50 7458 7472 AND
2 1 7472 51 7473 XOR
2 1 7470 7473 7474 AND
2 1 50 7458 7462 AND
2 1 50 7460 7463 AND
2 1 7095 7463 7464 AND
2 1 7462 7464 7465 AND
2 1 6743 7465 7477 AND
2 1 7474 7477 7478 AND
2 1 7097 7458 7471 AND
2 1 7095 7455 7479 AND
2 1 7450 7479 7480 AND
2 1 7446 7480 7481 AND
2 1 7444 7481 7482 AND
2 1 7471 7482 7483 AND
2 1 7483 52 7484 XOR
2 1 7478 7484 7485 AND
2 1 7465 7474 7475 AND
2 1 6743 7475 7476 AND
2 1 6402 7476 7491 AND
2 1 7485 7491 7492 AND
2 1 7490 7492 7493 AND
2 1 7476 7485 7486 AND
2 1 6402 7486 7487 AND
2 1 6066 7487 7502 AND
2 1 7493 7502 7503 AND
2 1 7501 7503 7504 AND
2 1 6402 7490 7494 AND
2 1 6402 7490 7495 AND
2 1 7486 7495 7496 AND
2 1 7494 7496 7497 AND
2 1 6066 7497 7498 AND
2 1 5741 7498 7510 AND
2 1 7504 7510 7511 AND
2 1 7509 7511 7512 AND
2 1 7498 7504 7505 AND
2 1 5741 7505 7506 AND
2 1 5427 7506 7518 AND
2 1 7512 7518 7519 AND
2 1 7517 7519 7520 AND
2 1 7506 7512 7513 AND
2 1 5427 7513 7514 AND
2 1 5118 7514 7529 AND
2 1 7520 7529 7530 AND
2 1 7528 7530 7531 AND
2 1 5427 7517 7521 AND
2 1 5427 7517 7522 AND
2 1 7513 7522 7523 AND
2 1 7521 7523 7524 AND
2 1 5118 7524 7525 AND
2 1 4820 7525 7537 AND
2 1 7531 7537 7538 AND
2 1 7536 7538 7539 AND
2 1 7525 7531 7532 AND
2 1 4820 7532 7533 AND
2 1 4533 7533 7545 AND
2 1 7539 7545 7546 AND
2 1 7544 7546 7547 AND
2 1 7533 7539 7540 AND
2 1 4533 7540 7541 AND
2 1 4251 7541 7556 AND
2 1 7547 7556 7557 AND
2 1 7555 7557 7558 AND
2 1 4533 7544 7548 AND
2 1 4533 7544 7549 AND
2 1 7540 7549 7550 AND
2 1 7548 7550 7551 AND
2 1 4251 7551 7552 AND
2 1 3980 7552 7564 AND
2 1 7558 7564 7565 AND
2 1 7563 7565 7566 AND
2 1 7552 7558 7559 AND
2 1 3980 7559 7560 AND
2 1 3720 7560 7572 AND
2 1 7566 7572 7573 AND
2 1 7571 7573 7574 AND
2 1 7560 7566 7567 AND
2 1 3720 7567 7568 AND
2 1 3465 7568 7583 AND
2 1 7574 7583 7584 AND
2 1 7582 7584 7585 AND
2 1 3720 7571 7575 AND
2 1 3720 7571 7576 AND
2 1 7567 7576 7577 AND
2 1 7575 7577 7578 AND
2 1 3465 7578 7579 AND
2 1 3221 7579 7591 AND
2 1 7585 7591 7592 AND
2 1 7590 7592 7593 AND
2 1 7579 7585 7586 AND
2 1 3221 7586 7587 AND
2 1 2988 7587 7596 AND
2 1 7593 7596 7597 AND
2 1 7216 7218 7598 AND
2 1 7458 7598 7599 AND
2 1 7599 7221 7600 XOR
2 1 7597 7600 7601 AND
2 1 7587 7593 7594 AND
2 1 2988 7594 7595 AND
2 1 2760 7595 7610 AND
2 1 7601 7610 7611 AND
2 1 7609 7611 7612 AND
2 1 2988 7600 7602 AND
2 1 2988 7600 7603 AND
2 1 7594 7603 7604 AND
2 1 7602 7604 7605 AND
2 1 2760 7605 7606 AND
2 1 2543 7606 7618 AND
2 1 7612 7618 7619 AND
2 1 7617 7619 7620 AND
2 1 7606 7612 7613 AND
2 1 2543 7613 7614 AND
2 1 2337 7614 7626 AND
2 1 7620 7626 7627 AND
2 1 7625 7627 7628 AND
2 1 7614 7620 7621 AND
2 1 2337 7621 7622 AND
2 1 2136 7622 7637 AND
2 1 7628 7637 7638 AND
2 1 7636 7638 7639 AND
2 1 2337 7625 7629 AND
2 1 2337 7625 7630 AND
2 1 7621 7630 7631 AND
2 1 7629 7631 7632 AND
2 1 2136 7632 7633 AND
2 1 1946 7633 7645 AND
2 1 7639 7645 7646 AND
2 1 7644 7646 7647 AND
2 1 7633 7639 7640 AND
2 1 1946 7640 7641 AND
2 1 1767 7641 7653 AND
2 1 7647 7653 7654 AND
2 1 7652 7654 7655 AND
2 1 7641 7647 7648 AND
2 1 1767 7648 7649 AND
2 1 1593 7649 7664 AND
2 1 7655 7664 7665 AND
2 1 7663 7665 7666 AND
2 1 1767 7652 7656 AND
2 1 1767 7652 7657 AND
2 1 7648 7657 7658 AND
2 1 7656 7658 7659 AND
2 1 1593 7659 7660 AND
2 1 1430 7660 7672 AND
2 1 7666 7672 7673 AND
2 1 7671 7673 7674 AND
2 1 7660 7666 7667 AND
2 1 1430 7667 7668 AND
2 1 1278 7668 7680 AND
2 1 7674 7680 7681 AND
2 1 7679 7681 7682 AND
2 1 7668 7674 7675 AND
2 1 1278 7675 7676 AND
2 1 1131 7676 7691 AND
2 1 7682 7691 7692 AND
2 1 7690 7692 7693 AND
2 1 1278 7679 7683 AND
2 1 1278 7679 7684 AND
2 1 7675 7684 7685 AND
2 1 7683 7685 7686 AND
2 1 1131 7686 7687 AND
2 1 995 7687 7699 AND
2 1 7693 7699 7700 AND
2 1 7698 7700 7701 AND
2 1 7687 7693 7694 AND
2 1 995 7694 7695 AND
2 1 870 7695 7707 AND
2 1 7701 7707 7708 AND
2 1 7706 7708 7709 AND
2 1 7695 7701 7702 AND
2 1 870 7702 7703 AND
2 1 750 7703 7718 AND
2 1 7709 7718 7719 AND
2 1 870 7706 7710 AND
2 1 870 7706 7711 AND
2 1 7702 7711 7712 AND
2 1 7710 7712 7713 AND
2 1 750 7713 7714 AND
2 1 7378 7458 7758 AND
2 1 7383 7758 7759 AND
2 1 7759 7381 7760 XOR
2 1 297 7760 7764 AND
2 1 7351 7458 7731 AND
2 1 7356 7731 7732 AND
2 1 7732 7354 7733 XOR
2 1 543 7733 7737 AND
2 1 7332 7458 7715 AND
2 1 7337 7715 7716 AND
2 1 7716 7335 7717 XOR
2 1 7717 7719 7720 AND
2 1 7714 7720 7721 AND
2 1 641 7721 7722 AND
2 1 7340 7458 7723 AND
2 1 7345 7723 7724 AND
2 1 7724 7343 7725 XOR
2 1 641 7714 7726 AND
2 1 7720 7726 7727 AND
2 1 7725 7727 7728 AND
2 1 7722 7728 7729 AND
2 1 543 7733 7738 AND
2 1 7729 7738 7739 AND
2 1 7737 7739 7740 AND
2 1 450 7740 7741 AND
2 1 7359 7458 7742 AND
2 1 7364 7742 7743 AND
2 1 7743 7362 7744 XOR
2 1 543 7722 7734 AND
2 1 7728 7734 7735 AND
2 1 7733 7735 7736 AND
2 1 543 7729 7730 AND
2 1 450 7730 7745 AND
2 1 7736 7745 7746 AND
2 1 7744 7746 7747 AND
2 1 7741 7747 7748 AND
2 1 368 7748 7749 AND
2 1 7367 7458 7750 AND
2 1 7372 7750 7751 AND
2 1 7751 7370 7752 XOR
2 1 368 7741 7753 AND
2 1 7747 7753 7754 AND
2 1 7752 7754 7755 AND
2 1 7749 7755 7756 AND
2 1 297 7760 7765 AND
2 1 7756 7765 7766 AND
2 1 7764 7766 7767 AND
2 1 232 7767 7768 AND
2 1 7386 7458 7769 AND
2 1 7391 7769 7770 AND
2 1 7770 7389 7771 XOR
2 1 297 7749 7761 AND
2 1 7755 7761 7762 AND
2 1 7760 7762 7763 AND
2 1 297 7756 7757 AND
2 1 232 7757 7772 AND
2 1 7763 7772 7773 AND
2 1 7771 7773 7774 AND
2 1 7768 7774 7775 AND
2 1 183 7775 7776 AND
2 1 7394 7458 7777 AND
2 1 7399 7777 7778 AND
2 1 7778 7397 7779 XOR
2 1 183 7768 7780 AND
2 1 7774 7780 7781 AND
2 1 7779 7781 7782 AND
2 1 7776 7782 7783 AND
2 1 149 7783 7784 AND
2 1 7405 7458 7785 AND
2 1 7410 7785 7786 AND
2 1 7786 7408 7787 XOR
2 1 149 7776 7788 AND
2 1 7782 7788 7789 AND
2 1 7787 7789 7790 AND
2 1 7784 7790 7791 AND
2 1 133 7791 7792 AND
2 1 7413 7458 7793 AND
2 1 7418 7793 7794 AND
2 1 7794 7416 7795 XOR
2 1 133 7784 7796 AND
2 1 7790 7796 7797 AND
2 1 7795 7797 7798 AND
2 1 7792 7798 7799 AND
2 1 7424 7426 7800 AND
2 1 7421 7800 7801 AND
2 1 7458 7801 7802 AND
2 1 7421 7426 7803 AND
2 1 7458 7803 7804 AND
2 1 7424 7804 7805 AND
2 1 7802 7805 7806 AND
2 1 7431 7438 7807 AND
2 1 7458 7807 7808 AND
2 1 7446 7808 7809 AND
2 1 7806 7809 7810 AND
2 1 7799 7810 7811 AND
2 1 129 7811 7812 AND
2 1 7792 7806 7813 AND
2 1 7798 7813 7814 AND
2 1 7438 7458 7815 AND
2 1 7438 7431 7816 XOR
2 1 129 7816 7817 AND
2 1 7815 7817 7818 AND
2 1 7434 7455 7819 AND
2 1 7437 7819 7820 AND
2 1 7450 7820 7821 AND
2 1 7446 7821 7822 AND
2 1 7444 7822 7823 AND
2 1 7818 7823 7824 AND
2 1 7814 7824 7825 AND
2 1 7812 7825 7826 AND
2 1 7714 7826 8099 AND
2 1 7719 8099 8100 AND
2 1 8100 7717 8101 XOR
2 1 7703 7826 8091 AND
2 1 7708 8091 8092 AND
2 1 8092 7706 8093 XOR
2 1 7695 7826 8083 AND
2 1 7700 8083 8084 AND
2 1 8084 7698 8085 XOR
2 1 7687 7826 8072 AND
2 1 7692 8072 8073 AND
2 1 8073 7690 8074 XOR
2 1 7676 7826 8064 AND
2 1 7681 8064 8065 AND
2 1 8065 7679 8066 XOR
2 1 7668 7826 8056 AND
2 1 7673 8056 8057 AND
2 1 8057 7671 8058 XOR
2 1 7660 7826 8045 AND
2 1 7665 8045 8046 AND
2 1 8046 7663 8047 XOR
2 1 7649 7826 8037 AND
2 1 7654 8037 8038 AND
2 1 8038 7652 8039 XOR
2 1 7641 7826 8029 AND
2 1 7646 8029 8030 AND
2 1 8030 7644 8031 XOR
2 1 7633 7826 8018 AND
2 1 7638 8018 8019 AND
2 1 8019 7636 8020 XOR
2 1 7622 7826 8010 AND
2 1 7627 8010 8011 AND
2 1 8011 7625 8012 XOR
2 1 7614 7826 8002 AND
2 1 7619 8002 8003 AND
2 1 8003 7617 8004 XOR
2 1 7606 7826 7991 AND
2 1 7611 7991 7992 AND
2 1 7992 7609 7993 XOR
2 1 7587 7826 7975 AND
2 1 7592 7975 7976 AND
2 1 7976 7590 7977 XOR
2 1 7579 7826 7964 AND
2 1 7584 7964 7965 AND
2 1 7965 7582 7966 XOR
2 1 7568 7826 7956 AND
2 1 7573 7956 7957 AND
2 1 7957 7571 7958 XOR
2 1 7560 7826 7948 AND
2 1 7565 7948 7949 AND
2 1 7949 7563 7950 XOR
2 1 7552 7826 7937 AND
2 1 7557 7937 7938 AND
2 1 7938 7555 7939 XOR
2 1 7541 7826 7929 AND
2 1 7546 7929 7930 AND
2 1 7930 7544 7931 XOR
2 1 7533 7826 7921 AND
2 1 7538 7921 7922 AND
2 1 7922 7536 7923 XOR
2 1 7525 7826 7910 AND
2 1 7530 7910 7911 AND
2 1 7911 7528 7912 XOR
2 1 7514 7826 7902 AND
2 1 7519 7902 7903 AND
2 1 7903 7517 7904 XOR
2 1 7506 7826 7894 AND
2 1 7511 7894 7895 AND
2 1 7895 7509 7896 XOR
2 1 7498 7826 7883 AND
2 1 7503 7883 7884 AND
2 1 7884 7501 7885 XOR
2 1 7487 7826 7875 AND
2 1 7492 7875 7876 AND
2 1 7876 7490 7877 XOR
2 1 7476 7478 7867 AND
2 1 7826 7867 7868 AND
2 1 7868 7484 7869 XOR
2 1 7465 7470 7856 AND
2 1 7826 7856 7857 AND
2 1 7857 7473 7858 XOR
2 1 48 7826 7827 AND
2 1 46 47 7828 AND
2 1 48 7828 7829 AND
2 1 7455 7829 7834 AND
2 1 7450 7834 7835 AND
2 1 7446 7835 7836 AND
2 1 7444 7836 7837 AND
2 1 7827 7837 7838 AND
2 1 48 7826 7840 AND
2 1 7840 49 7841 XOR
2 1 7838 7841 7842 AND
2 1 48 7826 7830 AND
2 1 48 7828 7831 AND
2 1 7458 7831 7832 AND
2 1 7830 7832 7833 AND
2 1 7095 7833 7845 AND
2 1 7842 7845 7846 AND
2 1 7460 7826 7839 AND
2 1 7458 7823 7847 AND
2 1 7818 7847 7848 AND
2 1 7814 7848 7849 AND
2 1 7812 7849 7850 AND
2 1 7839 7850 7851 AND
2 1 7851 50 7852 XOR
2 1 7846 7852 7853 AND
2 1 7833 7842 7843 AND
2 1 7095 7843 7844 AND
2 1 6743 7844 7859 AND
2 1 7853 7859 7860 AND
2 1 7858 7860 7861 AND
2 1 7844 7853 7854 AND
2 1 6743 7854 7855 AND
2 1 6402 7855 7870 AND
2 1 7861 7870 7871 AND
2 1 7869 7871 7872 AND
2 1 6743 7858 7862 AND
2 1 6743 7858 7863 AND
2 1 7854 7863 7864 AND
2 1 7862 7864 7865 AND
2 1 6402 7865 7866 AND
2 1 6066 7866 7878 AND
2 1 7872 7878 7879 AND
2 1 7877 7879 7880 AND
2 1 7866 7872 7873 AND
2 1 6066 7873 7874 AND
2 1 5741 7874 7886 AND
2 1 7880 7886 7887 AND
2 1 7885 7887 7888 AND
2 1 7874 7880 7881 AND
2 1 5741 7881 7882 AND
2 1 5427 7882 7897 AND
2 1 7888 7897 7898 AND
2 1 7896 7898 7899 AND
2 1 5741 7885 7889 AND
2 1 5741 7885 7890 AND
2 1 7881 7890 7891 AND
2 1 7889 7891 7892 AND
2 1 5427 7892 7893 AND
2 1 5118 7893 7905 AND
2 1 7899 7905 7906 AND
2 1 7904 7906 7907 AND
2 1 7893 7899 7900 AND
2 1 5118 7900 7901 AND
2 1 4820 7901 7913 AND
2 1 7907 7913 7914 AND
2 1 7912 7914 7915 AND
2 1 7901 7907 7908 AND
2 1 4820 7908 7909 AND
2 1 4533 7909 7924 AND
2 1 7915 7924 7925 AND
2 1 7923 7925 7926 AND
2 1 4820 7912 7916 AND
2 1 4820 7912 7917 AND
2 1 7908 7917 7918 AND
2 1 7916 7918 7919 AND
2 1 4533 7919 7920 AND
2 1 4251 7920 7932 AND
2 1 7926 7932 7933 AND
2 1 7931 7933 7934 AND
2 1 7920 7926 7927 AND
2 1 4251 7927 7928 AND
2 1 3980 7928 7940 AND
2 1 7934 7940 7941 AND
2 1 7939 7941 7942 AND
2 1 7928 7934 7935 AND
2 1 3980 7935 7936 AND
2 1 3720 7936 7951 AND
2 1 7942 7951 7952 AND
2 1 7950 7952 7953 AND
2 1 3980 7939 7943 AND
2 1 3980 7939 7944 AND
2 1 7935 7944 7945 AND
2 1 7943 7945 7946 AND
2 1 3720 7946 7947 AND
2 1 3465 7947 7959 AND
2 1 7953 7959 7960 AND
2 1 7958 7960 7961 AND
2 1 7947 7953 7954 AND
2 1 3465 7954 7955 AND
2 1 3221 7955 7967 AND
2 1 7961 7967 7968 AND
2 1 7966 7968 7969 AND
2 1 7955 7961 7962 AND
2 1 3221 7962 7963 AND
2 1 2988 7963 7978 AND
2 1 7969 7978 7979 AND
2 1 7977 7979 7980 AND
2 1 3221 7966 7970 AND
2 1 3221 7966 7971 AND
2 1 7962 7971 7972 AND
2 1 7970 7972 7973 AND
2 1 2988 7973 7974 AND
2 1 2760 7974 7983 AND
2 1 7980 7983 7984 AND
2 1 7595 7597 7985 AND
2 1 7826 7985 7986 AND
2 1 7986 7600 7987 XOR
2 1 7984 7987 7988 AND
2 1 7974 7980 7981 AND
2 1 2760 7981 7982 AND
2 1 2543 7982 7994 AND
2 1 7988 7994 7995 AND
2 1 7993 7995 7996 AND
2 1 7982 7988 7989 AND
2 1 2543 7989 7990 AND
2 1 2337 7990 8005 AND
2 1 7996 8005 8006 AND
2 1 8004 8006 8007 AND
2 1 2543 7993 7997 AND
2 1 2543 7993 7998 AND
2 1 7989 7998 7999 AND
2 1 7997 7999 8000 AND
2 1 2337 8000 8001 AND
2 1 2136 8001 8013 AND
2 1 8007 8013 8014 AND
2 1 8012 8014 8015 AND
2 1 8001 8007 8008 AND
2 1 2136 8008 8009 AND
2 1 1946 8009 8021 AND
2 1 8015 8021 8022 AND
2 1 8020 8022 8023 AND
2 1 8009 8015 8016 AND
2 1 1946 8016 8017 AND
2 1 1767 8017 8032 AND
2 1 8023 8032 8033 AND
2 1 8031 8033 8034 AND
2 1 1946 8020 8024 AND
2 1 1946 8020 8025 AND
2 1 8016 8025 8026 AND
2 1 8024 8026 8027 AND
2 1 1767 8027 8028 AND
2 1 1593 8028 8040 AND
2 1 8034 8040 8041 AND
2 1 8039 8041 8042 AND
2 1 8028 8034 8035 AND
2 1 1593 8035 8036 AND
2 1 1430 8036 8048 AND
2 1 8042 8048 8049 AND
2 1 8047 8049 8050 AND
2 1 8036 8042 8043 AND
2 1 1430 8043 8044 AND
2 1 1278 8044 8059 AND
2 1 8050 8059 8060 AND
2 1 8058 8060 8061 AND
2 1 1430 8047 8051 AND
2 1 1430 8047 8052 AND
2 1 8043 8052 8053 AND
2 1 8051 8053 8054 AND
2 1 1278 8054 8055 AND
2 1 1131 8055 8067 AND
2 1 8061 8067 8068 AND
2 1 8066 8068 8069 AND
2 1 8055 8061 8062 AND
2 1 1131 8062 8063 AND
2 1 995 8063 8075 AND
2 1 8069 8075 8076 AND
2 1 8074 8076 8077 AND
2 1 8063 8069 8070 AND
2 1 995 8070 8071 AND
2 1 870 8071 8086 AND
2 1 8077 8086 8087 AND
2 1 8085 8087 8088 AND
2 1 995 8074 8078 AND
2 1 995 8074 8079 AND
2 1 8070 8079 8080 AND
2 1 8078 8080 8081 AND
2 1 870 8081 8082 AND
2 1 750 8082 8094 AND
2 1 8088 8094 8095 AND
2 1 8093 8095 8096 AND
2 1 8082 8088 8089 AND
2 1 750 8089 8090 AND
2 1 641 8090 8102 AND
2 1 8096 8102 8103 AND
2 1 8101 8103 8104 AND
2 1 8090 8096 8097 AND
2 1 641 8097 8098 AND
2 1 543 8098 8113 AND
2 1 8104 8113 8114 AND
2 1 641 8101 8105 AND
2 1 641 8101 8106 AND
2 1 8097 8106 8107 AND
2 1 8105 8107 8108 AND
2 1 543 8108 8109 AND
2 1 7768 7826 8153 AND
2 1 7773 8153 8154 AND
2 1 8154 7771 8155 XOR
2 1 183 8155 8159 AND
2 1 7741 7826 8126 AND
2 1 7746 8126 8127 AND
2 1 8127 7744 8128 XOR
2 1 368 8128 8132 AND
2 1 7722 7826 8110 AND
2 1 7727 8110 8111 AND
2 1 8111 7725 8112 XOR
2 1 8112 8114 8115 AND
2 1 8109 8115 8116 AND
2 1 450 8116 8117 AND
2 1 7730 7826 8118 AND
2 1 7735 8118 8119 AND
2 1 8119 7733 8120 XOR
2 1 450 8109 8121 AND
2 1 8115 8121 8122 AND
2 1 8120 8122 8123 AND
2 1 8117 8123 8124 AND
2 1 368 8128 8133 AND
2 1 8124 8133 8134 AND
2 1 8132 8134 8135 AND
2 1 297 8135 8136 AND
2 1 7749 7826 8137 AND
2 1 7754 8137 8138 AND
2 1 8138 7752 8139 XOR
2 1 368 8117 8129 AND
2 1 8123 8129 8130 AND
2 1 8128 8130 8131 AND
2 1 368 8124 8125 AND
2 1 297 8125 8140 AND
2 1 8131 8140 8141 AND
2 1 8139 8141 8142 AND
2 1 8136 8142 8143 AND
2 1 232 8143 8144 AND
2 1 7757 7826 8145 AND
2 1 7762 8145 8146 AND
2 1 8146 7760 8147 XOR
2 1 232 8136 8148 AND
2 1 8142 8148 8149 AND
2 1 8147 8149 8150 AND
2 1 8144 8150 8151 AND
2 1 183 8155 8160 AND
2 1 8151 8160 8161 AND
2 1 8159 8161 8162 AND
2 1 149 8162 8163 AND
2 1 7776 7826 8164 AND
2 1 7781 8164 8165 AND
2 1 8165 7779 8166 XOR
2 1 183 8144 8156 AND
2 1 8150 8156 8157 AND
2 1 8155 8157 8158 AND
2 1 183 8151 8152 AND
2 1 149 8152 8167 AND
2 1 8158 8167 8168 AND
2 1 8166 8168 8169 AND
2 1 8163 8169 8170 AND
2 1 133 8170 8171 AND
2 1 7784 7826 8172 AND
2 1 7789 8172 8173 AND
2 1 8173 7787 8174 XOR
2 1 133 8163 8175 AND
2 1 8169 8175 8176 AND
2 1 8174 8176 8177 AND
2 1 8171 8177 8178 AND
2 1 7795 7797 8179 AND
2 1 7792 8179 8180 AND
2 1 7826 8180 8181 AND
2 1 7792 7797 8182 AND
2 1 7826 8182 8183 AND
2 1 7795 8183 8184 AND
2 1 8181 8184 8185 AND
2 1 7799 7806 8186 AND
2 1 7826 8186 8187 AND
2 1 7814 8187 8188 AND
2 1 8185 8188 8189 AND
2 1 8178 8189 8190 AND
2 1 129 8190 8191 AND
2 1 8171 8185 8192 AND
2 1 8177 8192 8193 AND
2 1 7806 7826 8194 AND
2 1 7806 7799 8195 XOR
2 1 129 8195 8196 AND
2 1 8194 8196 8197 AND
2 1 7802 7823 8198 AND
2 1 7805 8198 8199 AND
2 1 7818 8199 8200 AND
2 1 7814 8200 8201 AND
2 1 7812 8201 8202 AND
2 1 8197 8202 8203 AND
2 1 8193 8203 8204 AND
2 1 8191 8204 8205 AND
2 1 8109 8205 8505 AND
2 1 8114 8505 8506 AND
2 1 8506 8112 8507 XOR
2 1 8098 8205 8497 AND
2 1 8103 8497 8498 AND
2 1 8498 8101 8499 XOR
2 1 8090 8205 8489 AND
2 1 8095 8489 8490 AND
2 1 8490 8093 8491 XOR
2 1 8082 8205 8478 AND
2 1 8087 8478 8479 AND
2 1 8479 8085 8480 XOR
2 1 8071 8205 8470 AND
2 1 8076 8470 8471 AND
2 1 8471 8074 8472 XOR
2 1 8063 8205 8462 AND
2 1 8068 8462 8463 AND
2 1 8463 8066 8464 XOR
2 1 8055 8205 8451 AND
2 1 8060 8451 8452 AND
2 1 8452 8058 8453 XOR
2 1 8044 8205 8443 AND
2 1 8049 8443 8444 AND
2 1 8444 8047 8445 XOR
2 1 8036 8205 8435 AND
2 1 8041 8435 8436 AND
2 1 8436 8039 8437 XOR
2 1 8028 8205 8424 AND
2 1 8033 8424 8425 AND
2 1 8425 8031 8426 XOR
2 1 8017 8205 8416 AND
2 1 8022 8416 8417 AND
2 1 8417 8020 8418 XOR
2 1 8009 8205 8408 AND
2 1 8014 8408 8409 AND
2 1 8409 8012 8410 XOR
2 1 8001 8205 8397 AND
2 1 8006 8397 8398 AND
2 1 8398 8004 8399 XOR
2 1 7990 8205 8389 AND
2 1 7995 8389 8390 AND
2 1 8390 7993 8391 XOR
2 1 7974 8205 8370 AND
2 1 7979 8370 8371 AND
2 1 8371 7977 8372 XOR
2 1 7963 8205 8362 AND
2 1 7968 8362 8363 AND
2 1 8363 7966 8364 XOR
2 1 7955 8205 8354 AND
2 1 7960 8354 8355 AND
2 1 8355 7958 8356 XOR
2 1 7947 8205 8343 AND
2 1 7952 8343 8344 AND
2 1 8344 7950 8345 XOR
2 1 7936 8205 8335 AND
2 1 7941 8335 8336 AND
2 1 8336 7939 8337 XOR
2 1 7928 8205 8327 AND
2 1 7933 8327 8328 AND
2 1 8328 7931 8329 XOR
2 1 7920 8205 8316 AND
2 1 7925 8316 8317 AND
2 1 8317 7923 8318 XOR
2 1 7909 8205 8308 AND
2 1 7914 8308 8309 AND
2 1 8309 7912 8310 XOR
2 1 7901 8205 8300 AND
2 1 7906 8300 8301 AND
2 1 8301 7904 8302 XOR
2 1 7893 8205 8289 AND
2 1 7898 8289 8290 AND
2 1 8290 7896 8291 XOR
2 1 7882 8205 8281 AND
2 1 7887 8281 8282 AND
2 1 8282 7885 8283 XOR
2 1 7874 8205 8273 AND
2 1 7879 8273 8274 AND
2 1 8274 7877 8275 XOR
2 1 7866 8205 8262 AND
2 1 7871 8262 8263 AND
2 1 8263 7869 8264 XOR
2 1 7855 8205 8254 AND
2 1 7860 8254 8255 AND
2 1 8255 7858 8256 XOR
2 1 7844 7846 8246 AND
2 1 8205 8246 8247 AND
2 1 8247 7852 8248 XOR
2 1 7833 7838 8235 AND
2 1 8205 8235 8236 AND
2 1 8236 7841 8237 XOR
2 1 46 8205 8206 AND
2 1 44 45 8207 AND
2 1 46 8207 8208 AND
2 1 7823 8208 8213 AND
2 1 7818 8213 8214 AND
2 1 7814 8214 8215 AND
2 1 7812 8215 8216 AND
2 1 8206 8216 8217 AND
2 1 46 8205 8219 AND
2 1 8219 47 8220 XOR
2 1 8217 8220 8221 AND
2 1 46 8205 8209 AND
2 1 46 8207 8210 AND
2 1 7826 8210 8211 AND
2 1 8209 8211 8212 AND
2 1 7458 8212 8224 AND
2 1 8221 8224 8225 AND
2 1 7828 8205 8218 AND
2 1 7826 8202 8226 AND
2 1 8197 8226 8227 AND
2 1 8193 8227 8228 AND
2 1 8191 8228 8229 AND
2 1 8218 8229 8230 AND
2 1 8230 48 8231 XOR
2 1 8225 8231 8232 AND
2 1 8212 8221 8222 AND
2 1 7458 8222 8223 AND
2 1 7095 8223 8238 AND
2 1 8232 8238 8239 AND
2 1 8237 8239 8240 AND
2 1 8223 8232 8233 AND
2 1 7095 8233 8234 AND
2 1 6743 8234 8249 AND
2 1 8240 8249 8250 AND
2 1 8248 8250 8251 AND
2 1 7095 8237 8241 AND
2 1 7095 8237 8242 AND
2 1 8233 8242 8243 AND
2 1 8241 8243 8244 AND
2 1 6743 8244 8245 AND
2 1 6402 8245 8257 AND
2 1 8251 8257 8258 AND
2 1 8256 8258 8259 AND
2 1 8245 8251 8252 AND
2 1 6402 8252 8253 AND
2 1 6066 8253 8265 AND
2 1 8259 8265 8266 AND
2 1 8264 8266 8267 AND
2 1 8253 8259 8260 AND
2 1 6066 8260 8261 AND
2 1 5741 8261 8276 AND
2 1 8267 8276 8277 AND
2 1 8275 8277 8278 AND
2 1 6066 8264 8268 AND
2 1 6066 8264 8269 AND
2 1 8260 8269 8270 AND
2 1 8268 8270 8271 AND
2 1 5741 8271 8272 AND
2 1 5427 8272 8284 AND
2 1 8278 8284 8285 AND
2 1 8283 8285 8286 AND
2 1 8272 8278 8279 AND
2 1 5427 8279 8280 AND
2 1 5118 8280 8292 AND
2 1 8286 8292 8293 AND
2 1 8291 8293 8294 AND
2 1 8280 8286 8287 AND
2 1 5118 8287 8288 AND
2 1 4820 8288 8303 AND
2 1 8294 8303 8304 AND
2 1 8302 8304 8305 AND
2 1 5118 8291 8295 AND
2 1 5118 8291 8296 AND
2 1 8287 8296 8297 AND
2 1 8295 8297 8298 AND
2 1 4820 8298 8299 AND
2 1 4533 8299 8311 AND
2 1 8305 8311 8312 AND
2 1 8310 8312 8313 AND
2 1 8299 8305 8306 AND
2 1 4533 8306 8307 AND
2 1 4251 8307 8319 AND
2 1 8313 8319 8320 AND
2 1 8318 8320 8321 AND
2 1 8307 8313 8314 AND
2 1 4251 8314 8315 AND
2 1 3980 8315 8330 AND
2 1 8321 8330 8331 AND
2 1 8329 8331 8332 AND
2 1 4251 8318 8322 AND
2 1 4251 8318 8323 AND
2 1 8314 8323 8324 AND
2 1 8322 8324 8325 AND
2 1 3980 8325 8326 AND
2 1 3720 8326 8338 AND
2 1 8332 8338 8339 AND
2 1 8337 8339 8340 AND
2 1 8326 8332 8333 AND
2 1 3720 8333 8334 AND
2 1 3465 8334 8346 AND
2 1 8340 8346 8347 AND
2 1 8345 8347 8348 AND
2 1 8334 8340 8341 AND
2 1 3465 8341 8342 AND
2 1 3221 8342 8357 AND
2 1 8348 8357 8358 AND
2 1 8356 8358 8359 AND
2 1 3465 8345 8349 AND
2 1 3465 8345 8350 AND
2 1 8341 8350 8351 AND
2 1 8349 8351 8352 AND
2 1 3221 8352 8353 AND
2 1 2988 8353 8365 AND
2 1 8359 8365 8366 AND
2 1 8364 8366 8367 AND
2 1 8353 8359 8360 AND
2 1 2988 8360 8361 AND
2 1 2760 8361 8373 AND
2 1 8367 8373 8374 AND
2 1 8372 8374 8375 AND
2 1 8361 8367 8368 AND
2 1 2760 8368 8369 AND
2 1 2543 8369 8381 AND
2 1 8375 8381 8382 AND
2 1 7982 7984 8383 AND
2 1 8205 8383 8384 AND
2 1 8384 7987 8385 XOR
2 1 8382 8385 8386 AND
2 1 2760 8372 8376 AND
2 1 2760 8372 8377 AND
2 1 8368 8377 8378 AND
2 1 8376 8378 8379 AND
2 1 2543 8379 8380 AND
2 1 2337 8380 8392 AND
2 1 8386 8392 8393 AND
2 1 8391 8393 8394 AND
2 1 8380 8386 8387 AND
2 1 2337 8387 8388 AND
2 1 2136 8388 8400 AND
2 1 8394 8400 8401 AND
2 1 8399 8401 8402 AND
2 1 8388 8394 8395 AND
2 1 2136 8395 8396 AND
2 1 1946 8396 8411 AND
2 1 8402 8411 8412 AND
2 1 8410 8412 8413 AND
2 1 2136 8399 8403 AND
2 1 2136 8399 8404 AND
2 1 8395 8404 8405 AND
2 1 8403 8405 8406 AND
2 1 1946 8406 8407 AND
2 1 1767 8407 8419 AND
2 1 8413 8419 8420 AND
2 1 8418 8420 8421 AND
2 1 8407 8413 8414 AND
2 1 1767 8414 8415 AND
2 1 1593 8415 8427 AND
2 1 8421 8427 8428 AND
2 1 8426 8428 8429 AND
2 1 8415 8421 8422 AND
2 1 1593 8422 8423 AND
2 1 1430 8423 8438 AND
2 1 8429 8438 8439 AND
2 1 8437 8439 8440 AND
2 1 1593 8426 8430 AND
2 1 1593 8426 8431 AND
2 1 8422 8431 8432 AND
2 1 8430 8432 8433 AND
2 1 1430 8433 8434 AND
2 1 1278 8434 8446 AND
2 1 8440 8446 8447 AND
2 1 8445 8447 8448 AND
2 1 8434 8440 8441 AND
2 1 1278 8441 8442 AND
2 1 1131 8442 8454 AND
2 1 8448 8454 8455 AND
2 1 8453 8455 8456 AND
2 1 8442 8448 8449 AND
2 1 1131 8449 8450 AND
2 1 995 8450 8465 AND
2 1 8456 8465 8466 AND
2 1 8464 8466 8467 AND
2 1 1131 8453 8457 AND
2 1 1131 8453 8458 AND
2 1 8449 8458 8459 AND
2 1 8457 8459 8460 AND
2 1 995 8460 8461 AND
2 1 870 8461 8473 AND
2 1 8467 8473 8474 AND
2 1 8472 8474 8475 AND
2 1 8461 8467 8468 AND
2 1 870 8468 8469 AND
2 1 750 8469 8481 AND
2 1 8475 8481 8482 AND
2 1 8480 8482 8483 AND
2 1 8469 8475 8476 AND
2 1 750 8476 8477 AND
2 1 641 8477 8492 AND
2 1 8483 8492 8493 AND
2 1 8491 8493 8494 AND
2 1 750 8480 8484 AND
2 1 750 8480 8485 AND
2 1 8476 8485 8486 AND
2 1 8484 8486 8487 AND
2 1 641 8487 8488 AND
2 1 543 8488 8500 AND
2 1 8494 8500 8501 AND
2 1 8499 8501 8502 AND
2 1 8488 8494 8495 AND
2 1 543 8495 8496 AND
2 1 450 8496 8508 AND
2 1 8502 8508 8509 AND
2 1 8507 8509 8510 AND
2 1 8496 8502 8503 AND
2 1 450 8503 8504 AND
2 1 368 8504 8519 AND
2 1 8510 8519 8520 AND
2 1 450 8507 8511 AND
2 1 450 8507 8512 AND
2 1 8503 8512 8513 AND
2 1 8511 8513 8514 AND
2 1 368 8514 8515 AND
2 1 8163 8205 8559 AND
2 1 8168 8559 8560 AND
2 1 8560 8166 8561 XOR
2 1 133 8561 8565 AND
2 1 8136 8205 8532 AND
2 1 8141 8532 8533 AND
2 1 8533 8139 8534 XOR
2 1 232 8534 8538 AND
2 1 8117 8205 8516 AND
2 1 8122 8516 8517 AND
2 1 8517 8120 8518 XOR
2 1 8518 8520 8521 AND
2 1 8515 8521 8522 AND
2 1 297 8522 8523 AND
2 1 8125 8205 8524 AND
2 1 8130 8524 8525 AND
2 1 8525 8128 8526 XOR
2 1 297 8515 8527 AND
2 1 8521 8527 8528 AND
2 1 8526 8528 8529 AND
2 1 8523 8529 8530 AND
2 1 232 8534 8539 AND
2 1 8530 8539 8540 AND
2 1 8538 8540 8541 AND
2 1 183 8541 8542 AND
2 1 8144 8205 8543 AND
2 1 8149 8543 8544 AND
2 1 8544 8147 8545 XOR
2 1 232 8523 8535 AND
2 1 8529 8535 8536 AND
2 1 8534 8536 8537 AND
2 1 232 8530 8531 AND
2 1 183 8531 8546 AND
2 1 8537 8546 8547 AND
2 1 8545 8547 8548 AND
2 1 8542 8548 8549 AND
2 1 149 8549 8550 AND
2 1 8152 8205 8551 AND
2 1 8157 8551 8552 AND
2 1 8552 8155 8553 XOR
2 1 149 8542 8554 AND
2 1 8548 8554 8555 AND
2 1 8553 8555 8556 AND
2 1 8550 8556 8557 AND
2 1 133 8561 8566 AND
2 1 8557 8566 8567 AND
2 1 8565 8567 8568 AND
2 1 8174 8176 8569 AND
2 1 8171 8569 8570 AND
2 1 8205 8570 8571 AND
2 1 8171 8176 8572 AND
2 1 8205 8572 8573 AND
2 1 8174 8573 8574 AND
2 1 8571 8574 8575 AND
2 1 8178 8185 8576 AND
2 1 8205 8576 8577 AND
2 1 8193 8577 8578 AND
2 1 8575 8578 8579 AND
2 1 8568 8579 8580 AND
2 1 129 8580 8581 AND
2 1 133 8550 8562 AND
2 1 8556 8562 8563 AND
2 1 8561 8563 8564 AND
2 1 133 8557 8558 AND
2 1 8558 8575 8582 AND
2 1 8564 8582 8583 AND
2 1 8185 8205 8584 AND
2 1 8185 8178 8585 XOR
2 1 129 8585 8586 AND
2 1 8584 8586 8587 AND
2 1 8181 8202 8588 AND
2 1 8184 8588 8589 AND
2 1 8197 8589 8590 AND
2 1 8193 8590 8591 AND
2 1 8191 8591 8592 AND
2 1 8587 8592 8593 AND
2 1 8583 8593 8594 AND
2 1 8581 8594 8595 AND
2 1 8515 8595 8922 AND
2 1 8520 8922 8923 AND
2 1 8923 8518 8924 XOR
2 1 8504 8595 8914 AND
2 1 8509 8914 8915 AND
2 1 8915 8507 8916 XOR
2 1 8496 8595 8906 AND
2 1 8501 8906 8907 AND
2 1 8907 8499 8908 XOR
2 1 8488 8595 8895 AND
2 1 8493 8895 8896 AND
2 1 8896 8491 8897 XOR
2 1 8477 8595 8887 AND
2 1 8482 8887 8888 AND
2 1 8888 8480 8889 XOR
2 1 8469 8595 8879 AND
2 1 8474 8879 8880 AND
2 1 8880 8472 8881 XOR
2 1 8461 8595 8868 AND
2 1 8466 8868 8869 AND
2 1 8869 8464 8870 XOR
2 1 8450 8595 8860 AND
2 1 8455 8860 8861 AND
2 1 8861 8453 8862 XOR
2 1 8442 8595 8852 AND
2 1 8447 8852 8853 AND
2 1 8853 8445 8854 XOR
2 1 8434 8595 8841 AND
2 1 8439 8841 8842 AND
2 1 8842 8437 8843 XOR
2 1 8423 8595 8833 AND
2 1 8428 8833 8834 AND
2 1 8834 8426 8835 XOR
2 1 8415 8595 8825 AND
2 1 8420 8825 8826 AND
2 1 8826 8418 8827 XOR
2 1 8407 8595 8814 AND
2 1 8412 8814 8815 AND
2 1 8815 8410 8816 XOR
2 1 8396 8595 8806 AND
2 1 8401 8806 8807 AND
2 1 8807 8399 8808 XOR
2 1 8388 8595 8798 AND
2 1 8393 8798 8799 AND
2 1 8799 8391 8800 XOR
2 1 8369 8595 8779 AND
2 1 8374 8779 8780 AND
2 1 8780 8372 8781 XOR
2 1 8361 8595 8771 AND
2 1 8366 8771 8772 AND
2 1 8772 8364 8773 XOR
2 1 8353 8595 8760 AND
2 1 8358 8760 8761 AND
2 1 8761 8356 8762 XOR
2 1 8342 8595 8752 AND
2 1 8347 8752 8753 AND
2 1 8753 8345 8754 XOR
2 1 8334 8595 8744 AND
2 1 8339 8744 8745 AND
2 1 8745 8337 8746 XOR
2 1 8326 8595 8733 AND
2 1 8331 8733 8734 AND
2 1 8734 8329 8735 XOR
2 1 8315 8595 8725 AND
2 1 8320 8725 8726 AND
2 1 8726 8318 8727 XOR
2 1 8307 8595 8717 AND
2 1 8312 8717 8718 AND
2 1 8718 8310 8719 XOR
2 1 8299 8595 8706 AND
2 1 8304 8706 8707 AND
2 1 8707 8302 8708 XOR
2 1 8288 8595 8698 AND
2 1 8293 8698 8699 AND
2 1 8699 8291 8700 XOR
2 1 8280 8595 8690 AND
2 1 8285 8690 8691 AND
2 1 8691 8283 8692 XOR
2 1 8272 8595 8679 AND
2 1 8277 8679 8680 AND
2 1 8680 8275 8681 XOR
2 1 8261 8595 8671 AND
2 1 8266 8671 8672 AND
2 1 8672 8264 8673 XOR
2 1 8253 8595 8663 AND
2 1 8258 8663 8664 AND
2 1 8664 8256 8665 XOR
2 1 8245 8595 8652 AND
2 1 8250 8652 8653 AND
2 1 8653 8248 8654 XOR
2 1 8234 8595 8644 AND
2 1 8239 8644 8645 AND
2 1 8645 8237 8646 XOR
2 1 8223 8225 8636 AND
2 1 8595 8636 8637 AND
2 1 8637 8231 8638 XOR
2 1 8212 8217 8625 AND
2 1 8595 8625 8626 AND
2 1 8626 8220 8627 XOR
2 1 44 8595 8596 AND
2 1 42 43 8597 AND
2 1 44 8597 8598 AND
2 1 8202 8598 8603 AND
2 1 8197 8603 8604 AND
2 1 8193 8604 8605 AND
2 1 8191 8605 8606 AND
2 1 8596 8606 8607 AND
2 1 44 8595 8609 AND
2 1 8609 45 8610 XOR
2 1 8607 8610 8611 AND
2 1 44 8595 8599 AND
2 1 44 8597 8600 AND
2 1 8205 8600 8601 AND
2 1 8599 8601 8602 AND
2 1 7826 8602 8614 AND
2 1 8611 8614 8615 AND
2 1 8207 8595 8608 AND
2 1 8205 8592 8616 AND
2 1 8587 8616 8617 AND
2 1 8583 8617 8618 AND
2 1 8581 8618 8619 AND
2 1 8608 8619 8620 AND
2 1 8620 46 8621 XOR
2 1 8615 8621 8622 AND
2 1 8602 8611 8612 AND
2 1 7826 8612 8613 AND
2 1 7458 8613 8628 AND
2 1 8622 8628 8629 AND
2 1 8627 8629 8630 AND
2 1 8613 8622 8623 AND
2 1 7458 8623 8624 AND
2 1 7095 8624 8639 AND
2 1 8630 8639 8640 AND
2 1 8638 8640 8641 AND
2 1 7458 8627 8631 AND
2 1 7458 8627 8632 AND
2 1 8623 8632 8633 AND
2 1 8631 8633 8634 AND
2 1 7095 8634 8635 AND
2 1 6743 8635 8647 AND
2 1 8641 8647 8648 AND
2 1 8646 8648 8649 AND
2 1 8635 8641 8642 AND
2 1 6743 8642 8643 AND
2 1 6402 8643 8655 AND
2 1 8649 8655 8656 AND
2 1 8654 8656 8657 AND
2 1 8643 8649 8650 AND
2 1 6402 8650 8651 AND
2 1 6066 8651 8666 AND
2 1 8657 8666 8667 AND
2 1 8665 8667 8668 AND
2 1 6402 8654 8658 AND
2 1 6402 8654 8659 AND
2 1 8650 8659 8660 AND
2 1 8658 8660 8661 AND
2 1 6066 8661 8662 AND
2 1 5741 8662 8674 AND
2 1 8668 8674 8675 AND
2 1 8673 8675 8676 AND
2 1 8662 8668 8669 AND
2 1 5741 8669 8670 AND
2 1 5427 8670 8682 AND
2 1 8676 8682 8683 AND
2 1 8681 8683 8684 AND
2 1 8670 8676 8677 AND
2 1 5427 8677 8678 AND
2 1 5118 8678 8693 AND
2 1 8684 8693 8694 AND
2 1 8692 8694 8695 AND
2 1 5427 8681 8685 AND
2 1 5427 8681 8686 AND
2 1 8677 8686 8687 AND
2 1 8685 8687 8688 AND
2 1 5118 8688 8689 AND
2 1 4820 8689 8701 AND
2 1 8695 8701 8702 AND
2 1 8700 8702 8703 AND
2 1 8689 8695 8696 AND
2 1 4820 8696 8697 AND
2 1 4533 8697 8709 AND
2 1 8703 8709 8710 AND
2 1 8708 8710 8711 AND
2 1 8697 8703 8704 AND
2 1 4533 8704 8705 AND
2 1 4251 8705 8720 AND
2 1 8711 8720 8721 AND
2 1 8719 8721 8722 AND
2 1 4533 8708 8712 AND
2 1 4533 8708 8713 AND
2 1 8704 8713 8714 AND
2 1 8712 8714 8715 AND
2 1 4251 8715 8716 AND
2 1 3980 8716 8728 AND
2 1 8722 8728 8729 AND
2 1 8727 8729 8730 AND
2 1 8716 8722 8723 AND
2 1 3980 8723 8724 AND
2 1 3720 8724 8736 AND
2 1 8730 8736 8737 AND
2 1 8735 8737 8738 AND
2 1 8724 8730 8731 AND
2 1 3720 8731 8732 AND
2 1 3465 8732 8747 AND
2 1 8738 8747 8748 AND
2 1 8746 8748 8749 AND
2 1 3720 8735 8739 AND
2 1 3720 8735 8740 AND
2 1 8731 8740 8741 AND
2 1 8739 8741 8742 AND
2 1 3465 8742 8743 AND
2 1 3221 8743 8755 AND
2 1 8749 8755 8756 AND
2 1 8754 8756 8757 AND
2 1 8743 8749 8750 AND
2 1 3221 8750 8751 AND
2 1 2988 8751 8763 AND
2 1 8757 8763 8764 AND
2 1 8762 8764 8765 AND
2 1 8751 8757 8758 AND
2 1 2988 8758 8759 AND
2 1 2760 8759 8774 AND
2 1 8765 8774 8775 AND
2 1 8773 8775 8776 AND
2 1 2988 8762 8766 AND
2 1 2988 8762 8767 AND
2 1 8758 8767 8768 AND
2 1 8766 8768 8769 AND
2 1 2760 8769 8770 AND
2 1 2543 8770 8782 AND
2 1 8776 8782 8783 AND
2 1 8781 8783 8784 AND
2 1 8770 8776 8777 AND
2 1 2543 8777 8778 AND
2 1 2337 8778 8787 AND
2 1 8784 8787 8788 AND
2 1 8380 8382 8789 AND
2 1 8595 8789 8790 AND
2 1 8790 8385 8791 XOR
2 1 8788 8791 8792 AND
2 1 8778 8784 8785 AND
2 1 2337 8785 8786 AND
2 1 2136 8786 8801 AND
2 1 8792 8801 8802 AND
2 1 8800 8802 8803 AND
2 1 2337 8791 8793 AND
2 1 2337 8791 8794 AND
2 1 8785 8794 8795 AND
2 1 8793 8795 8796 AND
2 1 2136 8796 8797 AND
2 1 1946 8797 8809 AND
2 1 8803 8809 8810 AND
2 1 8808 8810 8811 AND
2 1 8797 8803 8804 AND
2 1 1946 8804 8805 AND
2 1 1767 8805 8817 AND
2 1 8811 8817 8818 AND
2 1 8816 8818 8819 AND
2 1 8805 8811 8812 AND
2 1 1767 8812 8813 AND
2 1 1593 8813 8828 AND
2 1 8819 8828 8829 AND
2 1 8827 8829 8830 AND
2 1 1767 8816 8820 AND
2 1 1767 8816 8821 AND
2 1 8812 8821 8822 AND
2 1 8820 8822 8823 AND
2 1 1593 8823 8824 AND
2 1 1430 8824 8836 AND
2 1 8830 8836 8837 AND
2 1 8835 8837 8838 AND
2 1 8824 8830 8831 AND
2 1 1430 8831 8832 AND
2 1 1278 8832 8844 AND
2 1 8838 8844 8845 AND
2 1 8843 8845 8846 AND
2 1 8832 8838 8839 AND
2 1 1278 8839 8840 AND
2 1 1131 8840 8855 AND
2 1 8846 8855 8856 AND
2 1 8854 8856 8857 AND
2 1 1278 8843 8847 AND
2 1 1278 8843 8848 AND
2 1 8839 8848 8849 AND
2 1 8847 8849 8850 AND
2 1 1131 8850 8851 AND
2 1 995 8851 8863 AND
2 1 8857 8863 8864 AND
2 1 8862 8864 8865 AND
2 1 8851 8857 8858 AND
2 1 995 8858 8859 AND
2 1 870 8859 8871 AND
2 1 8865 8871 8872 AND
2 1 8870 8872 8873 AND
2 1 8859 8865 8866 AND
2 1 870 8866 8867 AND
2 1 750 8867 8882 AND
2 1 8873 8882 8883 AND
2 1 8881 8883 8884 AND
2 1 870 8870 8874 AND
2 1 870 8870 8875 AND
2 1 8866 8875 8876 AND
2 1 8874 8876 8877 AND
2 1 750 8877 8878 AND
2 1 641 8878 8890 AND
2 1 8884 8890 8891 AND
2 1 8889 8891 8892 AND
2 1 8878 8884 8885 AND
2 1 641 8885 8886 AND
2 1 543 8886 8898 AND
2 1 8892 8898 8899 AND
2 1 8897 8899 8900 AND
2 1 8886 8892 8893 AND
2 1 543 8893 8894 AND
2 1 450 8894 8909 AND
2 1 8900 8909 8910 AND
2 1 8908 8910 8911 AND
2 1 543 8897 8901 AND
2 1 543 8897 8902 AND
2 1 8893 8902 8903 AND
2 1 8901 8903 8904 AND
2 1 450 8904 8905 AND
2 1 368 8905 8917 AND
2 1 8911 8917 8918 AND
2 1 8916 8918 8919 AND
2 1 8905 8911 8912 AND
2 1 368 8912 8913 AND
2 1 297 8913 8925 AND
2 1 8919 8925 8926 AND
2 1 8924 8926 8927 AND
2 1 8913 8919 8920 AND
2 1 297 8920 8921 AND
2 1 232 8921 8936 AND
2 1 8927 8936 8937 AND
2 1 297 8924 8928 AND
2 1 297 8924 8929 AND
2 1 8920 8929 8930 AND
2 1 8928 8930 8931 AND
2 1 232 8931 8932 AND
2 1 8523 8595 8933 AND
2 1 8528 8933 8934 AND
2 1 8934 8526 8935 XOR
2 1 8935 8937 8938 AND
2 1 8932 8938 8939 AND
2 1 183 8939 8940 AND
2 1 8531 8595 8941 AND
2 1 8536 8941 8942 AND
2 1 8942 8534 8943 XOR
2 1 183 8932 8944 AND
2 1 8938 8944 8945 AND
2 1 8943 8945 8946 AND
2 1 8940 8946 8947 AND
2 1 149 8947 8948 AND
2 1 8542 8595 8949 AND
2 1 8547 8949 8950 AND
2 1 8950 8545 8951 XOR
2 1 149 8940 8952 AND
2 1 8946 8952 8953 AND
2 1 8951 8953 8954 AND
2 1 8948 8954 8955 AND
2 1 133 8955 8956 AND
2 1 8550 8595 8957 AND
2 1 8555 8957 8958 AND
2 1 8958 8553 8959 XOR
2 1 133 8948 8960 AND
2 1 8954 8960 8961 AND
2 1 8959 8961 8962 AND
2 1 8956 8962 8963 AND
2 1 8558 8561 8964 AND
2 1 8563 8964 8965 AND
2 1 8595 8965 8966 AND
2 1 8558 8563 8967 AND
2 1 8595 8967 8968 AND
2 1 8561 8968 8969 AND
2 1 8966 8969 8970 AND
2 1 8568 8575 8971 AND
2 1 8595 8971 8972 AND
2 1 8583 8972 8973 AND
2 1 8970 8973 8974 AND
2 1 8963 8974 8975 AND
2 1 129 8975 8976 AND
2 1 8956 8970 8977 AND
2 1 8962 8977 8978 AND
2 1 8575 8595 8979 AND
2 1 8575 8568 8980 XOR
2 1 129 8980 8981 AND
2 1 8979 8981 8982 AND
2 1 8571 8592 8983 AND
2 1 8574 8983 8984 AND
2 1 8587 8984 8985 AND
2 1 8583 8985 8986 AND
2 1 8581 8986 8987 AND
2 1 8982 8987 8988 AND
2 1 8978 8988 8989 AND
2 1 8976 8989 8990 AND
2 1 8932 8990 9344 AND
2 1 8937 9344 9345 AND
2 1 9345 8935 9346 XOR
2 1 183 9346 9350 AND
2 1 8905 8990 9317 AND
2 1 8910 9317 9318 AND
2 1 9318 8908 9319 XOR
2 1 368 9319 9323 AND
2 1 8878 8990 9290 AND
2 1 8883 9290 9291 AND
2 1 9291 8881 9292 XOR
2 1 641 9292 9296 AND
2 1 8851 8990 9263 AND
2 1 8856 9263 9264 AND
2 1 9264 8854 9265 XOR
2 1 995 9265 9269 AND
2 1 8824 8990 9236 AND
2 1 8829 9236 9237 AND
2 1 9237 8827 9238 XOR
2 1 1430 9238 9242 AND
2 1 8797 8990 9209 AND
2 1 8802 9209 9210 AND
2 1 9210 8800 9211 XOR
2 1 1946 9211 9215 AND
2 1 8770 8990 9182 AND
2 1 8775 9182 9183 AND
2 1 9183 8773 9184 XOR
2 1 2543 9184 9188 AND
2 1 8743 8990 9155 AND
2 1 8748 9155 9156 AND
2 1 9156 8746 9157 XOR
2 1 3221 9157 9161 AND
2 1 8716 8990 9128 AND
2 1 8721 9128 9129 AND
2 1 9129 8719 9130 XOR
2 1 3980 9130 9134 AND
2 1 8689 8990 9101 AND
2 1 8694 9101 9102 AND
2 1 9102 8692 9103 XOR
2 1 4820 9103 9107 AND
2 1 8662 8990 9074 AND
2 1 8667 9074 9075 AND
2 1 9075 8665 9076 XOR
2 1 5741 9076 9080 AND
2 1 8635 8990 9047 AND
2 1 8640 9047 9048 AND
2 1 9048 8638 9049 XOR
2 1 6743 9049 9053 AND
2 1 8602 8607 9020 AND
2 1 8990 9020 9021 AND
2 1 9021 8610 9022 XOR
2 1 7826 9022 9026 AND
2 1 42 8990 8994 AND
2 1 40 41 8992 AND
2 1 42 8992 8995 AND
2 1 8595 8995 8996 AND
2 1 8994 8996 8997 AND
2 1 42 8990 8991 AND
2 1 42 8992 8993 AND
2 1 8592 8993 8998 AND
2 1 8587 8998 8999 AND
2 1 8583 8999 9000 AND
2 1 8581 9000 9001 AND
2 1 8991 9001 9002 AND
2 1 42 8990 9004 AND
2 1 9004 43 9005 XOR
2 1 9002 9005 9006 AND
2 1 8997 9006 9007 AND
2 1 8205 9007 9008 AND
2 1 8205 8997 9009 AND
2 1 9006 9009 9010 AND
2 1 8597 8990 9003 AND
2 1 8595 8987 9011 AND
2 1 8982 9011 9012 AND
2 1 8978 9012 9013 AND
2 1 8976 9013 9014 AND
2 1 9003 9014 9015 AND
2 1 9015 44 9016 XOR
2 1 9010 9016 9017 AND
2 1 9008 9017 9018 AND
2 1 7826 9022 9027 AND
2 1 9018 9027 9028 AND
2 1 9026 9028 9029 AND
2 1 7458 9029 9030 AND
2 1 8613 8615 9031 AND
2 1 8990 9031 9032 AND
2 1 9032 8621 9033 XOR
2 1 7826 9008 9023 AND
2 1 9017 9023 9024 AND
2 1 9022 9024 9025 AND
2 1 7826 9018 9019 AND
2 1 7458 9019 9034 AND
2 1 9025 9034 9035 AND
2 1 9033 9035 9036 AND
2 1 9030 9036 9037 AND
2 1 7095 9037 9038 AND
2 1 8624 8990 9039 AND
2 1 8629 9039 9040 AND
2 1 9040 8627 9041 XOR
2 1 7095 9030 9042 AND
2 1 9036 9042 9043 AND
2 1 9041 9043 9044 AND
2 1 9038 9044 9045 AND
2 1 6743 9049 9054 AND
2 1 9045 9054 9055 AND
2 1 9053 9055 9056 AND
2 1 6402 9056 9057 AND
2 1 8643 8990 9058 AND
2 1 8648 9058 9059 AND
2 1 9059 8646 9060 XOR
2 1 6743 9038 9050 AND
2 1 9044 9050 9051 AND
2 1 9049 9051 9052 AND
2 1 6743 9045 9046 AND
2 1 6402 9046 9061 AND
2 1 9052 9061 9062 AND
2 1 9060 9062 9063 AND
2 1 9057 9063 9064 AND
2 1 6066 9064 9065 AND
2 1 8651 8990 9066 AND
2 1 8656 9066 9067 AND
2 1 9067 8654 9068 XOR
2 1 6066 9057 9069 AND
2 1 9063 9069 9070 AND
2 1 9068 9070 9071 AND
2 1 9065 9071 9072 AND
2 1 5741 9076 9081 AND
2 1 9072 9081 9082 AND
2 1 9080 9082 9083 AND
2 1 5427 9083 9084 AND
2 1 8670 8990 9085 AND
2 1 8675 9085 9086 AND
2 1 9086 8673 9087 XOR
2 1 5741 9065 9077 AND
2 1 9071 9077 9078 AND
2 1 9076 9078 9079 AND
2 1 5741 9072 9073 AND
2 1 5427 9073 9088 AND
2 1 9079 9088 9089 AND
2 1 9087 9089 9090 AND
2 1 9084 9090 9091 AND
2 1 5118 9091 9092 AND
2 1 8678 8990 9093 AND
2 1 8683 9093 9094 AND
2 1 9094 8681 9095 XOR
2 1 5118 9084 9096 AND
2 1 9090 9096 9097 AND
2 1 9095 9097 9098 AND
2 1 9092 9098 9099 AND
2 1 4820 9103 9108 AND
2 1 9099 9108 9109 AND
2 1 9107 9109 9110 AND
2 1 4533 9110 9111 AND
2 1 8697 8990 9112 AND
2 1 8702 9112 9113 AND
2 1 9113 8700 9114 XOR
2 1 4820 9092 9104 AND
2 1 9098 9104 9105 AND
2 1 9103 9105 9106 AND
2 1 4820 9099 9100 AND
2 1 4533 9100 9115 AND
2 1 9106 9115 9116 AND
2 1 9114 9116 9117 AND
2 1 9111 9117 9118 AND
2 1 4251 9118 9119 AND
2 1 8705 8990 9120 AND
2 1 8710 9120 9121 AND
2 1 9121 8708 9122 XOR
2 1 4251 9111 9123 AND
2 1 9117 9123 9124 AND
2 1 9122 9124 9125 AND
2 1 9119 9125 9126 AND
2 1 3980 9130 9135 AND
2 1 9126 9135 9136 AND
2 1 9134 9136 9137 AND
2 1 3720 9137 9138 AND
2 1 8724 8990 9139 AND
2 1 8729 9139 9140 AND
2 1 9140 8727 9141 XOR
2 1 3980 9119 9131 AND
2 1 9125 9131 9132 AND
2 1 9130 9132 9133 AND
2 1 3980 9126 9127 AND
2 1 3720 9127 9142 AND
2 1 9133 9142 9143 AND
2 1 9141 9143 9144 AND
2 1 9138 9144 9145 AND
2 1 3465 9145 9146 AND
2 1 8732 8990 9147 AND
2 1 8737 9147 9148 AND
2 1 9148 8735 9149 XOR
2 1 3465 9138 9150 AND
2 1 9144 9150 9151 AND
2 1 9149 9151 9152 AND
2 1 9146 9152 9153 AND
2 1 3221 9157 9162 AND
2 1 9153 9162 9163 AND
2 1 9161 9163 9164 AND
2 1 2988 9164 9165 AND
2 1 8751 8990 9166 AND
2 1 8756 9166 9167 AND
2 1 9167 8754 9168 XOR
2 1 3221 9146 9158 AND
2 1 9152 9158 9159 AND
2 1 9157 9159 9160 AND
2 1 3221 9153 9154 AND
2 1 2988 9154 9169 AND
2 1 9160 9169 9170 AND
2 1 9168 9170 9171 AND
2 1 9165 9171 9172 AND
2 1 2760 9172 9173 AND
2 1 8759 8990 9174 AND
2 1 8764 9174 9175 AND
2 1 9175 8762 9176 XOR
2 1 2760 9165 9177 AND
2 1 9171 9177 9178 AND
2 1 9176 9178 9179 AND
2 1 9173 9179 9180 AND
2 1 2543 9184 9189 AND
2 1 9180 9189 9190 AND
2 1 9188 9190 9191 AND
2 1 2337 9191 9192 AND
2 1 8778 8990 9193 AND
2 1 8783 9193 9194 AND
2 1 9194 8781 9195 XOR
2 1 2543 9173 9185 AND
2 1 9179 9185 9186 AND
2 1 9184 9186 9187 AND
2 1 2543 9180 9181 AND
2 1 2337 9181 9196 AND
2 1 9187 9196 9197 AND
2 1 9195 9197 9198 AND
2 1 9192 9198 9199 AND
2 1 2136 9199 9200 AND
2 1 2136 9192 9201 AND
2 1 9198 9201 9202 AND
2 1 8786 8788 9203 AND
2 1 8990 9203 9204 AND
2 1 9204 8791 9205 XOR
2 1 9202 9205 9206 AND
2 1 9200 9206 9207 AND
2 1 1946 9211 9216 AND
2 1 9207 9216 9217 AND
2 1 9215 9217 9218 AND
2 1 1767 9218 9219 AND
2 1 8805 8990 9220 AND
2 1 8810 9220 9221 AND
2 1 9221 8808 9222 XOR
2 1 1946 9200 9212 AND
2 1 9206 9212 9213 AND
2 1 9211 9213 9214 AND
2 1 1946 9207 9208 AND
2 1 1767 9208 9223 AND
2 1 9214 9223 9224 AND
2 1 9222 9224 9225 AND
2 1 9219 9225 9226 AND
2 1 1593 9226 9227 AND
2 1 8813 8990 9228 AND
2 1 8818 9228 9229 AND
2 1 9229 8816 9230 XOR
2 1 1593 9219 9231 AND
2 1 9225 9231 9232 AND
2 1 9230 9232 9233 AND
2 1 9227 9233 9234 AND
2 1 1430 9238 9243 AND
2 1 9234 9243 9244 AND
2 1 9242 9244 9245 AND
2 1 1278 9245 9246 AND
2 1 8832 8990 9247 AND
2 1 8837 9247 9248 AND
2 1 9248 8835 9249 XOR
2 1 1430 9227 9239 AND
2 1 9233 9239 9240 AND
2 1 9238 9240 9241 AND
2 1 1430 9234 9235 AND
2 1 1278 9235 9250 AND
2 1 9241 9250 9251 AND
2 1 9249 9251 9252 AND
2 1 9246 9252 9253 AND
2 1 1131 9253 9254 AND
2 1 8840 8990 9255 AND
2 1 8845 9255 9256 AND
2 1 9256 8843 9257 XOR
2 1 1131 9246 9258 AND
2 1 9252 9258 9259 AND
2 1 9257 9259 9260 AND
2 1 9254 9260 9261 AND
2 1 995 9265 9270 AND
2 1 9261 9270 9271 AND
2 1 9269 9271 9272 AND
2 1 870 9272 9273 AND
2 1 8859 8990 9274 AND
2 1 8864 9274 9275 AND
2 1 9275 8862 9276 XOR
2 1 995 9254 9266 AND
2 1 9260 9266 9267 AND
2 1 9265 9267 9268 AND
2 1 995 9261 9262 AND
2 1 870 9262 9277 AND
2 1 9268 9277 9278 AND
2 1 9276 9278 9279 AND
2 1 9273 9279 9280 AND
2 1 750 9280 9281 AND
2 1 8867 8990 9282 AND
2 1 8872 9282 9283 AND
2 1 9283 8870 9284 XOR
2 1 750 9273 9285 AND
2 1 9279 9285 9286 AND
2 1 9284 9286 9287 AND
2 1 9281 9287 9288 AND
2 1 641 9292 9297 AND
2 1 9288 9297 9298 AND
2 1 9296 9298 9299 AND
2 1 543 9299 9300 AND
2 1 8886 8990 9301 AND
2 1 8891 9301 9302 AND
2 1 9302 8889 9303 XOR
2 1 641 9281 9293 AND
2 1 9287 9293 9294 AND
2 1 9292 9294 9295 AND
2 1 641 9288 9289 AND
2 1 543 9289 9304 AND
2 1 9295 9304 9305 AND
2 1 9303 9305 9306 AND
2 1 9300 9306 9307 AND
2 1 450 9307 9308 AND
2 1 8894 8990 9309 AND
2 1 8899 9309 9310 AND
2 1 9310 8897 9311 XOR
2 1 450 9300 9312 AND
2 1 9306 9312 9313 AND
2 1 9311 9313 9314 AND
2 1 9308 9314 9315 AND
2 1 368 9319 9324 AND
2 1 9315 9324 9325 AND
2 1 9323 9325 9326 AND
2 1 297 9326 9327 AND
2 1 8913 8990 9328 AND
2 1 8918 9328 9329 AND
2 1 9329 8916 9330 XOR
2 1 368 9308 9320 AND
2 1 9314 9320 9321 AND
2 1 9319 9321 9322 AND
2 1 368 9315 9316 AND
2 1 297 9316 9331 AND
2 1 9322 9331 9332 AND
2 1 9330 9332 9333 AND
2 1 9327 9333 9334 AND
2 1 232 9334 9335 AND
2 1 8921 8990 9336 AND
2 1 8926 9336 9337 AND
2 1 9337 8924 9338 XOR
2 1 232 9327 9339 AND
2 1 9333 9339 9340 AND
2 1 9338 9340 9341 AND
2 1 9335 9341 9342 AND
2 1 183 9346 9351 AND
2 1 9342 9351 9352 AND
2 1 9350 9352 9353 AND
2 1 149 9353 9354 AND
2 1 8940 8990 9355 AND
2 1 8945 9355 9356 AND
2 1 9356 8943 9357 XOR
2 1 183 9335 9347 AND
2 1 9341 9347 9348 AND
2 1 9346 9348 9349 AND
2 1 183 9342 9343 AND
2 1 149 9343 9358 AND
2 1 9349 9358 9359 AND
2 1 9357 9359 9360 AND
2 1 9354 9360 9361 AND
2 1 133 9361 9362 AND
2 1 8948 8990 9363 AND
2 1 8953 9363 9364 AND
2 1 9364 8951 9365 XOR
2 1 133 9354 9366 AND
2 1 9360 9366 9367 AND
2 1 9365 9367 9368 AND
2 1 9362 9368 9369 AND
2 1 8959 8961 9370 AND
2 1 8956 9370 9371 AND
2 1 8990 9371 9372 AND
2 1 8956 8961 9373 AND
2 1 8990 9373 9374 AND
2 1 8959 9374 9375 AND
2 1 9372 9375 9376 AND
2 1 8963 8970 9377 AND
2 1 8990 9377 9378 AND
2 1 8978 9378 9379 AND
2 1 9376 9379 9380 AND
2 1 9369 9380 9381 AND
2 1 129 9381 9382 AND
2 1 9362 9376 9383 AND
2 1 9368 9383 9384 AND
2 1 8970 8990 9385 AND
2 1 8970 8963 9386 XOR
2 1 129 9386 9387 AND
2 1 9385 9387 9388 AND
2 1 8966 8987 9389 AND
2 1 8969 9389 9390 AND
2 1 8982 9390 9391 AND
2 1 8978 9391 9392 AND
2 1 8976 9392 9393 AND
2 1 9388 9393 9394 AND
2 1 9384 9394 9395 AND
2 1 9382 9395 9396 AND
2 1 8997 9002 9426 AND
2 1 9396 9426 9427 AND
2 1 9427 9005 9428 XOR
2 1 40 9396 9397 AND
2 1 38 39 9398 AND
2 1 40 9398 9399 AND
2 1 8987 9399 9404 AND
2 1 8982 9404 9405 AND
2 1 8978 9405 9406 AND
2 1 8976 9406 9407 AND
2 1 9397 9407 9408 AND
2 1 40 9396 9410 AND
2 1 9410 41 9411 XOR
2 1 9408 9411 9412 AND
2 1 40 9396 9400 AND
2 1 40 9398 9401 AND
2 1 8990 9401 9402 AND
2 1 9400 9402 9403 AND
2 1 8595 9403 9415 AND
2 1 9412 9415 9416 AND
2 1 8992 9396 9409 AND
2 1 8990 9393 9417 AND
2 1 9388 9417 9418 AND
2 1 9384 9418 9419 AND
2 1 9382 9419 9420 AND
2 1 9409 9420 9421 AND
2 1 9421 42 9422 XOR
2 1 9416 9422 9423 AND
2 1 9403 9412 9413 AND
2 1 8595 9413 9414 AND
2 1 8205 9414 9429 AND
2 1 9423 9429 9430 AND
2 1 9428 9430 9431 AND
2 1 9414 9423 9424 AND
2 1 8205 9424 9425 AND
2 1 7826 9425 9440 AND
2 1 9431 9440 9441 AND
2 1 8205 9428 9432 AND
2 1 8205 9428 9433 AND
2 1 9424 9433 9434 AND
2 1 9432 9434 9435 AND
2 1 7826 9435 9436 AND
2 1 9354 9396 9777 AND
2 1 9359 9777 9778 AND
2 1 9778 9357 9779 XOR
2 1 133 9779 9783 AND
2 1 9327 9396 9750 AND
2 1 9332 9750 9751 AND
2 1 9751 9330 9752 XOR
2 1 232 9752 9756 AND
2 1 9300 9396 9723 AND
2 1 9305 9723 9724 AND
2 1 9724 9303 9725 XOR
2 1 450 9725 9729 AND
2 1 9273 9396 9696 AND
2 1 9278 9696 9697 AND
2 1 9697 9276 9698 XOR
2 1 750 9698 9702 AND
2 1 9246 9396 9669 AND
2 1 9251 9669 9670 AND
2 1 9670 9249 9671 XOR
2 1 1131 9671 9675 AND
2 1 9219 9396 9642 AND
2 1 9224 9642 9643 AND
2 1 9643 9222 9644 XOR
2 1 1593 9644 9648 AND
2 1 9192 9396 9615 AND
2 1 9197 9615 9616 AND
2 1 9616 9195 9617 XOR
2 1 2136 9617 9621 AND
2 1 9165 9396 9588 AND
2 1 9170 9588 9589 AND
2 1 9589 9168 9590 XOR
2 1 2760 9590 9594 AND
2 1 9138 9396 9561 AND
2 1 9143 9561 9562 AND
2 1 9562 9141 9563 XOR
2 1 3465 9563 9567 AND
2 1 9111 9396 9534 AND
2 1 9116 9534 9535 AND
2 1 9535 9114 9536 XOR
2 1 4251 9536 9540 AND
2 1 9084 9396 9507 AND
2 1 9089 9507 9508 AND
2 1 9508 9087 9509 XOR
2 1 5118 9509 9513 AND
2 1 9057 9396 9480 AND
2 1 9062 9480 9481 AND
2 1 9481 9060 9482 XOR
2 1 6066 9482 9486 AND
2 1 9030 9396 9453 AND
2 1 9035 9453 9454 AND
2 1 9454 9033 9455 XOR
2 1 7095 9455 9459 AND
2 1 9008 9010 9437 AND
2 1 9396 9437 9438 AND
2 1 9438 9016 9439 XOR
2 1 9439 9441 9442 AND
2 1 9436 9442 9443 AND
2 1 7458 9443 9444 AND
2 1 9019 9396 9445 AND
2 1 9024 9445 9446 AND
2 1 9446 9022 9447 XOR
2 1 7458 9436 9448 AND
2 1 9442 9448 9449 AND
2 1 9447 9449 9450 AND
2 1 9444 9450 9451 AND
2 1 7095 9455 9460 AND
2 1 9451 9460 9461 AND
2 1 9459 9461 9462 AND
2 1 6743 9462 9463 AND
2 1 9038 9396 9464 AND
2 1 9043 9464 9465 AND
2 1 9465 9041 9466 XOR
2 1 7095 9444 9456 AND
2 1 9450 9456 9457 AND
2 1 9455 9457 9458 AND
2 1 7095 9451 9452 AND
2 1 6743 9452 9467 AND
2 1 9458 9467 9468 AND
2 1 9466 9468 9469 AND
2 1 9463 9469 9470 AND
2 1 6402 9470 9471 AND
2 1 9046 9396 9472 AND
2 1 9051 9472 9473 AND
2 1 9473 9049 9474 XOR
2 1 6402 9463 9475 AND
2 1 9469 9475 9476 AND
2 1 9474 9476 9477 AND
2 1 9471 9477 9478 AND
2 1 6066 9482 9487 AND
2 1 9478 9487 9488 AND
2 1 9486 9488 9489 AND
2 1 5741 9489 9490 AND
2 1 9065 9396 9491 AND
2 1 9070 9491 9492 AND
2 1 9492 9068 9493 XOR
2 1 6066 9471 9483 AND
2 1 9477 9483 9484 AND
2 1 9482 9484 9485 AND
2 1 6066 9478 9479 AND
2 1 5741 9479 9494 AND
2 1 9485 9494 9495 AND
2 1 9493 9495 9496 AND
2 1 9490 9496 9497 AND
2 1 5427 9497 9498 AND
2 1 9073 9396 9499 AND
2 1 9078 9499 9500 AND
2 1 9500 9076 9501 XOR
2 1 5427 9490 9502 AND
2 1 9496 9502 9503 AND
2 1 9501 9503 9504 AND
2 1 9498 9504 9505 AND
2 1 5118 9509 9514 AND
2 1 9505 9514 9515 AND
2 1 9513 9515 9516 AND
2 1 4820 9516 9517 AND
2 1 9092 9396 9518 AND
2 1 9097 9518 9519 AND
2 1 9519 9095 9520 XOR
2 1 5118 9498 9510 AND
2 1 9504 9510 9511 AND
2 1 9509 9511 9512 AND
2 1 5118 9505 9506 AND
2 1 4820 9506 9521 AND
2 1 9512 9521 9522 AND
2 1 9520 9522 9523 AND
2 1 9517 9523 9524 AND
2 1 4533 9524 9525 AND
2 1 9100 9396 9526 AND
2 1 9105 9526 9527 AND
2 1 9527 9103 9528 XOR
2 1 4533 9517 9529 AND
2 1 9523 9529 9530 AND
2 1 9528 9530 9531 AND
2 1 9525 9531 9532 AND
2 1 4251 9536 9541 AND
2 1 9532 9541 9542 AND
2 1 9540 9542 9543 AND
2 1 3980 9543 9544 AND
2 1 9119 9396 9545 AND
2 1 9124 9545 9546 AND
2 1 9546 9122 9547 XOR
2 1 4251 9525 9537 AND
2 1 9531 9537 9538 AND
2 1 9536 9538 9539 AND
2 1 4251 9532 9533 AND
2 1 3980 9533 9548 AND
2 1 9539 9548 9549 AND
2 1 9547 9549 9550 AND
2 1 9544 9550 9551 AND
2 1 3720 9551 9552 AND
2 1 9127 9396 9553 AND
2 1 9132 9553 9554 AND
2 1 9554 9130 9555 XOR
2 1 3720 9544 9556 AND
2 1 9550 9556 9557 AND
2 1 9555 9557 9558 AND
2 1 9552 9558 9559 AND
2 1 3465 9563 9568 AND
2 1 9559 9568 9569 AND
2 1 9567 9569 9570 AND
2 1 3221 9570 9571 AND
2 1 9146 9396 9572 AND
2 1 9151 9572 9573 AND
2 1 9573 9149 9574 XOR
2 1 3465 9552 9564 AND
2 1 9558 9564 9565 AND
2 1 9563 9565 9566 AND
2 1 3465 9559 9560 AND
2 1 3221 9560 9575 AND
2 1 9566 9575 9576 AND
2 1 9574 9576 9577 AND
2 1 9571 9577 9578 AND
2 1 2988 9578 9579 AND
2 1 9154 9396 9580 AND
2 1 9159 9580 9581 AND
2 1 9581 9157 9582 XOR
2 1 2988 9571 9583 AND
2 1 9577 9583 9584 AND
2 1 9582 9584 9585 AND
2 1 9579 9585 9586 AND
2 1 2760 9590 9595 AND
2 1 9586 9595 9596 AND
2 1 9594 9596 9597 AND
2 1 2543 9597 9598 AND
2 1 9173 9396 9599 AND
2 1 9178 9599 9600 AND
2 1 9600 9176 9601 XOR
2 1 2760 9579 9591 AND
2 1 9585 9591 9592 AND
2 1 9590 9592 9593 AND
2 1 2760 9586 9587 AND
2 1 2543 9587 9602 AND
2 1 9593 9602 9603 AND
2 1 9601 9603 9604 AND
2 1 9598 9604 9605 AND
2 1 2337 9605 9606 AND
2 1 9181 9396 9607 AND
2 1 9186 9607 9608 AND
2 1 9608 9184 9609 XOR
2 1 2337 9598 9610 AND
2 1 9604 9610 9611 AND
2 1 9609 9611 9612 AND
2 1 9606 9612 9613 AND
2 1 2136 9617 9622 AND
2 1 9613 9622 9623 AND
2 1 9621 9623 9624 AND
2 1 1946 9624 9625 AND
2 1 2136 9606 9618 AND
2 1 9612 9618 9619 AND
2 1 9617 9619 9620 AND
2 1 2136 9613 9614 AND
2 1 1946 9614 9626 AND
2 1 9620 9626 9627 AND
2 1 9200 9202 9628 AND
2 1 9396 9628 9629 AND
2 1 9629 9205 9630 XOR
2 1 9627 9630 9631 AND
2 1 9625 9631 9632 AND
2 1 1767 9632 9633 AND
2 1 9208 9396 9634 AND
2 1 9213 9634 9635 AND
2 1 9635 9211 9636 XOR
2 1 1767 9625 9637 AND
2 1 9631 9637 9638 AND
2 1 9636 9638 9639 AND
2 1 9633 9639 9640 AND
2 1 1593 9644 9649 AND
2 1 9640 9649 9650 AND
2 1 9648 9650 9651 AND
2 1 1430 9651 9652 AND
2 1 9227 9396 9653 AND
2 1 9232 9653 9654 AND
2 1 9654 9230 9655 XOR
2 1 1593 9633 9645 AND
2 1 9639 9645 9646 AND
2 1 9644 9646 9647 AND
2 1 1593 9640 9641 AND
2 1 1430 9641 9656 AND
2 1 9647 9656 9657 AND
2 1 9655 9657 9658 AND
2 1 9652 9658 9659 AND
2 1 1278 9659 9660 AND
2 1 9235 9396 9661 AND
2 1 9240 9661 9662 AND
2 1 9662 9238 9663 XOR
2 1 1278 9652 9664 AND
2 1 9658 9664 9665 AND
2 1 9663 9665 9666 AND
2 1 9660 9666 9667 AND
2 1 1131 9671 9676 AND
2 1 9667 9676 9677 AND
2 1 9675 9677 9678 AND
2 1 995 9678 9679 AND
2 1 9254 9396 9680 AND
2 1 9259 9680 9681 AND
2 1 9681 9257 9682 XOR
2 1 1131 9660 9672 AND
2 1 9666 9672 9673 AND
2 1 9671 9673 9674 AND
2 1 1131 9667 9668 AND
2 1 995 9668 9683 AND
2 1 9674 9683 9684 AND
2 1 9682 9684 9685 AND
2 1 9679 9685 9686 AND
2 1 870 9686 9687 AND
2 1 9262 9396 9688 AND
2 1 9267 9688 9689 AND
2 1 9689 9265 9690 XOR
2 1 870 9679 9691 AND
2 1 9685 9691 9692 AND
2 1 9690 9692 9693 AND
2 1 9687 9693 9694 AND
2 1 750 9698 9703 AND
2 1 9694 9703 9704 AND
2 1 9702 9704 9705 AND
2 1 641 9705 9706 AND
2 1 9281 9396 9707 AND
2 1 9286 9707 9708 AND
2 1 9708 9284 9709 XOR
2 1 750 9687 9699 AND
2 1 9693 9699 9700 AND
2 1 9698 9700 9701 AND
2 1 750 9694 9695 AND
2 1 641 9695 9710 AND
2 1 9701 9710 9711 AND
2 1 9709 9711 9712 AND
2 1 9706 9712 9713 AND
2 1 543 9713 9714 AND
2 1 9289 9396 9715 AND
2 1 9294 9715 9716 AND
2 1 9716 9292 9717 XOR
2 1 543 9706 9718 AND
2 1 9712 9718 9719 AND
2 1 9717 9719 9720 AND
2 1 9714 9720 9721 AND
2 1 450 9725 9730 AND
2 1 9721 9730 9731 AND
2 1 9729 9731 9732 AND
2 1 368 9732 9733 AND
2 1 9308 9396 9734 AND
2 1 9313 9734 9735 AND
2 1 9735 9311 9736 XOR
2 1 450 9714 9726 AND
2 1 9720 9726 9727 AND
2 1 9725 9727 9728 AND
2 1 450 9721 9722 AND
2 1 368 9722 9737 AND
2 1 9728 9737 9738 AND
2 1 9736 9738 9739 AND
2 1 9733 9739 9740 AND
2 1 297 9740 9741 AND
2 1 9316 9396 9742 AND
2 1 9321 9742 9743 AND
2 1 9743 9319 9744 XOR
2 1 297 9733 9745 AND
2 1 9739 9745 9746 AND
2 1 9744 9746 9747 AND
2 1 9741 9747 9748 AND
2 1 232 9752 9757 AND
2 1 9748 9757 9758 AND
2 1 9756 9758 9759 AND
2 1 183 9759 9760 AND
2 1 9335 9396 9761 AND
2 1 9340 9761 9762 AND
2 1 9762 9338 9763 XOR
2 1 232 9741 9753 AND
2 1 9747 9753 9754 AND
2 1 9752 9754 9755 AND
2 1 232 9748 9749 AND
2 1 183 9749 9764 AND
2 1 9755 9764 9765 AND
2 1 9763 9765 9766 AND
2 1 9760 9766 9767 AND
2 1 149 9767 9768 AND
2 1 9343 9396 9769 AND
2 1 9348 9769 9770 AND
2 1 9770 9346 9771 XOR
2 1 149 9760 9772 AND
2 1 9766 9772 9773 AND
2 1 9771 9773 9774 AND
2 1 9768 9774 9775 AND
2 1 133 9779 9784 AND
2 1 9775 9784 9785 AND
2 1 9783 9785 9786 AND
2 1 9365 9367 9787 AND
2 1 9362 9787 9788 AND
2 1 9396 9788 9789 AND
2 1 9362 9367 9790 AND
2 1 9396 9790 9791 AND
2 1 9365 9791 9792 AND
2 1 9789 9792 9793 AND
2 1 9369 9376 9794 AND
2 1 9396 9794 9795 AND
2 1 9384 9795 9796 AND
2 1 9793 9796 9797 AND
2 1 9786 9797 9798 AND
2 1 129 9798 9799 AND
2 1 133 9768 9780 AND
2 1 9774 9780 9781 AND
2 1 9779 9781 9782 AND
2 1 133 9775 9776 AND
2 1 9776 9793 9800 AND
2 1 9782 9800 9801 AND
2 1 9376 9396 9802 AND
2 1 9376 9369 9803 XOR
2 1 129 9803 9804 AND
2 1 9802 9804 9805 AND
2 1 9372 9393 9806 AND
2 1 9375 9806 9807 AND
2 1 9388 9807 9808 AND
2 1 9384 9808 9809 AND
2 1 9382 9809 9810 AND
2 1 9805 9810 9811 AND
2 1 9801 9811 9812 AND
2 1 9799 9812 9813 AND
2 1 9436 9813 9870 AND
2 1 9441 9870 9871 AND
2 1 9871 9439 9872 XOR
2 1 9425 9813 9862 AND
2 1 9430 9862 9863 AND
2 1 9863 9428 9864 XOR
2 1 9414 9416 9854 AND
2 1 9813 9854 9855 AND
2 1 9855 9422 9856 XOR
2 1 9403 9408 9843 AND
2 1 9813 9843 9844 AND
2 1 9844 9411 9845 XOR
2 1 38 9813 9814 AND
2 1 36 37 9815 AND
2 1 38 9815 9816 AND
2 1 9393 9816 9821 AND
2 1 9388 9821 9822 AND
2 1 9384 9822 9823 AND
2 1 9382 9823 9824 AND
2 1 9814 9824 9825 AND
2 1 38 9813 9827 AND
2 1 9827 39 9828 XOR
2 1 9825 9828 9829 AND
2 1 38 9813 9817 AND
2 1 38 9815 9818 AND
2 1 9396 9818 9819 AND
2 1 9817 9819 9820 AND
2 1 8990 9820 9832 AND
2 1 9829 9832 9833 AND
2 1 9398 9813 9826 AND
2 1 9396 9810 9834 AND
2 1 9805 9834 9835 AND
2 1 9801 9835 9836 AND
2 1 9799 9836 9837 AND
2 1 9826 9837 9838 AND
2 1 9838 40 9839 XOR
2 1 9833 9839 9840 AND
2 1 9820 9829 9830 AND
2 1 8990 9830 9831 AND
2 1 8595 9831 9846 AND
2 1 9840 9846 9847 AND
2 1 9845 9847 9848 AND
2 1 9831 9840 9841 AND
2 1 8595 9841 9842 AND
2 1 8205 9842 9857 AND
2 1 9848 9857 9858 AND
2 1 9856 9858 9859 AND
2 1 8595 9845 9849 AND
2 1 8595 9845 9850 AND
2 1 9841 9850 9851 AND
2 1 9849 9851 9852 AND
2 1 8205 9852 9853 AND
2 1 7826 9853 9865 AND
2 1 9859 9865 9866 AND
2 1 9864 9866 9867 AND
2 1 9853 9859 9860 AND
2 1 7826 9860 9861 AND
2 1 7458 9861 9873 AND
2 1 9867 9873 9874 AND
2 1 9872 9874 9875 AND
2 1 9861 9867 9868 AND
2 1 7458 9868 9869 AND
2 1 7095 9869 9884 AND
2 1 9875 9884 9885 AND
2 1 7458 9872 9876 AND
2 1 7458 9872 9877 AND
2 1 9868 9877 9878 AND
2 1 9876 9878 9879 AND
2 1 7095 9879 9880 AND
2 1 9733 9813 10167 AND
2 1 9738 10167 10168 AND
2 1 10168 9736 10169 XOR
2 1 297 10169 10173 AND
2 1 9706 9813 10140 AND
2 1 9711 10140 10141 AND
2 1 10141 9709 10142 XOR
2 1 543 10142 10146 AND
2 1 9679 9813 10113 AND
2 1 9684 10113 10114 AND
2 1 10114 9682 10115 XOR
2 1 870 10115 10119 AND
2 1 9652 9813 10086 AND
2 1 9657 10086 10087 AND
2 1 10087 9655 10088 XOR
2 1 1278 10088 10092 AND
2 1 9625 9627 10061 AND
2 1 9813 10061 10062 AND
2 1 10062 9630 10063 XOR
2 1 1767 10063 10065 AND
2 1 9598 9813 10032 AND
2 1 9603 10032 10033 AND
2 1 10033 9601 10034 XOR
2 1 2337 10034 10038 AND
2 1 9571 9813 10005 AND
2 1 9576 10005 10006 AND
2 1 10006 9574 10007 XOR
2 1 2988 10007 10011 AND
2 1 9544 9813 9978 AND
2 1 9549 9978 9979 AND
2 1 9979 9547 9980 XOR
2 1 3720 9980 9984 AND
2 1 9517 9813 9951 AND
2 1 9522 9951 9952 AND
2 1 9952 9520 9953 XOR
2 1 4533 9953 9957 AND
2 1 9490 9813 9924 AND
2 1 9495 9924 9925 AND
2 1 9925 9493 9926 XOR
2 1 5427 9926 9930 AND
2 1 9463 9813 9897 AND
2 1 9468 9897 9898 AND
2 1 9898 9466 9899 XOR
2 1 6402 9899 9903 AND
2 1 9444 9813 9881 AND
2 1 9449 9881 9882 AND
2 1 9882 9447 9883 XOR
2 1 9883 9885 9886 AND
2 1 9880 9886 9887 AND
2 1 6743 9887 9888 AND
2 1 9452 9813 9889 AND
2 1 9457 9889 9890 AND
2 1 9890 9455 9891 XOR
2 1 6743 9880 9892 AND
2 1 9886 9892 9893 AND
2 1 9891 9893 9894 AND
2 1 9888 9894 9895 AND
2 1 6402 9899 9904 AND
2 1 9895 9904 9905 AND
2 1 9903 9905 9906 AND
2 1 6066 9906 9907 AND
2 1 9471 9813 9908 AND
2 1 9476 9908 9909 AND
2 1 9909 9474 9910 XOR
2 1 6402 9888 9900 AND
2 1 9894 9900 9901 AND
2 1 9899 9901 9902 AND
2 1 6402 9895 9896 AND
2 1 6066 9896 9911 AND
2 1 9902 9911 9912 AND
2 1 9910 9912 9913 AND
2 1 9907 9913 9914 AND
2 1 5741 9914 9915 AND
2 1 9479 9813 9916 AND
2 1 9484 9916 9917 AND
2 1 9917 9482 9918 XOR
2 1 5741 9907 9919 AND
2 1 9913 9919 9920 AND
2 1 9918 9920 9921 AND
2 1 9915 9921 9922 AND
2 1 5427 9926 9931 AND
2 1 9922 9931 9932 AND
2 1 9930 9932 9933 AND
2 1 5118 9933 9934 AND
2 1 9498 9813 9935 AND
2 1 9503 9935 9936 AND
2 1 9936 9501 9937 XOR
2 1 5427 9915 9927 AND
2 1 9921 9927 9928 AND
2 1 9926 9928 9929 AND
2 1 5427 9922 9923 AND
2 1 5118 9923 9938 AND
2 1 9929 9938 9939 AND
2 1 9937 9939 9940 AND
2 1 9934 9940 9941 AND
2 1 4820 9941 9942 AND
2 1 9506 9813 9943 AND
2 1 9511 9943 9944 AND
2 1 9944 9509 9945 XOR
2 1 4820 9934 9946 AND
2 1 9940 9946 9947 AND
2 1 9945 9947 9948 AND
2 1 9942 9948 9949 AND
2 1 4533 9953 9958 AND
2 1 9949 9958 9959 AND
2 1 9957 9959 9960 AND
2 1 4251 9960 9961 AND
2 1 9525 9813 9962 AND
2 1 9530 9962 9963 AND
2 1 9963 9528 9964 XOR
2 1 4533 9942 9954 AND
2 1 9948 9954 9955 AND
2 1 9953 9955 9956 AND
2 1 4533 9949 9950 AND
2 1 4251 9950 9965 AND
2 1 9956 9965 9966 AND
2 1 9964 9966 9967 AND
2 1 9961 9967 9968 AND
2 1 3980 9968 9969 AND
2 1 9533 9813 9970 AND
2 1 9538 9970 9971 AND
2 1 9971 9536 9972 XOR
2 1 3980 9961 9973 AND
2 1 9967 9973 9974 AND
2 1 9972 9974 9975 AND
2 1 9969 9975 9976 AND
2 1 3720 9980 9985 AND
2 1 9976 9985 9986 AND
2 1 9984 9986 9987 AND
2 1 3465 9987 9988 AND
2 1 9552 9813 9989 AND
2 1 9557 9989 9990 AND
2 1 9990 9555 9991 XOR
2 1 3720 9969 9981 AND
2 1 9975 9981 9982 AND
2 1 9980 9982 9983 AND
2 1 3720 9976 9977 AND
2 1 3465 9977 9992 AND
2 1 9983 9992 9993 AND
2 1 9991 9993 9994 AND
2 1 9988 9994 9995 AND
2 1 3221 9995 9996 AND
2 1 9560 9813 9997 AND
2 1 9565 9997 9998 AND
2 1 9998 9563 9999 XOR
2 1 3221 9988 10000 AND
2 1 9994 10000 10001 AND
2 1 9999 10001 10002 AND
2 1 9996 10002 10003 AND
2 1 2988 10007 10012 AND
2 1 10003 10012 10013 AND
2 1 10011 10013 10014 AND
2 1 2760 10014 10015 AND
2 1 9579 9813 10016 AND
2 1 9584 10016 10017 AND
2 1 10017 9582 10018 XOR
2 1 2988 9996 10008 AND
2 1 10002 10008 10009 AND
2 1 10007 10009 10010 AND
2 1 2988 10003 10004 AND
2 1 2760 10004 10019 AND
2 1 10010 10019 10020 AND
2 1 10018 10020 10021 AND
2 1 10015 10021 10022 AND
2 1 2543 10022 10023 AND
2 1 9587 9813 10024 AND
2 1 9592 10024 10025 AND
2 1 10025 9590 10026 XOR
2 1 2543 10015 10027 AND
2 1 10021 10027 10028 AND
2 1 10026 10028 10029 AND
2 1 10023 10029 10030 AND
2 1 2337 10034 10039 AND
2 1 10030 10039 10040 AND
2 1 10038 10040 10041 AND
2 1 2136 10041 10042 AND
2 1 9606 9813 10043 AND
2 1 9611 10043 10044 AND
2 1 10044 9609 10045 XOR
2 1 2337 10023 10035 AND
2 1 10029 10035 10036 AND
2 1 10034 10036 10037 AND
2 1 2337 10030 10031 AND
2 1 2136 10031 10046 AND
2 1 10037 10046 10047 AND
2 1 10045 10047 10048 AND
2 1 10042 10048 10049 AND
2 1 1946 10049 10050 AND
2 1 9614 9813 10051 AND
2 1 9619 10051 10052 AND
2 1 10052 9617 10053 XOR
2 1 1946 10042 10054 AND
2 1 10048 10054 10055 AND
2 1 10053 10055 10056 AND
2 1 10050 10056 10057 AND
2 1 1767 10063 10066 AND
2 1 10057 10066 10067 AND
2 1 10065 10067 10068 AND
2 1 1593 10068 10069 AND
2 1 9633 9813 10070 AND
2 1 9638 10070 10071 AND
2 1 10071 9636 10072 XOR
2 1 1767 10050 10059 AND
2 1 10056 10059 10060 AND
2 1 10060 10063 10064 AND
2 1 1767 10057 10058 AND
2 1 1593 10058 10073 AND
2 1 10064 10073 10074 AND
2 1 10072 10074 10075 AND
2 1 10069 10075 10076 AND
2 1 1430 10076 10077 AND
2 1 9641 9813 10078 AND
2 1 9646 10078 10079 AND
2 1 10079 9644 10080 XOR
2 1 1430 10069 10081 AND
2 1 10075 10081 10082 AND
2 1 10080 10082 10083 AND
2 1 10077 10083 10084 AND
2 1 1278 10088 10093 AND
2 1 10084 10093 10094 AND
2 1 10092 10094 10095 AND
2 1 1131 10095 10096 AND
2 1 9660 9813 10097 AND
2 1 9665 10097 10098 AND
2 1 10098 9663 10099 XOR
2 1 1278 10077 10089 AND
2 1 10083 10089 10090 AND
2 1 10088 10090 10091 AND
2 1 1278 10084 10085 AND
2 1 1131 10085 10100 AND
2 1 10091 10100 10101 AND
2 1 10099 10101 10102 AND
2 1 10096 10102 10103 AND
2 1 995 10103 10104 AND
2 1 9668 9813 10105 AND
2 1 9673 10105 10106 AND
2 1 10106 9671 10107 XOR
2 1 995 10096 10108 AND
2 1 10102 10108 10109 AND
2 1 10107 10109 10110 AND
2 1 10104 10110 10111 AND
2 1 870 10115 10120 AND
2 1 10111 10120 10121 AND
2 1 10119 10121 10122 AND
2 1 750 10122 10123 AND
2 1 9687 9813 10124 AND
2 1 9692 10124 10125 AND
2 1 10125 9690 10126 XOR
2 1 870 10104 10116 AND
2 1 10110 10116 10117 AND
2 1 10115 10117 10118 AND
2 1 870 10111 10112 AND
2 1 750 10112 10127 AND
2 1 10118 10127 10128 AND
2 1 10126 10128 10129 AND
2 1 10123 10129 10130 AND
2 1 641 10130 10131 AND
2 1 9695 9813 10132 AND
2 1 9700 10132 10133 AND
2 1 10133 9698 10134 XOR
2 1 641 10123 10135 AND
2 1 10129 10135 10136 AND
2 1 10134 10136 10137 AND
2 1 10131 10137 10138 AND
2 1 543 10142 10147 AND
2 1 10138 10147 10148 AND
2 1 10146 10148 10149 AND
2 1 450 10149 10150 AND
2 1 9714 9813 10151 AND
2 1 9719 10151 10152 AND
2 1 10152 9717 10153 XOR
2 1 543 10131 10143 AND
2 1 10137 10143 10144 AND
2 1 10142 10144 10145 AND
2 1 543 10138 10139 AND
2 1 450 10139 10154 AND
2 1 10145 10154 10155 AND
2 1 10153 10155 10156 AND
2 1 10150 10156 10157 AND
2 1 368 10157 10158 AND
2 1 9722 9813 10159 AND
2 1 9727 10159 10160 AND
2 1 10160 9725 10161 XOR
2 1 368 10150 10162 AND
2 1 10156 10162 10163 AND
2 1 10161 10163 10164 AND
2 1 10158 10164 10165 AND
2 1 297 10169 10174 AND
2 1 10165 10174 10175 AND
2 1 10173 10175 10176 AND
2 1 232 10176 10177 AND
2 1 9741 9813 10178 AND
2 1 9746 10178 10179 AND
2 1 10179 9744 10180 XOR
2 1 297 10158 10170 AND
2 1 10164 10170 10171 AND
2 1 10169 10171 10172 AND
2 1 297 10165 10166 AND
2 1 232 10166 10181 AND
2 1 10172 10181 10182 AND
2 1 10180 10182 10183 AND
2 1 10177 10183 10184 AND
2 1 183 10184 10185 AND
2 1 9749 9813 10186 AND
2 1 9754 10186 10187 AND
2 1 10187 9752 10188 XOR
2 1 183 10177 10189 AND
2 1 10183 10189 10190 AND
2 1 10188 10190 10191 AND
2 1 10185 10191 10192 AND
2 1 149 10192 10193 AND
2 1 9760 9813 10194 AND
2 1 9765 10194 10195 AND
2 1 10195 9763 10196 XOR
2 1 149 10185 10197 AND
2 1 10191 10197 10198 AND
2 1 10196 10198 10199 AND
2 1 10193 10199 10200 AND
2 1 133 10200 10201 AND
2 1 9768 9813 10202 AND
2 1 9773 10202 10203 AND
2 1 10203 9771 10204 XOR
2 1 133 10193 10205 AND
2 1 10199 10205 10206 AND
2 1 10204 10206 10207 AND
2 1 10201 10207 10208 AND
2 1 9779 9781 10209 AND
2 1 9776 10209 10210 AND
2 1 9813 10210 10211 AND
2 1 9776 9781 10212 AND
2 1 9813 10212 10213 AND
2 1 9779 10213 10214 AND
2 1 10211 10214 10215 AND
2 1 9786 9793 10216 AND
2 1 9813 10216 10217 AND
2 1 9801 10217 10218 AND
2 1 10215 10218 10219 AND
2 1 10208 10219 10220 AND
2 1 129 10220 10221 AND
2 1 10201 10215 10222 AND
2 1 10207 10222 10223 AND
2 1 9793 9813 10224 AND
2 1 9793 9786 10225 XOR
2 1 129 10225 10226 AND
2 1 10224 10226 10227 AND
2 1 9789 9810 10228 AND
2 1 9792 10228 10229 AND
2 1 9805 10229 10230 AND
2 1 9801 10230 10231 AND
2 1 9799 10231 10232 AND
2 1 10227 10232 10233 AND
2 1 10223 10233 10234 AND
2 1 10221 10234 10235 AND
2 1 9880 10235 10319 AND
2 1 9885 10319 10320 AND
2 1 10320 9883 10321 XOR
2 1 9869 10235 10311 AND
2 1 9874 10311 10312 AND
2 1 10312 9872 10313 XOR
2 1 9861 10235 10303 AND
2 1 9866 10303 10304 AND
2 1 10304 9864 10305 XOR
2 1 9853 10235 10292 AND
2 1 9858 10292 10293 AND
2 1 10293 9856 10294 XOR
2 1 9842 10235 10284 AND
2 1 9847 10284 10285 AND
2 1 10285 9845 10286 XOR
2 1 9831 9833 10276 AND
2 1 10235 10276 10277 AND
2 1 10277 9839 10278 XOR
2 1 9820 9825 10265 AND
2 1 10235 10265 10266 AND
2 1 10266 9828 10267 XOR
2 1 36 10235 10236 AND
2 1 34 35 10237 AND
2 1 36 10237 10238 AND
2 1 9810 10238 10243 AND
2 1 9805 10243 10244 AND
2 1 9801 10244 10245 AND
2 1 9799 10245 10246 AND
2 1 10236 10246 10247 AND
2 1 36 10235 10249 AND
2 1 10249 37 10250 XOR
2 1 10247 10250 10251 AND
2 1 36 10235 10239 AND
2 1 36 10237 10240 AND
2 1 9813 10240 10241 AND
2 1 10239 10241 10242 AND
2 1 9396 10242 10254 AND
2 1 10251 10254 10255 AND
2 1 9815 10235 10248 AND
2 1 9813 10232 10256 AND
2 1 10227 10256 10257 AND
2 1 10223 10257 10258 AND
2 1 10221 10258 10259 AND
2 1 10248 10259 10260 AND
2 1 10260 38 10261 XOR
2 1 10255 10261 10262 AND
2 1 10242 10251 10252 AND
2 1 9396 10252 10253 AND
2 1 8990 10253 10268 AND
2 1 10262 10268 10269 AND
2 1 10267 10269 10270 AND
2 1 10253 10262 10263 AND
2 1 8990 10263 10264 AND
2 1 8595 10264 10279 AND
2 1 10270 10279 10280 AND
2 1 10278 10280 10281 AND
2 1 8990 10267 10271 AND
2 1 8990 10267 10272 AND
2 1 10263 10272 10273 AND
2 1 10271 10273 10274 AND
2 1 8595 10274 10275 AND
2 1 8205 10275 10287 AND
2 1 10281 10287 10288 AND
2 1 10286 10288 10289 AND
2 1 10275 10281 10282 AND
2 1 8205 10282 10283 AND
2 1 7826 10283 10295 AND
2 1 10289 10295 10296 AND
2 1 10294 10296 10297 AND
2 1 10283 10289 10290 AND
2 1 7826 10290 10291 AND
2 1 7458 10291 10306 AND
2 1 10297 10306 10307 AND
2 1 10305 10307 10308 AND
2 1 7826 10294 10298 AND
2 1 7826 10294 10299 AND
2 1 10290 10299 10300 AND
2 1 10298 10300 10301 AND
2 1 7458 10301 10302 AND
2 1 7095 10302 10314 AND
2 1 10308 10314 10315 AND
2 1 10313 10315 10316 AND
2 1 10302 10308 10309 AND
2 1 7095 10309 10310 AND
2 1 6743 10310 10322 AND
2 1 10316 10322 10323 AND
2 1 10321 10323 10324 AND
2 1 10310 10316 10317 AND
2 1 6743 10317 10318 AND
2 1 6402 10318 10333 AND
2 1 10324 10333 10334 AND
2 1 6743 10321 10325 AND
2 1 6743 10321 10326 AND
2 1 10317 10326 10327 AND
2 1 10325 10327 10328 AND
2 1 6402 10328 10329 AND
2 1 10177 10235 10616 AND
2 1 10182 10616 10617 AND
2 1 10617 10180 10618 XOR
2 1 183 10618 10622 AND
2 1 10150 10235 10589 AND
2 1 10155 10589 10590 AND
2 1 10590 10153 10591 XOR
2 1 368 10591 10595 AND
2 1 10123 10235 10562 AND
2 1 10128 10562 10563 AND
2 1 10563 10126 10564 XOR
2 1 641 10564 10568 AND
2 1 10096 10235 10535 AND
2 1 10101 10535 10536 AND
2 1 10536 10099 10537 XOR
2 1 995 10537 10541 AND
2 1 10069 10235 10508 AND
2 1 10074 10508 10509 AND
2 1 10509 10072 10510 XOR
2 1 1430 10510 10514 AND
2 1 10042 10235 10481 AND
2 1 10047 10481 10482 AND
2 1 10482 10045 10483 XOR
2 1 1946 10483 10487 AND
2 1 10015 10235 10454 AND
2 1 10020 10454 10455 AND
2 1 10455 10018 10456 XOR
2 1 2543 10456 10460 AND
2 1 9988 10235 10427 AND
2 1 9993 10427 10428 AND
2 1 10428 9991 10429 XOR
2 1 3221 10429 10433 AND
2 1 9961 10235 10400 AND
2 1 9966 10400 10401 AND
2 1 10401 9964 10402 XOR
2 1 3980 10402 10406 AND
2 1 9934 10235 10373 AND
2 1 9939 10373 10374 AND
2 1 10374 9937 10375 XOR
2 1 4820 10375 10379 AND
2 1 9907 10235 10346 AND
2 1 9912 10346 10347 AND
2 1 10347 9910 10348 XOR
2 1 5741 10348 10352 AND
2 1 9888 10235 10330 AND
2 1 9893 10330 10331 AND
2 1 10331 9891 10332 XOR
2 1 10332 10334 10335 AND
2 1 10329 10335 10336 AND
2 1 6066 10336 10337 AND
2 1 9896 10235 10338 AND
2 1 9901 10338 10339 AND
2 1 10339 9899 10340 XOR
2 1 6066 10329 10341 AND
2 1 10335 10341 10342 AND
2 1 10340 10342 10343 AND
2 1 10337 10343 10344 AND
2 1 5741 10348 10353 AND
2 1 10344 10353 10354 AND
2 1 10352 10354 10355 AND
2 1 5427 10355 10356 AND
2 1 9915 10235 10357 AND
2 1 9920 10357 10358 AND
2 1 10358 9918 10359 XOR
2 1 5741 10337 10349 AND
2 1 10343 10349 10350 AND
2 1 10348 10350 10351 AND
2 1 5741 10344 10345 AND
2 1 5427 10345 10360 AND
2 1 10351 10360 10361 AND
2 1 10359 10361 10362 AND
2 1 10356 10362 10363 AND
2 1 5118 10363 10364 AND
2 1 9923 10235 10365 AND
2 1 9928 10365 10366 AND
2 1 10366 9926 10367 XOR
2 1 5118 10356 10368 AND
2 1 10362 10368 10369 AND
2 1 10367 10369 10370 AND
2 1 10364 10370 10371 AND
2 1 4820 10375 10380 AND
2 1 10371 10380 10381 AND
2 1 10379 10381 10382 AND
2 1 4533 10382 10383 AND
2 1 9942 10235 10384 AND
2 1 9947 10384 10385 AND
2 1 10385 9945 10386 XOR
2 1 4820 10364 10376 AND
2 1 10370 10376 10377 AND
2 1 10375 10377 10378 AND
2 1 4820 10371 10372 AND
2 1 4533 10372 10387 AND
2 1 10378 10387 10388 AND
2 1 10386 10388 10389 AND
2 1 10383 10389 10390 AND
2 1 4251 10390 10391 AND
2 1 9950 10235 10392 AND
2 1 9955 10392 10393 AND
2 1 10393 9953 10394 XOR
2 1 4251 10383 10395 AND
2 1 10389 10395 10396 AND
2 1 10394 10396 10397 AND
2 1 10391 10397 10398 AND
2 1 3980 10402 10407 AND
2 1 10398 10407 10408 AND
2 1 10406 10408 10409 AND
2 1 3720 10409 10410 AND
2 1 9969 10235 10411 AND
2 1 9974 10411 10412 AND
2 1 10412 9972 10413 XOR
2 1 3980 10391 10403 AND
2 1 10397 10403 10404 AND
2 1 10402 10404 10405 AND
2 1 3980 10398 10399 AND
2 1 3720 10399 10414 AND
2 1 10405 10414 10415 AND
2 1 10413 10415 10416 AND
2 1 10410 10416 10417 AND
2 1 3465 10417 10418 AND
2 1 9977 10235 10419 AND
2 1 9982 10419 10420 AND
2 1 10420 9980 10421 XOR
2 1 3465 10410 10422 AND
2 1 10416 10422 10423 AND
2 1 10421 10423 10424 AND
2 1 10418 10424 10425 AND
2 1 3221 10429 10434 AND
2 1 10425 10434 10435 AND
2 1 10433 10435 10436 AND
2 1 2988 10436 10437 AND
2 1 9996 10235 10438 AND
2 1 10001 10438 10439 AND
2 1 10439 9999 10440 XOR
2 1 3221 10418 10430 AND
2 1 10424 10430 10431 AND
2 1 10429 10431 10432 AND
2 1 3221 10425 10426 AND
2 1 2988 10426 10441 AND
2 1 10432 10441 10442 AND
2 1 10440 10442 10443 AND
2 1 10437 10443 10444 AND
2 1 2760 10444 10445 AND
2 1 10004 10235 10446 AND
2 1 10009 10446 10447 AND
2 1 10447 10007 10448 XOR
2 1 2760 10437 10449 AND
2 1 10443 10449 10450 AND
2 1 10448 10450 10451 AND
2 1 10445 10451 10452 AND
2 1 2543 10456 10461 AND
2 1 10452 10461 10462 AND
2 1 10460 10462 10463 AND
2 1 2337 10463 10464 AND
2 1 10023 10235 10465 AND
2 1 10028 10465 10466 AND
2 1 10466 10026 10467 XOR
2 1 2543 10445 10457 AND
2 1 10451 10457 10458 AND
2 1 10456 10458 10459 AND
2 1 2543 10452 10453 AND
2 1 2337 10453 10468 AND
2 1 10459 10468 10469 AND
2 1 10467 10469 10470 AND
2 1 10464 10470 10471 AND
2 1 2136 10471 10472 AND
2 1 10031 10235 10473 AND
2 1 10036 10473 10474 AND
2 1 10474 10034 10475 XOR
2 1 2136 10464 10476 AND
2 1 10470 10476 10477 AND
2 1 10475 10477 10478 AND
2 1 10472 10478 10479 AND
2 1 1946 10483 10488 AND
2 1 10479 10488 10489 AND
2 1 10487 10489 10490 AND
2 1 1767 10490 10491 AND
2 1 10050 10235 10492 AND
2 1 10055 10492 10493 AND
2 1 10493 10053 10494 XOR
2 1 1946 10472 10484 AND
2 1 10478 10484 10485 AND
2 1 10483 10485 10486 AND
2 1 1946 10479 10480 AND
2 1 1767 10480 10495 AND
2 1 10486 10495 10496 AND
2 1 10494 10496 10497 AND
2 1 10491 10497 10498 AND
2 1 1593 10498 10499 AND
2 1 1593 10491 10500 AND
2 1 10497 10500 10501 AND
2 1 10058 10060 10502 AND
2 1 10235 10502 10503 AND
2 1 10503 10063 10504 XOR
2 1 10501 10504 10505 AND
2 1 10499 10505 10506 AND
2 1 1430 10510 10515 AND
2 1 10506 10515 10516 AND
2 1 10514 10516 10517 AND
2 1 1278 10517 10518 AND
2 1 10077 10235 10519 AND
2 1 10082 10519 10520 AND
2 1 10520 10080 10521 XOR
2 1 1430 10499 10511 AND
2 1 10505 10511 10512 AND
2 1 10510 10512 10513 AND
2 1 1430 10506 10507 AND
2 1 1278 10507 10522 AND
2 1 10513 10522 10523 AND
2 1 10521 10523 10524 AND
2 1 10518 10524 10525 AND
2 1 1131 10525 10526 AND
2 1 10085 10235 10527 AND
2 1 10090 10527 10528 AND
2 1 10528 10088 10529 XOR
2 1 1131 10518 10530 AND
2 1 10524 10530 10531 AND
2 1 10529 10531 10532 AND
2 1 10526 10532 10533 AND
2 1 995 10537 10542 AND
2 1 10533 10542 10543 AND
2 1 10541 10543 10544 AND
2 1 870 10544 10545 AND
2 1 10104 10235 10546 AND
2 1 10109 10546 10547 AND
2 1 10547 10107 10548 XOR
2 1 995 10526 10538 AND
2 1 10532 10538 10539 AND
2 1 10537 10539 10540 AND
2 1 995 10533 10534 AND
2 1 870 10534 10549 AND
2 1 10540 10549 10550 AND
2 1 10548 10550 10551 AND
2 1 10545 10551 10552 AND
2 1 750 10552 10553 AND
2 1 10112 10235 10554 AND
2 1 10117 10554 10555 AND
2 1 10555 10115 10556 XOR
2 1 750 10545 10557 AND
2 1 10551 10557 10558 AND
2 1 10556 10558 10559 AND
2 1 10553 10559 10560 AND
2 1 641 10564 10569 AND
2 1 10560 10569 10570 AND
2 1 10568 10570 10571 AND
2 1 543 10571 10572 AND
2 1 10131 10235 10573 AND
2 1 10136 10573 10574 AND
2 1 10574 10134 10575 XOR
2 1 641 10553 10565 AND
2 1 10559 10565 10566 AND
2 1 10564 10566 10567 AND
2 1 641 10560 10561 AND
2 1 543 10561 10576 AND
2 1 10567 10576 10577 AND
2 1 10575 10577 10578 AND
2 1 10572 10578 10579 AND
2 1 450 10579 10580 AND
2 1 10139 10235 10581 AND
2 1 10144 10581 10582 AND
2 1 10582 10142 10583 XOR
2 1 450 10572 10584 AND
2 1 10578 10584 10585 AND
2 1 10583 10585 10586 AND
2 1 10580 10586 10587 AND
2 1 368 10591 10596 AND
2 1 10587 10596 10597 AND
2 1 10595 10597 10598 AND
2 1 297 10598 10599 AND
2 1 10158 10235 10600 AND
2 1 10163 10600 10601 AND
2 1 10601 10161 10602 XOR
2 1 368 10580 10592 AND
2 1 10586 10592 10593 AND
2 1 10591 10593 10594 AND
2 1 368 10587 10588 AND
2 1 297 10588 10603 AND
2 1 10594 10603 10604 AND
2 1 10602 10604 10605 AND
2 1 10599 10605 10606 AND
2 1 232 10606 10607 AND
2 1 10166 10235 10608 AND
2 1 10171 10608 10609 AND
2 1 10609 10169 10610 XOR
2 1 232 10599 10611 AND
2 1 10605 10611 10612 AND
2 1 10610 10612 10613 AND
2 1 10607 10613 10614 AND
2 1 183 10618 10623 AND
2 1 10614 10623 10624 AND
2 1 10622 10624 10625 AND
2 1 149 10625 10626 AND
2 1 10185 10235 10627 AND
2 1 10190 10627 10628 AND
2 1 10628 10188 10629 XOR
2 1 183 10607 10619 AND
2 1 10613 10619 10620 AND
2 1 10618 10620 10621 AND
2 1 183 10614 10615 AND
2 1 149 10615 10630 AND
2 1 10621 10630 10631 AND
2 1 10629 10631 10632 AND
2 1 10626 10632 10633 AND
2 1 133 10633 10634 AND
2 1 10193 10235 10635 AND
2 1 10198 10635 10636 AND
2 1 10636 10196 10637 XOR
2 1 133 10626 10638 AND
2 1 10632 10638 10639 AND
2 1 10637 10639 10640 AND
2 1 10634 10640 10641 AND
2 1 10204 10206 10642 AND
2 1 10201 10642 10643 AND
2 1 10235 10643 10644 AND
2 1 10201 10206 10645 AND
2 1 10235 10645 10646 AND
2 1 10204 10646 10647 AND
2 1 10644 10647 10648 AND
2 1 10208 10215 10649 AND
2 1 10235 10649 10650 AND
2 1 10223 10650 10651 AND
2 1 10648 10651 10652 AND
2 1 10641 10652 10653 AND
2 1 129 10653 10654 AND
2 1 10634 10648 10655 AND
2 1 10640 10655 10656 AND
2 1 10215 10235 10657 AND
2 1 10215 10208 10658 XOR
2 1 129 10658 10659 AND
2 1 10657 10659 10660 AND
2 1 10211 10232 10661 AND
2 1 10214 10661 10662 AND
2 1 10227 10662 10663 AND
2 1 10223 10663 10664 AND
2 1 10221 10664 10665 AND
2 1 10660 10665 10666 AND
2 1 10656 10666 10667 AND
2 1 10654 10667 10668 AND
2 1 10329 10668 10779 AND
2 1 10334 10779 10780 AND
2 1 10780 10332 10781 XOR
2 1 10318 10668 10771 AND
2 1 10323 10771 10772 AND
2 1 10772 10321 10773 XOR
2 1 10310 10668 10763 AND
2 1 10315 10763 10764 AND
2 1 10764 10313 10765 XOR
2 1 10302 10668 10752 AND
2 1 10307 10752 10753 AND
2 1 10753 10305 10754 XOR
2 1 10291 10668 10744 AND
2 1 10296 10744 10745 AND
2 1 10745 10294 10746 XOR
2 1 10283 10668 10736 AND
2 1 10288 10736 10737 AND
2 1 10737 10286 10738 XOR
2 1 10275 10668 10725 AND
2 1 10280 10725 10726 AND
2 1 10726 10278 10727 XOR
2 1 10264 10668 10717 AND
2 1 10269 10717 10718 AND
2 1 10718 10267 10719 XOR
2 1 10253 10255 10709 AND
2 1 10668 10709 10710 AND
2 1 10710 10261 10711 XOR
2 1 10242 10247 10698 AND
2 1 10668 10698 10699 AND
2 1 10699 10250 10700 XOR
2 1 34 10668 10669 AND
2 1 32 33 10670 AND
2 1 34 10670 10671 AND
2 1 10232 10671 10676 AND
2 1 10227 10676 10677 AND
2 1 10223 10677 10678 AND
2 1 10221 10678 10679 AND
2 1 10669 10679 10680 AND
2 1 34 10668 10682 AND
2 1 10682 35 10683 XOR
2 1 10680 10683 10684 AND
2 1 34 10668 10672 AND
2 1 34 10670 10673 AND
2 1 10235 10673 10674 AND
2 1 10672 10674 10675 AND
2 1 9813 10675 10687 AND
2 1 10684 10687 10688 AND
2 1 10237 10668 10681 AND
2 1 10235 10665 10689 AND
2 1 10660 10689 10690 AND
2 1 10656 10690 10691 AND
2 1 10654 10691 10692 AND
2 1 10681 10692 10693 AND
2 1 10693 36 10694 XOR
2 1 10688 10694 10695 AND
2 1 10675 10684 10685 AND
2 1 9813 10685 10686 AND
2 1 9396 10686 10701 AND
2 1 10695 10701 10702 AND
2 1 10700 10702 10703 AND
2 1 10686 10695 10696 AND
2 1 9396 10696 10697 AND
2 1 8990 10697 10712 AND
2 1 10703 10712 10713 AND
2 1 10711 10713 10714 AND
2 1 9396 10700 10704 AND
2 1 9396 10700 10705 AND
2 1 10696 10705 10706 AND
2 1 10704 10706 10707 AND
2 1 8990 10707 10708 AND
2 1 8595 10708 10720 AND
2 1 10714 10720 10721 AND
2 1 10719 10721 10722 AND
2 1 10708 10714 10715 AND
2 1 8595 10715 10716 AND
2 1 8205 10716 10728 AND
2 1 10722 10728 10729 AND
2 1 10727 10729 10730 AND
2 1 10716 10722 10723 AND
2 1 8205 10723 10724 AND
2 1 7826 10724 10739 AND
2 1 10730 10739 10740 AND
2 1 10738 10740 10741 AND
2 1 8205 10727 10731 AND
2 1 8205 10727 10732 AND
2 1 10723 10732 10733 AND
2 1 10731 10733 10734 AND
2 1 7826 10734 10735 AND
2 1 7458 10735 10747 AND
2 1 10741 10747 10748 AND
2 1 10746 10748 10749 AND
2 1 10735 10741 10742 AND
2 1 7458 10742 10743 AND
2 1 7095 10743 10755 AND
2 1 10749 10755 10756 AND
2 1 10754 10756 10757 AND
2 1 10743 10749 10750 AND
2 1 7095 10750 10751 AND
2 1 6743 10751 10766 AND
2 1 10757 10766 10767 AND
2 1 10765 10767 10768 AND
2 1 7095 10754 10758 AND
2 1 7095 10754 10759 AND
2 1 10750 10759 10760 AND
2 1 10758 10760 10761 AND
2 1 6743 10761 10762 AND
2 1 6402 10762 10774 AND
2 1 10768 10774 10775 AND
2 1 10773 10775 10776 AND
2 1 10762 10768 10769 AND
2 1 6402 10769 10770 AND
2 1 6066 10770 10782 AND
2 1 10776 10782 10783 AND
2 1 10781 10783 10784 AND
2 1 10770 10776 10777 AND
2 1 6066 10777 10778 AND
2 1 5741 10778 10793 AND
2 1 10784 10793 10794 AND
2 1 6066 10781 10785 AND
2 1 6066 10781 10786 AND
2 1 10777 10786 10787 AND
2 1 10785 10787 10788 AND
2 1 5741 10788 10789 AND
2 1 10626 10668 11076 AND
2 1 10631 11076 11077 AND
2 1 11077 10629 11078 XOR
2 1 133 11078 11082 AND
2 1 10599 10668 11049 AND
2 1 10604 11049 11050 AND
2 1 11050 10602 11051 XOR
2 1 232 11051 11055 AND
2 1 10572 10668 11022 AND
2 1 10577 11022 11023 AND
2 1 11023 10575 11024 XOR
2 1 450 11024 11028 AND
2 1 10545 10668 10995 AND
2 1 10550 10995 10996 AND
2 1 10996 10548 10997 XOR
2 1 750 10997 11001 AND
2 1 10518 10668 10968 AND
2 1 10523 10968 10969 AND
2 1 10969 10521 10970 XOR
2 1 1131 10970 10974 AND
2 1 10491 10668 10941 AND
2 1 10496 10941 10942 AND
2 1 10942 10494 10943 XOR
2 1 1593 10943 10947 AND
2 1 10464 10668 10914 AND
2 1 10469 10914 10915 AND
2 1 10915 10467 10916 XOR
2 1 2136 10916 10920 AND
2 1 10437 10668 10887 AND
2 1 10442 10887 10888 AND
2 1 10888 10440 10889 XOR
2 1 2760 10889 10893 AND
2 1 10410 10668 10860 AND
2 1 10415 10860 10861 AND
2 1 10861 10413 10862 XOR
2 1 3465 10862 10866 AND
2 1 10383 10668 10833 AND
2 1 10388 10833 10834 AND
2 1 10834 10386 10835 XOR
2 1 4251 10835 10839 AND
2 1 10356 10668 10806 AND
2 1 10361 10806 10807 AND
2 1 10807 10359 10808 XOR
2 1 5118 10808 10812 AND
2 1 10337 10668 10790 AND
2 1 10342 10790 10791 AND
2 1 10791 10340 10792 XOR
2 1 10792 10794 10795 AND
2 1 10789 10795 10796 AND
2 1 5427 10796 10797 AND
2 1 10345 10668 10798 AND
2 1 10350 10798 10799 AND
2 1 10799 10348 10800 XOR
2 1 5427 10789 10801 AND
2 1 10795 10801 10802 AND
2 1 10800 10802 10803 AND
2 1 10797 10803 10804 AND
2 1 5118 10808 10813 AND
2 1 10804 10813 10814 AND
2 1 10812 10814 10815 AND
2 1 4820 10815 10816 AND
2 1 10364 10668 10817 AND
2 1 10369 10817 10818 AND
2 1 10818 10367 10819 XOR
2 1 5118 10797 10809 AND
2 1 10803 10809 10810 AND
2 1 10808 10810 10811 AND
2 1 5118 10804 10805 AND
2 1 4820 10805 10820 AND
2 1 10811 10820 10821 AND
2 1 10819 10821 10822 AND
2 1 10816 10822 10823 AND
2 1 4533 10823 10824 AND
2 1 10372 10668 10825 AND
2 1 10377 10825 10826 AND
2 1 10826 10375 10827 XOR
2 1 4533 10816 10828 AND
2 1 10822 10828 10829 AND
2 1 10827 10829 10830 AND
2 1 10824 10830 10831 AND
2 1 4251 10835 10840 AND
2 1 10831 10840 10841 AND
2 1 10839 10841 10842 AND
2 1 3980 10842 10843 AND
2 1 10391 10668 10844 AND
2 1 10396 10844 10845 AND
2 1 10845 10394 10846 XOR
2 1 4251 10824 10836 AND
2 1 10830 10836 10837 AND
2 1 10835 10837 10838 AND
2 1 4251 10831 10832 AND
2 1 3980 10832 10847 AND
2 1 10838 10847 10848 AND
2 1 10846 10848 10849 AND
2 1 10843 10849 10850 AND
2 1 3720 10850 10851 AND
2 1 10399 10668 10852 AND
2 1 10404 10852 10853 AND
2 1 10853 10402 10854 XOR
2 1 3720 10843 10855 AND
2 1 10849 10855 10856 AND
2 1 10854 10856 10857 AND
2 1 10851 10857 10858 AND
2 1 3465 10862 10867 AND
2 1 10858 10867 10868 AND
2 1 10866 10868 10869 AND
2 1 3221 10869 10870 AND
2 1 10418 10668 10871 AND
2 1 10423 10871 10872 AND
2 1 10872 10421 10873 XOR
2 1 3465 10851 10863 AND
2 1 10857 10863 10864 AND
2 1 10862 10864 10865 AND
2 1 3465 10858 10859 AND
2 1 3221 10859 10874 AND
2 1 10865 10874 10875 AND
2 1 10873 10875 10876 AND
2 1 10870 10876 10877 AND
2 1 2988 10877 10878 AND
2 1 10426 10668 10879 AND
2 1 10431 10879 10880 AND
2 1 10880 10429 10881 XOR
2 1 2988 10870 10882 AND
2 1 10876 10882 10883 AND
2 1 10881 10883 10884 AND
2 1 10878 10884 10885 AND
2 1 2760 10889 10894 AND
2 1 10885 10894 10895 AND
2 1 10893 10895 10896 AND
2 1 2543 10896 10897 AND
2 1 10445 10668 10898 AND
2 1 10450 10898 10899 AND
2 1 10899 10448 10900 XOR
2 1 2760 10878 10890 AND
2 1 10884 10890 10891 AND
2 1 10889 10891 10892 AND
2 1 2760 10885 10886 AND
2 1 2543 10886 10901 AND
2 1 10892 10901 10902 AND
2 1 10900 10902 10903 AND
2 1 10897 10903 10904 AND
2 1 2337 10904 10905 AND
2 1 10453 10668 10906 AND
2 1 10458 10906 10907 AND
2 1 10907 10456 10908 XOR
2 1 2337 10897 10909 AND
2 1 10903 10909 10910 AND
2 1 10908 10910 10911 AND
2 1 10905 10911 10912 AND
2 1 2136 10916 10921 AND
2 1 10912 10921 10922 AND
2 1 10920 10922 10923 AND
2 1 1946 10923 10924 AND
2 1 10472 10668 10925 AND
2 1 10477 10925 10926 AND
2 1 10926 10475 10927 XOR
2 1 2136 10905 10917 AND
2 1 10911 10917 10918 AND
2 1 10916 10918 10919 AND
2 1 2136 10912 10913 AND
2 1 1946 10913 10928 AND
2 1 10919 10928 10929 AND
2 1 10927 10929 10930 AND
2 1 10924 10930 10931 AND
2 1 1767 10931 10932 AND
2 1 10480 10668 10933 AND
2 1 10485 10933 10934 AND
2 1 10934 10483 10935 XOR
2 1 1767 10924 10936 AND
2 1 10930 10936 10937 AND
2 1 10935 10937 10938 AND
2 1 10932 10938 10939 AND
2 1 1593 10943 10948 AND
2 1 10939 10948 10949 AND
2 1 10947 10949 10950 AND
2 1 1430 10950 10951 AND
2 1 1593 10932 10944 AND
2 1 10938 10944 10945 AND
2 1 10943 10945 10946 AND
2 1 1593 10939 10940 AND
2 1 1430 10940 10952 AND
2 1 10946 10952 10953 AND
2 1 10499 10501 10954 AND
2 1 10668 10954 10955 AND
2 1 10955 10504 10956 XOR
2 1 10953 10956 10957 AND
2 1 10951 10957 10958 AND
2 1 1278 10958 10959 AND
2 1 10507 10668 10960 AND
2 1 10512 10960 10961 AND
2 1 10961 10510 10962 XOR
2 1 1278 10951 10963 AND
2 1 10957 10963 10964 AND
2 1 10962 10964 10965 AND
2 1 10959 10965 10966 AND
2 1 1131 10970 10975 AND
2 1 10966 10975 10976 AND
2 1 10974 10976 10977 AND
2 1 995 10977 10978 AND
2 1 10526 10668 10979 AND
2 1 10531 10979 10980 AND
2 1 10980 10529 10981 XOR
2 1 1131 10959 10971 AND
2 1 10965 10971 10972 AND
2 1 10970 10972 10973 AND
2 1 1131 10966 10967 AND
2 1 995 10967 10982 AND
2 1 10973 10982 10983 AND
2 1 10981 10983 10984 AND
2 1 10978 10984 10985 AND
2 1 870 10985 10986 AND
2 1 10534 10668 10987 AND
2 1 10539 10987 10988 AND
2 1 10988 10537 10989 XOR
2 1 870 10978 10990 AND
2 1 10984 10990 10991 AND
2 1 10989 10991 10992 AND
2 1 10986 10992 10993 AND
2 1 750 10997 11002 AND
2 1 10993 11002 11003 AND
2 1 11001 11003 11004 AND
2 1 641 11004 11005 AND
2 1 10553 10668 11006 AND
2 1 10558 11006 11007 AND
2 1 11007 10556 11008 XOR
2 1 750 10986 10998 AND
2 1 10992 10998 10999 AND
2 1 10997 10999 11000 AND
2 1 750 10993 10994 AND
2 1 641 10994 11009 AND
2 1 11000 11009 11010 AND
2 1 11008 11010 11011 AND
2 1 11005 11011 11012 AND
2 1 543 11012 11013 AND
2 1 10561 10668 11014 AND
2 1 10566 11014 11015 AND
2 1 11015 10564 11016 XOR
2 1 543 11005 11017 AND
2 1 11011 11017 11018 AND
2 1 11016 11018 11019 AND
2 1 11013 11019 11020 AND
2 1 450 11024 11029 AND
2 1 11020 11029 11030 AND
2 1 11028 11030 11031 AND
2 1 368 11031 11032 AND
2 1 10580 10668 11033 AND
2 1 10585 11033 11034 AND
2 1 11034 10583 11035 XOR
2 1 450 11013 11025 AND
2 1 11019 11025 11026 AND
2 1 11024 11026 11027 AND
2 1 450 11020 11021 AND
2 1 368 11021 11036 AND
2 1 11027 11036 11037 AND
2 1 11035 11037 11038 AND
2 1 11032 11038 11039 AND
2 1 297 11039 11040 AND
2 1 10588 10668 11041 AND
2 1 10593 11041 11042 AND
2 1 11042 10591 11043 XOR
2 1 297 11032 11044 AND
2 1 11038 11044 11045 AND
2 1 11043 11045 11046 AND
2 1 11040 11046 11047 AND
2 1 232 11051 11056 AND
2 1 11047 11056 11057 AND
2 1 11055 11057 11058 AND
2 1 183 11058 11059 AND
2 1 10607 10668 11060 AND
2 1 10612 11060 11061 AND
2 1 11061 10610 11062 XOR
2 1 232 11040 11052 AND
2 1 11046 11052 11053 AND
2 1 11051 11053 11054 AND
2 1 232 11047 11048 AND
2 1 183 11048 11063 AND
2 1 11054 11063 11064 AND
2 1 11062 11064 11065 AND
2 1 11059 11065 11066 AND
2 1 149 11066 11067 AND
2 1 10615 10668 11068 AND
2 1 10620 11068 11069 AND
2 1 11069 10618 11070 XOR
2 1 149 11059 11071 AND
2 1 11065 11071 11072 AND
2 1 11070 11072 11073 AND
2 1 11067 11073 11074 AND
2 1 133 11078 11083 AND
2 1 11074 11083 11084 AND
2 1 11082 11084 11085 AND
2 1 10637 10639 11086 AND
2 1 10634 11086 11087 AND
2 1 10668 11087 11088 AND
2 1 10634 10639 11089 AND
2 1 10668 11089 11090 AND
2 1 10637 11090 11091 AND
2 1 11088 11091 11092 AND
2 1 10641 10648 11093 AND
2 1 10668 11093 11094 AND
2 1 10656 11094 11095 AND
2 1 11092 11095 11096 AND
2 1 11085 11096 11097 AND
2 1 129 11097 11098 AND
2 1 133 11067 11079 AND
2 1 11073 11079 11080 AND
2 1 11078 11080 11081 AND
2 1 133 11074 11075 AND
2 1 11075 11092 11099 AND
2 1 11081 11099 11100 AND
2 1 10648 10668 11101 AND
2 1 10648 10641 11102 XOR
2 1 129 11102 11103 AND
2 1 11101 11103 11104 AND
2 1 10644 10665 11105 AND
2 1 10647 11105 11106 AND
2 1 10660 11106 11107 AND
2 1 10656 11107 11108 AND
2 1 10654 11108 11109 AND
2 1 11104 11109 11110 AND
2 1 11100 11110 11111 AND
2 1 11098 11111 11112 AND
2 1 10789 11112 11250 AND
2 1 10794 11250 11251 AND
2 1 11251 10792 11252 XOR
2 1 10778 11112 11242 AND
2 1 10783 11242 11243 AND
2 1 11243 10781 11244 XOR
2 1 10770 11112 11234 AND
2 1 10775 11234 11235 AND
2 1 11235 10773 11236 XOR
2 1 10762 11112 11223 AND
2 1 10767 11223 11224 AND
2 1 11224 10765 11225 XOR
2 1 10751 11112 11215 AND
2 1 10756 11215 11216 AND
2 1 11216 10754 11217 XOR
2 1 10743 11112 11207 AND
2 1 10748 11207 11208 AND
2 1 11208 10746 11209 XOR
2 1 10735 11112 11196 AND
2 1 10740 11196 11197 AND
2 1 11197 10738 11198 XOR
2 1 10724 11112 11188 AND
2 1 10729 11188 11189 AND
2 1 11189 10727 11190 XOR
2 1 10716 11112 11180 AND
2 1 10721 11180 11181 AND
2 1 11181 10719 11182 XOR
2 1 10708 11112 11169 AND
2 1 10713 11169 11170 AND
2 1 11170 10711 11171 XOR
2 1 10697 11112 11161 AND
2 1 10702 11161 11162 AND
2 1 11162 10700 11163 XOR
2 1 10686 10688 11153 AND
2 1 11112 11153 11154 AND
2 1 11154 10694 11155 XOR
2 1 10675 10680 11142 AND
2 1 11112 11142 11143 AND
2 1 11143 10683 11144 XOR
2 1 32 11112 11113 AND
2 1 30 31 11114 AND
2 1 32 11114 11115 AND
2 1 10665 11115 11120 AND
2 1 10660 11120 11121 AND
2 1 10656 11121 11122 AND
2 1 10654 11122 11123 AND
2 1 11113 11123 11124 AND
2 1 32 11112 11126 AND
2 1 11126 33 11127 XOR
2 1 11124 11127 11128 AND
2 1 32 11112 11116 AND
2 1 32 11114 11117 AND
2 1 10668 11117 11118 AND
2 1 11116 11118 11119 AND
2 1 10235 11119 11131 AND
2 1 11128 11131 11132 AND
2 1 10670 11112 11125 AND
2 1 10668 11109 11133 AND
2 1 11104 11133 11134 AND
2 1 11100 11134 11135 AND
2 1 11098 11135 11136 AND
2 1 11125 11136 11137 AND
2 1 11137 34 11138 XOR
2 1 11132 11138 11139 AND
2 1 11119 11128 11129 AND
2 1 10235 11129 11130 AND
2 1 9813 11130 11145 AND
2 1 11139 11145 11146 AND
2 1 11144 11146 11147 AND
2 1 11130 11139 11140 AND
2 1 9813 11140 11141 AND
2 1 9396 11141 11156 AND
2 1 11147 11156 11157 AND
2 1 11155 11157 11158 AND
2 1 9813 11144 11148 AND
2 1 9813 11144 11149 AND
2 1 11140 11149 11150 AND
2 1 11148 11150 11151 AND
2 1 9396 11151 11152 AND
2 1 8990 11152 11164 AND
2 1 11158 11164 11165 AND
2 1 11163 11165 11166 AND
2 1 11152 11158 11159 AND
2 1 8990 11159 11160 AND
2 1 8595 11160 11172 AND
2 1 11166 11172 11173 AND
2 1 11171 11173 11174 AND
2 1 11160 11166 11167 AND
2 1 8595 11167 11168 AND
2 1 8205 11168 11183 AND
2 1 11174 11183 11184 AND
2 1 11182 11184 11185 AND
2 1 8595 11171 11175 AND
2 1 8595 11171 11176 AND
2 1 11167 11176 11177 AND
2 1 11175 11177 11178 AND
2 1 8205 11178 11179 AND
2 1 7826 11179 11191 AND
2 1 11185 11191 11192 AND
2 1 11190 11192 11193 AND
2 1 11179 11185 11186 AND
2 1 7826 11186 11187 AND
2 1 7458 11187 11199 AND
2 1 11193 11199 11200 AND
2 1 11198 11200 11201 AND
2 1 11187 11193 11194 AND
2 1 7458 11194 11195 AND
2 1 7095 11195 11210 AND
2 1 11201 11210 11211 AND
2 1 11209 11211 11212 AND
2 1 7458 11198 11202 AND
2 1 7458 11198 11203 AND
2 1 11194 11203 11204 AND
2 1 11202 11204 11205 AND
2 1 7095 11205 11206 AND
2 1 6743 11206 11218 AND
2 1 11212 11218 11219 AND
2 1 11217 11219 11220 AND
2 1 11206 11212 11213 AND
2 1 6743 11213 11214 AND
2 1 6402 11214 11226 AND
2 1 11220 11226 11227 AND
2 1 11225 11227 11228 AND
2 1 11214 11220 11221 AND
2 1 6402 11221 11222 AND
2 1 6066 11222 11237 AND
2 1 11228 11237 11238 AND
2 1 11236 11238 11239 AND
2 1 6402 11225 11229 AND
2 1 6402 11225 11230 AND
2 1 11221 11230 11231 AND
2 1 11229 11231 11232 AND
2 1 6066 11232 11233 AND
2 1 5741 11233 11245 AND
2 1 11239 11245 11246 AND
2 1 11244 11246 11247 AND
2 1 11233 11239 11240 AND
2 1 5741 11240 11241 AND
2 1 5427 11241 11253 AND
2 1 11247 11253 11254 AND
2 1 11252 11254 11255 AND
2 1 11241 11247 11248 AND
2 1 5427 11248 11249 AND
2 1 5118 11249 11264 AND
2 1 11255 11264 11265 AND
2 1 5427 11252 11256 AND
2 1 5427 11252 11257 AND
2 1 11248 11257 11258 AND
2 1 11256 11258 11259 AND
2 1 5118 11259 11260 AND
2 1 11032 11112 11493 AND
2 1 11037 11493 11494 AND
2 1 11494 11035 11495 XOR
2 1 297 11495 11499 AND
2 1 11005 11112 11466 AND
2 1 11010 11466 11467 AND
2 1 11467 11008 11468 XOR
2 1 543 11468 11472 AND
2 1 10978 11112 11439 AND
2 1 10983 11439 11440 AND
2 1 11440 10981 11441 XOR
2 1 870 11441 11445 AND
2 1 10951 10953 11414 AND
2 1 11112 11414 11415 AND
2 1 11415 10956 11416 XOR
2 1 1278 11416 11418 AND
2 1 10924 11112 11385 AND
2 1 10929 11385 11386 AND
2 1 11386 10927 11387 XOR
2 1 1767 11387 11391 AND
2 1 10897 11112 11358 AND
2 1 10902 11358 11359 AND
2 1 11359 10900 11360 XOR
2 1 2337 11360 11364 AND
2 1 10870 11112 11331 AND
2 1 10875 11331 11332 AND
2 1 11332 10873 11333 XOR
2 1 2988 11333 11337 AND
2 1 10843 11112 11304 AND
2 1 10848 11304 11305 AND
2 1 11305 10846 11306 XOR
2 1 3720 11306 11310 AND
2 1 10816 11112 11277 AND
2 1 10821 11277 11278 AND
2 1 11278 10819 11279 XOR
2 1 4533 11279 11283 AND
2 1 10797 11112 11261 AND
2 1 10802 11261 11262 AND
2 1 11262 10800 11263 XOR
2 1 11263 11265 11266 AND
2 1 11260 11266 11267 AND
2 1 4820 11267 11268 AND
2 1 10805 11112 11269 AND
2 1 10810 11269 11270 AND
2 1 11270 10808 11271 XOR
2 1 4820 11260 11272 AND
2 1 11266 11272 11273 AND
2 1 11271 11273 11274 AND
2 1 11268 11274 11275 AND
2 1 4533 11279 11284 AND
2 1 11275 11284 11285 AND
2 1 11283 11285 11286 AND
2 1 4251 11286 11287 AND
2 1 10824 11112 11288 AND
2 1 10829 11288 11289 AND
2 1 11289 10827 11290 XOR
2 1 4533 11268 11280 AND
2 1 11274 11280 11281 AND
2 1 11279 11281 11282 AND
2 1 4533 11275 11276 AND
2 1 4251 11276 11291 AND
2 1 11282 11291 11292 AND
2 1 11290 11292 11293 AND
2 1 11287 11293 11294 AND
2 1 3980 11294 11295 AND
2 1 10832 11112 11296 AND
2 1 10837 11296 11297 AND
2 1 11297 10835 11298 XOR
2 1 3980 11287 11299 AND
2 1 11293 11299 11300 AND
2 1 11298 11300 11301 AND
2 1 11295 11301 11302 AND
2 1 3720 11306 11311 AND
2 1 11302 11311 11312 AND
2 1 11310 11312 11313 AND
2 1 3465 11313 11314 AND
2 1 10851 11112 11315 AND
2 1 10856 11315 11316 AND
2 1 11316 10854 11317 XOR
2 1 3720 11295 11307 AND
2 1 11301 11307 11308 AND
2 1 11306 11308 11309 AND
2 1 3720 11302 11303 AND
2 1 3465 11303 11318 AND
2 1 11309 11318 11319 AND
2 1 11317 11319 11320 AND
2 1 11314 11320 11321 AND
2 1 3221 11321 11322 AND
2 1 10859 11112 11323 AND
2 1 10864 11323 11324 AND
2 1 11324 10862 11325 XOR
2 1 3221 11314 11326 AND
2 1 11320 11326 11327 AND
2 1 11325 11327 11328 AND
2 1 11322 11328 11329 AND
2 1 2988 11333 11338 AND
2 1 11329 11338 11339 AND
2 1 11337 11339 11340 AND
2 1 2760 11340 11341 AND
2 1 10878 11112 11342 AND
2 1 10883 11342 11343 AND
2 1 11343 10881 11344 XOR
2 1 2988 11322 11334 AND
2 1 11328 11334 11335 AND
2 1 11333 11335 11336 AND
2 1 2988 11329 11330 AND
2 1 2760 11330 11345 AND
2 1 11336 11345 11346 AND
2 1 11344 11346 11347 AND
2 1 11341 11347 11348 AND
2 1 2543 11348 11349 AND
2 1 10886 11112 11350 AND
2 1 10891 11350 11351 AND
2 1 11351 10889 11352 XOR
2 1 2543 11341 11353 AND
2 1 11347 11353 11354 AND
2 1 11352 11354 11355 AND
2 1 11349 11355 11356 AND
2 1 2337 11360 11365 AND
2 1 11356 11365 11366 AND
2 1 11364 11366 11367 AND
2 1 2136 11367 11368 AND
2 1 10905 11112 11369 AND
2 1 10910 11369 11370 AND
2 1 11370 10908 11371 XOR
2 1 2337 11349 11361 AND
2 1 11355 11361 11362 AND
2 1 11360 11362 11363 AND
2 1 2337 11356 11357 AND
2 1 2136 11357 11372 AND
2 1 11363 11372 11373 AND
2 1 11371 11373 11374 AND
2 1 11368 11374 11375 AND
2 1 1946 11375 11376 AND
2 1 10913 11112 11377 AND
2 1 10918 11377 11378 AND
2 1 11378 10916 11379 XOR
2 1 1946 11368 11380 AND
2 1 11374 11380 11381 AND
2 1 11379 11381 11382 AND
2 1 11376 11382 11383 AND
2 1 1767 11387 11392 AND
2 1 11383 11392 11393 AND
2 1 11391 11393 11394 AND
2 1 1593 11394 11395 AND
2 1 10932 11112 11396 AND
2 1 10937 11396 11397 AND
2 1 11397 10935 11398 XOR
2 1 1767 11376 11388 AND
2 1 11382 11388 11389 AND
2 1 11387 11389 11390 AND
2 1 1767 11383 11384 AND
2 1 1593 11384 11399 AND
2 1 11390 11399 11400 AND
2 1 11398 11400 11401 AND
2 1 11395 11401 11402 AND
2 1 1430 11402 11403 AND
2 1 10940 11112 11404 AND
2 1 10945 11404 11405 AND
2 1 11405 10943 11406 XOR
2 1 1430 11395 11407 AND
2 1 11401 11407 11408 AND
2 1 11406 11408 11409 AND
2 1 11403 11409 11410 AND
2 1 1278 11416 11419 AND
2 1 11410 11419 11420 AND
2 1 11418 11420 11421 AND
2 1 1131 11421 11422 AND
2 1 10959 11112 11423 AND
2 1 10964 11423 11424 AND
2 1 11424 10962 11425 XOR
2 1 1278 11403 11412 AND
2 1 11409 11412 11413 AND
2 1 11413 11416 11417 AND
2 1 1278 11410 11411 AND
2 1 1131 11411 11426 AND
2 1 11417 11426 11427 AND
2 1 11425 11427 11428 AND
2 1 11422 11428 11429 AND
2 1 995 11429 11430 AND
2 1 10967 11112 11431 AND
2 1 10972 11431 11432 AND
2 1 11432 10970 11433 XOR
2 1 995 11422 11434 AND
2 1 11428 11434 11435 AND
2 1 11433 11435 11436 AND
2 1 11430 11436 11437 AND
2 1 870 11441 11446 AND
2 1 11437 11446 11447 AND
2 1 11445 11447 11448 AND
2 1 750 11448 11449 AND
2 1 10986 11112 11450 AND
2 1 10991 11450 11451 AND
2 1 11451 10989 11452 XOR
2 1 870 11430 11442 AND
2 1 11436 11442 11443 AND
2 1 11441 11443 11444 AND
2 1 870 11437 11438 AND
2 1 750 11438 11453 AND
2 1 11444 11453 11454 AND
2 1 11452 11454 11455 AND
2 1 11449 11455 11456 AND
2 1 641 11456 11457 AND
2 1 10994 11112 11458 AND
2 1 10999 11458 11459 AND
2 1 11459 10997 11460 XOR
2 1 641 11449 11461 AND
2 1 11455 11461 11462 AND
2 1 11460 11462 11463 AND
2 1 11457 11463 11464 AND
2 1 543 11468 11473 AND
2 1 11464 11473 11474 AND
2 1 11472 11474 11475 AND
2 1 450 11475 11476 AND
2 1 11013 11112 11477 AND
2 1 11018 11477 11478 AND
2 1 11478 11016 11479 XOR
2 1 543 11457 11469 AND
2 1 11463 11469 11470 AND
2 1 11468 11470 11471 AND
2 1 543 11464 11465 AND
2 1 450 11465 11480 AND
2 1 11471 11480 11481 AND
2 1 11479 11481 11482 AND
2 1 11476 11482 11483 AND
2 1 368 11483 11484 AND
2 1 11021 11112 11485 AND
2 1 11026 11485 11486 AND
2 1 11486 11024 11487 XOR
2 1 368 11476 11488 AND
2 1 11482 11488 11489 AND
2 1 11487 11489 11490 AND
2 1 11484 11490 11491 AND
2 1 297 11495 11500 AND
2 1 11491 11500 11501 AND
2 1 11499 11501 11502 AND
2 1 232 11502 11503 AND
2 1 11040 11112 11504 AND
2 1 11045 11504 11505 AND
2 1 11505 11043 11506 XOR
2 1 297 11484 11496 AND
2 1 11490 11496 11497 AND
2 1 11495 11497 11498 AND
2 1 297 11491 11492 AND
2 1 232 11492 11507 AND
2 1 11498 11507 11508 AND
2 1 11506 11508 11509 AND
2 1 11503 11509 11510 AND
2 1 183 11510 11511 AND
2 1 11048 11112 11512 AND
2 1 11053 11512 11513 AND
2 1 11513 11051 11514 XOR
2 1 183 11503 11515 AND
2 1 11509 11515 11516 AND
2 1 11514 11516 11517 AND
2 1 11511 11517 11518 AND
2 1 149 11518 11519 AND
2 1 11059 11112 11520 AND
2 1 11064 11520 11521 AND
2 1 11521 11062 11522 XOR
2 1 149 11511 11523 AND
2 1 11517 11523 11524 AND
2 1 11522 11524 11525 AND
2 1 11519 11525 11526 AND
2 1 133 11526 11527 AND
2 1 11067 11112 11528 AND
2 1 11072 11528 11529 AND
2 1 11529 11070 11530 XOR
2 1 133 11519 11531 AND
2 1 11525 11531 11532 AND
2 1 11530 11532 11533 AND
2 1 11527 11533 11534 AND
2 1 11075 11078 11535 AND
2 1 11080 11535 11536 AND
2 1 11112 11536 11537 AND
2 1 11075 11080 11538 AND
2 1 11112 11538 11539 AND
2 1 11078 11539 11540 AND
2 1 11537 11540 11541 AND
2 1 11085 11092 11542 AND
2 1 11112 11542 11543 AND
2 1 11100 11543 11544 AND
2 1 11541 11544 11545 AND
2 1 11534 11545 11546 AND
2 1 129 11546 11547 AND
2 1 11527 11541 11548 AND
2 1 11533 11548 11549 AND
2 1 11092 11112 11550 AND
2 1 11092 11085 11551 XOR
2 1 129 11551 11552 AND
2 1 11550 11552 11553 AND
2 1 11088 11109 11554 AND
2 1 11091 11554 11555 AND
2 1 11104 11555 11556 AND
2 1 11100 11556 11557 AND
2 1 11098 11557 11558 AND
2 1 11553 11558 11559 AND
2 1 11549 11559 11560 AND
2 1 11547 11560 11561 AND
2 1 11260 11561 11726 AND
2 1 11265 11726 11727 AND
2 1 11727 11263 11728 XOR
2 1 11249 11561 11718 AND
2 1 11254 11718 11719 AND
2 1 11719 11252 11720 XOR
2 1 11241 11561 11710 AND
2 1 11246 11710 11711 AND
2 1 11711 11244 11712 XOR
2 1 11233 11561 11699 AND
2 1 11238 11699 11700 AND
2 1 11700 11236 11701 XOR
2 1 11222 11561 11691 AND
2 1 11227 11691 11692 AND
2 1 11692 11225 11693 XOR
2 1 11214 11561 11683 AND
2 1 11219 11683 11684 AND
2 1 11684 11217 11685 XOR
2 1 11206 11561 11672 AND
2 1 11211 11672 11673 AND
2 1 11673 11209 11674 XOR
2 1 11195 11561 11664 AND
2 1 11200 11664 11665 AND
2 1 11665 11198 11666 XOR
2 1 11187 11561 11656 AND
2 1 11192 11656 11657 AND
2 1 11657 11190 11658 XOR
2 1 11179 11561 11645 AND
2 1 11184 11645 11646 AND
2 1 11646 11182 11647 XOR
2 1 11168 11561 11637 AND
2 1 11173 11637 11638 AND
2 1 11638 11171 11639 XOR
2 1 11160 11561 11629 AND
2 1 11165 11629 11630 AND
2 1 11630 11163 11631 XOR
2 1 11152 11561 11618 AND
2 1 11157 11618 11619 AND
2 1 11619 11155 11620 XOR
2 1 11141 11561 11610 AND
2 1 11146 11610 11611 AND
2 1 11611 11144 11612 XOR
2 1 11130 11132 11602 AND
2 1 11561 11602 11603 AND
2 1 11603 11138 11604 XOR
2 1 11119 11124 11591 AND
2 1 11561 11591 11592 AND
2 1 11592 11127 11593 XOR
2 1 30 11561 11562 AND
2 1 28 29 11563 AND
2 1 30 11563 11564 AND
2 1 11109 11564 11569 AND
2 1 11104 11569 11570 AND
2 1 11100 11570 11571 AND
2 1 11098 11571 11572 AND
2 1 11562 11572 11573 AND
2 1 30 11561 11575 AND
2 1 11575 31 11576 XOR
2 1 11573 11576 11577 AND
2 1 30 11561 11565 AND
2 1 30 11563 11566 AND
2 1 11112 11566 11567 AND
2 1 11565 11567 11568 AND
2 1 10668 11568 11580 AND
2 1 11577 11580 11581 AND
2 1 11114 11561 11574 AND
2 1 11112 11558 11582 AND
2 1 11553 11582 11583 AND
2 1 11549 11583 11584 AND
2 1 11547 11584 11585 AND
2 1 11574 11585 11586 AND
2 1 11586 32 11587 XOR
2 1 11581 11587 11588 AND
2 1 11568 11577 11578 AND
2 1 10668 11578 11579 AND
2 1 10235 11579 11594 AND
2 1 11588 11594 11595 AND
2 1 11593 11595 11596 AND
2 1 11579 11588 11589 AND
2 1 10235 11589 11590 AND
2 1 9813 11590 11605 AND
2 1 11596 11605 11606 AND
2 1 11604 11606 11607 AND
2 1 10235 11593 11597 AND
2 1 10235 11593 11598 AND
2 1 11589 11598 11599 AND
2 1 11597 11599 11600 AND
2 1 9813 11600 11601 AND
2 1 9396 11601 11613 AND
2 1 11607 11613 11614 AND
2 1 11612 11614 11615 AND
2 1 11601 11607 11608 AND
2 1 9396 11608 11609 AND
2 1 8990 11609 11621 AND
2 1 11615 11621 11622 AND
2 1 11620 11622 11623 AND
2 1 11609 11615 11616 AND
2 1 8990 11616 11617 AND
2 1 8595 11617 11632 AND
2 1 11623 11632 11633 AND
2 1 11631 11633 11634 AND
2 1 8990 11620 11624 AND
2 1 8990 11620 11625 AND
2 1 11616 11625 11626 AND
2 1 11624 11626 11627 AND
2 1 8595 11627 11628 AND
2 1 8205 11628 11640 AND
2 1 11634 11640 11641 AND
2 1 11639 11641 11642 AND
2 1 11628 11634 11635 AND
2 1 8205 11635 11636 AND
2 1 7826 11636 11648 AND
2 1 11642 11648 11649 AND
2 1 11647 11649 11650 AND
2 1 11636 11642 11643 AND
2 1 7826 11643 11644 AND
2 1 7458 11644 11659 AND
2 1 11650 11659 11660 AND
2 1 11658 11660 11661 AND
2 1 7826 11647 11651 AND
2 1 7826 11647 11652 AND
2 1 11643 11652 11653 AND
2 1 11651 11653 11654 AND
2 1 7458 11654 11655 AND
2 1 7095 11655 11667 AND
2 1 11661 11667 11668 AND
2 1 11666 11668 11669 AND
2 1 11655 11661 11662 AND
2 1 7095 11662 11663 AND
2 1 6743 11663 11675 AND
2 1 11669 11675 11676 AND
2 1 11674 11676 11677 AND
2 1 11663 11669 11670 AND
2 1 6743 11670 11671 AND
2 1 6402 11671 11686 AND
2 1 11677 11686 11687 AND
2 1 11685 11687 11688 AND
2 1 6743 11674 11678 AND
2 1 6743 11674 11679 AND
2 1 11670 11679 11680 AND
2 1 11678 11680 11681 AND
2 1 6402 11681 11682 AND
2 1 6066 11682 11694 AND
2 1 11688 11694 11695 AND
2 1 11693 11695 11696 AND
2 1 11682 11688 11689 AND
2 1 6066 11689 11690 AND
2 1 5741 11690 11702 AND
2 1 11696 11702 11703 AND
2 1 11701 11703 11704 AND
2 1 11690 11696 11697 AND
2 1 5741 11697 11698 AND
2 1 5427 11698 11713 AND
2 1 11704 11713 11714 AND
2 1 11712 11714 11715 AND
2 1 5741 11701 11705 AND
2 1 5741 11701 11706 AND
2 1 11697 11706 11707 AND
2 1 11705 11707 11708 AND
2 1 5427 11708 11709 AND
2 1 5118 11709 11721 AND
2 1 11715 11721 11722 AND
2 1 11720 11722 11723 AND
2 1 11709 11715 11716 AND
2 1 5118 11716 11717 AND
2 1 4820 11717 11729 AND
2 1 11723 11729 11730 AND
2 1 11728 11730 11731 AND
2 1 11717 11723 11724 AND
2 1 4820 11724 11725 AND
2 1 4533 11725 11740 AND
2 1 11731 11740 11741 AND
2 1 4820 11728 11732 AND
2 1 4820 11728 11733 AND
2 1 11724 11733 11734 AND
2 1 11732 11734 11735 AND
2 1 4533 11735 11736 AND
2 1 11503 11561 11969 AND
2 1 11508 11969 11970 AND
2 1 11970 11506 11971 XOR
2 1 183 11971 11975 AND
2 1 11476 11561 11942 AND
2 1 11481 11942 11943 AND
2 1 11943 11479 11944 XOR
2 1 368 11944 11948 AND
2 1 11449 11561 11915 AND
2 1 11454 11915 11916 AND
2 1 11916 11452 11917 XOR
2 1 641 11917 11921 AND
2 1 11422 11561 11888 AND
2 1 11427 11888 11889 AND
2 1 11889 11425 11890 XOR
2 1 995 11890 11894 AND
2 1 11395 11561 11861 AND
2 1 11400 11861 11862 AND
2 1 11862 11398 11863 XOR
2 1 1430 11863 11867 AND
2 1 11368 11561 11834 AND
2 1 11373 11834 11835 AND
2 1 11835 11371 11836 XOR
2 1 1946 11836 11840 AND
2 1 11341 11561 11807 AND
2 1 11346 11807 11808 AND
2 1 11808 11344 11809 XOR
2 1 2543 11809 11813 AND
2 1 11314 11561 11780 AND
2 1 11319 11780 11781 AND
2 1 11781 11317 11782 XOR
2 1 3221 11782 11786 AND
2 1 11287 11561 11753 AND
2 1 11292 11753 11754 AND
2 1 11754 11290 11755 XOR
2 1 3980 11755 11759 AND
2 1 11268 11561 11737 AND
2 1 11273 11737 11738 AND
2 1 11738 11271 11739 XOR
2 1 11739 11741 11742 AND
2 1 11736 11742 11743 AND
2 1 4251 11743 11744 AND
2 1 11276 11561 11745 AND
2 1 11281 11745 11746 AND
2 1 11746 11279 11747 XOR
2 1 4251 11736 11748 AND
2 1 11742 11748 11749 AND
2 1 11747 11749 11750 AND
2 1 11744 11750 11751 AND
2 1 3980 11755 11760 AND
2 1 11751 11760 11761 AND
2 1 11759 11761 11762 AND
2 1 3720 11762 11763 AND
2 1 11295 11561 11764 AND
2 1 11300 11764 11765 AND
2 1 11765 11298 11766 XOR
2 1 3980 11744 11756 AND
2 1 11750 11756 11757 AND
2 1 11755 11757 11758 AND
2 1 3980 11751 11752 AND
2 1 3720 11752 11767 AND
2 1 11758 11767 11768 AND
2 1 11766 11768 11769 AND
2 1 11763 11769 11770 AND
2 1 3465 11770 11771 AND
2 1 11303 11561 11772 AND
2 1 11308 11772 11773 AND
2 1 11773 11306 11774 XOR
2 1 3465 11763 11775 AND
2 1 11769 11775 11776 AND
2 1 11774 11776 11777 AND
2 1 11771 11777 11778 AND
2 1 3221 11782 11787 AND
2 1 11778 11787 11788 AND
2 1 11786 11788 11789 AND
2 1 2988 11789 11790 AND
2 1 11322 11561 11791 AND
2 1 11327 11791 11792 AND
2 1 11792 11325 11793 XOR
2 1 3221 11771 11783 AND
2 1 11777 11783 11784 AND
2 1 11782 11784 11785 AND
2 1 3221 11778 11779 AND
2 1 2988 11779 11794 AND
2 1 11785 11794 11795 AND
2 1 11793 11795 11796 AND
2 1 11790 11796 11797 AND
2 1 2760 11797 11798 AND
2 1 11330 11561 11799 AND
2 1 11335 11799 11800 AND
2 1 11800 11333 11801 XOR
2 1 2760 11790 11802 AND
2 1 11796 11802 11803 AND
2 1 11801 11803 11804 AND
2 1 11798 11804 11805 AND
2 1 2543 11809 11814 AND
2 1 11805 11814 11815 AND
2 1 11813 11815 11816 AND
2 1 2337 11816 11817 AND
2 1 11349 11561 11818 AND
2 1 11354 11818 11819 AND
2 1 11819 11352 11820 XOR
2 1 2543 11798 11810 AND
2 1 11804 11810 11811 AND
2 1 11809 11811 11812 AND
2 1 2543 11805 11806 AND
2 1 2337 11806 11821 AND
2 1 11812 11821 11822 AND
2 1 11820 11822 11823 AND
2 1 11817 11823 11824 AND
2 1 2136 11824 11825 AND
2 1 11357 11561 11826 AND
2 1 11362 11826 11827 AND
2 1 11827 11360 11828 XOR
2 1 2136 11817 11829 AND
2 1 11823 11829 11830 AND
2 1 11828 11830 11831 AND
2 1 11825 11831 11832 AND
2 1 1946 11836 11841 AND
2 1 11832 11841 11842 AND
2 1 11840 11842 11843 AND
2 1 1767 11843 11844 AND
2 1 11376 11561 11845 AND
2 1 11381 11845 11846 AND
2 1 11846 11379 11847 XOR
2 1 1946 11825 11837 AND
2 1 11831 11837 11838 AND
2 1 11836 11838 11839 AND
2 1 1946 11832 11833 AND
2 1 1767 11833 11848 AND
2 1 11839 11848 11849 AND
2 1 11847 11849 11850 AND
2 1 11844 11850 11851 AND
2 1 1593 11851 11852 AND
2 1 11384 11561 11853 AND
2 1 11389 11853 11854 AND
2 1 11854 11387 11855 XOR
2 1 1593 11844 11856 AND
2 1 11850 11856 11857 AND
2 1 11855 11857 11858 AND
2 1 11852 11858 11859 AND
2 1 1430 11863 11868 AND
2 1 11859 11868 11869 AND
2 1 11867 11869 11870 AND
2 1 1278 11870 11871 AND
2 1 11403 11561 11872 AND
2 1 11408 11872 11873 AND
2 1 11873 11406 11874 XOR
2 1 1430 11852 11864 AND
2 1 11858 11864 11865 AND
2 1 11863 11865 11866 AND
2 1 1430 11859 11860 AND
2 1 1278 11860 11875 AND
2 1 11866 11875 11876 AND
2 1 11874 11876 11877 AND
2 1 11871 11877 11878 AND
2 1 1131 11878 11879 AND
2 1 1131 11871 11880 AND
2 1 11877 11880 11881 AND
2 1 11411 11413 11882 AND
2 1 11561 11882 11883 AND
2 1 11883 11416 11884 XOR
2 1 11881 11884 11885 AND
2 1 11879 11885 11886 AND
2 1 995 11890 11895 AND
2 1 11886 11895 11896 AND
2 1 11894 11896 11897 AND
2 1 870 11897 11898 AND
2 1 11430 11561 11899 AND
2 1 11435 11899 11900 AND
2 1 11900 11433 11901 XOR
2 1 995 11879 11891 AND
2 1 11885 11891 11892 AND
2 1 11890 11892 11893 AND
2 1 995 11886 11887 AND
2 1 870 11887 11902 AND
2 1 11893 11902 11903 AND
2 1 11901 11903 11904 AND
2 1 11898 11904 11905 AND
2 1 750 11905 11906 AND
2 1 11438 11561 11907 AND
2 1 11443 11907 11908 AND
2 1 11908 11441 11909 XOR
2 1 750 11898 11910 AND
2 1 11904 11910 11911 AND
2 1 11909 11911 11912 AND
2 1 11906 11912 11913 AND
2 1 641 11917 11922 AND
2 1 11913 11922 11923 AND
2 1 11921 11923 11924 AND
2 1 543 11924 11925 AND
2 1 11457 11561 11926 AND
2 1 11462 11926 11927 AND
2 1 11927 11460 11928 XOR
2 1 641 11906 11918 AND
2 1 11912 11918 11919 AND
2 1 11917 11919 11920 AND
2 1 641 11913 11914 AND
2 1 543 11914 11929 AND
2 1 11920 11929 11930 AND
2 1 11928 11930 11931 AND
2 1 11925 11931 11932 AND
2 1 450 11932 11933 AND
2 1 11465 11561 11934 AND
2 1 11470 11934 11935 AND
2 1 11935 11468 11936 XOR
2 1 450 11925 11937 AND
2 1 11931 11937 11938 AND
2 1 11936 11938 11939 AND
2 1 11933 11939 11940 AND
2 1 368 11944 11949 AND
2 1 11940 11949 11950 AND
2 1 11948 11950 11951 AND
2 1 297 11951 11952 AND
2 1 11484 11561 11953 AND
2 1 11489 11953 11954 AND
2 1 11954 11487 11955 XOR
2 1 368 11933 11945 AND
2 1 11939 11945 11946 AND
2 1 11944 11946 11947 AND
2 1 368 11940 11941 AND
2 1 297 11941 11956 AND
2 1 11947 11956 11957 AND
2 1 11955 11957 11958 AND
2 1 11952 11958 11959 AND
2 1 232 11959 11960 AND
2 1 11492 11561 11961 AND
2 1 11497 11961 11962 AND
2 1 11962 11495 11963 XOR
2 1 232 11952 11964 AND
2 1 11958 11964 11965 AND
2 1 11963 11965 11966 AND
2 1 11960 11966 11967 AND
2 1 183 11971 11976 AND
2 1 11967 11976 11977 AND
2 1 11975 11977 11978 AND
2 1 149 11978 11979 AND
2 1 11511 11561 11980 AND
2 1 11516 11980 11981 AND
2 1 11981 11514 11982 XOR
2 1 183 11960 11972 AND
2 1 11966 11972 11973 AND
2 1 11971 11973 11974 AND
2 1 183 11967 11968 AND
2 1 149 11968 11983 AND
2 1 11974 11983 11984 AND
2 1 11982 11984 11985 AND
2 1 11979 11985 11986 AND
2 1 133 11986 11987 AND
2 1 11519 11561 11988 AND
2 1 11524 11988 11989 AND
2 1 11989 11522 11990 XOR
2 1 133 11979 11991 AND
2 1 11985 11991 11992 AND
2 1 11990 11992 11993 AND
2 1 11987 11993 11994 AND
2 1 11530 11532 11995 AND
2 1 11527 11995 11996 AND
2 1 11561 11996 11997 AND
2 1 11527 11532 11998 AND
2 1 11561 11998 11999 AND
2 1 11530 11999 12000 AND
2 1 11997 12000 12001 AND
2 1 11534 11541 12002 AND
2 1 11561 12002 12003 AND
2 1 11549 12003 12004 AND
2 1 12001 12004 12005 AND
2 1 11994 12005 12006 AND
2 1 129 12006 12007 AND
2 1 11987 12001 12008 AND
2 1 11993 12008 12009 AND
2 1 11541 11561 12010 AND
2 1 11541 11534 12011 XOR
2 1 129 12011 12012 AND
2 1 12010 12012 12013 AND
2 1 11537 11558 12014 AND
2 1 11540 12014 12015 AND
2 1 11553 12015 12016 AND
2 1 11549 12016 12017 AND
2 1 11547 12017 12018 AND
2 1 12013 12018 12019 AND
2 1 12009 12019 12020 AND
2 1 12007 12020 12021 AND
2 1 11736 12021 12213 AND
2 1 11741 12213 12214 AND
2 1 12214 11739 12215 XOR
2 1 11725 12021 12205 AND
2 1 11730 12205 12206 AND
2 1 12206 11728 12207 XOR
2 1 11717 12021 12197 AND
2 1 11722 12197 12198 AND
2 1 12198 11720 12199 XOR
2 1 11709 12021 12186 AND
2 1 11714 12186 12187 AND
2 1 12187 11712 12188 XOR
2 1 11698 12021 12178 AND
2 1 11703 12178 12179 AND
2 1 12179 11701 12180 XOR
2 1 11690 12021 12170 AND
2 1 11695 12170 12171 AND
2 1 12171 11693 12172 XOR
2 1 11682 12021 12159 AND
2 1 11687 12159 12160 AND
2 1 12160 11685 12161 XOR
2 1 11671 12021 12151 AND
2 1 11676 12151 12152 AND
2 1 12152 11674 12153 XOR
2 1 11663 12021 12143 AND
2 1 11668 12143 12144 AND
2 1 12144 11666 12145 XOR
2 1 11655 12021 12132 AND
2 1 11660 12132 12133 AND
2 1 12133 11658 12134 XOR
2 1 11644 12021 12124 AND
2 1 11649 12124 12125 AND
2 1 12125 11647 12126 XOR
2 1 11636 12021 12116 AND
2 1 11641 12116 12117 AND
2 1 12117 11639 12118 XOR
2 1 11628 12021 12105 AND
2 1 11633 12105 12106 AND
2 1 12106 11631 12107 XOR
2 1 11617 12021 12097 AND
2 1 11622 12097 12098 AND
2 1 12098 11620 12099 XOR
2 1 11609 12021 12089 AND
2 1 11614 12089 12090 AND
2 1 12090 11612 12091 XOR
2 1 11601 12021 12078 AND
2 1 11606 12078 12079 AND
2 1 12079 11604 12080 XOR
2 1 11590 12021 12070 AND
2 1 11595 12070 12071 AND
2 1 12071 11593 12072 XOR
2 1 11579 11581 12062 AND
2 1 12021 12062 12063 AND
2 1 12063 11587 12064 XOR
2 1 11568 11573 12051 AND
2 1 12021 12051 12052 AND
2 1 12052 11576 12053 XOR
2 1 28 12021 12022 AND
2 1 26 27 12023 AND
2 1 28 12023 12024 AND
2 1 11558 12024 12029 AND
2 1 11553 12029 12030 AND
2 1 11549 12030 12031 AND
2 1 11547 12031 12032 AND
2 1 12022 12032 12033 AND
2 1 28 12021 12035 AND
2 1 12035 29 12036 XOR
2 1 12033 12036 12037 AND
2 1 28 12021 12025 AND
2 1 28 12023 12026 AND
2 1 11561 12026 12027 AND
2 1 12025 12027 12028 AND
2 1 11112 12028 12040 AND
2 1 12037 12040 12041 AND
2 1 11563 12021 12034 AND
2 1 11561 12018 12042 AND
2 1 12013 12042 12043 AND
2 1 12009 12043 12044 AND
2 1 12007 12044 12045 AND
2 1 12034 12045 12046 AND
2 1 12046 30 12047 XOR
2 1 12041 12047 12048 AND
2 1 12028 12037 12038 AND
2 1 11112 12038 12039 AND
2 1 10668 12039 12054 AND
2 1 12048 12054 12055 AND
2 1 12053 12055 12056 AND
2 1 12039 12048 12049 AND
2 1 10668 12049 12050 AND
2 1 10235 12050 12065 AND
2 1 12056 12065 12066 AND
2 1 12064 12066 12067 AND
2 1 10668 12053 12057 AND
2 1 10668 12053 12058 AND
2 1 12049 12058 12059 AND
2 1 12057 12059 12060 AND
2 1 10235 12060 12061 AND
2 1 9813 12061 12073 AND
2 1 12067 12073 12074 AND
2 1 12072 12074 12075 AND
2 1 12061 12067 12068 AND
2 1 9813 12068 12069 AND
2 1 9396 12069 12081 AND
2 1 12075 12081 12082 AND
2 1 12080 12082 12083 AND
2 1 12069 12075 12076 AND
2 1 9396 12076 12077 AND
2 1 8990 12077 12092 AND
2 1 12083 12092 12093 AND
2 1 12091 12093 12094 AND
2 1 9396 12080 12084 AND
2 1 9396 12080 12085 AND
2 1 12076 12085 12086 AND
2 1 12084 12086 12087 AND
2 1 8990 12087 12088 AND
2 1 8595 12088 12100 AND
2 1 12094 12100 12101 AND
2 1 12099 12101 12102 AND
2 1 12088 12094 12095 AND
2 1 8595 12095 12096 AND
2 1 8205 12096 12108 AND
2 1 12102 12108 12109 AND
2 1 12107 12109 12110 AND
2 1 12096 12102 12103 AND
2 1 8205 12103 12104 AND
2 1 7826 12104 12119 AND
2 1 12110 12119 12120 AND
2 1 12118 12120 12121 AND
2 1 8205 12107 12111 AND
2 1 8205 12107 12112 AND
2 1 12103 12112 12113 AND
2 1 12111 12113 12114 AND
2 1 7826 12114 12115 AND
2 1 7458 12115 12127 AND
2 1 12121 12127 12128 AND
2 1 12126 12128 12129 AND
2 1 12115 12121 12122 AND
2 1 7458 12122 12123 AND
2 1 7095 12123 12135 AND
2 1 12129 12135 12136 AND
2 1 12134 12136 12137 AND
2 1 12123 12129 12130 AND
2 1 7095 12130 12131 AND
2 1 6743 12131 12146 AND
2 1 12137 12146 12147 AND
2 1 12145 12147 12148 AND
2 1 7095 12134 12138 AND
2 1 7095 12134 12139 AND
2 1 12130 12139 12140 AND
2 1 12138 12140 12141 AND
2 1 6743 12141 12142 AND
2 1 6402 12142 12154 AND
2 1 12148 12154 12155 AND
2 1 12153 12155 12156 AND
2 1 12142 12148 12149 AND
2 1 6402 12149 12150 AND
2 1 6066 12150 12162 AND
2 1 12156 12162 12163 AND
2 1 12161 12163 12164 AND
2 1 12150 12156 12157 AND
2 1 6066 12157 12158 AND
2 1 5741 12158 12173 AND
2 1 12164 12173 12174 AND
2 1 12172 12174 12175 AND
2 1 6066 12161 12165 AND
2 1 6066 12161 12166 AND
2 1 12157 12166 12167 AND
2 1 12165 12167 12168 AND
2 1 5741 12168 12169 AND
2 1 5427 12169 12181 AND
2 1 12175 12181 12182 AND
2 1 12180 12182 12183 AND
2 1 12169 12175 12176 AND
2 1 5427 12176 12177 AND
2 1 5118 12177 12189 AND
2 1 12183 12189 12190 AND
2 1 12188 12190 12191 AND
2 1 12177 12183 12184 AND
2 1 5118 12184 12185 AND
2 1 4820 12185 12200 AND
2 1 12191 12200 12201 AND
2 1 12199 12201 12202 AND
2 1 5118 12188 12192 AND
2 1 5118 12188 12193 AND
2 1 12184 12193 12194 AND
2 1 12192 12194 12195 AND
2 1 4820 12195 12196 AND
2 1 4533 12196 12208 AND
2 1 12202 12208 12209 AND
2 1 12207 12209 12210 AND
2 1 12196 12202 12203 AND
2 1 4533 12203 12204 AND
2 1 4251 12204 12216 AND
2 1 12210 12216 12217 AND
2 1 12215 12217 12218 AND
2 1 12204 12210 12211 AND
2 1 4251 12211 12212 AND
2 1 3980 12212 12227 AND
2 1 12218 12227 12228 AND
2 1 4251 12215 12219 AND
2 1 4251 12215 12220 AND
2 1 12211 12220 12221 AND
2 1 12219 12221 12222 AND
2 1 3980 12222 12223 AND
2 1 11979 12021 12456 AND
2 1 11984 12456 12457 AND
2 1 12457 11982 12458 XOR
2 1 133 12458 12462 AND
2 1 11952 12021 12429 AND
2 1 11957 12429 12430 AND
2 1 12430 11955 12431 XOR
2 1 232 12431 12435 AND
2 1 11925 12021 12402 AND
2 1 11930 12402 12403 AND
2 1 12403 11928 12404 XOR
2 1 450 12404 12408 AND
2 1 11898 12021 12375 AND
2 1 11903 12375 12376 AND
2 1 12376 11901 12377 XOR
2 1 750 12377 12381 AND
2 1 11871 12021 12348 AND
2 1 11876 12348 12349 AND
2 1 12349 11874 12350 XOR
2 1 1131 12350 12354 AND
2 1 11844 12021 12321 AND
2 1 11849 12321 12322 AND
2 1 12322 11847 12323 XOR
2 1 1593 12323 12327 AND
2 1 11817 12021 12294 AND
2 1 11822 12294 12295 AND
2 1 12295 11820 12296 XOR
2 1 2136 12296 12300 AND
2 1 11790 12021 12267 AND
2 1 11795 12267 12268 AND
2 1 12268 11793 12269 XOR
2 1 2760 12269 12273 AND
2 1 11763 12021 12240 AND
2 1 11768 12240 12241 AND
2 1 12241 11766 12242 XOR
2 1 3465 12242 12246 AND
2 1 11744 12021 12224 AND
2 1 11749 12224 12225 AND
2 1 12225 11747 12226 XOR
2 1 12226 12228 12229 AND
2 1 12223 12229 12230 AND
2 1 3720 12230 12231 AND
2 1 11752 12021 12232 AND
2 1 11757 12232 12233 AND
2 1 12233 11755 12234 XOR
2 1 3720 12223 12235 AND
2 1 12229 12235 12236 AND
2 1 12234 12236 12237 AND
2 1 12231 12237 12238 AND
2 1 3465 12242 12247 AND
2 1 12238 12247 12248 AND
2 1 12246 12248 12249 AND
2 1 3221 12249 12250 AND
2 1 11771 12021 12251 AND
2 1 11776 12251 12252 AND
2 1 12252 11774 12253 XOR
2 1 3465 12231 12243 AND
2 1 12237 12243 12244 AND
2 1 12242 12244 12245 AND
2 1 3465 12238 12239 AND
2 1 3221 12239 12254 AND
2 1 12245 12254 12255 AND
2 1 12253 12255 12256 AND
2 1 12250 12256 12257 AND
2 1 2988 12257 12258 AND
2 1 11779 12021 12259 AND
2 1 11784 12259 12260 AND
2 1 12260 11782 12261 XOR
2 1 2988 12250 12262 AND
2 1 12256 12262 12263 AND
2 1 12261 12263 12264 AND
2 1 12258 12264 12265 AND
2 1 2760 12269 12274 AND
2 1 12265 12274 12275 AND
2 1 12273 12275 12276 AND
2 1 2543 12276 12277 AND
2 1 11798 12021 12278 AND
2 1 11803 12278 12279 AND
2 1 12279 11801 12280 XOR
2 1 2760 12258 12270 AND
2 1 12264 12270 12271 AND
2 1 12269 12271 12272 AND
2 1 2760 12265 12266 AND
2 1 2543 12266 12281 AND
2 1 12272 12281 12282 AND
2 1 12280 12282 12283 AND
2 1 12277 12283 12284 AND
2 1 2337 12284 12285 AND
2 1 11806 12021 12286 AND
2 1 11811 12286 12287 AND
2 1 12287 11809 12288 XOR
2 1 2337 12277 12289 AND
2 1 12283 12289 12290 AND
2 1 12288 12290 12291 AND
2 1 12285 12291 12292 AND
2 1 2136 12296 12301 AND
2 1 12292 12301 12302 AND
2 1 12300 12302 12303 AND
2 1 1946 12303 12304 AND
2 1 11825 12021 12305 AND
2 1 11830 12305 12306 AND
2 1 12306 11828 12307 XOR
2 1 2136 12285 12297 AND
2 1 12291 12297 12298 AND
2 1 12296 12298 12299 AND
2 1 2136 12292 12293 AND
2 1 1946 12293 12308 AND
2 1 12299 12308 12309 AND
2 1 12307 12309 12310 AND
2 1 12304 12310 12311 AND
2 1 1767 12311 12312 AND
2 1 11833 12021 12313 AND
2 1 11838 12313 12314 AND
2 1 12314 11836 12315 XOR
2 1 1767 12304 12316 AND
2 1 12310 12316 12317 AND
2 1 12315 12317 12318 AND
2 1 12312 12318 12319 AND
2 1 1593 12323 12328 AND
2 1 12319 12328 12329 AND
2 1 12327 12329 12330 AND
2 1 1430 12330 12331 AND
2 1 11852 12021 12332 AND
2 1 11857 12332 12333 AND
2 1 12333 11855 12334 XOR
2 1 1593 12312 12324 AND
2 1 12318 12324 12325 AND
2 1 12323 12325 12326 AND
2 1 1593 12319 12320 AND
2 1 1430 12320 12335 AND
2 1 12326 12335 12336 AND
2 1 12334 12336 12337 AND
2 1 12331 12337 12338 AND
2 1 1278 12338 12339 AND
2 1 11860 12021 12340 AND
2 1 11865 12340 12341 AND
2 1 12341 11863 12342 XOR
2 1 1278 12331 12343 AND
2 1 12337 12343 12344 AND
2 1 12342 12344 12345 AND
2 1 12339 12345 12346 AND
2 1 1131 12350 12355 AND
2 1 12346 12355 12356 AND
2 1 12354 12356 12357 AND
2 1 995 12357 12358 AND
2 1 1131 12339 12351 AND
2 1 12345 12351 12352 AND
2 1 12350 12352 12353 AND
2 1 1131 12346 12347 AND
2 1 995 12347 12359 AND
2 1 12353 12359 12360 AND
2 1 11879 11881 12361 AND
2 1 12021 12361 12362 AND
2 1 12362 11884 12363 XOR
2 1 12360 12363 12364 AND
2 1 12358 12364 12365 AND
2 1 870 12365 12366 AND
2 1 11887 12021 12367 AND
2 1 11892 12367 12368 AND
2 1 12368 11890 12369 XOR
2 1 870 12358 12370 AND
2 1 12364 12370 12371 AND
2 1 12369 12371 12372 AND
2 1 12366 12372 12373 AND
2 1 750 12377 12382 AND
2 1 12373 12382 12383 AND
2 1 12381 12383 12384 AND
2 1 641 12384 12385 AND
2 1 11906 12021 12386 AND
2 1 11911 12386 12387 AND
2 1 12387 11909 12388 XOR
2 1 750 12366 12378 AND
2 1 12372 12378 12379 AND
2 1 12377 12379 12380 AND
2 1 750 12373 12374 AND
2 1 641 12374 12389 AND
2 1 12380 12389 12390 AND
2 1 12388 12390 12391 AND
2 1 12385 12391 12392 AND
2 1 543 12392 12393 AND
2 1 11914 12021 12394 AND
2 1 11919 12394 12395 AND
2 1 12395 11917 12396 XOR
2 1 543 12385 12397 AND
2 1 12391 12397 12398 AND
2 1 12396 12398 12399 AND
2 1 12393 12399 12400 AND
2 1 450 12404 12409 AND
2 1 12400 12409 12410 AND
2 1 12408 12410 12411 AND
2 1 368 12411 12412 AND
2 1 11933 12021 12413 AND
2 1 11938 12413 12414 AND
2 1 12414 11936 12415 XOR
2 1 450 12393 12405 AND
2 1 12399 12405 12406 AND
2 1 12404 12406 12407 AND
2 1 450 12400 12401 AND
2 1 368 12401 12416 AND
2 1 12407 12416 12417 AND
2 1 12415 12417 12418 AND
2 1 12412 12418 12419 AND
2 1 297 12419 12420 AND
2 1 11941 12021 12421 AND
2 1 11946 12421 12422 AND
2 1 12422 11944 12423 XOR
2 1 297 12412 12424 AND
2 1 12418 12424 12425 AND
2 1 12423 12425 12426 AND
2 1 12420 12426 12427 AND
2 1 232 12431 12436 AND
2 1 12427 12436 12437 AND
2 1 12435 12437 12438 AND
2 1 183 12438 12439 AND
2 1 11960 12021 12440 AND
2 1 11965 12440 12441 AND
2 1 12441 11963 12442 XOR
2 1 232 12420 12432 AND
2 1 12426 12432 12433 AND
2 1 12431 12433 12434 AND
2 1 232 12427 12428 AND
2 1 183 12428 12443 AND
2 1 12434 12443 12444 AND
2 1 12442 12444 12445 AND
2 1 12439 12445 12446 AND
2 1 149 12446 12447 AND
2 1 11968 12021 12448 AND
2 1 11973 12448 12449 AND
2 1 12449 11971 12450 XOR
2 1 149 12439 12451 AND
2 1 12445 12451 12452 AND
2 1 12450 12452 12453 AND
2 1 12447 12453 12454 AND
2 1 133 12458 12463 AND
2 1 12454 12463 12464 AND
2 1 12462 12464 12465 AND
2 1 11990 11992 12466 AND
2 1 11987 12466 12467 AND
2 1 12021 12467 12468 AND
2 1 11987 11992 12469 AND
2 1 12021 12469 12470 AND
2 1 11990 12470 12471 AND
2 1 12468 12471 12472 AND
2 1 11994 12001 12473 AND
2 1 12021 12473 12474 AND
2 1 12009 12474 12475 AND
2 1 12472 12475 12476 AND
2 1 12465 12476 12477 AND
2 1 129 12477 12478 AND
2 1 133 12447 12459 AND
2 1 12453 12459 12460 AND
2 1 12458 12460 12461 AND
2 1 133 12454 12455 AND
2 1 12455 12472 12479 AND
2 1 12461 12479 12480 AND
2 1 12001 12021 12481 AND
2 1 12001 11994 12482 XOR
2 1 129 12482 12483 AND
2 1 12481 12483 12484 AND
2 1 11997 12018 12485 AND
2 1 12000 12485 12486 AND
2 1 12013 12486 12487 AND
2 1 12009 12487 12488 AND
2 1 12007 12488 12489 AND
2 1 12484 12489 12490 AND
2 1 12480 12490 12491 AND
2 1 12478 12491 12492 AND
2 1 12223 12492 12711 AND
2 1 12228 12711 12712 AND
2 1 12712 12226 12713 XOR
2 1 12212 12492 12703 AND
2 1 12217 12703 12704 AND
2 1 12704 12215 12705 XOR
2 1 12204 12492 12695 AND
2 1 12209 12695 12696 AND
2 1 12696 12207 12697 XOR
2 1 12196 12492 12684 AND
2 1 12201 12684 12685 AND
2 1 12685 12199 12686 XOR
2 1 12185 12492 12676 AND
2 1 12190 12676 12677 AND
2 1 12677 12188 12678 XOR
2 1 12177 12492 12668 AND
2 1 12182 12668 12669 AND
2 1 12669 12180 12670 XOR
2 1 12169 12492 12657 AND
2 1 12174 12657 12658 AND
2 1 12658 12172 12659 XOR
2 1 12158 12492 12649 AND
2 1 12163 12649 12650 AND
2 1 12650 12161 12651 XOR
2 1 12150 12492 12641 AND
2 1 12155 12641 12642 AND
2 1 12642 12153 12643 XOR
2 1 12142 12492 12630 AND
2 1 12147 12630 12631 AND
2 1 12631 12145 12632 XOR
2 1 12131 12492 12622 AND
2 1 12136 12622 12623 AND
2 1 12623 12134 12624 XOR
2 1 12123 12492 12614 AND
2 1 12128 12614 12615 AND
2 1 12615 12126 12616 XOR
2 1 12115 12492 12603 AND
2 1 12120 12603 12604 AND
2 1 12604 12118 12605 XOR
2 1 12104 12492 12595 AND
2 1 12109 12595 12596 AND
2 1 12596 12107 12597 XOR
2 1 12096 12492 12587 AND
2 1 12101 12587 12588 AND
2 1 12588 12099 12589 XOR
2 1 12088 12492 12576 AND
2 1 12093 12576 12577 AND
2 1 12577 12091 12578 XOR
2 1 12077 12492 12568 AND
2 1 12082 12568 12569 AND
2 1 12569 12080 12570 XOR
2 1 12069 12492 12560 AND
2 1 12074 12560 12561 AND
2 1 12561 12072 12562 XOR
2 1 12061 12492 12549 AND
2 1 12066 12549 12550 AND
2 1 12550 12064 12551 XOR
2 1 12050 12492 12541 AND
2 1 12055 12541 12542 AND
2 1 12542 12053 12543 XOR
2 1 12039 12041 12533 AND
2 1 12492 12533 12534 AND
2 1 12534 12047 12535 XOR
2 1 12028 12033 12522 AND
2 1 12492 12522 12523 AND
2 1 12523 12036 12524 XOR
2 1 26 12492 12493 AND
2 1 24 25 12494 AND
2 1 26 12494 12495 AND
2 1 12018 12495 12500 AND
2 1 12013 12500 12501 AND
2 1 12009 12501 12502 AND
2 1 12007 12502 12503 AND
2 1 12493 12503 12504 AND
2 1 26 12492 12506 AND
2 1 12506 27 12507 XOR
2 1 12504 12507 12508 AND
2 1 26 12492 12496 AND
2 1 26 12494 12497 AND
2 1 12021 12497 12498 AND
2 1 12496 12498 12499 AND
2 1 11561 12499 12511 AND
2 1 12508 12511 12512 AND
2 1 12023 12492 12505 AND
2 1 12021 12489 12513 AND
2 1 12484 12513 12514 AND
2 1 12480 12514 12515 AND
2 1 12478 12515 12516 AND
2 1 12505 12516 12517 AND
2 1 12517 28 12518 XOR
2 1 12512 12518 12519 AND
2 1 12499 12508 12509 AND
2 1 11561 12509 12510 AND
2 1 11112 12510 12525 AND
2 1 12519 12525 12526 AND
2 1 12524 12526 12527 AND
2 1 12510 12519 12520 AND
2 1 11112 12520 12521 AND
2 1 10668 12521 12536 AND
2 1 12527 12536 12537 AND
2 1 12535 12537 12538 AND
2 1 11112 12524 12528 AND
2 1 11112 12524 12529 AND
2 1 12520 12529 12530 AND
2 1 12528 12530 12531 AND
2 1 10668 12531 12532 AND
2 1 10235 12532 12544 AND
2 1 12538 12544 12545 AND
2 1 12543 12545 12546 AND
2 1 12532 12538 12539 AND
2 1 10235 12539 12540 AND
2 1 9813 12540 12552 AND
2 1 12546 12552 12553 AND
2 1 12551 12553 12554 AND
2 1 12540 12546 12547 AND
2 1 9813 12547 12548 AND
2 1 9396 12548 12563 AND
2 1 12554 12563 12564 AND
2 1 12562 12564 12565 AND
2 1 9813 12551 12555 AND
2 1 9813 12551 12556 AND
2 1 12547 12556 12557 AND
2 1 12555 12557 12558 AND
2 1 9396 12558 12559 AND
2 1 8990 12559 12571 AND
2 1 12565 12571 12572 AND
2 1 12570 12572 12573 AND
2 1 12559 12565 12566 AND
2 1 8990 12566 12567 AND
2 1 8595 12567 12579 AND
2 1 12573 12579 12580 AND
2 1 12578 12580 12581 AND
2 1 12567 12573 12574 AND
2 1 8595 12574 12575 AND
2 1 8205 12575 12590 AND
2 1 12581 12590 12591 AND
2 1 12589 12591 12592 AND
2 1 8595 12578 12582 AND
2 1 8595 12578 12583 AND
2 1 12574 12583 12584 AND
2 1 12582 12584 12585 AND
2 1 8205 12585 12586 AND
2 1 7826 12586 12598 AND
2 1 12592 12598 12599 AND
2 1 12597 12599 12600 AND
2 1 12586 12592 12593 AND
2 1 7826 12593 12594 AND
2 1 7458 12594 12606 AND
2 1 12600 12606 12607 AND
2 1 12605 12607 12608 AND
2 1 12594 12600 12601 AND
2 1 7458 12601 12602 AND
2 1 7095 12602 12617 AND
2 1 12608 12617 12618 AND
2 1 12616 12618 12619 AND
2 1 7458 12605 12609 AND
2 1 7458 12605 12610 AND
2 1 12601 12610 12611 AND
2 1 12609 12611 12612 AND
2 1 7095 12612 12613 AND
2 1 6743 12613 12625 AND
2 1 12619 12625 12626 AND
2 1 12624 12626 12627 AND
2 1 12613 12619 12620 AND
2 1 6743 12620 12621 AND
2 1 6402 12621 12633 AND
2 1 12627 12633 12634 AND
2 1 12632 12634 12635 AND
2 1 12621 12627 12628 AND
2 1 6402 12628 12629 AND
2 1 6066 12629 12644 AND
2 1 12635 12644 12645 AND
2 1 12643 12645 12646 AND
2 1 6402 12632 12636 AND
2 1 6402 12632 12637 AND
2 1 12628 12637 12638 AND
2 1 12636 12638 12639 AND
2 1 6066 12639 12640 AND
2 1 5741 12640 12652 AND
2 1 12646 12652 12653 AND
2 1 12651 12653 12654 AND
2 1 12640 12646 12647 AND
2 1 5741 12647 12648 AND
2 1 5427 12648 12660 AND
2 1 12654 12660 12661 AND
2 1 12659 12661 12662 AND
2 1 12648 12654 12655 AND
2 1 5427 12655 12656 AND
2 1 5118 12656 12671 AND
2 1 12662 12671 12672 AND
2 1 12670 12672 12673 AND
2 1 5427 12659 12663 AND
2 1 5427 12659 12664 AND
2 1 12655 12664 12665 AND
2 1 12663 12665 12666 AND
2 1 5118 12666 12667 AND
2 1 4820 12667 12679 AND
2 1 12673 12679 12680 AND
2 1 12678 12680 12681 AND
2 1 12667 12673 12674 AND
2 1 4820 12674 12675 AND
2 1 4533 12675 12687 AND
2 1 12681 12687 12688 AND
2 1 12686 12688 12689 AND
2 1 12675 12681 12682 AND
2 1 4533 12682 12683 AND
2 1 4251 12683 12698 AND
2 1 12689 12698 12699 AND
2 1 12697 12699 12700 AND
2 1 4533 12686 12690 AND
2 1 4533 12686 12691 AND
2 1 12682 12691 12692 AND
2 1 12690 12692 12693 AND
2 1 4251 12693 12694 AND
2 1 3980 12694 12706 AND
2 1 12700 12706 12707 AND
2 1 12705 12707 12708 AND
2 1 12694 12700 12701 AND
2 1 3980 12701 12702 AND
2 1 3720 12702 12714 AND
2 1 12708 12714 12715 AND
2 1 12713 12715 12716 AND
2 1 12702 12708 12709 AND
2 1 3720 12709 12710 AND
2 1 3465 12710 12725 AND
2 1 12716 12725 12726 AND
2 1 3720 12713 12717 AND
2 1 3720 12713 12718 AND
2 1 12709 12718 12719 AND
2 1 12717 12719 12720 AND
2 1 3465 12720 12721 AND
2 1 12412 12492 12900 AND
2 1 12417 12900 12901 AND
2 1 12901 12415 12902 XOR
2 1 297 12902 12906 AND
2 1 12385 12492 12873 AND
2 1 12390 12873 12874 AND
2 1 12874 12388 12875 XOR
2 1 543 12875 12879 AND
2 1 12358 12360 12848 AND
2 1 12492 12848 12849 AND
2 1 12849 12363 12850 XOR
2 1 870 12850 12852 AND
2 1 12331 12492 12819 AND
2 1 12336 12819 12820 AND
2 1 12820 12334 12821 XOR
2 1 1278 12821 12825 AND
2 1 12304 12492 12792 AND
2 1 12309 12792 12793 AND
2 1 12793 12307 12794 XOR
2 1 1767 12794 12798 AND
2 1 12277 12492 12765 AND
2 1 12282 12765 12766 AND
2 1 12766 12280 12767 XOR
2 1 2337 12767 12771 AND
2 1 12250 12492 12738 AND
2 1 12255 12738 12739 AND
2 1 12739 12253 12740 XOR
2 1 2988 12740 12744 AND
2 1 12231 12492 12722 AND
2 1 12236 12722 12723 AND
2 1 12723 12234 12724 XOR
2 1 12724 12726 12727 AND
2 1 12721 12727 12728 AND
2 1 3221 12728 12729 AND
2 1 12239 12492 12730 AND
2 1 12244 12730 12731 AND
2 1 12731 12242 12732 XOR
2 1 3221 12721 12733 AND
2 1 12727 12733 12734 AND
2 1 12732 12734 12735 AND
2 1 12729 12735 12736 AND
2 1 2988 12740 12745 AND
2 1 12736 12745 12746 AND
2 1 12744 12746 12747 AND
2 1 2760 12747 12748 AND
2 1 12258 12492 12749 AND
2 1 12263 12749 12750 AND
2 1 12750 12261 12751 XOR
2 1 2988 12729 12741 AND
2 1 12735 12741 12742 AND
2 1 12740 12742 12743 AND
2 1 2988 12736 12737 AND
2 1 2760 12737 12752 AND
2 1 12743 12752 12753 AND
2 1 12751 12753 12754 AND
2 1 12748 12754 12755 AND
2 1 2543 12755 12756 AND
2 1 12266 12492 12757 AND
2 1 12271 12757 12758 AND
2 1 12758 12269 12759 XOR
2 1 2543 12748 12760 AND
2 1 12754 12760 12761 AND
2 1 12759 12761 12762 AND
2 1 12756 12762 12763 AND
2 1 2337 12767 12772 AND
2 1 12763 12772 12773 AND
2 1 12771 12773 12774 AND
2 1 2136 12774 12775 AND
2 1 12285 12492 12776 AND
2 1 12290 12776 12777 AND
2 1 12777 12288 12778 XOR
2 1 2337 12756 12768 AND
2 1 12762 12768 12769 AND
2 1 12767 12769 12770 AND
2 1 2337 12763 12764 AND
2 1 2136 12764 12779 AND
2 1 12770 12779 12780 AND
2 1 12778 12780 12781 AND
2 1 12775 12781 12782 AND
2 1 1946 12782 12783 AND
2 1 12293 12492 12784 AND
2 1 12298 12784 12785 AND
2 1 12785 12296 12786 XOR
2 1 1946 12775 12787 AND
2 1 12781 12787 12788 AND
2 1 12786 12788 12789 AND
2 1 12783 12789 12790 AND
2 1 1767 12794 12799 AND
2 1 12790 12799 12800 AND
2 1 12798 12800 12801 AND
2 1 1593 12801 12802 AND
2 1 12312 12492 12803 AND
2 1 12317 12803 12804 AND
2 1 12804 12315 12805 XOR
2 1 1767 12783 12795 AND
2 1 12789 12795 12796 AND
2 1 12794 12796 12797 AND
2 1 1767 12790 12791 AND
2 1 1593 12791 12806 AND
2 1 12797 12806 12807 AND
2 1 12805 12807 12808 AND
2 1 12802 12808 12809 AND
2 1 1430 12809 12810 AND
2 1 12320 12492 12811 AND
2 1 12325 12811 12812 AND
2 1 12812 12323 12813 XOR
2 1 1430 12802 12814 AND
2 1 12808 12814 12815 AND
2 1 12813 12815 12816 AND
2 1 12810 12816 12817 AND
2 1 1278 12821 12826 AND
2 1 12817 12826 12827 AND
2 1 12825 12827 12828 AND
2 1 1131 12828 12829 AND
2 1 12339 12492 12830 AND
2 1 12344 12830 12831 AND
2 1 12831 12342 12832 XOR
2 1 1278 12810 12822 AND
2 1 12816 12822 12823 AND
2 1 12821 12823 12824 AND
2 1 1278 12817 12818 AND
2 1 1131 12818 12833 AND
2 1 12824 12833 12834 AND
2 1 12832 12834 12835 AND
2 1 12829 12835 12836 AND
2 1 995 12836 12837 AND
2 1 12347 12492 12838 AND
2 1 12352 12838 12839 AND
2 1 12839 12350 12840 XOR
2 1 995 12829 12841 AND
2 1 12835 12841 12842 AND
2 1 12840 12842 12843 AND
2 1 12837 12843 12844 AND
2 1 870 12850 12853 AND
2 1 12844 12853 12854 AND
2 1 12852 12854 12855 AND
2 1 750 12855 12856 AND
2 1 12366 12492 12857 AND
2 1 12371 12857 12858 AND
2 1 12858 12369 12859 XOR
2 1 870 12837 12846 AND
2 1 12843 12846 12847 AND
2 1 12847 12850 12851 AND
2 1 870 12844 12845 AND
2 1 750 12845 12860 AND
2 1 12851 12860 12861 AND
2 1 12859 12861 12862 AND
2 1 12856 12862 12863 AND
2 1 641 12863 12864 AND
2 1 12374 12492 12865 AND
2 1 12379 12865 12866 AND
2 1 12866 12377 12867 XOR
2 1 641 12856 12868 AND
2 1 12862 12868 12869 AND
2 1 12867 12869 12870 AND
2 1 12864 12870 12871 AND
2 1 543 12875 12880 AND
2 1 12871 12880 12881 AND
2 1 12879 12881 12882 AND
2 1 450 12882 12883 AND
2 1 12393 12492 12884 AND
2 1 12398 12884 12885 AND
2 1 12885 12396 12886 XOR
2 1 543 12864 12876 AND
2 1 12870 12876 12877 AND
2 1 12875 12877 12878 AND
2 1 543 12871 12872 AND
2 1 450 12872 12887 AND
2 1 12878 12887 12888 AND
2 1 12886 12888 12889 AND
2 1 12883 12889 12890 AND
2 1 368 12890 12891 AND
2 1 12401 12492 12892 AND
2 1 12406 12892 12893 AND
2 1 12893 12404 12894 XOR
2 1 368 12883 12895 AND
2 1 12889 12895 12896 AND
2 1 12894 12896 12897 AND
2 1 12891 12897 12898 AND
2 1 297 12902 12907 AND
2 1 12898 12907 12908 AND
2 1 12906 12908 12909 AND
2 1 232 12909 12910 AND
2 1 12420 12492 12911 AND
2 1 12425 12911 12912 AND
2 1 12912 12423 12913 XOR
2 1 297 12891 12903 AND
2 1 12897 12903 12904 AND
2 1 12902 12904 12905 AND
2 1 297 12898 12899 AND
2 1 232 12899 12914 AND
2 1 12905 12914 12915 AND
2 1 12913 12915 12916 AND
2 1 12910 12916 12917 AND
2 1 183 12917 12918 AND
2 1 12428 12492 12919 AND
2 1 12433 12919 12920 AND
2 1 12920 12431 12921 XOR
2 1 183 12910 12922 AND
2 1 12916 12922 12923 AND
2 1 12921 12923 12924 AND
2 1 12918 12924 12925 AND
2 1 149 12925 12926 AND
2 1 12439 12492 12927 AND
2 1 12444 12927 12928 AND
2 1 12928 12442 12929 XOR
2 1 149 12918 12930 AND
2 1 12924 12930 12931 AND
2 1 12929 12931 12932 AND
2 1 12926 12932 12933 AND
2 1 133 12933 12934 AND
2 1 12447 12492 12935 AND
2 1 12452 12935 12936 AND
2 1 12936 12450 12937 XOR
2 1 133 12926 12938 AND
2 1 12932 12938 12939 AND
2 1 12937 12939 12940 AND
2 1 12934 12940 12941 AND
2 1 12458 12460 12942 AND
2 1 12455 12942 12943 AND
2 1 12492 12943 12944 AND
2 1 12455 12460 12945 AND
2 1 12492 12945 12946 AND
2 1 12458 12946 12947 AND
2 1 12944 12947 12948 AND
2 1 12465 12472 12949 AND
2 1 12492 12949 12950 AND
2 1 12480 12950 12951 AND
2 1 12948 12951 12952 AND
2 1 12941 12952 12953 AND
2 1 129 12953 12954 AND
2 1 12934 12948 12955 AND
2 1 12940 12955 12956 AND
2 1 12472 12492 12957 AND
2 1 12472 12465 12958 XOR
2 1 129 12958 12959 AND
2 1 12957 12959 12960 AND
2 1 12468 12489 12961 AND
2 1 12471 12961 12962 AND
2 1 12484 12962 12963 AND
2 1 12480 12963 12964 AND
2 1 12478 12964 12965 AND
2 1 12960 12965 12966 AND
2 1 12956 12966 12967 AND
2 1 12954 12967 12968 AND
2 1 12721 12968 13214 AND
2 1 12726 13214 13215 AND
2 1 13215 12724 13216 XOR
2 1 12710 12968 13206 AND
2 1 12715 13206 13207 AND
2 1 13207 12713 13208 XOR
2 1 12702 12968 13198 AND
2 1 12707 13198 13199 AND
2 1 13199 12705 13200 XOR
2 1 12694 12968 13187 AND
2 1 12699 13187 13188 AND
2 1 13188 12697 13189 XOR
2 1 12683 12968 13179 AND
2 1 12688 13179 13180 AND
2 1 13180 12686 13181 XOR
2 1 12675 12968 13171 AND
2 1 12680 13171 13172 AND
2 1 13172 12678 13173 XOR
2 1 12667 12968 13160 AND
2 1 12672 13160 13161 AND
2 1 13161 12670 13162 XOR
2 1 12656 12968 13152 AND
2 1 12661 13152 13153 AND
2 1 13153 12659 13154 XOR
2 1 12648 12968 13144 AND
2 1 12653 13144 13145 AND
2 1 13145 12651 13146 XOR
2 1 12640 12968 13133 AND
2 1 12645 13133 13134 AND
2 1 13134 12643 13135 XOR
2 1 12629 12968 13125 AND
2 1 12634 13125 13126 AND
2 1 13126 12632 13127 XOR
2 1 12621 12968 13117 AND
2 1 12626 13117 13118 AND
2 1 13118 12624 13119 XOR
2 1 12613 12968 13106 AND
2 1 12618 13106 13107 AND
2 1 13107 12616 13108 XOR
2 1 12602 12968 13098 AND
2 1 12607 13098 13099 AND
2 1 13099 12605 13100 XOR
2 1 12594 12968 13090 AND
2 1 12599 13090 13091 AND
2 1 13091 12597 13092 XOR
2 1 12586 12968 13079 AND
2 1 12591 13079 13080 AND
2 1 13080 12589 13081 XOR
2 1 12575 12968 13071 AND
2 1 12580 13071 13072 AND
2 1 13072 12578 13073 XOR
2 1 12567 12968 13063 AND
2 1 12572 13063 13064 AND
2 1 13064 12570 13065 XOR
2 1 12559 12968 13052 AND
2 1 12564 13052 13053 AND
2 1 13053 12562 13054 XOR
2 1 12548 12968 13044 AND
2 1 12553 13044 13045 AND
2 1 13045 12551 13046 XOR
2 1 12540 12968 13036 AND
2 1 12545 13036 13037 AND
2 1 13037 12543 13038 XOR
2 1 12532 12968 13025 AND
2 1 12537 13025 13026 AND
2 1 13026 12535 13027 XOR
2 1 12521 12968 13017 AND
2 1 12526 13017 13018 AND
2 1 13018 12524 13019 XOR
2 1 12510 12512 13009 AND
2 1 12968 13009 13010 AND
2 1 13010 12518 13011 XOR
2 1 12499 12504 12998 AND
2 1 12968 12998 12999 AND
2 1 12999 12507 13000 XOR
2 1 24 12968 12969 AND
2 1 22 23 12970 AND
2 1 24 12970 12971 AND
2 1 12489 12971 12976 AND
2 1 12484 12976 12977 AND
2 1 12480 12977 12978 AND
2 1 12478 12978 12979 AND
2 1 12969 12979 12980 AND
2 1 24 12968 12982 AND
2 1 12982 25 12983 XOR
2 1 12980 12983 12984 AND
2 1 24 12968 12972 AND
2 1 24 12970 12973 AND
2 1 12492 12973 12974 AND
2 1 12972 12974 12975 AND
2 1 12021 12975 12987 AND
2 1 12984 12987 12988 AND
2 1 12494 12968 12981 AND
2 1 12492 12965 12989 AND
2 1 12960 12989 12990 AND
2 1 12956 12990 12991 AND
2 1 12954 12991 12992 AND
2 1 12981 12992 12993 AND
2 1 12993 26 12994 XOR
2 1 12988 12994 12995 AND
2 1 12975 12984 12985 AND
2 1 12021 12985 12986 AND
2 1 11561 12986 13001 AND
2 1 12995 13001 13002 AND
2 1 13000 13002 13003 AND
2 1 12986 12995 12996 AND
2 1 11561 12996 12997 AND
2 1 11112 12997 13012 AND
2 1 13003 13012 13013 AND
2 1 13011 13013 13014 AND
2 1 11561 13000 13004 AND
2 1 11561 13000 13005 AND
2 1 12996 13005 13006 AND
2 1 13004 13006 13007 AND
2 1 11112 13007 13008 AND
2 1 10668 13008 13020 AND
2 1 13014 13020 13021 AND
2 1 13019 13021 13022 AND
2 1 13008 13014 13015 AND
2 1 10668 13015 13016 AND
2 1 10235 13016 13028 AND
2 1 13022 13028 13029 AND
2 1 13027 13029 13030 AND
2 1 13016 13022 13023 AND
2 1 10235 13023 13024 AND
2 1 9813 13024 13039 AND
2 1 13030 13039 13040 AND
2 1 13038 13040 13041 AND
2 1 10235 13027 13031 AND
2 1 10235 13027 13032 AND
2 1 13023 13032 13033 AND
2 1 13031 13033 13034 AND
2 1 9813 13034 13035 AND
2 1 9396 13035 13047 AND
2 1 13041 13047 13048 AND
2 1 13046 13048 13049 AND
2 1 13035 13041 13042 AND
2 1 9396 13042 13043 AND
2 1 8990 13043 13055 AND
2 1 13049 13055 13056 AND
2 1 13054 13056 13057 AND
2 1 13043 13049 13050 AND
2 1 8990 13050 13051 AND
2 1 8595 13051 13066 AND
2 1 13057 13066 13067 AND
2 1 13065 13067 13068 AND
2 1 8990 13054 13058 AND
2 1 8990 13054 13059 AND
2 1 13050 13059 13060 AND
2 1 13058 13060 13061 AND
2 1 8595 13061 13062 AND
2 1 8205 13062 13074 AND
2 1 13068 13074 13075 AND
2 1 13073 13075 13076 AND
2 1 13062 13068 13069 AND
2 1 8205 13069 13070 AND
2 1 7826 13070 13082 AND
2 1 13076 13082 13083 AND
2 1 13081 13083 13084 AND
2 1 13070 13076 13077 AND
2 1 7826 13077 13078 AND
2 1 7458 13078 13093 AND
2 1 13084 13093 13094 AND
2 1 13092 13094 13095 AND
2 1 7826 13081 13085 AND
2 1 7826 13081 13086 AND
2 1 13077 13086 13087 AND
2 1 13085 13087 13088 AND
2 1 7458 13088 13089 AND
2 1 7095 13089 13101 AND
2 1 13095 13101 13102 AND
2 1 13100 13102 13103 AND
2 1 13089 13095 13096 AND
2 1 7095 13096 13097 AND
2 1 6743 13097 13109 AND
2 1 13103 13109 13110 AND
2 1 13108 13110 13111 AND
2 1 13097 13103 13104 AND
2 1 6743 13104 13105 AND
2 1 6402 13105 13120 AND
2 1 13111 13120 13121 AND
2 1 13119 13121 13122 AND
2 1 6743 13108 13112 AND
2 1 6743 13108 13113 AND
2 1 13104 13113 13114 AND
2 1 13112 13114 13115 AND
2 1 6402 13115 13116 AND
2 1 6066 13116 13128 AND
2 1 13122 13128 13129 AND
2 1 13127 13129 13130 AND
2 1 13116 13122 13123 AND
2 1 6066 13123 13124 AND
2 1 5741 13124 13136 AND
2 1 13130 13136 13137 AND
2 1 13135 13137 13138 AND
2 1 13124 13130 13131 AND
2 1 5741 13131 13132 AND
2 1 5427 13132 13147 AND
2 1 13138 13147 13148 AND
2 1 13146 13148 13149 AND
2 1 5741 13135 13139 AND
2 1 5741 13135 13140 AND
2 1 13131 13140 13141 AND
2 1 13139 13141 13142 AND
2 1 5427 13142 13143 AND
2 1 5118 13143 13155 AND
2 1 13149 13155 13156 AND
2 1 13154 13156 13157 AND
2 1 13143 13149 13150 AND
2 1 5118 13150 13151 AND
2 1 4820 13151 13163 AND
2 1 13157 13163 13164 AND
2 1 13162 13164 13165 AND
2 1 13151 13157 13158 AND
2 1 4820 13158 13159 AND
2 1 4533 13159 13174 AND
2 1 13165 13174 13175 AND
2 1 13173 13175 13176 AND
2 1 4820 13162 13166 AND
2 1 4820 13162 13167 AND
2 1 13158 13167 13168 AND
2 1 13166 13168 13169 AND
2 1 4533 13169 13170 AND
2 1 4251 13170 13182 AND
2 1 13176 13182 13183 AND
2 1 13181 13183 13184 AND
2 1 13170 13176 13177 AND
2 1 4251 13177 13178 AND
2 1 3980 13178 13190 AND
2 1 13184 13190 13191 AND
2 1 13189 13191 13192 AND
2 1 13178 13184 13185 AND
2 1 3980 13185 13186 AND
2 1 3720 13186 13201 AND
2 1 13192 13201 13202 AND
2 1 13200 13202 13203 AND
2 1 3980 13189 13193 AND
2 1 3980 13189 13194 AND
2 1 13185 13194 13195 AND
2 1 13193 13195 13196 AND
2 1 3720 13196 13197 AND
2 1 3465 13197 13209 AND
2 1 13203 13209 13210 AND
2 1 13208 13210 13211 AND
2 1 13197 13203 13204 AND
2 1 3465 13204 13205 AND
2 1 3221 13205 13217 AND
2 1 13211 13217 13218 AND
2 1 13216 13218 13219 AND
2 1 13205 13211 13212 AND
2 1 3221 13212 13213 AND
2 1 2988 13213 13228 AND
2 1 13219 13228 13229 AND
2 1 3221 13216 13220 AND
2 1 3221 13216 13221 AND
2 1 13212 13221 13222 AND
2 1 13220 13222 13223 AND
2 1 2988 13223 13224 AND
2 1 12910 12968 13403 AND
2 1 12915 13403 13404 AND
2 1 13404 12913 13405 XOR
2 1 183 13405 13409 AND
2 1 12883 12968 13376 AND
2 1 12888 13376 13377 AND
2 1 13377 12886 13378 XOR
2 1 368 13378 13382 AND
2 1 12856 12968 13349 AND
2 1 12861 13349 13350 AND
2 1 13350 12859 13351 XOR
2 1 641 13351 13355 AND
2 1 12829 12968 13322 AND
2 1 12834 13322 13323 AND
2 1 13323 12832 13324 XOR
2 1 995 13324 13328 AND
2 1 12802 12968 13295 AND
2 1 12807 13295 13296 AND
2 1 13296 12805 13297 XOR
2 1 1430 13297 13301 AND
2 1 12775 12968 13268 AND
2 1 12780 13268 13269 AND
2 1 13269 12778 13270 XOR
2 1 1946 13270 13274 AND
2 1 12748 12968 13241 AND
2 1 12753 13241 13242 AND
2 1 13242 12751 13243 XOR
2 1 2543 13243 13247 AND
2 1 12729 12968 13225 AND
2 1 12734 13225 13226 AND
2 1 13226 12732 13227 XOR
2 1 13227 13229 13230 AND
2 1 13224 13230 13231 AND
2 1 2760 13231 13232 AND
2 1 12737 12968 13233 AND
2 1 12742 13233 13234 AND
2 1 13234 12740 13235 XOR
2 1 2760 13224 13236 AND
2 1 13230 13236 13237 AND
2 1 13235 13237 13238 AND
2 1 13232 13238 13239 AND
2 1 2543 13243 13248 AND
2 1 13239 13248 13249 AND
2 1 13247 13249 13250 AND
2 1 2337 13250 13251 AND
2 1 12756 12968 13252 AND
2 1 12761 13252 13253 AND
2 1 13253 12759 13254 XOR
2 1 2543 13232 13244 AND
2 1 13238 13244 13245 AND
2 1 13243 13245 13246 AND
2 1 2543 13239 13240 AND
2 1 2337 13240 13255 AND
2 1 13246 13255 13256 AND
2 1 13254 13256 13257 AND
2 1 13251 13257 13258 AND
2 1 2136 13258 13259 AND
2 1 12764 12968 13260 AND
2 1 12769 13260 13261 AND
2 1 13261 12767 13262 XOR
2 1 2136 13251 13263 AND
2 1 13257 13263 13264 AND
2 1 13262 13264 13265 AND
2 1 13259 13265 13266 AND
2 1 1946 13270 13275 AND
2 1 13266 13275 13276 AND
2 1 13274 13276 13277 AND
2 1 1767 13277 13278 AND
2 1 12783 12968 13279 AND
2 1 12788 13279 13280 AND
2 1 13280 12786 13281 XOR
2 1 1946 13259 13271 AND
2 1 13265 13271 13272 AND
2 1 13270 13272 13273 AND
2 1 1946 13266 13267 AND
2 1 1767 13267 13282 AND
2 1 13273 13282 13283 AND
2 1 13281 13283 13284 AND
2 1 13278 13284 13285 AND
2 1 1593 13285 13286 AND
2 1 12791 12968 13287 AND
2 1 12796 13287 13288 AND
2 1 13288 12794 13289 XOR
2 1 1593 13278 13290 AND
2 1 13284 13290 13291 AND
2 1 13289 13291 13292 AND
2 1 13286 13292 13293 AND
2 1 1430 13297 13302 AND
2 1 13293 13302 13303 AND
2 1 13301 13303 13304 AND
2 1 1278 13304 13305 AND
2 1 12810 12968 13306 AND
2 1 12815 13306 13307 AND
2 1 13307 12813 13308 XOR
2 1 1430 13286 13298 AND
2 1 13292 13298 13299 AND
2 1 13297 13299 13300 AND
2 1 1430 13293 13294 AND
2 1 1278 13294 13309 AND
2 1 13300 13309 13310 AND
2 1 13308 13310 13311 AND
2 1 13305 13311 13312 AND
2 1 1131 13312 13313 AND
2 1 12818 12968 13314 AND
2 1 12823 13314 13315 AND
2 1 13315 12821 13316 XOR
2 1 1131 13305 13317 AND
2 1 13311 13317 13318 AND
2 1 13316 13318 13319 AND
2 1 13313 13319 13320 AND
2 1 995 13324 13329 AND
2 1 13320 13329 13330 AND
2 1 13328 13330 13331 AND
2 1 870 13331 13332 AND
2 1 12837 12968 13333 AND
2 1 12842 13333 13334 AND
2 1 13334 12840 13335 XOR
2 1 995 13313 13325 AND
2 1 13319 13325 13326 AND
2 1 13324 13326 13327 AND
2 1 995 13320 13321 AND
2 1 870 13321 13336 AND
2 1 13327 13336 13337 AND
2 1 13335 13337 13338 AND
2 1 13332 13338 13339 AND
2 1 750 13339 13340 AND
2 1 750 13332 13341 AND
2 1 13338 13341 13342 AND
2 1 12845 12847 13343 AND
2 1 12968 13343 13344 AND
2 1 13344 12850 13345 XOR
2 1 13342 13345 13346 AND
2 1 13340 13346 13347 AND
2 1 641 13351 13356 AND
2 1 13347 13356 13357 AND
2 1 13355 13357 13358 AND
2 1 543 13358 13359 AND
2 1 12864 12968 13360 AND
2 1 12869 13360 13361 AND
2 1 13361 12867 13362 XOR
2 1 641 13340 13352 AND
2 1 13346 13352 13353 AND
2 1 13351 13353 13354 AND
2 1 641 13347 13348 AND
2 1 543 13348 13363 AND
2 1 13354 13363 13364 AND
2 1 13362 13364 13365 AND
2 1 13359 13365 13366 AND
2 1 450 13366 13367 AND
2 1 12872 12968 13368 AND
2 1 12877 13368 13369 AND
2 1 13369 12875 13370 XOR
2 1 450 13359 13371 AND
2 1 13365 13371 13372 AND
2 1 13370 13372 13373 AND
2 1 13367 13373 13374 AND
2 1 368 13378 13383 AND
2 1 13374 13383 13384 AND
2 1 13382 13384 13385 AND
2 1 297 13385 13386 AND
2 1 12891 12968 13387 AND
2 1 12896 13387 13388 AND
2 1 13388 12894 13389 XOR
2 1 368 13367 13379 AND
2 1 13373 13379 13380 AND
2 1 13378 13380 13381 AND
2 1 368 13374 13375 AND
2 1 297 13375 13390 AND
2 1 13381 13390 13391 AND
2 1 13389 13391 13392 AND
2 1 13386 13392 13393 AND
2 1 232 13393 13394 AND
2 1 12899 12968 13395 AND
2 1 12904 13395 13396 AND
2 1 13396 12902 13397 XOR
2 1 232 13386 13398 AND
2 1 13392 13398 13399 AND
2 1 13397 13399 13400 AND
2 1 13394 13400 13401 AND
2 1 183 13405 13410 AND
2 1 13401 13410 13411 AND
2 1 13409 13411 13412 AND
2 1 149 13412 13413 AND
2 1 12918 12968 13414 AND
2 1 12923 13414 13415 AND
2 1 13415 12921 13416 XOR
2 1 183 13394 13406 AND
2 1 13400 13406 13407 AND
2 1 13405 13407 13408 AND
2 1 183 13401 13402 AND
2 1 149 13402 13417 AND
2 1 13408 13417 13418 AND
2 1 13416 13418 13419 AND
2 1 13413 13419 13420 AND
2 1 133 13420 13421 AND
2 1 12926 12968 13422 AND
2 1 12931 13422 13423 AND
2 1 13423 12929 13424 XOR
2 1 133 13413 13425 AND
2 1 13419 13425 13426 AND
2 1 13424 13426 13427 AND
2 1 13421 13427 13428 AND
2 1 12937 12939 13429 AND
2 1 12934 13429 13430 AND
2 1 12968 13430 13431 AND
2 1 12934 12939 13432 AND
2 1 12968 13432 13433 AND
2 1 12937 13433 13434 AND
2 1 13431 13434 13435 AND
2 1 12941 12948 13436 AND
2 1 12968 13436 13437 AND
2 1 12956 13437 13438 AND
2 1 13435 13438 13439 AND
2 1 13428 13439 13440 AND
2 1 129 13440 13441 AND
2 1 13421 13435 13442 AND
2 1 13427 13442 13443 AND
2 1 12948 12968 13444 AND
2 1 12948 12941 13445 XOR
2 1 129 13445 13446 AND
2 1 13444 13446 13447 AND
2 1 12944 12965 13448 AND
2 1 12947 13448 13449 AND
2 1 12960 13449 13450 AND
2 1 12956 13450 13451 AND
2 1 12954 13451 13452 AND
2 1 13447 13452 13453 AND
2 1 13443 13453 13454 AND
2 1 13441 13454 13455 AND
2 1 13224 13455 13728 AND
2 1 13229 13728 13729 AND
2 1 13729 13227 13730 XOR
2 1 13213 13455 13720 AND
2 1 13218 13720 13721 AND
2 1 13721 13216 13722 XOR
2 1 13205 13455 13712 AND
2 1 13210 13712 13713 AND
2 1 13713 13208 13714 XOR
2 1 13197 13455 13701 AND
2 1 13202 13701 13702 AND
2 1 13702 13200 13703 XOR
2 1 13186 13455 13693 AND
2 1 13191 13693 13694 AND
2 1 13694 13189 13695 XOR
2 1 13178 13455 13685 AND
2 1 13183 13685 13686 AND
2 1 13686 13181 13687 XOR
2 1 13170 13455 13674 AND
2 1 13175 13674 13675 AND
2 1 13675 13173 13676 XOR
2 1 13159 13455 13666 AND
2 1 13164 13666 13667 AND
2 1 13667 13162 13668 XOR
2 1 13151 13455 13658 AND
2 1 13156 13658 13659 AND
2 1 13659 13154 13660 XOR
2 1 13143 13455 13647 AND
2 1 13148 13647 13648 AND
2 1 13648 13146 13649 XOR
2 1 13132 13455 13639 AND
2 1 13137 13639 13640 AND
2 1 13640 13135 13641 XOR
2 1 13124 13455 13631 AND
2 1 13129 13631 13632 AND
2 1 13632 13127 13633 XOR
2 1 13116 13455 13620 AND
2 1 13121 13620 13621 AND
2 1 13621 13119 13622 XOR
2 1 13105 13455 13612 AND
2 1 13110 13612 13613 AND
2 1 13613 13108 13614 XOR
2 1 13097 13455 13604 AND
2 1 13102 13604 13605 AND
2 1 13605 13100 13606 XOR
2 1 13089 13455 13593 AND
2 1 13094 13593 13594 AND
2 1 13594 13092 13595 XOR
2 1 13078 13455 13585 AND
2 1 13083 13585 13586 AND
2 1 13586 13081 13587 XOR
2 1 13070 13455 13577 AND
2 1 13075 13577 13578 AND
2 1 13578 13073 13579 XOR
2 1 13062 13455 13566 AND
2 1 13067 13566 13567 AND
2 1 13567 13065 13568 XOR
2 1 13051 13455 13558 AND
2 1 13056 13558 13559 AND
2 1 13559 13054 13560 XOR
2 1 13043 13455 13550 AND
2 1 13048 13550 13551 AND
2 1 13551 13046 13552 XOR
2 1 13035 13455 13539 AND
2 1 13040 13539 13540 AND
2 1 13540 13038 13541 XOR
2 1 13024 13455 13531 AND
2 1 13029 13531 13532 AND
2 1 13532 13027 13533 XOR
2 1 13016 13455 13523 AND
2 1 13021 13523 13524 AND
2 1 13524 13019 13525 XOR
2 1 13008 13455 13512 AND
2 1 13013 13512 13513 AND
2 1 13513 13011 13514 XOR
2 1 12997 13455 13504 AND
2 1 13002 13504 13505 AND
2 1 13505 13000 13506 XOR
2 1 12986 12988 13496 AND
2 1 13455 13496 13497 AND
2 1 13497 12994 13498 XOR
2 1 12975 12980 13485 AND
2 1 13455 13485 13486 AND
2 1 13486 12983 13487 XOR
2 1 22 13455 13456 AND
2 1 20 21 13457 AND
2 1 22 13457 13458 AND
2 1 12965 13458 13463 AND
2 1 12960 13463 13464 AND
2 1 12956 13464 13465 AND
2 1 12954 13465 13466 AND
2 1 13456 13466 13467 AND
2 1 22 13455 13469 AND
2 1 13469 23 13470 XOR
2 1 13467 13470 13471 AND
2 1 22 13455 13459 AND
2 1 22 13457 13460 AND
2 1 12968 13460 13461 AND
2 1 13459 13461 13462 AND
2 1 12492 13462 13474 AND
2 1 13471 13474 13475 AND
2 1 12970 13455 13468 AND
2 1 12968 13452 13476 AND
2 1 13447 13476 13477 AND
2 1 13443 13477 13478 AND
2 1 13441 13478 13479 AND
2 1 13468 13479 13480 AND
2 1 13480 24 13481 XOR
2 1 13475 13481 13482 AND
2 1 13462 13471 13472 AND
2 1 12492 13472 13473 AND
2 1 12021 13473 13488 AND
2 1 13482 13488 13489 AND
2 1 13487 13489 13490 AND
2 1 13473 13482 13483 AND
2 1 12021 13483 13484 AND
2 1 11561 13484 13499 AND
2 1 13490 13499 13500 AND
2 1 13498 13500 13501 AND
2 1 12021 13487 13491 AND
2 1 12021 13487 13492 AND
2 1 13483 13492 13493 AND
2 1 13491 13493 13494 AND
2 1 11561 13494 13495 AND
2 1 11112 13495 13507 AND
2 1 13501 13507 13508 AND
2 1 13506 13508 13509 AND
2 1 13495 13501 13502 AND
2 1 11112 13502 13503 AND
2 1 10668 13503 13515 AND
2 1 13509 13515 13516 AND
2 1 13514 13516 13517 AND
2 1 13503 13509 13510 AND
2 1 10668 13510 13511 AND
2 1 10235 13511 13526 AND
2 1 13517 13526 13527 AND
2 1 13525 13527 13528 AND
2 1 10668 13514 13518 AND
2 1 10668 13514 13519 AND
2 1 13510 13519 13520 AND
2 1 13518 13520 13521 AND
2 1 10235 13521 13522 AND
2 1 9813 13522 13534 AND
2 1 13528 13534 13535 AND
2 1 13533 13535 13536 AND
2 1 13522 13528 13529 AND
2 1 9813 13529 13530 AND
2 1 9396 13530 13542 AND
2 1 13536 13542 13543 AND
2 1 13541 13543 13544 AND
2 1 13530 13536 13537 AND
2 1 9396 13537 13538 AND
2 1 8990 13538 13553 AND
2 1 13544 13553 13554 AND
2 1 13552 13554 13555 AND
2 1 9396 13541 13545 AND
2 1 9396 13541 13546 AND
2 1 13537 13546 13547 AND
2 1 13545 13547 13548 AND
2 1 8990 13548 13549 AND
2 1 8595 13549 13561 AND
2 1 13555 13561 13562 AND
2 1 13560 13562 13563 AND
2 1 13549 13555 13556 AND
2 1 8595 13556 13557 AND
2 1 8205 13557 13569 AND
2 1 13563 13569 13570 AND
2 1 13568 13570 13571 AND
2 1 13557 13563 13564 AND
2 1 8205 13564 13565 AND
2 1 7826 13565 13580 AND
2 1 13571 13580 13581 AND
2 1 13579 13581 13582 AND
2 1 8205 13568 13572 AND
2 1 8205 13568 13573 AND
2 1 13564 13573 13574 AND
2 1 13572 13574 13575 AND
2 1 7826 13575 13576 AND
2 1 7458 13576 13588 AND
2 1 13582 13588 13589 AND
2 1 13587 13589 13590 AND
2 1 13576 13582 13583 AND
2 1 7458 13583 13584 AND
2 1 7095 13584 13596 AND
2 1 13590 13596 13597 AND
2 1 13595 13597 13598 AND
2 1 13584 13590 13591 AND
2 1 7095 13591 13592 AND
2 1 6743 13592 13607 AND
2 1 13598 13607 13608 AND
2 1 13606 13608 13609 AND
2 1 7095 13595 13599 AND
2 1 7095 13595 13600 AND
2 1 13591 13600 13601 AND
2 1 13599 13601 13602 AND
2 1 6743 13602 13603 AND
2 1 6402 13603 13615 AND
2 1 13609 13615 13616 AND
2 1 13614 13616 13617 AND
2 1 13603 13609 13610 AND
2 1 6402 13610 13611 AND
2 1 6066 13611 13623 AND
2 1 13617 13623 13624 AND
2 1 13622 13624 13625 AND
2 1 13611 13617 13618 AND
2 1 6066 13618 13619 AND
2 1 5741 13619 13634 AND
2 1 13625 13634 13635 AND
2 1 13633 13635 13636 AND
2 1 6066 13622 13626 AND
2 1 6066 13622 13627 AND
2 1 13618 13627 13628 AND
2 1 13626 13628 13629 AND
2 1 5741 13629 13630 AND
2 1 5427 13630 13642 AND
2 1 13636 13642 13643 AND
2 1 13641 13643 13644 AND
2 1 13630 13636 13637 AND
2 1 5427 13637 13638 AND
2 1 5118 13638 13650 AND
2 1 13644 13650 13651 AND
2 1 13649 13651 13652 AND
2 1 13638 13644 13645 AND
2 1 5118 13645 13646 AND
2 1 4820 13646 13661 AND
2 1 13652 13661 13662 AND
2 1 13660 13662 13663 AND
2 1 5118 13649 13653 AND
2 1 5118 13649 13654 AND
2 1 13645 13654 13655 AND
2 1 13653 13655 13656 AND
2 1 4820 13656 13657 AND
2 1 4533 13657 13669 AND
2 1 13663 13669 13670 AND
2 1 13668 13670 13671 AND
2 1 13657 13663 13664 AND
2 1 4533 13664 13665 AND
2 1 4251 13665 13677 AND
2 1 13671 13677 13678 AND
2 1 13676 13678 13679 AND
2 1 13665 13671 13672 AND
2 1 4251 13672 13673 AND
2 1 3980 13673 13688 AND
2 1 13679 13688 13689 AND
2 1 13687 13689 13690 AND
2 1 4251 13676 13680 AND
2 1 4251 13676 13681 AND
2 1 13672 13681 13682 AND
2 1 13680 13682 13683 AND
2 1 3980 13683 13684 AND
2 1 3720 13684 13696 AND
2 1 13690 13696 13697 AND
2 1 13695 13697 13698 AND
2 1 13684 13690 13691 AND
2 1 3720 13691 13692 AND
2 1 3465 13692 13704 AND
2 1 13698 13704 13705 AND
2 1 13703 13705 13706 AND
2 1 13692 13698 13699 AND
2 1 3465 13699 13700 AND
2 1 3221 13700 13715 AND
2 1 13706 13715 13716 AND
2 1 13714 13716 13717 AND
2 1 3465 13703 13707 AND
2 1 3465 13703 13708 AND
2 1 13699 13708 13709 AND
2 1 13707 13709 13710 AND
2 1 3221 13710 13711 AND
2 1 2988 13711 13723 AND
2 1 13717 13723 13724 AND
2 1 13722 13724 13725 AND
2 1 13711 13717 13718 AND
2 1 2988 13718 13719 AND
2 1 2760 13719 13731 AND
2 1 13725 13731 13732 AND
2 1 13730 13732 13733 AND
2 1 13719 13725 13726 AND
2 1 2760 13726 13727 AND
2 1 2543 13727 13742 AND
2 1 13733 13742 13743 AND
2 1 2760 13730 13734 AND
2 1 2760 13730 13735 AND
2 1 13726 13735 13736 AND
2 1 13734 13736 13737 AND
2 1 2543 13737 13738 AND
2 1 13413 13455 13917 AND
2 1 13418 13917 13918 AND
2 1 13918 13416 13919 XOR
2 1 133 13919 13923 AND
2 1 13386 13455 13890 AND
2 1 13391 13890 13891 AND
2 1 13891 13389 13892 XOR
2 1 232 13892 13896 AND
2 1 13359 13455 13863 AND
2 1 13364 13863 13864 AND
2 1 13864 13362 13865 XOR
2 1 450 13865 13869 AND
2 1 13332 13455 13836 AND
2 1 13337 13836 13837 AND
2 1 13837 13335 13838 XOR
2 1 750 13838 13842 AND
2 1 13305 13455 13809 AND
2 1 13310 13809 13810 AND
2 1 13810 13308 13811 XOR
2 1 1131 13811 13815 AND
2 1 13278 13455 13782 AND
2 1 13283 13782 13783 AND
2 1 13783 13281 13784 XOR
2 1 1593 13784 13788 AND
2 1 13251 13455 13755 AND
2 1 13256 13755 13756 AND
2 1 13756 13254 13757 XOR
2 1 2136 13757 13761 AND
2 1 13232 13455 13739 AND
2 1 13237 13739 13740 AND
2 1 13740 13235 13741 XOR
2 1 13741 13743 13744 AND
2 1 13738 13744 13745 AND
2 1 2337 13745 13746 AND
2 1 13240 13455 13747 AND
2 1 13245 13747 13748 AND
2 1 13748 13243 13749 XOR
2 1 2337 13738 13750 AND
2 1 13744 13750 13751 AND
2 1 13749 13751 13752 AND
2 1 13746 13752 13753 AND
2 1 2136 13757 13762 AND
2 1 13753 13762 13763 AND
2 1 13761 13763 13764 AND
2 1 1946 13764 13765 AND
2 1 13259 13455 13766 AND
2 1 13264 13766 13767 AND
2 1 13767 13262 13768 XOR
2 1 2136 13746 13758 AND
2 1 13752 13758 13759 AND
2 1 13757 13759 13760 AND
2 1 2136 13753 13754 AND
2 1 1946 13754 13769 AND
2 1 13760 13769 13770 AND
2 1 13768 13770 13771 AND
2 1 13765 13771 13772 AND
2 1 1767 13772 13773 AND
2 1 13267 13455 13774 AND
2 1 13272 13774 13775 AND
2 1 13775 13270 13776 XOR
2 1 1767 13765 13777 AND
2 1 13771 13777 13778 AND
2 1 13776 13778 13779 AND
2 1 13773 13779 13780 AND
2 1 1593 13784 13789 AND
2 1 13780 13789 13790 AND
2 1 13788 13790 13791 AND
2 1 1430 13791 13792 AND
2 1 13286 13455 13793 AND
2 1 13291 13793 13794 AND
2 1 13794 13289 13795 XOR
2 1 1593 13773 13785 AND
2 1 13779 13785 13786 AND
2 1 13784 13786 13787 AND
2 1 1593 13780 13781 AND
2 1 1430 13781 13796 AND
2 1 13787 13796 13797 AND
2 1 13795 13797 13798 AND
2 1 13792 13798 13799 AND
2 1 1278 13799 13800 AND
2 1 13294 13455 13801 AND
2 1 13299 13801 13802 AND
2 1 13802 13297 13803 XOR
2 1 1278 13792 13804 AND
2 1 13798 13804 13805 AND
2 1 13803 13805 13806 AND
2 1 13800 13806 13807 AND
2 1 1131 13811 13816 AND
2 1 13807 13816 13817 AND
2 1 13815 13817 13818 AND
2 1 995 13818 13819 AND
2 1 13313 13455 13820 AND
2 1 13318 13820 13821 AND
2 1 13821 13316 13822 XOR
2 1 1131 13800 13812 AND
2 1 13806 13812 13813 AND
2 1 13811 13813 13814 AND
2 1 1131 13807 13808 AND
2 1 995 13808 13823 AND
2 1 13814 13823 13824 AND
2 1 13822 13824 13825 AND
2 1 13819 13825 13826 AND
2 1 870 13826 13827 AND
2 1 13321 13455 13828 AND
2 1 13326 13828 13829 AND
2 1 13829 13324 13830 XOR
2 1 870 13819 13831 AND
2 1 13825 13831 13832 AND
2 1 13830 13832 13833 AND
2 1 13827 13833 13834 AND
2 1 750 13838 13843 AND
2 1 13834 13843 13844 AND
2 1 13842 13844 13845 AND
2 1 641 13845 13846 AND
2 1 750 13827 13839 AND
2 1 13833 13839 13840 AND
2 1 13838 13840 13841 AND
2 1 750 13834 13835 AND
2 1 641 13835 13847 AND
2 1 13841 13847 13848 AND
2 1 13340 13342 13849 AND
2 1 13455 13849 13850 AND
2 1 13850 13345 13851 XOR
2 1 13848 13851 13852 AND
2 1 13846 13852 13853 AND
2 1 543 13853 13854 AND
2 1 13348 13455 13855 AND
2 1 13353 13855 13856 AND
2 1 13856 13351 13857 XOR
2 1 543 13846 13858 AND
2 1 13852 13858 13859 AND
2 1 13857 13859 13860 AND
2 1 13854 13860 13861 AND
2 1 450 13865 13870 AND
2 1 13861 13870 13871 AND
2 1 13869 13871 13872 AND
2 1 368 13872 13873 AND
2 1 13367 13455 13874 AND
2 1 13372 13874 13875 AND
2 1 13875 13370 13876 XOR
2 1 450 13854 13866 AND
2 1 13860 13866 13867 AND
2 1 13865 13867 13868 AND
2 1 450 13861 13862 AND
2 1 368 13862 13877 AND
2 1 13868 13877 13878 AND
2 1 13876 13878 13879 AND
2 1 13873 13879 13880 AND
2 1 297 13880 13881 AND
2 1 13375 13455 13882 AND
2 1 13380 13882 13883 AND
2 1 13883 13378 13884 XOR
2 1 297 13873 13885 AND
2 1 13879 13885 13886 AND
2 1 13884 13886 13887 AND
2 1 13881 13887 13888 AND
2 1 232 13892 13897 AND
2 1 13888 13897 13898 AND
2 1 13896 13898 13899 AND
2 1 183 13899 13900 AND
2 1 13394 13455 13901 AND
2 1 13399 13901 13902 AND
2 1 13902 13397 13903 XOR
2 1 232 13881 13893 AND
2 1 13887 13893 13894 AND
2 1 13892 13894 13895 AND
2 1 232 13888 13889 AND
2 1 183 13889 13904 AND
2 1 13895 13904 13905 AND
2 1 13903 13905 13906 AND
2 1 13900 13906 13907 AND
2 1 149 13907 13908 AND
2 1 13402 13455 13909 AND
2 1 13407 13909 13910 AND
2 1 13910 13405 13911 XOR
2 1 149 13900 13912 AND
2 1 13906 13912 13913 AND
2 1 13911 13913 13914 AND
2 1 13908 13914 13915 AND
2 1 133 13919 13924 AND
2 1 13915 13924 13925 AND
2 1 13923 13925 13926 AND
2 1 13424 13426 13927 AND
2 1 13421 13927 13928 AND
2 1 13455 13928 13929 AND
2 1 13421 13426 13930 AND
2 1 13455 13930 13931 AND
2 1 13424 13931 13932 AND
2 1 13929 13932 13933 AND
2 1 13428 13435 13934 AND
2 1 13455 13934 13935 AND
2 1 13443 13935 13936 AND
2 1 13933 13936 13937 AND
2 1 13926 13937 13938 AND
2 1 129 13938 13939 AND
2 1 133 13908 13920 AND
2 1 13914 13920 13921 AND
2 1 13919 13921 13922 AND
2 1 133 13915 13916 AND
2 1 13916 13933 13940 AND
2 1 13922 13940 13941 AND
2 1 13435 13455 13942 AND
2 1 13435 13428 13943 XOR
2 1 129 13943 13944 AND
2 1 13942 13944 13945 AND
2 1 13431 13452 13946 AND
2 1 13434 13946 13947 AND
2 1 13447 13947 13948 AND
2 1 13443 13948 13949 AND
2 1 13441 13949 13950 AND
2 1 13945 13950 13951 AND
2 1 13941 13951 13952 AND
2 1 13939 13952 13953 AND
2 1 13738 13953 14253 AND
2 1 13743 14253 14254 AND
2 1 14254 13741 14255 XOR
2 1 13727 13953 14245 AND
2 1 13732 14245 14246 AND
2 1 14246 13730 14247 XOR
2 1 13719 13953 14237 AND
2 1 13724 14237 14238 AND
2 1 14238 13722 14239 XOR
2 1 13711 13953 14226 AND
2 1 13716 14226 14227 AND
2 1 14227 13714 14228 XOR
2 1 13700 13953 14218 AND
2 1 13705 14218 14219 AND
2 1 14219 13703 14220 XOR
2 1 13692 13953 14210 AND
2 1 13697 14210 14211 AND
2 1 14211 13695 14212 XOR
2 1 13684 13953 14199 AND
2 1 13689 14199 14200 AND
2 1 14200 13687 14201 XOR
2 1 13673 13953 14191 AND
2 1 13678 14191 14192 AND
2 1 14192 13676 14193 XOR
2 1 13665 13953 14183 AND
2 1 13670 14183 14184 AND
2 1 14184 13668 14185 XOR
2 1 13657 13953 14172 AND
2 1 13662 14172 14173 AND
2 1 14173 13660 14174 XOR
2 1 13646 13953 14164 AND
2 1 13651 14164 14165 AND
2 1 14165 13649 14166 XOR
2 1 13638 13953 14156 AND
2 1 13643 14156 14157 AND
2 1 14157 13641 14158 XOR
2 1 13630 13953 14145 AND
2 1 13635 14145 14146 AND
2 1 14146 13633 14147 XOR
2 1 13619 13953 14137 AND
2 1 13624 14137 14138 AND
2 1 14138 13622 14139 XOR
2 1 13611 13953 14129 AND
2 1 13616 14129 14130 AND
2 1 14130 13614 14131 XOR
2 1 13603 13953 14118 AND
2 1 13608 14118 14119 AND
2 1 14119 13606 14120 XOR
2 1 13592 13953 14110 AND
2 1 13597 14110 14111 AND
2 1 14111 13595 14112 XOR
2 1 13584 13953 14102 AND
2 1 13589 14102 14103 AND
2 1 14103 13587 14104 XOR
2 1 13576 13953 14091 AND
2 1 13581 14091 14092 AND
2 1 14092 13579 14093 XOR
2 1 13565 13953 14083 AND
2 1 13570 14083 14084 AND
2 1 14084 13568 14085 XOR
2 1 13557 13953 14075 AND
2 1 13562 14075 14076 AND
2 1 14076 13560 14077 XOR
2 1 13549 13953 14064 AND
2 1 13554 14064 14065 AND
2 1 14065 13552 14066 XOR
2 1 13538 13953 14056 AND
2 1 13543 14056 14057 AND
2 1 14057 13541 14058 XOR
2 1 13530 13953 14048 AND
2 1 13535 14048 14049 AND
2 1 14049 13533 14050 XOR
2 1 13522 13953 14037 AND
2 1 13527 14037 14038 AND
2 1 14038 13525 14039 XOR
2 1 13511 13953 14029 AND
2 1 13516 14029 14030 AND
2 1 14030 13514 14031 XOR
2 1 13503 13953 14021 AND
2 1 13508 14021 14022 AND
2 1 14022 13506 14023 XOR
2 1 13495 13953 14010 AND
2 1 13500 14010 14011 AND
2 1 14011 13498 14012 XOR
2 1 13484 13953 14002 AND
2 1 13489 14002 14003 AND
2 1 14003 13487 14004 XOR
2 1 13473 13475 13994 AND
2 1 13953 13994 13995 AND
2 1 13995 13481 13996 XOR
2 1 13462 13467 13983 AND
2 1 13953 13983 13984 AND
2 1 13984 13470 13985 XOR
2 1 20 13953 13954 AND
2 1 18 19 13955 AND
2 1 20 13955 13956 AND
2 1 13452 13956 13961 AND
2 1 13447 13961 13962 AND
2 1 13443 13962 13963 AND
2 1 13441 13963 13964 AND
2 1 13954 13964 13965 AND
2 1 20 13953 13967 AND
2 1 13967 21 13968 XOR
2 1 13965 13968 13969 AND
2 1 20 13953 13957 AND
2 1 20 13955 13958 AND
2 1 13455 13958 13959 AND
2 1 13957 13959 13960 AND
2 1 12968 13960 13972 AND
2 1 13969 13972 13973 AND
2 1 13457 13953 13966 AND
2 1 13455 13950 13974 AND
2 1 13945 13974 13975 AND
2 1 13941 13975 13976 AND
2 1 13939 13976 13977 AND
2 1 13966 13977 13978 AND
2 1 13978 22 13979 XOR
2 1 13973 13979 13980 AND
2 1 13960 13969 13970 AND
2 1 12968 13970 13971 AND
2 1 12492 13971 13986 AND
2 1 13980 13986 13987 AND
2 1 13985 13987 13988 AND
2 1 13971 13980 13981 AND
2 1 12492 13981 13982 AND
2 1 12021 13982 13997 AND
2 1 13988 13997 13998 AND
2 1 13996 13998 13999 AND
2 1 12492 13985 13989 AND
2 1 12492 13985 13990 AND
2 1 13981 13990 13991 AND
2 1 13989 13991 13992 AND
2 1 12021 13992 13993 AND
2 1 11561 13993 14005 AND
2 1 13999 14005 14006 AND
2 1 14004 14006 14007 AND
2 1 13993 13999 14000 AND
2 1 11561 14000 14001 AND
2 1 11112 14001 14013 AND
2 1 14007 14013 14014 AND
2 1 14012 14014 14015 AND
2 1 14001 14007 14008 AND
2 1 11112 14008 14009 AND
2 1 10668 14009 14024 AND
2 1 14015 14024 14025 AND
2 1 14023 14025 14026 AND
2 1 11112 14012 14016 AND
2 1 11112 14012 14017 AND
2 1 14008 14017 14018 AND
2 1 14016 14018 14019 AND
2 1 10668 14019 14020 AND
2 1 10235 14020 14032 AND
2 1 14026 14032 14033 AND
2 1 14031 14033 14034 AND
2 1 14020 14026 14027 AND
2 1 10235 14027 14028 AND
2 1 9813 14028 14040 AND
2 1 14034 14040 14041 AND
2 1 14039 14041 14042 AND
2 1 14028 14034 14035 AND
2 1 9813 14035 14036 AND
2 1 9396 14036 14051 AND
2 1 14042 14051 14052 AND
2 1 14050 14052 14053 AND
2 1 9813 14039 14043 AND
2 1 9813 14039 14044 AND
2 1 14035 14044 14045 AND
2 1 14043 14045 14046 AND
2 1 9396 14046 14047 AND
2 1 8990 14047 14059 AND
2 1 14053 14059 14060 AND
2 1 14058 14060 14061 AND
2 1 14047 14053 14054 AND
2 1 8990 14054 14055 AND
2 1 8595 14055 14067 AND
2 1 14061 14067 14068 AND
2 1 14066 14068 14069 AND
2 1 14055 14061 14062 AND
2 1 8595 14062 14063 AND
2 1 8205 14063 14078 AND
2 1 14069 14078 14079 AND
2 1 14077 14079 14080 AND
2 1 8595 14066 14070 AND
2 1 8595 14066 14071 AND
2 1 14062 14071 14072 AND
2 1 14070 14072 14073 AND
2 1 8205 14073 14074 AND
2 1 7826 14074 14086 AND
2 1 14080 14086 14087 AND
2 1 14085 14087 14088 AND
2 1 14074 14080 14081 AND
2 1 7826 14081 14082 AND
2 1 7458 14082 14094 AND
2 1 14088 14094 14095 AND
2 1 14093 14095 14096 AND
2 1 14082 14088 14089 AND
2 1 7458 14089 14090 AND
2 1 7095 14090 14105 AND
2 1 14096 14105 14106 AND
2 1 14104 14106 14107 AND
2 1 7458 14093 14097 AND
2 1 7458 14093 14098 AND
2 1 14089 14098 14099 AND
2 1 14097 14099 14100 AND
2 1 7095 14100 14101 AND
2 1 6743 14101 14113 AND
2 1 14107 14113 14114 AND
2 1 14112 14114 14115 AND
2 1 14101 14107 14108 AND
2 1 6743 14108 14109 AND
2 1 6402 14109 14121 AND
2 1 14115 14121 14122 AND
2 1 14120 14122 14123 AND
2 1 14109 14115 14116 AND
2 1 6402 14116 14117 AND
2 1 6066 14117 14132 AND
2 1 14123 14132 14133 AND
2 1 14131 14133 14134 AND
2 1 6402 14120 14124 AND
2 1 6402 14120 14125 AND
2 1 14116 14125 14126 AND
2 1 14124 14126 14127 AND
2 1 6066 14127 14128 AND
2 1 5741 14128 14140 AND
2 1 14134 14140 14141 AND
2 1 14139 14141 14142 AND
2 1 14128 14134 14135 AND
2 1 5741 14135 14136 AND
2 1 5427 14136 14148 AND
2 1 14142 14148 14149 AND
2 1 14147 14149 14150 AND
2 1 14136 14142 14143 AND
2 1 5427 14143 14144 AND
2 1 5118 14144 14159 AND
2 1 14150 14159 14160 AND
2 1 14158 14160 14161 AND
2 1 5427 14147 14151 AND
2 1 5427 14147 14152 AND
2 1 14143 14152 14153 AND
2 1 14151 14153 14154 AND
2 1 5118 14154 14155 AND
2 1 4820 14155 14167 AND
2 1 14161 14167 14168 AND
2 1 14166 14168 14169 AND
2 1 14155 14161 14162 AND
2 1 4820 14162 14163 AND
2 1 4533 14163 14175 AND
2 1 14169 14175 14176 AND
2 1 14174 14176 14177 AND
2 1 14163 14169 14170 AND
2 1 4533 14170 14171 AND
2 1 4251 14171 14186 AND
2 1 14177 14186 14187 AND
2 1 14185 14187 14188 AND
2 1 4533 14174 14178 AND
2 1 4533 14174 14179 AND
2 1 14170 14179 14180 AND
2 1 14178 14180 14181 AND
2 1 4251 14181 14182 AND
2 1 3980 14182 14194 AND
2 1 14188 14194 14195 AND
2 1 14193 14195 14196 AND
2 1 14182 14188 14189 AND
2 1 3980 14189 14190 AND
2 1 3720 14190 14202 AND
2 1 14196 14202 14203 AND
2 1 14201 14203 14204 AND
2 1 14190 14196 14197 AND
2 1 3720 14197 14198 AND
2 1 3465 14198 14213 AND
2 1 14204 14213 14214 AND
2 1 14212 14214 14215 AND
2 1 3720 14201 14205 AND
2 1 3720 14201 14206 AND
2 1 14197 14206 14207 AND
2 1 14205 14207 14208 AND
2 1 3465 14208 14209 AND
2 1 3221 14209 14221 AND
2 1 14215 14221 14222 AND
2 1 14220 14222 14223 AND
2 1 14209 14215 14216 AND
2 1 3221 14216 14217 AND
2 1 2988 14217 14229 AND
2 1 14223 14229 14230 AND
2 1 14228 14230 14231 AND
2 1 14217 14223 14224 AND
2 1 2988 14224 14225 AND
2 1 2760 14225 14240 AND
2 1 14231 14240 14241 AND
2 1 14239 14241 14242 AND
2 1 2988 14228 14232 AND
2 1 2988 14228 14233 AND
2 1 14224 14233 14234 AND
2 1 14232 14234 14235 AND
2 1 2760 14235 14236 AND
2 1 2543 14236 14248 AND
2 1 14242 14248 14249 AND
2 1 14247 14249 14250 AND
2 1 14236 14242 14243 AND
2 1 2543 14243 14244 AND
2 1 2337 14244 14256 AND
2 1 14250 14256 14257 AND
2 1 14255 14257 14258 AND
2 1 14244 14250 14251 AND
2 1 2337 14251 14252 AND
2 1 2136 14252 14267 AND
2 1 14258 14267 14268 AND
2 1 2337 14255 14259 AND
2 1 2337 14255 14260 AND
2 1 14251 14260 14261 AND
2 1 14259 14261 14262 AND
2 1 2136 14262 14263 AND
2 1 13873 13953 14388 AND
2 1 13878 14388 14389 AND
2 1 14389 13876 14390 XOR
2 1 297 14390 14394 AND
2 1 13846 13848 14363 AND
2 1 13953 14363 14364 AND
2 1 14364 13851 14365 XOR
2 1 543 14365 14367 AND
2 1 13819 13953 14334 AND
2 1 13824 14334 14335 AND
2 1 14335 13822 14336 XOR
2 1 870 14336 14340 AND
2 1 13792 13953 14307 AND
2 1 13797 14307 14308 AND
2 1 14308 13795 14309 XOR
2 1 1278 14309 14313 AND
2 1 13765 13953 14280 AND
2 1 13770 14280 14281 AND
2 1 14281 13768 14282 XOR
2 1 1767 14282 14286 AND
2 1 13746 13953 14264 AND
2 1 13751 14264 14265 AND
2 1 14265 13749 14266 XOR
2 1 14266 14268 14269 AND
2 1 14263 14269 14270 AND
2 1 1946 14270 14271 AND
2 1 13754 13953 14272 AND
2 1 13759 14272 14273 AND
2 1 14273 13757 14274 XOR
2 1 1946 14263 14275 AND
2 1 14269 14275 14276 AND
2 1 14274 14276 14277 AND
2 1 14271 14277 14278 AND
2 1 1767 14282 14287 AND
2 1 14278 14287 14288 AND
2 1 14286 14288 14289 AND
2 1 1593 14289 14290 AND
2 1 13773 13953 14291 AND
2 1 13778 14291 14292 AND
2 1 14292 13776 14293 XOR
2 1 1767 14271 14283 AND
2 1 14277 14283 14284 AND
2 1 14282 14284 14285 AND
2 1 1767 14278 14279 AND
2 1 1593 14279 14294 AND
2 1 14285 14294 14295 AND
2 1 14293 14295 14296 AND
2 1 14290 14296 14297 AND
2 1 1430 14297 14298 AND
2 1 13781 13953 14299 AND
2 1 13786 14299 14300 AND
2 1 14300 13784 14301 XOR
2 1 1430 14290 14302 AND
2 1 14296 14302 14303 AND
2 1 14301 14303 14304 AND
2 1 14298 14304 14305 AND
2 1 1278 14309 14314 AND
2 1 14305 14314 14315 AND
2 1 14313 14315 14316 AND
2 1 1131 14316 14317 AND
2 1 13800 13953 14318 AND
2 1 13805 14318 14319 AND
2 1 14319 13803 14320 XOR
2 1 1278 14298 14310 AND
2 1 14304 14310 14311 AND
2 1 14309 14311 14312 AND
2 1 1278 14305 14306 AND
2 1 1131 14306 14321 AND
2 1 14312 14321 14322 AND
2 1 14320 14322 14323 AND
2 1 14317 14323 14324 AND
2 1 995 14324 14325 AND
2 1 13808 13953 14326 AND
2 1 13813 14326 14327 AND
2 1 14327 13811 14328 XOR
2 1 995 14317 14329 AND
2 1 14323 14329 14330 AND
2 1 14328 14330 14331 AND
2 1 14325 14331 14332 AND
2 1 870 14336 14341 AND
2 1 14332 14341 14342 AND
2 1 14340 14342 14343 AND
2 1 750 14343 14344 AND
2 1 13827 13953 14345 AND
2 1 13832 14345 14346 AND
2 1 14346 13830 14347 XOR
2 1 870 14325 14337 AND
2 1 14331 14337 14338 AND
2 1 14336 14338 14339 AND
2 1 870 14332 14333 AND
2 1 750 14333 14348 AND
2 1 14339 14348 14349 AND
2 1 14347 14349 14350 AND
2 1 14344 14350 14351 AND
2 1 641 14351 14352 AND
2 1 13835 13953 14353 AND
2 1 13840 14353 14354 AND
2 1 14354 13838 14355 XOR
2 1 641 14344 14356 AND
2 1 14350 14356 14357 AND
2 1 14355 14357 14358 AND
2 1 14352 14358 14359 AND
2 1 543 14365 14368 AND
2 1 14359 14368 14369 AND
2 1 14367 14369 14370 AND
2 1 450 14370 14371 AND
2 1 13854 13953 14372 AND
2 1 13859 14372 14373 AND
2 1 14373 13857 14374 XOR
2 1 543 14352 14361 AND
2 1 14358 14361 14362 AND
2 1 14362 14365 14366 AND
2 1 543 14359 14360 AND
2 1 450 14360 14375 AND
2 1 14366 14375 14376 AND
2 1 14374 14376 14377 AND
2 1 14371 14377 14378 AND
2 1 368 14378 14379 AND
2 1 13862 13953 14380 AND
2 1 13867 14380 14381 AND
2 1 14381 13865 14382 XOR
2 1 368 14371 14383 AND
2 1 14377 14383 14384 AND
2 1 14382 14384 14385 AND
2 1 14379 14385 14386 AND
2 1 297 14390 14395 AND
2 1 14386 14395 14396 AND
2 1 14394 14396 14397 AND
2 1 232 14397 14398 AND
2 1 13881 13953 14399 AND
2 1 13886 14399 14400 AND
2 1 14400 13884 14401 XOR
2 1 297 14379 14391 AND
2 1 14385 14391 14392 AND
2 1 14390 14392 14393 AND
2 1 297 14386 14387 AND
2 1 232 14387 14402 AND
2 1 14393 14402 14403 AND
2 1 14401 14403 14404 AND
2 1 14398 14404 14405 AND
2 1 183 14405 14406 AND
2 1 13889 13953 14407 AND
2 1 13894 14407 14408 AND
2 1 14408 13892 14409 XOR
2 1 183 14398 14410 AND
2 1 14404 14410 14411 AND
2 1 14409 14411 14412 AND
2 1 14406 14412 14413 AND
2 1 149 14413 14414 AND
2 1 13900 13953 14415 AND
2 1 13905 14415 14416 AND
2 1 14416 13903 14417 XOR
2 1 149 14406 14418 AND
2 1 14412 14418 14419 AND
2 1 14417 14419 14420 AND
2 1 14414 14420 14421 AND
2 1 133 14421 14422 AND
2 1 13908 13953 14423 AND
2 1 13913 14423 14424 AND
2 1 14424 13911 14425 XOR
2 1 133 14414 14426 AND
2 1 14420 14426 14427 AND
2 1 14425 14427 14428 AND
2 1 14422 14428 14429 AND
2 1 13916 13919 14430 AND
2 1 13921 14430 14431 AND
2 1 13953 14431 14432 AND
2 1 13916 13921 14433 AND
2 1 13953 14433 14434 AND
2 1 13919 14434 14435 AND
2 1 14432 14435 14436 AND
2 1 13926 13933 14437 AND
2 1 13953 14437 14438 AND
2 1 13941 14438 14439 AND
2 1 14436 14439 14440 AND
2 1 14429 14440 14441 AND
2 1 129 14441 14442 AND
2 1 14422 14436 14443 AND
2 1 14428 14443 14444 AND
2 1 13933 13953 14445 AND
2 1 13933 13926 14446 XOR
2 1 129 14446 14447 AND
2 1 14445 14447 14448 AND
2 1 13929 13950 14449 AND
2 1 13932 14449 14450 AND
2 1 13945 14450 14451 AND
2 1 13941 14451 14452 AND
2 1 13939 14452 14453 AND
2 1 14448 14453 14454 AND
2 1 14444 14454 14455 AND
2 1 14442 14455 14456 AND
2 1 14263 14456 14783 AND
2 1 14268 14783 14784 AND
2 1 14784 14266 14785 XOR
2 1 14252 14456 14775 AND
2 1 14257 14775 14776 AND
2 1 14776 14255 14777 XOR
2 1 14244 14456 14767 AND
2 1 14249 14767 14768 AND
2 1 14768 14247 14769 XOR
2 1 14236 14456 14756 AND
2 1 14241 14756 14757 AND
2 1 14757 14239 14758 XOR
2 1 14225 14456 14748 AND
2 1 14230 14748 14749 AND
2 1 14749 14228 14750 XOR
2 1 14217 14456 14740 AND
2 1 14222 14740 14741 AND
2 1 14741 14220 14742 XOR
2 1 14209 14456 14729 AND
2 1 14214 14729 14730 AND
2 1 14730 14212 14731 XOR
2 1 14198 14456 14721 AND
2 1 14203 14721 14722 AND
2 1 14722 14201 14723 XOR
2 1 14190 14456 14713 AND
2 1 14195 14713 14714 AND
2 1 14714 14193 14715 XOR
2 1 14182 14456 14702 AND
2 1 14187 14702 14703 AND
2 1 14703 14185 14704 XOR
2 1 14171 14456 14694 AND
2 1 14176 14694 14695 AND
2 1 14695 14174 14696 XOR
2 1 14163 14456 14686 AND
2 1 14168 14686 14687 AND
2 1 14687 14166 14688 XOR
2 1 14155 14456 14675 AND
2 1 14160 14675 14676 AND
2 1 14676 14158 14677 XOR
2 1 14144 14456 14667 AND
2 1 14149 14667 14668 AND
2 1 14668 14147 14669 XOR
2 1 14136 14456 14659 AND
2 1 14141 14659 14660 AND
2 1 14660 14139 14661 XOR
2 1 14128 14456 14648 AND
2 1 14133 14648 14649 AND
2 1 14649 14131 14650 XOR
2 1 14117 14456 14640 AND
2 1 14122 14640 14641 AND
2 1 14641 14120 14642 XOR
2 1 14109 14456 14632 AND
2 1 14114 14632 14633 AND
2 1 14633 14112 14634 XOR
2 1 14101 14456 14621 AND
2 1 14106 14621 14622 AND
2 1 14622 14104 14623 XOR
2 1 14090 14456 14613 AND
2 1 14095 14613 14614 AND
2 1 14614 14093 14615 XOR
2 1 14082 14456 14605 AND
2 1 14087 14605 14606 AND
2 1 14606 14085 14607 XOR
2 1 14074 14456 14594 AND
2 1 14079 14594 14595 AND
2 1 14595 14077 14596 XOR
2 1 14063 14456 14586 AND
2 1 14068 14586 14587 AND
2 1 14587 14066 14588 XOR
2 1 14055 14456 14578 AND
2 1 14060 14578 14579 AND
2 1 14579 14058 14580 XOR
2 1 14047 14456 14567 AND
2 1 14052 14567 14568 AND
2 1 14568 14050 14569 XOR
2 1 14036 14456 14559 AND
2 1 14041 14559 14560 AND
2 1 14560 14039 14561 XOR
2 1 14028 14456 14551 AND
2 1 14033 14551 14552 AND
2 1 14552 14031 14553 XOR
2 1 14020 14456 14540 AND
2 1 14025 14540 14541 AND
2 1 14541 14023 14542 XOR
2 1 14009 14456 14532 AND
2 1 14014 14532 14533 AND
2 1 14533 14012 14534 XOR
2 1 14001 14456 14524 AND
2 1 14006 14524 14525 AND
2 1 14525 14004 14526 XOR
2 1 13993 14456 14513 AND
2 1 13998 14513 14514 AND
2 1 14514 13996 14515 XOR
2 1 13982 14456 14505 AND
2 1 13987 14505 14506 AND
2 1 14506 13985 14507 XOR
2 1 13971 13973 14497 AND
2 1 14456 14497 14498 AND
2 1 14498 13979 14499 XOR
2 1 13960 13965 14486 AND
2 1 14456 14486 14487 AND
2 1 14487 13968 14488 XOR
2 1 18 14456 14457 AND
2 1 16 17 14458 AND
2 1 18 14458 14459 AND
2 1 13950 14459 14464 AND
2 1 13945 14464 14465 AND
2 1 13941 14465 14466 AND
2 1 13939 14466 14467 AND
2 1 14457 14467 14468 AND
2 1 18 14456 14470 AND
2 1 14470 19 14471 XOR
2 1 14468 14471 14472 AND
2 1 18 14456 14460 AND
2 1 18 14458 14461 AND
2 1 13953 14461 14462 AND
2 1 14460 14462 14463 AND
2 1 13455 14463 14475 AND
2 1 14472 14475 14476 AND
2 1 13955 14456 14469 AND
2 1 13953 14453 14477 AND
2 1 14448 14477 14478 AND
2 1 14444 14478 14479 AND
2 1 14442 14479 14480 AND
2 1 14469 14480 14481 AND
2 1 14481 20 14482 XOR
2 1 14476 14482 14483 AND
2 1 14463 14472 14473 AND
2 1 13455 14473 14474 AND
2 1 12968 14474 14489 AND
2 1 14483 14489 14490 AND
2 1 14488 14490 14491 AND
2 1 14474 14483 14484 AND
2 1 12968 14484 14485 AND
2 1 12492 14485 14500 AND
2 1 14491 14500 14501 AND
2 1 14499 14501 14502 AND
2 1 12968 14488 14492 AND
2 1 12968 14488 14493 AND
2 1 14484 14493 14494 AND
2 1 14492 14494 14495 AND
2 1 12492 14495 14496 AND
2 1 12021 14496 14508 AND
2 1 14502 14508 14509 AND
2 1 14507 14509 14510 AND
2 1 14496 14502 14503 AND
2 1 12021 14503 14504 AND
2 1 11561 14504 14516 AND
2 1 14510 14516 14517 AND
2 1 14515 14517 14518 AND
2 1 14504 14510 14511 AND
2 1 11561 14511 14512 AND
2 1 11112 14512 14527 AND
2 1 14518 14527 14528 AND
2 1 14526 14528 14529 AND
2 1 11561 14515 14519 AND
2 1 11561 14515 14520 AND
2 1 14511 14520 14521 AND
2 1 14519 14521 14522 AND
2 1 11112 14522 14523 AND
2 1 10668 14523 14535 AND
2 1 14529 14535 14536 AND
2 1 14534 14536 14537 AND
2 1 14523 14529 14530 AND
2 1 10668 14530 14531 AND
2 1 10235 14531 14543 AND
2 1 14537 14543 14544 AND
2 1 14542 14544 14545 AND
2 1 14531 14537 14538 AND
2 1 10235 14538 14539 AND
2 1 9813 14539 14554 AND
2 1 14545 14554 14555 AND
2 1 14553 14555 14556 AND
2 1 10235 14542 14546 AND
2 1 10235 14542 14547 AND
2 1 14538 14547 14548 AND
2 1 14546 14548 14549 AND
2 1 9813 14549 14550 AND
2 1 9396 14550 14562 AND
2 1 14556 14562 14563 AND
2 1 14561 14563 14564 AND
2 1 14550 14556 14557 AND
2 1 9396 14557 14558 AND
2 1 8990 14558 14570 AND
2 1 14564 14570 14571 AND
2 1 14569 14571 14572 AND
2 1 14558 14564 14565 AND
2 1 8990 14565 14566 AND
2 1 8595 14566 14581 AND
2 1 14572 14581 14582 AND
2 1 14580 14582 14583 AND
2 1 8990 14569 14573 AND
2 1 8990 14569 14574 AND
2 1 14565 14574 14575 AND
2 1 14573 14575 14576 AND
2 1 8595 14576 14577 AND
2 1 8205 14577 14589 AND
2 1 14583 14589 14590 AND
2 1 14588 14590 14591 AND
2 1 14577 14583 14584 AND
2 1 8205 14584 14585 AND
2 1 7826 14585 14597 AND
2 1 14591 14597 14598 AND
2 1 14596 14598 14599 AND
2 1 14585 14591 14592 AND
2 1 7826 14592 14593 AND
2 1 7458 14593 14608 AND
2 1 14599 14608 14609 AND
2 1 14607 14609 14610 AND
2 1 7826 14596 14600 AND
2 1 7826 14596 14601 AND
2 1 14592 14601 14602 AND
2 1 14600 14602 14603 AND
2 1 7458 14603 14604 AND
2 1 7095 14604 14616 AND
2 1 14610 14616 14617 AND
2 1 14615 14617 14618 AND
2 1 14604 14610 14611 AND
2 1 7095 14611 14612 AND
2 1 6743 14612 14624 AND
2 1 14618 14624 14625 AND
2 1 14623 14625 14626 AND
2 1 14612 14618 14619 AND
2 1 6743 14619 14620 AND
2 1 6402 14620 14635 AND
2 1 14626 14635 14636 AND
2 1 14634 14636 14637 AND
2 1 6743 14623 14627 AND
2 1 6743 14623 14628 AND
2 1 14619 14628 14629 AND
2 1 14627 14629 14630 AND
2 1 6402 14630 14631 AND
2 1 6066 14631 14643 AND
2 1 14637 14643 14644 AND
2 1 14642 14644 14645 AND
2 1 14631 14637 14638 AND
2 1 6066 14638 14639 AND
2 1 5741 14639 14651 AND
2 1 14645 14651 14652 AND
2 1 14650 14652 14653 AND
2 1 14639 14645 14646 AND
2 1 5741 14646 14647 AND
2 1 5427 14647 14662 AND
2 1 14653 14662 14663 AND
2 1 14661 14663 14664 AND
2 1 5741 14650 14654 AND
2 1 5741 14650 14655 AND
2 1 14646 14655 14656 AND
2 1 14654 14656 14657 AND
2 1 5427 14657 14658 AND
2 1 5118 14658 14670 AND
2 1 14664 14670 14671 AND
2 1 14669 14671 14672 AND
2 1 14658 14664 14665 AND
2 1 5118 14665 14666 AND
2 1 4820 14666 14678 AND
2 1 14672 14678 14679 AND
2 1 14677 14679 14680 AND
2 1 14666 14672 14673 AND
2 1 4820 14673 14674 AND
2 1 4533 14674 14689 AND
2 1 14680 14689 14690 AND
2 1 14688 14690 14691 AND
2 1 4820 14677 14681 AND
2 1 4820 14677 14682 AND
2 1 14673 14682 14683 AND
2 1 14681 14683 14684 AND
2 1 4533 14684 14685 AND
2 1 4251 14685 14697 AND
2 1 14691 14697 14698 AND
2 1 14696 14698 14699 AND
2 1 14685 14691 14692 AND
2 1 4251 14692 14693 AND
2 1 3980 14693 14705 AND
2 1 14699 14705 14706 AND
2 1 14704 14706 14707 AND
2 1 14693 14699 14700 AND
2 1 3980 14700 14701 AND
2 1 3720 14701 14716 AND
2 1 14707 14716 14717 AND
2 1 14715 14717 14718 AND
2 1 3980 14704 14708 AND
2 1 3980 14704 14709 AND
2 1 14700 14709 14710 AND
2 1 14708 14710 14711 AND
2 1 3720 14711 14712 AND
2 1 3465 14712 14724 AND
2 1 14718 14724 14725 AND
2 1 14723 14725 14726 AND
2 1 14712 14718 14719 AND
2 1 3465 14719 14720 AND
2 1 3221 14720 14732 AND
2 1 14726 14732 14733 AND
2 1 14731 14733 14734 AND
2 1 14720 14726 14727 AND
2 1 3221 14727 14728 AND
2 1 2988 14728 14743 AND
2 1 14734 14743 14744 AND
2 1 14742 14744 14745 AND
2 1 3221 14731 14735 AND
2 1 3221 14731 14736 AND
2 1 14727 14736 14737 AND
2 1 14735 14737 14738 AND
2 1 2988 14738 14739 AND
2 1 2760 14739 14751 AND
2 1 14745 14751 14752 AND
2 1 14750 14752 14753 AND
2 1 14739 14745 14746 AND
2 1 2760 14746 14747 AND
2 1 2543 14747 14759 AND
2 1 14753 14759 14760 AND
2 1 14758 14760 14761 AND
2 1 14747 14753 14754 AND
2 1 2543 14754 14755 AND
2 1 2337 14755 14770 AND
2 1 14761 14770 14771 AND
2 1 14769 14771 14772 AND
2 1 2543 14758 14762 AND
2 1 2543 14758 14763 AND
2 1 14754 14763 14764 AND
2 1 14762 14764 14765 AND
2 1 2337 14765 14766 AND
2 1 2136 14766 14778 AND
2 1 14772 14778 14779 AND
2 1 14777 14779 14780 AND
2 1 14766 14772 14773 AND
2 1 2136 14773 14774 AND
2 1 1946 14774 14786 AND
2 1 14780 14786 14787 AND
2 1 14785 14787 14788 AND
2 1 14774 14780 14781 AND
2 1 1946 14781 14782 AND
2 1 1767 14782 14797 AND
2 1 14788 14797 14798 AND
2 1 1946 14785 14789 AND
2 1 1946 14785 14790 AND
2 1 14781 14790 14791 AND
2 1 14789 14791 14792 AND
2 1 1767 14792 14793 AND
2 1 14398 14456 14918 AND
2 1 14403 14918 14919 AND
2 1 14919 14401 14920 XOR
2 1 183 14920 14924 AND
2 1 14371 14456 14891 AND
2 1 14376 14891 14892 AND
2 1 14892 14374 14893 XOR
2 1 368 14893 14897 AND
2 1 14344 14456 14864 AND
2 1 14349 14864 14865 AND
2 1 14865 14347 14866 XOR
2 1 641 14866 14870 AND
2 1 14317 14456 14837 AND
2 1 14322 14837 14838 AND
2 1 14838 14320 14839 XOR
2 1 995 14839 14843 AND
2 1 14290 14456 14810 AND
2 1 14295 14810 14811 AND
2 1 14811 14293 14812 XOR
2 1 1430 14812 14816 AND
2 1 14271 14456 14794 AND
2 1 14276 14794 14795 AND
2 1 14795 14274 14796 XOR
2 1 14796 14798 14799 AND
2 1 14793 14799 14800 AND
2 1 1593 14800 14801 AND
2 1 14279 14456 14802 AND
2 1 14284 14802 14803 AND
2 1 14803 14282 14804 XOR
2 1 1593 14793 14805 AND
2 1 14799 14805 14806 AND
2 1 14804 14806 14807 AND
2 1 14801 14807 14808 AND
2 1 1430 14812 14817 AND
2 1 14808 14817 14818 AND
2 1 14816 14818 14819 AND
2 1 1278 14819 14820 AND
2 1 14298 14456 14821 AND
2 1 14303 14821 14822 AND
2 1 14822 14301 14823 XOR
2 1 1430 14801 14813 AND
2 1 14807 14813 14814 AND
2 1 14812 14814 14815 AND
2 1 1430 14808 14809 AND
2 1 1278 14809 14824 AND
2 1 14815 14824 14825 AND
2 1 14823 14825 14826 AND
2 1 14820 14826 14827 AND
2 1 1131 14827 14828 AND
2 1 14306 14456 14829 AND
2 1 14311 14829 14830 AND
2 1 14830 14309 14831 XOR
2 1 1131 14820 14832 AND
2 1 14826 14832 14833 AND
2 1 14831 14833 14834 AND
2 1 14828 14834 14835 AND
2 1 995 14839 14844 AND
2 1 14835 14844 14845 AND
2 1 14843 14845 14846 AND
2 1 870 14846 14847 AND
2 1 14325 14456 14848 AND
2 1 14330 14848 14849 AND
2 1 14849 14328 14850 XOR
2 1 995 14828 14840 AND
2 1 14834 14840 14841 AND
2 1 14839 14841 14842 AND
2 1 995 14835 14836 AND
2 1 870 14836 14851 AND
2 1 14842 14851 14852 AND
2 1 14850 14852 14853 AND
2 1 14847 14853 14854 AND
2 1 750 14854 14855 AND
2 1 14333 14456 14856 AND
2 1 14338 14856 14857 AND
2 1 14857 14336 14858 XOR
2 1 750 14847 14859 AND
2 1 14853 14859 14860 AND
2 1 14858 14860 14861 AND
2 1 14855 14861 14862 AND
2 1 641 14866 14871 AND
2 1 14862 14871 14872 AND
2 1 14870 14872 14873 AND
2 1 543 14873 14874 AND
2 1 14352 14456 14875 AND
2 1 14357 14875 14876 AND
2 1 14876 14355 14877 XOR
2 1 641 14855 14867 AND
2 1 14861 14867 14868 AND
2 1 14866 14868 14869 AND
2 1 641 14862 14863 AND
2 1 543 14863 14878 AND
2 1 14869 14878 14879 AND
2 1 14877 14879 14880 AND
2 1 14874 14880 14881 AND
2 1 450 14881 14882 AND
2 1 450 14874 14883 AND
2 1 14880 14883 14884 AND
2 1 14360 14362 14885 AND
2 1 14456 14885 14886 AND
2 1 14886 14365 14887 XOR
2 1 14884 14887 14888 AND
2 1 14882 14888 14889 AND
2 1 368 14893 14898 AND
2 1 14889 14898 14899 AND
2 1 14897 14899 14900 AND
2 1 297 14900 14901 AND
2 1 14379 14456 14902 AND
2 1 14384 14902 14903 AND
2 1 14903 14382 14904 XOR
2 1 368 14882 14894 AND
2 1 14888 14894 14895 AND
2 1 14893 14895 14896 AND
2 1 368 14889 14890 AND
2 1 297 14890 14905 AND
2 1 14896 14905 14906 AND
2 1 14904 14906 14907 AND
2 1 14901 14907 14908 AND
2 1 232 14908 14909 AND
2 1 14387 14456 14910 AND
2 1 14392 14910 14911 AND
2 1 14911 14390 14912 XOR
2 1 232 14901 14913 AND
2 1 14907 14913 14914 AND
2 1 14912 14914 14915 AND
2 1 14909 14915 14916 AND
2 1 183 14920 14925 AND
2 1 14916 14925 14926 AND
2 1 14924 14926 14927 AND
2 1 149 14927 14928 AND
2 1 14406 14456 14929 AND
2 1 14411 14929 14930 AND
2 1 14930 14409 14931 XOR
2 1 183 14909 14921 AND
2 1 14915 14921 14922 AND
2 1 14920 14922 14923 AND
2 1 183 14916 14917 AND
2 1 149 14917 14932 AND
2 1 14923 14932 14933 AND
2 1 14931 14933 14934 AND
2 1 14928 14934 14935 AND
2 1 133 14935 14936 AND
2 1 14414 14456 14937 AND
2 1 14419 14937 14938 AND
2 1 14938 14417 14939 XOR
2 1 133 14928 14940 AND
2 1 14934 14940 14941 AND
2 1 14939 14941 14942 AND
2 1 14936 14942 14943 AND
2 1 14425 14427 14944 AND
2 1 14422 14944 14945 AND
2 1 14456 14945 14946 AND
2 1 14422 14427 14947 AND
2 1 14456 14947 14948 AND
2 1 14425 14948 14949 AND
2 1 14946 14949 14950 AND
2 1 14429 14436 14951 AND
2 1 14456 14951 14952 AND
2 1 14444 14952 14953 AND
2 1 14950 14953 14954 AND
2 1 14943 14954 14955 AND
2 1 129 14955 14956 AND
2 1 14936 14950 14957 AND
2 1 14942 14957 14958 AND
2 1 14436 14456 14959 AND
2 1 14436 14429 14960 XOR
2 1 129 14960 14961 AND
2 1 14959 14961 14962 AND
2 1 14432 14453 14963 AND
2 1 14435 14963 14964 AND
2 1 14448 14964 14965 AND
2 1 14444 14965 14966 AND
2 1 14442 14966 14967 AND
2 1 14962 14967 14968 AND
2 1 14958 14968 14969 AND
2 1 14956 14969 14970 AND
2 1 14793 14970 15324 AND
2 1 14798 15324 15325 AND
2 1 15325 14796 15326 XOR
2 1 14782 14970 15316 AND
2 1 14787 15316 15317 AND
2 1 15317 14785 15318 XOR
2 1 14774 14970 15308 AND
2 1 14779 15308 15309 AND
2 1 15309 14777 15310 XOR
2 1 14766 14970 15297 AND
2 1 14771 15297 15298 AND
2 1 15298 14769 15299 XOR
2 1 14755 14970 15289 AND
2 1 14760 15289 15290 AND
2 1 15290 14758 15291 XOR
2 1 14747 14970 15281 AND
2 1 14752 15281 15282 AND
2 1 15282 14750 15283 XOR
2 1 14739 14970 15270 AND
2 1 14744 15270 15271 AND
2 1 15271 14742 15272 XOR
2 1 14728 14970 15262 AND
2 1 14733 15262 15263 AND
2 1 15263 14731 15264 XOR
2 1 14720 14970 15254 AND
2 1 14725 15254 15255 AND
2 1 15255 14723 15256 XOR
2 1 14712 14970 15243 AND
2 1 14717 15243 15244 AND
2 1 15244 14715 15245 XOR
2 1 14701 14970 15235 AND
2 1 14706 15235 15236 AND
2 1 15236 14704 15237 XOR
2 1 14693 14970 15227 AND
2 1 14698 15227 15228 AND
2 1 15228 14696 15229 XOR
2 1 14685 14970 15216 AND
2 1 14690 15216 15217 AND
2 1 15217 14688 15218 XOR
2 1 14674 14970 15208 AND
2 1 14679 15208 15209 AND
2 1 15209 14677 15210 XOR
2 1 14666 14970 15200 AND
2 1 14671 15200 15201 AND
2 1 15201 14669 15202 XOR
2 1 14658 14970 15189 AND
2 1 14663 15189 15190 AND
2 1 15190 14661 15191 XOR
2 1 14647 14970 15181 AND
2 1 14652 15181 15182 AND
2 1 15182 14650 15183 XOR
2 1 14639 14970 15173 AND
2 1 14644 15173 15174 AND
2 1 15174 14642 15175 XOR
2 1 14631 14970 15162 AND
2 1 14636 15162 15163 AND
2 1 15163 14634 15164 XOR
2 1 14620 14970 15154 AND
2 1 14625 15154 15155 AND
2 1 15155 14623 15156 XOR
2 1 14612 14970 15146 AND
2 1 14617 15146 15147 AND
2 1 15147 14615 15148 XOR
2 1 14604 14970 15135 AND
2 1 14609 15135 15136 AND
2 1 15136 14607 15137 XOR
2 1 14593 14970 15127 AND
2 1 14598 15127 15128 AND
2 1 15128 14596 15129 XOR
2 1 14585 14970 15119 AND
2 1 14590 15119 15120 AND
2 1 15120 14588 15121 XOR
2 1 14577 14970 15108 AND
2 1 14582 15108 15109 AND
2 1 15109 14580 15110 XOR
2 1 14566 14970 15100 AND
2 1 14571 15100 15101 AND
2 1 15101 14569 15102 XOR
2 1 14558 14970 15092 AND
2 1 14563 15092 15093 AND
2 1 15093 14561 15094 XOR
2 1 14550 14970 15081 AND
2 1 14555 15081 15082 AND
2 1 15082 14553 15083 XOR
2 1 14539 14970 15073 AND
2 1 14544 15073 15074 AND
2 1 15074 14542 15075 XOR
2 1 14531 14970 15065 AND
2 1 14536 15065 15066 AND
2 1 15066 14534 15067 XOR
2 1 14523 14970 15054 AND
2 1 14528 15054 15055 AND
2 1 15055 14526 15056 XOR
2 1 14512 14970 15046 AND
2 1 14517 15046 15047 AND
2 1 15047 14515 15048 XOR
2 1 14504 14970 15038 AND
2 1 14509 15038 15039 AND
2 1 15039 14507 15040 XOR
2 1 14496 14970 15027 AND
2 1 14501 15027 15028 AND
2 1 15028 14499 15029 XOR
2 1 14485 14970 15019 AND
2 1 14490 15019 15020 AND
2 1 15020 14488 15021 XOR
2 1 14474 14476 15011 AND
2 1 14970 15011 15012 AND
2 1 15012 14482 15013 XOR
2 1 14463 14468 15000 AND
2 1 14970 15000 15001 AND
2 1 15001 14471 15002 XOR
2 1 16 14970 14971 AND
2 1 14 15 14972 AND
2 1 16 14972 14973 AND
2 1 14453 14973 14978 AND
2 1 14448 14978 14979 AND
2 1 14444 14979 14980 AND
2 1 14442 14980 14981 AND
2 1 14971 14981 14982 AND
2 1 16 14970 14984 AND
2 1 14984 17 14985 XOR
2 1 14982 14985 14986 AND
2 1 16 14970 14974 AND
2 1 16 14972 14975 AND
2 1 14456 14975 14976 AND
2 1 14974 14976 14977 AND
2 1 13953 14977 14989 AND
2 1 14986 14989 14990 AND
2 1 14458 14970 14983 AND
2 1 14456 14967 14991 AND
2 1 14962 14991 14992 AND
2 1 14958 14992 14993 AND
2 1 14956 14993 14994 AND
2 1 14983 14994 14995 AND
2 1 14995 18 14996 XOR
2 1 14990 14996 14997 AND
2 1 14977 14986 14987 AND
2 1 13953 14987 14988 AND
2 1 13455 14988 15003 AND
2 1 14997 15003 15004 AND
2 1 15002 15004 15005 AND
2 1 14988 14997 14998 AND
2 1 13455 14998 14999 AND
2 1 12968 14999 15014 AND
2 1 15005 15014 15015 AND
2 1 15013 15015 15016 AND
2 1 13455 15002 15006 AND
2 1 13455 15002 15007 AND
2 1 14998 15007 15008 AND
2 1 15006 15008 15009 AND
2 1 12968 15009 15010 AND
2 1 12492 15010 15022 AND
2 1 15016 15022 15023 AND
2 1 15021 15023 15024 AND
2 1 15010 15016 15017 AND
2 1 12492 15017 15018 AND
2 1 12021 15018 15030 AND
2 1 15024 15030 15031 AND
2 1 15029 15031 15032 AND
2 1 15018 15024 15025 AND
2 1 12021 15025 15026 AND
2 1 11561 15026 15041 AND
2 1 15032 15041 15042 AND
2 1 15040 15042 15043 AND
2 1 12021 15029 15033 AND
2 1 12021 15029 15034 AND
2 1 15025 15034 15035 AND
2 1 15033 15035 15036 AND
2 1 11561 15036 15037 AND
2 1 11112 15037 15049 AND
2 1 15043 15049 15050 AND
2 1 15048 15050 15051 AND
2 1 15037 15043 15044 AND
2 1 11112 15044 15045 AND
2 1 10668 15045 15057 AND
2 1 15051 15057 15058 AND
2 1 15056 15058 15059 AND
2 1 15045 15051 15052 AND
2 1 10668 15052 15053 AND
2 1 10235 15053 15068 AND
2 1 15059 15068 15069 AND
2 1 15067 15069 15070 AND
2 1 10668 15056 15060 AND
2 1 10668 15056 15061 AND
2 1 15052 15061 15062 AND
2 1 15060 15062 15063 AND
2 1 10235 15063 15064 AND
2 1 9813 15064 15076 AND
2 1 15070 15076 15077 AND
2 1 15075 15077 15078 AND
2 1 15064 15070 15071 AND
2 1 9813 15071 15072 AND
2 1 9396 15072 15084 AND
2 1 15078 15084 15085 AND
2 1 15083 15085 15086 AND
2 1 15072 15078 15079 AND
2 1 9396 15079 15080 AND
2 1 8990 15080 15095 AND
2 1 15086 15095 15096 AND
2 1 15094 15096 15097 AND
2 1 9396 15083 15087 AND
2 1 9396 15083 15088 AND
2 1 15079 15088 15089 AND
2 1 15087 15089 15090 AND
2 1 8990 15090 15091 AND
2 1 8595 15091 15103 AND
2 1 15097 15103 15104 AND
2 1 15102 15104 15105 AND
2 1 15091 15097 15098 AND
2 1 8595 15098 15099 AND
2 1 8205 15099 15111 AND
2 1 15105 15111 15112 AND
2 1 15110 15112 15113 AND
2 1 15099 15105 15106 AND
2 1 8205 15106 15107 AND
2 1 7826 15107 15122 AND
2 1 15113 15122 15123 AND
2 1 15121 15123 15124 AND
2 1 8205 15110 15114 AND
2 1 8205 15110 15115 AND
2 1 15106 15115 15116 AND
2 1 15114 15116 15117 AND
2 1 7826 15117 15118 AND
2 1 7458 15118 15130 AND
2 1 15124 15130 15131 AND
2 1 15129 15131 15132 AND
2 1 15118 15124 15125 AND
2 1 7458 15125 15126 AND
2 1 7095 15126 15138 AND
2 1 15132 15138 15139 AND
2 1 15137 15139 15140 AND
2 1 15126 15132 15133 AND
2 1 7095 15133 15134 AND
2 1 6743 15134 15149 AND
2 1 15140 15149 15150 AND
2 1 15148 15150 15151 AND
2 1 7095 15137 15141 AND
2 1 7095 15137 15142 AND
2 1 15133 15142 15143 AND
2 1 15141 15143 15144 AND
2 1 6743 15144 15145 AND
2 1 6402 15145 15157 AND
2 1 15151 15157 15158 AND
2 1 15156 15158 15159 AND
2 1 15145 15151 15152 AND
2 1 6402 15152 15153 AND
2 1 6066 15153 15165 AND
2 1 15159 15165 15166 AND
2 1 15164 15166 15167 AND
2 1 15153 15159 15160 AND
2 1 6066 15160 15161 AND
2 1 5741 15161 15176 AND
2 1 15167 15176 15177 AND
2 1 15175 15177 15178 AND
2 1 6066 15164 15168 AND
2 1 6066 15164 15169 AND
2 1 15160 15169 15170 AND
2 1 15168 15170 15171 AND
2 1 5741 15171 15172 AND
2 1 5427 15172 15184 AND
2 1 15178 15184 15185 AND
2 1 15183 15185 15186 AND
2 1 15172 15178 15179 AND
2 1 5427 15179 15180 AND
2 1 5118 15180 15192 AND
2 1 15186 15192 15193 AND
2 1 15191 15193 15194 AND
2 1 15180 15186 15187 AND
2 1 5118 15187 15188 AND
2 1 4820 15188 15203 AND
2 1 15194 15203 15204 AND
2 1 15202 15204 15205 AND
2 1 5118 15191 15195 AND
2 1 5118 15191 15196 AND
2 1 15187 15196 15197 AND
2 1 15195 15197 15198 AND
2 1 4820 15198 15199 AND
2 1 4533 15199 15211 AND
2 1 15205 15211 15212 AND
2 1 15210 15212 15213 AND
2 1 15199 15205 15206 AND
2 1 4533 15206 15207 AND
2 1 4251 15207 15219 AND
2 1 15213 15219 15220 AND
2 1 15218 15220 15221 AND
2 1 15207 15213 15214 AND
2 1 4251 15214 15215 AND
2 1 3980 15215 15230 AND
2 1 15221 15230 15231 AND
2 1 15229 15231 15232 AND
2 1 4251 15218 15222 AND
2 1 4251 15218 15223 AND
2 1 15214 15223 15224 AND
2 1 15222 15224 15225 AND
2 1 3980 15225 15226 AND
2 1 3720 15226 15238 AND
2 1 15232 15238 15239 AND
2 1 15237 15239 15240 AND
2 1 15226 15232 15233 AND
2 1 3720 15233 15234 AND
2 1 3465 15234 15246 AND
2 1 15240 15246 15247 AND
2 1 15245 15247 15248 AND
2 1 15234 15240 15241 AND
2 1 3465 15241 15242 AND
2 1 3221 15242 15257 AND
2 1 15248 15257 15258 AND
2 1 15256 15258 15259 AND
2 1 3465 15245 15249 AND
2 1 3465 15245 15250 AND
2 1 15241 15250 15251 AND
2 1 15249 15251 15252 AND
2 1 3221 15252 15253 AND
2 1 2988 15253 15265 AND
2 1 15259 15265 15266 AND
2 1 15264 15266 15267 AND
2 1 15253 15259 15260 AND
2 1 2988 15260 15261 AND
2 1 2760 15261 15273 AND
2 1 15267 15273 15274 AND
2 1 15272 15274 15275 AND
2 1 15261 15267 15268 AND
2 1 2760 15268 15269 AND
2 1 2543 15269 15284 AND
2 1 15275 15284 15285 AND
2 1 15283 15285 15286 AND
2 1 2760 15272 15276 AND
2 1 2760 15272 15277 AND
2 1 15268 15277 15278 AND
2 1 15276 15278 15279 AND
2 1 2543 15279 15280 AND
2 1 2337 15280 15292 AND
2 1 15286 15292 15293 AND
2 1 15291 15293 15294 AND
2 1 15280 15286 15287 AND
2 1 2337 15287 15288 AND
2 1 2136 15288 15300 AND
2 1 15294 15300 15301 AND
2 1 15299 15301 15302 AND
2 1 15288 15294 15295 AND
2 1 2136 15295 15296 AND
2 1 1946 15296 15311 AND
2 1 15302 15311 15312 AND
2 1 15310 15312 15313 AND
2 1 2136 15299 15303 AND
2 1 2136 15299 15304 AND
2 1 15295 15304 15305 AND
2 1 15303 15305 15306 AND
2 1 1946 15306 15307 AND
2 1 1767 15307 15319 AND
2 1 15313 15319 15320 AND
2 1 15318 15320 15321 AND
2 1 15307 15313 15314 AND
2 1 1767 15314 15315 AND
2 1 1593 15315 15327 AND
2 1 15321 15327 15328 AND
2 1 15326 15328 15329 AND
2 1 15315 15321 15322 AND
2 1 1593 15322 15323 AND
2 1 1430 15323 15338 AND
2 1 15329 15338 15339 AND
2 1 1593 15326 15330 AND
2 1 1593 15326 15331 AND
2 1 15322 15331 15332 AND
2 1 15330 15332 15333 AND
2 1 1430 15333 15334 AND
2 1 14928 14970 15459 AND
2 1 14933 15459 15460 AND
2 1 15460 14931 15461 XOR
2 1 133 15461 15465 AND
2 1 14901 14970 15432 AND
2 1 14906 15432 15433 AND
2 1 15433 14904 15434 XOR
2 1 232 15434 15438 AND
2 1 14874 14970 15405 AND
2 1 14879 15405 15406 AND
2 1 15406 14877 15407 XOR
2 1 450 15407 15411 AND
2 1 14847 14970 15378 AND
2 1 14852 15378 15379 AND
2 1 15379 14850 15380 XOR
2 1 750 15380 15384 AND
2 1 14820 14970 15351 AND
2 1 14825 15351 15352 AND
2 1 15352 14823 15353 XOR
2 1 1131 15353 15357 AND
2 1 14801 14970 15335 AND
2 1 14806 15335 15336 AND
2 1 15336 14804 15337 XOR
2 1 15337 15339 15340 AND
2 1 15334 15340 15341 AND
2 1 1278 15341 15342 AND
2 1 14809 14970 15343 AND
2 1 14814 15343 15344 AND
2 1 15344 14812 15345 XOR
2 1 1278 15334 15346 AND
2 1 15340 15346 15347 AND
2 1 15345 15347 15348 AND
2 1 15342 15348 15349 AND
2 1 1131 15353 15358 AND
2 1 15349 15358 15359 AND
2 1 15357 15359 15360 AND
2 1 995 15360 15361 AND
2 1 14828 14970 15362 AND
2 1 14833 15362 15363 AND
2 1 15363 14831 15364 XOR
2 1 1131 15342 15354 AND
2 1 15348 15354 15355 AND
2 1 15353 15355 15356 AND
2 1 1131 15349 15350 AND
2 1 995 15350 15365 AND
2 1 15356 15365 15366 AND
2 1 15364 15366 15367 AND
2 1 15361 15367 15368 AND
2 1 870 15368 15369 AND
2 1 14836 14970 15370 AND
2 1 14841 15370 15371 AND
2 1 15371 14839 15372 XOR
2 1 870 15361 15373 AND
2 1 15367 15373 15374 AND
2 1 15372 15374 15375 AND
2 1 15369 15375 15376 AND
2 1 750 15380 15385 AND
2 1 15376 15385 15386 AND
2 1 15384 15386 15387 AND
2 1 641 15387 15388 AND
2 1 14855 14970 15389 AND
2 1 14860 15389 15390 AND
2 1 15390 14858 15391 XOR
2 1 750 15369 15381 AND
2 1 15375 15381 15382 AND
2 1 15380 15382 15383 AND
2 1 750 15376 15377 AND
2 1 641 15377 15392 AND
2 1 15383 15392 15393 AND
2 1 15391 15393 15394 AND
2 1 15388 15394 15395 AND
2 1 543 15395 15396 AND
2 1 14863 14970 15397 AND
2 1 14868 15397 15398 AND
2 1 15398 14866 15399 XOR
2 1 543 15388 15400 AND
2 1 15394 15400 15401 AND
2 1 15399 15401 15402 AND
2 1 15396 15402 15403 AND
2 1 450 15407 15412 AND
2 1 15403 15412 15413 AND
2 1 15411 15413 15414 AND
2 1 368 15414 15415 AND
2 1 450 15396 15408 AND
2 1 15402 15408 15409 AND
2 1 15407 15409 15410 AND
2 1 450 15403 15404 AND
2 1 368 15404 15416 AND
2 1 15410 15416 15417 AND
2 1 14882 14884 15418 AND
2 1 14970 15418 15419 AND
2 1 15419 14887 15420 XOR
2 1 15417 15420 15421 AND
2 1 15415 15421 15422 AND
2 1 297 15422 15423 AND
2 1 14890 14970 15424 AND
2 1 14895 15424 15425 AND
2 1 15425 14893 15426 XOR
2 1 297 15415 15427 AND
2 1 15421 15427 15428 AND
2 1 15426 15428 15429 AND
2 1 15423 15429 15430 AND
2 1 232 15434 15439 AND
2 1 15430 15439 15440 AND
2 1 15438 15440 15441 AND
2 1 183 15441 15442 AND
2 1 14909 14970 15443 AND
2 1 14914 15443 15444 AND
2 1 15444 14912 15445 XOR
2 1 232 15423 15435 AND
2 1 15429 15435 15436 AND
2 1 15434 15436 15437 AND
2 1 232 15430 15431 AND
2 1 183 15431 15446 AND
2 1 15437 15446 15447 AND
2 1 15445 15447 15448 AND
2 1 15442 15448 15449 AND
2 1 149 15449 15450 AND
2 1 14917 14970 15451 AND
2 1 14922 15451 15452 AND
2 1 15452 14920 15453 XOR
2 1 149 15442 15454 AND
2 1 15448 15454 15455 AND
2 1 15453 15455 15456 AND
2 1 15450 15456 15457 AND
2 1 133 15461 15466 AND
2 1 15457 15466 15467 AND
2 1 15465 15467 15468 AND
2 1 14939 14941 15469 AND
2 1 14936 15469 15470 AND
2 1 14970 15470 15471 AND
2 1 14936 14941 15472 AND
2 1 14970 15472 15473 AND
2 1 14939 15473 15474 AND
2 1 15471 15474 15475 AND
2 1 14943 14950 15476 AND
2 1 14970 15476 15477 AND
2 1 14958 15477 15478 AND
2 1 15475 15478 15479 AND
2 1 15468 15479 15480 AND
2 1 129 15480 15481 AND
2 1 133 15450 15462 AND
2 1 15456 15462 15463 AND
2 1 15461 15463 15464 AND
2 1 133 15457 15458 AND
2 1 15458 15475 15482 AND
2 1 15464 15482 15483 AND
2 1 14950 14970 15484 AND
2 1 14950 14943 15485 XOR
2 1 129 15485 15486 AND
2 1 15484 15486 15487 AND
2 1 14946 14967 15488 AND
2 1 14949 15488 15489 AND
2 1 14962 15489 15490 AND
2 1 14958 15490 15491 AND
2 1 14956 15491 15492 AND
2 1 15487 15492 15493 AND
2 1 15483 15493 15494 AND
2 1 15481 15494 15495 AND
2 1 15334 15495 15876 AND
2 1 15339 15876 15877 AND
2 1 15877 15337 15878 XOR
2 1 15323 15495 15868 AND
2 1 15328 15868 15869 AND
2 1 15869 15326 15870 XOR
2 1 15315 15495 15860 AND
2 1 15320 15860 15861 AND
2 1 15861 15318 15862 XOR
2 1 15307 15495 15849 AND
2 1 15312 15849 15850 AND
2 1 15850 15310 15851 XOR
2 1 15296 15495 15841 AND
2 1 15301 15841 15842 AND
2 1 15842 15299 15843 XOR
2 1 15288 15495 15833 AND
2 1 15293 15833 15834 AND
2 1 15834 15291 15835 XOR
2 1 15280 15495 15822 AND
2 1 15285 15822 15823 AND
2 1 15823 15283 15824 XOR
2 1 15269 15495 15814 AND
2 1 15274 15814 15815 AND
2 1 15815 15272 15816 XOR
2 1 15261 15495 15806 AND
2 1 15266 15806 15807 AND
2 1 15807 15264 15808 XOR
2 1 15253 15495 15795 AND
2 1 15258 15795 15796 AND
2 1 15796 15256 15797 XOR
2 1 15242 15495 15787 AND
2 1 15247 15787 15788 AND
2 1 15788 15245 15789 XOR
2 1 15234 15495 15779 AND
2 1 15239 15779 15780 AND
2 1 15780 15237 15781 XOR
2 1 15226 15495 15768 AND
2 1 15231 15768 15769 AND
2 1 15769 15229 15770 XOR
2 1 15215 15495 15760 AND
2 1 15220 15760 15761 AND
2 1 15761 15218 15762 XOR
2 1 15207 15495 15752 AND
2 1 15212 15752 15753 AND
2 1 15753 15210 15754 XOR
2 1 15199 15495 15741 AND
2 1 15204 15741 15742 AND
2 1 15742 15202 15743 XOR
2 1 15188 15495 15733 AND
2 1 15193 15733 15734 AND
2 1 15734 15191 15735 XOR
2 1 15180 15495 15725 AND
2 1 15185 15725 15726 AND
2 1 15726 15183 15727 XOR
2 1 15172 15495 15714 AND
2 1 15177 15714 15715 AND
2 1 15715 15175 15716 XOR
2 1 15161 15495 15706 AND
2 1 15166 15706 15707 AND
2 1 15707 15164 15708 XOR
2 1 15153 15495 15698 AND
2 1 15158 15698 15699 AND
2 1 15699 15156 15700 XOR
2 1 15145 15495 15687 AND
2 1 15150 15687 15688 AND
2 1 15688 15148 15689 XOR
2 1 15134 15495 15679 AND
2 1 15139 15679 15680 AND
2 1 15680 15137 15681 XOR
2 1 15126 15495 15671 AND
2 1 15131 15671 15672 AND
2 1 15672 15129 15673 XOR
2 1 15118 15495 15660 AND
2 1 15123 15660 15661 AND
2 1 15661 15121 15662 XOR
2 1 15107 15495 15652 AND
2 1 15112 15652 15653 AND
2 1 15653 15110 15654 XOR
2 1 15099 15495 15644 AND
2 1 15104 15644 15645 AND
2 1 15645 15102 15646 XOR
2 1 15091 15495 15633 AND
2 1 15096 15633 15634 AND
2 1 15634 15094 15635 XOR
2 1 15080 15495 15625 AND
2 1 15085 15625 15626 AND
2 1 15626 15083 15627 XOR
2 1 15072 15495 15617 AND
2 1 15077 15617 15618 AND
2 1 15618 15075 15619 XOR
2 1 15064 15495 15606 AND
2 1 15069 15606 15607 AND
2 1 15607 15067 15608 XOR
2 1 15053 15495 15598 AND
2 1 15058 15598 15599 AND
2 1 15599 15056 15600 XOR
2 1 15045 15495 15590 AND
2 1 15050 15590 15591 AND
2 1 15591 15048 15592 XOR
2 1 15037 15495 15579 AND
2 1 15042 15579 15580 AND
2 1 15580 15040 15581 XOR
2 1 15026 15495 15571 AND
2 1 15031 15571 15572 AND
2 1 15572 15029 15573 XOR
2 1 15018 15495 15563 AND
2 1 15023 15563 15564 AND
2 1 15564 15021 15565 XOR
2 1 15010 15495 15552 AND
2 1 15015 15552 15553 AND
2 1 15553 15013 15554 XOR
2 1 14999 15495 15544 AND
2 1 15004 15544 15545 AND
2 1 15545 15002 15546 XOR
2 1 14988 14990 15536 AND
2 1 15495 15536 15537 AND
2 1 15537 14996 15538 XOR
2 1 14977 14982 15525 AND
2 1 15495 15525 15526 AND
2 1 15526 14985 15527 XOR
2 1 14 15495 15496 AND
2 1 12 13 15497 AND
2 1 14 15497 15498 AND
2 1 14967 15498 15503 AND
2 1 14962 15503 15504 AND
2 1 14958 15504 15505 AND
2 1 14956 15505 15506 AND
2 1 15496 15506 15507 AND
2 1 14 15495 15509 AND
2 1 15509 15 15510 XOR
2 1 15507 15510 15511 AND
2 1 14 15495 15499 AND
2 1 14 15497 15500 AND
2 1 14970 15500 15501 AND
2 1 15499 15501 15502 AND
2 1 14456 15502 15514 AND
2 1 15511 15514 15515 AND
2 1 14972 15495 15508 AND
2 1 14970 15492 15516 AND
2 1 15487 15516 15517 AND
2 1 15483 15517 15518 AND
2 1 15481 15518 15519 AND
2 1 15508 15519 15520 AND
2 1 15520 16 15521 XOR
2 1 15515 15521 15522 AND
2 1 15502 15511 15512 AND
2 1 14456 15512 15513 AND
2 1 13953 15513 15528 AND
2 1 15522 15528 15529 AND
2 1 15527 15529 15530 AND
2 1 15513 15522 15523 AND
2 1 13953 15523 15524 AND
2 1 13455 15524 15539 AND
2 1 15530 15539 15540 AND
2 1 15538 15540 15541 AND
2 1 13953 15527 15531 AND
2 1 13953 15527 15532 AND
2 1 15523 15532 15533 AND
2 1 15531 15533 15534 AND
2 1 13455 15534 15535 AND
2 1 12968 15535 15547 AND
2 1 15541 15547 15548 AND
2 1 15546 15548 15549 AND
2 1 15535 15541 15542 AND
2 1 12968 15542 15543 AND
2 1 12492 15543 15555 AND
2 1 15549 15555 15556 AND
2 1 15554 15556 15557 AND
2 1 15543 15549 15550 AND
2 1 12492 15550 15551 AND
2 1 12021 15551 15566 AND
2 1 15557 15566 15567 AND
2 1 15565 15567 15568 AND
2 1 12492 15554 15558 AND
2 1 12492 15554 15559 AND
2 1 15550 15559 15560 AND
2 1 15558 15560 15561 AND
2 1 12021 15561 15562 AND
2 1 11561 15562 15574 AND
2 1 15568 15574 15575 AND
2 1 15573 15575 15576 AND
2 1 15562 15568 15569 AND
2 1 11561 15569 15570 AND
2 1 11112 15570 15582 AND
2 1 15576 15582 15583 AND
2 1 15581 15583 15584 AND
2 1 15570 15576 15577 AND
2 1 11112 15577 15578 AND
2 1 10668 15578 15593 AND
2 1 15584 15593 15594 AND
2 1 15592 15594 15595 AND
2 1 11112 15581 15585 AND
2 1 11112 15581 15586 AND
2 1 15577 15586 15587 AND
2 1 15585 15587 15588 AND
2 1 10668 15588 15589 AND
2 1 10235 15589 15601 AND
2 1 15595 15601 15602 AND
2 1 15600 15602 15603 AND
2 1 15589 15595 15596 AND
2 1 10235 15596 15597 AND
2 1 9813 15597 15609 AND
2 1 15603 15609 15610 AND
2 1 15608 15610 15611 AND
2 1 15597 15603 15604 AND
2 1 9813 15604 15605 AND
2 1 9396 15605 15620 AND
2 1 15611 15620 15621 AND
2 1 15619 15621 15622 AND
2 1 9813 15608 15612 AND
2 1 9813 15608 15613 AND
2 1 15604 15613 15614 AND
2 1 15612 15614 15615 AND
2 1 9396 15615 15616 AND
2 1 8990 15616 15628 AND
2 1 15622 15628 15629 AND
2 1 15627 15629 15630 AND
2 1 15616 15622 15623 AND
2 1 8990 15623 15624 AND
2 1 8595 15624 15636 AND
2 1 15630 15636 15637 AND
2 1 15635 15637 15638 AND
2 1 15624 15630 15631 AND
2 1 8595 15631 15632 AND
2 1 8205 15632 15647 AND
2 1 15638 15647 15648 AND
2 1 15646 15648 15649 AND
2 1 8595 15635 15639 AND
2 1 8595 15635 15640 AND
2 1 15631 15640 15641 AND
2 1 15639 15641 15642 AND
2 1 8205 15642 15643 AND
2 1 7826 15643 15655 AND
2 1 15649 15655 15656 AND
2 1 15654 15656 15657 AND
2 1 15643 15649 15650 AND
2 1 7826 15650 15651 AND
2 1 7458 15651 15663 AND
2 1 15657 15663 15664 AND
2 1 15662 15664 15665 AND
2 1 15651 15657 15658 AND
2 1 7458 15658 15659 AND
2 1 7095 15659 15674 AND
2 1 15665 15674 15675 AND
2 1 15673 15675 15676 AND
2 1 7458 15662 15666 AND
2 1 7458 15662 15667 AND
2 1 15658 15667 15668 AND
2 1 15666 15668 15669 AND
2 1 7095 15669 15670 AND
2 1 6743 15670 15682 AND
2 1 15676 15682 15683 AND
2 1 15681 15683 15684 AND
2 1 15670 15676 15677 AND
2 1 6743 15677 15678 AND
2 1 6402 15678 15690 AND
2 1 15684 15690 15691 AND
2 1 15689 15691 15692 AND
2 1 15678 15684 15685 AND
2 1 6402 15685 15686 AND
2 1 6066 15686 15701 AND
2 1 15692 15701 15702 AND
2 1 15700 15702 15703 AND
2 1 6402 15689 15693 AND
2 1 6402 15689 15694 AND
2 1 15685 15694 15695 AND
2 1 15693 15695 15696 AND
2 1 6066 15696 15697 AND
2 1 5741 15697 15709 AND
2 1 15703 15709 15710 AND
2 1 15708 15710 15711 AND
2 1 15697 15703 15704 AND
2 1 5741 15704 15705 AND
2 1 5427 15705 15717 AND
2 1 15711 15717 15718 AND
2 1 15716 15718 15719 AND
2 1 15705 15711 15712 AND
2 1 5427 15712 15713 AND
2 1 5118 15713 15728 AND
2 1 15719 15728 15729 AND
2 1 15727 15729 15730 AND
2 1 5427 15716 15720 AND
2 1 5427 15716 15721 AND
2 1 15712 15721 15722 AND
2 1 15720 15722 15723 AND
2 1 5118 15723 15724 AND
2 1 4820 15724 15736 AND
2 1 15730 15736 15737 AND
2 1 15735 15737 15738 AND
2 1 15724 15730 15731 AND
2 1 4820 15731 15732 AND
2 1 4533 15732 15744 AND
2 1 15738 15744 15745 AND
2 1 15743 15745 15746 AND
2 1 15732 15738 15739 AND
2 1 4533 15739 15740 AND
2 1 4251 15740 15755 AND
2 1 15746 15755 15756 AND
2 1 15754 15756 15757 AND
2 1 4533 15743 15747 AND
2 1 4533 15743 15748 AND
2 1 15739 15748 15749 AND
2 1 15747 15749 15750 AND
2 1 4251 15750 15751 AND
2 1 3980 15751 15763 AND
2 1 15757 15763 15764 AND
2 1 15762 15764 15765 AND
2 1 15751 15757 15758 AND
2 1 3980 15758 15759 AND
2 1 3720 15759 15771 AND
2 1 15765 15771 15772 AND
2 1 15770 15772 15773 AND
2 1 15759 15765 15766 AND
2 1 3720 15766 15767 AND
2 1 3465 15767 15782 AND
2 1 15773 15782 15783 AND
2 1 15781 15783 15784 AND
2 1 3720 15770 15774 AND
2 1 3720 15770 15775 AND
2 1 15766 15775 15776 AND
2 1 15774 15776 15777 AND
2 1 3465 15777 15778 AND
2 1 3221 15778 15790 AND
2 1 15784 15790 15791 AND
2 1 15789 15791 15792 AND
2 1 15778 15784 15785 AND
2 1 3221 15785 15786 AND
2 1 2988 15786 15798 AND
2 1 15792 15798 15799 AND
2 1 15797 15799 15800 AND
2 1 15786 15792 15793 AND
2 1 2988 15793 15794 AND
2 1 2760 15794 15809 AND
2 1 15800 15809 15810 AND
2 1 15808 15810 15811 AND
2 1 2988 15797 15801 AND
2 1 2988 15797 15802 AND
2 1 15793 15802 15803 AND
2 1 15801 15803 15804 AND
2 1 2760 15804 15805 AND
2 1 2543 15805 15817 AND
2 1 15811 15817 15818 AND
2 1 15816 15818 15819 AND
2 1 15805 15811 15812 AND
2 1 2543 15812 15813 AND
2 1 2337 15813 15825 AND
2 1 15819 15825 15826 AND
2 1 15824 15826 15827 AND
2 1 15813 15819 15820 AND
2 1 2337 15820 15821 AND
2 1 2136 15821 15836 AND
2 1 15827 15836 15837 AND
2 1 15835 15837 15838 AND
2 1 2337 15824 15828 AND
2 1 2337 15824 15829 AND
2 1 15820 15829 15830 AND
2 1 15828 15830 15831 AND
2 1 2136 15831 15832 AND
2 1 1946 15832 15844 AND
2 1 15838 15844 15845 AND
2 1 15843 15845 15846 AND
2 1 15832 15838 15839 AND
2 1 1946 15839 15840 AND
2 1 1767 15840 15852 AND
2 1 15846 15852 15853 AND
2 1 15851 15853 15854 AND
2 1 15840 15846 15847 AND
2 1 1767 15847 15848 AND
2 1 1593 15848 15863 AND
2 1 15854 15863 15864 AND
2 1 15862 15864 15865 AND
2 1 1767 15851 15855 AND
2 1 1767 15851 15856 AND
2 1 15847 15856 15857 AND
2 1 15855 15857 15858 AND
2 1 1593 15858 15859 AND
2 1 1430 15859 15871 AND
2 1 15865 15871 15872 AND
2 1 15870 15872 15873 AND
2 1 15859 15865 15866 AND
2 1 1430 15866 15867 AND
2 1 1278 15867 15879 AND
2 1 15873 15879 15880 AND
2 1 15878 15880 15881 AND
2 1 15867 15873 15874 AND
2 1 1278 15874 15875 AND
2 1 1131 15875 15890 AND
2 1 15881 15890 15891 AND
2 1 1278 15878 15882 AND
2 1 1278 15878 15883 AND
2 1 15874 15883 15884 AND
2 1 15882 15884 15885 AND
2 1 1131 15885 15886 AND
2 1 15415 15417 15959 AND
2 1 15495 15959 15960 AND
2 1 15960 15420 15961 XOR
2 1 297 15961 15963 AND
2 1 15388 15495 15930 AND
2 1 15393 15930 15931 AND
2 1 15931 15391 15932 XOR
2 1 543 15932 15936 AND
2 1 15361 15495 15903 AND
2 1 15366 15903 15904 AND
2 1 15904 15364 15905 XOR
2 1 870 15905 15909 AND
2 1 15342 15495 15887 AND
2 1 15347 15887 15888 AND
2 1 15888 15345 15889 XOR
2 1 15889 15891 15892 AND
2 1 15886 15892 15893 AND
2 1 995 15893 15894 AND
2 1 15350 15495 15895 AND
2 1 15355 15895 15896 AND
2 1 15896 15353 15897 XOR
2 1 995 15886 15898 AND
2 1 15892 15898 15899 AND
2 1 15897 15899 15900 AND
2 1 15894 15900 15901 AND
2 1 870 15905 15910 AND
2 1 15901 15910 15911 AND
2 1 15909 15911 15912 AND
2 1 750 15912 15913 AND
2 1 15369 15495 15914 AND
2 1 15374 15914 15915 AND
2 1 15915 15372 15916 XOR
2 1 870 15894 15906 AND
2 1 15900 15906 15907 AND
2 1 15905 15907 15908 AND
2 1 870 15901 15902 AND
2 1 750 15902 15917 AND
2 1 15908 15917 15918 AND
2 1 15916 15918 15919 AND
2 1 15913 15919 15920 AND
2 1 641 15920 15921 AND
2 1 15377 15495 15922 AND
2 1 15382 15922 15923 AND
2 1 15923 15380 15924 XOR
2 1 641 15913 15925 AND
2 1 15919 15925 15926 AND
2 1 15924 15926 15927 AND
2 1 15921 15927 15928 AND
2 1 543 15932 15937 AND
2 1 15928 15937 15938 AND
2 1 15936 15938 15939 AND
2 1 450 15939 15940 AND
2 1 15396 15495 15941 AND
2 1 15401 15941 15942 AND
2 1 15942 15399 15943 XOR
2 1 543 15921 15933 AND
2 1 15927 15933 15934 AND
2 1 15932 15934 15935 AND
2 1 543 15928 15929 AND
2 1 450 15929 15944 AND
2 1 15935 15944 15945 AND
2 1 15943 15945 15946 AND
2 1 15940 15946 15947 AND
2 1 368 15947 15948 AND
2 1 15404 15495 15949 AND
2 1 15409 15949 15950 AND
2 1 15950 15407 15951 XOR
2 1 368 15940 15952 AND
2 1 15946 15952 15953 AND
2 1 15951 15953 15954 AND
2 1 15948 15954 15955 AND
2 1 297 15961 15964 AND
2 1 15955 15964 15965 AND
2 1 15963 15965 15966 AND
2 1 232 15966 15967 AND
2 1 15423 15495 15968 AND
2 1 15428 15968 15969 AND
2 1 15969 15426 15970 XOR
2 1 297 15948 15957 AND
2 1 15954 15957 15958 AND
2 1 15958 15961 15962 AND
2 1 297 15955 15956 AND
2 1 232 15956 15971 AND
2 1 15962 15971 15972 AND
2 1 15970 15972 15973 AND
2 1 15967 15973 15974 AND
2 1 183 15974 15975 AND
2 1 15431 15495 15976 AND
2 1 15436 15976 15977 AND
2 1 15977 15434 15978 XOR
2 1 183 15967 15979 AND
2 1 15973 15979 15980 AND
2 1 15978 15980 15981 AND
2 1 15975 15981 15982 AND
2 1 149 15982 15983 AND
2 1 15442 15495 15984 AND
2 1 15447 15984 15985 AND
2 1 15985 15445 15986 XOR
2 1 149 15975 15987 AND
2 1 15981 15987 15988 AND
2 1 15986 15988 15989 AND
2 1 15983 15989 15990 AND
2 1 133 15990 15991 AND
2 1 15450 15495 15992 AND
2 1 15455 15992 15993 AND
2 1 15993 15453 15994 XOR
2 1 133 15983 15995 AND
2 1 15989 15995 15996 AND
2 1 15994 15996 15997 AND
2 1 15991 15997 15998 AND
2 1 15458 15495 15999 AND
2 1 15463 15999 16000 AND
2 1 16000 15461 16001 XOR
2 1 15468 15475 16002 AND
2 1 15495 16002 16003 AND
2 1 15483 16003 16004 AND
2 1 16001 16004 16005 AND
2 1 15998 16005 16006 AND
2 1 129 16006 16007 AND
2 1 15991 16001 16008 AND
2 1 15997 16008 16009 AND
2 1 15475 15495 16010 AND
2 1 15475 15468 16011 XOR
2 1 129 16011 16012 AND
2 1 16010 16012 16013 AND
2 1 15471 15492 16014 AND
2 1 15474 16014 16015 AND
2 1 15487 16015 16016 AND
2 1 15483 16016 16017 AND
2 1 15481 16017 16018 AND
2 1 16013 16018 16019 AND
2 1 16009 16019 16020 AND
2 1 16007 16020 16021 AND
2 1 15886 16021 16429 AND
2 1 15891 16429 16430 AND
2 1 16430 15889 16431 XOR
2 1 15875 16021 16421 AND
2 1 15880 16421 16422 AND
2 1 16422 15878 16423 XOR
2 1 15867 16021 16413 AND
2 1 15872 16413 16414 AND
2 1 16414 15870 16415 XOR
2 1 15859 16021 16402 AND
2 1 15864 16402 16403 AND
2 1 16403 15862 16404 XOR
2 1 15848 16021 16394 AND
2 1 15853 16394 16395 AND
2 1 16395 15851 16396 XOR
2 1 15840 16021 16386 AND
2 1 15845 16386 16387 AND
2 1 16387 15843 16388 XOR
2 1 15832 16021 16375 AND
2 1 15837 16375 16376 AND
2 1 16376 15835 16377 XOR
2 1 15821 16021 16367 AND
2 1 15826 16367 16368 AND
2 1 16368 15824 16369 XOR
2 1 15813 16021 16359 AND
2 1 15818 16359 16360 AND
2 1 16360 15816 16361 XOR
2 1 15805 16021 16348 AND
2 1 15810 16348 16349 AND
2 1 16349 15808 16350 XOR
2 1 15794 16021 16340 AND
2 1 15799 16340 16341 AND
2 1 16341 15797 16342 XOR
2 1 15786 16021 16332 AND
2 1 15791 16332 16333 AND
2 1 16333 15789 16334 XOR
2 1 15778 16021 16321 AND
2 1 15783 16321 16322 AND
2 1 16322 15781 16323 XOR
2 1 15767 16021 16313 AND
2 1 15772 16313 16314 AND
2 1 16314 15770 16315 XOR
2 1 15759 16021 16305 AND
2 1 15764 16305 16306 AND
2 1 16306 15762 16307 XOR
2 1 15751 16021 16294 AND
2 1 15756 16294 16295 AND
2 1 16295 15754 16296 XOR
2 1 15740 16021 16286 AND
2 1 15745 16286 16287 AND
2 1 16287 15743 16288 XOR
2 1 15732 16021 16278 AND
2 1 15737 16278 16279 AND
2 1 16279 15735 16280 XOR
2 1 15724 16021 16267 AND
2 1 15729 16267 16268 AND
2 1 16268 15727 16269 XOR
2 1 15713 16021 16259 AND
2 1 15718 16259 16260 AND
2 1 16260 15716 16261 XOR
2 1 15705 16021 16251 AND
2 1 15710 16251 16252 AND
2 1 16252 15708 16253 XOR
2 1 15697 16021 16240 AND
2 1 15702 16240 16241 AND
2 1 16241 15700 16242 XOR
2 1 15686 16021 16232 AND
2 1 15691 16232 16233 AND
2 1 16233 15689 16234 XOR
2 1 15678 16021 16224 AND
2 1 15683 16224 16225 AND
2 1 16225 15681 16226 XOR
2 1 15670 16021 16213 AND
2 1 15675 16213 16214 AND
2 1 16214 15673 16215 XOR
2 1 15659 16021 16205 AND
2 1 15664 16205 16206 AND
2 1 16206 15662 16207 XOR
2 1 15651 16021 16197 AND
2 1 15656 16197 16198 AND
2 1 16198 15654 16199 XOR
2 1 15643 16021 16186 AND
2 1 15648 16186 16187 AND
2 1 16187 15646 16188 XOR
2 1 15632 16021 16178 AND
2 1 15637 16178 16179 AND
2 1 16179 15635 16180 XOR
2 1 15624 16021 16170 AND
2 1 15629 16170 16171 AND
2 1 16171 15627 16172 XOR
2 1 15616 16021 16159 AND
2 1 15621 16159 16160 AND
2 1 16160 15619 16161 XOR
2 1 15605 16021 16151 AND
2 1 15610 16151 16152 AND
2 1 16152 15608 16153 XOR
2 1 15597 16021 16143 AND
2 1 15602 16143 16144 AND
2 1 16144 15600 16145 XOR
2 1 15589 16021 16132 AND
2 1 15594 16132 16133 AND
2 1 16133 15592 16134 XOR
2 1 15578 16021 16124 AND
2 1 15583 16124 16125 AND
2 1 16125 15581 16126 XOR
2 1 15570 16021 16116 AND
2 1 15575 16116 16117 AND
2 1 16117 15573 16118 XOR
2 1 15562 16021 16105 AND
2 1 15567 16105 16106 AND
2 1 16106 15565 16107 XOR
2 1 15551 16021 16097 AND
2 1 15556 16097 16098 AND
2 1 16098 15554 16099 XOR
2 1 15543 16021 16089 AND
2 1 15548 16089 16090 AND
2 1 16090 15546 16091 XOR
2 1 15535 16021 16078 AND
2 1 15540 16078 16079 AND
2 1 16079 15538 16080 XOR
2 1 15524 16021 16070 AND
2 1 15529 16070 16071 AND
2 1 16071 15527 16072 XOR
2 1 15513 15515 16062 AND
2 1 16021 16062 16063 AND
2 1 16063 15521 16064 XOR
2 1 15502 15507 16051 AND
2 1 16021 16051 16052 AND
2 1 16052 15510 16053 XOR
2 1 12 16021 16022 AND
2 1 10 11 16023 AND
2 1 12 16023 16024 AND
2 1 15492 16024 16029 AND
2 1 15487 16029 16030 AND
2 1 15483 16030 16031 AND
2 1 15481 16031 16032 AND
2 1 16022 16032 16033 AND
2 1 12 16021 16035 AND
2 1 16035 13 16036 XOR
2 1 16033 16036 16037 AND
2 1 12 16021 16025 AND
2 1 12 16023 16026 AND
2 1 15495 16026 16027 AND
2 1 16025 16027 16028 AND
2 1 14970 16028 16040 AND
2 1 16037 16040 16041 AND
2 1 15497 16021 16034 AND
2 1 15495 16018 16042 AND
2 1 16013 16042 16043 AND
2 1 16009 16043 16044 AND
2 1 16007 16044 16045 AND
2 1 16034 16045 16046 AND
2 1 16046 14 16047 XOR
2 1 16041 16047 16048 AND
2 1 16028 16037 16038 AND
2 1 14970 16038 16039 AND
2 1 14456 16039 16054 AND
2 1 16048 16054 16055 AND
2 1 16053 16055 16056 AND
2 1 16039 16048 16049 AND
2 1 14456 16049 16050 AND
2 1 13953 16050 16065 AND
2 1 16056 16065 16066 AND
2 1 16064 16066 16067 AND
2 1 14456 16053 16057 AND
2 1 14456 16053 16058 AND
2 1 16049 16058 16059 AND
2 1 16057 16059 16060 AND
2 1 13953 16060 16061 AND
2 1 13455 16061 16073 AND
2 1 16067 16073 16074 AND
2 1 16072 16074 16075 AND
2 1 16061 16067 16068 AND
2 1 13455 16068 16069 AND
2 1 12968 16069 16081 AND
2 1 16075 16081 16082 AND
2 1 16080 16082 16083 AND
2 1 16069 16075 16076 AND
2 1 12968 16076 16077 AND
2 1 12492 16077 16092 AND
2 1 16083 16092 16093 AND
2 1 16091 16093 16094 AND
2 1 12968 16080 16084 AND
2 1 12968 16080 16085 AND
2 1 16076 16085 16086 AND
2 1 16084 16086 16087 AND
2 1 12492 16087 16088 AND
2 1 12021 16088 16100 AND
2 1 16094 16100 16101 AND
2 1 16099 16101 16102 AND
2 1 16088 16094 16095 AND
2 1 12021 16095 16096 AND
2 1 11561 16096 16108 AND
2 1 16102 16108 16109 AND
2 1 16107 16109 16110 AND
2 1 16096 16102 16103 AND
2 1 11561 16103 16104 AND
2 1 11112 16104 16119 AND
2 1 16110 16119 16120 AND
2 1 16118 16120 16121 AND
2 1 11561 16107 16111 AND
2 1 11561 16107 16112 AND
2 1 16103 16112 16113 AND
2 1 16111 16113 16114 AND
2 1 11112 16114 16115 AND
2 1 10668 16115 16127 AND
2 1 16121 16127 16128 AND
2 1 16126 16128 16129 AND
2 1 16115 16121 16122 AND
2 1 10668 16122 16123 AND
2 1 10235 16123 16135 AND
2 1 16129 16135 16136 AND
2 1 16134 16136 16137 AND
2 1 16123 16129 16130 AND
2 1 10235 16130 16131 AND
2 1 9813 16131 16146 AND
2 1 16137 16146 16147 AND
2 1 16145 16147 16148 AND
2 1 10235 16134 16138 AND
2 1 10235 16134 16139 AND
2 1 16130 16139 16140 AND
2 1 16138 16140 16141 AND
2 1 9813 16141 16142 AND
2 1 9396 16142 16154 AND
2 1 16148 16154 16155 AND
2 1 16153 16155 16156 AND
2 1 16142 16148 16149 AND
2 1 9396 16149 16150 AND
2 1 8990 16150 16162 AND
2 1 16156 16162 16163 AND
2 1 16161 16163 16164 AND
2 1 16150 16156 16157 AND
2 1 8990 16157 16158 AND
2 1 8595 16158 16173 AND
2 1 16164 16173 16174 AND
2 1 16172 16174 16175 AND
2 1 8990 16161 16165 AND
2 1 8990 16161 16166 AND
2 1 16157 16166 16167 AND
2 1 16165 16167 16168 AND
2 1 8595 16168 16169 AND
2 1 8205 16169 16181 AND
2 1 16175 16181 16182 AND
2 1 16180 16182 16183 AND
2 1 16169 16175 16176 AND
2 1 8205 16176 16177 AND
2 1 7826 16177 16189 AND
2 1 16183 16189 16190 AND
2 1 16188 16190 16191 AND
2 1 16177 16183 16184 AND
2 1 7826 16184 16185 AND
2 1 7458 16185 16200 AND
2 1 16191 16200 16201 AND
2 1 16199 16201 16202 AND
2 1 7826 16188 16192 AND
2 1 7826 16188 16193 AND
2 1 16184 16193 16194 AND
2 1 16192 16194 16195 AND
2 1 7458 16195 16196 AND
2 1 7095 16196 16208 AND
2 1 16202 16208 16209 AND
2 1 16207 16209 16210 AND
2 1 16196 16202 16203 AND
2 1 7095 16203 16204 AND
2 1 6743 16204 16216 AND
2 1 16210 16216 16217 AND
2 1 16215 16217 16218 AND
2 1 16204 16210 16211 AND
2 1 6743 16211 16212 AND
2 1 6402 16212 16227 AND
2 1 16218 16227 16228 AND
2 1 16226 16228 16229 AND
2 1 6743 16215 16219 AND
2 1 6743 16215 16220 AND
2 1 16211 16220 16221 AND
2 1 16219 16221 16222 AND
2 1 6402 16222 16223 AND
2 1 6066 16223 16235 AND
2 1 16229 16235 16236 AND
2 1 16234 16236 16237 AND
2 1 16223 16229 16230 AND
2 1 6066 16230 16231 AND
2 1 5741 16231 16243 AND
2 1 16237 16243 16244 AND
2 1 16242 16244 16245 AND
2 1 16231 16237 16238 AND
2 1 5741 16238 16239 AND
2 1 5427 16239 16254 AND
2 1 16245 16254 16255 AND
2 1 16253 16255 16256 AND
2 1 5741 16242 16246 AND
2 1 5741 16242 16247 AND
2 1 16238 16247 16248 AND
2 1 16246 16248 16249 AND
2 1 5427 16249 16250 AND
2 1 5118 16250 16262 AND
2 1 16256 16262 16263 AND
2 1 16261 16263 16264 AND
2 1 16250 16256 16257 AND
2 1 5118 16257 16258 AND
2 1 4820 16258 16270 AND
2 1 16264 16270 16271 AND
2 1 16269 16271 16272 AND
2 1 16258 16264 16265 AND
2 1 4820 16265 16266 AND
2 1 4533 16266 16281 AND
2 1 16272 16281 16282 AND
2 1 16280 16282 16283 AND
2 1 4820 16269 16273 AND
2 1 4820 16269 16274 AND
2 1 16265 16274 16275 AND
2 1 16273 16275 16276 AND
2 1 4533 16276 16277 AND
2 1 4251 16277 16289 AND
2 1 16283 16289 16290 AND
2 1 16288 16290 16291 AND
2 1 16277 16283 16284 AND
2 1 4251 16284 16285 AND
2 1 3980 16285 16297 AND
2 1 16291 16297 16298 AND
2 1 16296 16298 16299 AND
2 1 16285 16291 16292 AND
2 1 3980 16292 16293 AND
2 1 3720 16293 16308 AND
2 1 16299 16308 16309 AND
2 1 16307 16309 16310 AND
2 1 3980 16296 16300 AND
2 1 3980 16296 16301 AND
2 1 16292 16301 16302 AND
2 1 16300 16302 16303 AND
2 1 3720 16303 16304 AND
2 1 3465 16304 16316 AND
2 1 16310 16316 16317 AND
2 1 16315 16317 16318 AND
2 1 16304 16310 16311 AND
2 1 3465 16311 16312 AND
2 1 3221 16312 16324 AND
2 1 16318 16324 16325 AND
2 1 16323 16325 16326 AND
2 1 16312 16318 16319 AND
2 1 3221 16319 16320 AND
2 1 2988 16320 16335 AND
2 1 16326 16335 16336 AND
2 1 16334 16336 16337 AND
2 1 3221 16323 16327 AND
2 1 3221 16323 16328 AND
2 1 16319 16328 16329 AND
2 1 16327 16329 16330 AND
2 1 2988 16330 16331 AND
2 1 2760 16331 16343 AND
2 1 16337 16343 16344 AND
2 1 16342 16344 16345 AND
2 1 16331 16337 16338 AND
2 1 2760 16338 16339 AND
2 1 2543 16339 16351 AND
2 1 16345 16351 16352 AND
2 1 16350 16352 16353 AND
2 1 16339 16345 16346 AND
2 1 2543 16346 16347 AND
2 1 2337 16347 16362 AND
2 1 16353 16362 16363 AND
2 1 16361 16363 16364 AND
2 1 2543 16350 16354 AND
2 1 2543 16350 16355 AND
2 1 16346 16355 16356 AND
2 1 16354 16356 16357 AND
2 1 2337 16357 16358 AND
2 1 2136 16358 16370 AND
2 1 16364 16370 16371 AND
2 1 16369 16371 16372 AND
2 1 16358 16364 16365 AND
2 1 2136 16365 16366 AND
2 1 1946 16366 16378 AND
2 1 16372 16378 16379 AND
2 1 16377 16379 16380 AND
2 1 16366 16372 16373 AND
2 1 1946 16373 16374 AND
2 1 1767 16374 16389 AND
2 1 16380 16389 16390 AND
2 1 16388 16390 16391 AND
2 1 1946 16377 16381 AND
2 1 1946 16377 16382 AND
2 1 16373 16382 16383 AND
2 1 16381 16383 16384 AND
2 1 1767 16384 16385 AND
2 1 1593 16385 16397 AND
2 1 16391 16397 16398 AND
2 1 16396 16398 16399 AND
2 1 16385 16391 16392 AND
2 1 1593 16392 16393 AND
2 1 1430 16393 16405 AND
2 1 16399 16405 16406 AND
2 1 16404 16406 16407 AND
2 1 16393 16399 16400 AND
2 1 1430 16400 16401 AND
2 1 1278 16401 16416 AND
2 1 16407 16416 16417 AND
2 1 16415 16417 16418 AND
2 1 1430 16404 16408 AND
2 1 1430 16404 16409 AND
2 1 16400 16409 16410 AND
2 1 16408 16410 16411 AND
2 1 1278 16411 16412 AND
2 1 1131 16412 16424 AND
2 1 16418 16424 16425 AND
2 1 16423 16425 16426 AND
2 1 16412 16418 16419 AND
2 1 1131 16419 16420 AND
2 1 995 16420 16432 AND
2 1 16426 16432 16433 AND
2 1 16431 16433 16434 AND
2 1 16420 16426 16427 AND
2 1 995 16427 16428 AND
2 1 870 16428 16443 AND
2 1 16434 16443 16444 AND
2 1 995 16431 16435 AND
2 1 995 16431 16436 AND
2 1 16427 16436 16437 AND
2 1 16435 16437 16438 AND
2 1 870 16438 16439 AND
2 1 15967 16021 16510 AND
2 1 15972 16510 16511 AND
2 1 16511 15970 16512 XOR
2 1 183 16512 16516 AND
2 1 15940 16021 16483 AND
2 1 15945 16483 16484 AND
2 1 16484 15943 16485 XOR
2 1 368 16485 16489 AND
2 1 15913 16021 16456 AND
2 1 15918 16456 16457 AND
2 1 16457 15916 16458 XOR
2 1 641 16458 16462 AND
2 1 15894 16021 16440 AND
2 1 15899 16440 16441 AND
2 1 16441 15897 16442 XOR
2 1 16442 16444 16445 AND
2 1 16439 16445 16446 AND
2 1 750 16446 16447 AND
2 1 15902 16021 16448 AND
2 1 15907 16448 16449 AND
2 1 16449 15905 16450 XOR
2 1 750 16439 16451 AND
2 1 16445 16451 16452 AND
2 1 16450 16452 16453 AND
2 1 16447 16453 16454 AND
2 1 641 16458 16463 AND
2 1 16454 16463 16464 AND
2 1 16462 16464 16465 AND
2 1 543 16465 16466 AND
2 1 15921 16021 16467 AND
2 1 15926 16467 16468 AND
2 1 16468 15924 16469 XOR
2 1 641 16447 16459 AND
2 1 16453 16459 16460 AND
2 1 16458 16460 16461 AND
2 1 641 16454 16455 AND
2 1 543 16455 16470 AND
2 1 16461 16470 16471 AND
2 1 16469 16471 16472 AND
2 1 16466 16472 16473 AND
2 1 450 16473 16474 AND
2 1 15929 16021 16475 AND
2 1 15934 16475 16476 AND
2 1 16476 15932 16477 XOR
2 1 450 16466 16478 AND
2 1 16472 16478 16479 AND
2 1 16477 16479 16480 AND
2 1 16474 16480 16481 AND
2 1 368 16485 16490 AND
2 1 16481 16490 16491 AND
2 1 16489 16491 16492 AND
2 1 297 16492 16493 AND
2 1 15948 16021 16494 AND
2 1 15953 16494 16495 AND
2 1 16495 15951 16496 XOR
2 1 368 16474 16486 AND
2 1 16480 16486 16487 AND
2 1 16485 16487 16488 AND
2 1 368 16481 16482 AND
2 1 297 16482 16497 AND
2 1 16488 16497 16498 AND
2 1 16496 16498 16499 AND
2 1 16493 16499 16500 AND
2 1 232 16500 16501 AND
2 1 232 16493 16502 AND
2 1 16499 16502 16503 AND
2 1 15956 15958 16504 AND
2 1 16021 16504 16505 AND
2 1 16505 15961 16506 XOR
2 1 16503 16506 16507 AND
2 1 16501 16507 16508 AND
2 1 183 16512 16517 AND
2 1 16508 16517 16518 AND
2 1 16516 16518 16519 AND
2 1 149 16519 16520 AND
2 1 15975 16021 16521 AND
2 1 15980 16521 16522 AND
2 1 16522 15978 16523 XOR
2 1 183 16501 16513 AND
2 1 16507 16513 16514 AND
2 1 16512 16514 16515 AND
2 1 183 16508 16509 AND
2 1 149 16509 16524 AND
2 1 16515 16524 16525 AND
2 1 16523 16525 16526 AND
2 1 16520 16526 16527 AND
2 1 133 16527 16528 AND
2 1 15983 16021 16529 AND
2 1 15988 16529 16530 AND
2 1 16530 15986 16531 XOR
2 1 133 16520 16532 AND
2 1 16526 16532 16533 AND
2 1 16531 16533 16534 AND
2 1 16528 16534 16535 AND
2 1 15991 16021 16536 AND
2 1 15996 16536 16537 AND
2 1 16537 15994 16538 XOR
2 1 15998 16001 16539 AND
2 1 16021 16539 16540 AND
2 1 16009 16540 16541 AND
2 1 16538 16541 16542 AND
2 1 16535 16542 16543 AND
2 1 129 16543 16544 AND
2 1 16528 16538 16545 AND
2 1 16534 16545 16546 AND
2 1 16001 16021 16547 AND
2 1 16001 15998 16548 XOR
2 1 129 16548 16549 AND
2 1 16547 16549 16550 AND
2 1 16546 16550 16551 AND
2 1 16544 16551 16552 AND
2 1 16439 16552 16986 AND
2 1 16444 16986 16987 AND
2 1 16987 16442 16988 XOR
2 1 16428 16552 16978 AND
2 1 16433 16978 16979 AND
2 1 16979 16431 16980 XOR
2 1 16420 16552 16970 AND
2 1 16425 16970 16971 AND
2 1 16971 16423 16972 XOR
2 1 16412 16552 16959 AND
2 1 16417 16959 16960 AND
2 1 16960 16415 16961 XOR
2 1 16401 16552 16951 AND
2 1 16406 16951 16952 AND
2 1 16952 16404 16953 XOR
2 1 16393 16552 16943 AND
2 1 16398 16943 16944 AND
2 1 16944 16396 16945 XOR
2 1 16385 16552 16932 AND
2 1 16390 16932 16933 AND
2 1 16933 16388 16934 XOR
2 1 16374 16552 16924 AND
2 1 16379 16924 16925 AND
2 1 16925 16377 16926 XOR
2 1 16366 16552 16916 AND
2 1 16371 16916 16917 AND
2 1 16917 16369 16918 XOR
2 1 16358 16552 16905 AND
2 1 16363 16905 16906 AND
2 1 16906 16361 16907 XOR
2 1 16347 16552 16897 AND
2 1 16352 16897 16898 AND
2 1 16898 16350 16899 XOR
2 1 16339 16552 16889 AND
2 1 16344 16889 16890 AND
2 1 16890 16342 16891 XOR
2 1 16331 16552 16878 AND
2 1 16336 16878 16879 AND
2 1 16879 16334 16880 XOR
2 1 16320 16552 16870 AND
2 1 16325 16870 16871 AND
2 1 16871 16323 16872 XOR
2 1 16312 16552 16862 AND
2 1 16317 16862 16863 AND
2 1 16863 16315 16864 XOR
2 1 16304 16552 16851 AND
2 1 16309 16851 16852 AND
2 1 16852 16307 16853 XOR
2 1 16293 16552 16843 AND
2 1 16298 16843 16844 AND
2 1 16844 16296 16845 XOR
2 1 16285 16552 16835 AND
2 1 16290 16835 16836 AND
2 1 16836 16288 16837 XOR
2 1 16277 16552 16824 AND
2 1 16282 16824 16825 AND
2 1 16825 16280 16826 XOR
2 1 16266 16552 16816 AND
2 1 16271 16816 16817 AND
2 1 16817 16269 16818 XOR
2 1 16258 16552 16808 AND
2 1 16263 16808 16809 AND
2 1 16809 16261 16810 XOR
2 1 16250 16552 16797 AND
2 1 16255 16797 16798 AND
2 1 16798 16253 16799 XOR
2 1 16239 16552 16789 AND
2 1 16244 16789 16790 AND
2 1 16790 16242 16791 XOR
2 1 16231 16552 16781 AND
2 1 16236 16781 16782 AND
2 1 16782 16234 16783 XOR
2 1 16223 16552 16770 AND
2 1 16228 16770 16771 AND
2 1 16771 16226 16772 XOR
2 1 16212 16552 16762 AND
2 1 16217 16762 16763 AND
2 1 16763 16215 16764 XOR
2 1 16204 16552 16754 AND
2 1 16209 16754 16755 AND
2 1 16755 16207 16756 XOR
2 1 16196 16552 16743 AND
2 1 16201 16743 16744 AND
2 1 16744 16199 16745 XOR
2 1 16185 16552 16735 AND
2 1 16190 16735 16736 AND
2 1 16736 16188 16737 XOR
2 1 16177 16552 16727 AND
2 1 16182 16727 16728 AND
2 1 16728 16180 16729 XOR
2 1 16169 16552 16716 AND
2 1 16174 16716 16717 AND
2 1 16717 16172 16718 XOR
2 1 16158 16552 16708 AND
2 1 16163 16708 16709 AND
2 1 16709 16161 16710 XOR
2 1 16150 16552 16700 AND
2 1 16155 16700 16701 AND
2 1 16701 16153 16702 XOR
2 1 16142 16552 16689 AND
2 1 16147 16689 16690 AND
2 1 16690 16145 16691 XOR
2 1 16131 16552 16681 AND
2 1 16136 16681 16682 AND
2 1 16682 16134 16683 XOR
2 1 16123 16552 16673 AND
2 1 16128 16673 16674 AND
2 1 16674 16126 16675 XOR
2 1 16115 16552 16662 AND
2 1 16120 16662 16663 AND
2 1 16663 16118 16664 XOR
2 1 16104 16552 16654 AND
2 1 16109 16654 16655 AND
2 1 16655 16107 16656 XOR
2 1 16096 16552 16646 AND
2 1 16101 16646 16647 AND
2 1 16647 16099 16648 XOR
2 1 16088 16552 16635 AND
2 1 16093 16635 16636 AND
2 1 16636 16091 16637 XOR
2 1 16077 16552 16627 AND
2 1 16082 16627 16628 AND
2 1 16628 16080 16629 XOR
2 1 16069 16552 16619 AND
2 1 16074 16619 16620 AND
2 1 16620 16072 16621 XOR
2 1 16061 16552 16608 AND
2 1 16066 16608 16609 AND
2 1 16609 16064 16610 XOR
2 1 16050 16552 16600 AND
2 1 16055 16600 16601 AND
2 1 16601 16053 16602 XOR
2 1 16039 16041 16592 AND
2 1 16552 16592 16593 AND
2 1 16593 16047 16594 XOR
2 1 16028 16033 16581 AND
2 1 16552 16581 16582 AND
2 1 16582 16036 16583 XOR
2 1 10 16552 16553 AND
2 1 8 9 16554 AND
2 1 10 16554 16555 AND
2 1 16018 16555 16560 AND
2 1 16013 16560 16561 AND
2 1 16009 16561 16562 AND
2 1 16007 16562 16563 AND
2 1 16553 16563 16564 AND
2 1 10 16552 16566 AND
2 1 16566 11 16567 XOR
2 1 16564 16567 16568 AND
2 1 10 16552 16556 AND
2 1 10 16554 16557 AND
2 1 16021 16557 16558 AND
2 1 16556 16558 16559 AND
2 1 15495 16559 16571 AND
2 1 16568 16571 16572 AND
2 1 16023 16552 16565 AND
2 1 16021 16550 16573 AND
2 1 16546 16573 16574 AND
2 1 16544 16574 16575 AND
2 1 16565 16575 16576 AND
2 1 16576 12 16577 XOR
2 1 16572 16577 16578 AND
2 1 16559 16568 16569 AND
2 1 15495 16569 16570 AND
2 1 14970 16570 16584 AND
2 1 16578 16584 16585 AND
2 1 16583 16585 16586 AND
2 1 16570 16578 16579 AND
2 1 14970 16579 16580 AND
2 1 14456 16580 16595 AND
2 1 16586 16595 16596 AND
2 1 16594 16596 16597 AND
2 1 14970 16583 16587 AND
2 1 14970 16583 16588 AND
2 1 16579 16588 16589 AND
2 1 16587 16589 16590 AND
2 1 14456 16590 16591 AND
2 1 13953 16591 16603 AND
2 1 16597 16603 16604 AND
2 1 16602 16604 16605 AND
2 1 16591 16597 16598 AND
2 1 13953 16598 16599 AND
2 1 13455 16599 16611 AND
2 1 16605 16611 16612 AND
2 1 16610 16612 16613 AND
2 1 16599 16605 16606 AND
2 1 13455 16606 16607 AND
2 1 12968 16607 16622 AND
2 1 16613 16622 16623 AND
2 1 16621 16623 16624 AND
2 1 13455 16610 16614 AND
2 1 13455 16610 16615 AND
2 1 16606 16615 16616 AND
2 1 16614 16616 16617 AND
2 1 12968 16617 16618 AND
2 1 12492 16618 16630 AND
2 1 16624 16630 16631 AND
2 1 16629 16631 16632 AND
2 1 16618 16624 16625 AND
2 1 12492 16625 16626 AND
2 1 12021 16626 16638 AND
2 1 16632 16638 16639 AND
2 1 16637 16639 16640 AND
2 1 16626 16632 16633 AND
2 1 12021 16633 16634 AND
2 1 11561 16634 16649 AND
2 1 16640 16649 16650 AND
2 1 16648 16650 16651 AND
2 1 12021 16637 16641 AND
2 1 12021 16637 16642 AND
2 1 16633 16642 16643 AND
2 1 16641 16643 16644 AND
2 1 11561 16644 16645 AND
2 1 11112 16645 16657 AND
2 1 16651 16657 16658 AND
2 1 16656 16658 16659 AND
2 1 16645 16651 16652 AND
2 1 11112 16652 16653 AND
2 1 10668 16653 16665 AND
2 1 16659 16665 16666 AND
2 1 16664 16666 16667 AND
2 1 16653 16659 16660 AND
2 1 10668 16660 16661 AND
2 1 10235 16661 16676 AND
2 1 16667 16676 16677 AND
2 1 16675 16677 16678 AND
2 1 10668 16664 16668 AND
2 1 10668 16664 16669 AND
2 1 16660 16669 16670 AND
2 1 16668 16670 16671 AND
2 1 10235 16671 16672 AND
2 1 9813 16672 16684 AND
2 1 16678 16684 16685 AND
2 1 16683 16685 16686 AND
2 1 16672 16678 16679 AND
2 1 9813 16679 16680 AND
2 1 9396 16680 16692 AND
2 1 16686 16692 16693 AND
2 1 16691 16693 16694 AND
2 1 16680 16686 16687 AND
2 1 9396 16687 16688 AND
2 1 8990 16688 16703 AND
2 1 16694 16703 16704 AND
2 1 16702 16704 16705 AND
2 1 9396 16691 16695 AND
2 1 9396 16691 16696 AND
2 1 16687 16696 16697 AND
2 1 16695 16697 16698 AND
2 1 8990 16698 16699 AND
2 1 8595 16699 16711 AND
2 1 16705 16711 16712 AND
2 1 16710 16712 16713 AND
2 1 16699 16705 16706 AND
2 1 8595 16706 16707 AND
2 1 8205 16707 16719 AND
2 1 16713 16719 16720 AND
2 1 16718 16720 16721 AND
2 1 16707 16713 16714 AND
2 1 8205 16714 16715 AND
2 1 7826 16715 16730 AND
2 1 16721 16730 16731 AND
2 1 16729 16731 16732 AND
2 1 8205 16718 16722 AND
2 1 8205 16718 16723 AND
2 1 16714 16723 16724 AND
2 1 16722 16724 16725 AND
2 1 7826 16725 16726 AND
2 1 7458 16726 16738 AND
2 1 16732 16738 16739 AND
2 1 16737 16739 16740 AND
2 1 16726 16732 16733 AND
2 1 7458 16733 16734 AND
2 1 7095 16734 16746 AND
2 1 16740 16746 16747 AND
2 1 16745 16747 16748 AND
2 1 16734 16740 16741 AND
2 1 7095 16741 16742 AND
2 1 6743 16742 16757 AND
2 1 16748 16757 16758 AND
2 1 16756 16758 16759 AND
2 1 7095 16745 16749 AND
2 1 7095 16745 16750 AND
2 1 16741 16750 16751 AND
2 1 16749 16751 16752 AND
2 1 6743 16752 16753 AND
2 1 6402 16753 16765 AND
2 1 16759 16765 16766 AND
2 1 16764 16766 16767 AND
2 1 16753 16759 16760 AND
2 1 6402 16760 16761 AND
2 1 6066 16761 16773 AND
2 1 16767 16773 16774 AND
2 1 16772 16774 16775 AND
2 1 16761 16767 16768 AND
2 1 6066 16768 16769 AND
2 1 5741 16769 16784 AND
2 1 16775 16784 16785 AND
2 1 16783 16785 16786 AND
2 1 6066 16772 16776 AND
2 1 6066 16772 16777 AND
2 1 16768 16777 16778 AND
2 1 16776 16778 16779 AND
2 1 5741 16779 16780 AND
2 1 5427 16780 16792 AND
2 1 16786 16792 16793 AND
2 1 16791 16793 16794 AND
2 1 16780 16786 16787 AND
2 1 5427 16787 16788 AND
2 1 5118 16788 16800 AND
2 1 16794 16800 16801 AND
2 1 16799 16801 16802 AND
2 1 16788 16794 16795 AND
2 1 5118 16795 16796 AND
2 1 4820 16796 16811 AND
2 1 16802 16811 16812 AND
2 1 16810 16812 16813 AND
2 1 5118 16799 16803 AND
2 1 5118 16799 16804 AND
2 1 16795 16804 16805 AND
2 1 16803 16805 16806 AND
2 1 4820 16806 16807 AND
2 1 4533 16807 16819 AND
2 1 16813 16819 16820 AND
2 1 16818 16820 16821 AND
2 1 16807 16813 16814 AND
2 1 4533 16814 16815 AND
2 1 4251 16815 16827 AND
2 1 16821 16827 16828 AND
2 1 16826 16828 16829 AND
2 1 16815 16821 16822 AND
2 1 4251 16822 16823 AND
2 1 3980 16823 16838 AND
2 1 16829 16838 16839 AND
2 1 16837 16839 16840 AND
2 1 4251 16826 16830 AND
2 1 4251 16826 16831 AND
2 1 16822 16831 16832 AND
2 1 16830 16832 16833 AND
2 1 3980 16833 16834 AND
2 1 3720 16834 16846 AND
2 1 16840 16846 16847 AND
2 1 16845 16847 16848 AND
2 1 16834 16840 16841 AND
2 1 3720 16841 16842 AND
2 1 3465 16842 16854 AND
2 1 16848 16854 16855 AND
2 1 16853 16855 16856 AND
2 1 16842 16848 16849 AND
2 1 3465 16849 16850 AND
2 1 3221 16850 16865 AND
2 1 16856 16865 16866 AND
2 1 16864 16866 16867 AND
2 1 3465 16853 16857 AND
2 1 3465 16853 16858 AND
2 1 16849 16858 16859 AND
2 1 16857 16859 16860 AND
2 1 3221 16860 16861 AND
2 1 2988 16861 16873 AND
2 1 16867 16873 16874 AND
2 1 16872 16874 16875 AND
2 1 16861 16867 16868 AND
2 1 2988 16868 16869 AND
2 1 2760 16869 16881 AND
2 1 16875 16881 16882 AND
2 1 16880 16882 16883 AND
2 1 16869 16875 16876 AND
2 1 2760 16876 16877 AND
2 1 2543 16877 16892 AND
2 1 16883 16892 16893 AND
2 1 16891 16893 16894 AND
2 1 2760 16880 16884 AND
2 1 2760 16880 16885 AND
2 1 16876 16885 16886 AND
2 1 16884 16886 16887 AND
2 1 2543 16887 16888 AND
2 1 2337 16888 16900 AND
2 1 16894 16900 16901 AND
2 1 16899 16901 16902 AND
2 1 16888 16894 16895 AND
2 1 2337 16895 16896 AND
2 1 2136 16896 16908 AND
2 1 16902 16908 16909 AND
2 1 16907 16909 16910 AND
2 1 16896 16902 16903 AND
2 1 2136 16903 16904 AND
2 1 1946 16904 16919 AND
2 1 16910 16919 16920 AND
2 1 16918 16920 16921 AND
2 1 2136 16907 16911 AND
2 1 2136 16907 16912 AND
2 1 16903 16912 16913 AND
2 1 16911 16913 16914 AND
2 1 1946 16914 16915 AND
2 1 1767 16915 16927 AND
2 1 16921 16927 16928 AND
2 1 16926 16928 16929 AND
2 1 16915 16921 16922 AND
2 1 1767 16922 16923 AND
2 1 1593 16923 16935 AND
2 1 16929 16935 16936 AND
2 1 16934 16936 16937 AND
2 1 16923 16929 16930 AND
2 1 1593 16930 16931 AND
2 1 1430 16931 16946 AND
2 1 16937 16946 16947 AND
2 1 16945 16947 16948 AND
2 1 1593 16934 16938 AND
2 1 1593 16934 16939 AND
2 1 16930 16939 16940 AND
2 1 16938 16940 16941 AND
2 1 1430 16941 16942 AND
2 1 1278 16942 16954 AND
2 1 16948 16954 16955 AND
2 1 16953 16955 16956 AND
2 1 16942 16948 16949 AND
2 1 1278 16949 16950 AND
2 1 1131 16950 16962 AND
2 1 16956 16962 16963 AND
2 1 16961 16963 16964 AND
2 1 16950 16956 16957 AND
2 1 1131 16957 16958 AND
2 1 995 16958 16973 AND
2 1 16964 16973 16974 AND
2 1 16972 16974 16975 AND
2 1 1131 16961 16965 AND
2 1 1131 16961 16966 AND
2 1 16957 16966 16967 AND
2 1 16965 16967 16968 AND
2 1 995 16968 16969 AND
2 1 870 16969 16981 AND
2 1 16975 16981 16982 AND
2 1 16980 16982 16983 AND
2 1 16969 16975 16976 AND
2 1 870 16976 16977 AND
2 1 750 16977 16989 AND
2 1 16983 16989 16990 AND
2 1 16988 16990 16991 AND
2 1 16977 16983 16984 AND
2 1 750 16984 16985 AND
2 1 641 16985 17000 AND
2 1 16991 17000 17001 AND
2 1 750 16988 16992 AND
2 1 750 16988 16993 AND
2 1 16984 16993 16994 AND
2 1 16992 16994 16995 AND
2 1 641 16995 16996 AND
2 1 16520 16552 17067 AND
2 1 16525 17067 17068 AND
2 1 17068 16523 17069 XOR
2 1 133 17069 17073 AND
2 1 16493 16552 17040 AND
2 1 16498 17040 17041 AND
2 1 17041 16496 17042 XOR
2 1 232 17042 17046 AND
2 1 16466 16552 17013 AND
2 1 16471 17013 17014 AND
2 1 17014 16469 17015 XOR
2 1 450 17015 17019 AND
2 1 16447 16552 16997 AND
2 1 16452 16997 16998 AND
2 1 16998 16450 16999 XOR
2 1 16999 17001 17002 AND
2 1 16996 17002 17003 AND
2 1 543 17003 17004 AND
2 1 16455 16552 17005 AND
2 1 16460 17005 17006 AND
2 1 17006 16458 17007 XOR
2 1 543 16996 17008 AND
2 1 17002 17008 17009 AND
2 1 17007 17009 17010 AND
2 1 17004 17010 17011 AND
2 1 450 17015 17020 AND
2 1 17011 17020 17021 AND
2 1 17019 17021 17022 AND
2 1 368 17022 17023 AND
2 1 16474 16552 17024 AND
2 1 16479 17024 17025 AND
2 1 17025 16477 17026 XOR
2 1 450 17004 17016 AND
2 1 17010 17016 17017 AND
2 1 17015 17017 17018 AND
2 1 450 17011 17012 AND
2 1 368 17012 17027 AND
2 1 17018 17027 17028 AND
2 1 17026 17028 17029 AND
2 1 17023 17029 17030 AND
2 1 297 17030 17031 AND
2 1 16482 16552 17032 AND
2 1 16487 17032 17033 AND
2 1 17033 16485 17034 XOR
2 1 297 17023 17035 AND
2 1 17029 17035 17036 AND
2 1 17034 17036 17037 AND
2 1 17031 17037 17038 AND
2 1 232 17042 17047 AND
2 1 17038 17047 17048 AND
2 1 17046 17048 17049 AND
2 1 183 17049 17050 AND
2 1 232 17031 17043 AND
2 1 17037 17043 17044 AND
2 1 17042 17044 17045 AND
2 1 232 17038 17039 AND
2 1 183 17039 17051 AND
2 1 17045 17051 17052 AND
2 1 16501 16503 17053 AND
2 1 16552 17053 17054 AND
2 1 17054 16506 17055 XOR
2 1 17052 17055 17056 AND
2 1 17050 17056 17057 AND
2 1 149 17057 17058 AND
2 1 16509 16552 17059 AND
2 1 16514 17059 17060 AND
2 1 17060 16512 17061 XOR
2 1 149 17050 17062 AND
2 1 17056 17062 17063 AND
2 1 17061 17063 17064 AND
2 1 17058 17064 17065 AND
2 1 133 17069 17074 AND
2 1 17065 17074 17075 AND
2 1 17073 17075 17076 AND
2 1 16528 16552 17077 AND
2 1 16533 17077 17078 AND
2 1 17078 16531 17079 XOR
2 1 16535 16538 17080 AND
2 1 16552 17080 17081 AND
2 1 16546 17081 17082 AND
2 1 17079 17082 17083 AND
2 1 17076 17083 17084 AND
2 1 129 17084 17085 AND
2 1 133 17058 17070 AND
2 1 17064 17070 17071 AND
2 1 17069 17071 17072 AND
2 1 133 17065 17066 AND
2 1 17066 17079 17086 AND
2 1 17072 17086 17087 AND
2 1 16538 16552 17088 AND
2 1 16538 16535 17089 XOR
2 1 129 17089 17090 AND
2 1 17088 17090 17091 AND
2 1 17087 17091 17092 AND
2 1 17085 17092 17093 AND
2 1 16996 17093 17553 AND
2 1 17001 17553 17554 AND
2 1 17554 16999 17555 XOR
2 1 16985 17093 17545 AND
2 1 16990 17545 17546 AND
2 1 17546 16988 17547 XOR
2 1 16977 17093 17537 AND
2 1 16982 17537 17538 AND
2 1 17538 16980 17539 XOR
2 1 16969 17093 17526 AND
2 1 16974 17526 17527 AND
2 1 17527 16972 17528 XOR
2 1 16958 17093 17518 AND
2 1 16963 17518 17519 AND
2 1 17519 16961 17520 XOR
2 1 16950 17093 17510 AND
2 1 16955 17510 17511 AND
2 1 17511 16953 17512 XOR
2 1 16942 17093 17499 AND
2 1 16947 17499 17500 AND
2 1 17500 16945 17501 XOR
2 1 16931 17093 17491 AND
2 1 16936 17491 17492 AND
2 1 17492 16934 17493 XOR
2 1 16923 17093 17483 AND
2 1 16928 17483 17484 AND
2 1 17484 16926 17485 XOR
2 1 16915 17093 17472 AND
2 1 16920 17472 17473 AND
2 1 17473 16918 17474 XOR
2 1 16904 17093 17464 AND
2 1 16909 17464 17465 AND
2 1 17465 16907 17466 XOR
2 1 16896 17093 17456 AND
2 1 16901 17456 17457 AND
2 1 17457 16899 17458 XOR
2 1 16888 17093 17445 AND
2 1 16893 17445 17446 AND
2 1 17446 16891 17447 XOR
2 1 16877 17093 17437 AND
2 1 16882 17437 17438 AND
2 1 17438 16880 17439 XOR
2 1 16869 17093 17429 AND
2 1 16874 17429 17430 AND
2 1 17430 16872 17431 XOR
2 1 16861 17093 17418 AND
2 1 16866 17418 17419 AND
2 1 17419 16864 17420 XOR
2 1 16850 17093 17410 AND
2 1 16855 17410 17411 AND
2 1 17411 16853 17412 XOR
2 1 16842 17093 17402 AND
2 1 16847 17402 17403 AND
2 1 17403 16845 17404 XOR
2 1 16834 17093 17391 AND
2 1 16839 17391 17392 AND
2 1 17392 16837 17393 XOR
2 1 16823 17093 17383 AND
2 1 16828 17383 17384 AND
2 1 17384 16826 17385 XOR
2 1 16815 17093 17375 AND
2 1 16820 17375 17376 AND
2 1 17376 16818 17377 XOR
2 1 16807 17093 17364 AND
2 1 16812 17364 17365 AND
2 1 17365 16810 17366 XOR
2 1 16796 17093 17356 AND
2 1 16801 17356 17357 AND
2 1 17357 16799 17358 XOR
2 1 16788 17093 17348 AND
2 1 16793 17348 17349 AND
2 1 17349 16791 17350 XOR
2 1 16780 17093 17337 AND
2 1 16785 17337 17338 AND
2 1 17338 16783 17339 XOR
2 1 16769 17093 17329 AND
2 1 16774 17329 17330 AND
2 1 17330 16772 17331 XOR
2 1 16761 17093 17321 AND
2 1 16766 17321 17322 AND
2 1 17322 16764 17323 XOR
2 1 16753 17093 17310 AND
2 1 16758 17310 17311 AND
2 1 17311 16756 17312 XOR
2 1 16742 17093 17302 AND
2 1 16747 17302 17303 AND
2 1 17303 16745 17304 XOR
2 1 16734 17093 17294 AND
2 1 16739 17294 17295 AND
2 1 17295 16737 17296 XOR
2 1 16726 17093 17283 AND
2 1 16731 17283 17284 AND
2 1 17284 16729 17285 XOR
2 1 16715 17093 17275 AND
2 1 16720 17275 17276 AND
2 1 17276 16718 17277 XOR
2 1 16707 17093 17267 AND
2 1 16712 17267 17268 AND
2 1 17268 16710 17269 XOR
2 1 16699 17093 17256 AND
2 1 16704 17256 17257 AND
2 1 17257 16702 17258 XOR
2 1 16688 17093 17248 AND
2 1 16693 17248 17249 AND
2 1 17249 16691 17250 XOR
2 1 16680 17093 17240 AND
2 1 16685 17240 17241 AND
2 1 17241 16683 17242 XOR
2 1 16672 17093 17229 AND
2 1 16677 17229 17230 AND
2 1 17230 16675 17231 XOR
2 1 16661 17093 17221 AND
2 1 16666 17221 17222 AND
2 1 17222 16664 17223 XOR
2 1 16653 17093 17213 AND
2 1 16658 17213 17214 AND
2 1 17214 16656 17215 XOR
2 1 16645 17093 17202 AND
2 1 16650 17202 17203 AND
2 1 17203 16648 17204 XOR
2 1 16634 17093 17194 AND
2 1 16639 17194 17195 AND
2 1 17195 16637 17196 XOR
2 1 16626 17093 17186 AND
2 1 16631 17186 17187 AND
2 1 17187 16629 17188 XOR
2 1 16618 17093 17175 AND
2 1 16623 17175 17176 AND
2 1 17176 16621 17177 XOR
2 1 16607 17093 17167 AND
2 1 16612 17167 17168 AND
2 1 17168 16610 17169 XOR
2 1 16599 17093 17159 AND
2 1 16604 17159 17160 AND
2 1 17160 16602 17161 XOR
2 1 16591 17093 17148 AND
2 1 16596 17148 17149 AND
2 1 17149 16594 17150 XOR
2 1 16580 17093 17140 AND
2 1 16585 17140 17141 AND
2 1 17141 16583 17142 XOR
2 1 16570 16572 17132 AND
2 1 17093 17132 17133 AND
2 1 17133 16577 17134 XOR
2 1 16559 16564 17121 AND
2 1 17093 17121 17122 AND
2 1 17122 16567 17123 XOR
2 1 8 17093 17094 AND
2 1 6 7 17095 AND
2 1 8 17095 17096 AND
2 1 16550 17096 17101 AND
2 1 16546 17101 17102 AND
2 1 16544 17102 17103 AND
2 1 17094 17103 17104 AND
2 1 8 17093 17106 AND
2 1 17106 9 17107 XOR
2 1 17104 17107 17108 AND
2 1 8 17093 17097 AND
2 1 8 17095 17098 AND
2 1 16552 17098 17099 AND
2 1 17097 17099 17100 AND
2 1 16021 17100 17111 AND
2 1 17108 17111 17112 AND
2 1 16554 17093 17105 AND
2 1 16552 17091 17113 AND
2 1 17087 17113 17114 AND
2 1 17085 17114 17115 AND
2 1 17105 17115 17116 AND
2 1 17116 10 17117 XOR
2 1 17112 17117 17118 AND
2 1 17100 17108 17109 AND
2 1 16021 17109 17110 AND
2 1 15495 17110 17124 AND
2 1 17118 17124 17125 AND
2 1 17123 17125 17126 AND
2 1 17110 17118 17119 AND
2 1 15495 17119 17120 AND
2 1 14970 17120 17135 AND
2 1 17126 17135 17136 AND
2 1 17134 17136 17137 AND
2 1 15495 17123 17127 AND
2 1 15495 17123 17128 AND
2 1 17119 17128 17129 AND
2 1 17127 17129 17130 AND
2 1 14970 17130 17131 AND
2 1 14456 17131 17143 AND
2 1 17137 17143 17144 AND
2 1 17142 17144 17145 AND
2 1 17131 17137 17138 AND
2 1 14456 17138 17139 AND
2 1 13953 17139 17151 AND
2 1 17145 17151 17152 AND
2 1 17150 17152 17153 AND
2 1 17139 17145 17146 AND
2 1 13953 17146 17147 AND
2 1 13455 17147 17162 AND
2 1 17153 17162 17163 AND
2 1 17161 17163 17164 AND
2 1 13953 17150 17154 AND
2 1 13953 17150 17155 AND
2 1 17146 17155 17156 AND
2 1 17154 17156 17157 AND
2 1 13455 17157 17158 AND
2 1 12968 17158 17170 AND
2 1 17164 17170 17171 AND
2 1 17169 17171 17172 AND
2 1 17158 17164 17165 AND
2 1 12968 17165 17166 AND
2 1 12492 17166 17178 AND
2 1 17172 17178 17179 AND
2 1 17177 17179 17180 AND
2 1 17166 17172 17173 AND
2 1 12492 17173 17174 AND
2 1 12021 17174 17189 AND
2 1 17180 17189 17190 AND
2 1 17188 17190 17191 AND
2 1 12492 17177 17181 AND
2 1 12492 17177 17182 AND
2 1 17173 17182 17183 AND
2 1 17181 17183 17184 AND
2 1 12021 17184 17185 AND
2 1 11561 17185 17197 AND
2 1 17191 17197 17198 AND
2 1 17196 17198 17199 AND
2 1 17185 17191 17192 AND
2 1 11561 17192 17193 AND
2 1 11112 17193 17205 AND
2 1 17199 17205 17206 AND
2 1 17204 17206 17207 AND
2 1 17193 17199 17200 AND
2 1 11112 17200 17201 AND
2 1 10668 17201 17216 AND
2 1 17207 17216 17217 AND
2 1 17215 17217 17218 AND
2 1 11112 17204 17208 AND
2 1 11112 17204 17209 AND
2 1 17200 17209 17210 AND
2 1 17208 17210 17211 AND
2 1 10668 17211 17212 AND
2 1 10235 17212 17224 AND
2 1 17218 17224 17225 AND
2 1 17223 17225 17226 AND
2 1 17212 17218 17219 AND
2 1 10235 17219 17220 AND
2 1 9813 17220 17232 AND
2 1 17226 17232 17233 AND
2 1 17231 17233 17234 AND
2 1 17220 17226 17227 AND
2 1 9813 17227 17228 AND
2 1 9396 17228 17243 AND
2 1 17234 17243 17244 AND
2 1 17242 17244 17245 AND
2 1 9813 17231 17235 AND
2 1 9813 17231 17236 AND
2 1 17227 17236 17237 AND
2 1 17235 17237 17238 AND
2 1 9396 17238 17239 AND
2 1 8990 17239 17251 AND
2 1 17245 17251 17252 AND
2 1 17250 17252 17253 AND
2 1 17239 17245 17246 AND
2 1 8990 17246 17247 AND
2 1 8595 17247 17259 AND
2 1 17253 17259 17260 AND
2 1 17258 17260 17261 AND
2 1 17247 17253 17254 AND
2 1 8595 17254 17255 AND
2 1 8205 17255 17270 AND
2 1 17261 17270 17271 AND
2 1 17269 17271 17272 AND
2 1 8595 17258 17262 AND
2 1 8595 17258 17263 AND
2 1 17254 17263 17264 AND
2 1 17262 17264 17265 AND
2 1 8205 17265 17266 AND
2 1 7826 17266 17278 AND
2 1 17272 17278 17279 AND
2 1 17277 17279 17280 AND
2 1 17266 17272 17273 AND
2 1 7826 17273 17274 AND
2 1 7458 17274 17286 AND
2 1 17280 17286 17287 AND
2 1 17285 17287 17288 AND
2 1 17274 17280 17281 AND
2 1 7458 17281 17282 AND
2 1 7095 17282 17297 AND
2 1 17288 17297 17298 AND
2 1 17296 17298 17299 AND
2 1 7458 17285 17289 AND
2 1 7458 17285 17290 AND
2 1 17281 17290 17291 AND
2 1 17289 17291 17292 AND
2 1 7095 17292 17293 AND
2 1 6743 17293 17305 AND
2 1 17299 17305 17306 AND
2 1 17304 17306 17307 AND
2 1 17293 17299 17300 AND
2 1 6743 17300 17301 AND
2 1 6402 17301 17313 AND
2 1 17307 17313 17314 AND
2 1 17312 17314 17315 AND
2 1 17301 17307 17308 AND
2 1 6402 17308 17309 AND
2 1 6066 17309 17324 AND
2 1 17315 17324 17325 AND
2 1 17323 17325 17326 AND
2 1 6402 17312 17316 AND
2 1 6402 17312 17317 AND
2 1 17308 17317 17318 AND
2 1 17316 17318 17319 AND
2 1 6066 17319 17320 AND
2 1 5741 17320 17332 AND
2 1 17326 17332 17333 AND
2 1 17331 17333 17334 AND
2 1 17320 17326 17327 AND
2 1 5741 17327 17328 AND
2 1 5427 17328 17340 AND
2 1 17334 17340 17341 AND
2 1 17339 17341 17342 AND
2 1 17328 17334 17335 AND
2 1 5427 17335 17336 AND
2 1 5118 17336 17351 AND
2 1 17342 17351 17352 AND
2 1 17350 17352 17353 AND
2 1 5427 17339 17343 AND
2 1 5427 17339 17344 AND
2 1 17335 17344 17345 AND
2 1 17343 17345 17346 AND
2 1 5118 17346 17347 AND
2 1 4820 17347 17359 AND
2 1 17353 17359 17360 AND
2 1 17358 17360 17361 AND
2 1 17347 17353 17354 AND
2 1 4820 17354 17355 AND
2 1 4533 17355 17367 AND
2 1 17361 17367 17368 AND
2 1 17366 17368 17369 AND
2 1 17355 17361 17362 AND
2 1 4533 17362 17363 AND
2 1 4251 17363 17378 AND
2 1 17369 17378 17379 AND
2 1 17377 17379 17380 AND
2 1 4533 17366 17370 AND
2 1 4533 17366 17371 AND
2 1 17362 17371 17372 AND
2 1 17370 17372 17373 AND
2 1 4251 17373 17374 AND
2 1 3980 17374 17386 AND
2 1 17380 17386 17387 AND
2 1 17385 17387 17388 AND
2 1 17374 17380 17381 AND
2 1 3980 17381 17382 AND
2 1 3720 17382 17394 AND
2 1 17388 17394 17395 AND
2 1 17393 17395 17396 AND
2 1 17382 17388 17389 AND
2 1 3720 17389 17390 AND
2 1 3465 17390 17405 AND
2 1 17396 17405 17406 AND
2 1 17404 17406 17407 AND
2 1 3720 17393 17397 AND
2 1 3720 17393 17398 AND
2 1 17389 17398 17399 AND
2 1 17397 17399 17400 AND
2 1 3465 17400 17401 AND
2 1 3221 17401 17413 AND
2 1 17407 17413 17414 AND
2 1 17412 17414 17415 AND
2 1 17401 17407 17408 AND
2 1 3221 17408 17409 AND
2 1 2988 17409 17421 AND
2 1 17415 17421 17422 AND
2 1 17420 17422 17423 AND
2 1 17409 17415 17416 AND
2 1 2988 17416 17417 AND
2 1 2760 17417 17432 AND
2 1 17423 17432 17433 AND
2 1 17431 17433 17434 AND
2 1 2988 17420 17424 AND
2 1 2988 17420 17425 AND
2 1 17416 17425 17426 AND
2 1 17424 17426 17427 AND
2 1 2760 17427 17428 AND
2 1 2543 17428 17440 AND
2 1 17434 17440 17441 AND
2 1 17439 17441 17442 AND
2 1 17428 17434 17435 AND
2 1 2543 17435 17436 AND
2 1 2337 17436 17448 AND
2 1 17442 17448 17449 AND
2 1 17447 17449 17450 AND
2 1 17436 17442 17443 AND
2 1 2337 17443 17444 AND
2 1 2136 17444 17459 AND
2 1 17450 17459 17460 AND
2 1 17458 17460 17461 AND
2 1 2337 17447 17451 AND
2 1 2337 17447 17452 AND
2 1 17443 17452 17453 AND
2 1 17451 17453 17454 AND
2 1 2136 17454 17455 AND
2 1 1946 17455 17467 AND
2 1 17461 17467 17468 AND
2 1 17466 17468 17469 AND
2 1 17455 17461 17462 AND
2 1 1946 17462 17463 AND
2 1 1767 17463 17475 AND
2 1 17469 17475 17476 AND
2 1 17474 17476 17477 AND
2 1 17463 17469 17470 AND
2 1 1767 17470 17471 AND
2 1 1593 17471 17486 AND
2 1 17477 17486 17487 AND
2 1 17485 17487 17488 AND
2 1 1767 17474 17478 AND
2 1 1767 17474 17479 AND
2 1 17470 17479 17480 AND
2 1 17478 17480 17481 AND
2 1 1593 17481 17482 AND
2 1 1430 17482 17494 AND
2 1 17488 17494 17495 AND
2 1 17493 17495 17496 AND
2 1 17482 17488 17489 AND
2 1 1430 17489 17490 AND
2 1 1278 17490 17502 AND
2 1 17496 17502 17503 AND
2 1 17501 17503 17504 AND
2 1 17490 17496 17497 AND
2 1 1278 17497 17498 AND
2 1 1131 17498 17513 AND
2 1 17504 17513 17514 AND
2 1 17512 17514 17515 AND
2 1 1278 17501 17505 AND
2 1 1278 17501 17506 AND
2 1 17497 17506 17507 AND
2 1 17505 17507 17508 AND
2 1 1131 17508 17509 AND
2 1 995 17509 17521 AND
2 1 17515 17521 17522 AND
2 1 17520 17522 17523 AND
2 1 17509 17515 17516 AND
2 1 995 17516 17517 AND
2 1 870 17517 17529 AND
2 1 17523 17529 17530 AND
2 1 17528 17530 17531 AND
2 1 17517 17523 17524 AND
2 1 870 17524 17525 AND
2 1 750 17525 17540 AND
2 1 17531 17540 17541 AND
2 1 17539 17541 17542 AND
2 1 870 17528 17532 AND
2 1 870 17528 17533 AND
2 1 17524 17533 17534 AND
2 1 17532 17534 17535 AND
2 1 750 17535 17536 AND
2 1 641 17536 17548 AND
2 1 17542 17548 17549 AND
2 1 17547 17549 17550 AND
2 1 17536 17542 17543 AND
2 1 641 17543 17544 AND
2 1 543 17544 17556 AND
2 1 17550 17556 17557 AND
2 1 17555 17557 17558 AND
2 1 17544 17550 17551 AND
2 1 543 17551 17552 AND
2 1 450 17552 17567 AND
2 1 17558 17567 17568 AND
2 1 543 17555 17559 AND
2 1 543 17555 17560 AND
2 1 17551 17560 17561 AND
2 1 17559 17561 17562 AND
2 1 450 17562 17563 AND
2 1 17023 17093 17580 AND
2 1 17028 17580 17581 AND
2 1 17581 17026 17582 XOR
2 1 297 17582 17586 AND
2 1 17004 17093 17564 AND
2 1 17009 17564 17565 AND
2 1 17565 17007 17566 XOR
2 1 17566 17568 17569 AND
2 1 17563 17569 17570 AND
2 1 368 17570 17571 AND
2 1 17012 17093 17572 AND
2 1 17017 17572 17573 AND
2 1 17573 17015 17574 XOR
2 1 368 17563 17575 AND
2 1 17569 17575 17576 AND
2 1 17574 17576 17577 AND
2 1 17571 17577 17578 AND
2 1 297 17582 17587 AND
2 1 17578 17587 17588 AND
2 1 17586 17588 17589 AND
2 1 232 17589 17590 AND
2 1 17031 17093 17591 AND
2 1 17036 17591 17592 AND
2 1 17592 17034 17593 XOR
2 1 297 17571 17583 AND
2 1 17577 17583 17584 AND
2 1 17582 17584 17585 AND
2 1 297 17578 17579 AND
2 1 232 17579 17594 AND
2 1 17585 17594 17595 AND
2 1 17593 17595 17596 AND
2 1 17590 17596 17597 AND
2 1 183 17597 17598 AND
2 1 17039 17093 17599 AND
2 1 17044 17599 17600 AND
2 1 17600 17042 17601 XOR
2 1 183 17590 17602 AND
2 1 17596 17602 17603 AND
2 1 17601 17603 17604 AND
2 1 17598 17604 17605 AND
2 1 149 17605 17606 AND
2 1 149 17598 17607 AND
2 1 17604 17607 17608 AND
2 1 17050 17052 17609 AND
2 1 17093 17609 17610 AND
2 1 17610 17055 17611 XOR
2 1 17608 17611 17612 AND
2 1 17606 17612 17613 AND
2 1 133 17613 17614 AND
2 1 17058 17093 17615 AND
2 1 17063 17615 17616 AND
2 1 17616 17061 17617 XOR
2 1 133 17606 17618 AND
2 1 17612 17618 17619 AND
2 1 17617 17619 17620 AND
2 1 17614 17620 17621 AND
2 1 17066 17093 17622 AND
2 1 17071 17622 17623 AND
2 1 17623 17069 17624 XOR
2 1 17076 17079 17625 AND
2 1 17093 17625 17626 AND
2 1 17087 17626 17627 AND
2 1 17624 17627 17628 AND
2 1 17621 17628 17629 AND
2 1 129 17629 17630 AND
2 1 17614 17624 17631 AND
2 1 17620 17631 17632 AND
2 1 17079 17093 17633 AND
2 1 17079 17076 17634 XOR
2 1 129 17634 17635 AND
2 1 17633 17635 17636 AND
2 1 17632 17636 17637 AND
2 1 17630 17637 17638 AND
2 1 17563 17638 18125 AND
2 1 17568 18125 18126 AND
2 1 18126 17566 18127 XOR
2 1 17552 17638 18117 AND
2 1 17557 18117 18118 AND
2 1 18118 17555 18119 XOR
2 1 17544 17638 18109 AND
2 1 17549 18109 18110 AND
2 1 18110 17547 18111 XOR
2 1 17536 17638 18098 AND
2 1 17541 18098 18099 AND
2 1 18099 17539 18100 XOR
2 1 17525 17638 18090 AND
2 1 17530 18090 18091 AND
2 1 18091 17528 18092 XOR
2 1 17517 17638 18082 AND
2 1 17522 18082 18083 AND
2 1 18083 17520 18084 XOR
2 1 17509 17638 18071 AND
2 1 17514 18071 18072 AND
2 1 18072 17512 18073 XOR
2 1 17498 17638 18063 AND
2 1 17503 18063 18064 AND
2 1 18064 17501 18065 XOR
2 1 17490 17638 18055 AND
2 1 17495 18055 18056 AND
2 1 18056 17493 18057 XOR
2 1 17482 17638 18044 AND
2 1 17487 18044 18045 AND
2 1 18045 17485 18046 XOR
2 1 17471 17638 18036 AND
2 1 17476 18036 18037 AND
2 1 18037 17474 18038 XOR
2 1 17463 17638 18028 AND
2 1 17468 18028 18029 AND
2 1 18029 17466 18030 XOR
2 1 17455 17638 18017 AND
2 1 17460 18017 18018 AND
2 1 18018 17458 18019 XOR
2 1 17444 17638 18009 AND
2 1 17449 18009 18010 AND
2 1 18010 17447 18011 XOR
2 1 17436 17638 18001 AND
2 1 17441 18001 18002 AND
2 1 18002 17439 18003 XOR
2 1 17428 17638 17990 AND
2 1 17433 17990 17991 AND
2 1 17991 17431 17992 XOR
2 1 17417 17638 17982 AND
2 1 17422 17982 17983 AND
2 1 17983 17420 17984 XOR
2 1 17409 17638 17974 AND
2 1 17414 17974 17975 AND
2 1 17975 17412 17976 XOR
2 1 17401 17638 17963 AND
2 1 17406 17963 17964 AND
2 1 17964 17404 17965 XOR
2 1 17390 17638 17955 AND
2 1 17395 17955 17956 AND
2 1 17956 17393 17957 XOR
2 1 17382 17638 17947 AND
2 1 17387 17947 17948 AND
2 1 17948 17385 17949 XOR
2 1 17374 17638 17936 AND
2 1 17379 17936 17937 AND
2 1 17937 17377 17938 XOR
2 1 17363 17638 17928 AND
2 1 17368 17928 17929 AND
2 1 17929 17366 17930 XOR
2 1 17355 17638 17920 AND
2 1 17360 17920 17921 AND
2 1 17921 17358 17922 XOR
2 1 17347 17638 17909 AND
2 1 17352 17909 17910 AND
2 1 17910 17350 17911 XOR
2 1 17336 17638 17901 AND
2 1 17341 17901 17902 AND
2 1 17902 17339 17903 XOR
2 1 17328 17638 17893 AND
2 1 17333 17893 17894 AND
2 1 17894 17331 17895 XOR
2 1 17320 17638 17882 AND
2 1 17325 17882 17883 AND
2 1 17883 17323 17884 XOR
2 1 17309 17638 17874 AND
2 1 17314 17874 17875 AND
2 1 17875 17312 17876 XOR
2 1 17301 17638 17866 AND
2 1 17306 17866 17867 AND
2 1 17867 17304 17868 XOR
2 1 17293 17638 17855 AND
2 1 17298 17855 17856 AND
2 1 17856 17296 17857 XOR
2 1 17282 17638 17847 AND
2 1 17287 17847 17848 AND
2 1 17848 17285 17849 XOR
2 1 17274 17638 17839 AND
2 1 17279 17839 17840 AND
2 1 17840 17277 17841 XOR
2 1 17266 17638 17828 AND
2 1 17271 17828 17829 AND
2 1 17829 17269 17830 XOR
2 1 17255 17638 17820 AND
2 1 17260 17820 17821 AND
2 1 17821 17258 17822 XOR
2 1 17247 17638 17812 AND
2 1 17252 17812 17813 AND
2 1 17813 17250 17814 XOR
2 1 17239 17638 17801 AND
2 1 17244 17801 17802 AND
2 1 17802 17242 17803 XOR
2 1 17228 17638 17793 AND
2 1 17233 17793 17794 AND
2 1 17794 17231 17795 XOR
2 1 17220 17638 17785 AND
2 1 17225 17785 17786 AND
2 1 17786 17223 17787 XOR
2 1 17212 17638 17774 AND
2 1 17217 17774 17775 AND
2 1 17775 17215 17776 XOR
2 1 17201 17638 17766 AND
2 1 17206 17766 17767 AND
2 1 17767 17204 17768 XOR
2 1 17193 17638 17758 AND
2 1 17198 17758 17759 AND
2 1 17759 17196 17760 XOR
2 1 17185 17638 17747 AND
2 1 17190 17747 17748 AND
2 1 17748 17188 17749 XOR
2 1 17174 17638 17739 AND
2 1 17179 17739 17740 AND
2 1 17740 17177 17741 XOR
2 1 17166 17638 17731 AND
2 1 17171 17731 17732 AND
2 1 17732 17169 17733 XOR
2 1 17158 17638 17720 AND
2 1 17163 17720 17721 AND
2 1 17721 17161 17722 XOR
2 1 17147 17638 17712 AND
2 1 17152 17712 17713 AND
2 1 17713 17150 17714 XOR
2 1 17139 17638 17704 AND
2 1 17144 17704 17705 AND
2 1 17705 17142 17706 XOR
2 1 17131 17638 17693 AND
2 1 17136 17693 17694 AND
2 1 17694 17134 17695 XOR
2 1 17120 17638 17685 AND
2 1 17125 17685 17686 AND
2 1 17686 17123 17687 XOR
2 1 17110 17112 17677 AND
2 1 17638 17677 17678 AND
2 1 17678 17117 17679 XOR
2 1 17100 17104 17666 AND
2 1 17638 17666 17667 AND
2 1 17667 17107 17668 XOR
2 1 6 17638 17639 AND
2 1 4 5 17640 AND
2 1 6 17640 17641 AND
2 1 17091 17641 17646 AND
2 1 17087 17646 17647 AND
2 1 17085 17647 17648 AND
2 1 17639 17648 17649 AND
2 1 6 17638 17651 AND
2 1 17651 7 17652 XOR
2 1 17649 17652 17653 AND
2 1 6 17638 17642 AND
2 1 6 17640 17643 AND
2 1 17093 17643 17644 AND
2 1 17642 17644 17645 AND
2 1 16552 17645 17656 AND
2 1 17653 17656 17657 AND
2 1 17095 17638 17650 AND
2 1 17093 17636 17658 AND
2 1 17632 17658 17659 AND
2 1 17630 17659 17660 AND
2 1 17650 17660 17661 AND
2 1 17661 8 17662 XOR
2 1 17657 17662 17663 AND
2 1 17645 17653 17654 AND
2 1 16552 17654 17655 AND
2 1 16021 17655 17669 AND
2 1 17663 17669 17670 AND
2 1 17668 17670 17671 AND
2 1 17655 17663 17664 AND
2 1 16021 17664 17665 AND
2 1 15495 17665 17680 AND
2 1 17671 17680 17681 AND
2 1 17679 17681 17682 AND
2 1 16021 17668 17672 AND
2 1 16021 17668 17673 AND
2 1 17664 17673 17674 AND
2 1 17672 17674 17675 AND
2 1 15495 17675 17676 AND
2 1 14970 17676 17688 AND
2 1 17682 17688 17689 AND
2 1 17687 17689 17690 AND
2 1 17676 17682 17683 AND
2 1 14970 17683 17684 AND
2 1 14456 17684 17696 AND
2 1 17690 17696 17697 AND
2 1 17695 17697 17698 AND
2 1 17684 17690 17691 AND
2 1 14456 17691 17692 AND
2 1 13953 17692 17707 AND
2 1 17698 17707 17708 AND
2 1 17706 17708 17709 AND
2 1 14456 17695 17699 AND
2 1 14456 17695 17700 AND
2 1 17691 17700 17701 AND
2 1 17699 17701 17702 AND
2 1 13953 17702 17703 AND
2 1 13455 17703 17715 AND
2 1 17709 17715 17716 AND
2 1 17714 17716 17717 AND
2 1 17703 17709 17710 AND
2 1 13455 17710 17711 AND
2 1 12968 17711 17723 AND
2 1 17717 17723 17724 AND
2 1 17722 17724 17725 AND
2 1 17711 17717 17718 AND
2 1 12968 17718 17719 AND
2 1 12492 17719 17734 AND
2 1 17725 17734 17735 AND
2 1 17733 17735 17736 AND
2 1 12968 17722 17726 AND
2 1 12968 17722 17727 AND
2 1 17718 17727 17728 AND
2 1 17726 17728 17729 AND
2 1 12492 17729 17730 AND
2 1 12021 17730 17742 AND
2 1 17736 17742 17743 AND
2 1 17741 17743 17744 AND
2 1 17730 17736 17737 AND
2 1 12021 17737 17738 AND
2 1 11561 17738 17750 AND
2 1 17744 17750 17751 AND
2 1 17749 17751 17752 AND
2 1 17738 17744 17745 AND
2 1 11561 17745 17746 AND
2 1 11112 17746 17761 AND
2 1 17752 17761 17762 AND
2 1 17760 17762 17763 AND
2 1 11561 17749 17753 AND
2 1 11561 17749 17754 AND
2 1 17745 17754 17755 AND
2 1 17753 17755 17756 AND
2 1 11112 17756 17757 AND
2 1 10668 17757 17769 AND
2 1 17763 17769 17770 AND
2 1 17768 17770 17771 AND
2 1 17757 17763 17764 AND
2 1 10668 17764 17765 AND
2 1 10235 17765 17777 AND
2 1 17771 17777 17778 AND
2 1 17776 17778 17779 AND
2 1 17765 17771 17772 AND
2 1 10235 17772 17773 AND
2 1 9813 17773 17788 AND
2 1 17779 17788 17789 AND
2 1 17787 17789 17790 AND
2 1 10235 17776 17780 AND
2 1 10235 17776 17781 AND
2 1 17772 17781 17782 AND
2 1 17780 17782 17783 AND
2 1 9813 17783 17784 AND
2 1 9396 17784 17796 AND
2 1 17790 17796 17797 AND
2 1 17795 17797 17798 AND
2 1 17784 17790 17791 AND
2 1 9396 17791 17792 AND
2 1 8990 17792 17804 AND
2 1 17798 17804 17805 AND
2 1 17803 17805 17806 AND
2 1 17792 17798 17799 AND
2 1 8990 17799 17800 AND
2 1 8595 17800 17815 AND
2 1 17806 17815 17816 AND
2 1 17814 17816 17817 AND
2 1 8990 17803 17807 AND
2 1 8990 17803 17808 AND
2 1 17799 17808 17809 AND
2 1 17807 17809 17810 AND
2 1 8595 17810 17811 AND
2 1 8205 17811 17823 AND
2 1 17817 17823 17824 AND
2 1 17822 17824 17825 AND
2 1 17811 17817 17818 AND
2 1 8205 17818 17819 AND
2 1 7826 17819 17831 AND
2 1 17825 17831 17832 AND
2 1 17830 17832 17833 AND
2 1 17819 17825 17826 AND
2 1 7826 17826 17827 AND
2 1 7458 17827 17842 AND
2 1 17833 17842 17843 AND
2 1 17841 17843 17844 AND
2 1 7826 17830 17834 AND
2 1 7826 17830 17835 AND
2 1 17826 17835 17836 AND
2 1 17834 17836 17837 AND
2 1 7458 17837 17838 AND
2 1 7095 17838 17850 AND
2 1 17844 17850 17851 AND
2 1 17849 17851 17852 AND
2 1 17838 17844 17845 AND
2 1 7095 17845 17846 AND
2 1 6743 17846 17858 AND
2 1 17852 17858 17859 AND
2 1 17857 17859 17860 AND
2 1 17846 17852 17853 AND
2 1 6743 17853 17854 AND
2 1 6402 17854 17869 AND
2 1 17860 17869 17870 AND
2 1 17868 17870 17871 AND
2 1 6743 17857 17861 AND
2 1 6743 17857 17862 AND
2 1 17853 17862 17863 AND
2 1 17861 17863 17864 AND
2 1 6402 17864 17865 AND
2 1 6066 17865 17877 AND
2 1 17871 17877 17878 AND
2 1 17876 17878 17879 AND
2 1 17865 17871 17872 AND
2 1 6066 17872 17873 AND
2 1 5741 17873 17885 AND
2 1 17879 17885 17886 AND
2 1 17884 17886 17887 AND
2 1 17873 17879 17880 AND
2 1 5741 17880 17881 AND
2 1 5427 17881 17896 AND
2 1 17887 17896 17897 AND
2 1 17895 17897 17898 AND
2 1 5741 17884 17888 AND
2 1 5741 17884 17889 AND
2 1 17880 17889 17890 AND
2 1 17888 17890 17891 AND
2 1 5427 17891 17892 AND
2 1 5118 17892 17904 AND
2 1 17898 17904 17905 AND
2 1 17903 17905 17906 AND
2 1 17892 17898 17899 AND
2 1 5118 17899 17900 AND
2 1 4820 17900 17912 AND
2 1 17906 17912 17913 AND
2 1 17911 17913 17914 AND
2 1 17900 17906 17907 AND
2 1 4820 17907 17908 AND
2 1 4533 17908 17923 AND
2 1 17914 17923 17924 AND
2 1 17922 17924 17925 AND
2 1 4820 17911 17915 AND
2 1 4820 17911 17916 AND
2 1 17907 17916 17917 AND
2 1 17915 17917 17918 AND
2 1 4533 17918 17919 AND
2 1 4251 17919 17931 AND
2 1 17925 17931 17932 AND
2 1 17930 17932 17933 AND
2 1 17919 17925 17926 AND
2 1 4251 17926 17927 AND
2 1 3980 17927 17939 AND
2 1 17933 17939 17940 AND
2 1 17938 17940 17941 AND
2 1 17927 17933 17934 AND
2 1 3980 17934 17935 AND
2 1 3720 17935 17950 AND
2 1 17941 17950 17951 AND
2 1 17949 17951 17952 AND
2 1 3980 17938 17942 AND
2 1 3980 17938 17943 AND
2 1 17934 17943 17944 AND
2 1 17942 17944 17945 AND
2 1 3720 17945 17946 AND
2 1 3465 17946 17958 AND
2 1 17952 17958 17959 AND
2 1 17957 17959 17960 AND
2 1 17946 17952 17953 AND
2 1 3465 17953 17954 AND
2 1 3221 17954 17966 AND
2 1 17960 17966 17967 AND
2 1 17965 17967 17968 AND
2 1 17954 17960 17961 AND
2 1 3221 17961 17962 AND
2 1 2988 17962 17977 AND
2 1 17968 17977 17978 AND
2 1 17976 17978 17979 AND
2 1 3221 17965 17969 AND
2 1 3221 17965 17970 AND
2 1 17961 17970 17971 AND
2 1 17969 17971 17972 AND
2 1 2988 17972 17973 AND
2 1 2760 17973 17985 AND
2 1 17979 17985 17986 AND
2 1 17984 17986 17987 AND
2 1 17973 17979 17980 AND
2 1 2760 17980 17981 AND
2 1 2543 17981 17993 AND
2 1 17987 17993 17994 AND
2 1 17992 17994 17995 AND
2 1 17981 17987 17988 AND
2 1 2543 17988 17989 AND
2 1 2337 17989 18004 AND
2 1 17995 18004 18005 AND
2 1 18003 18005 18006 AND
2 1 2543 17992 17996 AND
2 1 2543 17992 17997 AND
2 1 17988 17997 17998 AND
2 1 17996 17998 17999 AND
2 1 2337 17999 18000 AND
2 1 2136 18000 18012 AND
2 1 18006 18012 18013 AND
2 1 18011 18013 18014 AND
2 1 18000 18006 18007 AND
2 1 2136 18007 18008 AND
2 1 1946 18008 18020 AND
2 1 18014 18020 18021 AND
2 1 18019 18021 18022 AND
2 1 18008 18014 18015 AND
2 1 1946 18015 18016 AND
2 1 1767 18016 18031 AND
2 1 18022 18031 18032 AND
2 1 18030 18032 18033 AND
2 1 1946 18019 18023 AND
2 1 1946 18019 18024 AND
2 1 18015 18024 18025 AND
2 1 18023 18025 18026 AND
2 1 1767 18026 18027 AND
2 1 1593 18027 18039 AND
2 1 18033 18039 18040 AND
2 1 18038 18040 18041 AND
2 1 18027 18033 18034 AND
2 1 1593 18034 18035 AND
2 1 1430 18035 18047 AND
2 1 18041 18047 18048 AND
2 1 18046 18048 18049 AND
2 1 18035 18041 18042 AND
2 1 1430 18042 18043 AND
2 1 1278 18043 18058 AND
2 1 18049 18058 18059 AND
2 1 18057 18059 18060 AND
2 1 1430 18046 18050 AND
2 1 1430 18046 18051 AND
2 1 18042 18051 18052 AND
2 1 18050 18052 18053 AND
2 1 1278 18053 18054 AND
2 1 1131 18054 18066 AND
2 1 18060 18066 18067 AND
2 1 18065 18067 18068 AND
2 1 18054 18060 18061 AND
2 1 1131 18061 18062 AND
2 1 995 18062 18074 AND
2 1 18068 18074 18075 AND
2 1 18073 18075 18076 AND
2 1 18062 18068 18069 AND
2 1 995 18069 18070 AND
2 1 870 18070 18085 AND
2 1 18076 18085 18086 AND
2 1 18084 18086 18087 AND
2 1 995 18073 18077 AND
2 1 995 18073 18078 AND
2 1 18069 18078 18079 AND
2 1 18077 18079 18080 AND
2 1 870 18080 18081 AND
2 1 750 18081 18093 AND
2 1 18087 18093 18094 AND
2 1 18092 18094 18095 AND
2 1 18081 18087 18088 AND
2 1 750 18088 18089 AND
2 1 641 18089 18101 AND
2 1 18095 18101 18102 AND
2 1 18100 18102 18103 AND
2 1 18089 18095 18096 AND
2 1 641 18096 18097 AND
2 1 543 18097 18112 AND
2 1 18103 18112 18113 AND
2 1 18111 18113 18114 AND
2 1 641 18100 18104 AND
2 1 641 18100 18105 AND
2 1 18096 18105 18106 AND
2 1 18104 18106 18107 AND
2 1 543 18107 18108 AND
2 1 450 18108 18120 AND
2 1 18114 18120 18121 AND
2 1 18119 18121 18122 AND
2 1 18108 18114 18115 AND
2 1 450 18115 18116 AND
2 1 368 18116 18128 AND
2 1 18122 18128 18129 AND
2 1 18127 18129 18130 AND
2 1 18116 18122 18123 AND
2 1 368 18123 18124 AND
2 1 297 18124 18139 AND
2 1 18130 18139 18140 AND
2 1 368 18127 18131 AND
2 1 368 18127 18132 AND
2 1 18123 18132 18133 AND
2 1 18131 18133 18134 AND
2 1 297 18134 18135 AND
2 1 17590 17638 18152 AND
2 1 17595 18152 18153 AND
2 1 18153 17593 18154 XOR
2 1 183 18154 18158 AND
2 1 17571 17638 18136 AND
2 1 17576 18136 18137 AND
2 1 18137 17574 18138 XOR
2 1 18138 18140 18141 AND
2 1 18135 18141 18142 AND
2 1 232 18142 18143 AND
2 1 17579 17638 18144 AND
2 1 17584 18144 18145 AND
2 1 18145 17582 18146 XOR
2 1 232 18135 18147 AND
2 1 18141 18147 18148 AND
2 1 18146 18148 18149 AND
2 1 18143 18149 18150 AND
2 1 183 18154 18159 AND
2 1 18150 18159 18160 AND
2 1 18158 18160 18161 AND
2 1 149 18161 18162 AND
2 1 17598 17638 18163 AND
2 1 17603 18163 18164 AND
2 1 18164 17601 18165 XOR
2 1 183 18143 18155 AND
2 1 18149 18155 18156 AND
2 1 18154 18156 18157 AND
2 1 183 18150 18151 AND
2 1 149 18151 18166 AND
2 1 18157 18166 18167 AND
2 1 18165 18167 18168 AND
2 1 18162 18168 18169 AND
2 1 133 18169 18170 AND
2 1 133 18162 18171 AND
2 1 18168 18171 18172 AND
2 1 17606 17608 18173 AND
2 1 17638 18173 18174 AND
2 1 18174 17611 18175 XOR
2 1 18172 18175 18176 AND
2 1 18170 18176 18177 AND
2 1 17614 17638 18178 AND
2 1 17619 18178 18179 AND
2 1 18179 17617 18180 XOR
2 1 17621 17624 18181 AND
2 1 17638 18181 18182 AND
2 1 17632 18182 18183 AND
2 1 18180 18183 18184 AND
2 1 18177 18184 18185 AND
2 1 129 18185 18186 AND
2 1 18170 18180 18187 AND
2 1 18176 18187 18188 AND
2 1 17624 17638 18189 AND
2 1 17624 17621 18190 XOR
2 1 129 18190 18191 AND
2 1 18189 18191 18192 AND
2 1 18188 18192 18193 AND
2 1 18186 18193 18194 AND
2 1 18135 18194 18711 AND
2 1 18140 18711 18712 AND
2 1 18712 18138 18713 XOR
2 1 232 18713 18717 AND
2 1 18108 18194 18684 AND
2 1 18113 18684 18685 AND
2 1 18685 18111 18686 XOR
2 1 450 18686 18690 AND
2 1 18081 18194 18657 AND
2 1 18086 18657 18658 AND
2 1 18658 18084 18659 XOR
2 1 750 18659 18663 AND
2 1 18054 18194 18630 AND
2 1 18059 18630 18631 AND
2 1 18631 18057 18632 XOR
2 1 1131 18632 18636 AND
2 1 18027 18194 18603 AND
2 1 18032 18603 18604 AND
2 1 18604 18030 18605 XOR
2 1 1593 18605 18609 AND
2 1 18000 18194 18576 AND
2 1 18005 18576 18577 AND
2 1 18577 18003 18578 XOR
2 1 2136 18578 18582 AND
2 1 17973 18194 18549 AND
2 1 17978 18549 18550 AND
2 1 18550 17976 18551 XOR
2 1 2760 18551 18555 AND
2 1 17946 18194 18522 AND
2 1 17951 18522 18523 AND
2 1 18523 17949 18524 XOR
2 1 3465 18524 18528 AND
2 1 17919 18194 18495 AND
2 1 17924 18495 18496 AND
2 1 18496 17922 18497 XOR
2 1 4251 18497 18501 AND
2 1 17892 18194 18468 AND
2 1 17897 18468 18469 AND
2 1 18469 17895 18470 XOR
2 1 5118 18470 18474 AND
2 1 17865 18194 18441 AND
2 1 17870 18441 18442 AND
2 1 18442 17868 18443 XOR
2 1 6066 18443 18447 AND
2 1 17838 18194 18414 AND
2 1 17843 18414 18415 AND
2 1 18415 17841 18416 XOR
2 1 7095 18416 18420 AND
2 1 17811 18194 18387 AND
2 1 17816 18387 18388 AND
2 1 18388 17814 18389 XOR
2 1 8205 18389 18393 AND
2 1 17784 18194 18360 AND
2 1 17789 18360 18361 AND
2 1 18361 17787 18362 XOR
2 1 9396 18362 18366 AND
2 1 17757 18194 18333 AND
2 1 17762 18333 18334 AND
2 1 18334 17760 18335 XOR
2 1 10668 18335 18339 AND
2 1 17730 18194 18306 AND
2 1 17735 18306 18307 AND
2 1 18307 17733 18308 XOR
2 1 12021 18308 18312 AND
2 1 17703 18194 18279 AND
2 1 17708 18279 18280 AND
2 1 18280 17706 18281 XOR
2 1 13455 18281 18285 AND
2 1 17676 18194 18252 AND
2 1 17681 18252 18253 AND
2 1 18253 17679 18254 XOR
2 1 14970 18254 18258 AND
2 1 17645 17649 18225 AND
2 1 18194 18225 18226 AND
2 1 18226 17652 18227 XOR
2 1 16552 18227 18231 AND
2 1 4 18194 18201 AND
2 1 2 3 18199 AND
2 1 4 18199 18202 AND
2 1 17638 18202 18203 AND
2 1 18201 18203 18204 AND
2 1 4 18194 18198 AND
2 1 4 18199 18200 AND
2 1 17636 18200 18205 AND
2 1 17632 18205 18206 AND
2 1 17630 18206 18207 AND
2 1 18198 18207 18208 AND
2 1 4 18194 18210 AND
2 1 18210 5 18211 XOR
2 1 18208 18211 18212 AND
2 1 18204 18212 18213 AND
2 1 17093 18213 18214 AND
2 1 17093 18204 18215 AND
2 1 18212 18215 18216 AND
2 1 17640 18194 18209 AND
2 1 17638 18192 18217 AND
2 1 18188 18217 18218 AND
2 1 18186 18218 18219 AND
2 1 18209 18219 18220 AND
2 1 18220 6 18221 XOR
2 1 18216 18221 18222 AND
2 1 18214 18222 18223 AND
2 1 16552 18227 18232 AND
2 1 18223 18232 18233 AND
2 1 18231 18233 18234 AND
2 1 16021 18234 18235 AND
2 1 17655 17657 18236 AND
2 1 18194 18236 18237 AND
2 1 18237 17662 18238 XOR
2 1 16552 18214 18228 AND
2 1 18222 18228 18229 AND
2 1 18227 18229 18230 AND
2 1 16552 18223 18224 AND
2 1 16021 18224 18239 AND
2 1 18230 18239 18240 AND
2 1 18238 18240 18241 AND
2 1 18235 18241 18242 AND
2 1 15495 18242 18243 AND
2 1 17665 18194 18244 AND
2 1 17670 18244 18245 AND
2 1 18245 17668 18246 XOR
2 1 15495 18235 18247 AND
2 1 18241 18247 18248 AND
2 1 18246 18248 18249 AND
2 1 18243 18249 18250 AND
2 1 14970 18254 18259 AND
2 1 18250 18259 18260 AND
2 1 18258 18260 18261 AND
2 1 14456 18261 18262 AND
2 1 17684 18194 18263 AND
2 1 17689 18263 18264 AND
2 1 18264 17687 18265 XOR
2 1 14970 18243 18255 AND
2 1 18249 18255 18256 AND
2 1 18254 18256 18257 AND
2 1 14970 18250 18251 AND
2 1 14456 18251 18266 AND
2 1 18257 18266 18267 AND
2 1 18265 18267 18268 AND
2 1 18262 18268 18269 AND
2 1 13953 18269 18270 AND
2 1 17692 18194 18271 AND
2 1 17697 18271 18272 AND
2 1 18272 17695 18273 XOR
2 1 13953 18262 18274 AND
2 1 18268 18274 18275 AND
2 1 18273 18275 18276 AND
2 1 18270 18276 18277 AND
2 1 13455 18281 18286 AND
2 1 18277 18286 18287 AND
2 1 18285 18287 18288 AND
2 1 12968 18288 18289 AND
2 1 17711 18194 18290 AND
2 1 17716 18290 18291 AND
2 1 18291 17714 18292 XOR
2 1 13455 18270 18282 AND
2 1 18276 18282 18283 AND
2 1 18281 18283 18284 AND
2 1 13455 18277 18278 AND
2 1 12968 18278 18293 AND
2 1 18284 18293 18294 AND
2 1 18292 18294 18295 AND
2 1 18289 18295 18296 AND
2 1 12492 18296 18297 AND
2 1 17719 18194 18298 AND
2 1 17724 18298 18299 AND
2 1 18299 17722 18300 XOR
2 1 12492 18289 18301 AND
2 1 18295 18301 18302 AND
2 1 18300 18302 18303 AND
2 1 18297 18303 18304 AND
2 1 12021 18308 18313 AND
2 1 18304 18313 18314 AND
2 1 18312 18314 18315 AND
2 1 11561 18315 18316 AND
2 1 17738 18194 18317 AND
2 1 17743 18317 18318 AND
2 1 18318 17741 18319 XOR
2 1 12021 18297 18309 AND
2 1 18303 18309 18310 AND
2 1 18308 18310 18311 AND
2 1 12021 18304 18305 AND
2 1 11561 18305 18320 AND
2 1 18311 18320 18321 AND
2 1 18319 18321 18322 AND
2 1 18316 18322 18323 AND
2 1 11112 18323 18324 AND
2 1 17746 18194 18325 AND
2 1 17751 18325 18326 AND
2 1 18326 17749 18327 XOR
2 1 11112 18316 18328 AND
2 1 18322 18328 18329 AND
2 1 18327 18329 18330 AND
2 1 18324 18330 18331 AND
2 1 10668 18335 18340 AND
2 1 18331 18340 18341 AND
2 1 18339 18341 18342 AND
2 1 10235 18342 18343 AND
2 1 17765 18194 18344 AND
2 1 17770 18344 18345 AND
2 1 18345 17768 18346 XOR
2 1 10668 18324 18336 AND
2 1 18330 18336 18337 AND
2 1 18335 18337 18338 AND
2 1 10668 18331 18332 AND
2 1 10235 18332 18347 AND
2 1 18338 18347 18348 AND
2 1 18346 18348 18349 AND
2 1 18343 18349 18350 AND
2 1 9813 18350 18351 AND
2 1 17773 18194 18352 AND
2 1 17778 18352 18353 AND
2 1 18353 17776 18354 XOR
2 1 9813 18343 18355 AND
2 1 18349 18355 18356 AND
2 1 18354 18356 18357 AND
2 1 18351 18357 18358 AND
2 1 9396 18362 18367 AND
2 1 18358 18367 18368 AND
2 1 18366 18368 18369 AND
2 1 8990 18369 18370 AND
2 1 17792 18194 18371 AND
2 1 17797 18371 18372 AND
2 1 18372 17795 18373 XOR
2 1 9396 18351 18363 AND
2 1 18357 18363 18364 AND
2 1 18362 18364 18365 AND
2 1 9396 18358 18359 AND
2 1 8990 18359 18374 AND
2 1 18365 18374 18375 AND
2 1 18373 18375 18376 AND
2 1 18370 18376 18377 AND
2 1 8595 18377 18378 AND
2 1 17800 18194 18379 AND
2 1 17805 18379 18380 AND
2 1 18380 17803 18381 XOR
2 1 8595 18370 18382 AND
2 1 18376 18382 18383 AND
2 1 18381 18383 18384 AND
2 1 18378 18384 18385 AND
2 1 8205 18389 18394 AND
2 1 18385 18394 18395 AND
2 1 18393 18395 18396 AND
2 1 7826 18396 18397 AND
2 1 17819 18194 18398 AND
2 1 17824 18398 18399 AND
2 1 18399 17822 18400 XOR
2 1 8205 18378 18390 AND
2 1 18384 18390 18391 AND
2 1 18389 18391 18392 AND
2 1 8205 18385 18386 AND
2 1 7826 18386 18401 AND
2 1 18392 18401 18402 AND
2 1 18400 18402 18403 AND
2 1 18397 18403 18404 AND
2 1 7458 18404 18405 AND
2 1 17827 18194 18406 AND
2 1 17832 18406 18407 AND
2 1 18407 17830 18408 XOR
2 1 7458 18397 18409 AND
2 1 18403 18409 18410 AND
2 1 18408 18410 18411 AND
2 1 18405 18411 18412 AND
2 1 7095 18416 18421 AND
2 1 18412 18421 18422 AND
2 1 18420 18422 18423 AND
2 1 6743 18423 18424 AND
2 1 17846 18194 18425 AND
2 1 17851 18425 18426 AND
2 1 18426 17849 18427 XOR
2 1 7095 18405 18417 AND
2 1 18411 18417 18418 AND
2 1 18416 18418 18419 AND
2 1 7095 18412 18413 AND
2 1 6743 18413 18428 AND
2 1 18419 18428 18429 AND
2 1 18427 18429 18430 AND
2 1 18424 18430 18431 AND
2 1 6402 18431 18432 AND
2 1 17854 18194 18433 AND
2 1 17859 18433 18434 AND
2 1 18434 17857 18435 XOR
2 1 6402 18424 18436 AND
2 1 18430 18436 18437 AND
2 1 18435 18437 18438 AND
2 1 18432 18438 18439 AND
2 1 6066 18443 18448 AND
2 1 18439 18448 18449 AND
2 1 18447 18449 18450 AND
2 1 5741 18450 18451 AND
2 1 17873 18194 18452 AND
2 1 17878 18452 18453 AND
2 1 18453 17876 18454 XOR
2 1 6066 18432 18444 AND
2 1 18438 18444 18445 AND
2 1 18443 18445 18446 AND
2 1 6066 18439 18440 AND
2 1 5741 18440 18455 AND
2 1 18446 18455 18456 AND
2 1 18454 18456 18457 AND
2 1 18451 18457 18458 AND
2 1 5427 18458 18459 AND
2 1 17881 18194 18460 AND
2 1 17886 18460 18461 AND
2 1 18461 17884 18462 XOR
2 1 5427 18451 18463 AND
2 1 18457 18463 18464 AND
2 1 18462 18464 18465 AND
2 1 18459 18465 18466 AND
2 1 5118 18470 18475 AND
2 1 18466 18475 18476 AND
2 1 18474 18476 18477 AND
2 1 4820 18477 18478 AND
2 1 17900 18194 18479 AND
2 1 17905 18479 18480 AND
2 1 18480 17903 18481 XOR
2 1 5118 18459 18471 AND
2 1 18465 18471 18472 AND
2 1 18470 18472 18473 AND
2 1 5118 18466 18467 AND
2 1 4820 18467 18482 AND
2 1 18473 18482 18483 AND
2 1 18481 18483 18484 AND
2 1 18478 18484 18485 AND
2 1 4533 18485 18486 AND
2 1 17908 18194 18487 AND
2 1 17913 18487 18488 AND
2 1 18488 17911 18489 XOR
2 1 4533 18478 18490 AND
2 1 18484 18490 18491 AND
2 1 18489 18491 18492 AND
2 1 18486 18492 18493 AND
2 1 4251 18497 18502 AND
2 1 18493 18502 18503 AND
2 1 18501 18503 18504 AND
2 1 3980 18504 18505 AND
2 1 17927 18194 18506 AND
2 1 17932 18506 18507 AND
2 1 18507 17930 18508 XOR
2 1 4251 18486 18498 AND
2 1 18492 18498 18499 AND
2 1 18497 18499 18500 AND
2 1 4251 18493 18494 AND
2 1 3980 18494 18509 AND
2 1 18500 18509 18510 AND
2 1 18508 18510 18511 AND
2 1 18505 18511 18512 AND
2 1 3720 18512 18513 AND
2 1 17935 18194 18514 AND
2 1 17940 18514 18515 AND
2 1 18515 17938 18516 XOR
2 1 3720 18505 18517 AND
2 1 18511 18517 18518 AND
2 1 18516 18518 18519 AND
2 1 18513 18519 18520 AND
2 1 3465 18524 18529 AND
2 1 18520 18529 18530 AND
2 1 18528 18530 18531 AND
2 1 3221 18531 18532 AND
2 1 17954 18194 18533 AND
2 1 17959 18533 18534 AND
2 1 18534 17957 18535 XOR
2 1 3465 18513 18525 AND
2 1 18519 18525 18526 AND
2 1 18524 18526 18527 AND
2 1 3465 18520 18521 AND
2 1 3221 18521 18536 AND
2 1 18527 18536 18537 AND
2 1 18535 18537 18538 AND
2 1 18532 18538 18539 AND
2 1 2988 18539 18540 AND
2 1 17962 18194 18541 AND
2 1 17967 18541 18542 AND
2 1 18542 17965 18543 XOR
2 1 2988 18532 18544 AND
2 1 18538 18544 18545 AND
2 1 18543 18545 18546 AND
2 1 18540 18546 18547 AND
2 1 2760 18551 18556 AND
2 1 18547 18556 18557 AND
2 1 18555 18557 18558 AND
2 1 2543 18558 18559 AND
2 1 17981 18194 18560 AND
2 1 17986 18560 18561 AND
2 1 18561 17984 18562 XOR
2 1 2760 18540 18552 AND
2 1 18546 18552 18553 AND
2 1 18551 18553 18554 AND
2 1 2760 18547 18548 AND
2 1 2543 18548 18563 AND
2 1 18554 18563 18564 AND
2 1 18562 18564 18565 AND
2 1 18559 18565 18566 AND
2 1 2337 18566 18567 AND
2 1 17989 18194 18568 AND
2 1 17994 18568 18569 AND
2 1 18569 17992 18570 XOR
2 1 2337 18559 18571 AND
2 1 18565 18571 18572 AND
2 1 18570 18572 18573 AND
2 1 18567 18573 18574 AND
2 1 2136 18578 18583 AND
2 1 18574 18583 18584 AND
2 1 18582 18584 18585 AND
2 1 1946 18585 18586 AND
2 1 18008 18194 18587 AND
2 1 18013 18587 18588 AND
2 1 18588 18011 18589 XOR
2 1 2136 18567 18579 AND
2 1 18573 18579 18580 AND
2 1 18578 18580 18581 AND
2 1 2136 18574 18575 AND
2 1 1946 18575 18590 AND
2 1 18581 18590 18591 AND
2 1 18589 18591 18592 AND
2 1 18586 18592 18593 AND
2 1 1767 18593 18594 AND
2 1 18016 18194 18595 AND
2 1 18021 18595 18596 AND
2 1 18596 18019 18597 XOR
2 1 1767 18586 18598 AND
2 1 18592 18598 18599 AND
2 1 18597 18599 18600 AND
2 1 18594 18600 18601 AND
2 1 1593 18605 18610 AND
2 1 18601 18610 18611 AND
2 1 18609 18611 18612 AND
2 1 1430 18612 18613 AND
2 1 18035 18194 18614 AND
2 1 18040 18614 18615 AND
2 1 18615 18038 18616 XOR
2 1 1593 18594 18606 AND
2 1 18600 18606 18607 AND
2 1 18605 18607 18608 AND
2 1 1593 18601 18602 AND
2 1 1430 18602 18617 AND
2 1 18608 18617 18618 AND
2 1 18616 18618 18619 AND
2 1 18613 18619 18620 AND
2 1 1278 18620 18621 AND
2 1 18043 18194 18622 AND
2 1 18048 18622 18623 AND
2 1 18623 18046 18624 XOR
2 1 1278 18613 18625 AND
2 1 18619 18625 18626 AND
2 1 18624 18626 18627 AND
2 1 18621 18627 18628 AND
2 1 1131 18632 18637 AND
2 1 18628 18637 18638 AND
2 1 18636 18638 18639 AND
2 1 995 18639 18640 AND
2 1 18062 18194 18641 AND
2 1 18067 18641 18642 AND
2 1 18642 18065 18643 XOR
2 1 1131 18621 18633 AND
2 1 18627 18633 18634 AND
2 1 18632 18634 18635 AND
2 1 1131 18628 18629 AND
2 1 995 18629 18644 AND
2 1 18635 18644 18645 AND
2 1 18643 18645 18646 AND
2 1 18640 18646 18647 AND
2 1 870 18647 18648 AND
2 1 18070 18194 18649 AND
2 1 18075 18649 18650 AND
2 1 18650 18073 18651 XOR
2 1 870 18640 18652 AND
2 1 18646 18652 18653 AND
2 1 18651 18653 18654 AND
2 1 18648 18654 18655 AND
2 1 750 18659 18664 AND
2 1 18655 18664 18665 AND
2 1 18663 18665 18666 AND
2 1 641 18666 18667 AND
2 1 18089 18194 18668 AND
2 1 18094 18668 18669 AND
2 1 18669 18092 18670 XOR
2 1 750 18648 18660 AND
2 1 18654 18660 18661 AND
2 1 18659 18661 18662 AND
2 1 750 18655 18656 AND
2 1 641 18656 18671 AND
2 1 18662 18671 18672 AND
2 1 18670 18672 18673 AND
2 1 18667 18673 18674 AND
2 1 543 18674 18675 AND
2 1 18097 18194 18676 AND
2 1 18102 18676 18677 AND
2 1 18677 18100 18678 XOR
2 1 543 18667 18679 AND
2 1 18673 18679 18680 AND
2 1 18678 18680 18681 AND
2 1 18675 18681 18682 AND
2 1 450 18686 18691 AND
2 1 18682 18691 18692 AND
2 1 18690 18692 18693 AND
2 1 368 18693 18694 AND
2 1 18116 18194 18695 AND
2 1 18121 18695 18696 AND
2 1 18696 18119 18697 XOR
2 1 450 18675 18687 AND
2 1 18681 18687 18688 AND
2 1 18686 18688 18689 AND
2 1 450 18682 18683 AND
2 1 368 18683 18698 AND
2 1 18689 18698 18699 AND
2 1 18697 18699 18700 AND
2 1 18694 18700 18701 AND
2 1 297 18701 18702 AND
2 1 18124 18194 18703 AND
2 1 18129 18703 18704 AND
2 1 18704 18127 18705 XOR
2 1 297 18694 18706 AND
2 1 18700 18706 18707 AND
2 1 18705 18707 18708 AND
2 1 18702 18708 18709 AND
2 1 232 18713 18718 AND
2 1 18709 18718 18719 AND
2 1 18717 18719 18720 AND
2 1 183 18720 18721 AND
2 1 18143 18194 18722 AND
2 1 18148 18722 18723 AND
2 1 18723 18146 18724 XOR
2 1 232 18702 18714 AND
2 1 18708 18714 18715 AND
2 1 18713 18715 18716 AND
2 1 232 18709 18710 AND
2 1 183 18710 18725 AND
2 1 18716 18725 18726 AND
2 1 18724 18726 18727 AND
2 1 18721 18727 18728 AND
2 1 149 18728 18729 AND
2 1 149 18721 18730 AND
2 1 18727 18730 18731 AND
2 1 18162 18194 18735 AND
2 1 18167 18735 18736 AND
2 1 18736 18165 18737 XOR
2 1 133 18737 18741 AND
2 1 18151 18194 18195 AND
2 1 18156 18195 18196 AND
2 1 18196 18154 18197 XOR
2 1 18197 18731 18732 AND
2 1 18729 18732 18733 AND
2 1 133 18737 18742 AND
2 1 18733 18742 18743 AND
2 1 18741 18743 18744 AND
2 1 18170 18172 18745 AND
2 1 18194 18745 18746 AND
2 1 18746 18175 18747 XOR
2 1 18177 18180 18748 AND
2 1 18194 18748 18749 AND
2 1 18188 18749 18750 AND
2 1 18747 18750 18751 AND
2 1 18744 18751 18752 AND
2 1 129 18752 18753 AND
2 1 133 18729 18738 AND
2 1 18732 18738 18739 AND
2 1 18737 18739 18740 AND
2 1 133 18733 18734 AND
2 1 18734 18747 18754 AND
2 1 18740 18754 18755 AND
2 1 18180 18194 18756 AND
2 1 18180 18177 18757 XOR
2 1 129 18757 18758 AND
2 1 18756 18758 18759 AND
2 1 18755 18759 18760 AND
2 1 18753 18760 18761 AND
2 1 18731 18761 18762 AND
2 1 18729 18762 18763 AND
2 1 18763 18197 18764 XOR
2 1 18675 18761 18771 AND
2 1 18680 18771 18772 AND
2 1 18772 18678 18773 XOR
2 1 18621 18761 18780 AND
2 1 18626 18780 18781 AND
2 1 18781 18624 18782 XOR
2 1 18567 18761 18789 AND
2 1 18572 18789 18790 AND
2 1 18790 18570 18791 XOR
2 1 18513 18761 18798 AND
2 1 18518 18798 18799 AND
2 1 18799 18516 18800 XOR
2 1 18459 18761 18807 AND
2 1 18464 18807 18808 AND
2 1 18808 18462 18809 XOR
2 1 18405 18761 18816 AND
2 1 18410 18816 18817 AND
2 1 18817 18408 18818 XOR
2 1 18351 18761 18825 AND
2 1 18356 18825 18826 AND
2 1 18826 18354 18827 XOR
2 1 18297 18761 18834 AND
2 1 18302 18834 18835 AND
2 1 18835 18300 18836 XOR
2 1 18243 18761 18843 AND
2 1 18248 18843 18844 AND
2 1 18844 18246 18845 XOR
2 1 18204 18208 18849 AND
2 1 18761 18849 18850 AND
2 1 18850 18211 18851 XOR
2 1 18199 18761 18852 AND
2 1 18194 18759 18853 AND
2 1 18755 18853 18854 AND
2 1 18753 18854 18855 AND
2 1 18852 18855 18856 AND
2 1 18856 4 18857 XOR
2 1 17638 18857 18873 AND
2 1 18851 18873 18876 AND
2 1 0 1 18860 AND
2 1 2 18860 18861 AND
2 1 2 18759 18862 AND
2 1 18755 18862 18863 AND
2 1 18753 18863 18864 AND
2 1 18861 18864 18865 AND
2 1 18194 18865 18866 AND
2 1 2 18761 18858 AND
2 1 3 18858 18859 AND
2 1 18852 18859 18867 AND
2 1 18194 18865 18868 AND
2 1 18867 18868 18869 AND
2 1 18866 18869 18870 AND
2 1 17638 18857 18871 AND
2 1 18870 18871 18877 AND
2 1 18876 18877 18878 AND
2 1 17093 18878 18879 AND
2 1 18851 18871 18872 AND
2 1 18870 18873 18874 AND
2 1 18872 18874 18875 AND
2 1 18214 18216 18880 AND
2 1 18761 18880 18881 AND
2 1 18881 18221 18882 XOR
2 1 18875 18882 18883 AND
2 1 18879 18883 18884 AND
2 1 16552 18884 18885 AND
2 1 18224 18761 18846 AND
2 1 18229 18846 18847 AND
2 1 18847 18227 18848 XOR
2 1 18875 18879 18886 AND
2 1 18882 18886 18887 AND
2 1 18848 18887 18890 AND
2 1 18885 18890 18891 AND
2 1 16021 18891 18892 AND
2 1 18885 18887 18888 AND
2 1 18848 18888 18889 AND
2 1 18235 18761 18893 AND
2 1 18240 18893 18894 AND
2 1 18894 18238 18895 XOR
2 1 18889 18895 18896 AND
2 1 18892 18896 18897 AND
2 1 15495 18897 18898 AND
2 1 16021 18848 18899 AND
2 1 16021 18848 18900 AND
2 1 18888 18900 18901 AND
2 1 18899 18901 18902 AND
2 1 18895 18902 18903 AND
2 1 18898 18903 18904 AND
2 1 18845 18904 18905 AND
2 1 18845 18903 18906 AND
2 1 18898 18906 18907 AND
2 1 14970 18907 18908 AND
2 1 18251 18761 18909 AND
2 1 18256 18909 18910 AND
2 1 18910 18254 18911 XOR
2 1 18908 18911 18912 AND
2 1 18905 18912 18913 AND
2 1 14456 18913 18914 AND
2 1 18262 18761 18840 AND
2 1 18267 18840 18841 AND
2 1 18841 18265 18842 XOR
2 1 18905 18908 18915 AND
2 1 18911 18915 18916 AND
2 1 18842 18916 18922 AND
2 1 18914 18922 18923 AND
2 1 13953 18923 18924 AND
2 1 14456 18911 18917 AND
2 1 14456 18911 18918 AND
2 1 18915 18918 18919 AND
2 1 18917 18919 18920 AND
2 1 18842 18920 18921 AND
2 1 18270 18761 18925 AND
2 1 18275 18925 18926 AND
2 1 18926 18273 18927 XOR
2 1 18921 18927 18928 AND
2 1 18924 18928 18929 AND
2 1 13455 18929 18930 AND
2 1 18278 18761 18837 AND
2 1 18283 18837 18838 AND
2 1 18838 18281 18839 XOR
2 1 18921 18924 18931 AND
2 1 18927 18931 18932 AND
2 1 18839 18932 18935 AND
2 1 18930 18935 18936 AND
2 1 12968 18936 18937 AND
2 1 18930 18932 18933 AND
2 1 18839 18933 18934 AND
2 1 18289 18761 18938 AND
2 1 18294 18938 18939 AND
2 1 18939 18292 18940 XOR
2 1 18934 18940 18941 AND
2 1 18937 18941 18942 AND
2 1 12492 18942 18943 AND
2 1 12968 18839 18944 AND
2 1 12968 18839 18945 AND
2 1 18933 18945 18946 AND
2 1 18944 18946 18947 AND
2 1 18940 18947 18948 AND
2 1 18943 18948 18949 AND
2 1 18836 18949 18950 AND
2 1 18836 18948 18951 AND
2 1 18943 18951 18952 AND
2 1 12021 18952 18953 AND
2 1 18305 18761 18954 AND
2 1 18310 18954 18955 AND
2 1 18955 18308 18956 XOR
2 1 18953 18956 18957 AND
2 1 18950 18957 18958 AND
2 1 11561 18958 18959 AND
2 1 18316 18761 18831 AND
2 1 18321 18831 18832 AND
2 1 18832 18319 18833 XOR
2 1 18950 18953 18960 AND
2 1 18956 18960 18961 AND
2 1 18833 18961 18967 AND
2 1 18959 18967 18968 AND
2 1 11112 18968 18969 AND
2 1 11561 18956 18962 AND
2 1 11561 18956 18963 AND
2 1 18960 18963 18964 AND
2 1 18962 18964 18965 AND
2 1 18833 18965 18966 AND
2 1 18324 18761 18970 AND
2 1 18329 18970 18971 AND
2 1 18971 18327 18972 XOR
2 1 18966 18972 18973 AND
2 1 18969 18973 18974 AND
2 1 10668 18974 18975 AND
2 1 18332 18761 18828 AND
2 1 18337 18828 18829 AND
2 1 18829 18335 18830 XOR
2 1 18966 18969 18976 AND
2 1 18972 18976 18977 AND
2 1 18830 18977 18980 AND
2 1 18975 18980 18981 AND
2 1 10235 18981 18982 AND
2 1 18975 18977 18978 AND
2 1 18830 18978 18979 AND
2 1 18343 18761 18983 AND
2 1 18348 18983 18984 AND
2 1 18984 18346 18985 XOR
2 1 18979 18985 18986 AND
2 1 18982 18986 18987 AND
2 1 9813 18987 18988 AND
2 1 10235 18830 18989 AND
2 1 10235 18830 18990 AND
2 1 18978 18990 18991 AND
2 1 18989 18991 18992 AND
2 1 18985 18992 18993 AND
2 1 18988 18993 18994 AND
2 1 18827 18994 18995 AND
2 1 18827 18993 18996 AND
2 1 18988 18996 18997 AND
2 1 9396 18997 18998 AND
2 1 18359 18761 18999 AND
2 1 18364 18999 19000 AND
2 1 19000 18362 19001 XOR
2 1 18998 19001 19002 AND
2 1 18995 19002 19003 AND
2 1 8990 19003 19004 AND
2 1 18370 18761 18822 AND
2 1 18375 18822 18823 AND
2 1 18823 18373 18824 XOR
2 1 18995 18998 19005 AND
2 1 19001 19005 19006 AND
2 1 18824 19006 19012 AND
2 1 19004 19012 19013 AND
2 1 8595 19013 19014 AND
2 1 8990 19001 19007 AND
2 1 8990 19001 19008 AND
2 1 19005 19008 19009 AND
2 1 19007 19009 19010 AND
2 1 18824 19010 19011 AND
2 1 18378 18761 19015 AND
2 1 18383 19015 19016 AND
2 1 19016 18381 19017 XOR
2 1 19011 19017 19018 AND
2 1 19014 19018 19019 AND
2 1 8205 19019 19020 AND
2 1 18386 18761 18819 AND
2 1 18391 18819 18820 AND
2 1 18820 18389 18821 XOR
2 1 19011 19014 19021 AND
2 1 19017 19021 19022 AND
2 1 18821 19022 19025 AND
2 1 19020 19025 19026 AND
2 1 7826 19026 19027 AND
2 1 19020 19022 19023 AND
2 1 18821 19023 19024 AND
2 1 18397 18761 19028 AND
2 1 18402 19028 19029 AND
2 1 19029 18400 19030 XOR
2 1 19024 19030 19031 AND
2 1 19027 19031 19032 AND
2 1 7458 19032 19033 AND
2 1 7826 18821 19034 AND
2 1 7826 18821 19035 AND
2 1 19023 19035 19036 AND
2 1 19034 19036 19037 AND
2 1 19030 19037 19038 AND
2 1 19033 19038 19039 AND
2 1 18818 19039 19040 AND
2 1 18818 19038 19041 AND
2 1 19033 19041 19042 AND
2 1 7095 19042 19043 AND
2 1 18413 18761 19044 AND
2 1 18418 19044 19045 AND
2 1 19045 18416 19046 XOR
2 1 19043 19046 19047 AND
2 1 19040 19047 19048 AND
2 1 6743 19048 19049 AND
2 1 18424 18761 18813 AND
2 1 18429 18813 18814 AND
2 1 18814 18427 18815 XOR
2 1 19040 19043 19050 AND
2 1 19046 19050 19051 AND
2 1 18815 19051 19057 AND
2 1 19049 19057 19058 AND
2 1 6402 19058 19059 AND
2 1 6743 19046 19052 AND
2 1 6743 19046 19053 AND
2 1 19050 19053 19054 AND
2 1 19052 19054 19055 AND
2 1 18815 19055 19056 AND
2 1 18432 18761 19060 AND
2 1 18437 19060 19061 AND
2 1 19061 18435 19062 XOR
2 1 19056 19062 19063 AND
2 1 19059 19063 19064 AND
2 1 6066 19064 19065 AND
2 1 18440 18761 18810 AND
2 1 18445 18810 18811 AND
2 1 18811 18443 18812 XOR
2 1 19056 19059 19066 AND
2 1 19062 19066 19067 AND
2 1 18812 19067 19070 AND
2 1 19065 19070 19071 AND
2 1 5741 19071 19072 AND
2 1 19065 19067 19068 AND
2 1 18812 19068 19069 AND
2 1 18451 18761 19073 AND
2 1 18456 19073 19074 AND
2 1 19074 18454 19075 XOR
2 1 19069 19075 19076 AND
2 1 19072 19076 19077 AND
2 1 5427 19077 19078 AND
2 1 5741 18812 19079 AND
2 1 5741 18812 19080 AND
2 1 19068 19080 19081 AND
2 1 19079 19081 19082 AND
2 1 19075 19082 19083 AND
2 1 19078 19083 19084 AND
2 1 18809 19084 19085 AND
2 1 18809 19083 19086 AND
2 1 19078 19086 19087 AND
2 1 5118 19087 19088 AND
2 1 18467 18761 19089 AND
2 1 18472 19089 19090 AND
2 1 19090 18470 19091 XOR
2 1 19088 19091 19092 AND
2 1 19085 19092 19093 AND
2 1 4820 19093 19094 AND
2 1 18478 18761 18804 AND
2 1 18483 18804 18805 AND
2 1 18805 18481 18806 XOR
2 1 19085 19088 19095 AND
2 1 19091 19095 19096 AND
2 1 18806 19096 19102 AND
2 1 19094 19102 19103 AND
2 1 4533 19103 19104 AND
2 1 4820 19091 19097 AND
2 1 4820 19091 19098 AND
2 1 19095 19098 19099 AND
2 1 19097 19099 19100 AND
2 1 18806 19100 19101 AND
2 1 18486 18761 19105 AND
2 1 18491 19105 19106 AND
2 1 19106 18489 19107 XOR
2 1 19101 19107 19108 AND
2 1 19104 19108 19109 AND
2 1 4251 19109 19110 AND
2 1 18494 18761 18801 AND
2 1 18499 18801 18802 AND
2 1 18802 18497 18803 XOR
2 1 19101 19104 19111 AND
2 1 19107 19111 19112 AND
2 1 18803 19112 19115 AND
2 1 19110 19115 19116 AND
2 1 3980 19116 19117 AND
2 1 19110 19112 19113 AND
2 1 18803 19113 19114 AND
2 1 18505 18761 19118 AND
2 1 18510 19118 19119 AND
2 1 19119 18508 19120 XOR
2 1 19114 19120 19121 AND
2 1 19117 19121 19122 AND
2 1 3720 19122 19123 AND
2 1 3980 18803 19124 AND
2 1 3980 18803 19125 AND
2 1 19113 19125 19126 AND
2 1 19124 19126 19127 AND
2 1 19120 19127 19128 AND
2 1 19123 19128 19129 AND
2 1 18800 19129 19130 AND
2 1 18800 19128 19131 AND
2 1 19123 19131 19132 AND
2 1 3465 19132 19133 AND
2 1 18521 18761 19134 AND
2 1 18526 19134 19135 AND
2 1 19135 18524 19136 XOR
2 1 19133 19136 19137 AND
2 1 19130 19137 19138 AND
2 1 3221 19138 19139 AND
2 1 18532 18761 18795 AND
2 1 18537 18795 18796 AND
2 1 18796 18535 18797 XOR
2 1 19130 19133 19140 AND
2 1 19136 19140 19141 AND
2 1 18797 19141 19147 AND
2 1 19139 19147 19148 AND
2 1 2988 19148 19149 AND
2 1 3221 19136 19142 AND
2 1 3221 19136 19143 AND
2 1 19140 19143 19144 AND
2 1 19142 19144 19145 AND
2 1 18797 19145 19146 AND
2 1 18540 18761 19150 AND
2 1 18545 19150 19151 AND
2 1 19151 18543 19152 XOR
2 1 19146 19152 19153 AND
2 1 19149 19153 19154 AND
2 1 2760 19154 19155 AND
2 1 18548 18761 18792 AND
2 1 18553 18792 18793 AND
2 1 18793 18551 18794 XOR
2 1 19146 19149 19156 AND
2 1 19152 19156 19157 AND
2 1 18794 19157 19160 AND
2 1 19155 19160 19161 AND
2 1 2543 19161 19162 AND
2 1 19155 19157 19158 AND
2 1 18794 19158 19159 AND
2 1 18559 18761 19163 AND
2 1 18564 19163 19164 AND
2 1 19164 18562 19165 XOR
2 1 19159 19165 19166 AND
2 1 19162 19166 19167 AND
2 1 2337 19167 19168 AND
2 1 2543 18794 19169 AND
2 1 2543 18794 19170 AND
2 1 19158 19170 19171 AND
2 1 19169 19171 19172 AND
2 1 19165 19172 19173 AND
2 1 19168 19173 19174 AND
2 1 18791 19174 19175 AND
2 1 18791 19173 19176 AND
2 1 19168 19176 19177 AND
2 1 2136 19177 19178 AND
2 1 18575 18761 19179 AND
2 1 18580 19179 19180 AND
2 1 19180 18578 19181 XOR
2 1 19178 19181 19182 AND
2 1 19175 19182 19183 AND
2 1 1946 19183 19184 AND
2 1 18586 18761 18786 AND
2 1 18591 18786 18787 AND
2 1 18787 18589 18788 XOR
2 1 19175 19178 19185 AND
2 1 19181 19185 19186 AND
2 1 18788 19186 19192 AND
2 1 19184 19192 19193 AND
2 1 1767 19193 19194 AND
2 1 1946 19181 19187 AND
2 1 1946 19181 19188 AND
2 1 19185 19188 19189 AND
2 1 19187 19189 19190 AND
2 1 18788 19190 19191 AND
2 1 18594 18761 19195 AND
2 1 18599 19195 19196 AND
2 1 19196 18597 19197 XOR
2 1 19191 19197 19198 AND
2 1 19194 19198 19199 AND
2 1 1593 19199 19200 AND
2 1 18602 18761 18783 AND
2 1 18607 18783 18784 AND
2 1 18784 18605 18785 XOR
2 1 19191 19194 19201 AND
2 1 19197 19201 19202 AND
2 1 18785 19202 19205 AND
2 1 19200 19205 19206 AND
2 1 1430 19206 19207 AND
2 1 19200 19202 19203 AND
2 1 18785 19203 19204 AND
2 1 18613 18761 19208 AND
2 1 18618 19208 19209 AND
2 1 19209 18616 19210 XOR
2 1 19204 19210 19211 AND
2 1 19207 19211 19212 AND
2 1 1278 19212 19213 AND
2 1 1430 18785 19214 AND
2 1 1430 18785 19215 AND
2 1 19203 19215 19216 AND
2 1 19214 19216 19217 AND
2 1 19210 19217 19218 AND
2 1 19213 19218 19219 AND
2 1 18782 19219 19220 AND
2 1 18782 19218 19221 AND
2 1 19213 19221 19222 AND
2 1 1131 19222 19223 AND
2 1 18629 18761 19224 AND
2 1 18634 19224 19225 AND
2 1 19225 18632 19226 XOR
2 1 19223 19226 19227 AND
2 1 19220 19227 19228 AND
2 1 995 19228 19229 AND
2 1 18640 18761 18777 AND
2 1 18645 18777 18778 AND
2 1 18778 18643 18779 XOR
2 1 19220 19223 19230 AND
2 1 19226 19230 19231 AND
2 1 18779 19231 19237 AND
2 1 19229 19237 19238 AND
2 1 870 19238 19239 AND
2 1 995 19226 19232 AND
2 1 995 19226 19233 AND
2 1 19230 19233 19234 AND
2 1 19232 19234 19235 AND
2 1 18779 19235 19236 AND
2 1 18648 18761 19240 AND
2 1 18653 19240 19241 AND
2 1 19241 18651 19242 XOR
2 1 19236 19242 19243 AND
2 1 19239 19243 19244 AND
2 1 750 19244 19245 AND
2 1 18656 18761 18774 AND
2 1 18661 18774 18775 AND
2 1 18775 18659 18776 XOR
2 1 19236 19239 19246 AND
2 1 19242 19246 19247 AND
2 1 18776 19247 19250 AND
2 1 19245 19250 19251 AND
2 1 641 19251 19252 AND
2 1 19245 19247 19248 AND
2 1 18776 19248 19249 AND
2 1 18667 18761 19253 AND
2 1 18672 19253 19254 AND
2 1 19254 18670 19255 XOR
2 1 19249 19255 19256 AND
2 1 19252 19256 19257 AND
2 1 543 19257 19258 AND
2 1 641 18776 19259 AND
2 1 641 18776 19260 AND
2 1 19248 19260 19261 AND
2 1 19259 19261 19262 AND
2 1 19255 19262 19263 AND
2 1 19258 19263 19264 AND
2 1 18773 19264 19265 AND
2 1 18773 19263 19266 AND
2 1 19258 19266 19267 AND
2 1 450 19267 19268 AND
2 1 18683 18761 19269 AND
2 1 18688 19269 19270 AND
2 1 19270 18686 19271 XOR
2 1 19268 19271 19272 AND
2 1 19265 19272 19273 AND
2 1 368 19273 19274 AND
2 1 18694 18761 18768 AND
2 1 18699 18768 18769 AND
2 1 18769 18697 18770 XOR
2 1 19265 19268 19275 AND
2 1 19271 19275 19276 AND
2 1 18770 19276 19282 AND
2 1 19274 19282 19283 AND
2 1 297 19283 19284 AND
2 1 368 19271 19277 AND
2 1 368 19271 19278 AND
2 1 19275 19278 19279 AND
2 1 19277 19279 19280 AND
2 1 18770 19280 19281 AND
2 1 18702 18761 19285 AND
2 1 18707 19285 19286 AND
2 1 19286 18705 19287 XOR
2 1 19281 19287 19288 AND
2 1 19284 19288 19289 AND
2 1 232 19289 19290 AND
2 1 18710 18761 18765 AND
2 1 18715 18765 18766 AND
2 1 18766 18713 18767 XOR
2 1 19281 19284 19291 AND
2 1 19287 19291 19292 AND
2 1 18767 19292 19295 AND
2 1 19290 19295 19296 AND
2 1 183 19296 19297 AND
2 1 19290 19292 19293 AND
2 1 18767 19293 19294 AND
2 1 18721 18761 19298 AND
2 1 18726 19298 19299 AND
2 1 19299 18724 19300 XOR
2 1 19294 19300 19301 AND
2 1 19297 19301 19302 AND
2 1 149 19302 19303 AND
2 1 183 18767 19304 AND
2 1 183 18767 19305 AND
2 1 19293 19305 19306 AND
2 1 19304 19306 19307 AND
2 1 19300 19307 19308 AND
2 1 19303 19308 19309 AND
2 1 18764 19309 19310 AND
2 1 18764 19308 19311 AND
2 1 19303 19311 19312 AND
2 1 133 19312 19313 AND
2 1 18734 18761 19314 AND
2 1 18739 19314 19315 AND
2 1 19315 18737 19316 XOR
2 1 18744 18747 19317 AND
2 1 18761 19317 19318 AND
2 1 18755 19318 19319 AND
2 1 19316 19319 19320 AND
2 1 19313 19320 19321 AND
2 1 19310 19321 19322 AND
2 1 129 19322 19323 AND
2 1 19310 19313 19324 AND
2 1 19316 19324 19325 AND
2 1 18747 18761 19326 AND
2 1 18747 18744 19327 XOR
2 1 129 19327 19328 AND
2 1 19326 19328 19329 AND
2 1 19325 19329 19330 AND
2 1 19323 19330 19331 AND