2 1 0 1 66 AND
2 1 0 2 67 AND
2 1 0 1 65 AND
2 1 67 65 68 XOR
2 1 2 66 71 AND
2 1 0 3 70 AND
2 1 71 70 72 XOR
2 1 2 3 81 AND
2 1 0 81 82 AND
2 1 1 3 76 AND
2 1 0 4 75 AND
2 1 76 75 77 XOR
2 1 1 2 69 AND
2 1 77 69 80 XOR
2 1 82 80 83 XOR
2 1 69 77 79 AND
2 1 69 77 78 AND
2 1 78 82 97 AND
2 1 79 97 98 AND
2 1 2 3 93 AND
2 1 1 4 84 AND
2 1 0 5 85 AND
2 1 84 85 86 AND
2 1 4 5 87 AND
2 1 65 87 88 AND
2 1 86 88 91 AND
2 1 3 4 73 AND
2 1 65 73 74 AND
2 1 91 74 92 XOR
2 1 93 92 96 XOR
2 1 98 96 99 XOR
2 1 1 5 107 AND
2 1 2 4 106 AND
2 1 107 106 108 XOR
2 1 0 6 103 AND
2 1 103 81 104 XOR
2 1 108 104 110 XOR
2 1 74 86 89 AND
2 1 88 89 90 AND
2 1 110 90 116 XOR
2 1 92 93 95 AND
2 1 92 93 94 AND
2 1 94 98 100 AND
2 1 95 100 101 AND
2 1 116 101 117 XOR
2 1 90 110 112 AND
2 1 95 98 113 AND
2 1 90 110 111 AND
2 1 94 111 114 AND
2 1 113 114 115 AND
2 1 112 115 140 AND
2 1 69 87 105 AND
2 1 4 105 135 AND
2 1 1 6 132 AND
2 1 135 132 136 XOR
2 1 6 82 102 AND
2 1 104 108 109 AND
2 1 102 109 131 AND
2 1 136 131 138 XOR
2 1 81 87 118 AND
2 1 0 7 119 AND
2 1 73 119 120 AND
2 1 5 7 121 AND
2 1 67 121 122 AND
2 1 120 122 123 AND
2 1 118 123 124 AND
2 1 2 5 126 AND
2 1 73 126 127 AND
2 1 118 127 128 AND
2 1 119 128 129 AND
2 1 124 129 130 AND
2 1 138 130 139 XOR
2 1 140 139 141 XOR
2 1 139 140 165 AND
2 1 130 138 163 AND
2 1 0 8 149 AND
2 1 2 6 150 AND
2 1 149 150 151 AND
2 1 6 8 152 AND
2 1 67 152 153 AND
2 1 151 153 156 AND
2 1 4 132 134 AND
2 1 156 134 157 XOR
2 1 3 5 144 AND
2 1 1 7 143 AND
2 1 144 143 146 XOR
2 1 118 123 125 AND
2 1 146 125 148 XOR
2 1 157 148 159 XOR
2 1 105 132 133 AND
2 1 131 136 137 AND
2 1 133 137 142 AND
2 1 159 142 162 XOR
2 1 163 162 164 XOR
2 1 165 164 166 XOR
2 1 142 159 161 AND
2 1 130 138 195 AND
2 1 140 195 196 AND
2 1 142 159 160 AND
2 1 160 163 197 AND
2 1 196 197 198 AND
2 1 161 198 199 AND
2 1 1 8 186 AND
2 1 186 5 187 XOR
2 1 0 9 182 AND
2 1 143 144 145 AND
2 1 182 145 183 XOR
2 1 187 183 189 XOR
2 1 134 151 154 AND
2 1 153 154 155 AND
2 1 189 155 190 XOR
2 1 5 6 168 AND
2 1 73 168 169 AND
2 1 106 121 170 AND
2 1 6 7 171 AND
2 1 81 171 172 AND
2 1 170 172 173 AND
2 1 169 173 174 AND
2 1 2 7 178 AND
2 1 3 6 176 AND
2 1 87 176 177 AND
2 1 169 177 179 AND
2 1 178 179 180 AND
2 1 174 180 181 AND
2 1 190 181 191 XOR
2 1 125 146 147 AND
2 1 148 157 158 AND
2 1 147 158 167 AND
2 1 191 167 194 XOR
2 1 199 194 200 XOR
2 1 1 9 226 AND
2 1 4 6 225 AND
2 1 226 225 227 XOR
2 1 5 8 184 AND
2 1 1 184 185 AND
2 1 227 185 229 XOR
2 1 169 173 175 AND
2 1 229 175 231 XOR
2 1 183 187 188 AND
2 1 145 182 222 AND
2 1 188 222 223 AND
2 1 231 223 232 XOR
2 1 8 10 207 AND
2 1 67 207 208 AND
2 1 7 8 209 AND
2 1 81 209 210 AND
2 1 208 210 211 AND
2 1 0 10 212 AND
2 1 3 7 213 AND
2 1 212 213 214 AND
2 1 211 214 215 AND
2 1 2 8 216 AND
2 1 215 216 217 AND
2 1 213 212 219 XOR
2 1 211 219 220 AND
2 1 217 220 221 AND
2 1 232 221 233 XOR
2 1 155 189 203 AND
2 1 155 189 204 AND
2 1 181 204 205 AND
2 1 203 205 206 AND
2 1 233 206 239 XOR
2 1 167 191 192 AND
2 1 167 191 193 AND
2 1 193 199 201 AND
2 1 192 201 202 AND
2 1 239 202 240 XOR
2 1 206 233 235 AND
2 1 192 199 236 AND
2 1 206 233 234 AND
2 1 193 234 237 AND
2 1 236 237 238 AND
2 1 235 238 278 AND
2 1 185 227 228 AND
2 1 175 229 230 AND
2 1 228 230 261 AND
2 1 8 9 250 AND
2 1 81 250 251 AND
2 1 2 9 252 AND
2 1 3 8 253 AND
2 1 252 253 254 AND
2 1 251 254 257 AND
2 1 9 134 224 AND
2 1 257 224 258 XOR
2 1 1 10 246 AND
2 1 246 6 247 XOR
2 1 211 214 218 AND
2 1 247 218 249 XOR
2 1 258 249 260 XOR
2 1 261 260 273 XOR
2 1 87 171 262 AND
2 1 4 7 264 AND
2 1 168 264 265 AND
2 1 262 265 268 AND
2 1 0 11 263 AND
2 1 268 263 269 XOR
2 1 273 269 274 XOR
2 1 223 231 241 AND
2 1 223 231 242 AND
2 1 221 242 243 AND
2 1 241 243 244 AND
2 1 274 244 277 XOR
2 1 278 277 279 XOR
2 1 4 8 303 AND
2 1 10 132 245 AND
2 1 303 245 309 XOR
2 1 1 11 307 AND
2 1 307 121 308 XOR
2 1 309 308 312 XOR
2 1 218 247 248 AND
2 1 249 258 259 AND
2 1 248 259 302 AND
2 1 312 302 314 XOR
2 1 10 12 286 AND
2 1 67 286 287 AND
2 1 3 9 285 AND
2 1 0 12 288 AND
2 1 285 288 289 AND
2 1 9 10 290 AND
2 1 81 290 291 AND
2 1 289 291 292 AND
2 1 287 292 293 AND
2 1 2 10 295 AND
2 1 288 295 296 AND
2 1 287 296 297 AND
2 1 285 297 298 AND
2 1 293 298 299 AND
2 1 263 265 266 AND
2 1 262 266 267 AND
2 1 224 254 255 AND
2 1 251 255 256 AND
2 1 267 256 284 XOR
2 1 299 284 301 XOR
2 1 314 301 316 XOR
2 1 261 269 270 AND
2 1 269 261 271 XOR
2 1 260 271 272 AND
2 1 270 272 282 AND
2 1 316 282 322 XOR
2 1 244 274 276 AND
2 1 244 274 275 AND
2 1 275 278 280 AND
2 1 276 280 281 AND
2 1 322 281 323 XOR
2 1 282 316 318 AND
2 1 276 278 319 AND
2 1 282 316 317 AND
2 1 275 317 320 AND
2 1 319 320 321 AND
2 1 318 321 365 AND
2 1 302 312 313 AND
2 1 301 314 315 AND
2 1 313 315 359 AND
2 1 5 11 305 AND
2 1 143 305 306 AND
2 1 12 306 349 AND
2 1 1 12 351 AND
2 1 351 7 352 XOR
2 1 306 352 353 AND
2 1 349 353 354 AND
2 1 287 292 294 AND
2 1 354 294 356 XOR
2 1 256 267 283 AND
2 1 284 299 300 AND
2 1 283 300 348 AND
2 1 356 348 358 XOR
2 1 359 358 361 XOR
2 1 171 184 340 AND
2 1 168 209 341 AND
2 1 340 341 344 AND
2 1 2 11 339 AND
2 1 344 339 345 XOR
2 1 245 303 304 AND
2 1 308 309 310 AND
2 1 304 310 311 AND
2 1 345 311 346 XOR
2 1 9 13 324 AND
2 1 75 324 325 AND
2 1 73 290 326 AND
2 1 3 13 327 AND
2 1 212 327 328 AND
2 1 326 328 329 AND
2 1 325 329 330 AND
2 1 3 10 331 AND
2 1 330 331 332 AND
2 1 325 329 333 AND
2 1 0 13 334 AND
2 1 4 9 335 AND
2 1 334 335 336 AND
2 1 333 336 337 AND
2 1 332 337 338 AND
2 1 346 338 347 XOR
2 1 361 347 364 XOR
2 1 365 364 366 XOR
2 1 348 356 357 AND
2 1 358 359 360 AND
2 1 357 360 369 AND
2 1 294 354 355 AND
2 1 349 355 409 AND
2 1 87 290 399 AND
2 1 4 10 400 AND
2 1 5 9 401 AND
2 1 400 401 402 AND
2 1 399 402 405 AND
2 1 12 143 350 AND
2 1 405 350 406 XOR
2 1 11 12 383 AND
2 1 81 383 384 AND
2 1 3 14 385 AND
2 1 263 385 386 AND
2 1 12 14 387 AND
2 1 67 387 388 AND
2 1 386 388 389 AND
2 1 384 389 391 AND
2 1 2 12 392 AND
2 1 3 11 393 AND
2 1 392 393 394 AND
2 1 391 394 395 AND
2 1 384 389 390 AND
2 1 0 14 396 AND
2 1 390 396 397 AND
2 1 395 397 398 AND
2 1 406 398 408 XOR
2 1 409 408 411 XOR
2 1 311 345 377 AND
2 1 311 345 378 AND
2 1 338 378 379 AND
2 1 377 379 380 AND
2 1 1 13 370 AND
2 1 370 152 372 XOR
2 1 339 340 342 AND
2 1 341 342 343 AND
2 1 372 343 374 XOR
2 1 374 333 376 XOR
2 1 380 376 382 XOR
2 1 411 382 412 XOR
2 1 369 412 413 AND
2 1 369 412 414 AND
2 1 413 414 418 AND
2 1 347 361 363 AND
2 1 347 361 362 AND
2 1 362 365 367 AND
2 1 363 367 368 AND
2 1 418 368 419 XOR
2 1 10 15 446 AND
2 1 0 446 447 AND
2 1 3 286 448 AND
2 1 447 448 449 AND
2 1 0 15 450 AND
2 1 3 12 451 AND
2 1 450 451 452 AND
2 1 5 452 453 AND
2 1 449 453 454 AND
2 1 5 10 445 AND
2 1 451 450 456 XOR
2 1 445 456 457 AND
2 1 454 457 458 AND
2 1 350 402 403 AND
2 1 399 403 404 AND
2 1 404 391 444 XOR
2 1 458 444 460 XOR
2 1 343 372 373 AND
2 1 333 374 375 AND
2 1 373 375 440 AND
2 1 2 13 434 AND
2 1 6 9 431 AND
2 1 431 209 433 XOR
2 1 434 433 437 XOR
2 1 4 11 423 AND
2 1 152 370 371 AND
2 1 423 371 427 XOR
2 1 1 14 425 AND
2 1 425 8 426 XOR
2 1 427 426 430 XOR
2 1 437 430 439 XOR
2 1 440 439 442 XOR
2 1 460 442 462 XOR
2 1 398 406 407 AND
2 1 408 409 410 AND
2 1 407 410 461 AND
2 1 462 461 463 XOR
2 1 376 380 381 AND
2 1 382 411 421 AND
2 1 381 421 422 AND
2 1 463 422 464 XOR
2 1 363 365 415 AND
2 1 362 414 416 AND
2 1 415 416 417 AND
2 1 413 417 420 AND
2 1 464 420 465 XOR
2 1 422 463 525 AND
2 1 1 15 510 AND
2 1 7 9 509 AND
2 1 510 509 512 XOR
2 1 8 425 508 AND
2 1 512 508 514 XOR
2 1 209 431 432 AND
2 1 433 434 435 AND
2 1 432 435 436 AND
2 1 514 436 516 XOR
2 1 13 14 493 AND
2 1 81 493 494 AND
2 1 106 387 495 AND
2 1 12 13 496 AND
2 1 73 496 497 AND
2 1 495 497 498 AND
2 1 494 498 499 AND
2 1 4 12 492 AND
2 1 2 14 501 AND
2 1 327 501 502 AND
2 1 494 502 503 AND
2 1 492 503 504 AND
2 1 499 504 505 AND
2 1 391 404 443 AND
2 1 444 458 459 AND
2 1 443 459 491 AND
2 1 505 491 507 XOR
2 1 516 507 518 XOR
2 1 430 437 438 AND
2 1 439 440 441 AND
2 1 438 441 488 AND
2 1 6 16 472 AND
2 1 212 472 473 AND
2 1 10 11 474 AND
2 1 168 474 475 AND
2 1 0 16 476 AND
2 1 305 476 477 AND
2 1 475 477 478 AND
2 1 473 478 479 AND
2 1 6 10 481 AND
2 1 476 481 482 AND
2 1 473 482 483 AND
2 1 305 483 484 AND
2 1 479 484 485 AND
2 1 452 454 455 AND
2 1 371 423 424 AND
2 1 426 427 428 AND
2 1 424 428 429 AND
2 1 455 429 471 XOR
2 1 485 471 487 XOR
2 1 488 487 490 XOR
2 1 518 490 520 XOR
2 1 442 460 466 AND
2 1 442 460 467 AND
2 1 461 467 468 AND
2 1 466 468 469 AND
2 1 520 469 523 XOR
2 1 525 523 526 XOR
2 1 420 464 524 AND
2 1 526 524 527 XOR
2 1 469 520 521 AND
2 1 469 520 522 AND
2 1 522 525 584 AND
2 1 422 463 585 AND
2 1 420 585 586 AND
2 1 584 586 587 AND
2 1 521 587 588 AND
2 1 1 16 571 AND
2 1 571 9 572 XOR
2 1 494 498 500 AND
2 1 572 500 574 XOR
2 1 473 478 480 AND
2 1 574 480 576 XOR
2 1 508 512 513 AND
2 1 436 514 515 AND
2 1 513 515 567 AND
2 1 576 567 577 XOR
2 1 429 455 470 AND
2 1 471 485 486 AND
2 1 470 486 568 AND
2 1 577 568 578 XOR
2 1 491 505 506 AND
2 1 507 516 517 AND
2 1 506 517 564 AND
2 1 11 15 546 AND
2 1 2 546 547 AND
2 1 11 13 548 AND
2 1 4 548 549 AND
2 1 547 549 550 AND
2 1 13 15 551 AND
2 1 106 551 552 AND
2 1 6 552 553 AND
2 1 550 553 554 AND
2 1 6 11 545 AND
2 1 2 15 556 AND
2 1 4 13 557 AND
2 1 556 557 558 AND
2 1 552 558 559 AND
2 1 545 559 560 AND
2 1 554 560 561 AND
2 1 7 10 536 AND
2 1 250 536 537 AND
2 1 209 290 538 AND
2 1 537 538 541 AND
2 1 541 385 542 XOR
2 1 0 17 530 AND
2 1 5 12 529 AND
2 1 530 529 532 XOR
2 1 509 510 511 AND
2 1 532 511 535 XOR
2 1 542 535 544 XOR
2 1 561 544 563 XOR
2 1 564 563 566 XOR
2 1 578 566 580 XOR
2 1 487 488 489 AND
2 1 490 518 519 AND
2 1 489 519 528 AND
2 1 580 528 583 XOR
2 1 588 583 589 XOR
2 1 535 542 543 AND
2 1 544 561 562 AND
2 1 543 562 648 AND
2 1 500 572 573 AND
2 1 480 574 575 AND
2 1 573 575 647 AND
2 1 648 647 650 XOR
2 1 552 554 555 AND
2 1 385 537 539 AND
2 1 538 539 540 AND
2 1 555 540 644 XOR
2 1 529 530 531 AND
2 1 511 532 533 AND
2 1 531 533 534 AND
2 1 644 534 646 XOR
2 1 650 646 652 XOR
2 1 567 576 637 AND
2 1 567 576 638 AND
2 1 568 638 639 AND
2 1 637 639 640 AND
2 1 1 17 625 AND
2 1 625 207 627 XOR
2 1 9 16 569 AND
2 1 1 569 570 AND
2 1 627 570 633 XOR
2 1 6 12 628 AND
2 1 633 628 634 XOR
2 1 15 16 608 AND
2 1 81 608 609 AND
2 1 14 16 610 AND
2 1 106 610 611 AND
2 1 14 15 612 AND
2 1 73 612 613 AND
2 1 611 613 614 AND
2 1 609 614 615 AND
2 1 4 14 607 AND
2 1 3 15 617 AND
2 1 2 16 618 AND
2 1 617 618 619 AND
2 1 609 619 620 AND
2 1 607 620 621 AND
2 1 615 621 622 AND
2 1 7 18 593 AND
2 1 263 593 594 AND
2 1 121 548 595 AND
2 1 594 595 596 AND
2 1 5 13 598 AND
2 1 0 18 597 AND
2 1 598 597 602 XOR
2 1 596 602 603 AND
2 1 597 598 599 AND
2 1 596 599 600 AND
2 1 7 11 604 AND
2 1 600 604 605 AND
2 1 603 605 606 AND
2 1 622 606 624 XOR
2 1 634 624 636 XOR
2 1 640 636 642 XOR
2 1 652 642 654 XOR
2 1 563 564 565 AND
2 1 566 578 579 AND
2 1 565 579 592 AND
2 1 654 592 660 XOR
2 1 528 580 581 AND
2 1 528 580 582 AND
2 1 582 588 590 AND
2 1 581 590 591 AND
2 1 660 591 661 XOR
2 1 592 654 655 AND
2 1 581 588 657 AND
2 1 592 654 656 AND
2 1 582 656 658 AND
2 1 657 658 659 AND
2 1 655 659 724 AND
2 1 636 640 641 AND
2 1 642 652 653 AND
2 1 641 653 722 AND
2 1 647 648 649 AND
2 1 646 650 651 AND
2 1 649 651 717 AND
2 1 540 555 643 AND
2 1 534 644 645 AND
2 1 643 645 714 AND
2 1 171 496 699 AND
2 1 121 387 700 AND
2 1 168 493 701 AND
2 1 700 701 702 AND
2 1 699 702 703 AND
2 1 5 14 704 AND
2 1 703 704 705 AND
2 1 699 702 706 AND
2 1 6 13 707 AND
2 1 7 12 708 AND
2 1 707 708 709 AND
2 1 706 709 710 AND
2 1 705 710 711 AND
2 1 15 17 684 AND
2 1 106 684 685 AND
2 1 15 75 686 AND
2 1 17 67 687 AND
2 1 686 687 688 AND
2 1 19 685 689 AND
2 1 688 689 690 AND
2 1 685 690 691 AND
2 1 2 17 692 AND
2 1 4 15 693 AND
2 1 692 693 694 AND
2 1 691 694 695 AND
2 1 0 19 696 AND
2 1 690 696 697 AND
2 1 695 697 698 AND
2 1 711 698 713 XOR
2 1 714 713 716 XOR
2 1 717 716 719 XOR
2 1 207 625 626 AND
2 1 10 626 678 AND
2 1 1 18 675 AND
2 1 678 675 679 XOR
2 1 609 614 616 AND
2 1 679 616 681 XOR
2 1 3 16 664 AND
2 1 664 290 670 XOR
2 1 8 11 665 AND
2 1 670 665 671 XOR
2 1 570 628 629 AND
2 1 628 570 630 XOR
2 1 627 630 631 AND
2 1 629 631 632 AND
2 1 596 599 601 AND
2 1 632 601 663 XOR
2 1 671 663 673 XOR
2 1 681 673 682 XOR
2 1 606 622 623 AND
2 1 624 634 635 AND
2 1 623 635 674 AND
2 1 682 674 683 XOR
2 1 719 683 721 XOR
2 1 722 721 723 XOR
2 1 724 723 725 XOR
2 1 723 724 799 AND
2 1 721 722 797 AND
2 1 168 612 774 AND
2 1 152 387 775 AND
2 1 8 15 776 AND
2 1 529 776 777 AND
2 1 775 777 778 AND
2 1 774 778 779 AND
2 1 8 12 780 AND
2 1 779 780 781 AND
2 1 774 778 782 AND
2 1 5 15 783 AND
2 1 6 14 784 AND
2 1 783 784 785 AND
2 1 782 785 786 AND
2 1 781 786 787 AND
2 1 7 13 767 AND
2 1 0 20 766 AND
2 1 767 766 769 XOR
2 1 10 675 677 AND
2 1 769 677 771 XOR
2 1 771 706 773 XOR
2 1 787 773 789 XOR
2 1 698 711 712 AND
2 1 713 714 715 AND
2 1 712 715 763 AND
2 1 1 19 756 AND
2 1 9 11 755 AND
2 1 756 755 758 XOR
2 1 290 665 666 AND
2 1 665 290 667 XOR
2 1 664 667 668 AND
2 1 666 668 669 AND
2 1 758 669 760 XOR
2 1 760 691 762 XOR
2 1 763 762 765 XOR
2 1 789 765 791 XOR
2 1 673 681 749 AND
2 1 673 681 750 AND
2 1 674 750 751 AND
2 1 749 751 752 AND
2 1 601 632 662 AND
2 1 663 671 672 AND
2 1 662 672 746 AND
2 1 16 17 728 AND
2 1 73 728 729 AND
2 1 16 18 730 AND
2 1 106 730 731 AND
2 1 17 18 732 AND
2 1 81 732 733 AND
2 1 731 733 734 AND
2 1 729 734 735 AND
2 1 2 18 736 AND
2 1 735 736 737 AND
2 1 729 734 738 AND
2 1 3 17 739 AND
2 1 4 16 740 AND
2 1 739 740 741 AND
2 1 738 741 742 AND
2 1 737 742 743 AND
2 1 626 675 676 AND
2 1 616 679 680 AND
2 1 676 680 727 AND
2 1 743 727 745 XOR
2 1 746 745 748 XOR
2 1 752 748 754 XOR
2 1 791 754 793 XOR
2 1 716 717 718 AND
2 1 683 719 720 AND
2 1 718 720 726 AND
2 1 793 726 796 XOR
2 1 797 796 798 XOR
2 1 799 798 800 XOR
2 1 726 793 794 AND
2 1 721 722 871 AND
2 1 724 871 872 AND
2 1 726 793 795 AND
2 1 795 797 873 AND
2 1 872 873 874 AND
2 1 794 874 875 AND
2 1 762 763 764 AND
2 1 765 789 790 AND
2 1 764 790 863 AND
2 1 706 771 772 AND
2 1 773 787 788 AND
2 1 772 788 860 AND
2 1 1 20 853 AND
2 1 853 11 855 XOR
2 1 0 21 851 AND
2 1 755 756 757 AND
2 1 851 757 852 XOR
2 1 855 852 857 XOR
2 1 669 758 759 AND
2 1 691 760 761 AND
2 1 759 761 850 AND
2 1 857 850 859 XOR
2 1 860 859 862 XOR
2 1 863 862 865 XOR
2 1 9 12 839 AND
2 1 474 839 840 AND
2 1 290 383 841 AND
2 1 840 841 844 AND
2 1 4 17 838 AND
2 1 844 838 845 XOR
2 1 209 493 823 AND
2 1 152 551 824 AND
2 1 171 612 825 AND
2 1 824 825 826 AND
2 1 823 826 827 AND
2 1 6 15 828 AND
2 1 827 828 829 AND
2 1 823 826 830 AND
2 1 7 14 831 AND
2 1 8 13 832 AND
2 1 831 832 833 AND
2 1 830 833 834 AND
2 1 829 834 835 AND
2 1 18 19 808 AND
2 1 81 808 809 AND
2 1 19 618 810 AND
2 1 3 730 811 AND
2 1 810 811 812 AND
2 1 5 809 813 AND
2 1 812 813 814 AND
2 1 809 814 815 AND
2 1 2 19 816 AND
2 1 3 18 817 AND
2 1 816 817 818 AND
2 1 815 818 819 AND
2 1 5 16 820 AND
2 1 814 820 821 AND
2 1 819 821 822 AND
2 1 835 822 837 XOR
2 1 845 837 847 XOR
2 1 766 767 768 AND
2 1 677 769 770 AND
2 1 768 770 804 AND
2 1 782 738 803 XOR
2 1 804 803 806 XOR
2 1 847 806 848 XOR
2 1 727 743 744 AND
2 1 745 746 747 AND
2 1 744 747 807 AND
2 1 848 807 849 XOR
2 1 865 849 867 XOR
2 1 748 752 753 AND
2 1 754 791 792 AND
2 1 753 792 801 AND
2 1 867 801 870 XOR
2 1 875 870 876 XOR
2 1 1 21 928 AND
2 1 928 286 930 XOR
2 1 11 853 854 AND
2 1 930 854 932 XOR
2 1 838 840 842 AND
2 1 841 842 843 AND
2 1 932 843 934 XOR
2 1 738 782 802 AND
2 1 803 804 805 AND
2 1 802 805 927 AND
2 1 934 927 936 XOR
2 1 822 835 836 AND
2 1 837 845 846 AND
2 1 836 846 926 AND
2 1 936 926 938 XOR
2 1 87 732 906 AND
2 1 73 808 907 AND
2 1 3 19 905 AND
2 1 5 17 908 AND
2 1 905 908 909 AND
2 1 907 909 910 AND
2 1 906 910 911 AND
2 1 4 18 913 AND
2 1 908 913 914 AND
2 1 906 914 915 AND
2 1 905 915 916 AND
2 1 911 916 917 AND
2 1 472 324 901 XOR
2 1 2 20 896 AND
2 1 901 896 902 XOR
2 1 7 15 887 AND
2 1 8 14 888 AND
2 1 887 888 889 AND
2 1 209 612 890 AND
2 1 889 890 894 AND
2 1 0 22 891 AND
2 1 894 891 895 XOR
2 1 902 895 904 XOR
2 1 917 904 919 XOR
2 1 852 855 856 AND
2 1 757 851 882 AND
2 1 856 882 883 AND
2 1 830 815 881 XOR
2 1 883 881 885 XOR
2 1 919 885 920 XOR
2 1 850 857 858 AND
2 1 859 860 861 AND
2 1 858 861 886 AND
2 1 920 886 921 XOR
2 1 938 921 939 XOR
2 1 806 847 922 AND
2 1 806 847 923 AND
2 1 807 923 924 AND
2 1 922 924 925 AND
2 1 939 925 940 XOR
2 1 862 863 864 AND
2 1 849 865 866 AND
2 1 864 866 879 AND
2 1 940 879 946 XOR
2 1 801 867 868 AND
2 1 801 867 869 AND
2 1 869 875 877 AND
2 1 868 877 878 AND
2 1 946 878 947 XOR
2 1 879 940 941 AND
2 1 868 875 943 AND
2 1 879 940 942 AND
2 1 869 942 944 AND
2 1 943 944 945 AND
2 1 941 945 1031 AND
2 1 1 22 1015 AND
2 1 1015 12 1017 XOR
2 1 906 910 912 AND
2 1 1017 912 1019 XOR
2 1 472 896 897 AND
2 1 896 472 898 XOR
2 1 324 898 899 AND
2 1 897 899 900 AND
2 1 1019 900 1021 XOR
2 1 895 902 903 AND
2 1 904 917 918 AND
2 1 903 918 1014 AND
2 1 1021 1014 1022 XOR
2 1 815 830 880 AND
2 1 881 883 884 AND
2 1 880 884 1013 AND
2 1 1022 1013 1023 XOR
2 1 885 919 1009 AND
2 1 885 919 1010 AND
2 1 886 1010 1011 AND
2 1 1009 1011 1012 AND
2 1 1023 1012 1025 XOR
2 1 250 612 991 AND
2 1 509 610 992 AND
2 1 209 608 993 AND
2 1 992 993 994 AND
2 1 991 994 995 AND
2 1 7 16 996 AND
2 1 995 996 997 AND
2 1 9 14 998 AND
2 1 776 998 999 AND
2 1 991 994 1000 AND
2 1 999 1000 1001 AND
2 1 997 1001 1002 AND
2 1 0 23 981 AND
2 1 2 21 982 AND
2 1 981 982 983 AND
2 1 21 23 984 AND
2 1 67 984 985 AND
2 1 983 985 988 AND
2 1 286 928 929 AND
2 1 988 929 989 XOR
2 1 889 891 892 AND
2 1 890 892 893 AND
2 1 989 893 990 XOR
2 1 1002 990 1004 XOR
2 1 854 930 931 AND
2 1 843 932 933 AND
2 1 931 933 978 AND
2 1 10 13 969 AND
2 1 383 969 970 AND
2 1 474 496 971 AND
2 1 970 971 974 AND
2 1 4 19 968 AND
2 1 974 968 975 XOR
2 1 18 20 953 AND
2 1 144 953 954 AND
2 1 17 20 955 AND
2 1 176 955 956 AND
2 1 168 732 957 AND
2 1 956 957 958 AND
2 1 954 958 960 AND
2 1 3 20 961 AND
2 1 5 18 962 AND
2 1 961 962 963 AND
2 1 960 963 964 AND
2 1 954 958 959 AND
2 1 6 17 965 AND
2 1 959 965 966 AND
2 1 964 966 967 AND
2 1 975 967 977 XOR
2 1 978 977 980 XOR
2 1 1004 980 1006 XOR
2 1 927 934 935 AND
2 1 926 936 937 AND
2 1 935 937 952 AND
2 1 1006 952 1008 XOR
2 1 1025 1008 1027 XOR
2 1 921 938 948 AND
2 1 921 938 949 AND
2 1 925 949 950 AND
2 1 948 950 951 AND
2 1 1027 951 1030 XOR
2 1 1031 1030 1032 XOR
2 1 1014 1021 1106 AND
2 1 1014 1021 1107 AND
2 1 1013 1107 1108 AND
2 1 1106 1108 1109 AND
2 1 290 612 1090 AND
2 1 207 610 1091 AND
2 1 250 608 1092 AND
2 1 1091 1092 1093 AND
2 1 1090 1093 1094 AND
2 1 8 16 1089 AND
2 1 9 15 1096 AND
2 1 10 14 1097 AND
2 1 1096 1097 1098 AND
2 1 1090 1098 1099 AND
2 1 1089 1099 1100 AND
2 1 1094 1100 1101 AND
2 1 929 983 986 AND
2 1 985 986 987 AND
2 1 1101 987 1102 XOR
2 1 19 20 1073 AND
2 1 87 1073 1074 AND
2 1 19 21 1075 AND
2 1 144 1075 1076 AND
2 1 20 21 1077 AND
2 1 73 1077 1078 AND
2 1 1076 1078 1079 AND
2 1 1074 1079 1080 AND
2 1 3 21 1081 AND
2 1 1080 1081 1082 AND
2 1 1074 1079 1083 AND
2 1 4 20 1084 AND
2 1 5 19 1085 AND
2 1 1084 1085 1086 AND
2 1 1083 1086 1087 AND
2 1 1082 1087 1088 AND
2 1 1102 1088 1103 XOR
2 1 912 1017 1018 AND
2 1 900 1019 1020 AND
2 1 1018 1020 1070 AND
2 1 18 22 1055 AND
2 1 150 1055 1056 AND
2 1 171 732 1057 AND
2 1 7 17 1054 AND
2 1 2 22 1058 AND
2 1 1054 1058 1059 AND
2 1 1057 1059 1060 AND
2 1 1056 1060 1061 AND
2 1 6 18 1063 AND
2 1 1058 1063 1064 AND
2 1 1056 1064 1065 AND
2 1 1054 1065 1066 AND
2 1 1061 1066 1067 AND
2 1 1 23 1049 AND
2 1 1049 548 1051 XOR
2 1 0 24 1046 AND
2 1 12 1015 1016 AND
2 1 1046 1016 1048 XOR
2 1 1051 1048 1053 XOR
2 1 1067 1053 1069 XOR
2 1 1070 1069 1072 XOR
2 1 1103 1072 1105 XOR
2 1 1109 1105 1111 XOR
2 1 990 1002 1003 AND
2 1 893 989 1042 AND
2 1 1003 1042 1043 AND
2 1 968 970 972 AND
2 1 971 972 973 AND
2 1 973 960 1038 XOR
2 1 1038 1000 1040 XOR
2 1 1043 1040 1044 XOR
2 1 967 975 976 AND
2 1 977 978 979 AND
2 1 976 979 1041 AND
2 1 1044 1041 1045 XOR
2 1 1111 1045 1112 XOR
2 1 980 1004 1005 AND
2 1 952 1006 1007 AND
2 1 1005 1007 1036 AND
2 1 1112 1036 1113 XOR
2 1 1012 1023 1024 AND
2 1 1008 1025 1026 AND
2 1 1024 1026 1035 AND
2 1 1113 1035 1119 XOR
2 1 951 1027 1029 AND
2 1 951 1027 1028 AND
2 1 1028 1031 1033 AND
2 1 1029 1033 1034 AND
2 1 1119 1034 1120 XOR
2 1 1035 1113 1114 AND
2 1 1029 1031 1116 AND
2 1 1035 1113 1115 AND
2 1 1028 1115 1117 AND
2 1 1116 1117 1118 AND
2 1 1114 1118 1211 AND
2 1 1072 1103 1104 AND
2 1 1105 1109 1110 AND
2 1 1104 1110 1205 AND
2 1 1053 1067 1068 AND
2 1 1069 1070 1071 AND
2 1 1068 1071 1202 AND
2 1 987 1101 1196 AND
2 1 987 1101 1197 AND
2 1 1088 1197 1198 AND
2 1 1196 1198 1199 AND
2 1 1016 1046 1047 AND
2 1 1048 1051 1052 AND
2 1 1047 1052 1193 AND
2 1 1090 1093 1095 AND
2 1 1056 1060 1062 AND
2 1 1095 1062 1192 XOR
2 1 1193 1192 1195 XOR
2 1 1199 1195 1201 XOR
2 1 1202 1201 1204 XOR
2 1 1205 1204 1207 XOR
2 1 5 20 1181 AND
2 1 11 14 1178 AND
2 1 1178 496 1180 XOR
2 1 1181 1180 1184 XOR
2 1 960 973 1037 AND
2 1 1000 1038 1039 AND
2 1 1037 1039 1177 AND
2 1 1184 1177 1186 XOR
2 1 1 24 1170 AND
2 1 1170 13 1172 XOR
2 1 548 1049 1050 AND
2 1 1172 1050 1174 XOR
2 1 1174 1083 1176 XOR
2 1 1186 1176 1188 XOR
2 1 1040 1043 1164 AND
2 1 1040 1043 1165 AND
2 1 1041 1165 1166 AND
2 1 1164 1166 1167 AND
2 1 22 905 1148 AND
2 1 4 1075 1149 AND
2 1 1148 1149 1150 AND
2 1 21 22 1151 AND
2 1 73 1151 1152 AND
2 1 6 1152 1153 AND
2 1 1150 1153 1154 AND
2 1 6 19 1147 AND
2 1 3 22 1156 AND
2 1 4 21 1157 AND
2 1 1156 1157 1158 AND
2 1 1152 1158 1159 AND
2 1 1147 1159 1160 AND
2 1 1154 1160 1161 AND
2 1 250 728 1134 AND
2 1 509 730 1135 AND
2 1 209 732 1136 AND
2 1 1135 1136 1137 AND
2 1 1134 1137 1138 AND
2 1 8 17 1140 AND
2 1 569 1140 1141 AND
2 1 1134 1141 1142 AND
2 1 593 1142 1143 AND
2 1 1138 1143 1144 AND
2 1 0 25 1125 AND
2 1 2 23 1126 AND
2 1 1125 1126 1127 AND
2 1 23 25 1128 AND
2 1 67 1128 1129 AND
2 1 1127 1129 1132 AND
2 1 1132 446 1133 XOR
2 1 1144 1133 1146 XOR
2 1 1161 1146 1163 XOR
2 1 1167 1163 1169 XOR
2 1 1188 1169 1190 XOR
2 1 1207 1190 1209 XOR
2 1 1045 1111 1121 AND
2 1 1045 1111 1122 AND
2 1 1036 1122 1123 AND
2 1 1121 1123 1124 AND
2 1 1209 1124 1210 XOR
2 1 1211 1210 1212 XOR
2 1 1210 1211 1300 AND
2 1 1124 1209 1298 AND
2 1 1 25 1284 AND
2 1 1284 387 1286 XOR
2 1 496 1178 1179 AND
2 1 1180 1181 1182 AND
2 1 1179 1182 1183 AND
2 1 1286 1183 1287 XOR
2 1 1152 1154 1155 AND
2 1 1287 1155 1288 XOR
2 1 1133 1144 1145 AND
2 1 1146 1161 1162 AND
2 1 1145 1162 1283 AND
2 1 1288 1283 1290 XOR
2 1 1177 1184 1185 AND
2 1 1176 1186 1187 AND
2 1 1185 1187 1282 AND
2 1 1290 1282 1292 XOR
2 1 8 18 1269 AND
2 1 0 26 1268 AND
2 1 1269 1268 1271 XOR
2 1 13 1170 1171 AND
2 1 1271 1171 1274 XOR
2 1 1134 1137 1139 AND
2 1 446 1127 1130 AND
2 1 1129 1130 1131 AND
2 1 1139 1131 1267 XOR
2 1 1274 1267 1276 XOR
2 1 1050 1172 1173 AND
2 1 1083 1174 1175 AND
2 1 1173 1175 1263 AND
2 1 1062 1095 1191 AND
2 1 1192 1193 1194 AND
2 1 1191 1194 1262 AND
2 1 1263 1262 1265 XOR
2 1 1276 1265 1278 XOR
2 1 1195 1199 1200 AND
2 1 1201 1202 1203 AND
2 1 1200 1203 1259 AND
2 1 168 1077 1243 AND
2 1 20 22 1244 AND
2 1 225 1244 1245 AND
2 1 87 1151 1246 AND
2 1 1245 1246 1247 AND
2 1 1243 1247 1248 AND
2 1 4 22 1249 AND
2 1 1248 1249 1250 AND
2 1 1243 1247 1251 AND
2 1 5 21 1252 AND
2 1 6 20 1253 AND
2 1 1252 1253 1254 AND
2 1 1251 1254 1255 AND
2 1 1250 1255 1256 AND
2 1 474 608 1230 AND
2 1 9 17 1229 AND
2 1 546 1229 1231 AND
2 1 290 728 1232 AND
2 1 1231 1232 1233 AND
2 1 1230 1233 1234 AND
2 1 10 16 1236 AND
2 1 546 1236 1237 AND
2 1 1230 1237 1238 AND
2 1 1229 1238 1239 AND
2 1 1234 1239 1240 AND
2 1 19 24 1216 AND
2 1 178 1216 1217 AND
2 1 23 24 1218 AND
2 1 81 1218 1219 AND
2 1 1217 1219 1220 AND
2 1 7 19 1215 AND
2 1 3 23 1214 AND
2 1 1215 1214 1224 XOR
2 1 1220 1224 1225 AND
2 1 1214 1215 1221 AND
2 1 1220 1221 1222 AND
2 1 2 24 1226 AND
2 1 1222 1226 1227 AND
2 1 1225 1227 1228 AND
2 1 1240 1228 1242 XOR
2 1 1256 1242 1258 XOR
2 1 1259 1258 1261 XOR
2 1 1278 1261 1280 XOR
2 1 1292 1280 1293 XOR
2 1 1163 1167 1168 AND
2 1 1169 1188 1189 AND
2 1 1168 1189 1281 AND
2 1 1293 1281 1294 XOR
2 1 1204 1205 1206 AND
2 1 1190 1207 1208 AND
2 1 1206 1208 1213 AND
2 1 1294 1213 1297 XOR
2 1 1298 1297 1299 XOR
2 1 1300 1299 1301 XOR
2 1 1213 1294 1295 AND
2 1 1124 1209 1393 AND
2 1 1211 1393 1394 AND
2 1 1213 1294 1296 AND
2 1 1296 1298 1395 AND
2 1 1394 1395 1396 AND
2 1 1295 1396 1397 AND
2 1 1228 1240 1241 AND
2 1 1242 1256 1257 AND
2 1 1241 1257 1385 AND
2 1 1131 1139 1266 AND
2 1 1267 1274 1275 AND
2 1 1266 1275 1382 AND
2 1 1155 1183 1378 AND
2 1 1155 1183 1379 AND
2 1 1286 1379 1380 AND
2 1 1378 1380 1381 AND
2 1 1382 1381 1384 XOR
2 1 1385 1384 1387 XOR
2 1 1283 1288 1289 AND
2 1 1282 1290 1291 AND
2 1 1289 1291 1375 AND
2 1 290 732 1361 AND
2 1 8 19 1360 AND
2 1 10 17 1362 AND
2 1 1360 1362 1363 AND
2 1 250 808 1364 AND
2 1 1363 1364 1365 AND
2 1 1361 1365 1366 AND
2 1 9 18 1368 AND
2 1 1362 1368 1369 AND
2 1 1361 1369 1370 AND
2 1 1360 1370 1371 AND
2 1 1366 1371 1372 AND
2 1 7 20 1354 AND
2 1 2 25 1353 AND
2 1 1354 1353 1355 XOR
2 1 11 16 1350 AND
2 1 1355 1350 1357 XOR
2 1 1268 1269 1270 AND
2 1 1171 1271 1272 AND
2 1 1270 1272 1273 AND
2 1 1357 1273 1359 XOR
2 1 1372 1359 1374 XOR
2 1 1375 1374 1377 XOR
2 1 1387 1377 1389 XOR
2 1 1262 1263 1264 AND
2 1 1265 1276 1277 AND
2 1 1264 1277 1343 AND
2 1 1230 1233 1235 AND
2 1 1251 1235 1340 XOR
2 1 1220 1221 1223 AND
2 1 1340 1223 1342 XOR
2 1 1343 1342 1345 XOR
2 1 1 26 1334 AND
2 1 1334 14 1335 XOR
2 1 0 27 1331 AND
2 1 387 1284 1285 AND
2 1 1331 1285 1332 XOR
2 1 1335 1332 1337 XOR
2 1 12 15 1321 AND
2 1 493 1321 1322 AND
2 1 496 612 1323 AND
2 1 1322 1323 1327 AND
2 1 5 22 1324 AND
2 1 1327 1324 1328 XOR
2 1 21 24 1307 AND
2 1 176 1307 1308 AND
2 1 73 1218 1309 AND
2 1 1308 1309 1310 AND
2 1 6 21 1312 AND
2 1 4 23 1311 AND
2 1 1312 1311 1316 XOR
2 1 1310 1316 1317 AND
2 1 1311 1312 1313 AND
2 1 1310 1313 1314 AND
2 1 3 24 1318 AND
2 1 1314 1318 1319 AND
2 1 1317 1319 1320 AND
2 1 1328 1320 1330 XOR
2 1 1337 1330 1338 XOR
2 1 1345 1338 1347 XOR
2 1 1258 1259 1260 AND
2 1 1261 1278 1279 AND
2 1 1260 1279 1306 AND
2 1 1347 1306 1349 XOR
2 1 1389 1349 1391 XOR
2 1 1280 1292 1302 AND
2 1 1280 1292 1303 AND
2 1 1281 1303 1304 AND
2 1 1302 1304 1305 AND
2 1 1391 1305 1392 XOR
2 1 1397 1392 1398 XOR
2 1 1392 1397 1494 AND
2 1 1305 1391 1492 AND
2 1 1235 1251 1339 AND
2 1 1223 1340 1341 AND
2 1 1339 1341 1480 AND
2 1 9 19 1470 AND
2 1 10 18 1471 AND
2 1 1470 1471 1472 AND
2 1 290 808 1473 AND
2 1 1472 1473 1476 AND
2 1 2 26 1469 AND
2 1 1476 1469 1477 XOR
2 1 11 28 1455 AND
2 1 530 1455 1456 AND
2 1 383 728 1457 AND
2 1 1456 1457 1458 AND
2 1 12 16 1460 AND
2 1 0 28 1459 AND
2 1 1460 1459 1464 XOR
2 1 1458 1464 1465 AND
2 1 1459 1460 1461 AND
2 1 1458 1461 1462 AND
2 1 11 17 1466 AND
2 1 1462 1466 1467 AND
2 1 1465 1467 1468 AND
2 1 1477 1468 1479 XOR
2 1 1480 1479 1482 XOR
2 1 20 25 1351 AND
2 1 178 1351 1352 AND
2 1 1350 1355 1356 AND
2 1 1352 1356 1451 AND
2 1 1361 1365 1367 AND
2 1 1310 1313 1315 AND
2 1 1367 1315 1450 XOR
2 1 1451 1450 1453 XOR
2 1 1482 1453 1483 XOR
2 1 1381 1382 1383 AND
2 1 1384 1385 1386 AND
2 1 1383 1386 1454 AND
2 1 1483 1454 1484 XOR
2 1 1374 1375 1376 AND
2 1 1377 1387 1388 AND
2 1 1376 1388 1448 AND
2 1 1484 1448 1486 XOR
2 1 1306 1347 1348 AND
2 1 1349 1389 1390 AND
2 1 1348 1390 1447 AND
2 1 1486 1447 1488 XOR
2 1 1 27 1434 AND
2 1 1434 551 1436 XOR
2 1 26 425 1333 AND
2 1 1436 1333 1438 XOR
2 1 1322 1324 1325 AND
2 1 1323 1325 1326 AND
2 1 1438 1326 1440 XOR
2 1 1273 1357 1358 AND
2 1 1359 1372 1373 AND
2 1 1358 1373 1433 AND
2 1 1440 1433 1442 XOR
2 1 1320 1328 1329 AND
2 1 1330 1337 1431 AND
2 1 1329 1431 1432 AND
2 1 1442 1432 1444 XOR
2 1 22 23 1413 AND
2 1 168 1413 1414 AND
2 1 121 984 1415 AND
2 1 171 1151 1416 AND
2 1 1415 1416 1417 AND
2 1 1414 1417 1418 AND
2 1 7 21 1419 AND
2 1 1418 1419 1420 AND
2 1 1414 1417 1421 AND
2 1 5 23 1422 AND
2 1 6 22 1423 AND
2 1 1422 1423 1424 AND
2 1 1421 1424 1425 AND
2 1 1420 1425 1426 AND
2 1 1332 1335 1336 AND
2 1 1285 1331 1410 AND
2 1 1336 1410 1411 AND
2 1 3 25 1400 AND
2 1 4 24 1401 AND
2 1 1400 1401 1402 AND
2 1 24 25 1403 AND
2 1 73 1403 1404 AND
2 1 1402 1404 1408 AND
2 1 8 20 1405 AND
2 1 1408 1405 1409 XOR
2 1 1411 1409 1412 XOR
2 1 1426 1412 1428 XOR
2 1 1342 1343 1344 AND
2 1 1338 1345 1346 AND
2 1 1344 1346 1399 AND
2 1 1428 1399 1430 XOR
2 1 1444 1430 1446 XOR
2 1 1488 1446 1491 XOR
2 1 1492 1491 1493 XOR
2 1 1494 1493 1495 XOR
2 1 1446 1488 1490 AND
2 1 1305 1391 1596 AND
2 1 1397 1596 1597 AND
2 1 1446 1488 1489 AND
2 1 1489 1492 1598 AND
2 1 1597 1598 1599 AND
2 1 1490 1599 1600 AND
2 1 1 28 1583 AND
2 1 1583 15 1584 XOR
2 1 1584 1421 1586 XOR
2 1 1402 1405 1406 AND
2 1 1404 1406 1407 AND
2 1 1586 1407 1588 XOR
2 1 22 24 1567 AND
2 1 121 1567 1568 AND
2 1 87 1403 1569 AND
2 1 4 25 1566 AND
2 1 7 22 1570 AND
2 1 1566 1570 1571 AND
2 1 1569 1571 1572 AND
2 1 1568 1572 1573 AND
2 1 5 24 1575 AND
2 1 1570 1575 1576 AND
2 1 1568 1576 1577 AND
2 1 1566 1577 1578 AND
2 1 1573 1578 1579 AND
2 1 474 808 1551 AND
2 1 755 953 1552 AND
2 1 290 1073 1553 AND
2 1 1552 1553 1554 AND
2 1 1551 1554 1555 AND
2 1 9 20 1556 AND
2 1 1555 1556 1557 AND
2 1 1551 1554 1558 AND
2 1 10 19 1559 AND
2 1 11 18 1560 AND
2 1 1559 1560 1561 AND
2 1 1558 1561 1562 AND
2 1 1557 1562 1563 AND
2 1 3 26 1541 AND
2 1 8 21 1542 AND
2 1 1541 1542 1543 AND
2 1 21 26 1544 AND
2 1 253 1544 1545 AND
2 1 1543 1545 1549 AND
2 1 12 17 1546 AND
2 1 1549 1546 1550 XOR
2 1 1563 1550 1565 XOR
2 1 1579 1565 1581 XOR
2 1 1588 1581 1590 XOR
2 1 1315 1367 1449 AND
2 1 1450 1451 1452 AND
2 1 1449 1452 1538 AND
2 1 6 23 1528 AND
2 1 1528 612 1534 XOR
2 1 13 16 1529 AND
2 1 1534 1529 1535 XOR
2 1 1333 1436 1437 AND
2 1 1326 1438 1439 AND
2 1 1437 1439 1527 AND
2 1 1535 1527 1537 XOR
2 1 1538 1537 1540 XOR
2 1 1590 1540 1592 XOR
2 1 27 29 1511 AND
2 1 67 1511 1512 AND
2 1 0 29 1513 AND
2 1 2 27 1514 AND
2 1 1513 1514 1515 AND
2 1 1512 1515 1518 AND
2 1 551 1434 1435 AND
2 1 1518 1435 1519 XOR
2 1 1469 1472 1474 AND
2 1 1473 1474 1475 AND
2 1 1458 1461 1463 AND
2 1 1475 1463 1510 XOR
2 1 1519 1510 1521 XOR
2 1 1412 1426 1427 AND
2 1 1409 1411 1505 AND
2 1 1427 1505 1506 AND
2 1 1468 1477 1478 AND
2 1 1479 1480 1481 AND
2 1 1478 1481 1504 AND
2 1 1506 1504 1508 XOR
2 1 1521 1508 1523 XOR
2 1 1433 1440 1441 AND
2 1 1432 1442 1443 AND
2 1 1441 1443 1501 AND
2 1 1453 1482 1497 AND
2 1 1453 1482 1498 AND
2 1 1454 1498 1499 AND
2 1 1497 1499 1500 AND
2 1 1501 1500 1503 XOR
2 1 1523 1503 1525 XOR
2 1 1592 1525 1593 XOR
2 1 1399 1428 1429 AND
2 1 1430 1444 1445 AND
2 1 1429 1445 1526 AND
2 1 1593 1526 1594 XOR
2 1 1448 1484 1485 AND
2 1 1447 1486 1487 AND
2 1 1485 1487 1496 AND
2 1 1594 1496 1595 XOR
2 1 1600 1595 1601 XOR
2 1 1595 1600 1701 AND
2 1 1496 1594 1699 AND
2 1 1504 1506 1507 AND
2 1 1508 1521 1522 AND
2 1 1507 1522 1691 AND
2 1 1527 1535 1536 AND
2 1 1537 1538 1539 AND
2 1 1536 1539 1688 AND
2 1 383 808 1673 AND
2 1 286 953 1674 AND
2 1 474 1073 1675 AND
2 1 1674 1675 1676 AND
2 1 1673 1676 1677 AND
2 1 10 20 1678 AND
2 1 1677 1678 1679 AND
2 1 11 19 1680 AND
2 1 12 18 1681 AND
2 1 1680 1681 1682 AND
2 1 1673 1676 1683 AND
2 1 1682 1683 1684 AND
2 1 1679 1684 1685 AND
2 1 171 1218 1658 AND
2 1 121 1128 1659 AND
2 1 168 1403 1660 AND
2 1 1659 1660 1661 AND
2 1 1658 1661 1662 AND
2 1 5 25 1663 AND
2 1 1662 1663 1664 AND
2 1 1658 1661 1665 AND
2 1 6 24 1666 AND
2 1 7 23 1667 AND
2 1 1666 1667 1668 AND
2 1 1665 1668 1669 AND
2 1 1664 1669 1670 AND
2 1 26 27 1643 AND
2 1 73 1643 1644 AND
2 1 8 27 1645 AND
2 1 1156 1645 1646 AND
2 1 1644 1646 1647 AND
2 1 8 22 1649 AND
2 1 4 26 1648 AND
2 1 1649 1648 1653 XOR
2 1 1647 1653 1654 AND
2 1 1648 1649 1650 AND
2 1 1647 1650 1651 AND
2 1 3 27 1655 AND
2 1 1651 1655 1656 AND
2 1 1654 1656 1657 AND
2 1 1670 1657 1672 XOR
2 1 1685 1672 1687 XOR
2 1 1688 1687 1690 XOR
2 1 1691 1690 1693 XOR
2 1 1543 1546 1547 AND
2 1 1545 1547 1548 AND
2 1 1558 1548 1635 XOR
2 1 1435 1515 1516 AND
2 1 1512 1516 1517 AND
2 1 1635 1517 1637 XOR
2 1 13 17 1627 AND
2 1 9 21 1624 AND
2 1 2 28 1623 AND
2 1 1624 1623 1626 XOR
2 1 1627 1626 1630 XOR
2 1 1568 1572 1574 AND
2 1 612 1529 1530 AND
2 1 1529 612 1531 XOR
2 1 1528 1531 1532 AND
2 1 1530 1532 1533 AND
2 1 1574 1533 1622 XOR
2 1 1630 1622 1632 XOR
2 1 1637 1632 1638 XOR
2 1 1550 1563 1564 AND
2 1 1565 1579 1580 AND
2 1 1564 1580 1633 AND
2 1 1638 1633 1639 XOR
2 1 1463 1475 1509 AND
2 1 1510 1519 1520 AND
2 1 1509 1520 1617 AND
2 1 1421 1584 1585 AND
2 1 1407 1586 1587 AND
2 1 1585 1587 1614 AND
2 1 1 29 1609 AND
2 1 1609 610 1611 XOR
2 1 0 30 1606 AND
2 1 28 510 1582 AND
2 1 1606 1582 1608 XOR
2 1 1611 1608 1613 XOR
2 1 1614 1613 1616 XOR
2 1 1617 1616 1619 XOR
2 1 1639 1619 1640 XOR
2 1 1581 1588 1589 AND
2 1 1540 1590 1591 AND
2 1 1589 1591 1620 AND
2 1 1640 1620 1641 XOR
2 1 1693 1641 1694 XOR
2 1 1500 1501 1502 AND
2 1 1503 1523 1524 AND
2 1 1502 1524 1642 AND
2 1 1694 1642 1695 XOR
2 1 1525 1592 1602 AND
2 1 1525 1592 1603 AND
2 1 1526 1603 1604 AND
2 1 1602 1604 1605 AND
2 1 1695 1605 1698 XOR
2 1 1699 1698 1700 XOR
2 1 1701 1700 1702 XOR
2 1 1605 1695 1696 AND
2 1 1496 1594 1826 AND
2 1 1600 1826 1827 AND
2 1 1605 1695 1697 AND
2 1 1697 1699 1828 AND
2 1 1827 1828 1829 AND
2 1 1696 1829 1830 AND
2 1 1613 1614 1615 AND
2 1 1616 1617 1618 AND
2 1 1615 1618 1818 AND
2 1 1657 1670 1671 AND
2 1 1672 1685 1686 AND
2 1 1671 1686 1815 AND
2 1 1647 1650 1652 AND
2 1 1623 1624 1625 AND
2 1 1626 1627 1628 AND
2 1 1625 1628 1629 AND
2 1 1652 1629 1812 XOR
2 1 1812 1683 1814 XOR
2 1 1815 1814 1817 XOR
2 1 1818 1817 1820 XOR
2 1 1 30 1802 AND
2 1 1802 16 1804 XOR
2 1 610 1609 1610 AND
2 1 1804 1610 1806 XOR
2 1 1806 1665 1808 XOR
2 1 1548 1558 1634 AND
2 1 1517 1635 1636 AND
2 1 1634 1636 1799 AND
2 1 1533 1574 1621 AND
2 1 1622 1630 1631 AND
2 1 1621 1631 1798 AND
2 1 1799 1798 1801 XOR
2 1 1808 1801 1810 XOR
2 1 1820 1810 1821 XOR
2 1 1687 1688 1689 AND
2 1 1690 1691 1692 AND
2 1 1689 1692 1797 AND
2 1 1821 1797 1822 XOR
2 1 1582 1606 1607 AND
2 1 1608 1611 1612 AND
2 1 1607 1612 1772 AND
2 1 22 31 1757 AND
2 1 182 1757 1758 AND
2 1 10 31 1759 AND
2 1 851 1759 1760 AND
2 1 290 1151 1761 AND
2 1 1760 1761 1762 AND
2 1 1758 1762 1764 AND
2 1 0 31 1765 AND
2 1 9 22 1766 AND
2 1 1765 1766 1767 AND
2 1 1764 1767 1768 AND
2 1 1758 1762 1763 AND
2 1 10 21 1769 AND
2 1 1763 1769 1770 AND
2 1 1768 1770 1771 AND
2 1 1772 1771 1789 XOR
2 1 496 808 1773 AND
2 1 548 953 1774 AND
2 1 383 1073 1775 AND
2 1 1774 1775 1776 AND
2 1 1773 1776 1777 AND
2 1 11 20 1778 AND
2 1 1777 1778 1779 AND
2 1 1773 1776 1780 AND
2 1 12 19 1781 AND
2 1 13 18 1782 AND
2 1 1781 1782 1783 AND
2 1 1780 1783 1784 AND
2 1 1779 1784 1785 AND
2 1 1789 1785 1790 XOR
2 1 27 28 1740 AND
2 1 73 1740 1741 AND
2 1 106 1511 1742 AND
2 1 28 29 1743 AND
2 1 81 1743 1744 AND
2 1 1742 1744 1745 AND
2 1 1741 1745 1746 AND
2 1 2 29 1747 AND
2 1 1746 1747 1748 AND
2 1 3 28 1749 AND
2 1 4 27 1750 AND
2 1 1749 1750 1751 AND
2 1 1741 1745 1752 AND
2 1 1751 1752 1753 AND
2 1 1748 1753 1754 AND
2 1 14 17 1730 AND
2 1 608 1730 1731 AND
2 1 612 728 1732 AND
2 1 1731 1732 1736 AND
2 1 6 25 1733 AND
2 1 1736 1733 1737 XOR
2 1 24 26 1715 AND
2 1 121 1715 1716 AND
2 1 23 26 1717 AND
2 1 184 1717 1718 AND
2 1 209 1218 1719 AND
2 1 1718 1719 1720 AND
2 1 1716 1720 1722 AND
2 1 5 26 1723 AND
2 1 7 24 1724 AND
2 1 1723 1724 1725 AND
2 1 1722 1725 1726 AND
2 1 1716 1720 1721 AND
2 1 8 23 1727 AND
2 1 1721 1727 1728 AND
2 1 1726 1728 1729 AND
2 1 1737 1729 1739 XOR
2 1 1754 1739 1756 XOR
2 1 1790 1756 1792 XOR
2 1 1632 1637 1711 AND
2 1 1632 1637 1712 AND
2 1 1633 1712 1713 AND
2 1 1711 1713 1714 AND
2 1 1792 1714 1794 XOR
2 1 1619 1639 1707 AND
2 1 1619 1639 1708 AND
2 1 1620 1708 1709 AND
2 1 1707 1709 1710 AND
2 1 1794 1710 1796 XOR
2 1 1822 1796 1824 XOR
2 1 1641 1693 1703 AND
2 1 1641 1693 1704 AND
2 1 1642 1704 1705 AND
2 1 1703 1705 1706 AND
2 1 1824 1706 1825 XOR
2 1 1830 1825 1831 XOR
2 1 1825 1830 1939 AND
2 1 1706 1824 1937 AND
2 1 1729 1737 1738 AND
2 1 1739 1754 1755 AND
2 1 1738 1755 1926 AND
2 1 1629 1652 1811 AND
2 1 1683 1812 1813 AND
2 1 1811 1813 1923 AND
2 1 1772 1785 1786 AND
2 1 1785 1772 1787 XOR
2 1 1771 1787 1788 AND
2 1 1786 1788 1922 AND
2 1 1923 1922 1925 XOR
2 1 1926 1925 1928 XOR
2 1 1 31 1911 AND
2 1 1911 684 1913 XOR
2 1 1731 1733 1734 AND
2 1 1732 1734 1735 AND
2 1 1913 1735 1915 XOR
2 1 1915 1722 1917 XOR
2 1 1780 1764 1908 XOR
2 1 1908 1752 1910 XOR
2 1 1917 1910 1919 XOR
2 1 1798 1799 1800 AND
2 1 1801 1808 1809 AND
2 1 1800 1809 1906 AND
2 1 1919 1906 1921 XOR
2 1 1928 1921 1930 XOR
2 1 1756 1790 1791 AND
2 1 1714 1792 1793 AND
2 1 1791 1793 1929 AND
2 1 1930 1929 1931 XOR
2 1 14 18 1894 AND
2 1 10 22 1891 AND
2 1 3 29 1890 AND
2 1 1891 1890 1893 XOR
2 1 1894 1893 1897 XOR
2 1 496 1073 1875 AND
2 1 548 1075 1876 AND
2 1 383 1077 1877 AND
2 1 1876 1877 1878 AND
2 1 1875 1878 1879 AND
2 1 11 21 1880 AND
2 1 1879 1880 1881 AND
2 1 1875 1878 1882 AND
2 1 12 20 1883 AND
2 1 13 19 1884 AND
2 1 1883 1884 1885 AND
2 1 1882 1885 1886 AND
2 1 1881 1886 1887 AND
2 1 0 32 1866 AND
2 1 2 30 1867 AND
2 1 1866 1867 1868 AND
2 1 30 32 1869 AND
2 1 67 1869 1870 AND
2 1 1868 1870 1873 AND
2 1 16 1802 1803 AND
2 1 1873 1803 1874 XOR
2 1 1887 1874 1889 XOR
2 1 1897 1889 1899 XOR
2 1 1610 1804 1805 AND
2 1 1665 1806 1807 AND
2 1 1805 1807 1863 AND
2 1 25 26 1847 AND
2 1 171 1847 1848 AND
2 1 152 1715 1849 AND
2 1 209 1403 1850 AND
2 1 1849 1850 1851 AND
2 1 1848 1851 1852 AND
2 1 8 24 1853 AND
2 1 1852 1853 1854 AND
2 1 1848 1851 1855 AND
2 1 6 26 1856 AND
2 1 7 25 1857 AND
2 1 1856 1857 1858 AND
2 1 1855 1858 1859 AND
2 1 1854 1859 1860 AND
2 1 5 27 1838 AND
2 1 4 28 1839 AND
2 1 1838 1839 1840 AND
2 1 87 1740 1841 AND
2 1 1840 1841 1845 AND
2 1 9 23 1842 AND
2 1 1845 1842 1846 XOR
2 1 1860 1846 1862 XOR
2 1 1863 1862 1865 XOR
2 1 1899 1865 1901 XOR
2 1 1814 1815 1816 AND
2 1 1817 1818 1819 AND
2 1 1816 1819 1837 AND
2 1 1901 1837 1903 XOR
2 1 1810 1820 1833 AND
2 1 1810 1820 1834 AND
2 1 1797 1834 1835 AND
2 1 1833 1835 1836 AND
2 1 1903 1836 1905 XOR
2 1 1931 1905 1933 XOR
2 1 1710 1794 1795 AND
2 1 1796 1822 1823 AND
2 1 1795 1823 1832 AND
2 1 1933 1832 1936 XOR
2 1 1937 1936 1938 XOR
2 1 1939 1938 1940 XOR
2 1 1832 1933 1934 AND
2 1 1706 1824 2062 AND
2 1 1830 2062 2063 AND
2 1 1832 1933 1935 AND
2 1 1935 1937 2064 AND
2 1 2063 2064 2065 AND
2 1 1934 2065 2066 AND
2 1 1836 1903 1904 AND
2 1 1905 1931 1932 AND
2 1 1904 1932 2058 AND
2 1 1921 1928 2050 AND
2 1 1921 1928 2051 AND
2 1 1929 2051 2052 AND
2 1 2050 2052 2053 AND
2 1 1910 1917 1918 AND
2 1 1906 1919 1920 AND
2 1 1918 1920 2047 AND
2 1 1922 1923 1924 AND
2 1 1925 1926 1927 AND
2 1 1924 1927 2044 AND
2 1 1735 1913 1914 AND
2 1 1722 1915 1916 AND
2 1 1914 1916 2041 AND
2 1 493 1073 2026 AND
2 1 387 1075 2027 AND
2 1 496 1077 2028 AND
2 1 2027 2028 2029 AND
2 1 2026 2029 2030 AND
2 1 12 21 2031 AND
2 1 2030 2031 2032 AND
2 1 2026 2029 2033 AND
2 1 13 20 2034 AND
2 1 14 19 2035 AND
2 1 2034 2035 2036 AND
2 1 2033 2036 2037 AND
2 1 2032 2037 2038 AND
2 1 10 23 2018 AND
2 1 684 1911 1912 AND
2 1 2018 1912 2022 XOR
2 1 1 32 2020 AND
2 1 2020 17 2021 XOR
2 1 2022 2021 2025 XOR
2 1 2038 2025 2040 XOR
2 1 2041 2040 2043 XOR
2 1 2044 2043 2046 XOR
2 1 2047 2046 2049 XOR
2 1 2053 2049 2055 XOR
2 1 1846 1860 1861 AND
2 1 1862 1863 1864 AND
2 1 1861 1864 2012 AND
2 1 1874 1887 1888 AND
2 1 1889 1897 1898 AND
2 1 1888 1898 2009 AND
2 1 1764 1780 1907 AND
2 1 1752 1908 1909 AND
2 1 1907 1909 2008 AND
2 1 2009 2008 2011 XOR
2 1 2012 2011 2014 XOR
2 1 15 18 1997 AND
2 1 728 1997 1998 AND
2 1 608 732 1999 AND
2 1 1998 1999 2003 AND
2 1 7 26 2000 AND
2 1 2003 2000 2004 XOR
2 1 25 27 1982 AND
2 1 152 1982 1983 AND
2 1 168 1740 1984 AND
2 1 5 28 1981 AND
2 1 8 25 1985 AND
2 1 1981 1985 1986 AND
2 1 1984 1986 1987 AND
2 1 1983 1987 1988 AND
2 1 6 27 1989 AND
2 1 1985 1989 1990 AND
2 1 1983 1990 1992 AND
2 1 1981 1992 1993 AND
2 1 1988 1993 1994 AND
2 1 29 30 1966 AND
2 1 73 1966 1967 AND
2 1 24 30 1968 AND
2 1 285 1968 1969 AND
2 1 1967 1969 1970 AND
2 1 9 24 1972 AND
2 1 4 29 1971 AND
2 1 1972 1971 1976 XOR
2 1 1970 1976 1977 AND
2 1 1971 1972 1973 AND
2 1 1970 1973 1974 AND
2 1 3 30 1978 AND
2 1 1974 1978 1979 AND
2 1 1977 1979 1980 AND
2 1 1994 1980 1996 XOR
2 1 2004 1996 2006 XOR
2 1 22 33 1947 AND
2 1 263 1947 1948 AND
2 1 339 1757 1949 AND
2 1 31 33 1950 AND
2 1 67 1950 1951 AND
2 1 1949 1951 1952 AND
2 1 1948 1952 1953 AND
2 1 2 31 1954 AND
2 1 1953 1954 1955 AND
2 1 1948 1952 1956 AND
2 1 0 33 1957 AND
2 1 11 22 1958 AND
2 1 1957 1958 1959 AND
2 1 1956 1959 1960 AND
2 1 1955 1960 1961 AND
2 1 1840 1842 1843 AND
2 1 1841 1843 1844 AND
2 1 1855 1844 1946 XOR
2 1 1961 1946 1963 XOR
2 1 1803 1868 1871 AND
2 1 1870 1871 1872 AND
2 1 1882 1872 1942 XOR
2 1 1890 1891 1892 AND
2 1 1893 1894 1895 AND
2 1 1892 1895 1896 AND
2 1 1942 1896 1944 XOR
2 1 1963 1944 1965 XOR
2 1 2006 1965 2007 XOR
2 1 2014 2007 2016 XOR
2 1 1865 1899 1900 AND
2 1 1837 1901 1902 AND
2 1 1900 1902 2015 AND
2 1 2016 2015 2017 XOR
2 1 2055 2017 2057 XOR
2 1 2058 2057 2061 XOR
2 1 2066 2061 2067 XOR
2 1 31 70 2163 AND
2 1 30 75 2164 AND
2 1 2163 2164 2165 AND
2 1 30 31 2166 AND
2 1 73 2166 2167 AND
2 1 34 2167 2168 AND
2 1 2165 2168 2169 AND
2 1 4 30 2171 AND
2 1 3 31 2170 AND
2 1 2171 2170 2172 XOR
2 1 0 34 2173 AND
2 1 2172 2173 2174 AND
2 1 2169 2174 2175 AND
2 1 1872 1882 1941 AND
2 1 1896 1942 1943 AND
2 1 1941 1943 2162 AND
2 1 2175 2162 2177 XOR
2 1 1844 1855 1945 AND
2 1 1946 1961 1962 AND
2 1 1945 1962 2161 AND
2 1 2177 2161 2179 XOR
2 1 1944 1963 1964 AND
2 1 1965 2006 2158 AND
2 1 1964 2158 2159 AND
2 1 2179 2159 2180 XOR
2 1 2008 2009 2010 AND
2 1 2011 2012 2013 AND
2 1 2010 2013 2160 AND
2 1 2180 2160 2181 XOR
2 1 2007 2014 2154 AND
2 1 2007 2014 2155 AND
2 1 2015 2155 2156 AND
2 1 2154 2156 2157 AND
2 1 2181 2157 2183 XOR
2 1 2043 2044 2045 AND
2 1 2046 2047 2048 AND
2 1 2045 2048 2151 AND
2 1 209 1643 2116 AND
2 1 26 28 2117 AND
2 1 152 2117 2118 AND
2 1 171 1740 2119 AND
2 1 2118 2119 2120 AND
2 1 2116 2120 2121 AND
2 1 6 28 2122 AND
2 1 2121 2122 2123 AND
2 1 2116 2120 2124 AND
2 1 7 27 2125 AND
2 1 8 26 2126 AND
2 1 2125 2126 2127 AND
2 1 2124 2127 2128 AND
2 1 2123 2128 2129 AND
2 1 612 1073 2101 AND
2 1 551 1075 2102 AND
2 1 493 1077 2103 AND
2 1 2102 2103 2104 AND
2 1 2101 2104 2105 AND
2 1 13 21 2106 AND
2 1 2105 2106 2107 AND
2 1 2101 2104 2108 AND
2 1 14 20 2109 AND
2 1 15 19 2110 AND
2 1 2109 2110 2111 AND
2 1 2108 2111 2112 AND
2 1 2107 2112 2113 AND
2 1 29 445 2087 AND
2 1 24 2087 2088 AND
2 1 290 1403 2089 AND
2 1 2088 2089 2090 AND
2 1 9 25 2092 AND
2 1 5 29 2091 AND
2 1 2092 2091 2096 XOR
2 1 2090 2096 2097 AND
2 1 2091 2092 2093 AND
2 1 2090 2093 2094 AND
2 1 10 24 2098 AND
2 1 2094 2098 2099 AND
2 1 2097 2099 2100 AND
2 1 2113 2100 2115 XOR
2 1 2129 2115 2131 XOR
2 1 2025 2038 2039 AND
2 1 2040 2041 2042 AND
2 1 2039 2042 2084 AND
2 1 11 23 2073 AND
2 1 12 22 2074 AND
2 1 2073 2074 2075 AND
2 1 383 1413 2076 AND
2 1 2075 2076 2080 AND
2 1 2 32 2077 AND
2 1 2080 2077 2081 XOR
2 1 1912 2018 2019 AND
2 1 2021 2022 2023 AND
2 1 2019 2023 2024 AND
2 1 2033 2024 2072 XOR
2 1 2081 2072 2083 XOR
2 1 2084 2083 2086 XOR
2 1 2131 2086 2148 XOR
2 1 1 33 2139 AND
2 1 2139 730 2141 XOR
2 1 17 2020 2138 AND
2 1 2141 2138 2143 XOR
2 1 1998 2000 2001 AND
2 1 1999 2001 2002 AND
2 1 2143 2002 2145 XOR
2 1 1970 1973 1975 AND
2 1 1975 1956 2134 XOR
2 1 1983 1987 1991 AND
2 1 2134 1991 2136 XOR
2 1 2145 2136 2146 XOR
2 1 1980 1994 1995 AND
2 1 1996 2004 2005 AND
2 1 1995 2005 2137 AND
2 1 2146 2137 2147 XOR
2 1 2148 2147 2150 XOR
2 1 2151 2150 2153 XOR
2 1 2183 2153 2185 XOR
2 1 2049 2053 2054 AND
2 1 2017 2055 2056 AND
2 1 2054 2056 2070 AND
2 1 2185 2070 2191 XOR
2 1 2057 2058 2060 AND
2 1 2057 2058 2059 AND
2 1 2059 2066 2068 AND
2 1 2060 2068 2069 AND
2 1 2191 2069 2192 XOR
2 1 612 1077 2268 AND
2 1 551 1244 2269 AND
2 1 493 1151 2270 AND
2 1 2269 2270 2271 AND
2 1 2268 2271 2272 AND
2 1 13 22 2273 AND
2 1 2272 2273 2274 AND
2 1 2268 2271 2275 AND
2 1 14 21 2276 AND
2 1 15 20 2277 AND
2 1 2276 2277 2278 AND
2 1 2275 2278 2279 AND
2 1 2274 2279 2280 AND
2 1 11 24 2258 AND
2 1 12 23 2259 AND
2 1 2258 2259 2260 AND
2 1 383 1218 2261 AND
2 1 2260 2261 2264 AND
2 1 3 32 2257 AND
2 1 2264 2257 2265 XOR
2 1 0 35 2248 AND
2 1 2 33 2249 AND
2 1 2248 2249 2250 AND
2 1 33 35 2251 AND
2 1 67 2251 2252 AND
2 1 2250 2252 2255 AND
2 1 730 2139 2140 AND
2 1 2255 2140 2256 XOR
2 1 2265 2256 2267 XOR
2 1 2280 2267 2282 XOR
2 1 2162 2175 2176 AND
2 1 2161 2177 2178 AND
2 1 2176 2178 2245 AND
2 1 9 26 2234 AND
2 1 10 25 2235 AND
2 1 2234 2235 2236 AND
2 1 290 1847 2237 AND
2 1 2236 2237 2241 AND
2 1 4 31 2238 AND
2 1 2241 2238 2242 XOR
2 1 7 28 2228 AND
2 1 16 19 2225 AND
2 1 2225 732 2227 XOR
2 1 2228 2227 2231 XOR
2 1 152 1511 2212 AND
2 1 27 30 2213 AND
2 1 184 2213 2214 AND
2 1 168 1966 2215 AND
2 1 2214 2215 2216 AND
2 1 2212 2216 2218 AND
2 1 6 29 2219 AND
2 1 1645 2219 2220 AND
2 1 2218 2220 2221 AND
2 1 2212 2216 2217 AND
2 1 5 30 2222 AND
2 1 2217 2222 2223 AND
2 1 2221 2223 2224 AND
2 1 2231 2224 2233 XOR
2 1 2242 2233 2244 XOR
2 1 2245 2244 2247 XOR
2 1 2282 2247 2305 XOR
2 1 1 34 2295 AND
2 1 2295 18 2296 XOR
2 1 2296 2124 2298 XOR
2 1 2090 2093 2095 AND
2 1 2298 2095 2300 XOR
2 1 2167 2169 2290 AND
2 1 2075 2077 2078 AND
2 1 2076 2078 2079 AND
2 1 2108 2079 2289 XOR
2 1 2290 2289 2292 XOR
2 1 2300 2292 2301 XOR
2 1 2100 2113 2114 AND
2 1 2115 2129 2130 AND
2 1 2114 2130 2293 AND
2 1 2301 2293 2302 XOR
2 1 2159 2179 2284 AND
2 1 2159 2179 2285 AND
2 1 2160 2285 2286 AND
2 1 2284 2286 2287 AND
2 1 2302 2287 2304 XOR
2 1 2305 2304 2307 XOR
2 1 2083 2084 2085 AND
2 1 2086 2131 2132 AND
2 1 2085 2132 2209 AND
2 1 2136 2145 2203 AND
2 1 2136 2145 2204 AND
2 1 2137 2204 2205 AND
2 1 2203 2205 2206 AND
2 1 2024 2033 2071 AND
2 1 2072 2081 2082 AND
2 1 2071 2082 2200 AND
2 1 2138 2141 2142 AND
2 1 2002 2143 2144 AND
2 1 2142 2144 2197 AND
2 1 1956 1975 2133 AND
2 1 1991 2134 2135 AND
2 1 2133 2135 2196 AND
2 1 2197 2196 2199 XOR
2 1 2200 2199 2202 XOR
2 1 2206 2202 2208 XOR
2 1 2209 2208 2211 XOR
2 1 2307 2211 2308 XOR
2 1 2147 2148 2149 AND
2 1 2150 2151 2152 AND
2 1 2149 2152 2195 AND
2 1 2308 2195 2309 XOR
2 1 2157 2181 2182 AND
2 1 2153 2183 2184 AND
2 1 2182 2184 2194 AND
2 1 2309 2194 2310 XOR
2 1 2070 2185 2186 AND
2 1 2060 2066 2188 AND
2 1 2070 2185 2187 AND
2 1 2059 2187 2189 AND
2 1 2188 2189 2190 AND
2 1 2186 2190 2193 AND
2 1 2310 2193 2311 XOR
2 1 2194 2309 2438 AND
2 1 2224 2231 2232 AND
2 1 2233 2242 2243 AND
2 1 2232 2243 2425 AND
2 1 2257 2260 2262 AND
2 1 2261 2262 2263 AND
2 1 2275 2263 2422 XOR
2 1 2140 2250 2253 AND
2 1 2252 2253 2254 AND
2 1 2422 2254 2424 XOR
2 1 2425 2424 2427 XOR
2 1 2236 2238 2239 AND
2 1 2237 2239 2240 AND
2 1 2240 2218 2418 XOR
2 1 732 2225 2226 AND
2 1 2227 2228 2229 AND
2 1 2226 2229 2230 AND
2 1 2418 2230 2420 XOR
2 1 2427 2420 2429 XOR
2 1 32 33 2384 AND
2 1 73 2384 2385 AND
2 1 11 25 2386 AND
2 1 3 33 2387 AND
2 1 2386 2387 2388 AND
2 1 2385 2388 2389 AND
2 1 4 32 2390 AND
2 1 2386 2390 2391 AND
2 1 2389 2391 2392 AND
2 1 2390 2386 2394 XOR
2 1 2387 2394 2395 AND
2 1 2392 2395 2396 AND
2 1 17 19 2379 AND
2 1 1 35 2378 AND
2 1 2379 2378 2381 XOR
2 1 0 36 2375 AND
2 1 34 675 2294 AND
2 1 2375 2294 2377 XOR
2 1 2381 2377 2383 XOR
2 1 2396 2383 2410 XOR
2 1 608 1077 2397 AND
2 1 610 1244 2398 AND
2 1 612 1151 2399 AND
2 1 2398 2399 2400 AND
2 1 2397 2400 2401 AND
2 1 14 22 2402 AND
2 1 2401 2402 2403 AND
2 1 2397 2400 2404 AND
2 1 15 21 2405 AND
2 1 16 20 2406 AND
2 1 2405 2406 2407 AND
2 1 2404 2407 2408 AND
2 1 2403 2408 2409 AND
2 1 2410 2409 2411 XOR
2 1 2196 2197 2198 AND
2 1 2199 2200 2201 AND
2 1 2198 2201 2374 AND
2 1 2411 2374 2413 XOR
2 1 209 1743 2358 AND
2 1 28 30 2359 AND
2 1 152 2359 2360 AND
2 1 171 1966 2361 AND
2 1 2360 2361 2362 AND
2 1 2358 2362 2363 AND
2 1 6 30 2364 AND
2 1 2363 2364 2365 AND
2 1 2358 2362 2366 AND
2 1 7 29 2367 AND
2 1 8 28 2368 AND
2 1 2367 2368 2369 AND
2 1 2366 2369 2370 AND
2 1 2365 2370 2371 AND
2 1 9 31 2342 AND
2 1 1838 2342 2343 AND
2 1 290 1643 2344 AND
2 1 1723 1759 2345 AND
2 1 2344 2345 2346 AND
2 1 2343 2346 2347 AND
2 1 10 26 2348 AND
2 1 2347 2348 2349 AND
2 1 2343 2346 2350 AND
2 1 5 31 2351 AND
2 1 9 27 2352 AND
2 1 2351 2352 2353 AND
2 1 2350 2353 2354 AND
2 1 2349 2354 2355 AND
2 1 12 24 2333 AND
2 1 13 23 2334 AND
2 1 2333 2334 2335 AND
2 1 496 1218 2336 AND
2 1 2335 2336 2340 AND
2 1 2 34 2337 AND
2 1 2340 2337 2341 XOR
2 1 2355 2341 2357 XOR
2 1 2371 2357 2373 XOR
2 1 2413 2373 2415 XOR
2 1 2429 2415 2430 XOR
2 1 2202 2206 2207 AND
2 1 2208 2209 2210 AND
2 1 2207 2210 2416 AND
2 1 2430 2416 2431 XOR
2 1 2244 2245 2246 AND
2 1 2247 2282 2283 AND
2 1 2246 2283 2330 AND
2 1 2292 2300 2324 AND
2 1 2292 2300 2325 AND
2 1 2293 2325 2326 AND
2 1 2324 2326 2327 AND
2 1 2256 2265 2266 AND
2 1 2267 2280 2281 AND
2 1 2266 2281 2321 AND
2 1 2124 2296 2297 AND
2 1 2095 2298 2299 AND
2 1 2297 2299 2318 AND
2 1 2079 2108 2288 AND
2 1 2289 2290 2291 AND
2 1 2288 2291 2317 AND
2 1 2318 2317 2320 XOR
2 1 2321 2320 2323 XOR
2 1 2327 2323 2329 XOR
2 1 2330 2329 2332 XOR
2 1 2431 2332 2432 XOR
2 1 2287 2302 2303 AND
2 1 2304 2305 2306 AND
2 1 2303 2306 2316 AND
2 1 2432 2316 2433 XOR
2 1 2211 2307 2312 AND
2 1 2211 2307 2313 AND
2 1 2195 2313 2314 AND
2 1 2312 2314 2315 AND
2 1 2433 2315 2436 XOR
2 1 2438 2436 2439 XOR
2 1 2193 2310 2437 AND
2 1 2439 2437 2440 XOR
2 1 2315 2433 2435 AND
2 1 2315 2433 2434 AND
2 1 2194 2309 2578 AND
2 1 2434 2578 2579 AND
2 1 2193 2438 2580 AND
2 1 2579 2580 2581 AND
2 1 2435 2581 2582 AND
2 1 1 36 2559 AND
2 1 2559 19 2560 XOR
2 1 2378 2379 2380 AND
2 1 2560 2380 2562 XOR
2 1 2562 2366 2564 XOR
2 1 2218 2240 2417 AND
2 1 2230 2418 2419 AND
2 1 2417 2419 2557 AND
2 1 2564 2557 2566 XOR
2 1 2341 2355 2356 AND
2 1 2357 2371 2372 AND
2 1 2356 2372 2556 AND
2 1 2566 2556 2568 XOR
2 1 2424 2425 2426 AND
2 1 2420 2427 2428 AND
2 1 2426 2428 2555 AND
2 1 2568 2555 2570 XOR
2 1 2374 2411 2412 AND
2 1 2373 2413 2414 AND
2 1 2412 2414 2554 AND
2 1 2570 2554 2572 XOR
2 1 2415 2429 2550 AND
2 1 2415 2429 2551 AND
2 1 2416 2551 2552 AND
2 1 2550 2552 2553 AND
2 1 2572 2553 2574 XOR
2 1 171 2166 2532 AND
2 1 509 2359 2533 AND
2 1 9 28 2531 AND
2 1 6 31 2534 AND
2 1 2531 2534 2535 AND
2 1 2533 2535 2536 AND
2 1 2532 2536 2537 AND
2 1 7 30 2539 AND
2 1 2534 2539 2540 AND
2 1 2532 2540 2541 AND
2 1 2531 2541 2542 AND
2 1 2537 2542 2543 AND
2 1 2 35 2519 AND
2 1 3 34 2520 AND
2 1 2519 2520 2521 AND
2 1 34 35 2522 AND
2 1 81 2522 2523 AND
2 1 2521 2523 2527 AND
2 1 16 21 2524 AND
2 1 2527 2524 2528 XOR
2 1 25 33 2504 AND
2 1 492 2504 2505 AND
2 1 25 288 2506 AND
2 1 33 75 2507 AND
2 1 2506 2507 2508 AND
2 1 37 2505 2509 AND
2 1 2508 2509 2510 AND
2 1 2505 2510 2511 AND
2 1 4 33 2512 AND
2 1 12 25 2513 AND
2 1 2512 2513 2514 AND
2 1 2511 2514 2515 AND
2 1 0 37 2516 AND
2 1 2510 2516 2517 AND
2 1 2515 2517 2518 AND
2 1 2528 2518 2530 XOR
2 1 2543 2530 2545 XOR
2 1 2263 2275 2421 AND
2 1 2254 2422 2423 AND
2 1 2421 2423 2500 AND
2 1 808 955 2491 AND
2 1 732 1073 2492 AND
2 1 2491 2492 2496 AND
2 1 8 29 2493 AND
2 1 2496 2493 2497 XOR
2 1 10 32 2476 AND
2 1 1838 2476 2477 AND
2 1 26 32 2478 AND
2 1 305 2478 2479 AND
2 1 474 1643 2480 AND
2 1 2479 2480 2481 AND
2 1 2477 2481 2483 AND
2 1 5 32 2484 AND
2 1 10 27 2485 AND
2 1 2484 2485 2486 AND
2 1 2483 2486 2487 AND
2 1 2477 2481 2482 AND
2 1 11 26 2488 AND
2 1 2482 2488 2489 AND
2 1 2487 2489 2490 AND
2 1 2497 2490 2499 XOR
2 1 2500 2499 2502 XOR
2 1 2545 2502 2546 XOR
2 1 2317 2318 2319 AND
2 1 2320 2321 2322 AND
2 1 2319 2322 2503 AND
2 1 2546 2503 2547 XOR
2 1 2389 2391 2393 AND
2 1 2404 2393 2465 XOR
2 1 2335 2337 2338 AND
2 1 2336 2338 2339 AND
2 1 2465 2339 2467 XOR
2 1 612 1413 2449 AND
2 1 551 1567 2450 AND
2 1 493 1218 2451 AND
2 1 2450 2451 2452 AND
2 1 2449 2452 2453 AND
2 1 13 24 2454 AND
2 1 2453 2454 2455 AND
2 1 14 23 2456 AND
2 1 15 22 2457 AND
2 1 2456 2457 2458 AND
2 1 2449 2452 2459 AND
2 1 2458 2459 2460 AND
2 1 2455 2460 2461 AND
2 1 2294 2375 2376 AND
2 1 2377 2381 2382 AND
2 1 2376 2382 2446 AND
2 1 2446 2350 2448 XOR
2 1 2461 2448 2463 XOR
2 1 2467 2463 2472 XOR
2 1 2383 2396 2468 AND
2 1 2383 2396 2469 AND
2 1 2409 2469 2470 AND
2 1 2468 2470 2471 AND
2 1 2472 2471 2473 XOR
2 1 2323 2327 2328 AND
2 1 2329 2330 2331 AND
2 1 2328 2331 2445 AND
2 1 2473 2445 2475 XOR
2 1 2547 2475 2549 XOR
2 1 2574 2549 2576 XOR
2 1 2332 2431 2441 AND
2 1 2332 2431 2442 AND
2 1 2316 2442 2443 AND
2 1 2441 2443 2444 AND
2 1 2576 2444 2577 XOR
2 1 2582 2577 2583 XOR
2 1 2577 2582 2718 AND
2 1 2444 2576 2716 AND
2 1 13 25 2696 AND
2 1 14 24 2697 AND
2 1 2696 2697 2698 AND
2 1 493 1403 2699 AND
2 1 2698 2699 2703 AND
2 1 3 35 2700 AND
2 1 2703 2700 2704 XOR
2 1 0 38 2686 AND
2 1 2 36 2687 AND
2 1 2686 2687 2688 AND
2 1 36 38 2689 AND
2 1 67 2689 2690 AND
2 1 2688 2690 2693 AND
2 1 36 756 2558 AND
2 1 2693 2558 2694 XOR
2 1 2694 2483 2695 XOR
2 1 2704 2695 2706 XOR
2 1 2393 2404 2464 AND
2 1 2339 2465 2466 AND
2 1 2464 2466 2682 AND
2 1 27 34 2665 AND
2 1 423 2665 2666 AND
2 1 383 1643 2667 AND
2 1 12 34 2668 AND
2 1 1648 2668 2669 AND
2 1 2667 2669 2670 AND
2 1 2666 2670 2671 AND
2 1 12 26 2672 AND
2 1 2671 2672 2673 AND
2 1 2666 2670 2674 AND
2 1 4 34 2675 AND
2 1 11 27 2676 AND
2 1 2675 2676 2677 AND
2 1 2674 2677 2678 AND
2 1 2673 2678 2679 AND
2 1 2380 2560 2561 AND
2 1 2366 2562 2563 AND
2 1 2561 2563 2664 AND
2 1 2679 2664 2681 XOR
2 1 2682 2681 2684 XOR
2 1 2706 2684 2707 XOR
2 1 2557 2564 2565 AND
2 1 2556 2566 2567 AND
2 1 2565 2567 2685 AND
2 1 2707 2685 2708 XOR
2 1 1 37 2655 AND
2 1 2655 953 2657 XOR
2 1 2491 2493 2494 AND
2 1 2492 2494 2495 AND
2 1 2657 2495 2659 XOR
2 1 2532 2536 2538 AND
2 1 2659 2538 2661 XOR
2 1 2350 2446 2447 AND
2 1 2448 2461 2462 AND
2 1 2447 2462 2653 AND
2 1 2661 2653 2662 XOR
2 1 2518 2528 2529 AND
2 1 2530 2543 2544 AND
2 1 2529 2544 2654 AND
2 1 2662 2654 2663 XOR
2 1 2708 2663 2709 XOR
2 1 2555 2568 2569 AND
2 1 2554 2570 2571 AND
2 1 2569 2571 2652 AND
2 1 2709 2652 2710 XOR
2 1 2490 2497 2498 AND
2 1 2499 2500 2501 AND
2 1 2498 2501 2599 AND
2 1 2521 2524 2525 AND
2 1 2523 2525 2526 AND
2 1 2526 2511 2596 XOR
2 1 2596 2459 2598 XOR
2 1 2599 2598 2601 XOR
2 1 209 2166 2631 AND
2 1 29 31 2632 AND
2 1 509 2632 2633 AND
2 1 250 1966 2634 AND
2 1 2633 2634 2635 AND
2 1 2631 2635 2636 AND
2 1 9 29 2630 AND
2 1 7 31 2638 AND
2 1 8 30 2639 AND
2 1 2638 2639 2640 AND
2 1 2631 2640 2641 AND
2 1 2630 2641 2642 AND
2 1 2636 2642 2643 AND
2 1 728 1151 2614 AND
2 1 608 1413 2615 AND
2 1 17 23 2616 AND
2 1 2405 2616 2617 AND
2 1 2615 2617 2618 AND
2 1 2614 2618 2619 AND
2 1 15 23 2620 AND
2 1 2619 2620 2621 AND
2 1 16 22 2622 AND
2 1 17 21 2623 AND
2 1 2622 2623 2624 AND
2 1 2614 2618 2625 AND
2 1 2624 2625 2626 AND
2 1 2621 2626 2627 AND
2 1 168 2384 2604 AND
2 1 10 28 2603 AND
2 1 5 33 2605 AND
2 1 2603 2605 2606 AND
2 1 2604 2606 2607 AND
2 1 6 32 2602 AND
2 1 2602 2603 2608 AND
2 1 2607 2608 2609 AND
2 1 2603 2602 2611 XOR
2 1 2605 2611 2612 AND
2 1 2609 2612 2613 AND
2 1 2627 2613 2629 XOR
2 1 2643 2629 2645 XOR
2 1 2601 2645 2646 AND
2 1 2601 2645 2647 AND
2 1 2646 2647 2648 AND
2 1 2463 2467 2589 AND
2 1 2463 2467 2590 AND
2 1 2471 2590 2591 AND
2 1 2589 2591 2592 AND
2 1 2502 2545 2585 AND
2 1 2502 2545 2586 AND
2 1 2503 2586 2587 AND
2 1 2585 2587 2588 AND
2 1 2592 2588 2594 XOR
2 1 2648 2594 2650 XOR
2 1 2710 2650 2711 XOR
2 1 2445 2473 2474 AND
2 1 2475 2547 2548 AND
2 1 2474 2548 2651 AND
2 1 2711 2651 2712 XOR
2 1 2553 2572 2573 AND
2 1 2549 2574 2575 AND
2 1 2573 2575 2584 AND
2 1 2712 2584 2715 XOR
2 1 2716 2715 2717 XOR
2 1 2718 2717 2719 XOR
2 1 2584 2712 2713 AND
2 1 2444 2576 2865 AND
2 1 2582 2865 2866 AND
2 1 2584 2712 2714 AND
2 1 2714 2716 2867 AND
2 1 2866 2867 2868 AND
2 1 2713 2868 2869 AND
2 1 2598 2599 2600 AND
2 1 2600 2646 2856 AND
2 1 2653 2661 2850 AND
2 1 2653 2661 2851 AND
2 1 2654 2851 2852 AND
2 1 2850 2852 2853 AND
2 1 509 1869 2836 AND
2 1 171 2384 2837 AND
2 1 6 33 2835 AND
2 1 9 30 2838 AND
2 1 2835 2838 2839 AND
2 1 2837 2839 2840 AND
2 1 2836 2840 2841 AND
2 1 7 32 2843 AND
2 1 2838 2843 2844 AND
2 1 2836 2844 2845 AND
2 1 2835 2845 2846 AND
2 1 2841 2846 2847 AND
2 1 608 1218 2820 AND
2 1 610 1128 2821 AND
2 1 612 1403 2822 AND
2 1 2821 2822 2823 AND
2 1 2820 2823 2824 AND
2 1 14 25 2825 AND
2 1 2824 2825 2826 AND
2 1 2820 2823 2827 AND
2 1 15 24 2828 AND
2 1 16 23 2829 AND
2 1 2828 2829 2830 AND
2 1 2827 2830 2831 AND
2 1 2826 2831 2832 AND
2 1 36 37 2805 AND
2 1 81 2805 2806 AND
2 1 13 37 2807 AND
2 1 1469 2807 2808 AND
2 1 2806 2808 2809 AND
2 1 13 26 2811 AND
2 1 3 36 2810 AND
2 1 2811 2810 2815 XOR
2 1 2809 2815 2816 AND
2 1 2810 2811 2812 AND
2 1 2809 2812 2813 AND
2 1 2 37 2817 AND
2 1 2813 2817 2818 AND
2 1 2816 2818 2819 AND
2 1 2832 2819 2834 XOR
2 1 2847 2834 2849 XOR
2 1 2853 2849 2855 XOR
2 1 2856 2855 2858 XOR
2 1 34 2087 2787 AND
2 1 5 34 2788 AND
2 1 1455 2788 2789 AND
2 1 474 1743 2790 AND
2 1 2789 2790 2791 AND
2 1 2787 2791 2792 AND
2 1 1455 2792 2793 AND
2 1 2787 2791 2794 AND
2 1 10 29 2795 AND
2 1 2788 2795 2796 AND
2 1 2794 2796 2797 AND
2 1 2793 2797 2798 AND
2 1 18 21 2777 AND
2 1 1073 2777 2778 AND
2 1 808 1077 2779 AND
2 1 2778 2779 2783 AND
2 1 8 31 2780 AND
2 1 2783 2780 2784 XOR
2 1 17 22 2773 AND
2 1 12 27 2770 AND
2 1 4 35 2769 AND
2 1 2770 2769 2772 XOR
2 1 2773 2772 2776 XOR
2 1 2784 2776 2786 XOR
2 1 2798 2786 2800 XOR
2 1 2664 2679 2680 AND
2 1 2681 2682 2683 AND
2 1 2680 2683 2766 AND
2 1 2631 2635 2637 AND
2 1 2674 2637 2763 XOR
2 1 2607 2608 2610 AND
2 1 2763 2610 2765 XOR
2 1 2766 2765 2768 XOR
2 1 2800 2768 2802 XOR
2 1 2588 2592 2593 AND
2 1 2594 2648 2649 AND
2 1 2593 2649 2761 AND
2 1 2802 2761 2804 XOR
2 1 2858 2804 2859 XOR
2 1 2695 2704 2705 AND
2 1 2483 2694 2751 AND
2 1 2705 2751 2752 AND
2 1 2698 2700 2701 AND
2 1 2699 2701 2702 AND
2 1 2558 2688 2691 AND
2 1 2690 2691 2692 AND
2 1 2702 2692 2747 XOR
2 1 2747 2625 2749 XOR
2 1 2752 2749 2753 XOR
2 1 2613 2627 2628 AND
2 1 2629 2643 2644 AND
2 1 2628 2644 2750 AND
2 1 2753 2750 2754 XOR
2 1 2511 2526 2595 AND
2 1 2459 2596 2597 AND
2 1 2595 2597 2743 AND
2 1 2495 2657 2658 AND
2 1 2538 2659 2660 AND
2 1 2658 2660 2740 AND
2 1 1 38 2736 AND
2 1 2736 20 2737 XOR
2 1 0 39 2732 AND
2 1 953 2655 2656 AND
2 1 2732 2656 2734 XOR
2 1 2737 2734 2739 XOR
2 1 2740 2739 2742 XOR
2 1 2743 2742 2745 XOR
2 1 2754 2745 2756 XOR
2 1 2684 2706 2728 AND
2 1 2684 2706 2729 AND
2 1 2685 2729 2730 AND
2 1 2728 2730 2731 AND
2 1 2756 2731 2758 XOR
2 1 2663 2708 2724 AND
2 1 2663 2708 2725 AND
2 1 2652 2725 2726 AND
2 1 2724 2726 2727 AND
2 1 2758 2727 2760 XOR
2 1 2859 2760 2861 XOR
2 1 2650 2710 2720 AND
2 1 2650 2710 2721 AND
2 1 2651 2721 2722 AND
2 1 2720 2722 2723 AND
2 1 2861 2723 2864 XOR
2 1 2869 2864 2870 XOR
2 1 1 39 2987 AND
2 1 2987 1075 2989 XOR
2 1 38 853 2735 AND
2 1 2989 2735 2991 XOR
2 1 2778 2780 2781 AND
2 1 2779 2781 2782 AND
2 1 2991 2782 2993 XOR
2 1 2692 2702 2746 AND
2 1 2625 2747 2748 AND
2 1 2746 2748 2984 AND
2 1 2637 2674 2762 AND
2 1 2610 2763 2764 AND
2 1 2762 2764 2983 AND
2 1 2984 2983 2986 XOR
2 1 2993 2986 2995 XOR
2 1 6 34 2963 AND
2 1 10 30 2964 AND
2 1 2963 2964 2965 AND
2 1 474 1966 2966 AND
2 1 11 34 2967 AND
2 1 2219 2967 2968 AND
2 1 2966 2968 2969 AND
2 1 2965 2969 2970 AND
2 1 11 29 2971 AND
2 1 2970 2971 2972 AND
2 1 2964 2963 2974 XOR
2 1 2969 2974 2975 AND
2 1 2972 2975 2976 AND
2 1 728 1218 2949 AND
2 1 684 1128 2950 AND
2 1 608 1403 2951 AND
2 1 2950 2951 2952 AND
2 1 2949 2952 2953 AND
2 1 15 25 2954 AND
2 1 2953 2954 2955 AND
2 1 2949 2952 2956 AND
2 1 16 24 2957 AND
2 1 2616 2957 2958 AND
2 1 2956 2958 2959 AND
2 1 2955 2959 2960 AND
2 1 13 27 2940 AND
2 1 14 26 2941 AND
2 1 2940 2941 2942 AND
2 1 493 1643 2943 AND
2 1 2942 2943 2947 AND
2 1 3 37 2944 AND
2 1 2947 2944 2948 XOR
2 1 2960 2948 2962 XOR
2 1 2976 2962 2978 XOR
2 1 2995 2978 2996 XOR
2 1 2749 2752 2979 AND
2 1 2749 2752 2980 AND
2 1 2750 2980 2981 AND
2 1 2979 2981 2982 AND
2 1 2996 2982 2997 XOR
2 1 35 36 2920 AND
2 1 87 2920 2921 AND
2 1 12 36 2922 AND
2 1 1839 2922 2923 AND
2 1 2921 2923 2924 AND
2 1 5 35 2925 AND
2 1 12 28 2926 AND
2 1 2925 2926 2927 AND
2 1 2924 2927 2928 AND
2 1 4 36 2929 AND
2 1 2928 2929 2930 AND
2 1 2926 2925 2932 XOR
2 1 2924 2932 2933 AND
2 1 2930 2933 2934 AND
2 1 31 32 2906 AND
2 1 250 2906 2907 AND
2 1 509 1950 2908 AND
2 1 209 2384 2909 AND
2 1 2908 2909 2910 AND
2 1 2907 2910 2911 AND
2 1 7 33 2905 AND
2 1 8 32 2913 AND
2 1 2342 2913 2914 AND
2 1 2907 2914 2915 AND
2 1 2905 2915 2916 AND
2 1 2911 2916 2917 AND
2 1 0 40 2896 AND
2 1 2 38 2897 AND
2 1 2896 2897 2898 AND
2 1 38 40 2899 AND
2 1 67 2899 2900 AND
2 1 2898 2900 2903 AND
2 1 2903 1055 2904 XOR
2 1 2917 2904 2919 XOR
2 1 2934 2919 2936 XOR
2 1 2656 2732 2733 AND
2 1 2734 2737 2738 AND
2 1 2733 2738 2892 AND
2 1 2836 2840 2842 AND
2 1 2842 2827 2891 XOR
2 1 2892 2891 2894 XOR
2 1 2936 2894 2937 XOR
2 1 2739 2740 2741 AND
2 1 2742 2743 2744 AND
2 1 2741 2744 2895 AND
2 1 2937 2895 2938 XOR
2 1 2997 2938 2998 XOR
2 1 2745 2754 2755 AND
2 1 2731 2756 2757 AND
2 1 2755 2757 2939 AND
2 1 2998 2939 2999 XOR
2 1 2776 2784 2785 AND
2 1 2786 2798 2799 AND
2 1 2785 2799 2882 AND
2 1 2809 2812 2814 AND
2 1 2814 2794 2879 XOR
2 1 2769 2770 2771 AND
2 1 2772 2773 2774 AND
2 1 2771 2774 2775 AND
2 1 2879 2775 2881 XOR
2 1 2882 2881 2884 XOR
2 1 2819 2832 2833 AND
2 1 2834 2847 2848 AND
2 1 2833 2848 2883 AND
2 1 2884 2883 2885 XOR
2 1 2765 2766 2767 AND
2 1 2768 2800 2801 AND
2 1 2767 2801 2877 AND
2 1 2885 2877 2887 XOR
2 1 2849 2853 2854 AND
2 1 2855 2856 2857 AND
2 1 2854 2857 2876 AND
2 1 2887 2876 2889 XOR
2 1 2999 2889 3000 XOR
2 1 2761 2802 2803 AND
2 1 2804 2858 2874 AND
2 1 2803 2874 2875 AND
2 1 3000 2875 3001 XOR
2 1 2727 2758 2759 AND
2 1 2760 2859 2860 AND
2 1 2759 2860 2873 AND
2 1 3001 2873 3007 XOR
2 1 2723 2861 2862 AND
2 1 2723 2861 2863 AND
2 1 2863 2869 2871 AND
2 1 2862 2871 2872 AND
2 1 3007 2872 3008 XOR
2 1 2873 3001 3002 AND
2 1 2862 2869 3004 AND
2 1 2873 3001 3003 AND
2 1 2863 3003 3005 AND
2 1 3004 3005 3006 AND
2 1 3002 3006 3162 AND
2 1 32 34 3140 AND
2 1 509 3140 3141 AND
2 1 290 2906 3142 AND
2 1 7 34 3143 AND
2 1 1759 3143 3144 AND
2 1 3142 3144 3145 AND
2 1 3141 3145 3146 AND
2 1 9 32 3148 AND
2 1 3143 3148 3149 AND
2 1 3141 3149 3150 AND
2 1 1759 3150 3151 AND
2 1 3146 3151 3152 AND
2 1 732 1218 3125 AND
2 1 730 1128 3126 AND
2 1 728 1403 3127 AND
2 1 3126 3127 3128 AND
2 1 3125 3128 3129 AND
2 1 16 25 3130 AND
2 1 3129 3130 3131 AND
2 1 3125 3128 3132 AND
2 1 17 24 3133 AND
2 1 18 23 3134 AND
2 1 3133 3134 3135 AND
2 1 3132 3135 3136 AND
2 1 3131 3136 3137 AND
2 1 27 37 3111 AND
2 1 607 3111 3112 AND
2 1 387 1511 3113 AND
2 1 3112 3113 3114 AND
2 1 12 29 3116 AND
2 1 4 37 3115 AND
2 1 3116 3115 3120 XOR
2 1 3114 3120 3121 AND
2 1 3115 3116 3117 AND
2 1 3114 3117 3118 AND
2 1 14 27 3122 AND
2 1 3118 3122 3123 AND
2 1 3121 3123 3124 AND
2 1 3137 3124 3139 XOR
2 1 3152 3139 3154 XOR
2 1 2983 2984 2985 AND
2 1 2986 2993 2994 AND
2 1 2985 2994 3108 AND
2 1 2735 2989 2990 AND
2 1 2782 2991 2992 AND
2 1 2990 2992 3105 AND
2 1 8 33 3099 AND
2 1 19 22 3096 AND
2 1 3096 1077 3098 XOR
2 1 3099 3098 3102 XOR
2 1 6 35 3081 AND
2 1 11 30 3082 AND
2 1 3081 3082 3083 AND
2 1 30 35 3084 AND
2 1 545 3084 3085 AND
2 1 168 2920 3086 AND
2 1 30 36 3087 AND
2 1 305 3087 3088 AND
2 1 3086 3088 3089 AND
2 1 3085 3089 3091 AND
2 1 3083 3091 3092 AND
2 1 3085 3089 3090 AND
2 1 5 36 3093 AND
2 1 3090 3093 3094 AND
2 1 3092 3094 3095 AND
2 1 3102 3095 3104 XOR
2 1 3105 3104 3107 XOR
2 1 3108 3107 3110 XOR
2 1 3154 3110 3156 XOR
2 1 2881 2882 3072 AND
2 1 2881 2882 3073 AND
2 1 2883 3073 3074 AND
2 1 3072 3074 3075 AND
2 1 13 28 3061 AND
2 1 15 26 3062 AND
2 1 3061 3062 3063 AND
2 1 551 2117 3064 AND
2 1 3063 3064 3068 AND
2 1 3 38 3065 AND
2 1 3068 3065 3069 XOR
2 1 2 39 3055 AND
2 1 0 41 3054 AND
2 1 3055 3054 3056 XOR
2 1 1075 2987 2988 AND
2 1 3056 2988 3058 XOR
2 1 2924 2927 2931 AND
2 1 3058 2931 3060 XOR
2 1 3069 3060 3071 XOR
2 1 3075 3071 3077 XOR
2 1 2948 2960 2961 AND
2 1 2962 2976 2977 AND
2 1 2961 2977 3049 AND
2 1 2794 2814 2878 AND
2 1 2775 2879 2880 AND
2 1 2878 2880 3046 AND
2 1 2827 2842 2890 AND
2 1 2891 2892 2893 AND
2 1 2890 2893 3045 AND
2 1 3046 3045 3048 XOR
2 1 3049 3048 3051 XOR
2 1 3077 3051 3079 XOR
2 1 3156 3079 3157 XOR
2 1 2877 2885 2886 AND
2 1 2876 2887 2888 AND
2 1 2886 2888 3080 AND
2 1 3157 3080 3158 XOR
2 1 2938 2997 3039 AND
2 1 2938 2997 3040 AND
2 1 2939 3040 3041 AND
2 1 3039 3041 3042 AND
2 1 1 40 3027 AND
2 1 3027 21 3028 XOR
2 1 2907 2910 2912 AND
2 1 3028 2912 3030 XOR
2 1 2965 2969 2973 AND
2 1 3030 2973 3032 XOR
2 1 1055 2898 2901 AND
2 1 2900 2901 2902 AND
2 1 2956 2902 3022 XOR
2 1 2942 2944 2945 AND
2 1 2943 2945 2946 AND
2 1 3022 2946 3024 XOR
2 1 3032 3024 3033 XOR
2 1 2904 2917 2918 AND
2 1 2919 2934 2935 AND
2 1 2918 2935 3025 AND
2 1 3033 3025 3034 XOR
2 1 2894 2936 3017 AND
2 1 2894 2936 3018 AND
2 1 2895 3018 3019 AND
2 1 3017 3019 3020 AND
2 1 3034 3020 3036 XOR
2 1 2978 2995 3013 AND
2 1 2978 2995 3014 AND
2 1 2982 3014 3015 AND
2 1 3013 3015 3016 AND
2 1 3036 3016 3038 XOR
2 1 3042 3038 3044 XOR
2 1 3158 3044 3160 XOR
2 1 2889 2999 3009 AND
2 1 2889 2999 3010 AND
2 1 2875 3010 3011 AND
2 1 3009 3011 3012 AND
2 1 3160 3012 3161 XOR
2 1 3162 3161 3163 XOR
2 1 3161 3162 3323 AND
2 1 3012 3160 3321 AND
2 1 3107 3108 3109 AND
2 1 3110 3154 3155 AND
2 1 3109 3155 3309 AND
2 1 3124 3137 3138 AND
2 1 3139 3152 3153 AND
2 1 3138 3153 3306 AND
2 1 2931 3058 3059 AND
2 1 3060 3069 3070 AND
2 1 3059 3070 3303 AND
2 1 2902 2956 3021 AND
2 1 2946 3022 3023 AND
2 1 3021 3023 3302 AND
2 1 3303 3302 3305 XOR
2 1 3306 3305 3308 XOR
2 1 3309 3308 3311 XOR
2 1 3071 3075 3076 AND
2 1 3051 3077 3078 AND
2 1 3076 3078 3301 AND
2 1 3311 3301 3313 XOR
2 1 3079 3156 3297 AND
2 1 3079 3156 3298 AND
2 1 3080 3298 3299 AND
2 1 3297 3299 3300 AND
2 1 3313 3300 3315 XOR
2 1 39 41 3052 AND
2 1 67 3052 3053 AND
2 1 2988 3056 3057 AND
2 1 3053 3057 3289 AND
2 1 3063 3065 3066 AND
2 1 3064 3066 3067 AND
2 1 3132 3067 3288 XOR
2 1 3289 3288 3291 XOR
2 1 3114 3117 3119 AND
2 1 1077 3096 3097 AND
2 1 3098 3099 3100 AND
2 1 3097 3100 3101 AND
2 1 3119 3101 3283 XOR
2 1 3283 3091 3285 XOR
2 1 3291 3285 3292 XOR
2 1 3095 3102 3103 AND
2 1 3104 3105 3106 AND
2 1 3103 3106 3286 AND
2 1 3292 3286 3293 XOR
2 1 3024 3032 3276 AND
2 1 3024 3032 3277 AND
2 1 3025 3277 3278 AND
2 1 3276 3278 3279 AND
2 1 2912 3028 3029 AND
2 1 2973 3030 3031 AND
2 1 3029 3031 3273 AND
2 1 5 37 3258 AND
2 1 12 30 3259 AND
2 1 3258 3259 3260 AND
2 1 496 1966 3261 AND
2 1 2091 2807 3262 AND
2 1 3261 3262 3263 AND
2 1 3260 3263 3264 AND
2 1 13 29 3265 AND
2 1 3264 3265 3266 AND
2 1 3259 3258 3268 XOR
2 1 3263 3268 3269 AND
2 1 3266 3269 3270 AND
2 1 1 41 3253 AND
2 1 3253 1244 3255 XOR
2 1 0 42 3250 AND
2 1 40 928 3026 AND
2 1 3250 3026 3252 XOR
2 1 3255 3252 3257 XOR
2 1 3270 3257 3272 XOR
2 1 3273 3272 3275 XOR
2 1 3279 3275 3281 XOR
2 1 3293 3281 3295 XOR
2 1 33 34 3181 AND
2 1 250 3181 3182 AND
2 1 207 3140 3183 AND
2 1 290 2384 3184 AND
2 1 3183 3184 3185 AND
2 1 3182 3185 3186 AND
2 1 8 34 3188 AND
2 1 9 33 3189 AND
2 1 3188 3189 3190 AND
2 1 3182 3190 3191 AND
2 1 2476 3191 3192 AND
2 1 3186 3192 3193 AND
2 1 3141 3145 3147 AND
2 1 3193 3147 3194 XOR
2 1 7 35 3167 AND
2 1 11 31 3168 AND
2 1 3167 3168 3169 AND
2 1 31 36 3170 AND
2 1 545 3170 3171 AND
2 1 171 2920 3172 AND
2 1 3171 3172 3173 AND
2 1 3169 3173 3174 AND
2 1 6 36 3175 AND
2 1 3174 3175 3176 AND
2 1 3168 3167 3178 XOR
2 1 3173 3178 3179 AND
2 1 3176 3179 3180 AND
2 1 3194 3180 3195 XOR
2 1 3045 3046 3047 AND
2 1 3048 3049 3050 AND
2 1 3047 3050 3166 AND
2 1 3195 3166 3197 XOR
2 1 14 38 3228 AND
2 1 1839 3228 3229 AND
2 1 612 1740 3230 AND
2 1 15 38 3231 AND
2 1 1750 3231 3232 AND
2 1 3230 3232 3233 AND
2 1 3229 3233 3234 AND
2 1 15 27 3235 AND
2 1 3234 3235 3236 AND
2 1 3229 3233 3237 AND
2 1 4 38 3238 AND
2 1 14 28 3239 AND
2 1 3238 3239 3240 AND
2 1 3237 3240 3241 AND
2 1 3236 3241 3242 AND
2 1 808 1218 3213 AND
2 1 1128 2379 3214 AND
2 1 732 1403 3215 AND
2 1 3214 3215 3216 AND
2 1 3213 3216 3217 AND
2 1 17 25 3218 AND
2 1 3217 3218 3219 AND
2 1 18 24 3220 AND
2 1 19 23 3221 AND
2 1 3220 3221 3222 AND
2 1 3213 3216 3223 AND
2 1 3222 3223 3224 AND
2 1 3219 3224 3225 AND
2 1 16 40 3198 AND
2 1 1469 3198 3199 AND
2 1 39 40 3200 AND
2 1 81 3200 3201 AND
2 1 3199 3201 3202 AND
2 1 16 26 3204 AND
2 1 3 39 3203 AND
2 1 3204 3203 3208 XOR
2 1 3202 3208 3209 AND
2 1 3203 3204 3205 AND
2 1 3202 3205 3206 AND
2 1 2 40 3210 AND
2 1 3206 3210 3211 AND
2 1 3209 3211 3212 AND
2 1 3225 3212 3227 XOR
2 1 3242 3227 3244 XOR
2 1 3197 3244 3245 AND
2 1 3197 3244 3246 AND
2 1 3245 3246 3247 AND
2 1 3020 3034 3035 AND
2 1 3016 3036 3037 AND
2 1 3035 3037 3165 AND
2 1 3247 3165 3249 XOR
2 1 3295 3249 3296 XOR
2 1 3315 3296 3317 XOR
2 1 3038 3042 3043 AND
2 1 3044 3158 3159 AND
2 1 3043 3159 3164 AND
2 1 3317 3164 3320 XOR
2 1 3321 3320 3322 XOR
2 1 3323 3322 3324 XOR
2 1 3164 3317 3318 AND
2 1 3012 3160 3481 AND
2 1 3162 3481 3482 AND
2 1 3164 3317 3319 AND
2 1 3319 3321 3483 AND
2 1 3482 3483 3484 AND
2 1 3318 3484 3485 AND
2 1 3285 3291 3468 AND
2 1 3285 3291 3469 AND
2 1 3286 3469 3470 AND
2 1 3468 3470 3471 AND
2 1 3067 3132 3287 AND
2 1 3288 3289 3290 AND
2 1 3287 3290 3465 AND
2 1 383 2906 3449 AND
2 1 12 37 3450 AND
2 1 2534 3450 3451 AND
2 1 3449 3451 3452 AND
2 1 6 37 3453 AND
2 1 11 32 3454 AND
2 1 3453 3454 3455 AND
2 1 3452 3455 3456 AND
2 1 12 31 3457 AND
2 1 3456 3457 3458 AND
2 1 3454 3453 3460 XOR
2 1 3452 3460 3461 AND
2 1 3458 3461 3462 AND
2 1 3101 3119 3282 AND
2 1 3091 3283 3284 AND
2 1 3282 3284 3448 AND
2 1 3462 3448 3464 XOR
2 1 3465 3464 3467 XOR
2 1 3471 3467 3473 XOR
2 1 3026 3250 3251 AND
2 1 3252 3255 3256 AND
2 1 3251 3256 3441 AND
2 1 3260 3263 3267 AND
2 1 3202 3205 3207 AND
2 1 3267 3207 3440 XOR
2 1 3441 3440 3443 XOR
2 1 3169 3173 3177 AND
2 1 3237 3177 3436 XOR
2 1 3436 3223 3438 XOR
2 1 3443 3438 3445 XOR
2 1 3257 3270 3271 AND
2 1 3272 3273 3274 AND
2 1 3271 3274 3434 AND
2 1 3445 3434 3447 XOR
2 1 3473 3447 3475 XOR
2 1 2 41 3423 AND
2 1 13 30 3420 AND
2 1 5 38 3419 AND
2 1 3420 3419 3422 XOR
2 1 3423 3422 3426 XOR
2 1 20 23 3409 AND
2 1 1151 3409 3410 AND
2 1 1077 1413 3411 AND
2 1 3410 3411 3415 AND
2 1 9 34 3412 AND
2 1 3415 3412 3416 XOR
2 1 207 2251 3395 AND
2 1 209 2920 3396 AND
2 1 10 36 3397 AND
2 1 2905 3397 3398 AND
2 1 3396 3398 3399 AND
2 1 3395 3399 3401 AND
2 1 8 35 3402 AND
2 1 10 33 3403 AND
2 1 3402 3403 3404 AND
2 1 3401 3404 3405 AND
2 1 3395 3399 3400 AND
2 1 7 36 3406 AND
2 1 3400 3406 3407 AND
2 1 3405 3407 3408 AND
2 1 3416 3408 3418 XOR
2 1 3426 3418 3428 XOR
2 1 808 1403 3381 AND
2 1 1715 2379 3382 AND
2 1 732 1847 3383 AND
2 1 3382 3383 3384 AND
2 1 3381 3384 3385 AND
2 1 17 26 3386 AND
2 1 3385 3386 3387 AND
2 1 18 25 3388 AND
2 1 1216 3388 3389 AND
2 1 3381 3384 3390 AND
2 1 3389 3390 3391 AND
2 1 3387 3391 3392 AND
2 1 608 1740 3366 AND
2 1 610 1511 3367 AND
2 1 612 1743 3368 AND
2 1 3367 3368 3369 AND
2 1 3366 3369 3370 AND
2 1 14 29 3371 AND
2 1 3370 3371 3372 AND
2 1 3366 3369 3373 AND
2 1 15 28 3374 AND
2 1 16 27 3375 AND
2 1 3374 3375 3376 AND
2 1 3373 3376 3377 AND
2 1 3372 3377 3378 AND
2 1 73 3200 3352 AND
2 1 4 43 3353 AND
2 1 2732 3353 3354 AND
2 1 3352 3354 3355 AND
2 1 3 40 3357 AND
2 1 0 43 3356 AND
2 1 3357 3356 3361 XOR
2 1 3355 3361 3362 AND
2 1 3356 3357 3358 AND
2 1 3355 3358 3359 AND
2 1 4 39 3363 AND
2 1 3359 3363 3364 AND
2 1 3362 3364 3365 AND
2 1 3378 3365 3380 XOR
2 1 3392 3380 3394 XOR
2 1 3428 3394 3429 XOR
2 1 3302 3303 3304 AND
2 1 3305 3306 3307 AND
2 1 3304 3307 3351 AND
2 1 3429 3351 3431 XOR
2 1 3308 3309 3310 AND
2 1 3301 3311 3312 AND
2 1 3310 3312 3350 AND
2 1 3431 3350 3433 XOR
2 1 3475 3433 3477 XOR
2 1 1 42 3336 AND
2 1 3336 22 3337 XOR
2 1 1244 3253 3254 AND
2 1 3337 3254 3339 XOR
2 1 3182 3185 3187 AND
2 1 3339 3187 3341 XOR
2 1 3147 3193 3331 AND
2 1 3147 3193 3332 AND
2 1 3180 3332 3333 AND
2 1 3331 3333 3334 AND
2 1 3341 3334 3343 XOR
2 1 3212 3225 3226 AND
2 1 3227 3242 3243 AND
2 1 3226 3243 3330 AND
2 1 3343 3330 3345 XOR
2 1 3275 3279 3280 AND
2 1 3281 3293 3294 AND
2 1 3280 3294 3328 AND
2 1 3345 3328 3346 XOR
2 1 3166 3195 3196 AND
2 1 3196 3245 3329 AND
2 1 3346 3329 3347 XOR
2 1 3165 3247 3248 AND
2 1 3249 3295 3326 AND
2 1 3248 3326 3327 AND
2 1 3347 3327 3349 XOR
2 1 3477 3349 3479 XOR
2 1 3300 3313 3314 AND
2 1 3296 3315 3316 AND
2 1 3314 3316 3325 AND
2 1 3479 3325 3480 XOR
2 1 3485 3480 3486 XOR
2 1 3480 3485 3646 AND
2 1 3325 3479 3644 AND
2 1 3365 3378 3379 AND
2 1 3380 3392 3393 AND
2 1 3379 3393 3630 AND
2 1 3408 3416 3417 AND
2 1 3418 3426 3427 AND
2 1 3417 3427 3629 AND
2 1 3630 3629 3632 XOR
2 1 3419 3420 3421 AND
2 1 3422 3423 3424 AND
2 1 3421 3424 3425 AND
2 1 3355 3358 3360 AND
2 1 3425 3360 3626 XOR
2 1 3626 3390 3628 XOR
2 1 3632 3628 3634 XOR
2 1 3351 3429 3430 AND
2 1 3394 3428 3623 AND
2 1 3430 3623 3624 AND
2 1 3634 3624 3636 XOR
2 1 3467 3471 3472 AND
2 1 3447 3473 3474 AND
2 1 3472 3474 3622 AND
2 1 3636 3622 3638 XOR
2 1 3448 3462 3463 AND
2 1 3464 3465 3466 AND
2 1 3463 3466 3603 AND
2 1 1 43 3594 AND
2 1 3594 984 3596 XOR
2 1 3410 3412 3413 AND
2 1 3411 3413 3414 AND
2 1 3596 3414 3598 XOR
2 1 3598 3401 3600 XOR
2 1 42 44 3583 AND
2 1 67 3583 3584 AND
2 1 0 44 3585 AND
2 1 2 42 3586 AND
2 1 3585 3586 3587 AND
2 1 3584 3587 3590 AND
2 1 42 1015 3335 AND
2 1 3590 3335 3591 XOR
2 1 3452 3455 3459 AND
2 1 3459 3373 3582 XOR
2 1 3591 3582 3593 XOR
2 1 3600 3593 3602 XOR
2 1 3603 3602 3605 XOR
2 1 3177 3237 3435 AND
2 1 3223 3436 3437 AND
2 1 3435 3437 3611 AND
2 1 3254 3337 3338 AND
2 1 3187 3339 3340 AND
2 1 3338 3340 3608 AND
2 1 3207 3267 3439 AND
2 1 3440 3441 3442 AND
2 1 3439 3442 3607 AND
2 1 3608 3607 3610 XOR
2 1 3611 3610 3613 XOR
2 1 3438 3443 3444 AND
2 1 3434 3445 3446 AND
2 1 3444 3446 3606 AND
2 1 3613 3606 3615 XOR
2 1 3605 3615 3616 AND
2 1 3605 3615 3617 AND
2 1 3616 3617 3618 AND
2 1 12 32 3564 AND
2 1 13 31 3565 AND
2 1 3564 3565 3566 AND
2 1 496 2906 3567 AND
2 1 3566 3567 3571 AND
2 1 5 39 3568 AND
2 1 3571 3568 3572 XOR
2 1 290 2522 3549 AND
2 1 34 36 3550 AND
2 1 207 3550 3551 AND
2 1 250 2920 3552 AND
2 1 3551 3552 3553 AND
2 1 3549 3553 3554 AND
2 1 8 36 3548 AND
2 1 9 35 3556 AND
2 1 10 34 3557 AND
2 1 3556 3557 3558 AND
2 1 3549 3558 3559 AND
2 1 3548 3559 3560 AND
2 1 3554 3560 3561 AND
2 1 1839 3198 3535 AND
2 1 610 2359 3536 AND
2 1 3535 3536 3537 AND
2 1 14 30 3539 AND
2 1 4 40 3538 AND
2 1 3539 3538 3543 XOR
2 1 3537 3543 3544 AND
2 1 3538 3539 3540 AND
2 1 3537 3540 3541 AND
2 1 16 28 3545 AND
2 1 3541 3545 3546 AND
2 1 3544 3546 3547 AND
2 1 3561 3547 3563 XOR
2 1 3572 3563 3574 XOR
2 1 11 37 3518 AND
2 1 2905 3518 3519 AND
2 1 33 38 3520 AND
2 1 545 3520 3521 AND
2 1 37 38 3522 AND
2 1 171 3522 3523 AND
2 1 3521 3523 3524 AND
2 1 3519 3524 3525 AND
2 1 6 38 3517 AND
2 1 7 37 3527 AND
2 1 11 33 3528 AND
2 1 3527 3528 3529 AND
2 1 3519 3529 3530 AND
2 1 3517 3530 3531 AND
2 1 3525 3531 3532 AND
2 1 1073 1403 3503 AND
2 1 953 1715 3504 AND
2 1 808 1847 3505 AND
2 1 3504 3505 3506 AND
2 1 3503 3506 3507 AND
2 1 18 26 3502 AND
2 1 19 25 3508 AND
2 1 20 24 3509 AND
2 1 3508 3509 3510 AND
2 1 3503 3510 3512 AND
2 1 3502 3512 3513 AND
2 1 3507 3513 3514 AND
2 1 15 29 3493 AND
2 1 17 27 3494 AND
2 1 3493 3494 3495 AND
2 1 684 1511 3496 AND
2 1 3495 3496 3500 AND
2 1 3 41 3497 AND
2 1 3500 3497 3501 XOR
2 1 3514 3501 3516 XOR
2 1 3532 3516 3534 XOR
2 1 3574 3534 3576 XOR
2 1 3334 3341 3342 AND
2 1 3330 3343 3344 AND
2 1 3342 3344 3492 AND
2 1 3576 3492 3578 XOR
2 1 3328 3345 3488 AND
2 1 3328 3345 3489 AND
2 1 3329 3489 3490 AND
2 1 3488 3490 3491 AND
2 1 3578 3491 3580 XOR
2 1 3618 3580 3620 XOR
2 1 3638 3620 3639 XOR
2 1 3350 3431 3432 AND
2 1 3433 3475 3476 AND
2 1 3432 3476 3621 AND
2 1 3639 3621 3640 XOR
2 1 3327 3347 3348 AND
2 1 3349 3477 3478 AND
2 1 3348 3478 3487 AND
2 1 3640 3487 3643 XOR
2 1 3644 3643 3645 XOR
2 1 3646 3645 3647 XOR
2 1 3487 3640 3641 AND
2 1 3325 3479 3813 AND
2 1 3485 3813 3814 AND
2 1 3487 3640 3642 AND
2 1 3642 3644 3815 AND
2 1 3814 3815 3816 AND
2 1 3641 3816 3817 AND
2 1 3620 3638 3808 AND
2 1 3620 3638 3809 AND
2 1 3621 3809 3810 AND
2 1 3808 3810 3811 AND
2 1 3501 3514 3515 AND
2 1 3516 3532 3533 AND
2 1 3515 3533 3797 AND
2 1 3547 3561 3562 AND
2 1 3563 3572 3573 AND
2 1 3562 3573 3796 AND
2 1 3797 3796 3799 XOR
2 1 3537 3540 3542 AND
2 1 3519 3524 3526 AND
2 1 3542 3526 3793 XOR
2 1 3566 3568 3569 AND
2 1 3567 3569 3570 AND
2 1 3793 3570 3795 XOR
2 1 3799 3795 3801 XOR
2 1 3414 3596 3597 AND
2 1 3401 3598 3599 AND
2 1 3597 3599 3788 AND
2 1 3360 3425 3625 AND
2 1 3390 3626 3627 AND
2 1 3625 3627 3785 AND
2 1 3373 3459 3581 AND
2 1 3582 3591 3592 AND
2 1 3581 3592 3784 AND
2 1 3785 3784 3787 XOR
2 1 3788 3787 3790 XOR
2 1 3801 3790 3802 XOR
2 1 3593 3600 3601 AND
2 1 3602 3603 3604 AND
2 1 3601 3604 3791 AND
2 1 3802 3791 3803 XOR
2 1 3624 3634 3635 AND
2 1 3622 3636 3637 AND
2 1 3635 3637 3781 AND
2 1 3629 3630 3631 AND
2 1 3628 3632 3633 AND
2 1 3631 3633 3778 AND
2 1 1073 1847 3760 AND
2 1 953 1982 3761 AND
2 1 808 1643 3762 AND
2 1 3761 3762 3763 AND
2 1 3760 3763 3764 AND
2 1 18 27 3765 AND
2 1 3764 3765 3766 AND
2 1 3760 3763 3767 AND
2 1 19 26 3768 AND
2 1 1351 3768 3769 AND
2 1 3767 3769 3770 AND
2 1 3766 3770 3771 AND
2 1 3549 3553 3555 AND
2 1 3771 3555 3773 XOR
2 1 493 2906 3746 AND
2 1 14 40 3747 AND
2 1 2351 3747 3748 AND
2 1 3746 3748 3749 AND
2 1 13 32 3751 AND
2 1 5 40 3750 AND
2 1 3751 3750 3755 XOR
2 1 3749 3755 3756 AND
2 1 3750 3751 3752 AND
2 1 3749 3752 3753 AND
2 1 14 31 3757 AND
2 1 3753 3757 3758 AND
2 1 3756 3758 3759 AND
2 1 3773 3759 3775 XOR
2 1 1307 1413 3737 AND
2 1 1151 1218 3738 AND
2 1 3737 3738 3742 AND
2 1 10 35 3739 AND
2 1 3742 3739 3743 XOR
2 1 250 2805 3723 AND
2 1 509 2689 3724 AND
2 1 209 3522 3725 AND
2 1 3724 3725 3726 AND
2 1 3723 3726 3727 AND
2 1 7 38 3722 AND
2 1 8 37 3728 AND
2 1 9 36 3729 AND
2 1 3728 3729 3730 AND
2 1 3723 3730 3732 AND
2 1 3722 3732 3733 AND
2 1 3727 3733 3734 AND
2 1 41 43 3706 AND
2 1 106 3706 3707 AND
2 1 41 45 3708 AND
2 1 75 3708 3709 AND
2 1 43 45 3710 AND
2 1 67 3710 3711 AND
2 1 3709 3711 3712 AND
2 1 3707 3712 3714 AND
2 1 2 43 3715 AND
2 1 4 41 3716 AND
2 1 3715 3716 3717 AND
2 1 3714 3717 3718 AND
2 1 3707 3712 3713 AND
2 1 0 45 3719 AND
2 1 3713 3719 3720 AND
2 1 3718 3720 3721 AND
2 1 3734 3721 3736 XOR
2 1 3743 3736 3745 XOR
2 1 3775 3745 3777 XOR
2 1 3778 3777 3780 XOR
2 1 3781 3780 3783 XOR
2 1 3803 3783 3805 XOR
2 1 3491 3578 3579 AND
2 1 3580 3618 3619 AND
2 1 3579 3619 3703 AND
2 1 1 44 3688 AND
2 1 3688 23 3689 XOR
2 1 984 3594 3595 AND
2 1 3689 3595 3695 XOR
2 1 3 42 3690 AND
2 1 3695 3690 3696 XOR
2 1 728 1743 3672 AND
2 1 684 2359 3673 AND
2 1 608 1966 3674 AND
2 1 3673 3674 3675 AND
2 1 3672 3675 3676 AND
2 1 15 30 3677 AND
2 1 3676 3677 3678 AND
2 1 3672 3675 3679 AND
2 1 16 29 3680 AND
2 1 17 28 3681 AND
2 1 3680 3681 3682 AND
2 1 3679 3682 3683 AND
2 1 3678 3683 3684 AND
2 1 6 39 3658 AND
2 1 2967 3658 3659 AND
2 1 34 39 3660 AND
2 1 545 3660 3661 AND
2 1 12 39 3662 AND
2 1 2835 3662 3663 AND
2 1 383 3181 3664 AND
2 1 3663 3664 3665 AND
2 1 3661 3665 3667 AND
2 1 3659 3667 3668 AND
2 1 3661 3665 3666 AND
2 1 12 33 3669 AND
2 1 3666 3669 3670 AND
2 1 3668 3670 3671 AND
2 1 3684 3671 3686 XOR
2 1 3696 3686 3698 XOR
2 1 3607 3608 3609 AND
2 1 3610 3611 3612 AND
2 1 3609 3612 3655 AND
2 1 3335 3587 3588 AND
2 1 3584 3588 3589 AND
2 1 3495 3497 3498 AND
2 1 3496 3498 3499 AND
2 1 3589 3499 3652 XOR
2 1 3503 3506 3511 AND
2 1 3652 3511 3654 XOR
2 1 3655 3654 3657 XOR
2 1 3698 3657 3700 XOR
2 1 3606 3613 3614 AND
2 1 3614 3617 3649 AND
2 1 3534 3574 3575 AND
2 1 3492 3576 3577 AND
2 1 3575 3577 3648 AND
2 1 3649 3648 3650 XOR
2 1 3700 3650 3702 XOR
2 1 3703 3702 3705 XOR
2 1 3805 3705 3807 XOR
2 1 3811 3807 3812 XOR
2 1 3817 3812 3818 XOR
2 1 3812 3817 3977 AND
2 1 3807 3811 3975 AND
2 1 1 45 3957 AND
2 1 3957 1567 3959 XOR
2 1 44 1049 3687 AND
2 1 3959 3687 3961 XOR
2 1 3737 3739 3740 AND
2 1 3738 3740 3741 AND
2 1 3961 3741 3963 XOR
2 1 3749 3752 3754 AND
2 1 3754 3714 3953 XOR
2 1 3723 3726 3731 AND
2 1 3953 3731 3955 XOR
2 1 3963 3955 3964 XOR
2 1 3499 3589 3651 AND
2 1 3511 3652 3653 AND
2 1 3651 3653 3956 AND
2 1 3964 3956 3965 XOR
2 1 3654 3655 3656 AND
2 1 3657 3698 3699 AND
2 1 3656 3699 3951 AND
2 1 3965 3951 3967 XOR
2 1 3671 3684 3685 AND
2 1 3686 3696 3697 AND
2 1 3685 3697 3948 AND
2 1 3721 3734 3735 AND
2 1 3736 3743 3744 AND
2 1 3735 3744 3945 AND
2 1 3555 3771 3772 AND
2 1 3759 3773 3774 AND
2 1 3772 3774 3944 AND
2 1 3945 3944 3947 XOR
2 1 3948 3947 3950 XOR
2 1 3967 3950 3969 XOR
2 1 7 39 3930 AND
2 1 8 38 3931 AND
2 1 3930 3931 3932 AND
2 1 38 39 3933 AND
2 1 209 3933 3934 AND
2 1 3932 3934 3937 AND
2 1 3937 2668 3938 XOR
2 1 3595 3690 3691 AND
2 1 3690 3595 3692 XOR
2 1 3689 3692 3693 AND
2 1 3691 3693 3694 AND
2 1 3938 3694 3939 XOR
2 1 732 1743 3917 AND
2 1 730 2359 3918 AND
2 1 728 1966 3919 AND
2 1 3918 3919 3920 AND
2 1 3917 3920 3921 AND
2 1 16 30 3922 AND
2 1 3921 3922 3923 AND
2 1 3917 3920 3924 AND
2 1 17 29 3925 AND
2 1 18 28 3926 AND
2 1 3925 3926 3927 AND
2 1 3924 3927 3928 AND
2 1 3923 3928 3929 AND
2 1 3939 3929 3940 XOR
2 1 1077 1847 3902 AND
2 1 1075 1982 3903 AND
2 1 1073 1643 3904 AND
2 1 3903 3904 3905 AND
2 1 3902 3905 3906 AND
2 1 19 27 3907 AND
2 1 3906 3907 3908 AND
2 1 3902 3905 3909 AND
2 1 20 26 3910 AND
2 1 21 25 3911 AND
2 1 3910 3911 3912 AND
2 1 3909 3912 3913 AND
2 1 3908 3913 3914 AND
2 1 474 2920 3887 AND
2 1 35 37 3888 AND
2 1 755 3888 3889 AND
2 1 290 2805 3890 AND
2 1 3889 3890 3891 AND
2 1 3887 3891 3892 AND
2 1 9 37 3893 AND
2 1 3892 3893 3894 AND
2 1 3887 3891 3895 AND
2 1 11 35 3896 AND
2 1 3397 3896 3897 AND
2 1 3895 3897 3898 AND
2 1 3894 3898 3899 AND
2 1 42 43 3874 AND
2 1 73 3874 3875 AND
2 1 3 46 3876 AND
2 1 3356 3876 3877 AND
2 1 3875 3877 3878 AND
2 1 4 42 3873 AND
2 1 0 46 3872 AND
2 1 3873 3872 3882 XOR
2 1 3878 3882 3883 AND
2 1 3872 3873 3879 AND
2 1 3878 3879 3880 AND
2 1 3 43 3884 AND
2 1 3880 3884 3885 AND
2 1 3883 3885 3886 AND
2 1 3899 3886 3901 XOR
2 1 3914 3901 3916 XOR
2 1 3940 3916 3941 XOR
2 1 3796 3797 3798 AND
2 1 3795 3799 3800 AND
2 1 3798 3800 3871 AND
2 1 3941 3871 3943 XOR
2 1 3969 3943 3970 XOR
2 1 3650 3700 3701 AND
2 1 3648 3649 3869 AND
2 1 3701 3869 3870 AND
2 1 3970 3870 3971 XOR
2 1 3767 3679 3857 XOR
2 1 3857 3667 3859 XOR
2 1 3526 3542 3792 AND
2 1 3570 3793 3794 AND
2 1 3792 3794 3853 AND
2 1 493 2384 3838 AND
2 1 2602 3747 3839 AND
2 1 3838 3839 3840 AND
2 1 6 40 3841 AND
2 1 13 33 3842 AND
2 1 3841 3842 3843 AND
2 1 3840 3843 3844 AND
2 1 14 32 3845 AND
2 1 3844 3845 3846 AND
2 1 3842 3841 3848 XOR
2 1 3840 3848 3849 AND
2 1 3846 3849 3850 AND
2 1 5 41 3828 AND
2 1 15 31 3829 AND
2 1 3828 3829 3830 AND
2 1 31 41 3831 AND
2 1 783 3831 3832 AND
2 1 3830 3832 3836 AND
2 1 2 44 3833 AND
2 1 3836 3833 3837 XOR
2 1 3850 3837 3852 XOR
2 1 3853 3852 3855 XOR
2 1 3859 3855 3861 XOR
2 1 3784 3785 3786 AND
2 1 3787 3788 3789 AND
2 1 3786 3789 3860 AND
2 1 3861 3860 3862 XOR
2 1 3745 3775 3776 AND
2 1 3777 3778 3779 AND
2 1 3776 3779 3825 AND
2 1 3790 3801 3821 AND
2 1 3790 3801 3822 AND
2 1 3791 3822 3823 AND
2 1 3821 3823 3824 AND
2 1 3825 3824 3827 XOR
2 1 3862 3827 3864 XOR
2 1 3780 3781 3782 AND
2 1 3783 3803 3804 AND
2 1 3782 3804 3820 AND
2 1 3864 3820 3866 XOR
2 1 3702 3703 3704 AND
2 1 3705 3805 3806 AND
2 1 3704 3806 3819 AND
2 1 3866 3819 3868 XOR
2 1 3971 3868 3974 XOR
2 1 3975 3974 3976 XOR
2 1 3977 3976 3978 XOR
2 1 3868 3971 3973 AND
2 1 3807 3811 4171 AND
2 1 3817 4171 4172 AND
2 1 3868 3971 3972 AND
2 1 3972 3975 4173 AND
2 1 4172 4173 4174 AND
2 1 3973 4174 4175 AND
2 1 33 41 4138 AND
2 1 784 4138 4139 AND
2 1 41 42 4140 AND
2 1 168 4140 4141 AND
2 1 14 42 4142 AND
2 1 2605 4142 4143 AND
2 1 4141 4143 4144 AND
2 1 4139 4144 4145 AND
2 1 5 42 4146 AND
2 1 4145 4146 4147 AND
2 1 6 41 4148 AND
2 1 14 33 4149 AND
2 1 4148 4149 4150 AND
2 1 4139 4144 4151 AND
2 1 4150 4151 4152 AND
2 1 4147 4152 4153 AND
2 1 22 25 4128 AND
2 1 1218 4128 4129 AND
2 1 1403 1413 4130 AND
2 1 4129 4130 4134 AND
2 1 10 37 4131 AND
2 1 4134 4131 4135 XOR
2 1 755 2689 4114 AND
2 1 250 3933 4115 AND
2 1 11 39 4116 AND
2 1 3548 4116 4117 AND
2 1 4115 4117 4118 AND
2 1 4114 4118 4120 AND
2 1 9 38 4121 AND
2 1 11 36 4122 AND
2 1 4121 4122 4123 AND
2 1 4120 4123 4124 AND
2 1 4114 4118 4119 AND
2 1 8 39 4125 AND
2 1 4119 4125 4126 AND
2 1 4124 4126 4127 AND
2 1 4135 4127 4137 XOR
2 1 4153 4137 4155 XOR
2 1 32 43 4097 AND
2 1 693 4097 4098 AND
2 1 43 44 4099 AND
2 1 73 4099 4100 AND
2 1 15 44 4101 AND
2 1 2257 4101 4102 AND
2 1 4100 4102 4103 AND
2 1 4098 4103 4104 AND
2 1 3 44 4105 AND
2 1 4104 4105 4106 AND
2 1 4098 4103 4107 AND
2 1 15 32 4108 AND
2 1 3353 4108 4109 AND
2 1 4107 4109 4110 AND
2 1 4106 4110 4111 AND
2 1 3840 3843 3847 AND
2 1 3924 3847 4096 XOR
2 1 4111 4096 4113 XOR
2 1 4155 4113 4156 XOR
2 1 1077 1643 4081 AND
2 1 1075 2117 4082 AND
2 1 1073 1740 4083 AND
2 1 4082 4083 4084 AND
2 1 4081 4084 4085 AND
2 1 19 28 4086 AND
2 1 4085 4086 4087 AND
2 1 4081 4084 4088 AND
2 1 20 27 4089 AND
2 1 1544 4089 4090 AND
2 1 4088 4090 4091 AND
2 1 4087 4091 4092 AND
2 1 732 1966 4066 AND
2 1 730 2632 4067 AND
2 1 728 2166 4068 AND
2 1 4067 4068 4069 AND
2 1 4066 4069 4070 AND
2 1 16 31 4071 AND
2 1 4070 4071 4072 AND
2 1 4066 4069 4073 AND
2 1 17 30 4074 AND
2 1 18 29 4075 AND
2 1 4074 4075 4076 AND
2 1 4073 4076 4077 AND
2 1 4072 4077 4078 AND
2 1 0 47 4057 AND
2 1 2 45 4058 AND
2 1 4057 4058 4059 AND
2 1 45 47 4060 AND
2 1 67 4060 4061 AND
2 1 4059 4061 4064 AND
2 1 1567 3957 3958 AND
2 1 4064 3958 4065 XOR
2 1 4078 4065 4080 XOR
2 1 4092 4080 4094 XOR
2 1 4156 4094 4158 XOR
2 1 1 46 4049 AND
2 1 4049 24 4050 XOR
2 1 4050 3895 4052 XOR
2 1 2668 3932 3935 AND
2 1 3934 3935 3936 AND
2 1 4052 3936 4054 XOR
2 1 3714 3754 3952 AND
2 1 3731 3953 3954 AND
2 1 3952 3954 4044 AND
2 1 3694 3938 4040 AND
2 1 3694 3938 4041 AND
2 1 3929 4041 4042 AND
2 1 4040 4042 4043 AND
2 1 4044 4043 4046 XOR
2 1 4054 4046 4056 XOR
2 1 4158 4056 4160 XOR
2 1 3944 3945 3946 AND
2 1 3947 3948 3949 AND
2 1 3946 3949 4037 AND
2 1 3955 3963 4031 AND
2 1 3955 3963 4032 AND
2 1 3956 4032 4033 AND
2 1 4031 4033 4034 AND
2 1 3679 3767 3856 AND
2 1 3667 3857 3858 AND
2 1 3856 3858 4028 AND
2 1 12 40 4011 AND
2 1 3167 4011 4012 AND
2 1 496 2522 4013 AND
2 1 34 40 4014 AND
2 1 767 4014 4015 AND
2 1 4013 4015 4016 AND
2 1 4012 4016 4017 AND
2 1 13 34 4018 AND
2 1 4017 4018 4019 AND
2 1 4012 4016 4020 AND
2 1 7 40 4021 AND
2 1 12 35 4022 AND
2 1 4021 4022 4023 AND
2 1 4020 4023 4024 AND
2 1 4019 4024 4025 AND
2 1 3687 3959 3960 AND
2 1 3741 3961 3962 AND
2 1 3960 3962 4010 AND
2 1 4025 4010 4027 XOR
2 1 4028 4027 4030 XOR
2 1 4034 4030 4036 XOR
2 1 4037 4036 4039 XOR
2 1 4160 4039 4162 XOR
2 1 3855 3859 3996 AND
2 1 3855 3859 3997 AND
2 1 3860 3997 3998 AND
2 1 3996 3998 3999 AND
2 1 3871 3941 3942 AND
2 1 3916 3940 3994 AND
2 1 3942 3994 3995 AND
2 1 3999 3995 4001 XOR
2 1 3837 3850 3851 AND
2 1 3852 3853 3854 AND
2 1 3851 3854 3991 AND
2 1 3886 3899 3900 AND
2 1 3901 3914 3915 AND
2 1 3900 3915 3988 AND
2 1 3830 3833 3834 AND
2 1 3832 3834 3835 AND
2 1 3909 3835 3985 XOR
2 1 3878 3879 3881 AND
2 1 3985 3881 3987 XOR
2 1 3988 3987 3990 XOR
2 1 3991 3990 3993 XOR
2 1 4001 3993 4003 XOR
2 1 3951 3965 3966 AND
2 1 3950 3967 3968 AND
2 1 3966 3968 3981 AND
2 1 3824 3825 3826 AND
2 1 3827 3862 3863 AND
2 1 3826 3863 3980 AND
2 1 3981 3980 3983 XOR
2 1 4003 3983 4005 XOR
2 1 4162 4005 4166 XOR
2 1 3943 3969 4006 AND
2 1 3943 3969 4007 AND
2 1 3870 4007 4008 AND
2 1 4006 4008 4009 AND
2 1 4166 4009 4167 XOR
2 1 3820 3864 3865 AND
2 1 3819 3866 3867 AND
2 1 3865 3867 3979 AND
2 1 4167 3979 4170 XOR
2 1 4175 4170 4176 XOR
2 1 3895 4050 4051 AND
2 1 3936 4052 4053 AND
2 1 4051 4053 4329 AND
2 1 4107 4073 4326 XOR
2 1 3958 4059 4062 AND
2 1 4061 4062 4063 AND
2 1 4326 4063 4328 XOR
2 1 4329 4328 4331 XOR
2 1 4065 4078 4079 AND
2 1 4080 4092 4093 AND
2 1 4079 4093 4330 AND
2 1 4331 4330 4332 XOR
2 1 32 46 4304 AND
2 1 618 4304 4305 AND
2 1 45 46 4306 AND
2 1 81 4306 4307 AND
2 1 4305 4307 4308 AND
2 1 3 45 4309 AND
2 1 16 32 4310 AND
2 1 4309 4310 4311 AND
2 1 4308 4311 4312 AND
2 1 2 46 4313 AND
2 1 4312 4313 4314 AND
2 1 4310 4309 4316 XOR
2 1 4308 4316 4317 AND
2 1 4314 4317 4318 AND
2 1 4129 4131 4132 AND
2 1 4130 4132 4133 AND
2 1 4133 4020 4303 XOR
2 1 4318 4303 4320 XOR
2 1 4120 4088 4298 XOR
2 1 4298 4151 4300 XOR
2 1 4320 4300 4321 XOR
2 1 4127 4135 4136 AND
2 1 4137 4153 4154 AND
2 1 4136 4154 4301 AND
2 1 4321 4301 4322 XOR
2 1 4332 4322 4333 XOR
2 1 4094 4156 4157 AND
2 1 4113 4155 4323 AND
2 1 4157 4323 4324 AND
2 1 4333 4324 4334 XOR
2 1 3847 3924 4095 AND
2 1 4096 4111 4112 AND
2 1 4095 4112 4292 AND
2 1 3835 3909 3984 AND
2 1 3881 3985 3986 AND
2 1 3984 3986 4289 AND
2 1 1 47 4284 AND
2 1 4284 1128 4286 XOR
2 1 0 48 4281 AND
2 1 24 46 4047 AND
2 1 1 4047 4048 AND
2 1 4281 4048 4283 XOR
2 1 4286 4283 4288 XOR
2 1 4289 4288 4291 XOR
2 1 4292 4291 4294 XOR
2 1 4043 4044 4045 AND
2 1 4046 4054 4055 AND
2 1 4045 4055 4280 AND
2 1 4294 4280 4295 XOR
2 1 3987 3988 3989 AND
2 1 3990 3991 3992 AND
2 1 3989 3992 4279 AND
2 1 4295 4279 4296 XOR
2 1 4334 4296 4335 XOR
2 1 4056 4158 4159 AND
2 1 4039 4160 4161 AND
2 1 4159 4161 4278 AND
2 1 4335 4278 4336 XOR
2 1 808 1966 4257 AND
2 1 2379 2632 4258 AND
2 1 732 2166 4259 AND
2 1 4258 4259 4260 AND
2 1 4257 4260 4261 AND
2 1 17 31 4262 AND
2 1 4261 4262 4263 AND
2 1 4257 4260 4264 AND
2 1 18 30 4265 AND
2 1 19 29 4266 AND
2 1 4265 4266 4267 AND
2 1 4264 4267 4268 AND
2 1 4263 4268 4269 AND
2 1 1151 1643 4242 AND
2 1 1244 2117 4243 AND
2 1 1077 1740 4244 AND
2 1 4243 4244 4245 AND
2 1 4242 4245 4246 AND
2 1 20 28 4247 AND
2 1 4246 4247 4248 AND
2 1 21 27 4249 AND
2 1 22 26 4250 AND
2 1 4249 4250 4251 AND
2 1 4242 4245 4252 AND
2 1 4251 4252 4253 AND
2 1 4248 4253 4254 AND
2 1 33 43 4227 AND
2 1 783 4227 4228 AND
2 1 33 44 4229 AND
2 1 693 4229 4230 AND
2 1 87 4099 4231 AND
2 1 4230 4231 4232 AND
2 1 4228 4232 4234 AND
2 1 5 43 4235 AND
2 1 15 33 4236 AND
2 1 4235 4236 4237 AND
2 1 4234 4237 4238 AND
2 1 4228 4232 4233 AND
2 1 4 44 4239 AND
2 1 4233 4239 4240 AND
2 1 4238 4240 4241 AND
2 1 4254 4241 4256 XOR
2 1 4269 4256 4271 XOR
2 1 474 3522 4212 AND
2 1 37 39 4213 AND
2 1 755 4213 4214 AND
2 1 290 3933 4215 AND
2 1 4214 4215 4216 AND
2 1 4212 4216 4217 AND
2 1 9 39 4211 AND
2 1 10 38 4219 AND
2 1 3518 4219 4220 AND
2 1 4212 4220 4221 AND
2 1 4211 4221 4222 AND
2 1 4217 4222 4223 AND
2 1 3548 4011 4197 AND
2 1 40 41 4198 AND
2 1 209 4198 4199 AND
2 1 7 41 4196 AND
2 1 2922 4196 4200 AND
2 1 4199 4200 4201 AND
2 1 4197 4201 4202 AND
2 1 8 40 4203 AND
2 1 2922 4203 4204 AND
2 1 4197 4204 4206 AND
2 1 4196 4206 4207 AND
2 1 4202 4207 4208 AND
2 1 493 2522 4183 AND
2 1 2963 4142 4184 AND
2 1 4183 4184 4185 AND
2 1 13 35 4187 AND
2 1 6 42 4186 AND
2 1 4187 4186 4191 XOR
2 1 4185 4191 4192 AND
2 1 4186 4187 4188 AND
2 1 4185 4188 4189 AND
2 1 14 34 4193 AND
2 1 4189 4193 4194 AND
2 1 4192 4194 4195 AND
2 1 4208 4195 4210 XOR
2 1 4223 4210 4225 XOR
2 1 4271 4225 4272 XOR
2 1 4010 4025 4026 AND
2 1 4027 4028 4029 AND
2 1 4026 4029 4226 AND
2 1 4272 4226 4273 XOR
2 1 4030 4034 4035 AND
2 1 4036 4037 4038 AND
2 1 4035 4038 4182 AND
2 1 4273 4182 4275 XOR
2 1 3995 3999 4000 AND
2 1 3993 4001 4002 AND
2 1 4000 4002 4181 AND
2 1 4275 4181 4277 XOR
2 1 4336 4277 4337 XOR
2 1 3980 3981 3982 AND
2 1 3983 4003 4004 AND
2 1 3982 4004 4180 AND
2 1 4337 4180 4338 XOR
2 1 4009 4162 4163 AND
2 1 4162 4009 4164 XOR
2 1 4005 4164 4165 AND
2 1 4163 4165 4179 AND
2 1 4338 4179 4344 XOR
2 1 3979 4167 4168 AND
2 1 3979 4167 4169 AND
2 1 4169 4175 4177 AND
2 1 4168 4177 4178 AND
2 1 4344 4178 4345 XOR
2 1 4179 4338 4340 AND
2 1 4168 4175 4341 AND
2 1 4179 4338 4339 AND
2 1 4169 4339 4342 AND
2 1 4341 4342 4343 AND
2 1 4340 4343 4532 AND
2 1 4277 4336 4525 AND
2 1 4277 4336 4526 AND
2 1 4180 4526 4527 AND
2 1 4525 4527 4528 AND
2 1 1 48 4511 AND
2 1 4511 25 4512 XOR
2 1 1128 4284 4285 AND
2 1 4512 4285 4514 XOR
2 1 4212 4216 4218 AND
2 1 4514 4218 4516 XOR
2 1 4308 4311 4315 AND
2 1 4315 4234 4506 XOR
2 1 4506 4252 4508 XOR
2 1 4516 4508 4517 XOR
2 1 4195 4208 4209 AND
2 1 4210 4223 4224 AND
2 1 4209 4224 4509 AND
2 1 4517 4509 4518 XOR
2 1 4225 4271 4499 AND
2 1 4225 4271 4500 AND
2 1 4226 4500 4501 AND
2 1 4499 4501 4502 AND
2 1 4288 4289 4290 AND
2 1 4291 4292 4293 AND
2 1 4290 4293 4496 AND
2 1 4241 4254 4255 AND
2 1 4256 4269 4270 AND
2 1 4255 4270 4493 AND
2 1 4185 4188 4190 AND
2 1 4264 4190 4490 XOR
2 1 4197 4201 4205 AND
2 1 4490 4205 4492 XOR
2 1 4493 4492 4495 XOR
2 1 4496 4495 4498 XOR
2 1 4502 4498 4504 XOR
2 1 4518 4504 4520 XOR
2 1 4328 4329 4481 AND
2 1 4328 4329 4482 AND
2 1 4330 4482 4483 AND
2 1 4481 4483 4484 AND
2 1 4300 4320 4477 AND
2 1 4300 4320 4478 AND
2 1 4301 4478 4479 AND
2 1 4477 4479 4480 AND
2 1 4484 4480 4486 XOR
2 1 4073 4107 4325 AND
2 1 4063 4326 4327 AND
2 1 4325 4327 4474 AND
2 1 4088 4120 4297 AND
2 1 4151 4298 4299 AND
2 1 4297 4299 4472 AND
2 1 4474 4472 4475 XOR
2 1 4020 4133 4302 AND
2 1 4303 4318 4319 AND
2 1 4302 4319 4473 AND
2 1 4475 4473 4476 XOR
2 1 4486 4476 4488 XOR
2 1 4520 4488 4521 XOR
2 1 4182 4273 4274 AND
2 1 4181 4275 4276 AND
2 1 4274 4276 4471 AND
2 1 4521 4471 4522 XOR
2 1 732 2906 4447 AND
2 1 730 1950 4448 AND
2 1 728 2384 4449 AND
2 1 4448 4449 4450 AND
2 1 4447 4450 4451 AND
2 1 16 33 4452 AND
2 1 4451 4452 4453 AND
2 1 4447 4450 4454 AND
2 1 17 32 4455 AND
2 1 18 31 4456 AND
2 1 4455 4456 4457 AND
2 1 4454 4457 4458 AND
2 1 4453 4458 4459 AND
2 1 4048 4281 4282 AND
2 1 4283 4286 4287 AND
2 1 4282 4287 4446 AND
2 1 4459 4446 4460 XOR
2 1 44 85 4431 AND
2 1 45 75 4432 AND
2 1 4431 4432 4433 AND
2 1 44 45 4434 AND
2 1 87 4434 4435 AND
2 1 49 4435 4436 AND
2 1 4433 4436 4437 AND
2 1 0 49 4438 AND
2 1 4437 4438 4439 AND
2 1 4435 4437 4440 AND
2 1 4 45 4441 AND
2 1 5 44 4442 AND
2 1 4441 4442 4443 AND
2 1 4440 4443 4444 AND
2 1 4439 4444 4445 AND
2 1 4460 4445 4461 XOR
2 1 286 4213 4416 AND
2 1 290 3200 4417 AND
2 1 37 40 4418 AND
2 1 839 4418 4419 AND
2 1 4417 4419 4420 AND
2 1 4416 4420 4421 AND
2 1 9 40 4422 AND
2 1 4421 4422 4423 AND
2 1 4416 4420 4424 AND
2 1 10 39 4425 AND
2 1 3450 4425 4426 AND
2 1 4424 4426 4427 AND
2 1 4423 4427 4428 AND
2 1 1077 1743 4401 AND
2 1 1075 2359 4402 AND
2 1 1073 1966 4403 AND
2 1 4402 4403 4404 AND
2 1 4401 4404 4405 AND
2 1 19 30 4406 AND
2 1 4405 4406 4407 AND
2 1 4401 4404 4408 AND
2 1 20 29 4409 AND
2 1 21 28 4410 AND
2 1 4409 4410 4411 AND
2 1 4408 4411 4412 AND
2 1 4407 4412 4413 AND
2 1 2 47 4392 AND
2 1 3876 4392 4393 AND
2 1 46 47 4394 AND
2 1 81 4394 4395 AND
2 1 4393 4395 4399 AND
2 1 22 27 4396 AND
2 1 4399 4396 4400 XOR
2 1 4413 4400 4415 XOR
2 1 4428 4415 4430 XOR
2 1 4461 4430 4462 XOR
2 1 35 43 4375 AND
2 1 784 4375 4376 AND
2 1 15 43 4377 AND
2 1 2963 4377 4378 AND
2 1 612 2522 4379 AND
2 1 4378 4379 4380 AND
2 1 4376 4380 4381 AND
2 1 15 34 4382 AND
2 1 4381 4382 4383 AND
2 1 6 43 4384 AND
2 1 14 35 4385 AND
2 1 4384 4385 4386 AND
2 1 4376 4380 4387 AND
2 1 4386 4387 4388 AND
2 1 4383 4388 4389 AND
2 1 11 38 4369 AND
2 1 1717 1403 4368 XOR
2 1 4369 4368 4372 XOR
2 1 7 42 4358 AND
2 1 8 41 4359 AND
2 1 4358 4359 4360 AND
2 1 209 4140 4361 AND
2 1 4360 4361 4365 AND
2 1 13 36 4362 AND
2 1 4365 4362 4366 XOR
2 1 4372 4366 4374 XOR
2 1 4389 4374 4391 XOR
2 1 4462 4391 4464 XOR
2 1 4280 4294 4354 AND
2 1 4280 4294 4355 AND
2 1 4279 4355 4356 AND
2 1 4354 4356 4357 AND
2 1 4464 4357 4466 XOR
2 1 4322 4332 4350 AND
2 1 4322 4332 4351 AND
2 1 4324 4351 4352 AND
2 1 4350 4352 4353 AND
2 1 4466 4353 4468 XOR
2 1 4296 4334 4346 AND
2 1 4296 4334 4347 AND
2 1 4278 4347 4348 AND
2 1 4346 4348 4349 AND
2 1 4468 4349 4470 XOR
2 1 4522 4470 4524 XOR
2 1 4528 4524 4531 XOR
2 1 4532 4531 4533 XOR
2 1 4391 4462 4463 AND
2 1 4430 4461 4719 AND
2 1 4463 4719 4720 AND
2 1 4472 4474 4713 AND
2 1 4472 4474 4714 AND
2 1 4473 4714 4715 AND
2 1 4713 4715 4716 AND
2 1 4366 4372 4373 AND
2 1 4374 4389 4390 AND
2 1 4373 4390 4710 AND
2 1 4454 4408 4707 XOR
2 1 4360 4362 4363 AND
2 1 4361 4363 4364 AND
2 1 4707 4364 4709 XOR
2 1 4710 4709 4712 XOR
2 1 4716 4712 4718 XOR
2 1 4720 4718 4722 XOR
2 1 1 49 4697 AND
2 1 4697 1715 4699 XOR
2 1 1403 1717 4367 AND
2 1 4368 4369 4370 AND
2 1 4367 4370 4371 AND
2 1 4699 4371 4701 XOR
2 1 4701 4424 4703 XOR
2 1 4446 4459 4691 AND
2 1 4446 4459 4692 AND
2 1 4445 4692 4693 AND
2 1 4691 4693 4694 AND
2 1 4400 4413 4414 AND
2 1 4415 4428 4429 AND
2 1 4414 4429 4690 AND
2 1 4694 4690 4696 XOR
2 1 4703 4696 4705 XOR
2 1 4722 4705 4724 XOR
2 1 4393 4396 4397 AND
2 1 4395 4397 4398 AND
2 1 4440 4398 4683 XOR
2 1 4683 4387 4685 XOR
2 1 4234 4315 4505 AND
2 1 4252 4506 4507 AND
2 1 4505 4507 4679 AND
2 1 4190 4264 4489 AND
2 1 4205 4490 4491 AND
2 1 4489 4491 4678 AND
2 1 4679 4678 4681 XOR
2 1 4685 4681 4687 XOR
2 1 4508 4516 4674 AND
2 1 4508 4516 4675 AND
2 1 4509 4675 4676 AND
2 1 4674 4676 4677 AND
2 1 4687 4677 4688 XOR
2 1 4492 4493 4494 AND
2 1 4495 4496 4497 AND
2 1 4494 4497 4673 AND
2 1 4688 4673 4689 XOR
2 1 4724 4689 4725 XOR
2 1 4357 4464 4465 AND
2 1 4353 4466 4467 AND
2 1 4465 4467 4672 AND
2 1 4725 4672 4726 XOR
2 1 4480 4484 4485 AND
2 1 4476 4486 4487 AND
2 1 4485 4487 4542 AND
2 1 4498 4502 4503 AND
2 1 4504 4518 4519 AND
2 1 4503 4519 4541 AND
2 1 4542 4541 4668 XOR
2 1 474 3200 4648 AND
2 1 286 2899 4649 AND
2 1 383 3933 4650 AND
2 1 4649 4650 4651 AND
2 1 4648 4651 4652 AND
2 1 12 38 4653 AND
2 1 4652 4653 4654 AND
2 1 4648 4651 4655 AND
2 1 10 40 4656 AND
2 1 4116 4656 4657 AND
2 1 4655 4657 4658 AND
2 1 4654 4658 4659 AND
2 1 37 41 4632 AND
2 1 324 4632 4633 AND
2 1 250 4140 4634 AND
2 1 13 42 4635 AND
2 1 3728 4635 4636 AND
2 1 4634 4636 4637 AND
2 1 4633 4637 4638 AND
2 1 8 42 4639 AND
2 1 4638 4639 4640 AND
2 1 4633 4637 4641 AND
2 1 9 41 4642 AND
2 1 2807 4642 4643 AND
2 1 4641 4643 4644 AND
2 1 4640 4644 4645 AND
2 1 171 4099 4618 AND
2 1 36 44 4619 AND
2 1 784 4619 4620 AND
2 1 4618 4620 4621 AND
2 1 14 36 4623 AND
2 1 7 43 4622 AND
2 1 4623 4622 4627 XOR
2 1 4621 4627 4628 AND
2 1 4622 4623 4624 AND
2 1 4621 4624 4625 AND
2 1 6 44 4629 AND
2 1 4625 4629 4630 AND
2 1 4628 4630 4631 AND
2 1 4645 4631 4647 XOR
2 1 4659 4647 4661 XOR
2 1 1077 1966 4603 AND
2 1 1075 2632 4604 AND
2 1 1073 2166 4605 AND
2 1 4604 4605 4606 AND
2 1 4603 4606 4607 AND
2 1 19 31 4608 AND
2 1 4607 4608 4609 AND
2 1 4603 4606 4610 AND
2 1 20 30 4611 AND
2 1 21 29 4612 AND
2 1 4611 4612 4613 AND
2 1 4610 4613 4614 AND
2 1 4609 4614 4615 AND
2 1 33 46 4586 AND
2 1 838 4586 4587 AND
2 1 73 4394 4588 AND
2 1 17 47 4589 AND
2 1 2387 4589 4590 AND
2 1 4588 4590 4591 AND
2 1 4587 4591 4592 AND
2 1 3 47 4593 AND
2 1 4592 4593 4594 AND
2 1 4587 4591 4595 AND
2 1 4 46 4596 AND
2 1 17 33 4597 AND
2 1 4596 4597 4598 AND
2 1 4595 4598 4599 AND
2 1 4594 4599 4600 AND
2 1 0 50 4577 AND
2 1 2 48 4578 AND
2 1 4577 4578 4579 AND
2 1 48 50 4580 AND
2 1 67 4580 4581 AND
2 1 4579 4581 4584 AND
2 1 48 1284 4510 AND
2 1 4584 4510 4585 XOR
2 1 4600 4585 4602 XOR
2 1 4615 4602 4617 XOR
2 1 4661 4617 4662 XOR
2 1 4285 4512 4513 AND
2 1 4218 4514 4515 AND
2 1 4513 4515 4574 AND
2 1 28 32 4558 AND
2 1 1055 4558 4559 AND
2 1 1413 1740 4560 AND
2 1 4559 4560 4561 AND
2 1 18 32 4562 AND
2 1 23 27 4563 AND
2 1 4562 4563 4564 AND
2 1 4561 4564 4565 AND
2 1 22 28 4566 AND
2 1 4565 4566 4567 AND
2 1 4563 4562 4569 XOR
2 1 4561 4569 4570 AND
2 1 4567 4570 4571 AND
2 1 35 45 4543 AND
2 1 783 4543 4544 AND
2 1 16 45 4545 AND
2 1 2788 4545 4546 AND
2 1 608 2522 4547 AND
2 1 4546 4547 4548 AND
2 1 4544 4548 4550 AND
2 1 5 45 4551 AND
2 1 15 35 4552 AND
2 1 4551 4552 4553 AND
2 1 4550 4553 4554 AND
2 1 4544 4548 4549 AND
2 1 16 34 4555 AND
2 1 4549 4555 4556 AND
2 1 4554 4556 4557 AND
2 1 4571 4557 4573 XOR
2 1 4574 4573 4576 XOR
2 1 4662 4576 4664 XOR
2 1 4668 4664 4669 XOR
2 1 4488 4520 4537 AND
2 1 4488 4520 4538 AND
2 1 4471 4538 4539 AND
2 1 4537 4539 4540 AND
2 1 4669 4540 4671 XOR
2 1 4726 4671 4728 XOR
2 1 4349 4468 4469 AND
2 1 4470 4522 4523 AND
2 1 4469 4523 4536 AND
2 1 4728 4536 4734 XOR
2 1 4524 4528 4530 AND
2 1 4524 4528 4529 AND
2 1 4529 4532 4534 AND
2 1 4530 4534 4535 AND
2 1 4734 4535 4735 XOR
2 1 4610 4595 4909 XOR
2 1 4510 4579 4582 AND
2 1 4581 4582 4583 AND
2 1 4909 4583 4911 XOR
2 1 4621 4624 4626 AND
2 1 4641 4626 4904 XOR
2 1 4561 4564 4568 AND
2 1 4904 4568 4906 XOR
2 1 4911 4906 4912 XOR
2 1 4631 4645 4646 AND
2 1 4647 4659 4660 AND
2 1 4646 4660 4907 AND
2 1 4912 4907 4913 XOR
2 1 4678 4679 4680 AND
2 1 4681 4685 4686 AND
2 1 4680 4686 4898 AND
2 1 4557 4571 4572 AND
2 1 4573 4574 4575 AND
2 1 4572 4575 4895 AND
2 1 47 48 4877 AND
2 1 73 4877 4878 AND
2 1 47 49 4879 AND
2 1 106 4879 4880 AND
2 1 48 49 4881 AND
2 1 81 4881 4882 AND
2 1 4880 4882 4883 AND
2 1 4878 4883 4884 AND
2 1 2 49 4885 AND
2 1 4884 4885 4886 AND
2 1 4878 4883 4887 AND
2 1 3 48 4888 AND
2 1 4 47 4889 AND
2 1 4888 4889 4890 AND
2 1 4887 4890 4891 AND
2 1 4886 4891 4892 AND
2 1 4655 4550 4876 XOR
2 1 4892 4876 4894 XOR
2 1 4895 4894 4897 XOR
2 1 4898 4897 4900 XOR
2 1 4576 4662 4663 AND
2 1 4617 4661 4873 AND
2 1 4663 4873 4874 AND
2 1 4900 4874 4902 XOR
2 1 4913 4902 4915 XOR
2 1 4585 4600 4601 AND
2 1 4602 4615 4616 AND
2 1 4601 4616 4868 AND
2 1 4371 4699 4700 AND
2 1 4424 4701 4702 AND
2 1 4700 4702 4865 AND
2 1 4398 4440 4682 AND
2 1 4387 4683 4684 AND
2 1 4682 4684 4864 AND
2 1 4865 4864 4867 XOR
2 1 4868 4867 4870 XOR
2 1 4690 4694 4695 AND
2 1 4696 4703 4704 AND
2 1 4695 4704 4861 AND
2 1 4709 4710 4711 AND
2 1 4712 4716 4717 AND
2 1 4711 4717 4860 AND
2 1 4861 4860 4863 XOR
2 1 4870 4863 4872 XOR
2 1 4915 4872 4916 XOR
2 1 4542 4664 4665 AND
2 1 4664 4542 4666 XOR
2 1 4541 4666 4667 AND
2 1 4665 4667 4859 AND
2 1 4916 4859 4917 XOR
2 1 24 27 4842 AND
2 1 1847 4842 4843 AND
2 1 1403 1643 4844 AND
2 1 4843 4844 4848 AND
2 1 11 40 4845 AND
2 1 4848 4845 4849 XOR
2 1 286 3052 4829 AND
2 1 9 42 4828 AND
2 1 3662 4828 4830 AND
2 1 290 4140 4831 AND
2 1 4830 4831 4832 AND
2 1 4829 4832 4833 AND
2 1 10 41 4835 AND
2 1 3662 4835 4836 AND
2 1 4829 4836 4837 AND
2 1 4828 4837 4838 AND
2 1 4833 4838 4839 AND
2 1 13 43 4813 AND
2 1 3931 4813 4814 AND
2 1 209 4099 4815 AND
2 1 13 44 4816 AND
2 1 3722 4816 4817 AND
2 1 4815 4817 4818 AND
2 1 4814 4818 4820 AND
2 1 8 43 4821 AND
2 1 13 38 4822 AND
2 1 4821 4822 4823 AND
2 1 4820 4823 4824 AND
2 1 4814 4818 4819 AND
2 1 7 44 4825 AND
2 1 4819 4825 4826 AND
2 1 4824 4826 4827 AND
2 1 4839 4827 4841 XOR
2 1 4849 4841 4851 XOR
2 1 15 36 4800 AND
2 1 37 45 4797 AND
2 1 784 4797 4798 AND
2 1 6 45 4799 AND
2 1 4799 4800 4801 AND
2 1 612 2805 4802 AND
2 1 4801 4802 4803 AND
2 1 4798 4803 4804 AND
2 1 4800 4804 4805 AND
2 1 14 37 4806 AND
2 1 4799 4806 4807 AND
2 1 4798 4803 4808 AND
2 1 4807 4808 4809 AND
2 1 4805 4809 4810 AND
2 1 1413 1743 4782 AND
2 1 984 2359 4783 AND
2 1 1151 1966 4784 AND
2 1 4783 4784 4785 AND
2 1 4782 4785 4786 AND
2 1 21 30 4787 AND
2 1 4786 4787 4788 AND
2 1 22 29 4789 AND
2 1 23 28 4790 AND
2 1 4789 4790 4791 AND
2 1 4782 4785 4792 AND
2 1 4791 4792 4793 AND
2 1 4788 4793 4794 AND
2 1 962 4586 4769 AND
2 1 730 2251 4770 AND
2 1 4769 4770 4771 AND
2 1 16 35 4773 AND
2 1 5 46 4772 AND
2 1 4773 4772 4777 XOR
2 1 4771 4777 4778 AND
2 1 4772 4773 4774 AND
2 1 4771 4774 4775 AND
2 1 18 33 4779 AND
2 1 4775 4779 4780 AND
2 1 4778 4780 4781 AND
2 1 4794 4781 4796 XOR
2 1 4810 4796 4812 XOR
2 1 4851 4812 4852 XOR
2 1 4408 4454 4706 AND
2 1 4364 4707 4708 AND
2 1 4706 4708 4766 AND
2 1 1073 2906 4755 AND
2 1 20 31 4756 AND
2 1 19 32 4757 AND
2 1 4756 4757 4758 AND
2 1 4755 4758 4762 AND
2 1 17 34 4759 AND
2 1 4762 4759 4763 XOR
2 1 1 50 4750 AND
2 1 4750 26 4752 XOR
2 1 0 51 4747 AND
2 1 1715 4697 4698 AND
2 1 4747 4698 4749 XOR
2 1 4752 4749 4754 XOR
2 1 4763 4754 4765 XOR
2 1 4766 4765 4768 XOR
2 1 4852 4768 4854 XOR
2 1 4677 4687 4743 AND
2 1 4677 4687 4744 AND
2 1 4673 4744 4745 AND
2 1 4743 4745 4746 AND
2 1 4854 4746 4856 XOR
2 1 4718 4720 4721 AND
2 1 4705 4722 4723 AND
2 1 4721 4723 4742 AND
2 1 4856 4742 4858 XOR
2 1 4917 4858 4918 XOR
2 1 4689 4724 4738 AND
2 1 4689 4724 4739 AND
2 1 4672 4739 4740 AND
2 1 4738 4740 4741 AND
2 1 4918 4741 4919 XOR
2 1 4540 4669 4670 AND
2 1 4671 4726 4727 AND
2 1 4670 4727 4737 AND
2 1 4919 4737 4922 XOR
2 1 4536 4728 4730 AND
2 1 4530 4532 4731 AND
2 1 4536 4728 4729 AND
2 1 4529 4729 4732 AND
2 1 4731 4732 4733 AND
2 1 4730 4733 4736 AND
2 1 4922 4736 4923 XOR
2 1 4211 4813 5082 AND
2 1 9 43 5083 AND
2 1 3228 5083 5084 AND
2 1 493 3933 5085 AND
2 1 5084 5085 5086 AND
2 1 5082 5086 5087 AND
2 1 13 39 5089 AND
2 1 5083 5089 5090 AND
2 1 5082 5090 5091 AND
2 1 3228 5091 5092 AND
2 1 5087 5092 5093 AND
2 1 1218 1743 5067 AND
2 1 1567 2359 5068 AND
2 1 1413 1966 5069 AND
2 1 5068 5069 5070 AND
2 1 5067 5070 5071 AND
2 1 22 30 5072 AND
2 1 5071 5072 5073 AND
2 1 23 29 5074 AND
2 1 24 28 5075 AND
2 1 5074 5075 5076 AND
2 1 5067 5070 5077 AND
2 1 5076 5077 5078 AND
2 1 5073 5078 5079 AND
2 1 1077 2906 5053 AND
2 1 31 34 5054 AND
2 1 2777 5054 5055 AND
2 1 953 3140 5056 AND
2 1 5055 5056 5057 AND
2 1 5053 5057 5059 AND
2 1 20 32 5060 AND
2 1 21 31 5061 AND
2 1 5060 5061 5062 AND
2 1 5059 5062 5063 AND
2 1 5053 5057 5058 AND
2 1 18 34 5064 AND
2 1 5058 5064 5065 AND
2 1 5063 5065 5066 AND
2 1 5079 5066 5081 XOR
2 1 5093 5081 5095 XOR
2 1 7 45 5042 AND
2 1 8 44 5043 AND
2 1 5042 5043 5044 AND
2 1 209 4434 5045 AND
2 1 5044 5045 5049 AND
2 1 15 37 5046 AND
2 1 5049 5046 5050 XOR
2 1 383 4198 5028 AND
2 1 40 42 5029 AND
2 1 286 5029 5030 AND
2 1 474 4140 5031 AND
2 1 5030 5031 5032 AND
2 1 5028 5032 5033 AND
2 1 10 42 5027 AND
2 1 11 41 5035 AND
2 1 4011 5035 5036 AND
2 1 5028 5036 5037 AND
2 1 5027 5037 5038 AND
2 1 5033 5038 5039 AND
2 1 36 46 5013 AND
2 1 472 5013 5014 AND
2 1 168 4394 5015 AND
2 1 5 47 5016 AND
2 1 16 36 5017 AND
2 1 5016 5017 5018 AND
2 1 5015 5018 5019 AND
2 1 5014 5019 5020 AND
2 1 6 46 5022 AND
2 1 5017 5022 5023 AND
2 1 5014 5023 5024 AND
2 1 5016 5024 5025 AND
2 1 5020 5025 5026 AND
2 1 5039 5026 5041 XOR
2 1 5050 5041 5052 XOR
2 1 5095 5052 5097 XOR
2 1 4906 4911 5009 AND
2 1 4906 4911 5010 AND
2 1 4907 5010 5011 AND
2 1 5009 5011 5012 AND
2 1 5097 5012 5099 XOR
2 1 4860 4861 4862 AND
2 1 4863 4870 4871 AND
2 1 4862 4871 5008 AND
2 1 5099 5008 5101 XOR
2 1 4874 4900 4901 AND
2 1 4902 4913 4914 AND
2 1 4901 4914 5007 AND
2 1 5101 5007 5103 XOR
2 1 4758 4759 4760 AND
2 1 4755 4760 4761 AND
2 1 4887 4761 4995 XOR
2 1 4995 4808 4997 XOR
2 1 4771 4774 4776 AND
2 1 4820 4776 4991 XOR
2 1 4991 4792 4993 XOR
2 1 4997 4993 4999 XOR
2 1 4781 4794 4795 AND
2 1 4796 4810 4811 AND
2 1 4795 4811 4998 AND
2 1 4999 4998 5000 XOR
2 1 4768 4852 4853 AND
2 1 4812 4851 4988 AND
2 1 4853 4988 4989 AND
2 1 5000 4989 5002 XOR
2 1 4864 4865 4866 AND
2 1 4867 4868 4869 AND
2 1 4866 4869 4985 AND
2 1 4754 4763 4764 AND
2 1 4765 4766 4767 AND
2 1 4764 4767 4982 AND
2 1 35 530 4966 AND
2 1 48 75 4967 AND
2 1 4966 4967 4968 AND
2 1 4 48 4969 AND
2 1 17 35 4970 AND
2 1 4969 4970 4971 AND
2 1 52 4971 4972 AND
2 1 4968 4972 4973 AND
2 1 0 52 4974 AND
2 1 4973 4974 4975 AND
2 1 4970 4969 4977 XOR
2 1 4973 4977 4978 AND
2 1 4975 4978 4979 AND
2 1 4698 4747 4748 AND
2 1 4749 4752 4753 AND
2 1 4748 4753 4963 AND
2 1 4829 4832 4834 AND
2 1 4963 4834 4965 XOR
2 1 4979 4965 4981 XOR
2 1 4982 4981 4984 XOR
2 1 4985 4984 4987 XOR
2 1 5002 4987 5004 XOR
2 1 1 51 4950 AND
2 1 4950 1982 4952 XOR
2 1 26 4750 4751 AND
2 1 4952 4751 4954 XOR
2 1 4843 4845 4846 AND
2 1 4844 4846 4847 AND
2 1 4954 4847 4956 XOR
2 1 4550 4655 4875 AND
2 1 4876 4892 4893 AND
2 1 4875 4893 4949 AND
2 1 4956 4949 4958 XOR
2 1 4827 4839 4840 AND
2 1 4841 4849 4850 AND
2 1 4840 4850 4948 AND
2 1 4958 4948 4960 XOR
2 1 4626 4641 4903 AND
2 1 4568 4904 4905 AND
2 1 4903 4905 4944 AND
2 1 2 50 4932 AND
2 1 3 49 4933 AND
2 1 4932 4933 4934 AND
2 1 49 50 4935 AND
2 1 81 4935 4936 AND
2 1 4934 4936 4940 AND
2 1 19 33 4937 AND
2 1 4940 4937 4941 XOR
2 1 4595 4610 4908 AND
2 1 4583 4909 4910 AND
2 1 4908 4910 4931 AND
2 1 4941 4931 4943 XOR
2 1 4944 4943 4946 XOR
2 1 4960 4946 4961 XOR
2 1 4894 4895 4896 AND
2 1 4897 4898 4899 AND
2 1 4896 4899 4947 AND
2 1 4961 4947 4962 XOR
2 1 5004 4962 5005 XOR
2 1 4746 4854 4855 AND
2 1 4742 4856 4857 AND
2 1 4855 4857 4930 AND
2 1 5005 4930 5006 XOR
2 1 5103 5006 5108 XOR
2 1 4872 4915 5104 AND
2 1 4872 4915 5105 AND
2 1 4859 5105 5106 AND
2 1 5104 5106 5107 AND
2 1 5108 5107 5109 XOR
2 1 4858 4917 4926 AND
2 1 4858 4917 4927 AND
2 1 4741 4927 4928 AND
2 1 4926 4928 4929 AND
2 1 5109 4929 5115 XOR
2 1 4737 4919 4920 AND
2 1 4737 4919 4921 AND
2 1 4736 4921 4924 AND
2 1 4920 4924 4925 AND
2 1 5115 4925 5116 XOR
2 1 4981 4982 4983 AND
2 1 4984 4985 4986 AND
2 1 4983 4986 5294 AND
2 1 4761 4887 4994 AND
2 1 4808 4995 4996 AND
2 1 4994 4996 5291 AND
2 1 4751 4952 4953 AND
2 1 4847 4954 4955 AND
2 1 4953 4955 5288 AND
2 1 4776 4820 4990 AND
2 1 4792 4991 4992 AND
2 1 4990 4992 5287 AND
2 1 5288 5287 5290 XOR
2 1 5291 5290 5293 XOR
2 1 5294 5293 5296 XOR
2 1 5052 5095 5096 AND
2 1 5012 5097 5098 AND
2 1 5096 5098 5286 AND
2 1 5296 5286 5298 XOR
2 1 4946 4960 5280 AND
2 1 4946 4960 5281 AND
2 1 4947 5281 5282 AND
2 1 5280 5282 5283 AND
2 1 4834 4963 4964 AND
2 1 4965 4979 4980 AND
2 1 4964 4980 5275 AND
2 1 4934 4937 4938 AND
2 1 4936 4938 4939 AND
2 1 5077 4939 5272 XOR
2 1 4971 4973 4976 AND
2 1 5272 4976 5273 XOR
2 1 5275 5273 5276 XOR
2 1 5066 5079 5080 AND
2 1 5081 5093 5094 AND
2 1 5080 5094 5274 AND
2 1 5276 5274 5277 XOR
2 1 1 52 5262 AND
2 1 5262 27 5263 XOR
2 1 5028 5032 5034 AND
2 1 5263 5034 5265 XOR
2 1 5082 5086 5088 AND
2 1 5265 5088 5267 XOR
2 1 5026 5039 5040 AND
2 1 5041 5050 5051 AND
2 1 5040 5051 5260 AND
2 1 5267 5260 5269 XOR
2 1 5014 5019 5021 AND
2 1 5059 5021 5257 XOR
2 1 5044 5046 5047 AND
2 1 5045 5047 5048 AND
2 1 5257 5048 5259 XOR
2 1 5269 5259 5271 XOR
2 1 5277 5271 5279 XOR
2 1 5283 5279 5285 XOR
2 1 5298 5285 5300 XOR
2 1 5008 5099 5100 AND
2 1 5007 5101 5102 AND
2 1 5100 5102 5299 AND
2 1 5300 5299 5301 XOR
2 1 4993 4997 5244 AND
2 1 4993 4997 5245 AND
2 1 4998 5245 5246 AND
2 1 5244 5246 5247 AND
2 1 4949 4956 4957 AND
2 1 4948 4958 4959 AND
2 1 4957 4959 5241 AND
2 1 25 28 5231 AND
2 1 1643 5231 5232 AND
2 1 1740 1847 5233 AND
2 1 5232 5233 5237 AND
2 1 11 42 5234 AND
2 1 5237 5234 5238 XOR
2 1 1218 1966 5217 AND
2 1 1567 2632 5218 AND
2 1 1413 2166 5219 AND
2 1 5218 5219 5220 AND
2 1 5217 5220 5221 AND
2 1 23 30 5222 AND
2 1 24 29 5223 AND
2 1 5222 5223 5224 AND
2 1 5217 5224 5226 AND
2 1 1757 5226 5227 AND
2 1 5221 5227 5228 AND
2 1 10 43 5204 AND
2 1 12 41 5205 AND
2 1 5204 5205 5206 AND
2 1 286 3706 5207 AND
2 1 4656 4813 5208 AND
2 1 496 4198 5209 AND
2 1 5208 5209 5210 AND
2 1 5207 5210 5212 AND
2 1 5206 5212 5213 AND
2 1 5207 5210 5211 AND
2 1 13 40 5214 AND
2 1 5211 5214 5215 AND
2 1 5213 5215 5216 AND
2 1 5228 5216 5230 XOR
2 1 5238 5230 5240 XOR
2 1 5241 5240 5243 XOR
2 1 5247 5243 5249 XOR
2 1 5 48 5190 AND
2 1 16 37 5191 AND
2 1 5190 5191 5192 AND
2 1 16 48 5193 AND
2 1 3258 5193 5194 AND
2 1 5192 5194 5198 AND
2 1 0 53 5195 AND
2 1 5198 5195 5199 XOR
2 1 14 44 5174 AND
2 1 4211 5174 5175 AND
2 1 250 4434 5176 AND
2 1 8 45 5177 AND
2 1 14 39 5178 AND
2 1 5177 5178 5179 AND
2 1 5176 5179 5180 AND
2 1 5175 5180 5181 AND
2 1 9 44 5183 AND
2 1 5178 5183 5184 AND
2 1 5175 5184 5185 AND
2 1 5177 5185 5186 AND
2 1 5181 5186 5187 AND
2 1 171 4394 5163 AND
2 1 6 47 5164 AND
2 1 3231 5164 5165 AND
2 1 5163 5165 5166 AND
2 1 7 46 5167 AND
2 1 3231 5167 5168 AND
2 1 5166 5168 5169 AND
2 1 5167 3231 5171 XOR
2 1 5164 5171 5172 AND
2 1 5169 5172 5173 AND
2 1 5187 5173 5189 XOR
2 1 5199 5189 5201 XOR
2 1 1077 2384 5147 AND
2 1 1075 3140 5148 AND
2 1 1073 3181 5149 AND
2 1 5148 5149 5150 AND
2 1 5147 5150 5151 AND
2 1 19 34 5152 AND
2 1 5151 5152 5153 AND
2 1 5147 5150 5154 AND
2 1 20 33 5155 AND
2 1 21 32 5156 AND
2 1 5155 5156 5157 AND
2 1 5154 5157 5158 AND
2 1 5153 5158 5159 AND
2 1 17 36 5136 AND
2 1 18 35 5137 AND
2 1 5136 5137 5138 AND
2 1 732 2920 5139 AND
2 1 5138 5139 5143 AND
2 1 4 49 5140 AND
2 1 5143 5140 5144 XOR
2 1 2 51 5127 AND
2 1 3 50 5128 AND
2 1 5127 5128 5129 AND
2 1 50 51 5130 AND
2 1 81 5130 5131 AND
2 1 5129 5131 5134 AND
2 1 1982 4950 4951 AND
2 1 5134 4951 5135 XOR
2 1 5144 5135 5146 XOR
2 1 5159 5146 5161 XOR
2 1 5201 5161 5202 XOR
2 1 4931 4941 4942 AND
2 1 4943 4944 4945 AND
2 1 4942 4945 5162 AND
2 1 5202 5162 5203 XOR
2 1 5249 5203 5251 XOR
2 1 4989 5000 5001 AND
2 1 4987 5002 5003 AND
2 1 5001 5003 5126 AND
2 1 5251 5126 5253 XOR
2 1 4962 5004 5122 AND
2 1 4962 5004 5123 AND
2 1 4930 5123 5124 AND
2 1 5122 5124 5125 AND
2 1 5253 5125 5255 XOR
2 1 5301 5255 5303 XOR
2 1 5006 5103 5118 AND
2 1 5006 5103 5119 AND
2 1 5107 5119 5120 AND
2 1 5118 5120 5121 AND
2 1 5303 5121 5304 XOR
2 1 4929 5109 5111 AND
2 1 4929 5109 5110 AND
2 1 4921 5110 5112 AND
2 1 4736 4920 5113 AND
2 1 5112 5113 5114 AND
2 1 5111 5114 5117 AND
2 1 5304 5117 5305 XOR
2 1 5121 5303 5512 AND
2 1 5135 5144 5145 AND
2 1 5146 5159 5160 AND
2 1 5145 5160 5495 AND
2 1 5216 5228 5229 AND
2 1 5230 5238 5239 AND
2 1 5229 5239 5494 AND
2 1 5495 5494 5497 XOR
2 1 5175 5180 5182 AND
2 1 4951 5129 5132 AND
2 1 5131 5132 5133 AND
2 1 5182 5133 5491 XOR
2 1 5491 5212 5493 XOR
2 1 5497 5493 5499 XOR
2 1 5240 5241 5242 AND
2 1 5243 5247 5248 AND
2 1 5242 5248 5489 AND
2 1 5499 5489 5501 XOR
2 1 4656 5174 5474 AND
2 1 290 4434 5475 AND
2 1 9 45 5473 AND
2 1 3747 5473 5476 AND
2 1 5475 5476 5477 AND
2 1 5474 5477 5478 AND
2 1 10 44 5480 AND
2 1 3747 5480 5481 AND
2 1 5474 5481 5482 AND
2 1 5473 5482 5483 AND
2 1 5478 5483 5484 AND
2 1 7 47 5459 AND
2 1 15 39 5460 AND
2 1 5459 5460 5461 AND
2 1 209 4394 5462 AND
2 1 5461 5462 5463 AND
2 1 8 46 5464 AND
2 1 5460 5464 5465 AND
2 1 5463 5465 5466 AND
2 1 5464 5460 5468 XOR
2 1 5459 5468 5469 AND
2 1 5466 5469 5470 AND
2 1 73 5130 5444 AND
2 1 50 52 5445 AND
2 1 106 5445 5446 AND
2 1 51 52 5447 AND
2 1 81 5447 5448 AND
2 1 5446 5448 5449 AND
2 1 5444 5449 5451 AND
2 1 3 51 5452 AND
2 1 4 50 5453 AND
2 1 5452 5453 5454 AND
2 1 5451 5454 5455 AND
2 1 5444 5449 5450 AND
2 1 2 52 5456 AND
2 1 5450 5456 5457 AND
2 1 5455 5457 5458 AND
2 1 5470 5458 5472 XOR
2 1 5484 5472 5486 XOR
2 1 5287 5288 5289 AND
2 1 5290 5291 5292 AND
2 1 5289 5292 5441 AND
2 1 38 48 5424 AND
2 1 472 5424 5425 AND
2 1 17 48 5426 AND
2 1 3453 5426 5427 AND
2 1 728 3522 5428 AND
2 1 5427 5428 5429 AND
2 1 5425 5429 5430 AND
2 1 17 37 5431 AND
2 1 5430 5431 5432 AND
2 1 6 48 5433 AND
2 1 16 38 5434 AND
2 1 5433 5434 5435 AND
2 1 5425 5429 5436 AND
2 1 5435 5436 5437 AND
2 1 5432 5437 5438 AND
2 1 383 3874 5409 AND
2 1 548 3706 5410 AND
2 1 496 4140 5411 AND
2 1 5410 5411 5412 AND
2 1 5409 5412 5413 AND
2 1 13 41 5414 AND
2 1 5413 5414 5415 AND
2 1 5409 5412 5416 AND
2 1 11 43 5417 AND
2 1 12 42 5418 AND
2 1 5417 5418 5419 AND
2 1 5416 5419 5420 AND
2 1 5415 5420 5421 AND
2 1 20 49 5397 AND
2 1 2788 5397 5398 AND
2 1 953 3550 5399 AND
2 1 5398 5399 5400 AND
2 1 18 36 5396 AND
2 1 5 49 5395 AND
2 1 5396 5395 5404 XOR
2 1 5400 5404 5405 AND
2 1 5395 5396 5401 AND
2 1 5400 5401 5402 AND
2 1 20 34 5406 AND
2 1 5402 5406 5407 AND
2 1 5405 5407 5408 AND
2 1 5421 5408 5423 XOR
2 1 5438 5423 5440 XOR
2 1 5441 5440 5443 XOR
2 1 5486 5443 5488 XOR
2 1 5501 5488 5503 XOR
2 1 5138 5140 5141 AND
2 1 5139 5141 5142 AND
2 1 5154 5142 5385 XOR
2 1 5217 5220 5225 AND
2 1 5385 5225 5387 XOR
2 1 5192 5195 5196 AND
2 1 5194 5196 5197 AND
2 1 5166 5168 5170 AND
2 1 5197 5170 5381 XOR
2 1 5232 5234 5235 AND
2 1 5233 5235 5236 AND
2 1 5381 5236 5383 XOR
2 1 5387 5383 5389 XOR
2 1 5173 5187 5188 AND
2 1 5189 5199 5200 AND
2 1 5188 5200 5388 AND
2 1 5389 5388 5390 XOR
2 1 5161 5201 5374 AND
2 1 5161 5201 5375 AND
2 1 5162 5375 5376 AND
2 1 5374 5376 5377 AND
2 1 5034 5263 5264 AND
2 1 5088 5265 5266 AND
2 1 5264 5266 5371 AND
2 1 4939 5077 5365 AND
2 1 4939 5077 5366 AND
2 1 4976 5366 5367 AND
2 1 5365 5367 5368 AND
2 1 5021 5059 5256 AND
2 1 5048 5257 5258 AND
2 1 5256 5258 5364 AND
2 1 5368 5364 5370 XOR
2 1 5371 5370 5373 XOR
2 1 5377 5373 5379 XOR
2 1 5390 5379 5392 XOR
2 1 5203 5249 5250 AND
2 1 5126 5251 5252 AND
2 1 5250 5252 5363 AND
2 1 5392 5363 5394 XOR
2 1 5503 5394 5505 XOR
2 1 1403 1966 5338 AND
2 1 1128 2632 5339 AND
2 1 1218 2166 5340 AND
2 1 5339 5340 5341 AND
2 1 5338 5341 5342 AND
2 1 23 31 5343 AND
2 1 5342 5343 5344 AND
2 1 5338 5341 5345 AND
2 1 25 29 5346 AND
2 1 1968 5346 5347 AND
2 1 5345 5347 5348 AND
2 1 5344 5348 5349 AND
2 1 1151 2384 5324 AND
2 1 32 35 5325 AND
2 1 3096 5325 5326 AND
2 1 1075 2251 5327 AND
2 1 5326 5327 5328 AND
2 1 5324 5328 5330 AND
2 1 21 33 5331 AND
2 1 22 32 5332 AND
2 1 5331 5332 5333 AND
2 1 5330 5333 5334 AND
2 1 5324 5328 5329 AND
2 1 19 35 5335 AND
2 1 5329 5335 5336 AND
2 1 5334 5336 5337 AND
2 1 5349 5337 5351 XOR
2 1 1 53 5319 AND
2 1 5319 2117 5321 XOR
2 1 0 54 5316 AND
2 1 52 1434 5261 AND
2 1 5316 5261 5318 XOR
2 1 5321 5318 5323 XOR
2 1 5351 5323 5352 XOR
2 1 5273 5275 5312 AND
2 1 5273 5275 5313 AND
2 1 5274 5313 5314 AND
2 1 5312 5314 5315 AND
2 1 5352 5315 5354 XOR
2 1 5260 5267 5268 AND
2 1 5259 5269 5270 AND
2 1 5268 5270 5311 AND
2 1 5354 5311 5356 XOR
2 1 5293 5294 5295 AND
2 1 5286 5296 5297 AND
2 1 5295 5297 5308 AND
2 1 5271 5277 5278 AND
2 1 5279 5283 5284 AND
2 1 5278 5284 5307 AND
2 1 5308 5307 5310 XOR
2 1 5356 5310 5358 XOR
2 1 5505 5358 5506 XOR
2 1 5285 5298 5359 AND
2 1 5285 5298 5360 AND
2 1 5299 5360 5361 AND
2 1 5359 5361 5362 AND
2 1 5506 5362 5507 XOR
2 1 5125 5253 5254 AND
2 1 5255 5301 5302 AND
2 1 5254 5302 5306 AND
2 1 5507 5306 5510 XOR
2 1 5512 5510 5513 XOR
2 1 5117 5304 5511 AND
2 1 5513 5511 5514 XOR
2 1 5306 5507 5508 AND
2 1 5306 5507 5509 AND
2 1 5121 5303 5712 AND
2 1 5509 5712 5713 AND
2 1 5117 5512 5714 AND
2 1 5713 5714 5715 AND
2 1 5508 5715 5716 AND
2 1 1403 2166 5676 AND
2 1 1128 1869 5677 AND
2 1 1218 2906 5678 AND
2 1 5677 5678 5679 AND
2 1 5676 5679 5680 AND
2 1 23 32 5675 AND
2 1 24 31 5682 AND
2 1 25 30 5683 AND
2 1 5682 5683 5684 AND
2 1 5676 5684 5685 AND
2 1 5675 5685 5686 AND
2 1 5680 5686 5687 AND
2 1 1151 3181 5661 AND
2 1 1244 2251 5662 AND
2 1 1077 2522 5663 AND
2 1 5662 5663 5664 AND
2 1 5661 5664 5665 AND
2 1 20 35 5666 AND
2 1 5665 5666 5667 AND
2 1 5661 5664 5668 AND
2 1 21 34 5669 AND
2 1 1947 5669 5670 AND
2 1 5668 5670 5671 AND
2 1 5667 5671 5672 AND
2 1 51 53 5646 AND
2 1 106 5646 5647 AND
2 1 51 75 5648 AND
2 1 53 67 5649 AND
2 1 5648 5649 5650 AND
2 1 55 5647 5651 AND
2 1 5650 5651 5652 AND
2 1 5647 5652 5653 AND
2 1 2 53 5654 AND
2 1 4 51 5655 AND
2 1 5654 5655 5656 AND
2 1 5653 5656 5657 AND
2 1 0 55 5658 AND
2 1 5652 5658 5659 AND
2 1 5657 5659 5660 AND
2 1 5672 5660 5674 XOR
2 1 5687 5674 5689 XOR
2 1 5364 5368 5369 AND
2 1 5370 5371 5372 AND
2 1 5369 5372 5643 AND
2 1 7 48 5632 AND
2 1 8 47 5633 AND
2 1 5632 5633 5634 AND
2 1 209 4877 5635 AND
2 1 5634 5635 5639 AND
2 1 16 39 5636 AND
2 1 5639 5636 5640 XOR
2 1 12 43 5626 AND
2 1 26 29 5623 AND
2 1 5623 1740 5625 XOR
2 1 5626 5625 5629 XOR
2 1 548 3583 5610 AND
2 1 474 4434 5611 AND
2 1 13 45 5612 AND
2 1 5027 5612 5613 AND
2 1 5611 5613 5614 AND
2 1 5610 5614 5616 AND
2 1 11 44 5617 AND
2 1 4635 5617 5618 AND
2 1 5616 5618 5619 AND
2 1 5610 5614 5615 AND
2 1 10 45 5620 AND
2 1 5615 5620 5621 AND
2 1 5619 5621 5622 AND
2 1 5629 5622 5631 XOR
2 1 5640 5631 5642 XOR
2 1 5643 5642 5645 XOR
2 1 5689 5645 5704 XOR
2 1 5458 5470 5471 AND
2 1 5472 5484 5485 AND
2 1 5471 5485 5697 AND
2 1 5408 5421 5422 AND
2 1 5423 5438 5439 AND
2 1 5422 5439 5696 AND
2 1 5697 5696 5699 XOR
2 1 5345 5330 5693 XOR
2 1 5693 5436 5695 XOR
2 1 5699 5695 5701 XOR
2 1 5315 5352 5353 AND
2 1 5311 5354 5355 AND
2 1 5353 5355 5691 AND
2 1 5701 5691 5703 XOR
2 1 5704 5703 5706 XOR
2 1 5307 5308 5309 AND
2 1 5310 5356 5357 AND
2 1 5309 5357 5607 AND
2 1 5337 5349 5350 AND
2 1 5323 5351 5599 AND
2 1 5350 5599 5600 AND
2 1 5474 5477 5479 AND
2 1 5479 5451 5596 XOR
2 1 5400 5401 5403 AND
2 1 5596 5403 5598 XOR
2 1 5600 5598 5602 XOR
2 1 18 37 5584 AND
2 1 19 36 5585 AND
2 1 5584 5585 5586 AND
2 1 808 2805 5587 AND
2 1 5586 5587 5591 AND
2 1 5 50 5588 AND
2 1 5591 5588 5592 XOR
2 1 5261 5316 5317 AND
2 1 5318 5321 5322 AND
2 1 5317 5322 5581 AND
2 1 5463 5465 5467 AND
2 1 5581 5467 5583 XOR
2 1 5592 5583 5594 XOR
2 1 5602 5594 5604 XOR
2 1 5440 5441 5442 AND
2 1 5443 5486 5487 AND
2 1 5442 5487 5578 AND
2 1 1 54 5570 AND
2 1 5570 28 5571 XOR
2 1 2117 5319 5320 AND
2 1 5571 5320 5573 XOR
2 1 5573 5416 5575 XOR
2 1 5133 5182 5490 AND
2 1 5212 5491 5492 AND
2 1 5490 5492 5565 AND
2 1 5170 5197 5380 AND
2 1 5236 5381 5382 AND
2 1 5380 5382 5564 AND
2 1 5565 5564 5567 XOR
2 1 5575 5567 5577 XOR
2 1 5578 5577 5580 XOR
2 1 5604 5580 5606 XOR
2 1 5607 5606 5609 XOR
2 1 5706 5609 5708 XOR
2 1 5142 5154 5384 AND
2 1 5225 5385 5386 AND
2 1 5384 5386 5552 AND
2 1 40 46 5536 AND
2 1 1096 5536 5537 AND
2 1 612 4198 5538 AND
2 1 5537 5538 5539 AND
2 1 9 46 5540 AND
2 1 14 41 5541 AND
2 1 5540 5541 5542 AND
2 1 5539 5542 5543 AND
2 1 15 40 5544 AND
2 1 5543 5544 5545 AND
2 1 5541 5540 5547 XOR
2 1 5539 5547 5548 AND
2 1 5545 5548 5549 AND
2 1 6 49 5526 AND
2 1 17 38 5527 AND
2 1 5526 5527 5528 AND
2 1 17 49 5529 AND
2 1 3517 5529 5530 AND
2 1 5528 5530 5534 AND
2 1 3 52 5531 AND
2 1 5534 5531 5535 XOR
2 1 5549 5535 5551 XOR
2 1 5552 5551 5554 XOR
2 1 5383 5387 5522 AND
2 1 5383 5387 5523 AND
2 1 5388 5523 5524 AND
2 1 5522 5524 5525 AND
2 1 5554 5525 5556 XOR
2 1 5494 5495 5496 AND
2 1 5493 5497 5498 AND
2 1 5496 5498 5555 AND
2 1 5556 5555 5557 XOR
2 1 5373 5377 5378 AND
2 1 5379 5390 5391 AND
2 1 5378 5391 5521 AND
2 1 5557 5521 5559 XOR
2 1 5489 5499 5500 AND
2 1 5488 5501 5502 AND
2 1 5500 5502 5520 AND
2 1 5559 5520 5561 XOR
2 1 5363 5392 5393 AND
2 1 5394 5503 5504 AND
2 1 5393 5504 5519 AND
2 1 5561 5519 5563 XOR
2 1 5708 5563 5710 XOR
2 1 5358 5505 5515 AND
2 1 5358 5505 5516 AND
2 1 5362 5516 5517 AND
2 1 5515 5517 5518 AND
2 1 5710 5518 5711 XOR
2 1 5716 5711 5717 XOR
2 1 5711 5716 5920 AND
2 1 5518 5710 5918 AND
2 1 5691 5701 5702 AND
2 1 5703 5704 5705 AND
2 1 5702 5705 5909 AND
2 1 5577 5578 5579 AND
2 1 5580 5604 5605 AND
2 1 5579 5605 5906 AND
2 1 5696 5697 5698 AND
2 1 5695 5699 5700 AND
2 1 5698 5700 5901 AND
2 1 5451 5479 5595 AND
2 1 5403 5596 5597 AND
2 1 5595 5597 5898 AND
2 1 5 51 5886 AND
2 1 18 38 5887 AND
2 1 5886 5887 5888 AND
2 1 38 51 5889 AND
2 1 962 5889 5890 AND
2 1 5888 5890 5894 AND
2 1 21 35 5891 AND
2 1 5894 5891 5895 XOR
2 1 5320 5571 5572 AND
2 1 5416 5573 5574 AND
2 1 5572 5574 5885 AND
2 1 5895 5885 5897 XOR
2 1 5898 5897 5900 XOR
2 1 5901 5900 5903 XOR
2 1 5598 5600 5601 AND
2 1 5594 5602 5603 AND
2 1 5601 5603 5884 AND
2 1 5903 5884 5905 XOR
2 1 5906 5905 5908 XOR
2 1 5909 5908 5911 XOR
2 1 5660 5672 5673 AND
2 1 5674 5687 5688 AND
2 1 5673 5688 5874 AND
2 1 5467 5581 5582 AND
2 1 5583 5592 5593 AND
2 1 5582 5593 5871 AND
2 1 5330 5345 5692 AND
2 1 5436 5693 5694 AND
2 1 5692 5694 5870 AND
2 1 5871 5870 5873 XOR
2 1 5874 5873 5876 XOR
2 1 5564 5565 5566 AND
2 1 5567 5575 5576 AND
2 1 5566 5576 5867 AND
2 1 5535 5549 5550 AND
2 1 5551 5552 5553 AND
2 1 5550 5553 5864 AND
2 1 5586 5588 5589 AND
2 1 5587 5589 5590 AND
2 1 5653 5590 5861 XOR
2 1 5539 5542 5546 AND
2 1 5861 5546 5863 XOR
2 1 5864 5863 5866 XOR
2 1 5867 5866 5869 XOR
2 1 5876 5869 5878 XOR
2 1 5642 5643 5644 AND
2 1 5645 5689 5690 AND
2 1 5644 5690 5877 AND
2 1 5878 5877 5879 XOR
2 1 5521 5557 5558 AND
2 1 5520 5559 5560 AND
2 1 5558 5560 5859 AND
2 1 5879 5859 5881 XOR
2 1 1 55 5846 AND
2 1 5846 1511 5849 XOR
2 1 1740 5623 5624 AND
2 1 5625 5626 5627 AND
2 1 5624 5627 5628 AND
2 1 5628 5616 5848 XOR
2 1 5849 5848 5850 XOR
2 1 5622 5629 5630 AND
2 1 5631 5640 5641 AND
2 1 5630 5641 5845 AND
2 1 5850 5845 5852 XOR
2 1 5676 5679 5681 AND
2 1 5681 5668 5842 XOR
2 1 5528 5531 5532 AND
2 1 5530 5532 5533 AND
2 1 5842 5533 5844 XOR
2 1 5852 5844 5854 XOR
2 1 5525 5554 5837 AND
2 1 5525 5554 5838 AND
2 1 5555 5838 5839 AND
2 1 5837 5839 5840 AND
2 1 5854 5840 5856 XOR
2 1 52 53 5818 AND
2 1 73 5818 5819 AND
2 1 37 53 5820 AND
2 1 905 5820 5821 AND
2 1 5819 5821 5822 AND
2 1 4 52 5823 AND
2 1 19 37 5824 AND
2 1 5823 5824 5825 AND
2 1 5822 5825 5826 AND
2 1 3 53 5827 AND
2 1 5826 5827 5828 AND
2 1 5824 5823 5830 XOR
2 1 5822 5830 5831 AND
2 1 5828 5831 5832 AND
2 1 2 54 5812 AND
2 1 0 56 5811 AND
2 1 5812 5811 5813 XOR
2 1 28 54 5568 AND
2 1 1 5568 5569 AND
2 1 5813 5569 5815 XOR
2 1 5634 5636 5637 AND
2 1 5635 5637 5638 AND
2 1 5815 5638 5817 XOR
2 1 5832 5817 5834 XOR
2 1 14 46 5792 AND
2 1 5027 5792 5793 AND
2 1 290 4394 5794 AND
2 1 14 47 5795 AND
2 1 4828 5795 5796 AND
2 1 5794 5796 5797 AND
2 1 5793 5797 5798 AND
2 1 9 47 5799 AND
2 1 5798 5799 5800 AND
2 1 5793 5797 5801 AND
2 1 10 46 5802 AND
2 1 4142 5802 5803 AND
2 1 5801 5803 5804 AND
2 1 5800 5804 5805 AND
2 1 1847 2166 5777 AND
2 1 1715 1869 5778 AND
2 1 1403 2906 5779 AND
2 1 5778 5779 5780 AND
2 1 5777 5780 5781 AND
2 1 24 32 5782 AND
2 1 5781 5782 5783 AND
2 1 5777 5780 5784 AND
2 1 25 31 5785 AND
2 1 26 30 5786 AND
2 1 5785 5786 5787 AND
2 1 5784 5787 5788 AND
2 1 5783 5788 5789 AND
2 1 1413 3181 5763 AND
2 1 1244 3550 5764 AND
2 1 33 36 5765 AND
2 1 3409 5765 5766 AND
2 1 5764 5766 5767 AND
2 1 5763 5767 5769 AND
2 1 22 34 5770 AND
2 1 23 33 5771 AND
2 1 5770 5771 5772 AND
2 1 5769 5772 5773 AND
2 1 5763 5767 5768 AND
2 1 20 36 5774 AND
2 1 5768 5774 5775 AND
2 1 5773 5775 5776 AND
2 1 5789 5776 5791 XOR
2 1 5805 5791 5807 XOR
2 1 15 48 5747 AND
2 1 4359 5747 5748 AND
2 1 40 48 5749 AND
2 1 1089 5749 5750 AND
2 1 608 4198 5751 AND
2 1 5750 5751 5752 AND
2 1 5748 5752 5753 AND
2 1 8 48 5755 AND
2 1 15 41 5756 AND
2 1 5755 5756 5757 AND
2 1 5748 5757 5758 AND
2 1 3198 5758 5759 AND
2 1 5753 5759 5760 AND
2 1 496 4099 5733 AND
2 1 548 3710 5734 AND
2 1 383 4434 5735 AND
2 1 5734 5735 5736 AND
2 1 5733 5736 5737 AND
2 1 11 45 5738 AND
2 1 5737 5738 5739 AND
2 1 12 44 5740 AND
2 1 4813 5740 5741 AND
2 1 5733 5736 5742 AND
2 1 5741 5742 5743 AND
2 1 5739 5743 5744 AND
2 1 171 4935 5721 AND
2 1 17 50 5722 AND
2 1 3658 5722 5723 AND
2 1 5721 5723 5724 AND
2 1 17 39 5720 AND
2 1 7 49 5719 AND
2 1 5720 5719 5728 XOR
2 1 5724 5728 5729 AND
2 1 5719 5720 5725 AND
2 1 5724 5725 5726 AND
2 1 6 50 5730 AND
2 1 5726 5730 5731 AND
2 1 5729 5731 5732 AND
2 1 5744 5732 5746 XOR
2 1 5760 5746 5762 XOR
2 1 5807 5762 5808 XOR
2 1 5834 5808 5836 XOR
2 1 5856 5836 5858 XOR
2 1 5881 5858 5883 XOR
2 1 5911 5883 5913 XOR
2 1 5606 5607 5608 AND
2 1 5609 5706 5707 AND
2 1 5608 5707 5912 AND
2 1 5913 5912 5914 XOR
2 1 5519 5561 5562 AND
2 1 5563 5708 5709 AND
2 1 5562 5709 5718 AND
2 1 5914 5718 5917 XOR
2 1 5918 5917 5919 XOR
2 1 5920 5919 5921 XOR
2 1 5718 5914 5915 AND
2 1 5518 5710 6133 AND
2 1 5716 6133 6134 AND
2 1 5718 5914 5916 AND
2 1 5916 5918 6135 AND
2 1 6134 6135 6136 AND
2 1 5915 6136 6137 AND
2 1 5590 5653 5860 AND
2 1 5546 5861 5862 AND
2 1 5860 5862 6119 AND
2 1 5668 5681 5841 AND
2 1 5533 5842 5843 AND
2 1 5841 5843 6116 AND
2 1 1 56 6111 AND
2 1 6111 29 6113 XOR
2 1 0 57 6108 AND
2 1 1511 5846 5847 AND
2 1 6108 5847 6110 XOR
2 1 6113 6110 6115 XOR
2 1 6116 6115 6118 XOR
2 1 6119 6118 6121 XOR
2 1 5845 5850 5851 AND
2 1 5844 5852 5853 AND
2 1 5851 5853 6105 AND
2 1 5863 5864 5865 AND
2 1 5866 5867 5868 AND
2 1 5865 5868 6104 AND
2 1 6105 6104 6107 XOR
2 1 6121 6107 6123 XOR
2 1 5869 5876 6100 AND
2 1 5869 5876 6101 AND
2 1 5877 6101 6102 AND
2 1 6100 6102 6103 AND
2 1 6123 6103 6125 XOR
2 1 5840 5854 5855 AND
2 1 5836 5856 5857 AND
2 1 5855 5857 6099 AND
2 1 6125 6099 6127 XOR
2 1 1847 2906 5995 AND
2 1 1715 1950 5996 AND
2 1 1403 2384 5997 AND
2 1 5996 5997 5998 AND
2 1 5995 5998 5999 AND
2 1 24 33 6000 AND
2 1 5999 6000 6001 AND
2 1 5995 5998 6002 AND
2 1 25 32 6003 AND
2 1 26 31 6004 AND
2 1 6003 6004 6005 AND
2 1 6002 6005 6006 AND
2 1 6001 6006 6007 AND
2 1 1413 2522 5980 AND
2 1 984 3550 5981 AND
2 1 1151 2920 5982 AND
2 1 5981 5982 5983 AND
2 1 5980 5983 5984 AND
2 1 21 36 5985 AND
2 1 5984 5985 5986 AND
2 1 22 35 5987 AND
2 1 23 34 5988 AND
2 1 5987 5988 5989 AND
2 1 5980 5983 5990 AND
2 1 5989 5990 5991 AND
2 1 5986 5991 5992 AND
2 1 16 49 5965 AND
2 1 4359 5965 5966 AND
2 1 209 4935 5967 AND
2 1 16 50 5968 AND
2 1 4196 5968 5969 AND
2 1 5967 5969 5970 AND
2 1 5966 5970 5972 AND
2 1 8 49 5973 AND
2 1 16 41 5974 AND
2 1 5973 5974 5975 AND
2 1 5972 5975 5976 AND
2 1 5966 5970 5971 AND
2 1 7 50 5977 AND
2 1 5971 5977 5978 AND
2 1 5976 5978 5979 AND
2 1 5992 5979 5994 XOR
2 1 6007 5994 6009 XOR
2 1 5885 5895 5896 AND
2 1 5897 5898 5899 AND
2 1 5896 5899 5962 AND
2 1 5888 5891 5892 AND
2 1 5890 5892 5893 AND
2 1 5893 5801 5959 XOR
2 1 5959 5742 5961 XOR
2 1 5962 5961 5964 XOR
2 1 6009 5964 6093 XOR
2 1 17 51 6072 AND
2 1 3841 6072 6073 AND
2 1 39 51 6074 AND
2 1 1063 6074 6075 AND
2 1 732 3200 6076 AND
2 1 6075 6076 6077 AND
2 1 6073 6077 6078 AND
2 1 18 39 6079 AND
2 1 6078 6079 6080 AND
2 1 6073 6077 6081 AND
2 1 6 51 6082 AND
2 1 17 40 6083 AND
2 1 6082 6083 6084 AND
2 1 6081 6084 6085 AND
2 1 6080 6085 6086 AND
2 1 1743 2213 6063 AND
2 1 1740 1966 6064 AND
2 1 6063 6064 6068 AND
2 1 12 45 6065 AND
2 1 6068 6065 6069 XOR
2 1 11 46 6050 AND
2 1 4816 6050 6051 AND
2 1 44 46 6052 AND
2 1 548 6052 6053 AND
2 1 493 4099 6054 AND
2 1 5417 5792 6055 AND
2 1 6054 6055 6056 AND
2 1 6053 6056 6058 AND
2 1 6051 6058 6059 AND
2 1 6053 6056 6057 AND
2 1 14 43 6060 AND
2 1 6057 6060 6061 AND
2 1 6059 6061 6062 AND
2 1 6069 6062 6071 XOR
2 1 6086 6071 6088 XOR
2 1 9 48 6039 AND
2 1 10 47 6040 AND
2 1 6039 6040 6041 AND
2 1 290 4877 6042 AND
2 1 6041 6042 6046 AND
2 1 15 42 6043 AND
2 1 6046 6043 6047 XOR
2 1 19 38 6028 AND
2 1 20 37 6029 AND
2 1 6028 6029 6030 AND
2 1 1073 3522 6031 AND
2 1 6030 6031 6035 AND
2 1 5 52 6032 AND
2 1 6035 6032 6036 XOR
2 1 53 55 6012 AND
2 1 106 6012 6013 AND
2 1 53 54 6014 AND
2 1 73 6014 6015 AND
2 1 54 55 6016 AND
2 1 81 6016 6017 AND
2 1 6015 6017 6018 AND
2 1 6013 6018 6020 AND
2 1 2 55 6021 AND
2 1 4 53 6022 AND
2 1 6021 6022 6023 AND
2 1 6020 6023 6024 AND
2 1 6013 6018 6019 AND
2 1 3 54 6025 AND
2 1 6019 6025 6026 AND
2 1 6024 6026 6027 AND
2 1 6036 6027 6038 XOR
2 1 6047 6038 6049 XOR
2 1 6088 6049 6090 XOR
2 1 5870 5871 5872 AND
2 1 5873 5874 5875 AND
2 1 5872 5875 6011 AND
2 1 6090 6011 6092 XOR
2 1 6093 6092 6094 XOR
2 1 5900 5901 5902 AND
2 1 5884 5903 5904 AND
2 1 5902 5904 5957 AND
2 1 6094 5957 6095 XOR
2 1 54 56 5809 AND
2 1 67 5809 5810 AND
2 1 5569 5813 5814 AND
2 1 5810 5814 5946 AND
2 1 5822 5825 5829 AND
2 1 5829 5769 5945 XOR
2 1 5946 5945 5948 XOR
2 1 5748 5752 5754 AND
2 1 5784 5754 5941 XOR
2 1 5724 5725 5727 AND
2 1 5941 5727 5943 XOR
2 1 5948 5943 5950 XOR
2 1 5732 5744 5745 AND
2 1 5746 5760 5761 AND
2 1 5745 5761 5939 AND
2 1 5950 5939 5952 XOR
2 1 5776 5789 5790 AND
2 1 5791 5805 5806 AND
2 1 5790 5806 5934 AND
2 1 5638 5815 5816 AND
2 1 5817 5832 5833 AND
2 1 5816 5833 5931 AND
2 1 5616 5628 5927 AND
2 1 5616 5628 5928 AND
2 1 5849 5928 5929 AND
2 1 5927 5929 5930 AND
2 1 5931 5930 5933 XOR
2 1 5934 5933 5936 XOR
2 1 5952 5936 5953 XOR
2 1 5808 5834 5835 AND
2 1 5762 5807 5937 AND
2 1 5835 5937 5938 AND
2 1 5953 5938 5954 XOR
2 1 5905 5906 5907 AND
2 1 5908 5909 5910 AND
2 1 5907 5910 5926 AND
2 1 5954 5926 5956 XOR
2 1 6095 5956 6097 XOR
2 1 6127 6097 6128 XOR
2 1 5859 5879 5880 AND
2 1 5858 5881 5882 AND
2 1 5880 5882 6098 AND
2 1 6128 6098 6129 XOR
2 1 5883 5911 5922 AND
2 1 5883 5911 5923 AND
2 1 5912 5923 5924 AND
2 1 5922 5924 5925 AND
2 1 6129 5925 6132 XOR
2 1 6137 6132 6138 XOR
2 1 3 55 6321 AND
2 1 19 39 6318 AND
2 1 6 52 6317 AND
2 1 6318 6317 6320 XOR
2 1 6321 6320 6324 XOR
2 1 496 4306 6304 AND
2 1 387 6052 6305 AND
2 1 493 4434 6306 AND
2 1 6305 6306 6307 AND
2 1 6304 6307 6308 AND
2 1 12 46 6310 AND
2 1 5612 6310 6311 AND
2 1 6304 6311 6312 AND
2 1 5174 6312 6313 AND
2 1 6308 6313 6314 AND
2 1 43 47 6291 AND
2 1 546 6291 6292 AND
2 1 474 4877 6293 AND
2 1 5204 5747 6294 AND
2 1 6293 6294 6295 AND
2 1 6292 6295 6297 AND
2 1 11 47 6298 AND
2 1 4377 6298 6299 AND
2 1 6297 6299 6300 AND
2 1 6292 6295 6296 AND
2 1 10 48 6301 AND
2 1 6296 6301 6302 AND
2 1 6300 6302 6303 AND
2 1 6314 6303 6316 XOR
2 1 6324 6316 6326 XOR
2 1 5847 6108 6109 AND
2 1 6110 6113 6114 AND
2 1 6109 6114 6287 AND
2 1 6081 5972 6286 XOR
2 1 6287 6286 6289 XOR
2 1 6326 6289 6327 XOR
2 1 6115 6116 6117 AND
2 1 6118 6119 6120 AND
2 1 6117 6120 6290 AND
2 1 6327 6290 6328 XOR
2 1 6104 6105 6106 AND
2 1 6107 6121 6122 AND
2 1 6106 6122 6284 AND
2 1 6328 6284 6330 XOR
2 1 5930 5931 5932 AND
2 1 5933 5934 5935 AND
2 1 5932 5935 6281 AND
2 1 1643 2906 6267 AND
2 1 1950 1982 6268 AND
2 1 1847 2384 6269 AND
2 1 6268 6269 6270 AND
2 1 6267 6270 6271 AND
2 1 27 31 6273 AND
2 1 2478 6273 6274 AND
2 1 6267 6274 6275 AND
2 1 2504 6275 6276 AND
2 1 6271 6276 6277 AND
2 1 1218 2522 6252 AND
2 1 1567 3550 6253 AND
2 1 1413 2920 6254 AND
2 1 6253 6254 6255 AND
2 1 6252 6255 6256 AND
2 1 22 36 6257 AND
2 1 6256 6257 6258 AND
2 1 6252 6255 6259 AND
2 1 23 35 6260 AND
2 1 24 34 6261 AND
2 1 6260 6261 6262 AND
2 1 6259 6262 6263 AND
2 1 6258 6263 6264 AND
2 1 7 51 6243 AND
2 1 8 50 6244 AND
2 1 6243 6244 6245 AND
2 1 209 5130 6246 AND
2 1 6245 6246 6250 AND
2 1 18 40 6247 AND
2 1 6250 6247 6251 XOR
2 1 6264 6251 6266 XOR
2 1 6277 6266 6279 XOR
2 1 42 49 6227 AND
2 1 569 6227 6228 AND
2 1 728 4140 6229 AND
2 1 4642 5529 6230 AND
2 1 6229 6230 6231 AND
2 1 6228 6231 6232 AND
2 1 17 41 6233 AND
2 1 6232 6233 6234 AND
2 1 9 49 6235 AND
2 1 16 42 6236 AND
2 1 6235 6236 6237 AND
2 1 6228 6231 6238 AND
2 1 6237 6238 6239 AND
2 1 6234 6239 6240 AND
2 1 20 38 6216 AND
2 1 21 37 6217 AND
2 1 6216 6217 6218 AND
2 1 1077 3522 6219 AND
2 1 6218 6219 6223 AND
2 1 5 53 6220 AND
2 1 6223 6220 6224 XOR
2 1 56 58 6203 AND
2 1 67 6203 6204 AND
2 1 106 5809 6205 AND
2 1 6204 6205 6206 AND
2 1 0 58 6207 AND
2 1 4 54 6208 AND
2 1 6207 6208 6209 AND
2 1 6206 6209 6210 AND
2 1 2 56 6212 AND
2 1 6208 6207 6213 XOR
2 1 6212 6213 6214 AND
2 1 6210 6214 6215 AND
2 1 6224 6215 6226 XOR
2 1 6240 6226 6242 XOR
2 1 6279 6242 6280 XOR
2 1 6281 6280 6283 XOR
2 1 6330 6283 6332 XOR
2 1 6030 6032 6033 AND
2 1 6031 6033 6034 AND
2 1 6034 6020 6192 XOR
2 1 6192 6058 6194 XOR
2 1 6041 6043 6044 AND
2 1 6042 6044 6045 AND
2 1 6045 6002 6188 XOR
2 1 6188 5990 6190 XOR
2 1 6194 6190 6196 XOR
2 1 5979 5992 5993 AND
2 1 5994 6007 6008 AND
2 1 5993 6008 6186 AND
2 1 6196 6186 6198 XOR
2 1 1 57 6175 AND
2 1 6175 2359 6177 XOR
2 1 29 6111 6112 AND
2 1 6177 6112 6179 XOR
2 1 6063 6065 6066 AND
2 1 6064 6066 6067 AND
2 1 6179 6067 6181 XOR
2 1 6027 6036 6037 AND
2 1 6038 6047 6048 AND
2 1 6037 6048 6174 AND
2 1 6181 6174 6183 XOR
2 1 6062 6069 6070 AND
2 1 6071 6086 6087 AND
2 1 6070 6087 6173 AND
2 1 6183 6173 6185 XOR
2 1 6198 6185 6199 XOR
2 1 6049 6088 6089 AND
2 1 6011 6090 6091 AND
2 1 6089 6091 6172 AND
2 1 6199 6172 6200 XOR
2 1 6103 6123 6124 AND
2 1 6099 6125 6126 AND
2 1 6124 6126 6171 AND
2 1 6200 6171 6202 XOR
2 1 6332 6202 6334 XOR
2 1 5957 6092 6165 AND
2 1 5957 6092 6166 AND
2 1 6093 6166 6167 AND
2 1 6165 6167 6168 AND
2 1 5943 5948 5949 AND
2 1 5939 5950 5951 AND
2 1 5949 5951 6158 AND
2 1 5754 5784 5940 AND
2 1 5727 5941 5942 AND
2 1 5940 5942 6155 AND
2 1 5769 5829 5944 AND
2 1 5945 5946 5947 AND
2 1 5944 5947 6152 AND
2 1 5801 5893 5958 AND
2 1 5742 5959 5960 AND
2 1 5958 5960 6151 AND
2 1 6152 6151 6154 XOR
2 1 6155 6154 6157 XOR
2 1 6158 6157 6160 XOR
2 1 5961 5962 5963 AND
2 1 5964 6009 6010 AND
2 1 5963 6010 6150 AND
2 1 6160 6150 6162 XOR
2 1 5936 5952 6146 AND
2 1 5936 5952 6147 AND
2 1 5938 6147 6148 AND
2 1 6146 6148 6149 AND
2 1 6162 6149 6164 XOR
2 1 6168 6164 6170 XOR
2 1 6334 6170 6335 XOR
2 1 5926 5954 5955 AND
2 1 5956 6095 6096 AND
2 1 5955 6096 6145 AND
2 1 6335 6145 6336 XOR
2 1 6097 6127 6141 AND
2 1 6097 6127 6142 AND
2 1 6098 6142 6143 AND
2 1 6141 6143 6144 AND
2 1 6336 6144 6342 XOR
2 1 5925 6129 6130 AND
2 1 5925 6129 6131 AND
2 1 6131 6137 6139 AND
2 1 6130 6139 6140 AND
2 1 6342 6140 6343 XOR
2 1 6144 6336 6337 AND
2 1 6130 6137 6339 AND
2 1 6144 6336 6338 AND
2 1 6131 6338 6340 AND
2 1 6339 6340 6341 AND
2 1 6337 6341 6566 AND
2 1 6170 6334 6561 AND
2 1 6170 6334 6562 AND
2 1 6145 6562 6563 AND
2 1 6561 6563 6564 AND
2 1 6218 6220 6221 AND
2 1 6219 6221 6222 AND
2 1 6259 6222 6540 XOR
2 1 6245 6247 6248 AND
2 1 6246 6248 6249 AND
2 1 6540 6249 6542 XOR
2 1 6317 6318 6319 AND
2 1 6320 6321 6322 AND
2 1 6319 6322 6323 AND
2 1 6206 6209 6211 AND
2 1 6323 6211 6536 XOR
2 1 6536 6238 6538 XOR
2 1 6542 6538 6553 XOR
2 1 1 58 6544 AND
2 1 6544 30 6545 XOR
2 1 6304 6307 6309 AND
2 1 6545 6309 6547 XOR
2 1 6547 6297 6549 XOR
2 1 6553 6549 6554 XOR
2 1 6215 6224 6225 AND
2 1 6226 6240 6241 AND
2 1 6225 6241 6530 AND
2 1 6251 6264 6265 AND
2 1 6266 6277 6278 AND
2 1 6265 6278 6527 AND
2 1 6303 6314 6315 AND
2 1 6316 6324 6325 AND
2 1 6315 6325 6526 AND
2 1 6527 6526 6529 XOR
2 1 6530 6529 6532 XOR
2 1 6554 6532 6555 XOR
2 1 6280 6281 6282 AND
2 1 6242 6279 6533 AND
2 1 6282 6533 6534 AND
2 1 6555 6534 6556 XOR
2 1 32 59 6504 AND
2 1 1331 6504 6505 AND
2 1 1643 2384 6506 AND
2 1 26 59 6507 AND
2 1 1957 6507 6508 AND
2 1 6506 6508 6509 AND
2 1 6505 6509 6510 AND
2 1 26 33 6511 AND
2 1 6510 6511 6512 AND
2 1 6505 6509 6513 AND
2 1 0 59 6514 AND
2 1 27 32 6515 AND
2 1 6514 6515 6516 AND
2 1 6513 6516 6517 AND
2 1 6512 6517 6518 AND
2 1 1403 2522 6489 AND
2 1 1128 3550 6490 AND
2 1 1218 2920 6491 AND
2 1 6490 6491 6492 AND
2 1 6489 6492 6493 AND
2 1 23 36 6494 AND
2 1 6493 6494 6495 AND
2 1 24 35 6496 AND
2 1 25 34 6497 AND
2 1 6496 6497 6498 AND
2 1 6489 6492 6499 AND
2 1 6498 6499 6500 AND
2 1 6495 6500 6501 AND
2 1 1151 3522 6476 AND
2 1 1244 4213 6477 AND
2 1 1077 3933 6478 AND
2 1 6477 6478 6479 AND
2 1 6476 6479 6481 AND
2 1 21 38 6482 AND
2 1 22 37 6483 AND
2 1 6482 6483 6484 AND
2 1 6481 6484 6485 AND
2 1 6476 6479 6480 AND
2 1 20 39 6486 AND
2 1 6480 6486 6487 AND
2 1 6485 6487 6488 AND
2 1 6501 6488 6503 XOR
2 1 6518 6503 6520 XOR
2 1 6151 6152 6153 AND
2 1 6154 6155 6156 AND
2 1 6153 6156 6473 AND
2 1 6112 6177 6178 AND
2 1 6067 6179 6180 AND
2 1 6178 6180 6470 AND
2 1 44 49 6454 AND
2 1 446 6454 6455 AND
2 1 44 50 6456 AND
2 1 1096 6456 6457 AND
2 1 290 4935 6458 AND
2 1 6457 6458 6459 AND
2 1 6455 6459 6460 AND
2 1 9 50 6461 AND
2 1 6460 6461 6462 AND
2 1 10 49 6463 AND
2 1 4101 6463 6464 AND
2 1 6455 6459 6465 AND
2 1 6464 6465 6466 AND
2 1 6462 6466 6467 AND
2 1 18 52 6439 AND
2 1 4196 6439 6440 AND
2 1 41 53 6441 AND
2 1 1063 6441 6442 AND
2 1 171 5818 6443 AND
2 1 6442 6443 6444 AND
2 1 6440 6444 6446 AND
2 1 7 52 6447 AND
2 1 18 41 6448 AND
2 1 6447 6448 6449 AND
2 1 6446 6449 6450 AND
2 1 6440 6444 6445 AND
2 1 6 53 6451 AND
2 1 6445 6451 6452 AND
2 1 6450 6452 6453 AND
2 1 6467 6453 6469 XOR
2 1 6470 6469 6472 XOR
2 1 6473 6472 6475 XOR
2 1 6520 6475 6522 XOR
2 1 87 6016 6417 AND
2 1 19 55 6418 AND
2 1 3538 6418 6419 AND
2 1 6417 6419 6420 AND
2 1 5 54 6421 AND
2 1 19 40 6422 AND
2 1 6421 6422 6423 AND
2 1 6420 6423 6424 AND
2 1 4 55 6425 AND
2 1 6424 6425 6426 AND
2 1 6422 6421 6428 XOR
2 1 6420 6428 6429 AND
2 1 6426 6429 6430 AND
2 1 2 57 6407 AND
2 1 3 56 6408 AND
2 1 6407 6408 6409 AND
2 1 56 57 6410 AND
2 1 81 6410 6411 AND
2 1 6409 6411 6414 AND
2 1 2359 6175 6176 AND
2 1 6414 6176 6415 XOR
2 1 6267 6270 6272 AND
2 1 6415 6272 6416 XOR
2 1 6430 6416 6432 XOR
2 1 16 43 6396 AND
2 1 17 42 6397 AND
2 1 6396 6397 6398 AND
2 1 728 3874 6399 AND
2 1 6398 6399 6403 AND
2 1 8 51 6400 AND
2 1 6403 6400 6404 XOR
2 1 13 46 6386 AND
2 1 6386 1966 6392 XOR
2 1 28 31 6387 AND
2 1 6392 6387 6393 XOR
2 1 387 4060 6372 AND
2 1 383 4877 6373 AND
2 1 45 48 6374 AND
2 1 1178 6374 6375 AND
2 1 6373 6375 6376 AND
2 1 6372 6376 6378 AND
2 1 12 47 6379 AND
2 1 14 45 6380 AND
2 1 6379 6380 6381 AND
2 1 6378 6381 6382 AND
2 1 6372 6376 6377 AND
2 1 11 48 6383 AND
2 1 6377 6383 6384 AND
2 1 6382 6384 6385 AND
2 1 6393 6385 6395 XOR
2 1 6404 6395 6406 XOR
2 1 6432 6406 6434 XOR
2 1 6174 6181 6182 AND
2 1 6173 6183 6184 AND
2 1 6182 6184 6371 AND
2 1 6434 6371 6436 XOR
2 1 6157 6158 6159 AND
2 1 6150 6160 6161 AND
2 1 6159 6161 6370 AND
2 1 6436 6370 6438 XOR
2 1 6522 6438 6524 XOR
2 1 6556 6524 6557 XOR
2 1 6149 6162 6163 AND
2 1 6164 6168 6169 AND
2 1 6163 6169 6525 AND
2 1 6557 6525 6558 XOR
2 1 6190 6194 6195 AND
2 1 6186 6196 6197 AND
2 1 6195 6197 6361 AND
2 1 6002 6045 6187 AND
2 1 5990 6188 6189 AND
2 1 6187 6189 6358 AND
2 1 6020 6034 6191 AND
2 1 6058 6192 6193 AND
2 1 6191 6193 6355 AND
2 1 5972 6081 6285 AND
2 1 6286 6287 6288 AND
2 1 6285 6288 6354 AND
2 1 6355 6354 6357 XOR
2 1 6358 6357 6360 XOR
2 1 6361 6360 6363 XOR
2 1 6289 6326 6350 AND
2 1 6289 6326 6351 AND
2 1 6290 6351 6352 AND
2 1 6350 6352 6353 AND
2 1 6363 6353 6365 XOR
2 1 6185 6198 6346 AND
2 1 6185 6198 6347 AND
2 1 6172 6347 6348 AND
2 1 6346 6348 6349 AND
2 1 6365 6349 6367 XOR
2 1 6284 6328 6329 AND
2 1 6283 6330 6331 AND
2 1 6329 6331 6345 AND
2 1 6367 6345 6369 XOR
2 1 6558 6369 6559 XOR
2 1 6171 6200 6201 AND
2 1 6202 6332 6333 AND
2 1 6201 6333 6344 AND
2 1 6559 6344 6560 XOR
2 1 6564 6560 6565 XOR
2 1 6566 6565 6567 XOR
2 1 6565 6566 6798 AND
2 1 6560 6564 6796 AND
2 1 6176 6409 6412 AND
2 1 6411 6412 6413 AND
2 1 6513 6413 6780 XOR
2 1 6780 6465 6782 XOR
2 1 6420 6423 6427 AND
2 1 6481 6427 6776 XOR
2 1 6776 6499 6778 XOR
2 1 6782 6778 6784 XOR
2 1 6453 6467 6468 AND
2 1 6469 6470 6471 AND
2 1 6468 6471 6774 AND
2 1 6784 6774 6786 XOR
2 1 6385 6393 6394 AND
2 1 6395 6404 6405 AND
2 1 6394 6405 6770 AND
2 1 6488 6501 6502 AND
2 1 6503 6518 6519 AND
2 1 6502 6519 6767 AND
2 1 6398 6400 6401 AND
2 1 6399 6401 6402 AND
2 1 6446 6402 6764 XOR
2 1 1966 6387 6388 AND
2 1 6387 1966 6389 XOR
2 1 6386 6389 6390 AND
2 1 6388 6390 6391 AND
2 1 6764 6391 6766 XOR
2 1 6767 6766 6769 XOR
2 1 6770 6769 6772 XOR
2 1 6786 6772 6787 XOR
2 1 6406 6432 6433 AND
2 1 6371 6434 6435 AND
2 1 6433 6435 6773 AND
2 1 6787 6773 6788 XOR
2 1 41 55 6740 AND
2 1 1085 6740 6741 AND
2 1 168 6016 6742 AND
2 1 6741 6742 6743 AND
2 1 6 54 6744 AND
2 1 19 41 6745 AND
2 1 6744 6745 6746 AND
2 1 6743 6746 6747 AND
2 1 5 55 6748 AND
2 1 6747 6748 6749 AND
2 1 6745 6744 6751 XOR
2 1 6743 6751 6752 AND
2 1 6749 6752 6753 AND
2 1 496 4877 6725 AND
2 1 46 48 6726 AND
2 1 387 6726 6727 AND
2 1 493 4394 6728 AND
2 1 6727 6728 6729 AND
2 1 6725 6729 6730 AND
2 1 12 48 6732 AND
2 1 13 47 6733 AND
2 1 6732 6733 6734 AND
2 1 6725 6734 6735 AND
2 1 5792 6735 6736 AND
2 1 6730 6736 6737 AND
2 1 209 5818 6711 AND
2 1 18 53 6712 AND
2 1 4358 6712 6713 AND
2 1 6711 6713 6714 AND
2 1 18 42 6716 AND
2 1 8 52 6715 AND
2 1 6716 6715 6720 XOR
2 1 6714 6720 6721 AND
2 1 6715 6716 6717 AND
2 1 6714 6717 6718 AND
2 1 7 53 6722 AND
2 1 6718 6722 6723 AND
2 1 6721 6723 6724 AND
2 1 6737 6724 6739 XOR
2 1 6753 6739 6755 XOR
2 1 6309 6545 6546 AND
2 1 6297 6547 6548 AND
2 1 6546 6548 6708 AND
2 1 1740 2384 6694 AND
2 1 3111 5771 6695 AND
2 1 6694 6695 6696 AND
2 1 23 37 6697 AND
2 1 4558 6697 6698 AND
2 1 6696 6698 6699 AND
2 1 27 33 6700 AND
2 1 6699 6700 6701 AND
2 1 6697 4558 6703 XOR
2 1 6696 6703 6704 AND
2 1 6701 6704 6705 AND
2 1 1 59 6689 AND
2 1 6689 2632 6691 XOR
2 1 0 60 6686 AND
2 1 58 1802 6543 AND
2 1 6686 6543 6688 XOR
2 1 6691 6688 6693 XOR
2 1 6705 6693 6707 XOR
2 1 6708 6707 6710 XOR
2 1 6755 6710 6757 XOR
2 1 6542 6549 6550 AND
2 1 6549 6542 6551 XOR
2 1 6538 6551 6552 AND
2 1 6550 6552 6685 AND
2 1 6757 6685 6759 XOR
2 1 45 49 6664 AND
2 1 546 6664 6665 AND
2 1 474 4935 6666 AND
2 1 45 50 6667 AND
2 1 446 6667 6668 AND
2 1 6666 6668 6669 AND
2 1 6665 6669 6670 AND
2 1 10 50 6671 AND
2 1 6670 6671 6672 AND
2 1 11 49 6673 AND
2 1 15 45 6674 AND
2 1 6673 6674 6675 AND
2 1 6665 6669 6676 AND
2 1 6675 6676 6677 AND
2 1 6672 6677 6678 AND
2 1 44 51 6649 AND
2 1 569 6649 6650 AND
2 1 728 4099 6651 AND
2 1 5083 6072 6652 AND
2 1 6651 6652 6653 AND
2 1 6650 6653 6654 AND
2 1 17 43 6655 AND
2 1 6654 6655 6656 AND
2 1 6650 6653 6657 AND
2 1 9 51 6658 AND
2 1 16 44 6659 AND
2 1 6658 6659 6660 AND
2 1 6657 6660 6661 AND
2 1 6656 6661 6662 AND
2 1 6662 6378 6663 XOR
2 1 6678 6663 6680 XOR
2 1 6354 6355 6356 AND
2 1 6357 6358 6359 AND
2 1 6356 6359 6646 AND
2 1 1847 2522 6631 AND
2 1 1715 3550 6632 AND
2 1 1403 2920 6633 AND
2 1 6632 6633 6634 AND
2 1 6631 6634 6635 AND
2 1 24 36 6636 AND
2 1 6635 6636 6637 AND
2 1 6631 6634 6638 AND
2 1 25 35 6639 AND
2 1 26 34 6640 AND
2 1 6639 6640 6641 AND
2 1 6638 6641 6642 AND
2 1 6637 6642 6643 AND
2 1 1151 3933 6616 AND
2 1 1244 2899 6617 AND
2 1 1077 3200 6618 AND
2 1 6617 6618 6619 AND
2 1 6616 6619 6620 AND
2 1 20 40 6621 AND
2 1 6620 6621 6622 AND
2 1 21 39 6623 AND
2 1 22 38 6624 AND
2 1 6623 6624 6625 AND
2 1 6616 6619 6626 AND
2 1 6625 6626 6627 AND
2 1 6622 6627 6628 AND
2 1 73 6410 6602 AND
2 1 106 6203 6603 AND
2 1 57 58 6604 AND
2 1 81 6604 6605 AND
2 1 6603 6605 6606 AND
2 1 6602 6606 6608 AND
2 1 3 57 6609 AND
2 1 4 56 6610 AND
2 1 6609 6610 6611 AND
2 1 6608 6611 6612 AND
2 1 6602 6606 6607 AND
2 1 2 58 6613 AND
2 1 6607 6613 6614 AND
2 1 6612 6614 6615 AND
2 1 6628 6615 6630 XOR
2 1 6643 6630 6645 XOR
2 1 6646 6645 6648 XOR
2 1 6680 6648 6682 XOR
2 1 6360 6361 6362 AND
2 1 6353 6363 6364 AND
2 1 6362 6364 6601 AND
2 1 6682 6601 6684 XOR
2 1 6759 6684 6761 XOR
2 1 6788 6761 6789 XOR
2 1 6349 6365 6366 AND
2 1 6345 6367 6368 AND
2 1 6366 6368 6762 AND
2 1 6789 6762 6790 XOR
2 1 6472 6473 6474 AND
2 1 6475 6520 6521 AND
2 1 6474 6521 6592 AND
2 1 6526 6527 6528 AND
2 1 6529 6530 6531 AND
2 1 6528 6531 6589 AND
2 1 6416 6430 6431 AND
2 1 6272 6415 6585 AND
2 1 6431 6585 6586 AND
2 1 6211 6323 6535 AND
2 1 6238 6536 6537 AND
2 1 6535 6537 6582 AND
2 1 6222 6259 6539 AND
2 1 6249 6540 6541 AND
2 1 6539 6541 6581 AND
2 1 6582 6581 6584 XOR
2 1 6586 6584 6588 XOR
2 1 6589 6588 6591 XOR
2 1 6592 6591 6594 XOR
2 1 6532 6554 6577 AND
2 1 6532 6554 6578 AND
2 1 6534 6578 6579 AND
2 1 6577 6579 6580 AND
2 1 6594 6580 6596 XOR
2 1 6370 6436 6437 AND
2 1 6438 6522 6523 AND
2 1 6437 6523 6576 AND
2 1 6596 6576 6598 XOR
2 1 6524 6556 6572 AND
2 1 6524 6556 6573 AND
2 1 6525 6573 6574 AND
2 1 6572 6574 6575 AND
2 1 6598 6575 6600 XOR
2 1 6790 6600 6792 XOR
2 1 6369 6558 6568 AND
2 1 6369 6558 6569 AND
2 1 6344 6569 6570 AND
2 1 6568 6570 6571 AND
2 1 6792 6571 6795 XOR
2 1 6796 6795 6797 XOR
2 1 6798 6797 6799 XOR
2 1 6571 6792 6794 AND
2 1 6560 6564 7023 AND
2 1 6566 7023 7024 AND
2 1 6571 6792 6793 AND
2 1 6793 6796 7025 AND
2 1 7024 7025 7026 AND
2 1 6794 7026 7027 AND
2 1 1403 2805 6994 AND
2 1 36 39 6995 AND
2 1 4128 6995 6996 AND
2 1 1567 4213 6997 AND
2 1 6996 6997 6998 AND
2 1 6994 6998 6999 AND
2 1 22 39 7000 AND
2 1 6999 7000 7001 AND
2 1 24 37 7002 AND
2 1 25 36 7003 AND
2 1 7002 7003 7004 AND
2 1 6994 6998 7005 AND
2 1 7004 7005 7006 AND
2 1 7001 7006 7007 AND
2 1 20 41 6983 AND
2 1 21 40 6984 AND
2 1 6983 6984 6985 AND
2 1 1077 4198 6986 AND
2 1 6985 6986 6990 AND
2 1 6 55 6987 AND
2 1 6990 6987 6991 XOR
2 1 5 59 6967 AND
2 1 6212 6967 6968 AND
2 1 59 61 6969 AND
2 1 67 6969 6970 AND
2 1 5 61 6971 AND
2 1 5811 6971 6972 AND
2 1 6970 6972 6973 AND
2 1 6968 6973 6975 AND
2 1 2 59 6976 AND
2 1 5 56 6977 AND
2 1 6976 6977 6978 AND
2 1 6975 6978 6979 AND
2 1 6968 6973 6974 AND
2 1 0 61 6980 AND
2 1 6974 6980 6981 AND
2 1 6979 6981 6982 AND
2 1 6991 6982 6993 XOR
2 1 7007 6993 7009 XOR
2 1 6581 6582 6583 AND
2 1 6584 6586 6587 AND
2 1 6583 6587 6964 AND
2 1 29 32 6954 AND
2 1 2166 6954 6955 AND
2 1 1966 2906 6956 AND
2 1 6955 6956 6960 AND
2 1 13 48 6957 AND
2 1 6960 6957 6961 XOR
2 1 387 4879 6939 AND
2 1 14 50 6940 AND
2 1 6298 6940 6941 AND
2 1 383 4935 6942 AND
2 1 6941 6942 6943 AND
2 1 6939 6943 6944 AND
2 1 11 50 6945 AND
2 1 6944 6945 6946 AND
2 1 6939 6943 6947 AND
2 1 12 49 6948 AND
2 1 5795 6948 6949 AND
2 1 6947 6949 6950 AND
2 1 6946 6950 6951 AND
2 1 46 51 6926 AND
2 1 446 6926 6927 AND
2 1 608 4306 6928 AND
2 1 10 51 6929 AND
2 1 4545 6929 6930 AND
2 1 6928 6930 6931 AND
2 1 6927 6931 6932 AND
2 1 15 46 6934 AND
2 1 6929 6934 6935 AND
2 1 6927 6935 6936 AND
2 1 4545 6936 6937 AND
2 1 6932 6937 6938 AND
2 1 6951 6938 6953 XOR
2 1 6961 6953 6963 XOR
2 1 6964 6963 6966 XOR
2 1 7009 6966 7011 XOR
2 1 6588 6589 6590 AND
2 1 6591 6592 6593 AND
2 1 6590 6593 6925 AND
2 1 7011 6925 7013 XOR
2 1 6772 6786 6921 AND
2 1 6772 6786 6922 AND
2 1 6773 6922 6923 AND
2 1 6921 6923 6924 AND
2 1 7013 6924 7015 XOR
2 1 6693 6705 6706 AND
2 1 6707 6708 6709 AND
2 1 6706 6709 6898 AND
2 1 6724 6737 6738 AND
2 1 6739 6753 6754 AND
2 1 6738 6754 6895 AND
2 1 6543 6686 6687 AND
2 1 6688 6691 6692 AND
2 1 6687 6692 6892 AND
2 1 6714 6717 6719 AND
2 1 6719 6657 6891 XOR
2 1 6892 6891 6894 XOR
2 1 6895 6894 6897 XOR
2 1 6898 6897 6900 XOR
2 1 6710 6755 6756 AND
2 1 6685 6757 6758 AND
2 1 6756 6758 6889 AND
2 1 6900 6889 6918 XOR
2 1 6743 6746 6750 AND
2 1 6750 6608 6907 XOR
2 1 6907 6676 6909 XOR
2 1 6696 6698 6702 AND
2 1 6702 6638 6903 XOR
2 1 6903 6626 6905 XOR
2 1 6909 6905 6911 XOR
2 1 6615 6628 6629 AND
2 1 6630 6643 6644 AND
2 1 6629 6644 6901 AND
2 1 6911 6901 6913 XOR
2 1 6918 6913 6919 XOR
2 1 7015 6919 7016 XOR
2 1 6580 6594 6595 AND
2 1 6576 6596 6597 AND
2 1 6595 6597 6920 AND
2 1 7016 6920 7017 XOR
2 1 1 60 6870 AND
2 1 6870 31 6872 XOR
2 1 2632 6689 6690 AND
2 1 6872 6690 6874 XOR
2 1 6725 6729 6731 AND
2 1 6874 6731 6876 XOR
2 1 6427 6481 6775 AND
2 1 6499 6776 6777 AND
2 1 6775 6777 6869 AND
2 1 6876 6869 6878 XOR
2 1 6663 6678 6679 AND
2 1 6378 6662 6867 AND
2 1 6679 6867 6868 AND
2 1 6878 6868 6880 XOR
2 1 3 58 6854 AND
2 1 4 57 6855 AND
2 1 6854 6855 6856 AND
2 1 73 6604 6857 AND
2 1 6856 6857 6861 AND
2 1 23 38 6858 AND
2 1 6861 6858 6862 XOR
2 1 6402 6446 6763 AND
2 1 6391 6764 6765 AND
2 1 6763 6765 6853 AND
2 1 6862 6853 6864 XOR
2 1 6413 6513 6779 AND
2 1 6465 6780 6781 AND
2 1 6779 6781 6852 AND
2 1 6864 6852 6866 XOR
2 1 6880 6866 6882 XOR
2 1 6645 6646 6647 AND
2 1 6648 6680 6681 AND
2 1 6647 6681 6851 AND
2 1 6882 6851 6884 XOR
2 1 6778 6782 6783 AND
2 1 6774 6784 6785 AND
2 1 6783 6785 6846 AND
2 1 1740 3181 6832 AND
2 1 2117 2251 6833 AND
2 1 1643 2522 6834 AND
2 1 6833 6834 6835 AND
2 1 6832 6835 6836 AND
2 1 26 35 6837 AND
2 1 6836 6837 6838 AND
2 1 6832 6835 6839 AND
2 1 28 33 6840 AND
2 1 2665 6840 6841 AND
2 1 6839 6841 6842 AND
2 1 6838 6842 6843 AND
2 1 44 52 6816 AND
2 1 1229 6816 6817 AND
2 1 5083 6439 6818 AND
2 1 732 4099 6819 AND
2 1 6818 6819 6820 AND
2 1 6817 6820 6821 AND
2 1 18 43 6822 AND
2 1 6821 6822 6823 AND
2 1 6817 6820 6824 AND
2 1 9 52 6825 AND
2 1 17 44 6826 AND
2 1 6825 6826 6827 AND
2 1 6824 6827 6828 AND
2 1 6823 6828 6829 AND
2 1 7 54 6807 AND
2 1 8 53 6808 AND
2 1 6807 6808 6809 AND
2 1 209 6014 6810 AND
2 1 6809 6810 6814 AND
2 1 19 42 6811 AND
2 1 6814 6811 6815 XOR
2 1 6829 6815 6831 XOR
2 1 6843 6831 6845 XOR
2 1 6846 6845 6848 XOR
2 1 6766 6767 6768 AND
2 1 6769 6770 6771 AND
2 1 6768 6771 6806 AND
2 1 6848 6806 6850 XOR
2 1 6884 6850 6886 XOR
2 1 6601 6682 6683 AND
2 1 6684 6759 6760 AND
2 1 6683 6760 6805 AND
2 1 6886 6805 6888 XOR
2 1 7017 6888 7018 XOR
2 1 6761 6788 6801 AND
2 1 6761 6788 6802 AND
2 1 6762 6802 6803 AND
2 1 6801 6803 6804 AND
2 1 7018 6804 7019 XOR
2 1 6575 6598 6599 AND
2 1 6600 6790 6791 AND
2 1 6599 6791 6800 AND
2 1 7019 6800 7022 XOR
2 1 7027 7022 7028 XOR
2 1 6894 6895 6896 AND
2 1 6897 6898 6899 AND
2 1 6896 6899 7243 AND
2 1 6869 6876 6877 AND
2 1 6868 6878 6879 AND
2 1 6877 6879 7240 AND
2 1 6905 6909 6910 AND
2 1 6901 6911 6912 AND
2 1 6910 6912 7239 AND
2 1 7240 7239 7242 XOR
2 1 7243 7242 7245 XOR
2 1 6845 6846 6847 AND
2 1 6806 6848 6849 AND
2 1 6847 6849 7236 AND
2 1 1 61 7223 AND
2 1 7223 1869 7225 XOR
2 1 6955 6957 6958 AND
2 1 6956 6958 6959 AND
2 1 7225 6959 7227 XOR
2 1 7227 6947 7229 XOR
2 1 6856 6858 6859 AND
2 1 6857 6859 6860 AND
2 1 6860 6839 7220 XOR
2 1 7220 7005 7222 XOR
2 1 7229 7222 7231 XOR
2 1 6985 6987 6988 AND
2 1 6986 6988 6989 AND
2 1 6989 6975 7216 XOR
2 1 6809 6811 6812 AND
2 1 6810 6812 6813 AND
2 1 7216 6813 7218 XOR
2 1 7231 7218 7233 XOR
2 1 6938 6951 6952 AND
2 1 6953 6961 6962 AND
2 1 6952 6962 7212 AND
2 1 6982 6991 6992 AND
2 1 6993 7007 7008 AND
2 1 6992 7008 7209 AND
2 1 6608 6750 6906 AND
2 1 6676 6907 6908 AND
2 1 6906 6908 7208 AND
2 1 7209 7208 7211 XOR
2 1 7212 7211 7214 XOR
2 1 7233 7214 7235 XOR
2 1 7236 7235 7238 XOR
2 1 7245 7238 7247 XOR
2 1 6925 7011 7012 AND
2 1 6924 7013 7014 AND
2 1 7012 7014 7246 AND
2 1 7247 7246 7248 XOR
2 1 6 56 7183 AND
2 1 7 55 7184 AND
2 1 7183 7184 7185 AND
2 1 55 56 7186 AND
2 1 171 7186 7187 AND
2 1 7185 7187 7191 AND
2 1 20 42 7188 AND
2 1 7191 7188 7192 XOR
2 1 493 4881 7168 AND
2 1 387 4580 7169 AND
2 1 496 4935 7170 AND
2 1 7169 7170 7171 AND
2 1 7168 7171 7172 AND
2 1 12 50 7173 AND
2 1 7172 7173 7174 AND
2 1 13 49 7175 AND
2 1 14 48 7176 AND
2 1 7175 7176 7177 AND
2 1 7168 7171 7178 AND
2 1 7177 7178 7179 AND
2 1 7174 7179 7180 AND
2 1 47 51 7154 AND
2 1 546 7154 7155 AND
2 1 1350 6926 7156 AND
2 1 608 4394 7157 AND
2 1 7156 7157 7158 AND
2 1 7155 7158 7160 AND
2 1 11 51 7161 AND
2 1 15 47 7162 AND
2 1 7161 7162 7163 AND
2 1 7160 7163 7164 AND
2 1 7155 7158 7159 AND
2 1 16 46 7165 AND
2 1 7159 7165 7166 AND
2 1 7164 7166 7167 AND
2 1 7180 7167 7182 XOR
2 1 7192 7182 7194 XOR
2 1 45 52 7137 AND
2 1 1362 7137 7138 AND
2 1 290 5818 7139 AND
2 1 17 53 7140 AND
2 1 5473 7140 7141 AND
2 1 7139 7141 7142 AND
2 1 7138 7142 7143 AND
2 1 9 53 7144 AND
2 1 7143 7144 7145 AND
2 1 7138 7142 7146 AND
2 1 10 52 7147 AND
2 1 17 45 7148 AND
2 1 7147 7148 7149 AND
2 1 7146 7149 7150 AND
2 1 7145 7150 7151 AND
2 1 25 37 7127 AND
2 1 26 36 7128 AND
2 1 7127 7128 7129 AND
2 1 1847 2805 7130 AND
2 1 7129 7130 7133 AND
2 1 21 41 7126 AND
2 1 7133 7126 7134 XOR
2 1 0 62 7117 AND
2 1 2 60 7118 AND
2 1 7117 7118 7119 AND
2 1 60 62 7120 AND
2 1 67 7120 7121 AND
2 1 7119 7121 7124 AND
2 1 31 6870 6871 AND
2 1 7124 6871 7125 XOR
2 1 7134 7125 7136 XOR
2 1 7151 7136 7153 XOR
2 1 7194 7153 7195 XOR
2 1 1218 3933 7102 AND
2 1 1567 2899 7103 AND
2 1 1413 3200 7104 AND
2 1 7103 7104 7105 AND
2 1 7102 7105 7106 AND
2 1 22 40 7107 AND
2 1 7106 7107 7108 AND
2 1 7102 7105 7109 AND
2 1 23 39 7110 AND
2 1 24 38 7111 AND
2 1 7110 7111 7112 AND
2 1 7109 7112 7113 AND
2 1 7108 7113 7114 AND
2 1 1743 3181 7087 AND
2 1 1511 2251 7088 AND
2 1 1740 2522 7089 AND
2 1 7088 7089 7090 AND
2 1 7087 7090 7091 AND
2 1 27 35 7092 AND
2 1 7091 7092 7093 AND
2 1 7087 7090 7094 AND
2 1 28 34 7095 AND
2 1 29 33 7096 AND
2 1 7095 7096 7097 AND
2 1 7094 7097 7098 AND
2 1 7093 7098 7099 AND
2 1 8 54 7072 AND
2 1 18 44 7073 AND
2 1 7072 7073 7074 AND
2 1 18 54 7075 AND
2 1 5043 7075 7076 AND
2 1 808 4099 7077 AND
2 1 19 54 7078 AND
2 1 4821 7078 7079 AND
2 1 7077 7079 7080 AND
2 1 7076 7080 7082 AND
2 1 7074 7082 7083 AND
2 1 7076 7080 7081 AND
2 1 19 43 7084 AND
2 1 7081 7084 7085 AND
2 1 7083 7085 7086 AND
2 1 7099 7086 7101 XOR
2 1 7114 7101 7116 XOR
2 1 7195 7116 7197 XOR
2 1 6866 6880 6881 AND
2 1 6851 6882 6883 AND
2 1 6881 6883 7071 AND
2 1 7197 7071 7199 XOR
2 1 6900 6913 6914 AND
2 1 6913 6900 6915 XOR
2 1 6889 6915 6916 AND
2 1 6914 6916 6917 AND
2 1 7199 6917 7201 XOR
2 1 6638 6702 6902 AND
2 1 6626 6903 6904 AND
2 1 6902 6904 7065 AND
2 1 6690 6872 6873 AND
2 1 6731 6874 6875 AND
2 1 6873 6875 7062 AND
2 1 6657 6719 6890 AND
2 1 6891 6892 6893 AND
2 1 6890 6893 7061 AND
2 1 7062 7061 7064 XOR
2 1 7065 7064 7067 XOR
2 1 6853 6862 6863 AND
2 1 6852 6864 6865 AND
2 1 6863 6865 7058 AND
2 1 6815 6829 6830 AND
2 1 6831 6843 6844 AND
2 1 6830 6844 7055 AND
2 1 87 6604 7038 AND
2 1 57 59 7039 AND
2 1 144 7039 7040 AND
2 1 58 59 7041 AND
2 1 73 7041 7042 AND
2 1 7040 7042 7043 AND
2 1 7038 7043 7044 AND
2 1 3 59 7045 AND
2 1 7044 7045 7046 AND
2 1 7038 7043 7047 AND
2 1 4 58 7048 AND
2 1 5 57 7049 AND
2 1 7048 7049 7050 AND
2 1 7047 7050 7051 AND
2 1 7046 7051 7052 AND
2 1 6927 6931 6933 AND
2 1 6933 6824 7037 XOR
2 1 7052 7037 7054 XOR
2 1 7055 7054 7057 XOR
2 1 7058 7057 7060 XOR
2 1 7067 7060 7069 XOR
2 1 6963 6964 6965 AND
2 1 6966 7009 7010 AND
2 1 6965 7010 7068 AND
2 1 7069 7068 7070 XOR
2 1 7201 7070 7202 XOR
2 1 6850 6884 6885 AND
2 1 6805 6886 6887 AND
2 1 6885 6887 7035 AND
2 1 7202 7035 7203 XOR
2 1 7248 7203 7249 XOR
2 1 6919 7015 7204 AND
2 1 6919 7015 7205 AND
2 1 6920 7205 7206 AND
2 1 7204 7206 7207 AND
2 1 7249 7207 7250 XOR
2 1 6888 7017 7031 AND
2 1 6888 7017 7032 AND
2 1 6804 7032 7033 AND
2 1 7031 7033 7034 AND
2 1 7250 7034 7256 XOR
2 1 6800 7019 7020 AND
2 1 6800 7019 7021 AND
2 1 7021 7027 7029 AND
2 1 7020 7029 7030 AND
2 1 7256 7030 7257 XOR
2 1 21 42 7464 AND
2 1 22 41 7465 AND
2 1 7464 7465 7466 AND
2 1 1151 4140 7467 AND
2 1 7466 7467 7471 AND
2 1 5 58 7468 AND
2 1 7471 7468 7472 XOR
2 1 7472 7160 7473 XOR
2 1 59 60 7449 AND
2 1 73 7449 7450 AND
2 1 106 6969 7451 AND
2 1 60 61 7452 AND
2 1 81 7452 7453 AND
2 1 7451 7453 7454 AND
2 1 7450 7454 7455 AND
2 1 2 61 7456 AND
2 1 7455 7456 7457 AND
2 1 7450 7454 7458 AND
2 1 3 60 7459 AND
2 1 4 59 7460 AND
2 1 7459 7460 7461 AND
2 1 7458 7461 7462 AND
2 1 7457 7462 7463 AND
2 1 7473 7463 7474 XOR
2 1 44 55 7432 AND
2 1 1360 7432 7433 AND
2 1 209 7186 7434 AND
2 1 44 56 7435 AND
2 1 1215 7435 7436 AND
2 1 7434 7436 7437 AND
2 1 7433 7437 7438 AND
2 1 7 56 7439 AND
2 1 7438 7439 7440 AND
2 1 8 55 7441 AND
2 1 19 44 7442 AND
2 1 7441 7442 7443 AND
2 1 7433 7437 7444 AND
2 1 7443 7444 7445 AND
2 1 7440 7445 7446 AND
2 1 14 49 7426 AND
2 1 30 33 7423 AND
2 1 7423 2906 7425 XOR
2 1 7426 7425 7429 XOR
2 1 23 40 7419 AND
2 1 20 43 7416 AND
2 1 6 57 7415 AND
2 1 7416 7415 7418 XOR
2 1 7419 7418 7422 XOR
2 1 7429 7422 7431 XOR
2 1 7446 7431 7448 XOR
2 1 7474 7448 7475 XOR
2 1 496 5130 7401 AND
2 1 551 4580 7402 AND
2 1 12 51 7403 AND
2 1 5747 7403 7404 AND
2 1 7402 7404 7405 AND
2 1 7401 7405 7406 AND
2 1 13 50 7408 AND
2 1 7403 7408 7409 AND
2 1 7401 7409 7410 AND
2 1 5747 7410 7411 AND
2 1 7406 7411 7412 AND
2 1 47 52 7384 AND
2 1 1350 7384 7385 AND
2 1 474 5818 7386 AND
2 1 16 53 7387 AND
2 1 6040 7387 7388 AND
2 1 7386 7388 7389 AND
2 1 7385 7389 7390 AND
2 1 10 53 7391 AND
2 1 7390 7391 7392 AND
2 1 11 52 7393 AND
2 1 16 47 7394 AND
2 1 7393 7394 7395 AND
2 1 7385 7389 7396 AND
2 1 7395 7396 7397 AND
2 1 7392 7397 7398 AND
2 1 46 54 7370 AND
2 1 1229 7370 7371 AND
2 1 5473 7075 7372 AND
2 1 732 4306 7373 AND
2 1 7372 7373 7374 AND
2 1 7371 7374 7376 AND
2 1 9 54 7377 AND
2 1 17 46 7378 AND
2 1 7377 7378 7379 AND
2 1 7376 7379 7380 AND
2 1 7371 7374 7375 AND
2 1 18 45 7381 AND
2 1 7375 7381 7382 AND
2 1 7380 7382 7383 AND
2 1 7398 7383 7400 XOR
2 1 7412 7400 7414 XOR
2 1 7475 7414 7477 XOR
2 1 7060 7067 7366 AND
2 1 7060 7067 7367 AND
2 1 7068 7367 7368 AND
2 1 7366 7368 7369 AND
2 1 7477 7369 7479 XOR
2 1 7214 7233 7234 AND
2 1 7235 7236 7237 AND
2 1 7234 7237 7365 AND
2 1 7479 7365 7481 XOR
2 1 1743 2522 7341 AND
2 1 1511 3550 7342 AND
2 1 1740 2920 7343 AND
2 1 7342 7343 7344 AND
2 1 7341 7344 7345 AND
2 1 27 36 7346 AND
2 1 7345 7346 7347 AND
2 1 28 35 7348 AND
2 1 29 34 7349 AND
2 1 7348 7349 7350 AND
2 1 7341 7344 7351 AND
2 1 7350 7351 7352 AND
2 1 7347 7352 7353 AND
2 1 1847 3522 7328 AND
2 1 1715 4213 7329 AND
2 1 1403 3933 7330 AND
2 1 7329 7330 7331 AND
2 1 7328 7331 7333 AND
2 1 25 38 7334 AND
2 1 26 37 7335 AND
2 1 7334 7335 7336 AND
2 1 7333 7336 7337 AND
2 1 7328 7331 7332 AND
2 1 24 39 7338 AND
2 1 7332 7338 7339 AND
2 1 7337 7339 7340 AND
2 1 7353 7340 7355 XOR
2 1 1 62 7324 AND
2 1 7324 32 7325 XOR
2 1 0 63 7321 AND
2 1 1869 7223 7224 AND
2 1 7321 7224 7323 XOR
2 1 7325 7323 7327 XOR
2 1 7355 7327 7356 XOR
2 1 7125 7134 7135 AND
2 1 7136 7151 7152 AND
2 1 7135 7152 7318 AND
2 1 7061 7062 7063 AND
2 1 7064 7065 7066 AND
2 1 7063 7066 7317 AND
2 1 7318 7317 7320 XOR
2 1 7356 7320 7358 XOR
2 1 7167 7180 7181 AND
2 1 7182 7192 7193 AND
2 1 7181 7193 7314 AND
2 1 7086 7099 7100 AND
2 1 7101 7114 7115 AND
2 1 7100 7115 7311 AND
2 1 7146 7094 7308 XOR
2 1 7308 7082 7310 XOR
2 1 7311 7310 7313 XOR
2 1 7314 7313 7316 XOR
2 1 7358 7316 7360 XOR
2 1 7239 7240 7241 AND
2 1 7242 7243 7244 AND
2 1 7241 7244 7306 AND
2 1 7360 7306 7362 XOR
2 1 7238 7245 7302 AND
2 1 7238 7245 7303 AND
2 1 7246 7303 7304 AND
2 1 7302 7304 7305 AND
2 1 7362 7305 7364 XOR
2 1 7481 7364 7483 XOR
2 1 7070 7201 7296 AND
2 1 7070 7201 7297 AND
2 1 7035 7297 7298 AND
2 1 7296 7298 7299 AND
2 1 7126 7129 7131 AND
2 1 7130 7131 7132 AND
2 1 7132 7047 7283 XOR
2 1 6871 7119 7122 AND
2 1 7121 7122 7123 AND
2 1 7283 7123 7285 XOR
2 1 7185 7188 7189 AND
2 1 7187 7189 7190 AND
2 1 7190 7109 7279 XOR
2 1 7279 7178 7281 XOR
2 1 7285 7281 7287 XOR
2 1 6975 6989 7215 AND
2 1 6813 7216 7217 AND
2 1 7215 7217 7286 AND
2 1 7287 7286 7288 XOR
2 1 6959 7225 7226 AND
2 1 6947 7227 7228 AND
2 1 7226 7228 7273 AND
2 1 6839 6860 7219 AND
2 1 7005 7220 7221 AND
2 1 7219 7221 7272 AND
2 1 7273 7272 7274 XOR
2 1 6824 6933 7036 AND
2 1 7037 7052 7053 AND
2 1 7036 7053 7271 AND
2 1 7274 7271 7275 XOR
2 1 7288 7275 7289 XOR
2 1 7116 7195 7196 AND
2 1 7153 7194 7276 AND
2 1 7196 7276 7277 AND
2 1 7289 7277 7290 XOR
2 1 7054 7055 7056 AND
2 1 7057 7058 7059 AND
2 1 7056 7059 7268 AND
2 1 7208 7209 7210 AND
2 1 7211 7212 7213 AND
2 1 7210 7213 7265 AND
2 1 7222 7229 7230 AND
2 1 7218 7231 7232 AND
2 1 7230 7232 7264 AND
2 1 7265 7264 7267 XOR
2 1 7268 7267 7270 XOR
2 1 7290 7270 7292 XOR
2 1 7071 7197 7198 AND
2 1 6917 7199 7200 AND
2 1 7198 7200 7263 AND
2 1 7292 7263 7295 XOR
2 1 7299 7295 7301 XOR
2 1 7483 7301 7485 XOR
2 1 7203 7248 7259 AND
2 1 7203 7248 7260 AND
2 1 7207 7260 7261 AND
2 1 7259 7261 7262 AND
2 1 7485 7262 7488 XOR
2 1 7034 7250 7251 AND
2 1 7020 7027 7253 AND
2 1 7034 7250 7252 AND
2 1 7021 7252 7254 AND
2 1 7253 7254 7255 AND
2 1 7251 7255 7258 AND
2 1 7488 7258 7489 XOR
2 1 7295 7299 7300 AND
2 1 7301 7483 7484 AND
2 1 7300 7484 7715 AND
2 1 383 5818 7691 AND
2 1 548 5646 7692 AND
2 1 496 5447 7693 AND
2 1 7692 7693 7694 AND
2 1 7691 7694 7695 AND
2 1 13 51 7696 AND
2 1 7695 7696 7697 AND
2 1 11 53 7698 AND
2 1 12 52 7699 AND
2 1 7698 7699 7700 AND
2 1 7691 7694 7701 AND
2 1 7700 7701 7702 AND
2 1 7697 7702 7703 AND
2 1 49 55 7677 AND
2 1 1096 7677 7678 AND
2 1 290 6016 7679 AND
2 1 7678 7679 7680 AND
2 1 15 49 7682 AND
2 1 10 54 7681 AND
2 1 7682 7681 7686 XOR
2 1 7680 7686 7687 AND
2 1 7681 7682 7683 AND
2 1 7680 7683 7684 AND
2 1 9 55 7688 AND
2 1 7684 7688 7689 AND
2 1 7687 7689 7690 AND
2 1 7703 7690 7705 XOR
2 1 32 62 7672 AND
2 1 7672 63 7673 XOR
2 1 1 7673 7674 AND
2 1 2906 7423 7424 AND
2 1 7425 7426 7427 AND
2 1 7424 7427 7428 AND
2 1 7674 7428 7676 XOR
2 1 7705 7676 7706 XOR
2 1 7160 7472 7664 AND
2 1 7160 7472 7665 AND
2 1 7463 7665 7666 AND
2 1 7664 7666 7667 AND
2 1 7272 7273 7660 AND
2 1 7272 7273 7661 AND
2 1 7271 7661 7662 AND
2 1 7660 7662 7663 AND
2 1 7667 7663 7669 XOR
2 1 7706 7669 7708 XOR
2 1 7383 7398 7399 AND
2 1 7400 7412 7413 AND
2 1 7399 7413 7656 AND
2 1 7422 7429 7430 AND
2 1 7431 7446 7447 AND
2 1 7430 7447 7653 AND
2 1 7401 7405 7407 AND
2 1 7407 7333 7650 XOR
2 1 7650 7396 7652 XOR
2 1 7653 7652 7655 XOR
2 1 7656 7655 7658 XOR
2 1 7708 7658 7709 XOR
2 1 7264 7265 7266 AND
2 1 7267 7268 7269 AND
2 1 7266 7269 7659 AND
2 1 7709 7659 7710 XOR
2 1 7281 7285 7639 AND
2 1 7281 7285 7640 AND
2 1 7286 7640 7641 AND
2 1 7639 7641 7642 AND
2 1 7310 7311 7312 AND
2 1 7313 7314 7315 AND
2 1 7312 7315 7638 AND
2 1 7642 7638 7644 XOR
2 1 7047 7132 7282 AND
2 1 7123 7283 7284 AND
2 1 7282 7284 7635 AND
2 1 7094 7146 7307 AND
2 1 7082 7308 7309 AND
2 1 7307 7309 7632 AND
2 1 7109 7190 7278 AND
2 1 7178 7279 7280 AND
2 1 7278 7280 7631 AND
2 1 7632 7631 7634 XOR
2 1 7635 7634 7637 XOR
2 1 7644 7637 7646 XOR
2 1 73 7452 7610 AND
2 1 106 7120 7611 AND
2 1 61 62 7612 AND
2 1 81 7612 7613 AND
2 1 7611 7613 7614 AND
2 1 7610 7614 7615 AND
2 1 2 62 7616 AND
2 1 7615 7616 7617 AND
2 1 7610 7614 7618 AND
2 1 3 61 7619 AND
2 1 4 60 7620 AND
2 1 7619 7620 7621 AND
2 1 7618 7621 7622 AND
2 1 7617 7622 7623 AND
2 1 7224 7321 7322 AND
2 1 7323 7325 7326 AND
2 1 7322 7326 7608 AND
2 1 808 4306 7600 AND
2 1 18 46 7601 AND
2 1 19 45 7602 AND
2 1 7601 7602 7603 AND
2 1 7600 7603 7606 AND
2 1 7606 6967 7607 XOR
2 1 7608 7607 7609 XOR
2 1 7623 7609 7625 XOR
2 1 30 34 7591 AND
2 1 1950 7591 7592 AND
2 1 2166 3181 7593 AND
2 1 7592 7593 7596 AND
2 1 7596 6940 7597 XOR
2 1 1743 2920 7577 AND
2 1 1511 3888 7578 AND
2 1 1740 2805 7579 AND
2 1 7578 7579 7580 AND
2 1 7577 7580 7581 AND
2 1 28 36 7583 AND
2 1 29 35 7584 AND
2 1 7583 7584 7585 AND
2 1 7577 7585 7586 AND
2 1 3111 7586 7587 AND
2 1 7581 7587 7588 AND
2 1 8 56 7568 AND
2 1 5193 7568 7569 AND
2 1 48 56 7570 AND
2 1 1089 7570 7571 AND
2 1 7569 7571 7575 AND
2 1 26 38 7572 AND
2 1 7575 7572 7576 XOR
2 1 7588 7576 7590 XOR
2 1 7597 7590 7599 XOR
2 1 7625 7599 7626 XOR
2 1 1403 3200 7553 AND
2 1 1128 3052 7554 AND
2 1 1218 4198 7555 AND
2 1 7554 7555 7556 AND
2 1 7553 7556 7557 AND
2 1 23 41 7558 AND
2 1 7557 7558 7559 AND
2 1 7553 7556 7560 AND
2 1 24 40 7561 AND
2 1 25 39 7562 AND
2 1 7561 7562 7563 AND
2 1 7560 7563 7564 AND
2 1 7559 7564 7565 AND
2 1 1151 3874 7538 AND
2 1 1244 3583 7539 AND
2 1 1077 4099 7540 AND
2 1 7539 7540 7541 AND
2 1 7538 7541 7542 AND
2 1 20 44 7543 AND
2 1 7542 7543 7544 AND
2 1 7538 7541 7545 AND
2 1 21 43 7546 AND
2 1 22 42 7547 AND
2 1 7546 7547 7548 AND
2 1 7545 7548 7549 AND
2 1 7544 7549 7550 AND
2 1 7 57 7524 AND
2 1 4589 7524 7525 AND
2 1 17 57 7526 AND
2 1 5459 7526 7527 AND
2 1 17 58 7528 AND
2 1 5164 7528 7529 AND
2 1 171 6604 7530 AND
2 1 7529 7530 7531 AND
2 1 7527 7531 7533 AND
2 1 7525 7533 7534 AND
2 1 7527 7531 7532 AND
2 1 6 58 7535 AND
2 1 7532 7535 7536 AND
2 1 7534 7536 7537 AND
2 1 7550 7537 7552 XOR
2 1 7565 7552 7567 XOR
2 1 7626 7567 7628 XOR
2 1 7275 7288 7520 AND
2 1 7275 7288 7521 AND
2 1 7277 7521 7522 AND
2 1 7520 7522 7523 AND
2 1 7628 7523 7630 XOR
2 1 7646 7630 7648 XOR
2 1 7710 7648 7711 XOR
2 1 7270 7290 7291 AND
2 1 7263 7292 7293 AND
2 1 7291 7293 7294 AND
2 1 7711 7294 7712 XOR
2 1 7466 7468 7469 AND
2 1 7467 7469 7470 AND
2 1 7470 7458 7505 XOR
2 1 7505 7444 7507 XOR
2 1 7415 7416 7417 AND
2 1 7418 7419 7420 AND
2 1 7417 7420 7421 AND
2 1 7421 7376 7501 XOR
2 1 7501 7351 7503 XOR
2 1 7507 7503 7509 XOR
2 1 7340 7353 7354 AND
2 1 7327 7355 7498 AND
2 1 7354 7498 7499 AND
2 1 7509 7499 7511 XOR
2 1 7414 7475 7476 AND
2 1 7448 7474 7495 AND
2 1 7476 7495 7496 AND
2 1 7511 7496 7512 XOR
2 1 7317 7318 7319 AND
2 1 7320 7356 7357 AND
2 1 7319 7357 7497 AND
2 1 7512 7497 7513 XOR
2 1 7316 7358 7359 AND
2 1 7306 7360 7361 AND
2 1 7359 7361 7494 AND
2 1 7513 7494 7515 XOR
2 1 7369 7477 7478 AND
2 1 7365 7479 7480 AND
2 1 7478 7480 7493 AND
2 1 7515 7493 7517 XOR
2 1 7305 7362 7363 AND
2 1 7364 7481 7482 AND
2 1 7363 7482 7492 AND
2 1 7517 7492 7519 XOR
2 1 7712 7519 7714 XOR
2 1 7715 7714 7721 XOR
2 1 7262 7485 7487 AND
2 1 7262 7485 7486 AND
2 1 7258 7486 7490 AND
2 1 7487 7490 7491 AND
2 1 7721 7491 7722 XOR
2 1 7652 7653 7654 AND
2 1 7655 7656 7657 AND
2 1 7654 7657 7935 AND
2 1 7503 7507 7508 AND
2 1 7499 7509 7510 AND
2 1 7508 7510 7934 AND
2 1 7935 7934 7936 XOR
2 1 7458 7470 7504 AND
2 1 7444 7505 7506 AND
2 1 7504 7506 7931 AND
2 1 7376 7421 7500 AND
2 1 7351 7501 7502 AND
2 1 7500 7502 7928 AND
2 1 7333 7407 7649 AND
2 1 7396 7650 7651 AND
2 1 7649 7651 7927 AND
2 1 7928 7927 7930 XOR
2 1 7931 7930 7933 XOR
2 1 7936 7933 7938 XOR
2 1 171 7041 7906 AND
2 1 58 60 7907 AND
2 1 121 7907 7908 AND
2 1 168 7449 7909 AND
2 1 7908 7909 7910 AND
2 1 7906 7910 7911 AND
2 1 5 60 7912 AND
2 1 7911 7912 7913 AND
2 1 7906 7910 7914 AND
2 1 6 59 7915 AND
2 1 7 58 7916 AND
2 1 7915 7916 7917 AND
2 1 7914 7917 7918 AND
2 1 7913 7918 7919 AND
2 1 62 63 7670 AND
2 1 2020 7670 7671 AND
2 1 7428 7674 7675 AND
2 1 7671 7675 7904 AND
2 1 21 44 7895 AND
2 1 22 43 7896 AND
2 1 7895 7896 7897 AND
2 1 1151 4099 7898 AND
2 1 7897 7898 7902 AND
2 1 8 57 7899 AND
2 1 7902 7899 7903 XOR
2 1 7904 7903 7905 XOR
2 1 7919 7905 7921 XOR
2 1 5426 33 7891 XOR
2 1 3 62 7886 AND
2 1 7891 7886 7892 XOR
2 1 2906 3181 7874 AND
2 1 2384 3084 7875 AND
2 1 2166 2522 7876 AND
2 1 7875 7876 7877 AND
2 1 7874 7877 7878 AND
2 1 2384 5054 7880 AND
2 1 7874 7880 7881 AND
2 1 3084 7881 7882 AND
2 1 7878 7882 7883 AND
2 1 29 36 7870 AND
2 1 19 46 7867 AND
2 1 11 54 7866 AND
2 1 7867 7866 7869 XOR
2 1 7870 7869 7873 XOR
2 1 7883 7873 7885 XOR
2 1 7892 7885 7894 XOR
2 1 7921 7894 7922 XOR
2 1 1740 3522 7851 AND
2 1 2117 4213 7852 AND
2 1 1643 3933 7853 AND
2 1 7852 7853 7854 AND
2 1 7851 7854 7855 AND
2 1 26 39 7856 AND
2 1 7855 7856 7857 AND
2 1 7851 7854 7858 AND
2 1 27 38 7859 AND
2 1 28 37 7860 AND
2 1 7859 7860 7861 AND
2 1 7858 7861 7862 AND
2 1 7857 7862 7863 AND
2 1 1403 4198 7836 AND
2 1 1128 5029 7837 AND
2 1 1218 4140 7838 AND
2 1 7837 7838 7839 AND
2 1 7836 7839 7840 AND
2 1 23 42 7841 AND
2 1 7840 7841 7842 AND
2 1 24 41 7843 AND
2 1 25 40 7844 AND
2 1 7843 7844 7845 AND
2 1 7836 7839 7846 AND
2 1 7845 7846 7847 AND
2 1 7842 7847 7848 AND
2 1 20 56 7822 AND
2 1 5473 7822 7823 AND
2 1 290 7186 7824 AND
2 1 7823 7824 7825 AND
2 1 20 45 7827 AND
2 1 10 55 7826 AND
2 1 7827 7826 7831 XOR
2 1 7825 7831 7832 AND
2 1 7826 7827 7828 AND
2 1 7825 7828 7829 AND
2 1 9 56 7833 AND
2 1 7829 7833 7834 AND
2 1 7832 7834 7835 AND
2 1 7848 7835 7850 XOR
2 1 7863 7850 7865 XOR
2 1 7922 7865 7924 XOR
2 1 7496 7511 7818 AND
2 1 7496 7511 7819 AND
2 1 7497 7819 7820 AND
2 1 7818 7820 7821 AND
2 1 7924 7821 7926 XOR
2 1 7938 7926 7940 XOR
2 1 7638 7642 7643 AND
2 1 7637 7644 7645 AND
2 1 7643 7645 7813 AND
2 1 7537 7550 7551 AND
2 1 7552 7565 7566 AND
2 1 7551 7566 7810 AND
2 1 7576 7588 7589 AND
2 1 7590 7597 7598 AND
2 1 7589 7598 7807 AND
2 1 7577 7580 7582 AND
2 1 7582 7545 7804 XOR
2 1 7804 7701 7806 XOR
2 1 7807 7806 7809 XOR
2 1 7810 7809 7812 XOR
2 1 7813 7812 7815 XOR
2 1 612 5130 7785 AND
2 1 49 51 7786 AND
2 1 610 7786 7787 AND
2 1 608 4935 7788 AND
2 1 7787 7788 7789 AND
2 1 7785 7789 7790 AND
2 1 14 51 7791 AND
2 1 15 50 7792 AND
2 1 7791 7792 7793 AND
2 1 7785 7793 7795 AND
2 1 5965 7795 7796 AND
2 1 7790 7796 7797 AND
2 1 496 5818 7772 AND
2 1 6379 6712 7773 AND
2 1 7772 7773 7774 AND
2 1 18 47 7776 AND
2 1 13 52 7775 AND
2 1 7776 7775 7780 XOR
2 1 7774 7780 7781 AND
2 1 7775 7776 7777 AND
2 1 7774 7777 7778 AND
2 1 12 53 7782 AND
2 1 7778 7782 7783 AND
2 1 7781 7783 7784 AND
2 1 7797 7784 7799 XOR
2 1 4 61 7768 AND
2 1 2 63 7767 AND
2 1 7768 7767 7769 XOR
2 1 6940 7592 7594 AND
2 1 7593 7594 7595 AND
2 1 7769 7595 7771 XOR
2 1 7799 7771 7800 XOR
2 1 7609 7623 7624 AND
2 1 7607 7608 7761 AND
2 1 7624 7761 7762 AND
2 1 7631 7632 7633 AND
2 1 7634 7635 7636 AND
2 1 7633 7636 7760 AND
2 1 7762 7760 7764 XOR
2 1 7800 7764 7802 XOR
2 1 7815 7802 7817 XOR
2 1 7940 7817 7941 XOR
2 1 7494 7513 7514 AND
2 1 7493 7515 7516 AND
2 1 7514 7516 7759 AND
2 1 7941 7759 7942 XOR
2 1 6967 7603 7604 AND
2 1 7600 7604 7605 AND
2 1 7618 7605 7746 XOR
2 1 7569 7572 7573 AND
2 1 7571 7573 7574 AND
2 1 7746 7574 7748 XOR
2 1 7680 7683 7685 AND
2 1 7685 7560 7742 XOR
2 1 7742 7533 7744 XOR
2 1 7748 7744 7750 XOR
2 1 7690 7703 7704 AND
2 1 7676 7705 7739 AND
2 1 7704 7739 7740 AND
2 1 7750 7740 7752 XOR
2 1 7663 7667 7668 AND
2 1 7669 7706 7707 AND
2 1 7668 7707 7736 AND
2 1 7567 7626 7627 AND
2 1 7599 7625 7734 AND
2 1 7627 7734 7735 AND
2 1 7736 7735 7738 XOR
2 1 7752 7738 7754 XOR
2 1 7658 7708 7730 AND
2 1 7658 7708 7731 AND
2 1 7659 7731 7732 AND
2 1 7730 7732 7733 AND
2 1 7754 7733 7756 XOR
2 1 7523 7628 7629 AND
2 1 7630 7646 7647 AND
2 1 7629 7647 7729 AND
2 1 7756 7729 7758 XOR
2 1 7942 7758 7943 XOR
2 1 7648 7710 7725 AND
2 1 7648 7710 7726 AND
2 1 7294 7726 7727 AND
2 1 7725 7727 7728 AND
2 1 7943 7728 7944 XOR
2 1 7492 7517 7518 AND
2 1 7519 7712 7713 AND
2 1 7518 7713 7724 AND
2 1 7944 7724 7945 XOR
2 1 7714 7715 7717 AND
2 1 7714 7715 7716 AND
2 1 7486 7716 7718 AND
2 1 7258 7487 7719 AND
2 1 7718 7719 7720 AND
2 1 7717 7720 7723 AND
2 1 7945 7723 7946 XOR
2 1 7724 7944 8161 AND
2 1 7821 7924 7925 AND
2 1 7926 7938 7939 AND
2 1 7925 7939 8021 AND
2 1 7733 7754 7755 AND
2 1 7729 7756 7757 AND
2 1 7755 7757 8020 AND
2 1 8021 8020 8023 XOR
2 1 7806 7807 7808 AND
2 1 7809 7810 7811 AND
2 1 7808 7811 8146 AND
2 1 7744 7748 7749 AND
2 1 7740 7750 7751 AND
2 1 7749 7751 8145 AND
2 1 8146 8145 8147 XOR
2 1 7545 7582 7803 AND
2 1 7701 7804 7805 AND
2 1 7803 7805 8142 AND
2 1 7605 7618 7745 AND
2 1 7574 7746 7747 AND
2 1 7745 7747 8139 AND
2 1 7560 7685 7741 AND
2 1 7533 7742 7743 AND
2 1 7741 7743 8138 AND
2 1 8139 8138 8141 XOR
2 1 8142 8141 8144 XOR
2 1 8147 8144 8149 XOR
2 1 5529 5968 8127 AND
2 1 728 4935 8128 AND
2 1 8127 8128 8131 AND
2 1 8131 3140 8132 XOR
2 1 31 35 8117 AND
2 1 3087 8117 8118 AND
2 1 2166 2920 8119 AND
2 1 8118 8119 8123 AND
2 1 14 52 8120 AND
2 1 8123 8120 8124 XOR
2 1 13 53 8108 AND
2 1 15 51 8109 AND
2 1 8108 8109 8110 AND
2 1 551 5646 8111 AND
2 1 8110 8111 8115 AND
2 1 18 48 8112 AND
2 1 8115 8112 8116 XOR
2 1 8124 8116 8126 XOR
2 1 8132 8126 8134 XOR
2 1 25 41 8097 AND
2 1 26 40 8098 AND
2 1 8097 8098 8099 AND
2 1 1847 4198 8100 AND
2 1 8099 8100 8104 AND
2 1 10 56 8101 AND
2 1 8104 8101 8105 XOR
2 1 1151 4434 8082 AND
2 1 1244 6052 8083 AND
2 1 1077 4306 8084 AND
2 1 8083 8084 8085 AND
2 1 8082 8085 8086 AND
2 1 20 46 8087 AND
2 1 8086 8087 8088 AND
2 1 21 45 8089 AND
2 1 22 44 8090 AND
2 1 8089 8090 8091 AND
2 1 8082 8085 8092 AND
2 1 8091 8092 8093 AND
2 1 8088 8093 8094 AND
2 1 24 57 8067 AND
2 1 4828 8067 8068 AND
2 1 43 57 8069 AND
2 1 1842 8069 8070 AND
2 1 1218 3874 8071 AND
2 1 8070 8071 8072 AND
2 1 8068 8072 8074 AND
2 1 9 57 8075 AND
2 1 24 42 8076 AND
2 1 8075 8076 8077 AND
2 1 8074 8077 8078 AND
2 1 8068 8072 8073 AND
2 1 23 43 8079 AND
2 1 8073 8079 8080 AND
2 1 8078 8080 8081 AND
2 1 8094 8081 8096 XOR
2 1 8105 8096 8107 XOR
2 1 8134 8107 8135 XOR
2 1 19 47 8052 AND
2 1 12 54 8053 AND
2 1 8052 8053 8054 AND
2 1 383 6016 8055 AND
2 1 6298 6418 8056 AND
2 1 8055 8056 8057 AND
2 1 8054 8057 8058 AND
2 1 11 55 8059 AND
2 1 8058 8059 8060 AND
2 1 8053 8052 8062 XOR
2 1 8057 8062 8063 AND
2 1 8060 8063 8064 AND
2 1 1743 3522 8037 AND
2 1 1511 4213 8038 AND
2 1 1740 3933 8039 AND
2 1 8038 8039 8040 AND
2 1 8037 8040 8041 AND
2 1 27 39 8042 AND
2 1 8041 8042 8043 AND
2 1 28 38 8044 AND
2 1 29 37 8045 AND
2 1 8044 8045 8046 AND
2 1 8037 8040 8047 AND
2 1 8046 8047 8048 AND
2 1 8043 8048 8049 AND
2 1 87 7612 8025 AND
2 1 61 63 7765 AND
2 1 144 7765 8026 AND
2 1 73 7670 8027 AND
2 1 8026 8027 8028 AND
2 1 8025 8028 8030 AND
2 1 4 62 8031 AND
2 1 6971 8031 8032 AND
2 1 8030 8032 8033 AND
2 1 8025 8028 8029 AND
2 1 3 63 8034 AND
2 1 8029 8034 8035 AND
2 1 8033 8035 8036 AND
2 1 8049 8036 8051 XOR
2 1 8064 8051 8066 XOR
2 1 8135 8066 8137 XOR
2 1 8149 8137 8150 XOR
2 1 7735 7736 7737 AND
2 1 7738 7752 7753 AND
2 1 7737 7753 8024 AND
2 1 8150 8024 8151 XOR
2 1 8023 8151 8152 AND
2 1 8023 8151 8153 AND
2 1 8152 8153 8154 AND
2 1 7897 7899 7900 AND
2 1 7898 7900 7901 AND
2 1 7914 7901 8006 XOR
2 1 7866 7867 7868 AND
2 1 7869 7870 7871 AND
2 1 7868 7871 7872 AND
2 1 8006 7872 8008 XOR
2 1 33 7886 7887 AND
2 1 7886 33 7888 XOR
2 1 5426 7888 7889 AND
2 1 7887 7889 7890 AND
2 1 7874 7877 7879 AND
2 1 7890 7879 8002 XOR
2 1 7785 7789 7794 AND
2 1 8002 7794 8004 XOR
2 1 8008 8004 8010 XOR
2 1 7873 7883 7884 AND
2 1 7885 7892 7893 AND
2 1 7884 7893 8009 AND
2 1 8010 8009 8011 XOR
2 1 7927 7928 7929 AND
2 1 7930 7931 7932 AND
2 1 7929 7932 7998 AND
2 1 7784 7797 7798 AND
2 1 7771 7799 7994 AND
2 1 7798 7994 7995 AND
2 1 209 7041 7979 AND
2 1 152 7907 7980 AND
2 1 171 7449 7981 AND
2 1 7980 7981 7982 AND
2 1 7979 7982 7983 AND
2 1 6 60 7984 AND
2 1 7983 7984 7985 AND
2 1 7979 7982 7986 AND
2 1 7 59 7987 AND
2 1 8 58 7988 AND
2 1 7987 7988 7989 AND
2 1 7986 7989 7990 AND
2 1 7985 7990 7991 AND
2 1 106 7765 7766 AND
2 1 7595 7769 7770 AND
2 1 7766 7770 7976 AND
2 1 7976 7858 7978 XOR
2 1 7991 7978 7993 XOR
2 1 7995 7993 7997 XOR
2 1 7998 7997 8000 XOR
2 1 8011 8000 8013 XOR
2 1 7933 7936 7937 AND
2 1 7934 7935 7974 AND
2 1 7937 7974 7975 AND
2 1 8013 7975 8015 XOR
2 1 7865 7922 7923 AND
2 1 7894 7921 7967 AND
2 1 7923 7967 7968 AND
2 1 7835 7848 7849 AND
2 1 7850 7863 7864 AND
2 1 7849 7864 7964 AND
2 1 7905 7919 7920 AND
2 1 7903 7904 7960 AND
2 1 7920 7960 7961 AND
2 1 7825 7828 7830 AND
2 1 7774 7777 7779 AND
2 1 7830 7779 7957 XOR
2 1 7957 7846 7959 XOR
2 1 7961 7959 7963 XOR
2 1 7964 7963 7966 XOR
2 1 7968 7966 7970 XOR
2 1 7760 7762 7763 AND
2 1 7764 7800 7801 AND
2 1 7763 7801 7969 AND
2 1 7970 7969 7971 XOR
2 1 7812 7813 7814 AND
2 1 7802 7815 7816 AND
2 1 7814 7816 7955 AND
2 1 7971 7955 7973 XOR
2 1 8015 7973 8017 XOR
2 1 7817 7940 7951 AND
2 1 7817 7940 7952 AND
2 1 7759 7952 7953 AND
2 1 7951 7953 7954 AND
2 1 8017 7954 8019 XOR
2 1 8154 8019 8156 XOR
2 1 7758 7942 7947 AND
2 1 7758 7942 7948 AND
2 1 7728 7948 7949 AND
2 1 7947 7949 7950 AND
2 1 8156 7950 8159 XOR
2 1 8161 8159 8162 XOR
2 1 7723 7945 8160 AND
2 1 8162 8160 8163 XOR
2 1 7950 8156 8157 AND
2 1 7950 8156 8158 AND
2 1 7724 7944 8383 AND
2 1 8158 8383 8384 AND
2 1 7723 8161 8385 AND
2 1 8384 8385 8386 AND
2 1 8157 8386 8387 AND
2 1 8004 8008 8304 AND
2 1 8004 8008 8305 AND
2 1 8009 8305 8306 AND
2 1 8304 8306 8307 AND
2 1 7879 7890 8001 AND
2 1 7794 8002 8003 AND
2 1 8001 8003 8301 AND
2 1 7779 7830 7956 AND
2 1 7846 7957 7958 AND
2 1 7956 7958 8298 AND
2 1 7901 7914 8005 AND
2 1 7872 8006 8007 AND
2 1 8005 8007 8297 AND
2 1 8298 8297 8300 XOR
2 1 8301 8300 8303 XOR
2 1 8307 8303 8309 XOR
2 1 7959 7961 7962 AND
2 1 7963 7964 7965 AND
2 1 7962 7965 8308 AND
2 1 8309 8308 8310 XOR
2 1 37 52 8276 AND
2 1 3677 8276 8277 AND
2 1 608 5447 8278 AND
2 1 8277 8278 8279 AND
2 1 16 51 8280 AND
2 1 30 37 8281 AND
2 1 8280 8281 8282 AND
2 1 8279 8282 8283 AND
2 1 15 52 8284 AND
2 1 8283 8284 8285 AND
2 1 8281 8280 8287 XOR
2 1 8279 8287 8288 AND
2 1 8285 8288 8289 AND
2 1 1218 4099 8261 AND
2 1 1567 3710 8262 AND
2 1 1413 4434 8263 AND
2 1 8262 8263 8264 AND
2 1 8261 8264 8265 AND
2 1 22 45 8266 AND
2 1 8265 8266 8267 AND
2 1 8261 8264 8268 AND
2 1 23 44 8269 AND
2 1 24 43 8270 AND
2 1 8269 8270 8271 AND
2 1 8268 8271 8272 AND
2 1 8267 8272 8273 AND
2 1 8 59 8248 AND
2 1 9 58 8249 AND
2 1 8248 8249 8250 AND
2 1 250 7041 8251 AND
2 1 509 7907 8252 AND
2 1 209 7449 8253 AND
2 1 8252 8253 8254 AND
2 1 8251 8254 8256 AND
2 1 8250 8256 8257 AND
2 1 8251 8254 8255 AND
2 1 7 60 8258 AND
2 1 8255 8258 8259 AND
2 1 8257 8259 8260 AND
2 1 8273 8260 8275 XOR
2 1 8289 8275 8291 XOR
2 1 12 55 8238 AND
2 1 13 54 8239 AND
2 1 8238 8239 8240 AND
2 1 496 6016 8241 AND
2 1 8240 8241 8244 AND
2 1 29 38 8237 AND
2 1 8244 8237 8245 XOR
2 1 2384 2522 8225 AND
2 1 3170 3181 8226 AND
2 1 2906 2920 8227 AND
2 1 8226 8227 8228 AND
2 1 8225 8228 8229 AND
2 1 3181 5325 8231 AND
2 1 8225 8231 8232 AND
2 1 3170 8232 8233 AND
2 1 8229 8233 8234 AND
2 1 18 49 8218 AND
2 1 8218 34 8223 XOR
2 1 5 62 8219 AND
2 1 8223 8219 8224 XOR
2 1 8234 8224 8236 XOR
2 1 8245 8236 8247 XOR
2 1 8291 8247 8292 XOR
2 1 27 40 8206 AND
2 1 28 39 8207 AND
2 1 8206 8207 8208 AND
2 1 1740 3200 8209 AND
2 1 8208 8209 8213 AND
2 1 4 63 8210 AND
2 1 8213 8210 8214 XOR
2 1 1847 4140 8190 AND
2 1 25 46 8191 AND
2 1 7464 8191 8192 AND
2 1 8190 8192 8193 AND
2 1 21 46 8194 AND
2 1 26 41 8195 AND
2 1 8194 8195 8196 AND
2 1 8193 8196 8197 AND
2 1 25 42 8198 AND
2 1 8197 8198 8199 AND
2 1 8195 8194 8201 XOR
2 1 8193 8201 8202 AND
2 1 8199 8202 8203 AND
2 1 48 53 8176 AND
2 1 14 8176 8177 AND
2 1 17 4580 8178 AND
2 1 8177 8178 8179 AND
2 1 14 53 8180 AND
2 1 5722 8180 8181 AND
2 1 19 8181 8182 AND
2 1 8179 8182 8183 AND
2 1 8180 5722 8185 XOR
2 1 8183 8185 8186 AND
2 1 19 48 8187 AND
2 1 8183 8187 8188 AND
2 1 8186 8188 8189 AND
2 1 8203 8189 8205 XOR
2 1 8214 8205 8216 XOR
2 1 8292 8216 8294 XOR
2 1 7966 7968 8172 AND
2 1 7966 7968 8173 AND
2 1 7969 8173 8174 AND
2 1 8172 8174 8175 AND
2 1 8294 8175 8296 XOR
2 1 8310 8296 8312 XOR
2 1 8137 8149 8166 AND
2 1 8137 8149 8167 AND
2 1 8024 8167 8168 AND
2 1 8166 8168 8169 AND
2 1 7955 7971 7972 AND
2 1 7973 8015 8016 AND
2 1 7972 8016 8165 AND
2 1 8169 8165 8171 XOR
2 1 8312 8171 8379 XOR
2 1 8066 8135 8136 AND
2 1 8107 8134 8370 AND
2 1 8136 8370 8371 AND
2 1 8138 8139 8140 AND
2 1 8141 8142 8143 AND
2 1 8140 8143 8367 AND
2 1 8116 8124 8125 AND
2 1 8126 8132 8133 AND
2 1 8125 8133 8364 AND
2 1 6298 7822 8348 AND
2 1 474 6410 8349 AND
2 1 20 57 8350 AND
2 1 6040 8350 8351 AND
2 1 8349 8351 8352 AND
2 1 8348 8352 8353 AND
2 1 10 57 8354 AND
2 1 8353 8354 8355 AND
2 1 8348 8352 8356 AND
2 1 11 56 8357 AND
2 1 20 47 8358 AND
2 1 8357 8358 8359 AND
2 1 8356 8359 8360 AND
2 1 8355 8360 8361 AND
2 1 8110 8112 8113 AND
2 1 8111 8113 8114 AND
2 1 8054 8057 8061 AND
2 1 8114 8061 8347 XOR
2 1 8361 8347 8363 XOR
2 1 8364 8363 8366 XOR
2 1 8367 8366 8369 XOR
2 1 8371 8369 8373 XOR
2 1 7993 7995 7996 AND
2 1 7997 7998 7999 AND
2 1 7996 7999 8372 AND
2 1 8373 8372 8374 XOR
2 1 6 61 8333 AND
2 1 3140 8127 8129 AND
2 1 8128 8129 8130 AND
2 1 8333 8130 8335 XOR
2 1 8118 8120 8121 AND
2 1 8119 8121 8122 AND
2 1 8335 8122 8337 XOR
2 1 8099 8101 8102 AND
2 1 8100 8102 8103 AND
2 1 8103 8074 8330 XOR
2 1 8330 8092 8332 XOR
2 1 8337 8332 8339 XOR
2 1 8030 7986 8326 XOR
2 1 8326 8047 8328 XOR
2 1 8339 8328 8341 XOR
2 1 8036 8049 8050 AND
2 1 8051 8064 8065 AND
2 1 8050 8065 8322 AND
2 1 7858 7976 7977 AND
2 1 7978 7991 7992 AND
2 1 7977 7992 8319 AND
2 1 8081 8094 8095 AND
2 1 8096 8105 8106 AND
2 1 8095 8106 8318 AND
2 1 8319 8318 8321 XOR
2 1 8322 8321 8324 XOR
2 1 8341 8324 8343 XOR
2 1 8144 8147 8148 AND
2 1 8145 8146 8316 AND
2 1 8148 8316 8317 AND
2 1 8343 8317 8345 XOR
2 1 8374 8345 8375 XOR
2 1 8000 8011 8012 AND
2 1 7975 8013 8014 AND
2 1 8012 8014 8315 AND
2 1 8375 8315 8376 XOR
2 1 8020 8021 8022 AND
2 1 8022 8152 8314 AND
2 1 8376 8314 8378 XOR
2 1 8379 8378 8381 XOR
2 1 7954 8017 8018 AND
2 1 8019 8154 8155 AND
2 1 8018 8155 8164 AND
2 1 8381 8164 8382 XOR
2 1 8387 8382 8388 XOR
2 1 8382 8387 8599 AND
2 1 8164 8381 8597 AND
2 1 8314 8376 8377 AND
2 1 8378 8379 8380 AND
2 1 8377 8380 8593 AND
2 1 1847 3874 8565 AND
2 1 1715 3583 8566 AND
2 1 1403 4099 8567 AND
2 1 8566 8567 8568 AND
2 1 8565 8568 8569 AND
2 1 24 44 8570 AND
2 1 8569 8570 8571 AND
2 1 8565 8568 8572 AND
2 1 25 43 8573 AND
2 1 26 42 8574 AND
2 1 8573 8574 8575 AND
2 1 8572 8575 8576 AND
2 1 8571 8576 8577 AND
2 1 1413 4306 8554 AND
2 1 23 45 8555 AND
2 1 22 46 8556 AND
2 1 8555 8556 8557 AND
2 1 8554 8557 8561 AND
2 1 20 48 8558 AND
2 1 8561 8558 8562 XOR
2 1 15 53 8540 AND
2 1 16 52 8541 AND
2 1 8540 8541 8542 AND
2 1 608 5818 8543 AND
2 1 52 54 8544 AND
2 1 610 8544 8545 AND
2 1 612 6014 8546 AND
2 1 8545 8546 8547 AND
2 1 8543 8547 8549 AND
2 1 8542 8549 8550 AND
2 1 8543 8547 8548 AND
2 1 14 54 8551 AND
2 1 8548 8551 8552 AND
2 1 8550 8552 8553 AND
2 1 8562 8553 8564 XOR
2 1 8577 8564 8579 XOR
2 1 12 56 8527 AND
2 1 6072 8527 8528 AND
2 1 496 7186 8529 AND
2 1 8528 8529 8530 AND
2 1 13 55 8531 AND
2 1 6072 8531 8532 AND
2 1 8530 8532 8533 AND
2 1 8531 6072 8535 XOR
2 1 8527 8535 8536 AND
2 1 8533 8536 8537 AND
2 1 2805 2906 8512 AND
2 1 1869 2689 8513 AND
2 1 2166 3522 8514 AND
2 1 8513 8514 8515 AND
2 1 8512 8515 8516 AND
2 1 30 38 8517 AND
2 1 8516 8517 8518 AND
2 1 8512 8515 8519 AND
2 1 31 37 8520 AND
2 1 32 36 8521 AND
2 1 8520 8521 8522 AND
2 1 8519 8522 8523 AND
2 1 8518 8523 8524 AND
2 1 18 50 8504 AND
2 1 19 49 8505 AND
2 1 8504 8505 8506 AND
2 1 808 4935 8507 AND
2 1 8506 8507 8510 AND
2 1 8510 2251 8511 XOR
2 1 8524 8511 8526 XOR
2 1 8537 8526 8539 XOR
2 1 8579 8539 8580 XOR
2 1 5 63 8493 AND
2 1 6 62 8494 AND
2 1 8493 8494 8495 AND
2 1 168 7670 8496 AND
2 1 8495 8496 8500 AND
2 1 21 47 8497 AND
2 1 8500 8497 8501 XOR
2 1 1743 3200 8478 AND
2 1 1511 3052 8479 AND
2 1 1740 4198 8480 AND
2 1 8479 8480 8481 AND
2 1 8478 8481 8482 AND
2 1 27 41 8483 AND
2 1 8482 8483 8484 AND
2 1 28 40 8485 AND
2 1 29 39 8486 AND
2 1 8485 8486 8487 AND
2 1 8478 8481 8488 AND
2 1 8487 8488 8489 AND
2 1 8484 8489 8490 AND
2 1 474 6604 8465 AND
2 1 755 7039 8466 AND
2 1 290 7041 8467 AND
2 1 8466 8467 8468 AND
2 1 8465 8468 8470 AND
2 1 10 58 8471 AND
2 1 11 57 8472 AND
2 1 8471 8472 8473 AND
2 1 8470 8473 8474 AND
2 1 8465 8468 8469 AND
2 1 9 59 8475 AND
2 1 8469 8475 8476 AND
2 1 8474 8476 8477 AND
2 1 8490 8477 8492 XOR
2 1 8501 8492 8503 XOR
2 1 8580 8503 8582 XOR
2 1 8363 8364 8365 AND
2 1 8366 8367 8368 AND
2 1 8365 8368 8462 AND
2 1 8318 8319 8320 AND
2 1 8321 8322 8323 AND
2 1 8320 8323 8459 AND
2 1 8332 8337 8338 AND
2 1 8328 8339 8340 AND
2 1 8338 8340 8458 AND
2 1 8459 8458 8461 XOR
2 1 8462 8461 8464 XOR
2 1 8582 8464 8584 XOR
2 1 8369 8371 8454 AND
2 1 8369 8371 8455 AND
2 1 8372 8455 8456 AND
2 1 8454 8456 8457 AND
2 1 8584 8457 8586 XOR
2 1 8175 8294 8295 AND
2 1 8296 8310 8311 AND
2 1 8295 8311 8453 AND
2 1 8586 8453 8588 XOR
2 1 8345 8374 8449 AND
2 1 8345 8374 8450 AND
2 1 8315 8450 8451 AND
2 1 8449 8451 8452 AND
2 1 8588 8452 8590 XOR
2 1 8225 8228 8230 AND
2 1 8208 8210 8211 AND
2 1 8209 8211 8212 AND
2 1 8230 8212 8436 XOR
2 1 8279 8282 8286 AND
2 1 8436 8286 8438 XOR
2 1 8356 8268 8432 XOR
2 1 8432 8256 8434 XOR
2 1 8438 8434 8440 XOR
2 1 8297 8298 8299 AND
2 1 8300 8301 8302 AND
2 1 8299 8302 8430 AND
2 1 8440 8430 8442 XOR
2 1 8224 8234 8235 AND
2 1 8236 8245 8246 AND
2 1 8235 8246 8427 AND
2 1 8193 8196 8200 AND
2 1 8181 8183 8184 AND
2 1 8200 8184 8423 XOR
2 1 8237 8240 8242 AND
2 1 8241 8242 8243 AND
2 1 8423 8243 8425 XOR
2 1 8427 8425 8428 XOR
2 1 8189 8203 8204 AND
2 1 8205 8214 8215 AND
2 1 8204 8215 8426 AND
2 1 8428 8426 8429 XOR
2 1 8442 8429 8444 XOR
2 1 8303 8307 8418 AND
2 1 8303 8307 8419 AND
2 1 8308 8419 8420 AND
2 1 8418 8420 8421 AND
2 1 8444 8421 8446 XOR
2 1 7986 8030 8325 AND
2 1 8047 8326 8327 AND
2 1 8325 8327 8409 AND
2 1 8130 8333 8334 AND
2 1 8122 8335 8336 AND
2 1 8334 8336 8406 AND
2 1 8 60 8402 AND
2 1 7 61 8401 AND
2 1 8402 8401 8403 XOR
2 1 62 2788 8217 AND
2 1 8219 34 8220 XOR
2 1 8218 8220 8221 AND
2 1 8217 8221 8222 AND
2 1 8403 8222 8405 XOR
2 1 8406 8405 8408 XOR
2 1 8409 8408 8411 XOR
2 1 8260 8273 8274 AND
2 1 8275 8289 8290 AND
2 1 8274 8290 8397 AND
2 1 8074 8103 8329 AND
2 1 8092 8330 8331 AND
2 1 8329 8331 8394 AND
2 1 8061 8114 8346 AND
2 1 8347 8361 8362 AND
2 1 8346 8362 8393 AND
2 1 8394 8393 8396 XOR
2 1 8397 8396 8399 XOR
2 1 8411 8399 8413 XOR
2 1 8216 8292 8293 AND
2 1 8247 8291 8391 AND
2 1 8293 8391 8392 AND
2 1 8413 8392 8415 XOR
2 1 8324 8341 8342 AND
2 1 8317 8343 8344 AND
2 1 8342 8344 8390 AND
2 1 8415 8390 8417 XOR
2 1 8446 8417 8448 XOR
2 1 8590 8448 8591 XOR
2 1 8165 8169 8170 AND
2 1 8171 8312 8313 AND
2 1 8170 8313 8389 AND
2 1 8591 8389 8592 XOR
2 1 8593 8592 8596 XOR
2 1 8597 8596 8598 XOR
2 1 8599 8598 8600 XOR
2 1 8592 8593 8595 AND
2 1 8164 8381 8812 AND
2 1 8387 8812 8813 AND
2 1 8592 8593 8594 AND
2 1 8594 8597 8814 AND
2 1 8813 8814 8815 AND
2 1 8595 8815 8816 AND
2 1 8448 8590 8805 AND
2 1 8448 8590 8806 AND
2 1 8389 8806 8807 AND
2 1 8805 8807 8808 AND
2 1 21 48 8738 AND
2 1 22 47 8739 AND
2 1 8738 8739 8740 AND
2 1 1151 4877 8741 AND
2 1 8740 8741 8745 AND
2 1 14 55 8742 AND
2 1 8745 8742 8746 XOR
2 1 209 7452 8400 AND
2 1 8222 8403 8404 AND
2 1 8400 8404 8736 AND
2 1 496 6410 8723 AND
2 1 548 6203 8724 AND
2 1 383 6604 8725 AND
2 1 8724 8725 8726 AND
2 1 8723 8726 8727 AND
2 1 11 58 8728 AND
2 1 8727 8728 8729 AND
2 1 8723 8726 8730 AND
2 1 12 57 8731 AND
2 1 13 56 8732 AND
2 1 8731 8732 8733 AND
2 1 8730 8733 8734 AND
2 1 8729 8734 8735 AND
2 1 8736 8735 8737 XOR
2 1 8746 8737 8748 XOR
2 1 8393 8394 8395 AND
2 1 8396 8397 8398 AND
2 1 8395 8398 8720 AND
2 1 26 43 8709 AND
2 1 27 42 8710 AND
2 1 8709 8710 8711 AND
2 1 1643 3874 8712 AND
2 1 8711 8712 8716 AND
2 1 6 63 8713 AND
2 1 8716 8713 8717 XOR
2 1 1403 4434 8694 AND
2 1 1128 6052 8695 AND
2 1 1218 4306 8696 AND
2 1 8695 8696 8697 AND
2 1 8694 8697 8698 AND
2 1 23 46 8699 AND
2 1 8698 8699 8700 AND
2 1 24 45 8701 AND
2 1 25 44 8702 AND
2 1 8701 8702 8703 AND
2 1 8694 8697 8704 AND
2 1 8703 8704 8705 AND
2 1 8700 8705 8706 AND
2 1 290 7449 8681 AND
2 1 207 6969 8682 AND
2 1 250 7452 8683 AND
2 1 8682 8683 8684 AND
2 1 8681 8684 8686 AND
2 1 9 60 8687 AND
2 1 10 59 8688 AND
2 1 8687 8688 8689 AND
2 1 8686 8689 8690 AND
2 1 8681 8684 8685 AND
2 1 8 61 8691 AND
2 1 8685 8691 8692 AND
2 1 8690 8692 8693 AND
2 1 8706 8693 8708 XOR
2 1 8717 8708 8719 XOR
2 1 8720 8719 8722 XOR
2 1 8748 8722 8750 XOR
2 1 8399 8411 8412 AND
2 1 8392 8413 8414 AND
2 1 8412 8414 8678 AND
2 1 608 6014 8659 AND
2 1 20 54 8660 AND
2 1 7682 8660 8661 AND
2 1 8659 8661 8662 AND
2 1 5397 7387 8663 AND
2 1 8662 8663 8664 AND
2 1 15 54 8665 AND
2 1 8664 8665 8666 AND
2 1 7387 5397 8668 XOR
2 1 8662 8668 8669 AND
2 1 8666 8669 8670 AND
2 1 2384 2805 8645 AND
2 1 1950 2689 8646 AND
2 1 2906 3522 8647 AND
2 1 8646 8647 8648 AND
2 1 8645 8648 8649 AND
2 1 31 38 8650 AND
2 1 8649 8650 8651 AND
2 1 8645 8648 8652 AND
2 1 32 37 8653 AND
2 1 5765 8653 8654 AND
2 1 8652 8654 8655 AND
2 1 8651 8655 8656 AND
2 1 34 35 8643 AND
2 1 7 62 8642 AND
2 1 8643 8642 8644 XOR
2 1 8656 8644 8658 XOR
2 1 8670 8658 8672 XOR
2 1 8268 8356 8431 AND
2 1 8256 8432 8433 AND
2 1 8431 8433 8637 AND
2 1 1966 3200 8622 AND
2 1 2359 3052 8623 AND
2 1 1743 4198 8624 AND
2 1 8623 8624 8625 AND
2 1 8622 8625 8626 AND
2 1 28 41 8627 AND
2 1 8626 8627 8628 AND
2 1 8622 8625 8629 AND
2 1 29 40 8630 AND
2 1 30 39 8631 AND
2 1 8630 8631 8632 AND
2 1 8629 8632 8633 AND
2 1 8628 8633 8634 AND
2 1 732 5447 8609 AND
2 1 2379 5445 8610 AND
2 1 808 5130 8611 AND
2 1 8610 8611 8612 AND
2 1 8609 8612 8614 AND
2 1 17 52 8615 AND
2 1 18 51 8616 AND
2 1 8615 8616 8617 AND
2 1 8614 8617 8618 AND
2 1 8609 8612 8613 AND
2 1 19 50 8619 AND
2 1 8613 8619 8620 AND
2 1 8618 8620 8621 AND
2 1 8634 8621 8636 XOR
2 1 8637 8636 8639 XOR
2 1 8672 8639 8674 XOR
2 1 8425 8427 8605 AND
2 1 8425 8427 8606 AND
2 1 8426 8606 8607 AND
2 1 8605 8607 8608 AND
2 1 8674 8608 8677 XOR
2 1 8678 8677 8680 XOR
2 1 8750 8680 8752 XOR
2 1 8464 8582 8583 AND
2 1 8457 8584 8585 AND
2 1 8583 8585 8602 AND
2 1 8390 8415 8416 AND
2 1 8417 8446 8447 AND
2 1 8416 8447 8601 AND
2 1 8602 8601 8604 XOR
2 1 8752 8604 8802 XOR
2 1 2251 8506 8508 AND
2 1 8507 8508 8509 AND
2 1 8519 8509 8788 XOR
2 1 8788 8549 8790 XOR
2 1 8495 8497 8498 AND
2 1 8496 8498 8499 AND
2 1 8499 8470 8784 XOR
2 1 8557 8558 8559 AND
2 1 8554 8559 8560 AND
2 1 8784 8560 8786 XOR
2 1 8790 8786 8792 XOR
2 1 8477 8490 8491 AND
2 1 8492 8501 8502 AND
2 1 8491 8502 8791 AND
2 1 8792 8791 8793 XOR
2 1 8405 8406 8407 AND
2 1 8408 8409 8410 AND
2 1 8407 8410 8780 AND
2 1 8553 8562 8563 AND
2 1 8564 8577 8578 AND
2 1 8563 8578 8777 AND
2 1 8511 8524 8525 AND
2 1 8526 8537 8538 AND
2 1 8525 8538 8776 AND
2 1 8777 8776 8779 XOR
2 1 8780 8779 8782 XOR
2 1 8793 8782 8795 XOR
2 1 8458 8459 8460 AND
2 1 8461 8462 8463 AND
2 1 8460 8463 8775 AND
2 1 8795 8775 8797 XOR
2 1 8184 8200 8422 AND
2 1 8243 8423 8424 AND
2 1 8422 8424 8764 AND
2 1 8212 8230 8435 AND
2 1 8286 8436 8437 AND
2 1 8435 8437 8763 AND
2 1 8764 8763 8766 XOR
2 1 8530 8532 8534 AND
2 1 8572 8534 8760 XOR
2 1 8760 8488 8762 XOR
2 1 8766 8762 8768 XOR
2 1 8434 8438 8439 AND
2 1 8430 8440 8441 AND
2 1 8439 8441 8758 AND
2 1 8768 8758 8770 XOR
2 1 8503 8580 8581 AND
2 1 8539 8579 8756 AND
2 1 8581 8756 8757 AND
2 1 8770 8757 8772 XOR
2 1 8429 8442 8443 AND
2 1 8421 8444 8445 AND
2 1 8443 8445 8755 AND
2 1 8772 8755 8774 XOR
2 1 8797 8774 8799 XOR
2 1 8453 8586 8587 AND
2 1 8452 8588 8589 AND
2 1 8587 8589 8754 AND
2 1 8799 8754 8801 XOR
2 1 8802 8801 8804 XOR
2 1 8808 8804 8811 XOR
2 1 8816 8811 8817 XOR
2 1 8677 8678 8679 AND
2 1 8680 8750 8751 AND
2 1 8679 8751 9013 AND
2 1 8534 8572 8759 AND
2 1 8488 8760 8761 AND
2 1 8759 8761 9002 AND
2 1 8470 8499 8783 AND
2 1 8560 8784 8785 AND
2 1 8783 8785 9001 AND
2 1 9002 9001 9004 XOR
2 1 8730 8686 8998 XOR
2 1 8740 8742 8743 AND
2 1 8741 8743 8744 AND
2 1 8998 8744 9000 XOR
2 1 9004 9000 9006 XOR
2 1 8776 8777 8778 AND
2 1 8779 8780 8781 AND
2 1 8778 8781 8996 AND
2 1 9006 8996 9008 XOR
2 1 8719 8720 8721 AND
2 1 8722 8748 8749 AND
2 1 8721 8749 8995 AND
2 1 9008 8995 9010 XOR
2 1 8782 8793 8794 AND
2 1 8775 8795 8796 AND
2 1 8794 8796 8994 AND
2 1 9010 8994 9012 XOR
2 1 9013 9012 9015 XOR
2 1 2805 3181 8970 AND
2 1 2384 3522 8971 AND
2 1 34 38 8972 AND
2 1 8521 8972 8973 AND
2 1 8971 8973 8974 AND
2 1 8970 8974 8975 AND
2 1 32 38 8976 AND
2 1 8975 8976 8977 AND
2 1 8970 8974 8978 AND
2 1 33 37 8979 AND
2 1 3550 8979 8980 AND
2 1 8978 8980 8981 AND
2 1 8977 8981 8982 AND
2 1 8662 8663 8667 AND
2 1 8667 8614 8969 XOR
2 1 8982 8969 8984 XOR
2 1 6386 8067 8953 AND
2 1 496 6604 8954 AND
2 1 24 58 8955 AND
2 1 6310 8955 8956 AND
2 1 8954 8956 8957 AND
2 1 8953 8957 8958 AND
2 1 12 58 8959 AND
2 1 8958 8959 8960 AND
2 1 8953 8957 8961 AND
2 1 13 57 8962 AND
2 1 4047 8962 8963 AND
2 1 8961 8963 8964 AND
2 1 8960 8964 8965 AND
2 1 728 6014 8940 AND
2 1 730 8544 8941 AND
2 1 732 5818 8942 AND
2 1 8941 8942 8943 AND
2 1 8940 8943 8944 AND
2 1 16 54 8946 AND
2 1 7140 8946 8947 AND
2 1 8940 8947 8948 AND
2 1 6439 8948 8949 AND
2 1 8944 8949 8950 AND
2 1 474 7449 8927 AND
2 1 755 6969 8928 AND
2 1 290 7452 8929 AND
2 1 8928 8929 8930 AND
2 1 8927 8930 8932 AND
2 1 10 60 8933 AND
2 1 11 59 8934 AND
2 1 8933 8934 8935 AND
2 1 8932 8935 8936 AND
2 1 8927 8930 8931 AND
2 1 9 61 8937 AND
2 1 8931 8937 8938 AND
2 1 8936 8938 8939 AND
2 1 8950 8939 8952 XOR
2 1 8965 8952 8967 XOR
2 1 8984 8967 8986 XOR
2 1 8763 8764 8765 AND
2 1 8762 8766 8767 AND
2 1 8765 8767 8985 AND
2 1 8986 8985 8987 XOR
2 1 8758 8768 8769 AND
2 1 8757 8770 8771 AND
2 1 8769 8771 8926 AND
2 1 8987 8926 8989 XOR
2 1 1073 5130 8906 AND
2 1 1075 7786 8907 AND
2 1 1077 4935 8908 AND
2 1 8907 8908 8909 AND
2 1 8906 8909 8910 AND
2 1 21 49 8911 AND
2 1 8910 8911 8912 AND
2 1 8906 8909 8913 AND
2 1 19 51 8914 AND
2 1 20 50 8915 AND
2 1 8914 8915 8916 AND
2 1 8913 8916 8917 AND
2 1 8912 8917 8918 AND
2 1 1643 4099 8891 AND
2 1 1982 3710 8892 AND
2 1 1847 4434 8893 AND
2 1 8892 8893 8894 AND
2 1 8891 8894 8895 AND
2 1 25 45 8896 AND
2 1 8895 8896 8897 AND
2 1 26 44 8898 AND
2 1 27 43 8899 AND
2 1 8898 8899 8900 AND
2 1 8891 8894 8901 AND
2 1 8900 8901 8902 AND
2 1 8897 8902 8903 AND
2 1 14 56 8882 AND
2 1 15 55 8883 AND
2 1 8882 8883 8884 AND
2 1 612 7186 8885 AND
2 1 8884 8885 8889 AND
2 1 22 48 8886 AND
2 1 8889 8886 8890 XOR
2 1 8903 8890 8905 XOR
2 1 8918 8905 8920 XOR
2 1 8509 8519 8787 AND
2 1 8549 8788 8789 AND
2 1 8787 8789 8879 AND
2 1 2166 3200 8864 AND
2 1 2632 3052 8865 AND
2 1 1966 4198 8866 AND
2 1 8865 8866 8867 AND
2 1 8864 8867 8868 AND
2 1 29 41 8869 AND
2 1 8868 8869 8870 AND
2 1 8864 8867 8871 AND
2 1 30 40 8872 AND
2 1 31 39 8873 AND
2 1 8872 8873 8874 AND
2 1 8871 8874 8875 AND
2 1 8870 8875 8876 AND
2 1 28 42 8860 AND
2 1 23 47 8857 AND
2 1 7 63 8856 AND
2 1 8857 8856 8859 XOR
2 1 8860 8859 8863 XOR
2 1 8876 8863 8878 XOR
2 1 8879 8878 8881 XOR
2 1 8920 8881 8922 XOR
2 1 8786 8790 8852 AND
2 1 8786 8790 8853 AND
2 1 8791 8853 8854 AND
2 1 8852 8854 8855 AND
2 1 8922 8855 8925 XOR
2 1 8989 8925 8991 XOR
2 1 8621 8634 8635 AND
2 1 8636 8637 8638 AND
2 1 8635 8638 8834 AND
2 1 8 62 8826 AND
2 1 62 3167 8640 AND
2 1 2522 8640 8641 AND
2 1 8826 8641 8828 XOR
2 1 8828 8652 8831 XOR
2 1 8711 8713 8714 AND
2 1 8712 8714 8715 AND
2 1 8715 8629 8823 XOR
2 1 8823 8704 8825 XOR
2 1 8831 8825 8833 XOR
2 1 8834 8833 8836 XOR
2 1 8644 8656 8657 AND
2 1 8658 8670 8671 AND
2 1 8657 8671 8842 AND
2 1 8737 8746 8747 AND
2 1 8735 8736 8838 AND
2 1 8747 8838 8839 AND
2 1 8693 8706 8707 AND
2 1 8708 8717 8718 AND
2 1 8707 8718 8837 AND
2 1 8839 8837 8841 XOR
2 1 8842 8841 8844 XOR
2 1 8639 8672 8673 AND
2 1 8608 8674 8675 AND
2 1 8673 8675 8676 AND
2 1 8844 8676 8846 XOR
2 1 8836 8846 8847 AND
2 1 8836 8846 8848 AND
2 1 8847 8848 8849 AND
2 1 8755 8772 8773 AND
2 1 8774 8797 8798 AND
2 1 8773 8798 8821 AND
2 1 8849 8821 8851 XOR
2 1 8991 8851 8993 XOR
2 1 9015 8993 9017 XOR
2 1 8601 8602 8603 AND
2 1 8604 8752 8753 AND
2 1 8603 8753 9016 AND
2 1 9017 9016 9018 XOR
2 1 8754 8799 8800 AND
2 1 8801 8802 8803 AND
2 1 8800 8803 8820 AND
2 1 9018 8820 9024 XOR
2 1 8804 8808 8809 AND
2 1 8804 8808 8810 AND
2 1 8810 8816 8818 AND
2 1 8809 8818 8819 AND
2 1 9024 8819 9025 XOR
2 1 1847 4306 9199 AND
2 1 1715 4060 9200 AND
2 1 1403 4394 9201 AND
2 1 9200 9201 9202 AND
2 1 9199 9202 9203 AND
2 1 24 47 9204 AND
2 1 9203 9204 9205 AND
2 1 9199 9202 9206 AND
2 1 26 45 9207 AND
2 1 8191 9207 9208 AND
2 1 9206 9208 9209 AND
2 1 9205 9209 9210 AND
2 1 608 7186 9185 AND
2 1 55 57 9186 AND
2 1 610 9186 9187 AND
2 1 612 6410 9188 AND
2 1 9187 9188 9189 AND
2 1 9185 9189 9191 AND
2 1 15 56 9192 AND
2 1 16 55 9193 AND
2 1 9192 9193 9194 AND
2 1 9191 9194 9195 AND
2 1 9185 9189 9190 AND
2 1 14 57 9196 AND
2 1 9190 9196 9197 AND
2 1 9195 9197 9198 AND
2 1 9210 9198 9212 XOR
2 1 13 58 9181 AND
2 1 12 59 9180 AND
2 1 9181 9180 9182 XOR
2 1 9182 8913 9184 XOR
2 1 9212 9184 9213 XOR
2 1 17 54 9169 AND
2 1 6712 9169 9170 AND
2 1 732 6014 9171 AND
2 1 9170 9171 9175 AND
2 1 23 48 9172 AND
2 1 9175 9172 9176 XOR
2 1 2906 3200 9154 AND
2 1 1869 3052 9155 AND
2 1 2166 4198 9156 AND
2 1 9155 9156 9157 AND
2 1 9154 9157 9158 AND
2 1 30 41 9159 AND
2 1 9158 9159 9160 AND
2 1 31 40 9161 AND
2 1 32 39 9162 AND
2 1 9161 9162 9163 AND
2 1 9154 9157 9164 AND
2 1 9163 9164 9165 AND
2 1 9160 9165 9166 AND
2 1 1743 3874 9141 AND
2 1 1511 3583 9142 AND
2 1 1740 4099 9143 AND
2 1 9142 9143 9144 AND
2 1 9141 9144 9146 AND
2 1 28 43 9147 AND
2 1 29 42 9148 AND
2 1 9147 9148 9149 AND
2 1 9146 9149 9150 AND
2 1 9141 9144 9145 AND
2 1 27 44 9151 AND
2 1 9145 9151 9152 AND
2 1 9150 9152 9153 AND
2 1 9166 9153 9168 XOR
2 1 9176 9168 9178 XOR
2 1 9213 9178 9215 XOR
2 1 8837 8839 8840 AND
2 1 8841 8842 8843 AND
2 1 8840 8843 9140 AND
2 1 9215 9140 9217 XOR
2 1 9001 9002 9003 AND
2 1 9000 9004 9005 AND
2 1 9003 9005 9135 AND
2 1 207 7765 9119 AND
2 1 60 63 9120 AND
2 1 665 9120 9121 AND
2 1 474 7452 9122 AND
2 1 9121 9122 9123 AND
2 1 9119 9123 9124 AND
2 1 11 60 9125 AND
2 1 9124 9125 9126 AND
2 1 8 63 9127 AND
2 1 10 61 9128 AND
2 1 9127 9128 9129 AND
2 1 9119 9123 9130 AND
2 1 9129 9130 9131 AND
2 1 9126 9131 9132 AND
2 1 8940 8943 8945 AND
2 1 8978 8945 9118 XOR
2 1 9132 9118 9134 XOR
2 1 9135 9134 9137 XOR
2 1 34 37 9105 AND
2 1 2920 9105 9106 AND
2 1 2920 3520 9107 AND
2 1 3181 3522 9108 AND
2 1 9107 9108 9109 AND
2 1 9106 9109 9110 AND
2 1 9105 2920 9112 XOR
2 1 3520 9112 9113 AND
2 1 9110 9113 9114 AND
2 1 1073 5447 9090 AND
2 1 1075 5445 9091 AND
2 1 1077 5130 9092 AND
2 1 9091 9092 9093 AND
2 1 9090 9093 9094 AND
2 1 21 50 9095 AND
2 1 9094 9095 9096 AND
2 1 19 52 9097 AND
2 1 20 51 9098 AND
2 1 9097 9098 9099 AND
2 1 9090 9093 9100 AND
2 1 9099 9100 9101 AND
2 1 9096 9101 9102 AND
2 1 9 62 9081 AND
2 1 36 9081 9082 AND
2 1 36 62 9083 AND
2 1 9 9083 9084 AND
2 1 9082 9084 9088 AND
2 1 22 49 9085 AND
2 1 9088 9085 9089 XOR
2 1 9102 9089 9104 XOR
2 1 9114 9104 9116 XOR
2 1 9137 9116 9139 XOR
2 1 9217 9139 9218 XOR
2 1 8996 9006 9007 AND
2 1 8995 9008 9009 AND
2 1 9007 9009 9080 AND
2 1 9218 9080 9219 XOR
2 1 8884 8886 8887 AND
2 1 8885 8887 8888 AND
2 1 8888 8871 9069 XOR
2 1 8856 8857 8858 AND
2 1 8859 8860 8861 AND
2 1 8858 8861 8862 AND
2 1 9069 8862 9071 XOR
2 1 8961 8932 9065 XOR
2 1 9065 8901 9067 XOR
2 1 9071 9067 9073 XOR
2 1 8863 8876 8877 AND
2 1 8878 8879 8880 AND
2 1 8877 8880 9063 AND
2 1 9073 9063 9075 XOR
2 1 8890 8903 8904 AND
2 1 8905 8918 8919 AND
2 1 8904 8919 9060 AND
2 1 8686 8730 8997 AND
2 1 8744 8998 8999 AND
2 1 8997 8999 9057 AND
2 1 8939 8950 8951 AND
2 1 8952 8965 8966 AND
2 1 8951 8966 9056 AND
2 1 9057 9056 9059 XOR
2 1 9060 9059 9062 XOR
2 1 9075 9062 9076 XOR
2 1 8881 8920 8921 AND
2 1 8855 8922 8923 AND
2 1 8921 8923 8924 AND
2 1 9076 8924 9077 XOR
2 1 8994 9010 9011 AND
2 1 9012 9013 9014 AND
2 1 9011 9014 9055 AND
2 1 9077 9055 9079 XOR
2 1 9219 9079 9221 XOR
2 1 8821 8849 8850 AND
2 1 8851 8991 8992 AND
2 1 8850 8992 9052 AND
2 1 8676 8844 8845 AND
2 1 8845 8848 9047 AND
2 1 8967 8984 9041 AND
2 1 8967 8984 9042 AND
2 1 8985 9042 9043 AND
2 1 9041 9043 9044 AND
2 1 8825 8831 8832 AND
2 1 8833 8834 8835 AND
2 1 8832 8835 9038 AND
2 1 8629 8715 8822 AND
2 1 8704 8823 8824 AND
2 1 8822 8824 9035 AND
2 1 8614 8667 8968 AND
2 1 8969 8982 8983 AND
2 1 8968 8983 9032 AND
2 1 8641 8826 8827 AND
2 1 8652 8828 8829 AND
2 1 8827 8829 8830 AND
2 1 9032 8830 9034 XOR
2 1 9035 9034 9037 XOR
2 1 9038 9037 9040 XOR
2 1 9044 9040 9046 XOR
2 1 9047 9046 9049 XOR
2 1 8926 8987 8988 AND
2 1 8925 8989 8990 AND
2 1 8988 8990 9031 AND
2 1 9049 9031 9051 XOR
2 1 9052 9051 9054 XOR
2 1 9221 9054 9223 XOR
2 1 8993 9015 9027 AND
2 1 8993 9015 9028 AND
2 1 9016 9028 9029 AND
2 1 9027 9029 9030 AND
2 1 9223 9030 9226 XOR
2 1 8820 9018 9020 AND
2 1 8809 8816 9021 AND
2 1 8820 9018 9019 AND
2 1 8810 9019 9022 AND
2 1 9021 9022 9023 AND
2 1 9020 9023 9026 AND
2 1 9226 9026 9227 XOR
2 1 9051 9052 9053 AND
2 1 9054 9221 9222 AND
2 1 9053 9222 9415 AND
2 1 33 39 9396 AND
2 1 8972 9396 9397 AND
2 1 3181 3933 9398 AND
2 1 9397 9398 9401 AND
2 1 19 53 9395 AND
2 1 9401 9395 9402 XOR
2 1 1740 4434 9380 AND
2 1 2117 6052 9381 AND
2 1 1643 4306 9382 AND
2 1 9381 9382 9383 AND
2 1 9380 9383 9384 AND
2 1 26 46 9385 AND
2 1 9384 9385 9386 AND
2 1 9380 9383 9387 AND
2 1 27 45 9388 AND
2 1 28 44 9389 AND
2 1 9388 9389 9390 AND
2 1 9387 9390 9391 AND
2 1 9386 9391 9392 AND
2 1 612 6604 9367 AND
2 1 551 7039 9368 AND
2 1 493 7041 9369 AND
2 1 9368 9369 9370 AND
2 1 9367 9370 9372 AND
2 1 14 58 9373 AND
2 1 15 57 9374 AND
2 1 9373 9374 9375 AND
2 1 9372 9375 9376 AND
2 1 9367 9370 9371 AND
2 1 13 59 9377 AND
2 1 9371 9377 9378 AND
2 1 9376 9378 9379 AND
2 1 9392 9379 9394 XOR
2 1 9402 9394 9404 XOR
2 1 8830 9032 9033 AND
2 1 9034 9035 9036 AND
2 1 9033 9036 9364 AND
2 1 9206 9191 9361 XOR
2 1 9361 9130 9363 XOR
2 1 9364 9363 9366 XOR
2 1 9404 9366 9406 XOR
2 1 9037 9038 9039 AND
2 1 9040 9044 9045 AND
2 1 9039 9045 9359 AND
2 1 9406 9359 9408 XOR
2 1 496 7041 9179 AND
2 1 8913 9182 9183 AND
2 1 9179 9183 9340 AND
2 1 474 7612 9327 AND
2 1 755 7765 9328 AND
2 1 290 7670 9329 AND
2 1 9328 9329 9330 AND
2 1 9327 9330 9332 AND
2 1 10 62 9333 AND
2 1 11 61 9334 AND
2 1 9333 9334 9335 AND
2 1 9332 9335 9336 AND
2 1 9327 9330 9331 AND
2 1 9 63 9337 AND
2 1 9331 9337 9338 AND
2 1 9336 9338 9339 AND
2 1 9340 9339 9353 XOR
2 1 24 48 9341 AND
2 1 25 47 9342 AND
2 1 9341 9342 9343 AND
2 1 1403 4877 9344 AND
2 1 9343 9344 9348 AND
2 1 12 60 9345 AND
2 1 9348 9345 9349 XOR
2 1 9353 9349 9354 XOR
2 1 953 8544 9314 AND
2 1 732 6016 9315 AND
2 1 17 55 9313 AND
2 1 20 52 9316 AND
2 1 9313 9316 9317 AND
2 1 9315 9317 9318 AND
2 1 9314 9318 9319 AND
2 1 7075 9316 9320 AND
2 1 9314 9320 9322 AND
2 1 9313 9322 9323 AND
2 1 9319 9323 9324 AND
2 1 21 51 9303 AND
2 1 22 50 9304 AND
2 1 9303 9304 9305 AND
2 1 1151 5130 9306 AND
2 1 9305 9306 9309 AND
2 1 9309 3888 9310 XOR
2 1 32 40 9299 AND
2 1 23 49 9296 AND
2 1 16 56 9295 AND
2 1 9296 9295 9298 XOR
2 1 9299 9298 9302 XOR
2 1 9310 9302 9312 XOR
2 1 9324 9312 9326 XOR
2 1 9354 9326 9356 XOR
2 1 9056 9057 9058 AND
2 1 9059 9060 9061 AND
2 1 9058 9061 9294 AND
2 1 9356 9294 9358 XOR
2 1 9408 9358 9410 XOR
2 1 9106 9109 9111 AND
2 1 9082 9085 9086 AND
2 1 9084 9086 9087 AND
2 1 9111 9087 9283 XOR
2 1 9283 9100 9285 XOR
2 1 9170 9172 9173 AND
2 1 9171 9173 9174 AND
2 1 9174 9146 9279 XOR
2 1 9279 9164 9281 XOR
2 1 9285 9281 9287 XOR
2 1 9198 9210 9211 AND
2 1 9184 9212 9276 AND
2 1 9211 9276 9277 AND
2 1 9287 9277 9289 XOR
2 1 9089 9102 9103 AND
2 1 9104 9114 9115 AND
2 1 9103 9115 9272 AND
2 1 8932 8961 9064 AND
2 1 8901 9065 9066 AND
2 1 9064 9066 9269 AND
2 1 9153 9166 9167 AND
2 1 9168 9176 9177 AND
2 1 9167 9177 9268 AND
2 1 9269 9268 9271 XOR
2 1 9272 9271 9274 XOR
2 1 9289 9274 9290 XOR
2 1 9178 9213 9214 AND
2 1 9140 9215 9216 AND
2 1 9214 9216 9275 AND
2 1 9290 9275 9291 XOR
2 1 9046 9047 9048 AND
2 1 9031 9049 9050 AND
2 1 9048 9050 9267 AND
2 1 9291 9267 9293 XOR
2 1 9410 9293 9412 XOR
2 1 9062 9075 9258 AND
2 1 9062 9075 9259 AND
2 1 8924 9259 9260 AND
2 1 9258 9260 9261 AND
2 1 9134 9135 9136 AND
2 1 9116 9137 9138 AND
2 1 9136 9138 9255 AND
2 1 8871 8888 9068 AND
2 1 8862 9069 9070 AND
2 1 9068 9070 9250 AND
2 1 2166 4140 9236 AND
2 1 2632 3706 9237 AND
2 1 1966 3874 9238 AND
2 1 9237 9238 9239 AND
2 1 9236 9239 9240 AND
2 1 29 43 9241 AND
2 1 9240 9241 9242 AND
2 1 30 42 9243 AND
2 1 3831 9243 9244 AND
2 1 9236 9239 9245 AND
2 1 9244 9245 9246 AND
2 1 9242 9246 9247 AND
2 1 8945 8978 9117 AND
2 1 9118 9132 9133 AND
2 1 9117 9133 9235 AND
2 1 9247 9235 9249 XOR
2 1 9250 9249 9252 XOR
2 1 9067 9071 9072 AND
2 1 9063 9073 9074 AND
2 1 9072 9074 9234 AND
2 1 9252 9234 9254 XOR
2 1 9255 9254 9257 XOR
2 1 9261 9257 9263 XOR
2 1 9139 9217 9230 AND
2 1 9139 9217 9231 AND
2 1 9080 9231 9232 AND
2 1 9230 9232 9233 AND
2 1 9263 9233 9265 XOR
2 1 9412 9265 9413 XOR
2 1 9055 9077 9078 AND
2 1 9079 9219 9220 AND
2 1 9078 9220 9266 AND
2 1 9413 9266 9414 XOR
2 1 9415 9414 9421 XOR
2 1 9030 9223 9225 AND
2 1 9030 9223 9224 AND
2 1 9026 9224 9228 AND
2 1 9225 9228 9229 AND
2 1 9421 9229 9422 XOR
2 1 2920 3522 9591 AND
2 1 2805 3660 9592 AND
2 1 2522 3933 9593 AND
2 1 9592 9593 9594 AND
2 1 9591 9594 9595 AND
2 1 35 38 9597 AND
2 1 2805 9597 9598 AND
2 1 9591 9598 9599 AND
2 1 3660 9599 9600 AND
2 1 9595 9600 9601 AND
2 1 1966 4099 9576 AND
2 1 2359 3710 9577 AND
2 1 1743 4434 9578 AND
2 1 9577 9578 9579 AND
2 1 9576 9579 9580 AND
2 1 28 45 9581 AND
2 1 9580 9581 9582 AND
2 1 9576 9579 9583 AND
2 1 29 44 9584 AND
2 1 30 43 9585 AND
2 1 9584 9585 9586 AND
2 1 9583 9586 9587 AND
2 1 9582 9587 9588 AND
2 1 10 63 9567 AND
2 1 12 61 9568 AND
2 1 9567 9568 9569 AND
2 1 286 7765 9570 AND
2 1 9569 9570 9574 AND
2 1 25 48 9571 AND
2 1 9574 9571 9575 XOR
2 1 9588 9575 9590 XOR
2 1 9601 9590 9603 XOR
2 1 9235 9247 9248 AND
2 1 9249 9250 9251 AND
2 1 9248 9251 9564 AND
2 1 9387 9372 9561 XOR
2 1 9561 9245 9563 XOR
2 1 9564 9563 9566 XOR
2 1 9603 9566 9605 XOR
2 1 9234 9252 9253 AND
2 1 9254 9255 9256 AND
2 1 9253 9256 9559 AND
2 1 9605 9559 9607 XOR
2 1 9268 9269 9270 AND
2 1 9271 9272 9273 AND
2 1 9270 9273 9556 AND
2 1 26 47 9541 AND
2 1 27 46 9542 AND
2 1 9541 9542 9543 AND
2 1 1643 4394 9544 AND
2 1 9543 9544 9548 AND
2 1 17 56 9545 AND
2 1 9548 9545 9549 XOR
2 1 9295 9296 9297 AND
2 1 9298 9299 9300 AND
2 1 9297 9300 9301 AND
2 1 9549 9301 9551 XOR
2 1 15 58 9528 AND
2 1 16 57 9529 AND
2 1 9528 9529 9530 AND
2 1 608 6604 9531 AND
2 1 610 7039 9532 AND
2 1 612 7041 9533 AND
2 1 9532 9533 9534 AND
2 1 9531 9534 9536 AND
2 1 9530 9536 9537 AND
2 1 9531 9534 9535 AND
2 1 14 59 9538 AND
2 1 9535 9538 9539 AND
2 1 9537 9539 9540 AND
2 1 9551 9540 9553 XOR
2 1 1077 5818 9513 AND
2 1 1244 5646 9514 AND
2 1 1151 5447 9515 AND
2 1 9514 9515 9516 AND
2 1 9513 9516 9517 AND
2 1 22 51 9518 AND
2 1 9517 9518 9519 AND
2 1 9513 9516 9520 AND
2 1 20 53 9521 AND
2 1 21 52 9522 AND
2 1 9521 9522 9523 AND
2 1 9520 9523 9524 AND
2 1 9519 9524 9525 AND
2 1 49 54 9498 AND
2 1 1216 9498 9499 AND
2 1 808 6016 9500 AND
2 1 3220 7677 9501 AND
2 1 9500 9501 9502 AND
2 1 9499 9502 9503 AND
2 1 18 55 9504 AND
2 1 9503 9504 9505 AND
2 1 9499 9502 9506 AND
2 1 24 49 9507 AND
2 1 7078 9507 9508 AND
2 1 9506 9508 9509 AND
2 1 9505 9509 9510 AND
2 1 11 62 9490 AND
2 1 37 9490 9491 AND
2 1 62 3518 9492 AND
2 1 9491 9492 9496 AND
2 1 23 50 9493 AND
2 1 9496 9493 9497 XOR
2 1 9510 9497 9512 XOR
2 1 9525 9512 9527 XOR
2 1 9553 9527 9555 XOR
2 1 9556 9555 9558 XOR
2 1 9607 9558 9609 XOR
2 1 9343 9345 9346 AND
2 1 9344 9346 9347 AND
2 1 9347 9332 9479 XOR
2 1 9314 9318 9321 AND
2 1 9479 9321 9481 XOR
2 1 13 60 9473 AND
2 1 3888 9305 9307 AND
2 1 9306 9307 9308 AND
2 1 9473 9308 9475 XOR
2 1 9395 9397 9399 AND
2 1 9398 9399 9400 AND
2 1 9475 9400 9477 XOR
2 1 9481 9477 9483 XOR
2 1 9302 9310 9311 AND
2 1 9312 9324 9325 AND
2 1 9311 9325 9472 AND
2 1 9483 9472 9485 XOR
2 1 9379 9392 9393 AND
2 1 9394 9402 9403 AND
2 1 9393 9403 9468 AND
2 1 9087 9111 9282 AND
2 1 9100 9283 9284 AND
2 1 9282 9284 9465 AND
2 1 9340 9349 9350 AND
2 1 9349 9340 9351 XOR
2 1 9339 9351 9352 AND
2 1 9350 9352 9464 AND
2 1 9465 9464 9467 XOR
2 1 9468 9467 9470 XOR
2 1 9485 9470 9486 XOR
2 1 9326 9354 9355 AND
2 1 9294 9356 9357 AND
2 1 9355 9357 9471 AND
2 1 9486 9471 9487 XOR
2 1 9257 9261 9262 AND
2 1 9233 9263 9264 AND
2 1 9262 9264 9463 AND
2 1 9487 9463 9489 XOR
2 1 9609 9489 9611 XOR
2 1 9281 9285 9286 AND
2 1 9277 9287 9288 AND
2 1 9286 9288 9454 AND
2 1 9146 9174 9278 AND
2 1 9164 9279 9280 AND
2 1 9278 9280 9451 AND
2 1 2384 4198 9436 AND
2 1 1950 5029 9437 AND
2 1 2906 4140 9438 AND
2 1 9437 9438 9439 AND
2 1 9436 9439 9440 AND
2 1 31 42 9441 AND
2 1 9440 9441 9442 AND
2 1 9436 9439 9443 AND
2 1 32 41 9444 AND
2 1 33 40 9445 AND
2 1 9444 9445 9446 AND
2 1 9443 9446 9447 AND
2 1 9442 9447 9448 AND
2 1 9191 9206 9360 AND
2 1 9130 9361 9362 AND
2 1 9360 9362 9435 AND
2 1 9448 9435 9450 XOR
2 1 9451 9450 9453 XOR
2 1 9454 9453 9456 XOR
2 1 9363 9364 9365 AND
2 1 9366 9404 9405 AND
2 1 9365 9405 9434 AND
2 1 9456 9434 9458 XOR
2 1 9274 9289 9430 AND
2 1 9274 9289 9431 AND
2 1 9275 9431 9432 AND
2 1 9430 9432 9433 AND
2 1 9458 9433 9460 XOR
2 1 9359 9406 9407 AND
2 1 9358 9408 9409 AND
2 1 9407 9409 9429 AND
2 1 9460 9429 9462 XOR
2 1 9611 9462 9612 XOR
2 1 9267 9291 9292 AND
2 1 9293 9410 9411 AND
2 1 9292 9411 9428 AND
2 1 9612 9428 9613 XOR
2 1 9265 9412 9424 AND
2 1 9265 9412 9425 AND
2 1 9266 9425 9426 AND
2 1 9424 9426 9427 AND
2 1 9613 9427 9614 XOR
2 1 9414 9415 9417 AND
2 1 9414 9415 9416 AND
2 1 9224 9416 9418 AND
2 1 9026 9225 9419 AND
2 1 9418 9419 9420 AND
2 1 9417 9420 9423 AND
2 1 9614 9423 9615 XOR
2 1 9427 9613 9791 AND
2 1 9477 9481 9482 AND
2 1 9472 9483 9484 AND
2 1 9482 9484 9775 AND
2 1 9301 9549 9550 AND
2 1 9540 9551 9552 AND
2 1 9550 9552 9772 AND
2 1 9308 9473 9474 AND
2 1 9400 9475 9476 AND
2 1 9474 9476 9769 AND
2 1 9332 9347 9478 AND
2 1 9321 9479 9480 AND
2 1 9478 9480 9768 AND
2 1 9769 9768 9771 XOR
2 1 9772 9771 9774 XOR
2 1 9775 9774 9777 XOR
2 1 9464 9465 9466 AND
2 1 9467 9468 9469 AND
2 1 9466 9469 9776 AND
2 1 9777 9776 9778 XOR
2 1 9470 9485 9764 AND
2 1 9470 9485 9765 AND
2 1 9471 9765 9766 AND
2 1 9764 9766 9767 AND
2 1 9778 9767 9780 XOR
2 1 9559 9605 9606 AND
2 1 9558 9607 9608 AND
2 1 9606 9608 9763 AND
2 1 9780 9763 9782 XOR
2 1 9463 9487 9488 AND
2 1 9489 9609 9610 AND
2 1 9488 9610 9762 AND
2 1 9782 9762 9784 XOR
2 1 9520 9506 9753 XOR
2 1 9569 9571 9572 AND
2 1 9570 9572 9573 AND
2 1 9753 9573 9755 XOR
2 1 9543 9545 9546 AND
2 1 9544 9546 9547 AND
2 1 9583 9547 9749 XOR
2 1 9749 9536 9751 XOR
2 1 9755 9751 9757 XOR
2 1 9575 9588 9589 AND
2 1 9590 9601 9602 AND
2 1 9589 9602 9756 AND
2 1 9757 9756 9758 XOR
2 1 23 51 9734 AND
2 1 24 50 9735 AND
2 1 9734 9735 9736 AND
2 1 1218 5130 9737 AND
2 1 9736 9737 9740 AND
2 1 9740 2689 9741 XOR
2 1 35 39 9725 AND
2 1 4014 9725 9726 AND
2 1 2522 3200 9727 AND
2 1 9726 9727 9730 AND
2 1 9730 8660 9731 XOR
2 1 21 53 9712 AND
2 1 6418 9712 9713 AND
2 1 1075 6012 9714 AND
2 1 52 55 9715 AND
2 1 3096 9715 9716 AND
2 1 1151 5818 9717 AND
2 1 9716 9717 9718 AND
2 1 9714 9718 9720 AND
2 1 9713 9720 9721 AND
2 1 9714 9718 9719 AND
2 1 22 52 9722 AND
2 1 9719 9722 9723 AND
2 1 9721 9723 9724 AND
2 1 9731 9724 9733 XOR
2 1 9741 9733 9743 XOR
2 1 1740 4394 9697 AND
2 1 2117 6726 9698 AND
2 1 1643 4877 9699 AND
2 1 9698 9699 9700 AND
2 1 9697 9700 9701 AND
2 1 26 48 9702 AND
2 1 9701 9702 9703 AND
2 1 9697 9700 9704 AND
2 1 27 47 9705 AND
2 1 28 46 9706 AND
2 1 9705 9706 9707 AND
2 1 9704 9707 9708 AND
2 1 9703 9708 9709 AND
2 1 18 56 9686 AND
2 1 25 49 9687 AND
2 1 9686 9687 9688 AND
2 1 25 56 9689 AND
2 1 8218 9689 9690 AND
2 1 9688 9690 9693 AND
2 1 9693 4138 9694 XOR
2 1 31 43 9677 AND
2 1 32 42 9678 AND
2 1 9677 9678 9679 AND
2 1 2906 3874 9680 AND
2 1 9679 9680 9684 AND
2 1 11 63 9681 AND
2 1 9684 9681 9685 XOR
2 1 9694 9685 9696 XOR
2 1 9709 9696 9711 XOR
2 1 9743 9711 9744 XOR
2 1 9372 9387 9560 AND
2 1 9245 9561 9562 AND
2 1 9560 9562 9674 AND
2 1 30 44 9659 AND
2 1 7526 9659 9660 AND
2 1 1966 4434 9661 AND
2 1 29 57 9662 AND
2 1 7148 9662 9663 AND
2 1 9661 9663 9664 AND
2 1 9660 9664 9665 AND
2 1 29 45 9666 AND
2 1 9665 9666 9667 AND
2 1 9659 7526 9669 XOR
2 1 9664 9669 9670 AND
2 1 9667 9670 9671 AND
2 1 13 61 9655 AND
2 1 12 62 9654 AND
2 1 9655 9654 9656 XOR
2 1 9491 9493 9494 AND
2 1 9492 9494 9495 AND
2 1 9656 9495 9658 XOR
2 1 9671 9658 9673 XOR
2 1 9674 9673 9676 XOR
2 1 9744 9676 9746 XOR
2 1 9758 9746 9759 XOR
2 1 9453 9454 9455 AND
2 1 9434 9456 9457 AND
2 1 9455 9457 9747 AND
2 1 9759 9747 9760 XOR
2 1 9435 9448 9449 AND
2 1 9450 9451 9452 AND
2 1 9449 9452 9641 AND
2 1 9497 9510 9511 AND
2 1 9512 9525 9526 AND
2 1 9511 9526 9638 AND
2 1 608 7041 9623 AND
2 1 610 7907 9624 AND
2 1 612 7449 9625 AND
2 1 9624 9625 9626 AND
2 1 9623 9626 9627 AND
2 1 14 60 9628 AND
2 1 9627 9628 9629 AND
2 1 15 59 9630 AND
2 1 16 58 9631 AND
2 1 9630 9631 9632 AND
2 1 9623 9626 9633 AND
2 1 9632 9633 9634 AND
2 1 9629 9634 9635 AND
2 1 9591 9594 9596 AND
2 1 9596 9443 9622 XOR
2 1 9635 9622 9637 XOR
2 1 9638 9637 9640 XOR
2 1 9641 9640 9643 XOR
2 1 9563 9564 9565 AND
2 1 9566 9603 9604 AND
2 1 9565 9604 9645 AND
2 1 9527 9553 9554 AND
2 1 9555 9556 9557 AND
2 1 9554 9557 9644 AND
2 1 9645 9644 9647 XOR
2 1 9643 9647 9648 AND
2 1 9643 9647 9649 AND
2 1 9648 9649 9650 AND
2 1 9433 9458 9459 AND
2 1 9429 9460 9461 AND
2 1 9459 9461 9620 AND
2 1 9650 9620 9652 XOR
2 1 9760 9652 9761 XOR
2 1 9784 9761 9786 XOR
2 1 9462 9611 9616 AND
2 1 9462 9611 9617 AND
2 1 9428 9617 9618 AND
2 1 9616 9618 9619 AND
2 1 9786 9619 9789 XOR
2 1 9791 9789 9792 XOR
2 1 9423 9614 9790 AND
2 1 9792 9790 9793 XOR
2 1 9619 9786 9788 AND
2 1 9619 9786 9787 AND
2 1 9427 9613 9979 AND
2 1 9787 9979 9980 AND
2 1 9423 9791 9981 AND
2 1 9980 9981 9982 AND
2 1 9788 9982 9983 AND
2 1 9746 9758 9968 AND
2 1 9746 9758 9969 AND
2 1 9747 9969 9970 AND
2 1 9968 9970 9971 AND
2 1 9644 9645 9646 AND
2 1 9646 9648 9965 AND
2 1 9751 9755 9957 AND
2 1 9751 9755 9958 AND
2 1 9756 9958 9959 AND
2 1 9957 9959 9960 AND
2 1 1567 5646 9941 AND
2 1 1151 6014 9942 AND
2 1 24 54 9943 AND
2 1 9303 9943 9944 AND
2 1 9942 9944 9945 AND
2 1 9941 9945 9946 AND
2 1 21 54 9947 AND
2 1 9946 9947 9948 AND
2 1 9941 9945 9949 AND
2 1 22 53 9950 AND
2 1 24 51 9951 AND
2 1 9950 9951 9952 AND
2 1 9949 9952 9953 AND
2 1 9948 9953 9954 AND
2 1 2384 3874 9927 AND
2 1 1950 3583 9928 AND
2 1 2906 4099 9929 AND
2 1 9928 9929 9930 AND
2 1 9927 9930 9931 AND
2 1 31 44 9932 AND
2 1 9931 9932 9933 AND
2 1 33 42 9934 AND
2 1 4097 9934 9935 AND
2 1 9927 9930 9936 AND
2 1 9935 9936 9937 AND
2 1 9933 9937 9938 AND
2 1 34 41 9923 AND
2 1 25 50 9920 AND
2 1 20 55 9919 AND
2 1 9920 9919 9922 XOR
2 1 9923 9922 9926 XOR
2 1 9938 9926 9940 XOR
2 1 9954 9940 9956 XOR
2 1 9960 9956 9962 XOR
2 1 9637 9638 9639 AND
2 1 9640 9641 9642 AND
2 1 9639 9642 9918 AND
2 1 9962 9918 9964 XOR
2 1 9965 9964 9967 XOR
2 1 9971 9967 9973 XOR
2 1 1743 4394 9881 AND
2 1 1511 6726 9882 AND
2 1 1740 4877 9883 AND
2 1 9882 9883 9884 AND
2 1 9881 9884 9885 AND
2 1 27 48 9886 AND
2 1 9885 9886 9887 AND
2 1 9881 9884 9888 AND
2 1 28 47 9889 AND
2 1 29 46 9890 AND
2 1 9889 9890 9891 AND
2 1 9888 9891 9892 AND
2 1 9887 9892 9893 AND
2 1 49 57 9865 AND
2 1 3502 9865 9866 AND
2 1 26 58 9867 AND
2 1 5529 9867 9868 AND
2 1 732 6604 9869 AND
2 1 9868 9869 9870 AND
2 1 9866 9870 9871 AND
2 1 7528 9871 9872 AND
2 1 9866 9870 9873 AND
2 1 18 57 9874 AND
2 1 26 49 9875 AND
2 1 9874 9875 9876 AND
2 1 9873 9876 9877 AND
2 1 9872 9877 9878 AND
2 1 608 7449 9852 AND
2 1 610 6969 9853 AND
2 1 612 7452 9854 AND
2 1 9853 9854 9855 AND
2 1 9852 9855 9857 AND
2 1 15 60 9858 AND
2 1 16 59 9859 AND
2 1 9858 9859 9860 AND
2 1 9857 9860 9861 AND
2 1 9852 9855 9856 AND
2 1 14 61 9862 AND
2 1 9856 9862 9863 AND
2 1 9861 9863 9864 AND
2 1 9878 9864 9880 XOR
2 1 9893 9880 9895 XOR
2 1 9768 9769 9770 AND
2 1 9771 9772 9773 AND
2 1 9770 9773 9849 AND
2 1 37 38 9845 AND
2 1 13 62 9844 AND
2 1 9845 9844 9846 XOR
2 1 35 40 9832 AND
2 1 6995 9832 9833 AND
2 1 2920 3200 9834 AND
2 1 9833 9834 9837 AND
2 1 23 52 9831 AND
2 1 9837 9831 9838 XOR
2 1 12 63 9821 AND
2 1 19 56 9822 AND
2 1 9821 9822 9823 AND
2 1 19 63 9824 AND
2 1 8527 9824 9825 AND
2 1 9823 9825 9829 AND
2 1 30 45 9826 AND
2 1 9829 9826 9830 XOR
2 1 9838 9830 9840 XOR
2 1 9846 9840 9848 XOR
2 1 9849 9848 9851 XOR
2 1 9895 9851 9913 XOR
2 1 9685 9694 9695 AND
2 1 9696 9709 9710 AND
2 1 9695 9710 9906 AND
2 1 9724 9731 9732 AND
2 1 9733 9741 9742 AND
2 1 9732 9742 9905 AND
2 1 9906 9905 9908 XOR
2 1 9660 9664 9668 AND
2 1 9704 9668 9902 XOR
2 1 9902 9633 9904 XOR
2 1 9908 9904 9910 XOR
2 1 9774 9775 9897 AND
2 1 9774 9775 9898 AND
2 1 9776 9898 9899 AND
2 1 9897 9899 9900 AND
2 1 9910 9900 9912 XOR
2 1 9913 9912 9915 XOR
2 1 496 7612 9653 AND
2 1 9495 9656 9657 AND
2 1 9653 9657 9812 AND
2 1 4138 9688 9691 AND
2 1 9690 9691 9692 AND
2 1 9679 9681 9682 AND
2 1 9680 9682 9683 AND
2 1 9692 9683 9811 XOR
2 1 9812 9811 9814 XOR
2 1 2689 9736 9738 AND
2 1 9737 9738 9739 AND
2 1 8660 9726 9728 AND
2 1 9727 9728 9729 AND
2 1 9739 9729 9807 XOR
2 1 9807 9720 9809 XOR
2 1 9814 9809 9816 XOR
2 1 9658 9671 9672 AND
2 1 9673 9674 9675 AND
2 1 9672 9675 9805 AND
2 1 9816 9805 9818 XOR
2 1 9676 9744 9745 AND
2 1 9711 9743 9801 AND
2 1 9745 9801 9802 AND
2 1 9547 9583 9748 AND
2 1 9536 9749 9750 AND
2 1 9748 9750 9798 AND
2 1 9506 9520 9752 AND
2 1 9573 9753 9754 AND
2 1 9752 9754 9797 AND
2 1 9798 9797 9799 XOR
2 1 9443 9596 9621 AND
2 1 9622 9635 9636 AND
2 1 9621 9636 9796 AND
2 1 9799 9796 9800 XOR
2 1 9802 9800 9804 XOR
2 1 9818 9804 9820 XOR
2 1 9915 9820 9916 XOR
2 1 9767 9778 9779 AND
2 1 9763 9780 9781 AND
2 1 9779 9781 9795 AND
2 1 9916 9795 9917 XOR
2 1 9973 9917 9976 XOR
2 1 9620 9650 9651 AND
2 1 9652 9760 9974 AND
2 1 9651 9974 9975 AND
2 1 9976 9975 9977 XOR
2 1 9762 9782 9783 AND
2 1 9761 9784 9785 AND
2 1 9783 9785 9794 AND
2 1 9977 9794 9978 XOR
2 1 9983 9978 9984 XOR
2 1 9978 9983 10161 AND
2 1 9794 9977 10159 AND
2 1 9797 9798 10066 AND
2 1 9797 9798 10067 AND
2 1 9796 10067 10068 AND
2 1 10066 10068 10069 AND
2 1 24 52 10056 AND
2 1 25 51 10057 AND
2 1 10056 10057 10058 AND
2 1 1403 5447 10059 AND
2 1 10058 10059 10062 AND
2 1 10062 4213 10063 XOR
2 1 2920 4198 10041 AND
2 1 3550 5029 10042 AND
2 1 2522 4140 10043 AND
2 1 10042 10043 10044 AND
2 1 10041 10044 10045 AND
2 1 34 42 10046 AND
2 1 10045 10046 10047 AND
2 1 10041 10044 10048 AND
2 1 35 41 10049 AND
2 1 36 40 10050 AND
2 1 10049 10050 10051 AND
2 1 10048 10051 10052 AND
2 1 10047 10052 10053 AND
2 1 1966 4394 10028 AND
2 1 2359 6726 10029 AND
2 1 1743 4877 10030 AND
2 1 10029 10030 10031 AND
2 1 10028 10031 10033 AND
2 1 29 47 10034 AND
2 1 30 46 10035 AND
2 1 10034 10035 10036 AND
2 1 10033 10036 10037 AND
2 1 10028 10031 10032 AND
2 1 28 48 10038 AND
2 1 10032 10038 10039 AND
2 1 10037 10039 10040 AND
2 1 10053 10040 10055 XOR
2 1 10063 10055 10065 XOR
2 1 10069 10065 10071 XOR
2 1 26 50 10085 AND
2 1 27 49 10086 AND
2 1 10085 10086 10087 AND
2 1 1643 4935 10088 AND
2 1 10087 10088 10092 AND
2 1 18 58 10089 AND
2 1 10092 10089 10093 XOR
2 1 10093 9949 10094 XOR
2 1 728 7449 10072 AND
2 1 684 6969 10073 AND
2 1 608 7452 10074 AND
2 1 10073 10074 10075 AND
2 1 10072 10075 10076 AND
2 1 15 61 10077 AND
2 1 10076 10077 10078 AND
2 1 10072 10075 10079 AND
2 1 16 60 10080 AND
2 1 17 59 10081 AND
2 1 10080 10081 10082 AND
2 1 10079 10082 10083 AND
2 1 10078 10083 10084 AND
2 1 10094 10084 10095 XOR
2 1 10071 10095 10096 AND
2 1 10071 10095 10097 AND
2 1 10096 10097 10098 AND
2 1 9830 9838 9839 AND
2 1 9840 9846 9847 AND
2 1 9839 9847 10023 AND
2 1 9873 9857 10019 XOR
2 1 10019 9936 10021 XOR
2 1 10023 10021 10024 XOR
2 1 9864 9878 9879 AND
2 1 9880 9893 9894 AND
2 1 9879 9894 10022 AND
2 1 10024 10022 10025 XOR
2 1 9956 9960 9961 AND
2 1 9918 9962 9963 AND
2 1 9961 9963 10017 AND
2 1 10025 10017 10027 XOR
2 1 10098 10027 10100 XOR
2 1 9964 9965 9966 AND
2 1 9967 9971 9972 AND
2 1 9966 9972 10014 AND
2 1 14 62 10002 AND
2 1 38 62 9841 AND
2 1 13 9841 9842 AND
2 1 3522 9842 9843 AND
2 1 10002 9843 10004 XOR
2 1 9831 9833 9835 AND
2 1 9834 9835 9836 AND
2 1 10004 9836 10007 XOR
2 1 9926 9938 9939 AND
2 1 9940 9954 9955 AND
2 1 9939 9955 10001 AND
2 1 10007 10001 10009 XOR
2 1 9919 9920 9921 AND
2 1 9922 9923 9924 AND
2 1 9921 9924 9925 AND
2 1 9925 9888 9998 XOR
2 1 9823 9826 9827 AND
2 1 9825 9827 9828 AND
2 1 9998 9828 10000 XOR
2 1 10009 10000 10011 XOR
2 1 9848 9849 9850 AND
2 1 9851 9895 9896 AND
2 1 9850 9896 9994 AND
2 1 9729 9739 9806 AND
2 1 9720 9807 9808 AND
2 1 9806 9808 9991 AND
2 1 9668 9704 9901 AND
2 1 9633 9902 9903 AND
2 1 9901 9903 9990 AND
2 1 9991 9990 9992 XOR
2 1 9683 9692 9810 AND
2 1 9811 9812 9813 AND
2 1 9810 9813 9989 AND
2 1 9992 9989 9993 XOR
2 1 9994 9993 9996 XOR
2 1 10011 9996 10013 XOR
2 1 10014 10013 10016 XOR
2 1 10100 10016 10153 XOR
2 1 9905 9906 9907 AND
2 1 9904 9908 9909 AND
2 1 9907 9909 10142 AND
2 1 1151 6016 10128 AND
2 1 1244 5809 10129 AND
2 1 1077 7186 10130 AND
2 1 10129 10130 10131 AND
2 1 10128 10131 10132 AND
2 1 21 55 10134 AND
2 1 22 54 10135 AND
2 1 10134 10135 10136 AND
2 1 10128 10136 10137 AND
2 1 7822 10137 10138 AND
2 1 10132 10138 10139 AND
2 1 19 57 10118 AND
2 1 10118 4227 10124 XOR
2 1 23 53 10119 AND
2 1 10124 10119 10125 XOR
2 1 31 45 10109 AND
2 1 32 44 10110 AND
2 1 10109 10110 10111 AND
2 1 2906 4434 10112 AND
2 1 10111 10112 10116 AND
2 1 13 63 10113 AND
2 1 10116 10113 10117 XOR
2 1 10125 10117 10127 XOR
2 1 10139 10127 10141 XOR
2 1 10142 10141 10144 XOR
2 1 9809 9814 9815 AND
2 1 9805 9816 9817 AND
2 1 9815 9817 10108 AND
2 1 10144 10108 10146 XOR
2 1 9800 9802 9803 AND
2 1 9804 9818 9819 AND
2 1 9803 9819 10107 AND
2 1 10146 10107 10148 XOR
2 1 9900 9910 9911 AND
2 1 9912 9913 9914 AND
2 1 9911 9914 10106 AND
2 1 10148 10106 10150 XOR
2 1 9820 9915 10102 AND
2 1 9820 9915 10103 AND
2 1 9795 10103 10104 AND
2 1 10102 10104 10105 AND
2 1 10150 10105 10152 XOR
2 1 10153 10152 10155 XOR
2 1 9917 9973 9985 AND
2 1 9917 9973 9986 AND
2 1 9975 9986 9987 AND
2 1 9985 9987 9988 AND
2 1 10155 9988 10158 XOR
2 1 10159 10158 10160 XOR
2 1 10161 10160 10162 XOR
2 1 9988 10155 10156 AND
2 1 9794 9977 10335 AND
2 1 9983 10335 10336 AND
2 1 9988 10155 10157 AND
2 1 10157 10159 10337 AND
2 1 10336 10337 10338 AND
2 1 10156 10338 10339 AND
2 1 9990 9991 10240 AND
2 1 9990 9991 10241 AND
2 1 9989 10241 10242 AND
2 1 10240 10242 10243 AND
2 1 38 39 10236 AND
2 1 15 62 10235 AND
2 1 10236 10235 10237 XOR
2 1 2805 4198 10220 AND
2 1 3888 5029 10221 AND
2 1 2920 4140 10222 AND
2 1 10221 10222 10223 AND
2 1 10220 10223 10224 AND
2 1 35 42 10219 AND
2 1 36 41 10226 AND
2 1 4418 10226 10227 AND
2 1 10220 10227 10228 AND
2 1 10219 10228 10229 AND
2 1 10224 10229 10230 AND
2 1 31 63 10205 AND
2 1 5792 10205 10206 AND
2 1 2166 4394 10207 AND
2 1 14 63 10208 AND
2 1 30 47 10209 AND
2 1 10208 10209 10210 AND
2 1 10207 10210 10211 AND
2 1 10206 10211 10212 AND
2 1 31 46 10214 AND
2 1 10208 10214 10215 AND
2 1 10206 10215 10216 AND
2 1 10209 10216 10217 AND
2 1 10212 10217 10218 AND
2 1 10230 10218 10232 XOR
2 1 10237 10232 10239 XOR
2 1 10243 10239 10245 XOR
2 1 1743 4881 10259 AND
2 1 1511 4580 10260 AND
2 1 1740 4935 10261 AND
2 1 10260 10261 10262 AND
2 1 10259 10262 10263 AND
2 1 27 50 10264 AND
2 1 10263 10264 10265 AND
2 1 10259 10262 10266 AND
2 1 28 49 10267 AND
2 1 29 48 10268 AND
2 1 10267 10268 10269 AND
2 1 10266 10269 10270 AND
2 1 10265 10270 10271 AND
2 1 1077 6410 10246 AND
2 1 1075 6203 10247 AND
2 1 1073 6604 10248 AND
2 1 10247 10248 10249 AND
2 1 10246 10249 10250 AND
2 1 19 58 10251 AND
2 1 10250 10251 10252 AND
2 1 10246 10249 10253 AND
2 1 21 56 10254 AND
2 1 8350 10254 10255 AND
2 1 10253 10255 10256 AND
2 1 10252 10256 10257 AND
2 1 10257 10048 10258 XOR
2 1 10271 10258 10273 XOR
2 1 10245 10273 10274 AND
2 1 10245 10273 10275 AND
2 1 10274 10275 10276 AND
2 1 10141 10142 10143 AND
2 1 10108 10144 10145 AND
2 1 10143 10145 10202 AND
2 1 10040 10053 10054 AND
2 1 10055 10063 10064 AND
2 1 10054 10064 10199 AND
2 1 9949 10093 10193 AND
2 1 9949 10093 10194 AND
2 1 10084 10194 10195 AND
2 1 10193 10195 10196 AND
2 1 9843 10002 10003 AND
2 1 9836 10004 10005 AND
2 1 10003 10005 10006 AND
2 1 10196 10006 10198 XOR
2 1 10199 10198 10201 XOR
2 1 10202 10201 10204 XOR
2 1 10276 10204 10278 XOR
2 1 10087 10089 10090 AND
2 1 10088 10090 10091 AND
2 1 10091 10079 10183 XOR
2 1 10118 10119 10120 AND
2 1 10119 10118 10121 XOR
2 1 4227 10121 10122 AND
2 1 10120 10122 10123 AND
2 1 10183 10123 10185 XOR
2 1 10128 10131 10133 AND
2 1 10133 10033 10179 XOR
2 1 10111 10113 10114 AND
2 1 10112 10114 10115 AND
2 1 10179 10115 10181 XOR
2 1 10185 10181 10187 XOR
2 1 10117 10125 10126 AND
2 1 10127 10139 10140 AND
2 1 10126 10140 10186 AND
2 1 10187 10186 10188 XOR
2 1 9888 9925 9997 AND
2 1 9828 9998 9999 AND
2 1 9997 9999 10174 AND
2 1 9857 9873 10018 AND
2 1 9936 10019 10020 AND
2 1 10018 10020 10171 AND
2 1 18 59 10167 AND
2 1 17 60 10166 AND
2 1 10167 10166 10168 XOR
2 1 4213 10058 10060 AND
2 1 10059 10060 10061 AND
2 1 10168 10061 10170 XOR
2 1 10171 10170 10173 XOR
2 1 10174 10173 10176 XOR
2 1 10188 10176 10189 XOR
2 1 10065 10069 10070 AND
2 1 10070 10096 10177 AND
2 1 10189 10177 10190 XOR
2 1 10107 10146 10147 AND
2 1 10106 10148 10149 AND
2 1 10147 10149 10164 AND
2 1 10190 10164 10192 XOR
2 1 10278 10192 10331 XOR
2 1 10021 10023 10317 AND
2 1 10021 10023 10318 AND
2 1 10022 10318 10319 AND
2 1 10317 10319 10320 AND
2 1 32 45 10307 AND
2 1 4229 10307 10308 AND
2 1 2384 4434 10309 AND
2 1 10308 10309 10313 AND
2 1 16 61 10310 AND
2 1 10313 10310 10314 XOR
2 1 1218 6014 10292 AND
2 1 1128 8544 10293 AND
2 1 1403 5818 10294 AND
2 1 10293 10294 10295 AND
2 1 10292 10295 10296 AND
2 1 25 52 10297 AND
2 1 10296 10297 10298 AND
2 1 23 54 10299 AND
2 1 24 53 10300 AND
2 1 10299 10300 10301 AND
2 1 10292 10295 10302 AND
2 1 10301 10302 10303 AND
2 1 10298 10303 10304 AND
2 1 34 43 10288 AND
2 1 26 51 10285 AND
2 1 22 55 10284 AND
2 1 10285 10284 10287 XOR
2 1 10288 10287 10291 XOR
2 1 10304 10291 10306 XOR
2 1 10314 10306 10316 XOR
2 1 10320 10316 10322 XOR
2 1 10001 10007 10008 AND
2 1 10000 10009 10010 AND
2 1 10008 10010 10283 AND
2 1 10322 10283 10324 XOR
2 1 9993 9994 9995 AND
2 1 9996 10011 10012 AND
2 1 9995 10012 10282 AND
2 1 10324 10282 10326 XOR
2 1 10017 10025 10026 AND
2 1 10027 10098 10099 AND
2 1 10026 10099 10281 AND
2 1 10326 10281 10328 XOR
2 1 10013 10014 10015 AND
2 1 10016 10100 10101 AND
2 1 10015 10101 10280 AND
2 1 10328 10280 10330 XOR
2 1 10331 10330 10333 XOR
2 1 10105 10150 10151 AND
2 1 10152 10153 10154 AND
2 1 10151 10154 10163 AND
2 1 10333 10163 10334 XOR
2 1 10339 10334 10340 XOR
2 1 10334 10339 10514 AND
2 1 10163 10333 10512 AND
2 1 732 7449 10165 AND
2 1 10061 10168 10169 AND
2 1 10165 10169 10497 AND
2 1 10284 10285 10286 AND
2 1 10287 10288 10289 AND
2 1 10286 10289 10290 AND
2 1 10290 10253 10496 XOR
2 1 10497 10496 10499 XOR
2 1 10033 10133 10178 AND
2 1 10115 10179 10180 AND
2 1 10178 10180 10492 AND
2 1 26 52 10480 AND
2 1 2899 10480 10481 AND
2 1 4632 10480 10482 AND
2 1 3522 4198 10483 AND
2 1 10482 10483 10484 AND
2 1 10481 10484 10485 AND
2 1 10480 2899 10487 XOR
2 1 4632 10487 10488 AND
2 1 10485 10488 10489 AND
2 1 36 42 10472 AND
2 1 4375 10472 10473 AND
2 1 2920 3874 10474 AND
2 1 10473 10474 10478 AND
2 1 23 55 10475 AND
2 1 10478 10475 10479 XOR
2 1 10489 10479 10491 XOR
2 1 10492 10491 10494 XOR
2 1 10499 10494 10501 XOR
2 1 10170 10171 10172 AND
2 1 10173 10174 10175 AND
2 1 10172 10175 10500 AND
2 1 10501 10500 10502 XOR
2 1 10239 10243 10244 AND
2 1 10244 10274 10469 AND
2 1 10316 10320 10321 AND
2 1 10283 10322 10323 AND
2 1 10321 10323 10468 AND
2 1 10469 10468 10471 XOR
2 1 10502 10471 10504 XOR
2 1 10206 10211 10213 AND
2 1 10266 10213 10458 XOR
2 1 10308 10310 10311 AND
2 1 10309 10311 10312 AND
2 1 10458 10312 10460 XOR
2 1 62 5460 10233 AND
2 1 3933 10233 10234 AND
2 1 10220 10223 10225 AND
2 1 10234 10225 10454 XOR
2 1 10454 10302 10456 XOR
2 1 10460 10456 10462 XOR
2 1 10079 10091 10182 AND
2 1 10123 10183 10184 AND
2 1 10182 10184 10461 AND
2 1 10462 10461 10463 XOR
2 1 10181 10185 10449 AND
2 1 10181 10185 10450 AND
2 1 10186 10450 10451 AND
2 1 10449 10451 10452 AND
2 1 10463 10452 10464 XOR
2 1 10291 10304 10305 AND
2 1 10306 10314 10315 AND
2 1 10305 10315 10446 AND
2 1 10218 10230 10231 AND
2 1 10232 10237 10238 AND
2 1 10231 10238 10443 AND
2 1 10258 10271 10272 AND
2 1 10048 10257 10441 AND
2 1 10272 10441 10442 AND
2 1 10443 10442 10445 XOR
2 1 10446 10445 10448 XOR
2 1 10464 10448 10465 XOR
2 1 10282 10324 10325 AND
2 1 10281 10326 10327 AND
2 1 10325 10327 10440 AND
2 1 10465 10440 10467 XOR
2 1 10504 10467 10506 XOR
2 1 10164 10190 10191 AND
2 1 10192 10278 10279 AND
2 1 10191 10279 10437 AND
2 1 1567 5809 10415 AND
2 1 53 56 10416 AND
2 1 4128 10416 10417 AND
2 1 1403 6014 10418 AND
2 1 10417 10418 10419 AND
2 1 10415 10419 10420 AND
2 1 25 53 10421 AND
2 1 10420 10421 10422 AND
2 1 22 56 10423 AND
2 1 9943 10423 10424 AND
2 1 10415 10419 10425 AND
2 1 10424 10425 10426 AND
2 1 10422 10426 10427 AND
2 1 3181 4434 10404 AND
2 1 3140 6052 10405 AND
2 1 2384 4306 10406 AND
2 1 10405 10406 10407 AND
2 1 10404 10407 10408 AND
2 1 33 45 10401 AND
2 1 34 44 10402 AND
2 1 10401 10402 10403 AND
2 1 10403 10404 10410 AND
2 1 4304 10410 10411 AND
2 1 10408 10411 10412 AND
2 1 30 48 10392 AND
2 1 31 47 10393 AND
2 1 10392 10393 10394 AND
2 1 2166 4877 10395 AND
2 1 10394 10395 10399 AND
2 1 20 58 10396 AND
2 1 10399 10396 10400 XOR
2 1 10412 10400 10414 XOR
2 1 10427 10414 10429 XOR
2 1 728 7612 10377 AND
2 1 684 7765 10378 AND
2 1 608 7670 10379 AND
2 1 10378 10379 10380 AND
2 1 10377 10380 10381 AND
2 1 15 63 10382 AND
2 1 10381 10382 10383 AND
2 1 10377 10380 10384 AND
2 1 16 62 10385 AND
2 1 17 61 10386 AND
2 1 10385 10386 10387 AND
2 1 10384 10387 10388 AND
2 1 10383 10388 10389 AND
2 1 1743 4935 10362 AND
2 1 1511 7786 10363 AND
2 1 1740 5130 10364 AND
2 1 10363 10364 10365 AND
2 1 10362 10365 10366 AND
2 1 27 51 10367 AND
2 1 10366 10367 10368 AND
2 1 10362 10365 10369 AND
2 1 28 50 10370 AND
2 1 29 49 10371 AND
2 1 10370 10371 10372 AND
2 1 10369 10372 10373 AND
2 1 10368 10373 10374 AND
2 1 1075 7039 10348 AND
2 1 57 60 10349 AND
2 1 2777 10349 10350 AND
2 1 808 7449 10351 AND
2 1 10350 10351 10352 AND
2 1 10348 10352 10354 AND
2 1 19 59 10355 AND
2 1 21 57 10356 AND
2 1 10355 10356 10357 AND
2 1 10354 10357 10358 AND
2 1 10348 10352 10353 AND
2 1 18 60 10359 AND
2 1 10353 10359 10360 AND
2 1 10358 10360 10361 AND
2 1 10374 10361 10376 XOR
2 1 10389 10376 10391 XOR
2 1 10429 10391 10430 XOR
2 1 10006 10196 10197 AND
2 1 10198 10199 10200 AND
2 1 10197 10200 10347 AND
2 1 10430 10347 10432 XOR
2 1 10176 10188 10343 AND
2 1 10176 10188 10344 AND
2 1 10177 10344 10345 AND
2 1 10343 10345 10346 AND
2 1 10432 10346 10434 XOR
2 1 10201 10202 10203 AND
2 1 10204 10276 10277 AND
2 1 10203 10277 10342 AND
2 1 10434 10342 10436 XOR
2 1 10437 10436 10439 XOR
2 1 10506 10439 10508 XOR
2 1 10280 10328 10329 AND
2 1 10330 10331 10332 AND
2 1 10329 10332 10341 AND
2 1 10508 10341 10511 XOR
2 1 10512 10511 10513 XOR
2 1 10514 10513 10515 XOR
2 1 10341 10508 10509 AND
2 1 10163 10333 10688 AND
2 1 10339 10688 10689 AND
2 1 10341 10508 10510 AND
2 1 10510 10512 10690 AND
2 1 10689 10690 10691 AND
2 1 10509 10691 10692 AND
2 1 10494 10499 10675 AND
2 1 10494 10499 10676 AND
2 1 10500 10676 10677 AND
2 1 10675 10677 10678 AND
2 1 10442 10443 10444 AND
2 1 10445 10446 10447 AND
2 1 10444 10447 10672 AND
2 1 10361 10374 10375 AND
2 1 10376 10389 10390 AND
2 1 10375 10390 10669 AND
2 1 10225 10234 10453 AND
2 1 10302 10454 10455 AND
2 1 10453 10455 10666 AND
2 1 10213 10266 10457 AND
2 1 10312 10458 10459 AND
2 1 10457 10459 10665 AND
2 1 10666 10665 10668 XOR
2 1 10669 10668 10671 XOR
2 1 10672 10671 10674 XOR
2 1 10678 10674 10680 XOR
2 1 2384 4394 10645 AND
2 1 1950 6726 10646 AND
2 1 2906 4877 10647 AND
2 1 10646 10647 10648 AND
2 1 10645 10648 10649 AND
2 1 31 48 10650 AND
2 1 10649 10650 10651 AND
2 1 32 47 10652 AND
2 1 4586 10652 10653 AND
2 1 10645 10648 10654 AND
2 1 10653 10654 10655 AND
2 1 10651 10655 10656 AND
2 1 29 50 10635 AND
2 1 30 49 10636 AND
2 1 10635 10636 10637 AND
2 1 1966 4935 10638 AND
2 1 10637 10638 10641 AND
2 1 22 57 10634 AND
2 1 10641 10634 10642 XOR
2 1 1077 7041 10621 AND
2 1 1075 7907 10622 AND
2 1 1073 7449 10623 AND
2 1 10622 10623 10624 AND
2 1 10621 10624 10626 AND
2 1 20 59 10627 AND
2 1 21 58 10628 AND
2 1 10627 10628 10629 AND
2 1 10626 10629 10630 AND
2 1 10621 10624 10625 AND
2 1 19 60 10631 AND
2 1 10625 10631 10632 AND
2 1 10630 10632 10633 AND
2 1 10642 10633 10644 XOR
2 1 10656 10644 10658 XOR
2 1 17 62 10610 AND
2 1 40 10610 10611 AND
2 1 40 62 10612 AND
2 1 17 10612 10613 AND
2 1 10611 10613 10617 AND
2 1 28 51 10614 AND
2 1 10617 10614 10618 XOR
2 1 3933 4198 10597 AND
2 1 37 42 10596 AND
2 1 3200 10596 10598 AND
2 1 3522 4140 10599 AND
2 1 10598 10599 10600 AND
2 1 10597 10600 10601 AND
2 1 38 41 10603 AND
2 1 3200 10603 10604 AND
2 1 10597 10604 10605 AND
2 1 10596 10605 10606 AND
2 1 10601 10606 10607 AND
2 1 1847 6014 10583 AND
2 1 1715 6012 10584 AND
2 1 1403 6016 10585 AND
2 1 10584 10585 10586 AND
2 1 10583 10586 10588 AND
2 1 25 54 10589 AND
2 1 26 53 10590 AND
2 1 10589 10590 10591 AND
2 1 10588 10591 10592 AND
2 1 10583 10586 10587 AND
2 1 24 55 10593 AND
2 1 10587 10593 10594 AND
2 1 10592 10594 10595 AND
2 1 10607 10595 10609 XOR
2 1 10618 10609 10620 XOR
2 1 10658 10620 10660 XOR
2 1 10456 10460 10579 AND
2 1 10456 10460 10580 AND
2 1 10461 10580 10581 AND
2 1 10579 10581 10582 AND
2 1 10660 10582 10662 XOR
2 1 10452 10463 10575 AND
2 1 10452 10463 10576 AND
2 1 10448 10576 10577 AND
2 1 10575 10577 10578 AND
2 1 10662 10578 10664 XOR
2 1 10680 10664 10682 XOR
2 1 10346 10432 10433 AND
2 1 10342 10434 10435 AND
2 1 10433 10435 10571 AND
2 1 10394 10396 10397 AND
2 1 10395 10397 10398 AND
2 1 10398 10384 10560 XOR
2 1 10404 10407 10409 AND
2 1 10560 10409 10562 XOR
2 1 18 61 10554 AND
2 1 10481 10484 10486 AND
2 1 10554 10486 10556 XOR
2 1 10473 10475 10476 AND
2 1 10474 10476 10477 AND
2 1 10556 10477 10558 XOR
2 1 10562 10558 10564 XOR
2 1 10400 10412 10413 AND
2 1 10414 10427 10428 AND
2 1 10413 10428 10553 AND
2 1 10564 10553 10566 XOR
2 1 10253 10290 10495 AND
2 1 10496 10497 10498 AND
2 1 10495 10498 10548 AND
2 1 23 56 10537 AND
2 1 27 52 10538 AND
2 1 10537 10538 10539 AND
2 1 27 56 10540 AND
2 1 9831 10540 10541 AND
2 1 10539 10541 10544 AND
2 1 36 43 10536 AND
2 1 10544 10536 10545 XOR
2 1 34 45 10527 AND
2 1 35 44 10528 AND
2 1 10527 10528 10529 AND
2 1 2522 4434 10530 AND
2 1 10529 10530 10534 AND
2 1 16 63 10531 AND
2 1 10534 10531 10535 XOR
2 1 10545 10535 10547 XOR
2 1 10548 10547 10550 XOR
2 1 10479 10489 10490 AND
2 1 10491 10492 10493 AND
2 1 10490 10493 10524 AND
2 1 10369 10354 10521 XOR
2 1 10521 10425 10523 XOR
2 1 10524 10523 10526 XOR
2 1 10550 10526 10552 XOR
2 1 10566 10552 10567 XOR
2 1 10347 10430 10431 AND
2 1 10391 10429 10518 AND
2 1 10431 10518 10519 AND
2 1 10567 10519 10568 XOR
2 1 10468 10469 10470 AND
2 1 10471 10502 10503 AND
2 1 10470 10503 10517 AND
2 1 10568 10517 10570 XOR
2 1 10571 10570 10573 XOR
2 1 10682 10573 10683 XOR
2 1 10440 10465 10466 AND
2 1 10467 10504 10505 AND
2 1 10466 10505 10574 AND
2 1 10683 10574 10684 XOR
2 1 10436 10437 10438 AND
2 1 10439 10506 10507 AND
2 1 10438 10507 10516 AND
2 1 10684 10516 10687 XOR
2 1 10692 10687 10693 XOR
2 1 10633 10642 10643 AND
2 1 10644 10656 10657 AND
2 1 10643 10657 10836 AND
2 1 10595 10607 10608 AND
2 1 10609 10618 10619 AND
2 1 10608 10619 10835 AND
2 1 10836 10835 10838 XOR
2 1 10634 10637 10639 AND
2 1 10638 10639 10640 AND
2 1 10640 10626 10832 XOR
2 1 10832 10654 10834 XOR
2 1 10838 10834 10840 XOR
2 1 10620 10658 10659 AND
2 1 10582 10660 10661 AND
2 1 10659 10661 10820 AND
2 1 10840 10820 10841 XOR
2 1 10665 10666 10667 AND
2 1 10668 10669 10670 AND
2 1 10667 10670 10828 AND
2 1 10535 10545 10546 AND
2 1 10547 10548 10549 AND
2 1 10546 10549 10825 AND
2 1 10529 10531 10532 AND
2 1 10530 10532 10533 AND
2 1 10588 10533 10822 XOR
2 1 10536 10539 10542 AND
2 1 10541 10542 10543 AND
2 1 10822 10543 10824 XOR
2 1 10825 10824 10827 XOR
2 1 10828 10827 10830 XOR
2 1 10841 10830 10842 XOR
2 1 10558 10562 10563 AND
2 1 10553 10564 10565 AND
2 1 10563 10565 10815 AND
2 1 10523 10524 10525 AND
2 1 10526 10550 10551 AND
2 1 10525 10551 10814 AND
2 1 10815 10814 10817 XOR
2 1 10486 10554 10555 AND
2 1 10477 10556 10557 AND
2 1 10555 10557 10811 AND
2 1 10384 10398 10559 AND
2 1 10409 10560 10561 AND
2 1 10559 10561 10808 AND
2 1 10354 10369 10520 AND
2 1 10425 10521 10522 AND
2 1 10520 10522 10807 AND
2 1 10808 10807 10810 XOR
2 1 10811 10810 10813 XOR
2 1 10817 10813 10819 XOR
2 1 10842 10819 10844 XOR
2 1 10578 10662 10663 AND
2 1 10664 10680 10681 AND
2 1 10663 10681 10806 AND
2 1 10844 10806 10846 XOR
2 1 27 53 10789 AND
2 1 28 52 10790 AND
2 1 10789 10790 10791 AND
2 1 1740 5818 10792 AND
2 1 10791 10792 10795 AND
2 1 10795 3052 10796 XOR
2 1 37 43 10779 AND
2 1 38 42 10780 AND
2 1 10779 10780 10781 AND
2 1 3522 3874 10782 AND
2 1 10781 10782 10785 AND
2 1 25 55 10778 AND
2 1 10785 10778 10786 XOR
2 1 24 56 10764 AND
2 1 26 54 10765 AND
2 1 10764 10765 10766 AND
2 1 1715 5809 10767 AND
2 1 54 57 10768 AND
2 1 1717 10768 10769 AND
2 1 1218 6410 10770 AND
2 1 10769 10770 10771 AND
2 1 10767 10771 10773 AND
2 1 10766 10773 10774 AND
2 1 10767 10771 10772 AND
2 1 23 57 10775 AND
2 1 10772 10775 10776 AND
2 1 10774 10776 10777 AND
2 1 10786 10777 10788 XOR
2 1 10796 10788 10798 XOR
2 1 2906 4881 10749 AND
2 1 1869 4580 10750 AND
2 1 2166 4935 10751 AND
2 1 10750 10751 10752 AND
2 1 10749 10752 10753 AND
2 1 30 50 10754 AND
2 1 10753 10754 10755 AND
2 1 10749 10752 10756 AND
2 1 31 49 10757 AND
2 1 32 48 10758 AND
2 1 10757 10758 10759 AND
2 1 10756 10759 10760 AND
2 1 10755 10760 10761 AND
2 1 1151 7041 10736 AND
2 1 1244 7907 10737 AND
2 1 1077 7449 10738 AND
2 1 10737 10738 10739 AND
2 1 10736 10739 10740 AND
2 1 22 58 10742 AND
2 1 21 59 10741 AND
2 1 10742 10741 10743 XOR
2 1 20 60 10744 AND
2 1 10743 10744 10745 AND
2 1 10740 10745 10746 AND
2 1 10597 10600 10602 AND
2 1 10746 10602 10748 XOR
2 1 10761 10748 10763 XOR
2 1 10798 10763 10799 XOR
2 1 19 61 10731 AND
2 1 18 62 10730 AND
2 1 10731 10730 10732 XOR
2 1 10611 10614 10615 AND
2 1 10613 10615 10616 AND
2 1 10732 10616 10734 XOR
2 1 2920 4434 10716 AND
2 1 3550 6052 10717 AND
2 1 2522 4306 10718 AND
2 1 10717 10718 10719 AND
2 1 10716 10719 10720 AND
2 1 34 46 10721 AND
2 1 10720 10721 10722 AND
2 1 10716 10719 10723 AND
2 1 4543 4619 10724 AND
2 1 10723 10724 10725 AND
2 1 10722 10725 10726 AND
2 1 17 63 10706 AND
2 1 29 51 10707 AND
2 1 10706 10707 10708 AND
2 1 29 63 10709 AND
2 1 6072 10709 10710 AND
2 1 10708 10710 10714 AND
2 1 33 47 10711 AND
2 1 10714 10711 10715 XOR
2 1 10726 10715 10728 XOR
2 1 10734 10728 10735 XOR
2 1 10799 10735 10801 XOR
2 1 10671 10672 10673 AND
2 1 10674 10678 10679 AND
2 1 10673 10679 10705 AND
2 1 10801 10705 10803 XOR
2 1 10552 10566 10701 AND
2 1 10552 10566 10702 AND
2 1 10519 10702 10703 AND
2 1 10701 10703 10704 AND
2 1 10803 10704 10805 XOR
2 1 10846 10805 10847 XOR
2 1 10517 10568 10569 AND
2 1 10570 10571 10572 AND
2 1 10569 10572 10700 AND
2 1 10847 10700 10848 XOR
2 1 10573 10682 10696 AND
2 1 10573 10682 10697 AND
2 1 10574 10697 10698 AND
2 1 10696 10698 10699 AND
2 1 10848 10699 10854 XOR
2 1 10516 10684 10685 AND
2 1 10516 10684 10686 AND
2 1 10686 10692 10694 AND
2 1 10685 10694 10695 AND
2 1 10854 10695 10855 XOR
2 1 10805 10846 11016 AND
2 1 10805 10846 11017 AND
2 1 10700 11017 11018 AND
2 1 11016 11018 11019 AND
2 1 10835 10836 10837 AND
2 1 10834 10838 10839 AND
2 1 10837 10839 10964 AND
2 1 10824 10825 10826 AND
2 1 10827 10828 10829 AND
2 1 10826 10829 10963 AND
2 1 10964 10963 10966 XOR
2 1 10533 10588 10821 AND
2 1 10543 10822 10823 AND
2 1 10821 10823 10960 AND
2 1 38 43 10950 AND
2 1 39 42 10951 AND
2 1 10950 10951 10952 AND
2 1 3874 3933 10953 AND
2 1 10952 10953 10956 AND
2 1 27 54 10949 AND
2 1 10956 10949 10957 XOR
2 1 10626 10640 10831 AND
2 1 10654 10832 10833 AND
2 1 10831 10833 10948 AND
2 1 10957 10948 10959 XOR
2 1 10960 10959 10962 XOR
2 1 10966 10962 11011 XOR
2 1 10602 10746 10747 AND
2 1 10748 10761 10762 AND
2 1 10747 10762 11004 AND
2 1 10777 10786 10787 AND
2 1 10788 10796 10797 AND
2 1 10787 10797 11003 AND
2 1 11004 11003 11006 XOR
2 1 3052 10791 10793 AND
2 1 10792 10793 10794 AND
2 1 10778 10781 10783 AND
2 1 10782 10783 10784 AND
2 1 10794 10784 11000 XOR
2 1 11000 10773 11002 XOR
2 1 11006 11002 11008 XOR
2 1 10735 10799 10800 AND
2 1 10763 10798 10995 AND
2 1 10800 10995 10996 AND
2 1 10736 10739 10988 AND
2 1 10708 10711 10712 AND
2 1 10710 10712 10713 AND
2 1 10756 10713 10987 XOR
2 1 10988 10987 10990 XOR
2 1 2906 4935 10971 AND
2 1 1869 7786 10972 AND
2 1 2166 5130 10973 AND
2 1 10972 10973 10974 AND
2 1 10971 10974 10975 AND
2 1 30 51 10976 AND
2 1 10975 10976 10977 AND
2 1 10971 10974 10978 AND
2 1 31 50 10979 AND
2 1 32 49 10980 AND
2 1 10979 10980 10981 AND
2 1 10978 10981 10982 AND
2 1 10977 10982 10983 AND
2 1 808 7612 10729 AND
2 1 10616 10732 10733 AND
2 1 10729 10733 10968 AND
2 1 10968 10723 10970 XOR
2 1 10983 10970 10985 XOR
2 1 10990 10985 10993 XOR
2 1 10715 10726 10727 AND
2 1 10728 10734 10991 AND
2 1 10727 10991 10992 AND
2 1 10993 10992 10994 XOR
2 1 10996 10994 10998 XOR
2 1 11008 10998 11010 XOR
2 1 11011 11010 11012 XOR
2 1 10705 10801 10802 AND
2 1 10704 10803 10804 AND
2 1 10802 10804 10947 AND
2 1 11012 10947 11013 XOR
2 1 29 10480 10923 AND
2 1 53 2117 10924 AND
2 1 10923 10924 10925 AND
2 1 1743 5818 10926 AND
2 1 55 10926 10927 AND
2 1 10925 10927 10928 AND
2 1 26 55 10929 AND
2 1 10928 10929 10930 AND
2 1 28 53 10931 AND
2 1 29 52 10932 AND
2 1 10931 10932 10933 AND
2 1 10926 10928 10934 AND
2 1 10933 10934 10935 AND
2 1 10930 10935 10936 AND
2 1 2805 4434 10909 AND
2 1 2920 4306 10910 AND
2 1 35 46 10908 AND
2 1 37 44 10911 AND
2 1 10908 10911 10912 AND
2 1 10910 10912 10913 AND
2 1 10909 10913 10914 AND
2 1 36 45 10915 AND
2 1 10911 10915 10916 AND
2 1 10909 10916 10918 AND
2 1 10908 10918 10919 AND
2 1 10914 10919 10920 AND
2 1 1077 7452 10895 AND
2 1 2777 9120 10896 AND
2 1 953 7765 10897 AND
2 1 10896 10897 10898 AND
2 1 10895 10898 10900 AND
2 1 20 61 10901 AND
2 1 21 60 10902 AND
2 1 10901 10902 10903 AND
2 1 10900 10903 10904 AND
2 1 10895 10898 10899 AND
2 1 18 63 10905 AND
2 1 10899 10905 10906 AND
2 1 10904 10906 10907 AND
2 1 10920 10907 10922 XOR
2 1 10936 10922 10938 XOR
2 1 33 48 10884 AND
2 1 34 47 10885 AND
2 1 10884 10885 10886 AND
2 1 3181 4877 10887 AND
2 1 10886 10887 10890 AND
2 1 10890 8067 10891 XOR
2 1 1128 6203 10869 AND
2 1 56 59 10870 AND
2 1 4128 10870 10871 AND
2 1 1413 7041 10872 AND
2 1 10871 10872 10873 AND
2 1 10869 10873 10874 AND
2 1 22 59 10875 AND
2 1 10874 10875 10876 AND
2 1 10869 10873 10877 AND
2 1 23 58 10878 AND
2 1 9689 10878 10879 AND
2 1 10877 10879 10880 AND
2 1 10876 10880 10881 AND
2 1 40 41 10867 AND
2 1 19 62 10866 AND
2 1 10867 10866 10868 XOR
2 1 10881 10868 10883 XOR
2 1 10891 10883 10893 XOR
2 1 10938 10893 10939 XOR
2 1 10807 10808 10809 AND
2 1 10810 10811 10812 AND
2 1 10809 10812 10894 AND
2 1 10939 10894 10940 XOR
2 1 10814 10815 10816 AND
2 1 10813 10817 10818 AND
2 1 10816 10818 10862 AND
2 1 10940 10862 10942 XOR
2 1 10820 10840 10858 AND
2 1 10820 10840 10859 AND
2 1 10830 10859 10860 AND
2 1 10858 10860 10861 AND
2 1 10942 10861 10944 XOR
2 1 10819 10842 10843 AND
2 1 10806 10844 10845 AND
2 1 10843 10845 10857 AND
2 1 10944 10857 10946 XOR
2 1 11013 10946 11015 XOR
2 1 11019 11015 11020 XOR
2 1 10699 10848 10850 AND
2 1 10685 10692 10851 AND
2 1 10699 10848 10849 AND
2 1 10686 10849 10852 AND
2 1 10851 10852 10853 AND
2 1 10850 10853 10856 AND
2 1 11020 10856 11021 XOR
2 1 11015 11019 11179 AND
2 1 41 62 10863 AND
2 1 19 10863 10864 AND
2 1 4198 10864 10865 AND
2 1 10865 9824 11165 XOR
2 1 10949 10952 10954 AND
2 1 10953 10954 10955 AND
2 1 11165 10955 11167 XOR
2 1 10868 10881 10882 AND
2 1 10883 10891 10892 AND
2 1 10882 10892 11161 AND
2 1 10723 10968 10969 AND
2 1 10970 10983 10984 AND
2 1 10969 10984 11160 AND
2 1 11161 11160 11163 XOR
2 1 11167 11163 11169 XOR
2 1 10900 10877 11154 XOR
2 1 10909 10913 10917 AND
2 1 11154 10917 11156 XOR
2 1 8067 10886 10888 AND
2 1 10887 10888 10889 AND
2 1 10978 10889 11150 XOR
2 1 11150 10934 11152 XOR
2 1 11156 11152 11158 XOR
2 1 10907 10920 10921 AND
2 1 10922 10936 10937 AND
2 1 10921 10937 11157 AND
2 1 11158 11157 11159 XOR
2 1 11169 11159 11170 XOR
2 1 10893 10938 11145 AND
2 1 10893 10938 11146 AND
2 1 10894 11146 11147 AND
2 1 11145 11147 11148 AND
2 1 11170 11148 11171 XOR
2 1 10784 10794 10999 AND
2 1 10773 11000 11001 AND
2 1 10999 11001 11130 AND
2 1 1982 9186 11116 AND
2 1 1740 6016 11117 AND
2 1 25 57 11118 AND
2 1 5568 11118 11119 AND
2 1 11117 11119 11120 AND
2 1 11116 11120 11121 AND
2 1 27 55 11122 AND
2 1 11118 11122 11123 AND
2 1 11116 11123 11125 AND
2 1 5568 11125 11126 AND
2 1 11121 11126 11127 AND
2 1 10713 10756 10986 AND
2 1 10987 10988 10989 AND
2 1 10986 10989 11115 AND
2 1 11127 11115 11129 XOR
2 1 11130 11129 11132 XOR
2 1 11003 11004 11005 AND
2 1 11002 11006 11007 AND
2 1 11005 11007 11137 AND
2 1 10985 10990 11133 AND
2 1 10985 10990 11134 AND
2 1 10992 11134 11135 AND
2 1 11133 11135 11136 AND
2 1 11137 11136 11139 XOR
2 1 11132 11139 11140 AND
2 1 11132 11139 11141 AND
2 1 11140 11141 11142 AND
2 1 10862 10940 10941 AND
2 1 10861 10942 10943 AND
2 1 10941 10943 11114 AND
2 1 11142 11114 11144 XOR
2 1 11171 11144 11172 XOR
2 1 2805 4306 11092 AND
2 1 37 47 11093 AND
2 1 4543 11093 11094 AND
2 1 2920 4394 11095 AND
2 1 11094 11095 11096 AND
2 1 11092 11096 11097 AND
2 1 35 47 11098 AND
2 1 11097 11098 11099 AND
2 1 11092 11096 11100 AND
2 1 4797 5013 11101 AND
2 1 11100 11101 11102 AND
2 1 11099 11102 11103 AND
2 1 29 53 11082 AND
2 1 30 52 11083 AND
2 1 11082 11083 11084 AND
2 1 1966 5818 11085 AND
2 1 11084 11085 11088 AND
2 1 11088 5029 11089 XOR
2 1 38 44 11073 AND
2 1 39 43 11074 AND
2 1 11073 11074 11075 AND
2 1 3933 4099 11076 AND
2 1 11075 11076 11080 AND
2 1 26 56 11077 AND
2 1 11080 11077 11081 XOR
2 1 11089 11081 11091 XOR
2 1 11103 11091 11105 XOR
2 1 1218 7041 11058 AND
2 1 1567 7907 11059 AND
2 1 1413 7449 11060 AND
2 1 11059 11060 11061 AND
2 1 11058 11061 11062 AND
2 1 22 60 11063 AND
2 1 11062 11063 11064 AND
2 1 11058 11061 11065 AND
2 1 23 59 11066 AND
2 1 8955 11066 11067 AND
2 1 11065 11067 11068 AND
2 1 11064 11068 11069 AND
2 1 3181 4881 11043 AND
2 1 3140 4580 11044 AND
2 1 2384 4935 11045 AND
2 1 11044 11045 11046 AND
2 1 11043 11046 11047 AND
2 1 32 50 11048 AND
2 1 11047 11048 11049 AND
2 1 11043 11046 11050 AND
2 1 33 49 11051 AND
2 1 34 48 11052 AND
2 1 11051 11052 11053 AND
2 1 11050 11053 11054 AND
2 1 11049 11054 11055 AND
2 1 51 62 11029 AND
2 1 4756 11029 11030 AND
2 1 1077 7612 11031 AND
2 1 11030 11031 11032 AND
2 1 21 61 11034 AND
2 1 31 51 11033 AND
2 1 11034 11033 11038 XOR
2 1 11032 11038 11039 AND
2 1 11033 11034 11035 AND
2 1 11032 11035 11036 AND
2 1 20 62 11040 AND
2 1 11036 11040 11041 AND
2 1 11039 11041 11042 AND
2 1 11055 11042 11057 XOR
2 1 11069 11057 11071 XOR
2 1 11105 11071 11106 XOR
2 1 10948 10957 10958 AND
2 1 10959 10960 10961 AND
2 1 10958 10961 11072 AND
2 1 11106 11072 11107 XOR
2 1 10963 10964 10965 AND
2 1 10962 10966 10967 AND
2 1 10965 10967 11028 AND
2 1 11107 11028 11109 XOR
2 1 10994 10996 10997 AND
2 1 10998 11008 11009 AND
2 1 10997 11009 11027 AND
2 1 11109 11027 11111 XOR
2 1 10947 11010 11023 AND
2 1 10947 11010 11024 AND
2 1 11011 11024 11025 AND
2 1 11023 11025 11026 AND
2 1 11111 11026 11113 XOR
2 1 11172 11113 11174 XOR
2 1 10857 10944 10945 AND
2 1 10946 11013 11014 AND
2 1 10945 11014 11022 AND
2 1 11174 11022 11177 XOR
2 1 11179 11177 11180 XOR
2 1 10856 11020 11178 AND
2 1 11180 11178 11181 XOR
2 1 11022 11174 11175 AND
2 1 11022 11174 11176 AND
2 1 11176 11179 11335 AND
2 1 11015 11019 11336 AND
2 1 10856 11336 11337 AND
2 1 11335 11337 11338 AND
2 1 11175 11338 11339 AND
2 1 20 63 11314 AND
2 1 22 61 11315 AND
2 1 11314 11315 11316 AND
2 1 1244 7765 11317 AND
2 1 11316 11317 11320 AND
2 1 11320 10540 11321 XOR
2 1 3522 4306 11299 AND
2 1 2689 4060 11300 AND
2 1 2805 4394 11301 AND
2 1 11300 11301 11302 AND
2 1 11299 11302 11303 AND
2 1 36 47 11304 AND
2 1 11303 11304 11305 AND
2 1 11299 11302 11306 AND
2 1 37 46 11307 AND
2 1 38 45 11308 AND
2 1 11307 11308 11309 AND
2 1 11306 11309 11310 AND
2 1 11305 11310 11311 AND
2 1 26 57 11284 AND
2 1 32 51 11285 AND
2 1 11284 11285 11286 AND
2 1 51 57 11287 AND
2 1 2478 11287 11288 AND
2 1 1847 6604 11289 AND
2 1 32 58 11290 AND
2 1 10057 11290 11291 AND
2 1 11289 11291 11292 AND
2 1 11288 11292 11294 AND
2 1 11286 11294 11295 AND
2 1 11288 11292 11293 AND
2 1 25 58 11296 AND
2 1 11293 11296 11297 AND
2 1 11295 11297 11298 AND
2 1 11311 11298 11313 XOR
2 1 11321 11313 11323 XOR
2 1 2522 4881 11268 AND
2 1 2251 4580 11269 AND
2 1 3181 4935 11270 AND
2 1 11269 11270 11271 AND
2 1 11268 11271 11272 AND
2 1 33 50 11273 AND
2 1 11272 11273 11274 AND
2 1 11268 11271 11275 AND
2 1 34 49 11276 AND
2 1 35 48 11277 AND
2 1 11276 11277 11278 AND
2 1 11275 11278 11279 AND
2 1 11274 11279 11280 AND
2 1 39 44 11257 AND
2 1 40 43 11258 AND
2 1 11257 11258 11259 AND
2 1 3200 4099 11260 AND
2 1 11259 11260 11264 AND
2 1 29 54 11261 AND
2 1 11264 11261 11265 XOR
2 1 41 42 11255 AND
2 1 21 62 11254 AND
2 1 11255 11254 11256 XOR
2 1 11265 11256 11267 XOR
2 1 11280 11267 11282 XOR
2 1 11323 11282 11324 XOR
2 1 11115 11127 11128 AND
2 1 11129 11130 11131 AND
2 1 11128 11131 11283 AND
2 1 11324 11283 11325 XOR
2 1 11136 11137 11138 AND
2 1 11138 11140 11250 AND
2 1 11325 11250 11327 XOR
2 1 11159 11169 11246 AND
2 1 11159 11169 11247 AND
2 1 11148 11247 11248 AND
2 1 11246 11248 11249 AND
2 1 11327 11249 11329 XOR
2 1 11114 11142 11143 AND
2 1 11144 11171 11244 AND
2 1 11143 11244 11245 AND
2 1 11329 11245 11331 XOR
2 1 9824 10865 11164 AND
2 1 10955 11165 11166 AND
2 1 11164 11166 11236 AND
2 1 2359 6012 11220 AND
2 1 2166 5818 11221 AND
2 1 31 55 11222 AND
2 1 10790 11222 11223 AND
2 1 11221 11223 11224 AND
2 1 11220 11224 11225 AND
2 1 31 52 11226 AND
2 1 11225 11226 11227 AND
2 1 28 55 11228 AND
2 1 30 53 11229 AND
2 1 11228 11229 11230 AND
2 1 11220 11224 11231 AND
2 1 11230 11231 11232 AND
2 1 11227 11232 11233 AND
2 1 24 59 11216 AND
2 1 23 60 11215 AND
2 1 11216 11215 11217 XOR
2 1 5029 11084 11086 AND
2 1 11085 11086 11087 AND
2 1 11217 11087 11219 XOR
2 1 11233 11219 11235 XOR
2 1 11236 11235 11238 XOR
2 1 11042 11055 11056 AND
2 1 11057 11069 11070 AND
2 1 11056 11070 11211 AND
2 1 10877 10900 11153 AND
2 1 10917 11154 11155 AND
2 1 11153 11155 11208 AND
2 1 10889 10978 11149 AND
2 1 10934 11150 11151 AND
2 1 11149 11151 11207 AND
2 1 11208 11207 11210 XOR
2 1 11211 11210 11213 XOR
2 1 11238 11213 11240 XOR
2 1 11160 11161 11162 AND
2 1 11163 11167 11168 AND
2 1 11162 11168 11239 AND
2 1 11240 11239 11241 XOR
2 1 11032 11035 11037 AND
2 1 11050 11037 11198 XOR
2 1 11116 11120 11124 AND
2 1 11198 11124 11200 XOR
2 1 11100 11065 11194 XOR
2 1 11075 11077 11078 AND
2 1 11076 11078 11079 AND
2 1 11194 11079 11196 XOR
2 1 11200 11196 11202 XOR
2 1 11081 11089 11090 AND
2 1 11091 11103 11104 AND
2 1 11090 11104 11201 AND
2 1 11202 11201 11203 XOR
2 1 11152 11156 11187 AND
2 1 11152 11156 11188 AND
2 1 11157 11188 11189 AND
2 1 11187 11189 11190 AND
2 1 11071 11105 11183 AND
2 1 11071 11105 11184 AND
2 1 11072 11184 11185 AND
2 1 11183 11185 11186 AND
2 1 11190 11186 11192 XOR
2 1 11203 11192 11205 XOR
2 1 11241 11205 11242 XOR
2 1 11028 11107 11108 AND
2 1 11027 11109 11110 AND
2 1 11108 11110 11206 AND
2 1 11242 11206 11243 XOR
2 1 11331 11243 11333 XOR
2 1 11026 11111 11112 AND
2 1 11113 11172 11173 AND
2 1 11112 11173 11182 AND
2 1 11333 11182 11334 XOR
2 1 11339 11334 11340 XOR
2 1 11334 11339 11501 AND
2 1 11182 11333 11499 AND
2 1 11186 11190 11191 AND
2 1 11192 11203 11204 AND
2 1 11191 11204 11468 AND
2 1 11250 11325 11326 AND
2 1 11249 11327 11328 AND
2 1 11326 11328 11467 AND
2 1 11468 11467 11470 XOR
2 1 11256 11265 11266 AND
2 1 11267 11280 11281 AND
2 1 11266 11281 11486 AND
2 1 11259 11261 11262 AND
2 1 11260 11262 11263 AND
2 1 42 62 11251 AND
2 1 21 11251 11252 AND
2 1 4140 11252 11253 AND
2 1 11263 11253 11482 XOR
2 1 11482 11231 11484 XOR
2 1 11486 11484 11487 XOR
2 1 11298 11311 11312 AND
2 1 11313 11321 11322 AND
2 1 11312 11322 11485 AND
2 1 11487 11485 11488 XOR
2 1 11196 11200 11475 AND
2 1 11196 11200 11476 AND
2 1 11201 11476 11477 AND
2 1 11475 11477 11478 AND
2 1 11282 11323 11471 AND
2 1 11282 11323 11472 AND
2 1 11283 11472 11473 AND
2 1 11471 11473 11474 AND
2 1 11478 11474 11480 XOR
2 1 11488 11480 11490 XOR
2 1 11470 11490 11491 AND
2 1 11470 11490 11492 AND
2 1 11491 11492 11493 AND
2 1 11213 11238 11365 AND
2 1 11213 11238 11366 AND
2 1 11239 11366 11367 AND
2 1 11365 11367 11368 AND
2 1 11207 11208 11209 AND
2 1 11210 11211 11212 AND
2 1 11209 11212 11362 AND
2 1 11219 11233 11234 AND
2 1 11235 11236 11237 AND
2 1 11234 11237 11359 AND
2 1 31 53 11349 AND
2 1 32 52 11350 AND
2 1 11349 11350 11351 AND
2 1 2906 5818 11352 AND
2 1 11351 11352 11355 AND
2 1 11355 9867 11356 XOR
2 1 1218 7449 11214 AND
2 1 11087 11217 11218 AND
2 1 11214 11218 11346 AND
2 1 10540 11316 11318 AND
2 1 11317 11318 11319 AND
2 1 11346 11319 11348 XOR
2 1 11356 11348 11358 XOR
2 1 11359 11358 11361 XOR
2 1 11362 11361 11364 XOR
2 1 11368 11364 11370 XOR
2 1 11037 11050 11197 AND
2 1 11124 11198 11199 AND
2 1 11197 11199 11455 AND
2 1 11065 11100 11193 AND
2 1 11079 11194 11195 AND
2 1 11193 11195 11454 AND
2 1 11455 11454 11457 XOR
2 1 11306 11275 11451 XOR
2 1 11451 11294 11453 XOR
2 1 11457 11453 11459 XOR
2 1 27 57 11438 AND
2 1 30 54 11439 AND
2 1 11438 11439 11440 AND
2 1 30 57 11441 AND
2 1 10949 11441 11442 AND
2 1 11440 11442 11445 AND
2 1 11445 11093 11446 XOR
2 1 4099 4198 11424 AND
2 1 3052 3710 11425 AND
2 1 3200 4434 11426 AND
2 1 11425 11426 11427 AND
2 1 11424 11427 11428 AND
2 1 39 45 11429 AND
2 1 11428 11429 11430 AND
2 1 11424 11427 11431 AND
2 1 40 44 11432 AND
2 1 3706 11432 11433 AND
2 1 11431 11433 11434 AND
2 1 11430 11434 11435 AND
2 1 1743 7186 11412 AND
2 1 38 56 11413 AND
2 1 9706 11413 11414 AND
2 1 11412 11414 11415 AND
2 1 38 46 11411 AND
2 1 29 55 11410 AND
2 1 11411 11410 11419 XOR
2 1 11415 11419 11420 AND
2 1 11410 11411 11416 AND
2 1 11415 11416 11417 AND
2 1 28 56 11421 AND
2 1 11417 11421 11422 AND
2 1 11420 11422 11423 AND
2 1 11435 11423 11437 XOR
2 1 11446 11437 11448 XOR
2 1 2920 4881 11395 AND
2 1 3550 4580 11396 AND
2 1 2522 4935 11397 AND
2 1 11396 11397 11398 AND
2 1 11395 11398 11399 AND
2 1 34 50 11400 AND
2 1 11399 11400 11401 AND
2 1 11395 11398 11402 AND
2 1 35 49 11403 AND
2 1 36 48 11404 AND
2 1 11403 11404 11405 AND
2 1 11402 11405 11406 AND
2 1 11401 11406 11407 AND
2 1 24 60 11384 AND
2 1 25 59 11385 AND
2 1 11384 11385 11386 AND
2 1 1403 7449 11387 AND
2 1 11386 11387 11391 AND
2 1 33 51 11388 AND
2 1 11391 11388 11392 XOR
2 1 1413 7612 11371 AND
2 1 984 7765 11372 AND
2 1 1151 7670 11373 AND
2 1 11372 11373 11374 AND
2 1 11371 11374 11376 AND
2 1 22 62 11377 AND
2 1 23 61 11378 AND
2 1 11377 11378 11379 AND
2 1 11376 11379 11380 AND
2 1 11371 11374 11375 AND
2 1 21 63 11381 AND
2 1 11375 11381 11382 AND
2 1 11380 11382 11383 AND
2 1 11392 11383 11394 XOR
2 1 11407 11394 11409 XOR
2 1 11448 11409 11449 XOR
2 1 11459 11449 11461 XOR
2 1 11370 11461 11462 AND
2 1 11370 11461 11463 AND
2 1 11462 11463 11464 AND
2 1 11205 11241 11342 AND
2 1 11205 11241 11343 AND
2 1 11206 11343 11344 AND
2 1 11342 11344 11345 AND
2 1 11464 11345 11466 XOR
2 1 11493 11466 11495 XOR
2 1 11245 11329 11330 AND
2 1 11243 11331 11332 AND
2 1 11330 11332 11341 AND
2 1 11495 11341 11498 XOR
2 1 11499 11498 11500 XOR
2 1 11501 11500 11502 XOR
2 1 11364 11368 11369 AND
2 1 11369 11462 11647 AND
2 1 11449 11459 11460 AND
2 1 11409 11448 11641 AND
2 1 11460 11641 11642 AND
2 1 11319 11346 11347 AND
2 1 11348 11356 11357 AND
2 1 11347 11357 11637 AND
2 1 11253 11263 11481 AND
2 1 11231 11482 11483 AND
2 1 11481 11483 11634 AND
2 1 11275 11306 11450 AND
2 1 11294 11451 11452 AND
2 1 11450 11452 11633 AND
2 1 11634 11633 11636 XOR
2 1 11637 11636 11639 XOR
2 1 11642 11639 11643 XOR
2 1 11358 11359 11360 AND
2 1 11361 11362 11363 AND
2 1 11360 11363 11640 AND
2 1 11643 11640 11644 XOR
2 1 11474 11478 11479 AND
2 1 11480 11488 11489 AND
2 1 11479 11489 11632 AND
2 1 11644 11632 11646 XOR
2 1 11647 11646 11649 XOR
2 1 11383 11392 11393 AND
2 1 11394 11407 11408 AND
2 1 11393 11408 11623 AND
2 1 11423 11435 11436 AND
2 1 11437 11446 11447 AND
2 1 11436 11447 11622 AND
2 1 11623 11622 11625 XOR
2 1 11402 11376 11619 XOR
2 1 11386 11388 11389 AND
2 1 11387 11389 11390 AND
2 1 11619 11390 11621 XOR
2 1 11625 11621 11627 XOR
2 1 1643 7041 11599 AND
2 1 1982 7907 11600 AND
2 1 1847 7449 11601 AND
2 1 11600 11601 11602 AND
2 1 11599 11602 11603 AND
2 1 25 60 11604 AND
2 1 11603 11604 11605 AND
2 1 11599 11602 11606 AND
2 1 27 58 11607 AND
2 1 6507 11607 11608 AND
2 1 11606 11608 11609 AND
2 1 11605 11609 11610 AND
2 1 11093 11440 11443 AND
2 1 11442 11443 11444 AND
2 1 9867 11351 11353 AND
2 1 11352 11353 11354 AND
2 1 11444 11354 11598 XOR
2 1 11610 11598 11612 XOR
2 1 24 61 11592 AND
2 1 11592 11431 11594 XOR
2 1 11415 11416 11418 AND
2 1 11594 11418 11596 XOR
2 1 11612 11596 11614 XOR
2 1 11454 11455 11456 AND
2 1 11453 11457 11458 AND
2 1 11456 11458 11591 AND
2 1 11614 11591 11617 XOR
2 1 11627 11617 11629 XOR
2 1 11484 11486 11585 AND
2 1 11484 11486 11586 AND
2 1 11485 11586 11587 AND
2 1 11585 11587 11588 AND
2 1 2166 6016 11569 AND
2 1 2632 5809 11570 AND
2 1 1966 7186 11571 AND
2 1 11570 11571 11572 AND
2 1 11569 11572 11573 AND
2 1 29 56 11574 AND
2 1 11573 11574 11575 AND
2 1 11569 11572 11576 AND
2 1 30 55 11577 AND
2 1 31 54 11578 AND
2 1 11577 11578 11579 AND
2 1 11576 11579 11580 AND
2 1 11575 11580 11581 AND
2 1 3522 4877 11554 AND
2 1 2689 4879 11555 AND
2 1 2805 4881 11556 AND
2 1 11555 11556 11557 AND
2 1 11554 11557 11558 AND
2 1 36 49 11559 AND
2 1 11558 11559 11560 AND
2 1 37 48 11561 AND
2 1 38 47 11562 AND
2 1 11561 11562 11563 AND
2 1 11554 11557 11564 AND
2 1 11563 11564 11565 AND
2 1 11560 11565 11566 AND
2 1 42 43 11552 AND
2 1 23 62 11551 AND
2 1 11552 11551 11553 XOR
2 1 11566 11553 11568 XOR
2 1 11581 11568 11583 XOR
2 1 4198 4434 11533 AND
2 1 3052 6052 11534 AND
2 1 3200 4306 11535 AND
2 1 11534 11535 11536 AND
2 1 11533 11536 11537 AND
2 1 39 46 11538 AND
2 1 11537 11538 11539 AND
2 1 11533 11536 11540 AND
2 1 40 45 11541 AND
2 1 41 44 11542 AND
2 1 11541 11542 11543 AND
2 1 11540 11543 11544 AND
2 1 11539 11544 11545 AND
2 1 3181 5447 11518 AND
2 1 3140 5646 11519 AND
2 1 2384 5818 11520 AND
2 1 11519 11520 11521 AND
2 1 11518 11521 11522 AND
2 1 32 53 11523 AND
2 1 11522 11523 11524 AND
2 1 11518 11521 11525 AND
2 1 33 52 11526 AND
2 1 34 51 11527 AND
2 1 11526 11527 11528 AND
2 1 11525 11528 11529 AND
2 1 11524 11529 11530 AND
2 1 35 50 11514 AND
2 1 28 57 11511 AND
2 1 22 63 11510 AND
2 1 11511 11510 11513 XOR
2 1 11514 11513 11517 XOR
2 1 11530 11517 11532 XOR
2 1 11545 11532 11547 XOR
2 1 11583 11547 11584 XOR
2 1 11588 11584 11590 XOR
2 1 11629 11590 11631 XOR
2 1 11649 11631 11650 XOR
2 1 11467 11468 11469 AND
2 1 11469 11491 11509 AND
2 1 11650 11509 11651 XOR
2 1 11345 11464 11465 AND
2 1 11466 11493 11494 AND
2 1 11465 11494 11508 AND
2 1 11651 11508 11654 XOR
2 1 11341 11495 11496 AND
2 1 11182 11333 11503 AND
2 1 11339 11503 11504 AND
2 1 11341 11495 11497 AND
2 1 11497 11499 11505 AND
2 1 11504 11505 11506 AND
2 1 11496 11506 11507 AND
2 1 11654 11507 11655 XOR
2 1 11584 11588 11589 AND
2 1 11547 11583 11780 AND
2 1 11589 11780 11781 AND
2 1 11376 11402 11618 AND
2 1 11390 11619 11620 AND
2 1 11618 11620 11775 AND
2 1 11431 11592 11593 AND
2 1 11418 11594 11595 AND
2 1 11593 11595 11772 AND
2 1 25 61 11768 AND
2 1 24 62 11767 AND
2 1 11768 11767 11769 XOR
2 1 43 62 11548 AND
2 1 23 11548 11549 AND
2 1 3874 11549 11550 AND
2 1 11769 11550 11771 XOR
2 1 11772 11771 11774 XOR
2 1 11775 11774 11777 XOR
2 1 11596 11612 11613 AND
2 1 11591 11614 11615 AND
2 1 11613 11615 11616 AND
2 1 11777 11616 11779 XOR
2 1 11781 11779 11783 XOR
2 1 11639 11642 11760 AND
2 1 11639 11642 11761 AND
2 1 11640 11761 11762 AND
2 1 11760 11762 11763 AND
2 1 11617 11627 11628 AND
2 1 11590 11629 11630 AND
2 1 11628 11630 11759 AND
2 1 11763 11759 11765 XOR
2 1 11783 11765 11785 XOR
2 1 39 47 11743 AND
2 1 5536 11743 11744 AND
2 1 3200 4394 11745 AND
2 1 11744 11745 11749 AND
2 1 30 56 11746 AND
2 1 11749 11746 11750 XOR
2 1 32 54 11731 AND
2 1 3583 11731 11732 AND
2 1 3708 11731 11733 AND
2 1 4140 4434 11734 AND
2 1 11733 11734 11735 AND
2 1 11732 11735 11736 AND
2 1 11731 3583 11738 XOR
2 1 3708 11738 11739 AND
2 1 11736 11739 11740 AND
2 1 1740 7041 11718 AND
2 1 2117 7907 11719 AND
2 1 1643 7449 11720 AND
2 1 11719 11720 11721 AND
2 1 11718 11721 11723 AND
2 1 27 59 11724 AND
2 1 28 58 11725 AND
2 1 11724 11725 11726 AND
2 1 11723 11726 11727 AND
2 1 11718 11721 11722 AND
2 1 26 60 11728 AND
2 1 11722 11728 11729 AND
2 1 11727 11729 11730 AND
2 1 11740 11730 11742 XOR
2 1 11750 11742 11752 XOR
2 1 9662 11222 11710 AND
2 1 2632 9186 11711 AND
2 1 11710 11711 11714 AND
2 1 11714 5424 11715 XOR
2 1 2522 5447 11695 AND
2 1 2251 5646 11696 AND
2 1 3181 5818 11697 AND
2 1 11696 11697 11698 AND
2 1 11695 11698 11699 AND
2 1 33 53 11700 AND
2 1 11699 11700 11701 AND
2 1 11695 11698 11702 AND
2 1 34 52 11703 AND
2 1 35 51 11704 AND
2 1 11703 11704 11705 AND
2 1 11702 11705 11706 AND
2 1 11701 11706 11707 AND
2 1 36 50 11686 AND
2 1 37 49 11687 AND
2 1 11686 11687 11688 AND
2 1 2805 4935 11689 AND
2 1 11688 11689 11693 AND
2 1 23 63 11690 AND
2 1 11693 11690 11694 XOR
2 1 11707 11694 11709 XOR
2 1 11715 11709 11717 XOR
2 1 11752 11717 11754 XOR
2 1 11622 11623 11624 AND
2 1 11621 11625 11626 AND
2 1 11624 11626 11685 AND
2 1 11754 11685 11756 XOR
2 1 11606 11525 11676 XOR
2 1 11510 11511 11512 AND
2 1 11513 11514 11515 AND
2 1 11512 11515 11516 AND
2 1 11676 11516 11678 XOR
2 1 11576 11540 11672 XOR
2 1 11672 11564 11674 XOR
2 1 11678 11674 11680 XOR
2 1 11633 11634 11635 AND
2 1 11636 11637 11638 AND
2 1 11635 11638 11670 AND
2 1 11680 11670 11682 XOR
2 1 11553 11566 11567 AND
2 1 11568 11581 11582 AND
2 1 11567 11582 11667 AND
2 1 11517 11530 11531 AND
2 1 11532 11545 11546 AND
2 1 11531 11546 11664 AND
2 1 11354 11444 11597 AND
2 1 11598 11610 11611 AND
2 1 11597 11611 11663 AND
2 1 11664 11663 11666 XOR
2 1 11667 11666 11669 XOR
2 1 11682 11669 11684 XOR
2 1 11756 11684 11758 XOR
2 1 11785 11758 11786 XOR
2 1 11632 11644 11645 AND
2 1 11646 11647 11648 AND
2 1 11645 11648 11662 AND
2 1 11786 11662 11787 XOR
2 1 11631 11649 11658 AND
2 1 11631 11649 11659 AND
2 1 11509 11659 11660 AND
2 1 11658 11660 11661 AND
2 1 11787 11661 11793 XOR
2 1 11508 11651 11652 AND
2 1 11508 11651 11653 AND
2 1 11507 11653 11656 AND
2 1 11652 11656 11657 AND
2 1 11793 11657 11794 XOR
2 1 11723 11702 11824 XOR
2 1 11688 11690 11691 AND
2 1 11689 11691 11692 AND
2 1 11824 11692 11826 XOR
2 1 11744 11746 11747 AND
2 1 11745 11747 11748 AND
2 1 11732 11735 11737 AND
2 1 11748 11737 11820 XOR
2 1 5424 11710 11712 AND
2 1 11711 11712 11713 AND
2 1 11820 11713 11822 XOR
2 1 11826 11822 11828 XOR
2 1 11771 11772 11773 AND
2 1 11774 11775 11776 AND
2 1 11773 11776 11818 AND
2 1 11828 11818 11830 XOR
2 1 11663 11664 11665 AND
2 1 11666 11667 11668 AND
2 1 11665 11668 11815 AND
2 1 11674 11678 11679 AND
2 1 11670 11680 11681 AND
2 1 11679 11681 11814 AND
2 1 11815 11814 11817 XOR
2 1 11830 11817 11929 XOR
2 1 2920 5447 11909 AND
2 1 35 58 11910 AND
2 1 10932 11910 11911 AND
2 1 11909 11911 11912 AND
2 1 29 58 11913 AND
2 1 36 51 11914 AND
2 1 11913 11914 11915 AND
2 1 11912 11915 11916 AND
2 1 35 52 11917 AND
2 1 11916 11917 11918 AND
2 1 11914 11913 11920 XOR
2 1 11912 11920 11921 AND
2 1 11918 11921 11922 AND
2 1 1403 7612 11766 AND
2 1 11550 11769 11770 AND
2 1 11766 11770 11907 AND
2 1 34 53 11894 AND
2 1 11441 11894 11895 AND
2 1 2359 7039 11896 AND
2 1 34 59 11897 AND
2 1 10931 11897 11898 AND
2 1 11896 11898 11899 AND
2 1 11895 11899 11900 AND
2 1 28 59 11901 AND
2 1 11900 11901 11902 AND
2 1 11894 11441 11904 XOR
2 1 11899 11904 11905 AND
2 1 11902 11905 11906 AND
2 1 11907 11906 11908 XOR
2 1 11922 11908 11924 XOR
2 1 41 46 11881 AND
2 1 42 45 11882 AND
2 1 11881 11882 11883 AND
2 1 4140 4306 11884 AND
2 1 11883 11884 11888 AND
2 1 32 55 11885 AND
2 1 11888 11885 11889 XOR
2 1 3933 4881 11866 AND
2 1 4213 4580 11867 AND
2 1 3522 4935 11868 AND
2 1 11867 11868 11869 AND
2 1 11866 11869 11870 AND
2 1 37 50 11871 AND
2 1 11870 11871 11872 AND
2 1 38 49 11873 AND
2 1 39 48 11874 AND
2 1 11873 11874 11875 AND
2 1 11866 11869 11876 AND
2 1 11875 11876 11877 AND
2 1 11872 11877 11878 AND
2 1 1643 7452 11853 AND
2 1 1715 7765 11854 AND
2 1 4842 9120 11855 AND
2 1 11854 11855 11856 AND
2 1 11853 11856 11858 AND
2 1 26 61 11859 AND
2 1 27 60 11860 AND
2 1 11859 11860 11861 AND
2 1 11858 11861 11862 AND
2 1 11853 11856 11857 AND
2 1 24 63 11863 AND
2 1 11857 11863 11864 AND
2 1 11862 11864 11865 AND
2 1 11878 11865 11880 XOR
2 1 11889 11880 11891 XOR
2 1 11525 11606 11675 AND
2 1 11516 11676 11677 AND
2 1 11675 11677 11850 AND
2 1 31 56 11839 AND
2 1 33 54 11840 AND
2 1 11839 11840 11841 AND
2 1 1950 5809 11842 AND
2 1 11841 11842 11846 AND
2 1 40 47 11843 AND
2 1 11846 11843 11847 XOR
2 1 43 44 11837 AND
2 1 25 62 11836 AND
2 1 11837 11836 11838 XOR
2 1 11847 11838 11849 XOR
2 1 11850 11849 11852 XOR
2 1 11891 11852 11893 XOR
2 1 11924 11893 11926 XOR
2 1 11669 11682 11683 AND
2 1 11684 11756 11757 AND
2 1 11683 11757 11832 AND
2 1 11926 11832 11928 XOR
2 1 11929 11928 11931 XOR
2 1 11616 11777 11778 AND
2 1 11779 11781 11782 AND
2 1 11778 11782 11810 AND
2 1 11730 11740 11741 AND
2 1 11742 11750 11751 AND
2 1 11741 11751 11805 AND
2 1 11694 11707 11708 AND
2 1 11709 11715 11716 AND
2 1 11708 11716 11802 AND
2 1 11540 11576 11671 AND
2 1 11564 11672 11673 AND
2 1 11671 11673 11801 AND
2 1 11802 11801 11804 XOR
2 1 11805 11804 11807 XOR
2 1 11717 11752 11753 AND
2 1 11685 11754 11755 AND
2 1 11753 11755 11800 AND
2 1 11807 11800 11809 XOR
2 1 11810 11809 11812 XOR
2 1 11931 11812 11932 XOR
2 1 11759 11763 11764 AND
2 1 11765 11783 11784 AND
2 1 11764 11784 11813 AND
2 1 11932 11813 11933 XOR
2 1 11758 11785 11796 AND
2 1 11758 11785 11797 AND
2 1 11662 11797 11798 AND
2 1 11796 11798 11799 AND
2 1 11933 11799 11934 XOR
2 1 11661 11787 11789 AND
2 1 11661 11787 11788 AND
2 1 11653 11788 11790 AND
2 1 11507 11652 11791 AND
2 1 11790 11791 11792 AND
2 1 11789 11792 11795 AND
2 1 11934 11795 11935 XOR
2 1 11799 11933 12061 AND
2 1 11852 11891 11892 AND
2 1 11893 11924 11925 AND
2 1 11892 11925 12048 AND
2 1 11865 11878 11879 AND
2 1 11880 11889 11890 AND
2 1 11879 11890 12045 AND
2 1 11908 11922 11923 AND
2 1 11906 11907 12041 AND
2 1 11923 12041 12042 AND
2 1 11702 11723 11823 AND
2 1 11692 11824 11825 AND
2 1 11823 11825 12040 AND
2 1 12042 12040 12044 XOR
2 1 12045 12044 12047 XOR
2 1 12048 12047 12050 XOR
2 1 11814 11815 11816 AND
2 1 11817 11830 11831 AND
2 1 11816 11831 12039 AND
2 1 12050 12039 12052 XOR
2 1 11832 11926 11927 AND
2 1 11928 11929 11930 AND
2 1 11927 11930 12038 AND
2 1 12052 12038 12054 XOR
2 1 33 55 12021 AND
2 1 34 54 12022 AND
2 1 12021 12022 12023 AND
2 1 3181 6016 12024 AND
2 1 12023 12024 12027 AND
2 1 12027 3710 12028 XOR
2 1 11912 11915 11919 AND
2 1 11841 11843 11844 AND
2 1 11842 11844 11845 AND
2 1 11919 11845 12020 XOR
2 1 12028 12020 12030 XOR
2 1 11895 11899 11903 AND
2 1 11903 11858 12016 XOR
2 1 12016 11876 12018 XOR
2 1 12030 12018 12032 XOR
2 1 11838 11847 11848 AND
2 1 11849 11850 11851 AND
2 1 11848 11851 12031 AND
2 1 12032 12031 12033 XOR
2 1 11801 11802 11803 AND
2 1 11804 11805 11806 AND
2 1 11803 11806 12012 AND
2 1 11822 11826 11827 AND
2 1 11818 11828 11829 AND
2 1 11827 11829 12011 AND
2 1 12012 12011 12014 XOR
2 1 12033 12014 12035 XOR
2 1 25 63 12002 AND
2 1 44 62 11833 AND
2 1 25 11833 11834 AND
2 1 4099 11834 11835 AND
2 1 12002 11835 12004 XOR
2 1 11883 11885 11886 AND
2 1 11884 11886 11887 AND
2 1 12004 11887 12006 XOR
2 1 11737 11748 11819 AND
2 1 11713 11820 11821 AND
2 1 11819 11821 11999 AND
2 1 30 58 11989 AND
2 1 32 56 11990 AND
2 1 11989 11990 11991 AND
2 1 1869 6203 11992 AND
2 1 11991 11992 11995 AND
2 1 11995 5749 11996 XOR
2 1 38 50 11980 AND
2 1 39 49 11981 AND
2 1 11980 11981 11982 AND
2 1 3933 4935 11983 AND
2 1 11982 11983 11987 AND
2 1 29 59 11984 AND
2 1 11987 11984 11988 XOR
2 1 11996 11988 11998 XOR
2 1 11999 11998 12001 XOR
2 1 12006 12001 12008 XOR
2 1 2805 5447 11965 AND
2 1 3888 5646 11966 AND
2 1 2920 5818 11967 AND
2 1 11966 11967 11968 AND
2 1 11965 11968 11969 AND
2 1 35 53 11970 AND
2 1 11969 11970 11971 AND
2 1 11965 11968 11972 AND
2 1 37 51 11973 AND
2 1 36 52 11974 AND
2 1 11973 11974 11975 AND
2 1 11972 11975 11976 AND
2 1 11971 11976 11977 AND
2 1 42 46 11954 AND
2 1 41 47 11955 AND
2 1 11954 11955 11956 AND
2 1 4140 4394 11957 AND
2 1 11956 11957 11961 AND
2 1 31 57 11958 AND
2 1 11961 11958 11962 XOR
2 1 1740 7452 11941 AND
2 1 2117 7120 11942 AND
2 1 1643 7612 11943 AND
2 1 11942 11943 11944 AND
2 1 11941 11944 11946 AND
2 1 27 61 11947 AND
2 1 28 60 11948 AND
2 1 11947 11948 11949 AND
2 1 11946 11949 11950 AND
2 1 11941 11944 11945 AND
2 1 26 62 11951 AND
2 1 11945 11951 11952 AND
2 1 11950 11952 11953 AND
2 1 11962 11953 11964 XOR
2 1 11977 11964 11979 XOR
2 1 12008 11979 12010 XOR
2 1 12035 12010 12036 XOR
2 1 11800 11807 11808 AND
2 1 11809 11810 11811 AND
2 1 11808 11811 11940 AND
2 1 12036 11940 12037 XOR
2 1 12054 12037 12056 XOR
2 1 11812 11931 11936 AND
2 1 11812 11931 11937 AND
2 1 11813 11937 11938 AND
2 1 11936 11938 11939 AND
2 1 12056 11939 12059 XOR
2 1 12061 12059 12062 XOR
2 1 11795 11934 12060 AND
2 1 12062 12060 12063 XOR
2 1 11939 12056 12058 AND
2 1 11939 12056 12057 AND
2 1 11799 11933 12189 AND
2 1 12057 12189 12190 AND
2 1 11795 12061 12191 AND
2 1 12190 12191 12192 AND
2 1 12058 12192 12193 AND
2 1 39 50 12165 AND
2 1 40 49 12166 AND
2 1 12165 12166 12167 AND
2 1 3200 4935 12168 AND
2 1 12167 12168 12172 AND
2 1 26 63 12169 AND
2 1 12172 12169 12173 XOR
2 1 11982 11984 11985 AND
2 1 11983 11985 11986 AND
2 1 11956 11958 11959 AND
2 1 11957 11959 11960 AND
2 1 11986 11960 12164 XOR
2 1 12173 12164 12175 XOR
2 1 11953 11962 11963 AND
2 1 11964 11977 11978 AND
2 1 11963 11978 12160 AND
2 1 11988 11996 11997 AND
2 1 11998 11999 12000 AND
2 1 11997 12000 12159 AND
2 1 12160 12159 12162 XOR
2 1 12175 12162 12177 XOR
2 1 12001 12006 12007 AND
2 1 11979 12008 12009 AND
2 1 12007 12009 12158 AND
2 1 12177 12158 12179 XOR
2 1 12011 12012 12013 AND
2 1 12014 12033 12034 AND
2 1 12013 12034 12157 AND
2 1 12179 12157 12181 XOR
2 1 12010 12035 12153 AND
2 1 12010 12035 12154 AND
2 1 11940 12154 12155 AND
2 1 12153 12155 12156 AND
2 1 12181 12156 12183 XOR
2 1 12018 12030 12145 AND
2 1 12018 12030 12146 AND
2 1 12031 12146 12147 AND
2 1 12145 12147 12148 AND
2 1 11845 11919 12019 AND
2 1 12020 12028 12029 AND
2 1 12019 12029 12141 AND
2 1 11835 12002 12003 AND
2 1 11887 12004 12005 AND
2 1 12003 12005 12138 AND
2 1 11858 11903 12015 AND
2 1 11876 12016 12017 AND
2 1 12015 12017 12137 AND
2 1 12138 12137 12140 XOR
2 1 12141 12140 12143 XOR
2 1 12148 12143 12149 XOR
2 1 12040 12042 12043 AND
2 1 12044 12045 12046 AND
2 1 12043 12046 12144 AND
2 1 12149 12144 12150 XOR
2 1 29 60 12126 AND
2 1 28 61 12125 AND
2 1 12126 12125 12127 XOR
2 1 3710 12023 12025 AND
2 1 12024 12025 12026 AND
2 1 12127 12026 12129 XOR
2 1 42 47 12114 AND
2 1 43 46 12115 AND
2 1 12114 12115 12116 AND
2 1 3874 4394 12117 AND
2 1 12116 12117 12120 AND
2 1 34 55 12113 AND
2 1 12120 12113 12121 XOR
2 1 44 45 12111 AND
2 1 27 62 12110 AND
2 1 12111 12110 12112 XOR
2 1 12121 12112 12123 XOR
2 1 12129 12123 12130 XOR
2 1 11972 11946 12104 XOR
2 1 5749 11991 11993 AND
2 1 11992 11993 11994 AND
2 1 12104 11994 12106 XOR
2 1 12130 12106 12132 XOR
2 1 2906 6604 12088 AND
2 1 1869 7039 12089 AND
2 1 2166 7041 12090 AND
2 1 12089 12090 12091 AND
2 1 12088 12091 12092 AND
2 1 30 59 12093 AND
2 1 12092 12093 12094 AND
2 1 12088 12091 12095 AND
2 1 31 58 12096 AND
2 1 32 57 12097 AND
2 1 12096 12097 12098 AND
2 1 12095 12098 12099 AND
2 1 12094 12099 12100 AND
2 1 3522 5447 12075 AND
2 1 2689 5646 12076 AND
2 1 2805 5818 12077 AND
2 1 12076 12077 12078 AND
2 1 12075 12078 12079 AND
2 1 36 53 12080 AND
2 1 12079 12080 12081 AND
2 1 12075 12078 12082 AND
2 1 5889 8276 12083 AND
2 1 12082 12083 12084 AND
2 1 12081 12084 12085 AND
2 1 33 56 12066 AND
2 1 35 54 12067 AND
2 1 12066 12067 12068 AND
2 1 2251 5809 12069 AND
2 1 12068 12069 12073 AND
2 1 41 48 12070 AND
2 1 12073 12070 12074 XOR
2 1 12085 12074 12087 XOR
2 1 12100 12087 12102 XOR
2 1 12132 12102 12134 XOR
2 1 12047 12048 12049 AND
2 1 12039 12050 12051 AND
2 1 12049 12051 12065 AND
2 1 12134 12065 12136 XOR
2 1 12150 12136 12152 XOR
2 1 12183 12152 12185 XOR
2 1 12038 12052 12053 AND
2 1 12037 12054 12055 AND
2 1 12053 12055 12064 AND
2 1 12185 12064 12188 XOR
2 1 12193 12188 12194 XOR
2 1 1743 7452 12124 AND
2 1 12026 12127 12128 AND
2 1 12124 12128 12304 AND
2 1 1743 7612 12291 AND
2 1 1740 7670 12292 AND
2 1 1511 7765 12293 AND
2 1 12292 12293 12294 AND
2 1 12291 12294 12296 AND
2 1 28 62 12297 AND
2 1 29 61 12298 AND
2 1 12297 12298 12299 AND
2 1 12296 12299 12300 AND
2 1 12291 12294 12295 AND
2 1 27 63 12301 AND
2 1 12295 12301 12302 AND
2 1 12300 12302 12303 AND
2 1 12304 12303 12318 XOR
2 1 2906 7041 12305 AND
2 1 1869 7907 12306 AND
2 1 2166 7449 12307 AND
2 1 12306 12307 12308 AND
2 1 12305 12308 12309 AND
2 1 31 59 12310 AND
2 1 12310 11290 12311 XOR
2 1 30 60 12312 AND
2 1 12311 12312 12313 AND
2 1 12309 12313 12314 AND
2 1 12318 12314 12319 XOR
2 1 11960 11986 12163 AND
2 1 12164 12173 12174 AND
2 1 12163 12174 12288 AND
2 1 4198 4935 12274 AND
2 1 3052 7786 12275 AND
2 1 3200 5130 12276 AND
2 1 12275 12276 12277 AND
2 1 12274 12277 12278 AND
2 1 41 49 12280 AND
2 1 40 50 12281 AND
2 1 12280 12281 12282 AND
2 1 12274 12282 12283 AND
2 1 6074 12283 12284 AND
2 1 12278 12284 12285 AND
2 1 11946 11972 12103 AND
2 1 11994 12104 12105 AND
2 1 12103 12105 12273 AND
2 1 12285 12273 12287 XOR
2 1 12288 12287 12290 XOR
2 1 12319 12290 12321 XOR
2 1 12159 12160 12161 AND
2 1 12162 12175 12176 AND
2 1 12161 12176 12272 AND
2 1 12321 12272 12323 XOR
2 1 12137 12138 12139 AND
2 1 12140 12141 12142 AND
2 1 12139 12142 12224 AND
2 1 12095 12082 12221 XOR
2 1 12167 12169 12170 AND
2 1 12168 12170 12171 AND
2 1 12221 12171 12223 XOR
2 1 12224 12223 12226 XOR
2 1 4099 4394 12254 AND
2 1 3583 6726 12255 AND
2 1 3874 4877 12256 AND
2 1 12255 12256 12257 AND
2 1 12254 12257 12258 AND
2 1 42 48 12259 AND
2 1 12258 12259 12260 AND
2 1 12254 12257 12261 AND
2 1 6052 6291 12262 AND
2 1 12261 12262 12263 AND
2 1 12260 12263 12264 AND
2 1 3522 5818 12240 AND
2 1 2689 8544 12241 AND
2 1 2805 6014 12242 AND
2 1 12241 12242 12243 AND
2 1 12240 12243 12244 AND
2 1 36 54 12245 AND
2 1 12244 12245 12246 AND
2 1 12240 12243 12247 AND
2 1 38 52 12248 AND
2 1 5820 12248 12249 AND
2 1 12247 12249 12250 AND
2 1 12246 12250 12251 AND
2 1 33 57 12227 AND
2 1 34 56 12228 AND
2 1 12227 12228 12229 AND
2 1 3181 6410 12230 AND
2 1 2251 9186 12231 AND
2 1 2522 7186 12232 AND
2 1 12231 12232 12233 AND
2 1 12230 12233 12235 AND
2 1 12229 12235 12236 AND
2 1 12230 12233 12234 AND
2 1 35 55 12237 AND
2 1 12234 12237 12238 AND
2 1 12236 12238 12239 AND
2 1 12251 12239 12253 XOR
2 1 12264 12253 12266 XOR
2 1 12226 12266 12267 AND
2 1 12226 12266 12268 AND
2 1 12267 12268 12269 AND
2 1 12158 12177 12178 AND
2 1 12157 12179 12180 AND
2 1 12178 12180 12219 AND
2 1 12269 12219 12271 XOR
2 1 12323 12271 12325 XOR
2 1 12065 12134 12135 AND
2 1 12136 12150 12151 AND
2 1 12135 12151 12216 AND
2 1 12112 12121 12122 AND
2 1 12123 12129 12207 AND
2 1 12122 12207 12208 AND
2 1 12113 12116 12118 AND
2 1 12117 12118 12119 AND
2 1 45 62 12107 AND
2 1 27 12107 12108 AND
2 1 4434 12108 12109 AND
2 1 12119 12109 12204 XOR
2 1 12068 12070 12071 AND
2 1 12069 12071 12072 AND
2 1 12204 12072 12206 XOR
2 1 12208 12206 12210 XOR
2 1 12074 12085 12086 AND
2 1 12087 12100 12101 AND
2 1 12086 12101 12209 AND
2 1 12210 12209 12211 XOR
2 1 12106 12130 12131 AND
2 1 12102 12132 12133 AND
2 1 12131 12133 12202 AND
2 1 12211 12202 12213 XOR
2 1 12143 12148 12198 AND
2 1 12143 12148 12199 AND
2 1 12144 12199 12200 AND
2 1 12198 12200 12201 AND
2 1 12213 12201 12215 XOR
2 1 12216 12215 12218 XOR
2 1 12325 12218 12327 XOR
2 1 12156 12181 12182 AND
2 1 12152 12183 12184 AND
2 1 12182 12184 12197 AND
2 1 12327 12197 12333 XOR
2 1 12064 12185 12186 AND
2 1 12064 12185 12187 AND
2 1 12187 12193 12195 AND
2 1 12186 12195 12196 AND
2 1 12333 12196 12334 XOR
2 1 12239 12251 12252 AND
2 1 12253 12264 12265 AND
2 1 12252 12265 12438 AND
2 1 12304 12314 12315 AND
2 1 12314 12304 12316 XOR
2 1 12303 12316 12317 AND
2 1 12315 12317 12437 AND
2 1 12438 12437 12440 XOR
2 1 30 61 12432 AND
2 1 12432 12261 12434 XOR
2 1 12434 12235 12436 XOR
2 1 12440 12436 12442 XOR
2 1 12223 12224 12225 AND
2 1 12225 12267 12431 AND
2 1 12442 12431 12444 XOR
2 1 12290 12319 12320 AND
2 1 12272 12321 12322 AND
2 1 12320 12322 12430 AND
2 1 12444 12430 12446 XOR
2 1 3933 5818 12367 AND
2 1 4213 8544 12368 AND
2 1 3522 6014 12369 AND
2 1 12368 12369 12370 AND
2 1 12367 12370 12371 AND
2 1 37 54 12372 AND
2 1 12371 12372 12373 AND
2 1 12367 12370 12374 AND
2 1 38 53 12375 AND
2 1 39 52 12376 AND
2 1 12375 12376 12377 AND
2 1 12374 12377 12378 AND
2 1 12373 12378 12379 AND
2 1 12274 12277 12279 AND
2 1 12379 12279 12381 XOR
2 1 2384 7041 12355 AND
2 1 1950 7907 12356 AND
2 1 2906 7449 12357 AND
2 1 12356 12357 12358 AND
2 1 12355 12358 12360 AND
2 1 33 58 12361 AND
2 1 6504 12361 12362 AND
2 1 12360 12362 12363 AND
2 1 12355 12358 12359 AND
2 1 31 60 12364 AND
2 1 12359 12364 12365 AND
2 1 12363 12365 12366 AND
2 1 12381 12366 12383 XOR
2 1 12206 12208 12351 AND
2 1 12206 12208 12352 AND
2 1 12209 12352 12353 AND
2 1 12351 12353 12354 AND
2 1 12383 12354 12385 XOR
2 1 12082 12095 12220 AND
2 1 12171 12221 12222 AND
2 1 12220 12222 12348 AND
2 1 34 57 12338 AND
2 1 36 55 12339 AND
2 1 12338 12339 12340 AND
2 1 3550 9186 12341 AND
2 1 12340 12341 12344 AND
2 1 12344 6227 12345 XOR
2 1 12109 12119 12203 AND
2 1 12072 12204 12205 AND
2 1 12203 12205 12337 AND
2 1 12345 12337 12347 XOR
2 1 12348 12347 12350 XOR
2 1 12385 12350 12426 XOR
2 1 12202 12211 12212 AND
2 1 12201 12213 12214 AND
2 1 12212 12214 12423 AND
2 1 45 46 12417 AND
2 1 29 62 12416 AND
2 1 12417 12416 12418 XOR
2 1 43 48 12402 AND
2 1 44 47 12403 AND
2 1 12402 12403 12404 AND
2 1 4099 4877 12405 AND
2 1 12404 12405 12409 AND
2 1 35 56 12406 AND
2 1 12409 12406 12410 XOR
2 1 40 51 12393 AND
2 1 41 50 12394 AND
2 1 12393 12394 12395 AND
2 1 4198 5130 12396 AND
2 1 12395 12396 12400 AND
2 1 28 63 12397 AND
2 1 12400 12397 12401 XOR
2 1 12410 12401 12412 XOR
2 1 12418 12412 12420 XOR
2 1 12305 12308 12389 AND
2 1 12296 12247 12388 XOR
2 1 12389 12388 12391 XOR
2 1 12420 12391 12421 XOR
2 1 12273 12285 12286 AND
2 1 12287 12288 12289 AND
2 1 12286 12289 12392 AND
2 1 12421 12392 12422 XOR
2 1 12423 12422 12425 XOR
2 1 12426 12425 12428 XOR
2 1 12446 12428 12447 XOR
2 1 12219 12269 12270 AND
2 1 12271 12323 12324 AND
2 1 12270 12324 12429 AND
2 1 12447 12429 12448 XOR
2 1 12215 12216 12217 AND
2 1 12218 12325 12326 AND
2 1 12217 12326 12336 AND
2 1 12448 12336 12451 XOR
2 1 12197 12327 12329 AND
2 1 12186 12193 12330 AND
2 1 12197 12327 12328 AND
2 1 12187 12328 12331 AND
2 1 12330 12331 12332 AND
2 1 12329 12332 12335 AND
2 1 12451 12335 12452 XOR
2 1 12428 12446 12563 AND
2 1 12428 12446 12564 AND
2 1 12429 12564 12565 AND
2 1 12563 12565 12566 AND
2 1 3522 6016 12544 AND
2 1 37 55 12545 AND
2 1 38 54 12546 AND
2 1 12545 12546 12547 AND
2 1 12544 12547 12551 AND
2 1 32 60 12548 AND
2 1 12551 12548 12552 XOR
2 1 12404 12406 12407 AND
2 1 12405 12407 12408 AND
2 1 6227 12340 12342 AND
2 1 12341 12342 12343 AND
2 1 12408 12343 12543 XOR
2 1 12552 12543 12554 XOR
2 1 12374 12360 12539 XOR
2 1 12395 12397 12398 AND
2 1 12396 12398 12399 AND
2 1 12539 12399 12541 XOR
2 1 12554 12541 12556 XOR
2 1 12337 12345 12346 AND
2 1 12347 12348 12349 AND
2 1 12346 12349 12537 AND
2 1 12556 12537 12558 XOR
2 1 12401 12410 12411 AND
2 1 12412 12418 12419 AND
2 1 12411 12419 12530 AND
2 1 12247 12296 12387 AND
2 1 12388 12389 12390 AND
2 1 12387 12390 12529 AND
2 1 12530 12529 12531 XOR
2 1 12279 12379 12380 AND
2 1 12366 12381 12382 AND
2 1 12380 12382 12528 AND
2 1 12531 12528 12532 XOR
2 1 12558 12532 12559 XOR
2 1 12391 12420 12533 AND
2 1 12391 12420 12534 AND
2 1 12392 12534 12535 AND
2 1 12533 12535 12536 AND
2 1 12559 12536 12560 XOR
2 1 36 56 12509 AND
2 1 12509 10709 12515 XOR
2 1 33 59 12510 AND
2 1 12515 12510 12516 XOR
2 1 4434 4877 12495 AND
2 1 3710 4879 12496 AND
2 1 4099 4881 12497 AND
2 1 12496 12497 12498 AND
2 1 12495 12498 12499 AND
2 1 43 49 12500 AND
2 1 12499 12500 12501 AND
2 1 12495 12498 12502 AND
2 1 44 48 12503 AND
2 1 4060 12503 12504 AND
2 1 12502 12504 12505 AND
2 1 12501 12505 12506 AND
2 1 42 50 12482 AND
2 1 34 58 12483 AND
2 1 12482 12483 12484 AND
2 1 2522 6604 12485 AND
2 1 12484 12485 12486 AND
2 1 35 57 12487 AND
2 1 12487 12482 12491 XOR
2 1 12486 12491 12492 AND
2 1 12482 12487 12488 AND
2 1 12486 12488 12489 AND
2 1 12483 12489 12493 AND
2 1 12492 12493 12494 AND
2 1 12506 12494 12508 XOR
2 1 12516 12508 12518 XOR
2 1 12261 12432 12433 AND
2 1 12235 12434 12435 AND
2 1 12433 12435 12479 AND
2 1 4198 5447 12464 AND
2 1 3052 5646 12465 AND
2 1 3200 5818 12466 AND
2 1 12465 12466 12467 AND
2 1 12464 12467 12468 AND
2 1 39 53 12469 AND
2 1 12468 12469 12470 AND
2 1 40 52 12471 AND
2 1 41 51 12472 AND
2 1 12471 12472 12473 AND
2 1 12464 12467 12474 AND
2 1 12473 12474 12475 AND
2 1 12470 12475 12476 AND
2 1 31 61 12460 AND
2 1 30 62 12459 AND
2 1 12460 12459 12461 XOR
2 1 46 62 12413 AND
2 1 29 12413 12414 AND
2 1 4306 12414 12415 AND
2 1 12461 12415 12463 XOR
2 1 12476 12463 12478 XOR
2 1 12479 12478 12481 XOR
2 1 12518 12481 12520 XOR
2 1 12437 12438 12439 AND
2 1 12436 12440 12441 AND
2 1 12439 12441 12457 AND
2 1 12520 12457 12522 XOR
2 1 12354 12383 12384 AND
2 1 12350 12385 12386 AND
2 1 12384 12386 12456 AND
2 1 12522 12456 12524 XOR
2 1 12431 12442 12443 AND
2 1 12430 12444 12445 AND
2 1 12443 12445 12455 AND
2 1 12524 12455 12526 XOR
2 1 12560 12526 12561 XOR
2 1 12422 12423 12424 AND
2 1 12425 12426 12427 AND
2 1 12424 12427 12527 AND
2 1 12561 12527 12562 XOR
2 1 12566 12562 12572 XOR
2 1 12336 12448 12449 AND
2 1 12336 12448 12450 AND
2 1 12335 12450 12453 AND
2 1 12449 12453 12454 AND
2 1 12572 12454 12573 XOR
2 1 46 47 12681 AND
2 1 31 62 12680 AND
2 1 12681 12680 12682 XOR
2 1 4099 4935 12663 AND
2 1 3583 7786 12664 AND
2 1 3874 5130 12665 AND
2 1 12664 12665 12666 AND
2 1 12663 12666 12667 AND
2 1 42 51 12668 AND
2 1 12667 12668 12669 AND
2 1 12663 12666 12670 AND
2 1 43 50 12671 AND
2 1 6454 12671 12672 AND
2 1 12670 12672 12673 AND
2 1 12669 12673 12674 AND
2 1 38 55 12650 AND
2 1 6374 12650 12651 AND
2 1 45 55 12652 AND
2 1 5424 12652 12653 AND
2 1 4797 7570 12654 AND
2 1 3522 7186 12655 AND
2 1 12654 12655 12656 AND
2 1 12653 12656 12658 AND
2 1 12651 12658 12659 AND
2 1 12653 12656 12657 AND
2 1 37 56 12660 AND
2 1 12657 12660 12661 AND
2 1 12659 12661 12662 AND
2 1 12674 12662 12676 XOR
2 1 12682 12676 12684 XOR
2 1 40 53 12640 AND
2 1 41 52 12641 AND
2 1 12640 12641 12642 AND
2 1 4198 5818 12643 AND
2 1 12642 12643 12646 AND
2 1 12646 11897 12647 XOR
2 1 6995 10768 12626 AND
2 1 2920 6604 12627 AND
2 1 39 54 12628 AND
2 1 11910 12628 12629 AND
2 1 12627 12629 12630 AND
2 1 12626 12630 12631 AND
2 1 36 57 12633 AND
2 1 12628 12633 12634 AND
2 1 12626 12634 12635 AND
2 1 11910 12635 12636 AND
2 1 12631 12636 12637 AND
2 1 2384 7452 12613 AND
2 1 7423 9120 12614 AND
2 1 1869 7765 12615 AND
2 1 12614 12615 12616 AND
2 1 12613 12616 12618 AND
2 1 32 61 12619 AND
2 1 33 60 12620 AND
2 1 12619 12620 12621 AND
2 1 12618 12621 12622 AND
2 1 12613 12616 12617 AND
2 1 30 63 12623 AND
2 1 12617 12623 12624 AND
2 1 12622 12624 12625 AND
2 1 12637 12625 12639 XOR
2 1 12647 12639 12649 XOR
2 1 12684 12649 12686 XOR
2 1 12529 12530 12609 AND
2 1 12529 12530 12610 AND
2 1 12528 12610 12611 AND
2 1 12609 12611 12612 AND
2 1 12686 12612 12688 XOR
2 1 12481 12518 12519 AND
2 1 12457 12520 12521 AND
2 1 12519 12521 12608 AND
2 1 12688 12608 12690 XOR
2 1 12532 12558 12604 AND
2 1 12532 12558 12605 AND
2 1 12536 12605 12606 AND
2 1 12604 12606 12607 AND
2 1 12690 12607 12692 XOR
2 1 2166 7612 12458 AND
2 1 12415 12461 12462 AND
2 1 12458 12462 12595 AND
2 1 12547 12548 12549 AND
2 1 12544 12549 12550 AND
2 1 10709 12510 12511 AND
2 1 12510 10709 12512 XOR
2 1 12509 12512 12513 AND
2 1 12511 12513 12514 AND
2 1 12550 12514 12594 XOR
2 1 12595 12594 12597 XOR
2 1 12486 12488 12490 AND
2 1 12502 12490 12590 XOR
2 1 12590 12474 12592 XOR
2 1 12597 12592 12599 XOR
2 1 12463 12476 12477 AND
2 1 12478 12479 12480 AND
2 1 12477 12480 12588 AND
2 1 12599 12588 12601 XOR
2 1 12494 12506 12507 AND
2 1 12508 12516 12517 AND
2 1 12507 12517 12584 AND
2 1 12360 12374 12538 AND
2 1 12399 12539 12540 AND
2 1 12538 12540 12581 AND
2 1 12343 12408 12542 AND
2 1 12543 12552 12553 AND
2 1 12542 12553 12580 AND
2 1 12581 12580 12583 XOR
2 1 12584 12583 12586 XOR
2 1 12601 12586 12602 XOR
2 1 12541 12554 12555 AND
2 1 12537 12556 12557 AND
2 1 12555 12557 12587 AND
2 1 12602 12587 12603 XOR
2 1 12692 12603 12693 XOR
2 1 12456 12522 12523 AND
2 1 12455 12524 12525 AND
2 1 12523 12525 12579 AND
2 1 12693 12579 12694 XOR
2 1 12526 12560 12575 AND
2 1 12526 12560 12576 AND
2 1 12527 12576 12577 AND
2 1 12575 12577 12578 AND
2 1 12694 12578 12695 XOR
2 1 12562 12566 12568 AND
2 1 12562 12566 12567 AND
2 1 12450 12567 12569 AND
2 1 12335 12449 12570 AND
2 1 12569 12570 12571 AND
2 1 12568 12571 12574 AND
2 1 12695 12574 12696 XOR
2 1 12578 12694 12807 AND
2 1 12603 12692 12799 AND
2 1 12603 12692 12800 AND
2 1 12579 12800 12801 AND
2 1 12799 12801 12802 AND
2 1 4213 9186 12761 AND
2 1 9105 10349 12762 AND
2 1 12761 12762 12763 AND
2 1 34 60 12764 AND
2 1 39 55 12765 AND
2 1 12764 12765 12766 AND
2 1 12763 12766 12767 AND
2 1 37 57 12768 AND
2 1 12767 12768 12769 AND
2 1 12765 12764 12771 XOR
2 1 12763 12771 12772 AND
2 1 12769 12772 12773 AND
2 1 2251 6969 12747 AND
2 1 59 62 12748 AND
2 1 5325 12748 12749 AND
2 1 2384 7612 12750 AND
2 1 12749 12750 12751 AND
2 1 12747 12751 12752 AND
2 1 7672 12752 12753 AND
2 1 12747 12751 12754 AND
2 1 33 61 12755 AND
2 1 35 59 12756 AND
2 1 12755 12756 12757 AND
2 1 12754 12757 12758 AND
2 1 12753 12758 12759 AND
2 1 12759 12670 12760 XOR
2 1 12773 12760 12775 XOR
2 1 12580 12581 12582 AND
2 1 12583 12584 12585 AND
2 1 12582 12585 12744 AND
2 1 6664 11413 12733 AND
2 1 4306 4881 12734 AND
2 1 12733 12734 12735 AND
2 1 6726 11413 12736 AND
2 1 12735 12736 12737 AND
2 1 11413 6726 12739 XOR
2 1 6664 12739 12740 AND
2 1 12737 12740 12741 AND
2 1 4140 5818 12719 AND
2 1 5029 8544 12720 AND
2 1 4198 6014 12721 AND
2 1 12720 12721 12722 AND
2 1 12719 12722 12723 AND
2 1 40 54 12724 AND
2 1 12723 12724 12725 AND
2 1 42 52 12726 AND
2 1 6441 12726 12727 AND
2 1 12719 12722 12728 AND
2 1 12727 12728 12729 AND
2 1 12725 12729 12730 AND
2 1 43 51 12711 AND
2 1 6456 12711 12712 AND
2 1 4099 5130 12713 AND
2 1 12712 12713 12717 AND
2 1 36 58 12714 AND
2 1 12717 12714 12718 XOR
2 1 12730 12718 12732 XOR
2 1 12741 12732 12743 XOR
2 1 12744 12743 12746 XOR
2 1 12775 12746 12794 XOR
2 1 12626 12630 12632 AND
2 1 12632 12618 12787 XOR
2 1 11897 12642 12644 AND
2 1 12643 12644 12645 AND
2 1 12787 12645 12789 XOR
2 1 47 62 12677 AND
2 1 31 12677 12678 AND
2 1 4394 12678 12679 AND
2 1 12679 10205 12782 XOR
2 1 12782 12658 12784 XOR
2 1 12789 12784 12790 XOR
2 1 12662 12674 12675 AND
2 1 12676 12682 12683 AND
2 1 12675 12683 12785 AND
2 1 12790 12785 12791 XOR
2 1 12586 12601 12777 AND
2 1 12586 12601 12778 AND
2 1 12587 12778 12779 AND
2 1 12777 12779 12780 AND
2 1 12791 12780 12793 XOR
2 1 12794 12793 12796 XOR
2 1 12592 12597 12598 AND
2 1 12588 12599 12600 AND
2 1 12598 12600 12706 AND
2 1 12625 12637 12638 AND
2 1 12639 12647 12648 AND
2 1 12638 12648 12703 AND
2 1 12490 12502 12589 AND
2 1 12474 12590 12591 AND
2 1 12589 12591 12700 AND
2 1 12514 12550 12593 AND
2 1 12594 12595 12596 AND
2 1 12593 12596 12699 AND
2 1 12700 12699 12702 XOR
2 1 12703 12702 12705 XOR
2 1 12706 12705 12708 XOR
2 1 12649 12684 12685 AND
2 1 12612 12686 12687 AND
2 1 12685 12687 12698 AND
2 1 12708 12698 12710 XOR
2 1 12796 12710 12797 XOR
2 1 12608 12688 12689 AND
2 1 12607 12690 12691 AND
2 1 12689 12691 12697 AND
2 1 12797 12697 12798 XOR
2 1 12802 12798 12805 XOR
2 1 12807 12805 12808 XOR
2 1 12574 12695 12806 AND
2 1 12808 12806 12809 XOR
2 1 12798 12802 12804 AND
2 1 12798 12802 12803 AND
2 1 12578 12694 12919 AND
2 1 12803 12919 12920 AND
2 1 12574 12807 12921 AND
2 1 12920 12921 12922 AND
2 1 12804 12922 12923 AND
2 1 12710 12796 12912 AND
2 1 12710 12796 12913 AND
2 1 12697 12913 12914 AND
2 1 12912 12914 12915 AND
2 1 12760 12773 12774 AND
2 1 12670 12759 12902 AND
2 1 12774 12902 12903 AND
2 1 12718 12730 12731 AND
2 1 12732 12741 12742 AND
2 1 12731 12742 12901 AND
2 1 12903 12901 12905 XOR
2 1 12763 12766 12770 AND
2 1 12770 12754 12898 XOR
2 1 12898 12728 12900 XOR
2 1 12905 12900 12907 XOR
2 1 2899 9186 12876 AND
2 1 55 58 12877 AND
2 1 4418 12877 12878 AND
2 1 3522 6604 12879 AND
2 1 12878 12879 12880 AND
2 1 12876 12880 12881 AND
2 1 37 58 12882 AND
2 1 12881 12882 12883 AND
2 1 12876 12880 12884 AND
2 1 38 57 12885 AND
2 1 40 55 12886 AND
2 1 12885 12886 12887 AND
2 1 12884 12887 12888 AND
2 1 12883 12888 12889 AND
2 1 12712 12714 12715 AND
2 1 12713 12715 12716 AND
2 1 12889 12716 12891 XOR
2 1 32 63 12867 AND
2 1 34 61 12868 AND
2 1 12867 12868 12869 AND
2 1 3140 7765 12870 AND
2 1 12869 12870 12874 AND
2 1 41 54 12871 AND
2 1 12874 12871 12875 XOR
2 1 12891 12875 12893 XOR
2 1 12699 12700 12701 AND
2 1 12702 12703 12704 AND
2 1 12701 12704 12864 AND
2 1 4099 5447 12850 AND
2 1 3583 5646 12851 AND
2 1 3874 5818 12852 AND
2 1 12851 12852 12853 AND
2 1 12850 12853 12854 AND
2 1 42 53 12855 AND
2 1 12854 12855 12856 AND
2 1 43 52 12857 AND
2 1 6649 12857 12858 AND
2 1 12850 12853 12859 AND
2 1 12858 12859 12860 AND
2 1 12856 12860 12861 AND
2 1 4306 4935 12840 AND
2 1 46 49 12841 AND
2 1 6667 12841 12842 AND
2 1 12840 12842 12846 AND
2 1 39 56 12843 AND
2 1 12846 12843 12847 XOR
2 1 47 48 12838 AND
2 1 33 62 12837 AND
2 1 12838 12837 12839 XOR
2 1 12847 12839 12849 XOR
2 1 12861 12849 12863 XOR
2 1 12864 12863 12866 XOR
2 1 12893 12866 12895 XOR
2 1 12907 12895 12908 XOR
2 1 12705 12706 12707 AND
2 1 12698 12708 12709 AND
2 1 12707 12709 12896 AND
2 1 12908 12896 12909 XOR
2 1 12784 12789 12824 AND
2 1 12784 12789 12825 AND
2 1 12785 12825 12826 AND
2 1 12824 12826 12827 AND
2 1 12618 12632 12786 AND
2 1 12645 12787 12788 AND
2 1 12786 12788 12821 AND
2 1 10205 12679 12781 AND
2 1 12658 12782 12783 AND
2 1 12781 12783 12818 AND
2 1 36 59 12814 AND
2 1 35 60 12813 AND
2 1 12814 12813 12815 XOR
2 1 12735 12736 12738 AND
2 1 12815 12738 12817 XOR
2 1 12818 12817 12820 XOR
2 1 12821 12820 12823 XOR
2 1 12827 12823 12829 XOR
2 1 12743 12744 12745 AND
2 1 12746 12775 12776 AND
2 1 12745 12776 12811 AND
2 1 12829 12811 12831 XOR
2 1 12780 12791 12792 AND
2 1 12793 12794 12795 AND
2 1 12792 12795 12810 AND
2 1 12831 12810 12833 XOR
2 1 12909 12833 12911 XOR
2 1 12915 12911 12918 XOR
2 1 12923 12918 12924 XOR
2 1 12817 12818 12819 AND
2 1 12820 12821 12822 AND
2 1 12819 12822 13022 AND
2 1 2920 7449 12812 AND
2 1 12738 12815 12816 AND
2 1 12812 12816 13019 AND
2 1 12869 12871 12872 AND
2 1 12870 12872 12873 AND
2 1 12884 12873 13018 XOR
2 1 13019 13018 13021 XOR
2 1 13022 13021 13024 XOR
2 1 12754 12770 12897 AND
2 1 12728 12898 12899 AND
2 1 12897 12899 13014 AND
2 1 3874 6014 13000 AND
2 1 43 53 13001 AND
2 1 6740 13001 13002 AND
2 1 4140 6016 13003 AND
2 1 13002 13003 13004 AND
2 1 13000 13004 13005 AND
2 1 42 54 13006 AND
2 1 13001 13006 13007 AND
2 1 13000 13007 13009 AND
2 1 6740 13009 13010 AND
2 1 13005 13010 13011 AND
2 1 2522 7612 12987 AND
2 1 2251 7765 12988 AND
2 1 3181 7670 12989 AND
2 1 12988 12989 12990 AND
2 1 12987 12990 12992 AND
2 1 34 62 12993 AND
2 1 35 61 12994 AND
2 1 12993 12994 12995 AND
2 1 12992 12995 12996 AND
2 1 12987 12990 12991 AND
2 1 33 63 12997 AND
2 1 12991 12997 12998 AND
2 1 12996 12998 12999 AND
2 1 13011 12999 13013 XOR
2 1 13014 13013 13016 XOR
2 1 13024 13016 13026 XOR
2 1 12839 12847 12848 AND
2 1 12849 12861 12862 AND
2 1 12848 12862 12984 AND
2 1 12842 12843 12844 AND
2 1 12840 12844 12845 AND
2 1 48 62 12834 AND
2 1 33 12834 12835 AND
2 1 4877 12835 12836 AND
2 1 12845 12836 12980 XOR
2 1 12980 12859 12982 XOR
2 1 12984 12982 12985 XOR
2 1 12716 12889 12890 AND
2 1 12875 12891 12892 AND
2 1 12890 12892 12983 AND
2 1 12985 12983 12986 XOR
2 1 13026 12986 13027 XOR
2 1 12823 12827 12828 AND
2 1 12811 12829 12830 AND
2 1 12828 12830 12978 AND
2 1 13027 12978 13028 XOR
2 1 12895 12907 12972 AND
2 1 12895 12907 12973 AND
2 1 12896 12973 12974 AND
2 1 12972 12974 12975 AND
2 1 12901 12903 12904 AND
2 1 12900 12905 12906 AND
2 1 12904 12906 12967 AND
2 1 4394 4935 12954 AND
2 1 45 51 12953 AND
2 1 4879 12953 12955 AND
2 1 4306 5130 12956 AND
2 1 12955 12956 12957 AND
2 1 12954 12957 12958 AND
2 1 46 50 12960 AND
2 1 4879 12960 12961 AND
2 1 12954 12961 12962 AND
2 1 12953 12962 12963 AND
2 1 12958 12963 12964 AND
2 1 38 58 12943 AND
2 1 39 57 12944 AND
2 1 12943 12944 12945 AND
2 1 3933 6604 12946 AND
2 1 12945 12946 12949 AND
2 1 12949 6816 12950 XOR
2 1 4418 10870 12929 AND
2 1 2805 7449 12930 AND
2 1 40 60 12931 AND
2 1 12509 12931 12932 AND
2 1 12930 12932 12933 AND
2 1 12929 12933 12935 AND
2 1 37 59 12936 AND
2 1 40 56 12937 AND
2 1 12936 12937 12938 AND
2 1 12935 12938 12939 AND
2 1 12929 12933 12934 AND
2 1 36 60 12940 AND
2 1 12934 12940 12941 AND
2 1 12939 12941 12942 AND
2 1 12950 12942 12952 XOR
2 1 12964 12952 12966 XOR
2 1 12967 12966 12969 XOR
2 1 12863 12864 12865 AND
2 1 12866 12893 12894 AND
2 1 12865 12894 12928 AND
2 1 12969 12928 12971 XOR
2 1 12975 12971 12977 XOR
2 1 13028 12977 13030 XOR
2 1 12810 12831 12832 AND
2 1 12833 12909 12910 AND
2 1 12832 12910 12927 AND
2 1 13030 12927 13036 XOR
2 1 12911 12915 12916 AND
2 1 12911 12915 12917 AND
2 1 12917 12923 12925 AND
2 1 12916 12925 12926 AND
2 1 13036 12926 13037 XOR
2 1 12986 13026 13132 AND
2 1 12986 13026 13133 AND
2 1 12978 13133 13134 AND
2 1 13132 13134 13135 AND
2 1 12982 12984 13124 AND
2 1 12982 12984 13125 AND
2 1 12983 13125 13126 AND
2 1 13124 13126 13127 AND
2 1 4434 5818 13110 AND
2 1 3710 8544 13111 AND
2 1 4099 6014 13112 AND
2 1 13111 13112 13113 AND
2 1 13110 13113 13114 AND
2 1 43 54 13115 AND
2 1 13114 13115 13116 AND
2 1 44 53 13117 AND
2 1 7137 13117 13118 AND
2 1 13110 13113 13119 AND
2 1 13118 13119 13120 AND
2 1 13116 13120 13121 AND
2 1 3933 7041 13095 AND
2 1 4213 7907 13096 AND
2 1 3522 7449 13097 AND
2 1 13096 13097 13098 AND
2 1 13095 13098 13099 AND
2 1 37 60 13100 AND
2 1 13099 13100 13101 AND
2 1 13095 13098 13102 AND
2 1 38 59 13103 AND
2 1 39 58 13104 AND
2 1 13103 13104 13105 AND
2 1 13102 13105 13106 AND
2 1 13101 13106 13107 AND
2 1 4140 7186 13083 AND
2 1 34 63 13084 AND
2 1 41 56 13085 AND
2 1 13084 13085 13086 AND
2 1 13083 13086 13087 AND
2 1 42 55 13088 AND
2 1 13084 13088 13089 AND
2 1 13087 13089 13090 AND
2 1 13088 13084 13092 XOR
2 1 13085 13092 13093 AND
2 1 13090 13093 13094 AND
2 1 13107 13094 13109 XOR
2 1 13121 13109 13123 XOR
2 1 13127 13123 13129 XOR
2 1 13021 13022 13023 AND
2 1 13016 13024 13025 AND
2 1 13023 13025 13082 AND
2 1 13129 13082 13131 XOR
2 1 13135 13131 13137 XOR
2 1 12992 12935 13072 XOR
2 1 13000 13004 13008 AND
2 1 13072 13008 13074 XOR
2 1 12836 12845 12979 AND
2 1 12859 12980 12981 AND
2 1 12979 12981 13068 AND
2 1 47 50 13058 AND
2 1 6926 13058 13059 AND
2 1 4394 5130 13060 AND
2 1 13059 13060 13064 AND
2 1 40 57 13061 AND
2 1 13064 13061 13065 XOR
2 1 48 49 13056 AND
2 1 35 62 13055 AND
2 1 13056 13055 13057 XOR
2 1 13065 13057 13067 XOR
2 1 13068 13067 13070 XOR
2 1 13074 13070 13076 XOR
2 1 12999 13011 13012 AND
2 1 13013 13014 13015 AND
2 1 13012 13015 13075 AND
2 1 13076 13075 13077 XOR
2 1 12873 12884 13017 AND
2 1 13018 13019 13020 AND
2 1 13017 13020 13047 AND
2 1 12942 12950 12951 AND
2 1 12952 12964 12965 AND
2 1 12951 12965 13046 AND
2 1 13047 13046 13049 XOR
2 1 36 61 13041 AND
2 1 12954 12957 12959 AND
2 1 13041 12959 13043 XOR
2 1 6816 12945 12947 AND
2 1 12946 12947 12948 AND
2 1 13043 12948 13045 XOR
2 1 13049 13045 13051 XOR
2 1 13077 13051 13079 XOR
2 1 12966 12967 12968 AND
2 1 12928 12969 12970 AND
2 1 12968 12970 13040 AND
2 1 13079 13040 13081 XOR
2 1 13137 13081 13139 XOR
2 1 12971 12975 12976 AND
2 1 12977 13028 13029 AND
2 1 12976 13029 13039 AND
2 1 13139 13039 13140 XOR
2 1 12927 13030 13032 AND
2 1 12916 12923 13033 AND
2 1 12927 13030 13031 AND
2 1 12917 13031 13034 AND
2 1 13033 13034 13035 AND
2 1 13032 13035 13038 AND
2 1 13140 13038 13141 XOR
2 1 13039 13139 13227 AND
2 1 41 57 13208 AND
2 1 42 56 13209 AND
2 1 13208 13209 13210 AND
2 1 4140 6410 13211 AND
2 1 13210 13211 13214 AND
2 1 38 60 13207 AND
2 1 13214 13207 13215 XOR
2 1 35 63 13202 AND
2 1 44 54 13200 AND
2 1 43 55 13199 AND
2 1 13200 13199 13201 XOR
2 1 13202 13201 13204 XOR
2 1 13059 13061 13062 AND
2 1 13060 13062 13063 AND
2 1 13204 13063 13206 XOR
2 1 13215 13206 13217 XOR
2 1 13070 13074 13194 AND
2 1 13070 13074 13195 AND
2 1 13075 13195 13196 AND
2 1 13194 13196 13197 AND
2 1 13217 13197 13219 XOR
2 1 13046 13047 13048 AND
2 1 13045 13049 13050 AND
2 1 13048 13050 13218 AND
2 1 13219 13218 13220 XOR
2 1 37 61 13180 AND
2 1 13180 9083 13181 XOR
2 1 49 62 13052 AND
2 1 35 13052 13053 AND
2 1 4881 13053 13054 AND
2 1 13181 13054 13183 XOR
2 1 39 59 13158 AND
2 1 40 58 13159 AND
2 1 13158 13159 13160 AND
2 1 3200 7041 13161 AND
2 1 13160 13161 13165 AND
2 1 45 53 13162 AND
2 1 13165 13162 13166 XOR
2 1 13183 13166 13184 XOR
2 1 4877 5130 13167 AND
2 1 4394 5447 13168 AND
2 1 48 52 13169 AND
2 1 12960 13169 13170 AND
2 1 13168 13170 13171 AND
2 1 13167 13171 13172 AND
2 1 46 52 13173 AND
2 1 13172 13173 13174 AND
2 1 13167 13171 13175 AND
2 1 4580 7154 13176 AND
2 1 13175 13176 13177 AND
2 1 13174 13177 13178 AND
2 1 13184 13178 13185 XOR
2 1 13057 13065 13066 AND
2 1 13067 13068 13069 AND
2 1 13066 13069 13155 AND
2 1 13087 13089 13091 AND
2 1 13102 13091 13152 XOR
2 1 13152 13119 13154 XOR
2 1 13155 13154 13157 XOR
2 1 13185 13157 13187 XOR
2 1 13094 13107 13108 AND
2 1 13109 13121 13122 AND
2 1 13108 13122 13148 AND
2 1 12959 13041 13042 AND
2 1 12948 13043 13044 AND
2 1 13042 13044 13145 AND
2 1 12935 12992 13071 AND
2 1 13008 13072 13073 AND
2 1 13071 13073 13144 AND
2 1 13145 13144 13147 XOR
2 1 13148 13147 13150 XOR
2 1 13187 13150 13189 XOR
2 1 13123 13127 13128 AND
2 1 13082 13129 13130 AND
2 1 13128 13130 13143 AND
2 1 13189 13143 13192 XOR
2 1 13220 13192 13221 XOR
2 1 13051 13077 13078 AND
2 1 13040 13079 13080 AND
2 1 13078 13080 13193 AND
2 1 13221 13193 13222 XOR
2 1 13131 13135 13136 AND
2 1 13081 13137 13138 AND
2 1 13136 13138 13142 AND
2 1 13222 13142 13225 XOR
2 1 13227 13225 13228 XOR
2 1 13038 13140 13226 AND
2 1 13228 13226 13229 XOR
2 1 13142 13222 13224 AND
2 1 13142 13222 13223 AND
2 1 13039 13139 13332 AND
2 1 13223 13332 13333 AND
2 1 13038 13227 13334 AND
2 1 13333 13334 13335 AND
2 1 13224 13335 13336 AND
2 1 13154 13155 13156 AND
2 1 13157 13185 13186 AND
2 1 13156 13186 13324 AND
2 1 13144 13145 13146 AND
2 1 13147 13148 13149 AND
2 1 13146 13149 13321 AND
2 1 42 57 13311 AND
2 1 43 56 13312 AND
2 1 13311 13312 13313 AND
2 1 3874 6410 13314 AND
2 1 13313 13314 13317 AND
2 1 48 51 13310 AND
2 1 13317 13310 13318 XOR
2 1 4394 5818 13296 AND
2 1 4060 8544 13297 AND
2 1 4306 6014 13298 AND
2 1 13297 13298 13299 AND
2 1 13296 13299 13300 AND
2 1 45 54 13301 AND
2 1 13300 13301 13302 AND
2 1 13296 13299 13303 AND
2 1 46 53 13304 AND
2 1 7384 13304 13305 AND
2 1 13303 13305 13306 AND
2 1 13302 13306 13307 AND
2 1 4198 7041 13284 AND
2 1 44 59 13285 AND
2 1 12886 13285 13286 AND
2 1 13284 13286 13287 AND
2 1 41 58 13283 AND
2 1 13283 7432 13291 XOR
2 1 13287 13291 13292 AND
2 1 7432 13283 13288 AND
2 1 13287 13288 13289 AND
2 1 40 59 13293 AND
2 1 13289 13293 13294 AND
2 1 13292 13294 13295 AND
2 1 13307 13295 13309 XOR
2 1 13318 13309 13320 XOR
2 1 13321 13320 13323 XOR
2 1 13324 13323 13326 XOR
2 1 4099 6016 13198 AND
2 1 13201 13202 13203 AND
2 1 13198 13203 13270 AND
2 1 13160 13162 13163 AND
2 1 13161 13163 13164 AND
2 1 13175 13164 13269 XOR
2 1 13270 13269 13272 XOR
2 1 3933 7452 13253 AND
2 1 6995 9120 13254 AND
2 1 2689 7765 13255 AND
2 1 13254 13255 13256 AND
2 1 13253 13256 13257 AND
2 1 36 63 13258 AND
2 1 13257 13258 13259 AND
2 1 13253 13256 13260 AND
2 1 38 61 13261 AND
2 1 39 60 13262 AND
2 1 13261 13262 13263 AND
2 1 13260 13263 13264 AND
2 1 13259 13264 13265 AND
2 1 2805 7612 13179 AND
2 1 13054 13181 13182 AND
2 1 13179 13182 13250 AND
2 1 13207 13210 13212 AND
2 1 13211 13212 13213 AND
2 1 13250 13213 13252 XOR
2 1 13265 13252 13267 XOR
2 1 13272 13267 13277 XOR
2 1 13166 13183 13273 AND
2 1 13166 13183 13274 AND
2 1 13178 13274 13275 AND
2 1 13273 13275 13276 AND
2 1 13277 13276 13278 XOR
2 1 13063 13204 13205 AND
2 1 13206 13215 13216 AND
2 1 13205 13216 13247 AND
2 1 49 50 13243 AND
2 1 37 62 13242 AND
2 1 13243 13242 13244 XOR
2 1 13091 13102 13151 AND
2 1 13119 13152 13153 AND
2 1 13151 13153 13238 AND
2 1 13244 13238 13246 XOR
2 1 13247 13246 13249 XOR
2 1 13278 13249 13280 XOR
2 1 13197 13217 13234 AND
2 1 13197 13217 13235 AND
2 1 13218 13235 13236 AND
2 1 13234 13236 13237 AND
2 1 13280 13237 13282 XOR
2 1 13326 13282 13327 XOR
2 1 13150 13187 13188 AND
2 1 13143 13189 13190 AND
2 1 13188 13190 13191 AND
2 1 13327 13191 13328 XOR
2 1 13192 13220 13230 AND
2 1 13192 13220 13231 AND
2 1 13193 13231 13232 AND
2 1 13230 13232 13233 AND
2 1 13328 13233 13331 XOR
2 1 13336 13331 13337 XOR
2 1 13267 13272 13413 AND
2 1 13267 13272 13414 AND
2 1 13276 13414 13415 AND
2 1 13413 13415 13416 AND
2 1 13238 13244 13245 AND
2 1 13246 13247 13248 AND
2 1 13245 13248 13410 AND
2 1 41 59 13400 AND
2 1 42 58 13401 AND
2 1 13400 13401 13402 AND
2 1 4140 7041 13403 AND
2 1 13402 13403 13406 AND
2 1 13406 7370 13407 XOR
2 1 4434 7186 13388 AND
2 1 3710 9186 13389 AND
2 1 4099 6410 13390 AND
2 1 13389 13390 13391 AND
2 1 13388 13391 13392 AND
2 1 7435 12652 13393 AND
2 1 13388 13393 13395 AND
2 1 8069 13395 13396 AND
2 1 13392 13396 13397 AND
2 1 3200 7452 13377 AND
2 1 10612 13207 13378 AND
2 1 3933 7612 13379 AND
2 1 13378 13379 13380 AND
2 1 13377 13380 13381 AND
2 1 39 61 13383 AND
2 1 12931 13383 13384 AND
2 1 13377 13384 13385 AND
2 1 9841 13385 13386 AND
2 1 13381 13386 13387 AND
2 1 13397 13387 13399 XOR
2 1 13407 13399 13409 XOR
2 1 13410 13409 13412 XOR
2 1 13416 13412 13418 XOR
2 1 37 63 13367 AND
2 1 50 62 13239 AND
2 1 37 13239 13240 AND
2 1 4935 13240 13241 AND
2 1 13367 13241 13369 XOR
2 1 13310 13313 13315 AND
2 1 13314 13315 13316 AND
2 1 13369 13316 13371 XOR
2 1 13303 13260 13363 XOR
2 1 13287 13288 13290 AND
2 1 13363 13290 13365 XOR
2 1 13371 13365 13372 XOR
2 1 13295 13307 13308 AND
2 1 13309 13318 13319 AND
2 1 13308 13319 13366 AND
2 1 13372 13366 13373 XOR
2 1 13213 13250 13251 AND
2 1 13252 13265 13266 AND
2 1 13251 13266 13358 AND
2 1 4881 5447 13345 AND
2 1 4879 5646 13346 AND
2 1 4877 5818 13347 AND
2 1 13346 13347 13348 AND
2 1 13345 13348 13349 AND
2 1 47 53 13350 AND
2 1 13349 13350 13351 AND
2 1 13345 13348 13352 AND
2 1 7786 13169 13353 AND
2 1 13352 13353 13354 AND
2 1 13351 13354 13355 AND
2 1 13164 13175 13268 AND
2 1 13269 13270 13271 AND
2 1 13268 13271 13344 AND
2 1 13355 13344 13357 XOR
2 1 13358 13357 13360 XOR
2 1 13373 13360 13374 XOR
2 1 13320 13321 13322 AND
2 1 13323 13324 13325 AND
2 1 13322 13325 13361 AND
2 1 13374 13361 13375 XOR
2 1 13418 13375 13419 XOR
2 1 13249 13278 13279 AND
2 1 13237 13280 13281 AND
2 1 13279 13281 13376 AND
2 1 13419 13376 13420 XOR
2 1 13282 13326 13340 AND
2 1 13282 13326 13341 AND
2 1 13191 13341 13342 AND
2 1 13340 13342 13343 AND
2 1 13420 13343 13426 XOR
2 1 13233 13328 13329 AND
2 1 13233 13328 13330 AND
2 1 13330 13336 13338 AND
2 1 13329 13338 13339 AND
2 1 13426 13339 13427 XOR
2 1 13260 13303 13362 AND
2 1 13290 13363 13364 AND
2 1 13362 13364 13511 AND
2 1 7370 13402 13404 AND
2 1 13403 13404 13405 AND
2 1 13377 13380 13382 AND
2 1 13405 13382 13507 XOR
2 1 13388 13391 13394 AND
2 1 13507 13394 13509 XOR
2 1 13511 13509 13512 XOR
2 1 13387 13397 13398 AND
2 1 13399 13407 13408 AND
2 1 13398 13408 13510 AND
2 1 13512 13510 13513 XOR
2 1 13365 13371 13500 AND
2 1 13365 13371 13501 AND
2 1 13366 13501 13502 AND
2 1 13500 13502 13503 AND
2 1 13409 13410 13411 AND
2 1 13412 13416 13417 AND
2 1 13411 13417 13499 AND
2 1 13503 13499 13505 XOR
2 1 13513 13505 13515 XOR
2 1 13344 13355 13356 AND
2 1 13357 13358 13359 AND
2 1 13356 13359 13475 AND
2 1 6816 9865 13461 AND
2 1 4881 5818 13462 AND
2 1 44 57 13463 AND
2 1 8176 13463 13464 AND
2 1 13462 13464 13465 AND
2 1 13461 13465 13466 AND
2 1 49 52 13468 AND
2 1 13463 13468 13469 AND
2 1 13461 13469 13470 AND
2 1 8176 13470 13471 AND
2 1 13466 13471 13472 AND
2 1 3710 6203 13446 AND
2 1 10870 11882 13447 AND
2 1 3874 7041 13448 AND
2 1 13447 13448 13449 AND
2 1 13446 13449 13450 AND
2 1 42 59 13451 AND
2 1 13450 13451 13452 AND
2 1 13446 13449 13453 AND
2 1 43 58 13454 AND
2 1 45 56 13455 AND
2 1 13454 13455 13456 AND
2 1 13453 13456 13457 AND
2 1 13452 13457 13458 AND
2 1 46 55 13437 AND
2 1 47 54 13438 AND
2 1 13437 13438 13439 AND
2 1 4394 6016 13440 AND
2 1 13439 13440 13444 AND
2 1 38 63 13441 AND
2 1 13444 13441 13445 XOR
2 1 13458 13445 13460 XOR
2 1 13472 13460 13474 XOR
2 1 13475 13474 13477 XOR
2 1 50 51 13488 AND
2 1 39 62 13487 AND
2 1 13488 13487 13489 XOR
2 1 41 60 13481 AND
2 1 40 61 13480 AND
2 1 13481 13480 13482 XOR
2 1 13482 13352 13484 XOR
2 1 13489 13484 13491 XOR
2 1 13241 13367 13368 AND
2 1 13316 13369 13370 AND
2 1 13368 13370 13478 AND
2 1 13491 13478 13493 XOR
2 1 13477 13493 13494 AND
2 1 13477 13493 13495 AND
2 1 13494 13495 13496 AND
2 1 13360 13373 13433 AND
2 1 13360 13373 13434 AND
2 1 13361 13434 13435 AND
2 1 13433 13435 13436 AND
2 1 13496 13436 13498 XOR
2 1 13515 13498 13516 XOR
2 1 13375 13418 13429 AND
2 1 13375 13418 13430 AND
2 1 13376 13430 13431 AND
2 1 13429 13431 13432 AND
2 1 13516 13432 13519 XOR
2 1 13343 13420 13421 AND
2 1 13329 13336 13423 AND
2 1 13343 13420 13422 AND
2 1 13330 13422 13424 AND
2 1 13423 13424 13425 AND
2 1 13421 13425 13428 AND
2 1 13519 13428 13520 XOR
2 1 13436 13496 13497 AND
2 1 13498 13515 13523 AND
2 1 13497 13523 13524 AND
2 1 13445 13458 13459 AND
2 1 13460 13472 13473 AND
2 1 13459 13473 13596 AND
2 1 13382 13405 13506 AND
2 1 13394 13507 13508 AND
2 1 13506 13508 13593 AND
2 1 62 6074 13485 AND
2 1 5130 13485 13486 AND
2 1 13461 13465 13467 AND
2 1 13486 13467 13590 XOR
2 1 13439 13441 13442 AND
2 1 13440 13442 13443 AND
2 1 13590 13443 13592 XOR
2 1 13593 13592 13595 XOR
2 1 13596 13595 13598 XOR
2 1 13509 13511 13600 AND
2 1 13509 13511 13601 AND
2 1 13510 13601 13602 AND
2 1 13600 13602 13603 AND
2 1 13474 13475 13476 AND
2 1 13476 13494 13599 AND
2 1 13603 13599 13605 XOR
2 1 13598 13605 13606 AND
2 1 13598 13605 13607 AND
2 1 13606 13607 13608 AND
2 1 13484 13489 13490 AND
2 1 13478 13491 13492 AND
2 1 13490 13492 13544 AND
2 1 4140 7452 13529 AND
2 1 9120 10951 13530 AND
2 1 3052 7765 13531 AND
2 1 13530 13531 13532 AND
2 1 13529 13532 13533 AND
2 1 39 63 13534 AND
2 1 13533 13534 13535 AND
2 1 13529 13532 13536 AND
2 1 41 61 13537 AND
2 1 42 60 13538 AND
2 1 13537 13538 13539 AND
2 1 13536 13539 13540 AND
2 1 13535 13540 13541 AND
2 1 4198 7452 13479 AND
2 1 13352 13482 13483 AND
2 1 13479 13483 13526 AND
2 1 13526 13453 13528 XOR
2 1 13541 13528 13543 XOR
2 1 13544 13543 13546 XOR
2 1 4935 5818 13570 AND
2 1 4580 8544 13571 AND
2 1 4881 6014 13572 AND
2 1 13571 13572 13573 AND
2 1 13570 13573 13574 AND
2 1 48 54 13575 AND
2 1 13574 13575 13576 AND
2 1 13570 13573 13577 AND
2 1 49 53 13578 AND
2 1 5445 13578 13579 AND
2 1 13577 13579 13580 AND
2 1 13576 13580 13581 AND
2 1 4394 7186 13555 AND
2 1 4060 9186 13556 AND
2 1 4306 6410 13557 AND
2 1 13556 13557 13558 AND
2 1 13555 13558 13559 AND
2 1 45 57 13560 AND
2 1 13559 13560 13561 AND
2 1 46 56 13562 AND
2 1 47 55 13563 AND
2 1 13562 13563 13564 AND
2 1 13555 13558 13565 AND
2 1 13564 13565 13566 AND
2 1 13561 13566 13567 AND
2 1 43 59 13547 AND
2 1 44 58 13548 AND
2 1 13547 13548 13549 AND
2 1 4099 7041 13550 AND
2 1 13549 13550 13553 AND
2 1 13553 10612 13554 XOR
2 1 13567 13554 13569 XOR
2 1 13581 13569 13583 XOR
2 1 13546 13583 13584 AND
2 1 13546 13583 13585 AND
2 1 13584 13585 13586 AND
2 1 13499 13503 13504 AND
2 1 13505 13513 13514 AND
2 1 13504 13514 13525 AND
2 1 13586 13525 13588 XOR
2 1 13608 13588 13610 XOR
2 1 13524 13610 13611 AND
2 1 13524 13610 13612 AND
2 1 13611 13612 13616 AND
2 1 13432 13516 13517 AND
2 1 13432 13516 13518 AND
2 1 13428 13518 13521 AND
2 1 13517 13521 13522 AND
2 1 13616 13522 13617 XOR
2 1 13525 13586 13587 AND
2 1 13588 13608 13609 AND
2 1 13587 13609 13692 AND
2 1 13592 13593 13594 AND
2 1 13595 13596 13597 AND
2 1 13594 13597 13685 AND
2 1 13543 13544 13545 AND
2 1 13545 13584 13684 AND
2 1 13685 13684 13687 XOR
2 1 13554 13567 13568 AND
2 1 13569 13581 13582 AND
2 1 13568 13582 13681 AND
2 1 13467 13486 13589 AND
2 1 13443 13590 13591 AND
2 1 13589 13591 13678 AND
2 1 13453 13526 13527 AND
2 1 13528 13541 13542 AND
2 1 13527 13542 13677 AND
2 1 13678 13677 13680 XOR
2 1 13681 13680 13683 XOR
2 1 13687 13683 13689 XOR
2 1 4434 7041 13656 AND
2 1 3583 6969 13657 AND
2 1 45 61 13658 AND
2 1 13401 13658 13659 AND
2 1 13657 13659 13660 AND
2 1 13656 13660 13661 AND
2 1 42 61 13662 AND
2 1 13661 13662 13663 AND
2 1 45 58 13664 AND
2 1 13285 13664 13665 AND
2 1 13656 13660 13666 AND
2 1 13665 13666 13667 AND
2 1 13663 13667 13668 AND
2 1 10612 13549 13551 AND
2 1 13550 13551 13552 AND
2 1 13552 13536 13655 XOR
2 1 13668 13655 13670 XOR
2 1 40 63 13649 AND
2 1 13649 13577 13651 XOR
2 1 13651 13565 13653 XOR
2 1 13670 13653 13672 XOR
2 1 51 52 13645 AND
2 1 13645 10863 13646 XOR
2 1 4935 6014 13629 AND
2 1 4580 6012 13630 AND
2 1 4881 6016 13631 AND
2 1 13630 13631 13632 AND
2 1 13629 13632 13633 AND
2 1 48 55 13634 AND
2 1 13633 13634 13635 AND
2 1 13629 13632 13636 AND
2 1 50 53 13637 AND
2 1 9498 13637 13638 AND
2 1 13636 13638 13639 AND
2 1 13635 13639 13640 AND
2 1 46 57 13620 AND
2 1 47 56 13621 AND
2 1 13620 13621 13622 AND
2 1 4394 6410 13623 AND
2 1 13622 13623 13627 AND
2 1 43 60 13624 AND
2 1 13627 13624 13628 XOR
2 1 13640 13628 13642 XOR
2 1 13646 13642 13648 XOR
2 1 13672 13648 13674 XOR
2 1 13599 13603 13604 AND
2 1 13604 13606 13619 AND
2 1 13674 13619 13676 XOR
2 1 13689 13676 13691 XOR
2 1 13692 13691 13693 XOR
2 1 13518 13611 13613 AND
2 1 13428 13517 13614 AND
2 1 13613 13614 13615 AND
2 1 13612 13615 13618 AND
2 1 13693 13618 13694 XOR
2 1 13691 13692 13771 AND
2 1 13536 13552 13654 AND
2 1 13655 13668 13669 AND
2 1 13654 13669 13760 AND
2 1 41 63 13754 AND
2 1 13754 11251 13755 XOR
2 1 52 10863 13643 AND
2 1 5447 13643 13644 AND
2 1 13755 13644 13757 XOR
2 1 13577 13649 13650 AND
2 1 13565 13651 13652 AND
2 1 13650 13652 13752 AND
2 1 13757 13752 13759 XOR
2 1 13760 13759 13762 XOR
2 1 13653 13670 13671 AND
2 1 13648 13672 13673 AND
2 1 13671 13673 13750 AND
2 1 13762 13750 13763 XOR
2 1 13677 13678 13679 AND
2 1 13680 13681 13682 AND
2 1 13679 13682 13751 AND
2 1 13763 13751 13764 XOR
2 1 13628 13640 13641 AND
2 1 13642 13646 13647 AND
2 1 13641 13647 13701 AND
2 1 13622 13624 13625 AND
2 1 13623 13625 13626 AND
2 1 13636 13626 13698 XOR
2 1 13698 13666 13700 XOR
2 1 13701 13700 13703 XOR
2 1 5130 6014 13732 AND
2 1 5646 7677 13733 AND
2 1 4935 6016 13734 AND
2 1 13733 13734 13735 AND
2 1 13732 13735 13736 AND
2 1 50 54 13738 AND
2 1 5646 13738 13739 AND
2 1 13732 13739 13740 AND
2 1 7677 13740 13741 AND
2 1 13736 13741 13742 AND
2 1 4877 6410 13717 AND
2 1 4394 6604 13718 AND
2 1 48 58 13719 AND
2 1 13562 13719 13720 AND
2 1 13718 13720 13721 AND
2 1 13717 13721 13722 AND
2 1 46 58 13723 AND
2 1 13722 13723 13724 AND
2 1 13717 13721 13725 AND
2 1 47 57 13726 AND
2 1 7570 13726 13727 AND
2 1 13725 13727 13728 AND
2 1 13724 13728 13729 AND
2 1 43 61 13704 AND
2 1 45 59 13705 AND
2 1 13704 13705 13706 AND
2 1 3710 6969 13707 AND
2 1 4099 7452 13708 AND
2 1 4434 7449 13709 AND
2 1 13708 13709 13710 AND
2 1 13707 13710 13712 AND
2 1 13706 13712 13713 AND
2 1 13707 13710 13711 AND
2 1 44 60 13714 AND
2 1 13711 13714 13715 AND
2 1 13713 13715 13716 AND
2 1 13729 13716 13731 XOR
2 1 13742 13731 13744 XOR
2 1 13703 13744 13745 AND
2 1 13703 13744 13746 AND
2 1 13745 13746 13747 AND
2 1 13684 13685 13686 AND
2 1 13683 13687 13688 AND
2 1 13686 13688 13696 AND
2 1 13747 13696 13749 XOR
2 1 13764 13749 13766 XOR
2 1 13619 13674 13675 AND
2 1 13676 13689 13690 AND
2 1 13675 13690 13695 AND
2 1 13766 13695 13769 XOR
2 1 13771 13769 13772 XOR
2 1 13618 13693 13770 AND
2 1 13772 13770 13773 XOR
2 1 13695 13766 13767 AND
2 1 13695 13766 13768 AND
2 1 13768 13771 13851 AND
2 1 13691 13692 13852 AND
2 1 13618 13852 13853 AND
2 1 13851 13853 13854 AND
2 1 13767 13854 13855 AND
2 1 13696 13747 13748 AND
2 1 13749 13764 13765 AND
2 1 13748 13765 13847 AND
2 1 4877 6604 13826 AND
2 1 6726 7039 13827 AND
2 1 4394 7041 13828 AND
2 1 13827 13828 13829 AND
2 1 13826 13829 13830 AND
2 1 46 59 13831 AND
2 1 13830 13831 13832 AND
2 1 13826 13829 13833 AND
2 1 47 58 13834 AND
2 1 48 57 13835 AND
2 1 13834 13835 13836 AND
2 1 13833 13836 13837 AND
2 1 13832 13837 13838 AND
2 1 4140 7670 13753 AND
2 1 13644 13755 13756 AND
2 1 13753 13756 13824 AND
2 1 4434 7452 13811 AND
2 1 9120 11882 13812 AND
2 1 3583 7765 13813 AND
2 1 13812 13813 13814 AND
2 1 13811 13814 13815 AND
2 1 42 63 13816 AND
2 1 13815 13816 13817 AND
2 1 13811 13814 13818 AND
2 1 44 61 13819 AND
2 1 45 60 13820 AND
2 1 13819 13820 13821 AND
2 1 13818 13821 13822 AND
2 1 13817 13822 13823 AND
2 1 13824 13823 13825 XOR
2 1 13838 13825 13840 XOR
2 1 13626 13636 13697 AND
2 1 13666 13698 13699 AND
2 1 13697 13699 13808 AND
2 1 5130 6016 13793 AND
2 1 5809 7786 13794 AND
2 1 4935 7186 13795 AND
2 1 13794 13795 13796 AND
2 1 13793 13796 13797 AND
2 1 49 56 13798 AND
2 1 13797 13798 13799 AND
2 1 51 54 13800 AND
2 1 50 55 13801 AND
2 1 13800 13801 13802 AND
2 1 13793 13796 13803 AND
2 1 13802 13803 13804 AND
2 1 13799 13804 13805 AND
2 1 52 53 13791 AND
2 1 13791 11548 13792 XOR
2 1 13805 13792 13807 XOR
2 1 13808 13807 13810 XOR
2 1 13840 13810 13842 XOR
2 1 13700 13701 13702 AND
2 1 13702 13745 13788 AND
2 1 13842 13788 13844 XOR
2 1 13752 13757 13758 AND
2 1 13759 13760 13761 AND
2 1 13758 13761 13781 AND
2 1 13716 13729 13730 AND
2 1 13731 13742 13743 AND
2 1 13730 13743 13778 AND
2 1 13732 13735 13737 AND
2 1 13737 13725 13775 XOR
2 1 13775 13712 13777 XOR
2 1 13778 13777 13780 XOR
2 1 13781 13780 13783 XOR
2 1 13844 13783 13845 XOR
2 1 13750 13762 13784 AND
2 1 13750 13762 13785 AND
2 1 13751 13785 13786 AND
2 1 13784 13786 13787 AND
2 1 13845 13787 13846 XOR
2 1 13847 13846 13850 XOR
2 1 13855 13850 13856 XOR
2 1 13783 13844 13859 AND
2 1 13783 13844 13860 AND
2 1 13787 13860 13861 AND
2 1 13859 13861 13862 AND
2 1 13792 13805 13806 AND
2 1 13807 13808 13809 AND
2 1 13806 13809 13921 AND
2 1 13825 13838 13839 AND
2 1 13823 13824 13917 AND
2 1 13839 13917 13918 AND
2 1 43 63 13912 AND
2 1 62 13001 13789 AND
2 1 5818 13789 13790 AND
2 1 13912 13790 13914 XOR
2 1 13914 13803 13916 XOR
2 1 13918 13916 13920 XOR
2 1 13921 13920 13923 XOR
2 1 4306 7452 13894 AND
2 1 4434 7612 13895 AND
2 1 46 60 13896 AND
2 1 11833 13896 13897 AND
2 1 13895 13897 13898 AND
2 1 13894 13898 13899 AND
2 1 13658 13896 13901 AND
2 1 13894 13901 13902 AND
2 1 11833 13902 13903 AND
2 1 13899 13903 13904 AND
2 1 13833 13818 13893 XOR
2 1 13904 13893 13906 XOR
2 1 13725 13737 13774 AND
2 1 13712 13775 13776 AND
2 1 13774 13776 13889 AND
2 1 5447 6016 13875 AND
2 1 5445 5809 13876 AND
2 1 5130 7186 13877 AND
2 1 13876 13877 13878 AND
2 1 13875 13878 13879 AND
2 1 50 56 13880 AND
2 1 13879 13880 13881 AND
2 1 13875 13878 13882 AND
2 1 51 55 13883 AND
2 1 8544 13883 13884 AND
2 1 13882 13884 13885 AND
2 1 13881 13885 13886 AND
2 1 4881 6604 13864 AND
2 1 4879 7039 13865 AND
2 1 4877 7041 13866 AND
2 1 13865 13866 13867 AND
2 1 13864 13867 13869 AND
2 1 9865 13719 13870 AND
2 1 13869 13870 13871 AND
2 1 13864 13867 13868 AND
2 1 47 59 13872 AND
2 1 13868 13872 13873 AND
2 1 13871 13873 13874 AND
2 1 13886 13874 13888 XOR
2 1 13889 13888 13891 XOR
2 1 13906 13891 13908 XOR
2 1 13777 13778 13779 AND
2 1 13780 13781 13782 AND
2 1 13779 13782 13863 AND
2 1 13908 13863 13911 XOR
2 1 13923 13911 13925 XOR
2 1 13810 13840 13841 AND
2 1 13788 13842 13843 AND
2 1 13841 13843 13924 AND
2 1 13925 13924 13926 XOR
2 1 13862 13926 13927 AND
2 1 13862 13926 13928 AND
2 1 13927 13928 13932 AND
2 1 13846 13847 13849 AND
2 1 13846 13847 13848 AND
2 1 13848 13855 13857 AND
2 1 13849 13857 13858 AND
2 1 13932 13858 13933 XOR
2 1 13874 13886 13887 AND
2 1 13888 13889 13890 AND
2 1 13887 13890 13991 AND
2 1 13790 13912 13913 AND
2 1 13803 13914 13915 AND
2 1 13913 13915 13988 AND
2 1 13818 13833 13892 AND
2 1 13893 13904 13905 AND
2 1 13892 13905 13987 AND
2 1 13988 13987 13990 XOR
2 1 13991 13990 13993 XOR
2 1 47 60 13977 AND
2 1 46 61 13976 AND
2 1 13977 13976 13978 XOR
2 1 13978 13882 13980 XOR
2 1 53 54 13961 AND
2 1 13961 12107 13962 XOR
2 1 13980 13962 13981 XOR
2 1 5447 7186 13963 AND
2 1 5445 9186 13964 AND
2 1 5130 6410 13965 AND
2 1 13964 13965 13966 AND
2 1 13963 13966 13967 AND
2 1 50 57 13968 AND
2 1 13967 13968 13969 AND
2 1 13963 13966 13970 AND
2 1 51 56 13971 AND
2 1 9715 13971 13972 AND
2 1 13970 13972 13973 AND
2 1 13969 13973 13974 AND
2 1 13981 13974 13982 XOR
2 1 58 63 13942 AND
2 1 6454 13942 13943 AND
2 1 4881 7041 13944 AND
2 1 59 63 13945 AND
2 1 12503 13945 13946 AND
2 1 13944 13946 13947 AND
2 1 13943 13947 13948 AND
2 1 48 59 13949 AND
2 1 13948 13949 13950 AND
2 1 44 63 13951 AND
2 1 49 58 13952 AND
2 1 13951 13952 13953 AND
2 1 13943 13947 13954 AND
2 1 13953 13954 13955 AND
2 1 13950 13955 13956 AND
2 1 13894 13898 13900 AND
2 1 13900 13869 13941 XOR
2 1 13956 13941 13958 XOR
2 1 13982 13958 13984 XOR
2 1 13916 13918 13919 AND
2 1 13920 13921 13922 AND
2 1 13919 13922 13939 AND
2 1 13984 13939 13986 XOR
2 1 13993 13986 13994 XOR
2 1 13891 13906 13907 AND
2 1 13863 13908 13909 AND
2 1 13907 13909 13910 AND
2 1 13994 13910 13995 XOR
2 1 13911 13923 13935 AND
2 1 13911 13923 13936 AND
2 1 13924 13936 13937 AND
2 1 13935 13937 13938 AND
2 1 13995 13938 13998 XOR
2 1 13849 13855 13929 AND
2 1 13848 13928 13930 AND
2 1 13929 13930 13931 AND
2 1 13927 13931 13934 AND
2 1 13998 13934 13999 XOR
2 1 13986 13993 14002 AND
2 1 13986 13993 14003 AND
2 1 13910 14003 14004 AND
2 1 14002 14004 14005 AND
2 1 4935 7041 14050 AND
2 1 4580 7907 14051 AND
2 1 4881 7449 14052 AND
2 1 14051 14052 14053 AND
2 1 14050 14053 14054 AND
2 1 48 60 14055 AND
2 1 14054 14055 14056 AND
2 1 49 59 14057 AND
2 1 50 58 14058 AND
2 1 14057 14058 14059 AND
2 1 14050 14053 14060 AND
2 1 14059 14060 14061 AND
2 1 14056 14061 14062 AND
2 1 4394 7452 13975 AND
2 1 13882 13978 13979 AND
2 1 13975 13979 14048 AND
2 1 4394 7612 14036 AND
2 1 4060 7765 14037 AND
2 1 4306 7670 14038 AND
2 1 14037 14038 14039 AND
2 1 14036 14039 14040 AND
2 1 45 63 14041 AND
2 1 14040 14041 14042 AND
2 1 14036 14039 14043 AND
2 1 47 61 14044 AND
2 1 12413 14044 14045 AND
2 1 14043 14045 14046 AND
2 1 14042 14046 14047 AND
2 1 14048 14047 14049 XOR
2 1 14062 14049 14064 XOR
2 1 13987 13988 13989 AND
2 1 13990 13991 13992 AND
2 1 13989 13992 14033 AND
2 1 54 12107 13959 AND
2 1 6014 13959 13960 AND
2 1 13970 13960 14030 XOR
2 1 14030 13954 14032 XOR
2 1 14033 14032 14035 XOR
2 1 14064 14035 14066 XOR
2 1 13958 13982 13983 AND
2 1 13939 13984 13985 AND
2 1 13983 13985 14026 AND
2 1 13962 13980 14020 AND
2 1 13962 13980 14021 AND
2 1 13974 14021 14022 AND
2 1 14020 14022 14023 AND
2 1 5818 7186 14007 AND
2 1 5646 9186 14008 AND
2 1 5447 6410 14009 AND
2 1 14008 14009 14010 AND
2 1 14007 14010 14011 AND
2 1 52 56 14013 AND
2 1 6012 14013 14014 AND
2 1 14007 14014 14015 AND
2 1 11287 14015 14016 AND
2 1 14011 14016 14017 AND
2 1 13869 13900 13940 AND
2 1 13941 13956 13957 AND
2 1 13940 13957 14006 AND
2 1 14017 14006 14019 XOR
2 1 14023 14019 14025 XOR
2 1 14026 14025 14028 XOR
2 1 14066 14028 14068 XOR
2 1 14005 14068 14069 AND
2 1 14005 14068 14070 AND
2 1 14069 14070 14074 AND
2 1 13938 13995 13997 AND
2 1 13938 13995 13996 AND
2 1 13934 13996 14000 AND
2 1 13997 14000 14001 AND
2 1 14074 14001 14075 XOR
2 1 14025 14026 14027 AND
2 1 14028 14066 14067 AND
2 1 14027 14067 14130 AND
2 1 5818 6410 14113 AND
2 1 5646 6203 14114 AND
2 1 5447 6604 14115 AND
2 1 14114 14115 14116 AND
2 1 14113 14116 14117 AND
2 1 51 58 14112 AND
2 1 52 57 14119 AND
2 1 10416 14119 14120 AND
2 1 14113 14120 14121 AND
2 1 14112 14121 14122 AND
2 1 14117 14122 14123 AND
2 1 14123 14043 14124 XOR
2 1 4935 7449 14099 AND
2 1 4580 6969 14100 AND
2 1 4881 7452 14101 AND
2 1 14100 14101 14102 AND
2 1 14099 14102 14103 AND
2 1 48 61 14104 AND
2 1 14103 14104 14105 AND
2 1 14099 14102 14106 AND
2 1 49 60 14107 AND
2 1 50 59 14108 AND
2 1 14107 14108 14109 AND
2 1 14106 14109 14110 AND
2 1 14105 14110 14111 AND
2 1 14124 14111 14125 XOR
2 1 14006 14017 14018 AND
2 1 14019 14023 14024 AND
2 1 14018 14024 14096 AND
2 1 46 63 14091 AND
2 1 14007 14010 14012 AND
2 1 14091 14012 14093 XOR
2 1 14093 14060 14095 XOR
2 1 14096 14095 14098 XOR
2 1 14125 14098 14127 XOR
2 1 14032 14033 14034 AND
2 1 14035 14064 14065 AND
2 1 14034 14065 14088 AND
2 1 14049 14062 14063 AND
2 1 14047 14048 14084 AND
2 1 14063 14084 14085 AND
2 1 54 55 14080 AND
2 1 14080 12677 14081 XOR
2 1 13960 13970 14029 AND
2 1 13954 14030 14031 AND
2 1 14029 14031 14077 AND
2 1 14081 14077 14083 XOR
2 1 14085 14083 14087 XOR
2 1 14088 14087 14090 XOR
2 1 14127 14090 14129 XOR
2 1 14130 14129 14133 XOR
2 1 13996 14069 14071 AND
2 1 13934 13997 14072 AND
2 1 14071 14072 14073 AND
2 1 14070 14073 14076 AND
2 1 14133 14076 14134 XOR
2 1 14012 14091 14092 AND
2 1 14060 14093 14094 AND
2 1 14092 14094 14184 AND
2 1 47 63 14178 AND
2 1 14178 12834 14179 XOR
2 1 55 12677 14078 AND
2 1 6016 14078 14079 AND
2 1 14179 14079 14181 XOR
2 1 6014 6410 14164 AND
2 1 5818 6604 14165 AND
2 1 54 58 14166 AND
2 1 14013 14166 14167 AND
2 1 14165 14167 14168 AND
2 1 14164 14168 14169 AND
2 1 52 58 14170 AND
2 1 14169 14170 14171 AND
2 1 14164 14168 14172 AND
2 1 53 57 14173 AND
2 1 5809 14173 14174 AND
2 1 14172 14174 14175 AND
2 1 14171 14175 14176 AND
2 1 14181 14176 14183 XOR
2 1 14184 14183 14186 XOR
2 1 14077 14081 14082 AND
2 1 14083 14085 14086 AND
2 1 14082 14086 14161 AND
2 1 14043 14123 14155 AND
2 1 14043 14123 14156 AND
2 1 14111 14156 14157 AND
2 1 14155 14157 14158 AND
2 1 5130 7449 14140 AND
2 1 6969 7786 14141 AND
2 1 4935 7452 14142 AND
2 1 14141 14142 14143 AND
2 1 14140 14143 14144 AND
2 1 49 61 14145 AND
2 1 14144 14145 14146 AND
2 1 14140 14143 14147 AND
2 1 50 60 14148 AND
2 1 51 59 14149 AND
2 1 14148 14149 14150 AND
2 1 14147 14150 14151 AND
2 1 14146 14151 14152 AND
2 1 14113 14116 14118 AND
2 1 14118 14106 14139 XOR
2 1 14152 14139 14154 XOR
2 1 14158 14154 14160 XOR
2 1 14161 14160 14163 XOR
2 1 14186 14163 14188 XOR
2 1 14095 14096 14097 AND
2 1 14098 14125 14126 AND
2 1 14097 14126 14187 AND
2 1 14188 14187 14189 XOR
2 1 14087 14088 14089 AND
2 1 14090 14127 14128 AND
2 1 14089 14128 14137 AND
2 1 14189 14137 14195 XOR
2 1 14129 14130 14131 AND
2 1 14129 14130 14132 AND
2 1 14076 14132 14135 AND
2 1 14131 14135 14136 AND
2 1 14195 14136 14196 XOR
2 1 6014 6604 14233 AND
2 1 7039 8544 14234 AND
2 1 5818 7041 14235 AND
2 1 14234 14235 14236 AND
2 1 14233 14236 14237 AND
2 1 52 59 14238 AND
2 1 14237 14238 14239 AND
2 1 53 58 14240 AND
2 1 10768 14240 14241 AND
2 1 14233 14236 14242 AND
2 1 14241 14242 14243 AND
2 1 14239 14243 14244 AND
2 1 55 56 14229 AND
2 1 14229 13052 14230 XOR
2 1 5130 7452 14213 AND
2 1 9120 13310 14214 AND
2 1 4580 7765 14215 AND
2 1 14214 14215 14216 AND
2 1 14213 14216 14218 AND
2 1 50 61 14219 AND
2 1 51 60 14220 AND
2 1 14219 14220 14221 AND
2 1 14218 14221 14222 AND
2 1 14213 14216 14217 AND
2 1 48 63 14223 AND
2 1 14217 14223 14224 AND
2 1 14222 14224 14225 AND
2 1 14230 14225 14232 XOR
2 1 14244 14232 14246 XOR
2 1 14176 14181 14182 AND
2 1 14183 14184 14185 AND
2 1 14182 14185 14210 AND
2 1 14106 14118 14138 AND
2 1 14139 14152 14153 AND
2 1 14138 14153 14207 AND
2 1 4877 7670 14177 AND
2 1 14079 14179 14180 AND
2 1 14177 14180 14204 AND
2 1 14172 14147 14203 XOR
2 1 14204 14203 14206 XOR
2 1 14207 14206 14209 XOR
2 1 14210 14209 14212 XOR
2 1 14246 14212 14248 XOR
2 1 14154 14158 14159 AND
2 1 14160 14161 14162 AND
2 1 14159 14162 14247 AND
2 1 14248 14247 14249 XOR
2 1 14163 14186 14198 AND
2 1 14163 14186 14199 AND
2 1 14187 14199 14200 AND
2 1 14198 14200 14201 AND
2 1 14249 14201 14252 XOR
2 1 14137 14189 14191 AND
2 1 14137 14189 14190 AND
2 1 14132 14190 14192 AND
2 1 14076 14131 14193 AND
2 1 14192 14193 14194 AND
2 1 14191 14194 14197 AND
2 1 14252 14197 14253 XOR
2 1 14147 14172 14202 AND
2 1 14203 14204 14205 AND
2 1 14202 14205 14295 AND
2 1 56 62 14226 AND
2 1 49 14226 14227 AND
2 1 7186 14227 14228 AND
2 1 14228 13239 14292 XOR
2 1 14292 14242 14294 XOR
2 1 14295 14294 14297 XOR
2 1 14225 14230 14231 AND
2 1 14232 14244 14245 AND
2 1 14231 14245 14296 AND
2 1 14297 14296 14298 XOR
2 1 6016 6604 14275 AND
2 1 6014 7041 14276 AND
2 1 55 59 14277 AND
2 1 14173 14277 14278 AND
2 1 14276 14278 14279 AND
2 1 14275 14279 14280 AND
2 1 53 59 14281 AND
2 1 14280 14281 14282 AND
2 1 14275 14279 14283 AND
2 1 9186 14166 14284 AND
2 1 14283 14284 14285 AND
2 1 14282 14285 14286 AND
2 1 14286 14218 14287 XOR
2 1 52 9120 14261 AND
2 1 51 7765 14262 AND
2 1 14261 14262 14263 AND
2 1 5447 7452 14264 AND
2 1 49 14264 14265 AND
2 1 14263 14265 14266 AND
2 1 49 63 14267 AND
2 1 14266 14267 14268 AND
2 1 14264 14266 14269 AND
2 1 51 61 14270 AND
2 1 52 60 14271 AND
2 1 14270 14271 14272 AND
2 1 14269 14272 14273 AND
2 1 14268 14273 14274 AND
2 1 14287 14274 14288 XOR
2 1 14206 14207 14208 AND
2 1 14209 14210 14211 AND
2 1 14208 14211 14260 AND
2 1 14288 14260 14290 XOR
2 1 14298 14290 14300 XOR
2 1 14212 14246 14256 AND
2 1 14212 14246 14257 AND
2 1 14247 14257 14258 AND
2 1 14256 14258 14259 AND
2 1 14300 14259 14306 XOR
2 1 14201 14249 14250 AND
2 1 14201 14249 14251 AND
2 1 14197 14251 14254 AND
2 1 14250 14254 14255 AND
2 1 14306 14255 14307 XOR
2 1 56 57 14339 AND
2 1 14339 11029 14340 XOR
2 1 54 59 14329 AND
2 1 12877 14329 14330 AND
2 1 6016 7041 14331 AND
2 1 14330 14331 14335 AND
2 1 50 63 14332 AND
2 1 14335 14332 14336 XOR
2 1 14340 14336 14341 XOR
2 1 14341 14269 14342 XOR
2 1 14294 14295 14325 AND
2 1 14294 14295 14326 AND
2 1 14296 14326 14327 AND
2 1 14325 14327 14328 AND
2 1 14342 14328 14344 XOR
2 1 14218 14286 14319 AND
2 1 14218 14286 14320 AND
2 1 14274 14320 14321 AND
2 1 14319 14321 14322 AND
2 1 13239 14228 14291 AND
2 1 14242 14292 14293 AND
2 1 14291 14293 14316 AND
2 1 53 60 14312 AND
2 1 52 61 14311 AND
2 1 14312 14311 14313 XOR
2 1 14313 14283 14315 XOR
2 1 14316 14315 14318 XOR
2 1 14322 14318 14324 XOR
2 1 14344 14324 14346 XOR
2 1 14260 14288 14289 AND
2 1 14290 14298 14299 AND
2 1 14289 14299 14309 AND
2 1 14346 14309 14349 XOR
2 1 14259 14300 14302 AND
2 1 14259 14300 14301 AND
2 1 14251 14301 14303 AND
2 1 14197 14250 14304 AND
2 1 14303 14304 14305 AND
2 1 14302 14305 14308 AND
2 1 14349 14308 14350 XOR
2 1 14336 14340 14386 AND
2 1 14336 14340 14387 AND
2 1 14269 14387 14388 AND
2 1 14386 14388 14389 AND
2 1 7041 7186 14373 AND
2 1 5809 7907 14374 AND
2 1 6016 7449 14375 AND
2 1 14374 14375 14376 AND
2 1 14373 14376 14377 AND
2 1 54 60 14378 AND
2 1 14377 14378 14379 AND
2 1 14373 14376 14380 AND
2 1 6203 14277 14381 AND
2 1 14380 14381 14382 AND
2 1 14379 14382 14383 AND
2 1 52 62 14360 AND
2 1 53 61 14361 AND
2 1 14360 14361 14362 AND
2 1 5818 7612 14363 AND
2 1 5447 7670 14364 AND
2 1 5646 7765 14365 AND
2 1 14364 14365 14366 AND
2 1 14363 14366 14368 AND
2 1 14362 14368 14369 AND
2 1 14363 14366 14367 AND
2 1 51 63 14370 AND
2 1 14367 14370 14371 AND
2 1 14369 14371 14372 AND
2 1 14383 14372 14385 XOR
2 1 14389 14385 14391 XOR
2 1 5818 7452 14310 AND
2 1 14283 14313 14314 AND
2 1 14310 14314 14356 AND
2 1 62 11287 14337 AND
2 1 6410 14337 14338 AND
2 1 14330 14332 14333 AND
2 1 14331 14333 14334 AND
2 1 14338 14334 14355 XOR
2 1 14356 14355 14358 XOR
2 1 14391 14358 14392 XOR
2 1 14315 14316 14317 AND
2 1 14318 14322 14323 AND
2 1 14317 14323 14359 AND
2 1 14392 14359 14393 XOR
2 1 14328 14342 14343 AND
2 1 14324 14344 14345 AND
2 1 14343 14345 14353 AND
2 1 14393 14353 14399 XOR
2 1 14309 14346 14348 AND
2 1 14309 14346 14347 AND
2 1 14308 14347 14351 AND
2 1 14348 14351 14352 AND
2 1 14399 14352 14400 XOR
2 1 14372 14383 14384 AND
2 1 14385 14389 14390 AND
2 1 14384 14390 14433 AND
2 1 52 63 14428 AND
2 1 14428 14380 14430 XOR
2 1 14430 14368 14432 XOR
2 1 14433 14432 14435 XOR
2 1 14334 14338 14354 AND
2 1 14355 14356 14357 AND
2 1 14354 14357 14425 AND
2 1 7186 7449 14411 AND
2 1 5809 6969 14412 AND
2 1 6016 7452 14413 AND
2 1 14412 14413 14414 AND
2 1 14411 14414 14415 AND
2 1 54 61 14416 AND
2 1 14415 14416 14417 AND
2 1 14411 14414 14418 AND
2 1 55 60 14419 AND
2 1 10870 14419 14420 AND
2 1 14418 14420 14421 AND
2 1 14417 14421 14422 AND
2 1 57 58 14409 AND
2 1 53 62 14406 AND
2 1 14409 14406 14410 XOR
2 1 14422 14410 14424 XOR
2 1 14425 14424 14427 XOR
2 1 14435 14427 14437 XOR
2 1 14358 14391 14402 AND
2 1 14358 14391 14403 AND
2 1 14359 14403 14404 AND
2 1 14402 14404 14405 AND
2 1 14437 14405 14440 XOR
2 1 14353 14393 14395 AND
2 1 14353 14393 14394 AND
2 1 14347 14394 14396 AND
2 1 14308 14348 14397 AND
2 1 14396 14397 14398 AND
2 1 14395 14398 14401 AND
2 1 14440 14401 14441 XOR
2 1 14432 14433 14434 AND
2 1 14427 14435 14436 AND
2 1 14434 14436 14468 AND
2 1 54 62 14448 AND
2 1 53 63 14447 AND
2 1 14448 14447 14449 XOR
2 1 58 14406 14407 AND
2 1 6604 14407 14408 AND
2 1 14449 14408 14451 XOR
2 1 14451 14418 14464 XOR
2 1 6410 7449 14452 AND
2 1 6969 9186 14453 AND
2 1 7186 7452 14454 AND
2 1 14453 14454 14455 AND
2 1 14452 14455 14456 AND
2 1 55 61 14457 AND
2 1 14456 14457 14458 AND
2 1 14452 14455 14459 AND
2 1 56 60 14460 AND
2 1 7039 14460 14461 AND
2 1 14459 14461 14462 AND
2 1 14458 14462 14463 AND
2 1 14464 14463 14465 XOR
2 1 14380 14428 14429 AND
2 1 14368 14430 14431 AND
2 1 14429 14431 14445 AND
2 1 14465 14445 14466 XOR
2 1 14410 14422 14423 AND
2 1 14424 14425 14426 AND
2 1 14423 14426 14444 AND
2 1 14466 14444 14467 XOR
2 1 14468 14467 14474 XOR
2 1 14405 14437 14438 AND
2 1 14405 14437 14439 AND
2 1 14401 14439 14442 AND
2 1 14438 14442 14443 AND
2 1 14474 14443 14475 XOR
2 1 58 59 14505 AND
2 1 55 62 14504 AND
2 1 14505 14504 14506 XOR
2 1 6410 7452 14484 AND
2 1 9120 10768 14485 AND
2 1 5809 7765 14486 AND
2 1 14485 14486 14487 AND
2 1 14484 14487 14488 AND
2 1 54 63 14489 AND
2 1 14488 14489 14490 AND
2 1 56 61 14491 AND
2 1 10349 14491 14492 AND
2 1 14484 14487 14493 AND
2 1 14492 14493 14494 AND
2 1 14490 14494 14495 AND
2 1 6014 7670 14446 AND
2 1 14408 14449 14450 AND
2 1 14446 14450 14481 AND
2 1 14481 14459 14483 XOR
2 1 14495 14483 14497 XOR
2 1 14506 14497 14507 XOR
2 1 14418 14451 14498 AND
2 1 14418 14451 14499 AND
2 1 14463 14499 14500 AND
2 1 14498 14500 14501 AND
2 1 14507 14501 14508 XOR
2 1 14445 14465 14477 AND
2 1 14445 14465 14478 AND
2 1 14444 14478 14479 AND
2 1 14477 14479 14480 AND
2 1 14508 14480 14509 XOR
2 1 14467 14468 14470 AND
2 1 14467 14468 14469 AND
2 1 14439 14469 14471 AND
2 1 14401 14438 14472 AND
2 1 14471 14472 14473 AND
2 1 14470 14473 14476 AND
2 1 14509 14476 14510 XOR
2 1 14480 14508 14540 AND
2 1 14497 14506 14532 AND
2 1 14497 14506 14533 AND
2 1 14501 14533 14534 AND
2 1 14532 14534 14535 AND
2 1 6604 7452 14517 AND
2 1 7907 14226 14518 AND
2 1 6410 7612 14519 AND
2 1 14518 14519 14520 AND
2 1 14517 14520 14521 AND
2 1 57 61 14523 AND
2 1 7907 14523 14524 AND
2 1 14517 14524 14525 AND
2 1 14226 14525 14526 AND
2 1 14521 14526 14527 AND
2 1 14459 14481 14482 AND
2 1 14483 14495 14496 AND
2 1 14482 14496 14516 AND
2 1 14527 14516 14529 XOR
2 1 55 63 14511 AND
2 1 55 12748 14502 AND
2 1 7041 14502 14503 AND
2 1 14511 14503 14513 XOR
2 1 14513 14493 14515 XOR
2 1 14529 14515 14531 XOR
2 1 14535 14531 14538 XOR
2 1 14540 14538 14541 XOR
2 1 14476 14509 14539 AND
2 1 14541 14539 14542 XOR
2 1 14531 14535 14537 AND
2 1 14531 14535 14536 AND
2 1 14536 14540 14563 AND
2 1 14480 14508 14564 AND
2 1 14476 14564 14565 AND
2 1 14563 14565 14566 AND
2 1 14537 14566 14567 AND
2 1 14516 14527 14528 AND
2 1 14515 14529 14530 AND
2 1 14528 14530 14559 AND
2 1 14503 14511 14512 AND
2 1 14493 14513 14514 AND
2 1 14512 14514 14556 AND
2 1 59 60 14552 AND
2 1 57 62 14551 AND
2 1 14552 14551 14553 XOR
2 1 58 61 14545 AND
2 1 56 63 14544 AND
2 1 14545 14544 14546 XOR
2 1 14517 14520 14522 AND
2 1 14546 14522 14548 XOR
2 1 14553 14548 14555 XOR
2 1 14556 14555 14558 XOR
2 1 14559 14558 14562 XOR
2 1 14567 14562 14568 XOR
2 1 7041 7612 14575 AND
2 1 7039 7765 14576 AND
2 1 6604 7670 14577 AND
2 1 14576 14577 14578 AND
2 1 14575 14578 14579 AND
2 1 57 63 14580 AND
2 1 14579 14580 14581 AND
2 1 14575 14578 14582 AND
2 1 58 62 14583 AND
2 1 6969 14583 14584 AND
2 1 14582 14584 14585 AND
2 1 14581 14585 14586 AND
2 1 6203 7765 14543 AND
2 1 14522 14546 14547 AND
2 1 14543 14547 14572 AND
2 1 57 7120 14549 AND
2 1 7449 14549 14550 AND
2 1 14572 14550 14574 XOR
2 1 14586 14574 14588 XOR
2 1 14548 14553 14554 AND
2 1 14555 14556 14557 AND
2 1 14554 14557 14571 AND
2 1 14588 14571 14594 XOR
2 1 14558 14559 14560 AND
2 1 14558 14559 14561 AND
2 1 14561 14567 14569 AND
2 1 14560 14569 14570 AND
2 1 14594 14570 14595 XOR
2 1 14571 14588 14590 AND
2 1 14560 14567 14591 AND
2 1 14571 14588 14589 AND
2 1 14561 14589 14592 AND
2 1 14591 14592 14593 AND
2 1 14590 14593 14607 AND
2 1 14550 14572 14573 AND
2 1 14574 14586 14587 AND
2 1 14573 14587 14603 AND
2 1 14582 13942 14600 XOR
2 1 60 61 14596 AND
2 1 14596 12748 14598 XOR
2 1 14600 14598 14602 XOR
2 1 14603 14602 14606 XOR
2 1 14607 14606 14608 XOR
2 1 13942 14582 14599 AND
2 1 14598 14600 14601 AND
2 1 14599 14601 14618 AND
2 1 7120 13945 14611 AND
2 1 7449 7670 14612 AND
2 1 14611 14612 14616 AND
2 1 12748 14596 14597 AND
2 1 7452 14597 14613 AND
2 1 14616 14613 14617 XOR
2 1 14618 14617 14624 XOR
2 1 14602 14603 14605 AND
2 1 14602 14603 14604 AND
2 1 14604 14607 14609 AND
2 1 14605 14609 14610 AND
2 1 14624 14610 14625 XOR
2 1 14617 14618 14620 AND
2 1 14605 14607 14621 AND
2 1 14617 14618 14619 AND
2 1 14604 14619 14622 AND
2 1 14621 14622 14623 AND
2 1 14620 14623 14630 AND
2 1 61 62 14626 AND
2 1 14626 9120 14628 XOR
2 1 14611 14613 14614 AND
2 1 14612 14614 14615 AND
2 1 14628 14615 14629 XOR
2 1 14630 14629 14631 XOR
2 1 14629 14630 14638 AND
2 1 14615 14628 14636 AND
2 1 62 7765 14632 AND
2 1 9120 14626 14627 AND
2 1 7612 7765 14633 AND
2 1 14627 14633 14634 AND
2 1 14632 14634 14635 AND
2 1 14636 14635 14637 XOR
2 1 14638 14637 14639 XOR
2 1 14615 14628 14641 AND
2 1 14630 14641 14642 AND
2 1 14634 14636 14643 AND
2 1 14642 14643 14644 AND
2 1 14632 14644 14645 AND
2 1 62 63 14640 AND
2 1 14645 14640 14646 XOR
2 1 62 14644 14647 AND
2 1 63 14647 14648 AND