2 1 899 898 3407 XOR
2 1 3407 900 3408 XOR
2 1 896 895 3405 XOR
2 1 3405 897 3406 XOR
2 1 3408 3406 3409 XOR
2 1 905 904 3391 XOR
2 1 3391 906 3392 XOR
2 1 902 901 3389 XOR
2 1 3389 903 3390 XOR
2 1 3392 3390 3393 XOR
2 1 3409 3393 3419 XOR
2 1 911 910 3376 XOR
2 1 3376 912 3377 XOR
2 1 908 907 3374 XOR
2 1 3374 909 3375 XOR
2 1 3377 3375 3378 XOR
2 1 917 916 3360 XOR
2 1 3360 918 3361 XOR
2 1 914 913 3358 XOR
2 1 3358 915 3359 XOR
2 1 3361 3359 3362 XOR
2 1 3378 3362 3388 XOR
2 1 3419 3388 3420 XOR
2 1 923 922 3344 XOR
2 1 3344 924 3345 XOR
2 1 920 919 3342 XOR
2 1 3342 921 3343 XOR
2 1 3345 3343 3346 XOR
2 1 929 928 3328 XOR
2 1 3328 930 3329 XOR
2 1 926 925 3326 XOR
2 1 3326 927 3327 XOR
2 1 3329 3327 3330 XOR
2 1 3346 3330 3356 XOR
2 1 935 934 3313 XOR
2 1 3313 936 3314 XOR
2 1 932 931 3311 XOR
2 1 3311 933 3312 XOR
2 1 3314 3312 3315 XOR
2 1 941 940 3297 XOR
2 1 3297 942 3298 XOR
2 1 938 937 3295 XOR
2 1 3295 939 3296 XOR
2 1 3298 3296 3299 XOR
2 1 3315 3299 3325 XOR
2 1 3356 3325 3357 XOR
2 1 3420 3357 3421 XOR
2 1 851 850 3534 XOR
2 1 3534 852 3535 XOR
2 1 848 847 3532 XOR
2 1 3532 849 3533 XOR
2 1 3535 3533 3536 XOR
2 1 857 856 3518 XOR
2 1 3518 858 3519 XOR
2 1 854 853 3516 XOR
2 1 3516 855 3517 XOR
2 1 3519 3517 3520 XOR
2 1 3536 3520 3546 XOR
2 1 863 862 3503 XOR
2 1 3503 864 3504 XOR
2 1 860 859 3501 XOR
2 1 3501 861 3502 XOR
2 1 3504 3502 3505 XOR
2 1 869 868 3487 XOR
2 1 3487 870 3488 XOR
2 1 866 865 3485 XOR
2 1 3485 867 3486 XOR
2 1 3488 3486 3489 XOR
2 1 3505 3489 3515 XOR
2 1 3546 3515 3547 XOR
2 1 875 874 3471 XOR
2 1 3471 876 3472 XOR
2 1 872 871 3469 XOR
2 1 3469 873 3470 XOR
2 1 3472 3470 3473 XOR
2 1 881 880 3455 XOR
2 1 3455 882 3456 XOR
2 1 878 877 3453 XOR
2 1 3453 879 3454 XOR
2 1 3456 3454 3457 XOR
2 1 3473 3457 3483 XOR
2 1 887 886 3440 XOR
2 1 3440 888 3441 XOR
2 1 884 883 3438 XOR
2 1 3438 885 3439 XOR
2 1 3441 3439 3442 XOR
2 1 893 892 3424 XOR
2 1 3424 894 3425 XOR
2 1 890 889 3422 XOR
2 1 3422 891 3423 XOR
2 1 3425 3423 3426 XOR
2 1 3442 3426 3452 XOR
2 1 3483 3452 3484 XOR
2 1 3547 3484 3548 XOR
2 1 3421 3548 3631 AND
2 1 847 848 3540 AND
2 1 849 3532 3541 AND
2 1 3540 3541 3542 AND
2 1 850 851 3537 AND
2 1 852 3534 3538 AND
2 1 3537 3538 3539 AND
2 1 3542 3539 3688 XOR
2 1 3533 3535 3543 AND
2 1 3688 3543 3689 XOR
2 1 853 854 3524 AND
2 1 855 3516 3525 AND
2 1 3524 3525 3526 AND
2 1 856 857 3521 AND
2 1 858 3518 3522 AND
2 1 3521 3522 3523 AND
2 1 3526 3523 3529 XOR
2 1 3517 3519 3527 AND
2 1 3529 3527 3530 XOR
2 1 3523 3526 3528 AND
2 1 3520 3528 3693 AND
2 1 3530 3693 3694 AND
2 1 3539 3542 3544 AND
2 1 3543 3544 3545 AND
2 1 3527 3528 3531 AND
2 1 3520 3536 3690 AND
2 1 3531 3690 3691 AND
2 1 3545 3691 3692 AND
2 1 3694 3692 3695 XOR
2 1 3689 3695 3696 AND
2 1 3692 3694 3697 AND
2 1 3530 3690 3698 AND
2 1 3531 3698 3699 AND
2 1 3545 3693 3700 AND
2 1 3699 3700 3701 AND
2 1 3697 3701 3702 AND
2 1 3689 3702 3703 AND
2 1 3696 3703 3704 AND
2 1 3515 3546 3687 AND
2 1 3704 3687 3706 XOR
2 1 859 860 3509 AND
2 1 861 3501 3510 AND
2 1 3509 3510 3511 AND
2 1 862 863 3506 AND
2 1 864 3503 3507 AND
2 1 3506 3507 3508 AND
2 1 3511 3508 3671 XOR
2 1 3502 3504 3512 AND
2 1 3671 3512 3672 XOR
2 1 3508 3511 3513 AND
2 1 3512 3513 3514 AND
2 1 3486 3488 3496 AND
2 1 868 869 3490 AND
2 1 870 3487 3491 AND
2 1 3490 3491 3492 AND
2 1 865 866 3493 AND
2 1 867 3485 3494 AND
2 1 3493 3494 3495 AND
2 1 3492 3495 3497 AND
2 1 3496 3497 3500 AND
2 1 3489 3505 3673 AND
2 1 3500 3673 3674 AND
2 1 3514 3674 3675 AND
2 1 3495 3492 3498 XOR
2 1 3498 3496 3499 XOR
2 1 3489 3497 3676 AND
2 1 3499 3676 3677 AND
2 1 3675 3677 3678 AND
2 1 3499 3673 3679 AND
2 1 3500 3679 3680 AND
2 1 3514 3676 3681 AND
2 1 3680 3681 3682 AND
2 1 3678 3682 3683 AND
2 1 3672 3683 3684 AND
2 1 3677 3675 3685 XOR
2 1 3672 3685 3686 AND
2 1 3684 3686 3705 AND
2 1 3706 3705 3707 XOR
2 1 3484 3547 3670 AND
2 1 3707 3670 3709 XOR
2 1 871 872 3477 AND
2 1 873 3469 3478 AND
2 1 3477 3478 3479 AND
2 1 874 875 3474 AND
2 1 876 3471 3475 AND
2 1 3474 3475 3476 AND
2 1 3479 3476 3632 XOR
2 1 3470 3472 3480 AND
2 1 3632 3480 3633 XOR
2 1 877 878 3461 AND
2 1 879 3453 3462 AND
2 1 3461 3462 3463 AND
2 1 880 881 3458 AND
2 1 882 3455 3459 AND
2 1 3458 3459 3460 AND
2 1 3463 3460 3466 XOR
2 1 3454 3456 3464 AND
2 1 3466 3464 3467 XOR
2 1 3460 3463 3465 AND
2 1 3457 3465 3637 AND
2 1 3467 3637 3638 AND
2 1 3476 3479 3481 AND
2 1 3480 3481 3482 AND
2 1 3464 3465 3468 AND
2 1 3457 3473 3634 AND
2 1 3468 3634 3635 AND
2 1 3482 3635 3636 AND
2 1 3638 3636 3639 XOR
2 1 3633 3639 3640 AND
2 1 3636 3638 3641 AND
2 1 3467 3634 3642 AND
2 1 3468 3642 3643 AND
2 1 3482 3637 3644 AND
2 1 3643 3644 3645 AND
2 1 3641 3645 3646 AND
2 1 3633 3646 3647 AND
2 1 3640 3647 3648 AND
2 1 883 884 3446 AND
2 1 885 3438 3447 AND
2 1 3446 3447 3448 AND
2 1 886 887 3443 AND
2 1 888 3440 3444 AND
2 1 3443 3444 3445 AND
2 1 3448 3445 3649 XOR
2 1 3439 3441 3449 AND
2 1 3649 3449 3650 XOR
2 1 3445 3448 3450 AND
2 1 3449 3450 3451 AND
2 1 3423 3425 3433 AND
2 1 892 893 3427 AND
2 1 894 3424 3428 AND
2 1 3427 3428 3429 AND
2 1 889 890 3430 AND
2 1 891 3422 3431 AND
2 1 3430 3431 3432 AND
2 1 3429 3432 3434 AND
2 1 3433 3434 3437 AND
2 1 3426 3442 3651 AND
2 1 3437 3651 3652 AND
2 1 3451 3652 3653 AND
2 1 3432 3429 3435 XOR
2 1 3435 3433 3436 XOR
2 1 3426 3434 3654 AND
2 1 3436 3654 3655 AND
2 1 3653 3655 3656 AND
2 1 3436 3651 3657 AND
2 1 3437 3657 3658 AND
2 1 3451 3654 3659 AND
2 1 3658 3659 3660 AND
2 1 3656 3660 3661 AND
2 1 3650 3661 3662 AND
2 1 3655 3653 3663 XOR
2 1 3650 3663 3664 AND
2 1 3662 3664 3666 AND
2 1 3452 3483 3665 AND
2 1 3666 3665 3667 XOR
2 1 3648 3667 3668 AND
2 1 3648 3667 3669 AND
2 1 3668 3669 3708 AND
2 1 3709 3708 3710 XOR
2 1 3631 3710 5687 AND
2 1 895 896 3413 AND
2 1 897 3405 3414 AND
2 1 3413 3414 3415 AND
2 1 898 899 3410 AND
2 1 900 3407 3411 AND
2 1 3410 3411 3412 AND
2 1 3415 3412 3568 XOR
2 1 3406 3408 3416 AND
2 1 3568 3416 3569 XOR
2 1 901 902 3397 AND
2 1 903 3389 3398 AND
2 1 3397 3398 3399 AND
2 1 904 905 3394 AND
2 1 906 3391 3395 AND
2 1 3394 3395 3396 AND
2 1 3399 3396 3402 XOR
2 1 3390 3392 3400 AND
2 1 3402 3400 3403 XOR
2 1 3396 3399 3401 AND
2 1 3393 3401 3573 AND
2 1 3403 3573 3574 AND
2 1 3412 3415 3417 AND
2 1 3416 3417 3418 AND
2 1 3400 3401 3404 AND
2 1 3393 3409 3570 AND
2 1 3404 3570 3571 AND
2 1 3418 3571 3572 AND
2 1 3574 3572 3575 XOR
2 1 3569 3575 3576 AND
2 1 3572 3574 3577 AND
2 1 3403 3570 3578 AND
2 1 3404 3578 3579 AND
2 1 3418 3573 3580 AND
2 1 3579 3580 3581 AND
2 1 3577 3581 3582 AND
2 1 3569 3582 3583 AND
2 1 3576 3583 3584 AND
2 1 3388 3419 3567 AND
2 1 3584 3567 3586 XOR
2 1 907 908 3382 AND
2 1 909 3374 3383 AND
2 1 3382 3383 3384 AND
2 1 910 911 3379 AND
2 1 912 3376 3380 AND
2 1 3379 3380 3381 AND
2 1 3384 3381 3551 XOR
2 1 3375 3377 3385 AND
2 1 3551 3385 3552 XOR
2 1 3381 3384 3386 AND
2 1 3385 3386 3387 AND
2 1 3359 3361 3369 AND
2 1 916 917 3363 AND
2 1 918 3360 3364 AND
2 1 3363 3364 3365 AND
2 1 913 914 3366 AND
2 1 915 3358 3367 AND
2 1 3366 3367 3368 AND
2 1 3365 3368 3370 AND
2 1 3369 3370 3373 AND
2 1 3362 3378 3553 AND
2 1 3373 3553 3554 AND
2 1 3387 3554 3555 AND
2 1 3368 3365 3371 XOR
2 1 3371 3369 3372 XOR
2 1 3362 3370 3556 AND
2 1 3372 3556 3557 AND
2 1 3555 3557 3558 AND
2 1 3372 3553 3559 AND
2 1 3373 3559 3560 AND
2 1 3387 3556 3561 AND
2 1 3560 3561 3562 AND
2 1 3558 3562 3563 AND
2 1 3552 3563 3564 AND
2 1 3557 3555 3565 XOR
2 1 3552 3565 3566 AND
2 1 3564 3566 3585 AND
2 1 3586 3585 3587 XOR
2 1 919 920 3350 AND
2 1 921 3342 3351 AND
2 1 3350 3351 3352 AND
2 1 922 923 3347 AND
2 1 924 3344 3348 AND
2 1 3347 3348 3349 AND
2 1 3352 3349 3588 XOR
2 1 3343 3345 3353 AND
2 1 3588 3353 3589 XOR
2 1 925 926 3334 AND
2 1 927 3326 3335 AND
2 1 3334 3335 3336 AND
2 1 928 929 3331 AND
2 1 930 3328 3332 AND
2 1 3331 3332 3333 AND
2 1 3336 3333 3339 XOR
2 1 3327 3329 3337 AND
2 1 3339 3337 3340 XOR
2 1 3333 3336 3338 AND
2 1 3330 3338 3593 AND
2 1 3340 3593 3594 AND
2 1 3349 3352 3354 AND
2 1 3353 3354 3355 AND
2 1 3337 3338 3341 AND
2 1 3330 3346 3590 AND
2 1 3341 3590 3591 AND
2 1 3355 3591 3592 AND
2 1 3594 3592 3595 XOR
2 1 3589 3595 3596 AND
2 1 3592 3594 3597 AND
2 1 3340 3590 3598 AND
2 1 3341 3598 3599 AND
2 1 3355 3593 3600 AND
2 1 3599 3600 3601 AND
2 1 3597 3601 3602 AND
2 1 3589 3602 3603 AND
2 1 3596 3603 3604 AND
2 1 931 932 3319 AND
2 1 933 3311 3320 AND
2 1 3319 3320 3321 AND
2 1 934 935 3316 AND
2 1 936 3313 3317 AND
2 1 3316 3317 3318 AND
2 1 3321 3318 3605 XOR
2 1 3312 3314 3322 AND
2 1 3605 3322 3606 XOR
2 1 3318 3321 3323 AND
2 1 3322 3323 3324 AND
2 1 3296 3298 3306 AND
2 1 940 941 3300 AND
2 1 942 3297 3301 AND
2 1 3300 3301 3302 AND
2 1 937 938 3303 AND
2 1 939 3295 3304 AND
2 1 3303 3304 3305 AND
2 1 3302 3305 3307 AND
2 1 3306 3307 3310 AND
2 1 3299 3315 3607 AND
2 1 3310 3607 3608 AND
2 1 3324 3608 3609 AND
2 1 3305 3302 3308 XOR
2 1 3308 3306 3309 XOR
2 1 3299 3307 3610 AND
2 1 3309 3610 3611 AND
2 1 3609 3611 3612 AND
2 1 3309 3607 3613 AND
2 1 3310 3613 3614 AND
2 1 3324 3610 3615 AND
2 1 3614 3615 3616 AND
2 1 3612 3616 3617 AND
2 1 3606 3617 3618 AND
2 1 3611 3609 3619 XOR
2 1 3606 3619 3620 AND
2 1 3618 3620 3622 AND
2 1 3325 3356 3621 AND
2 1 3622 3621 3623 XOR
2 1 3604 3623 3624 AND
2 1 3604 3623 3625 AND
2 1 3624 3625 3627 AND
2 1 3357 3420 3626 AND
2 1 3627 3626 3628 XOR
2 1 3587 3628 3629 AND
2 1 3587 3628 3630 AND
2 1 3629 3630 3711 AND
2 1 3631 3710 5688 AND
2 1 3711 5688 5689 AND
2 1 5687 5689 5690 AND
2 1 3650 3656 5744 AND
2 1 3660 5744 5745 AND
2 1 3445 3448 5749 AND
2 1 3449 3450 5750 AND
2 1 5749 5750 5751 AND
2 1 3429 3432 5746 AND
2 1 3433 3434 5747 AND
2 1 5746 5747 5748 AND
2 1 5751 5748 5752 XOR
2 1 5745 5752 5753 AND
2 1 3660 5752 5754 AND
2 1 5744 5754 5755 AND
2 1 5753 5755 5756 AND
2 1 3633 3641 5731 AND
2 1 3645 5731 5732 AND
2 1 3476 3479 5736 AND
2 1 3480 3481 5737 AND
2 1 5736 5737 5738 AND
2 1 3460 3463 5733 AND
2 1 3464 3465 5734 AND
2 1 5733 5734 5735 AND
2 1 5738 5735 5739 XOR
2 1 5732 5739 5740 AND
2 1 3645 5739 5741 AND
2 1 5731 5741 5742 AND
2 1 5740 5742 5743 AND
2 1 5756 5743 5757 XOR
2 1 3648 3665 5727 AND
2 1 3648 3665 5728 AND
2 1 3666 5728 5729 AND
2 1 5727 5729 5730 AND
2 1 5757 5730 5758 XOR
2 1 3672 3678 5712 AND
2 1 3682 5712 5713 AND
2 1 3508 3511 5717 AND
2 1 3512 3513 5718 AND
2 1 5717 5718 5719 AND
2 1 3492 3495 5714 AND
2 1 3496 3497 5715 AND
2 1 5714 5715 5716 AND
2 1 5719 5716 5720 XOR
2 1 5713 5720 5721 AND
2 1 3682 5720 5722 AND
2 1 5712 5722 5723 AND
2 1 5721 5723 5724 AND
2 1 3689 3697 5699 AND
2 1 3701 5699 5700 AND
2 1 3539 3542 5704 AND
2 1 3543 3544 5705 AND
2 1 5704 5705 5706 AND
2 1 3523 3526 5701 AND
2 1 3527 3528 5702 AND
2 1 5701 5702 5703 AND
2 1 5706 5703 5707 XOR
2 1 5700 5707 5708 AND
2 1 3701 5707 5709 AND
2 1 5699 5709 5710 AND
2 1 5708 5710 5711 AND
2 1 5724 5711 5725 XOR
2 1 3687 3704 5695 AND
2 1 3687 3704 5696 AND
2 1 3705 5696 5697 AND
2 1 5695 5697 5698 AND
2 1 5725 5698 5726 XOR
2 1 5758 5726 5759 XOR
2 1 3670 3707 5691 AND
2 1 3670 3707 5692 AND
2 1 3708 5692 5693 AND
2 1 5691 5693 5694 AND
2 1 5759 5694 5760 XOR
2 1 3606 3612 5814 AND
2 1 3616 5814 5815 AND
2 1 3318 3321 5819 AND
2 1 3322 3323 5820 AND
2 1 5819 5820 5821 AND
2 1 3302 3305 5816 AND
2 1 3306 3307 5817 AND
2 1 5816 5817 5818 AND
2 1 5821 5818 5822 XOR
2 1 5815 5822 5823 AND
2 1 3616 5822 5824 AND
2 1 5814 5824 5825 AND
2 1 5823 5825 5826 AND
2 1 3589 3597 5801 AND
2 1 3601 5801 5802 AND
2 1 3349 3352 5806 AND
2 1 3353 3354 5807 AND
2 1 5806 5807 5808 AND
2 1 3333 3336 5803 AND
2 1 3337 3338 5804 AND
2 1 5803 5804 5805 AND
2 1 5808 5805 5809 XOR
2 1 5802 5809 5810 AND
2 1 3601 5809 5811 AND
2 1 5801 5811 5812 AND
2 1 5810 5812 5813 AND
2 1 5826 5813 5827 XOR
2 1 3604 3621 5797 AND
2 1 3604 3621 5798 AND
2 1 3622 5798 5799 AND
2 1 5797 5799 5800 AND
2 1 5827 5800 5828 XOR
2 1 3552 3558 5782 AND
2 1 3562 5782 5783 AND
2 1 3381 3384 5787 AND
2 1 3385 3386 5788 AND
2 1 5787 5788 5789 AND
2 1 3365 3368 5784 AND
2 1 3369 3370 5785 AND
2 1 5784 5785 5786 AND
2 1 5789 5786 5790 XOR
2 1 5783 5790 5791 AND
2 1 3562 5790 5792 AND
2 1 5782 5792 5793 AND
2 1 5791 5793 5794 AND
2 1 3569 3577 5769 AND
2 1 3581 5769 5770 AND
2 1 3412 3415 5774 AND
2 1 3416 3417 5775 AND
2 1 5774 5775 5776 AND
2 1 3396 3399 5771 AND
2 1 3400 3401 5772 AND
2 1 5771 5772 5773 AND
2 1 5776 5773 5777 XOR
2 1 5770 5777 5778 AND
2 1 3581 5777 5779 AND
2 1 5769 5779 5780 AND
2 1 5778 5780 5781 AND
2 1 5794 5781 5795 XOR
2 1 3567 3584 5765 AND
2 1 3567 3584 5766 AND
2 1 3585 5766 5767 AND
2 1 5765 5767 5768 AND
2 1 5795 5768 5796 XOR
2 1 5828 5796 5829 XOR
2 1 3587 3626 5761 AND
2 1 3587 3626 5762 AND
2 1 3627 5762 5763 AND
2 1 5761 5763 5764 AND
2 1 5829 5764 5830 XOR
2 1 5760 5830 7600 AND
2 1 5690 7600 7601 AND
2 1 5760 5830 7602 AND
2 1 7601 7602 7603 AND
2 1 5781 5794 7629 AND
2 1 5768 7629 7630 AND
2 1 5780 5793 7631 AND
2 1 5791 7631 7632 AND
2 1 5778 7632 7633 AND
2 1 7630 7633 7634 AND
2 1 3581 5773 7640 AND
2 1 5769 7640 7641 AND
2 1 5776 7641 7642 AND
2 1 5770 5773 7643 AND
2 1 7642 7643 7644 AND
2 1 3562 5786 7635 AND
2 1 5782 7635 7636 AND
2 1 5789 7636 7637 AND
2 1 5783 5786 7638 AND
2 1 7637 7638 7639 AND
2 1 7644 7639 7645 XOR
2 1 7634 7645 7646 AND
2 1 7633 7645 7647 AND
2 1 7630 7647 7648 AND
2 1 7646 7648 7649 AND
2 1 5813 5826 7608 AND
2 1 5800 7608 7609 AND
2 1 5812 5825 7610 AND
2 1 5823 7610 7611 AND
2 1 5810 7611 7612 AND
2 1 7609 7612 7613 AND
2 1 3601 5805 7619 AND
2 1 5801 7619 7620 AND
2 1 5808 7620 7621 AND
2 1 5802 5805 7622 AND
2 1 7621 7622 7623 AND
2 1 3616 5818 7614 AND
2 1 5814 7614 7615 AND
2 1 5821 7615 7616 AND
2 1 5815 5818 7617 AND
2 1 7616 7617 7618 AND
2 1 7623 7618 7624 XOR
2 1 7613 7624 7625 AND
2 1 7612 7624 7626 AND
2 1 7609 7626 7627 AND
2 1 7625 7627 7628 AND
2 1 7649 7628 7650 XOR
2 1 5796 5828 7604 AND
2 1 5764 7604 7605 AND
2 1 5796 5828 7606 AND
2 1 7605 7606 7607 AND
2 1 7650 7607 7651 XOR
2 1 5711 5724 7677 AND
2 1 5698 7677 7678 AND
2 1 5710 5723 7679 AND
2 1 5721 7679 7680 AND
2 1 5708 7680 7681 AND
2 1 7678 7681 7682 AND
2 1 3701 5703 7688 AND
2 1 5699 7688 7689 AND
2 1 5706 7689 7690 AND
2 1 5700 5703 7691 AND
2 1 7690 7691 7692 AND
2 1 3682 5716 7683 AND
2 1 5712 7683 7684 AND
2 1 5719 7684 7685 AND
2 1 5713 5716 7686 AND
2 1 7685 7686 7687 AND
2 1 7692 7687 7693 XOR
2 1 7682 7693 7694 AND
2 1 7681 7693 7695 AND
2 1 7678 7695 7696 AND
2 1 7694 7696 7697 AND
2 1 5743 5756 7656 AND
2 1 5730 7656 7657 AND
2 1 5742 5755 7658 AND
2 1 5753 7658 7659 AND
2 1 5740 7659 7660 AND
2 1 7657 7660 7661 AND
2 1 3645 5735 7667 AND
2 1 5731 7667 7668 AND
2 1 5738 7668 7669 AND
2 1 5732 5735 7670 AND
2 1 7669 7670 7671 AND
2 1 3660 5748 7662 AND
2 1 5744 7662 7663 AND
2 1 5751 7663 7664 AND
2 1 5745 5748 7665 AND
2 1 7664 7665 7666 AND
2 1 7671 7666 7672 XOR
2 1 7661 7672 7673 AND
2 1 7660 7672 7674 AND
2 1 7657 7674 7675 AND
2 1 7673 7675 7676 AND
2 1 7697 7676 7698 XOR
2 1 5726 5758 7652 AND
2 1 5694 7652 7653 AND
2 1 5726 5758 7654 AND
2 1 7653 7654 7655 AND
2 1 7698 7655 7699 XOR
2 1 7651 7699 8206 AND
2 1 7603 8206 8207 AND
2 1 7651 7699 8208 AND
2 1 8207 8208 8209 AND
2 1 7676 7697 8210 AND
2 1 7655 8210 8211 AND
2 1 7675 7696 8212 AND
2 1 7694 8212 8213 AND
2 1 7673 8213 8214 AND
2 1 8211 8214 8215 AND
2 1 7687 7692 8220 AND
2 1 7682 8220 8221 AND
2 1 7687 7692 8222 AND
2 1 8221 8222 8223 AND
2 1 7666 7671 8216 AND
2 1 7661 8216 8217 AND
2 1 7666 7671 8218 AND
2 1 8217 8218 8219 AND
2 1 8223 8219 8224 XOR
2 1 8215 8224 8225 AND
2 1 8214 8224 8226 AND
2 1 8211 8226 8227 AND
2 1 8225 8227 8228 AND
2 1 7628 7649 8229 AND
2 1 7607 8229 8230 AND
2 1 7627 7648 8231 AND
2 1 7646 8231 8232 AND
2 1 7625 8232 8233 AND
2 1 8230 8233 8234 AND
2 1 7639 7644 8239 AND
2 1 7634 8239 8240 AND
2 1 7639 7644 8241 AND
2 1 8240 8241 8242 AND
2 1 7618 7623 8235 AND
2 1 7613 8235 8236 AND
2 1 7618 7623 8237 AND
2 1 8236 8237 8238 AND
2 1 8242 8238 8243 XOR
2 1 8234 8243 8244 AND
2 1 8233 8243 8245 AND
2 1 8230 8245 8246 AND
2 1 8244 8246 8247 AND
2 1 8228 8247 8803 AND
2 1 8209 8803 8804 AND
2 1 8227 8246 8805 AND
2 1 8244 8805 8806 AND
2 1 8225 8806 8807 AND
2 1 8804 8807 8808 AND
2 1 8237 8241 8809 AND
2 1 8240 8809 8810 AND
2 1 8236 8810 8811 AND
2 1 8234 8811 8812 AND
2 1 8218 8222 8815 AND
2 1 8221 8815 8816 AND
2 1 8217 8816 8817 AND
2 1 8215 8817 8818 AND
2 1 8238 8242 8813 AND
2 1 8219 8223 8819 AND
2 1 8813 8819 8950 AND
2 1 8818 8950 8951 AND
2 1 8812 8951 8952 AND
2 1 8808 8952 8953 AND
2 1 8812 8813 8814 AND
2 1 8818 8819 8820 AND
2 1 8814 8820 8954 AND
2 1 8953 8954 8955 AND
2 1 995 994 3005 XOR
2 1 3005 996 3006 XOR
2 1 992 991 3003 XOR
2 1 3003 993 3004 XOR
2 1 3006 3004 3013 XOR
2 1 998 997 3024 XOR
2 1 3024 999 3025 XOR
2 1 4 3 3014 XOR
2 1 3014 5 3015 XOR
2 1 3025 3015 3028 XOR
2 1 1 0 3016 XOR
2 1 2 3016 3017 AND
2 1 2 3016 3018 AND
2 1 6 3018 3019 AND
2 1 3017 3019 3020 AND
2 1 3017 3018 3021 AND
2 1 6 3021 3022 AND
2 1 3020 3022 3026 AND
2 1 3028 3026 3029 XOR
2 1 3013 3029 3056 AND
2 1 991 992 3010 AND
2 1 993 3003 3011 AND
2 1 3010 3011 3012 AND
2 1 994 995 3007 AND
2 1 996 3005 3008 AND
2 1 3007 3008 3009 AND
2 1 3012 3009 3033 XOR
2 1 3004 3006 3032 AND
2 1 3033 3032 3034 XOR
2 1 3056 3034 3061 XOR
2 1 997 998 3049 AND
2 1 999 3024 3050 AND
2 1 3049 3050 3051 AND
2 1 3026 3015 3027 XOR
2 1 3025 3027 3047 AND
2 1 3021 6 3023 XOR
2 1 3015 3023 3035 AND
2 1 6 3021 3036 AND
2 1 3035 3036 3044 AND
2 1 0 1 3040 AND
2 1 2 3016 3041 AND
2 1 3040 3041 3042 AND
2 1 3 4 3037 AND
2 1 5 3014 3038 AND
2 1 3037 3038 3039 AND
2 1 3042 3039 3043 XOR
2 1 3044 3043 3046 XOR
2 1 3047 3046 3053 XOR
2 1 3051 3053 3054 AND
2 1 3051 3053 3055 AND
2 1 3054 3055 3057 AND
2 1 3061 3057 3062 XOR
2 1 17 16 2913 XOR
2 1 2913 18 2921 XOR
2 1 14 13 2917 XOR
2 1 2917 15 2920 XOR
2 1 2921 2920 2927 XOR
2 1 11 10 2897 XOR
2 1 2897 12 2905 XOR
2 1 8 7 2901 XOR
2 1 2901 9 2904 XOR
2 1 2905 2904 2907 XOR
2 1 2927 2907 2990 XOR
2 1 29 28 2960 XOR
2 1 2960 30 2968 XOR
2 1 26 25 2964 XOR
2 1 2964 27 2967 XOR
2 1 2968 2967 2974 XOR
2 1 23 22 2944 XOR
2 1 2944 24 2952 XOR
2 1 20 19 2948 XOR
2 1 2948 21 2951 XOR
2 1 2952 2951 2954 XOR
2 1 2974 2954 2989 XOR
2 1 2990 2989 3002 XOR
2 1 3029 3013 3030 XOR
2 1 3002 3030 3031 AND
2 1 3062 3031 3064 XOR
2 1 7 8 2900 AND
2 1 9 2901 2902 AND
2 1 2900 2902 2903 AND
2 1 10 11 2896 AND
2 1 12 2897 2898 AND
2 1 2896 2898 2899 AND
2 1 2903 2899 2908 XOR
2 1 2904 2905 2906 AND
2 1 2908 2906 2909 XOR
2 1 13 14 2916 AND
2 1 15 2917 2918 AND
2 1 2916 2918 2919 AND
2 1 16 17 2912 AND
2 1 18 2913 2914 AND
2 1 2912 2914 2915 AND
2 1 2919 2915 2924 XOR
2 1 2920 2921 2922 AND
2 1 2924 2922 2925 XOR
2 1 2915 2919 2923 AND
2 1 2923 2927 2931 AND
2 1 2925 2931 2932 AND
2 1 2899 2903 2910 AND
2 1 2906 2910 2911 AND
2 1 2922 2923 2926 AND
2 1 2907 2927 2928 AND
2 1 2926 2928 2929 AND
2 1 2911 2929 2930 AND
2 1 2932 2930 2933 XOR
2 1 2909 2933 2934 AND
2 1 2930 2932 2935 AND
2 1 2925 2928 2936 AND
2 1 2926 2936 2937 AND
2 1 2911 2931 2938 AND
2 1 2937 2938 2939 AND
2 1 2935 2939 2940 AND
2 1 2909 2940 2941 AND
2 1 2934 2941 2942 AND
2 1 19 20 2947 AND
2 1 21 2948 2949 AND
2 1 2947 2949 2950 AND
2 1 22 23 2943 AND
2 1 24 2944 2945 AND
2 1 2943 2945 2946 AND
2 1 2950 2946 2955 XOR
2 1 2951 2952 2953 AND
2 1 2955 2953 2956 XOR
2 1 2946 2950 2957 AND
2 1 2953 2957 2958 AND
2 1 2967 2968 2969 AND
2 1 28 29 2959 AND
2 1 30 2960 2961 AND
2 1 2959 2961 2962 AND
2 1 25 26 2963 AND
2 1 27 2964 2965 AND
2 1 2963 2965 2966 AND
2 1 2962 2966 2970 AND
2 1 2969 2970 2973 AND
2 1 2954 2974 2975 AND
2 1 2973 2975 2976 AND
2 1 2958 2976 2977 AND
2 1 2966 2962 2971 XOR
2 1 2971 2969 2972 XOR
2 1 2970 2974 2978 AND
2 1 2972 2978 2979 AND
2 1 2977 2979 2980 AND
2 1 2972 2975 2981 AND
2 1 2973 2981 2982 AND
2 1 2958 2978 2983 AND
2 1 2982 2983 2984 AND
2 1 2980 2984 2985 AND
2 1 2956 2985 2998 AND
2 1 2979 2977 2987 XOR
2 1 2956 2987 2996 AND
2 1 2989 2990 2991 AND
2 1 2996 2991 2997 XOR
2 1 2998 2997 2999 XOR
2 1 2942 2999 3000 AND
2 1 2942 2999 3001 AND
2 1 3000 3001 3063 AND
2 1 3064 3063 3065 XOR
2 1 35 34 3129 XOR
2 1 3129 36 3130 XOR
2 1 32 31 3127 XOR
2 1 3127 33 3128 XOR
2 1 3130 3128 3131 XOR
2 1 41 40 3115 XOR
2 1 3115 42 3116 XOR
2 1 38 37 3113 XOR
2 1 3113 39 3114 XOR
2 1 3116 3114 3117 XOR
2 1 3131 3117 3141 XOR
2 1 53 52 3083 XOR
2 1 3083 54 3091 XOR
2 1 50 49 3087 XOR
2 1 3087 51 3090 XOR
2 1 3091 3090 3097 XOR
2 1 47 46 3067 XOR
2 1 3067 48 3075 XOR
2 1 44 43 3071 XOR
2 1 3071 45 3074 XOR
2 1 3075 3074 3077 XOR
2 1 3097 3077 3112 XOR
2 1 3141 3112 3273 XOR
2 1 65 64 3183 XOR
2 1 3183 66 3191 XOR
2 1 62 61 3187 XOR
2 1 3187 63 3190 XOR
2 1 3191 3190 3197 XOR
2 1 59 58 3167 XOR
2 1 3167 60 3175 XOR
2 1 56 55 3171 XOR
2 1 3171 57 3174 XOR
2 1 3175 3174 3177 XOR
2 1 3197 3177 3260 XOR
2 1 77 76 3230 XOR
2 1 3230 78 3238 XOR
2 1 74 73 3234 XOR
2 1 3234 75 3237 XOR
2 1 3238 3237 3244 XOR
2 1 71 70 3214 XOR
2 1 3214 72 3222 XOR
2 1 68 67 3218 XOR
2 1 3218 69 3221 XOR
2 1 3222 3221 3224 XOR
2 1 3244 3224 3259 XOR
2 1 3260 3259 3272 XOR
2 1 3273 3272 3279 XOR
2 1 3030 3002 3280 XOR
2 1 3279 3280 3281 AND
2 1 3065 3281 5491 AND
2 1 31 32 3135 AND
2 1 33 3127 3136 AND
2 1 3135 3136 3137 AND
2 1 34 35 3132 AND
2 1 36 3129 3133 AND
2 1 3132 3133 3134 AND
2 1 3137 3134 3143 XOR
2 1 3128 3130 3138 AND
2 1 3143 3138 3144 XOR
2 1 37 38 3121 AND
2 1 39 3113 3122 AND
2 1 3121 3122 3123 AND
2 1 40 41 3118 AND
2 1 42 3115 3119 AND
2 1 3118 3119 3120 AND
2 1 3123 3120 3149 XOR
2 1 3114 3116 3124 AND
2 1 3149 3124 3150 XOR
2 1 3134 3137 3139 AND
2 1 3138 3139 3140 AND
2 1 3120 3123 3125 AND
2 1 3124 3125 3126 AND
2 1 3117 3131 3145 AND
2 1 3126 3145 3146 AND
2 1 3140 3146 3147 AND
2 1 3150 3147 3151 XOR
2 1 3144 3151 3159 AND
2 1 3147 3150 3152 AND
2 1 3125 3145 3153 AND
2 1 3120 3123 3154 AND
2 1 3154 3124 3155 XOR
2 1 3153 3155 3156 AND
2 1 3117 3125 3148 AND
2 1 3140 3148 3157 AND
2 1 3156 3157 3158 AND
2 1 3144 3158 3160 AND
2 1 3152 3160 3161 AND
2 1 3159 3161 3162 AND
2 1 3112 3141 3142 AND
2 1 3162 3142 3164 XOR
2 1 43 44 3070 AND
2 1 45 3071 3072 AND
2 1 3070 3072 3073 AND
2 1 46 47 3066 AND
2 1 48 3067 3068 AND
2 1 3066 3068 3069 AND
2 1 3073 3069 3078 XOR
2 1 3074 3075 3076 AND
2 1 3078 3076 3079 XOR
2 1 3069 3073 3080 AND
2 1 3076 3080 3081 AND
2 1 3090 3091 3092 AND
2 1 52 53 3082 AND
2 1 54 3083 3084 AND
2 1 3082 3084 3085 AND
2 1 49 50 3086 AND
2 1 51 3087 3088 AND
2 1 3086 3088 3089 AND
2 1 3085 3089 3093 AND
2 1 3092 3093 3096 AND
2 1 3077 3097 3098 AND
2 1 3096 3098 3099 AND
2 1 3081 3099 3100 AND
2 1 3089 3085 3094 XOR
2 1 3094 3092 3095 XOR
2 1 3093 3097 3101 AND
2 1 3095 3101 3102 AND
2 1 3100 3102 3103 AND
2 1 3095 3098 3104 AND
2 1 3096 3104 3105 AND
2 1 3081 3101 3106 AND
2 1 3105 3106 3107 AND
2 1 3103 3107 3108 AND
2 1 3079 3108 3109 AND
2 1 3102 3100 3110 XOR
2 1 3079 3110 3111 AND
2 1 3109 3111 3163 AND
2 1 3164 3163 3165 XOR
2 1 55 56 3170 AND
2 1 57 3171 3172 AND
2 1 3170 3172 3173 AND
2 1 58 59 3166 AND
2 1 60 3167 3168 AND
2 1 3166 3168 3169 AND
2 1 3173 3169 3178 XOR
2 1 3174 3175 3176 AND
2 1 3178 3176 3179 XOR
2 1 61 62 3186 AND
2 1 63 3187 3188 AND
2 1 3186 3188 3189 AND
2 1 64 65 3182 AND
2 1 66 3183 3184 AND
2 1 3182 3184 3185 AND
2 1 3189 3185 3194 XOR
2 1 3190 3191 3192 AND
2 1 3194 3192 3195 XOR
2 1 3185 3189 3193 AND
2 1 3193 3197 3201 AND
2 1 3195 3201 3202 AND
2 1 3169 3173 3180 AND
2 1 3176 3180 3181 AND
2 1 3192 3193 3196 AND
2 1 3177 3197 3198 AND
2 1 3196 3198 3199 AND
2 1 3181 3199 3200 AND
2 1 3202 3200 3203 XOR
2 1 3179 3203 3204 AND
2 1 3200 3202 3205 AND
2 1 3195 3198 3206 AND
2 1 3196 3206 3207 AND
2 1 3181 3201 3208 AND
2 1 3207 3208 3209 AND
2 1 3205 3209 3210 AND
2 1 3179 3210 3211 AND
2 1 3204 3211 3212 AND
2 1 67 68 3217 AND
2 1 69 3218 3219 AND
2 1 3217 3219 3220 AND
2 1 70 71 3213 AND
2 1 72 3214 3215 AND
2 1 3213 3215 3216 AND
2 1 3220 3216 3225 XOR
2 1 3221 3222 3223 AND
2 1 3225 3223 3226 XOR
2 1 3216 3220 3227 AND
2 1 3223 3227 3228 AND
2 1 3237 3238 3239 AND
2 1 76 77 3229 AND
2 1 78 3230 3231 AND
2 1 3229 3231 3232 AND
2 1 73 74 3233 AND
2 1 75 3234 3235 AND
2 1 3233 3235 3236 AND
2 1 3232 3236 3240 AND
2 1 3239 3240 3243 AND
2 1 3224 3244 3245 AND
2 1 3243 3245 3246 AND
2 1 3228 3246 3247 AND
2 1 3236 3232 3241 XOR
2 1 3241 3239 3242 XOR
2 1 3240 3244 3248 AND
2 1 3242 3248 3249 AND
2 1 3247 3249 3250 AND
2 1 3242 3245 3251 AND
2 1 3243 3251 3252 AND
2 1 3228 3248 3253 AND
2 1 3252 3253 3254 AND
2 1 3250 3254 3255 AND
2 1 3226 3255 3268 AND
2 1 3249 3247 3257 XOR
2 1 3226 3257 3266 AND
2 1 3259 3260 3261 AND
2 1 3266 3261 3267 XOR
2 1 3268 3267 3269 XOR
2 1 3212 3269 3270 AND
2 1 3212 3269 3271 AND
2 1 3270 3271 3275 AND
2 1 3272 3273 3274 AND
2 1 3275 3274 3276 XOR
2 1 3165 3276 3277 AND
2 1 3165 3276 3278 AND
2 1 3277 3278 3282 AND
2 1 3065 3281 5492 AND
2 1 3282 5492 5493 AND
2 1 5491 5493 5494 AND
2 1 2956 2980 5529 AND
2 1 2984 5529 5530 AND
2 1 2946 2950 5534 AND
2 1 2953 2957 5535 AND
2 1 5534 5535 5536 AND
2 1 2962 2966 5531 AND
2 1 2969 2970 5532 AND
2 1 5531 5532 5533 AND
2 1 5536 5533 5537 XOR
2 1 5530 5537 5538 AND
2 1 2984 5537 5539 AND
2 1 5529 5539 5540 AND
2 1 5538 5540 5541 AND
2 1 2909 2935 5516 AND
2 1 2939 5516 5517 AND
2 1 2899 2903 5521 AND
2 1 2906 2910 5522 AND
2 1 5521 5522 5523 AND
2 1 2915 2919 5518 AND
2 1 2922 2923 5519 AND
2 1 5518 5519 5520 AND
2 1 5523 5520 5524 XOR
2 1 5517 5524 5525 AND
2 1 2939 5524 5526 AND
2 1 5516 5526 5527 AND
2 1 5525 5527 5528 AND
2 1 5541 5528 5542 XOR
2 1 2956 2985 2986 AND
2 1 2956 2987 2988 AND
2 1 2986 2988 2994 AND
2 1 2991 2994 2995 AND
2 1 2988 2991 2992 AND
2 1 2986 2992 2993 AND
2 1 2942 2993 5514 AND
2 1 2995 5514 5515 AND
2 1 5542 5515 5543 XOR
2 1 3009 3012 5505 AND
2 1 3009 3012 5506 AND
2 1 3032 5506 5507 AND
2 1 5505 5507 5508 AND
2 1 3043 3044 3045 AND
2 1 3039 3042 5503 AND
2 1 3045 5503 5504 AND
2 1 3046 3047 3048 AND
2 1 3046 3047 3052 AND
2 1 3051 3052 5501 AND
2 1 3048 5501 5502 AND
2 1 5504 5502 5509 XOR
2 1 5508 5509 5510 AND
2 1 5508 5509 5511 AND
2 1 5510 5511 5512 AND
2 1 3056 3057 3060 AND
2 1 3055 3056 3058 AND
2 1 3054 3058 3059 AND
2 1 3034 3059 5499 AND
2 1 3060 5499 5500 AND
2 1 5512 5500 5513 XOR
2 1 5543 5513 5544 XOR
2 1 3031 3062 5495 AND
2 1 3031 3062 5496 AND
2 1 3063 5496 5497 AND
2 1 5495 5497 5498 AND
2 1 5544 5498 5545 XOR
2 1 3226 3250 5596 AND
2 1 3254 5596 5597 AND
2 1 3216 3220 5601 AND
2 1 3223 3227 5602 AND
2 1 5601 5602 5603 AND
2 1 3232 3236 5598 AND
2 1 3239 3240 5599 AND
2 1 5598 5599 5600 AND
2 1 5603 5600 5604 XOR
2 1 5597 5604 5605 AND
2 1 3254 5604 5606 AND
2 1 5596 5606 5607 AND
2 1 5605 5607 5608 AND
2 1 3179 3205 5583 AND
2 1 3209 5583 5584 AND
2 1 3169 3173 5588 AND
2 1 3176 3180 5589 AND
2 1 5588 5589 5590 AND
2 1 3185 3189 5585 AND
2 1 3192 3193 5586 AND
2 1 5585 5586 5587 AND
2 1 5590 5587 5591 XOR
2 1 5584 5591 5592 AND
2 1 3209 5591 5593 AND
2 1 5583 5593 5594 AND
2 1 5592 5594 5595 AND
2 1 5608 5595 5609 XOR
2 1 3226 3255 3256 AND
2 1 3226 3257 3258 AND
2 1 3256 3258 3264 AND
2 1 3261 3264 3265 AND
2 1 3258 3261 3262 AND
2 1 3256 3262 3263 AND
2 1 3212 3263 5581 AND
2 1 3265 5581 5582 AND
2 1 5609 5582 5610 XOR
2 1 3079 3103 5566 AND
2 1 3107 5566 5567 AND
2 1 3069 3073 5571 AND
2 1 3076 3080 5572 AND
2 1 5571 5572 5573 AND
2 1 3085 3089 5568 AND
2 1 3092 3093 5569 AND
2 1 5568 5569 5570 AND
2 1 5573 5570 5574 XOR
2 1 5567 5574 5575 AND
2 1 3107 5574 5576 AND
2 1 5566 5576 5577 AND
2 1 5575 5577 5578 AND
2 1 3144 3152 5554 AND
2 1 3158 5554 5555 AND
2 1 3134 3137 5558 AND
2 1 3138 3139 5559 AND
2 1 5558 5559 5560 AND
2 1 3124 3125 5556 AND
2 1 3154 5556 5557 AND
2 1 5560 5557 5561 XOR
2 1 5555 5561 5562 AND
2 1 3158 5561 5563 AND
2 1 5554 5563 5564 AND
2 1 5562 5564 5565 AND
2 1 5578 5565 5579 XOR
2 1 3142 3162 5550 AND
2 1 3142 3162 5551 AND
2 1 3163 5551 5552 AND
2 1 5550 5552 5553 AND
2 1 5579 5553 5580 XOR
2 1 5610 5580 5611 XOR
2 1 3165 3274 5546 AND
2 1 3165 3274 5547 AND
2 1 3275 5547 5548 AND
2 1 5546 5548 5549 AND
2 1 5611 5549 5612 XOR
2 1 5545 5612 7461 AND
2 1 5494 7461 7462 AND
2 1 5545 5612 7463 AND
2 1 7462 7463 7464 AND
2 1 3158 5557 7501 AND
2 1 5554 7501 7502 AND
2 1 5560 7502 7503 AND
2 1 5555 5557 7504 AND
2 1 7503 7504 7505 AND
2 1 3107 5570 7496 AND
2 1 5566 7496 7497 AND
2 1 5573 7497 7498 AND
2 1 5567 5570 7499 AND
2 1 7498 7499 7500 AND
2 1 7505 7500 7506 XOR
2 1 5565 5578 7490 AND
2 1 5553 7490 7491 AND
2 1 5564 5577 7492 AND
2 1 5575 7492 7493 AND
2 1 5562 7493 7494 AND
2 1 7491 7494 7495 AND
2 1 7506 7495 7510 XOR
2 1 3209 5587 7480 AND
2 1 5583 7480 7481 AND
2 1 5590 7481 7482 AND
2 1 5584 5587 7483 AND
2 1 7482 7483 7484 AND
2 1 3254 5600 7475 AND
2 1 5596 7475 7476 AND
2 1 5603 7476 7477 AND
2 1 5597 5600 7478 AND
2 1 7477 7478 7479 AND
2 1 7484 7479 7485 XOR
2 1 5595 5608 7469 AND
2 1 5582 7469 7470 AND
2 1 5594 5607 7471 AND
2 1 5605 7471 7472 AND
2 1 5592 7472 7473 AND
2 1 7470 7473 7474 AND
2 1 7485 7474 7489 XOR
2 1 7510 7489 7511 XOR
2 1 5580 5610 7465 AND
2 1 5549 7465 7466 AND
2 1 5580 5610 7467 AND
2 1 7466 7467 7468 AND
2 1 7511 7468 7512 XOR
2 1 2939 5520 7536 AND
2 1 5516 7536 7537 AND
2 1 5523 7537 7538 AND
2 1 5517 5520 7539 AND
2 1 7538 7539 7540 AND
2 1 2984 5533 7531 AND
2 1 5529 7531 7532 AND
2 1 5536 7532 7533 AND
2 1 5530 5533 7534 AND
2 1 7533 7534 7535 AND
2 1 7540 7535 7541 XOR
2 1 5528 5541 7525 AND
2 1 5515 7525 7526 AND
2 1 5527 5540 7527 AND
2 1 5538 7527 7528 AND
2 1 5525 7528 7529 AND
2 1 7526 7529 7530 AND
2 1 7541 7530 7542 XOR
2 1 5502 5504 7522 AND
2 1 3060 5509 7517 AND
2 1 5499 7517 7518 AND
2 1 5508 7518 7519 AND
2 1 5500 5509 7520 AND
2 1 7519 7520 7521 AND
2 1 7522 7521 7524 XOR
2 1 7542 7524 7545 XOR
2 1 5513 5543 7513 AND
2 1 5498 7513 7514 AND
2 1 5513 5543 7515 AND
2 1 7514 7515 7516 AND
2 1 7545 7516 7546 XOR
2 1 7512 7546 8149 AND
2 1 7464 8149 8150 AND
2 1 7512 7546 8151 AND
2 1 8150 8151 8152 AND
2 1 7524 7542 7544 AND
2 1 7524 7542 7543 AND
2 1 7516 7543 8153 AND
2 1 7544 8153 8154 AND
2 1 7535 7540 8155 AND
2 1 7530 8155 8156 AND
2 1 7535 7540 8157 AND
2 1 8156 8157 8160 AND
2 1 7521 7522 7523 AND
2 1 8160 7523 8162 XOR
2 1 8154 8162 8163 AND
2 1 7544 8162 8164 AND
2 1 8153 8164 8165 AND
2 1 8163 8165 8166 AND
2 1 7489 7510 8167 AND
2 1 7468 8167 8168 AND
2 1 7474 7485 7486 AND
2 1 7495 7506 7507 AND
2 1 7473 7485 7487 AND
2 1 7470 7487 7488 AND
2 1 7494 7506 7508 AND
2 1 7491 7508 7509 AND
2 1 7488 7509 8169 AND
2 1 7507 8169 8170 AND
2 1 7486 8170 8171 AND
2 1 8168 8171 8172 AND
2 1 7500 7505 8177 AND
2 1 7495 8177 8178 AND
2 1 7500 7505 8179 AND
2 1 8178 8179 8180 AND
2 1 7479 7484 8173 AND
2 1 7474 8173 8174 AND
2 1 7479 7484 8175 AND
2 1 8174 8175 8176 AND
2 1 8180 8176 8181 XOR
2 1 8172 8181 8182 AND
2 1 8171 8181 8183 AND
2 1 8168 8183 8184 AND
2 1 8182 8184 8185 AND
2 1 8166 8185 8770 AND
2 1 8152 8770 8771 AND
2 1 8165 8184 8772 AND
2 1 8163 8182 8773 AND
2 1 8772 8773 8774 AND
2 1 8771 8774 8775 AND
2 1 8175 8179 8776 AND
2 1 8178 8776 8777 AND
2 1 8174 8777 8778 AND
2 1 8172 8778 8779 AND
2 1 7523 8157 8158 AND
2 1 8156 8158 8159 AND
2 1 8154 8159 8782 AND
2 1 7523 8160 8161 AND
2 1 8176 8180 8780 AND
2 1 8161 8780 8961 AND
2 1 8782 8961 8962 AND
2 1 8779 8962 8963 AND
2 1 8775 8963 8964 AND
2 1 8779 8780 8781 AND
2 1 8161 8782 8783 AND
2 1 8781 8783 8965 AND
2 1 8964 8965 8966 AND
2 1 943 944 2847 AND
2 1 944 943 2839 XOR
2 1 945 2839 2848 AND
2 1 2847 2848 2849 AND
2 1 946 947 2844 AND
2 1 947 946 2841 XOR
2 1 948 2841 2845 AND
2 1 2844 2845 2846 AND
2 1 2849 2846 2873 XOR
2 1 2839 945 2840 XOR
2 1 2841 948 2842 XOR
2 1 2840 2842 2850 AND
2 1 2873 2850 2874 XOR
2 1 949 950 2831 AND
2 1 950 949 2823 XOR
2 1 951 2823 2832 AND
2 1 2831 2832 2833 AND
2 1 952 953 2828 AND
2 1 953 952 2825 XOR
2 1 954 2825 2829 AND
2 1 2828 2829 2830 AND
2 1 2833 2830 2836 XOR
2 1 2823 951 2824 XOR
2 1 2825 954 2826 XOR
2 1 2824 2826 2834 AND
2 1 2836 2834 2837 XOR
2 1 2826 2824 2827 XOR
2 1 2830 2833 2835 AND
2 1 2827 2835 2878 AND
2 1 2837 2878 2879 AND
2 1 2846 2849 2851 AND
2 1 2850 2851 2852 AND
2 1 2834 2835 2838 AND
2 1 2842 2840 2843 XOR
2 1 2827 2843 2875 AND
2 1 2838 2875 2876 AND
2 1 2852 2876 2877 AND
2 1 2879 2877 2880 XOR
2 1 2874 2880 2881 AND
2 1 2877 2879 2882 AND
2 1 2837 2875 2883 AND
2 1 2838 2883 2884 AND
2 1 2852 2878 2885 AND
2 1 2884 2885 2886 AND
2 1 2882 2886 2887 AND
2 1 2874 2887 2888 AND
2 1 2881 2888 2889 AND
2 1 959 958 2810 XOR
2 1 2810 960 2811 XOR
2 1 956 955 2808 XOR
2 1 2808 957 2809 XOR
2 1 2811 2809 2812 XOR
2 1 965 964 2794 XOR
2 1 2794 966 2795 XOR
2 1 962 961 2792 XOR
2 1 2792 963 2793 XOR
2 1 2795 2793 2796 XOR
2 1 2812 2796 2822 XOR
2 1 2843 2827 2853 XOR
2 1 2822 2853 2872 AND
2 1 2889 2872 2891 XOR
2 1 955 956 2816 AND
2 1 957 2808 2817 AND
2 1 2816 2817 2818 AND
2 1 958 959 2813 AND
2 1 960 2810 2814 AND
2 1 2813 2814 2815 AND
2 1 2818 2815 2856 XOR
2 1 2809 2811 2819 AND
2 1 2856 2819 2857 XOR
2 1 2815 2818 2820 AND
2 1 2819 2820 2821 AND
2 1 2793 2795 2803 AND
2 1 964 965 2797 AND
2 1 966 2794 2798 AND
2 1 2797 2798 2799 AND
2 1 961 962 2800 AND
2 1 963 2792 2801 AND
2 1 2800 2801 2802 AND
2 1 2799 2802 2804 AND
2 1 2803 2804 2807 AND
2 1 2796 2812 2858 AND
2 1 2807 2858 2859 AND
2 1 2821 2859 2860 AND
2 1 2802 2799 2805 XOR
2 1 2805 2803 2806 XOR
2 1 2796 2804 2861 AND
2 1 2806 2861 2862 AND
2 1 2860 2862 2863 AND
2 1 2806 2858 2864 AND
2 1 2807 2864 2865 AND
2 1 2821 2861 2866 AND
2 1 2865 2866 2867 AND
2 1 2863 2867 2868 AND
2 1 2857 2868 2869 AND
2 1 2862 2860 2870 XOR
2 1 2857 2870 2871 AND
2 1 2869 2871 2890 AND
2 1 2891 2890 2892 XOR
2 1 977 976 2708 XOR
2 1 2708 978 2716 XOR
2 1 974 973 2712 XOR
2 1 2712 975 2715 XOR
2 1 2716 2715 2722 XOR
2 1 971 970 2692 XOR
2 1 2692 972 2700 XOR
2 1 968 967 2696 XOR
2 1 2696 969 2699 XOR
2 1 2700 2699 2702 XOR
2 1 2722 2702 2785 XOR
2 1 989 988 2755 XOR
2 1 2755 990 2763 XOR
2 1 986 985 2759 XOR
2 1 2759 987 2762 XOR
2 1 2763 2762 2769 XOR
2 1 983 982 2739 XOR
2 1 2739 984 2747 XOR
2 1 980 979 2743 XOR
2 1 2743 981 2746 XOR
2 1 2747 2746 2749 XOR
2 1 2769 2749 2784 XOR
2 1 2785 2784 2791 XOR
2 1 2853 2822 2854 XOR
2 1 2791 2854 2855 AND
2 1 2892 2855 2894 XOR
2 1 967 968 2695 AND
2 1 969 2696 2697 AND
2 1 2695 2697 2698 AND
2 1 970 971 2691 AND
2 1 972 2692 2693 AND
2 1 2691 2693 2694 AND
2 1 2698 2694 2703 XOR
2 1 2699 2700 2701 AND
2 1 2703 2701 2704 XOR
2 1 973 974 2711 AND
2 1 975 2712 2713 AND
2 1 2711 2713 2714 AND
2 1 976 977 2707 AND
2 1 978 2708 2709 AND
2 1 2707 2709 2710 AND
2 1 2714 2710 2719 XOR
2 1 2715 2716 2717 AND
2 1 2719 2717 2720 XOR
2 1 2710 2714 2718 AND
2 1 2718 2722 2726 AND
2 1 2720 2726 2727 AND
2 1 2694 2698 2705 AND
2 1 2701 2705 2706 AND
2 1 2717 2718 2721 AND
2 1 2702 2722 2723 AND
2 1 2721 2723 2724 AND
2 1 2706 2724 2725 AND
2 1 2727 2725 2728 XOR
2 1 2704 2728 2729 AND
2 1 2725 2727 2730 AND
2 1 2720 2723 2731 AND
2 1 2721 2731 2732 AND
2 1 2706 2726 2733 AND
2 1 2732 2733 2734 AND
2 1 2730 2734 2735 AND
2 1 2704 2735 2736 AND
2 1 2729 2736 2737 AND
2 1 979 980 2742 AND
2 1 981 2743 2744 AND
2 1 2742 2744 2745 AND
2 1 982 983 2738 AND
2 1 984 2739 2740 AND
2 1 2738 2740 2741 AND
2 1 2745 2741 2750 XOR
2 1 2746 2747 2748 AND
2 1 2750 2748 2751 XOR
2 1 2741 2745 2752 AND
2 1 2748 2752 2753 AND
2 1 2762 2763 2764 AND
2 1 988 989 2754 AND
2 1 990 2755 2756 AND
2 1 2754 2756 2757 AND
2 1 985 986 2758 AND
2 1 987 2759 2760 AND
2 1 2758 2760 2761 AND
2 1 2757 2761 2765 AND
2 1 2764 2765 2768 AND
2 1 2749 2769 2770 AND
2 1 2768 2770 2771 AND
2 1 2753 2771 2772 AND
2 1 2761 2757 2766 XOR
2 1 2766 2764 2767 XOR
2 1 2765 2769 2773 AND
2 1 2767 2773 2774 AND
2 1 2772 2774 2775 AND
2 1 2767 2770 2776 AND
2 1 2768 2776 2777 AND
2 1 2753 2773 2778 AND
2 1 2777 2778 2779 AND
2 1 2775 2779 2780 AND
2 1 2751 2780 2781 AND
2 1 2774 2772 2782 XOR
2 1 2751 2782 2783 AND
2 1 2781 2783 2787 AND
2 1 2784 2785 2786 AND
2 1 2787 2786 2788 XOR
2 1 2737 2788 2789 AND
2 1 2737 2788 2790 AND
2 1 2789 2790 2893 AND
2 1 2894 2893 2895 XOR
2 1 3280 3279 3286 XOR
2 1 2854 2791 3287 XOR
2 1 3286 3287 3288 AND
2 1 2895 3288 5487 AND
2 1 3282 3281 3283 XOR
2 1 3065 3283 3284 AND
2 1 3065 3283 3285 AND
2 1 3284 3285 3289 AND
2 1 2895 3288 5488 AND
2 1 3289 5488 5489 AND
2 1 5487 5489 5490 AND
2 1 2751 2775 5667 AND
2 1 2779 5667 5668 AND
2 1 2741 2745 5672 AND
2 1 2748 2752 5673 AND
2 1 5672 5673 5674 AND
2 1 2757 2761 5669 AND
2 1 2764 2765 5670 AND
2 1 5669 5670 5671 AND
2 1 5674 5671 5675 XOR
2 1 5668 5675 5676 AND
2 1 2779 5675 5677 AND
2 1 5667 5677 5678 AND
2 1 5676 5678 5679 AND
2 1 2704 2730 5654 AND
2 1 2734 5654 5655 AND
2 1 2694 2698 5659 AND
2 1 2701 2705 5660 AND
2 1 5659 5660 5661 AND
2 1 2710 2714 5656 AND
2 1 2717 2718 5657 AND
2 1 5656 5657 5658 AND
2 1 5661 5658 5662 XOR
2 1 5655 5662 5663 AND
2 1 2734 5662 5664 AND
2 1 5654 5664 5665 AND
2 1 5663 5665 5666 AND
2 1 5679 5666 5680 XOR
2 1 2737 2786 5650 AND
2 1 2737 2786 5651 AND
2 1 2787 5651 5652 AND
2 1 5650 5652 5653 AND
2 1 5680 5653 5681 XOR
2 1 2857 2863 5635 AND
2 1 2867 5635 5636 AND
2 1 2815 2818 5640 AND
2 1 2819 2820 5641 AND
2 1 5640 5641 5642 AND
2 1 2799 2802 5637 AND
2 1 2803 2804 5638 AND
2 1 5637 5638 5639 AND
2 1 5642 5639 5643 XOR
2 1 5636 5643 5644 AND
2 1 2867 5643 5645 AND
2 1 5635 5645 5646 AND
2 1 5644 5646 5647 AND
2 1 2874 2882 5622 AND
2 1 2886 5622 5623 AND
2 1 2846 2849 5627 AND
2 1 2850 2851 5628 AND
2 1 5627 5628 5629 AND
2 1 2830 2833 5624 AND
2 1 2834 2835 5625 AND
2 1 5624 5625 5626 AND
2 1 5629 5626 5630 XOR
2 1 5623 5630 5631 AND
2 1 2886 5630 5632 AND
2 1 5622 5632 5633 AND
2 1 5631 5633 5634 AND
2 1 5647 5634 5648 XOR
2 1 2872 2889 5618 AND
2 1 2872 2889 5619 AND
2 1 2890 5619 5620 AND
2 1 5618 5620 5621 AND
2 1 5648 5621 5649 XOR
2 1 5681 5649 5682 XOR
2 1 2855 2892 5614 AND
2 1 2855 2892 5615 AND
2 1 2893 5615 5616 AND
2 1 5614 5616 5617 AND
2 1 5682 5617 5683 XOR
2 1 5612 5545 5613 XOR
2 1 5613 5494 5684 XOR
2 1 5683 5684 7457 AND
2 1 5490 7457 7458 AND
2 1 5683 5684 7459 AND
2 1 7458 7459 7460 AND
2 1 7546 7512 7547 XOR
2 1 7547 7464 7548 XOR
2 1 5634 5647 7574 AND
2 1 5621 7574 7575 AND
2 1 5633 5646 7576 AND
2 1 5644 7576 7577 AND
2 1 5631 7577 7578 AND
2 1 7575 7578 7579 AND
2 1 2886 5626 7585 AND
2 1 5622 7585 7586 AND
2 1 5629 7586 7587 AND
2 1 5623 5626 7588 AND
2 1 7587 7588 7589 AND
2 1 2867 5639 7580 AND
2 1 5635 7580 7581 AND
2 1 5642 7581 7582 AND
2 1 5636 5639 7583 AND
2 1 7582 7583 7584 AND
2 1 7589 7584 7590 XOR
2 1 7579 7590 7591 AND
2 1 7578 7590 7592 AND
2 1 7575 7592 7593 AND
2 1 7591 7593 7594 AND
2 1 5666 5679 7553 AND
2 1 5653 7553 7554 AND
2 1 5665 5678 7555 AND
2 1 5676 7555 7556 AND
2 1 5663 7556 7557 AND
2 1 7554 7557 7558 AND
2 1 2734 5658 7564 AND
2 1 5654 7564 7565 AND
2 1 5661 7565 7566 AND
2 1 5655 5658 7567 AND
2 1 7566 7567 7568 AND
2 1 2779 5671 7559 AND
2 1 5667 7559 7560 AND
2 1 5674 7560 7561 AND
2 1 5668 5671 7562 AND
2 1 7561 7562 7563 AND
2 1 7568 7563 7569 XOR
2 1 7558 7569 7570 AND
2 1 7557 7569 7571 AND
2 1 7554 7571 7572 AND
2 1 7570 7572 7573 AND
2 1 7594 7573 7595 XOR
2 1 5649 5681 7549 AND
2 1 5617 7549 7550 AND
2 1 5649 5681 7551 AND
2 1 7550 7551 7552 AND
2 1 7595 7552 7596 XOR
2 1 7548 7596 8145 AND
2 1 7460 8145 8146 AND
2 1 7548 7596 8147 AND
2 1 8146 8147 8148 AND
2 1 7584 7589 8197 AND
2 1 7579 8197 8198 AND
2 1 7584 7589 8199 AND
2 1 8198 8199 8200 AND
2 1 7563 7568 8193 AND
2 1 7558 8193 8194 AND
2 1 7563 7568 8195 AND
2 1 8194 8195 8196 AND
2 1 8200 8196 8201 XOR
2 1 7573 7594 8187 AND
2 1 7552 8187 8188 AND
2 1 7572 7593 8189 AND
2 1 7591 8189 8190 AND
2 1 7570 8190 8191 AND
2 1 8188 8191 8192 AND
2 1 8201 8192 8202 XOR
2 1 8185 8166 8186 XOR
2 1 8186 8152 8203 XOR
2 1 8202 8203 8766 AND
2 1 8148 8766 8767 AND
2 1 8202 8203 8768 AND
2 1 8767 8768 8769 AND
2 1 8195 8199 8788 AND
2 1 8198 8788 8789 AND
2 1 8194 8789 8790 AND
2 1 8192 8790 8791 AND
2 1 8196 8200 8792 AND
2 1 8791 8792 8793 AND
2 1 8783 8781 8784 XOR
2 1 8784 8775 8796 XOR
2 1 8793 8796 8956 AND
2 1 8769 8956 8957 AND
2 1 8775 8784 8785 AND
2 1 8774 8784 8786 AND
2 1 8771 8786 8787 AND
2 1 8787 8793 8958 AND
2 1 8785 8958 8959 AND
2 1 8957 8959 8960 AND
2 1 8966 8960 8967 XOR
2 1 8955 8967 8968 AND
2 1 8820 8814 8821 XOR
2 1 8821 8808 8822 XOR
2 1 8787 8793 8794 AND
2 1 8785 8794 8795 AND
2 1 8793 8796 8797 AND
2 1 8795 8797 8798 AND
2 1 8769 8798 8799 AND
2 1 8768 8795 8800 AND
2 1 8767 8797 8801 AND
2 1 8800 8801 8802 AND
2 1 8799 8802 8823 AND
2 1 8822 8823 8946 AND
2 1 3287 3279 3293 XOR
2 1 3293 3280 3294 XOR
2 1 3548 3421 3549 XOR
2 1 3294 3549 3550 AND
2 1 3710 3631 3712 XOR
2 1 3712 3711 3713 XOR
2 1 3550 3713 5483 AND
2 1 3289 3288 3290 XOR
2 1 2895 3290 3291 AND
2 1 2895 3290 3292 AND
2 1 3291 3292 3714 AND
2 1 3550 3713 5484 AND
2 1 3714 5484 5485 AND
2 1 5483 5485 5486 AND
2 1 5830 5760 5831 XOR
2 1 5831 5690 5832 XOR
2 1 5683 5613 5685 XOR
2 1 5685 5494 5686 XOR
2 1 5686 5490 5833 XOR
2 1 5832 5833 7453 AND
2 1 5486 7453 7454 AND
2 1 5832 5833 7455 AND
2 1 7454 7455 7456 AND
2 1 7596 7547 7597 XOR
2 1 7597 7464 7598 XOR
2 1 7598 7460 7599 XOR
2 1 7699 7651 7700 XOR
2 1 7700 7603 7701 XOR
2 1 7599 7701 8141 AND
2 1 7456 8141 8142 AND
2 1 7599 7701 8143 AND
2 1 8142 8143 8144 AND
2 1 8247 8228 8248 XOR
2 1 8248 8209 8249 XOR
2 1 8202 8186 8204 XOR
2 1 8204 8152 8205 XOR
2 1 8205 8148 8250 XOR
2 1 8249 8250 8762 AND
2 1 8144 8762 8763 AND
2 1 8249 8250 8764 AND
2 1 8763 8764 8765 AND
2 1 8822 8823 8947 AND
2 1 8765 8947 8948 AND
2 1 8946 8948 8949 AND
2 1 8955 8967 8969 AND
2 1 8949 8969 9088 AND
2 1 8968 9088 9089 AND
2 1 8960 8966 9090 AND
2 1 9089 9090 9091 AND
2 1 8968 9090 9092 AND
2 1 9088 9092 9093 AND
2 1 9091 9093 9094 AND
2 1 79 80 4391 AND
2 1 80 79 4383 XOR
2 1 81 4383 4392 AND
2 1 4391 4392 4393 AND
2 1 82 83 4388 AND
2 1 83 82 4385 XOR
2 1 84 4385 4389 AND
2 1 4388 4389 4390 AND
2 1 4393 4390 4554 XOR
2 1 4383 81 4384 XOR
2 1 4385 84 4386 XOR
2 1 4384 4386 4394 AND
2 1 4554 4394 4555 XOR
2 1 85 86 4377 AND
2 1 86 85 4369 XOR
2 1 87 4369 4378 AND
2 1 4377 4378 4379 AND
2 1 88 89 4374 AND
2 1 89 88 4371 XOR
2 1 90 4371 4375 AND
2 1 4374 4375 4376 AND
2 1 4379 4376 4560 XOR
2 1 4369 87 4370 XOR
2 1 4371 90 4372 XOR
2 1 4370 4372 4380 AND
2 1 4560 4380 4561 XOR
2 1 4390 4393 4395 AND
2 1 4394 4395 4396 AND
2 1 4376 4379 4381 AND
2 1 4380 4381 4382 AND
2 1 4372 4370 4373 XOR
2 1 4386 4384 4387 XOR
2 1 4373 4387 4556 AND
2 1 4382 4556 4557 AND
2 1 4396 4557 4558 AND
2 1 4561 4558 4562 XOR
2 1 4555 4562 4570 AND
2 1 4558 4561 4563 AND
2 1 4381 4556 4564 AND
2 1 4376 4379 4565 AND
2 1 4565 4380 4566 XOR
2 1 4564 4566 4567 AND
2 1 4373 4381 4559 AND
2 1 4396 4559 4568 AND
2 1 4567 4568 4569 AND
2 1 4555 4569 4571 AND
2 1 4563 4571 4572 AND
2 1 4570 4572 4573 AND
2 1 95 94 4356 XOR
2 1 4356 96 4357 XOR
2 1 92 91 4354 XOR
2 1 4354 93 4355 XOR
2 1 4357 4355 4358 XOR
2 1 101 100 4340 XOR
2 1 4340 102 4341 XOR
2 1 98 97 4338 XOR
2 1 4338 99 4339 XOR
2 1 4341 4339 4342 XOR
2 1 4358 4342 4368 XOR
2 1 4387 4373 4397 XOR
2 1 4368 4397 4553 AND
2 1 4573 4553 4575 XOR
2 1 91 92 4362 AND
2 1 93 4354 4363 AND
2 1 4362 4363 4364 AND
2 1 94 95 4359 AND
2 1 96 4356 4360 AND
2 1 4359 4360 4361 AND
2 1 4364 4361 4537 XOR
2 1 4355 4357 4365 AND
2 1 4537 4365 4538 XOR
2 1 4361 4364 4366 AND
2 1 4365 4366 4367 AND
2 1 4339 4341 4349 AND
2 1 100 101 4343 AND
2 1 102 4340 4344 AND
2 1 4343 4344 4345 AND
2 1 97 98 4346 AND
2 1 99 4338 4347 AND
2 1 4346 4347 4348 AND
2 1 4345 4348 4350 AND
2 1 4349 4350 4353 AND
2 1 4342 4358 4539 AND
2 1 4353 4539 4540 AND
2 1 4367 4540 4541 AND
2 1 4348 4345 4351 XOR
2 1 4351 4349 4352 XOR
2 1 4342 4350 4542 AND
2 1 4352 4542 4543 AND
2 1 4541 4543 4544 AND
2 1 4352 4539 4545 AND
2 1 4353 4545 4546 AND
2 1 4367 4542 4547 AND
2 1 4546 4547 4548 AND
2 1 4544 4548 4549 AND
2 1 4538 4549 4550 AND
2 1 4543 4541 4551 XOR
2 1 4538 4551 4552 AND
2 1 4550 4552 4574 AND
2 1 4575 4574 4576 XOR
2 1 107 106 4324 XOR
2 1 4324 108 4325 XOR
2 1 104 103 4322 XOR
2 1 4322 105 4323 XOR
2 1 4325 4323 4326 XOR
2 1 113 112 4308 XOR
2 1 4308 114 4309 XOR
2 1 110 109 4306 XOR
2 1 4306 111 4307 XOR
2 1 4309 4307 4310 XOR
2 1 4326 4310 4336 XOR
2 1 119 118 4293 XOR
2 1 4293 120 4294 XOR
2 1 116 115 4291 XOR
2 1 4291 117 4292 XOR
2 1 4294 4292 4295 XOR
2 1 125 124 4277 XOR
2 1 4277 126 4278 XOR
2 1 122 121 4275 XOR
2 1 4275 123 4276 XOR
2 1 4278 4276 4279 XOR
2 1 4295 4279 4305 XOR
2 1 4336 4305 4337 XOR
2 1 4397 4368 4398 XOR
2 1 4337 4398 4536 AND
2 1 4576 4536 4578 XOR
2 1 103 104 4330 AND
2 1 105 4322 4331 AND
2 1 4330 4331 4332 AND
2 1 106 107 4327 AND
2 1 108 4324 4328 AND
2 1 4327 4328 4329 AND
2 1 4332 4329 4492 XOR
2 1 4323 4325 4333 AND
2 1 4492 4333 4493 XOR
2 1 109 110 4314 AND
2 1 111 4306 4315 AND
2 1 4314 4315 4316 AND
2 1 112 113 4311 AND
2 1 114 4308 4312 AND
2 1 4311 4312 4313 AND
2 1 4316 4313 4319 XOR
2 1 4307 4309 4317 AND
2 1 4319 4317 4320 XOR
2 1 4313 4316 4318 AND
2 1 4310 4318 4497 AND
2 1 4320 4497 4498 AND
2 1 4329 4332 4334 AND
2 1 4333 4334 4335 AND
2 1 4317 4318 4321 AND
2 1 4310 4326 4494 AND
2 1 4321 4494 4495 AND
2 1 4335 4495 4496 AND
2 1 4498 4496 4499 XOR
2 1 4493 4499 4500 AND
2 1 4496 4498 4501 AND
2 1 4320 4494 4502 AND
2 1 4321 4502 4503 AND
2 1 4335 4497 4504 AND
2 1 4503 4504 4505 AND
2 1 4501 4505 4506 AND
2 1 4493 4506 4507 AND
2 1 4500 4507 4508 AND
2 1 115 116 4299 AND
2 1 117 4291 4300 AND
2 1 4299 4300 4301 AND
2 1 118 119 4296 AND
2 1 120 4293 4297 AND
2 1 4296 4297 4298 AND
2 1 4301 4298 4509 XOR
2 1 4292 4294 4302 AND
2 1 4509 4302 4510 XOR
2 1 4298 4301 4303 AND
2 1 4302 4303 4304 AND
2 1 4276 4278 4286 AND
2 1 124 125 4280 AND
2 1 126 4277 4281 AND
2 1 4280 4281 4282 AND
2 1 121 122 4283 AND
2 1 123 4275 4284 AND
2 1 4283 4284 4285 AND
2 1 4282 4285 4287 AND
2 1 4286 4287 4290 AND
2 1 4279 4295 4511 AND
2 1 4290 4511 4512 AND
2 1 4304 4512 4513 AND
2 1 4285 4282 4288 XOR
2 1 4288 4286 4289 XOR
2 1 4279 4287 4514 AND
2 1 4289 4514 4515 AND
2 1 4513 4515 4516 AND
2 1 4289 4511 4517 AND
2 1 4290 4517 4518 AND
2 1 4304 4514 4519 AND
2 1 4518 4519 4520 AND
2 1 4516 4520 4521 AND
2 1 4510 4521 4532 AND
2 1 4515 4513 4523 XOR
2 1 4510 4523 4530 AND
2 1 4305 4336 4525 AND
2 1 4530 4525 4531 XOR
2 1 4532 4531 4533 XOR
2 1 4508 4533 4534 AND
2 1 4508 4533 4535 AND
2 1 4534 4535 4577 AND
2 1 4578 4577 4579 XOR
2 1 131 130 4260 XOR
2 1 4260 132 4261 XOR
2 1 128 127 4258 XOR
2 1 4258 129 4259 XOR
2 1 4261 4259 4262 XOR
2 1 137 136 4246 XOR
2 1 4246 138 4247 XOR
2 1 134 133 4244 XOR
2 1 4244 135 4245 XOR
2 1 4247 4245 4248 XOR
2 1 4262 4248 4272 XOR
2 1 143 142 4231 XOR
2 1 4231 144 4232 XOR
2 1 140 139 4229 XOR
2 1 4229 141 4230 XOR
2 1 4232 4230 4233 XOR
2 1 149 148 4215 XOR
2 1 4215 150 4216 XOR
2 1 146 145 4213 XOR
2 1 4213 147 4214 XOR
2 1 4216 4214 4217 XOR
2 1 4233 4217 4243 XOR
2 1 4272 4243 4273 XOR
2 1 155 154 4199 XOR
2 1 4199 156 4200 XOR
2 1 152 151 4197 XOR
2 1 4197 153 4198 XOR
2 1 4200 4198 4201 XOR
2 1 161 160 4183 XOR
2 1 4183 162 4184 XOR
2 1 158 157 4181 XOR
2 1 4181 159 4182 XOR
2 1 4184 4182 4185 XOR
2 1 4201 4185 4211 XOR
2 1 167 166 4168 XOR
2 1 4168 168 4169 XOR
2 1 164 163 4166 XOR
2 1 4166 165 4167 XOR
2 1 4169 4167 4170 XOR
2 1 173 172 4152 XOR
2 1 4152 174 4153 XOR
2 1 170 169 4150 XOR
2 1 4150 171 4151 XOR
2 1 4153 4151 4154 XOR
2 1 4170 4154 4180 XOR
2 1 4211 4180 4212 XOR
2 1 4273 4212 4274 XOR
2 1 4398 4337 4399 XOR
2 1 4274 4399 4491 AND
2 1 4579 4491 4581 XOR
2 1 127 128 4266 AND
2 1 129 4258 4267 AND
2 1 4266 4267 4268 AND
2 1 130 131 4263 AND
2 1 132 4260 4264 AND
2 1 4263 4264 4265 AND
2 1 4268 4265 4419 XOR
2 1 4259 4261 4269 AND
2 1 4419 4269 4420 XOR
2 1 133 134 4252 AND
2 1 135 4244 4253 AND
2 1 4252 4253 4254 AND
2 1 136 137 4249 AND
2 1 138 4246 4250 AND
2 1 4249 4250 4251 AND
2 1 4254 4251 4425 XOR
2 1 4245 4247 4255 AND
2 1 4425 4255 4426 XOR
2 1 4265 4268 4270 AND
2 1 4269 4270 4271 AND
2 1 4251 4254 4256 AND
2 1 4255 4256 4257 AND
2 1 4248 4262 4421 AND
2 1 4257 4421 4422 AND
2 1 4271 4422 4423 AND
2 1 4426 4423 4427 XOR
2 1 4420 4427 4435 AND
2 1 4423 4426 4428 AND
2 1 4256 4421 4429 AND
2 1 4251 4254 4430 AND
2 1 4430 4255 4431 XOR
2 1 4429 4431 4432 AND
2 1 4248 4256 4424 AND
2 1 4271 4424 4433 AND
2 1 4432 4433 4434 AND
2 1 4420 4434 4436 AND
2 1 4428 4436 4437 AND
2 1 4435 4437 4438 AND
2 1 4243 4272 4418 AND
2 1 4438 4418 4440 XOR
2 1 139 140 4237 AND
2 1 141 4229 4238 AND
2 1 4237 4238 4239 AND
2 1 142 143 4234 AND
2 1 144 4231 4235 AND
2 1 4234 4235 4236 AND
2 1 4239 4236 4402 XOR
2 1 4230 4232 4240 AND
2 1 4402 4240 4403 XOR
2 1 4236 4239 4241 AND
2 1 4240 4241 4242 AND
2 1 4214 4216 4224 AND
2 1 148 149 4218 AND
2 1 150 4215 4219 AND
2 1 4218 4219 4220 AND
2 1 145 146 4221 AND
2 1 147 4213 4222 AND
2 1 4221 4222 4223 AND
2 1 4220 4223 4225 AND
2 1 4224 4225 4228 AND
2 1 4217 4233 4404 AND
2 1 4228 4404 4405 AND
2 1 4242 4405 4406 AND
2 1 4223 4220 4226 XOR
2 1 4226 4224 4227 XOR
2 1 4217 4225 4407 AND
2 1 4227 4407 4408 AND
2 1 4406 4408 4409 AND
2 1 4227 4404 4410 AND
2 1 4228 4410 4411 AND
2 1 4242 4407 4412 AND
2 1 4411 4412 4413 AND
2 1 4409 4413 4414 AND
2 1 4403 4414 4415 AND
2 1 4408 4406 4416 XOR
2 1 4403 4416 4417 AND
2 1 4415 4417 4439 AND
2 1 4440 4439 4441 XOR
2 1 151 152 4205 AND
2 1 153 4197 4206 AND
2 1 4205 4206 4207 AND
2 1 154 155 4202 AND
2 1 156 4199 4203 AND
2 1 4202 4203 4204 AND
2 1 4207 4204 4442 XOR
2 1 4198 4200 4208 AND
2 1 4442 4208 4443 XOR
2 1 157 158 4189 AND
2 1 159 4181 4190 AND
2 1 4189 4190 4191 AND
2 1 160 161 4186 AND
2 1 162 4183 4187 AND
2 1 4186 4187 4188 AND
2 1 4191 4188 4194 XOR
2 1 4182 4184 4192 AND
2 1 4194 4192 4195 XOR
2 1 4188 4191 4193 AND
2 1 4185 4193 4447 AND
2 1 4195 4447 4448 AND
2 1 4204 4207 4209 AND
2 1 4208 4209 4210 AND
2 1 4192 4193 4196 AND
2 1 4185 4201 4444 AND
2 1 4196 4444 4445 AND
2 1 4210 4445 4446 AND
2 1 4448 4446 4449 XOR
2 1 4443 4449 4450 AND
2 1 4446 4448 4451 AND
2 1 4195 4444 4452 AND
2 1 4196 4452 4453 AND
2 1 4210 4447 4454 AND
2 1 4453 4454 4455 AND
2 1 4451 4455 4456 AND
2 1 4443 4456 4457 AND
2 1 4450 4457 4458 AND
2 1 163 164 4174 AND
2 1 165 4166 4175 AND
2 1 4174 4175 4176 AND
2 1 166 167 4171 AND
2 1 168 4168 4172 AND
2 1 4171 4172 4173 AND
2 1 4176 4173 4459 XOR
2 1 4167 4169 4177 AND
2 1 4459 4177 4460 XOR
2 1 4173 4176 4178 AND
2 1 4177 4178 4179 AND
2 1 4151 4153 4161 AND
2 1 172 173 4155 AND
2 1 174 4152 4156 AND
2 1 4155 4156 4157 AND
2 1 169 170 4158 AND
2 1 171 4150 4159 AND
2 1 4158 4159 4160 AND
2 1 4157 4160 4162 AND
2 1 4161 4162 4165 AND
2 1 4154 4170 4461 AND
2 1 4165 4461 4462 AND
2 1 4179 4462 4463 AND
2 1 4160 4157 4163 XOR
2 1 4163 4161 4164 XOR
2 1 4154 4162 4464 AND
2 1 4164 4464 4465 AND
2 1 4463 4465 4466 AND
2 1 4164 4461 4467 AND
2 1 4165 4467 4468 AND
2 1 4179 4464 4469 AND
2 1 4468 4469 4470 AND
2 1 4466 4470 4471 AND
2 1 4460 4471 4482 AND
2 1 4465 4463 4473 XOR
2 1 4460 4473 4480 AND
2 1 4180 4211 4475 AND
2 1 4480 4475 4481 XOR
2 1 4482 4481 4483 XOR
2 1 4458 4483 4484 AND
2 1 4458 4483 4485 AND
2 1 4484 4485 4487 AND
2 1 4212 4273 4486 AND
2 1 4487 4486 4488 XOR
2 1 4441 4488 4489 AND
2 1 4441 4488 4490 AND
2 1 4489 4490 4580 AND
2 1 4581 4580 4582 XOR
2 1 179 178 3871 XOR
2 1 3871 180 3872 XOR
2 1 176 175 3869 XOR
2 1 3869 177 3870 XOR
2 1 3872 3870 3873 XOR
2 1 185 184 3857 XOR
2 1 3857 186 3858 XOR
2 1 182 181 3855 XOR
2 1 3855 183 3856 XOR
2 1 3858 3856 3859 XOR
2 1 3873 3859 3883 XOR
2 1 191 190 3842 XOR
2 1 3842 192 3843 XOR
2 1 188 187 3840 XOR
2 1 3840 189 3841 XOR
2 1 3843 3841 3844 XOR
2 1 197 196 3826 XOR
2 1 3826 198 3827 XOR
2 1 194 193 3824 XOR
2 1 3824 195 3825 XOR
2 1 3827 3825 3828 XOR
2 1 3844 3828 3854 XOR
2 1 3883 3854 3884 XOR
2 1 209 208 3734 XOR
2 1 3734 210 3742 XOR
2 1 206 205 3738 XOR
2 1 3738 207 3741 XOR
2 1 3742 3741 3748 XOR
2 1 203 202 3718 XOR
2 1 3718 204 3726 XOR
2 1 200 199 3722 XOR
2 1 3722 201 3725 XOR
2 1 3726 3725 3728 XOR
2 1 3748 3728 3811 XOR
2 1 221 220 3781 XOR
2 1 3781 222 3789 XOR
2 1 218 217 3785 XOR
2 1 3785 219 3788 XOR
2 1 3789 3788 3795 XOR
2 1 215 214 3765 XOR
2 1 3765 216 3773 XOR
2 1 212 211 3769 XOR
2 1 3769 213 3772 XOR
2 1 3773 3772 3775 XOR
2 1 3795 3775 3810 XOR
2 1 3811 3810 3823 XOR
2 1 3884 3823 4143 XOR
2 1 227 226 3992 XOR
2 1 3992 228 3993 XOR
2 1 224 223 3990 XOR
2 1 3990 225 3991 XOR
2 1 3993 3991 3994 XOR
2 1 233 232 3978 XOR
2 1 3978 234 3979 XOR
2 1 230 229 3976 XOR
2 1 3976 231 3977 XOR
2 1 3979 3977 3980 XOR
2 1 3994 3980 4004 XOR
2 1 245 244 3946 XOR
2 1 3946 246 3954 XOR
2 1 242 241 3950 XOR
2 1 3950 243 3953 XOR
2 1 3954 3953 3960 XOR
2 1 239 238 3930 XOR
2 1 3930 240 3938 XOR
2 1 236 235 3934 XOR
2 1 3934 237 3937 XOR
2 1 3938 3937 3940 XOR
2 1 3960 3940 3975 XOR
2 1 4004 3975 4136 XOR
2 1 257 256 4046 XOR
2 1 4046 258 4054 XOR
2 1 254 253 4050 XOR
2 1 4050 255 4053 XOR
2 1 4054 4053 4060 XOR
2 1 251 250 4030 XOR
2 1 4030 252 4038 XOR
2 1 248 247 4034 XOR
2 1 4034 249 4037 XOR
2 1 4038 4037 4040 XOR
2 1 4060 4040 4123 XOR
2 1 269 268 4093 XOR
2 1 4093 270 4101 XOR
2 1 266 265 4097 XOR
2 1 4097 267 4100 XOR
2 1 4101 4100 4107 XOR
2 1 263 262 4077 XOR
2 1 4077 264 4085 XOR
2 1 260 259 4081 XOR
2 1 4081 261 4084 XOR
2 1 4085 4084 4087 XOR
2 1 4107 4087 4122 XOR
2 1 4123 4122 4135 XOR
2 1 4136 4135 4142 XOR
2 1 4143 4142 4149 XOR
2 1 4399 4274 4400 XOR
2 1 4149 4400 4401 AND
2 1 4582 4401 4584 XOR
2 1 175 176 3877 AND
2 1 177 3869 3878 AND
2 1 3877 3878 3879 AND
2 1 178 179 3874 AND
2 1 180 3871 3875 AND
2 1 3874 3875 3876 AND
2 1 3879 3876 3903 XOR
2 1 3870 3872 3880 AND
2 1 3903 3880 3904 XOR
2 1 181 182 3863 AND
2 1 183 3855 3864 AND
2 1 3863 3864 3865 AND
2 1 184 185 3860 AND
2 1 186 3857 3861 AND
2 1 3860 3861 3862 AND
2 1 3865 3862 3909 XOR
2 1 3856 3858 3866 AND
2 1 3909 3866 3910 XOR
2 1 3876 3879 3881 AND
2 1 3880 3881 3882 AND
2 1 3862 3865 3867 AND
2 1 3866 3867 3868 AND
2 1 3859 3873 3905 AND
2 1 3868 3905 3906 AND
2 1 3882 3906 3907 AND
2 1 3910 3907 3911 XOR
2 1 3904 3911 3919 AND
2 1 3907 3910 3912 AND
2 1 3867 3905 3913 AND
2 1 3862 3865 3914 AND
2 1 3914 3866 3915 XOR
2 1 3913 3915 3916 AND
2 1 3859 3867 3908 AND
2 1 3882 3908 3917 AND
2 1 3916 3917 3918 AND
2 1 3904 3918 3920 AND
2 1 3912 3920 3921 AND
2 1 3919 3921 3922 AND
2 1 3854 3883 3902 AND
2 1 3922 3902 3924 XOR
2 1 187 188 3848 AND
2 1 189 3840 3849 AND
2 1 3848 3849 3850 AND
2 1 190 191 3845 AND
2 1 192 3842 3846 AND
2 1 3845 3846 3847 AND
2 1 3850 3847 3886 XOR
2 1 3841 3843 3851 AND
2 1 3886 3851 3887 XOR
2 1 3847 3850 3852 AND
2 1 3851 3852 3853 AND
2 1 3825 3827 3835 AND
2 1 196 197 3829 AND
2 1 198 3826 3830 AND
2 1 3829 3830 3831 AND
2 1 193 194 3832 AND
2 1 195 3824 3833 AND
2 1 3832 3833 3834 AND
2 1 3831 3834 3836 AND
2 1 3835 3836 3839 AND
2 1 3828 3844 3888 AND
2 1 3839 3888 3889 AND
2 1 3853 3889 3890 AND
2 1 3834 3831 3837 XOR
2 1 3837 3835 3838 XOR
2 1 3828 3836 3891 AND
2 1 3838 3891 3892 AND
2 1 3890 3892 3893 AND
2 1 3838 3888 3894 AND
2 1 3839 3894 3895 AND
2 1 3853 3891 3896 AND
2 1 3895 3896 3897 AND
2 1 3893 3897 3898 AND
2 1 3887 3898 3899 AND
2 1 3892 3890 3900 XOR
2 1 3887 3900 3901 AND
2 1 3899 3901 3923 AND
2 1 3924 3923 3925 XOR
2 1 3823 3884 3885 AND
2 1 3925 3885 3927 XOR
2 1 199 200 3721 AND
2 1 201 3722 3723 AND
2 1 3721 3723 3724 AND
2 1 202 203 3717 AND
2 1 204 3718 3719 AND
2 1 3717 3719 3720 AND
2 1 3724 3720 3729 XOR
2 1 3725 3726 3727 AND
2 1 3729 3727 3730 XOR
2 1 205 206 3737 AND
2 1 207 3738 3739 AND
2 1 3737 3739 3740 AND
2 1 208 209 3733 AND
2 1 210 3734 3735 AND
2 1 3733 3735 3736 AND
2 1 3740 3736 3745 XOR
2 1 3741 3742 3743 AND
2 1 3745 3743 3746 XOR
2 1 3736 3740 3744 AND
2 1 3744 3748 3752 AND
2 1 3746 3752 3753 AND
2 1 3720 3724 3731 AND
2 1 3727 3731 3732 AND
2 1 3743 3744 3747 AND
2 1 3728 3748 3749 AND
2 1 3747 3749 3750 AND
2 1 3732 3750 3751 AND
2 1 3753 3751 3754 XOR
2 1 3730 3754 3755 AND
2 1 3751 3753 3756 AND
2 1 3746 3749 3757 AND
2 1 3747 3757 3758 AND
2 1 3732 3752 3759 AND
2 1 3758 3759 3760 AND
2 1 3756 3760 3761 AND
2 1 3730 3761 3762 AND
2 1 3755 3762 3763 AND
2 1 211 212 3768 AND
2 1 213 3769 3770 AND
2 1 3768 3770 3771 AND
2 1 214 215 3764 AND
2 1 216 3765 3766 AND
2 1 3764 3766 3767 AND
2 1 3771 3767 3776 XOR
2 1 3772 3773 3774 AND
2 1 3776 3774 3777 XOR
2 1 3767 3771 3778 AND
2 1 3774 3778 3779 AND
2 1 3788 3789 3790 AND
2 1 220 221 3780 AND
2 1 222 3781 3782 AND
2 1 3780 3782 3783 AND
2 1 217 218 3784 AND
2 1 219 3785 3786 AND
2 1 3784 3786 3787 AND
2 1 3783 3787 3791 AND
2 1 3790 3791 3794 AND
2 1 3775 3795 3796 AND
2 1 3794 3796 3797 AND
2 1 3779 3797 3798 AND
2 1 3787 3783 3792 XOR
2 1 3792 3790 3793 XOR
2 1 3791 3795 3799 AND
2 1 3793 3799 3800 AND
2 1 3798 3800 3801 AND
2 1 3793 3796 3802 AND
2 1 3794 3802 3803 AND
2 1 3779 3799 3804 AND
2 1 3803 3804 3805 AND
2 1 3801 3805 3806 AND
2 1 3777 3806 3819 AND
2 1 3800 3798 3808 XOR
2 1 3777 3808 3817 AND
2 1 3810 3811 3812 AND
2 1 3817 3812 3818 XOR
2 1 3819 3818 3820 XOR
2 1 3763 3820 3821 AND
2 1 3763 3820 3822 AND
2 1 3821 3822 3926 AND
2 1 3927 3926 3928 XOR
2 1 223 224 3998 AND
2 1 225 3990 3999 AND
2 1 3998 3999 4000 AND
2 1 226 227 3995 AND
2 1 228 3992 3996 AND
2 1 3995 3996 3997 AND
2 1 4000 3997 4006 XOR
2 1 3991 3993 4001 AND
2 1 4006 4001 4007 XOR
2 1 229 230 3984 AND
2 1 231 3976 3985 AND
2 1 3984 3985 3986 AND
2 1 232 233 3981 AND
2 1 234 3978 3982 AND
2 1 3981 3982 3983 AND
2 1 3986 3983 4012 XOR
2 1 3977 3979 3987 AND
2 1 4012 3987 4013 XOR
2 1 3997 4000 4002 AND
2 1 4001 4002 4003 AND
2 1 3983 3986 3988 AND
2 1 3987 3988 3989 AND
2 1 3980 3994 4008 AND
2 1 3989 4008 4009 AND
2 1 4003 4009 4010 AND
2 1 4013 4010 4014 XOR
2 1 4007 4014 4022 AND
2 1 4010 4013 4015 AND
2 1 3988 4008 4016 AND
2 1 3983 3986 4017 AND
2 1 4017 3987 4018 XOR
2 1 4016 4018 4019 AND
2 1 3980 3988 4011 AND
2 1 4003 4011 4020 AND
2 1 4019 4020 4021 AND
2 1 4007 4021 4023 AND
2 1 4015 4023 4024 AND
2 1 4022 4024 4025 AND
2 1 3975 4004 4005 AND
2 1 4025 4005 4027 XOR
2 1 235 236 3933 AND
2 1 237 3934 3935 AND
2 1 3933 3935 3936 AND
2 1 238 239 3929 AND
2 1 240 3930 3931 AND
2 1 3929 3931 3932 AND
2 1 3936 3932 3941 XOR
2 1 3937 3938 3939 AND
2 1 3941 3939 3942 XOR
2 1 3932 3936 3943 AND
2 1 3939 3943 3944 AND
2 1 3953 3954 3955 AND
2 1 244 245 3945 AND
2 1 246 3946 3947 AND
2 1 3945 3947 3948 AND
2 1 241 242 3949 AND
2 1 243 3950 3951 AND
2 1 3949 3951 3952 AND
2 1 3948 3952 3956 AND
2 1 3955 3956 3959 AND
2 1 3940 3960 3961 AND
2 1 3959 3961 3962 AND
2 1 3944 3962 3963 AND
2 1 3952 3948 3957 XOR
2 1 3957 3955 3958 XOR
2 1 3956 3960 3964 AND
2 1 3958 3964 3965 AND
2 1 3963 3965 3966 AND
2 1 3958 3961 3967 AND
2 1 3959 3967 3968 AND
2 1 3944 3964 3969 AND
2 1 3968 3969 3970 AND
2 1 3966 3970 3971 AND
2 1 3942 3971 3972 AND
2 1 3965 3963 3973 XOR
2 1 3942 3973 3974 AND
2 1 3972 3974 4026 AND
2 1 4027 4026 4028 XOR
2 1 247 248 4033 AND
2 1 249 4034 4035 AND
2 1 4033 4035 4036 AND
2 1 250 251 4029 AND
2 1 252 4030 4031 AND
2 1 4029 4031 4032 AND
2 1 4036 4032 4041 XOR
2 1 4037 4038 4039 AND
2 1 4041 4039 4042 XOR
2 1 253 254 4049 AND
2 1 255 4050 4051 AND
2 1 4049 4051 4052 AND
2 1 256 257 4045 AND
2 1 258 4046 4047 AND
2 1 4045 4047 4048 AND
2 1 4052 4048 4057 XOR
2 1 4053 4054 4055 AND
2 1 4057 4055 4058 XOR
2 1 4048 4052 4056 AND
2 1 4056 4060 4064 AND
2 1 4058 4064 4065 AND
2 1 4032 4036 4043 AND
2 1 4039 4043 4044 AND
2 1 4055 4056 4059 AND
2 1 4040 4060 4061 AND
2 1 4059 4061 4062 AND
2 1 4044 4062 4063 AND
2 1 4065 4063 4066 XOR
2 1 4042 4066 4067 AND
2 1 4063 4065 4068 AND
2 1 4058 4061 4069 AND
2 1 4059 4069 4070 AND
2 1 4044 4064 4071 AND
2 1 4070 4071 4072 AND
2 1 4068 4072 4073 AND
2 1 4042 4073 4074 AND
2 1 4067 4074 4075 AND
2 1 259 260 4080 AND
2 1 261 4081 4082 AND
2 1 4080 4082 4083 AND
2 1 262 263 4076 AND
2 1 264 4077 4078 AND
2 1 4076 4078 4079 AND
2 1 4083 4079 4088 XOR
2 1 4084 4085 4086 AND
2 1 4088 4086 4089 XOR
2 1 4079 4083 4090 AND
2 1 4086 4090 4091 AND
2 1 4100 4101 4102 AND
2 1 268 269 4092 AND
2 1 270 4093 4094 AND
2 1 4092 4094 4095 AND
2 1 265 266 4096 AND
2 1 267 4097 4098 AND
2 1 4096 4098 4099 AND
2 1 4095 4099 4103 AND
2 1 4102 4103 4106 AND
2 1 4087 4107 4108 AND
2 1 4106 4108 4109 AND
2 1 4091 4109 4110 AND
2 1 4099 4095 4104 XOR
2 1 4104 4102 4105 XOR
2 1 4103 4107 4111 AND
2 1 4105 4111 4112 AND
2 1 4110 4112 4113 AND
2 1 4105 4108 4114 AND
2 1 4106 4114 4115 AND
2 1 4091 4111 4116 AND
2 1 4115 4116 4117 AND
2 1 4113 4117 4118 AND
2 1 4089 4118 4131 AND
2 1 4112 4110 4120 XOR
2 1 4089 4120 4129 AND
2 1 4122 4123 4124 AND
2 1 4129 4124 4130 XOR
2 1 4131 4130 4132 XOR
2 1 4075 4132 4133 AND
2 1 4075 4132 4134 AND
2 1 4133 4134 4138 AND
2 1 4135 4136 4137 AND
2 1 4138 4137 4139 XOR
2 1 4028 4139 4140 AND
2 1 4028 4139 4141 AND
2 1 4140 4141 4145 AND
2 1 4142 4143 4144 AND
2 1 4145 4144 4146 XOR
2 1 3928 4146 4147 AND
2 1 3928 4146 4148 AND
2 1 4147 4148 4583 AND
2 1 4584 4583 4585 XOR
2 1 275 274 4910 XOR
2 1 4910 276 4911 XOR
2 1 272 271 4908 XOR
2 1 4908 273 4909 XOR
2 1 4911 4909 4912 XOR
2 1 281 280 4896 XOR
2 1 4896 282 4897 XOR
2 1 278 277 4894 XOR
2 1 4894 279 4895 XOR
2 1 4897 4895 4898 XOR
2 1 4912 4898 4922 XOR
2 1 287 286 4881 XOR
2 1 4881 288 4882 XOR
2 1 284 283 4879 XOR
2 1 4879 285 4880 XOR
2 1 4882 4880 4883 XOR
2 1 293 292 4865 XOR
2 1 4865 294 4866 XOR
2 1 290 289 4863 XOR
2 1 4863 291 4864 XOR
2 1 4866 4864 4867 XOR
2 1 4883 4867 4893 XOR
2 1 4922 4893 4923 XOR
2 1 299 298 4849 XOR
2 1 4849 300 4850 XOR
2 1 296 295 4847 XOR
2 1 4847 297 4848 XOR
2 1 4850 4848 4851 XOR
2 1 305 304 4833 XOR
2 1 4833 306 4834 XOR
2 1 302 301 4831 XOR
2 1 4831 303 4832 XOR
2 1 4834 4832 4835 XOR
2 1 4851 4835 4861 XOR
2 1 311 310 4818 XOR
2 1 4818 312 4819 XOR
2 1 308 307 4816 XOR
2 1 4816 309 4817 XOR
2 1 4819 4817 4820 XOR
2 1 317 316 4802 XOR
2 1 4802 318 4803 XOR
2 1 314 313 4800 XOR
2 1 4800 315 4801 XOR
2 1 4803 4801 4804 XOR
2 1 4820 4804 4830 XOR
2 1 4861 4830 4862 XOR
2 1 4923 4862 4924 XOR
2 1 323 322 4649 XOR
2 1 4649 324 4650 XOR
2 1 320 319 4647 XOR
2 1 4647 321 4648 XOR
2 1 4650 4648 4651 XOR
2 1 329 328 4635 XOR
2 1 4635 330 4636 XOR
2 1 326 325 4633 XOR
2 1 4633 327 4634 XOR
2 1 4636 4634 4637 XOR
2 1 4651 4637 4661 XOR
2 1 341 340 4603 XOR
2 1 4603 342 4611 XOR
2 1 338 337 4607 XOR
2 1 4607 339 4610 XOR
2 1 4611 4610 4617 XOR
2 1 335 334 4587 XOR
2 1 4587 336 4595 XOR
2 1 332 331 4591 XOR
2 1 4591 333 4594 XOR
2 1 4595 4594 4597 XOR
2 1 4617 4597 4632 XOR
2 1 4661 4632 4793 XOR
2 1 353 352 4703 XOR
2 1 4703 354 4711 XOR
2 1 350 349 4707 XOR
2 1 4707 351 4710 XOR
2 1 4711 4710 4717 XOR
2 1 347 346 4687 XOR
2 1 4687 348 4695 XOR
2 1 344 343 4691 XOR
2 1 4691 345 4694 XOR
2 1 4695 4694 4697 XOR
2 1 4717 4697 4780 XOR
2 1 365 364 4750 XOR
2 1 4750 366 4758 XOR
2 1 362 361 4754 XOR
2 1 4754 363 4757 XOR
2 1 4758 4757 4764 XOR
2 1 359 358 4734 XOR
2 1 4734 360 4742 XOR
2 1 356 355 4738 XOR
2 1 4738 357 4741 XOR
2 1 4742 4741 4744 XOR
2 1 4764 4744 4779 XOR
2 1 4780 4779 4792 XOR
2 1 4793 4792 4799 XOR
2 1 4924 4799 5450 XOR
2 1 371 370 5171 XOR
2 1 5171 372 5172 XOR
2 1 368 367 5169 XOR
2 1 5169 369 5170 XOR
2 1 5172 5170 5173 XOR
2 1 377 376 5157 XOR
2 1 5157 378 5158 XOR
2 1 374 373 5155 XOR
2 1 5155 375 5156 XOR
2 1 5158 5156 5159 XOR
2 1 5173 5159 5183 XOR
2 1 383 382 5142 XOR
2 1 5142 384 5143 XOR
2 1 380 379 5140 XOR
2 1 5140 381 5141 XOR
2 1 5143 5141 5144 XOR
2 1 389 388 5126 XOR
2 1 5126 390 5127 XOR
2 1 386 385 5124 XOR
2 1 5124 387 5125 XOR
2 1 5127 5125 5128 XOR
2 1 5144 5128 5154 XOR
2 1 5183 5154 5184 XOR
2 1 401 400 5034 XOR
2 1 5034 402 5042 XOR
2 1 398 397 5038 XOR
2 1 5038 399 5041 XOR
2 1 5042 5041 5048 XOR
2 1 395 394 5018 XOR
2 1 5018 396 5026 XOR
2 1 392 391 5022 XOR
2 1 5022 393 5025 XOR
2 1 5026 5025 5028 XOR
2 1 5048 5028 5111 XOR
2 1 413 412 5081 XOR
2 1 5081 414 5089 XOR
2 1 410 409 5085 XOR
2 1 5085 411 5088 XOR
2 1 5089 5088 5095 XOR
2 1 407 406 5065 XOR
2 1 5065 408 5073 XOR
2 1 404 403 5069 XOR
2 1 5069 405 5072 XOR
2 1 5073 5072 5075 XOR
2 1 5095 5075 5110 XOR
2 1 5111 5110 5123 XOR
2 1 5184 5123 5443 XOR
2 1 419 418 5292 XOR
2 1 5292 420 5293 XOR
2 1 416 415 5290 XOR
2 1 5290 417 5291 XOR
2 1 5293 5291 5294 XOR
2 1 425 424 5278 XOR
2 1 5278 426 5279 XOR
2 1 422 421 5276 XOR
2 1 5276 423 5277 XOR
2 1 5279 5277 5280 XOR
2 1 5294 5280 5304 XOR
2 1 437 436 5246 XOR
2 1 5246 438 5254 XOR
2 1 434 433 5250 XOR
2 1 5250 435 5253 XOR
2 1 5254 5253 5260 XOR
2 1 431 430 5230 XOR
2 1 5230 432 5238 XOR
2 1 428 427 5234 XOR
2 1 5234 429 5237 XOR
2 1 5238 5237 5240 XOR
2 1 5260 5240 5275 XOR
2 1 5304 5275 5436 XOR
2 1 449 448 5346 XOR
2 1 5346 450 5354 XOR
2 1 446 445 5350 XOR
2 1 5350 447 5353 XOR
2 1 5354 5353 5360 XOR
2 1 443 442 5330 XOR
2 1 5330 444 5338 XOR
2 1 440 439 5334 XOR
2 1 5334 441 5337 XOR
2 1 5338 5337 5340 XOR
2 1 5360 5340 5423 XOR
2 1 461 460 5393 XOR
2 1 5393 462 5401 XOR
2 1 458 457 5397 XOR
2 1 5397 459 5400 XOR
2 1 5401 5400 5407 XOR
2 1 455 454 5377 XOR
2 1 5377 456 5385 XOR
2 1 452 451 5381 XOR
2 1 5381 453 5384 XOR
2 1 5385 5384 5387 XOR
2 1 5407 5387 5422 XOR
2 1 5423 5422 5435 XOR
2 1 5436 5435 5442 XOR
2 1 5443 5442 5449 XOR
2 1 5450 5449 5456 XOR
2 1 4400 4149 5457 XOR
2 1 5456 5457 5458 AND
2 1 4585 5458 5837 AND
2 1 271 272 4916 AND
2 1 273 4908 4917 AND
2 1 4916 4917 4918 AND
2 1 274 275 4913 AND
2 1 276 4910 4914 AND
2 1 4913 4914 4915 AND
2 1 4918 4915 4988 XOR
2 1 4909 4911 4919 AND
2 1 4988 4919 4989 XOR
2 1 277 278 4902 AND
2 1 279 4894 4903 AND
2 1 4902 4903 4904 AND
2 1 280 281 4899 AND
2 1 282 4896 4900 AND
2 1 4899 4900 4901 AND
2 1 4904 4901 4994 XOR
2 1 4895 4897 4905 AND
2 1 4994 4905 4995 XOR
2 1 4915 4918 4920 AND
2 1 4919 4920 4921 AND
2 1 4901 4904 4906 AND
2 1 4905 4906 4907 AND
2 1 4898 4912 4990 AND
2 1 4907 4990 4991 AND
2 1 4921 4991 4992 AND
2 1 4995 4992 4996 XOR
2 1 4989 4996 5004 AND
2 1 4992 4995 4997 AND
2 1 4906 4990 4998 AND
2 1 4901 4904 4999 AND
2 1 4999 4905 5000 XOR
2 1 4998 5000 5001 AND
2 1 4898 4906 4993 AND
2 1 4921 4993 5002 AND
2 1 5001 5002 5003 AND
2 1 4989 5003 5005 AND
2 1 4997 5005 5006 AND
2 1 5004 5006 5007 AND
2 1 4893 4922 4987 AND
2 1 5007 4987 5009 XOR
2 1 283 284 4887 AND
2 1 285 4879 4888 AND
2 1 4887 4888 4889 AND
2 1 286 287 4884 AND
2 1 288 4881 4885 AND
2 1 4884 4885 4886 AND
2 1 4889 4886 4971 XOR
2 1 4880 4882 4890 AND
2 1 4971 4890 4972 XOR
2 1 4886 4889 4891 AND
2 1 4890 4891 4892 AND
2 1 4864 4866 4874 AND
2 1 292 293 4868 AND
2 1 294 4865 4869 AND
2 1 4868 4869 4870 AND
2 1 289 290 4871 AND
2 1 291 4863 4872 AND
2 1 4871 4872 4873 AND
2 1 4870 4873 4875 AND
2 1 4874 4875 4878 AND
2 1 4867 4883 4973 AND
2 1 4878 4973 4974 AND
2 1 4892 4974 4975 AND
2 1 4873 4870 4876 XOR
2 1 4876 4874 4877 XOR
2 1 4867 4875 4976 AND
2 1 4877 4976 4977 AND
2 1 4975 4977 4978 AND
2 1 4877 4973 4979 AND
2 1 4878 4979 4980 AND
2 1 4892 4976 4981 AND
2 1 4980 4981 4982 AND
2 1 4978 4982 4983 AND
2 1 4972 4983 4984 AND
2 1 4977 4975 4985 XOR
2 1 4972 4985 4986 AND
2 1 4984 4986 5008 AND
2 1 5009 5008 5010 XOR
2 1 4862 4923 4970 AND
2 1 5010 4970 5012 XOR
2 1 295 296 4855 AND
2 1 297 4847 4856 AND
2 1 4855 4856 4857 AND
2 1 298 299 4852 AND
2 1 300 4849 4853 AND
2 1 4852 4853 4854 AND
2 1 4857 4854 4926 XOR
2 1 4848 4850 4858 AND
2 1 4926 4858 4927 XOR
2 1 301 302 4839 AND
2 1 303 4831 4840 AND
2 1 4839 4840 4841 AND
2 1 304 305 4836 AND
2 1 306 4833 4837 AND
2 1 4836 4837 4838 AND
2 1 4841 4838 4844 XOR
2 1 4832 4834 4842 AND
2 1 4844 4842 4845 XOR
2 1 4838 4841 4843 AND
2 1 4835 4843 4931 AND
2 1 4845 4931 4932 AND
2 1 4854 4857 4859 AND
2 1 4858 4859 4860 AND
2 1 4842 4843 4846 AND
2 1 4835 4851 4928 AND
2 1 4846 4928 4929 AND
2 1 4860 4929 4930 AND
2 1 4932 4930 4933 XOR
2 1 4927 4933 4934 AND
2 1 4930 4932 4935 AND
2 1 4845 4928 4936 AND
2 1 4846 4936 4937 AND
2 1 4860 4931 4938 AND
2 1 4937 4938 4939 AND
2 1 4935 4939 4940 AND
2 1 4927 4940 4941 AND
2 1 4934 4941 4942 AND
2 1 307 308 4824 AND
2 1 309 4816 4825 AND
2 1 4824 4825 4826 AND
2 1 310 311 4821 AND
2 1 312 4818 4822 AND
2 1 4821 4822 4823 AND
2 1 4826 4823 4943 XOR
2 1 4817 4819 4827 AND
2 1 4943 4827 4944 XOR
2 1 4823 4826 4828 AND
2 1 4827 4828 4829 AND
2 1 4801 4803 4811 AND
2 1 316 317 4805 AND
2 1 318 4802 4806 AND
2 1 4805 4806 4807 AND
2 1 313 314 4808 AND
2 1 315 4800 4809 AND
2 1 4808 4809 4810 AND
2 1 4807 4810 4812 AND
2 1 4811 4812 4815 AND
2 1 4804 4820 4945 AND
2 1 4815 4945 4946 AND
2 1 4829 4946 4947 AND
2 1 4810 4807 4813 XOR
2 1 4813 4811 4814 XOR
2 1 4804 4812 4948 AND
2 1 4814 4948 4949 AND
2 1 4947 4949 4950 AND
2 1 4814 4945 4951 AND
2 1 4815 4951 4952 AND
2 1 4829 4948 4953 AND
2 1 4952 4953 4954 AND
2 1 4950 4954 4955 AND
2 1 4944 4955 4966 AND
2 1 4949 4947 4957 XOR
2 1 4944 4957 4964 AND
2 1 4830 4861 4959 AND
2 1 4964 4959 4965 XOR
2 1 4966 4965 4967 XOR
2 1 4942 4967 4968 AND
2 1 4942 4967 4969 AND
2 1 4968 4969 5011 AND
2 1 5012 5011 5013 XOR
2 1 4799 4924 4925 AND
2 1 5013 4925 5015 XOR
2 1 319 320 4655 AND
2 1 321 4647 4656 AND
2 1 4655 4656 4657 AND
2 1 322 323 4652 AND
2 1 324 4649 4653 AND
2 1 4652 4653 4654 AND
2 1 4657 4654 4663 XOR
2 1 4648 4650 4658 AND
2 1 4663 4658 4664 XOR
2 1 325 326 4641 AND
2 1 327 4633 4642 AND
2 1 4641 4642 4643 AND
2 1 328 329 4638 AND
2 1 330 4635 4639 AND
2 1 4638 4639 4640 AND
2 1 4643 4640 4669 XOR
2 1 4634 4636 4644 AND
2 1 4669 4644 4670 XOR
2 1 4654 4657 4659 AND
2 1 4658 4659 4660 AND
2 1 4640 4643 4645 AND
2 1 4644 4645 4646 AND
2 1 4637 4651 4665 AND
2 1 4646 4665 4666 AND
2 1 4660 4666 4667 AND
2 1 4670 4667 4671 XOR
2 1 4664 4671 4679 AND
2 1 4667 4670 4672 AND
2 1 4645 4665 4673 AND
2 1 4640 4643 4674 AND
2 1 4674 4644 4675 XOR
2 1 4673 4675 4676 AND
2 1 4637 4645 4668 AND
2 1 4660 4668 4677 AND
2 1 4676 4677 4678 AND
2 1 4664 4678 4680 AND
2 1 4672 4680 4681 AND
2 1 4679 4681 4682 AND
2 1 4632 4661 4662 AND
2 1 4682 4662 4684 XOR
2 1 331 332 4590 AND
2 1 333 4591 4592 AND
2 1 4590 4592 4593 AND
2 1 334 335 4586 AND
2 1 336 4587 4588 AND
2 1 4586 4588 4589 AND
2 1 4593 4589 4598 XOR
2 1 4594 4595 4596 AND
2 1 4598 4596 4599 XOR
2 1 4589 4593 4600 AND
2 1 4596 4600 4601 AND
2 1 4610 4611 4612 AND
2 1 340 341 4602 AND
2 1 342 4603 4604 AND
2 1 4602 4604 4605 AND
2 1 337 338 4606 AND
2 1 339 4607 4608 AND
2 1 4606 4608 4609 AND
2 1 4605 4609 4613 AND
2 1 4612 4613 4616 AND
2 1 4597 4617 4618 AND
2 1 4616 4618 4619 AND
2 1 4601 4619 4620 AND
2 1 4609 4605 4614 XOR
2 1 4614 4612 4615 XOR
2 1 4613 4617 4621 AND
2 1 4615 4621 4622 AND
2 1 4620 4622 4623 AND
2 1 4615 4618 4624 AND
2 1 4616 4624 4625 AND
2 1 4601 4621 4626 AND
2 1 4625 4626 4627 AND
2 1 4623 4627 4628 AND
2 1 4599 4628 4629 AND
2 1 4622 4620 4630 XOR
2 1 4599 4630 4631 AND
2 1 4629 4631 4683 AND
2 1 4684 4683 4685 XOR
2 1 343 344 4690 AND
2 1 345 4691 4692 AND
2 1 4690 4692 4693 AND
2 1 346 347 4686 AND
2 1 348 4687 4688 AND
2 1 4686 4688 4689 AND
2 1 4693 4689 4698 XOR
2 1 4694 4695 4696 AND
2 1 4698 4696 4699 XOR
2 1 349 350 4706 AND
2 1 351 4707 4708 AND
2 1 4706 4708 4709 AND
2 1 352 353 4702 AND
2 1 354 4703 4704 AND
2 1 4702 4704 4705 AND
2 1 4709 4705 4714 XOR
2 1 4710 4711 4712 AND
2 1 4714 4712 4715 XOR
2 1 4705 4709 4713 AND
2 1 4713 4717 4721 AND
2 1 4715 4721 4722 AND
2 1 4689 4693 4700 AND
2 1 4696 4700 4701 AND
2 1 4712 4713 4716 AND
2 1 4697 4717 4718 AND
2 1 4716 4718 4719 AND
2 1 4701 4719 4720 AND
2 1 4722 4720 4723 XOR
2 1 4699 4723 4724 AND
2 1 4720 4722 4725 AND
2 1 4715 4718 4726 AND
2 1 4716 4726 4727 AND
2 1 4701 4721 4728 AND
2 1 4727 4728 4729 AND
2 1 4725 4729 4730 AND
2 1 4699 4730 4731 AND
2 1 4724 4731 4732 AND
2 1 355 356 4737 AND
2 1 357 4738 4739 AND
2 1 4737 4739 4740 AND
2 1 358 359 4733 AND
2 1 360 4734 4735 AND
2 1 4733 4735 4736 AND
2 1 4740 4736 4745 XOR
2 1 4741 4742 4743 AND
2 1 4745 4743 4746 XOR
2 1 4736 4740 4747 AND
2 1 4743 4747 4748 AND
2 1 4757 4758 4759 AND
2 1 364 365 4749 AND
2 1 366 4750 4751 AND
2 1 4749 4751 4752 AND
2 1 361 362 4753 AND
2 1 363 4754 4755 AND
2 1 4753 4755 4756 AND
2 1 4752 4756 4760 AND
2 1 4759 4760 4763 AND
2 1 4744 4764 4765 AND
2 1 4763 4765 4766 AND
2 1 4748 4766 4767 AND
2 1 4756 4752 4761 XOR
2 1 4761 4759 4762 XOR
2 1 4760 4764 4768 AND
2 1 4762 4768 4769 AND
2 1 4767 4769 4770 AND
2 1 4762 4765 4771 AND
2 1 4763 4771 4772 AND
2 1 4748 4768 4773 AND
2 1 4772 4773 4774 AND
2 1 4770 4774 4775 AND
2 1 4746 4775 4788 AND
2 1 4769 4767 4777 XOR
2 1 4746 4777 4786 AND
2 1 4779 4780 4781 AND
2 1 4786 4781 4787 XOR
2 1 4788 4787 4789 XOR
2 1 4732 4789 4790 AND
2 1 4732 4789 4791 AND
2 1 4790 4791 4795 AND
2 1 4792 4793 4794 AND
2 1 4795 4794 4796 XOR
2 1 4685 4796 4797 AND
2 1 4685 4796 4798 AND
2 1 4797 4798 5014 AND
2 1 5015 5014 5016 XOR
2 1 367 368 5177 AND
2 1 369 5169 5178 AND
2 1 5177 5178 5179 AND
2 1 370 371 5174 AND
2 1 372 5171 5175 AND
2 1 5174 5175 5176 AND
2 1 5179 5176 5203 XOR
2 1 5170 5172 5180 AND
2 1 5203 5180 5204 XOR
2 1 373 374 5163 AND
2 1 375 5155 5164 AND
2 1 5163 5164 5165 AND
2 1 376 377 5160 AND
2 1 378 5157 5161 AND
2 1 5160 5161 5162 AND
2 1 5165 5162 5209 XOR
2 1 5156 5158 5166 AND
2 1 5209 5166 5210 XOR
2 1 5176 5179 5181 AND
2 1 5180 5181 5182 AND
2 1 5162 5165 5167 AND
2 1 5166 5167 5168 AND
2 1 5159 5173 5205 AND
2 1 5168 5205 5206 AND
2 1 5182 5206 5207 AND
2 1 5210 5207 5211 XOR
2 1 5204 5211 5219 AND
2 1 5207 5210 5212 AND
2 1 5167 5205 5213 AND
2 1 5162 5165 5214 AND
2 1 5214 5166 5215 XOR
2 1 5213 5215 5216 AND
2 1 5159 5167 5208 AND
2 1 5182 5208 5217 AND
2 1 5216 5217 5218 AND
2 1 5204 5218 5220 AND
2 1 5212 5220 5221 AND
2 1 5219 5221 5222 AND
2 1 5154 5183 5202 AND
2 1 5222 5202 5224 XOR
2 1 379 380 5148 AND
2 1 381 5140 5149 AND
2 1 5148 5149 5150 AND
2 1 382 383 5145 AND
2 1 384 5142 5146 AND
2 1 5145 5146 5147 AND
2 1 5150 5147 5186 XOR
2 1 5141 5143 5151 AND
2 1 5186 5151 5187 XOR
2 1 5147 5150 5152 AND
2 1 5151 5152 5153 AND
2 1 5125 5127 5135 AND
2 1 388 389 5129 AND
2 1 390 5126 5130 AND
2 1 5129 5130 5131 AND
2 1 385 386 5132 AND
2 1 387 5124 5133 AND
2 1 5132 5133 5134 AND
2 1 5131 5134 5136 AND
2 1 5135 5136 5139 AND
2 1 5128 5144 5188 AND
2 1 5139 5188 5189 AND
2 1 5153 5189 5190 AND
2 1 5134 5131 5137 XOR
2 1 5137 5135 5138 XOR
2 1 5128 5136 5191 AND
2 1 5138 5191 5192 AND
2 1 5190 5192 5193 AND
2 1 5138 5188 5194 AND
2 1 5139 5194 5195 AND
2 1 5153 5191 5196 AND
2 1 5195 5196 5197 AND
2 1 5193 5197 5198 AND
2 1 5187 5198 5199 AND
2 1 5192 5190 5200 XOR
2 1 5187 5200 5201 AND
2 1 5199 5201 5223 AND
2 1 5224 5223 5225 XOR
2 1 5123 5184 5185 AND
2 1 5225 5185 5227 XOR
2 1 391 392 5021 AND
2 1 393 5022 5023 AND
2 1 5021 5023 5024 AND
2 1 394 395 5017 AND
2 1 396 5018 5019 AND
2 1 5017 5019 5020 AND
2 1 5024 5020 5029 XOR
2 1 5025 5026 5027 AND
2 1 5029 5027 5030 XOR
2 1 397 398 5037 AND
2 1 399 5038 5039 AND
2 1 5037 5039 5040 AND
2 1 400 401 5033 AND
2 1 402 5034 5035 AND
2 1 5033 5035 5036 AND
2 1 5040 5036 5045 XOR
2 1 5041 5042 5043 AND
2 1 5045 5043 5046 XOR
2 1 5036 5040 5044 AND
2 1 5044 5048 5052 AND
2 1 5046 5052 5053 AND
2 1 5020 5024 5031 AND
2 1 5027 5031 5032 AND
2 1 5043 5044 5047 AND
2 1 5028 5048 5049 AND
2 1 5047 5049 5050 AND
2 1 5032 5050 5051 AND
2 1 5053 5051 5054 XOR
2 1 5030 5054 5055 AND
2 1 5051 5053 5056 AND
2 1 5046 5049 5057 AND
2 1 5047 5057 5058 AND
2 1 5032 5052 5059 AND
2 1 5058 5059 5060 AND
2 1 5056 5060 5061 AND
2 1 5030 5061 5062 AND
2 1 5055 5062 5063 AND
2 1 403 404 5068 AND
2 1 405 5069 5070 AND
2 1 5068 5070 5071 AND
2 1 406 407 5064 AND
2 1 408 5065 5066 AND
2 1 5064 5066 5067 AND
2 1 5071 5067 5076 XOR
2 1 5072 5073 5074 AND
2 1 5076 5074 5077 XOR
2 1 5067 5071 5078 AND
2 1 5074 5078 5079 AND
2 1 5088 5089 5090 AND
2 1 412 413 5080 AND
2 1 414 5081 5082 AND
2 1 5080 5082 5083 AND
2 1 409 410 5084 AND
2 1 411 5085 5086 AND
2 1 5084 5086 5087 AND
2 1 5083 5087 5091 AND
2 1 5090 5091 5094 AND
2 1 5075 5095 5096 AND
2 1 5094 5096 5097 AND
2 1 5079 5097 5098 AND
2 1 5087 5083 5092 XOR
2 1 5092 5090 5093 XOR
2 1 5091 5095 5099 AND
2 1 5093 5099 5100 AND
2 1 5098 5100 5101 AND
2 1 5093 5096 5102 AND
2 1 5094 5102 5103 AND
2 1 5079 5099 5104 AND
2 1 5103 5104 5105 AND
2 1 5101 5105 5106 AND
2 1 5077 5106 5119 AND
2 1 5100 5098 5108 XOR
2 1 5077 5108 5117 AND
2 1 5110 5111 5112 AND
2 1 5117 5112 5118 XOR
2 1 5119 5118 5120 XOR
2 1 5063 5120 5121 AND
2 1 5063 5120 5122 AND
2 1 5121 5122 5226 AND
2 1 5227 5226 5228 XOR
2 1 415 416 5298 AND
2 1 417 5290 5299 AND
2 1 5298 5299 5300 AND
2 1 418 419 5295 AND
2 1 420 5292 5296 AND
2 1 5295 5296 5297 AND
2 1 5300 5297 5306 XOR
2 1 5291 5293 5301 AND
2 1 5306 5301 5307 XOR
2 1 421 422 5284 AND
2 1 423 5276 5285 AND
2 1 5284 5285 5286 AND
2 1 424 425 5281 AND
2 1 426 5278 5282 AND
2 1 5281 5282 5283 AND
2 1 5286 5283 5312 XOR
2 1 5277 5279 5287 AND
2 1 5312 5287 5313 XOR
2 1 5297 5300 5302 AND
2 1 5301 5302 5303 AND
2 1 5283 5286 5288 AND
2 1 5287 5288 5289 AND
2 1 5280 5294 5308 AND
2 1 5289 5308 5309 AND
2 1 5303 5309 5310 AND
2 1 5313 5310 5314 XOR
2 1 5307 5314 5322 AND
2 1 5310 5313 5315 AND
2 1 5288 5308 5316 AND
2 1 5283 5286 5317 AND
2 1 5317 5287 5318 XOR
2 1 5316 5318 5319 AND
2 1 5280 5288 5311 AND
2 1 5303 5311 5320 AND
2 1 5319 5320 5321 AND
2 1 5307 5321 5323 AND
2 1 5315 5323 5324 AND
2 1 5322 5324 5325 AND
2 1 5275 5304 5305 AND
2 1 5325 5305 5327 XOR
2 1 427 428 5233 AND
2 1 429 5234 5235 AND
2 1 5233 5235 5236 AND
2 1 430 431 5229 AND
2 1 432 5230 5231 AND
2 1 5229 5231 5232 AND
2 1 5236 5232 5241 XOR
2 1 5237 5238 5239 AND
2 1 5241 5239 5242 XOR
2 1 5232 5236 5243 AND
2 1 5239 5243 5244 AND
2 1 5253 5254 5255 AND
2 1 436 437 5245 AND
2 1 438 5246 5247 AND
2 1 5245 5247 5248 AND
2 1 433 434 5249 AND
2 1 435 5250 5251 AND
2 1 5249 5251 5252 AND
2 1 5248 5252 5256 AND
2 1 5255 5256 5259 AND
2 1 5240 5260 5261 AND
2 1 5259 5261 5262 AND
2 1 5244 5262 5263 AND
2 1 5252 5248 5257 XOR
2 1 5257 5255 5258 XOR
2 1 5256 5260 5264 AND
2 1 5258 5264 5265 AND
2 1 5263 5265 5266 AND
2 1 5258 5261 5267 AND
2 1 5259 5267 5268 AND
2 1 5244 5264 5269 AND
2 1 5268 5269 5270 AND
2 1 5266 5270 5271 AND
2 1 5242 5271 5272 AND
2 1 5265 5263 5273 XOR
2 1 5242 5273 5274 AND
2 1 5272 5274 5326 AND
2 1 5327 5326 5328 XOR
2 1 439 440 5333 AND
2 1 441 5334 5335 AND
2 1 5333 5335 5336 AND
2 1 442 443 5329 AND
2 1 444 5330 5331 AND
2 1 5329 5331 5332 AND
2 1 5336 5332 5341 XOR
2 1 5337 5338 5339 AND
2 1 5341 5339 5342 XOR
2 1 445 446 5349 AND
2 1 447 5350 5351 AND
2 1 5349 5351 5352 AND
2 1 448 449 5345 AND
2 1 450 5346 5347 AND
2 1 5345 5347 5348 AND
2 1 5352 5348 5357 XOR
2 1 5353 5354 5355 AND
2 1 5357 5355 5358 XOR
2 1 5348 5352 5356 AND
2 1 5356 5360 5364 AND
2 1 5358 5364 5365 AND
2 1 5332 5336 5343 AND
2 1 5339 5343 5344 AND
2 1 5355 5356 5359 AND
2 1 5340 5360 5361 AND
2 1 5359 5361 5362 AND
2 1 5344 5362 5363 AND
2 1 5365 5363 5366 XOR
2 1 5342 5366 5367 AND
2 1 5363 5365 5368 AND
2 1 5358 5361 5369 AND
2 1 5359 5369 5370 AND
2 1 5344 5364 5371 AND
2 1 5370 5371 5372 AND
2 1 5368 5372 5373 AND
2 1 5342 5373 5374 AND
2 1 5367 5374 5375 AND
2 1 451 452 5380 AND
2 1 453 5381 5382 AND
2 1 5380 5382 5383 AND
2 1 454 455 5376 AND
2 1 456 5377 5378 AND
2 1 5376 5378 5379 AND
2 1 5383 5379 5388 XOR
2 1 5384 5385 5386 AND
2 1 5388 5386 5389 XOR
2 1 5379 5383 5390 AND
2 1 5386 5390 5391 AND
2 1 5400 5401 5402 AND
2 1 460 461 5392 AND
2 1 462 5393 5394 AND
2 1 5392 5394 5395 AND
2 1 457 458 5396 AND
2 1 459 5397 5398 AND
2 1 5396 5398 5399 AND
2 1 5395 5399 5403 AND
2 1 5402 5403 5406 AND
2 1 5387 5407 5408 AND
2 1 5406 5408 5409 AND
2 1 5391 5409 5410 AND
2 1 5399 5395 5404 XOR
2 1 5404 5402 5405 XOR
2 1 5403 5407 5411 AND
2 1 5405 5411 5412 AND
2 1 5410 5412 5413 AND
2 1 5405 5408 5414 AND
2 1 5406 5414 5415 AND
2 1 5391 5411 5416 AND
2 1 5415 5416 5417 AND
2 1 5413 5417 5418 AND
2 1 5389 5418 5431 AND
2 1 5412 5410 5420 XOR
2 1 5389 5420 5429 AND
2 1 5422 5423 5424 AND
2 1 5429 5424 5430 XOR
2 1 5431 5430 5432 XOR
2 1 5375 5432 5433 AND
2 1 5375 5432 5434 AND
2 1 5433 5434 5438 AND
2 1 5435 5436 5437 AND
2 1 5438 5437 5439 XOR
2 1 5328 5439 5440 AND
2 1 5328 5439 5441 AND
2 1 5440 5441 5445 AND
2 1 5442 5443 5444 AND
2 1 5445 5444 5446 XOR
2 1 5228 5446 5447 AND
2 1 5228 5446 5448 AND
2 1 5447 5448 5452 AND
2 1 5449 5450 5451 AND
2 1 5452 5451 5453 XOR
2 1 5016 5453 5454 AND
2 1 5016 5453 5455 AND
2 1 5454 5455 5459 AND
2 1 4585 5458 5838 AND
2 1 5459 5838 5839 AND
2 1 5837 5839 5840 AND
2 1 4089 4113 6106 AND
2 1 4117 6106 6107 AND
2 1 4079 4083 6111 AND
2 1 4086 4090 6112 AND
2 1 6111 6112 6113 AND
2 1 4095 4099 6108 AND
2 1 4102 4103 6109 AND
2 1 6108 6109 6110 AND
2 1 6113 6110 6114 XOR
2 1 6107 6114 6115 AND
2 1 4117 6114 6116 AND
2 1 6106 6116 6117 AND
2 1 6115 6117 6118 AND
2 1 4042 4068 6093 AND
2 1 4072 6093 6094 AND
2 1 4032 4036 6098 AND
2 1 4039 4043 6099 AND
2 1 6098 6099 6100 AND
2 1 4048 4052 6095 AND
2 1 4055 4056 6096 AND
2 1 6095 6096 6097 AND
2 1 6100 6097 6101 XOR
2 1 6094 6101 6102 AND
2 1 4072 6101 6103 AND
2 1 6093 6103 6104 AND
2 1 6102 6104 6105 AND
2 1 6118 6105 6119 XOR
2 1 4089 4118 4119 AND
2 1 4089 4120 4121 AND
2 1 4119 4121 4127 AND
2 1 4124 4127 4128 AND
2 1 4121 4124 4125 AND
2 1 4119 4125 4126 AND
2 1 4075 4126 6091 AND
2 1 4128 6091 6092 AND
2 1 6119 6092 6120 XOR
2 1 3942 3966 6076 AND
2 1 3970 6076 6077 AND
2 1 3932 3936 6081 AND
2 1 3939 3943 6082 AND
2 1 6081 6082 6083 AND
2 1 3948 3952 6078 AND
2 1 3955 3956 6079 AND
2 1 6078 6079 6080 AND
2 1 6083 6080 6084 XOR
2 1 6077 6084 6085 AND
2 1 3970 6084 6086 AND
2 1 6076 6086 6087 AND
2 1 6085 6087 6088 AND
2 1 4007 4015 6064 AND
2 1 4021 6064 6065 AND
2 1 3997 4000 6068 AND
2 1 4001 4002 6069 AND
2 1 6068 6069 6070 AND
2 1 3987 3988 6066 AND
2 1 4017 6066 6067 AND
2 1 6070 6067 6071 XOR
2 1 6065 6071 6072 AND
2 1 4021 6071 6073 AND
2 1 6064 6073 6074 AND
2 1 6072 6074 6075 AND
2 1 6088 6075 6089 XOR
2 1 4005 4025 6060 AND
2 1 4005 4025 6061 AND
2 1 4026 6061 6062 AND
2 1 6060 6062 6063 AND
2 1 6089 6063 6090 XOR
2 1 6120 6090 6121 XOR
2 1 4028 4137 6056 AND
2 1 4028 4137 6057 AND
2 1 4138 6057 6058 AND
2 1 6056 6058 6059 AND
2 1 6121 6059 6122 XOR
2 1 3777 3801 6039 AND
2 1 3805 6039 6040 AND
2 1 3767 3771 6044 AND
2 1 3774 3778 6045 AND
2 1 6044 6045 6046 AND
2 1 3783 3787 6041 AND
2 1 3790 3791 6042 AND
2 1 6041 6042 6043 AND
2 1 6046 6043 6047 XOR
2 1 6040 6047 6048 AND
2 1 3805 6047 6049 AND
2 1 6039 6049 6050 AND
2 1 6048 6050 6051 AND
2 1 3730 3756 6026 AND
2 1 3760 6026 6027 AND
2 1 3720 3724 6031 AND
2 1 3727 3731 6032 AND
2 1 6031 6032 6033 AND
2 1 3736 3740 6028 AND
2 1 3743 3744 6029 AND
2 1 6028 6029 6030 AND
2 1 6033 6030 6034 XOR
2 1 6027 6034 6035 AND
2 1 3760 6034 6036 AND
2 1 6026 6036 6037 AND
2 1 6035 6037 6038 AND
2 1 6051 6038 6052 XOR
2 1 3777 3806 3807 AND
2 1 3777 3808 3809 AND
2 1 3807 3809 3815 AND
2 1 3812 3815 3816 AND
2 1 3809 3812 3813 AND
2 1 3807 3813 3814 AND
2 1 3763 3814 6024 AND
2 1 3816 6024 6025 AND
2 1 6052 6025 6053 XOR
2 1 3887 3893 6009 AND
2 1 3897 6009 6010 AND
2 1 3847 3850 6014 AND
2 1 3851 3852 6015 AND
2 1 6014 6015 6016 AND
2 1 3831 3834 6011 AND
2 1 3835 3836 6012 AND
2 1 6011 6012 6013 AND
2 1 6016 6013 6017 XOR
2 1 6010 6017 6018 AND
2 1 3897 6017 6019 AND
2 1 6009 6019 6020 AND
2 1 6018 6020 6021 AND
2 1 3904 3912 5997 AND
2 1 3918 5997 5998 AND
2 1 3876 3879 6001 AND
2 1 3880 3881 6002 AND
2 1 6001 6002 6003 AND
2 1 3866 3867 5999 AND
2 1 3914 5999 6000 AND
2 1 6003 6000 6004 XOR
2 1 5998 6004 6005 AND
2 1 3918 6004 6006 AND
2 1 5997 6006 6007 AND
2 1 6005 6007 6008 AND
2 1 6021 6008 6022 XOR
2 1 3902 3922 5993 AND
2 1 3902 3922 5994 AND
2 1 3923 5994 5995 AND
2 1 5993 5995 5996 AND
2 1 6022 5996 6023 XOR
2 1 6053 6023 6054 XOR
2 1 3885 3925 5989 AND
2 1 3885 3925 5990 AND
2 1 3926 5990 5991 AND
2 1 5989 5991 5992 AND
2 1 6054 5992 6055 XOR
2 1 6122 6055 6123 XOR
2 1 3928 4144 5985 AND
2 1 3928 4144 5986 AND
2 1 4145 5986 5987 AND
2 1 5985 5987 5988 AND
2 1 6123 5988 6124 XOR
2 1 4460 4466 5966 AND
2 1 4470 5966 5967 AND
2 1 4173 4176 5971 AND
2 1 4177 4178 5972 AND
2 1 5971 5972 5973 AND
2 1 4157 4160 5968 AND
2 1 4161 4162 5969 AND
2 1 5968 5969 5970 AND
2 1 5973 5970 5974 XOR
2 1 5967 5974 5975 AND
2 1 4470 5974 5976 AND
2 1 5966 5976 5977 AND
2 1 5975 5977 5978 AND
2 1 4443 4451 5953 AND
2 1 4455 5953 5954 AND
2 1 4204 4207 5958 AND
2 1 4208 4209 5959 AND
2 1 5958 5959 5960 AND
2 1 4188 4191 5955 AND
2 1 4192 4193 5956 AND
2 1 5955 5956 5957 AND
2 1 5960 5957 5961 XOR
2 1 5954 5961 5962 AND
2 1 4455 5961 5963 AND
2 1 5953 5963 5964 AND
2 1 5962 5964 5965 AND
2 1 5978 5965 5979 XOR
2 1 4460 4471 4472 AND
2 1 4460 4473 4474 AND
2 1 4472 4474 4478 AND
2 1 4475 4478 4479 AND
2 1 4474 4475 4476 AND
2 1 4472 4476 4477 AND
2 1 4458 4477 5951 AND
2 1 4479 5951 5952 AND
2 1 5979 5952 5980 XOR
2 1 4403 4409 5936 AND
2 1 4413 5936 5937 AND
2 1 4236 4239 5941 AND
2 1 4240 4241 5942 AND
2 1 5941 5942 5943 AND
2 1 4220 4223 5938 AND
2 1 4224 4225 5939 AND
2 1 5938 5939 5940 AND
2 1 5943 5940 5944 XOR
2 1 5937 5944 5945 AND
2 1 4413 5944 5946 AND
2 1 5936 5946 5947 AND
2 1 5945 5947 5948 AND
2 1 4420 4428 5924 AND
2 1 4434 5924 5925 AND
2 1 4265 4268 5928 AND
2 1 4269 4270 5929 AND
2 1 5928 5929 5930 AND
2 1 4255 4256 5926 AND
2 1 4430 5926 5927 AND
2 1 5930 5927 5931 XOR
2 1 5925 5931 5932 AND
2 1 4434 5931 5933 AND
2 1 5924 5933 5934 AND
2 1 5932 5934 5935 AND
2 1 5948 5935 5949 XOR
2 1 4418 4438 5920 AND
2 1 4418 4438 5921 AND
2 1 4439 5921 5922 AND
2 1 5920 5922 5923 AND
2 1 5949 5923 5950 XOR
2 1 5980 5950 5981 XOR
2 1 4441 4486 5916 AND
2 1 4441 4486 5917 AND
2 1 4487 5917 5918 AND
2 1 5916 5918 5919 AND
2 1 5981 5919 5982 XOR
2 1 4510 4516 5899 AND
2 1 4520 5899 5900 AND
2 1 4298 4301 5904 AND
2 1 4302 4303 5905 AND
2 1 5904 5905 5906 AND
2 1 4282 4285 5901 AND
2 1 4286 4287 5902 AND
2 1 5901 5902 5903 AND
2 1 5906 5903 5907 XOR
2 1 5900 5907 5908 AND
2 1 4520 5907 5909 AND
2 1 5899 5909 5910 AND
2 1 5908 5910 5911 AND
2 1 4493 4501 5886 AND
2 1 4505 5886 5887 AND
2 1 4329 4332 5891 AND
2 1 4333 4334 5892 AND
2 1 5891 5892 5893 AND
2 1 4313 4316 5888 AND
2 1 4317 4318 5889 AND
2 1 5888 5889 5890 AND
2 1 5893 5890 5894 XOR
2 1 5887 5894 5895 AND
2 1 4505 5894 5896 AND
2 1 5886 5896 5897 AND
2 1 5895 5897 5898 AND
2 1 5911 5898 5912 XOR
2 1 4510 4521 4522 AND
2 1 4510 4523 4524 AND
2 1 4522 4524 4528 AND
2 1 4525 4528 4529 AND
2 1 4524 4525 4526 AND
2 1 4522 4526 4527 AND
2 1 4508 4527 5884 AND
2 1 4529 5884 5885 AND
2 1 5912 5885 5913 XOR
2 1 4538 4544 5869 AND
2 1 4548 5869 5870 AND
2 1 4361 4364 5874 AND
2 1 4365 4366 5875 AND
2 1 5874 5875 5876 AND
2 1 4345 4348 5871 AND
2 1 4349 4350 5872 AND
2 1 5871 5872 5873 AND
2 1 5876 5873 5877 XOR
2 1 5870 5877 5878 AND
2 1 4548 5877 5879 AND
2 1 5869 5879 5880 AND
2 1 5878 5880 5881 AND
2 1 4555 4563 5857 AND
2 1 4569 5857 5858 AND
2 1 4390 4393 5861 AND
2 1 4394 4395 5862 AND
2 1 5861 5862 5863 AND
2 1 4380 4381 5859 AND
2 1 4565 5859 5860 AND
2 1 5863 5860 5864 XOR
2 1 5858 5864 5865 AND
2 1 4569 5864 5866 AND
2 1 5857 5866 5867 AND
2 1 5865 5867 5868 AND
2 1 5881 5868 5882 XOR
2 1 4553 4573 5853 AND
2 1 4553 4573 5854 AND
2 1 4574 5854 5855 AND
2 1 5853 5855 5856 AND
2 1 5882 5856 5883 XOR
2 1 5913 5883 5914 XOR
2 1 4536 4576 5849 AND
2 1 4536 4576 5850 AND
2 1 4577 5850 5851 AND
2 1 5849 5851 5852 AND
2 1 5914 5852 5915 XOR
2 1 5982 5915 5983 XOR
2 1 4491 4579 5845 AND
2 1 4491 4579 5846 AND
2 1 4580 5846 5847 AND
2 1 5845 5847 5848 AND
2 1 5983 5848 5984 XOR
2 1 6124 5984 6125 XOR
2 1 4401 4582 5841 AND
2 1 4401 4582 5842 AND
2 1 4583 5842 5843 AND
2 1 5841 5843 5844 AND
2 1 6125 5844 6126 XOR
2 1 5389 5413 6392 AND
2 1 5417 6392 6393 AND
2 1 5379 5383 6397 AND
2 1 5386 5390 6398 AND
2 1 6397 6398 6399 AND
2 1 5395 5399 6394 AND
2 1 5402 5403 6395 AND
2 1 6394 6395 6396 AND
2 1 6399 6396 6400 XOR
2 1 6393 6400 6401 AND
2 1 5417 6400 6402 AND
2 1 6392 6402 6403 AND
2 1 6401 6403 6404 AND
2 1 5342 5368 6379 AND
2 1 5372 6379 6380 AND
2 1 5332 5336 6384 AND
2 1 5339 5343 6385 AND
2 1 6384 6385 6386 AND
2 1 5348 5352 6381 AND
2 1 5355 5356 6382 AND
2 1 6381 6382 6383 AND
2 1 6386 6383 6387 XOR
2 1 6380 6387 6388 AND
2 1 5372 6387 6389 AND
2 1 6379 6389 6390 AND
2 1 6388 6390 6391 AND
2 1 6404 6391 6405 XOR
2 1 5389 5418 5419 AND
2 1 5389 5420 5421 AND
2 1 5419 5421 5427 AND
2 1 5424 5427 5428 AND
2 1 5421 5424 5425 AND
2 1 5419 5425 5426 AND
2 1 5375 5426 6377 AND
2 1 5428 6377 6378 AND
2 1 6405 6378 6406 XOR
2 1 5242 5266 6362 AND
2 1 5270 6362 6363 AND
2 1 5232 5236 6367 AND
2 1 5239 5243 6368 AND
2 1 6367 6368 6369 AND
2 1 5248 5252 6364 AND
2 1 5255 5256 6365 AND
2 1 6364 6365 6366 AND
2 1 6369 6366 6370 XOR
2 1 6363 6370 6371 AND
2 1 5270 6370 6372 AND
2 1 6362 6372 6373 AND
2 1 6371 6373 6374 AND
2 1 5307 5315 6350 AND
2 1 5321 6350 6351 AND
2 1 5297 5300 6354 AND
2 1 5301 5302 6355 AND
2 1 6354 6355 6356 AND
2 1 5287 5288 6352 AND
2 1 5317 6352 6353 AND
2 1 6356 6353 6357 XOR
2 1 6351 6357 6358 AND
2 1 5321 6357 6359 AND
2 1 6350 6359 6360 AND
2 1 6358 6360 6361 AND
2 1 6374 6361 6375 XOR
2 1 5305 5325 6346 AND
2 1 5305 5325 6347 AND
2 1 5326 6347 6348 AND
2 1 6346 6348 6349 AND
2 1 6375 6349 6376 XOR
2 1 6406 6376 6407 XOR
2 1 5328 5437 6342 AND
2 1 5328 5437 6343 AND
2 1 5438 6343 6344 AND
2 1 6342 6344 6345 AND
2 1 6407 6345 6408 XOR
2 1 5077 5101 6325 AND
2 1 5105 6325 6326 AND
2 1 5067 5071 6330 AND
2 1 5074 5078 6331 AND
2 1 6330 6331 6332 AND
2 1 5083 5087 6327 AND
2 1 5090 5091 6328 AND
2 1 6327 6328 6329 AND
2 1 6332 6329 6333 XOR
2 1 6326 6333 6334 AND
2 1 5105 6333 6335 AND
2 1 6325 6335 6336 AND
2 1 6334 6336 6337 AND
2 1 5030 5056 6312 AND
2 1 5060 6312 6313 AND
2 1 5020 5024 6317 AND
2 1 5027 5031 6318 AND
2 1 6317 6318 6319 AND
2 1 5036 5040 6314 AND
2 1 5043 5044 6315 AND
2 1 6314 6315 6316 AND
2 1 6319 6316 6320 XOR
2 1 6313 6320 6321 AND
2 1 5060 6320 6322 AND
2 1 6312 6322 6323 AND
2 1 6321 6323 6324 AND
2 1 6337 6324 6338 XOR
2 1 5077 5106 5107 AND
2 1 5077 5108 5109 AND
2 1 5107 5109 5115 AND
2 1 5112 5115 5116 AND
2 1 5109 5112 5113 AND
2 1 5107 5113 5114 AND
2 1 5063 5114 6310 AND
2 1 5116 6310 6311 AND
2 1 6338 6311 6339 XOR
2 1 5187 5193 6295 AND
2 1 5197 6295 6296 AND
2 1 5147 5150 6300 AND
2 1 5151 5152 6301 AND
2 1 6300 6301 6302 AND
2 1 5131 5134 6297 AND
2 1 5135 5136 6298 AND
2 1 6297 6298 6299 AND
2 1 6302 6299 6303 XOR
2 1 6296 6303 6304 AND
2 1 5197 6303 6305 AND
2 1 6295 6305 6306 AND
2 1 6304 6306 6307 AND
2 1 5204 5212 6283 AND
2 1 5218 6283 6284 AND
2 1 5176 5179 6287 AND
2 1 5180 5181 6288 AND
2 1 6287 6288 6289 AND
2 1 5166 5167 6285 AND
2 1 5214 6285 6286 AND
2 1 6289 6286 6290 XOR
2 1 6284 6290 6291 AND
2 1 5218 6290 6292 AND
2 1 6283 6292 6293 AND
2 1 6291 6293 6294 AND
2 1 6307 6294 6308 XOR
2 1 5202 5222 6279 AND
2 1 5202 5222 6280 AND
2 1 5223 6280 6281 AND
2 1 6279 6281 6282 AND
2 1 6308 6282 6309 XOR
2 1 6339 6309 6340 XOR
2 1 5185 5225 6275 AND
2 1 5185 5225 6276 AND
2 1 5226 6276 6277 AND
2 1 6275 6277 6278 AND
2 1 6340 6278 6341 XOR
2 1 6408 6341 6409 XOR
2 1 5228 5444 6271 AND
2 1 5228 5444 6272 AND
2 1 5445 6272 6273 AND
2 1 6271 6273 6274 AND
2 1 6409 6274 6410 XOR
2 1 4746 4770 6252 AND
2 1 4774 6252 6253 AND
2 1 4736 4740 6257 AND
2 1 4743 4747 6258 AND
2 1 6257 6258 6259 AND
2 1 4752 4756 6254 AND
2 1 4759 4760 6255 AND
2 1 6254 6255 6256 AND
2 1 6259 6256 6260 XOR
2 1 6253 6260 6261 AND
2 1 4774 6260 6262 AND
2 1 6252 6262 6263 AND
2 1 6261 6263 6264 AND
2 1 4699 4725 6239 AND
2 1 4729 6239 6240 AND
2 1 4689 4693 6244 AND
2 1 4696 4700 6245 AND
2 1 6244 6245 6246 AND
2 1 4705 4709 6241 AND
2 1 4712 4713 6242 AND
2 1 6241 6242 6243 AND
2 1 6246 6243 6247 XOR
2 1 6240 6247 6248 AND
2 1 4729 6247 6249 AND
2 1 6239 6249 6250 AND
2 1 6248 6250 6251 AND
2 1 6264 6251 6265 XOR
2 1 4746 4775 4776 AND
2 1 4746 4777 4778 AND
2 1 4776 4778 4784 AND
2 1 4781 4784 4785 AND
2 1 4778 4781 4782 AND
2 1 4776 4782 4783 AND
2 1 4732 4783 6237 AND
2 1 4785 6237 6238 AND
2 1 6265 6238 6266 XOR
2 1 4599 4623 6222 AND
2 1 4627 6222 6223 AND
2 1 4589 4593 6227 AND
2 1 4596 4600 6228 AND
2 1 6227 6228 6229 AND
2 1 4605 4609 6224 AND
2 1 4612 4613 6225 AND
2 1 6224 6225 6226 AND
2 1 6229 6226 6230 XOR
2 1 6223 6230 6231 AND
2 1 4627 6230 6232 AND
2 1 6222 6232 6233 AND
2 1 6231 6233 6234 AND
2 1 4664 4672 6210 AND
2 1 4678 6210 6211 AND
2 1 4654 4657 6214 AND
2 1 4658 4659 6215 AND
2 1 6214 6215 6216 AND
2 1 4644 4645 6212 AND
2 1 4674 6212 6213 AND
2 1 6216 6213 6217 XOR
2 1 6211 6217 6218 AND
2 1 4678 6217 6219 AND
2 1 6210 6219 6220 AND
2 1 6218 6220 6221 AND
2 1 6234 6221 6235 XOR
2 1 4662 4682 6206 AND
2 1 4662 4682 6207 AND
2 1 4683 6207 6208 AND
2 1 6206 6208 6209 AND
2 1 6235 6209 6236 XOR
2 1 6266 6236 6267 XOR
2 1 4685 4794 6202 AND
2 1 4685 4794 6203 AND
2 1 4795 6203 6204 AND
2 1 6202 6204 6205 AND
2 1 6267 6205 6268 XOR
2 1 4944 4950 6185 AND
2 1 4954 6185 6186 AND
2 1 4823 4826 6190 AND
2 1 4827 4828 6191 AND
2 1 6190 6191 6192 AND
2 1 4807 4810 6187 AND
2 1 4811 4812 6188 AND
2 1 6187 6188 6189 AND
2 1 6192 6189 6193 XOR
2 1 6186 6193 6194 AND
2 1 4954 6193 6195 AND
2 1 6185 6195 6196 AND
2 1 6194 6196 6197 AND
2 1 4927 4935 6172 AND
2 1 4939 6172 6173 AND
2 1 4854 4857 6177 AND
2 1 4858 4859 6178 AND
2 1 6177 6178 6179 AND
2 1 4838 4841 6174 AND
2 1 4842 4843 6175 AND
2 1 6174 6175 6176 AND
2 1 6179 6176 6180 XOR
2 1 6173 6180 6181 AND
2 1 4939 6180 6182 AND
2 1 6172 6182 6183 AND
2 1 6181 6183 6184 AND
2 1 6197 6184 6198 XOR
2 1 4944 4955 4956 AND
2 1 4944 4957 4958 AND
2 1 4956 4958 4962 AND
2 1 4959 4962 4963 AND
2 1 4958 4959 4960 AND
2 1 4956 4960 4961 AND
2 1 4942 4961 6170 AND
2 1 4963 6170 6171 AND
2 1 6198 6171 6199 XOR
2 1 4972 4978 6155 AND
2 1 4982 6155 6156 AND
2 1 4886 4889 6160 AND
2 1 4890 4891 6161 AND
2 1 6160 6161 6162 AND
2 1 4870 4873 6157 AND
2 1 4874 4875 6158 AND
2 1 6157 6158 6159 AND
2 1 6162 6159 6163 XOR
2 1 6156 6163 6164 AND
2 1 4982 6163 6165 AND
2 1 6155 6165 6166 AND
2 1 6164 6166 6167 AND
2 1 4989 4997 6143 AND
2 1 5003 6143 6144 AND
2 1 4915 4918 6147 AND
2 1 4919 4920 6148 AND
2 1 6147 6148 6149 AND
2 1 4905 4906 6145 AND
2 1 4999 6145 6146 AND
2 1 6149 6146 6150 XOR
2 1 6144 6150 6151 AND
2 1 5003 6150 6152 AND
2 1 6143 6152 6153 AND
2 1 6151 6153 6154 AND
2 1 6167 6154 6168 XOR
2 1 4987 5007 6139 AND
2 1 4987 5007 6140 AND
2 1 5008 6140 6141 AND
2 1 6139 6141 6142 AND
2 1 6168 6142 6169 XOR
2 1 6199 6169 6200 XOR
2 1 4970 5010 6135 AND
2 1 4970 5010 6136 AND
2 1 5011 6136 6137 AND
2 1 6135 6137 6138 AND
2 1 6200 6138 6201 XOR
2 1 6268 6201 6269 XOR
2 1 4925 5013 6131 AND
2 1 4925 5013 6132 AND
2 1 5014 6132 6133 AND
2 1 6131 6133 6134 AND
2 1 6269 6134 6270 XOR
2 1 6410 6270 6411 XOR
2 1 5016 5451 6127 AND
2 1 5016 5451 6128 AND
2 1 5452 6128 6129 AND
2 1 6127 6129 6130 AND
2 1 6411 6130 6412 XOR
2 1 6126 6412 7027 AND
2 1 5840 7027 7028 AND
2 1 6126 6412 7029 AND
2 1 7028 7029 7030 AND
2 1 5003 6146 7225 AND
2 1 6143 7225 7226 AND
2 1 6149 7226 7227 AND
2 1 6144 6146 7228 AND
2 1 7227 7228 7229 AND
2 1 4982 6159 7220 AND
2 1 6155 7220 7221 AND
2 1 6162 7221 7222 AND
2 1 6156 6159 7223 AND
2 1 7222 7223 7224 AND
2 1 7229 7224 7230 XOR
2 1 6154 6167 7214 AND
2 1 6142 7214 7215 AND
2 1 6153 6166 7216 AND
2 1 6164 7216 7217 AND
2 1 6151 7217 7218 AND
2 1 7215 7218 7219 AND
2 1 7230 7219 7234 XOR
2 1 4939 6176 7204 AND
2 1 6172 7204 7205 AND
2 1 6179 7205 7206 AND
2 1 6173 6176 7207 AND
2 1 7206 7207 7208 AND
2 1 4954 6189 7199 AND
2 1 6185 7199 7200 AND
2 1 6192 7200 7201 AND
2 1 6186 6189 7202 AND
2 1 7201 7202 7203 AND
2 1 7208 7203 7209 XOR
2 1 6184 6197 7193 AND
2 1 6171 7193 7194 AND
2 1 6183 6196 7195 AND
2 1 6194 7195 7196 AND
2 1 6181 7196 7197 AND
2 1 7194 7197 7198 AND
2 1 7209 7198 7213 XOR
2 1 7234 7213 7235 XOR
2 1 6169 6199 7189 AND
2 1 6138 7189 7190 AND
2 1 6169 6199 7191 AND
2 1 7190 7191 7192 AND
2 1 7235 7192 7236 XOR
2 1 4678 6213 7177 AND
2 1 6210 7177 7178 AND
2 1 6216 7178 7179 AND
2 1 6211 6213 7180 AND
2 1 7179 7180 7181 AND
2 1 4627 6226 7172 AND
2 1 6222 7172 7173 AND
2 1 6229 7173 7174 AND
2 1 6223 6226 7175 AND
2 1 7174 7175 7176 AND
2 1 7181 7176 7182 XOR
2 1 6221 6234 7166 AND
2 1 6209 7166 7167 AND
2 1 6220 6233 7168 AND
2 1 6231 7168 7169 AND
2 1 6218 7169 7170 AND
2 1 7167 7170 7171 AND
2 1 7182 7171 7186 XOR
2 1 4729 6243 7156 AND
2 1 6239 7156 7157 AND
2 1 6246 7157 7158 AND
2 1 6240 6243 7159 AND
2 1 7158 7159 7160 AND
2 1 4774 6256 7151 AND
2 1 6252 7151 7152 AND
2 1 6259 7152 7153 AND
2 1 6253 6256 7154 AND
2 1 7153 7154 7155 AND
2 1 7160 7155 7161 XOR
2 1 6251 6264 7145 AND
2 1 6238 7145 7146 AND
2 1 6250 6263 7147 AND
2 1 6261 7147 7148 AND
2 1 6248 7148 7149 AND
2 1 7146 7149 7150 AND
2 1 7161 7150 7165 XOR
2 1 7186 7165 7187 XOR
2 1 6236 6266 7141 AND
2 1 6205 7141 7142 AND
2 1 6236 6266 7143 AND
2 1 7142 7143 7144 AND
2 1 7187 7144 7188 XOR
2 1 7236 7188 7237 XOR
2 1 6201 6268 7137 AND
2 1 6134 7137 7138 AND
2 1 6201 6268 7139 AND
2 1 7138 7139 7140 AND
2 1 7237 7140 7238 XOR
2 1 5218 6286 7123 AND
2 1 6283 7123 7124 AND
2 1 6289 7124 7125 AND
2 1 6284 6286 7126 AND
2 1 7125 7126 7127 AND
2 1 5197 6299 7118 AND
2 1 6295 7118 7119 AND
2 1 6302 7119 7120 AND
2 1 6296 6299 7121 AND
2 1 7120 7121 7122 AND
2 1 7127 7122 7128 XOR
2 1 6294 6307 7112 AND
2 1 6282 7112 7113 AND
2 1 6293 6306 7114 AND
2 1 6304 7114 7115 AND
2 1 6291 7115 7116 AND
2 1 7113 7116 7117 AND
2 1 7128 7117 7132 XOR
2 1 5060 6316 7102 AND
2 1 6312 7102 7103 AND
2 1 6319 7103 7104 AND
2 1 6313 6316 7105 AND
2 1 7104 7105 7106 AND
2 1 5105 6329 7097 AND
2 1 6325 7097 7098 AND
2 1 6332 7098 7099 AND
2 1 6326 6329 7100 AND
2 1 7099 7100 7101 AND
2 1 7106 7101 7107 XOR
2 1 6324 6337 7091 AND
2 1 6311 7091 7092 AND
2 1 6323 6336 7093 AND
2 1 6334 7093 7094 AND
2 1 6321 7094 7095 AND
2 1 7092 7095 7096 AND
2 1 7107 7096 7111 XOR
2 1 7132 7111 7133 XOR
2 1 6309 6339 7087 AND
2 1 6278 7087 7088 AND
2 1 6309 6339 7089 AND
2 1 7088 7089 7090 AND
2 1 7133 7090 7134 XOR
2 1 5321 6353 7075 AND
2 1 6350 7075 7076 AND
2 1 6356 7076 7077 AND
2 1 6351 6353 7078 AND
2 1 7077 7078 7079 AND
2 1 5270 6366 7070 AND
2 1 6362 7070 7071 AND
2 1 6369 7071 7072 AND
2 1 6363 6366 7073 AND
2 1 7072 7073 7074 AND
2 1 7079 7074 7080 XOR
2 1 6361 6374 7064 AND
2 1 6349 7064 7065 AND
2 1 6360 6373 7066 AND
2 1 6371 7066 7067 AND
2 1 6358 7067 7068 AND
2 1 7065 7068 7069 AND
2 1 7080 7069 7084 XOR
2 1 5372 6383 7054 AND
2 1 6379 7054 7055 AND
2 1 6386 7055 7056 AND
2 1 6380 6383 7057 AND
2 1 7056 7057 7058 AND
2 1 5417 6396 7049 AND
2 1 6392 7049 7050 AND
2 1 6399 7050 7051 AND
2 1 6393 6396 7052 AND
2 1 7051 7052 7053 AND
2 1 7058 7053 7059 XOR
2 1 6391 6404 7043 AND
2 1 6378 7043 7044 AND
2 1 6390 6403 7045 AND
2 1 6401 7045 7046 AND
2 1 6388 7046 7047 AND
2 1 7044 7047 7048 AND
2 1 7059 7048 7063 XOR
2 1 7084 7063 7085 XOR
2 1 6376 6406 7039 AND
2 1 6345 7039 7040 AND
2 1 6376 6406 7041 AND
2 1 7040 7041 7042 AND
2 1 7085 7042 7086 XOR
2 1 7134 7086 7135 XOR
2 1 6341 6408 7035 AND
2 1 6274 7035 7036 AND
2 1 6341 6408 7037 AND
2 1 7036 7037 7038 AND
2 1 7135 7038 7136 XOR
2 1 7238 7136 7239 XOR
2 1 6270 6410 7031 AND
2 1 6130 7031 7032 AND
2 1 6270 6410 7033 AND
2 1 7032 7033 7034 AND
2 1 7239 7034 7240 XOR
2 1 4569 5860 7435 AND
2 1 5857 7435 7436 AND
2 1 5863 7436 7437 AND
2 1 5858 5860 7438 AND
2 1 7437 7438 7439 AND
2 1 4548 5873 7430 AND
2 1 5869 7430 7431 AND
2 1 5876 7431 7432 AND
2 1 5870 5873 7433 AND
2 1 7432 7433 7434 AND
2 1 7439 7434 7440 XOR
2 1 5868 5881 7424 AND
2 1 5856 7424 7425 AND
2 1 5867 5880 7426 AND
2 1 5878 7426 7427 AND
2 1 5865 7427 7428 AND
2 1 7425 7428 7429 AND
2 1 7440 7429 7444 XOR
2 1 4505 5890 7414 AND
2 1 5886 7414 7415 AND
2 1 5893 7415 7416 AND
2 1 5887 5890 7417 AND
2 1 7416 7417 7418 AND
2 1 4520 5903 7409 AND
2 1 5899 7409 7410 AND
2 1 5906 7410 7411 AND
2 1 5900 5903 7412 AND
2 1 7411 7412 7413 AND
2 1 7418 7413 7419 XOR
2 1 5898 5911 7403 AND
2 1 5885 7403 7404 AND
2 1 5897 5910 7405 AND
2 1 5908 7405 7406 AND
2 1 5895 7406 7407 AND
2 1 7404 7407 7408 AND
2 1 7419 7408 7423 XOR
2 1 7444 7423 7445 XOR
2 1 5883 5913 7399 AND
2 1 5852 7399 7400 AND
2 1 5883 5913 7401 AND
2 1 7400 7401 7402 AND
2 1 7445 7402 7446 XOR
2 1 4434 5927 7387 AND
2 1 5924 7387 7388 AND
2 1 5930 7388 7389 AND
2 1 5925 5927 7390 AND
2 1 7389 7390 7391 AND
2 1 4413 5940 7382 AND
2 1 5936 7382 7383 AND
2 1 5943 7383 7384 AND
2 1 5937 5940 7385 AND
2 1 7384 7385 7386 AND
2 1 7391 7386 7392 XOR
2 1 5935 5948 7376 AND
2 1 5923 7376 7377 AND
2 1 5934 5947 7378 AND
2 1 5945 7378 7379 AND
2 1 5932 7379 7380 AND
2 1 7377 7380 7381 AND
2 1 7392 7381 7396 XOR
2 1 4455 5957 7366 AND
2 1 5953 7366 7367 AND
2 1 5960 7367 7368 AND
2 1 5954 5957 7369 AND
2 1 7368 7369 7370 AND
2 1 4470 5970 7361 AND
2 1 5966 7361 7362 AND
2 1 5973 7362 7363 AND
2 1 5967 5970 7364 AND
2 1 7363 7364 7365 AND
2 1 7370 7365 7371 XOR
2 1 5965 5978 7355 AND
2 1 5952 7355 7356 AND
2 1 5964 5977 7357 AND
2 1 5975 7357 7358 AND
2 1 5962 7358 7359 AND
2 1 7356 7359 7360 AND
2 1 7371 7360 7375 XOR
2 1 7396 7375 7397 XOR
2 1 5950 5980 7351 AND
2 1 5919 7351 7352 AND
2 1 5950 5980 7353 AND
2 1 7352 7353 7354 AND
2 1 7397 7354 7398 XOR
2 1 7446 7398 7447 XOR
2 1 5915 5982 7347 AND
2 1 5848 7347 7348 AND
2 1 5915 5982 7349 AND
2 1 7348 7349 7350 AND
2 1 7447 7350 7448 XOR
2 1 3918 6000 7333 AND
2 1 5997 7333 7334 AND
2 1 6003 7334 7335 AND
2 1 5998 6000 7336 AND
2 1 7335 7336 7337 AND
2 1 3897 6013 7328 AND
2 1 6009 7328 7329 AND
2 1 6016 7329 7330 AND
2 1 6010 6013 7331 AND
2 1 7330 7331 7332 AND
2 1 7337 7332 7338 XOR
2 1 6008 6021 7322 AND
2 1 5996 7322 7323 AND
2 1 6007 6020 7324 AND
2 1 6018 7324 7325 AND
2 1 6005 7325 7326 AND
2 1 7323 7326 7327 AND
2 1 7338 7327 7342 XOR
2 1 3760 6030 7312 AND
2 1 6026 7312 7313 AND
2 1 6033 7313 7314 AND
2 1 6027 6030 7315 AND
2 1 7314 7315 7316 AND
2 1 3805 6043 7307 AND
2 1 6039 7307 7308 AND
2 1 6046 7308 7309 AND
2 1 6040 6043 7310 AND
2 1 7309 7310 7311 AND
2 1 7316 7311 7317 XOR
2 1 6038 6051 7301 AND
2 1 6025 7301 7302 AND
2 1 6037 6050 7303 AND
2 1 6048 7303 7304 AND
2 1 6035 7304 7305 AND
2 1 7302 7305 7306 AND
2 1 7317 7306 7321 XOR
2 1 7342 7321 7343 XOR
2 1 6023 6053 7297 AND
2 1 5992 7297 7298 AND
2 1 6023 6053 7299 AND
2 1 7298 7299 7300 AND
2 1 7343 7300 7344 XOR
2 1 4021 6067 7285 AND
2 1 6064 7285 7286 AND
2 1 6070 7286 7287 AND
2 1 6065 6067 7288 AND
2 1 7287 7288 7289 AND
2 1 3970 6080 7280 AND
2 1 6076 7280 7281 AND
2 1 6083 7281 7282 AND
2 1 6077 6080 7283 AND
2 1 7282 7283 7284 AND
2 1 7289 7284 7290 XOR
2 1 6075 6088 7274 AND
2 1 6063 7274 7275 AND
2 1 6074 6087 7276 AND
2 1 6085 7276 7277 AND
2 1 6072 7277 7278 AND
2 1 7275 7278 7279 AND
2 1 7290 7279 7294 XOR
2 1 4072 6097 7264 AND
2 1 6093 7264 7265 AND
2 1 6100 7265 7266 AND
2 1 6094 6097 7267 AND
2 1 7266 7267 7268 AND
2 1 4117 6110 7259 AND
2 1 6106 7259 7260 AND
2 1 6113 7260 7261 AND
2 1 6107 6110 7262 AND
2 1 7261 7262 7263 AND
2 1 7268 7263 7269 XOR
2 1 6105 6118 7253 AND
2 1 6092 7253 7254 AND
2 1 6104 6117 7255 AND
2 1 6115 7255 7256 AND
2 1 6102 7256 7257 AND
2 1 7254 7257 7258 AND
2 1 7269 7258 7273 XOR
2 1 7294 7273 7295 XOR
2 1 6090 6120 7249 AND
2 1 6059 7249 7250 AND
2 1 6090 6120 7251 AND
2 1 7250 7251 7252 AND
2 1 7295 7252 7296 XOR
2 1 7344 7296 7345 XOR
2 1 6055 6122 7245 AND
2 1 5988 7245 7246 AND
2 1 6055 6122 7247 AND
2 1 7246 7247 7248 AND
2 1 7345 7248 7346 XOR
2 1 7448 7346 7449 XOR
2 1 5984 6124 7241 AND
2 1 5844 7241 7242 AND
2 1 5984 6124 7243 AND
2 1 7242 7243 7244 AND
2 1 7449 7244 7450 XOR
2 1 7240 7450 8254 AND
2 1 7030 8254 8255 AND
2 1 7240 7450 8256 AND
2 1 8255 8256 8257 AND
2 1 7273 7294 8329 AND
2 1 7252 8329 8330 AND
2 1 7258 7269 7270 AND
2 1 7279 7290 7291 AND
2 1 7257 7269 7271 AND
2 1 7254 7271 7272 AND
2 1 7278 7290 7292 AND
2 1 7275 7292 7293 AND
2 1 7272 7293 8331 AND
2 1 7291 8331 8332 AND
2 1 7270 8332 8333 AND
2 1 8330 8333 8334 AND
2 1 7284 7289 8339 AND
2 1 7279 8339 8340 AND
2 1 7284 7289 8341 AND
2 1 8340 8341 8342 AND
2 1 7263 7268 8335 AND
2 1 7258 8335 8336 AND
2 1 7263 7268 8337 AND
2 1 8336 8337 8338 AND
2 1 8342 8338 8343 XOR
2 1 8334 8343 8344 AND
2 1 8333 8343 8345 AND
2 1 8330 8345 8346 AND
2 1 8344 8346 8347 AND
2 1 7321 7342 8310 AND
2 1 7300 8310 8311 AND
2 1 7306 7317 7318 AND
2 1 7327 7338 7339 AND
2 1 7305 7317 7319 AND
2 1 7302 7319 7320 AND
2 1 7326 7338 7340 AND
2 1 7323 7340 7341 AND
2 1 7320 7341 8312 AND
2 1 7339 8312 8313 AND
2 1 7318 8313 8314 AND
2 1 8311 8314 8315 AND
2 1 7332 7337 8320 AND
2 1 7327 8320 8321 AND
2 1 7332 7337 8322 AND
2 1 8321 8322 8323 AND
2 1 7311 7316 8316 AND
2 1 7306 8316 8317 AND
2 1 7311 7316 8318 AND
2 1 8317 8318 8319 AND
2 1 8323 8319 8324 XOR
2 1 8315 8324 8325 AND
2 1 8314 8324 8326 AND
2 1 8311 8326 8327 AND
2 1 8325 8327 8328 AND
2 1 8347 8328 8348 XOR
2 1 7296 7344 8306 AND
2 1 7248 8306 8307 AND
2 1 7296 7344 8308 AND
2 1 8307 8308 8309 AND
2 1 8348 8309 8349 XOR
2 1 7375 7396 8285 AND
2 1 7354 8285 8286 AND
2 1 7360 7371 7372 AND
2 1 7381 7392 7393 AND
2 1 7359 7371 7373 AND
2 1 7356 7373 7374 AND
2 1 7380 7392 7394 AND
2 1 7377 7394 7395 AND
2 1 7374 7395 8287 AND
2 1 7393 8287 8288 AND
2 1 7372 8288 8289 AND
2 1 8286 8289 8290 AND
2 1 7386 7391 8295 AND
2 1 7381 8295 8296 AND
2 1 7386 7391 8297 AND
2 1 8296 8297 8298 AND
2 1 7365 7370 8291 AND
2 1 7360 8291 8292 AND
2 1 7365 7370 8293 AND
2 1 8292 8293 8294 AND
2 1 8298 8294 8299 XOR
2 1 8290 8299 8300 AND
2 1 8289 8299 8301 AND
2 1 8286 8301 8302 AND
2 1 8300 8302 8303 AND
2 1 7423 7444 8266 AND
2 1 7402 8266 8267 AND
2 1 7408 7419 7420 AND
2 1 7429 7440 7441 AND
2 1 7407 7419 7421 AND
2 1 7404 7421 7422 AND
2 1 7428 7440 7442 AND
2 1 7425 7442 7443 AND
2 1 7422 7443 8268 AND
2 1 7441 8268 8269 AND
2 1 7420 8269 8270 AND
2 1 8267 8270 8271 AND
2 1 7434 7439 8276 AND
2 1 7429 8276 8277 AND
2 1 7434 7439 8278 AND
2 1 8277 8278 8279 AND
2 1 7413 7418 8272 AND
2 1 7408 8272 8273 AND
2 1 7413 7418 8274 AND
2 1 8273 8274 8275 AND
2 1 8279 8275 8280 XOR
2 1 8271 8280 8281 AND
2 1 8270 8280 8282 AND
2 1 8267 8282 8283 AND
2 1 8281 8283 8284 AND
2 1 8303 8284 8304 XOR
2 1 7398 7446 8262 AND
2 1 7350 8262 8263 AND
2 1 7398 7446 8264 AND
2 1 8263 8264 8265 AND
2 1 8304 8265 8305 XOR
2 1 8349 8305 8350 XOR
2 1 7346 7448 8258 AND
2 1 7244 8258 8259 AND
2 1 7346 7448 8260 AND
2 1 8259 8260 8261 AND
2 1 8350 8261 8351 XOR
2 1 7063 7084 8423 AND
2 1 7042 8423 8424 AND
2 1 7048 7059 7060 AND
2 1 7069 7080 7081 AND
2 1 7047 7059 7061 AND
2 1 7044 7061 7062 AND
2 1 7068 7080 7082 AND
2 1 7065 7082 7083 AND
2 1 7062 7083 8425 AND
2 1 7081 8425 8426 AND
2 1 7060 8426 8427 AND
2 1 8424 8427 8428 AND
2 1 7074 7079 8433 AND
2 1 7069 8433 8434 AND
2 1 7074 7079 8435 AND
2 1 8434 8435 8436 AND
2 1 7053 7058 8429 AND
2 1 7048 8429 8430 AND
2 1 7053 7058 8431 AND
2 1 8430 8431 8432 AND
2 1 8436 8432 8437 XOR
2 1 8428 8437 8438 AND
2 1 8427 8437 8439 AND
2 1 8424 8439 8440 AND
2 1 8438 8440 8441 AND
2 1 7111 7132 8404 AND
2 1 7090 8404 8405 AND
2 1 7096 7107 7108 AND
2 1 7117 7128 7129 AND
2 1 7095 7107 7109 AND
2 1 7092 7109 7110 AND
2 1 7116 7128 7130 AND
2 1 7113 7130 7131 AND
2 1 7110 7131 8406 AND
2 1 7129 8406 8407 AND
2 1 7108 8407 8408 AND
2 1 8405 8408 8409 AND
2 1 7122 7127 8414 AND
2 1 7117 8414 8415 AND
2 1 7122 7127 8416 AND
2 1 8415 8416 8417 AND
2 1 7101 7106 8410 AND
2 1 7096 8410 8411 AND
2 1 7101 7106 8412 AND
2 1 8411 8412 8413 AND
2 1 8417 8413 8418 XOR
2 1 8409 8418 8419 AND
2 1 8408 8418 8420 AND
2 1 8405 8420 8421 AND
2 1 8419 8421 8422 AND
2 1 8441 8422 8442 XOR
2 1 7086 7134 8400 AND
2 1 7038 8400 8401 AND
2 1 7086 7134 8402 AND
2 1 8401 8402 8403 AND
2 1 8442 8403 8443 XOR
2 1 7165 7186 8379 AND
2 1 7144 8379 8380 AND
2 1 7150 7161 7162 AND
2 1 7171 7182 7183 AND
2 1 7149 7161 7163 AND
2 1 7146 7163 7164 AND
2 1 7170 7182 7184 AND
2 1 7167 7184 7185 AND
2 1 7164 7185 8381 AND
2 1 7183 8381 8382 AND
2 1 7162 8382 8383 AND
2 1 8380 8383 8384 AND
2 1 7176 7181 8389 AND
2 1 7171 8389 8390 AND
2 1 7176 7181 8391 AND
2 1 8390 8391 8392 AND
2 1 7155 7160 8385 AND
2 1 7150 8385 8386 AND
2 1 7155 7160 8387 AND
2 1 8386 8387 8388 AND
2 1 8392 8388 8393 XOR
2 1 8384 8393 8394 AND
2 1 8383 8393 8395 AND
2 1 8380 8395 8396 AND
2 1 8394 8396 8397 AND
2 1 7213 7234 8360 AND
2 1 7192 8360 8361 AND
2 1 7198 7209 7210 AND
2 1 7219 7230 7231 AND
2 1 7197 7209 7211 AND
2 1 7194 7211 7212 AND
2 1 7218 7230 7232 AND
2 1 7215 7232 7233 AND
2 1 7212 7233 8362 AND
2 1 7231 8362 8363 AND
2 1 7210 8363 8364 AND
2 1 8361 8364 8365 AND
2 1 7224 7229 8370 AND
2 1 7219 8370 8371 AND
2 1 7224 7229 8372 AND
2 1 8371 8372 8373 AND
2 1 7203 7208 8366 AND
2 1 7198 8366 8367 AND
2 1 7203 7208 8368 AND
2 1 8367 8368 8369 AND
2 1 8373 8369 8374 XOR
2 1 8365 8374 8375 AND
2 1 8364 8374 8376 AND
2 1 8361 8376 8377 AND
2 1 8375 8377 8378 AND
2 1 8397 8378 8398 XOR
2 1 7188 7236 8356 AND
2 1 7140 8356 8357 AND
2 1 7188 7236 8358 AND
2 1 8357 8358 8359 AND
2 1 8398 8359 8399 XOR
2 1 8443 8399 8444 XOR
2 1 7136 7238 8352 AND
2 1 7034 8352 8353 AND
2 1 7136 7238 8354 AND
2 1 8353 8354 8355 AND
2 1 8444 8355 8445 XOR
2 1 8351 8445 8652 AND
2 1 8257 8652 8653 AND
2 1 8351 8445 8654 AND
2 1 8653 8654 8655 AND
2 1 8378 8397 8683 AND
2 1 8359 8683 8684 AND
2 1 8377 8396 8685 AND
2 1 8375 8394 8686 AND
2 1 8685 8686 8687 AND
2 1 8684 8687 8688 AND
2 1 8368 8372 8695 AND
2 1 8371 8695 8696 AND
2 1 8367 8696 8697 AND
2 1 8365 8697 8698 AND
2 1 8369 8373 8699 AND
2 1 8698 8699 8700 AND
2 1 8387 8391 8689 AND
2 1 8390 8689 8690 AND
2 1 8386 8690 8691 AND
2 1 8384 8691 8692 AND
2 1 8388 8392 8693 AND
2 1 8692 8693 8694 AND
2 1 8700 8694 8701 XOR
2 1 8688 8701 8702 AND
2 1 8687 8701 8703 AND
2 1 8684 8703 8704 AND
2 1 8702 8704 8705 AND
2 1 8422 8441 8660 AND
2 1 8403 8660 8661 AND
2 1 8421 8440 8662 AND
2 1 8419 8438 8663 AND
2 1 8662 8663 8664 AND
2 1 8661 8664 8665 AND
2 1 8412 8416 8672 AND
2 1 8415 8672 8673 AND
2 1 8411 8673 8674 AND
2 1 8409 8674 8675 AND
2 1 8413 8417 8676 AND
2 1 8675 8676 8677 AND
2 1 8431 8435 8666 AND
2 1 8434 8666 8667 AND
2 1 8430 8667 8668 AND
2 1 8428 8668 8669 AND
2 1 8432 8436 8670 AND
2 1 8669 8670 8671 AND
2 1 8677 8671 8678 XOR
2 1 8665 8678 8679 AND
2 1 8664 8678 8680 AND
2 1 8661 8680 8681 AND
2 1 8679 8681 8682 AND
2 1 8705 8682 8706 XOR
2 1 8399 8443 8656 AND
2 1 8355 8656 8657 AND
2 1 8399 8443 8658 AND
2 1 8657 8658 8659 AND
2 1 8706 8659 8707 XOR
2 1 8284 8303 8735 AND
2 1 8265 8735 8736 AND
2 1 8283 8302 8737 AND
2 1 8281 8300 8738 AND
2 1 8737 8738 8739 AND
2 1 8736 8739 8740 AND
2 1 8274 8278 8747 AND
2 1 8277 8747 8748 AND
2 1 8273 8748 8749 AND
2 1 8271 8749 8750 AND
2 1 8275 8279 8751 AND
2 1 8750 8751 8752 AND
2 1 8293 8297 8741 AND
2 1 8296 8741 8742 AND
2 1 8292 8742 8743 AND
2 1 8290 8743 8744 AND
2 1 8294 8298 8745 AND
2 1 8744 8745 8746 AND
2 1 8752 8746 8753 XOR
2 1 8740 8753 8754 AND
2 1 8739 8753 8755 AND
2 1 8736 8755 8756 AND
2 1 8754 8756 8757 AND
2 1 8328 8347 8712 AND
2 1 8309 8712 8713 AND
2 1 8327 8346 8714 AND
2 1 8325 8344 8715 AND
2 1 8714 8715 8716 AND
2 1 8713 8716 8717 AND
2 1 8318 8322 8724 AND
2 1 8321 8724 8725 AND
2 1 8317 8725 8726 AND
2 1 8315 8726 8727 AND
2 1 8319 8323 8728 AND
2 1 8727 8728 8729 AND
2 1 8337 8341 8718 AND
2 1 8340 8718 8719 AND
2 1 8336 8719 8720 AND
2 1 8334 8720 8721 AND
2 1 8338 8342 8722 AND
2 1 8721 8722 8723 AND
2 1 8729 8723 8730 XOR
2 1 8717 8730 8731 AND
2 1 8716 8730 8732 AND
2 1 8713 8732 8733 AND
2 1 8731 8733 8734 AND
2 1 8757 8734 8758 XOR
2 1 8305 8349 8708 AND
2 1 8261 8708 8709 AND
2 1 8305 8349 8710 AND
2 1 8709 8710 8711 AND
2 1 8758 8711 8759 XOR
2 1 8707 8759 8972 AND
2 1 8655 8972 8973 AND
2 1 8707 8759 8974 AND
2 1 8973 8974 8975 AND
2 1 8734 8757 8976 AND
2 1 8711 8976 8977 AND
2 1 8733 8756 8978 AND
2 1 8754 8978 8979 AND
2 1 8731 8979 8980 AND
2 1 8977 8980 8981 AND
2 1 8745 8751 8988 AND
2 1 8750 8988 8989 AND
2 1 8744 8989 8990 AND
2 1 8740 8990 8991 AND
2 1 8746 8752 8992 AND
2 1 8991 8992 8993 AND
2 1 8722 8728 8982 AND
2 1 8727 8982 8983 AND
2 1 8721 8983 8984 AND
2 1 8717 8984 8985 AND
2 1 8723 8729 8986 AND
2 1 8985 8986 8987 AND
2 1 8993 8987 8994 XOR
2 1 8981 8994 8995 AND
2 1 8980 8994 8996 AND
2 1 8977 8996 8997 AND
2 1 8995 8997 8998 AND
2 1 8682 8705 8999 AND
2 1 8659 8999 9000 AND
2 1 8681 8704 9001 AND
2 1 8702 9001 9002 AND
2 1 8679 9002 9003 AND
2 1 9000 9003 9004 AND
2 1 8693 8699 9011 AND
2 1 8698 9011 9012 AND
2 1 8692 9012 9013 AND
2 1 8688 9013 9014 AND
2 1 8694 8700 9015 AND
2 1 9014 9015 9016 AND
2 1 8670 8676 9005 AND
2 1 8675 9005 9006 AND
2 1 8669 9006 9007 AND
2 1 8665 9007 9008 AND
2 1 8671 8677 9009 AND
2 1 9008 9009 9010 AND
2 1 9016 9010 9017 XOR
2 1 9004 9017 9018 AND
2 1 9003 9017 9019 AND
2 1 9000 9019 9020 AND
2 1 9018 9020 9021 AND
2 1 8998 9021 9095 AND
2 1 8975 9095 9096 AND
2 1 8997 9020 9097 AND
2 1 9018 9097 9098 AND
2 1 8995 9098 9099 AND
2 1 9096 9099 9100 AND
2 1 8986 8992 9107 AND
2 1 8991 9107 9108 AND
2 1 8985 9108 9109 AND
2 1 8981 9109 9110 AND
2 1 8987 8993 9111 AND
2 1 9110 9111 9112 AND
2 1 9009 9015 9101 AND
2 1 9014 9101 9102 AND
2 1 9008 9102 9103 AND
2 1 9004 9103 9104 AND
2 1 9010 9016 9105 AND
2 1 9104 9105 9106 AND
2 1 9112 9106 9113 XOR
2 1 9100 9113 9114 AND
2 1 9099 9113 9115 AND
2 1 9096 9115 9116 AND
2 1 9114 9116 9117 AND
2 1 9094 9117 9118 AND
2 1 9093 9116 9119 AND
2 1 9091 9119 9120 AND
2 1 9114 9120 9121 AND
2 1 9118 9121 9122 AND
2 1 3713 3550 3715 XOR
2 1 3715 3714 3716 XOR
2 1 5457 5456 5463 XOR
2 1 3549 3293 5464 XOR
2 1 5464 3280 5465 XOR
2 1 5463 5465 5466 AND
2 1 3716 5466 5479 AND
2 1 5459 5458 5460 XOR
2 1 4585 5460 5461 AND
2 1 4585 5460 5462 AND
2 1 5461 5462 5467 AND
2 1 3716 5466 5480 AND
2 1 5467 5480 5481 AND
2 1 5479 5481 5482 AND
2 1 5832 5686 5834 XOR
2 1 5834 5490 5835 XOR
2 1 5835 5486 5836 XOR
2 1 6412 6126 6413 XOR
2 1 6413 5840 6414 XOR
2 1 5836 6414 7023 AND
2 1 5482 7023 7024 AND
2 1 5836 6414 7025 AND
2 1 7024 7025 7026 AND
2 1 7450 7240 7451 XOR
2 1 7451 7030 7452 XOR
2 1 7701 7598 7702 XOR
2 1 7702 7460 7703 XOR
2 1 7703 7456 7704 XOR
2 1 7452 7704 8137 AND
2 1 7026 8137 8138 AND
2 1 7452 7704 8139 AND
2 1 8138 8139 8140 AND
2 1 8249 8205 8251 XOR
2 1 8251 8148 8252 XOR
2 1 8252 8144 8253 XOR
2 1 8445 8351 8446 XOR
2 1 8446 8257 8447 XOR
2 1 8253 8447 8648 AND
2 1 8140 8648 8649 AND
2 1 8253 8447 8650 AND
2 1 8649 8650 8651 AND
2 1 8759 8707 8760 XOR
2 1 8760 8655 8761 XOR
2 1 8823 8822 8824 XOR
2 1 8824 8765 8825 XOR
2 1 8761 8825 8942 AND
2 1 8651 8942 8943 AND
2 1 8761 8825 8944 AND
2 1 8943 8944 8945 AND
2 1 8968 8969 8970 AND
2 1 8970 8949 8971 XOR
2 1 9021 8998 9022 XOR
2 1 9022 8975 9023 XOR
2 1 8971 9023 9084 AND
2 1 8945 9084 9085 AND
2 1 8971 9023 9086 AND
2 1 9085 9086 9087 AND
2 1 9122 9087 9123 XOR
2 1 515 514 2083 XOR
2 1 2083 516 2084 XOR
2 1 512 511 2081 XOR
2 1 2081 513 2082 XOR
2 1 2084 2082 2085 XOR
2 1 521 520 2067 XOR
2 1 2067 522 2068 XOR
2 1 518 517 2065 XOR
2 1 2065 519 2066 XOR
2 1 2068 2066 2069 XOR
2 1 2085 2069 2095 XOR
2 1 527 526 2052 XOR
2 1 2052 528 2053 XOR
2 1 524 523 2050 XOR
2 1 2050 525 2051 XOR
2 1 2053 2051 2054 XOR
2 1 533 532 2036 XOR
2 1 2036 534 2037 XOR
2 1 530 529 2034 XOR
2 1 2034 531 2035 XOR
2 1 2037 2035 2038 XOR
2 1 2054 2038 2064 XOR
2 1 2095 2064 2096 XOR
2 1 539 538 2020 XOR
2 1 2020 540 2021 XOR
2 1 536 535 2018 XOR
2 1 2018 537 2019 XOR
2 1 2021 2019 2022 XOR
2 1 545 544 2004 XOR
2 1 2004 546 2005 XOR
2 1 542 541 2002 XOR
2 1 2002 543 2003 XOR
2 1 2005 2003 2006 XOR
2 1 2022 2006 2032 XOR
2 1 551 550 1989 XOR
2 1 1989 552 1990 XOR
2 1 548 547 1987 XOR
2 1 1987 549 1988 XOR
2 1 1990 1988 1991 XOR
2 1 557 556 1973 XOR
2 1 1973 558 1974 XOR
2 1 554 553 1971 XOR
2 1 1971 555 1972 XOR
2 1 1974 1972 1975 XOR
2 1 1991 1975 2001 XOR
2 1 2032 2001 2033 XOR
2 1 2096 2033 2097 XOR
2 1 491 490 1956 XOR
2 1 1956 492 1957 XOR
2 1 488 487 1954 XOR
2 1 1954 489 1955 XOR
2 1 1957 1955 1958 XOR
2 1 497 496 1940 XOR
2 1 1940 498 1941 XOR
2 1 494 493 1938 XOR
2 1 1938 495 1939 XOR
2 1 1941 1939 1942 XOR
2 1 1958 1942 1968 XOR
2 1 503 502 1925 XOR
2 1 1925 504 1926 XOR
2 1 500 499 1923 XOR
2 1 1923 501 1924 XOR
2 1 1926 1924 1927 XOR
2 1 509 508 1909 XOR
2 1 1909 510 1910 XOR
2 1 506 505 1907 XOR
2 1 1907 507 1908 XOR
2 1 1910 1908 1911 XOR
2 1 1927 1911 1937 XOR
2 1 1968 1937 1969 XOR
2 1 479 478 1893 XOR
2 1 1893 480 1894 XOR
2 1 476 475 1891 XOR
2 1 1891 477 1892 XOR
2 1 1894 1892 1895 XOR
2 1 485 484 1877 XOR
2 1 1877 486 1878 XOR
2 1 482 481 1875 XOR
2 1 1875 483 1876 XOR
2 1 1878 1876 1879 XOR
2 1 1895 1879 1905 XOR
2 1 464 463 1862 XOR
2 1 1862 465 1863 XOR
2 1 467 466 1860 XOR
2 1 1860 468 1861 XOR
2 1 1863 1861 1864 XOR
2 1 473 472 1846 XOR
2 1 1846 474 1847 XOR
2 1 470 469 1844 XOR
2 1 1844 471 1845 XOR
2 1 1847 1845 1848 XOR
2 1 1864 1848 1874 XOR
2 1 1905 1874 1906 XOR
2 1 1969 1906 1970 XOR
2 1 2097 1970 2098 XOR
2 1 563 562 2338 XOR
2 1 2338 564 2339 XOR
2 1 560 559 2336 XOR
2 1 2336 561 2337 XOR
2 1 2339 2337 2340 XOR
2 1 569 568 2322 XOR
2 1 2322 570 2323 XOR
2 1 566 565 2320 XOR
2 1 2320 567 2321 XOR
2 1 2323 2321 2324 XOR
2 1 2340 2324 2350 XOR
2 1 575 574 2307 XOR
2 1 2307 576 2308 XOR
2 1 572 571 2305 XOR
2 1 2305 573 2306 XOR
2 1 2308 2306 2309 XOR
2 1 581 580 2291 XOR
2 1 2291 582 2292 XOR
2 1 578 577 2289 XOR
2 1 2289 579 2290 XOR
2 1 2292 2290 2293 XOR
2 1 2309 2293 2319 XOR
2 1 2350 2319 2351 XOR
2 1 587 586 2275 XOR
2 1 2275 588 2276 XOR
2 1 584 583 2273 XOR
2 1 2273 585 2274 XOR
2 1 2276 2274 2277 XOR
2 1 593 592 2259 XOR
2 1 2259 594 2260 XOR
2 1 590 589 2257 XOR
2 1 2257 591 2258 XOR
2 1 2260 2258 2261 XOR
2 1 2277 2261 2287 XOR
2 1 599 598 2244 XOR
2 1 2244 600 2245 XOR
2 1 596 595 2242 XOR
2 1 2242 597 2243 XOR
2 1 2245 2243 2246 XOR
2 1 605 604 2228 XOR
2 1 2228 606 2229 XOR
2 1 602 601 2226 XOR
2 1 2226 603 2227 XOR
2 1 2229 2227 2230 XOR
2 1 2246 2230 2256 XOR
2 1 2287 2256 2288 XOR
2 1 2351 2288 2352 XOR
2 1 611 610 2211 XOR
2 1 2211 612 2212 XOR
2 1 608 607 2209 XOR
2 1 2209 609 2210 XOR
2 1 2212 2210 2213 XOR
2 1 617 616 2195 XOR
2 1 2195 618 2196 XOR
2 1 614 613 2193 XOR
2 1 2193 615 2194 XOR
2 1 2196 2194 2197 XOR
2 1 2213 2197 2223 XOR
2 1 623 622 2180 XOR
2 1 2180 624 2181 XOR
2 1 620 619 2178 XOR
2 1 2178 621 2179 XOR
2 1 2181 2179 2182 XOR
2 1 629 628 2164 XOR
2 1 2164 630 2165 XOR
2 1 626 625 2162 XOR
2 1 2162 627 2163 XOR
2 1 2165 2163 2166 XOR
2 1 2182 2166 2192 XOR
2 1 2223 2192 2224 XOR
2 1 635 634 2148 XOR
2 1 2148 636 2149 XOR
2 1 632 631 2146 XOR
2 1 2146 633 2147 XOR
2 1 2149 2147 2150 XOR
2 1 641 640 2132 XOR
2 1 2132 642 2133 XOR
2 1 638 637 2130 XOR
2 1 2130 639 2131 XOR
2 1 2133 2131 2134 XOR
2 1 2150 2134 2160 XOR
2 1 647 646 2117 XOR
2 1 2117 648 2118 XOR
2 1 644 643 2115 XOR
2 1 2115 645 2116 XOR
2 1 2118 2116 2119 XOR
2 1 653 652 2101 XOR
2 1 2101 654 2102 XOR
2 1 650 649 2099 XOR
2 1 2099 651 2100 XOR
2 1 2102 2100 2103 XOR
2 1 2119 2103 2129 XOR
2 1 2160 2129 2161 XOR
2 1 2224 2161 2225 XOR
2 1 2352 2225 2353 XOR
2 1 2098 2353 2521 AND
2 1 463 464 1868 AND
2 1 465 1862 1869 AND
2 1 1868 1869 1870 AND
2 1 466 467 1865 AND
2 1 468 1860 1866 AND
2 1 1865 1866 1867 AND
2 1 1870 1867 2659 XOR
2 1 1861 1863 1871 AND
2 1 2659 1871 2660 XOR
2 1 469 470 1852 AND
2 1 471 1844 1853 AND
2 1 1852 1853 1854 AND
2 1 472 473 1849 AND
2 1 474 1846 1850 AND
2 1 1849 1850 1851 AND
2 1 1854 1851 1857 XOR
2 1 1845 1847 1855 AND
2 1 1857 1855 1858 XOR
2 1 1851 1854 1856 AND
2 1 1848 1856 2664 AND
2 1 1858 2664 2665 AND
2 1 1867 1870 1872 AND
2 1 1871 1872 1873 AND
2 1 1855 1856 1859 AND
2 1 1848 1864 2661 AND
2 1 1859 2661 2662 AND
2 1 1873 2662 2663 AND
2 1 2665 2663 2666 XOR
2 1 2660 2666 2667 AND
2 1 2663 2665 2668 AND
2 1 1858 2661 2669 AND
2 1 1859 2669 2670 AND
2 1 1873 2664 2671 AND
2 1 2670 2671 2672 AND
2 1 2668 2672 2673 AND
2 1 2660 2673 2674 AND
2 1 2667 2674 2675 AND
2 1 1874 1905 2658 AND
2 1 2675 2658 2677 XOR
2 1 475 476 1899 AND
2 1 477 1891 1900 AND
2 1 1899 1900 1901 AND
2 1 478 479 1896 AND
2 1 480 1893 1897 AND
2 1 1896 1897 1898 AND
2 1 1901 1898 2642 XOR
2 1 1892 1894 1902 AND
2 1 2642 1902 2643 XOR
2 1 1898 1901 1903 AND
2 1 1902 1903 1904 AND
2 1 1876 1878 1886 AND
2 1 484 485 1880 AND
2 1 486 1877 1881 AND
2 1 1880 1881 1882 AND
2 1 481 482 1883 AND
2 1 483 1875 1884 AND
2 1 1883 1884 1885 AND
2 1 1882 1885 1887 AND
2 1 1886 1887 1890 AND
2 1 1879 1895 2644 AND
2 1 1890 2644 2645 AND
2 1 1904 2645 2646 AND
2 1 1885 1882 1888 XOR
2 1 1888 1886 1889 XOR
2 1 1879 1887 2647 AND
2 1 1889 2647 2648 AND
2 1 2646 2648 2649 AND
2 1 1889 2644 2650 AND
2 1 1890 2650 2651 AND
2 1 1904 2647 2652 AND
2 1 2651 2652 2653 AND
2 1 2649 2653 2654 AND
2 1 2643 2654 2655 AND
2 1 2648 2646 2656 XOR
2 1 2643 2656 2657 AND
2 1 2655 2657 2676 AND
2 1 2677 2676 2678 XOR
2 1 1906 1969 2641 AND
2 1 2678 2641 2680 XOR
2 1 487 488 1962 AND
2 1 489 1954 1963 AND
2 1 1962 1963 1964 AND
2 1 490 491 1959 AND
2 1 492 1956 1960 AND
2 1 1959 1960 1961 AND
2 1 1964 1961 2603 XOR
2 1 1955 1957 1965 AND
2 1 2603 1965 2604 XOR
2 1 493 494 1946 AND
2 1 495 1938 1947 AND
2 1 1946 1947 1948 AND
2 1 496 497 1943 AND
2 1 498 1940 1944 AND
2 1 1943 1944 1945 AND
2 1 1948 1945 1951 XOR
2 1 1939 1941 1949 AND
2 1 1951 1949 1952 XOR
2 1 1945 1948 1950 AND
2 1 1942 1950 2608 AND
2 1 1952 2608 2609 AND
2 1 1961 1964 1966 AND
2 1 1965 1966 1967 AND
2 1 1949 1950 1953 AND
2 1 1942 1958 2605 AND
2 1 1953 2605 2606 AND
2 1 1967 2606 2607 AND
2 1 2609 2607 2610 XOR
2 1 2604 2610 2611 AND
2 1 2607 2609 2612 AND
2 1 1952 2605 2613 AND
2 1 1953 2613 2614 AND
2 1 1967 2608 2615 AND
2 1 2614 2615 2616 AND
2 1 2612 2616 2617 AND
2 1 2604 2617 2618 AND
2 1 2611 2618 2619 AND
2 1 499 500 1931 AND
2 1 501 1923 1932 AND
2 1 1931 1932 1933 AND
2 1 502 503 1928 AND
2 1 504 1925 1929 AND
2 1 1928 1929 1930 AND
2 1 1933 1930 2620 XOR
2 1 1924 1926 1934 AND
2 1 2620 1934 2621 XOR
2 1 1930 1933 1935 AND
2 1 1934 1935 1936 AND
2 1 1908 1910 1918 AND
2 1 508 509 1912 AND
2 1 510 1909 1913 AND
2 1 1912 1913 1914 AND
2 1 505 506 1915 AND
2 1 507 1907 1916 AND
2 1 1915 1916 1917 AND
2 1 1914 1917 1919 AND
2 1 1918 1919 1922 AND
2 1 1911 1927 2622 AND
2 1 1922 2622 2623 AND
2 1 1936 2623 2624 AND
2 1 1917 1914 1920 XOR
2 1 1920 1918 1921 XOR
2 1 1911 1919 2625 AND
2 1 1921 2625 2626 AND
2 1 2624 2626 2627 AND
2 1 1921 2622 2628 AND
2 1 1922 2628 2629 AND
2 1 1936 2625 2630 AND
2 1 2629 2630 2631 AND
2 1 2627 2631 2632 AND
2 1 2621 2632 2633 AND
2 1 2626 2624 2634 XOR
2 1 2621 2634 2635 AND
2 1 2633 2635 2637 AND
2 1 1937 1968 2636 AND
2 1 2637 2636 2638 XOR
2 1 2619 2638 2639 AND
2 1 2619 2638 2640 AND
2 1 2639 2640 2679 AND
2 1 2680 2679 2681 XOR
2 1 1970 2097 2602 AND
2 1 2681 2602 2683 XOR
2 1 511 512 2089 AND
2 1 513 2081 2090 AND
2 1 2089 2090 2091 AND
2 1 514 515 2086 AND
2 1 516 2083 2087 AND
2 1 2086 2087 2088 AND
2 1 2091 2088 2539 XOR
2 1 2082 2084 2092 AND
2 1 2539 2092 2540 XOR
2 1 517 518 2073 AND
2 1 519 2065 2074 AND
2 1 2073 2074 2075 AND
2 1 520 521 2070 AND
2 1 522 2067 2071 AND
2 1 2070 2071 2072 AND
2 1 2075 2072 2078 XOR
2 1 2066 2068 2076 AND
2 1 2078 2076 2079 XOR
2 1 2072 2075 2077 AND
2 1 2069 2077 2544 AND
2 1 2079 2544 2545 AND
2 1 2088 2091 2093 AND
2 1 2092 2093 2094 AND
2 1 2076 2077 2080 AND
2 1 2069 2085 2541 AND
2 1 2080 2541 2542 AND
2 1 2094 2542 2543 AND
2 1 2545 2543 2546 XOR
2 1 2540 2546 2547 AND
2 1 2543 2545 2548 AND
2 1 2079 2541 2549 AND
2 1 2080 2549 2550 AND
2 1 2094 2544 2551 AND
2 1 2550 2551 2552 AND
2 1 2548 2552 2553 AND
2 1 2540 2553 2554 AND
2 1 2547 2554 2555 AND
2 1 2064 2095 2538 AND
2 1 2555 2538 2557 XOR
2 1 523 524 2058 AND
2 1 525 2050 2059 AND
2 1 2058 2059 2060 AND
2 1 526 527 2055 AND
2 1 528 2052 2056 AND
2 1 2055 2056 2057 AND
2 1 2060 2057 2522 XOR
2 1 2051 2053 2061 AND
2 1 2522 2061 2523 XOR
2 1 2057 2060 2062 AND
2 1 2061 2062 2063 AND
2 1 2035 2037 2045 AND
2 1 532 533 2039 AND
2 1 534 2036 2040 AND
2 1 2039 2040 2041 AND
2 1 529 530 2042 AND
2 1 531 2034 2043 AND
2 1 2042 2043 2044 AND
2 1 2041 2044 2046 AND
2 1 2045 2046 2049 AND
2 1 2038 2054 2524 AND
2 1 2049 2524 2525 AND
2 1 2063 2525 2526 AND
2 1 2044 2041 2047 XOR
2 1 2047 2045 2048 XOR
2 1 2038 2046 2527 AND
2 1 2048 2527 2528 AND
2 1 2526 2528 2529 AND
2 1 2048 2524 2530 AND
2 1 2049 2530 2531 AND
2 1 2063 2527 2532 AND
2 1 2531 2532 2533 AND
2 1 2529 2533 2534 AND
2 1 2523 2534 2535 AND
2 1 2528 2526 2536 XOR
2 1 2523 2536 2537 AND
2 1 2535 2537 2556 AND
2 1 2557 2556 2558 XOR
2 1 535 536 2026 AND
2 1 537 2018 2027 AND
2 1 2026 2027 2028 AND
2 1 538 539 2023 AND
2 1 540 2020 2024 AND
2 1 2023 2024 2025 AND
2 1 2028 2025 2559 XOR
2 1 2019 2021 2029 AND
2 1 2559 2029 2560 XOR
2 1 541 542 2010 AND
2 1 543 2002 2011 AND
2 1 2010 2011 2012 AND
2 1 544 545 2007 AND
2 1 546 2004 2008 AND
2 1 2007 2008 2009 AND
2 1 2012 2009 2015 XOR
2 1 2003 2005 2013 AND
2 1 2015 2013 2016 XOR
2 1 2009 2012 2014 AND
2 1 2006 2014 2564 AND
2 1 2016 2564 2565 AND
2 1 2025 2028 2030 AND
2 1 2029 2030 2031 AND
2 1 2013 2014 2017 AND
2 1 2006 2022 2561 AND
2 1 2017 2561 2562 AND
2 1 2031 2562 2563 AND
2 1 2565 2563 2566 XOR
2 1 2560 2566 2567 AND
2 1 2563 2565 2568 AND
2 1 2016 2561 2569 AND
2 1 2017 2569 2570 AND
2 1 2031 2564 2571 AND
2 1 2570 2571 2572 AND
2 1 2568 2572 2573 AND
2 1 2560 2573 2574 AND
2 1 2567 2574 2575 AND
2 1 547 548 1995 AND
2 1 549 1987 1996 AND
2 1 1995 1996 1997 AND
2 1 550 551 1992 AND
2 1 552 1989 1993 AND
2 1 1992 1993 1994 AND
2 1 1997 1994 2576 XOR
2 1 1988 1990 1998 AND
2 1 2576 1998 2577 XOR
2 1 1994 1997 1999 AND
2 1 1998 1999 2000 AND
2 1 1972 1974 1982 AND
2 1 556 557 1976 AND
2 1 558 1973 1977 AND
2 1 1976 1977 1978 AND
2 1 553 554 1979 AND
2 1 555 1971 1980 AND
2 1 1979 1980 1981 AND
2 1 1978 1981 1983 AND
2 1 1982 1983 1986 AND
2 1 1975 1991 2578 AND
2 1 1986 2578 2579 AND
2 1 2000 2579 2580 AND
2 1 1981 1978 1984 XOR
2 1 1984 1982 1985 XOR
2 1 1975 1983 2581 AND
2 1 1985 2581 2582 AND
2 1 2580 2582 2583 AND
2 1 1985 2578 2584 AND
2 1 1986 2584 2585 AND
2 1 2000 2581 2586 AND
2 1 2585 2586 2587 AND
2 1 2583 2587 2588 AND
2 1 2577 2588 2589 AND
2 1 2582 2580 2590 XOR
2 1 2577 2590 2591 AND
2 1 2589 2591 2593 AND
2 1 2001 2032 2592 AND
2 1 2593 2592 2594 XOR
2 1 2575 2594 2595 AND
2 1 2575 2594 2596 AND
2 1 2595 2596 2598 AND
2 1 2033 2096 2597 AND
2 1 2598 2597 2599 XOR
2 1 2558 2599 2600 AND
2 1 2558 2599 2601 AND
2 1 2600 2601 2682 AND
2 1 2683 2682 2684 XOR
2 1 2521 2684 6421 AND
2 1 559 560 2344 AND
2 1 561 2336 2345 AND
2 1 2344 2345 2346 AND
2 1 562 563 2341 AND
2 1 564 2338 2342 AND
2 1 2341 2342 2343 AND
2 1 2346 2343 2413 XOR
2 1 2337 2339 2347 AND
2 1 2413 2347 2414 XOR
2 1 565 566 2328 AND
2 1 567 2320 2329 AND
2 1 2328 2329 2330 AND
2 1 568 569 2325 AND
2 1 570 2322 2326 AND
2 1 2325 2326 2327 AND
2 1 2330 2327 2333 XOR
2 1 2321 2323 2331 AND
2 1 2333 2331 2334 XOR
2 1 2327 2330 2332 AND
2 1 2324 2332 2418 AND
2 1 2334 2418 2419 AND
2 1 2343 2346 2348 AND
2 1 2347 2348 2349 AND
2 1 2331 2332 2335 AND
2 1 2324 2340 2415 AND
2 1 2335 2415 2416 AND
2 1 2349 2416 2417 AND
2 1 2419 2417 2420 XOR
2 1 2414 2420 2421 AND
2 1 2417 2419 2422 AND
2 1 2334 2415 2423 AND
2 1 2335 2423 2424 AND
2 1 2349 2418 2425 AND
2 1 2424 2425 2426 AND
2 1 2422 2426 2427 AND
2 1 2414 2427 2428 AND
2 1 2421 2428 2429 AND
2 1 2319 2350 2412 AND
2 1 2429 2412 2431 XOR
2 1 571 572 2313 AND
2 1 573 2305 2314 AND
2 1 2313 2314 2315 AND
2 1 574 575 2310 AND
2 1 576 2307 2311 AND
2 1 2310 2311 2312 AND
2 1 2315 2312 2396 XOR
2 1 2306 2308 2316 AND
2 1 2396 2316 2397 XOR
2 1 2312 2315 2317 AND
2 1 2316 2317 2318 AND
2 1 2290 2292 2300 AND
2 1 580 581 2294 AND
2 1 582 2291 2295 AND
2 1 2294 2295 2296 AND
2 1 577 578 2297 AND
2 1 579 2289 2298 AND
2 1 2297 2298 2299 AND
2 1 2296 2299 2301 AND
2 1 2300 2301 2304 AND
2 1 2293 2309 2398 AND
2 1 2304 2398 2399 AND
2 1 2318 2399 2400 AND
2 1 2299 2296 2302 XOR
2 1 2302 2300 2303 XOR
2 1 2293 2301 2401 AND
2 1 2303 2401 2402 AND
2 1 2400 2402 2403 AND
2 1 2303 2398 2404 AND
2 1 2304 2404 2405 AND
2 1 2318 2401 2406 AND
2 1 2405 2406 2407 AND
2 1 2403 2407 2408 AND
2 1 2397 2408 2409 AND
2 1 2402 2400 2410 XOR
2 1 2397 2410 2411 AND
2 1 2409 2411 2430 AND
2 1 2431 2430 2432 XOR
2 1 2288 2351 2395 AND
2 1 2432 2395 2434 XOR
2 1 583 584 2281 AND
2 1 585 2273 2282 AND
2 1 2281 2282 2283 AND
2 1 586 587 2278 AND
2 1 588 2275 2279 AND
2 1 2278 2279 2280 AND
2 1 2283 2280 2357 XOR
2 1 2274 2276 2284 AND
2 1 2357 2284 2358 XOR
2 1 589 590 2265 AND
2 1 591 2257 2266 AND
2 1 2265 2266 2267 AND
2 1 592 593 2262 AND
2 1 594 2259 2263 AND
2 1 2262 2263 2264 AND
2 1 2267 2264 2270 XOR
2 1 2258 2260 2268 AND
2 1 2270 2268 2271 XOR
2 1 2264 2267 2269 AND
2 1 2261 2269 2362 AND
2 1 2271 2362 2363 AND
2 1 2280 2283 2285 AND
2 1 2284 2285 2286 AND
2 1 2268 2269 2272 AND
2 1 2261 2277 2359 AND
2 1 2272 2359 2360 AND
2 1 2286 2360 2361 AND
2 1 2363 2361 2364 XOR
2 1 2358 2364 2365 AND
2 1 2361 2363 2366 AND
2 1 2271 2359 2367 AND
2 1 2272 2367 2368 AND
2 1 2286 2362 2369 AND
2 1 2368 2369 2370 AND
2 1 2366 2370 2371 AND
2 1 2358 2371 2372 AND
2 1 2365 2372 2373 AND
2 1 595 596 2250 AND
2 1 597 2242 2251 AND
2 1 2250 2251 2252 AND
2 1 598 599 2247 AND
2 1 600 2244 2248 AND
2 1 2247 2248 2249 AND
2 1 2252 2249 2374 XOR
2 1 2243 2245 2253 AND
2 1 2374 2253 2375 XOR
2 1 2249 2252 2254 AND
2 1 2253 2254 2255 AND
2 1 2227 2229 2237 AND
2 1 604 605 2231 AND
2 1 606 2228 2232 AND
2 1 2231 2232 2233 AND
2 1 601 602 2234 AND
2 1 603 2226 2235 AND
2 1 2234 2235 2236 AND
2 1 2233 2236 2238 AND
2 1 2237 2238 2241 AND
2 1 2230 2246 2376 AND
2 1 2241 2376 2377 AND
2 1 2255 2377 2378 AND
2 1 2236 2233 2239 XOR
2 1 2239 2237 2240 XOR
2 1 2230 2238 2379 AND
2 1 2240 2379 2380 AND
2 1 2378 2380 2381 AND
2 1 2240 2376 2382 AND
2 1 2241 2382 2383 AND
2 1 2255 2379 2384 AND
2 1 2383 2384 2385 AND
2 1 2381 2385 2386 AND
2 1 2375 2386 2387 AND
2 1 2380 2378 2388 XOR
2 1 2375 2388 2389 AND
2 1 2387 2389 2391 AND
2 1 2256 2287 2390 AND
2 1 2391 2390 2392 XOR
2 1 2373 2392 2393 AND
2 1 2373 2392 2394 AND
2 1 2393 2394 2433 AND
2 1 2434 2433 2435 XOR
2 1 607 608 2217 AND
2 1 609 2209 2218 AND
2 1 2217 2218 2219 AND
2 1 610 611 2214 AND
2 1 612 2211 2215 AND
2 1 2214 2215 2216 AND
2 1 2219 2216 2453 XOR
2 1 2210 2212 2220 AND
2 1 2453 2220 2454 XOR
2 1 613 614 2201 AND
2 1 615 2193 2202 AND
2 1 2201 2202 2203 AND
2 1 616 617 2198 AND
2 1 618 2195 2199 AND
2 1 2198 2199 2200 AND
2 1 2203 2200 2206 XOR
2 1 2194 2196 2204 AND
2 1 2206 2204 2207 XOR
2 1 2200 2203 2205 AND
2 1 2197 2205 2458 AND
2 1 2207 2458 2459 AND
2 1 2216 2219 2221 AND
2 1 2220 2221 2222 AND
2 1 2204 2205 2208 AND
2 1 2197 2213 2455 AND
2 1 2208 2455 2456 AND
2 1 2222 2456 2457 AND
2 1 2459 2457 2460 XOR
2 1 2454 2460 2461 AND
2 1 2457 2459 2462 AND
2 1 2207 2455 2463 AND
2 1 2208 2463 2464 AND
2 1 2222 2458 2465 AND
2 1 2464 2465 2466 AND
2 1 2462 2466 2467 AND
2 1 2454 2467 2468 AND
2 1 2461 2468 2469 AND
2 1 2192 2223 2452 AND
2 1 2469 2452 2471 XOR
2 1 619 620 2186 AND
2 1 621 2178 2187 AND
2 1 2186 2187 2188 AND
2 1 622 623 2183 AND
2 1 624 2180 2184 AND
2 1 2183 2184 2185 AND
2 1 2188 2185 2436 XOR
2 1 2179 2181 2189 AND
2 1 2436 2189 2437 XOR
2 1 2185 2188 2190 AND
2 1 2189 2190 2191 AND
2 1 2163 2165 2173 AND
2 1 628 629 2167 AND
2 1 630 2164 2168 AND
2 1 2167 2168 2169 AND
2 1 625 626 2170 AND
2 1 627 2162 2171 AND
2 1 2170 2171 2172 AND
2 1 2169 2172 2174 AND
2 1 2173 2174 2177 AND
2 1 2166 2182 2438 AND
2 1 2177 2438 2439 AND
2 1 2191 2439 2440 AND
2 1 2172 2169 2175 XOR
2 1 2175 2173 2176 XOR
2 1 2166 2174 2441 AND
2 1 2176 2441 2442 AND
2 1 2440 2442 2443 AND
2 1 2176 2438 2444 AND
2 1 2177 2444 2445 AND
2 1 2191 2441 2446 AND
2 1 2445 2446 2447 AND
2 1 2443 2447 2448 AND
2 1 2437 2448 2449 AND
2 1 2442 2440 2450 XOR
2 1 2437 2450 2451 AND
2 1 2449 2451 2470 AND
2 1 2471 2470 2472 XOR
2 1 631 632 2154 AND
2 1 633 2146 2155 AND
2 1 2154 2155 2156 AND
2 1 634 635 2151 AND
2 1 636 2148 2152 AND
2 1 2151 2152 2153 AND
2 1 2156 2153 2473 XOR
2 1 2147 2149 2157 AND
2 1 2473 2157 2474 XOR
2 1 637 638 2138 AND
2 1 639 2130 2139 AND
2 1 2138 2139 2140 AND
2 1 640 641 2135 AND
2 1 642 2132 2136 AND
2 1 2135 2136 2137 AND
2 1 2140 2137 2143 XOR
2 1 2131 2133 2141 AND
2 1 2143 2141 2144 XOR
2 1 2137 2140 2142 AND
2 1 2134 2142 2478 AND
2 1 2144 2478 2479 AND
2 1 2153 2156 2158 AND
2 1 2157 2158 2159 AND
2 1 2141 2142 2145 AND
2 1 2134 2150 2475 AND
2 1 2145 2475 2476 AND
2 1 2159 2476 2477 AND
2 1 2479 2477 2480 XOR
2 1 2474 2480 2481 AND
2 1 2477 2479 2482 AND
2 1 2144 2475 2483 AND
2 1 2145 2483 2484 AND
2 1 2159 2478 2485 AND
2 1 2484 2485 2486 AND
2 1 2482 2486 2487 AND
2 1 2474 2487 2488 AND
2 1 2481 2488 2489 AND
2 1 643 644 2123 AND
2 1 645 2115 2124 AND
2 1 2123 2124 2125 AND
2 1 646 647 2120 AND
2 1 648 2117 2121 AND
2 1 2120 2121 2122 AND
2 1 2125 2122 2490 XOR
2 1 2116 2118 2126 AND
2 1 2490 2126 2491 XOR
2 1 2122 2125 2127 AND
2 1 2126 2127 2128 AND
2 1 2100 2102 2110 AND
2 1 652 653 2104 AND
2 1 654 2101 2105 AND
2 1 2104 2105 2106 AND
2 1 649 650 2107 AND
2 1 651 2099 2108 AND
2 1 2107 2108 2109 AND
2 1 2106 2109 2111 AND
2 1 2110 2111 2114 AND
2 1 2103 2119 2492 AND
2 1 2114 2492 2493 AND
2 1 2128 2493 2494 AND
2 1 2109 2106 2112 XOR
2 1 2112 2110 2113 XOR
2 1 2103 2111 2495 AND
2 1 2113 2495 2496 AND
2 1 2494 2496 2497 AND
2 1 2113 2492 2498 AND
2 1 2114 2498 2499 AND
2 1 2128 2495 2500 AND
2 1 2499 2500 2501 AND
2 1 2497 2501 2502 AND
2 1 2491 2502 2503 AND
2 1 2496 2494 2504 XOR
2 1 2491 2504 2505 AND
2 1 2503 2505 2507 AND
2 1 2129 2160 2506 AND
2 1 2507 2506 2508 XOR
2 1 2489 2508 2509 AND
2 1 2489 2508 2510 AND
2 1 2509 2510 2512 AND
2 1 2161 2224 2511 AND
2 1 2512 2511 2513 XOR
2 1 2472 2513 2514 AND
2 1 2472 2513 2515 AND
2 1 2514 2515 2517 AND
2 1 2225 2352 2516 AND
2 1 2517 2516 2518 XOR
2 1 2435 2518 2519 AND
2 1 2435 2518 2520 AND
2 1 2519 2520 2685 AND
2 1 2521 2684 6422 AND
2 1 2685 6422 6423 AND
2 1 6421 6423 6424 AND
2 1 2577 2583 6552 AND
2 1 2587 6552 6553 AND
2 1 1994 1997 6557 AND
2 1 1998 1999 6558 AND
2 1 6557 6558 6559 AND
2 1 1978 1981 6554 AND
2 1 1982 1983 6555 AND
2 1 6554 6555 6556 AND
2 1 6559 6556 6560 XOR
2 1 6553 6560 6561 AND
2 1 2587 6560 6562 AND
2 1 6552 6562 6563 AND
2 1 6561 6563 6564 AND
2 1 2560 2568 6539 AND
2 1 2572 6539 6540 AND
2 1 2025 2028 6544 AND
2 1 2029 2030 6545 AND
2 1 6544 6545 6546 AND
2 1 2009 2012 6541 AND
2 1 2013 2014 6542 AND
2 1 6541 6542 6543 AND
2 1 6546 6543 6547 XOR
2 1 6540 6547 6548 AND
2 1 2572 6547 6549 AND
2 1 6539 6549 6550 AND
2 1 6548 6550 6551 AND
2 1 6564 6551 6565 XOR
2 1 2575 2592 6535 AND
2 1 2575 2592 6536 AND
2 1 2593 6536 6537 AND
2 1 6535 6537 6538 AND
2 1 6565 6538 6566 XOR
2 1 2523 2529 6520 AND
2 1 2533 6520 6521 AND
2 1 2057 2060 6525 AND
2 1 2061 2062 6526 AND
2 1 6525 6526 6527 AND
2 1 2041 2044 6522 AND
2 1 2045 2046 6523 AND
2 1 6522 6523 6524 AND
2 1 6527 6524 6528 XOR
2 1 6521 6528 6529 AND
2 1 2533 6528 6530 AND
2 1 6520 6530 6531 AND
2 1 6529 6531 6532 AND
2 1 2540 2548 6507 AND
2 1 2552 6507 6508 AND
2 1 2088 2091 6512 AND
2 1 2092 2093 6513 AND
2 1 6512 6513 6514 AND
2 1 2072 2075 6509 AND
2 1 2076 2077 6510 AND
2 1 6509 6510 6511 AND
2 1 6514 6511 6515 XOR
2 1 6508 6515 6516 AND
2 1 2552 6515 6517 AND
2 1 6507 6517 6518 AND
2 1 6516 6518 6519 AND
2 1 6532 6519 6533 XOR
2 1 2538 2555 6503 AND
2 1 2538 2555 6504 AND
2 1 2556 6504 6505 AND
2 1 6503 6505 6506 AND
2 1 6533 6506 6534 XOR
2 1 6566 6534 6567 XOR
2 1 2558 2597 6499 AND
2 1 2558 2597 6500 AND
2 1 2598 6500 6501 AND
2 1 6499 6501 6502 AND
2 1 6567 6502 6568 XOR
2 1 2621 2627 6482 AND
2 1 2631 6482 6483 AND
2 1 1930 1933 6487 AND
2 1 1934 1935 6488 AND
2 1 6487 6488 6489 AND
2 1 1914 1917 6484 AND
2 1 1918 1919 6485 AND
2 1 6484 6485 6486 AND
2 1 6489 6486 6490 XOR
2 1 6483 6490 6491 AND
2 1 2631 6490 6492 AND
2 1 6482 6492 6493 AND
2 1 6491 6493 6494 AND
2 1 2604 2612 6469 AND
2 1 2616 6469 6470 AND
2 1 1961 1964 6474 AND
2 1 1965 1966 6475 AND
2 1 6474 6475 6476 AND
2 1 1945 1948 6471 AND
2 1 1949 1950 6472 AND
2 1 6471 6472 6473 AND
2 1 6476 6473 6477 XOR
2 1 6470 6477 6478 AND
2 1 2616 6477 6479 AND
2 1 6469 6479 6480 AND
2 1 6478 6480 6481 AND
2 1 6494 6481 6495 XOR
2 1 2619 2636 6465 AND
2 1 2619 2636 6466 AND
2 1 2637 6466 6467 AND
2 1 6465 6467 6468 AND
2 1 6495 6468 6496 XOR
2 1 2643 2649 6450 AND
2 1 2653 6450 6451 AND
2 1 1898 1901 6455 AND
2 1 1902 1903 6456 AND
2 1 6455 6456 6457 AND
2 1 1882 1885 6452 AND
2 1 1886 1887 6453 AND
2 1 6452 6453 6454 AND
2 1 6457 6454 6458 XOR
2 1 6451 6458 6459 AND
2 1 2653 6458 6460 AND
2 1 6450 6460 6461 AND
2 1 6459 6461 6462 AND
2 1 2660 2668 6437 AND
2 1 2672 6437 6438 AND
2 1 1867 1870 6442 AND
2 1 1871 1872 6443 AND
2 1 6442 6443 6444 AND
2 1 1851 1854 6439 AND
2 1 1855 1856 6440 AND
2 1 6439 6440 6441 AND
2 1 6444 6441 6445 XOR
2 1 6438 6445 6446 AND
2 1 2672 6445 6447 AND
2 1 6437 6447 6448 AND
2 1 6446 6448 6449 AND
2 1 6462 6449 6463 XOR
2 1 2658 2675 6433 AND
2 1 2658 2675 6434 AND
2 1 2676 6434 6435 AND
2 1 6433 6435 6436 AND
2 1 6463 6436 6464 XOR
2 1 6496 6464 6497 XOR
2 1 2641 2678 6429 AND
2 1 2641 2678 6430 AND
2 1 2679 6430 6431 AND
2 1 6429 6431 6432 AND
2 1 6497 6432 6498 XOR
2 1 6568 6498 6569 XOR
2 1 2602 2681 6425 AND
2 1 2602 2681 6426 AND
2 1 2682 6426 6427 AND
2 1 6425 6427 6428 AND
2 1 6569 6428 6570 XOR
2 1 2491 2497 6698 AND
2 1 2501 6698 6699 AND
2 1 2122 2125 6703 AND
2 1 2126 2127 6704 AND
2 1 6703 6704 6705 AND
2 1 2106 2109 6700 AND
2 1 2110 2111 6701 AND
2 1 6700 6701 6702 AND
2 1 6705 6702 6706 XOR
2 1 6699 6706 6707 AND
2 1 2501 6706 6708 AND
2 1 6698 6708 6709 AND
2 1 6707 6709 6710 AND
2 1 2474 2482 6685 AND
2 1 2486 6685 6686 AND
2 1 2153 2156 6690 AND
2 1 2157 2158 6691 AND
2 1 6690 6691 6692 AND
2 1 2137 2140 6687 AND
2 1 2141 2142 6688 AND
2 1 6687 6688 6689 AND
2 1 6692 6689 6693 XOR
2 1 6686 6693 6694 AND
2 1 2486 6693 6695 AND
2 1 6685 6695 6696 AND
2 1 6694 6696 6697 AND
2 1 6710 6697 6711 XOR
2 1 2489 2506 6681 AND
2 1 2489 2506 6682 AND
2 1 2507 6682 6683 AND
2 1 6681 6683 6684 AND
2 1 6711 6684 6712 XOR
2 1 2437 2443 6666 AND
2 1 2447 6666 6667 AND
2 1 2185 2188 6671 AND
2 1 2189 2190 6672 AND
2 1 6671 6672 6673 AND
2 1 2169 2172 6668 AND
2 1 2173 2174 6669 AND
2 1 6668 6669 6670 AND
2 1 6673 6670 6674 XOR
2 1 6667 6674 6675 AND
2 1 2447 6674 6676 AND
2 1 6666 6676 6677 AND
2 1 6675 6677 6678 AND
2 1 2454 2462 6653 AND
2 1 2466 6653 6654 AND
2 1 2216 2219 6658 AND
2 1 2220 2221 6659 AND
2 1 6658 6659 6660 AND
2 1 2200 2203 6655 AND
2 1 2204 2205 6656 AND
2 1 6655 6656 6657 AND
2 1 6660 6657 6661 XOR
2 1 6654 6661 6662 AND
2 1 2466 6661 6663 AND
2 1 6653 6663 6664 AND
2 1 6662 6664 6665 AND
2 1 6678 6665 6679 XOR
2 1 2452 2469 6649 AND
2 1 2452 2469 6650 AND
2 1 2470 6650 6651 AND
2 1 6649 6651 6652 AND
2 1 6679 6652 6680 XOR
2 1 6712 6680 6713 XOR
2 1 2472 2511 6645 AND
2 1 2472 2511 6646 AND
2 1 2512 6646 6647 AND
2 1 6645 6647 6648 AND
2 1 6713 6648 6714 XOR
2 1 2375 2381 6628 AND
2 1 2385 6628 6629 AND
2 1 2249 2252 6633 AND
2 1 2253 2254 6634 AND
2 1 6633 6634 6635 AND
2 1 2233 2236 6630 AND
2 1 2237 2238 6631 AND
2 1 6630 6631 6632 AND
2 1 6635 6632 6636 XOR
2 1 6629 6636 6637 AND
2 1 2385 6636 6638 AND
2 1 6628 6638 6639 AND
2 1 6637 6639 6640 AND
2 1 2358 2366 6615 AND
2 1 2370 6615 6616 AND
2 1 2280 2283 6620 AND
2 1 2284 2285 6621 AND
2 1 6620 6621 6622 AND
2 1 2264 2267 6617 AND
2 1 2268 2269 6618 AND
2 1 6617 6618 6619 AND
2 1 6622 6619 6623 XOR
2 1 6616 6623 6624 AND
2 1 2370 6623 6625 AND
2 1 6615 6625 6626 AND
2 1 6624 6626 6627 AND
2 1 6640 6627 6641 XOR
2 1 2373 2390 6611 AND
2 1 2373 2390 6612 AND
2 1 2391 6612 6613 AND
2 1 6611 6613 6614 AND
2 1 6641 6614 6642 XOR
2 1 2397 2403 6596 AND
2 1 2407 6596 6597 AND
2 1 2312 2315 6601 AND
2 1 2316 2317 6602 AND
2 1 6601 6602 6603 AND
2 1 2296 2299 6598 AND
2 1 2300 2301 6599 AND
2 1 6598 6599 6600 AND
2 1 6603 6600 6604 XOR
2 1 6597 6604 6605 AND
2 1 2407 6604 6606 AND
2 1 6596 6606 6607 AND
2 1 6605 6607 6608 AND
2 1 2414 2422 6583 AND
2 1 2426 6583 6584 AND
2 1 2343 2346 6588 AND
2 1 2347 2348 6589 AND
2 1 6588 6589 6590 AND
2 1 2327 2330 6585 AND
2 1 2331 2332 6586 AND
2 1 6585 6586 6587 AND
2 1 6590 6587 6591 XOR
2 1 6584 6591 6592 AND
2 1 2426 6591 6593 AND
2 1 6583 6593 6594 AND
2 1 6592 6594 6595 AND
2 1 6608 6595 6609 XOR
2 1 2412 2429 6579 AND
2 1 2412 2429 6580 AND
2 1 2430 6580 6581 AND
2 1 6579 6581 6582 AND
2 1 6609 6582 6610 XOR
2 1 6642 6610 6643 XOR
2 1 2395 2432 6575 AND
2 1 2395 2432 6576 AND
2 1 2433 6576 6577 AND
2 1 6575 6577 6578 AND
2 1 6643 6578 6644 XOR
2 1 6714 6644 6715 XOR
2 1 2435 2516 6571 AND
2 1 2435 2516 6572 AND
2 1 2517 6572 6573 AND
2 1 6571 6573 6574 AND
2 1 6715 6574 6716 XOR
2 1 6570 6716 7921 AND
2 1 6424 7921 7922 AND
2 1 6570 6716 7923 AND
2 1 7922 7923 7924 AND
2 1 6595 6608 8002 AND
2 1 6582 8002 8003 AND
2 1 6594 6607 8004 AND
2 1 6605 8004 8005 AND
2 1 6592 8005 8006 AND
2 1 8003 8006 8007 AND
2 1 2426 6587 8013 AND
2 1 6583 8013 8014 AND
2 1 6590 8014 8015 AND
2 1 6584 6587 8016 AND
2 1 8015 8016 8017 AND
2 1 2407 6600 8008 AND
2 1 6596 8008 8009 AND
2 1 6603 8009 8010 AND
2 1 6597 6600 8011 AND
2 1 8010 8011 8012 AND
2 1 8017 8012 8018 XOR
2 1 8007 8018 8019 AND
2 1 8006 8018 8020 AND
2 1 8003 8020 8021 AND
2 1 8019 8021 8022 AND
2 1 6627 6640 7981 AND
2 1 6614 7981 7982 AND
2 1 6626 6639 7983 AND
2 1 6637 7983 7984 AND
2 1 6624 7984 7985 AND
2 1 7982 7985 7986 AND
2 1 2370 6619 7992 AND
2 1 6615 7992 7993 AND
2 1 6622 7993 7994 AND
2 1 6616 6619 7995 AND
2 1 7994 7995 7996 AND
2 1 2385 6632 7987 AND
2 1 6628 7987 7988 AND
2 1 6635 7988 7989 AND
2 1 6629 6632 7990 AND
2 1 7989 7990 7991 AND
2 1 7996 7991 7997 XOR
2 1 7986 7997 7998 AND
2 1 7985 7997 7999 AND
2 1 7982 7999 8000 AND
2 1 7998 8000 8001 AND
2 1 8022 8001 8023 XOR
2 1 6610 6642 7977 AND
2 1 6578 7977 7978 AND
2 1 6610 6642 7979 AND
2 1 7978 7979 7980 AND
2 1 8023 7980 8024 XOR
2 1 6665 6678 7954 AND
2 1 6652 7954 7955 AND
2 1 6664 6677 7956 AND
2 1 6675 7956 7957 AND
2 1 6662 7957 7958 AND
2 1 7955 7958 7959 AND
2 1 2466 6657 7965 AND
2 1 6653 7965 7966 AND
2 1 6660 7966 7967 AND
2 1 6654 6657 7968 AND
2 1 7967 7968 7969 AND
2 1 2447 6670 7960 AND
2 1 6666 7960 7961 AND
2 1 6673 7961 7962 AND
2 1 6667 6670 7963 AND
2 1 7962 7963 7964 AND
2 1 7969 7964 7970 XOR
2 1 7959 7970 7971 AND
2 1 7958 7970 7972 AND
2 1 7955 7972 7973 AND
2 1 7971 7973 7974 AND
2 1 6697 6710 7933 AND
2 1 6684 7933 7934 AND
2 1 6696 6709 7935 AND
2 1 6707 7935 7936 AND
2 1 6694 7936 7937 AND
2 1 7934 7937 7938 AND
2 1 2486 6689 7944 AND
2 1 6685 7944 7945 AND
2 1 6692 7945 7946 AND
2 1 6686 6689 7947 AND
2 1 7946 7947 7948 AND
2 1 2501 6702 7939 AND
2 1 6698 7939 7940 AND
2 1 6705 7940 7941 AND
2 1 6699 6702 7942 AND
2 1 7941 7942 7943 AND
2 1 7948 7943 7949 XOR
2 1 7938 7949 7950 AND
2 1 7937 7949 7951 AND
2 1 7934 7951 7952 AND
2 1 7950 7952 7953 AND
2 1 7974 7953 7975 XOR
2 1 6680 6712 7929 AND
2 1 6648 7929 7930 AND
2 1 6680 6712 7931 AND
2 1 7930 7931 7932 AND
2 1 7975 7932 7976 XOR
2 1 8024 7976 8025 XOR
2 1 6644 6714 7925 AND
2 1 6574 7925 7926 AND
2 1 6644 6714 7927 AND
2 1 7926 7927 7928 AND
2 1 8025 7928 8026 XOR
2 1 6449 6462 8104 AND
2 1 6436 8104 8105 AND
2 1 6448 6461 8106 AND
2 1 6459 8106 8107 AND
2 1 6446 8107 8108 AND
2 1 8105 8108 8109 AND
2 1 2672 6441 8115 AND
2 1 6437 8115 8116 AND
2 1 6444 8116 8117 AND
2 1 6438 6441 8118 AND
2 1 8117 8118 8119 AND
2 1 2653 6454 8110 AND
2 1 6450 8110 8111 AND
2 1 6457 8111 8112 AND
2 1 6451 6454 8113 AND
2 1 8112 8113 8114 AND
2 1 8119 8114 8120 XOR
2 1 8109 8120 8121 AND
2 1 8108 8120 8122 AND
2 1 8105 8122 8123 AND
2 1 8121 8123 8124 AND
2 1 6481 6494 8083 AND
2 1 6468 8083 8084 AND
2 1 6480 6493 8085 AND
2 1 6491 8085 8086 AND
2 1 6478 8086 8087 AND
2 1 8084 8087 8088 AND
2 1 2616 6473 8094 AND
2 1 6469 8094 8095 AND
2 1 6476 8095 8096 AND
2 1 6470 6473 8097 AND
2 1 8096 8097 8098 AND
2 1 2631 6486 8089 AND
2 1 6482 8089 8090 AND
2 1 6489 8090 8091 AND
2 1 6483 6486 8092 AND
2 1 8091 8092 8093 AND
2 1 8098 8093 8099 XOR
2 1 8088 8099 8100 AND
2 1 8087 8099 8101 AND
2 1 8084 8101 8102 AND
2 1 8100 8102 8103 AND
2 1 8124 8103 8125 XOR
2 1 6464 6496 8079 AND
2 1 6432 8079 8080 AND
2 1 6464 6496 8081 AND
2 1 8080 8081 8082 AND
2 1 8125 8082 8126 XOR
2 1 6519 6532 8056 AND
2 1 6506 8056 8057 AND
2 1 6518 6531 8058 AND
2 1 6529 8058 8059 AND
2 1 6516 8059 8060 AND
2 1 8057 8060 8061 AND
2 1 2552 6511 8067 AND
2 1 6507 8067 8068 AND
2 1 6514 8068 8069 AND
2 1 6508 6511 8070 AND
2 1 8069 8070 8071 AND
2 1 2533 6524 8062 AND
2 1 6520 8062 8063 AND
2 1 6527 8063 8064 AND
2 1 6521 6524 8065 AND
2 1 8064 8065 8066 AND
2 1 8071 8066 8072 XOR
2 1 8061 8072 8073 AND
2 1 8060 8072 8074 AND
2 1 8057 8074 8075 AND
2 1 8073 8075 8076 AND
2 1 6551 6564 8035 AND
2 1 6538 8035 8036 AND
2 1 6550 6563 8037 AND
2 1 6561 8037 8038 AND
2 1 6548 8038 8039 AND
2 1 8036 8039 8040 AND
2 1 2572 6543 8046 AND
2 1 6539 8046 8047 AND
2 1 6546 8047 8048 AND
2 1 6540 6543 8049 AND
2 1 8048 8049 8050 AND
2 1 2587 6556 8041 AND
2 1 6552 8041 8042 AND
2 1 6559 8042 8043 AND
2 1 6553 6556 8044 AND
2 1 8043 8044 8045 AND
2 1 8050 8045 8051 XOR
2 1 8040 8051 8052 AND
2 1 8039 8051 8053 AND
2 1 8036 8053 8054 AND
2 1 8052 8054 8055 AND
2 1 8076 8055 8077 XOR
2 1 6534 6566 8031 AND
2 1 6502 8031 8032 AND
2 1 6534 6566 8033 AND
2 1 8032 8033 8034 AND
2 1 8077 8034 8078 XOR
2 1 8126 8078 8127 XOR
2 1 6498 6568 8027 AND
2 1 6428 8027 8028 AND
2 1 6498 6568 8029 AND
2 1 8028 8029 8030 AND
2 1 8127 8030 8128 XOR
2 1 8026 8128 8454 AND
2 1 7924 8454 8455 AND
2 1 8026 8128 8456 AND
2 1 8455 8456 8457 AND
2 1 8055 8076 8481 AND
2 1 8034 8481 8482 AND
2 1 8054 8075 8483 AND
2 1 8073 8483 8484 AND
2 1 8052 8484 8485 AND
2 1 8482 8485 8486 AND
2 1 8066 8071 8491 AND
2 1 8061 8491 8492 AND
2 1 8066 8071 8493 AND
2 1 8492 8493 8494 AND
2 1 8045 8050 8487 AND
2 1 8040 8487 8488 AND
2 1 8045 8050 8489 AND
2 1 8488 8489 8490 AND
2 1 8494 8490 8495 XOR
2 1 8486 8495 8496 AND
2 1 8485 8495 8497 AND
2 1 8482 8497 8498 AND
2 1 8496 8498 8499 AND
2 1 8103 8124 8462 AND
2 1 8082 8462 8463 AND
2 1 8102 8123 8464 AND
2 1 8121 8464 8465 AND
2 1 8100 8465 8466 AND
2 1 8463 8466 8467 AND
2 1 8114 8119 8472 AND
2 1 8109 8472 8473 AND
2 1 8114 8119 8474 AND
2 1 8473 8474 8475 AND
2 1 8093 8098 8468 AND
2 1 8088 8468 8469 AND
2 1 8093 8098 8470 AND
2 1 8469 8470 8471 AND
2 1 8475 8471 8476 XOR
2 1 8467 8476 8477 AND
2 1 8466 8476 8478 AND
2 1 8463 8478 8479 AND
2 1 8477 8479 8480 AND
2 1 8499 8480 8500 XOR
2 1 8078 8126 8458 AND
2 1 8030 8458 8459 AND
2 1 8078 8126 8460 AND
2 1 8459 8460 8461 AND
2 1 8500 8461 8501 XOR
2 1 7953 7974 8525 AND
2 1 7932 8525 8526 AND
2 1 7952 7973 8527 AND
2 1 7971 8527 8528 AND
2 1 7950 8528 8529 AND
2 1 8526 8529 8530 AND
2 1 7964 7969 8535 AND
2 1 7959 8535 8536 AND
2 1 7964 7969 8537 AND
2 1 8536 8537 8538 AND
2 1 7943 7948 8531 AND
2 1 7938 8531 8532 AND
2 1 7943 7948 8533 AND
2 1 8532 8533 8534 AND
2 1 8538 8534 8539 XOR
2 1 8530 8539 8540 AND
2 1 8529 8539 8541 AND
2 1 8526 8541 8542 AND
2 1 8540 8542 8543 AND
2 1 8001 8022 8506 AND
2 1 7980 8506 8507 AND
2 1 8000 8021 8508 AND
2 1 8019 8508 8509 AND
2 1 7998 8509 8510 AND
2 1 8507 8510 8511 AND
2 1 8012 8017 8516 AND
2 1 8007 8516 8517 AND
2 1 8012 8017 8518 AND
2 1 8517 8518 8519 AND
2 1 7991 7996 8512 AND
2 1 7986 8512 8513 AND
2 1 7991 7996 8514 AND
2 1 8513 8514 8515 AND
2 1 8519 8515 8520 XOR
2 1 8511 8520 8521 AND
2 1 8510 8520 8522 AND
2 1 8507 8522 8523 AND
2 1 8521 8523 8524 AND
2 1 8543 8524 8544 XOR
2 1 7976 8024 8502 AND
2 1 7928 8502 8503 AND
2 1 7976 8024 8504 AND
2 1 8503 8504 8505 AND
2 1 8544 8505 8545 XOR
2 1 8501 8545 8884 AND
2 1 8457 8884 8885 AND
2 1 8501 8545 8886 AND
2 1 8885 8886 8887 AND
2 1 8524 8543 8888 AND
2 1 8505 8888 8889 AND
2 1 8523 8542 8890 AND
2 1 8540 8890 8891 AND
2 1 8521 8891 8892 AND
2 1 8889 8892 8893 AND
2 1 8514 8518 8900 AND
2 1 8517 8900 8901 AND
2 1 8513 8901 8902 AND
2 1 8511 8902 8903 AND
2 1 8515 8519 8904 AND
2 1 8903 8904 8905 AND
2 1 8533 8537 8894 AND
2 1 8536 8894 8895 AND
2 1 8532 8895 8896 AND
2 1 8530 8896 8897 AND
2 1 8534 8538 8898 AND
2 1 8897 8898 8899 AND
2 1 8905 8899 8906 XOR
2 1 8893 8906 8907 AND
2 1 8892 8906 8908 AND
2 1 8889 8908 8909 AND
2 1 8907 8909 8910 AND
2 1 8480 8499 8911 AND
2 1 8461 8911 8912 AND
2 1 8479 8498 8913 AND
2 1 8496 8913 8914 AND
2 1 8477 8914 8915 AND
2 1 8912 8915 8916 AND
2 1 8470 8474 8923 AND
2 1 8473 8923 8924 AND
2 1 8469 8924 8925 AND
2 1 8467 8925 8926 AND
2 1 8471 8475 8927 AND
2 1 8926 8927 8928 AND
2 1 8489 8493 8917 AND
2 1 8492 8917 8918 AND
2 1 8488 8918 8919 AND
2 1 8486 8919 8920 AND
2 1 8490 8494 8921 AND
2 1 8920 8921 8922 AND
2 1 8928 8922 8929 XOR
2 1 8916 8929 8930 AND
2 1 8915 8929 8931 AND
2 1 8912 8931 8932 AND
2 1 8930 8932 8933 AND
2 1 8910 8933 9031 AND
2 1 8887 9031 9032 AND
2 1 8909 8932 9033 AND
2 1 8930 9033 9034 AND
2 1 8907 9034 9035 AND
2 1 9032 9035 9036 AND
2 1 8898 8904 9037 AND
2 1 8903 9037 9038 AND
2 1 8897 9038 9039 AND
2 1 8893 9039 9040 AND
2 1 8921 8927 9043 AND
2 1 8926 9043 9044 AND
2 1 8920 9044 9045 AND
2 1 8916 9045 9046 AND
2 1 8899 8905 9041 AND
2 1 8922 8928 9047 AND
2 1 9041 9047 9136 AND
2 1 9046 9136 9137 AND
2 1 9040 9137 9138 AND
2 1 9036 9138 9139 AND
2 1 9040 9041 9042 AND
2 1 9046 9047 9048 AND
2 1 9042 9048 9140 AND
2 1 9139 9140 9141 AND
2 1 655 656 1327 AND
2 1 656 655 1319 XOR
2 1 657 1319 1328 AND
2 1 1327 1328 1329 AND
2 1 658 659 1324 AND
2 1 659 658 1321 XOR
2 1 660 1321 1325 AND
2 1 1324 1325 1326 AND
2 1 1329 1326 1393 XOR
2 1 1319 657 1320 XOR
2 1 1321 660 1322 XOR
2 1 1320 1322 1330 AND
2 1 1393 1330 1394 XOR
2 1 661 662 1311 AND
2 1 662 661 1303 XOR
2 1 663 1303 1312 AND
2 1 1311 1312 1313 AND
2 1 664 665 1308 AND
2 1 665 664 1305 XOR
2 1 666 1305 1309 AND
2 1 1308 1309 1310 AND
2 1 1313 1310 1316 XOR
2 1 1303 663 1304 XOR
2 1 1305 666 1306 XOR
2 1 1304 1306 1314 AND
2 1 1316 1314 1317 XOR
2 1 1306 1304 1307 XOR
2 1 1310 1313 1315 AND
2 1 1307 1315 1398 AND
2 1 1317 1398 1399 AND
2 1 1326 1329 1331 AND
2 1 1330 1331 1332 AND
2 1 1314 1315 1318 AND
2 1 1322 1320 1323 XOR
2 1 1307 1323 1395 AND
2 1 1318 1395 1396 AND
2 1 1332 1396 1397 AND
2 1 1399 1397 1400 XOR
2 1 1394 1400 1401 AND
2 1 1397 1399 1402 AND
2 1 1317 1395 1403 AND
2 1 1318 1403 1404 AND
2 1 1332 1398 1405 AND
2 1 1404 1405 1406 AND
2 1 1402 1406 1407 AND
2 1 1394 1407 1408 AND
2 1 1401 1408 1409 AND
2 1 671 670 1290 XOR
2 1 1290 672 1291 XOR
2 1 668 667 1288 XOR
2 1 1288 669 1289 XOR
2 1 1291 1289 1292 XOR
2 1 677 676 1274 XOR
2 1 1274 678 1275 XOR
2 1 674 673 1272 XOR
2 1 1272 675 1273 XOR
2 1 1275 1273 1276 XOR
2 1 1292 1276 1302 XOR
2 1 1323 1307 1333 XOR
2 1 1302 1333 1392 AND
2 1 1409 1392 1411 XOR
2 1 667 668 1296 AND
2 1 669 1288 1297 AND
2 1 1296 1297 1298 AND
2 1 670 671 1293 AND
2 1 672 1290 1294 AND
2 1 1293 1294 1295 AND
2 1 1298 1295 1376 XOR
2 1 1289 1291 1299 AND
2 1 1376 1299 1377 XOR
2 1 1295 1298 1300 AND
2 1 1299 1300 1301 AND
2 1 1273 1275 1283 AND
2 1 676 677 1277 AND
2 1 678 1274 1278 AND
2 1 1277 1278 1279 AND
2 1 673 674 1280 AND
2 1 675 1272 1281 AND
2 1 1280 1281 1282 AND
2 1 1279 1282 1284 AND
2 1 1283 1284 1287 AND
2 1 1276 1292 1378 AND
2 1 1287 1378 1379 AND
2 1 1301 1379 1380 AND
2 1 1282 1279 1285 XOR
2 1 1285 1283 1286 XOR
2 1 1276 1284 1381 AND
2 1 1286 1381 1382 AND
2 1 1380 1382 1383 AND
2 1 1286 1378 1384 AND
2 1 1287 1384 1385 AND
2 1 1301 1381 1386 AND
2 1 1385 1386 1387 AND
2 1 1383 1387 1388 AND
2 1 1377 1388 1389 AND
2 1 1382 1380 1390 XOR
2 1 1377 1390 1391 AND
2 1 1389 1391 1410 AND
2 1 1411 1410 1412 XOR
2 1 683 682 1258 XOR
2 1 1258 684 1259 XOR
2 1 680 679 1256 XOR
2 1 1256 681 1257 XOR
2 1 1259 1257 1260 XOR
2 1 689 688 1242 XOR
2 1 1242 690 1243 XOR
2 1 686 685 1240 XOR
2 1 1240 687 1241 XOR
2 1 1243 1241 1244 XOR
2 1 1260 1244 1270 XOR
2 1 695 694 1227 XOR
2 1 1227 696 1228 XOR
2 1 692 691 1225 XOR
2 1 1225 693 1226 XOR
2 1 1228 1226 1229 XOR
2 1 701 700 1211 XOR
2 1 1211 702 1212 XOR
2 1 698 697 1209 XOR
2 1 1209 699 1210 XOR
2 1 1212 1210 1213 XOR
2 1 1229 1213 1239 XOR
2 1 1270 1239 1271 XOR
2 1 1333 1302 1334 XOR
2 1 1271 1334 1375 AND
2 1 1412 1375 1414 XOR
2 1 679 680 1264 AND
2 1 681 1256 1265 AND
2 1 1264 1265 1266 AND
2 1 682 683 1261 AND
2 1 684 1258 1262 AND
2 1 1261 1262 1263 AND
2 1 1266 1263 1337 XOR
2 1 1257 1259 1267 AND
2 1 1337 1267 1338 XOR
2 1 685 686 1248 AND
2 1 687 1240 1249 AND
2 1 1248 1249 1250 AND
2 1 688 689 1245 AND
2 1 690 1242 1246 AND
2 1 1245 1246 1247 AND
2 1 1250 1247 1253 XOR
2 1 1241 1243 1251 AND
2 1 1253 1251 1254 XOR
2 1 1247 1250 1252 AND
2 1 1244 1252 1342 AND
2 1 1254 1342 1343 AND
2 1 1263 1266 1268 AND
2 1 1267 1268 1269 AND
2 1 1251 1252 1255 AND
2 1 1244 1260 1339 AND
2 1 1255 1339 1340 AND
2 1 1269 1340 1341 AND
2 1 1343 1341 1344 XOR
2 1 1338 1344 1345 AND
2 1 1341 1343 1346 AND
2 1 1254 1339 1347 AND
2 1 1255 1347 1348 AND
2 1 1269 1342 1349 AND
2 1 1348 1349 1350 AND
2 1 1346 1350 1351 AND
2 1 1338 1351 1352 AND
2 1 1345 1352 1353 AND
2 1 691 692 1233 AND
2 1 693 1225 1234 AND
2 1 1233 1234 1235 AND
2 1 694 695 1230 AND
2 1 696 1227 1231 AND
2 1 1230 1231 1232 AND
2 1 1235 1232 1354 XOR
2 1 1226 1228 1236 AND
2 1 1354 1236 1355 XOR
2 1 1232 1235 1237 AND
2 1 1236 1237 1238 AND
2 1 1210 1212 1220 AND
2 1 700 701 1214 AND
2 1 702 1211 1215 AND
2 1 1214 1215 1216 AND
2 1 697 698 1217 AND
2 1 699 1209 1218 AND
2 1 1217 1218 1219 AND
2 1 1216 1219 1221 AND
2 1 1220 1221 1224 AND
2 1 1213 1229 1356 AND
2 1 1224 1356 1357 AND
2 1 1238 1357 1358 AND
2 1 1219 1216 1222 XOR
2 1 1222 1220 1223 XOR
2 1 1213 1221 1359 AND
2 1 1223 1359 1360 AND
2 1 1358 1360 1361 AND
2 1 1223 1356 1362 AND
2 1 1224 1362 1363 AND
2 1 1238 1359 1364 AND
2 1 1363 1364 1365 AND
2 1 1361 1365 1366 AND
2 1 1355 1366 1367 AND
2 1 1360 1358 1368 XOR
2 1 1355 1368 1369 AND
2 1 1367 1369 1371 AND
2 1 1239 1270 1370 AND
2 1 1371 1370 1372 XOR
2 1 1353 1372 1373 AND
2 1 1353 1372 1374 AND
2 1 1373 1374 1413 AND
2 1 1414 1413 1415 XOR
2 1 707 706 1067 XOR
2 1 1067 708 1068 XOR
2 1 704 703 1065 XOR
2 1 1065 705 1066 XOR
2 1 1068 1066 1069 XOR
2 1 713 712 1051 XOR
2 1 1051 714 1052 XOR
2 1 710 709 1049 XOR
2 1 1049 711 1050 XOR
2 1 1052 1050 1053 XOR
2 1 1069 1053 1079 XOR
2 1 725 724 1019 XOR
2 1 1019 726 1027 XOR
2 1 722 721 1023 XOR
2 1 1023 723 1026 XOR
2 1 1027 1026 1033 XOR
2 1 719 718 1003 XOR
2 1 1003 720 1011 XOR
2 1 716 715 1007 XOR
2 1 1007 717 1010 XOR
2 1 1011 1010 1013 XOR
2 1 1033 1013 1048 XOR
2 1 1079 1048 1202 XOR
2 1 737 736 1118 XOR
2 1 1118 738 1126 XOR
2 1 734 733 1122 XOR
2 1 1122 735 1125 XOR
2 1 1126 1125 1132 XOR
2 1 731 730 1102 XOR
2 1 1102 732 1110 XOR
2 1 728 727 1106 XOR
2 1 1106 729 1109 XOR
2 1 1110 1109 1112 XOR
2 1 1132 1112 1195 XOR
2 1 749 748 1165 XOR
2 1 1165 750 1173 XOR
2 1 746 745 1169 XOR
2 1 1169 747 1172 XOR
2 1 1173 1172 1179 XOR
2 1 743 742 1149 XOR
2 1 1149 744 1157 XOR
2 1 740 739 1153 XOR
2 1 1153 741 1156 XOR
2 1 1157 1156 1159 XOR
2 1 1179 1159 1194 XOR
2 1 1195 1194 1201 XOR
2 1 1202 1201 1208 XOR
2 1 1334 1271 1335 XOR
2 1 1208 1335 1336 AND
2 1 1415 1336 1417 XOR
2 1 703 704 1073 AND
2 1 705 1065 1074 AND
2 1 1073 1074 1075 AND
2 1 706 707 1070 AND
2 1 708 1067 1071 AND
2 1 1070 1071 1072 AND
2 1 1075 1072 1081 XOR
2 1 1066 1068 1076 AND
2 1 1081 1076 1082 XOR
2 1 709 710 1057 AND
2 1 711 1049 1058 AND
2 1 1057 1058 1059 AND
2 1 712 713 1054 AND
2 1 714 1051 1055 AND
2 1 1054 1055 1056 AND
2 1 1059 1056 1062 XOR
2 1 1050 1052 1060 AND
2 1 1062 1060 1063 XOR
2 1 1056 1059 1061 AND
2 1 1053 1061 1086 AND
2 1 1063 1086 1087 AND
2 1 1072 1075 1077 AND
2 1 1076 1077 1078 AND
2 1 1060 1061 1064 AND
2 1 1053 1069 1083 AND
2 1 1064 1083 1084 AND
2 1 1078 1084 1085 AND
2 1 1087 1085 1088 XOR
2 1 1082 1088 1089 AND
2 1 1085 1087 1090 AND
2 1 1063 1083 1091 AND
2 1 1064 1091 1092 AND
2 1 1078 1086 1093 AND
2 1 1092 1093 1094 AND
2 1 1090 1094 1095 AND
2 1 1082 1095 1096 AND
2 1 1089 1096 1097 AND
2 1 1048 1079 1080 AND
2 1 1097 1080 1099 XOR
2 1 715 716 1006 AND
2 1 717 1007 1008 AND
2 1 1006 1008 1009 AND
2 1 718 719 1002 AND
2 1 720 1003 1004 AND
2 1 1002 1004 1005 AND
2 1 1009 1005 1014 XOR
2 1 1010 1011 1012 AND
2 1 1014 1012 1015 XOR
2 1 1005 1009 1016 AND
2 1 1012 1016 1017 AND
2 1 1026 1027 1028 AND
2 1 724 725 1018 AND
2 1 726 1019 1020 AND
2 1 1018 1020 1021 AND
2 1 721 722 1022 AND
2 1 723 1023 1024 AND
2 1 1022 1024 1025 AND
2 1 1021 1025 1029 AND
2 1 1028 1029 1032 AND
2 1 1013 1033 1034 AND
2 1 1032 1034 1035 AND
2 1 1017 1035 1036 AND
2 1 1025 1021 1030 XOR
2 1 1030 1028 1031 XOR
2 1 1029 1033 1037 AND
2 1 1031 1037 1038 AND
2 1 1036 1038 1039 AND
2 1 1031 1034 1040 AND
2 1 1032 1040 1041 AND
2 1 1017 1037 1042 AND
2 1 1041 1042 1043 AND
2 1 1039 1043 1044 AND
2 1 1015 1044 1045 AND
2 1 1038 1036 1046 XOR
2 1 1015 1046 1047 AND
2 1 1045 1047 1098 AND
2 1 1099 1098 1100 XOR
2 1 727 728 1105 AND
2 1 729 1106 1107 AND
2 1 1105 1107 1108 AND
2 1 730 731 1101 AND
2 1 732 1102 1103 AND
2 1 1101 1103 1104 AND
2 1 1108 1104 1113 XOR
2 1 1109 1110 1111 AND
2 1 1113 1111 1114 XOR
2 1 733 734 1121 AND
2 1 735 1122 1123 AND
2 1 1121 1123 1124 AND
2 1 736 737 1117 AND
2 1 738 1118 1119 AND
2 1 1117 1119 1120 AND
2 1 1124 1120 1129 XOR
2 1 1125 1126 1127 AND
2 1 1129 1127 1130 XOR
2 1 1120 1124 1128 AND
2 1 1128 1132 1136 AND
2 1 1130 1136 1137 AND
2 1 1104 1108 1115 AND
2 1 1111 1115 1116 AND
2 1 1127 1128 1131 AND
2 1 1112 1132 1133 AND
2 1 1131 1133 1134 AND
2 1 1116 1134 1135 AND
2 1 1137 1135 1138 XOR
2 1 1114 1138 1139 AND
2 1 1135 1137 1140 AND
2 1 1130 1133 1141 AND
2 1 1131 1141 1142 AND
2 1 1116 1136 1143 AND
2 1 1142 1143 1144 AND
2 1 1140 1144 1145 AND
2 1 1114 1145 1146 AND
2 1 1139 1146 1147 AND
2 1 739 740 1152 AND
2 1 741 1153 1154 AND
2 1 1152 1154 1155 AND
2 1 742 743 1148 AND
2 1 744 1149 1150 AND
2 1 1148 1150 1151 AND
2 1 1155 1151 1160 XOR
2 1 1156 1157 1158 AND
2 1 1160 1158 1161 XOR
2 1 1151 1155 1162 AND
2 1 1158 1162 1163 AND
2 1 1172 1173 1174 AND
2 1 748 749 1164 AND
2 1 750 1165 1166 AND
2 1 1164 1166 1167 AND
2 1 745 746 1168 AND
2 1 747 1169 1170 AND
2 1 1168 1170 1171 AND
2 1 1167 1171 1175 AND
2 1 1174 1175 1178 AND
2 1 1159 1179 1180 AND
2 1 1178 1180 1181 AND
2 1 1163 1181 1182 AND
2 1 1171 1167 1176 XOR
2 1 1176 1174 1177 XOR
2 1 1175 1179 1183 AND
2 1 1177 1183 1184 AND
2 1 1182 1184 1185 AND
2 1 1177 1180 1186 AND
2 1 1178 1186 1187 AND
2 1 1163 1183 1188 AND
2 1 1187 1188 1189 AND
2 1 1185 1189 1190 AND
2 1 1161 1190 1191 AND
2 1 1184 1182 1192 XOR
2 1 1161 1192 1193 AND
2 1 1191 1193 1197 AND
2 1 1194 1195 1196 AND
2 1 1197 1196 1198 XOR
2 1 1147 1198 1199 AND
2 1 1147 1198 1200 AND
2 1 1199 1200 1204 AND
2 1 1201 1202 1203 AND
2 1 1204 1203 1205 XOR
2 1 1100 1205 1206 AND
2 1 1100 1205 1207 AND
2 1 1206 1207 1416 AND
2 1 1417 1416 1418 XOR
2 1 755 754 1569 XOR
2 1 1569 756 1570 XOR
2 1 752 751 1567 XOR
2 1 1567 753 1568 XOR
2 1 1570 1568 1571 XOR
2 1 761 760 1553 XOR
2 1 1553 762 1554 XOR
2 1 758 757 1551 XOR
2 1 1551 759 1552 XOR
2 1 1554 1552 1555 XOR
2 1 1571 1555 1581 XOR
2 1 767 766 1538 XOR
2 1 1538 768 1539 XOR
2 1 764 763 1536 XOR
2 1 1536 765 1537 XOR
2 1 1539 1537 1540 XOR
2 1 773 772 1522 XOR
2 1 1522 774 1523 XOR
2 1 770 769 1520 XOR
2 1 1520 771 1521 XOR
2 1 1523 1521 1524 XOR
2 1 1540 1524 1550 XOR
2 1 1581 1550 1582 XOR
2 1 785 784 1436 XOR
2 1 1436 786 1444 XOR
2 1 782 781 1440 XOR
2 1 1440 783 1443 XOR
2 1 1444 1443 1450 XOR
2 1 779 778 1420 XOR
2 1 1420 780 1428 XOR
2 1 776 775 1424 XOR
2 1 1424 777 1427 XOR
2 1 1428 1427 1430 XOR
2 1 1450 1430 1513 XOR
2 1 797 796 1483 XOR
2 1 1483 798 1491 XOR
2 1 794 793 1487 XOR
2 1 1487 795 1490 XOR
2 1 1491 1490 1497 XOR
2 1 791 790 1467 XOR
2 1 1467 792 1475 XOR
2 1 788 787 1471 XOR
2 1 1471 789 1474 XOR
2 1 1475 1474 1477 XOR
2 1 1497 1477 1512 XOR
2 1 1513 1512 1519 XOR
2 1 1582 1519 1831 XOR
2 1 803 802 1689 XOR
2 1 1689 804 1690 XOR
2 1 800 799 1687 XOR
2 1 1687 801 1688 XOR
2 1 1690 1688 1691 XOR
2 1 809 808 1673 XOR
2 1 1673 810 1674 XOR
2 1 806 805 1671 XOR
2 1 1671 807 1672 XOR
2 1 1674 1672 1675 XOR
2 1 1691 1675 1701 XOR
2 1 821 820 1641 XOR
2 1 1641 822 1649 XOR
2 1 818 817 1645 XOR
2 1 1645 819 1648 XOR
2 1 1649 1648 1655 XOR
2 1 815 814 1625 XOR
2 1 1625 816 1633 XOR
2 1 812 811 1629 XOR
2 1 1629 813 1632 XOR
2 1 1633 1632 1635 XOR
2 1 1655 1635 1670 XOR
2 1 1701 1670 1824 XOR
2 1 833 832 1740 XOR
2 1 1740 834 1748 XOR
2 1 830 829 1744 XOR
2 1 1744 831 1747 XOR
2 1 1748 1747 1754 XOR
2 1 827 826 1724 XOR
2 1 1724 828 1732 XOR
2 1 824 823 1728 XOR
2 1 1728 825 1731 XOR
2 1 1732 1731 1734 XOR
2 1 1754 1734 1817 XOR
2 1 845 844 1787 XOR
2 1 1787 846 1795 XOR
2 1 842 841 1791 XOR
2 1 1791 843 1794 XOR
2 1 1795 1794 1801 XOR
2 1 839 838 1771 XOR
2 1 1771 840 1779 XOR
2 1 836 835 1775 XOR
2 1 1775 837 1778 XOR
2 1 1779 1778 1781 XOR
2 1 1801 1781 1816 XOR
2 1 1817 1816 1823 XOR
2 1 1824 1823 1830 XOR
2 1 1831 1830 1837 XOR
2 1 1335 1208 1838 XOR
2 1 1837 1838 1839 AND
2 1 1418 1839 6719 AND
2 1 751 752 1575 AND
2 1 753 1567 1576 AND
2 1 1575 1576 1577 AND
2 1 754 755 1572 AND
2 1 756 1569 1573 AND
2 1 1572 1573 1574 AND
2 1 1577 1574 1601 XOR
2 1 1568 1570 1578 AND
2 1 1601 1578 1602 XOR
2 1 757 758 1559 AND
2 1 759 1551 1560 AND
2 1 1559 1560 1561 AND
2 1 760 761 1556 AND
2 1 762 1553 1557 AND
2 1 1556 1557 1558 AND
2 1 1561 1558 1564 XOR
2 1 1552 1554 1562 AND
2 1 1564 1562 1565 XOR
2 1 1558 1561 1563 AND
2 1 1555 1563 1606 AND
2 1 1565 1606 1607 AND
2 1 1574 1577 1579 AND
2 1 1578 1579 1580 AND
2 1 1562 1563 1566 AND
2 1 1555 1571 1603 AND
2 1 1566 1603 1604 AND
2 1 1580 1604 1605 AND
2 1 1607 1605 1608 XOR
2 1 1602 1608 1609 AND
2 1 1605 1607 1610 AND
2 1 1565 1603 1611 AND
2 1 1566 1611 1612 AND
2 1 1580 1606 1613 AND
2 1 1612 1613 1614 AND
2 1 1610 1614 1615 AND
2 1 1602 1615 1616 AND
2 1 1609 1616 1617 AND
2 1 1550 1581 1600 AND
2 1 1617 1600 1619 XOR
2 1 763 764 1544 AND
2 1 765 1536 1545 AND
2 1 1544 1545 1546 AND
2 1 766 767 1541 AND
2 1 768 1538 1542 AND
2 1 1541 1542 1543 AND
2 1 1546 1543 1584 XOR
2 1 1537 1539 1547 AND
2 1 1584 1547 1585 XOR
2 1 1543 1546 1548 AND
2 1 1547 1548 1549 AND
2 1 1521 1523 1531 AND
2 1 772 773 1525 AND
2 1 774 1522 1526 AND
2 1 1525 1526 1527 AND
2 1 769 770 1528 AND
2 1 771 1520 1529 AND
2 1 1528 1529 1530 AND
2 1 1527 1530 1532 AND
2 1 1531 1532 1535 AND
2 1 1524 1540 1586 AND
2 1 1535 1586 1587 AND
2 1 1549 1587 1588 AND
2 1 1530 1527 1533 XOR
2 1 1533 1531 1534 XOR
2 1 1524 1532 1589 AND
2 1 1534 1589 1590 AND
2 1 1588 1590 1591 AND
2 1 1534 1586 1592 AND
2 1 1535 1592 1593 AND
2 1 1549 1589 1594 AND
2 1 1593 1594 1595 AND
2 1 1591 1595 1596 AND
2 1 1585 1596 1597 AND
2 1 1590 1588 1598 XOR
2 1 1585 1598 1599 AND
2 1 1597 1599 1618 AND
2 1 1619 1618 1620 XOR
2 1 1519 1582 1583 AND
2 1 1620 1583 1622 XOR
2 1 775 776 1423 AND
2 1 777 1424 1425 AND
2 1 1423 1425 1426 AND
2 1 778 779 1419 AND
2 1 780 1420 1421 AND
2 1 1419 1421 1422 AND
2 1 1426 1422 1431 XOR
2 1 1427 1428 1429 AND
2 1 1431 1429 1432 XOR
2 1 781 782 1439 AND
2 1 783 1440 1441 AND
2 1 1439 1441 1442 AND
2 1 784 785 1435 AND
2 1 786 1436 1437 AND
2 1 1435 1437 1438 AND
2 1 1442 1438 1447 XOR
2 1 1443 1444 1445 AND
2 1 1447 1445 1448 XOR
2 1 1438 1442 1446 AND
2 1 1446 1450 1454 AND
2 1 1448 1454 1455 AND
2 1 1422 1426 1433 AND
2 1 1429 1433 1434 AND
2 1 1445 1446 1449 AND
2 1 1430 1450 1451 AND
2 1 1449 1451 1452 AND
2 1 1434 1452 1453 AND
2 1 1455 1453 1456 XOR
2 1 1432 1456 1457 AND
2 1 1453 1455 1458 AND
2 1 1448 1451 1459 AND
2 1 1449 1459 1460 AND
2 1 1434 1454 1461 AND
2 1 1460 1461 1462 AND
2 1 1458 1462 1463 AND
2 1 1432 1463 1464 AND
2 1 1457 1464 1465 AND
2 1 787 788 1470 AND
2 1 789 1471 1472 AND
2 1 1470 1472 1473 AND
2 1 790 791 1466 AND
2 1 792 1467 1468 AND
2 1 1466 1468 1469 AND
2 1 1473 1469 1478 XOR
2 1 1474 1475 1476 AND
2 1 1478 1476 1479 XOR
2 1 1469 1473 1480 AND
2 1 1476 1480 1481 AND
2 1 1490 1491 1492 AND
2 1 796 797 1482 AND
2 1 798 1483 1484 AND
2 1 1482 1484 1485 AND
2 1 793 794 1486 AND
2 1 795 1487 1488 AND
2 1 1486 1488 1489 AND
2 1 1485 1489 1493 AND
2 1 1492 1493 1496 AND
2 1 1477 1497 1498 AND
2 1 1496 1498 1499 AND
2 1 1481 1499 1500 AND
2 1 1489 1485 1494 XOR
2 1 1494 1492 1495 XOR
2 1 1493 1497 1501 AND
2 1 1495 1501 1502 AND
2 1 1500 1502 1503 AND
2 1 1495 1498 1504 AND
2 1 1496 1504 1505 AND
2 1 1481 1501 1506 AND
2 1 1505 1506 1507 AND
2 1 1503 1507 1508 AND
2 1 1479 1508 1509 AND
2 1 1502 1500 1510 XOR
2 1 1479 1510 1511 AND
2 1 1509 1511 1515 AND
2 1 1512 1513 1514 AND
2 1 1515 1514 1516 XOR
2 1 1465 1516 1517 AND
2 1 1465 1516 1518 AND
2 1 1517 1518 1621 AND
2 1 1622 1621 1623 XOR
2 1 799 800 1695 AND
2 1 801 1687 1696 AND
2 1 1695 1696 1697 AND
2 1 802 803 1692 AND
2 1 804 1689 1693 AND
2 1 1692 1693 1694 AND
2 1 1697 1694 1703 XOR
2 1 1688 1690 1698 AND
2 1 1703 1698 1704 XOR
2 1 805 806 1679 AND
2 1 807 1671 1680 AND
2 1 1679 1680 1681 AND
2 1 808 809 1676 AND
2 1 810 1673 1677 AND
2 1 1676 1677 1678 AND
2 1 1681 1678 1684 XOR
2 1 1672 1674 1682 AND
2 1 1684 1682 1685 XOR
2 1 1678 1681 1683 AND
2 1 1675 1683 1708 AND
2 1 1685 1708 1709 AND
2 1 1694 1697 1699 AND
2 1 1698 1699 1700 AND
2 1 1682 1683 1686 AND
2 1 1675 1691 1705 AND
2 1 1686 1705 1706 AND
2 1 1700 1706 1707 AND
2 1 1709 1707 1710 XOR
2 1 1704 1710 1711 AND
2 1 1707 1709 1712 AND
2 1 1685 1705 1713 AND
2 1 1686 1713 1714 AND
2 1 1700 1708 1715 AND
2 1 1714 1715 1716 AND
2 1 1712 1716 1717 AND
2 1 1704 1717 1718 AND
2 1 1711 1718 1719 AND
2 1 1670 1701 1702 AND
2 1 1719 1702 1721 XOR
2 1 811 812 1628 AND
2 1 813 1629 1630 AND
2 1 1628 1630 1631 AND
2 1 814 815 1624 AND
2 1 816 1625 1626 AND
2 1 1624 1626 1627 AND
2 1 1631 1627 1636 XOR
2 1 1632 1633 1634 AND
2 1 1636 1634 1637 XOR
2 1 1627 1631 1638 AND
2 1 1634 1638 1639 AND
2 1 1648 1649 1650 AND
2 1 820 821 1640 AND
2 1 822 1641 1642 AND
2 1 1640 1642 1643 AND
2 1 817 818 1644 AND
2 1 819 1645 1646 AND
2 1 1644 1646 1647 AND
2 1 1643 1647 1651 AND
2 1 1650 1651 1654 AND
2 1 1635 1655 1656 AND
2 1 1654 1656 1657 AND
2 1 1639 1657 1658 AND
2 1 1647 1643 1652 XOR
2 1 1652 1650 1653 XOR
2 1 1651 1655 1659 AND
2 1 1653 1659 1660 AND
2 1 1658 1660 1661 AND
2 1 1653 1656 1662 AND
2 1 1654 1662 1663 AND
2 1 1639 1659 1664 AND
2 1 1663 1664 1665 AND
2 1 1661 1665 1666 AND
2 1 1637 1666 1667 AND
2 1 1660 1658 1668 XOR
2 1 1637 1668 1669 AND
2 1 1667 1669 1720 AND
2 1 1721 1720 1722 XOR
2 1 823 824 1727 AND
2 1 825 1728 1729 AND
2 1 1727 1729 1730 AND
2 1 826 827 1723 AND
2 1 828 1724 1725 AND
2 1 1723 1725 1726 AND
2 1 1730 1726 1735 XOR
2 1 1731 1732 1733 AND
2 1 1735 1733 1736 XOR
2 1 829 830 1743 AND
2 1 831 1744 1745 AND
2 1 1743 1745 1746 AND
2 1 832 833 1739 AND
2 1 834 1740 1741 AND
2 1 1739 1741 1742 AND
2 1 1746 1742 1751 XOR
2 1 1747 1748 1749 AND
2 1 1751 1749 1752 XOR
2 1 1742 1746 1750 AND
2 1 1750 1754 1758 AND
2 1 1752 1758 1759 AND
2 1 1726 1730 1737 AND
2 1 1733 1737 1738 AND
2 1 1749 1750 1753 AND
2 1 1734 1754 1755 AND
2 1 1753 1755 1756 AND
2 1 1738 1756 1757 AND
2 1 1759 1757 1760 XOR
2 1 1736 1760 1761 AND
2 1 1757 1759 1762 AND
2 1 1752 1755 1763 AND
2 1 1753 1763 1764 AND
2 1 1738 1758 1765 AND
2 1 1764 1765 1766 AND
2 1 1762 1766 1767 AND
2 1 1736 1767 1768 AND
2 1 1761 1768 1769 AND
2 1 835 836 1774 AND
2 1 837 1775 1776 AND
2 1 1774 1776 1777 AND
2 1 838 839 1770 AND
2 1 840 1771 1772 AND
2 1 1770 1772 1773 AND
2 1 1777 1773 1782 XOR
2 1 1778 1779 1780 AND
2 1 1782 1780 1783 XOR
2 1 1773 1777 1784 AND
2 1 1780 1784 1785 AND
2 1 1794 1795 1796 AND
2 1 844 845 1786 AND
2 1 846 1787 1788 AND
2 1 1786 1788 1789 AND
2 1 841 842 1790 AND
2 1 843 1791 1792 AND
2 1 1790 1792 1793 AND
2 1 1789 1793 1797 AND
2 1 1796 1797 1800 AND
2 1 1781 1801 1802 AND
2 1 1800 1802 1803 AND
2 1 1785 1803 1804 AND
2 1 1793 1789 1798 XOR
2 1 1798 1796 1799 XOR
2 1 1797 1801 1805 AND
2 1 1799 1805 1806 AND
2 1 1804 1806 1807 AND
2 1 1799 1802 1808 AND
2 1 1800 1808 1809 AND
2 1 1785 1805 1810 AND
2 1 1809 1810 1811 AND
2 1 1807 1811 1812 AND
2 1 1783 1812 1813 AND
2 1 1806 1804 1814 XOR
2 1 1783 1814 1815 AND
2 1 1813 1815 1819 AND
2 1 1816 1817 1818 AND
2 1 1819 1818 1820 XOR
2 1 1769 1820 1821 AND
2 1 1769 1820 1822 AND
2 1 1821 1822 1826 AND
2 1 1823 1824 1825 AND
2 1 1826 1825 1827 XOR
2 1 1722 1827 1828 AND
2 1 1722 1827 1829 AND
2 1 1828 1829 1833 AND
2 1 1830 1831 1832 AND
2 1 1833 1832 1834 XOR
2 1 1623 1834 1835 AND
2 1 1623 1834 1836 AND
2 1 1835 1836 1840 AND
2 1 1418 1839 6720 AND
2 1 1840 6720 6721 AND
2 1 6719 6721 6722 AND
2 1 1161 1185 6850 AND
2 1 1189 6850 6851 AND
2 1 1151 1155 6855 AND
2 1 1158 1162 6856 AND
2 1 6855 6856 6857 AND
2 1 1167 1171 6852 AND
2 1 1174 1175 6853 AND
2 1 6852 6853 6854 AND
2 1 6857 6854 6858 XOR
2 1 6851 6858 6859 AND
2 1 1189 6858 6860 AND
2 1 6850 6860 6861 AND
2 1 6859 6861 6862 AND
2 1 1114 1140 6837 AND
2 1 1144 6837 6838 AND
2 1 1104 1108 6842 AND
2 1 1111 1115 6843 AND
2 1 6842 6843 6844 AND
2 1 1120 1124 6839 AND
2 1 1127 1128 6840 AND
2 1 6839 6840 6841 AND
2 1 6844 6841 6845 XOR
2 1 6838 6845 6846 AND
2 1 1144 6845 6847 AND
2 1 6837 6847 6848 AND
2 1 6846 6848 6849 AND
2 1 6862 6849 6863 XOR
2 1 1147 1196 6833 AND
2 1 1147 1196 6834 AND
2 1 1197 6834 6835 AND
2 1 6833 6835 6836 AND
2 1 6863 6836 6864 XOR
2 1 1015 1039 6818 AND
2 1 1043 6818 6819 AND
2 1 1005 1009 6823 AND
2 1 1012 1016 6824 AND
2 1 6823 6824 6825 AND
2 1 1021 1025 6820 AND
2 1 1028 1029 6821 AND
2 1 6820 6821 6822 AND
2 1 6825 6822 6826 XOR
2 1 6819 6826 6827 AND
2 1 1043 6826 6828 AND
2 1 6818 6828 6829 AND
2 1 6827 6829 6830 AND
2 1 1082 1090 6805 AND
2 1 1094 6805 6806 AND
2 1 1072 1075 6810 AND
2 1 1076 1077 6811 AND
2 1 6810 6811 6812 AND
2 1 1056 1059 6807 AND
2 1 1060 1061 6808 AND
2 1 6807 6808 6809 AND
2 1 6812 6809 6813 XOR
2 1 6806 6813 6814 AND
2 1 1094 6813 6815 AND
2 1 6805 6815 6816 AND
2 1 6814 6816 6817 AND
2 1 6830 6817 6831 XOR
2 1 1080 1097 6801 AND
2 1 1080 1097 6802 AND
2 1 1098 6802 6803 AND
2 1 6801 6803 6804 AND
2 1 6831 6804 6832 XOR
2 1 6864 6832 6865 XOR
2 1 1100 1203 6797 AND
2 1 1100 1203 6798 AND
2 1 1204 6798 6799 AND
2 1 6797 6799 6800 AND
2 1 6865 6800 6866 XOR
2 1 1355 1361 6780 AND
2 1 1365 6780 6781 AND
2 1 1232 1235 6785 AND
2 1 1236 1237 6786 AND
2 1 6785 6786 6787 AND
2 1 1216 1219 6782 AND
2 1 1220 1221 6783 AND
2 1 6782 6783 6784 AND
2 1 6787 6784 6788 XOR
2 1 6781 6788 6789 AND
2 1 1365 6788 6790 AND
2 1 6780 6790 6791 AND
2 1 6789 6791 6792 AND
2 1 1338 1346 6767 AND
2 1 1350 6767 6768 AND
2 1 1263 1266 6772 AND
2 1 1267 1268 6773 AND
2 1 6772 6773 6774 AND
2 1 1247 1250 6769 AND
2 1 1251 1252 6770 AND
2 1 6769 6770 6771 AND
2 1 6774 6771 6775 XOR
2 1 6768 6775 6776 AND
2 1 1350 6775 6777 AND
2 1 6767 6777 6778 AND
2 1 6776 6778 6779 AND
2 1 6792 6779 6793 XOR
2 1 1353 1370 6763 AND
2 1 1353 1370 6764 AND
2 1 1371 6764 6765 AND
2 1 6763 6765 6766 AND
2 1 6793 6766 6794 XOR
2 1 1377 1383 6748 AND
2 1 1387 6748 6749 AND
2 1 1295 1298 6753 AND
2 1 1299 1300 6754 AND
2 1 6753 6754 6755 AND
2 1 1279 1282 6750 AND
2 1 1283 1284 6751 AND
2 1 6750 6751 6752 AND
2 1 6755 6752 6756 XOR
2 1 6749 6756 6757 AND
2 1 1387 6756 6758 AND
2 1 6748 6758 6759 AND
2 1 6757 6759 6760 AND
2 1 1394 1402 6735 AND
2 1 1406 6735 6736 AND
2 1 1326 1329 6740 AND
2 1 1330 1331 6741 AND
2 1 6740 6741 6742 AND
2 1 1310 1313 6737 AND
2 1 1314 1315 6738 AND
2 1 6737 6738 6739 AND
2 1 6742 6739 6743 XOR
2 1 6736 6743 6744 AND
2 1 1406 6743 6745 AND
2 1 6735 6745 6746 AND
2 1 6744 6746 6747 AND
2 1 6760 6747 6761 XOR
2 1 1392 1409 6731 AND
2 1 1392 1409 6732 AND
2 1 1410 6732 6733 AND
2 1 6731 6733 6734 AND
2 1 6761 6734 6762 XOR
2 1 6794 6762 6795 XOR
2 1 1375 1412 6727 AND
2 1 1375 1412 6728 AND
2 1 1413 6728 6729 AND
2 1 6727 6729 6730 AND
2 1 6795 6730 6796 XOR
2 1 6866 6796 6867 XOR
2 1 1336 1415 6723 AND
2 1 1336 1415 6724 AND
2 1 1416 6724 6725 AND
2 1 6723 6725 6726 AND
2 1 6867 6726 6868 XOR
2 1 1783 1807 6996 AND
2 1 1811 6996 6997 AND
2 1 1773 1777 7001 AND
2 1 1780 1784 7002 AND
2 1 7001 7002 7003 AND
2 1 1789 1793 6998 AND
2 1 1796 1797 6999 AND
2 1 6998 6999 7000 AND
2 1 7003 7000 7004 XOR
2 1 6997 7004 7005 AND
2 1 1811 7004 7006 AND
2 1 6996 7006 7007 AND
2 1 7005 7007 7008 AND
2 1 1736 1762 6983 AND
2 1 1766 6983 6984 AND
2 1 1726 1730 6988 AND
2 1 1733 1737 6989 AND
2 1 6988 6989 6990 AND
2 1 1742 1746 6985 AND
2 1 1749 1750 6986 AND
2 1 6985 6986 6987 AND
2 1 6990 6987 6991 XOR
2 1 6984 6991 6992 AND
2 1 1766 6991 6993 AND
2 1 6983 6993 6994 AND
2 1 6992 6994 6995 AND
2 1 7008 6995 7009 XOR
2 1 1769 1818 6979 AND
2 1 1769 1818 6980 AND
2 1 1819 6980 6981 AND
2 1 6979 6981 6982 AND
2 1 7009 6982 7010 XOR
2 1 1637 1661 6964 AND
2 1 1665 6964 6965 AND
2 1 1627 1631 6969 AND
2 1 1634 1638 6970 AND
2 1 6969 6970 6971 AND
2 1 1643 1647 6966 AND
2 1 1650 1651 6967 AND
2 1 6966 6967 6968 AND
2 1 6971 6968 6972 XOR
2 1 6965 6972 6973 AND
2 1 1665 6972 6974 AND
2 1 6964 6974 6975 AND
2 1 6973 6975 6976 AND
2 1 1704 1712 6951 AND
2 1 1716 6951 6952 AND
2 1 1694 1697 6956 AND
2 1 1698 1699 6957 AND
2 1 6956 6957 6958 AND
2 1 1678 1681 6953 AND
2 1 1682 1683 6954 AND
2 1 6953 6954 6955 AND
2 1 6958 6955 6959 XOR
2 1 6952 6959 6960 AND
2 1 1716 6959 6961 AND
2 1 6951 6961 6962 AND
2 1 6960 6962 6963 AND
2 1 6976 6963 6977 XOR
2 1 1702 1719 6947 AND
2 1 1702 1719 6948 AND
2 1 1720 6948 6949 AND
2 1 6947 6949 6950 AND
2 1 6977 6950 6978 XOR
2 1 7010 6978 7011 XOR
2 1 1722 1825 6943 AND
2 1 1722 1825 6944 AND
2 1 1826 6944 6945 AND
2 1 6943 6945 6946 AND
2 1 7011 6946 7012 XOR
2 1 1479 1503 6926 AND
2 1 1507 6926 6927 AND
2 1 1469 1473 6931 AND
2 1 1476 1480 6932 AND
2 1 6931 6932 6933 AND
2 1 1485 1489 6928 AND
2 1 1492 1493 6929 AND
2 1 6928 6929 6930 AND
2 1 6933 6930 6934 XOR
2 1 6927 6934 6935 AND
2 1 1507 6934 6936 AND
2 1 6926 6936 6937 AND
2 1 6935 6937 6938 AND
2 1 1432 1458 6913 AND
2 1 1462 6913 6914 AND
2 1 1422 1426 6918 AND
2 1 1429 1433 6919 AND
2 1 6918 6919 6920 AND
2 1 1438 1442 6915 AND
2 1 1445 1446 6916 AND
2 1 6915 6916 6917 AND
2 1 6920 6917 6921 XOR
2 1 6914 6921 6922 AND
2 1 1462 6921 6923 AND
2 1 6913 6923 6924 AND
2 1 6922 6924 6925 AND
2 1 6938 6925 6939 XOR
2 1 1465 1514 6909 AND
2 1 1465 1514 6910 AND
2 1 1515 6910 6911 AND
2 1 6909 6911 6912 AND
2 1 6939 6912 6940 XOR
2 1 1585 1591 6894 AND
2 1 1595 6894 6895 AND
2 1 1543 1546 6899 AND
2 1 1547 1548 6900 AND
2 1 6899 6900 6901 AND
2 1 1527 1530 6896 AND
2 1 1531 1532 6897 AND
2 1 6896 6897 6898 AND
2 1 6901 6898 6902 XOR
2 1 6895 6902 6903 AND
2 1 1595 6902 6904 AND
2 1 6894 6904 6905 AND
2 1 6903 6905 6906 AND
2 1 1602 1610 6881 AND
2 1 1614 6881 6882 AND
2 1 1574 1577 6886 AND
2 1 1578 1579 6887 AND
2 1 6886 6887 6888 AND
2 1 1558 1561 6883 AND
2 1 1562 1563 6884 AND
2 1 6883 6884 6885 AND
2 1 6888 6885 6889 XOR
2 1 6882 6889 6890 AND
2 1 1614 6889 6891 AND
2 1 6881 6891 6892 AND
2 1 6890 6892 6893 AND
2 1 6906 6893 6907 XOR
2 1 1600 1617 6877 AND
2 1 1600 1617 6878 AND
2 1 1618 6878 6879 AND
2 1 6877 6879 6880 AND
2 1 6907 6880 6908 XOR
2 1 6940 6908 6941 XOR
2 1 1583 1620 6873 AND
2 1 1583 1620 6874 AND
2 1 1621 6874 6875 AND
2 1 6873 6875 6876 AND
2 1 6941 6876 6942 XOR
2 1 7012 6942 7013 XOR
2 1 1623 1832 6869 AND
2 1 1623 1832 6870 AND
2 1 1833 6870 6871 AND
2 1 6869 6871 6872 AND
2 1 7013 6872 7014 XOR
2 1 6868 7014 7711 AND
2 1 6722 7711 7712 AND
2 1 6868 7014 7713 AND
2 1 7712 7713 7714 AND
2 1 6893 6906 7792 AND
2 1 6880 7792 7793 AND
2 1 6892 6905 7794 AND
2 1 6903 7794 7795 AND
2 1 6890 7795 7796 AND
2 1 7793 7796 7797 AND
2 1 1614 6885 7803 AND
2 1 6881 7803 7804 AND
2 1 6888 7804 7805 AND
2 1 6882 6885 7806 AND
2 1 7805 7806 7807 AND
2 1 1595 6898 7798 AND
2 1 6894 7798 7799 AND
2 1 6901 7799 7800 AND
2 1 6895 6898 7801 AND
2 1 7800 7801 7802 AND
2 1 7807 7802 7808 XOR
2 1 7797 7808 7809 AND
2 1 7796 7808 7810 AND
2 1 7793 7810 7811 AND
2 1 7809 7811 7812 AND
2 1 6925 6938 7771 AND
2 1 6912 7771 7772 AND
2 1 6924 6937 7773 AND
2 1 6935 7773 7774 AND
2 1 6922 7774 7775 AND
2 1 7772 7775 7776 AND
2 1 1462 6917 7782 AND
2 1 6913 7782 7783 AND
2 1 6920 7783 7784 AND
2 1 6914 6917 7785 AND
2 1 7784 7785 7786 AND
2 1 1507 6930 7777 AND
2 1 6926 7777 7778 AND
2 1 6933 7778 7779 AND
2 1 6927 6930 7780 AND
2 1 7779 7780 7781 AND
2 1 7786 7781 7787 XOR
2 1 7776 7787 7788 AND
2 1 7775 7787 7789 AND
2 1 7772 7789 7790 AND
2 1 7788 7790 7791 AND
2 1 7812 7791 7813 XOR
2 1 6908 6940 7767 AND
2 1 6876 7767 7768 AND
2 1 6908 6940 7769 AND
2 1 7768 7769 7770 AND
2 1 7813 7770 7814 XOR
2 1 6963 6976 7744 AND
2 1 6950 7744 7745 AND
2 1 6962 6975 7746 AND
2 1 6973 7746 7747 AND
2 1 6960 7747 7748 AND
2 1 7745 7748 7749 AND
2 1 1716 6955 7755 AND
2 1 6951 7755 7756 AND
2 1 6958 7756 7757 AND
2 1 6952 6955 7758 AND
2 1 7757 7758 7759 AND
2 1 1665 6968 7750 AND
2 1 6964 7750 7751 AND
2 1 6971 7751 7752 AND
2 1 6965 6968 7753 AND
2 1 7752 7753 7754 AND
2 1 7759 7754 7760 XOR
2 1 7749 7760 7761 AND
2 1 7748 7760 7762 AND
2 1 7745 7762 7763 AND
2 1 7761 7763 7764 AND
2 1 6995 7008 7723 AND
2 1 6982 7723 7724 AND
2 1 6994 7007 7725 AND
2 1 7005 7725 7726 AND
2 1 6992 7726 7727 AND
2 1 7724 7727 7728 AND
2 1 1766 6987 7734 AND
2 1 6983 7734 7735 AND
2 1 6990 7735 7736 AND
2 1 6984 6987 7737 AND
2 1 7736 7737 7738 AND
2 1 1811 7000 7729 AND
2 1 6996 7729 7730 AND
2 1 7003 7730 7731 AND
2 1 6997 7000 7732 AND
2 1 7731 7732 7733 AND
2 1 7738 7733 7739 XOR
2 1 7728 7739 7740 AND
2 1 7727 7739 7741 AND
2 1 7724 7741 7742 AND
2 1 7740 7742 7743 AND
2 1 7764 7743 7765 XOR
2 1 6978 7010 7719 AND
2 1 6946 7719 7720 AND
2 1 6978 7010 7721 AND
2 1 7720 7721 7722 AND
2 1 7765 7722 7766 XOR
2 1 7814 7766 7815 XOR
2 1 6942 7012 7715 AND
2 1 6872 7715 7716 AND
2 1 6942 7012 7717 AND
2 1 7716 7717 7718 AND
2 1 7815 7718 7816 XOR
2 1 6747 6760 7894 AND
2 1 6734 7894 7895 AND
2 1 6746 6759 7896 AND
2 1 6757 7896 7897 AND
2 1 6744 7897 7898 AND
2 1 7895 7898 7899 AND
2 1 1406 6739 7905 AND
2 1 6735 7905 7906 AND
2 1 6742 7906 7907 AND
2 1 6736 6739 7908 AND
2 1 7907 7908 7909 AND
2 1 1387 6752 7900 AND
2 1 6748 7900 7901 AND
2 1 6755 7901 7902 AND
2 1 6749 6752 7903 AND
2 1 7902 7903 7904 AND
2 1 7909 7904 7910 XOR
2 1 7899 7910 7911 AND
2 1 7898 7910 7912 AND
2 1 7895 7912 7913 AND
2 1 7911 7913 7914 AND
2 1 6779 6792 7873 AND
2 1 6766 7873 7874 AND
2 1 6778 6791 7875 AND
2 1 6789 7875 7876 AND
2 1 6776 7876 7877 AND
2 1 7874 7877 7878 AND
2 1 1350 6771 7884 AND
2 1 6767 7884 7885 AND
2 1 6774 7885 7886 AND
2 1 6768 6771 7887 AND
2 1 7886 7887 7888 AND
2 1 1365 6784 7879 AND
2 1 6780 7879 7880 AND
2 1 6787 7880 7881 AND
2 1 6781 6784 7882 AND
2 1 7881 7882 7883 AND
2 1 7888 7883 7889 XOR
2 1 7878 7889 7890 AND
2 1 7877 7889 7891 AND
2 1 7874 7891 7892 AND
2 1 7890 7892 7893 AND
2 1 7914 7893 7915 XOR
2 1 6762 6794 7869 AND
2 1 6730 7869 7870 AND
2 1 6762 6794 7871 AND
2 1 7870 7871 7872 AND
2 1 7915 7872 7916 XOR
2 1 6817 6830 7846 AND
2 1 6804 7846 7847 AND
2 1 6816 6829 7848 AND
2 1 6827 7848 7849 AND
2 1 6814 7849 7850 AND
2 1 7847 7850 7851 AND
2 1 1094 6809 7857 AND
2 1 6805 7857 7858 AND
2 1 6812 7858 7859 AND
2 1 6806 6809 7860 AND
2 1 7859 7860 7861 AND
2 1 1043 6822 7852 AND
2 1 6818 7852 7853 AND
2 1 6825 7853 7854 AND
2 1 6819 6822 7855 AND
2 1 7854 7855 7856 AND
2 1 7861 7856 7862 XOR
2 1 7851 7862 7863 AND
2 1 7850 7862 7864 AND
2 1 7847 7864 7865 AND
2 1 7863 7865 7866 AND
2 1 6849 6862 7825 AND
2 1 6836 7825 7826 AND
2 1 6848 6861 7827 AND
2 1 6859 7827 7828 AND
2 1 6846 7828 7829 AND
2 1 7826 7829 7830 AND
2 1 1144 6841 7836 AND
2 1 6837 7836 7837 AND
2 1 6844 7837 7838 AND
2 1 6838 6841 7839 AND
2 1 7838 7839 7840 AND
2 1 1189 6854 7831 AND
2 1 6850 7831 7832 AND
2 1 6857 7832 7833 AND
2 1 6851 6854 7834 AND
2 1 7833 7834 7835 AND
2 1 7840 7835 7841 XOR
2 1 7830 7841 7842 AND
2 1 7829 7841 7843 AND
2 1 7826 7843 7844 AND
2 1 7842 7844 7845 AND
2 1 7866 7845 7867 XOR
2 1 6832 6864 7821 AND
2 1 6800 7821 7822 AND
2 1 6832 6864 7823 AND
2 1 7822 7823 7824 AND
2 1 7867 7824 7868 XOR
2 1 7916 7868 7917 XOR
2 1 6796 6866 7817 AND
2 1 6726 7817 7818 AND
2 1 6796 6866 7819 AND
2 1 7818 7819 7820 AND
2 1 7917 7820 7918 XOR
2 1 7816 7918 8548 AND
2 1 7714 8548 8549 AND
2 1 7816 7918 8550 AND
2 1 8549 8550 8551 AND
2 1 7845 7866 8575 AND
2 1 7824 8575 8576 AND
2 1 7844 7865 8577 AND
2 1 7863 8577 8578 AND
2 1 7842 8578 8579 AND
2 1 8576 8579 8580 AND
2 1 7856 7861 8585 AND
2 1 7851 8585 8586 AND
2 1 7856 7861 8587 AND
2 1 8586 8587 8588 AND
2 1 7835 7840 8581 AND
2 1 7830 8581 8582 AND
2 1 7835 7840 8583 AND
2 1 8582 8583 8584 AND
2 1 8588 8584 8589 XOR
2 1 8580 8589 8590 AND
2 1 8579 8589 8591 AND
2 1 8576 8591 8592 AND
2 1 8590 8592 8593 AND
2 1 7893 7914 8556 AND
2 1 7872 8556 8557 AND
2 1 7892 7913 8558 AND
2 1 7911 8558 8559 AND
2 1 7890 8559 8560 AND
2 1 8557 8560 8561 AND
2 1 7904 7909 8566 AND
2 1 7899 8566 8567 AND
2 1 7904 7909 8568 AND
2 1 8567 8568 8569 AND
2 1 7883 7888 8562 AND
2 1 7878 8562 8563 AND
2 1 7883 7888 8564 AND
2 1 8563 8564 8565 AND
2 1 8569 8565 8570 XOR
2 1 8561 8570 8571 AND
2 1 8560 8570 8572 AND
2 1 8557 8572 8573 AND
2 1 8571 8573 8574 AND
2 1 8593 8574 8594 XOR
2 1 7868 7916 8552 AND
2 1 7820 8552 8553 AND
2 1 7868 7916 8554 AND
2 1 8553 8554 8555 AND
2 1 8594 8555 8595 XOR
2 1 7743 7764 8619 AND
2 1 7722 8619 8620 AND
2 1 7742 7763 8621 AND
2 1 7761 8621 8622 AND
2 1 7740 8622 8623 AND
2 1 8620 8623 8624 AND
2 1 7754 7759 8629 AND
2 1 7749 8629 8630 AND
2 1 7754 7759 8631 AND
2 1 8630 8631 8632 AND
2 1 7733 7738 8625 AND
2 1 7728 8625 8626 AND
2 1 7733 7738 8627 AND
2 1 8626 8627 8628 AND
2 1 8632 8628 8633 XOR
2 1 8624 8633 8634 AND
2 1 8623 8633 8635 AND
2 1 8620 8635 8636 AND
2 1 8634 8636 8637 AND
2 1 7791 7812 8600 AND
2 1 7770 8600 8601 AND
2 1 7790 7811 8602 AND
2 1 7809 8602 8603 AND
2 1 7788 8603 8604 AND
2 1 8601 8604 8605 AND
2 1 7802 7807 8610 AND
2 1 7797 8610 8611 AND
2 1 7802 7807 8612 AND
2 1 8611 8612 8613 AND
2 1 7781 7786 8606 AND
2 1 7776 8606 8607 AND
2 1 7781 7786 8608 AND
2 1 8607 8608 8609 AND
2 1 8613 8609 8614 XOR
2 1 8605 8614 8615 AND
2 1 8604 8614 8616 AND
2 1 8601 8616 8617 AND
2 1 8615 8617 8618 AND
2 1 8637 8618 8638 XOR
2 1 7766 7814 8596 AND
2 1 7718 8596 8597 AND
2 1 7766 7814 8598 AND
2 1 8597 8598 8599 AND
2 1 8638 8599 8639 XOR
2 1 8595 8639 8832 AND
2 1 8551 8832 8833 AND
2 1 8595 8639 8834 AND
2 1 8833 8834 8835 AND
2 1 8618 8637 8836 AND
2 1 8599 8836 8837 AND
2 1 8617 8636 8838 AND
2 1 8634 8838 8839 AND
2 1 8615 8839 8840 AND
2 1 8837 8840 8841 AND
2 1 8608 8612 8848 AND
2 1 8611 8848 8849 AND
2 1 8607 8849 8850 AND
2 1 8605 8850 8851 AND
2 1 8609 8613 8852 AND
2 1 8851 8852 8853 AND
2 1 8627 8631 8842 AND
2 1 8630 8842 8843 AND
2 1 8626 8843 8844 AND
2 1 8624 8844 8845 AND
2 1 8628 8632 8846 AND
2 1 8845 8846 8847 AND
2 1 8853 8847 8854 XOR
2 1 8841 8854 8855 AND
2 1 8840 8854 8856 AND
2 1 8837 8856 8857 AND
2 1 8855 8857 8858 AND
2 1 8574 8593 8859 AND
2 1 8555 8859 8860 AND
2 1 8573 8592 8861 AND
2 1 8590 8861 8862 AND
2 1 8571 8862 8863 AND
2 1 8860 8863 8864 AND
2 1 8564 8568 8871 AND
2 1 8567 8871 8872 AND
2 1 8563 8872 8873 AND
2 1 8561 8873 8874 AND
2 1 8565 8569 8875 AND
2 1 8874 8875 8876 AND
2 1 8583 8587 8865 AND
2 1 8586 8865 8866 AND
2 1 8582 8866 8867 AND
2 1 8580 8867 8868 AND
2 1 8584 8588 8869 AND
2 1 8868 8869 8870 AND
2 1 8876 8870 8877 XOR
2 1 8864 8877 8878 AND
2 1 8863 8877 8879 AND
2 1 8860 8879 8880 AND
2 1 8878 8880 8881 AND
2 1 8858 8881 9054 AND
2 1 8835 9054 9055 AND
2 1 8857 8880 9056 AND
2 1 8878 9056 9057 AND
2 1 8855 9057 9058 AND
2 1 9055 9058 9059 AND
2 1 8846 8852 9060 AND
2 1 8851 9060 9061 AND
2 1 8845 9061 9062 AND
2 1 8841 9062 9063 AND
2 1 8869 8875 9066 AND
2 1 8874 9066 9067 AND
2 1 8868 9067 9068 AND
2 1 8864 9068 9069 AND
2 1 8847 8853 9064 AND
2 1 8870 8876 9070 AND
2 1 9064 9070 9130 AND
2 1 9069 9130 9131 AND
2 1 9063 9131 9132 AND
2 1 9059 9132 9133 AND
2 1 9063 9064 9065 AND
2 1 9069 9070 9071 AND
2 1 9065 9071 9134 AND
2 1 9133 9134 9135 AND
2 1 9141 9135 9142 XOR
2 1 2353 2098 2354 XOR
2 1 1838 1837 2355 XOR
2 1 2354 2355 2356 AND
2 1 2684 2521 2686 XOR
2 1 2686 2685 2687 XOR
2 1 2356 2687 6417 AND
2 1 1840 1839 1841 XOR
2 1 1418 1841 1842 AND
2 1 1418 1841 1843 AND
2 1 1842 1843 2688 AND
2 1 2356 2687 6418 AND
2 1 2688 6418 6419 AND
2 1 6417 6419 6420 AND
2 1 6716 6570 6717 XOR
2 1 6717 6424 6718 XOR
2 1 7014 6868 7015 XOR
2 1 7015 6722 7016 XOR
2 1 6718 7016 7707 AND
2 1 6420 7707 7708 AND
2 1 6718 7016 7709 AND
2 1 7708 7709 7710 AND
2 1 7918 7816 7919 XOR
2 1 7919 7714 7920 XOR
2 1 8128 8026 8129 XOR
2 1 8129 7924 8130 XOR
2 1 7920 8130 8450 AND
2 1 7710 8450 8451 AND
2 1 7920 8130 8452 AND
2 1 8451 8452 8453 AND
2 1 8545 8501 8546 XOR
2 1 8546 8457 8547 XOR
2 1 8639 8595 8640 XOR
2 1 8640 8551 8641 XOR
2 1 8547 8641 8828 AND
2 1 8453 8828 8829 AND
2 1 8547 8641 8830 AND
2 1 8829 8830 8831 AND
2 1 8881 8858 8882 XOR
2 1 8882 8835 8883 XOR
2 1 8933 8910 8934 XOR
2 1 8934 8887 8935 XOR
2 1 8883 8935 9027 AND
2 1 8831 9027 9028 AND
2 1 8883 8935 9029 AND
2 1 9028 9029 9030 AND
2 1 9048 9042 9049 XOR
2 1 9036 9049 9050 AND
2 1 9035 9049 9051 AND
2 1 9032 9051 9052 AND
2 1 9050 9052 9053 AND
2 1 9071 9065 9072 XOR
2 1 9059 9072 9073 AND
2 1 9058 9072 9074 AND
2 1 9055 9074 9075 AND
2 1 9073 9075 9076 AND
2 1 9053 9076 9124 AND
2 1 9030 9124 9125 AND
2 1 9052 9075 9126 AND
2 1 9073 9126 9127 AND
2 1 9050 9127 9128 AND
2 1 9125 9128 9129 AND
2 1 9142 9129 9143 XOR
2 1 9123 9143 9146 AND
2 1 9087 9118 9148 AND
2 1 9121 9148 9149 AND
2 1 9105 9111 9150 AND
2 1 9110 9150 9151 AND
2 1 9104 9151 9152 AND
2 1 9100 9152 9153 AND
2 1 9106 9112 9154 AND
2 1 9153 9154 9155 AND
2 1 9155 9091 9156 XOR
2 1 9149 9156 9157 AND
2 1 9121 9156 9158 AND
2 1 9148 9158 9159 AND
2 1 9134 9140 9161 AND
2 1 9139 9161 9162 AND
2 1 9133 9162 9163 AND
2 1 9129 9163 9164 AND
2 1 9135 9141 9165 AND
2 1 9164 9165 9166 AND
2 1 9159 9166 9178 AND
2 1 9157 9178 9179 AND
2 1 9146 9179 9180 AND
2 1 9076 9053 9077 XOR
2 1 9077 9030 9078 XOR
2 1 9023 8971 9024 XOR
2 1 8945 9024 9025 AND
2 1 8945 9024 9026 AND
2 1 9025 9026 9079 AND
2 1 9078 9079 9080 AND
2 1 2687 2356 2689 XOR
2 1 2689 2688 2690 XOR
2 1 2355 2354 5470 XOR
2 1 5465 5463 5471 XOR
2 1 5470 5471 5472 AND
2 1 2690 5472 5474 AND
2 1 5467 5466 5468 XOR
2 1 3716 5468 5469 AND
2 1 3716 5468 5473 AND
2 1 5469 5473 5475 AND
2 1 2690 5472 5476 AND
2 1 5475 5476 5477 AND
2 1 5474 5477 5478 AND
2 1 6414 5836 6415 XOR
2 1 6415 5482 6416 XOR
2 1 7016 6718 7017 XOR
2 1 7017 6420 7018 XOR
2 1 6416 7018 7019 AND
2 1 5478 7019 7020 AND
2 1 6416 7018 7021 AND
2 1 7020 7021 7022 AND
2 1 7704 7452 7705 XOR
2 1 7705 7026 7706 XOR
2 1 8130 7920 8131 XOR
2 1 8131 7710 8132 XOR
2 1 7706 8132 8133 AND
2 1 7022 8133 8134 AND
2 1 7706 8132 8135 AND
2 1 8134 8135 8136 AND
2 1 8447 8253 8448 XOR
2 1 8448 8140 8449 XOR
2 1 8641 8547 8642 XOR
2 1 8642 8453 8643 XOR
2 1 8449 8643 8644 AND
2 1 8136 8644 8645 AND
2 1 8449 8643 8646 AND
2 1 8645 8646 8647 AND
2 1 8825 8761 8826 XOR
2 1 8826 8651 8827 XOR
2 1 8935 8883 8936 XOR
2 1 8936 8831 8937 XOR
2 1 8827 8937 8938 AND
2 1 8647 8938 8939 AND
2 1 8827 8937 8940 AND
2 1 8939 8940 8941 AND
2 1 9078 9079 9081 AND
2 1 8941 9081 9082 AND
2 1 9080 9082 9083 AND
2 1 9123 9143 9144 AND
2 1 9083 9144 9145 AND
2 1 9156 9149 9160 XOR
2 1 9160 9166 9177 AND
2 1 9145 9177 9181 AND
2 1 9180 9181 9182 AND
2 1 9145 9146 9147 AND
2 1 9177 9179 9183 AND
2 1 9147 9183 9184 AND
2 1 7018 6415 9195 XOR
2 1 9195 5482 9196 XOR
2 1 9196 5478 9203 XOR
2 1 5471 5470 9197 XOR
2 1 1000 9197 9198 AND
2 1 5475 5472 9199 XOR
2 1 2690 9199 9200 AND
2 1 2690 9199 9201 AND
2 1 9200 9201 9202 AND
2 1 9198 9202 9204 AND
2 1 9203 9204 9205 AND
2 1 8132 7705 9193 XOR
2 1 9193 7026 9194 XOR
2 1 9194 7022 9206 XOR
2 1 9205 9206 9207 AND
2 1 8643 8448 9191 XOR
2 1 9191 8140 9192 XOR
2 1 9192 8136 9208 XOR
2 1 9207 9208 9209 AND
2 1 8937 8826 9189 XOR
2 1 9189 8651 9190 XOR
2 1 9190 8647 9210 XOR
2 1 9209 9210 9211 AND
2 1 9078 9024 9187 XOR
2 1 9187 8945 9188 XOR
2 1 9188 8941 9212 XOR
2 1 9211 9212 9213 AND
2 1 9143 9087 9185 XOR
2 1 9185 9122 9186 XOR
2 1 9186 9083 9214 XOR
2 1 9213 9214 9215 AND
2 1 9184 9215 9216 AND
2 1 9182 9216 9217 AND
2 1 9091 9155 9172 AND
2 1 9091 9155 9173 AND
2 1 9149 9173 9174 AND
2 1 9172 9174 9175 AND
2 1 9160 9166 9167 AND
2 1 9147 9167 9168 AND
2 1 9159 9166 9169 AND
2 1 9157 9169 9170 AND
2 1 9168 9170 9171 AND
2 1 9175 9171 9176 XOR
2 1 9217 9176 9218 XOR
2 1 9183 9147 9219 XOR
2 1 9215 9219 9220 AND
2 1 9213 9214 9221 AND
2 1 9205 9206 9222 AND
2 1 9204 9203 9223 XOR
2 1 9202 9198 9224 XOR
2 1 9223 9224 9225 AND
2 1 9207 9225 9226 AND
2 1 9222 9226 9227 AND
2 1 9208 9207 9228 XOR
2 1 9227 9228 9229 AND
2 1 9210 9209 9230 XOR
2 1 9229 9230 9231 AND
2 1 9212 9211 9232 XOR
2 1 9231 9232 9233 AND
2 1 9215 9233 9234 AND
2 1 9221 9234 9235 AND
2 1 9220 9235 9236 AND
2 1 9217 9236 9237 AND
2 1 9218 9237 9238 AND
2 1 9175 9213 9240 AND
2 1 9214 9240 9241 AND
2 1 9184 9241 9242 AND
2 1 9182 9242 9243 AND
2 1 9171 9243 9244 AND
2 1 9176 9244 9245 AND
2 1 9176 9217 9246 AND
2 1 9171 9175 9239 AND
2 1 9246 9239 9247 XOR
2 1 9245 9247 9248 AND
2 1 9238 9248 9249 AND
2 1 9215 9221 9250 AND
2 1 9233 9083 9265 XOR
2 1 9213 9186 9264 XOR
2 1 9265 9264 9266 XOR
2 1 5470 1000 9251 XOR
2 1 9251 5471 9252 XOR
2 1 9224 9252 9253 AND
2 1 9223 9224 9254 AND
2 1 9253 9254 9255 AND
2 1 9225 9255 9256 AND
2 1 9207 9222 9257 AND
2 1 9257 9225 9258 XOR
2 1 9256 9258 9259 AND
2 1 9227 9228 9260 AND
2 1 9259 9260 9261 AND
2 1 9231 9261 9262 AND
2 1 9231 9232 9263 AND
2 1 9262 9263 9267 AND
2 1 9266 9267 9268 AND
2 1 9250 9268 9269 AND
2 1 9266 9267 9270 AND
2 1 9269 9270 9271 AND
2 1 9235 9237 9272 AND
2 1 9271 9272 9273 AND
2 1 9237 9271 9274 AND
2 1 9217 9220 9275 AND
2 1 9274 9275 9276 AND
2 1 9273 9276 9277 AND
2 1 9237 9277 9278 AND
2 1 9218 9278 9279 AND
2 1 9237 9239 9280 AND
2 1 9218 9280 9281 AND
2 1 9279 9281 9282 AND
2 1 9249 9282 9283 AND